observation,camera_frame_observed,editor_time_observed,vsm_active_observed,marker,gpu_ns,gpu_sample_count
0,259,6695.5609349999995,1,VSM.PageOccupancy,62720,1
0,259,6695.5609349999995,1,VSM.LayoutRemap,0,1
0,259,6695.5609349999995,1,VSM.ResetFeedback,0,1
0,259,6695.5609349999995,1,VSM.MarkReceiverPages,569600,1
0,259,6695.5609349999995,1,VSM.Allocate,225792,1
0,259,6695.5609349999995,1,VSM.InvalidateStatic,0,0
0,259,6695.5609349999995,1,VSM.ClearPhysicalPages,288512,1
0,259,6695.5609349999995,1,VSM.StaticCasterCull,74240,1
0,259,6695.5609349999995,1,VSM.DynamicCasterCull,0,1
0,259,6695.5609349999995,1,VSM.PageCull,50176,1
0,259,6695.5609349999995,1,VSM.StaticRaster,7168,1
0,259,6695.5609349999995,1,VSM.FinalizePages,1536,1
0,259,6695.5609349999995,1,VSM.DynamicRaster,12800,1
0,259,6695.5609349999995,1,VSM.UnityCompatibilityRaster,0,0
0,259,6695.5609349999995,1,VSM.Resolve,6272768,1
0,259,6695.5609349999995,1,VSM.ResolveTrace,6049024,1
0,259,6695.5609349999995,1,VSM.FilterHorizontal,64768,1
0,259,6695.5609349999995,1,VSM.FilterVertical,0,0
0,259,6695.5609349999995,1,VSM.FilterTemporalVertical,157952,1
1,260,6695.5759234,1,VSM.PageOccupancy,60672,1
1,260,6695.5759234,1,VSM.LayoutRemap,0,1
1,260,6695.5759234,1,VSM.ResetFeedback,0,1
1,260,6695.5759234,1,VSM.MarkReceiverPages,566016,1
1,260,6695.5759234,1,VSM.Allocate,227072,1
1,260,6695.5759234,1,VSM.InvalidateStatic,0,0
1,260,6695.5759234,1,VSM.ClearPhysicalPages,89856,1
1,260,6695.5759234,1,VSM.StaticCasterCull,67328,1
1,260,6695.5759234,1,VSM.DynamicCasterCull,0,1
1,260,6695.5759234,1,VSM.PageCull,48384,1
1,260,6695.5759234,1,VSM.StaticRaster,3072,1
1,260,6695.5759234,1,VSM.FinalizePages,1792,1
1,260,6695.5759234,1,VSM.DynamicRaster,13568,1
1,260,6695.5759234,1,VSM.UnityCompatibilityRaster,0,0
1,260,6695.5759234,1,VSM.Resolve,6246912,1
1,260,6695.5759234,1,VSM.ResolveTrace,6026240,1
1,260,6695.5759234,1,VSM.FilterHorizontal,63744,1
1,260,6695.5759234,1,VSM.FilterVertical,0,0
1,260,6695.5759234,1,VSM.FilterTemporalVertical,155648,1
2,261,6695.5905620999993,1,VSM.PageOccupancy,59392,1
2,261,6695.5905620999993,1,VSM.LayoutRemap,0,1
2,261,6695.5905620999993,1,VSM.ResetFeedback,0,1
2,261,6695.5905620999993,1,VSM.MarkReceiverPages,567296,1
2,261,6695.5905620999993,1,VSM.Allocate,226560,1
2,261,6695.5905620999993,1,VSM.InvalidateStatic,0,0
2,261,6695.5905620999993,1,VSM.ClearPhysicalPages,91136,1
2,261,6695.5905620999993,1,VSM.StaticCasterCull,224512,1
2,261,6695.5905620999993,1,VSM.DynamicCasterCull,0,1
2,261,6695.5905620999993,1,VSM.PageCull,34816,1
2,261,6695.5905620999993,1,VSM.StaticRaster,38400,1
2,261,6695.5905620999993,1,VSM.FinalizePages,1792,1
2,261,6695.5905620999993,1,VSM.DynamicRaster,14336,1
2,261,6695.5905620999993,1,VSM.UnityCompatibilityRaster,0,0
2,261,6695.5905620999993,1,VSM.Resolve,6072576,1
2,261,6695.5905620999993,1,VSM.ResolveTrace,5667328,1
2,261,6695.5905620999993,1,VSM.FilterHorizontal,247808,1
2,261,6695.5905620999993,1,VSM.FilterVertical,0,0
2,261,6695.5905620999993,1,VSM.FilterTemporalVertical,156928,1
3,262,6695.6040748,1,VSM.PageOccupancy,61696,1
3,262,6695.6040748,1,VSM.LayoutRemap,0,1
3,262,6695.6040748,1,VSM.ResetFeedback,0,1
3,262,6695.6040748,1,VSM.MarkReceiverPages,570624,1
3,262,6695.6040748,1,VSM.Allocate,226816,1
3,262,6695.6040748,1,VSM.InvalidateStatic,0,0
3,262,6695.6040748,1,VSM.ClearPhysicalPages,90624,1
3,262,6695.6040748,1,VSM.StaticCasterCull,69632,1
3,262,6695.6040748,1,VSM.DynamicCasterCull,0,1
3,262,6695.6040748,1,VSM.PageCull,50944,1
3,262,6695.6040748,1,VSM.StaticRaster,7168,1
3,262,6695.6040748,1,VSM.FinalizePages,1792,1
3,262,6695.6040748,1,VSM.DynamicRaster,13312,1
3,262,6695.6040748,1,VSM.UnityCompatibilityRaster,0,0
3,262,6695.6040748,1,VSM.Resolve,6562048,1
3,262,6695.6040748,1,VSM.ResolveTrace,6336768,1
3,262,6695.6040748,1,VSM.FilterHorizontal,65280,1
3,262,6695.6040748,1,VSM.FilterVertical,0,0
3,262,6695.6040748,1,VSM.FilterTemporalVertical,158976,1
4,263,6695.6184053,1,VSM.PageOccupancy,61440,1
4,263,6695.6184053,1,VSM.LayoutRemap,0,1
4,263,6695.6184053,1,VSM.ResetFeedback,0,1
4,263,6695.6184053,1,VSM.MarkReceiverPages,569088,1
4,263,6695.6184053,1,VSM.Allocate,225536,1
4,263,6695.6184053,1,VSM.InvalidateStatic,0,0
4,263,6695.6184053,1,VSM.ClearPhysicalPages,90880,1
4,263,6695.6184053,1,VSM.StaticCasterCull,67840,1
4,263,6695.6184053,1,VSM.DynamicCasterCull,0,1
4,263,6695.6184053,1,VSM.PageCull,48896,1
4,263,6695.6184053,1,VSM.StaticRaster,7680,1
4,263,6695.6184053,1,VSM.FinalizePages,1792,1
4,263,6695.6184053,1,VSM.DynamicRaster,12800,1
4,263,6695.6184053,1,VSM.UnityCompatibilityRaster,0,0
4,263,6695.6184053,1,VSM.Resolve,6466048,1
4,263,6695.6184053,1,VSM.ResolveTrace,6242560,1
4,263,6695.6184053,1,VSM.FilterHorizontal,64512,1
4,263,6695.6184053,1,VSM.FilterVertical,0,0
4,263,6695.6184053,1,VSM.FilterTemporalVertical,157952,1
5,264,6695.6321665999994,1,VSM.PageOccupancy,61440,1
5,264,6695.6321665999994,1,VSM.LayoutRemap,0,1
5,264,6695.6321665999994,1,VSM.ResetFeedback,0,1
5,264,6695.6321665999994,1,VSM.MarkReceiverPages,568320,1
5,264,6695.6321665999994,1,VSM.Allocate,225280,1
5,264,6695.6321665999994,1,VSM.InvalidateStatic,0,0
5,264,6695.6321665999994,1,VSM.ClearPhysicalPages,90624,1
5,264,6695.6321665999994,1,VSM.StaticCasterCull,69376,1
5,264,6695.6321665999994,1,VSM.DynamicCasterCull,0,1
5,264,6695.6321665999994,1,VSM.PageCull,50432,1
5,264,6695.6321665999994,1,VSM.StaticRaster,7680,1
5,264,6695.6321665999994,1,VSM.FinalizePages,2048,1
5,264,6695.6321665999994,1,VSM.DynamicRaster,13568,1
5,264,6695.6321665999994,1,VSM.UnityCompatibilityRaster,0,0
5,264,6695.6321665999994,1,VSM.Resolve,6201088,1
5,264,6695.6321665999994,1,VSM.ResolveTrace,5979904,1
5,264,6695.6321665999994,1,VSM.FilterHorizontal,63744,1
5,264,6695.6321665999994,1,VSM.FilterVertical,0,0
5,264,6695.6321665999994,1,VSM.FilterTemporalVertical,156160,1
6,265,6695.6459824999993,1,VSM.PageOccupancy,257024,1
6,265,6695.6459824999993,1,VSM.LayoutRemap,0,1
6,265,6695.6459824999993,1,VSM.ResetFeedback,0,1
6,265,6695.6459824999993,1,VSM.MarkReceiverPages,570112,1
6,265,6695.6459824999993,1,VSM.Allocate,225280,1
6,265,6695.6459824999993,1,VSM.InvalidateStatic,0,0
6,265,6695.6459824999993,1,VSM.ClearPhysicalPages,89856,1
6,265,6695.6459824999993,1,VSM.StaticCasterCull,68352,1
6,265,6695.6459824999993,1,VSM.DynamicCasterCull,0,1
6,265,6695.6459824999993,1,VSM.PageCull,49664,1
6,265,6695.6459824999993,1,VSM.StaticRaster,7680,1
6,265,6695.6459824999993,1,VSM.FinalizePages,1536,1
6,265,6695.6459824999993,1,VSM.DynamicRaster,13312,1
6,265,6695.6459824999993,1,VSM.UnityCompatibilityRaster,0,0
6,265,6695.6459824999993,1,VSM.Resolve,6907136,1
6,265,6695.6459824999993,1,VSM.ResolveTrace,6682624,1
6,265,6695.6459824999993,1,VSM.FilterHorizontal,64512,1
6,265,6695.6459824999993,1,VSM.FilterVertical,0,0
6,265,6695.6459824999993,1,VSM.FilterTemporalVertical,158464,1
7,266,6695.6604246,1,VSM.PageOccupancy,63232,1
7,266,6695.6604246,1,VSM.LayoutRemap,0,1
7,266,6695.6604246,1,VSM.ResetFeedback,0,1
7,266,6695.6604246,1,VSM.MarkReceiverPages,571136,1
7,266,6695.6604246,1,VSM.Allocate,225536,1
7,266,6695.6604246,1,VSM.InvalidateStatic,0,0
7,266,6695.6604246,1,VSM.ClearPhysicalPages,90112,1
7,266,6695.6604246,1,VSM.StaticCasterCull,67840,1
7,266,6695.6604246,1,VSM.DynamicCasterCull,0,1
7,266,6695.6604246,1,VSM.PageCull,49408,1
7,266,6695.6604246,1,VSM.StaticRaster,6912,1
7,266,6695.6604246,1,VSM.FinalizePages,1792,1
7,266,6695.6604246,1,VSM.DynamicRaster,11776,1
7,266,6695.6604246,1,VSM.UnityCompatibilityRaster,0,0
7,266,6695.6604246,1,VSM.Resolve,6367232,1
7,266,6695.6604246,1,VSM.ResolveTrace,6143744,1
7,266,6695.6604246,1,VSM.FilterHorizontal,64768,1
7,266,6695.6604246,1,VSM.FilterVertical,0,0
7,266,6695.6604246,1,VSM.FilterTemporalVertical,157440,1
8,267,6695.6746409,1,VSM.PageOccupancy,61184,1
8,267,6695.6746409,1,VSM.LayoutRemap,0,1
8,267,6695.6746409,1,VSM.ResetFeedback,0,1
8,267,6695.6746409,1,VSM.MarkReceiverPages,566528,1
8,267,6695.6746409,1,VSM.Allocate,225792,1
8,267,6695.6746409,1,VSM.InvalidateStatic,0,0
8,267,6695.6746409,1,VSM.ClearPhysicalPages,89856,1
8,267,6695.6746409,1,VSM.StaticCasterCull,67840,1
8,267,6695.6746409,1,VSM.DynamicCasterCull,0,1
8,267,6695.6746409,1,VSM.PageCull,49152,1
8,267,6695.6746409,1,VSM.StaticRaster,6400,1
8,267,6695.6746409,1,VSM.FinalizePages,1792,1
8,267,6695.6746409,1,VSM.DynamicRaster,13568,1
8,267,6695.6746409,1,VSM.UnityCompatibilityRaster,0,0
8,267,6695.6746409,1,VSM.Resolve,6225920,1
8,267,6695.6746409,1,VSM.ResolveTrace,6003968,1
8,267,6695.6746409,1,VSM.FilterHorizontal,63488,1
8,267,6695.6746409,1,VSM.FilterVertical,0,0
8,267,6695.6746409,1,VSM.FilterTemporalVertical,156928,1
9,268,6695.6891655,1,VSM.PageOccupancy,58624,1
9,268,6695.6891655,1,VSM.LayoutRemap,0,1
9,268,6695.6891655,1,VSM.ResetFeedback,0,1
9,268,6695.6891655,1,VSM.MarkReceiverPages,567552,1
9,268,6695.6891655,1,VSM.Allocate,224256,1
9,268,6695.6891655,1,VSM.InvalidateStatic,0,0
9,268,6695.6891655,1,VSM.ClearPhysicalPages,89856,1
9,268,6695.6891655,1,VSM.StaticCasterCull,67584,1
9,268,6695.6891655,1,VSM.DynamicCasterCull,0,1
9,268,6695.6891655,1,VSM.PageCull,48384,1
9,268,6695.6891655,1,VSM.StaticRaster,7424,1
9,268,6695.6891655,1,VSM.FinalizePages,1536,1
9,268,6695.6891655,1,VSM.DynamicRaster,13056,1
9,268,6695.6891655,1,VSM.UnityCompatibilityRaster,0,0
9,268,6695.6891655,1,VSM.Resolve,6309376,1
9,268,6695.6891655,1,VSM.ResolveTrace,6087936,1
9,268,6695.6891655,1,VSM.FilterHorizontal,64000,1
9,268,6695.6891655,1,VSM.FilterVertical,0,0
9,268,6695.6891655,1,VSM.FilterTemporalVertical,156672,1
10,269,6695.7039078,1,VSM.PageOccupancy,244992,1
10,269,6695.7039078,1,VSM.LayoutRemap,0,1
10,269,6695.7039078,1,VSM.ResetFeedback,0,1
10,269,6695.7039078,1,VSM.MarkReceiverPages,569344,1
10,269,6695.7039078,1,VSM.Allocate,225280,1
10,269,6695.7039078,1,VSM.InvalidateStatic,0,0
10,269,6695.7039078,1,VSM.ClearPhysicalPages,90624,1
10,269,6695.7039078,1,VSM.StaticCasterCull,69376,1
10,269,6695.7039078,1,VSM.DynamicCasterCull,0,1
10,269,6695.7039078,1,VSM.PageCull,50176,1
10,269,6695.7039078,1,VSM.StaticRaster,7168,1
10,269,6695.7039078,1,VSM.FinalizePages,2048,1
10,269,6695.7039078,1,VSM.DynamicRaster,14592,1
10,269,6695.7039078,1,VSM.UnityCompatibilityRaster,0,0
10,269,6695.7039078,1,VSM.Resolve,6266112,1
10,269,6695.7039078,1,VSM.ResolveTrace,6043136,1
10,269,6695.7039078,1,VSM.FilterHorizontal,64256,1
10,269,6695.7039078,1,VSM.FilterVertical,0,0
10,269,6695.7039078,1,VSM.FilterTemporalVertical,157440,1
11,270,6695.71956,1,VSM.PageOccupancy,59904,1
11,270,6695.71956,1,VSM.LayoutRemap,0,1
11,270,6695.71956,1,VSM.ResetFeedback,0,1
11,270,6695.71956,1,VSM.MarkReceiverPages,569344,1
11,270,6695.71956,1,VSM.Allocate,225792,1
11,270,6695.71956,1,VSM.InvalidateStatic,0,0
11,270,6695.71956,1,VSM.ClearPhysicalPages,90880,1
11,270,6695.71956,1,VSM.StaticCasterCull,69632,1
11,270,6695.71956,1,VSM.DynamicCasterCull,0,1
11,270,6695.71956,1,VSM.PageCull,50688,1
11,270,6695.71956,1,VSM.StaticRaster,7424,1
11,270,6695.71956,1,VSM.FinalizePages,1792,1
11,270,6695.71956,1,VSM.DynamicRaster,16384,1
11,270,6695.71956,1,VSM.UnityCompatibilityRaster,0,0
11,270,6695.71956,1,VSM.Resolve,6487552,1
11,270,6695.71956,1,VSM.ResolveTrace,6262528,1
11,270,6695.71956,1,VSM.FilterHorizontal,65024,1
11,270,6695.71956,1,VSM.FilterVertical,0,0
11,270,6695.71956,1,VSM.FilterTemporalVertical,158720,1
12,271,6695.7347019,1,VSM.PageOccupancy,62720,1
12,271,6695.7347019,1,VSM.LayoutRemap,0,1
12,271,6695.7347019,1,VSM.ResetFeedback,0,1
12,271,6695.7347019,1,VSM.MarkReceiverPages,569600,1
12,271,6695.7347019,1,VSM.Allocate,225280,1
12,271,6695.7347019,1,VSM.InvalidateStatic,0,0
12,271,6695.7347019,1,VSM.ClearPhysicalPages,90624,1
12,271,6695.7347019,1,VSM.StaticCasterCull,68352,1
12,271,6695.7347019,1,VSM.DynamicCasterCull,0,1
12,271,6695.7347019,1,VSM.PageCull,49664,1
12,271,6695.7347019,1,VSM.StaticRaster,7168,1
12,271,6695.7347019,1,VSM.FinalizePages,1536,1
12,271,6695.7347019,1,VSM.DynamicRaster,12288,1
12,271,6695.7347019,1,VSM.UnityCompatibilityRaster,0,0
12,271,6695.7347019,1,VSM.Resolve,6311168,1
12,271,6695.7347019,1,VSM.ResolveTrace,6087680,1
12,271,6695.7347019,1,VSM.FilterHorizontal,64000,1
12,271,6695.7347019,1,VSM.FilterVertical,0,0
12,271,6695.7347019,1,VSM.FilterTemporalVertical,157952,1
13,272,6695.7495393,1,VSM.PageOccupancy,57856,1
13,272,6695.7495393,1,VSM.LayoutRemap,256,1
13,272,6695.7495393,1,VSM.ResetFeedback,0,1
13,272,6695.7495393,1,VSM.MarkReceiverPages,569600,1
13,272,6695.7495393,1,VSM.Allocate,225792,1
13,272,6695.7495393,1,VSM.InvalidateStatic,0,0
13,272,6695.7495393,1,VSM.ClearPhysicalPages,90880,1
13,272,6695.7495393,1,VSM.StaticCasterCull,358912,1
13,272,6695.7495393,1,VSM.DynamicCasterCull,0,1
13,272,6695.7495393,1,VSM.PageCull,50944,1
13,272,6695.7495393,1,VSM.StaticRaster,8960,1
13,272,6695.7495393,1,VSM.FinalizePages,1792,1
13,272,6695.7495393,1,VSM.DynamicRaster,18176,1
13,272,6695.7495393,1,VSM.UnityCompatibilityRaster,0,0
13,272,6695.7495393,1,VSM.Resolve,6874880,1
13,272,6695.7495393,1,VSM.ResolveTrace,6650624,1
13,272,6695.7495393,1,VSM.FilterHorizontal,64256,1
13,272,6695.7495393,1,VSM.FilterVertical,0,0
13,272,6695.7495393,1,VSM.FilterTemporalVertical,158976,1
14,273,6695.7679449,1,VSM.PageOccupancy,59392,1
14,273,6695.7679449,1,VSM.LayoutRemap,0,1
14,273,6695.7679449,1,VSM.ResetFeedback,0,1
14,273,6695.7679449,1,VSM.MarkReceiverPages,569344,1
14,273,6695.7679449,1,VSM.Allocate,227072,1
14,273,6695.7679449,1,VSM.InvalidateStatic,0,0
14,273,6695.7679449,1,VSM.ClearPhysicalPages,90368,1
14,273,6695.7679449,1,VSM.StaticCasterCull,67328,1
14,273,6695.7679449,1,VSM.DynamicCasterCull,0,1
14,273,6695.7679449,1,VSM.PageCull,48640,1
14,273,6695.7679449,1,VSM.StaticRaster,9728,1
14,273,6695.7679449,1,VSM.FinalizePages,1536,1
14,273,6695.7679449,1,VSM.DynamicRaster,12544,1
14,273,6695.7679449,1,VSM.UnityCompatibilityRaster,0,0
14,273,6695.7679449,1,VSM.Resolve,6458624,1
14,273,6695.7679449,1,VSM.ResolveTrace,6238208,1
14,273,6695.7679449,1,VSM.FilterHorizontal,63744,1
14,273,6695.7679449,1,VSM.FilterVertical,0,0
14,273,6695.7679449,1,VSM.FilterTemporalVertical,155648,1
15,274,6695.7863147,1,VSM.PageOccupancy,60160,1
15,274,6695.7863147,1,VSM.LayoutRemap,0,1
15,274,6695.7863147,1,VSM.ResetFeedback,0,1
15,274,6695.7863147,1,VSM.MarkReceiverPages,570624,1
15,274,6695.7863147,1,VSM.Allocate,224768,1
15,274,6695.7863147,1,VSM.InvalidateStatic,0,0
15,274,6695.7863147,1,VSM.ClearPhysicalPages,89856,1
15,274,6695.7863147,1,VSM.StaticCasterCull,68864,1
15,274,6695.7863147,1,VSM.DynamicCasterCull,0,1
15,274,6695.7863147,1,VSM.PageCull,50176,1
15,274,6695.7863147,1,VSM.StaticRaster,6912,1
15,274,6695.7863147,1,VSM.FinalizePages,1536,1
15,274,6695.7863147,1,VSM.DynamicRaster,12288,1
15,274,6695.7863147,1,VSM.UnityCompatibilityRaster,0,0
15,274,6695.7863147,1,VSM.Resolve,6228736,1
15,274,6695.7863147,1,VSM.ResolveTrace,6006784,1
15,274,6695.7863147,1,VSM.FilterHorizontal,63744,1
15,274,6695.7863147,1,VSM.FilterVertical,0,0
15,274,6695.7863147,1,VSM.FilterTemporalVertical,156672,1
16,275,6695.8056020999993,1,VSM.PageOccupancy,60160,1
16,275,6695.8056020999993,1,VSM.LayoutRemap,0,1
16,275,6695.8056020999993,1,VSM.ResetFeedback,0,1
16,275,6695.8056020999993,1,VSM.MarkReceiverPages,567552,1
16,275,6695.8056020999993,1,VSM.Allocate,224512,1
16,275,6695.8056020999993,1,VSM.InvalidateStatic,0,0
16,275,6695.8056020999993,1,VSM.ClearPhysicalPages,90624,1
16,275,6695.8056020999993,1,VSM.StaticCasterCull,68864,1
16,275,6695.8056020999993,1,VSM.DynamicCasterCull,0,1
16,275,6695.8056020999993,1,VSM.PageCull,49664,1
16,275,6695.8056020999993,1,VSM.StaticRaster,8960,1
16,275,6695.8056020999993,1,VSM.FinalizePages,1536,1
16,275,6695.8056020999993,1,VSM.DynamicRaster,13312,1
16,275,6695.8056020999993,1,VSM.UnityCompatibilityRaster,0,0
16,275,6695.8056020999993,1,VSM.Resolve,6631424,1
16,275,6695.8056020999993,1,VSM.ResolveTrace,6406400,1
16,275,6695.8056020999993,1,VSM.FilterHorizontal,64768,1
16,275,6695.8056020999993,1,VSM.FilterVertical,0,0
16,275,6695.8056020999993,1,VSM.FilterTemporalVertical,159232,1
17,276,6695.8227177,1,VSM.PageOccupancy,66304,1
17,276,6695.8227177,1,VSM.LayoutRemap,0,1
17,276,6695.8227177,1,VSM.ResetFeedback,0,1
17,276,6695.8227177,1,VSM.MarkReceiverPages,568832,1
17,276,6695.8227177,1,VSM.Allocate,225280,1
17,276,6695.8227177,1,VSM.InvalidateStatic,0,0
17,276,6695.8227177,1,VSM.ClearPhysicalPages,90368,1
17,276,6695.8227177,1,VSM.StaticCasterCull,68608,1
17,276,6695.8227177,1,VSM.DynamicCasterCull,0,1
17,276,6695.8227177,1,VSM.PageCull,49664,1
17,276,6695.8227177,1,VSM.StaticRaster,3328,1
17,276,6695.8227177,1,VSM.FinalizePages,2048,1
17,276,6695.8227177,1,VSM.DynamicRaster,14592,1
17,276,6695.8227177,1,VSM.UnityCompatibilityRaster,0,0
17,276,6695.8227177,1,VSM.Resolve,7522560,1
17,276,6695.8227177,1,VSM.ResolveTrace,7292672,1
17,276,6695.8227177,1,VSM.FilterHorizontal,67072,1
17,276,6695.8227177,1,VSM.FilterVertical,0,0
17,276,6695.8227177,1,VSM.FilterTemporalVertical,161280,1
18,277,6695.8398158,1,VSM.PageOccupancy,62976,1
18,277,6695.8398158,1,VSM.LayoutRemap,0,1
18,277,6695.8398158,1,VSM.ResetFeedback,0,1
18,277,6695.8398158,1,VSM.MarkReceiverPages,569856,1
18,277,6695.8398158,1,VSM.Allocate,226048,1
18,277,6695.8398158,1,VSM.InvalidateStatic,0,0
18,277,6695.8398158,1,VSM.ClearPhysicalPages,91648,1
18,277,6695.8398158,1,VSM.StaticCasterCull,229632,1
18,277,6695.8398158,1,VSM.DynamicCasterCull,0,1
18,277,6695.8398158,1,VSM.PageCull,51456,1
18,277,6695.8398158,1,VSM.StaticRaster,5888,1
18,277,6695.8398158,1,VSM.FinalizePages,1792,1
18,277,6695.8398158,1,VSM.DynamicRaster,19968,1
18,277,6695.8398158,1,VSM.UnityCompatibilityRaster,0,0
18,277,6695.8398158,1,VSM.Resolve,6727680,1
18,277,6695.8398158,1,VSM.ResolveTrace,6501632,1
18,277,6695.8398158,1,VSM.FilterHorizontal,64768,1
18,277,6695.8398158,1,VSM.FilterVertical,0,0
18,277,6695.8398158,1,VSM.FilterTemporalVertical,160256,1
19,278,6695.8552465999992,1,VSM.PageOccupancy,60672,1
19,278,6695.8552465999992,1,VSM.LayoutRemap,0,1
19,278,6695.8552465999992,1,VSM.ResetFeedback,0,1
19,278,6695.8552465999992,1,VSM.MarkReceiverPages,569600,1
19,278,6695.8552465999992,1,VSM.Allocate,225280,1
19,278,6695.8552465999992,1,VSM.InvalidateStatic,0,0
19,278,6695.8552465999992,1,VSM.ClearPhysicalPages,90624,1
19,278,6695.8552465999992,1,VSM.StaticCasterCull,70912,1
19,278,6695.8552465999992,1,VSM.DynamicCasterCull,0,1
19,278,6695.8552465999992,1,VSM.PageCull,51712,1
19,278,6695.8552465999992,1,VSM.StaticRaster,7424,1
19,278,6695.8552465999992,1,VSM.FinalizePages,1792,1
19,278,6695.8552465999992,1,VSM.DynamicRaster,12544,1
19,278,6695.8552465999992,1,VSM.UnityCompatibilityRaster,0,0
19,278,6695.8552465999992,1,VSM.Resolve,6604800,1
19,278,6695.8552465999992,1,VSM.ResolveTrace,6380288,1
19,278,6695.8552465999992,1,VSM.FilterHorizontal,64768,1
19,278,6695.8552465999992,1,VSM.FilterVertical,0,0
19,278,6695.8552465999992,1,VSM.FilterTemporalVertical,158464,1
20,279,6695.8889635,1,VSM.PageOccupancy,62208,1
20,279,6695.8889635,1,VSM.LayoutRemap,0,1
20,279,6695.8889635,1,VSM.ResetFeedback,0,1
20,279,6695.8889635,1,VSM.MarkReceiverPages,568832,1
20,279,6695.8889635,1,VSM.Allocate,226560,1
20,279,6695.8889635,1,VSM.InvalidateStatic,0,0
20,279,6695.8889635,1,VSM.ClearPhysicalPages,90880,1
20,279,6695.8889635,1,VSM.StaticCasterCull,70144,1
20,279,6695.8889635,1,VSM.DynamicCasterCull,0,1
20,279,6695.8889635,1,VSM.PageCull,51712,1
20,279,6695.8889635,1,VSM.StaticRaster,7424,1
20,279,6695.8889635,1,VSM.FinalizePages,2048,1
20,279,6695.8889635,1,VSM.DynamicRaster,14592,1
20,279,6695.8889635,1,VSM.UnityCompatibilityRaster,0,0
20,279,6695.8889635,1,VSM.Resolve,7219968,1
20,279,6695.8889635,1,VSM.ResolveTrace,6816000,1
20,279,6695.8889635,1,VSM.FilterHorizontal,65024,1
20,279,6695.8889635,1,VSM.FilterVertical,0,0
20,279,6695.8889635,1,VSM.FilterTemporalVertical,158976,1
21,280,6695.9045787999994,1,VSM.PageOccupancy,59392,1
21,280,6695.9045787999994,1,VSM.LayoutRemap,0,1
21,280,6695.9045787999994,1,VSM.ResetFeedback,0,1
21,280,6695.9045787999994,1,VSM.MarkReceiverPages,565504,1
21,280,6695.9045787999994,1,VSM.Allocate,223744,1
21,280,6695.9045787999994,1,VSM.InvalidateStatic,0,0
21,280,6695.9045787999994,1,VSM.ClearPhysicalPages,89600,1
21,280,6695.9045787999994,1,VSM.StaticCasterCull,68864,1
21,280,6695.9045787999994,1,VSM.DynamicCasterCull,0,1
21,280,6695.9045787999994,1,VSM.PageCull,50432,1
21,280,6695.9045787999994,1,VSM.StaticRaster,7680,1
21,280,6695.9045787999994,1,VSM.FinalizePages,1536,1
21,280,6695.9045787999994,1,VSM.DynamicRaster,14080,1
21,280,6695.9045787999994,1,VSM.UnityCompatibilityRaster,0,0
21,280,6695.9045787999994,1,VSM.Resolve,6839296,1
21,280,6695.9045787999994,1,VSM.ResolveTrace,6460160,1
21,280,6695.9045787999994,1,VSM.FilterHorizontal,63232,1
21,280,6695.9045787999994,1,VSM.FilterVertical,0,0
21,280,6695.9045787999994,1,VSM.FilterTemporalVertical,155392,1
22,281,6695.9209123,1,VSM.PageOccupancy,59648,1
22,281,6695.9209123,1,VSM.LayoutRemap,0,1
22,281,6695.9209123,1,VSM.ResetFeedback,0,1
22,281,6695.9209123,1,VSM.MarkReceiverPages,567808,1
22,281,6695.9209123,1,VSM.Allocate,221440,1
22,281,6695.9209123,1,VSM.InvalidateStatic,0,0
22,281,6695.9209123,1,VSM.ClearPhysicalPages,89600,1
22,281,6695.9209123,1,VSM.StaticCasterCull,68608,1
22,281,6695.9209123,1,VSM.DynamicCasterCull,0,1
22,281,6695.9209123,1,VSM.PageCull,50176,1
22,281,6695.9209123,1,VSM.StaticRaster,7424,1
22,281,6695.9209123,1,VSM.FinalizePages,1536,1
22,281,6695.9209123,1,VSM.DynamicRaster,12544,1
22,281,6695.9209123,1,VSM.UnityCompatibilityRaster,0,0
22,281,6695.9209123,1,VSM.Resolve,6663680,1
22,281,6695.9209123,1,VSM.ResolveTrace,6439936,1
22,281,6695.9209123,1,VSM.FilterHorizontal,64256,1
22,281,6695.9209123,1,VSM.FilterVertical,0,0
22,281,6695.9209123,1,VSM.FilterTemporalVertical,157952,1
23,282,6695.9376778,1,VSM.PageOccupancy,59392,1
23,282,6695.9376778,1,VSM.LayoutRemap,0,1
23,282,6695.9376778,1,VSM.ResetFeedback,0,1
23,282,6695.9376778,1,VSM.MarkReceiverPages,566016,1
23,282,6695.9376778,1,VSM.Allocate,224768,1
23,282,6695.9376778,1,VSM.InvalidateStatic,0,0
23,282,6695.9376778,1,VSM.ClearPhysicalPages,90112,1
23,282,6695.9376778,1,VSM.StaticCasterCull,67584,1
23,282,6695.9376778,1,VSM.DynamicCasterCull,0,1
23,282,6695.9376778,1,VSM.PageCull,48640,1
23,282,6695.9376778,1,VSM.StaticRaster,9728,1
23,282,6695.9376778,1,VSM.FinalizePages,1536,1
23,282,6695.9376778,1,VSM.DynamicRaster,12032,1
23,282,6695.9376778,1,VSM.UnityCompatibilityRaster,0,0
23,282,6695.9376778,1,VSM.Resolve,6825472,1
23,282,6695.9376778,1,VSM.ResolveTrace,6399488,1
23,282,6695.9376778,1,VSM.FilterHorizontal,64256,1
23,282,6695.9376778,1,VSM.FilterVertical,0,0
23,282,6695.9376778,1,VSM.FilterTemporalVertical,360704,1
24,283,6695.9531523,1,VSM.PageOccupancy,59648,1
24,283,6695.9531523,1,VSM.LayoutRemap,0,1
24,283,6695.9531523,1,VSM.ResetFeedback,0,1
24,283,6695.9531523,1,VSM.MarkReceiverPages,567296,1
24,283,6695.9531523,1,VSM.Allocate,224000,1
24,283,6695.9531523,1,VSM.InvalidateStatic,0,0
24,283,6695.9531523,1,VSM.ClearPhysicalPages,89600,1
24,283,6695.9531523,1,VSM.StaticCasterCull,359680,1
24,283,6695.9531523,1,VSM.DynamicCasterCull,0,1
24,283,6695.9531523,1,VSM.PageCull,48896,1
24,283,6695.9531523,1,VSM.StaticRaster,7168,1
24,283,6695.9531523,1,VSM.FinalizePages,2048,1
24,283,6695.9531523,1,VSM.DynamicRaster,11008,1
24,283,6695.9531523,1,VSM.UnityCompatibilityRaster,0,0
24,283,6695.9531523,1,VSM.Resolve,7175936,1
24,283,6695.9531523,1,VSM.ResolveTrace,6682368,1
24,283,6695.9531523,1,VSM.FilterHorizontal,64512,1
24,283,6695.9531523,1,VSM.FilterVertical,0,0
24,283,6695.9531523,1,VSM.FilterTemporalVertical,157184,1
25,284,6695.9690842,1,VSM.PageOccupancy,59648,1
25,284,6695.9690842,1,VSM.LayoutRemap,0,1
25,284,6695.9690842,1,VSM.ResetFeedback,0,1
25,284,6695.9690842,1,VSM.MarkReceiverPages,568064,1
25,284,6695.9690842,1,VSM.Allocate,224256,1
25,284,6695.9690842,1,VSM.InvalidateStatic,0,0
25,284,6695.9690842,1,VSM.ClearPhysicalPages,90112,1
25,284,6695.9690842,1,VSM.StaticCasterCull,291328,1
25,284,6695.9690842,1,VSM.DynamicCasterCull,0,1
25,284,6695.9690842,1,VSM.PageCull,272640,1
25,284,6695.9690842,1,VSM.StaticRaster,7424,1
25,284,6695.9690842,1,VSM.FinalizePages,2048,1
25,284,6695.9690842,1,VSM.DynamicRaster,13568,1
25,284,6695.9690842,1,VSM.UnityCompatibilityRaster,0,0
25,284,6695.9690842,1,VSM.Resolve,6718976,1
25,284,6695.9690842,1,VSM.ResolveTrace,6497536,1
25,284,6695.9690842,1,VSM.FilterHorizontal,64000,1
25,284,6695.9690842,1,VSM.FilterVertical,0,0
25,284,6695.9690842,1,VSM.FilterTemporalVertical,156416,1
26,285,6695.9843008,1,VSM.PageOccupancy,62208,1
26,285,6695.9843008,1,VSM.LayoutRemap,0,1
26,285,6695.9843008,1,VSM.ResetFeedback,0,1
26,285,6695.9843008,1,VSM.MarkReceiverPages,566016,1
26,285,6695.9843008,1,VSM.Allocate,223488,1
26,285,6695.9843008,1,VSM.InvalidateStatic,0,0
26,285,6695.9843008,1,VSM.ClearPhysicalPages,89600,1
26,285,6695.9843008,1,VSM.StaticCasterCull,66048,1
26,285,6695.9843008,1,VSM.DynamicCasterCull,0,1
26,285,6695.9843008,1,VSM.PageCull,47360,1
26,285,6695.9843008,1,VSM.StaticRaster,7168,1
26,285,6695.9843008,1,VSM.FinalizePages,1792,1
26,285,6695.9843008,1,VSM.DynamicRaster,12800,1
26,285,6695.9843008,1,VSM.UnityCompatibilityRaster,0,0
26,285,6695.9843008,1,VSM.Resolve,6716672,1
26,285,6695.9843008,1,VSM.ResolveTrace,6493952,1
26,285,6695.9843008,1,VSM.FilterHorizontal,64000,1
26,285,6695.9843008,1,VSM.FilterVertical,0,0
26,285,6695.9843008,1,VSM.FilterTemporalVertical,157184,1
27,286,6695.9991711999992,1,VSM.PageOccupancy,60416,1
27,286,6695.9991711999992,1,VSM.LayoutRemap,0,1
27,286,6695.9991711999992,1,VSM.ResetFeedback,0,1
27,286,6695.9991711999992,1,VSM.MarkReceiverPages,566272,1
27,286,6695.9991711999992,1,VSM.Allocate,222976,1
27,286,6695.9991711999992,1,VSM.InvalidateStatic,0,0
27,286,6695.9991711999992,1,VSM.ClearPhysicalPages,89344,1
27,286,6695.9991711999992,1,VSM.StaticCasterCull,392960,1
27,286,6695.9991711999992,1,VSM.DynamicCasterCull,0,1
27,286,6695.9991711999992,1,VSM.PageCull,50176,1
27,286,6695.9991711999992,1,VSM.StaticRaster,9216,1
27,286,6695.9991711999992,1,VSM.FinalizePages,2048,1
27,286,6695.9991711999992,1,VSM.DynamicRaster,17152,1
27,286,6695.9991711999992,1,VSM.UnityCompatibilityRaster,0,0
27,286,6695.9991711999992,1,VSM.Resolve,7243008,1
27,286,6695.9991711999992,1,VSM.ResolveTrace,7018496,1
27,286,6695.9991711999992,1,VSM.FilterHorizontal,64256,1
27,286,6695.9991711999992,1,VSM.FilterVertical,0,0
27,286,6695.9991711999992,1,VSM.FilterTemporalVertical,158720,1
28,287,6696.0147154999995,1,VSM.PageOccupancy,61440,1
28,287,6696.0147154999995,1,VSM.LayoutRemap,0,1
28,287,6696.0147154999995,1,VSM.ResetFeedback,0,1
28,287,6696.0147154999995,1,VSM.MarkReceiverPages,566784,1
28,287,6696.0147154999995,1,VSM.Allocate,224512,1
28,287,6696.0147154999995,1,VSM.InvalidateStatic,0,0
28,287,6696.0147154999995,1,VSM.ClearPhysicalPages,90624,1
28,287,6696.0147154999995,1,VSM.StaticCasterCull,68864,1
28,287,6696.0147154999995,1,VSM.DynamicCasterCull,0,1
28,287,6696.0147154999995,1,VSM.PageCull,49920,1
28,287,6696.0147154999995,1,VSM.StaticRaster,7168,1
28,287,6696.0147154999995,1,VSM.FinalizePages,1536,1
28,287,6696.0147154999995,1,VSM.DynamicRaster,13568,1
28,287,6696.0147154999995,1,VSM.UnityCompatibilityRaster,0,0
28,287,6696.0147154999995,1,VSM.Resolve,6406144,1
28,287,6696.0147154999995,1,VSM.ResolveTrace,6182656,1
28,287,6696.0147154999995,1,VSM.FilterHorizontal,64768,1
28,287,6696.0147154999995,1,VSM.FilterVertical,0,0
28,287,6696.0147154999995,1,VSM.FilterTemporalVertical,157696,1
29,288,6696.0306854,1,VSM.PageOccupancy,61440,1
29,288,6696.0306854,1,VSM.LayoutRemap,0,1
29,288,6696.0306854,1,VSM.ResetFeedback,0,1
29,288,6696.0306854,1,VSM.MarkReceiverPages,852992,1
29,288,6696.0306854,1,VSM.Allocate,225024,1
29,288,6696.0306854,1,VSM.InvalidateStatic,0,0
29,288,6696.0306854,1,VSM.ClearPhysicalPages,90880,1
29,288,6696.0306854,1,VSM.StaticCasterCull,68352,1
29,288,6696.0306854,1,VSM.DynamicCasterCull,0,1
29,288,6696.0306854,1,VSM.PageCull,49152,1
29,288,6696.0306854,1,VSM.StaticRaster,3072,1
29,288,6696.0306854,1,VSM.FinalizePages,1792,1
29,288,6696.0306854,1,VSM.DynamicRaster,13056,1
29,288,6696.0306854,1,VSM.UnityCompatibilityRaster,0,0
29,288,6696.0306854,1,VSM.Resolve,6150400,1
29,288,6696.0306854,1,VSM.ResolveTrace,5648640,1
29,288,6696.0306854,1,VSM.FilterHorizontal,64512,1
29,288,6696.0306854,1,VSM.FilterVertical,0,0
29,288,6696.0306854,1,VSM.FilterTemporalVertical,160256,1
30,289,6696.047455,1,VSM.PageOccupancy,62720,1
30,289,6696.047455,1,VSM.LayoutRemap,0,1
30,289,6696.047455,1,VSM.ResetFeedback,0,1
30,289,6696.047455,1,VSM.MarkReceiverPages,570368,1
30,289,6696.047455,1,VSM.Allocate,226304,1
30,289,6696.047455,1,VSM.InvalidateStatic,0,0
30,289,6696.047455,1,VSM.ClearPhysicalPages,90624,1
30,289,6696.047455,1,VSM.StaticCasterCull,69632,1
30,289,6696.047455,1,VSM.DynamicCasterCull,0,1
30,289,6696.047455,1,VSM.PageCull,50944,1
30,289,6696.047455,1,VSM.StaticRaster,7168,1
30,289,6696.047455,1,VSM.FinalizePages,1536,1
30,289,6696.047455,1,VSM.DynamicRaster,13312,1
30,289,6696.047455,1,VSM.UnityCompatibilityRaster,0,0
30,289,6696.047455,1,VSM.Resolve,6468096,1
30,289,6696.047455,1,VSM.ResolveTrace,6242816,1
30,289,6696.047455,1,VSM.FilterHorizontal,65024,1
30,289,6696.047455,1,VSM.FilterVertical,0,0
30,289,6696.047455,1,VSM.FilterTemporalVertical,158720,1
31,290,6696.0638429,1,VSM.PageOccupancy,64256,1
31,290,6696.0638429,1,VSM.LayoutRemap,0,1
31,290,6696.0638429,1,VSM.ResetFeedback,0,1
31,290,6696.0638429,1,VSM.MarkReceiverPages,566016,1
31,290,6696.0638429,1,VSM.Allocate,224256,1
31,290,6696.0638429,1,VSM.InvalidateStatic,0,0
31,290,6696.0638429,1,VSM.ClearPhysicalPages,89856,1
31,290,6696.0638429,1,VSM.StaticCasterCull,67328,1
31,290,6696.0638429,1,VSM.DynamicCasterCull,0,1
31,290,6696.0638429,1,VSM.PageCull,48896,1
31,290,6696.0638429,1,VSM.StaticRaster,6912,1
31,290,6696.0638429,1,VSM.FinalizePages,1792,1
31,290,6696.0638429,1,VSM.DynamicRaster,13568,1
31,290,6696.0638429,1,VSM.UnityCompatibilityRaster,0,0
31,290,6696.0638429,1,VSM.Resolve,6915840,1
31,290,6696.0638429,1,VSM.ResolveTrace,6691584,1
31,290,6696.0638429,1,VSM.FilterHorizontal,66304,1
31,290,6696.0638429,1,VSM.FilterVertical,0,0
31,290,6696.0638429,1,VSM.FilterTemporalVertical,156928,1
32,291,6696.0805115999992,1,VSM.PageOccupancy,59904,1
32,291,6696.0805115999992,1,VSM.LayoutRemap,0,1
32,291,6696.0805115999992,1,VSM.ResetFeedback,0,1
32,291,6696.0805115999992,1,VSM.MarkReceiverPages,567808,1
32,291,6696.0805115999992,1,VSM.Allocate,226816,1
32,291,6696.0805115999992,1,VSM.InvalidateStatic,0,0
32,291,6696.0805115999992,1,VSM.ClearPhysicalPages,90368,1
32,291,6696.0805115999992,1,VSM.StaticCasterCull,69632,1
32,291,6696.0805115999992,1,VSM.DynamicCasterCull,0,1
32,291,6696.0805115999992,1,VSM.PageCull,50944,1
32,291,6696.0805115999992,1,VSM.StaticRaster,6656,1
32,291,6696.0805115999992,1,VSM.FinalizePages,1792,1
32,291,6696.0805115999992,1,VSM.DynamicRaster,13824,1
32,291,6696.0805115999992,1,VSM.UnityCompatibilityRaster,0,0
32,291,6696.0805115999992,1,VSM.Resolve,7156480,1
32,291,6696.0805115999992,1,VSM.ResolveTrace,6931200,1
32,291,6696.0805115999992,1,VSM.FilterHorizontal,64768,1
32,291,6696.0805115999992,1,VSM.FilterVertical,0,0
32,291,6696.0805115999992,1,VSM.FilterTemporalVertical,158976,1
33,292,6696.0974422,1,VSM.PageOccupancy,63488,1
33,292,6696.0974422,1,VSM.LayoutRemap,0,1
33,292,6696.0974422,1,VSM.ResetFeedback,0,1
33,292,6696.0974422,1,VSM.MarkReceiverPages,569088,1
33,292,6696.0974422,1,VSM.Allocate,225280,1
33,292,6696.0974422,1,VSM.InvalidateStatic,0,0
33,292,6696.0974422,1,VSM.ClearPhysicalPages,633600,1
33,292,6696.0974422,1,VSM.StaticCasterCull,75520,1
33,292,6696.0974422,1,VSM.DynamicCasterCull,0,1
33,292,6696.0974422,1,VSM.PageCull,51968,1
33,292,6696.0974422,1,VSM.StaticRaster,6912,1
33,292,6696.0974422,1,VSM.FinalizePages,1792,1
33,292,6696.0974422,1,VSM.DynamicRaster,12288,1
33,292,6696.0974422,1,VSM.UnityCompatibilityRaster,0,0
33,292,6696.0974422,1,VSM.Resolve,6714112,1
33,292,6696.0974422,1,VSM.ResolveTrace,6489088,1
33,292,6696.0974422,1,VSM.FilterHorizontal,66048,1
33,292,6696.0974422,1,VSM.FilterVertical,0,0
33,292,6696.0974422,1,VSM.FilterTemporalVertical,157952,1
34,293,6696.1135574,1,VSM.PageOccupancy,62976,1
34,293,6696.1135574,1,VSM.LayoutRemap,0,1
34,293,6696.1135574,1,VSM.ResetFeedback,0,1
34,293,6696.1135574,1,VSM.MarkReceiverPages,569088,1
34,293,6696.1135574,1,VSM.Allocate,225280,1
34,293,6696.1135574,1,VSM.InvalidateStatic,0,0
34,293,6696.1135574,1,VSM.ClearPhysicalPages,90112,1
34,293,6696.1135574,1,VSM.StaticCasterCull,331776,1
34,293,6696.1135574,1,VSM.DynamicCasterCull,0,1
34,293,6696.1135574,1,VSM.PageCull,48640,1
34,293,6696.1135574,1,VSM.StaticRaster,8960,1
34,293,6696.1135574,1,VSM.FinalizePages,1792,1
34,293,6696.1135574,1,VSM.DynamicRaster,17408,1
34,293,6696.1135574,1,VSM.UnityCompatibilityRaster,0,0
34,293,6696.1135574,1,VSM.Resolve,7050752,1
34,293,6696.1135574,1,VSM.ResolveTrace,6824704,1
34,293,6696.1135574,1,VSM.FilterHorizontal,65024,1
34,293,6696.1135574,1,VSM.FilterVertical,0,0
34,293,6696.1135574,1,VSM.FilterTemporalVertical,160000,1
35,294,6696.1301324,1,VSM.PageOccupancy,62208,1
35,294,6696.1301324,1,VSM.LayoutRemap,0,1
35,294,6696.1301324,1,VSM.ResetFeedback,0,1
35,294,6696.1301324,1,VSM.MarkReceiverPages,570624,1
35,294,6696.1301324,1,VSM.Allocate,227072,1
35,294,6696.1301324,1,VSM.InvalidateStatic,0,0
35,294,6696.1301324,1,VSM.ClearPhysicalPages,90368,1
35,294,6696.1301324,1,VSM.StaticCasterCull,70400,1
35,294,6696.1301324,1,VSM.DynamicCasterCull,0,1
35,294,6696.1301324,1,VSM.PageCull,50688,1
35,294,6696.1301324,1,VSM.StaticRaster,7168,1
35,294,6696.1301324,1,VSM.FinalizePages,1792,1
35,294,6696.1301324,1,VSM.DynamicRaster,12800,1
35,294,6696.1301324,1,VSM.UnityCompatibilityRaster,0,0
35,294,6696.1301324,1,VSM.Resolve,7280384,1
35,294,6696.1301324,1,VSM.ResolveTrace,7056128,1
35,294,6696.1301324,1,VSM.FilterHorizontal,65280,1
35,294,6696.1301324,1,VSM.FilterVertical,0,0
35,294,6696.1301324,1,VSM.FilterTemporalVertical,157696,1
36,295,6696.1467379,1,VSM.PageOccupancy,59904,1
36,295,6696.1467379,1,VSM.LayoutRemap,0,1
36,295,6696.1467379,1,VSM.ResetFeedback,0,1
36,295,6696.1467379,1,VSM.MarkReceiverPages,790016,1
36,295,6696.1467379,1,VSM.Allocate,222208,1
36,295,6696.1467379,1,VSM.InvalidateStatic,0,0
36,295,6696.1467379,1,VSM.ClearPhysicalPages,90112,1
36,295,6696.1467379,1,VSM.StaticCasterCull,60160,1
36,295,6696.1467379,1,VSM.DynamicCasterCull,0,1
36,295,6696.1467379,1,VSM.PageCull,41472,1
36,295,6696.1467379,1,VSM.StaticRaster,7168,1
36,295,6696.1467379,1,VSM.FinalizePages,1280,1
36,295,6696.1467379,1,VSM.DynamicRaster,10752,1
36,295,6696.1467379,1,VSM.UnityCompatibilityRaster,0,0
36,295,6696.1467379,1,VSM.Resolve,7112448,1
36,295,6696.1467379,1,VSM.ResolveTrace,6889728,1
36,295,6696.1467379,1,VSM.FilterHorizontal,64000,1
36,295,6696.1467379,1,VSM.FilterVertical,0,0
36,295,6696.1467379,1,VSM.FilterTemporalVertical,157184,1
37,296,6696.1622173999995,1,VSM.PageOccupancy,65536,1
37,296,6696.1622173999995,1,VSM.LayoutRemap,0,1
37,296,6696.1622173999995,1,VSM.ResetFeedback,0,1
37,296,6696.1622173999995,1,VSM.MarkReceiverPages,565760,1
37,296,6696.1622173999995,1,VSM.Allocate,224256,1
37,296,6696.1622173999995,1,VSM.InvalidateStatic,0,0
37,296,6696.1622173999995,1,VSM.ClearPhysicalPages,89344,1
37,296,6696.1622173999995,1,VSM.StaticCasterCull,67840,1
37,296,6696.1622173999995,1,VSM.DynamicCasterCull,0,1
37,296,6696.1622173999995,1,VSM.PageCull,49152,1
37,296,6696.1622173999995,1,VSM.StaticRaster,7168,1
37,296,6696.1622173999995,1,VSM.FinalizePages,2048,1
37,296,6696.1622173999995,1,VSM.DynamicRaster,11520,1
37,296,6696.1622173999995,1,VSM.UnityCompatibilityRaster,0,0
37,296,6696.1622173999995,1,VSM.Resolve,6935296,1
37,296,6696.1622173999995,1,VSM.ResolveTrace,6713088,1
37,296,6696.1622173999995,1,VSM.FilterHorizontal,64000,1
37,296,6696.1622173999995,1,VSM.FilterVertical,0,0
37,296,6696.1622173999995,1,VSM.FilterTemporalVertical,156928,1
38,297,6696.1779548999993,1,VSM.PageOccupancy,61440,1
38,297,6696.1779548999993,1,VSM.LayoutRemap,0,1
38,297,6696.1779548999993,1,VSM.ResetFeedback,0,1
38,297,6696.1779548999993,1,VSM.MarkReceiverPages,569088,1
38,297,6696.1779548999993,1,VSM.Allocate,225792,1
38,297,6696.1779548999993,1,VSM.InvalidateStatic,0,0
38,297,6696.1779548999993,1,VSM.ClearPhysicalPages,90368,1
38,297,6696.1779548999993,1,VSM.StaticCasterCull,316416,1
38,297,6696.1779548999993,1,VSM.DynamicCasterCull,0,1
38,297,6696.1779548999993,1,VSM.PageCull,49408,1
38,297,6696.1779548999993,1,VSM.StaticRaster,8960,1
38,297,6696.1779548999993,1,VSM.FinalizePages,1792,1
38,297,6696.1779548999993,1,VSM.DynamicRaster,13312,1
38,297,6696.1779548999993,1,VSM.UnityCompatibilityRaster,0,0
38,297,6696.1779548999993,1,VSM.Resolve,7553536,1
38,297,6696.1779548999993,1,VSM.ResolveTrace,7328256,1
38,297,6696.1779548999993,1,VSM.FilterHorizontal,65536,1
38,297,6696.1779548999993,1,VSM.FilterVertical,0,0
38,297,6696.1779548999993,1,VSM.FilterTemporalVertical,158720,1
39,298,6696.1930107,1,VSM.PageOccupancy,63744,1
39,298,6696.1930107,1,VSM.LayoutRemap,0,1
39,298,6696.1930107,1,VSM.ResetFeedback,0,1
39,298,6696.1930107,1,VSM.MarkReceiverPages,763904,1
39,298,6696.1930107,1,VSM.Allocate,225792,1
39,298,6696.1930107,1,VSM.InvalidateStatic,0,0
39,298,6696.1930107,1,VSM.ClearPhysicalPages,90880,1
39,298,6696.1930107,1,VSM.StaticCasterCull,61184,1
39,298,6696.1930107,1,VSM.DynamicCasterCull,0,1
39,298,6696.1930107,1,VSM.PageCull,42752,1
39,298,6696.1930107,1,VSM.StaticRaster,7168,1
39,298,6696.1930107,1,VSM.FinalizePages,1792,1
39,298,6696.1930107,1,VSM.DynamicRaster,11008,1
39,298,6696.1930107,1,VSM.UnityCompatibilityRaster,0,0
39,298,6696.1930107,1,VSM.Resolve,6492928,1
39,298,6696.1930107,1,VSM.ResolveTrace,6268160,1
39,298,6696.1930107,1,VSM.FilterHorizontal,64512,1
39,298,6696.1930107,1,VSM.FilterVertical,0,0
39,298,6696.1930107,1,VSM.FilterTemporalVertical,159232,1
40,299,6696.208371,1,VSM.PageOccupancy,59648,1
40,299,6696.208371,1,VSM.LayoutRemap,0,1
40,299,6696.208371,1,VSM.ResetFeedback,0,1
40,299,6696.208371,1,VSM.MarkReceiverPages,569600,1
40,299,6696.208371,1,VSM.Allocate,226304,1
40,299,6696.208371,1,VSM.InvalidateStatic,0,0
40,299,6696.208371,1,VSM.ClearPhysicalPages,90880,1
40,299,6696.208371,1,VSM.StaticCasterCull,66816,1
40,299,6696.208371,1,VSM.DynamicCasterCull,0,1
40,299,6696.208371,1,VSM.PageCull,47872,1
40,299,6696.208371,1,VSM.StaticRaster,7680,1
40,299,6696.208371,1,VSM.FinalizePages,1792,1
40,299,6696.208371,1,VSM.DynamicRaster,12800,1
40,299,6696.208371,1,VSM.UnityCompatibilityRaster,0,0
40,299,6696.208371,1,VSM.Resolve,7245568,1
40,299,6696.208371,1,VSM.ResolveTrace,6688000,1
40,299,6696.208371,1,VSM.FilterHorizontal,65024,1
40,299,6696.208371,1,VSM.FilterVertical,0,0
40,299,6696.208371,1,VSM.FilterTemporalVertical,491264,1
41,300,6696.2254415,1,VSM.PageOccupancy,61952,1
41,300,6696.2254415,1,VSM.LayoutRemap,0,1
41,300,6696.2254415,1,VSM.ResetFeedback,0,1
41,300,6696.2254415,1,VSM.MarkReceiverPages,568832,1
41,300,6696.2254415,1,VSM.Allocate,224256,1
41,300,6696.2254415,1,VSM.InvalidateStatic,0,0
41,300,6696.2254415,1,VSM.ClearPhysicalPages,90624,1
41,300,6696.2254415,1,VSM.StaticCasterCull,68608,1
41,300,6696.2254415,1,VSM.DynamicCasterCull,0,1
41,300,6696.2254415,1,VSM.PageCull,49920,1
41,300,6696.2254415,1,VSM.StaticRaster,10496,1
41,300,6696.2254415,1,VSM.FinalizePages,1792,1
41,300,6696.2254415,1,VSM.DynamicRaster,11776,1
41,300,6696.2254415,1,VSM.UnityCompatibilityRaster,0,0
41,300,6696.2254415,1,VSM.Resolve,6149376,1
41,300,6696.2254415,1,VSM.ResolveTrace,5654784,1
41,300,6696.2254415,1,VSM.FilterHorizontal,64768,1
41,300,6696.2254415,1,VSM.FilterVertical,0,0
41,300,6696.2254415,1,VSM.FilterTemporalVertical,157952,1
42,301,6696.2430121,1,VSM.PageOccupancy,59648,1
42,301,6696.2430121,1,VSM.LayoutRemap,0,1
42,301,6696.2430121,1,VSM.ResetFeedback,0,1
42,301,6696.2430121,1,VSM.MarkReceiverPages,567040,1
42,301,6696.2430121,1,VSM.Allocate,224512,1
42,301,6696.2430121,1,VSM.InvalidateStatic,0,0
42,301,6696.2430121,1,VSM.ClearPhysicalPages,89344,1
42,301,6696.2430121,1,VSM.StaticCasterCull,412416,1
42,301,6696.2430121,1,VSM.DynamicCasterCull,0,1
42,301,6696.2430121,1,VSM.PageCull,49152,1
42,301,6696.2430121,1,VSM.StaticRaster,8960,1
42,301,6696.2430121,1,VSM.FinalizePages,2048,1
42,301,6696.2430121,1,VSM.DynamicRaster,16896,1
42,301,6696.2430121,1,VSM.UnityCompatibilityRaster,0,0
42,301,6696.2430121,1,VSM.Resolve,6743296,1
42,301,6696.2430121,1,VSM.ResolveTrace,6519040,1
42,301,6696.2430121,1,VSM.FilterHorizontal,64512,1
42,301,6696.2430121,1,VSM.FilterVertical,0,0
42,301,6696.2430121,1,VSM.FilterTemporalVertical,158464,1
43,302,6696.2622579,1,VSM.PageOccupancy,343040,1
43,302,6696.2622579,1,VSM.LayoutRemap,0,1
43,302,6696.2622579,1,VSM.ResetFeedback,0,1
43,302,6696.2622579,1,VSM.MarkReceiverPages,568064,1
43,302,6696.2622579,1,VSM.Allocate,238592,1
43,302,6696.2622579,1,VSM.InvalidateStatic,0,0
43,302,6696.2622579,1,VSM.ClearPhysicalPages,90624,1
43,302,6696.2622579,1,VSM.StaticCasterCull,350208,1
43,302,6696.2622579,1,VSM.DynamicCasterCull,0,1
43,302,6696.2622579,1,VSM.PageCull,48128,1
43,302,6696.2622579,1,VSM.StaticRaster,5376,1
43,302,6696.2622579,1,VSM.FinalizePages,2048,1
43,302,6696.2622579,1,VSM.DynamicRaster,10752,1
43,302,6696.2622579,1,VSM.UnityCompatibilityRaster,0,0
43,302,6696.2622579,1,VSM.Resolve,6413056,1
43,302,6696.2622579,1,VSM.ResolveTrace,6187008,1
43,302,6696.2622579,1,VSM.FilterHorizontal,64768,1
43,302,6696.2622579,1,VSM.FilterVertical,0,0
43,302,6696.2622579,1,VSM.FilterTemporalVertical,160000,1
44,303,6696.2819323999993,1,VSM.PageOccupancy,61440,1
44,303,6696.2819323999993,1,VSM.LayoutRemap,0,1
44,303,6696.2819323999993,1,VSM.ResetFeedback,0,1
44,303,6696.2819323999993,1,VSM.MarkReceiverPages,568832,1
44,303,6696.2819323999993,1,VSM.Allocate,226304,1
44,303,6696.2819323999993,1,VSM.InvalidateStatic,0,0
44,303,6696.2819323999993,1,VSM.ClearPhysicalPages,90624,1
44,303,6696.2819323999993,1,VSM.StaticCasterCull,68608,1
44,303,6696.2819323999993,1,VSM.DynamicCasterCull,0,1
44,303,6696.2819323999993,1,VSM.PageCull,49920,1
44,303,6696.2819323999993,1,VSM.StaticRaster,7424,1
44,303,6696.2819323999993,1,VSM.FinalizePages,1536,1
44,303,6696.2819323999993,1,VSM.DynamicRaster,12288,1
44,303,6696.2819323999993,1,VSM.UnityCompatibilityRaster,0,0
44,303,6696.2819323999993,1,VSM.Resolve,6988800,1
44,303,6696.2819323999993,1,VSM.ResolveTrace,6505984,1
44,303,6696.2819323999993,1,VSM.FilterHorizontal,66304,1
44,303,6696.2819323999993,1,VSM.FilterVertical,0,0
44,303,6696.2819323999993,1,VSM.FilterTemporalVertical,159232,1
45,304,6696.2997216999993,1,VSM.PageOccupancy,62464,1
45,304,6696.2997216999993,1,VSM.LayoutRemap,0,1
45,304,6696.2997216999993,1,VSM.ResetFeedback,0,1
45,304,6696.2997216999993,1,VSM.MarkReceiverPages,569344,1
45,304,6696.2997216999993,1,VSM.Allocate,224768,1
45,304,6696.2997216999993,1,VSM.InvalidateStatic,0,0
45,304,6696.2997216999993,1,VSM.ClearPhysicalPages,90624,1
45,304,6696.2997216999993,1,VSM.StaticCasterCull,396288,1
45,304,6696.2997216999993,1,VSM.DynamicCasterCull,0,1
45,304,6696.2997216999993,1,VSM.PageCull,49152,1
45,304,6696.2997216999993,1,VSM.StaticRaster,7168,1
45,304,6696.2997216999993,1,VSM.FinalizePages,2048,1
45,304,6696.2997216999993,1,VSM.DynamicRaster,12032,1
45,304,6696.2997216999993,1,VSM.UnityCompatibilityRaster,0,0
45,304,6696.2997216999993,1,VSM.Resolve,6812416,1
45,304,6696.2997216999993,1,VSM.ResolveTrace,6588160,1
45,304,6696.2997216999993,1,VSM.FilterHorizontal,64256,1
45,304,6696.2997216999993,1,VSM.FilterVertical,0,0
45,304,6696.2997216999993,1,VSM.FilterTemporalVertical,158720,1
46,305,6696.3174837,1,VSM.PageOccupancy,60416,1
46,305,6696.3174837,1,VSM.LayoutRemap,0,1
46,305,6696.3174837,1,VSM.ResetFeedback,0,1
46,305,6696.3174837,1,VSM.MarkReceiverPages,571136,1
46,305,6696.3174837,1,VSM.Allocate,224000,1
46,305,6696.3174837,1,VSM.InvalidateStatic,0,0
46,305,6696.3174837,1,VSM.ClearPhysicalPages,90112,1
46,305,6696.3174837,1,VSM.StaticCasterCull,70656,1
46,305,6696.3174837,1,VSM.DynamicCasterCull,0,1
46,305,6696.3174837,1,VSM.PageCull,50944,1
46,305,6696.3174837,1,VSM.StaticRaster,7424,1
46,305,6696.3174837,1,VSM.FinalizePages,1792,1
46,305,6696.3174837,1,VSM.DynamicRaster,15616,1
46,305,6696.3174837,1,VSM.UnityCompatibilityRaster,0,0
46,305,6696.3174837,1,VSM.Resolve,6260992,1
46,305,6696.3174837,1,VSM.ResolveTrace,6037504,1
46,305,6696.3174837,1,VSM.FilterHorizontal,64000,1
46,305,6696.3174837,1,VSM.FilterVertical,0,0
46,305,6696.3174837,1,VSM.FilterTemporalVertical,158464,1
47,306,6696.3337503999992,1,VSM.PageOccupancy,58368,1
47,306,6696.3337503999992,1,VSM.LayoutRemap,0,1
47,306,6696.3337503999992,1,VSM.ResetFeedback,0,1
47,306,6696.3337503999992,1,VSM.MarkReceiverPages,565504,1
47,306,6696.3337503999992,1,VSM.Allocate,224256,1
47,306,6696.3337503999992,1,VSM.InvalidateStatic,0,0
47,306,6696.3337503999992,1,VSM.ClearPhysicalPages,89344,1
47,306,6696.3337503999992,1,VSM.StaticCasterCull,409344,1
47,306,6696.3337503999992,1,VSM.DynamicCasterCull,0,1
47,306,6696.3337503999992,1,VSM.PageCull,48128,1
47,306,6696.3337503999992,1,VSM.StaticRaster,8960,1
47,306,6696.3337503999992,1,VSM.FinalizePages,2048,1
47,306,6696.3337503999992,1,VSM.DynamicRaster,15104,1
47,306,6696.3337503999992,1,VSM.UnityCompatibilityRaster,0,0
47,306,6696.3337503999992,1,VSM.Resolve,6775040,1
47,306,6696.3337503999992,1,VSM.ResolveTrace,6552064,1
47,306,6696.3337503999992,1,VSM.FilterHorizontal,64256,1
47,306,6696.3337503999992,1,VSM.FilterVertical,0,0
47,306,6696.3337503999992,1,VSM.FilterTemporalVertical,157952,1
48,307,6696.3507403999993,1,VSM.PageOccupancy,62720,1
48,307,6696.3507403999993,1,VSM.LayoutRemap,0,1
48,307,6696.3507403999993,1,VSM.ResetFeedback,0,1
48,307,6696.3507403999993,1,VSM.MarkReceiverPages,567296,1
48,307,6696.3507403999993,1,VSM.Allocate,223232,1
48,307,6696.3507403999993,1,VSM.InvalidateStatic,0,0
48,307,6696.3507403999993,1,VSM.ClearPhysicalPages,89600,1
48,307,6696.3507403999993,1,VSM.StaticCasterCull,67840,1
48,307,6696.3507403999993,1,VSM.DynamicCasterCull,0,1
48,307,6696.3507403999993,1,VSM.PageCull,49408,1
48,307,6696.3507403999993,1,VSM.StaticRaster,7680,1
48,307,6696.3507403999993,1,VSM.FinalizePages,1536,1
48,307,6696.3507403999993,1,VSM.DynamicRaster,12544,1
48,307,6696.3507403999993,1,VSM.UnityCompatibilityRaster,0,0
48,307,6696.3507403999993,1,VSM.Resolve,6478336,1
48,307,6696.3507403999993,1,VSM.ResolveTrace,6256896,1
48,307,6696.3507403999993,1,VSM.FilterHorizontal,63744,1
48,307,6696.3507403999993,1,VSM.FilterVertical,0,0
48,307,6696.3507403999993,1,VSM.FilterTemporalVertical,156416,1
49,308,6696.366099,1,VSM.PageOccupancy,62976,1
49,308,6696.366099,1,VSM.LayoutRemap,0,1
49,308,6696.366099,1,VSM.ResetFeedback,0,1
49,308,6696.366099,1,VSM.MarkReceiverPages,566528,1
49,308,6696.366099,1,VSM.Allocate,224256,1
49,308,6696.366099,1,VSM.InvalidateStatic,0,0
49,308,6696.366099,1,VSM.ClearPhysicalPages,89344,1
49,308,6696.366099,1,VSM.StaticCasterCull,67072,1
49,308,6696.366099,1,VSM.DynamicCasterCull,0,1
49,308,6696.366099,1,VSM.PageCull,48384,1
49,308,6696.366099,1,VSM.StaticRaster,7168,1
49,308,6696.366099,1,VSM.FinalizePages,1536,1
49,308,6696.366099,1,VSM.DynamicRaster,13824,1
49,308,6696.366099,1,VSM.UnityCompatibilityRaster,0,0
49,308,6696.366099,1,VSM.Resolve,6940416,1
49,308,6696.366099,1,VSM.ResolveTrace,6718976,1
49,308,6696.366099,1,VSM.FilterHorizontal,64256,1
49,308,6696.366099,1,VSM.FilterVertical,0,0
49,308,6696.366099,1,VSM.FilterTemporalVertical,155648,1
50,309,6696.3819796,1,VSM.PageOccupancy,60160,1
50,309,6696.3819796,1,VSM.LayoutRemap,0,1
50,309,6696.3819796,1,VSM.ResetFeedback,0,1
50,309,6696.3819796,1,VSM.MarkReceiverPages,565760,1
50,309,6696.3819796,1,VSM.Allocate,225024,1
50,309,6696.3819796,1,VSM.InvalidateStatic,0,0
50,309,6696.3819796,1,VSM.ClearPhysicalPages,90112,1
50,309,6696.3819796,1,VSM.StaticCasterCull,238336,1
50,309,6696.3819796,1,VSM.DynamicCasterCull,0,1
50,309,6696.3819796,1,VSM.PageCull,34560,1
50,309,6696.3819796,1,VSM.StaticRaster,33280,1
50,309,6696.3819796,1,VSM.FinalizePages,1792,1
50,309,6696.3819796,1,VSM.DynamicRaster,13056,1
50,309,6696.3819796,1,VSM.UnityCompatibilityRaster,0,0
50,309,6696.3819796,1,VSM.Resolve,7228160,1
50,309,6696.3819796,1,VSM.ResolveTrace,7002880,1
50,309,6696.3819796,1,VSM.FilterHorizontal,64256,1
50,309,6696.3819796,1,VSM.FilterVertical,0,0
50,309,6696.3819796,1,VSM.FilterTemporalVertical,159488,1
51,310,6696.3975972,1,VSM.PageOccupancy,62720,1
51,310,6696.3975972,1,VSM.LayoutRemap,0,1
51,310,6696.3975972,1,VSM.ResetFeedback,0,1
51,310,6696.3975972,1,VSM.MarkReceiverPages,566528,1
51,310,6696.3975972,1,VSM.Allocate,223744,1
51,310,6696.3975972,1,VSM.InvalidateStatic,0,0
51,310,6696.3975972,1,VSM.ClearPhysicalPages,89856,1
51,310,6696.3975972,1,VSM.StaticCasterCull,68096,1
51,310,6696.3975972,1,VSM.DynamicCasterCull,0,1
51,310,6696.3975972,1,VSM.PageCull,49408,1
51,310,6696.3975972,1,VSM.StaticRaster,7424,1
51,310,6696.3975972,1,VSM.FinalizePages,2048,1
51,310,6696.3975972,1,VSM.DynamicRaster,12800,1
51,310,6696.3975972,1,VSM.UnityCompatibilityRaster,0,0
51,310,6696.3975972,1,VSM.Resolve,6768896,1
51,310,6696.3975972,1,VSM.ResolveTrace,6548224,1
51,310,6696.3975972,1,VSM.FilterHorizontal,64000,1
51,310,6696.3975972,1,VSM.FilterVertical,0,0
51,310,6696.3975972,1,VSM.FilterTemporalVertical,155392,1
52,311,6696.4132979,1,VSM.PageOccupancy,59136,1
52,311,6696.4132979,1,VSM.LayoutRemap,0,1
52,311,6696.4132979,1,VSM.ResetFeedback,0,1
52,311,6696.4132979,1,VSM.MarkReceiverPages,570112,1
52,311,6696.4132979,1,VSM.Allocate,226560,1
52,311,6696.4132979,1,VSM.InvalidateStatic,0,0
52,311,6696.4132979,1,VSM.ClearPhysicalPages,91136,1
52,311,6696.4132979,1,VSM.StaticCasterCull,302336,1
52,311,6696.4132979,1,VSM.DynamicCasterCull,0,1
52,311,6696.4132979,1,VSM.PageCull,283392,1
52,311,6696.4132979,1,VSM.StaticRaster,4352,1
52,311,6696.4132979,1,VSM.FinalizePages,1792,1
52,311,6696.4132979,1,VSM.DynamicRaster,14336,1
52,311,6696.4132979,1,VSM.UnityCompatibilityRaster,0,0
52,311,6696.4132979,1,VSM.Resolve,6951168,1
52,311,6696.4132979,1,VSM.ResolveTrace,6728960,1
52,311,6696.4132979,1,VSM.FilterHorizontal,64256,1
52,311,6696.4132979,1,VSM.FilterVertical,0,0
52,311,6696.4132979,1,VSM.FilterTemporalVertical,156928,1
53,312,6696.4293826999992,1,VSM.PageOccupancy,60416,1
53,312,6696.4293826999992,1,VSM.LayoutRemap,0,1
53,312,6696.4293826999992,1,VSM.ResetFeedback,0,1
53,312,6696.4293826999992,1,VSM.MarkReceiverPages,568576,1
53,312,6696.4293826999992,1,VSM.Allocate,225280,1
53,312,6696.4293826999992,1,VSM.InvalidateStatic,0,0
53,312,6696.4293826999992,1,VSM.ClearPhysicalPages,90624,1
53,312,6696.4293826999992,1,VSM.StaticCasterCull,327168,1
53,312,6696.4293826999992,1,VSM.DynamicCasterCull,0,1
53,312,6696.4293826999992,1,VSM.PageCull,50432,1
53,312,6696.4293826999992,1,VSM.StaticRaster,8704,1
53,312,6696.4293826999992,1,VSM.FinalizePages,1536,1
53,312,6696.4293826999992,1,VSM.DynamicRaster,18176,1
53,312,6696.4293826999992,1,VSM.UnityCompatibilityRaster,0,0
53,312,6696.4293826999992,1,VSM.Resolve,6941440,1
53,312,6696.4293826999992,1,VSM.ResolveTrace,6717184,1
53,312,6696.4293826999992,1,VSM.FilterHorizontal,64768,1
53,312,6696.4293826999992,1,VSM.FilterVertical,0,0
53,312,6696.4293826999992,1,VSM.FilterTemporalVertical,158720,1
54,313,6696.4459981,1,VSM.PageOccupancy,306432,1
54,313,6696.4459981,1,VSM.LayoutRemap,0,1
54,313,6696.4459981,1,VSM.ResetFeedback,0,1
54,313,6696.4459981,1,VSM.MarkReceiverPages,587776,1
54,313,6696.4459981,1,VSM.Allocate,225280,1
54,313,6696.4459981,1,VSM.InvalidateStatic,0,0
54,313,6696.4459981,1,VSM.ClearPhysicalPages,90880,1
54,313,6696.4459981,1,VSM.StaticCasterCull,61184,1
54,313,6696.4459981,1,VSM.DynamicCasterCull,0,1
54,313,6696.4459981,1,VSM.PageCull,42240,1
54,313,6696.4459981,1,VSM.StaticRaster,7680,1
54,313,6696.4459981,1,VSM.FinalizePages,1792,1
54,313,6696.4459981,1,VSM.DynamicRaster,11008,1
54,313,6696.4459981,1,VSM.UnityCompatibilityRaster,0,0
54,313,6696.4459981,1,VSM.Resolve,7262720,1
54,313,6696.4459981,1,VSM.ResolveTrace,6772224,1
54,313,6696.4459981,1,VSM.FilterHorizontal,64768,1
54,313,6696.4459981,1,VSM.FilterVertical,0,0
54,313,6696.4459981,1,VSM.FilterTemporalVertical,158464,1
55,314,6696.4630358999993,1,VSM.PageOccupancy,106752,1
55,314,6696.4630358999993,1,VSM.LayoutRemap,0,1
55,314,6696.4630358999993,1,VSM.ResetFeedback,0,1
55,314,6696.4630358999993,1,VSM.MarkReceiverPages,566016,1
55,314,6696.4630358999993,1,VSM.Allocate,225280,1
55,314,6696.4630358999993,1,VSM.InvalidateStatic,0,0
55,314,6696.4630358999993,1,VSM.ClearPhysicalPages,89856,1
55,314,6696.4630358999993,1,VSM.StaticCasterCull,68864,1
55,314,6696.4630358999993,1,VSM.DynamicCasterCull,0,1
55,314,6696.4630358999993,1,VSM.PageCull,50176,1
55,314,6696.4630358999993,1,VSM.StaticRaster,7680,1
55,314,6696.4630358999993,1,VSM.FinalizePages,1792,1
55,314,6696.4630358999993,1,VSM.DynamicRaster,12800,1
55,314,6696.4630358999993,1,VSM.UnityCompatibilityRaster,0,0
55,314,6696.4630358999993,1,VSM.Resolve,6913280,1
55,314,6696.4630358999993,1,VSM.ResolveTrace,6690048,1
55,314,6696.4630358999993,1,VSM.FilterHorizontal,64000,1
55,314,6696.4630358999993,1,VSM.FilterVertical,0,0
55,314,6696.4630358999993,1,VSM.FilterTemporalVertical,158208,1
56,315,6696.4797849999995,1,VSM.PageOccupancy,61696,1
56,315,6696.4797849999995,1,VSM.LayoutRemap,0,1
56,315,6696.4797849999995,1,VSM.ResetFeedback,0,1
56,315,6696.4797849999995,1,VSM.MarkReceiverPages,567296,1
56,315,6696.4797849999995,1,VSM.Allocate,226048,1
56,315,6696.4797849999995,1,VSM.InvalidateStatic,0,0
56,315,6696.4797849999995,1,VSM.ClearPhysicalPages,90368,1
56,315,6696.4797849999995,1,VSM.StaticCasterCull,276224,1
56,315,6696.4797849999995,1,VSM.DynamicCasterCull,0,1
56,315,6696.4797849999995,1,VSM.PageCull,257792,1
56,315,6696.4797849999995,1,VSM.StaticRaster,8704,1
56,315,6696.4797849999995,1,VSM.FinalizePages,1536,1
56,315,6696.4797849999995,1,VSM.DynamicRaster,15872,1
56,315,6696.4797849999995,1,VSM.UnityCompatibilityRaster,0,0
56,315,6696.4797849999995,1,VSM.Resolve,7307776,1
56,315,6696.4797849999995,1,VSM.ResolveTrace,7082752,1
56,315,6696.4797849999995,1,VSM.FilterHorizontal,64768,1
56,315,6696.4797849999995,1,VSM.FilterVertical,0,0
56,315,6696.4797849999995,1,VSM.FilterTemporalVertical,159232,1
57,316,6696.4969718999992,1,VSM.PageOccupancy,61440,1
57,316,6696.4969718999992,1,VSM.LayoutRemap,0,1
57,316,6696.4969718999992,1,VSM.ResetFeedback,0,1
57,316,6696.4969718999992,1,VSM.MarkReceiverPages,568064,1
57,316,6696.4969718999992,1,VSM.Allocate,226816,1
57,316,6696.4969718999992,1,VSM.InvalidateStatic,0,0
57,316,6696.4969718999992,1,VSM.ClearPhysicalPages,90368,1
57,316,6696.4969718999992,1,VSM.StaticCasterCull,70144,1
57,316,6696.4969718999992,1,VSM.DynamicCasterCull,0,1
57,316,6696.4969718999992,1,VSM.PageCull,51200,1
57,316,6696.4969718999992,1,VSM.StaticRaster,7680,1
57,316,6696.4969718999992,1,VSM.FinalizePages,1792,1
57,316,6696.4969718999992,1,VSM.DynamicRaster,12800,1
57,316,6696.4969718999992,1,VSM.UnityCompatibilityRaster,0,0
57,316,6696.4969718999992,1,VSM.Resolve,8487168,1
57,316,6696.4969718999992,1,VSM.ResolveTrace,7951360,1
57,316,6696.4969718999992,1,VSM.FilterHorizontal,67840,1
57,316,6696.4969718999992,1,VSM.FilterVertical,0,0
57,316,6696.4969718999992,1,VSM.FilterTemporalVertical,158976,1
58,317,6696.5143881999993,1,VSM.PageOccupancy,62464,1
58,317,6696.5143881999993,1,VSM.LayoutRemap,0,1
58,317,6696.5143881999993,1,VSM.ResetFeedback,0,1
58,317,6696.5143881999993,1,VSM.MarkReceiverPages,568576,1
58,317,6696.5143881999993,1,VSM.Allocate,225792,1
58,317,6696.5143881999993,1,VSM.InvalidateStatic,0,0
58,317,6696.5143881999993,1,VSM.ClearPhysicalPages,89856,1
58,317,6696.5143881999993,1,VSM.StaticCasterCull,68608,1
58,317,6696.5143881999993,1,VSM.DynamicCasterCull,0,1
58,317,6696.5143881999993,1,VSM.PageCull,49408,1
58,317,6696.5143881999993,1,VSM.StaticRaster,7424,1
58,317,6696.5143881999993,1,VSM.FinalizePages,1792,1
58,317,6696.5143881999993,1,VSM.DynamicRaster,12800,1
58,317,6696.5143881999993,1,VSM.UnityCompatibilityRaster,0,0
58,317,6696.5143881999993,1,VSM.Resolve,7898368,1
58,317,6696.5143881999993,1,VSM.ResolveTrace,7669504,1
58,317,6696.5143881999993,1,VSM.FilterHorizontal,67072,1
58,317,6696.5143881999993,1,VSM.FilterVertical,0,0
58,317,6696.5143881999993,1,VSM.FilterTemporalVertical,160256,1
59,318,6696.5302226999993,1,VSM.PageOccupancy,62464,1
59,318,6696.5302226999993,1,VSM.LayoutRemap,0,1
59,318,6696.5302226999993,1,VSM.ResetFeedback,0,1
59,318,6696.5302226999993,1,VSM.MarkReceiverPages,569856,1
59,318,6696.5302226999993,1,VSM.Allocate,226048,1
59,318,6696.5302226999993,1,VSM.InvalidateStatic,0,0
59,318,6696.5302226999993,1,VSM.ClearPhysicalPages,90624,1
59,318,6696.5302226999993,1,VSM.StaticCasterCull,69376,1
59,318,6696.5302226999993,1,VSM.DynamicCasterCull,0,1
59,318,6696.5302226999993,1,VSM.PageCull,50432,1
59,318,6696.5302226999993,1,VSM.StaticRaster,7424,1
59,318,6696.5302226999993,1,VSM.FinalizePages,1536,1
59,318,6696.5302226999993,1,VSM.DynamicRaster,14080,1
59,318,6696.5302226999993,1,VSM.UnityCompatibilityRaster,0,0
59,318,6696.5302226999993,1,VSM.Resolve,8109312,1
59,318,6696.5302226999993,1,VSM.ResolveTrace,7882240,1
59,318,6696.5302226999993,1,VSM.FilterHorizontal,67584,1
59,318,6696.5302226999993,1,VSM.FilterVertical,0,0
59,318,6696.5302226999993,1,VSM.FilterTemporalVertical,158208,1
60,319,6696.5476291999994,1,VSM.PageOccupancy,61696,1
60,319,6696.5476291999994,1,VSM.LayoutRemap,0,1
60,319,6696.5476291999994,1,VSM.ResetFeedback,0,1
60,319,6696.5476291999994,1,VSM.MarkReceiverPages,587264,1
60,319,6696.5476291999994,1,VSM.Allocate,224512,1
60,319,6696.5476291999994,1,VSM.InvalidateStatic,0,0
60,319,6696.5476291999994,1,VSM.ClearPhysicalPages,282368,1
60,319,6696.5476291999994,1,VSM.StaticCasterCull,65792,1
60,319,6696.5476291999994,1,VSM.DynamicCasterCull,0,1
60,319,6696.5476291999994,1,VSM.PageCull,41984,1
60,319,6696.5476291999994,1,VSM.StaticRaster,7168,1
60,319,6696.5476291999994,1,VSM.FinalizePages,1792,1
60,319,6696.5476291999994,1,VSM.DynamicRaster,11008,1
60,319,6696.5476291999994,1,VSM.UnityCompatibilityRaster,0,0
60,319,6696.5476291999994,1,VSM.Resolve,7623680,1
60,319,6696.5476291999994,1,VSM.ResolveTrace,7399168,1
60,319,6696.5476291999994,1,VSM.FilterHorizontal,66304,1
60,319,6696.5476291999994,1,VSM.FilterVertical,0,0
60,319,6696.5476291999994,1,VSM.FilterTemporalVertical,156928,1
61,320,6696.5673156999992,1,VSM.PageOccupancy,64000,1
61,320,6696.5673156999992,1,VSM.LayoutRemap,0,1
61,320,6696.5673156999992,1,VSM.ResetFeedback,0,1
61,320,6696.5673156999992,1,VSM.MarkReceiverPages,565504,1
61,320,6696.5673156999992,1,VSM.Allocate,224256,1
61,320,6696.5673156999992,1,VSM.InvalidateStatic,0,0
61,320,6696.5673156999992,1,VSM.ClearPhysicalPages,89600,1
61,320,6696.5673156999992,1,VSM.StaticCasterCull,67072,1
61,320,6696.5673156999992,1,VSM.DynamicCasterCull,0,1
61,320,6696.5673156999992,1,VSM.PageCull,48128,1
61,320,6696.5673156999992,1,VSM.StaticRaster,7680,1
61,320,6696.5673156999992,1,VSM.FinalizePages,2304,1
61,320,6696.5673156999992,1,VSM.DynamicRaster,12544,1
61,320,6696.5673156999992,1,VSM.UnityCompatibilityRaster,0,0
61,320,6696.5673156999992,1,VSM.Resolve,6943488,1
61,320,6696.5673156999992,1,VSM.ResolveTrace,6721024,1
61,320,6696.5673156999992,1,VSM.FilterHorizontal,64256,1
61,320,6696.5673156999992,1,VSM.FilterVertical,0,0
61,320,6696.5673156999992,1,VSM.FilterTemporalVertical,156928,1
62,321,6696.5893234,1,VSM.PageOccupancy,58112,1
62,321,6696.5893234,1,VSM.LayoutRemap,256,1
62,321,6696.5893234,1,VSM.ResetFeedback,0,1
62,321,6696.5893234,1,VSM.MarkReceiverPages,570112,1
62,321,6696.5893234,1,VSM.Allocate,222720,1
62,321,6696.5893234,1,VSM.InvalidateStatic,0,0
62,321,6696.5893234,1,VSM.ClearPhysicalPages,90624,1
62,321,6696.5893234,1,VSM.StaticCasterCull,68096,1
62,321,6696.5893234,1,VSM.DynamicCasterCull,0,1
62,321,6696.5893234,1,VSM.PageCull,49152,1
62,321,6696.5893234,1,VSM.StaticRaster,3328,1
62,321,6696.5893234,1,VSM.FinalizePages,1536,1
62,321,6696.5893234,1,VSM.DynamicRaster,12544,1
62,321,6696.5893234,1,VSM.UnityCompatibilityRaster,0,0
62,321,6696.5893234,1,VSM.Resolve,7589888,1
62,321,6696.5893234,1,VSM.ResolveTrace,6912768,1
62,321,6696.5893234,1,VSM.FilterHorizontal,64768,1
62,321,6696.5893234,1,VSM.FilterVertical,0,0
62,321,6696.5893234,1,VSM.FilterTemporalVertical,611072,1
63,322,6696.6067600999995,1,VSM.PageOccupancy,62976,1
63,322,6696.6067600999995,1,VSM.LayoutRemap,0,1
63,322,6696.6067600999995,1,VSM.ResetFeedback,0,1
63,322,6696.6067600999995,1,VSM.MarkReceiverPages,568832,1
63,322,6696.6067600999995,1,VSM.Allocate,225280,1
63,322,6696.6067600999995,1,VSM.InvalidateStatic,0,0
63,322,6696.6067600999995,1,VSM.ClearPhysicalPages,91392,1
63,322,6696.6067600999995,1,VSM.StaticCasterCull,65024,1
63,322,6696.6067600999995,1,VSM.DynamicCasterCull,0,1
63,322,6696.6067600999995,1,VSM.PageCull,45568,1
63,322,6696.6067600999995,1,VSM.StaticRaster,7168,1
63,322,6696.6067600999995,1,VSM.FinalizePages,2304,1
63,322,6696.6067600999995,1,VSM.DynamicRaster,11264,1
63,322,6696.6067600999995,1,VSM.UnityCompatibilityRaster,0,0
63,322,6696.6067600999995,1,VSM.Resolve,8282880,1
63,322,6696.6067600999995,1,VSM.ResolveTrace,7916544,1
63,322,6696.6067600999995,1,VSM.FilterHorizontal,67840,1
63,322,6696.6067600999995,1,VSM.FilterVertical,0,0
63,322,6696.6067600999995,1,VSM.FilterTemporalVertical,157952,1
64,323,6696.6247375999992,1,VSM.PageOccupancy,64256,1
64,323,6696.6247375999992,1,VSM.LayoutRemap,0,1
64,323,6696.6247375999992,1,VSM.ResetFeedback,0,1
64,323,6696.6247375999992,1,VSM.MarkReceiverPages,569344,1
64,323,6696.6247375999992,1,VSM.Allocate,226560,1
64,323,6696.6247375999992,1,VSM.InvalidateStatic,0,0
64,323,6696.6247375999992,1,VSM.ClearPhysicalPages,90624,1
64,323,6696.6247375999992,1,VSM.StaticCasterCull,227840,1
64,323,6696.6247375999992,1,VSM.DynamicCasterCull,0,1
64,323,6696.6247375999992,1,VSM.PageCull,42496,1
64,323,6696.6247375999992,1,VSM.StaticRaster,7424,1
64,323,6696.6247375999992,1,VSM.FinalizePages,1536,1
64,323,6696.6247375999992,1,VSM.DynamicRaster,11008,1
64,323,6696.6247375999992,1,VSM.UnityCompatibilityRaster,0,0
64,323,6696.6247375999992,1,VSM.Resolve,8753152,1
64,323,6696.6247375999992,1,VSM.ResolveTrace,8524800,1
64,323,6696.6247375999992,1,VSM.FilterHorizontal,66048,1
64,323,6696.6247375999992,1,VSM.FilterVertical,0,0
64,323,6696.6247375999992,1,VSM.FilterTemporalVertical,161024,1
65,324,6696.6438312,1,VSM.PageOccupancy,61440,1
65,324,6696.6438312,1,VSM.LayoutRemap,0,1
65,324,6696.6438312,1,VSM.ResetFeedback,0,1
65,324,6696.6438312,1,VSM.MarkReceiverPages,583936,1
65,324,6696.6438312,1,VSM.Allocate,226304,1
65,324,6696.6438312,1,VSM.InvalidateStatic,0,0
65,324,6696.6438312,1,VSM.ClearPhysicalPages,90112,1
65,324,6696.6438312,1,VSM.StaticCasterCull,60928,1
65,324,6696.6438312,1,VSM.DynamicCasterCull,0,1
65,324,6696.6438312,1,VSM.PageCull,42752,1
65,324,6696.6438312,1,VSM.StaticRaster,197120,1
65,324,6696.6438312,1,VSM.FinalizePages,1792,1
65,324,6696.6438312,1,VSM.DynamicRaster,11008,1
65,324,6696.6438312,1,VSM.UnityCompatibilityRaster,0,0
65,324,6696.6438312,1,VSM.Resolve,7059456,1
65,324,6696.6438312,1,VSM.ResolveTrace,6838272,1
65,324,6696.6438312,1,VSM.FilterHorizontal,64768,1
65,324,6696.6438312,1,VSM.FilterVertical,0,0
65,324,6696.6438312,1,VSM.FilterTemporalVertical,155648,1
66,325,6696.6616856,1,VSM.PageOccupancy,61184,1
66,325,6696.6616856,1,VSM.LayoutRemap,0,1
66,325,6696.6616856,1,VSM.ResetFeedback,0,1
66,325,6696.6616856,1,VSM.MarkReceiverPages,569088,1
66,325,6696.6616856,1,VSM.Allocate,225024,1
66,325,6696.6616856,1,VSM.InvalidateStatic,0,0
66,325,6696.6616856,1,VSM.ClearPhysicalPages,90368,1
66,325,6696.6616856,1,VSM.StaticCasterCull,68608,1
66,325,6696.6616856,1,VSM.DynamicCasterCull,0,1
66,325,6696.6616856,1,VSM.PageCull,49664,1
66,325,6696.6616856,1,VSM.StaticRaster,7168,1
66,325,6696.6616856,1,VSM.FinalizePages,1792,1
66,325,6696.6616856,1,VSM.DynamicRaster,13056,1
66,325,6696.6616856,1,VSM.UnityCompatibilityRaster,0,0
66,325,6696.6616856,1,VSM.Resolve,8040704,1
66,325,6696.6616856,1,VSM.ResolveTrace,7814912,1
66,325,6696.6616856,1,VSM.FilterHorizontal,64512,1
66,325,6696.6616856,1,VSM.FilterVertical,0,0
66,325,6696.6616856,1,VSM.FilterTemporalVertical,159744,1
67,326,6696.6803453999992,1,VSM.PageOccupancy,130816,1
67,326,6696.6803453999992,1,VSM.LayoutRemap,0,1
67,326,6696.6803453999992,1,VSM.ResetFeedback,0,1
67,326,6696.6803453999992,1,VSM.MarkReceiverPages,569856,1
67,326,6696.6803453999992,1,VSM.Allocate,225280,1
67,326,6696.6803453999992,1,VSM.InvalidateStatic,0,0
67,326,6696.6803453999992,1,VSM.ClearPhysicalPages,90368,1
67,326,6696.6803453999992,1,VSM.StaticCasterCull,67584,1
67,326,6696.6803453999992,1,VSM.DynamicCasterCull,0,1
67,326,6696.6803453999992,1,VSM.PageCull,48640,1
67,326,6696.6803453999992,1,VSM.StaticRaster,7168,1
67,326,6696.6803453999992,1,VSM.FinalizePages,1536,1
67,326,6696.6803453999992,1,VSM.DynamicRaster,14848,1
67,326,6696.6803453999992,1,VSM.UnityCompatibilityRaster,0,0
67,326,6696.6803453999992,1,VSM.Resolve,7841024,1
67,326,6696.6803453999992,1,VSM.ResolveTrace,7612928,1
67,326,6696.6803453999992,1,VSM.FilterHorizontal,67840,1
67,326,6696.6803453999992,1,VSM.FilterVertical,0,0
67,326,6696.6803453999992,1,VSM.FilterTemporalVertical,158976,1
68,327,6696.6995878,1,VSM.PageOccupancy,62464,1
68,327,6696.6995878,1,VSM.LayoutRemap,0,1
68,327,6696.6995878,1,VSM.ResetFeedback,0,1
68,327,6696.6995878,1,VSM.MarkReceiverPages,568576,1
68,327,6696.6995878,1,VSM.Allocate,226048,1
68,327,6696.6995878,1,VSM.InvalidateStatic,0,0
68,327,6696.6995878,1,VSM.ClearPhysicalPages,90368,1
68,327,6696.6995878,1,VSM.StaticCasterCull,430080,1
68,327,6696.6995878,1,VSM.DynamicCasterCull,0,1
68,327,6696.6995878,1,VSM.PageCull,410368,1
68,327,6696.6995878,1,VSM.StaticRaster,7424,1
68,327,6696.6995878,1,VSM.FinalizePages,2048,1
68,327,6696.6995878,1,VSM.DynamicRaster,12800,1
68,327,6696.6995878,1,VSM.UnityCompatibilityRaster,0,0
68,327,6696.6995878,1,VSM.Resolve,7375872,1
68,327,6696.6995878,1,VSM.ResolveTrace,6998784,1
68,327,6696.6995878,1,VSM.FilterHorizontal,65792,1
68,327,6696.6995878,1,VSM.FilterVertical,0,0
68,327,6696.6995878,1,VSM.FilterTemporalVertical,159232,1
69,328,6696.7176456,1,VSM.PageOccupancy,63232,1
69,328,6696.7176456,1,VSM.LayoutRemap,0,1
69,328,6696.7176456,1,VSM.ResetFeedback,0,1
69,328,6696.7176456,1,VSM.MarkReceiverPages,566528,1
69,328,6696.7176456,1,VSM.Allocate,222976,1
69,328,6696.7176456,1,VSM.InvalidateStatic,0,0
69,328,6696.7176456,1,VSM.ClearPhysicalPages,89600,1
69,328,6696.7176456,1,VSM.StaticCasterCull,68608,1
69,328,6696.7176456,1,VSM.DynamicCasterCull,0,1
69,328,6696.7176456,1,VSM.PageCull,49920,1
69,328,6696.7176456,1,VSM.StaticRaster,7936,1
69,328,6696.7176456,1,VSM.FinalizePages,1792,1
69,328,6696.7176456,1,VSM.DynamicRaster,12288,1
69,328,6696.7176456,1,VSM.UnityCompatibilityRaster,0,0
69,328,6696.7176456,1,VSM.Resolve,6906880,1
69,328,6696.7176456,1,VSM.ResolveTrace,6684160,1
69,328,6696.7176456,1,VSM.FilterHorizontal,64512,1
69,328,6696.7176456,1,VSM.FilterVertical,0,0
69,328,6696.7176456,1,VSM.FilterTemporalVertical,156928,1
70,329,6696.7355896,1,VSM.PageOccupancy,59136,1
70,329,6696.7355896,1,VSM.LayoutRemap,0,1
70,329,6696.7355896,1,VSM.ResetFeedback,0,1
70,329,6696.7355896,1,VSM.MarkReceiverPages,565504,1
70,329,6696.7355896,1,VSM.Allocate,225536,1
70,329,6696.7355896,1,VSM.InvalidateStatic,0,0
70,329,6696.7355896,1,VSM.ClearPhysicalPages,89856,1
70,329,6696.7355896,1,VSM.StaticCasterCull,245760,1
70,329,6696.7355896,1,VSM.DynamicCasterCull,0,1
70,329,6696.7355896,1,VSM.PageCull,49152,1
70,329,6696.7355896,1,VSM.StaticRaster,4608,1
70,329,6696.7355896,1,VSM.FinalizePages,1792,1
70,329,6696.7355896,1,VSM.DynamicRaster,18176,1
70,329,6696.7355896,1,VSM.UnityCompatibilityRaster,0,0
70,329,6696.7355896,1,VSM.Resolve,6918400,1
70,329,6696.7355896,1,VSM.ResolveTrace,6695424,1
70,329,6696.7355896,1,VSM.FilterHorizontal,64000,1
70,329,6696.7355896,1,VSM.FilterVertical,0,0
70,329,6696.7355896,1,VSM.FilterTemporalVertical,157952,1
71,330,6696.752587,1,VSM.PageOccupancy,56576,1
71,330,6696.752587,1,VSM.LayoutRemap,0,1
71,330,6696.752587,1,VSM.ResetFeedback,0,1
71,330,6696.752587,1,VSM.MarkReceiverPages,567040,1
71,330,6696.752587,1,VSM.Allocate,224256,1
71,330,6696.752587,1,VSM.InvalidateStatic,0,0
71,330,6696.752587,1,VSM.ClearPhysicalPages,89344,1
71,330,6696.752587,1,VSM.StaticCasterCull,347904,1
71,330,6696.752587,1,VSM.DynamicCasterCull,0,1
71,330,6696.752587,1,VSM.PageCull,48896,1
71,330,6696.752587,1,VSM.StaticRaster,8192,1
71,330,6696.752587,1,VSM.FinalizePages,1792,1
71,330,6696.752587,1,VSM.DynamicRaster,17152,1
71,330,6696.752587,1,VSM.UnityCompatibilityRaster,0,0
71,330,6696.752587,1,VSM.Resolve,7358976,1
71,330,6696.752587,1,VSM.ResolveTrace,6990848,1
71,330,6696.752587,1,VSM.FilterHorizontal,65024,1
71,330,6696.752587,1,VSM.FilterVertical,0,0
71,330,6696.752587,1,VSM.FilterTemporalVertical,156672,1
72,331,6696.7683861999994,1,VSM.PageOccupancy,59392,1
72,331,6696.7683861999994,1,VSM.LayoutRemap,0,1
72,331,6696.7683861999994,1,VSM.ResetFeedback,0,1
72,331,6696.7683861999994,1,VSM.MarkReceiverPages,567040,1
72,331,6696.7683861999994,1,VSM.Allocate,223744,1
72,331,6696.7683861999994,1,VSM.InvalidateStatic,0,0
72,331,6696.7683861999994,1,VSM.ClearPhysicalPages,89344,1
72,331,6696.7683861999994,1,VSM.StaticCasterCull,66816,1
72,331,6696.7683861999994,1,VSM.DynamicCasterCull,0,1
72,331,6696.7683861999994,1,VSM.PageCull,47872,1
72,331,6696.7683861999994,1,VSM.StaticRaster,7424,1
72,331,6696.7683861999994,1,VSM.FinalizePages,1792,1
72,331,6696.7683861999994,1,VSM.DynamicRaster,13824,1
72,331,6696.7683861999994,1,VSM.UnityCompatibilityRaster,0,0
72,331,6696.7683861999994,1,VSM.Resolve,6796032,1
72,331,6696.7683861999994,1,VSM.ResolveTrace,6573312,1
72,331,6696.7683861999994,1,VSM.FilterHorizontal,64256,1
72,331,6696.7683861999994,1,VSM.FilterVertical,0,0
72,331,6696.7683861999994,1,VSM.FilterTemporalVertical,157440,1
73,332,6696.7843737999992,1,VSM.PageOccupancy,59904,1
73,332,6696.7843737999992,1,VSM.LayoutRemap,0,1
73,332,6696.7843737999992,1,VSM.ResetFeedback,0,1
73,332,6696.7843737999992,1,VSM.MarkReceiverPages,567552,1
73,332,6696.7843737999992,1,VSM.Allocate,223232,1
73,332,6696.7843737999992,1,VSM.InvalidateStatic,0,0
73,332,6696.7843737999992,1,VSM.ClearPhysicalPages,89600,1
73,332,6696.7843737999992,1,VSM.StaticCasterCull,69120,1
73,332,6696.7843737999992,1,VSM.DynamicCasterCull,0,1
73,332,6696.7843737999992,1,VSM.PageCull,50176,1
73,332,6696.7843737999992,1,VSM.StaticRaster,7168,1
73,332,6696.7843737999992,1,VSM.FinalizePages,1792,1
73,332,6696.7843737999992,1,VSM.DynamicRaster,13056,1
73,332,6696.7843737999992,1,VSM.UnityCompatibilityRaster,0,0
73,332,6696.7843737999992,1,VSM.Resolve,7906560,1
73,332,6696.7843737999992,1,VSM.ResolveTrace,7013888,1
73,332,6696.7843737999992,1,VSM.FilterHorizontal,64768,1
73,332,6696.7843737999992,1,VSM.FilterVertical,0,0
73,332,6696.7843737999992,1,VSM.FilterTemporalVertical,827136,1
74,333,6696.8004738,1,VSM.PageOccupancy,60672,1
74,333,6696.8004738,1,VSM.LayoutRemap,0,1
74,333,6696.8004738,1,VSM.ResetFeedback,0,1
74,333,6696.8004738,1,VSM.MarkReceiverPages,565504,1
74,333,6696.8004738,1,VSM.Allocate,223488,1
74,333,6696.8004738,1,VSM.InvalidateStatic,0,0
74,333,6696.8004738,1,VSM.ClearPhysicalPages,89856,1
74,333,6696.8004738,1,VSM.StaticCasterCull,67328,1
74,333,6696.8004738,1,VSM.DynamicCasterCull,0,1
74,333,6696.8004738,1,VSM.PageCull,48640,1
74,333,6696.8004738,1,VSM.StaticRaster,3072,1
74,333,6696.8004738,1,VSM.FinalizePages,1536,1
74,333,6696.8004738,1,VSM.DynamicRaster,15360,1
74,333,6696.8004738,1,VSM.UnityCompatibilityRaster,0,0
74,333,6696.8004738,1,VSM.Resolve,7191296,1
74,333,6696.8004738,1,VSM.ResolveTrace,6969344,1
74,333,6696.8004738,1,VSM.FilterHorizontal,64000,1
74,333,6696.8004738,1,VSM.FilterVertical,0,0
74,333,6696.8004738,1,VSM.FilterTemporalVertical,156928,1
75,334,6696.8158589999994,1,VSM.PageOccupancy,59392,1
75,334,6696.8158589999994,1,VSM.LayoutRemap,0,1
75,334,6696.8158589999994,1,VSM.ResetFeedback,0,1
75,334,6696.8158589999994,1,VSM.MarkReceiverPages,566528,1
75,334,6696.8158589999994,1,VSM.Allocate,224000,1
75,334,6696.8158589999994,1,VSM.InvalidateStatic,0,0
75,334,6696.8158589999994,1,VSM.ClearPhysicalPages,89856,1
75,334,6696.8158589999994,1,VSM.StaticCasterCull,69632,1
75,334,6696.8158589999994,1,VSM.DynamicCasterCull,0,1
75,334,6696.8158589999994,1,VSM.PageCull,50432,1
75,334,6696.8158589999994,1,VSM.StaticRaster,7424,1
75,334,6696.8158589999994,1,VSM.FinalizePages,1536,1
75,334,6696.8158589999994,1,VSM.DynamicRaster,12800,1
75,334,6696.8158589999994,1,VSM.UnityCompatibilityRaster,0,0
75,334,6696.8158589999994,1,VSM.Resolve,7422976,1
75,334,6696.8158589999994,1,VSM.ResolveTrace,7200256,1
75,334,6696.8158589999994,1,VSM.FilterHorizontal,64512,1
75,334,6696.8158589999994,1,VSM.FilterVertical,0,0
75,334,6696.8158589999994,1,VSM.FilterTemporalVertical,157440,1
76,335,6696.8297636,1,VSM.PageOccupancy,58368,1
76,335,6696.8297636,1,VSM.LayoutRemap,0,1
76,335,6696.8297636,1,VSM.ResetFeedback,0,1
76,335,6696.8297636,1,VSM.MarkReceiverPages,568320,1
76,335,6696.8297636,1,VSM.Allocate,224256,1
76,335,6696.8297636,1,VSM.InvalidateStatic,0,0
76,335,6696.8297636,1,VSM.ClearPhysicalPages,89600,1
76,335,6696.8297636,1,VSM.StaticCasterCull,252672,1
76,335,6696.8297636,1,VSM.DynamicCasterCull,0,1
76,335,6696.8297636,1,VSM.PageCull,50432,1
76,335,6696.8297636,1,VSM.StaticRaster,9216,1
76,335,6696.8297636,1,VSM.FinalizePages,1792,1
76,335,6696.8297636,1,VSM.DynamicRaster,18432,1
76,335,6696.8297636,1,VSM.UnityCompatibilityRaster,0,0
76,335,6696.8297636,1,VSM.Resolve,7194880,1
76,335,6696.8297636,1,VSM.ResolveTrace,6967296,1
76,335,6696.8297636,1,VSM.FilterHorizontal,66816,1
76,335,6696.8297636,1,VSM.FilterVertical,0,0
76,335,6696.8297636,1,VSM.FilterTemporalVertical,159488,1
77,336,6696.8446729,1,VSM.PageOccupancy,61440,1
77,336,6696.8446729,1,VSM.LayoutRemap,0,1
77,336,6696.8446729,1,VSM.ResetFeedback,0,1
77,336,6696.8446729,1,VSM.MarkReceiverPages,569344,1
77,336,6696.8446729,1,VSM.Allocate,224512,1
77,336,6696.8446729,1,VSM.InvalidateStatic,0,0
77,336,6696.8446729,1,VSM.ClearPhysicalPages,90624,1
77,336,6696.8446729,1,VSM.StaticCasterCull,68864,1
77,336,6696.8446729,1,VSM.DynamicCasterCull,0,1
77,336,6696.8446729,1,VSM.PageCull,50176,1
77,336,6696.8446729,1,VSM.StaticRaster,6656,1
77,336,6696.8446729,1,VSM.FinalizePages,1792,1
77,336,6696.8446729,1,VSM.DynamicRaster,13824,1
77,336,6696.8446729,1,VSM.UnityCompatibilityRaster,0,0
77,336,6696.8446729,1,VSM.Resolve,6777600,1
77,336,6696.8446729,1,VSM.ResolveTrace,6556160,1
77,336,6696.8446729,1,VSM.FilterHorizontal,64256,1
77,336,6696.8446729,1,VSM.FilterVertical,0,0
77,336,6696.8446729,1,VSM.FilterTemporalVertical,156160,1
78,337,6696.8599109,1,VSM.PageOccupancy,59648,1
78,337,6696.8599109,1,VSM.LayoutRemap,0,1
78,337,6696.8599109,1,VSM.ResetFeedback,0,1
78,337,6696.8599109,1,VSM.MarkReceiverPages,566016,1
78,337,6696.8599109,1,VSM.Allocate,223744,1
78,337,6696.8599109,1,VSM.InvalidateStatic,0,0
78,337,6696.8599109,1,VSM.ClearPhysicalPages,89856,1
78,337,6696.8599109,1,VSM.StaticCasterCull,70144,1
78,337,6696.8599109,1,VSM.DynamicCasterCull,0,1
78,337,6696.8599109,1,VSM.PageCull,51200,1
78,337,6696.8599109,1,VSM.StaticRaster,7168,1
78,337,6696.8599109,1,VSM.FinalizePages,1792,1
78,337,6696.8599109,1,VSM.DynamicRaster,13824,1
78,337,6696.8599109,1,VSM.UnityCompatibilityRaster,0,0
78,337,6696.8599109,1,VSM.Resolve,6014464,1
78,337,6696.8599109,1,VSM.ResolveTrace,5606912,1
78,337,6696.8599109,1,VSM.FilterHorizontal,63744,1
78,337,6696.8599109,1,VSM.FilterVertical,0,0
78,337,6696.8599109,1,VSM.FilterTemporalVertical,157440,1
79,338,6696.8760464,1,VSM.PageOccupancy,65792,1
79,338,6696.8760464,1,VSM.LayoutRemap,0,1
79,338,6696.8760464,1,VSM.ResetFeedback,0,1
79,338,6696.8760464,1,VSM.MarkReceiverPages,568064,1
79,338,6696.8760464,1,VSM.Allocate,225792,1
79,338,6696.8760464,1,VSM.InvalidateStatic,0,0
79,338,6696.8760464,1,VSM.ClearPhysicalPages,90624,1
79,338,6696.8760464,1,VSM.StaticCasterCull,68864,1
79,338,6696.8760464,1,VSM.DynamicCasterCull,0,1
79,338,6696.8760464,1,VSM.PageCull,49920,1
79,338,6696.8760464,1,VSM.StaticRaster,7424,1
79,338,6696.8760464,1,VSM.FinalizePages,1536,1
79,338,6696.8760464,1,VSM.DynamicRaster,13312,1
79,338,6696.8760464,1,VSM.UnityCompatibilityRaster,0,0
79,338,6696.8760464,1,VSM.Resolve,6426624,1
79,338,6696.8760464,1,VSM.ResolveTrace,6203648,1
79,338,6696.8760464,1,VSM.FilterHorizontal,64768,1
79,338,6696.8760464,1,VSM.FilterVertical,0,0
79,338,6696.8760464,1,VSM.FilterTemporalVertical,157184,1
80,339,6696.8919532,1,VSM.PageOccupancy,61184,1
80,339,6696.8919532,1,VSM.LayoutRemap,0,1
80,339,6696.8919532,1,VSM.ResetFeedback,0,1
80,339,6696.8919532,1,VSM.MarkReceiverPages,568576,1
80,339,6696.8919532,1,VSM.Allocate,225792,1
80,339,6696.8919532,1,VSM.InvalidateStatic,0,0
80,339,6696.8919532,1,VSM.ClearPhysicalPages,90112,1
80,339,6696.8919532,1,VSM.StaticCasterCull,68608,1
80,339,6696.8919532,1,VSM.DynamicCasterCull,0,1
80,339,6696.8919532,1,VSM.PageCull,49408,1
80,339,6696.8919532,1,VSM.StaticRaster,7168,1
80,339,6696.8919532,1,VSM.FinalizePages,1536,1
80,339,6696.8919532,1,VSM.DynamicRaster,12032,1
80,339,6696.8919532,1,VSM.UnityCompatibilityRaster,0,0
80,339,6696.8919532,1,VSM.Resolve,6618624,1
80,339,6696.8919532,1,VSM.ResolveTrace,6394368,1
80,339,6696.8919532,1,VSM.FilterHorizontal,64512,1
80,339,6696.8919532,1,VSM.FilterVertical,0,0
80,339,6696.8919532,1,VSM.FilterTemporalVertical,158464,1
81,340,6696.9074382,1,VSM.PageOccupancy,58880,1
81,340,6696.9074382,1,VSM.LayoutRemap,0,1
81,340,6696.9074382,1,VSM.ResetFeedback,0,1
81,340,6696.9074382,1,VSM.MarkReceiverPages,569856,1
81,340,6696.9074382,1,VSM.Allocate,225536,1
81,340,6696.9074382,1,VSM.InvalidateStatic,0,0
81,340,6696.9074382,1,VSM.ClearPhysicalPages,90624,1
81,340,6696.9074382,1,VSM.StaticCasterCull,68096,1
81,340,6696.9074382,1,VSM.DynamicCasterCull,0,1
81,340,6696.9074382,1,VSM.PageCull,49408,1
81,340,6696.9074382,1,VSM.StaticRaster,7424,1
81,340,6696.9074382,1,VSM.FinalizePages,2048,1
81,340,6696.9074382,1,VSM.DynamicRaster,14592,1
81,340,6696.9074382,1,VSM.UnityCompatibilityRaster,0,0
81,340,6696.9074382,1,VSM.Resolve,6749952,1
81,340,6696.9074382,1,VSM.ResolveTrace,6527744,1
81,340,6696.9074382,1,VSM.FilterHorizontal,64000,1
81,340,6696.9074382,1,VSM.FilterVertical,0,0
81,340,6696.9074382,1,VSM.FilterTemporalVertical,156928,1
82,341,6696.9242765,1,VSM.PageOccupancy,61952,1
82,341,6696.9242765,1,VSM.LayoutRemap,0,1
82,341,6696.9242765,1,VSM.ResetFeedback,0,1
82,341,6696.9242765,1,VSM.MarkReceiverPages,566272,1
82,341,6696.9242765,1,VSM.Allocate,223232,1
82,341,6696.9242765,1,VSM.InvalidateStatic,0,0
82,341,6696.9242765,1,VSM.ClearPhysicalPages,89856,1
82,341,6696.9242765,1,VSM.StaticCasterCull,68608,1
82,341,6696.9242765,1,VSM.DynamicCasterCull,0,1
82,341,6696.9242765,1,VSM.PageCull,49408,1
82,341,6696.9242765,1,VSM.StaticRaster,7424,1
82,341,6696.9242765,1,VSM.FinalizePages,1536,1
82,341,6696.9242765,1,VSM.DynamicRaster,13312,1
82,341,6696.9242765,1,VSM.UnityCompatibilityRaster,0,0
82,341,6696.9242765,1,VSM.Resolve,7442944,1
82,341,6696.9242765,1,VSM.ResolveTrace,7024640,1
82,341,6696.9242765,1,VSM.FilterHorizontal,65536,1
82,341,6696.9242765,1,VSM.FilterVertical,0,0
82,341,6696.9242765,1,VSM.FilterTemporalVertical,351744,1
83,342,6696.9398114,1,VSM.PageOccupancy,57088,1
83,342,6696.9398114,1,VSM.LayoutRemap,0,1
83,342,6696.9398114,1,VSM.ResetFeedback,0,1
83,342,6696.9398114,1,VSM.MarkReceiverPages,566016,1
83,342,6696.9398114,1,VSM.Allocate,222976,1
83,342,6696.9398114,1,VSM.InvalidateStatic,0,0
83,342,6696.9398114,1,VSM.ClearPhysicalPages,89856,1
83,342,6696.9398114,1,VSM.StaticCasterCull,224256,1
83,342,6696.9398114,1,VSM.DynamicCasterCull,0,1
83,342,6696.9398114,1,VSM.PageCull,49408,1
83,342,6696.9398114,1,VSM.StaticRaster,4608,1
83,342,6696.9398114,1,VSM.FinalizePages,1536,1
83,342,6696.9398114,1,VSM.DynamicRaster,18944,1
83,342,6696.9398114,1,VSM.UnityCompatibilityRaster,0,0
83,342,6696.9398114,1,VSM.Resolve,6370560,1
83,342,6696.9398114,1,VSM.ResolveTrace,6148096,1
83,342,6696.9398114,1,VSM.FilterHorizontal,64000,1
83,342,6696.9398114,1,VSM.FilterVertical,0,0
83,342,6696.9398114,1,VSM.FilterTemporalVertical,156928,1
84,343,6696.9546396,1,VSM.PageOccupancy,62720,1
84,343,6696.9546396,1,VSM.LayoutRemap,0,1
84,343,6696.9546396,1,VSM.ResetFeedback,0,1
84,343,6696.9546396,1,VSM.MarkReceiverPages,567808,1
84,343,6696.9546396,1,VSM.Allocate,225792,1
84,343,6696.9546396,1,VSM.InvalidateStatic,0,0
84,343,6696.9546396,1,VSM.ClearPhysicalPages,90368,1
84,343,6696.9546396,1,VSM.StaticCasterCull,68864,1
84,343,6696.9546396,1,VSM.DynamicCasterCull,0,1
84,343,6696.9546396,1,VSM.PageCull,49408,1
84,343,6696.9546396,1,VSM.StaticRaster,7168,1
84,343,6696.9546396,1,VSM.FinalizePages,1792,1
84,343,6696.9546396,1,VSM.DynamicRaster,14592,1
84,343,6696.9546396,1,VSM.UnityCompatibilityRaster,0,0
84,343,6696.9546396,1,VSM.Resolve,7154688,1
84,343,6696.9546396,1,VSM.ResolveTrace,6695680,1
84,343,6696.9546396,1,VSM.FilterHorizontal,64256,1
84,343,6696.9546396,1,VSM.FilterVertical,0,0
84,343,6696.9546396,1,VSM.FilterTemporalVertical,393472,1
85,344,6696.9729804,1,VSM.PageOccupancy,61952,1
85,344,6696.9729804,1,VSM.LayoutRemap,0,1
85,344,6696.9729804,1,VSM.ResetFeedback,0,1
85,344,6696.9729804,1,VSM.MarkReceiverPages,569088,1
85,344,6696.9729804,1,VSM.Allocate,224512,1
85,344,6696.9729804,1,VSM.InvalidateStatic,0,0
85,344,6696.9729804,1,VSM.ClearPhysicalPages,90624,1
85,344,6696.9729804,1,VSM.StaticCasterCull,69376,1
85,344,6696.9729804,1,VSM.DynamicCasterCull,0,1
85,344,6696.9729804,1,VSM.PageCull,50688,1
85,344,6696.9729804,1,VSM.StaticRaster,7680,1
85,344,6696.9729804,1,VSM.FinalizePages,1536,1
85,344,6696.9729804,1,VSM.DynamicRaster,13568,1
85,344,6696.9729804,1,VSM.UnityCompatibilityRaster,0,0
85,344,6696.9729804,1,VSM.Resolve,6419456,1
85,344,6696.9729804,1,VSM.ResolveTrace,6194688,1
85,344,6696.9729804,1,VSM.FilterHorizontal,65024,1
85,344,6696.9729804,1,VSM.FilterVertical,0,0
85,344,6696.9729804,1,VSM.FilterTemporalVertical,158464,1
86,345,6696.98806,1,VSM.PageOccupancy,61440,1
86,345,6696.98806,1,VSM.LayoutRemap,256,1
86,345,6696.98806,1,VSM.ResetFeedback,0,1
86,345,6696.98806,1,VSM.MarkReceiverPages,568832,1
86,345,6696.98806,1,VSM.Allocate,226816,1
86,345,6696.98806,1,VSM.InvalidateStatic,0,0
86,345,6696.98806,1,VSM.ClearPhysicalPages,90624,1
86,345,6696.98806,1,VSM.StaticCasterCull,68608,1
86,345,6696.98806,1,VSM.DynamicCasterCull,0,1
86,345,6696.98806,1,VSM.PageCull,50176,1
86,345,6696.98806,1,VSM.StaticRaster,7680,1
86,345,6696.98806,1,VSM.FinalizePages,1536,1
86,345,6696.98806,1,VSM.DynamicRaster,13568,1
86,345,6696.98806,1,VSM.UnityCompatibilityRaster,0,0
86,345,6696.98806,1,VSM.Resolve,6446336,1
86,345,6696.98806,1,VSM.ResolveTrace,6055936,1
86,345,6696.98806,1,VSM.FilterHorizontal,63232,1
86,345,6696.98806,1,VSM.FilterVertical,0,0
86,345,6696.98806,1,VSM.FilterTemporalVertical,325888,1
87,346,6697.0054124,1,VSM.PageOccupancy,61184,1
87,346,6697.0054124,1,VSM.LayoutRemap,0,1
87,346,6697.0054124,1,VSM.ResetFeedback,0,1
87,346,6697.0054124,1,VSM.MarkReceiverPages,566528,1
87,346,6697.0054124,1,VSM.Allocate,224512,1
87,346,6697.0054124,1,VSM.InvalidateStatic,0,0
87,346,6697.0054124,1,VSM.ClearPhysicalPages,90112,1
87,346,6697.0054124,1,VSM.StaticCasterCull,68864,1
87,346,6697.0054124,1,VSM.DynamicCasterCull,0,1
87,346,6697.0054124,1,VSM.PageCull,50176,1
87,346,6697.0054124,1,VSM.StaticRaster,7424,1
87,346,6697.0054124,1,VSM.FinalizePages,1792,1
87,346,6697.0054124,1,VSM.DynamicRaster,12544,1
87,346,6697.0054124,1,VSM.UnityCompatibilityRaster,0,0
87,346,6697.0054124,1,VSM.Resolve,7585792,1
87,346,6697.0054124,1,VSM.ResolveTrace,7362048,1
87,346,6697.0054124,1,VSM.FilterHorizontal,65536,1
87,346,6697.0054124,1,VSM.FilterVertical,0,0
87,346,6697.0054124,1,VSM.FilterTemporalVertical,156928,1
88,347,6697.0234585,1,VSM.PageOccupancy,64256,1
88,347,6697.0234585,1,VSM.LayoutRemap,0,1
88,347,6697.0234585,1,VSM.ResetFeedback,256,1
88,347,6697.0234585,1,VSM.MarkReceiverPages,569600,1
88,347,6697.0234585,1,VSM.Allocate,225536,1
88,347,6697.0234585,1,VSM.InvalidateStatic,0,0
88,347,6697.0234585,1,VSM.ClearPhysicalPages,90112,1
88,347,6697.0234585,1,VSM.StaticCasterCull,67584,1
88,347,6697.0234585,1,VSM.DynamicCasterCull,0,1
88,347,6697.0234585,1,VSM.PageCull,49408,1
88,347,6697.0234585,1,VSM.StaticRaster,3584,1
88,347,6697.0234585,1,VSM.FinalizePages,2048,1
88,347,6697.0234585,1,VSM.DynamicRaster,13568,1
88,347,6697.0234585,1,VSM.UnityCompatibilityRaster,0,0
88,347,6697.0234585,1,VSM.Resolve,5879552,1
88,347,6697.0234585,1,VSM.ResolveTrace,5658112,1
88,347,6697.0234585,1,VSM.FilterHorizontal,64000,1
88,347,6697.0234585,1,VSM.FilterVertical,0,0
88,347,6697.0234585,1,VSM.FilterTemporalVertical,157184,1
89,348,6697.0454690999995,1,VSM.PageOccupancy,75008,1
89,348,6697.0454690999995,1,VSM.LayoutRemap,0,1
89,348,6697.0454690999995,1,VSM.ResetFeedback,0,1
89,348,6697.0454690999995,1,VSM.MarkReceiverPages,569344,1
89,348,6697.0454690999995,1,VSM.Allocate,226816,1
89,348,6697.0454690999995,1,VSM.InvalidateStatic,0,0
89,348,6697.0454690999995,1,VSM.ClearPhysicalPages,91136,1
89,348,6697.0454690999995,1,VSM.StaticCasterCull,67584,1
89,348,6697.0454690999995,1,VSM.DynamicCasterCull,0,1
89,348,6697.0454690999995,1,VSM.PageCull,48896,1
89,348,6697.0454690999995,1,VSM.StaticRaster,7424,1
89,348,6697.0454690999995,1,VSM.FinalizePages,1792,1
89,348,6697.0454690999995,1,VSM.DynamicRaster,13312,1
89,348,6697.0454690999995,1,VSM.UnityCompatibilityRaster,0,0
89,348,6697.0454690999995,1,VSM.Resolve,6790400,1
89,348,6697.0454690999995,1,VSM.ResolveTrace,6565888,1
89,348,6697.0454690999995,1,VSM.FilterHorizontal,64768,1
89,348,6697.0454690999995,1,VSM.FilterVertical,0,0
89,348,6697.0454690999995,1,VSM.FilterTemporalVertical,158464,1
90,349,6697.0643553,1,VSM.PageOccupancy,62464,1
90,349,6697.0643553,1,VSM.LayoutRemap,0,1
90,349,6697.0643553,1,VSM.ResetFeedback,0,1
90,349,6697.0643553,1,VSM.MarkReceiverPages,570368,1
90,349,6697.0643553,1,VSM.Allocate,225024,1
90,349,6697.0643553,1,VSM.InvalidateStatic,0,0
90,349,6697.0643553,1,VSM.ClearPhysicalPages,90624,1
90,349,6697.0643553,1,VSM.StaticCasterCull,68608,1
90,349,6697.0643553,1,VSM.DynamicCasterCull,0,1
90,349,6697.0643553,1,VSM.PageCull,50432,1
90,349,6697.0643553,1,VSM.StaticRaster,7424,1
90,349,6697.0643553,1,VSM.FinalizePages,1792,1
90,349,6697.0643553,1,VSM.DynamicRaster,13824,1
90,349,6697.0643553,1,VSM.UnityCompatibilityRaster,0,0
90,349,6697.0643553,1,VSM.Resolve,6386432,1
90,349,6697.0643553,1,VSM.ResolveTrace,6161920,1
90,349,6697.0643553,1,VSM.FilterHorizontal,64768,1
90,349,6697.0643553,1,VSM.FilterVertical,0,0
90,349,6697.0643553,1,VSM.FilterTemporalVertical,158720,1
91,350,6697.0817531999992,1,VSM.PageOccupancy,62208,1
91,350,6697.0817531999992,1,VSM.LayoutRemap,0,1
91,350,6697.0817531999992,1,VSM.ResetFeedback,0,1
91,350,6697.0817531999992,1,VSM.MarkReceiverPages,570112,1
91,350,6697.0817531999992,1,VSM.Allocate,226816,1
91,350,6697.0817531999992,1,VSM.InvalidateStatic,0,0
91,350,6697.0817531999992,1,VSM.ClearPhysicalPages,90880,1
91,350,6697.0817531999992,1,VSM.StaticCasterCull,68352,1
91,350,6697.0817531999992,1,VSM.DynamicCasterCull,0,1
91,350,6697.0817531999992,1,VSM.PageCull,49664,1
91,350,6697.0817531999992,1,VSM.StaticRaster,7168,1
91,350,6697.0817531999992,1,VSM.FinalizePages,1792,1
91,350,6697.0817531999992,1,VSM.DynamicRaster,12288,1
91,350,6697.0817531999992,1,VSM.UnityCompatibilityRaster,0,0
91,350,6697.0817531999992,1,VSM.Resolve,6518528,1
91,350,6697.0817531999992,1,VSM.ResolveTrace,6109184,1
91,350,6697.0817531999992,1,VSM.FilterHorizontal,63744,1
91,350,6697.0817531999992,1,VSM.FilterVertical,0,0
91,350,6697.0817531999992,1,VSM.FilterTemporalVertical,344064,1
92,351,6697.0980764999995,1,VSM.PageOccupancy,62720,1
92,351,6697.0980764999995,1,VSM.LayoutRemap,0,1
92,351,6697.0980764999995,1,VSM.ResetFeedback,0,1
92,351,6697.0980764999995,1,VSM.MarkReceiverPages,758272,1
92,351,6697.0980764999995,1,VSM.Allocate,222208,1
92,351,6697.0980764999995,1,VSM.InvalidateStatic,0,0
92,351,6697.0980764999995,1,VSM.ClearPhysicalPages,90112,1
92,351,6697.0980764999995,1,VSM.StaticCasterCull,67584,1
92,351,6697.0980764999995,1,VSM.DynamicCasterCull,0,1
92,351,6697.0980764999995,1,VSM.PageCull,48640,1
92,351,6697.0980764999995,1,VSM.StaticRaster,7168,1
92,351,6697.0980764999995,1,VSM.FinalizePages,1536,1
92,351,6697.0980764999995,1,VSM.DynamicRaster,13312,1
92,351,6697.0980764999995,1,VSM.UnityCompatibilityRaster,0,0
92,351,6697.0980764999995,1,VSM.Resolve,7022848,1
92,351,6697.0980764999995,1,VSM.ResolveTrace,6799360,1
92,351,6697.0980764999995,1,VSM.FilterHorizontal,64000,1
92,351,6697.0980764999995,1,VSM.FilterVertical,0,0
92,351,6697.0980764999995,1,VSM.FilterTemporalVertical,158208,1
93,352,6697.1130353,1,VSM.PageOccupancy,60928,1
93,352,6697.1130353,1,VSM.LayoutRemap,0,1
93,352,6697.1130353,1,VSM.ResetFeedback,0,1
93,352,6697.1130353,1,VSM.MarkReceiverPages,566784,1
93,352,6697.1130353,1,VSM.Allocate,222976,1
93,352,6697.1130353,1,VSM.InvalidateStatic,0,0
93,352,6697.1130353,1,VSM.ClearPhysicalPages,89856,1
93,352,6697.1130353,1,VSM.StaticCasterCull,236288,1
93,352,6697.1130353,1,VSM.DynamicCasterCull,0,1
93,352,6697.1130353,1,VSM.PageCull,50688,1
93,352,6697.1130353,1,VSM.StaticRaster,3328,1
93,352,6697.1130353,1,VSM.FinalizePages,1792,1
93,352,6697.1130353,1,VSM.DynamicRaster,14336,1
93,352,6697.1130353,1,VSM.UnityCompatibilityRaster,0,0
93,352,6697.1130353,1,VSM.Resolve,6928384,1
93,352,6697.1130353,1,VSM.ResolveTrace,6702592,1
93,352,6697.1130353,1,VSM.FilterHorizontal,64768,1
93,352,6697.1130353,1,VSM.FilterVertical,0,0
93,352,6697.1130353,1,VSM.FilterTemporalVertical,160256,1
94,353,6697.1276630999992,1,VSM.PageOccupancy,60672,1
94,353,6697.1276630999992,1,VSM.LayoutRemap,0,1
94,353,6697.1276630999992,1,VSM.ResetFeedback,0,1
94,353,6697.1276630999992,1,VSM.MarkReceiverPages,568832,1
94,353,6697.1276630999992,1,VSM.Allocate,226560,1
94,353,6697.1276630999992,1,VSM.InvalidateStatic,0,0
94,353,6697.1276630999992,1,VSM.ClearPhysicalPages,90624,1
94,353,6697.1276630999992,1,VSM.StaticCasterCull,238080,1
94,353,6697.1276630999992,1,VSM.DynamicCasterCull,0,1
94,353,6697.1276630999992,1,VSM.PageCull,48896,1
94,353,6697.1276630999992,1,VSM.StaticRaster,7168,1
94,353,6697.1276630999992,1,VSM.FinalizePages,1792,1
94,353,6697.1276630999992,1,VSM.DynamicRaster,12800,1
94,353,6697.1276630999992,1,VSM.UnityCompatibilityRaster,0,0
94,353,6697.1276630999992,1,VSM.Resolve,6884608,1
94,353,6697.1276630999992,1,VSM.ResolveTrace,6660608,1
94,353,6697.1276630999992,1,VSM.FilterHorizontal,66048,1
94,353,6697.1276630999992,1,VSM.FilterVertical,0,0
94,353,6697.1276630999992,1,VSM.FilterTemporalVertical,156928,1
95,354,6697.1419082999992,1,VSM.PageOccupancy,58368,1
95,354,6697.1419082999992,1,VSM.LayoutRemap,0,1
95,354,6697.1419082999992,1,VSM.ResetFeedback,0,1
95,354,6697.1419082999992,1,VSM.MarkReceiverPages,565504,1
95,354,6697.1419082999992,1,VSM.Allocate,223744,1
95,354,6697.1419082999992,1,VSM.InvalidateStatic,0,0
95,354,6697.1419082999992,1,VSM.ClearPhysicalPages,89856,1
95,354,6697.1419082999992,1,VSM.StaticCasterCull,69120,1
95,354,6697.1419082999992,1,VSM.DynamicCasterCull,0,1
95,354,6697.1419082999992,1,VSM.PageCull,50432,1
95,354,6697.1419082999992,1,VSM.StaticRaster,7424,1
95,354,6697.1419082999992,1,VSM.FinalizePages,1792,1
95,354,6697.1419082999992,1,VSM.DynamicRaster,14336,1
95,354,6697.1419082999992,1,VSM.UnityCompatibilityRaster,0,0
95,354,6697.1419082999992,1,VSM.Resolve,6200832,1
95,354,6697.1419082999992,1,VSM.ResolveTrace,5978624,1
95,354,6697.1419082999992,1,VSM.FilterHorizontal,64256,1
95,354,6697.1419082999992,1,VSM.FilterVertical,0,0
95,354,6697.1419082999992,1,VSM.FilterTemporalVertical,157184,1
96,355,6697.1566378,1,VSM.PageOccupancy,64256,1
96,355,6697.1566378,1,VSM.LayoutRemap,0,1
96,355,6697.1566378,1,VSM.ResetFeedback,0,1
96,355,6697.1566378,1,VSM.MarkReceiverPages,565248,1
96,355,6697.1566378,1,VSM.Allocate,224000,1
96,355,6697.1566378,1,VSM.InvalidateStatic,0,0
96,355,6697.1566378,1,VSM.ClearPhysicalPages,90112,1
96,355,6697.1566378,1,VSM.StaticCasterCull,68352,1
96,355,6697.1566378,1,VSM.DynamicCasterCull,0,1
96,355,6697.1566378,1,VSM.PageCull,49664,1
96,355,6697.1566378,1,VSM.StaticRaster,3328,1
96,355,6697.1566378,1,VSM.FinalizePages,1792,1
96,355,6697.1566378,1,VSM.DynamicRaster,13056,1
96,355,6697.1566378,1,VSM.UnityCompatibilityRaster,0,0
96,355,6697.1566378,1,VSM.Resolve,6360832,1
96,355,6697.1566378,1,VSM.ResolveTrace,6140160,1
96,355,6697.1566378,1,VSM.FilterHorizontal,63744,1
96,355,6697.1566378,1,VSM.FilterVertical,0,0
96,355,6697.1566378,1,VSM.FilterTemporalVertical,155904,1
97,356,6697.1716387999995,1,VSM.PageOccupancy,61952,1
97,356,6697.1716387999995,1,VSM.LayoutRemap,0,1
97,356,6697.1716387999995,1,VSM.ResetFeedback,0,1
97,356,6697.1716387999995,1,VSM.MarkReceiverPages,568576,1
97,356,6697.1716387999995,1,VSM.Allocate,225792,1
97,356,6697.1716387999995,1,VSM.InvalidateStatic,0,0
97,356,6697.1716387999995,1,VSM.ClearPhysicalPages,90624,1
97,356,6697.1716387999995,1,VSM.StaticCasterCull,69376,1
97,356,6697.1716387999995,1,VSM.DynamicCasterCull,0,1
97,356,6697.1716387999995,1,VSM.PageCull,50688,1
97,356,6697.1716387999995,1,VSM.StaticRaster,10752,1
97,356,6697.1716387999995,1,VSM.FinalizePages,1536,1
97,356,6697.1716387999995,1,VSM.DynamicRaster,14848,1
97,356,6697.1716387999995,1,VSM.UnityCompatibilityRaster,0,0
97,356,6697.1716387999995,1,VSM.Resolve,6188288,1
97,356,6697.1716387999995,1,VSM.ResolveTrace,5967360,1
97,356,6697.1716387999995,1,VSM.FilterHorizontal,64000,1
97,356,6697.1716387999995,1,VSM.FilterVertical,0,0
97,356,6697.1716387999995,1,VSM.FilterTemporalVertical,155904,1
98,357,6697.1865812,1,VSM.PageOccupancy,58368,1
98,357,6697.1865812,1,VSM.LayoutRemap,0,1
98,357,6697.1865812,1,VSM.ResetFeedback,0,1
98,357,6697.1865812,1,VSM.MarkReceiverPages,569088,1
98,357,6697.1865812,1,VSM.Allocate,227072,1
98,357,6697.1865812,1,VSM.InvalidateStatic,0,0
98,357,6697.1865812,1,VSM.ClearPhysicalPages,90880,1
98,357,6697.1865812,1,VSM.StaticCasterCull,248832,1
98,357,6697.1865812,1,VSM.DynamicCasterCull,0,1
98,357,6697.1865812,1,VSM.PageCull,50688,1
98,357,6697.1865812,1,VSM.StaticRaster,9216,1
98,357,6697.1865812,1,VSM.FinalizePages,1536,1
98,357,6697.1865812,1,VSM.DynamicRaster,19712,1
98,357,6697.1865812,1,VSM.UnityCompatibilityRaster,0,0
98,357,6697.1865812,1,VSM.Resolve,6279424,1
98,357,6697.1865812,1,VSM.ResolveTrace,6055424,1
98,357,6697.1865812,1,VSM.FilterHorizontal,64256,1
98,357,6697.1865812,1,VSM.FilterVertical,0,0
98,357,6697.1865812,1,VSM.FilterTemporalVertical,158464,1
99,358,6697.2013203999995,1,VSM.PageOccupancy,63488,1
99,358,6697.2013203999995,1,VSM.LayoutRemap,0,1
99,358,6697.2013203999995,1,VSM.ResetFeedback,0,1
99,358,6697.2013203999995,1,VSM.MarkReceiverPages,569344,1
99,358,6697.2013203999995,1,VSM.Allocate,226048,1
99,358,6697.2013203999995,1,VSM.InvalidateStatic,0,0
99,358,6697.2013203999995,1,VSM.ClearPhysicalPages,90624,1
99,358,6697.2013203999995,1,VSM.StaticCasterCull,67840,1
99,358,6697.2013203999995,1,VSM.DynamicCasterCull,0,1
99,358,6697.2013203999995,1,VSM.PageCull,48896,1
99,358,6697.2013203999995,1,VSM.StaticRaster,7168,1
99,358,6697.2013203999995,1,VSM.FinalizePages,1792,1
99,358,6697.2013203999995,1,VSM.DynamicRaster,13312,1
99,358,6697.2013203999995,1,VSM.UnityCompatibilityRaster,0,0
99,358,6697.2013203999995,1,VSM.Resolve,6337280,1
99,358,6697.2013203999995,1,VSM.ResolveTrace,6115584,1
99,358,6697.2013203999995,1,VSM.FilterHorizontal,64256,1
99,358,6697.2013203999995,1,VSM.FilterVertical,0,0
99,358,6697.2013203999995,1,VSM.FilterTemporalVertical,156160,1
100,359,6697.2169565999993,1,VSM.PageOccupancy,59392,1
100,359,6697.2169565999993,1,VSM.LayoutRemap,0,1
100,359,6697.2169565999993,1,VSM.ResetFeedback,0,1
100,359,6697.2169565999993,1,VSM.MarkReceiverPages,751872,1
100,359,6697.2169565999993,1,VSM.Allocate,222976,1
100,359,6697.2169565999993,1,VSM.InvalidateStatic,0,0
100,359,6697.2169565999993,1,VSM.ClearPhysicalPages,283136,1
100,359,6697.2169565999993,1,VSM.StaticCasterCull,73984,1
100,359,6697.2169565999993,1,VSM.DynamicCasterCull,0,1
100,359,6697.2169565999993,1,VSM.PageCull,49920,1
100,359,6697.2169565999993,1,VSM.StaticRaster,7168,1
100,359,6697.2169565999993,1,VSM.FinalizePages,1792,1
100,359,6697.2169565999993,1,VSM.DynamicRaster,12544,1
100,359,6697.2169565999993,1,VSM.UnityCompatibilityRaster,0,0
100,359,6697.2169565999993,1,VSM.Resolve,6245376,1
100,359,6697.2169565999993,1,VSM.ResolveTrace,6022400,1
100,359,6697.2169565999993,1,VSM.FilterHorizontal,63744,1
100,359,6697.2169565999993,1,VSM.FilterVertical,0,0
100,359,6697.2169565999993,1,VSM.FilterTemporalVertical,158208,1
101,360,6697.233018,1,VSM.PageOccupancy,60928,1
101,360,6697.233018,1,VSM.LayoutRemap,0,1
101,360,6697.233018,1,VSM.ResetFeedback,0,1
101,360,6697.233018,1,VSM.MarkReceiverPages,568832,1
101,360,6697.233018,1,VSM.Allocate,225280,1
101,360,6697.233018,1,VSM.InvalidateStatic,0,0
101,360,6697.233018,1,VSM.ClearPhysicalPages,90624,1
101,360,6697.233018,1,VSM.StaticCasterCull,69632,1
101,360,6697.233018,1,VSM.DynamicCasterCull,0,1
101,360,6697.233018,1,VSM.PageCull,50944,1
101,360,6697.233018,1,VSM.StaticRaster,7168,1
101,360,6697.233018,1,VSM.FinalizePages,1536,1
101,360,6697.233018,1,VSM.DynamicRaster,15104,1
101,360,6697.233018,1,VSM.UnityCompatibilityRaster,0,0
101,360,6697.233018,1,VSM.Resolve,6391040,1
101,360,6697.233018,1,VSM.ResolveTrace,6168064,1
101,360,6697.233018,1,VSM.FilterHorizontal,64512,1
101,360,6697.233018,1,VSM.FilterVertical,0,0
101,360,6697.233018,1,VSM.FilterTemporalVertical,157184,1
102,361,6697.248106,1,VSM.PageOccupancy,59648,1
102,361,6697.248106,1,VSM.LayoutRemap,0,1
102,361,6697.248106,1,VSM.ResetFeedback,0,1
102,361,6697.248106,1,VSM.MarkReceiverPages,570368,1
102,361,6697.248106,1,VSM.Allocate,225024,1
102,361,6697.248106,1,VSM.InvalidateStatic,0,0
102,361,6697.248106,1,VSM.ClearPhysicalPages,90880,1
102,361,6697.248106,1,VSM.StaticCasterCull,67840,1
102,361,6697.248106,1,VSM.DynamicCasterCull,0,1
102,361,6697.248106,1,VSM.PageCull,49152,1
102,361,6697.248106,1,VSM.StaticRaster,7680,1
102,361,6697.248106,1,VSM.FinalizePages,1792,1
102,361,6697.248106,1,VSM.DynamicRaster,11264,1
102,361,6697.248106,1,VSM.UnityCompatibilityRaster,0,0
102,361,6697.248106,1,VSM.Resolve,6909440,1
102,361,6697.248106,1,VSM.ResolveTrace,6685696,1
102,361,6697.248106,1,VSM.FilterHorizontal,64768,1
102,361,6697.248106,1,VSM.FilterVertical,0,0
102,361,6697.248106,1,VSM.FilterTemporalVertical,157696,1
103,362,6697.2649701,1,VSM.PageOccupancy,109056,1
103,362,6697.2649701,1,VSM.LayoutRemap,0,1
103,362,6697.2649701,1,VSM.ResetFeedback,0,1
103,362,6697.2649701,1,VSM.MarkReceiverPages,569344,1
103,362,6697.2649701,1,VSM.Allocate,226304,1
103,362,6697.2649701,1,VSM.InvalidateStatic,0,0
103,362,6697.2649701,1,VSM.ClearPhysicalPages,90624,1
103,362,6697.2649701,1,VSM.StaticCasterCull,69376,1
103,362,6697.2649701,1,VSM.DynamicCasterCull,0,1
103,362,6697.2649701,1,VSM.PageCull,50688,1
103,362,6697.2649701,1,VSM.StaticRaster,7168,1
103,362,6697.2649701,1,VSM.FinalizePages,1792,1
103,362,6697.2649701,1,VSM.DynamicRaster,17152,1
103,362,6697.2649701,1,VSM.UnityCompatibilityRaster,0,0
103,362,6697.2649701,1,VSM.Resolve,6338816,1
103,362,6697.2649701,1,VSM.ResolveTrace,6115840,1
103,362,6697.2649701,1,VSM.FilterHorizontal,64768,1
103,362,6697.2649701,1,VSM.FilterVertical,0,0
103,362,6697.2649701,1,VSM.FilterTemporalVertical,157184,1
104,363,6697.2821028,1,VSM.PageOccupancy,295424,1
104,363,6697.2821028,1,VSM.LayoutRemap,0,1
104,363,6697.2821028,1,VSM.ResetFeedback,0,1
104,363,6697.2821028,1,VSM.MarkReceiverPages,566016,1
104,363,6697.2821028,1,VSM.Allocate,223488,1
104,363,6697.2821028,1,VSM.InvalidateStatic,0,0
104,363,6697.2821028,1,VSM.ClearPhysicalPages,89344,1
104,363,6697.2821028,1,VSM.StaticCasterCull,68352,1
104,363,6697.2821028,1,VSM.DynamicCasterCull,0,1
104,363,6697.2821028,1,VSM.PageCull,50432,1
104,363,6697.2821028,1,VSM.StaticRaster,7424,1
104,363,6697.2821028,1,VSM.FinalizePages,2048,1
104,363,6697.2821028,1,VSM.DynamicRaster,14336,1
104,363,6697.2821028,1,VSM.UnityCompatibilityRaster,0,0
104,363,6697.2821028,1,VSM.Resolve,5808384,1
104,363,6697.2821028,1,VSM.ResolveTrace,5588736,1
104,363,6697.2821028,1,VSM.FilterHorizontal,63488,1
104,363,6697.2821028,1,VSM.FilterVertical,0,0
104,363,6697.2821028,1,VSM.FilterTemporalVertical,156160,1
105,364,6697.2995624,1,VSM.PageOccupancy,61696,1
105,364,6697.2995624,1,VSM.LayoutRemap,0,1
105,364,6697.2995624,1,VSM.ResetFeedback,0,1
105,364,6697.2995624,1,VSM.MarkReceiverPages,566784,1
105,364,6697.2995624,1,VSM.Allocate,225024,1
105,364,6697.2995624,1,VSM.InvalidateStatic,0,0
105,364,6697.2995624,1,VSM.ClearPhysicalPages,90368,1
105,364,6697.2995624,1,VSM.StaticCasterCull,278016,1
105,364,6697.2995624,1,VSM.DynamicCasterCull,0,1
105,364,6697.2995624,1,VSM.PageCull,50176,1
105,364,6697.2995624,1,VSM.StaticRaster,8960,1
105,364,6697.2995624,1,VSM.FinalizePages,1792,1
105,364,6697.2995624,1,VSM.DynamicRaster,19200,1
105,364,6697.2995624,1,VSM.UnityCompatibilityRaster,0,0
105,364,6697.2995624,1,VSM.Resolve,6377216,1
105,364,6697.2995624,1,VSM.ResolveTrace,6154752,1
105,364,6697.2995624,1,VSM.FilterHorizontal,64256,1
105,364,6697.2995624,1,VSM.FilterVertical,0,0
105,364,6697.2995624,1,VSM.FilterTemporalVertical,156416,1
106,365,6697.3145009,1,VSM.PageOccupancy,61184,1
106,365,6697.3145009,1,VSM.LayoutRemap,0,1
106,365,6697.3145009,1,VSM.ResetFeedback,0,1
106,365,6697.3145009,1,VSM.MarkReceiverPages,569856,1
106,365,6697.3145009,1,VSM.Allocate,225280,1
106,365,6697.3145009,1,VSM.InvalidateStatic,0,0
106,365,6697.3145009,1,VSM.ClearPhysicalPages,90624,1
106,365,6697.3145009,1,VSM.StaticCasterCull,591616,1
106,365,6697.3145009,1,VSM.DynamicCasterCull,0,1
106,365,6697.3145009,1,VSM.PageCull,572160,1
106,365,6697.3145009,1,VSM.StaticRaster,7168,1
106,365,6697.3145009,1,VSM.FinalizePages,2048,1
106,365,6697.3145009,1,VSM.DynamicRaster,12288,1
106,365,6697.3145009,1,VSM.UnityCompatibilityRaster,0,0
106,365,6697.3145009,1,VSM.Resolve,6287616,1
106,365,6697.3145009,1,VSM.ResolveTrace,6063104,1
106,365,6697.3145009,1,VSM.FilterHorizontal,64512,1
106,365,6697.3145009,1,VSM.FilterVertical,0,0
106,365,6697.3145009,1,VSM.FilterTemporalVertical,158976,1
107,366,6697.3293107,1,VSM.PageOccupancy,61440,1
107,366,6697.3293107,1,VSM.LayoutRemap,0,1
107,366,6697.3293107,1,VSM.ResetFeedback,0,1
107,366,6697.3293107,1,VSM.MarkReceiverPages,569088,1
107,366,6697.3293107,1,VSM.Allocate,224768,1
107,366,6697.3293107,1,VSM.InvalidateStatic,0,0
107,366,6697.3293107,1,VSM.ClearPhysicalPages,90624,1
107,366,6697.3293107,1,VSM.StaticCasterCull,66816,1
107,366,6697.3293107,1,VSM.DynamicCasterCull,0,1
107,366,6697.3293107,1,VSM.PageCull,48128,1
107,366,6697.3293107,1,VSM.StaticRaster,7168,1
107,366,6697.3293107,1,VSM.FinalizePages,1536,1
107,366,6697.3293107,1,VSM.DynamicRaster,12544,1
107,366,6697.3293107,1,VSM.UnityCompatibilityRaster,0,0
107,366,6697.3293107,1,VSM.Resolve,7103744,1
107,366,6697.3293107,1,VSM.ResolveTrace,6880768,1
107,366,6697.3293107,1,VSM.FilterHorizontal,64512,1
107,366,6697.3293107,1,VSM.FilterVertical,0,0
107,366,6697.3293107,1,VSM.FilterTemporalVertical,156928,1
108,367,6697.3442796,1,VSM.PageOccupancy,59392,1
108,367,6697.3442796,1,VSM.LayoutRemap,0,1
108,367,6697.3442796,1,VSM.ResetFeedback,0,1
108,367,6697.3442796,1,VSM.MarkReceiverPages,566016,1
108,367,6697.3442796,1,VSM.Allocate,221952,1
108,367,6697.3442796,1,VSM.InvalidateStatic,0,0
108,367,6697.3442796,1,VSM.ClearPhysicalPages,89856,1
108,367,6697.3442796,1,VSM.StaticCasterCull,68096,1
108,367,6697.3442796,1,VSM.DynamicCasterCull,0,1
108,367,6697.3442796,1,VSM.PageCull,49152,1
108,367,6697.3442796,1,VSM.StaticRaster,7168,1
108,367,6697.3442796,1,VSM.FinalizePages,2048,1
108,367,6697.3442796,1,VSM.DynamicRaster,14080,1
108,367,6697.3442796,1,VSM.UnityCompatibilityRaster,0,0
108,367,6697.3442796,1,VSM.Resolve,6266112,1
108,367,6697.3442796,1,VSM.ResolveTrace,6042112,1
108,367,6697.3442796,1,VSM.FilterHorizontal,63744,1
108,367,6697.3442796,1,VSM.FilterVertical,0,0
108,367,6697.3442796,1,VSM.FilterTemporalVertical,159232,1
109,368,6697.3592196,1,VSM.PageOccupancy,60928,1
109,368,6697.3592196,1,VSM.LayoutRemap,0,1
109,368,6697.3592196,1,VSM.ResetFeedback,0,1
109,368,6697.3592196,1,VSM.MarkReceiverPages,565248,1
109,368,6697.3592196,1,VSM.Allocate,221952,1
109,368,6697.3592196,1,VSM.InvalidateStatic,0,0
109,368,6697.3592196,1,VSM.ClearPhysicalPages,89856,1
109,368,6697.3592196,1,VSM.StaticCasterCull,71168,1
109,368,6697.3592196,1,VSM.DynamicCasterCull,0,1
109,368,6697.3592196,1,VSM.PageCull,52224,1
109,368,6697.3592196,1,VSM.StaticRaster,3328,1
109,368,6697.3592196,1,VSM.FinalizePages,191744,1
109,368,6697.3592196,1,VSM.DynamicRaster,14336,1
109,368,6697.3592196,1,VSM.UnityCompatibilityRaster,0,0
109,368,6697.3592196,1,VSM.Resolve,5762048,1
109,368,6697.3592196,1,VSM.ResolveTrace,5543936,1
109,368,6697.3592196,1,VSM.FilterHorizontal,63232,1
109,368,6697.3592196,1,VSM.FilterVertical,0,0
109,368,6697.3592196,1,VSM.FilterTemporalVertical,154624,1
110,369,6697.3737464,1,VSM.PageOccupancy,60928,1
110,369,6697.3737464,1,VSM.LayoutRemap,0,1
110,369,6697.3737464,1,VSM.ResetFeedback,0,1
110,369,6697.3737464,1,VSM.MarkReceiverPages,566784,1
110,369,6697.3737464,1,VSM.Allocate,223488,1
110,369,6697.3737464,1,VSM.InvalidateStatic,0,0
110,369,6697.3737464,1,VSM.ClearPhysicalPages,89856,1
110,369,6697.3737464,1,VSM.StaticCasterCull,69120,1
110,369,6697.3737464,1,VSM.DynamicCasterCull,0,1
110,369,6697.3737464,1,VSM.PageCull,50176,1
110,369,6697.3737464,1,VSM.StaticRaster,3328,1
110,369,6697.3737464,1,VSM.FinalizePages,1536,1
110,369,6697.3737464,1,VSM.DynamicRaster,14080,1
110,369,6697.3737464,1,VSM.UnityCompatibilityRaster,0,0
110,369,6697.3737464,1,VSM.Resolve,6299136,1
110,369,6697.3737464,1,VSM.ResolveTrace,6077184,1
110,369,6697.3737464,1,VSM.FilterHorizontal,64000,1
110,369,6697.3737464,1,VSM.FilterVertical,0,0
110,369,6697.3737464,1,VSM.FilterTemporalVertical,156672,1
111,370,6697.3883935999993,1,VSM.PageOccupancy,126208,1
111,370,6697.3883935999993,1,VSM.LayoutRemap,0,1
111,370,6697.3883935999993,1,VSM.ResetFeedback,0,1
111,370,6697.3883935999993,1,VSM.MarkReceiverPages,566272,1
111,370,6697.3883935999993,1,VSM.Allocate,223232,1
111,370,6697.3883935999993,1,VSM.InvalidateStatic,0,0
111,370,6697.3883935999993,1,VSM.ClearPhysicalPages,89856,1
111,370,6697.3883935999993,1,VSM.StaticCasterCull,68608,1
111,370,6697.3883935999993,1,VSM.DynamicCasterCull,0,1
111,370,6697.3883935999993,1,VSM.PageCull,49920,1
111,370,6697.3883935999993,1,VSM.StaticRaster,8704,1
111,370,6697.3883935999993,1,VSM.FinalizePages,1792,1
111,370,6697.3883935999993,1,VSM.DynamicRaster,12800,1
111,370,6697.3883935999993,1,VSM.UnityCompatibilityRaster,0,0
111,370,6697.3883935999993,1,VSM.Resolve,6438656,1
111,370,6697.3883935999993,1,VSM.ResolveTrace,6216704,1
111,370,6697.3883935999993,1,VSM.FilterHorizontal,64000,1
111,370,6697.3883935999993,1,VSM.FilterVertical,0,0
111,370,6697.3883935999993,1,VSM.FilterTemporalVertical,156416,1
112,371,6697.4027626,1,VSM.PageOccupancy,61952,1
112,371,6697.4027626,1,VSM.LayoutRemap,0,1
112,371,6697.4027626,1,VSM.ResetFeedback,0,1
112,371,6697.4027626,1,VSM.MarkReceiverPages,569344,1
112,371,6697.4027626,1,VSM.Allocate,225792,1
112,371,6697.4027626,1,VSM.InvalidateStatic,0,0
112,371,6697.4027626,1,VSM.ClearPhysicalPages,90624,1
112,371,6697.4027626,1,VSM.StaticCasterCull,266752,1
112,371,6697.4027626,1,VSM.DynamicCasterCull,0,1
112,371,6697.4027626,1,VSM.PageCull,49920,1
112,371,6697.4027626,1,VSM.StaticRaster,4608,1
112,371,6697.4027626,1,VSM.FinalizePages,1792,1
112,371,6697.4027626,1,VSM.DynamicRaster,19968,1
112,371,6697.4027626,1,VSM.UnityCompatibilityRaster,0,0
112,371,6697.4027626,1,VSM.Resolve,6070016,1
112,371,6697.4027626,1,VSM.ResolveTrace,5668096,1
112,371,6697.4027626,1,VSM.FilterHorizontal,243200,1
112,371,6697.4027626,1,VSM.FilterVertical,0,0
112,371,6697.4027626,1,VSM.FilterTemporalVertical,157952,1
113,372,6697.4167439999992,1,VSM.PageOccupancy,60928,1
113,372,6697.4167439999992,1,VSM.LayoutRemap,0,1
113,372,6697.4167439999992,1,VSM.ResetFeedback,0,1
113,372,6697.4167439999992,1,VSM.MarkReceiverPages,567552,1
113,372,6697.4167439999992,1,VSM.Allocate,221952,1
113,372,6697.4167439999992,1,VSM.InvalidateStatic,0,0
113,372,6697.4167439999992,1,VSM.ClearPhysicalPages,89600,1
113,372,6697.4167439999992,1,VSM.StaticCasterCull,65536,1
113,372,6697.4167439999992,1,VSM.DynamicCasterCull,0,1
113,372,6697.4167439999992,1,VSM.PageCull,47104,1
113,372,6697.4167439999992,1,VSM.StaticRaster,3072,1
113,372,6697.4167439999992,1,VSM.FinalizePages,1792,1
113,372,6697.4167439999992,1,VSM.DynamicRaster,11264,1
113,372,6697.4167439999992,1,VSM.UnityCompatibilityRaster,0,0
113,372,6697.4167439999992,1,VSM.Resolve,6320896,1
113,372,6697.4167439999992,1,VSM.ResolveTrace,6099200,1
113,372,6697.4167439999992,1,VSM.FilterHorizontal,64000,1
113,372,6697.4167439999992,1,VSM.FilterVertical,0,0
113,372,6697.4167439999992,1,VSM.FilterTemporalVertical,156672,1
114,373,6697.4373491999995,1,VSM.PageOccupancy,60928,1
114,373,6697.4373491999995,1,VSM.LayoutRemap,0,1
114,373,6697.4373491999995,1,VSM.ResetFeedback,0,1
114,373,6697.4373491999995,1,VSM.MarkReceiverPages,568320,1
114,373,6697.4373491999995,1,VSM.Allocate,224000,1
114,373,6697.4373491999995,1,VSM.InvalidateStatic,0,0
114,373,6697.4373491999995,1,VSM.ClearPhysicalPages,90368,1
114,373,6697.4373491999995,1,VSM.StaticCasterCull,67840,1
114,373,6697.4373491999995,1,VSM.DynamicCasterCull,0,1
114,373,6697.4373491999995,1,VSM.PageCull,48896,1
114,373,6697.4373491999995,1,VSM.StaticRaster,7680,1
114,373,6697.4373491999995,1,VSM.FinalizePages,1536,1
114,373,6697.4373491999995,1,VSM.DynamicRaster,12544,1
114,373,6697.4373491999995,1,VSM.UnityCompatibilityRaster,0,0
114,373,6697.4373491999995,1,VSM.Resolve,6349824,1
114,373,6697.4373491999995,1,VSM.ResolveTrace,6126592,1
114,373,6697.4373491999995,1,VSM.FilterHorizontal,64256,1
114,373,6697.4373491999995,1,VSM.FilterVertical,0,0
114,373,6697.4373491999995,1,VSM.FilterTemporalVertical,157440,1
115,374,6697.4533446999994,1,VSM.PageOccupancy,58880,1
115,374,6697.4533446999994,1,VSM.LayoutRemap,0,1
115,374,6697.4533446999994,1,VSM.ResetFeedback,0,1
115,374,6697.4533446999994,1,VSM.MarkReceiverPages,568064,1
115,374,6697.4533446999994,1,VSM.Allocate,226304,1
115,374,6697.4533446999994,1,VSM.InvalidateStatic,0,0
115,374,6697.4533446999994,1,VSM.ClearPhysicalPages,90624,1
115,374,6697.4533446999994,1,VSM.StaticCasterCull,70656,1
115,374,6697.4533446999994,1,VSM.DynamicCasterCull,0,1
115,374,6697.4533446999994,1,VSM.PageCull,51200,1
115,374,6697.4533446999994,1,VSM.StaticRaster,7680,1
115,374,6697.4533446999994,1,VSM.FinalizePages,1792,1
115,374,6697.4533446999994,1,VSM.DynamicRaster,15104,1
115,374,6697.4533446999994,1,VSM.UnityCompatibilityRaster,0,0
115,374,6697.4533446999994,1,VSM.Resolve,6057984,1
115,374,6697.4533446999994,1,VSM.ResolveTrace,5838592,1
115,374,6697.4533446999994,1,VSM.FilterHorizontal,63744,1
115,374,6697.4533446999994,1,VSM.FilterVertical,0,0
115,374,6697.4533446999994,1,VSM.FilterTemporalVertical,155392,1
116,375,6697.4700317,1,VSM.PageOccupancy,60416,1
116,375,6697.4700317,1,VSM.LayoutRemap,0,1
116,375,6697.4700317,1,VSM.ResetFeedback,0,1
116,375,6697.4700317,1,VSM.MarkReceiverPages,569600,1
116,375,6697.4700317,1,VSM.Allocate,226816,1
116,375,6697.4700317,1,VSM.InvalidateStatic,0,0
116,375,6697.4700317,1,VSM.ClearPhysicalPages,90112,1
116,375,6697.4700317,1,VSM.StaticCasterCull,69120,1
116,375,6697.4700317,1,VSM.DynamicCasterCull,0,1
116,375,6697.4700317,1,VSM.PageCull,50432,1
116,375,6697.4700317,1,VSM.StaticRaster,7424,1
116,375,6697.4700317,1,VSM.FinalizePages,1792,1
116,375,6697.4700317,1,VSM.DynamicRaster,14848,1
116,375,6697.4700317,1,VSM.UnityCompatibilityRaster,0,0
116,375,6697.4700317,1,VSM.Resolve,6274816,1
116,375,6697.4700317,1,VSM.ResolveTrace,6051072,1
116,375,6697.4700317,1,VSM.FilterHorizontal,64256,1
116,375,6697.4700317,1,VSM.FilterVertical,0,0
116,375,6697.4700317,1,VSM.FilterTemporalVertical,157952,1
117,376,6697.4860663,1,VSM.PageOccupancy,59648,1
117,376,6697.4860663,1,VSM.LayoutRemap,0,1
117,376,6697.4860663,1,VSM.ResetFeedback,0,1
117,376,6697.4860663,1,VSM.MarkReceiverPages,566016,1
117,376,6697.4860663,1,VSM.Allocate,223744,1
117,376,6697.4860663,1,VSM.InvalidateStatic,0,0
117,376,6697.4860663,1,VSM.ClearPhysicalPages,89856,1
117,376,6697.4860663,1,VSM.StaticCasterCull,68352,1
117,376,6697.4860663,1,VSM.DynamicCasterCull,0,1
117,376,6697.4860663,1,VSM.PageCull,49664,1
117,376,6697.4860663,1,VSM.StaticRaster,7424,1
117,376,6697.4860663,1,VSM.FinalizePages,1536,1
117,376,6697.4860663,1,VSM.DynamicRaster,11520,1
117,376,6697.4860663,1,VSM.UnityCompatibilityRaster,0,0
117,376,6697.4860663,1,VSM.Resolve,6290944,1
117,376,6697.4860663,1,VSM.ResolveTrace,6069504,1
117,376,6697.4860663,1,VSM.FilterHorizontal,64000,1
117,376,6697.4860663,1,VSM.FilterVertical,0,0
117,376,6697.4860663,1,VSM.FilterTemporalVertical,156416,1
118,377,6697.5049827999992,1,VSM.PageOccupancy,63232,1
118,377,6697.5049827999992,1,VSM.LayoutRemap,0,1
118,377,6697.5049827999992,1,VSM.ResetFeedback,0,1
118,377,6697.5049827999992,1,VSM.MarkReceiverPages,566784,1
118,377,6697.5049827999992,1,VSM.Allocate,222976,1
118,377,6697.5049827999992,1,VSM.InvalidateStatic,0,0
118,377,6697.5049827999992,1,VSM.ClearPhysicalPages,89600,1
118,377,6697.5049827999992,1,VSM.StaticCasterCull,68864,1
118,377,6697.5049827999992,1,VSM.DynamicCasterCull,0,1
118,377,6697.5049827999992,1,VSM.PageCull,50176,1
118,377,6697.5049827999992,1,VSM.StaticRaster,7168,1
118,377,6697.5049827999992,1,VSM.FinalizePages,1536,1
118,377,6697.5049827999992,1,VSM.DynamicRaster,14336,1
118,377,6697.5049827999992,1,VSM.UnityCompatibilityRaster,0,0
118,377,6697.5049827999992,1,VSM.Resolve,6209280,1
118,377,6697.5049827999992,1,VSM.ResolveTrace,5985792,1
118,377,6697.5049827999992,1,VSM.FilterHorizontal,63744,1
118,377,6697.5049827999992,1,VSM.FilterVertical,0,0
118,377,6697.5049827999992,1,VSM.FilterTemporalVertical,158464,1
119,378,6697.5202265,1,VSM.PageOccupancy,59392,1
119,378,6697.5202265,1,VSM.LayoutRemap,0,1
119,378,6697.5202265,1,VSM.ResetFeedback,0,1
119,378,6697.5202265,1,VSM.MarkReceiverPages,566272,1
119,378,6697.5202265,1,VSM.Allocate,223744,1
119,378,6697.5202265,1,VSM.InvalidateStatic,0,0
119,378,6697.5202265,1,VSM.ClearPhysicalPages,89600,1
119,378,6697.5202265,1,VSM.StaticCasterCull,67840,1
119,378,6697.5202265,1,VSM.DynamicCasterCull,0,1
119,378,6697.5202265,1,VSM.PageCull,49152,1
119,378,6697.5202265,1,VSM.StaticRaster,7168,1
119,378,6697.5202265,1,VSM.FinalizePages,1536,1
119,378,6697.5202265,1,VSM.DynamicRaster,12544,1
119,378,6697.5202265,1,VSM.UnityCompatibilityRaster,0,0
119,378,6697.5202265,1,VSM.Resolve,6473728,1
119,378,6697.5202265,1,VSM.ResolveTrace,6254080,1
119,378,6697.5202265,1,VSM.FilterHorizontal,63744,1
119,378,6697.5202265,1,VSM.FilterVertical,0,0
119,378,6697.5202265,1,VSM.FilterTemporalVertical,154880,1
120,379,6697.5351341,1,VSM.PageOccupancy,59648,1
120,379,6697.5351341,1,VSM.LayoutRemap,0,1
120,379,6697.5351341,1,VSM.ResetFeedback,0,1
120,379,6697.5351341,1,VSM.MarkReceiverPages,569344,1
120,379,6697.5351341,1,VSM.Allocate,225280,1
120,379,6697.5351341,1,VSM.InvalidateStatic,0,0
120,379,6697.5351341,1,VSM.ClearPhysicalPages,90624,1
120,379,6697.5351341,1,VSM.StaticCasterCull,67840,1
120,379,6697.5351341,1,VSM.DynamicCasterCull,0,1
120,379,6697.5351341,1,VSM.PageCull,48896,1
120,379,6697.5351341,1,VSM.StaticRaster,7168,1
120,379,6697.5351341,1,VSM.FinalizePages,1536,1
120,379,6697.5351341,1,VSM.DynamicRaster,13568,1
120,379,6697.5351341,1,VSM.UnityCompatibilityRaster,0,0
120,379,6697.5351341,1,VSM.Resolve,6981632,1
120,379,6697.5351341,1,VSM.ResolveTrace,6754560,1
120,379,6697.5351341,1,VSM.FilterHorizontal,66816,1
120,379,6697.5351341,1,VSM.FilterVertical,0,0
120,379,6697.5351341,1,VSM.FilterTemporalVertical,158976,1
121,380,6697.5507621,1,VSM.PageOccupancy,63744,1
121,380,6697.5507621,1,VSM.LayoutRemap,0,1
121,380,6697.5507621,1,VSM.ResetFeedback,0,1
121,380,6697.5507621,1,VSM.MarkReceiverPages,569600,1
121,380,6697.5507621,1,VSM.Allocate,224768,1
121,380,6697.5507621,1,VSM.InvalidateStatic,0,0
121,380,6697.5507621,1,VSM.ClearPhysicalPages,90624,1
121,380,6697.5507621,1,VSM.StaticCasterCull,69632,1
121,380,6697.5507621,1,VSM.DynamicCasterCull,0,1
121,380,6697.5507621,1,VSM.PageCull,50432,1
121,380,6697.5507621,1,VSM.StaticRaster,11520,1
121,380,6697.5507621,1,VSM.FinalizePages,1792,1
121,380,6697.5507621,1,VSM.DynamicRaster,11776,1
121,380,6697.5507621,1,VSM.UnityCompatibilityRaster,0,0
121,380,6697.5507621,1,VSM.Resolve,6539776,1
121,380,6697.5507621,1,VSM.ResolveTrace,6315520,1
121,380,6697.5507621,1,VSM.FilterHorizontal,65280,1
121,380,6697.5507621,1,VSM.FilterVertical,0,0
121,380,6697.5507621,1,VSM.FilterTemporalVertical,157952,1
122,381,6697.5655818,1,VSM.PageOccupancy,62208,1
122,381,6697.5655818,1,VSM.LayoutRemap,0,1
122,381,6697.5655818,1,VSM.ResetFeedback,0,1
122,381,6697.5655818,1,VSM.MarkReceiverPages,569856,1
122,381,6697.5655818,1,VSM.Allocate,225792,1
122,381,6697.5655818,1,VSM.InvalidateStatic,0,0
122,381,6697.5655818,1,VSM.ClearPhysicalPages,90368,1
122,381,6697.5655818,1,VSM.StaticCasterCull,66304,1
122,381,6697.5655818,1,VSM.DynamicCasterCull,0,1
122,381,6697.5655818,1,VSM.PageCull,47616,1
122,381,6697.5655818,1,VSM.StaticRaster,7424,1
122,381,6697.5655818,1,VSM.FinalizePages,1792,1
122,381,6697.5655818,1,VSM.DynamicRaster,13056,1
122,381,6697.5655818,1,VSM.UnityCompatibilityRaster,0,0
122,381,6697.5655818,1,VSM.Resolve,6417664,1
122,381,6697.5655818,1,VSM.ResolveTrace,6197504,1
122,381,6697.5655818,1,VSM.FilterHorizontal,63744,1
122,381,6697.5655818,1,VSM.FilterVertical,0,0
122,381,6697.5655818,1,VSM.FilterTemporalVertical,155648,1
123,382,6697.5807130999992,1,VSM.PageOccupancy,58112,1
123,382,6697.5807130999992,1,VSM.LayoutRemap,0,1
123,382,6697.5807130999992,1,VSM.ResetFeedback,0,1
123,382,6697.5807130999992,1,VSM.MarkReceiverPages,566784,1
123,382,6697.5807130999992,1,VSM.Allocate,222976,1
123,382,6697.5807130999992,1,VSM.InvalidateStatic,0,0
123,382,6697.5807130999992,1,VSM.ClearPhysicalPages,89856,1
123,382,6697.5807130999992,1,VSM.StaticCasterCull,70656,1
123,382,6697.5807130999992,1,VSM.DynamicCasterCull,0,1
123,382,6697.5807130999992,1,VSM.PageCull,51456,1
123,382,6697.5807130999992,1,VSM.StaticRaster,7680,1
123,382,6697.5807130999992,1,VSM.FinalizePages,2048,1
123,382,6697.5807130999992,1,VSM.DynamicRaster,17152,1
123,382,6697.5807130999992,1,VSM.UnityCompatibilityRaster,0,0
123,382,6697.5807130999992,1,VSM.Resolve,6156288,1
123,382,6697.5807130999992,1,VSM.ResolveTrace,5934592,1
123,382,6697.5807130999992,1,VSM.FilterHorizontal,64000,1
123,382,6697.5807130999992,1,VSM.FilterVertical,0,0
123,382,6697.5807130999992,1,VSM.FilterTemporalVertical,156416,1
124,383,6697.5970303999993,1,VSM.PageOccupancy,60416,1
124,383,6697.5970303999993,1,VSM.LayoutRemap,0,1
124,383,6697.5970303999993,1,VSM.ResetFeedback,0,1
124,383,6697.5970303999993,1,VSM.MarkReceiverPages,567808,1
124,383,6697.5970303999993,1,VSM.Allocate,226560,1
124,383,6697.5970303999993,1,VSM.InvalidateStatic,0,0
124,383,6697.5970303999993,1,VSM.ClearPhysicalPages,90624,1
124,383,6697.5970303999993,1,VSM.StaticCasterCull,67584,1
124,383,6697.5970303999993,1,VSM.DynamicCasterCull,0,1
124,383,6697.5970303999993,1,VSM.PageCull,48640,1
124,383,6697.5970303999993,1,VSM.StaticRaster,7680,1
124,383,6697.5970303999993,1,VSM.FinalizePages,1792,1
124,383,6697.5970303999993,1,VSM.DynamicRaster,12800,1
124,383,6697.5970303999993,1,VSM.UnityCompatibilityRaster,0,0
124,383,6697.5970303999993,1,VSM.Resolve,6451200,1
124,383,6697.5970303999993,1,VSM.ResolveTrace,6228480,1
124,383,6697.5970303999993,1,VSM.FilterHorizontal,64256,1
124,383,6697.5970303999993,1,VSM.FilterVertical,0,0
124,383,6697.5970303999993,1,VSM.FilterTemporalVertical,156928,1
125,384,6697.6127764999992,1,VSM.PageOccupancy,61952,1
125,384,6697.6127764999992,1,VSM.LayoutRemap,0,1
125,384,6697.6127764999992,1,VSM.ResetFeedback,0,1
125,384,6697.6127764999992,1,VSM.MarkReceiverPages,569856,1
125,384,6697.6127764999992,1,VSM.Allocate,226048,1
125,384,6697.6127764999992,1,VSM.InvalidateStatic,0,0
125,384,6697.6127764999992,1,VSM.ClearPhysicalPages,90880,1
125,384,6697.6127764999992,1,VSM.StaticCasterCull,69376,1
125,384,6697.6127764999992,1,VSM.DynamicCasterCull,0,1
125,384,6697.6127764999992,1,VSM.PageCull,50944,1
125,384,6697.6127764999992,1,VSM.StaticRaster,3328,1
125,384,6697.6127764999992,1,VSM.FinalizePages,1536,1
125,384,6697.6127764999992,1,VSM.DynamicRaster,13824,1
125,384,6697.6127764999992,1,VSM.UnityCompatibilityRaster,0,0
125,384,6697.6127764999992,1,VSM.Resolve,6516224,1
125,384,6697.6127764999992,1,VSM.ResolveTrace,5675520,1
125,384,6697.6127764999992,1,VSM.FilterHorizontal,68352,1
125,384,6697.6127764999992,1,VSM.FilterVertical,0,0
125,384,6697.6127764999992,1,VSM.FilterTemporalVertical,159744,1
126,385,6697.6291994999992,1,VSM.PageOccupancy,69376,1
126,385,6697.6291994999992,1,VSM.LayoutRemap,0,1
126,385,6697.6291994999992,1,VSM.ResetFeedback,0,1
126,385,6697.6291994999992,1,VSM.MarkReceiverPages,568832,1
126,385,6697.6291994999992,1,VSM.Allocate,225280,1
126,385,6697.6291994999992,1,VSM.InvalidateStatic,0,0
126,385,6697.6291994999992,1,VSM.ClearPhysicalPages,90368,1
126,385,6697.6291994999992,1,VSM.StaticCasterCull,498432,1
126,385,6697.6291994999992,1,VSM.DynamicCasterCull,0,1
126,385,6697.6291994999992,1,VSM.PageCull,479232,1
126,385,6697.6291994999992,1,VSM.StaticRaster,8960,1
126,385,6697.6291994999992,1,VSM.FinalizePages,2048,1
126,385,6697.6291994999992,1,VSM.DynamicRaster,10752,1
126,385,6697.6291994999992,1,VSM.UnityCompatibilityRaster,0,0
126,385,6697.6291994999992,1,VSM.Resolve,6879232,1
126,385,6697.6291994999992,1,VSM.ResolveTrace,6650112,1
126,385,6697.6291994999992,1,VSM.FilterHorizontal,64512,1
126,385,6697.6291994999992,1,VSM.FilterVertical,0,0
126,385,6697.6291994999992,1,VSM.FilterTemporalVertical,163328,1
127,386,6697.6432904999992,1,VSM.PageOccupancy,61696,1
127,386,6697.6432904999992,1,VSM.LayoutRemap,0,1
127,386,6697.6432904999992,1,VSM.ResetFeedback,0,1
127,386,6697.6432904999992,1,VSM.MarkReceiverPages,576768,1
127,386,6697.6432904999992,1,VSM.Allocate,224256,1
127,386,6697.6432904999992,1,VSM.InvalidateStatic,0,0
127,386,6697.6432904999992,1,VSM.ClearPhysicalPages,90112,1
127,386,6697.6432904999992,1,VSM.StaticCasterCull,648192,1
127,386,6697.6432904999992,1,VSM.DynamicCasterCull,0,1
127,386,6697.6432904999992,1,VSM.PageCull,41984,1
127,386,6697.6432904999992,1,VSM.StaticRaster,4608,1
127,386,6697.6432904999992,1,VSM.FinalizePages,1792,1
127,386,6697.6432904999992,1,VSM.DynamicRaster,10752,1
127,386,6697.6432904999992,1,VSM.UnityCompatibilityRaster,0,0
127,386,6697.6432904999992,1,VSM.Resolve,6970624,1
127,386,6697.6432904999992,1,VSM.ResolveTrace,6735872,1
127,386,6697.6432904999992,1,VSM.FilterHorizontal,63744,1
127,386,6697.6432904999992,1,VSM.FilterVertical,0,0
127,386,6697.6432904999992,1,VSM.FilterTemporalVertical,169728,1
