observation,camera_frame_observed,editor_time_observed,vsm_active_observed,marker,gpu_ns,gpu_sample_count
0,12670,3792.2604806,1,VSM.LayoutRemap,0,1
0,12670,3792.2604806,1,VSM.ResetFeedback,0,1
0,12670,3792.2604806,1,VSM.MarkReceiverPages,645120,1
0,12670,3792.2604806,1,VSM.Allocate,223488,1
0,12670,3792.2604806,1,VSM.InvalidateStatic,0,0
0,12670,3792.2604806,1,VSM.ClearPhysicalPages,90112,1
0,12670,3792.2604806,1,VSM.StaticCasterCull,68352,1
0,12670,3792.2604806,1,VSM.DynamicCasterCull,256,1
0,12670,3792.2604806,1,VSM.PageCull,50176,1
0,12670,3792.2604806,1,VSM.StaticRaster,6912,1
0,12670,3792.2604806,1,VSM.FinalizePages,2048,1
0,12670,3792.2604806,1,VSM.DynamicRaster,15616,1
0,12670,3792.2604806,1,VSM.UnityCompatibilityRaster,0,0
0,12670,3792.2604806,1,VSM.Resolve,9805312,1
0,12670,3792.2604806,1,VSM.ResolveTrace,9574656,1
0,12670,3792.2604806,1,VSM.FilterHorizontal,67072,1
0,12670,3792.2604806,1,VSM.FilterVertical,0,0
0,12670,3792.2604806,1,VSM.FilterTemporalVertical,162560,1
1,12671,3792.2932869,1,VSM.LayoutRemap,0,1
1,12671,3792.2932869,1,VSM.ResetFeedback,0,1
1,12671,3792.2932869,1,VSM.MarkReceiverPages,642560,1
1,12671,3792.2932869,1,VSM.Allocate,224000,1
1,12671,3792.2932869,1,VSM.InvalidateStatic,0,0
1,12671,3792.2932869,1,VSM.ClearPhysicalPages,89856,1
1,12671,3792.2932869,1,VSM.StaticCasterCull,68864,1
1,12671,3792.2932869,1,VSM.DynamicCasterCull,0,1
1,12671,3792.2932869,1,VSM.PageCull,50176,1
1,12671,3792.2932869,1,VSM.StaticRaster,7168,1
1,12671,3792.2932869,1,VSM.FinalizePages,2048,1
1,12671,3792.2932869,1,VSM.DynamicRaster,14336,1
1,12671,3792.2932869,1,VSM.UnityCompatibilityRaster,0,0
1,12671,3792.2932869,1,VSM.Resolve,10561536,1
1,12671,3792.2932869,1,VSM.ResolveTrace,10334208,1
1,12671,3792.2932869,1,VSM.FilterHorizontal,66048,1
1,12671,3792.2932869,1,VSM.FilterVertical,0,0
1,12671,3792.2932869,1,VSM.FilterTemporalVertical,160000,1
2,12672,3792.3143631,1,VSM.LayoutRemap,0,1
2,12672,3792.3143631,1,VSM.ResetFeedback,0,1
2,12672,3792.3143631,1,VSM.MarkReceiverPages,640512,1
2,12672,3792.3143631,1,VSM.Allocate,221440,1
2,12672,3792.3143631,1,VSM.InvalidateStatic,0,0
2,12672,3792.3143631,1,VSM.ClearPhysicalPages,477952,1
2,12672,3792.3143631,1,VSM.StaticCasterCull,74752,1
2,12672,3792.3143631,1,VSM.DynamicCasterCull,0,1
2,12672,3792.3143631,1,VSM.PageCull,48640,1
2,12672,3792.3143631,1,VSM.StaticRaster,7168,1
2,12672,3792.3143631,1,VSM.FinalizePages,2560,1
2,12672,3792.3143631,1,VSM.DynamicRaster,12800,1
2,12672,3792.3143631,1,VSM.UnityCompatibilityRaster,0,0
2,12672,3792.3143631,1,VSM.Resolve,8919552,1
2,12672,3792.3143631,1,VSM.ResolveTrace,8696832,1
2,12672,3792.3143631,1,VSM.FilterHorizontal,65024,1
2,12672,3792.3143631,1,VSM.FilterVertical,0,0
2,12672,3792.3143631,1,VSM.FilterTemporalVertical,155904,1
3,12673,3792.3352757,1,VSM.LayoutRemap,2560,1
3,12673,3792.3352757,1,VSM.ResetFeedback,2048,1
3,12673,3792.3352757,1,VSM.MarkReceiverPages,626432,1
3,12673,3792.3352757,1,VSM.Allocate,1934848,1
3,12673,3792.3352757,1,VSM.InvalidateStatic,2560,1
3,12673,3792.3352757,1,VSM.ClearPhysicalPages,174336,1
3,12673,3792.3352757,1,VSM.StaticCasterCull,58112,1
3,12673,3792.3352757,1,VSM.DynamicCasterCull,0,1
3,12673,3792.3352757,1,VSM.PageCull,38400,1
3,12673,3792.3352757,1,VSM.StaticRaster,7966976,1
3,12673,3792.3352757,1,VSM.FinalizePages,8448,1
3,12673,3792.3352757,1,VSM.DynamicRaster,17408,1
3,12673,3792.3352757,1,VSM.UnityCompatibilityRaster,0,0
3,12673,3792.3352757,1,VSM.Resolve,11961088,1
3,12673,3792.3352757,1,VSM.ResolveTrace,11682048,1
3,12673,3792.3352757,1,VSM.FilterHorizontal,66048,1
3,12673,3792.3352757,1,VSM.FilterVertical,0,0
3,12673,3792.3352757,1,VSM.FilterTemporalVertical,72960,1
4,12674,3792.3567662,1,VSM.LayoutRemap,0,1
4,12674,3792.3567662,1,VSM.ResetFeedback,0,1
4,12674,3792.3567662,1,VSM.MarkReceiverPages,627200,1
4,12674,3792.3567662,1,VSM.Allocate,225792,1
4,12674,3792.3567662,1,VSM.InvalidateStatic,0,0
4,12674,3792.3567662,1,VSM.ClearPhysicalPages,89856,1
4,12674,3792.3567662,1,VSM.StaticCasterCull,68864,1
4,12674,3792.3567662,1,VSM.DynamicCasterCull,0,1
4,12674,3792.3567662,1,VSM.PageCull,50432,1
4,12674,3792.3567662,1,VSM.StaticRaster,7680,1
4,12674,3792.3567662,1,VSM.FinalizePages,2304,1
4,12674,3792.3567662,1,VSM.DynamicRaster,12544,1
4,12674,3792.3567662,1,VSM.UnityCompatibilityRaster,0,0
4,12674,3792.3567662,1,VSM.Resolve,11604224,1
4,12674,3792.3567662,1,VSM.ResolveTrace,11383296,1
4,12674,3792.3567662,1,VSM.FilterHorizontal,64512,1
4,12674,3792.3567662,1,VSM.FilterVertical,0,0
4,12674,3792.3567662,1,VSM.FilterTemporalVertical,155392,1
5,12675,3792.3761793,1,VSM.LayoutRemap,0,1
5,12675,3792.3761793,1,VSM.ResetFeedback,0,1
5,12675,3792.3761793,1,VSM.MarkReceiverPages,625408,1
5,12675,3792.3761793,1,VSM.Allocate,226048,1
5,12675,3792.3761793,1,VSM.InvalidateStatic,0,0
5,12675,3792.3761793,1,VSM.ClearPhysicalPages,614400,1
5,12675,3792.3761793,1,VSM.StaticCasterCull,71936,1
5,12675,3792.3761793,1,VSM.DynamicCasterCull,0,1
5,12675,3792.3761793,1,VSM.PageCull,47872,1
5,12675,3792.3761793,1,VSM.StaticRaster,6912,1
5,12675,3792.3761793,1,VSM.FinalizePages,2560,1
5,12675,3792.3761793,1,VSM.DynamicRaster,14080,1
5,12675,3792.3761793,1,VSM.UnityCompatibilityRaster,0,0
5,12675,3792.3761793,1,VSM.Resolve,11262720,1
5,12675,3792.3761793,1,VSM.ResolveTrace,11037952,1
5,12675,3792.3761793,1,VSM.FilterHorizontal,67328,1
5,12675,3792.3761793,1,VSM.FilterVertical,0,0
5,12675,3792.3761793,1,VSM.FilterTemporalVertical,156160,1
6,12676,3792.4039895,1,VSM.LayoutRemap,0,1
6,12676,3792.4039895,1,VSM.ResetFeedback,0,1
6,12676,3792.4039895,1,VSM.MarkReceiverPages,630784,1
6,12676,3792.4039895,1,VSM.Allocate,222464,1
6,12676,3792.4039895,1,VSM.InvalidateStatic,0,0
6,12676,3792.4039895,1,VSM.ClearPhysicalPages,466688,1
6,12676,3792.4039895,1,VSM.StaticCasterCull,76288,1
6,12676,3792.4039895,1,VSM.DynamicCasterCull,0,1
6,12676,3792.4039895,1,VSM.PageCull,52224,1
6,12676,3792.4039895,1,VSM.StaticRaster,3328,1
6,12676,3792.4039895,1,VSM.FinalizePages,2304,1
6,12676,3792.4039895,1,VSM.DynamicRaster,12288,1
6,12676,3792.4039895,1,VSM.UnityCompatibilityRaster,0,0
6,12676,3792.4039895,1,VSM.Resolve,10397696,1
6,12676,3792.4039895,1,VSM.ResolveTrace,10164736,1
6,12676,3792.4039895,1,VSM.FilterHorizontal,64512,1
6,12676,3792.4039895,1,VSM.FilterVertical,0,0
6,12676,3792.4039895,1,VSM.FilterTemporalVertical,167168,1
7,12677,3792.4238130999997,1,VSM.LayoutRemap,0,1
7,12677,3792.4238130999997,1,VSM.ResetFeedback,0,1
7,12677,3792.4238130999997,1,VSM.MarkReceiverPages,627200,1
7,12677,3792.4238130999997,1,VSM.Allocate,225792,1
7,12677,3792.4238130999997,1,VSM.InvalidateStatic,0,0
7,12677,3792.4238130999997,1,VSM.ClearPhysicalPages,90112,1
7,12677,3792.4238130999997,1,VSM.StaticCasterCull,68352,1
7,12677,3792.4238130999997,1,VSM.DynamicCasterCull,256,1
7,12677,3792.4238130999997,1,VSM.PageCull,49408,1
7,12677,3792.4238130999997,1,VSM.StaticRaster,7424,1
7,12677,3792.4238130999997,1,VSM.FinalizePages,2048,1
7,12677,3792.4238130999997,1,VSM.DynamicRaster,14848,1
7,12677,3792.4238130999997,1,VSM.UnityCompatibilityRaster,0,0
7,12677,3792.4238130999997,1,VSM.Resolve,10860544,1
7,12677,3792.4238130999997,1,VSM.ResolveTrace,10445312,1
7,12677,3792.4238130999997,1,VSM.FilterHorizontal,65280,1
7,12677,3792.4238130999997,1,VSM.FilterVertical,0,0
7,12677,3792.4238130999997,1,VSM.FilterTemporalVertical,348416,1
8,12678,3792.4462043999997,1,VSM.LayoutRemap,0,1
8,12678,3792.4462043999997,1,VSM.ResetFeedback,0,1
8,12678,3792.4462043999997,1,VSM.MarkReceiverPages,628480,1
8,12678,3792.4462043999997,1,VSM.Allocate,224256,1
8,12678,3792.4462043999997,1,VSM.InvalidateStatic,0,0
8,12678,3792.4462043999997,1,VSM.ClearPhysicalPages,555520,1
8,12678,3792.4462043999997,1,VSM.StaticCasterCull,70400,1
8,12678,3792.4462043999997,1,VSM.DynamicCasterCull,0,1
8,12678,3792.4462043999997,1,VSM.PageCull,50176,1
8,12678,3792.4462043999997,1,VSM.StaticRaster,7168,1
8,12678,3792.4462043999997,1,VSM.FinalizePages,2048,1
8,12678,3792.4462043999997,1,VSM.DynamicRaster,13056,1
8,12678,3792.4462043999997,1,VSM.UnityCompatibilityRaster,0,0
8,12678,3792.4462043999997,1,VSM.Resolve,11029248,1
8,12678,3792.4462043999997,1,VSM.ResolveTrace,10801664,1
8,12678,3792.4462043999997,1,VSM.FilterHorizontal,67584,1
8,12678,3792.4462043999997,1,VSM.FilterVertical,0,0
8,12678,3792.4462043999997,1,VSM.FilterTemporalVertical,158720,1
9,12679,3792.4795833999997,1,VSM.LayoutRemap,0,1
9,12679,3792.4795833999997,1,VSM.ResetFeedback,0,1
9,12679,3792.4795833999997,1,VSM.MarkReceiverPages,626176,1
9,12679,3792.4795833999997,1,VSM.Allocate,225536,1
9,12679,3792.4795833999997,1,VSM.InvalidateStatic,0,0
9,12679,3792.4795833999997,1,VSM.ClearPhysicalPages,89856,1
9,12679,3792.4795833999997,1,VSM.StaticCasterCull,68608,1
9,12679,3792.4795833999997,1,VSM.DynamicCasterCull,0,1
9,12679,3792.4795833999997,1,VSM.PageCull,49920,1
9,12679,3792.4795833999997,1,VSM.StaticRaster,7680,1
9,12679,3792.4795833999997,1,VSM.FinalizePages,2048,1
9,12679,3792.4795833999997,1,VSM.DynamicRaster,14336,1
9,12679,3792.4795833999997,1,VSM.UnityCompatibilityRaster,0,0
9,12679,3792.4795833999997,1,VSM.Resolve,10398720,1
9,12679,3792.4795833999997,1,VSM.ResolveTrace,10171904,1
9,12679,3792.4795833999997,1,VSM.FilterHorizontal,67584,1
9,12679,3792.4795833999997,1,VSM.FilterVertical,0,0
9,12679,3792.4795833999997,1,VSM.FilterTemporalVertical,158208,1
10,12680,3792.5024657999998,1,VSM.LayoutRemap,0,1
10,12680,3792.5024657999998,1,VSM.ResetFeedback,0,1
10,12680,3792.5024657999998,1,VSM.MarkReceiverPages,630784,1
10,12680,3792.5024657999998,1,VSM.Allocate,226560,1
10,12680,3792.5024657999998,1,VSM.InvalidateStatic,0,0
10,12680,3792.5024657999998,1,VSM.ClearPhysicalPages,270336,1
10,12680,3792.5024657999998,1,VSM.StaticCasterCull,76288,1
10,12680,3792.5024657999998,1,VSM.DynamicCasterCull,0,1
10,12680,3792.5024657999998,1,VSM.PageCull,49152,1
10,12680,3792.5024657999998,1,VSM.StaticRaster,7168,1
10,12680,3792.5024657999998,1,VSM.FinalizePages,2048,1
10,12680,3792.5024657999998,1,VSM.DynamicRaster,12544,1
10,12680,3792.5024657999998,1,VSM.UnityCompatibilityRaster,0,0
10,12680,3792.5024657999998,1,VSM.Resolve,10831616,1
10,12680,3792.5024657999998,1,VSM.ResolveTrace,10606080,1
10,12680,3792.5024657999998,1,VSM.FilterHorizontal,65792,1
10,12680,3792.5024657999998,1,VSM.FilterVertical,0,0
10,12680,3792.5024657999998,1,VSM.FilterTemporalVertical,158464,1
11,12681,3792.5247959999997,1,VSM.LayoutRemap,2304,1
11,12681,3792.5247959999997,1,VSM.ResetFeedback,1792,1
11,12681,3792.5247959999997,1,VSM.MarkReceiverPages,1205248,1
11,12681,3792.5247959999997,1,VSM.Allocate,1943296,1
11,12681,3792.5247959999997,1,VSM.InvalidateStatic,2560,1
11,12681,3792.5247959999997,1,VSM.ClearPhysicalPages,174080,1
11,12681,3792.5247959999997,1,VSM.StaticCasterCull,58112,1
11,12681,3792.5247959999997,1,VSM.DynamicCasterCull,0,1
11,12681,3792.5247959999997,1,VSM.PageCull,39168,1
11,12681,3792.5247959999997,1,VSM.StaticRaster,8327424,1
11,12681,3792.5247959999997,1,VSM.FinalizePages,8448,1
11,12681,3792.5247959999997,1,VSM.DynamicRaster,17152,1
11,12681,3792.5247959999997,1,VSM.UnityCompatibilityRaster,0,0
11,12681,3792.5247959999997,1,VSM.Resolve,11368192,1
11,12681,3792.5247959999997,1,VSM.ResolveTrace,11227904,1
11,12681,3792.5247959999997,1,VSM.FilterHorizontal,66048,1
11,12681,3792.5247959999997,1,VSM.FilterVertical,0,0
11,12681,3792.5247959999997,1,VSM.FilterTemporalVertical,73216,1
12,12682,3792.5466877999997,1,VSM.LayoutRemap,0,1
12,12682,3792.5466877999997,1,VSM.ResetFeedback,0,1
12,12682,3792.5466877999997,1,VSM.MarkReceiverPages,641792,1
12,12682,3792.5466877999997,1,VSM.Allocate,222464,1
12,12682,3792.5466877999997,1,VSM.InvalidateStatic,0,0
12,12682,3792.5466877999997,1,VSM.ClearPhysicalPages,558848,1
12,12682,3792.5466877999997,1,VSM.StaticCasterCull,70656,1
12,12682,3792.5466877999997,1,VSM.DynamicCasterCull,0,1
12,12682,3792.5466877999997,1,VSM.PageCull,46592,1
12,12682,3792.5466877999997,1,VSM.StaticRaster,6912,1
12,12682,3792.5466877999997,1,VSM.FinalizePages,2304,1
12,12682,3792.5466877999997,1,VSM.DynamicRaster,10752,1
12,12682,3792.5466877999997,1,VSM.UnityCompatibilityRaster,0,0
12,12682,3792.5466877999997,1,VSM.Resolve,12909568,1
12,12682,3792.5466877999997,1,VSM.ResolveTrace,12679168,1
12,12682,3792.5466877999997,1,VSM.FilterHorizontal,67840,1
12,12682,3792.5466877999997,1,VSM.FilterVertical,0,0
12,12682,3792.5466877999997,1,VSM.FilterTemporalVertical,161536,1
13,12683,3792.5665786,1,VSM.LayoutRemap,0,1
13,12683,3792.5665786,1,VSM.ResetFeedback,0,1
13,12683,3792.5665786,1,VSM.MarkReceiverPages,643328,1
13,12683,3792.5665786,1,VSM.Allocate,222720,1
13,12683,3792.5665786,1,VSM.InvalidateStatic,0,0
13,12683,3792.5665786,1,VSM.ClearPhysicalPages,829184,1
13,12683,3792.5665786,1,VSM.StaticCasterCull,70144,1
13,12683,3792.5665786,1,VSM.DynamicCasterCull,256,1
13,12683,3792.5665786,1,VSM.PageCull,45824,1
13,12683,3792.5665786,1,VSM.StaticRaster,6912,1
13,12683,3792.5665786,1,VSM.FinalizePages,2304,1
13,12683,3792.5665786,1,VSM.DynamicRaster,11264,1
13,12683,3792.5665786,1,VSM.UnityCompatibilityRaster,0,0
13,12683,3792.5665786,1,VSM.Resolve,12805888,1
13,12683,3792.5665786,1,VSM.ResolveTrace,12387840,1
13,12683,3792.5665786,1,VSM.FilterHorizontal,66816,1
13,12683,3792.5665786,1,VSM.FilterVertical,0,0
13,12683,3792.5665786,1,VSM.FilterTemporalVertical,157696,1
14,12684,3792.5873066,1,VSM.LayoutRemap,0,1
14,12684,3792.5873066,1,VSM.ResetFeedback,0,1
14,12684,3792.5873066,1,VSM.MarkReceiverPages,641024,1
14,12684,3792.5873066,1,VSM.Allocate,222720,1
14,12684,3792.5873066,1,VSM.InvalidateStatic,0,0
14,12684,3792.5873066,1,VSM.ClearPhysicalPages,751616,1
14,12684,3792.5873066,1,VSM.StaticCasterCull,73728,1
14,12684,3792.5873066,1,VSM.DynamicCasterCull,0,1
14,12684,3792.5873066,1,VSM.PageCull,49152,1
14,12684,3792.5873066,1,VSM.StaticRaster,7168,1
14,12684,3792.5873066,1,VSM.FinalizePages,2304,1
14,12684,3792.5873066,1,VSM.DynamicRaster,12288,1
14,12684,3792.5873066,1,VSM.UnityCompatibilityRaster,0,0
14,12684,3792.5873066,1,VSM.Resolve,11809280,1
14,12684,3792.5873066,1,VSM.ResolveTrace,11580928,1
14,12684,3792.5873066,1,VSM.FilterHorizontal,68352,1
14,12684,3792.5873066,1,VSM.FilterVertical,0,0
14,12684,3792.5873066,1,VSM.FilterTemporalVertical,159232,1
15,12685,3792.6086198,1,VSM.LayoutRemap,0,1
15,12685,3792.6086198,1,VSM.ResetFeedback,0,1
15,12685,3792.6086198,1,VSM.MarkReceiverPages,643328,1
15,12685,3792.6086198,1,VSM.Allocate,220928,1
15,12685,3792.6086198,1,VSM.InvalidateStatic,0,0
15,12685,3792.6086198,1,VSM.ClearPhysicalPages,90880,1
15,12685,3792.6086198,1,VSM.StaticCasterCull,67840,1
15,12685,3792.6086198,1,VSM.DynamicCasterCull,256,1
15,12685,3792.6086198,1,VSM.PageCull,49152,1
15,12685,3792.6086198,1,VSM.StaticRaster,7168,1
15,12685,3792.6086198,1,VSM.FinalizePages,2304,1
15,12685,3792.6086198,1,VSM.DynamicRaster,12032,1
15,12685,3792.6086198,1,VSM.UnityCompatibilityRaster,0,0
15,12685,3792.6086198,1,VSM.Resolve,9347072,1
15,12685,3792.6086198,1,VSM.ResolveTrace,9121792,1
15,12685,3792.6086198,1,VSM.FilterHorizontal,66048,1
15,12685,3792.6086198,1,VSM.FilterVertical,0,0
15,12685,3792.6086198,1,VSM.FilterTemporalVertical,158208,1
16,12686,3792.6300154,1,VSM.LayoutRemap,0,1
16,12686,3792.6300154,1,VSM.ResetFeedback,0,1
16,12686,3792.6300154,1,VSM.MarkReceiverPages,644864,1
16,12686,3792.6300154,1,VSM.Allocate,219392,1
16,12686,3792.6300154,1,VSM.InvalidateStatic,0,0
16,12686,3792.6300154,1,VSM.ClearPhysicalPages,360448,1
16,12686,3792.6300154,1,VSM.StaticCasterCull,72704,1
16,12686,3792.6300154,1,VSM.DynamicCasterCull,0,1
16,12686,3792.6300154,1,VSM.PageCull,48896,1
16,12686,3792.6300154,1,VSM.StaticRaster,7168,1
16,12686,3792.6300154,1,VSM.FinalizePages,2048,1
16,12686,3792.6300154,1,VSM.DynamicRaster,14848,1
16,12686,3792.6300154,1,VSM.UnityCompatibilityRaster,0,0
16,12686,3792.6300154,1,VSM.Resolve,10829312,1
16,12686,3792.6300154,1,VSM.ResolveTrace,10603520,1
16,12686,3792.6300154,1,VSM.FilterHorizontal,66560,1
16,12686,3792.6300154,1,VSM.FilterVertical,0,0
16,12686,3792.6300154,1,VSM.FilterTemporalVertical,157952,1
17,12687,3792.6506621999997,1,VSM.LayoutRemap,0,1
17,12687,3792.6506621999997,1,VSM.ResetFeedback,0,1
17,12687,3792.6506621999997,1,VSM.MarkReceiverPages,642560,1
17,12687,3792.6506621999997,1,VSM.Allocate,221184,1
17,12687,3792.6506621999997,1,VSM.InvalidateStatic,0,0
17,12687,3792.6506621999997,1,VSM.ClearPhysicalPages,450304,1
17,12687,3792.6506621999997,1,VSM.StaticCasterCull,72704,1
17,12687,3792.6506621999997,1,VSM.DynamicCasterCull,0,1
17,12687,3792.6506621999997,1,VSM.PageCull,48384,1
17,12687,3792.6506621999997,1,VSM.StaticRaster,7168,1
17,12687,3792.6506621999997,1,VSM.FinalizePages,2560,1
17,12687,3792.6506621999997,1,VSM.DynamicRaster,13312,1
17,12687,3792.6506621999997,1,VSM.UnityCompatibilityRaster,0,0
17,12687,3792.6506621999997,1,VSM.Resolve,11421184,1
17,12687,3792.6506621999997,1,VSM.ResolveTrace,11192064,1
17,12687,3792.6506621999997,1,VSM.FilterHorizontal,67584,1
17,12687,3792.6506621999997,1,VSM.FilterVertical,0,0
17,12687,3792.6506621999997,1,VSM.FilterTemporalVertical,160256,1
18,12688,3792.6715879999997,1,VSM.LayoutRemap,0,1
18,12688,3792.6715879999997,1,VSM.ResetFeedback,0,1
18,12688,3792.6715879999997,1,VSM.MarkReceiverPages,643328,1
18,12688,3792.6715879999997,1,VSM.Allocate,223744,1
18,12688,3792.6715879999997,1,VSM.InvalidateStatic,0,0
18,12688,3792.6715879999997,1,VSM.ClearPhysicalPages,665344,1
18,12688,3792.6715879999997,1,VSM.StaticCasterCull,70912,1
18,12688,3792.6715879999997,1,VSM.DynamicCasterCull,0,1
18,12688,3792.6715879999997,1,VSM.PageCull,49664,1
18,12688,3792.6715879999997,1,VSM.StaticRaster,6912,1
18,12688,3792.6715879999997,1,VSM.FinalizePages,2304,1
18,12688,3792.6715879999997,1,VSM.DynamicRaster,13568,1
18,12688,3792.6715879999997,1,VSM.UnityCompatibilityRaster,0,0
18,12688,3792.6715879999997,1,VSM.Resolve,11686656,1
18,12688,3792.6715879999997,1,VSM.ResolveTrace,10820864,1
18,12688,3792.6715879999997,1,VSM.FilterHorizontal,67072,1
18,12688,3792.6715879999997,1,VSM.FilterVertical,0,0
18,12688,3792.6715879999997,1,VSM.FilterTemporalVertical,159744,1
19,12689,3792.6919137,1,VSM.LayoutRemap,0,1
19,12689,3792.6919137,1,VSM.ResetFeedback,0,1
19,12689,3792.6919137,1,VSM.MarkReceiverPages,642816,1
19,12689,3792.6919137,1,VSM.Allocate,220672,1
19,12689,3792.6919137,1,VSM.InvalidateStatic,0,0
19,12689,3792.6919137,1,VSM.ClearPhysicalPages,734464,1
19,12689,3792.6919137,1,VSM.StaticCasterCull,72192,1
19,12689,3792.6919137,1,VSM.DynamicCasterCull,0,1
19,12689,3792.6919137,1,VSM.PageCull,47616,1
19,12689,3792.6919137,1,VSM.StaticRaster,7424,1
19,12689,3792.6919137,1,VSM.FinalizePages,2304,1
19,12689,3792.6919137,1,VSM.DynamicRaster,12288,1
19,12689,3792.6919137,1,VSM.UnityCompatibilityRaster,0,0
19,12689,3792.6919137,1,VSM.Resolve,10887424,1
19,12689,3792.6919137,1,VSM.ResolveTrace,10178816,1
19,12689,3792.6919137,1,VSM.FilterHorizontal,65792,1
19,12689,3792.6919137,1,VSM.FilterVertical,0,0
19,12689,3792.6919137,1,VSM.FilterTemporalVertical,641792,1
20,12690,3792.7117119,1,VSM.LayoutRemap,0,1
20,12690,3792.7117119,1,VSM.ResetFeedback,0,1
20,12690,3792.7117119,1,VSM.MarkReceiverPages,639488,1
20,12690,3792.7117119,1,VSM.Allocate,220672,1
20,12690,3792.7117119,1,VSM.InvalidateStatic,0,0
20,12690,3792.7117119,1,VSM.ClearPhysicalPages,264704,1
20,12690,3792.7117119,1,VSM.StaticCasterCull,71424,1
20,12690,3792.7117119,1,VSM.DynamicCasterCull,0,1
20,12690,3792.7117119,1,VSM.PageCull,49152,1
20,12690,3792.7117119,1,VSM.StaticRaster,5888,1
20,12690,3792.7117119,1,VSM.FinalizePages,2048,1
20,12690,3792.7117119,1,VSM.DynamicRaster,12288,1
20,12690,3792.7117119,1,VSM.UnityCompatibilityRaster,0,0
20,12690,3792.7117119,1,VSM.Resolve,10741504,1
20,12690,3792.7117119,1,VSM.ResolveTrace,10514688,1
20,12690,3792.7117119,1,VSM.FilterHorizontal,65792,1
20,12690,3792.7117119,1,VSM.FilterVertical,0,0
20,12690,3792.7117119,1,VSM.FilterTemporalVertical,159744,1
21,12691,3792.7332139,1,VSM.LayoutRemap,0,1
21,12691,3792.7332139,1,VSM.ResetFeedback,0,1
21,12691,3792.7332139,1,VSM.MarkReceiverPages,641792,1
21,12691,3792.7332139,1,VSM.Allocate,220672,1
21,12691,3792.7332139,1,VSM.InvalidateStatic,0,0
21,12691,3792.7332139,1,VSM.ClearPhysicalPages,255744,1
21,12691,3792.7332139,1,VSM.StaticCasterCull,69376,1
21,12691,3792.7332139,1,VSM.DynamicCasterCull,0,1
21,12691,3792.7332139,1,VSM.PageCull,49664,1
21,12691,3792.7332139,1,VSM.StaticRaster,6144,1
21,12691,3792.7332139,1,VSM.FinalizePages,2048,1
21,12691,3792.7332139,1,VSM.DynamicRaster,12032,1
21,12691,3792.7332139,1,VSM.UnityCompatibilityRaster,0,0
21,12691,3792.7332139,1,VSM.Resolve,10966016,1
21,12691,3792.7332139,1,VSM.ResolveTrace,10739968,1
21,12691,3792.7332139,1,VSM.FilterHorizontal,65792,1
21,12691,3792.7332139,1,VSM.FilterVertical,0,0
21,12691,3792.7332139,1,VSM.FilterTemporalVertical,159232,1
22,12692,3792.754672,1,VSM.LayoutRemap,0,1
22,12692,3792.754672,1,VSM.ResetFeedback,0,1
22,12692,3792.754672,1,VSM.MarkReceiverPages,642048,1
22,12692,3792.754672,1,VSM.Allocate,221184,1
22,12692,3792.754672,1,VSM.InvalidateStatic,0,0
22,12692,3792.754672,1,VSM.ClearPhysicalPages,653056,1
22,12692,3792.754672,1,VSM.StaticCasterCull,75008,1
22,12692,3792.754672,1,VSM.DynamicCasterCull,0,1
22,12692,3792.754672,1,VSM.PageCull,50688,1
22,12692,3792.754672,1,VSM.StaticRaster,7168,1
22,12692,3792.754672,1,VSM.FinalizePages,2304,1
22,12692,3792.754672,1,VSM.DynamicRaster,12544,1
22,12692,3792.754672,1,VSM.UnityCompatibilityRaster,0,0
22,12692,3792.754672,1,VSM.Resolve,9946112,1
22,12692,3792.754672,1,VSM.ResolveTrace,9128960,1
22,12692,3792.754672,1,VSM.FilterHorizontal,66560,1
22,12692,3792.754672,1,VSM.FilterVertical,0,0
22,12692,3792.754672,1,VSM.FilterTemporalVertical,158976,1
23,12693,3792.7760802,1,VSM.LayoutRemap,0,1
23,12693,3792.7760802,1,VSM.ResetFeedback,0,1
23,12693,3792.7760802,1,VSM.MarkReceiverPages,643584,1
23,12693,3792.7760802,1,VSM.Allocate,223232,1
23,12693,3792.7760802,1,VSM.InvalidateStatic,0,0
23,12693,3792.7760802,1,VSM.ClearPhysicalPages,89856,1
23,12693,3792.7760802,1,VSM.StaticCasterCull,66048,1
23,12693,3792.7760802,1,VSM.DynamicCasterCull,0,1
23,12693,3792.7760802,1,VSM.PageCull,46848,1
23,12693,3792.7760802,1,VSM.StaticRaster,3840,1
23,12693,3792.7760802,1,VSM.FinalizePages,2048,1
23,12693,3792.7760802,1,VSM.DynamicRaster,11520,1
23,12693,3792.7760802,1,VSM.UnityCompatibilityRaster,0,0
23,12693,3792.7760802,1,VSM.Resolve,11020800,1
23,12693,3792.7760802,1,VSM.ResolveTrace,10795776,1
23,12693,3792.7760802,1,VSM.FilterHorizontal,66304,1
23,12693,3792.7760802,1,VSM.FilterVertical,0,0
23,12693,3792.7760802,1,VSM.FilterTemporalVertical,157952,1
24,12694,3792.7995517,1,VSM.LayoutRemap,0,1
24,12694,3792.7995517,1,VSM.ResetFeedback,0,1
24,12694,3792.7995517,1,VSM.MarkReceiverPages,640768,1
24,12694,3792.7995517,1,VSM.Allocate,220672,1
24,12694,3792.7995517,1,VSM.InvalidateStatic,0,0
24,12694,3792.7995517,1,VSM.ClearPhysicalPages,253440,1
24,12694,3792.7995517,1,VSM.StaticCasterCull,70400,1
24,12694,3792.7995517,1,VSM.DynamicCasterCull,0,1
24,12694,3792.7995517,1,VSM.PageCull,51712,1
24,12694,3792.7995517,1,VSM.StaticRaster,7168,1
24,12694,3792.7995517,1,VSM.FinalizePages,2048,1
24,12694,3792.7995517,1,VSM.DynamicRaster,14592,1
24,12694,3792.7995517,1,VSM.UnityCompatibilityRaster,0,0
24,12694,3792.7995517,1,VSM.Resolve,10576128,1
24,12694,3792.7995517,1,VSM.ResolveTrace,10351104,1
24,12694,3792.7995517,1,VSM.FilterHorizontal,66560,1
24,12694,3792.7995517,1,VSM.FilterVertical,0,0
24,12694,3792.7995517,1,VSM.FilterTemporalVertical,157696,1
25,12695,3792.8190254,1,VSM.LayoutRemap,0,1
25,12695,3792.8190254,1,VSM.ResetFeedback,0,1
25,12695,3792.8190254,1,VSM.MarkReceiverPages,641280,1
25,12695,3792.8190254,1,VSM.Allocate,224256,1
25,12695,3792.8190254,1,VSM.InvalidateStatic,0,0
25,12695,3792.8190254,1,VSM.ClearPhysicalPages,90368,1
25,12695,3792.8190254,1,VSM.StaticCasterCull,67328,1
25,12695,3792.8190254,1,VSM.DynamicCasterCull,0,1
25,12695,3792.8190254,1,VSM.PageCull,48128,1
25,12695,3792.8190254,1,VSM.StaticRaster,7424,1
25,12695,3792.8190254,1,VSM.FinalizePages,2048,1
25,12695,3792.8190254,1,VSM.DynamicRaster,12032,1
25,12695,3792.8190254,1,VSM.UnityCompatibilityRaster,0,0
25,12695,3792.8190254,1,VSM.Resolve,11213312,1
25,12695,3792.8190254,1,VSM.ResolveTrace,10987776,1
25,12695,3792.8190254,1,VSM.FilterHorizontal,66048,1
25,12695,3792.8190254,1,VSM.FilterVertical,0,0
25,12695,3792.8190254,1,VSM.FilterTemporalVertical,158464,1
26,12696,3792.8397136,1,VSM.LayoutRemap,0,1
26,12696,3792.8397136,1,VSM.ResetFeedback,0,1
26,12696,3792.8397136,1,VSM.MarkReceiverPages,640512,1
26,12696,3792.8397136,1,VSM.Allocate,222720,1
26,12696,3792.8397136,1,VSM.InvalidateStatic,0,0
26,12696,3792.8397136,1,VSM.ClearPhysicalPages,90368,1
26,12696,3792.8397136,1,VSM.StaticCasterCull,65792,1
26,12696,3792.8397136,1,VSM.DynamicCasterCull,256,1
26,12696,3792.8397136,1,VSM.PageCull,46848,1
26,12696,3792.8397136,1,VSM.StaticRaster,5888,1
26,12696,3792.8397136,1,VSM.FinalizePages,2304,1
26,12696,3792.8397136,1,VSM.DynamicRaster,13056,1
26,12696,3792.8397136,1,VSM.UnityCompatibilityRaster,0,0
26,12696,3792.8397136,1,VSM.Resolve,10418432,1
26,12696,3792.8397136,1,VSM.ResolveTrace,10193408,1
26,12696,3792.8397136,1,VSM.FilterHorizontal,67072,1
26,12696,3792.8397136,1,VSM.FilterVertical,0,0
26,12696,3792.8397136,1,VSM.FilterTemporalVertical,156928,1
27,12697,3792.8600324,1,VSM.LayoutRemap,0,1
27,12697,3792.8600324,1,VSM.ResetFeedback,0,1
27,12697,3792.8600324,1,VSM.MarkReceiverPages,641792,1
27,12697,3792.8600324,1,VSM.Allocate,220416,1
27,12697,3792.8600324,1,VSM.InvalidateStatic,0,0
27,12697,3792.8600324,1,VSM.ClearPhysicalPages,90112,1
27,12697,3792.8600324,1,VSM.StaticCasterCull,66816,1
27,12697,3792.8600324,1,VSM.DynamicCasterCull,0,1
27,12697,3792.8600324,1,VSM.PageCull,48384,1
27,12697,3792.8600324,1,VSM.StaticRaster,6912,1
27,12697,3792.8600324,1,VSM.FinalizePages,2048,1
27,12697,3792.8600324,1,VSM.DynamicRaster,10752,1
27,12697,3792.8600324,1,VSM.UnityCompatibilityRaster,0,0
27,12697,3792.8600324,1,VSM.Resolve,10728960,1
27,12697,3792.8600324,1,VSM.ResolveTrace,10355456,1
27,12697,3792.8600324,1,VSM.FilterHorizontal,67072,1
27,12697,3792.8600324,1,VSM.FilterVertical,0,0
27,12697,3792.8600324,1,VSM.FilterTemporalVertical,158208,1
28,12698,3792.8798466,1,VSM.LayoutRemap,0,1
28,12698,3792.8798466,1,VSM.ResetFeedback,0,1
28,12698,3792.8798466,1,VSM.MarkReceiverPages,643328,1
28,12698,3792.8798466,1,VSM.Allocate,224512,1
28,12698,3792.8798466,1,VSM.InvalidateStatic,0,0
28,12698,3792.8798466,1,VSM.ClearPhysicalPages,489728,1
28,12698,3792.8798466,1,VSM.StaticCasterCull,71936,1
28,12698,3792.8798466,1,VSM.DynamicCasterCull,256,1
28,12698,3792.8798466,1,VSM.PageCull,47616,1
28,12698,3792.8798466,1,VSM.StaticRaster,7168,1
28,12698,3792.8798466,1,VSM.FinalizePages,2304,1
28,12698,3792.8798466,1,VSM.DynamicRaster,11008,1
28,12698,3792.8798466,1,VSM.UnityCompatibilityRaster,0,0
28,12698,3792.8798466,1,VSM.Resolve,11409664,1
28,12698,3792.8798466,1,VSM.ResolveTrace,11180288,1
28,12698,3792.8798466,1,VSM.FilterHorizontal,67840,1
28,12698,3792.8798466,1,VSM.FilterVertical,0,0
28,12698,3792.8798466,1,VSM.FilterTemporalVertical,160768,1
29,12699,3792.9008584,1,VSM.LayoutRemap,0,1
29,12699,3792.9008584,1,VSM.ResetFeedback,0,1
29,12699,3792.9008584,1,VSM.MarkReceiverPages,826368,1
29,12699,3792.9008584,1,VSM.Allocate,223232,1
29,12699,3792.9008584,1,VSM.InvalidateStatic,0,0
29,12699,3792.9008584,1,VSM.ClearPhysicalPages,90624,1
29,12699,3792.9008584,1,VSM.StaticCasterCull,68096,1
29,12699,3792.9008584,1,VSM.DynamicCasterCull,0,1
29,12699,3792.9008584,1,VSM.PageCull,49408,1
29,12699,3792.9008584,1,VSM.StaticRaster,7168,1
29,12699,3792.9008584,1,VSM.FinalizePages,2048,1
29,12699,3792.9008584,1,VSM.DynamicRaster,13824,1
29,12699,3792.9008584,1,VSM.UnityCompatibilityRaster,0,0
29,12699,3792.9008584,1,VSM.Resolve,10953984,1
29,12699,3792.9008584,1,VSM.ResolveTrace,10728448,1
29,12699,3792.9008584,1,VSM.FilterHorizontal,66304,1
29,12699,3792.9008584,1,VSM.FilterVertical,0,0
29,12699,3792.9008584,1,VSM.FilterTemporalVertical,157696,1
30,12700,3792.925203,1,VSM.LayoutRemap,0,1
30,12700,3792.925203,1,VSM.ResetFeedback,0,1
30,12700,3792.925203,1,VSM.MarkReceiverPages,640512,1
30,12700,3792.925203,1,VSM.Allocate,220416,1
30,12700,3792.925203,1,VSM.InvalidateStatic,0,0
30,12700,3792.925203,1,VSM.ClearPhysicalPages,89344,1
30,12700,3792.925203,1,VSM.StaticCasterCull,68352,1
30,12700,3792.925203,1,VSM.DynamicCasterCull,256,1
30,12700,3792.925203,1,VSM.PageCull,50176,1
30,12700,3792.925203,1,VSM.StaticRaster,3072,1
30,12700,3792.925203,1,VSM.FinalizePages,2048,1
30,12700,3792.925203,1,VSM.DynamicRaster,12544,1
30,12700,3792.925203,1,VSM.UnityCompatibilityRaster,0,0
30,12700,3792.925203,1,VSM.Resolve,10586368,1
30,12700,3792.925203,1,VSM.ResolveTrace,10360064,1
30,12700,3792.925203,1,VSM.FilterHorizontal,67072,1
30,12700,3792.925203,1,VSM.FilterVertical,0,0
30,12700,3792.925203,1,VSM.FilterTemporalVertical,157952,1
31,12701,3792.9461979,1,VSM.LayoutRemap,0,1
31,12701,3792.9461979,1,VSM.ResetFeedback,0,1
31,12701,3792.9461979,1,VSM.MarkReceiverPages,662272,1
31,12701,3792.9461979,1,VSM.Allocate,220672,1
31,12701,3792.9461979,1,VSM.InvalidateStatic,0,0
31,12701,3792.9461979,1,VSM.ClearPhysicalPages,535808,1
31,12701,3792.9461979,1,VSM.StaticCasterCull,70144,1
31,12701,3792.9461979,1,VSM.DynamicCasterCull,0,1
31,12701,3792.9461979,1,VSM.PageCull,46336,1
31,12701,3792.9461979,1,VSM.StaticRaster,6912,1
31,12701,3792.9461979,1,VSM.FinalizePages,2304,1
31,12701,3792.9461979,1,VSM.DynamicRaster,13056,1
31,12701,3792.9461979,1,VSM.UnityCompatibilityRaster,0,0
31,12701,3792.9461979,1,VSM.Resolve,10539520,1
31,12701,3792.9461979,1,VSM.ResolveTrace,10315008,1
31,12701,3792.9461979,1,VSM.FilterHorizontal,66048,1
31,12701,3792.9461979,1,VSM.FilterVertical,0,0
31,12701,3792.9461979,1,VSM.FilterTemporalVertical,157440,1
32,12702,3792.9664414,1,VSM.LayoutRemap,0,1
32,12702,3792.9664414,1,VSM.ResetFeedback,0,1
32,12702,3792.9664414,1,VSM.MarkReceiverPages,645376,1
32,12702,3792.9664414,1,VSM.Allocate,222976,1
32,12702,3792.9664414,1,VSM.InvalidateStatic,0,0
32,12702,3792.9664414,1,VSM.ClearPhysicalPages,90112,1
32,12702,3792.9664414,1,VSM.StaticCasterCull,66304,1
32,12702,3792.9664414,1,VSM.DynamicCasterCull,0,1
32,12702,3792.9664414,1,VSM.PageCull,47872,1
32,12702,3792.9664414,1,VSM.StaticRaster,9472,1
32,12702,3792.9664414,1,VSM.FinalizePages,2048,1
32,12702,3792.9664414,1,VSM.DynamicRaster,11008,1
32,12702,3792.9664414,1,VSM.UnityCompatibilityRaster,0,0
32,12702,3792.9664414,1,VSM.Resolve,10444288,1
32,12702,3792.9664414,1,VSM.ResolveTrace,10221568,1
32,12702,3792.9664414,1,VSM.FilterHorizontal,65536,1
32,12702,3792.9664414,1,VSM.FilterVertical,0,0
32,12702,3792.9664414,1,VSM.FilterTemporalVertical,156160,1
33,12703,3793.0036502,1,VSM.LayoutRemap,0,1
33,12703,3793.0036502,1,VSM.ResetFeedback,0,1
33,12703,3793.0036502,1,VSM.MarkReceiverPages,640768,1
33,12703,3793.0036502,1,VSM.Allocate,223744,1
33,12703,3793.0036502,1,VSM.InvalidateStatic,0,0
33,12703,3793.0036502,1,VSM.ClearPhysicalPages,764416,1
33,12703,3793.0036502,1,VSM.StaticCasterCull,74496,1
33,12703,3793.0036502,1,VSM.DynamicCasterCull,0,1
33,12703,3793.0036502,1,VSM.PageCull,48384,1
33,12703,3793.0036502,1,VSM.StaticRaster,9216,1
33,12703,3793.0036502,1,VSM.FinalizePages,2560,1
33,12703,3793.0036502,1,VSM.DynamicRaster,10496,1
33,12703,3793.0036502,1,VSM.UnityCompatibilityRaster,0,0
33,12703,3793.0036502,1,VSM.Resolve,10870784,1
33,12703,3793.0036502,1,VSM.ResolveTrace,10646016,1
33,12703,3793.0036502,1,VSM.FilterHorizontal,65792,1
33,12703,3793.0036502,1,VSM.FilterVertical,0,0
33,12703,3793.0036502,1,VSM.FilterTemporalVertical,157696,1
34,12704,3793.0259492,1,VSM.LayoutRemap,0,1
34,12704,3793.0259492,1,VSM.ResetFeedback,0,1
34,12704,3793.0259492,1,VSM.MarkReceiverPages,642560,1
34,12704,3793.0259492,1,VSM.Allocate,223744,1
34,12704,3793.0259492,1,VSM.InvalidateStatic,0,0
34,12704,3793.0259492,1,VSM.ClearPhysicalPages,564992,1
34,12704,3793.0259492,1,VSM.StaticCasterCull,70144,1
34,12704,3793.0259492,1,VSM.DynamicCasterCull,256,1
34,12704,3793.0259492,1,VSM.PageCull,49664,1
34,12704,3793.0259492,1,VSM.StaticRaster,7168,1
34,12704,3793.0259492,1,VSM.FinalizePages,2304,1
34,12704,3793.0259492,1,VSM.DynamicRaster,12288,1
34,12704,3793.0259492,1,VSM.UnityCompatibilityRaster,0,0
34,12704,3793.0259492,1,VSM.Resolve,9659392,1
34,12704,3793.0259492,1,VSM.ResolveTrace,9436160,1
34,12704,3793.0259492,1,VSM.FilterHorizontal,65536,1
34,12704,3793.0259492,1,VSM.FilterVertical,0,0
34,12704,3793.0259492,1,VSM.FilterTemporalVertical,156672,1
35,12705,3793.0485393,1,VSM.LayoutRemap,2304,1
35,12705,3793.0485393,1,VSM.ResetFeedback,1792,1
35,12705,3793.0485393,1,VSM.MarkReceiverPages,816128,1
35,12705,3793.0485393,1,VSM.Allocate,1933824,1
35,12705,3793.0485393,1,VSM.InvalidateStatic,2560,1
35,12705,3793.0485393,1,VSM.ClearPhysicalPages,174336,1
35,12705,3793.0485393,1,VSM.StaticCasterCull,57088,1
35,12705,3793.0485393,1,VSM.DynamicCasterCull,0,1
35,12705,3793.0485393,1,VSM.PageCull,37888,1
35,12705,3793.0485393,1,VSM.StaticRaster,8473344,1
35,12705,3793.0485393,1,VSM.FinalizePages,8704,1
35,12705,3793.0485393,1,VSM.DynamicRaster,15104,1
35,12705,3793.0485393,1,VSM.UnityCompatibilityRaster,0,0
35,12705,3793.0485393,1,VSM.Resolve,12004352,1
35,12705,3793.0485393,1,VSM.ResolveTrace,11682048,1
35,12705,3793.0485393,1,VSM.FilterHorizontal,248576,1
35,12705,3793.0485393,1,VSM.FilterVertical,0,0
35,12705,3793.0485393,1,VSM.FilterTemporalVertical,72448,1
36,12706,3793.0720625999998,1,VSM.LayoutRemap,0,1
36,12706,3793.0720625999998,1,VSM.ResetFeedback,0,1
36,12706,3793.0720625999998,1,VSM.MarkReceiverPages,637952,1
36,12706,3793.0720625999998,1,VSM.Allocate,224256,1
36,12706,3793.0720625999998,1,VSM.InvalidateStatic,0,0
36,12706,3793.0720625999998,1,VSM.ClearPhysicalPages,355584,1
36,12706,3793.0720625999998,1,VSM.StaticCasterCull,66048,1
36,12706,3793.0720625999998,1,VSM.DynamicCasterCull,0,1
36,12706,3793.0720625999998,1,VSM.PageCull,42240,1
36,12706,3793.0720625999998,1,VSM.StaticRaster,6912,1
36,12706,3793.0720625999998,1,VSM.FinalizePages,2304,1
36,12706,3793.0720625999998,1,VSM.DynamicRaster,11776,1
36,12706,3793.0720625999998,1,VSM.UnityCompatibilityRaster,0,0
36,12706,3793.0720625999998,1,VSM.Resolve,12009472,1
36,12706,3793.0720625999998,1,VSM.ResolveTrace,11783424,1
36,12706,3793.0720625999998,1,VSM.FilterHorizontal,67072,1
36,12706,3793.0720625999998,1,VSM.FilterVertical,0,0
36,12706,3793.0720625999998,1,VSM.FilterTemporalVertical,157696,1
37,12707,3793.0925148,1,VSM.LayoutRemap,0,1
37,12707,3793.0925148,1,VSM.ResetFeedback,0,1
37,12707,3793.0925148,1,VSM.MarkReceiverPages,649728,1
37,12707,3793.0925148,1,VSM.Allocate,226560,1
37,12707,3793.0925148,1,VSM.InvalidateStatic,0,0
37,12707,3793.0925148,1,VSM.ClearPhysicalPages,406272,1
37,12707,3793.0925148,1,VSM.StaticCasterCull,68352,1
37,12707,3793.0925148,1,VSM.DynamicCasterCull,256,1
37,12707,3793.0925148,1,VSM.PageCull,43520,1
37,12707,3793.0925148,1,VSM.StaticRaster,6912,1
37,12707,3793.0925148,1,VSM.FinalizePages,2304,1
37,12707,3793.0925148,1,VSM.DynamicRaster,11008,1
37,12707,3793.0925148,1,VSM.UnityCompatibilityRaster,0,0
37,12707,3793.0925148,1,VSM.Resolve,12972032,1
37,12707,3793.0925148,1,VSM.ResolveTrace,12749824,1
37,12707,3793.0925148,1,VSM.FilterHorizontal,65024,1
37,12707,3793.0925148,1,VSM.FilterVertical,0,0
37,12707,3793.0925148,1,VSM.FilterTemporalVertical,155904,1
38,12708,3793.1137249,1,VSM.LayoutRemap,0,1
38,12708,3793.1137249,1,VSM.ResetFeedback,0,1
38,12708,3793.1137249,1,VSM.MarkReceiverPages,624896,1
38,12708,3793.1137249,1,VSM.Allocate,226048,1
38,12708,3793.1137249,1,VSM.InvalidateStatic,0,0
38,12708,3793.1137249,1,VSM.ClearPhysicalPages,457984,1
38,12708,3793.1137249,1,VSM.StaticCasterCull,73216,1
38,12708,3793.1137249,1,VSM.DynamicCasterCull,0,1
38,12708,3793.1137249,1,VSM.PageCull,46848,1
38,12708,3793.1137249,1,VSM.StaticRaster,6912,1
38,12708,3793.1137249,1,VSM.FinalizePages,2304,1
38,12708,3793.1137249,1,VSM.DynamicRaster,12800,1
38,12708,3793.1137249,1,VSM.UnityCompatibilityRaster,0,0
38,12708,3793.1137249,1,VSM.Resolve,10103040,1
38,12708,3793.1137249,1,VSM.ResolveTrace,9877760,1
38,12708,3793.1137249,1,VSM.FilterHorizontal,67072,1
38,12708,3793.1137249,1,VSM.FilterVertical,0,0
38,12708,3793.1137249,1,VSM.FilterTemporalVertical,156928,1
39,12709,3793.1341663999997,1,VSM.LayoutRemap,0,1
39,12709,3793.1341663999997,1,VSM.ResetFeedback,0,1
39,12709,3793.1341663999997,1,VSM.MarkReceiverPages,634112,1
39,12709,3793.1341663999997,1,VSM.Allocate,222464,1
39,12709,3793.1341663999997,1,VSM.InvalidateStatic,0,0
39,12709,3793.1341663999997,1,VSM.ClearPhysicalPages,258816,1
39,12709,3793.1341663999997,1,VSM.StaticCasterCull,71168,1
39,12709,3793.1341663999997,1,VSM.DynamicCasterCull,256,1
39,12709,3793.1341663999997,1,VSM.PageCull,47872,1
39,12709,3793.1341663999997,1,VSM.StaticRaster,7168,1
39,12709,3793.1341663999997,1,VSM.FinalizePages,2048,1
39,12709,3793.1341663999997,1,VSM.DynamicRaster,12288,1
39,12709,3793.1341663999997,1,VSM.UnityCompatibilityRaster,0,0
39,12709,3793.1341663999997,1,VSM.Resolve,11201024,1
39,12709,3793.1341663999997,1,VSM.ResolveTrace,10816000,1
39,12709,3793.1341663999997,1,VSM.FilterHorizontal,66048,1
39,12709,3793.1341663999997,1,VSM.FilterVertical,0,0
39,12709,3793.1341663999997,1,VSM.FilterTemporalVertical,157184,1
40,12710,3793.1537977999997,1,VSM.LayoutRemap,0,1
40,12710,3793.1537977999997,1,VSM.ResetFeedback,0,1
40,12710,3793.1537977999997,1,VSM.MarkReceiverPages,626432,1
40,12710,3793.1537977999997,1,VSM.Allocate,225280,1
40,12710,3793.1537977999997,1,VSM.InvalidateStatic,0,0
40,12710,3793.1537977999997,1,VSM.ClearPhysicalPages,460032,1
40,12710,3793.1537977999997,1,VSM.StaticCasterCull,72448,1
40,12710,3793.1537977999997,1,VSM.DynamicCasterCull,0,1
40,12710,3793.1537977999997,1,VSM.PageCull,48384,1
40,12710,3793.1537977999997,1,VSM.StaticRaster,8704,1
40,12710,3793.1537977999997,1,VSM.FinalizePages,2304,1
40,12710,3793.1537977999997,1,VSM.DynamicRaster,11776,1
40,12710,3793.1537977999997,1,VSM.UnityCompatibilityRaster,0,0
40,12710,3793.1537977999997,1,VSM.Resolve,10178304,1
40,12710,3793.1537977999997,1,VSM.ResolveTrace,9954304,1
40,12710,3793.1537977999997,1,VSM.FilterHorizontal,65536,1
40,12710,3793.1537977999997,1,VSM.FilterVertical,0,0
40,12710,3793.1537977999997,1,VSM.FilterTemporalVertical,157440,1
41,12711,3793.1860112,1,VSM.LayoutRemap,0,1
41,12711,3793.1860112,1,VSM.ResetFeedback,0,1
41,12711,3793.1860112,1,VSM.MarkReceiverPages,626944,1
41,12711,3793.1860112,1,VSM.Allocate,225280,1
41,12711,3793.1860112,1,VSM.InvalidateStatic,0,0
41,12711,3793.1860112,1,VSM.ClearPhysicalPages,365824,1
41,12711,3793.1860112,1,VSM.StaticCasterCull,73472,1
41,12711,3793.1860112,1,VSM.DynamicCasterCull,0,1
41,12711,3793.1860112,1,VSM.PageCull,49664,1
41,12711,3793.1860112,1,VSM.StaticRaster,7424,1
41,12711,3793.1860112,1,VSM.FinalizePages,2304,1
41,12711,3793.1860112,1,VSM.DynamicRaster,12544,1
41,12711,3793.1860112,1,VSM.UnityCompatibilityRaster,0,0
41,12711,3793.1860112,1,VSM.Resolve,10746112,1
41,12711,3793.1860112,1,VSM.ResolveTrace,10513920,1
41,12711,3793.1860112,1,VSM.FilterHorizontal,67072,1
41,12711,3793.1860112,1,VSM.FilterVertical,0,0
41,12711,3793.1860112,1,VSM.FilterTemporalVertical,164096,1
42,12712,3793.207101,1,VSM.LayoutRemap,0,1
42,12712,3793.207101,1,VSM.ResetFeedback,0,1
42,12712,3793.207101,1,VSM.MarkReceiverPages,625920,1
42,12712,3793.207101,1,VSM.Allocate,224512,1
42,12712,3793.207101,1,VSM.InvalidateStatic,0,0
42,12712,3793.207101,1,VSM.ClearPhysicalPages,289792,1
42,12712,3793.207101,1,VSM.StaticCasterCull,73984,1
42,12712,3793.207101,1,VSM.DynamicCasterCull,0,1
42,12712,3793.207101,1,VSM.PageCull,49664,1
42,12712,3793.207101,1,VSM.StaticRaster,6912,1
42,12712,3793.207101,1,VSM.FinalizePages,2048,1
42,12712,3793.207101,1,VSM.DynamicRaster,14592,1
42,12712,3793.207101,1,VSM.UnityCompatibilityRaster,0,0
42,12712,3793.207101,1,VSM.Resolve,9862912,1
42,12712,3793.207101,1,VSM.ResolveTrace,9637888,1
42,12712,3793.207101,1,VSM.FilterHorizontal,66304,1
42,12712,3793.207101,1,VSM.FilterVertical,0,0
42,12712,3793.207101,1,VSM.FilterTemporalVertical,157440,1
43,12713,3793.2290442999997,1,VSM.LayoutRemap,2304,1
43,12713,3793.2290442999997,1,VSM.ResetFeedback,1792,1
43,12713,3793.2290442999997,1,VSM.MarkReceiverPages,640512,1
43,12713,3793.2290442999997,1,VSM.Allocate,1932544,1
43,12713,3793.2290442999997,1,VSM.InvalidateStatic,2048,1
43,12713,3793.2290442999997,1,VSM.ClearPhysicalPages,173824,1
43,12713,3793.2290442999997,1,VSM.StaticCasterCull,56064,1
43,12713,3793.2290442999997,1,VSM.DynamicCasterCull,0,1
43,12713,3793.2290442999997,1,VSM.PageCull,37376,1
43,12713,3793.2290442999997,1,VSM.StaticRaster,8146432,1
43,12713,3793.2290442999997,1,VSM.FinalizePages,8448,1
43,12713,3793.2290442999997,1,VSM.DynamicRaster,17664,1
43,12713,3793.2290442999997,1,VSM.UnityCompatibilityRaster,0,0
43,12713,3793.2290442999997,1,VSM.Resolve,11119872,1
43,12713,3793.2290442999997,1,VSM.ResolveTrace,10981376,1
43,12713,3793.2290442999997,1,VSM.FilterHorizontal,64256,1
43,12713,3793.2290442999997,1,VSM.FilterVertical,0,0
43,12713,3793.2290442999997,1,VSM.FilterTemporalVertical,73472,1
44,12714,3793.2484326999997,1,VSM.LayoutRemap,0,1
44,12714,3793.2484326999997,1,VSM.ResetFeedback,0,1
44,12714,3793.2484326999997,1,VSM.MarkReceiverPages,643072,1
44,12714,3793.2484326999997,1,VSM.Allocate,222976,1
44,12714,3793.2484326999997,1,VSM.InvalidateStatic,0,0
44,12714,3793.2484326999997,1,VSM.ClearPhysicalPages,503296,1
44,12714,3793.2484326999997,1,VSM.StaticCasterCull,73728,1
44,12714,3793.2484326999997,1,VSM.DynamicCasterCull,0,1
44,12714,3793.2484326999997,1,VSM.PageCull,48896,1
44,12714,3793.2484326999997,1,VSM.StaticRaster,7168,1
44,12714,3793.2484326999997,1,VSM.FinalizePages,2560,1
44,12714,3793.2484326999997,1,VSM.DynamicRaster,11776,1
44,12714,3793.2484326999997,1,VSM.UnityCompatibilityRaster,0,0
44,12714,3793.2484326999997,1,VSM.Resolve,10616832,1
44,12714,3793.2484326999997,1,VSM.ResolveTrace,10391552,1
44,12714,3793.2484326999997,1,VSM.FilterHorizontal,65536,1
44,12714,3793.2484326999997,1,VSM.FilterVertical,0,0
44,12714,3793.2484326999997,1,VSM.FilterTemporalVertical,158464,1
45,12715,3793.2676538,1,VSM.LayoutRemap,0,1
45,12715,3793.2676538,1,VSM.ResetFeedback,0,1
45,12715,3793.2676538,1,VSM.MarkReceiverPages,638720,1
45,12715,3793.2676538,1,VSM.Allocate,223744,1
45,12715,3793.2676538,1,VSM.InvalidateStatic,0,0
45,12715,3793.2676538,1,VSM.ClearPhysicalPages,460032,1
45,12715,3793.2676538,1,VSM.StaticCasterCull,66560,1
45,12715,3793.2676538,1,VSM.DynamicCasterCull,0,1
45,12715,3793.2676538,1,VSM.PageCull,46592,1
45,12715,3793.2676538,1,VSM.StaticRaster,7680,1
45,12715,3793.2676538,1,VSM.FinalizePages,2048,1
45,12715,3793.2676538,1,VSM.DynamicRaster,11776,1
45,12715,3793.2676538,1,VSM.UnityCompatibilityRaster,0,0
45,12715,3793.2676538,1,VSM.Resolve,11409920,1
45,12715,3793.2676538,1,VSM.ResolveTrace,11185152,1
45,12715,3793.2676538,1,VSM.FilterHorizontal,65792,1
45,12715,3793.2676538,1,VSM.FilterVertical,0,0
45,12715,3793.2676538,1,VSM.FilterTemporalVertical,157952,1
46,12716,3793.2862431,1,VSM.LayoutRemap,0,1
46,12716,3793.2862431,1,VSM.ResetFeedback,0,1
46,12716,3793.2862431,1,VSM.MarkReceiverPages,641024,1
46,12716,3793.2862431,1,VSM.Allocate,224256,1
46,12716,3793.2862431,1,VSM.InvalidateStatic,0,0
46,12716,3793.2862431,1,VSM.ClearPhysicalPages,452352,1
46,12716,3793.2862431,1,VSM.StaticCasterCull,72960,1
46,12716,3793.2862431,1,VSM.DynamicCasterCull,0,1
46,12716,3793.2862431,1,VSM.PageCull,48384,1
46,12716,3793.2862431,1,VSM.StaticRaster,6912,1
46,12716,3793.2862431,1,VSM.FinalizePages,2304,1
46,12716,3793.2862431,1,VSM.DynamicRaster,11008,1
46,12716,3793.2862431,1,VSM.UnityCompatibilityRaster,0,0
46,12716,3793.2862431,1,VSM.Resolve,9735936,1
46,12716,3793.2862431,1,VSM.ResolveTrace,9353728,1
46,12716,3793.2862431,1,VSM.FilterHorizontal,65792,1
46,12716,3793.2862431,1,VSM.FilterVertical,0,0
46,12716,3793.2862431,1,VSM.FilterTemporalVertical,157696,1
47,12717,3793.3058941,1,VSM.LayoutRemap,0,1
47,12717,3793.3058941,1,VSM.ResetFeedback,0,1
47,12717,3793.3058941,1,VSM.MarkReceiverPages,646144,1
47,12717,3793.3058941,1,VSM.Allocate,220416,1
47,12717,3793.3058941,1,VSM.InvalidateStatic,0,0
47,12717,3793.3058941,1,VSM.ClearPhysicalPages,89856,1
47,12717,3793.3058941,1,VSM.StaticCasterCull,69376,1
47,12717,3793.3058941,1,VSM.DynamicCasterCull,0,1
47,12717,3793.3058941,1,VSM.PageCull,50944,1
47,12717,3793.3058941,1,VSM.StaticRaster,7424,1
47,12717,3793.3058941,1,VSM.FinalizePages,2048,1
47,12717,3793.3058941,1,VSM.DynamicRaster,16128,1
47,12717,3793.3058941,1,VSM.UnityCompatibilityRaster,0,0
47,12717,3793.3058941,1,VSM.Resolve,10320896,1
47,12717,3793.3058941,1,VSM.ResolveTrace,10093568,1
47,12717,3793.3058941,1,VSM.FilterHorizontal,65280,1
47,12717,3793.3058941,1,VSM.FilterVertical,0,0
47,12717,3793.3058941,1,VSM.FilterTemporalVertical,161024,1
48,12718,3793.32498,1,VSM.LayoutRemap,0,1
48,12718,3793.32498,1,VSM.ResetFeedback,0,1
48,12718,3793.32498,1,VSM.MarkReceiverPages,640768,1
48,12718,3793.32498,1,VSM.Allocate,222208,1
48,12718,3793.32498,1,VSM.InvalidateStatic,0,0
48,12718,3793.32498,1,VSM.ClearPhysicalPages,89600,1
48,12718,3793.32498,1,VSM.StaticCasterCull,67328,1
48,12718,3793.32498,1,VSM.DynamicCasterCull,0,1
48,12718,3793.32498,1,VSM.PageCull,48384,1
48,12718,3793.32498,1,VSM.StaticRaster,7168,1
48,12718,3793.32498,1,VSM.FinalizePages,2304,1
48,12718,3793.32498,1,VSM.DynamicRaster,13056,1
48,12718,3793.32498,1,VSM.UnityCompatibilityRaster,0,0
48,12718,3793.32498,1,VSM.Resolve,10206208,1
48,12718,3793.32498,1,VSM.ResolveTrace,9980416,1
48,12718,3793.32498,1,VSM.FilterHorizontal,66048,1
48,12718,3793.32498,1,VSM.FilterVertical,0,0
48,12718,3793.32498,1,VSM.FilterTemporalVertical,158464,1
49,12719,3793.3447035,1,VSM.LayoutRemap,0,1
49,12719,3793.3447035,1,VSM.ResetFeedback,0,1
49,12719,3793.3447035,1,VSM.MarkReceiverPages,642304,1
49,12719,3793.3447035,1,VSM.Allocate,221952,1
49,12719,3793.3447035,1,VSM.InvalidateStatic,0,0
49,12719,3793.3447035,1,VSM.ClearPhysicalPages,499456,1
49,12719,3793.3447035,1,VSM.StaticCasterCull,67840,1
49,12719,3793.3447035,1,VSM.DynamicCasterCull,0,1
49,12719,3793.3447035,1,VSM.PageCull,47360,1
49,12719,3793.3447035,1,VSM.StaticRaster,7168,1
49,12719,3793.3447035,1,VSM.FinalizePages,2560,1
49,12719,3793.3447035,1,VSM.DynamicRaster,11520,1
49,12719,3793.3447035,1,VSM.UnityCompatibilityRaster,0,0
49,12719,3793.3447035,1,VSM.Resolve,10138368,1
49,12719,3793.3447035,1,VSM.ResolveTrace,9914112,1
49,12719,3793.3447035,1,VSM.FilterHorizontal,65792,1
49,12719,3793.3447035,1,VSM.FilterVertical,0,0
49,12719,3793.3447035,1,VSM.FilterTemporalVertical,157696,1
50,12720,3793.3641043,1,VSM.LayoutRemap,0,1
50,12720,3793.3641043,1,VSM.ResetFeedback,0,1
50,12720,3793.3641043,1,VSM.MarkReceiverPages,640768,1
50,12720,3793.3641043,1,VSM.Allocate,222976,1
50,12720,3793.3641043,1,VSM.InvalidateStatic,0,0
50,12720,3793.3641043,1,VSM.ClearPhysicalPages,89600,1
50,12720,3793.3641043,1,VSM.StaticCasterCull,65024,1
50,12720,3793.3641043,1,VSM.DynamicCasterCull,0,1
50,12720,3793.3641043,1,VSM.PageCull,46848,1
50,12720,3793.3641043,1,VSM.StaticRaster,5888,1
50,12720,3793.3641043,1,VSM.FinalizePages,2048,1
50,12720,3793.3641043,1,VSM.DynamicRaster,11520,1
50,12720,3793.3641043,1,VSM.UnityCompatibilityRaster,0,0
50,12720,3793.3641043,1,VSM.Resolve,10350336,1
50,12720,3793.3641043,1,VSM.ResolveTrace,10126848,1
50,12720,3793.3641043,1,VSM.FilterHorizontal,65792,1
50,12720,3793.3641043,1,VSM.FilterVertical,0,0
50,12720,3793.3641043,1,VSM.FilterTemporalVertical,156672,1
51,12721,3793.3849789,1,VSM.LayoutRemap,0,1
51,12721,3793.3849789,1,VSM.ResetFeedback,0,1
51,12721,3793.3849789,1,VSM.MarkReceiverPages,640768,1
51,12721,3793.3849789,1,VSM.Allocate,224000,1
51,12721,3793.3849789,1,VSM.InvalidateStatic,0,0
51,12721,3793.3849789,1,VSM.ClearPhysicalPages,494080,1
51,12721,3793.3849789,1,VSM.StaticCasterCull,70656,1
51,12721,3793.3849789,1,VSM.DynamicCasterCull,0,1
51,12721,3793.3849789,1,VSM.PageCull,50176,1
51,12721,3793.3849789,1,VSM.StaticRaster,7168,1
51,12721,3793.3849789,1,VSM.FinalizePages,2560,1
51,12721,3793.3849789,1,VSM.DynamicRaster,11264,1
51,12721,3793.3849789,1,VSM.UnityCompatibilityRaster,0,0
51,12721,3793.3849789,1,VSM.Resolve,10850816,1
51,12721,3793.3849789,1,VSM.ResolveTrace,10622976,1
51,12721,3793.3849789,1,VSM.FilterHorizontal,67072,1
51,12721,3793.3849789,1,VSM.FilterVertical,0,0
51,12721,3793.3849789,1,VSM.FilterTemporalVertical,159488,1
52,12722,3793.4065593,1,VSM.LayoutRemap,0,1
52,12722,3793.4065593,1,VSM.ResetFeedback,0,1
52,12722,3793.4065593,1,VSM.MarkReceiverPages,640768,1
52,12722,3793.4065593,1,VSM.Allocate,223488,1
52,12722,3793.4065593,1,VSM.InvalidateStatic,0,0
52,12722,3793.4065593,1,VSM.ClearPhysicalPages,90368,1
52,12722,3793.4065593,1,VSM.StaticCasterCull,66560,1
52,12722,3793.4065593,1,VSM.DynamicCasterCull,256,1
52,12722,3793.4065593,1,VSM.PageCull,47872,1
52,12722,3793.4065593,1,VSM.StaticRaster,7680,1
52,12722,3793.4065593,1,VSM.FinalizePages,2048,1
52,12722,3793.4065593,1,VSM.DynamicRaster,10752,1
52,12722,3793.4065593,1,VSM.UnityCompatibilityRaster,0,0
52,12722,3793.4065593,1,VSM.Resolve,10995968,1
52,12722,3793.4065593,1,VSM.ResolveTrace,10768384,1
52,12722,3793.4065593,1,VSM.FilterHorizontal,67584,1
52,12722,3793.4065593,1,VSM.FilterVertical,0,0
52,12722,3793.4065593,1,VSM.FilterTemporalVertical,159232,1
53,12723,3793.4269547999997,1,VSM.LayoutRemap,0,1
53,12723,3793.4269547999997,1,VSM.ResetFeedback,0,1
53,12723,3793.4269547999997,1,VSM.MarkReceiverPages,644864,1
53,12723,3793.4269547999997,1,VSM.Allocate,223488,1
53,12723,3793.4269547999997,1,VSM.InvalidateStatic,0,0
53,12723,3793.4269547999997,1,VSM.ClearPhysicalPages,546048,1
53,12723,3793.4269547999997,1,VSM.StaticCasterCull,70144,1
53,12723,3793.4269547999997,1,VSM.DynamicCasterCull,0,1
53,12723,3793.4269547999997,1,VSM.PageCull,45824,1
53,12723,3793.4269547999997,1,VSM.StaticRaster,7168,1
53,12723,3793.4269547999997,1,VSM.FinalizePages,2304,1
53,12723,3793.4269547999997,1,VSM.DynamicRaster,11520,1
53,12723,3793.4269547999997,1,VSM.UnityCompatibilityRaster,0,0
53,12723,3793.4269547999997,1,VSM.Resolve,10402048,1
53,12723,3793.4269547999997,1,VSM.ResolveTrace,10009856,1
53,12723,3793.4269547999997,1,VSM.FilterHorizontal,65024,1
53,12723,3793.4269547999997,1,VSM.FilterVertical,0,0
53,12723,3793.4269547999997,1,VSM.FilterTemporalVertical,326144,1
54,12724,3793.4481143999997,1,VSM.LayoutRemap,0,1
54,12724,3793.4481143999997,1,VSM.ResetFeedback,0,1
54,12724,3793.4481143999997,1,VSM.MarkReceiverPages,642048,1
54,12724,3793.4481143999997,1,VSM.Allocate,220928,1
54,12724,3793.4481143999997,1,VSM.InvalidateStatic,0,0
54,12724,3793.4481143999997,1,VSM.ClearPhysicalPages,279296,1
54,12724,3793.4481143999997,1,VSM.StaticCasterCull,77312,1
54,12724,3793.4481143999997,1,VSM.DynamicCasterCull,256,1
54,12724,3793.4481143999997,1,VSM.PageCull,49664,1
54,12724,3793.4481143999997,1,VSM.StaticRaster,6912,1
54,12724,3793.4481143999997,1,VSM.FinalizePages,2048,1
54,12724,3793.4481143999997,1,VSM.DynamicRaster,12544,1
54,12724,3793.4481143999997,1,VSM.UnityCompatibilityRaster,0,0
54,12724,3793.4481143999997,1,VSM.Resolve,11306496,1
54,12724,3793.4481143999997,1,VSM.ResolveTrace,10767360,1
54,12724,3793.4481143999997,1,VSM.FilterHorizontal,66560,1
54,12724,3793.4481143999997,1,VSM.FilterVertical,0,0
54,12724,3793.4481143999997,1,VSM.FilterTemporalVertical,158720,1
55,12725,3793.469372,1,VSM.LayoutRemap,0,1
55,12725,3793.469372,1,VSM.ResetFeedback,0,1
55,12725,3793.469372,1,VSM.MarkReceiverPages,642816,1
55,12725,3793.469372,1,VSM.Allocate,224000,1
55,12725,3793.469372,1,VSM.InvalidateStatic,0,0
55,12725,3793.469372,1,VSM.ClearPhysicalPages,248320,1
55,12725,3793.469372,1,VSM.StaticCasterCull,70144,1
55,12725,3793.469372,1,VSM.DynamicCasterCull,256,1
55,12725,3793.469372,1,VSM.PageCull,50432,1
55,12725,3793.469372,1,VSM.StaticRaster,6912,1
55,12725,3793.469372,1,VSM.FinalizePages,2048,1
55,12725,3793.469372,1,VSM.DynamicRaster,15616,1
55,12725,3793.469372,1,VSM.UnityCompatibilityRaster,0,0
55,12725,3793.469372,1,VSM.Resolve,10740736,1
55,12725,3793.469372,1,VSM.ResolveTrace,10515968,1
55,12725,3793.469372,1,VSM.FilterHorizontal,65792,1
55,12725,3793.469372,1,VSM.FilterVertical,0,0
55,12725,3793.469372,1,VSM.FilterTemporalVertical,157952,1
56,12726,3793.4902601,1,VSM.LayoutRemap,0,1
56,12726,3793.4902601,1,VSM.ResetFeedback,0,1
56,12726,3793.4902601,1,VSM.MarkReceiverPages,643584,1
56,12726,3793.4902601,1,VSM.Allocate,222208,1
56,12726,3793.4902601,1,VSM.InvalidateStatic,0,0
56,12726,3793.4902601,1,VSM.ClearPhysicalPages,674560,1
56,12726,3793.4902601,1,VSM.StaticCasterCull,67840,1
56,12726,3793.4902601,1,VSM.DynamicCasterCull,0,1
56,12726,3793.4902601,1,VSM.PageCull,46592,1
56,12726,3793.4902601,1,VSM.StaticRaster,3328,1
56,12726,3793.4902601,1,VSM.FinalizePages,2304,1
56,12726,3793.4902601,1,VSM.DynamicRaster,10752,1
56,12726,3793.4902601,1,VSM.UnityCompatibilityRaster,0,0
56,12726,3793.4902601,1,VSM.Resolve,10427392,1
56,12726,3793.4902601,1,VSM.ResolveTrace,10203136,1
56,12726,3793.4902601,1,VSM.FilterHorizontal,66816,1
56,12726,3793.4902601,1,VSM.FilterVertical,0,0
56,12726,3793.4902601,1,VSM.FilterTemporalVertical,156416,1
57,12727,3793.5104554,1,VSM.LayoutRemap,0,1
57,12727,3793.5104554,1,VSM.ResetFeedback,0,1
57,12727,3793.5104554,1,VSM.MarkReceiverPages,643072,1
57,12727,3793.5104554,1,VSM.Allocate,223232,1
57,12727,3793.5104554,1,VSM.InvalidateStatic,0,0
57,12727,3793.5104554,1,VSM.ClearPhysicalPages,443392,1
57,12727,3793.5104554,1,VSM.StaticCasterCull,67328,1
57,12727,3793.5104554,1,VSM.DynamicCasterCull,0,1
57,12727,3793.5104554,1,VSM.PageCull,46080,1
57,12727,3793.5104554,1,VSM.StaticRaster,6912,1
57,12727,3793.5104554,1,VSM.FinalizePages,2560,1
57,12727,3793.5104554,1,VSM.DynamicRaster,12288,1
57,12727,3793.5104554,1,VSM.UnityCompatibilityRaster,0,0
57,12727,3793.5104554,1,VSM.Resolve,10180864,1
57,12727,3793.5104554,1,VSM.ResolveTrace,9954560,1
57,12727,3793.5104554,1,VSM.FilterHorizontal,67584,1
57,12727,3793.5104554,1,VSM.FilterVertical,0,0
57,12727,3793.5104554,1,VSM.FilterTemporalVertical,157440,1
58,12728,3793.5311075,1,VSM.LayoutRemap,0,1
58,12728,3793.5311075,1,VSM.ResetFeedback,0,1
58,12728,3793.5311075,1,VSM.MarkReceiverPages,641792,1
58,12728,3793.5311075,1,VSM.Allocate,221440,1
58,12728,3793.5311075,1,VSM.InvalidateStatic,0,0
58,12728,3793.5311075,1,VSM.ClearPhysicalPages,457984,1
58,12728,3793.5311075,1,VSM.StaticCasterCull,66048,1
58,12728,3793.5311075,1,VSM.DynamicCasterCull,0,1
58,12728,3793.5311075,1,VSM.PageCull,46080,1
58,12728,3793.5311075,1,VSM.StaticRaster,7680,1
58,12728,3793.5311075,1,VSM.FinalizePages,2304,1
58,12728,3793.5311075,1,VSM.DynamicRaster,12800,1
58,12728,3793.5311075,1,VSM.UnityCompatibilityRaster,0,0
58,12728,3793.5311075,1,VSM.Resolve,11723776,1
58,12728,3793.5311075,1,VSM.ResolveTrace,11496960,1
58,12728,3793.5311075,1,VSM.FilterHorizontal,67840,1
58,12728,3793.5311075,1,VSM.FilterVertical,0,0
58,12728,3793.5311075,1,VSM.FilterTemporalVertical,157440,1
59,12729,3793.550659,1,VSM.LayoutRemap,0,1
59,12729,3793.550659,1,VSM.ResetFeedback,0,1
59,12729,3793.550659,1,VSM.MarkReceiverPages,639232,1
59,12729,3793.550659,1,VSM.Allocate,221952,1
59,12729,3793.550659,1,VSM.InvalidateStatic,0,0
59,12729,3793.550659,1,VSM.ClearPhysicalPages,280832,1
59,12729,3793.550659,1,VSM.StaticCasterCull,73472,1
59,12729,3793.550659,1,VSM.DynamicCasterCull,0,1
59,12729,3793.550659,1,VSM.PageCull,49152,1
59,12729,3793.550659,1,VSM.StaticRaster,4352,1
59,12729,3793.550659,1,VSM.FinalizePages,2048,1
59,12729,3793.550659,1,VSM.DynamicRaster,13824,1
59,12729,3793.550659,1,VSM.UnityCompatibilityRaster,0,0
59,12729,3793.550659,1,VSM.Resolve,11462912,1
59,12729,3793.550659,1,VSM.ResolveTrace,11232256,1
59,12729,3793.550659,1,VSM.FilterHorizontal,66304,1
59,12729,3793.550659,1,VSM.FilterVertical,0,0
59,12729,3793.550659,1,VSM.FilterTemporalVertical,163328,1
60,12730,3793.5702566,1,VSM.LayoutRemap,0,1
60,12730,3793.5702566,1,VSM.ResetFeedback,0,1
60,12730,3793.5702566,1,VSM.MarkReceiverPages,641280,1
60,12730,3793.5702566,1,VSM.Allocate,222720,1
60,12730,3793.5702566,1,VSM.InvalidateStatic,0,0
60,12730,3793.5702566,1,VSM.ClearPhysicalPages,458496,1
60,12730,3793.5702566,1,VSM.StaticCasterCull,71424,1
60,12730,3793.5702566,1,VSM.DynamicCasterCull,256,1
60,12730,3793.5702566,1,VSM.PageCull,47104,1
60,12730,3793.5702566,1,VSM.StaticRaster,6912,1
60,12730,3793.5702566,1,VSM.FinalizePages,2304,1
60,12730,3793.5702566,1,VSM.DynamicRaster,12032,1
60,12730,3793.5702566,1,VSM.UnityCompatibilityRaster,0,0
60,12730,3793.5702566,1,VSM.Resolve,11020288,1
60,12730,3793.5702566,1,VSM.ResolveTrace,10794496,1
60,12730,3793.5702566,1,VSM.FilterHorizontal,67072,1
60,12730,3793.5702566,1,VSM.FilterVertical,0,0
60,12730,3793.5702566,1,VSM.FilterTemporalVertical,157440,1
61,12731,3793.5923497,1,VSM.LayoutRemap,0,1
61,12731,3793.5923497,1,VSM.ResetFeedback,0,1
61,12731,3793.5923497,1,VSM.MarkReceiverPages,641024,1
61,12731,3793.5923497,1,VSM.Allocate,220672,1
61,12731,3793.5923497,1,VSM.InvalidateStatic,0,0
61,12731,3793.5923497,1,VSM.ClearPhysicalPages,524544,1
61,12731,3793.5923497,1,VSM.StaticCasterCull,73472,1
61,12731,3793.5923497,1,VSM.DynamicCasterCull,256,1
61,12731,3793.5923497,1,VSM.PageCull,48128,1
61,12731,3793.5923497,1,VSM.StaticRaster,7168,1
61,12731,3793.5923497,1,VSM.FinalizePages,2304,1
61,12731,3793.5923497,1,VSM.DynamicRaster,11776,1
61,12731,3793.5923497,1,VSM.UnityCompatibilityRaster,0,0
61,12731,3793.5923497,1,VSM.Resolve,10885888,1
61,12731,3793.5923497,1,VSM.ResolveTrace,10207232,1
61,12731,3793.5923497,1,VSM.FilterHorizontal,68096,1
61,12731,3793.5923497,1,VSM.FilterVertical,0,0
61,12731,3793.5923497,1,VSM.FilterTemporalVertical,159488,1
62,12732,3793.6119224999998,1,VSM.LayoutRemap,0,1
62,12732,3793.6119224999998,1,VSM.ResetFeedback,0,1
62,12732,3793.6119224999998,1,VSM.MarkReceiverPages,641024,1
62,12732,3793.6119224999998,1,VSM.Allocate,223744,1
62,12732,3793.6119224999998,1,VSM.InvalidateStatic,0,0
62,12732,3793.6119224999998,1,VSM.ClearPhysicalPages,90112,1
62,12732,3793.6119224999998,1,VSM.StaticCasterCull,65792,1
62,12732,3793.6119224999998,1,VSM.DynamicCasterCull,256,1
62,12732,3793.6119224999998,1,VSM.PageCull,47360,1
62,12732,3793.6119224999998,1,VSM.StaticRaster,7680,1
62,12732,3793.6119224999998,1,VSM.FinalizePages,2048,1
62,12732,3793.6119224999998,1,VSM.DynamicRaster,12288,1
62,12732,3793.6119224999998,1,VSM.UnityCompatibilityRaster,0,0
62,12732,3793.6119224999998,1,VSM.Resolve,11162624,1
62,12732,3793.6119224999998,1,VSM.ResolveTrace,10936064,1
62,12732,3793.6119224999998,1,VSM.FilterHorizontal,65792,1
62,12732,3793.6119224999998,1,VSM.FilterVertical,0,0
62,12732,3793.6119224999998,1,VSM.FilterTemporalVertical,160000,1
63,12733,3793.6323739,1,VSM.LayoutRemap,0,1
63,12733,3793.6323739,1,VSM.ResetFeedback,0,1
63,12733,3793.6323739,1,VSM.MarkReceiverPages,642048,1
63,12733,3793.6323739,1,VSM.Allocate,224256,1
63,12733,3793.6323739,1,VSM.InvalidateStatic,0,0
63,12733,3793.6323739,1,VSM.ClearPhysicalPages,456192,1
63,12733,3793.6323739,1,VSM.StaticCasterCull,71680,1
63,12733,3793.6323739,1,VSM.DynamicCasterCull,0,1
63,12733,3793.6323739,1,VSM.PageCull,47616,1
63,12733,3793.6323739,1,VSM.StaticRaster,7168,1
63,12733,3793.6323739,1,VSM.FinalizePages,2304,1
63,12733,3793.6323739,1,VSM.DynamicRaster,12544,1
63,12733,3793.6323739,1,VSM.UnityCompatibilityRaster,0,0
63,12733,3793.6323739,1,VSM.Resolve,11804160,1
63,12733,3793.6323739,1,VSM.ResolveTrace,11374336,1
63,12733,3793.6323739,1,VSM.FilterHorizontal,66816,1
63,12733,3793.6323739,1,VSM.FilterVertical,0,0
63,12733,3793.6323739,1,VSM.FilterTemporalVertical,361984,1
64,12734,3793.6529231,1,VSM.LayoutRemap,0,1
64,12734,3793.6529231,1,VSM.ResetFeedback,0,1
64,12734,3793.6529231,1,VSM.MarkReceiverPages,641280,1
64,12734,3793.6529231,1,VSM.Allocate,221952,1
64,12734,3793.6529231,1,VSM.InvalidateStatic,0,0
64,12734,3793.6529231,1,VSM.ClearPhysicalPages,743680,1
64,12734,3793.6529231,1,VSM.StaticCasterCull,72448,1
64,12734,3793.6529231,1,VSM.DynamicCasterCull,0,1
64,12734,3793.6529231,1,VSM.PageCull,47616,1
64,12734,3793.6529231,1,VSM.StaticRaster,6912,1
64,12734,3793.6529231,1,VSM.FinalizePages,2304,1
64,12734,3793.6529231,1,VSM.DynamicRaster,12032,1
64,12734,3793.6529231,1,VSM.UnityCompatibilityRaster,0,0
64,12734,3793.6529231,1,VSM.Resolve,9983232,1
64,12734,3793.6529231,1,VSM.ResolveTrace,9758976,1
64,12734,3793.6529231,1,VSM.FilterHorizontal,65280,1
64,12734,3793.6529231,1,VSM.FilterVertical,0,0
64,12734,3793.6529231,1,VSM.FilterTemporalVertical,157696,1
65,12735,3793.6858131,1,VSM.LayoutRemap,0,1
65,12735,3793.6858131,1,VSM.ResetFeedback,0,1
65,12735,3793.6858131,1,VSM.MarkReceiverPages,641024,1
65,12735,3793.6858131,1,VSM.Allocate,223232,1
65,12735,3793.6858131,1,VSM.InvalidateStatic,0,0
65,12735,3793.6858131,1,VSM.ClearPhysicalPages,89856,1
65,12735,3793.6858131,1,VSM.StaticCasterCull,66816,1
65,12735,3793.6858131,1,VSM.DynamicCasterCull,0,1
65,12735,3793.6858131,1,VSM.PageCull,48896,1
65,12735,3793.6858131,1,VSM.StaticRaster,7168,1
65,12735,3793.6858131,1,VSM.FinalizePages,2048,1
65,12735,3793.6858131,1,VSM.DynamicRaster,13312,1
65,12735,3793.6858131,1,VSM.UnityCompatibilityRaster,0,0
65,12735,3793.6858131,1,VSM.Resolve,11082752,1
65,12735,3793.6858131,1,VSM.ResolveTrace,10691584,1
65,12735,3793.6858131,1,VSM.FilterHorizontal,65536,1
65,12735,3793.6858131,1,VSM.FilterVertical,0,0
65,12735,3793.6858131,1,VSM.FilterTemporalVertical,324352,1
66,12736,3793.7073531,1,VSM.LayoutRemap,0,1
66,12736,3793.7073531,1,VSM.ResetFeedback,0,1
66,12736,3793.7073531,1,VSM.MarkReceiverPages,643328,1
66,12736,3793.7073531,1,VSM.Allocate,223488,1
66,12736,3793.7073531,1,VSM.InvalidateStatic,0,0
66,12736,3793.7073531,1,VSM.ClearPhysicalPages,273920,1
66,12736,3793.7073531,1,VSM.StaticCasterCull,72704,1
66,12736,3793.7073531,1,VSM.DynamicCasterCull,0,1
66,12736,3793.7073531,1,VSM.PageCull,49408,1
66,12736,3793.7073531,1,VSM.StaticRaster,3328,1
66,12736,3793.7073531,1,VSM.FinalizePages,1792,1
66,12736,3793.7073531,1,VSM.DynamicRaster,13312,1
66,12736,3793.7073531,1,VSM.UnityCompatibilityRaster,0,0
66,12736,3793.7073531,1,VSM.Resolve,10399232,1
66,12736,3793.7073531,1,VSM.ResolveTrace,10173440,1
66,12736,3793.7073531,1,VSM.FilterHorizontal,66048,1
66,12736,3793.7073531,1,VSM.FilterVertical,0,0
66,12736,3793.7073531,1,VSM.FilterTemporalVertical,158464,1
67,12737,3793.7291848,1,VSM.LayoutRemap,2304,1
67,12737,3793.7291848,1,VSM.ResetFeedback,2048,1
67,12737,3793.7291848,1,VSM.MarkReceiverPages,1327872,1
67,12737,3793.7291848,1,VSM.Allocate,1944576,1
67,12737,3793.7291848,1,VSM.InvalidateStatic,2304,1
67,12737,3793.7291848,1,VSM.ClearPhysicalPages,174336,1
67,12737,3793.7291848,1,VSM.StaticCasterCull,58112,1
67,12737,3793.7291848,1,VSM.DynamicCasterCull,256,1
67,12737,3793.7291848,1,VSM.PageCull,38912,1
67,12737,3793.7291848,1,VSM.StaticRaster,8279808,1
67,12737,3793.7291848,1,VSM.FinalizePages,8448,1
67,12737,3793.7291848,1,VSM.DynamicRaster,16640,1
67,12737,3793.7291848,1,VSM.UnityCompatibilityRaster,0,0
67,12737,3793.7291848,1,VSM.Resolve,11255552,1
67,12737,3793.7291848,1,VSM.ResolveTrace,11117312,1
67,12737,3793.7291848,1,VSM.FilterHorizontal,64768,1
67,12737,3793.7291848,1,VSM.FilterVertical,0,0
67,12737,3793.7291848,1,VSM.FilterTemporalVertical,72192,1
68,12738,3793.7485168999997,1,VSM.LayoutRemap,0,1
68,12738,3793.7485168999997,1,VSM.ResetFeedback,0,1
68,12738,3793.7485168999997,1,VSM.MarkReceiverPages,627456,1
68,12738,3793.7485168999997,1,VSM.Allocate,225280,1
68,12738,3793.7485168999997,1,VSM.InvalidateStatic,0,0
68,12738,3793.7485168999997,1,VSM.ClearPhysicalPages,460288,1
68,12738,3793.7485168999997,1,VSM.StaticCasterCull,72192,1
68,12738,3793.7485168999997,1,VSM.DynamicCasterCull,0,1
68,12738,3793.7485168999997,1,VSM.PageCull,48384,1
68,12738,3793.7485168999997,1,VSM.StaticRaster,3328,1
68,12738,3793.7485168999997,1,VSM.FinalizePages,2304,1
68,12738,3793.7485168999997,1,VSM.DynamicRaster,12032,1
68,12738,3793.7485168999997,1,VSM.UnityCompatibilityRaster,0,0
68,12738,3793.7485168999997,1,VSM.Resolve,12133120,1
68,12738,3793.7485168999997,1,VSM.ResolveTrace,11630336,1
68,12738,3793.7485168999997,1,VSM.FilterHorizontal,65536,1
68,12738,3793.7485168999997,1,VSM.FilterVertical,0,0
68,12738,3793.7485168999997,1,VSM.FilterTemporalVertical,161024,1
69,12739,3793.77031,1,VSM.LayoutRemap,0,1
69,12739,3793.77031,1,VSM.ResetFeedback,0,1
69,12739,3793.77031,1,VSM.MarkReceiverPages,623360,1
69,12739,3793.77031,1,VSM.Allocate,225024,1
69,12739,3793.77031,1,VSM.InvalidateStatic,0,0
69,12739,3793.77031,1,VSM.ClearPhysicalPages,444160,1
69,12739,3793.77031,1,VSM.StaticCasterCull,72960,1
69,12739,3793.77031,1,VSM.DynamicCasterCull,0,1
69,12739,3793.77031,1,VSM.PageCull,48896,1
69,12739,3793.77031,1,VSM.StaticRaster,6912,1
69,12739,3793.77031,1,VSM.FinalizePages,2560,1
69,12739,3793.77031,1,VSM.DynamicRaster,12544,1
69,12739,3793.77031,1,VSM.UnityCompatibilityRaster,0,0
69,12739,3793.77031,1,VSM.Resolve,11974400,1
69,12739,3793.77031,1,VSM.ResolveTrace,11741184,1
69,12739,3793.77031,1,VSM.FilterHorizontal,64768,1
69,12739,3793.77031,1,VSM.FilterVertical,0,0
69,12739,3793.77031,1,VSM.FilterTemporalVertical,167168,1
70,12740,3793.7896502,1,VSM.LayoutRemap,0,1
70,12740,3793.7896502,1,VSM.ResetFeedback,0,1
70,12740,3793.7896502,1,VSM.MarkReceiverPages,625920,1
70,12740,3793.7896502,1,VSM.Allocate,225280,1
70,12740,3793.7896502,1,VSM.InvalidateStatic,0,0
70,12740,3793.7896502,1,VSM.ClearPhysicalPages,260352,1
70,12740,3793.7896502,1,VSM.StaticCasterCull,73472,1
70,12740,3793.7896502,1,VSM.DynamicCasterCull,0,1
70,12740,3793.7896502,1,VSM.PageCull,49408,1
70,12740,3793.7896502,1,VSM.StaticRaster,6912,1
70,12740,3793.7896502,1,VSM.FinalizePages,2048,1
70,12740,3793.7896502,1,VSM.DynamicRaster,13824,1
70,12740,3793.7896502,1,VSM.UnityCompatibilityRaster,0,0
70,12740,3793.7896502,1,VSM.Resolve,10778112,1
70,12740,3793.7896502,1,VSM.ResolveTrace,10368000,1
70,12740,3793.7896502,1,VSM.FilterHorizontal,66816,1
70,12740,3793.7896502,1,VSM.FilterVertical,0,0
70,12740,3793.7896502,1,VSM.FilterTemporalVertical,155392,1
71,12741,3793.8101016,1,VSM.LayoutRemap,0,1
71,12741,3793.8101016,1,VSM.ResetFeedback,0,1
71,12741,3793.8101016,1,VSM.MarkReceiverPages,625408,1
71,12741,3793.8101016,1,VSM.Allocate,224768,1
71,12741,3793.8101016,1,VSM.InvalidateStatic,0,0
71,12741,3793.8101016,1,VSM.ClearPhysicalPages,89600,1
71,12741,3793.8101016,1,VSM.StaticCasterCull,67072,1
71,12741,3793.8101016,1,VSM.DynamicCasterCull,256,1
71,12741,3793.8101016,1,VSM.PageCull,48384,1
71,12741,3793.8101016,1,VSM.StaticRaster,7168,1
71,12741,3793.8101016,1,VSM.FinalizePages,2048,1
71,12741,3793.8101016,1,VSM.DynamicRaster,12800,1
71,12741,3793.8101016,1,VSM.UnityCompatibilityRaster,0,0
71,12741,3793.8101016,1,VSM.Resolve,11129088,1
71,12741,3793.8101016,1,VSM.ResolveTrace,10902016,1
71,12741,3793.8101016,1,VSM.FilterHorizontal,66304,1
71,12741,3793.8101016,1,VSM.FilterVertical,0,0
71,12741,3793.8101016,1,VSM.FilterTemporalVertical,159488,1
72,12742,3793.8297806,1,VSM.LayoutRemap,0,1
72,12742,3793.8297806,1,VSM.ResetFeedback,0,1
72,12742,3793.8297806,1,VSM.MarkReceiverPages,627968,1
72,12742,3793.8297806,1,VSM.Allocate,223488,1
72,12742,3793.8297806,1,VSM.InvalidateStatic,0,0
72,12742,3793.8297806,1,VSM.ClearPhysicalPages,89856,1
72,12742,3793.8297806,1,VSM.StaticCasterCull,67328,1
72,12742,3793.8297806,1,VSM.DynamicCasterCull,0,1
72,12742,3793.8297806,1,VSM.PageCull,49152,1
72,12742,3793.8297806,1,VSM.StaticRaster,6912,1
72,12742,3793.8297806,1,VSM.FinalizePages,2048,1
72,12742,3793.8297806,1,VSM.DynamicRaster,14080,1
72,12742,3793.8297806,1,VSM.UnityCompatibilityRaster,0,0
72,12742,3793.8297806,1,VSM.Resolve,10297600,1
72,12742,3793.8297806,1,VSM.ResolveTrace,9907456,1
72,12742,3793.8297806,1,VSM.FilterHorizontal,65536,1
72,12742,3793.8297806,1,VSM.FilterVertical,0,0
72,12742,3793.8297806,1,VSM.FilterTemporalVertical,156416,1
73,12743,3793.8618450999998,1,VSM.LayoutRemap,0,1
73,12743,3793.8618450999998,1,VSM.ResetFeedback,0,1
73,12743,3793.8618450999998,1,VSM.MarkReceiverPages,627968,1
73,12743,3793.8618450999998,1,VSM.Allocate,225280,1
73,12743,3793.8618450999998,1,VSM.InvalidateStatic,0,0
73,12743,3793.8618450999998,1,VSM.ClearPhysicalPages,276224,1
73,12743,3793.8618450999998,1,VSM.StaticCasterCull,74496,1
73,12743,3793.8618450999998,1,VSM.DynamicCasterCull,0,1
73,12743,3793.8618450999998,1,VSM.PageCull,51200,1
73,12743,3793.8618450999998,1,VSM.StaticRaster,3328,1
73,12743,3793.8618450999998,1,VSM.FinalizePages,2048,1
73,12743,3793.8618450999998,1,VSM.DynamicRaster,14080,1
73,12743,3793.8618450999998,1,VSM.UnityCompatibilityRaster,0,0
73,12743,3793.8618450999998,1,VSM.Resolve,10545920,1
73,12743,3793.8618450999998,1,VSM.ResolveTrace,10321408,1
73,12743,3793.8618450999998,1,VSM.FilterHorizontal,65792,1
73,12743,3793.8618450999998,1,VSM.FilterVertical,0,0
73,12743,3793.8618450999998,1,VSM.FilterTemporalVertical,157696,1
74,12744,3793.882847,1,VSM.LayoutRemap,0,1
74,12744,3793.882847,1,VSM.ResetFeedback,0,1
74,12744,3793.882847,1,VSM.MarkReceiverPages,630272,1
74,12744,3793.882847,1,VSM.Allocate,223232,1
74,12744,3793.882847,1,VSM.InvalidateStatic,0,0
74,12744,3793.882847,1,VSM.ClearPhysicalPages,256512,1
74,12744,3793.882847,1,VSM.StaticCasterCull,67584,1
74,12744,3793.882847,1,VSM.DynamicCasterCull,0,1
74,12744,3793.882847,1,VSM.PageCull,48128,1
74,12744,3793.882847,1,VSM.StaticRaster,11264,1
74,12744,3793.882847,1,VSM.FinalizePages,2304,1
74,12744,3793.882847,1,VSM.DynamicRaster,12544,1
74,12744,3793.882847,1,VSM.UnityCompatibilityRaster,0,0
74,12744,3793.882847,1,VSM.Resolve,10299136,1
74,12744,3793.882847,1,VSM.ResolveTrace,9894144,1
74,12744,3793.882847,1,VSM.FilterHorizontal,64768,1
74,12744,3793.882847,1,VSM.FilterVertical,0,0
74,12744,3793.882847,1,VSM.FilterTemporalVertical,156672,1
75,12745,3793.9034625,1,VSM.LayoutRemap,2304,1
75,12745,3793.9034625,1,VSM.ResetFeedback,1792,1
75,12745,3793.9034625,1,VSM.MarkReceiverPages,920064,1
75,12745,3793.9034625,1,VSM.Allocate,1932288,1
75,12745,3793.9034625,1,VSM.InvalidateStatic,2048,1
75,12745,3793.9034625,1,VSM.ClearPhysicalPages,173824,1
75,12745,3793.9034625,1,VSM.StaticCasterCull,58368,1
75,12745,3793.9034625,1,VSM.DynamicCasterCull,0,1
75,12745,3793.9034625,1,VSM.PageCull,39424,1
75,12745,3793.9034625,1,VSM.StaticRaster,7907584,1
75,12745,3793.9034625,1,VSM.FinalizePages,4096,1
75,12745,3793.9034625,1,VSM.DynamicRaster,15360,1
75,12745,3793.9034625,1,VSM.UnityCompatibilityRaster,0,0
75,12745,3793.9034625,1,VSM.Resolve,11447808,1
75,12745,3793.9034625,1,VSM.ResolveTrace,10925312,1
75,12745,3793.9034625,1,VSM.FilterHorizontal,65536,1
75,12745,3793.9034625,1,VSM.FilterVertical,0,0
75,12745,3793.9034625,1,VSM.FilterTemporalVertical,72448,1
76,12746,3793.9230543,1,VSM.LayoutRemap,0,1
76,12746,3793.9230543,1,VSM.ResetFeedback,0,1
76,12746,3793.9230543,1,VSM.MarkReceiverPages,642048,1
76,12746,3793.9230543,1,VSM.Allocate,223488,1
76,12746,3793.9230543,1,VSM.InvalidateStatic,0,0
76,12746,3793.9230543,1,VSM.ClearPhysicalPages,89856,1
76,12746,3793.9230543,1,VSM.StaticCasterCull,65792,1
76,12746,3793.9230543,1,VSM.DynamicCasterCull,0,1
76,12746,3793.9230543,1,VSM.PageCull,46848,1
76,12746,3793.9230543,1,VSM.StaticRaster,7168,1
76,12746,3793.9230543,1,VSM.FinalizePages,2048,1
76,12746,3793.9230543,1,VSM.DynamicRaster,12032,1
76,12746,3793.9230543,1,VSM.UnityCompatibilityRaster,0,0
76,12746,3793.9230543,1,VSM.Resolve,11085824,1
76,12746,3793.9230543,1,VSM.ResolveTrace,10861824,1
76,12746,3793.9230543,1,VSM.FilterHorizontal,64512,1
76,12746,3793.9230543,1,VSM.FilterVertical,0,0
76,12746,3793.9230543,1,VSM.FilterTemporalVertical,158208,1
77,12747,3793.9431651,1,VSM.LayoutRemap,0,1
77,12747,3793.9431651,1,VSM.ResetFeedback,0,1
77,12747,3793.9431651,1,VSM.MarkReceiverPages,639744,1
77,12747,3793.9431651,1,VSM.Allocate,223232,1
77,12747,3793.9431651,1,VSM.InvalidateStatic,0,0
77,12747,3793.9431651,1,VSM.ClearPhysicalPages,89600,1
77,12747,3793.9431651,1,VSM.StaticCasterCull,67840,1
77,12747,3793.9431651,1,VSM.DynamicCasterCull,0,1
77,12747,3793.9431651,1,VSM.PageCull,49152,1
77,12747,3793.9431651,1,VSM.StaticRaster,9728,1
77,12747,3793.9431651,1,VSM.FinalizePages,2048,1
77,12747,3793.9431651,1,VSM.DynamicRaster,12288,1
77,12747,3793.9431651,1,VSM.UnityCompatibilityRaster,0,0
77,12747,3793.9431651,1,VSM.Resolve,11190016,1
77,12747,3793.9431651,1,VSM.ResolveTrace,10963200,1
77,12747,3793.9431651,1,VSM.FilterHorizontal,66816,1
77,12747,3793.9431651,1,VSM.FilterVertical,0,0
77,12747,3793.9431651,1,VSM.FilterTemporalVertical,158976,1
78,12748,3793.9626969,1,VSM.LayoutRemap,0,1
78,12748,3793.9626969,1,VSM.ResetFeedback,0,1
78,12748,3793.9626969,1,VSM.MarkReceiverPages,642816,1
78,12748,3793.9626969,1,VSM.Allocate,223744,1
78,12748,3793.9626969,1,VSM.InvalidateStatic,0,0
78,12748,3793.9626969,1,VSM.ClearPhysicalPages,89856,1
78,12748,3793.9626969,1,VSM.StaticCasterCull,634112,1
78,12748,3793.9626969,1,VSM.DynamicCasterCull,0,1
78,12748,3793.9626969,1,VSM.PageCull,615424,1
78,12748,3793.9626969,1,VSM.StaticRaster,6912,1
78,12748,3793.9626969,1,VSM.FinalizePages,2560,1
78,12748,3793.9626969,1,VSM.DynamicRaster,11264,1
78,12748,3793.9626969,1,VSM.UnityCompatibilityRaster,0,0
78,12748,3793.9626969,1,VSM.Resolve,10497024,1
78,12748,3793.9626969,1,VSM.ResolveTrace,10025216,1
78,12748,3793.9626969,1,VSM.FilterHorizontal,66048,1
78,12748,3793.9626969,1,VSM.FilterVertical,0,0
78,12748,3793.9626969,1,VSM.FilterTemporalVertical,161024,1
79,12749,3793.9849359,1,VSM.LayoutRemap,0,1
79,12749,3793.9849359,1,VSM.ResetFeedback,0,1
79,12749,3793.9849359,1,VSM.MarkReceiverPages,843008,1
79,12749,3793.9849359,1,VSM.Allocate,223744,1
79,12749,3793.9849359,1,VSM.InvalidateStatic,0,0
79,12749,3793.9849359,1,VSM.ClearPhysicalPages,90368,1
79,12749,3793.9849359,1,VSM.StaticCasterCull,70144,1
79,12749,3793.9849359,1,VSM.DynamicCasterCull,256,1
79,12749,3793.9849359,1,VSM.PageCull,51712,1
79,12749,3793.9849359,1,VSM.StaticRaster,7168,1
79,12749,3793.9849359,1,VSM.FinalizePages,2304,1
79,12749,3793.9849359,1,VSM.DynamicRaster,12032,1
79,12749,3793.9849359,1,VSM.UnityCompatibilityRaster,0,0
79,12749,3793.9849359,1,VSM.Resolve,10087168,1
79,12749,3793.9849359,1,VSM.ResolveTrace,9862656,1
79,12749,3793.9849359,1,VSM.FilterHorizontal,65024,1
79,12749,3793.9849359,1,VSM.FilterVertical,0,0
79,12749,3793.9849359,1,VSM.FilterTemporalVertical,158720,1
80,12750,3794.0057698,1,VSM.LayoutRemap,0,1
80,12750,3794.0057698,1,VSM.ResetFeedback,0,1
80,12750,3794.0057698,1,VSM.MarkReceiverPages,642816,1
80,12750,3794.0057698,1,VSM.Allocate,223232,1
80,12750,3794.0057698,1,VSM.InvalidateStatic,0,0
80,12750,3794.0057698,1,VSM.ClearPhysicalPages,254720,1
80,12750,3794.0057698,1,VSM.StaticCasterCull,72192,1
80,12750,3794.0057698,1,VSM.DynamicCasterCull,0,1
80,12750,3794.0057698,1,VSM.PageCull,48896,1
80,12750,3794.0057698,1,VSM.StaticRaster,7936,1
80,12750,3794.0057698,1,VSM.FinalizePages,2048,1
80,12750,3794.0057698,1,VSM.DynamicRaster,14336,1
80,12750,3794.0057698,1,VSM.UnityCompatibilityRaster,0,0
80,12750,3794.0057698,1,VSM.Resolve,10149376,1
80,12750,3794.0057698,1,VSM.ResolveTrace,9923584,1
80,12750,3794.0057698,1,VSM.FilterHorizontal,66304,1
80,12750,3794.0057698,1,VSM.FilterVertical,0,0
80,12750,3794.0057698,1,VSM.FilterTemporalVertical,158464,1
81,12751,3794.0252204,1,VSM.LayoutRemap,0,1
81,12751,3794.0252204,1,VSM.ResetFeedback,0,1
81,12751,3794.0252204,1,VSM.MarkReceiverPages,641024,1
81,12751,3794.0252204,1,VSM.Allocate,223488,1
81,12751,3794.0252204,1,VSM.InvalidateStatic,0,0
81,12751,3794.0252204,1,VSM.ClearPhysicalPages,494336,1
81,12751,3794.0252204,1,VSM.StaticCasterCull,72960,1
81,12751,3794.0252204,1,VSM.DynamicCasterCull,0,1
81,12751,3794.0252204,1,VSM.PageCull,49152,1
81,12751,3794.0252204,1,VSM.StaticRaster,7936,1
81,12751,3794.0252204,1,VSM.FinalizePages,2560,1
81,12751,3794.0252204,1,VSM.DynamicRaster,12032,1
81,12751,3794.0252204,1,VSM.UnityCompatibilityRaster,0,0
81,12751,3794.0252204,1,VSM.Resolve,10308096,1
81,12751,3794.0252204,1,VSM.ResolveTrace,9928704,1
81,12751,3794.0252204,1,VSM.FilterHorizontal,64768,1
81,12751,3794.0252204,1,VSM.FilterVertical,0,0
81,12751,3794.0252204,1,VSM.FilterTemporalVertical,157696,1
82,12752,3794.0449403,1,VSM.LayoutRemap,0,1
82,12752,3794.0449403,1,VSM.ResetFeedback,0,1
82,12752,3794.0449403,1,VSM.MarkReceiverPages,837632,1
82,12752,3794.0449403,1,VSM.Allocate,223488,1
82,12752,3794.0449403,1,VSM.InvalidateStatic,0,0
82,12752,3794.0449403,1,VSM.ClearPhysicalPages,89856,1
82,12752,3794.0449403,1,VSM.StaticCasterCull,67072,1
82,12752,3794.0449403,1,VSM.DynamicCasterCull,0,1
82,12752,3794.0449403,1,VSM.PageCull,47872,1
82,12752,3794.0449403,1,VSM.StaticRaster,10752,1
82,12752,3794.0449403,1,VSM.FinalizePages,1792,1
82,12752,3794.0449403,1,VSM.DynamicRaster,12800,1
82,12752,3794.0449403,1,VSM.UnityCompatibilityRaster,0,0
82,12752,3794.0449403,1,VSM.Resolve,10954240,1
82,12752,3794.0449403,1,VSM.ResolveTrace,10727424,1
82,12752,3794.0449403,1,VSM.FilterHorizontal,64768,1
82,12752,3794.0449403,1,VSM.FilterVertical,0,0
82,12752,3794.0449403,1,VSM.FilterTemporalVertical,160768,1
83,12753,3794.0652153,1,VSM.LayoutRemap,0,1
83,12753,3794.0652153,1,VSM.ResetFeedback,0,1
83,12753,3794.0652153,1,VSM.MarkReceiverPages,643840,1
83,12753,3794.0652153,1,VSM.Allocate,224000,1
83,12753,3794.0652153,1,VSM.InvalidateStatic,0,0
83,12753,3794.0652153,1,VSM.ClearPhysicalPages,89856,1
83,12753,3794.0652153,1,VSM.StaticCasterCull,67840,1
83,12753,3794.0652153,1,VSM.DynamicCasterCull,0,1
83,12753,3794.0652153,1,VSM.PageCull,49408,1
83,12753,3794.0652153,1,VSM.StaticRaster,6912,1
83,12753,3794.0652153,1,VSM.FinalizePages,2048,1
83,12753,3794.0652153,1,VSM.DynamicRaster,11008,1
83,12753,3794.0652153,1,VSM.UnityCompatibilityRaster,0,0
83,12753,3794.0652153,1,VSM.Resolve,10851072,1
83,12753,3794.0652153,1,VSM.ResolveTrace,10625280,1
83,12753,3794.0652153,1,VSM.FilterHorizontal,66304,1
83,12753,3794.0652153,1,VSM.FilterVertical,0,0
83,12753,3794.0652153,1,VSM.FilterTemporalVertical,158208,1
84,12754,3794.086547,1,VSM.LayoutRemap,0,1
84,12754,3794.086547,1,VSM.ResetFeedback,0,1
84,12754,3794.086547,1,VSM.MarkReceiverPages,645632,1
84,12754,3794.086547,1,VSM.Allocate,220928,1
84,12754,3794.086547,1,VSM.InvalidateStatic,0,0
84,12754,3794.086547,1,VSM.ClearPhysicalPages,438528,1
84,12754,3794.086547,1,VSM.StaticCasterCull,76032,1
84,12754,3794.086547,1,VSM.DynamicCasterCull,0,1
84,12754,3794.086547,1,VSM.PageCull,48384,1
84,12754,3794.086547,1,VSM.StaticRaster,6912,1
84,12754,3794.086547,1,VSM.FinalizePages,2304,1
84,12754,3794.086547,1,VSM.DynamicRaster,12032,1
84,12754,3794.086547,1,VSM.UnityCompatibilityRaster,0,0
84,12754,3794.086547,1,VSM.Resolve,10870784,1
84,12754,3794.086547,1,VSM.ResolveTrace,10642688,1
84,12754,3794.086547,1,VSM.FilterHorizontal,66816,1
84,12754,3794.086547,1,VSM.FilterVertical,0,0
84,12754,3794.086547,1,VSM.FilterTemporalVertical,160256,1
85,12755,3794.1058072,1,VSM.LayoutRemap,0,1
85,12755,3794.1058072,1,VSM.ResetFeedback,0,1
85,12755,3794.1058072,1,VSM.MarkReceiverPages,641280,1
85,12755,3794.1058072,1,VSM.Allocate,222976,1
85,12755,3794.1058072,1,VSM.InvalidateStatic,0,0
85,12755,3794.1058072,1,VSM.ClearPhysicalPages,89856,1
85,12755,3794.1058072,1,VSM.StaticCasterCull,67584,1
85,12755,3794.1058072,1,VSM.DynamicCasterCull,0,1
85,12755,3794.1058072,1,VSM.PageCull,48128,1
85,12755,3794.1058072,1,VSM.StaticRaster,6912,1
85,12755,3794.1058072,1,VSM.FinalizePages,2048,1
85,12755,3794.1058072,1,VSM.DynamicRaster,13824,1
85,12755,3794.1058072,1,VSM.UnityCompatibilityRaster,0,0
85,12755,3794.1058072,1,VSM.Resolve,10450176,1
85,12755,3794.1058072,1,VSM.ResolveTrace,10225664,1
85,12755,3794.1058072,1,VSM.FilterHorizontal,65536,1
85,12755,3794.1058072,1,VSM.FilterVertical,0,0
85,12755,3794.1058072,1,VSM.FilterTemporalVertical,157696,1
86,12756,3794.1241356,1,VSM.LayoutRemap,0,1
86,12756,3794.1241356,1,VSM.ResetFeedback,0,1
86,12756,3794.1241356,1,VSM.MarkReceiverPages,642560,1
86,12756,3794.1241356,1,VSM.Allocate,220416,1
86,12756,3794.1241356,1,VSM.InvalidateStatic,0,0
86,12756,3794.1241356,1,VSM.ClearPhysicalPages,449792,1
86,12756,3794.1241356,1,VSM.StaticCasterCull,71680,1
86,12756,3794.1241356,1,VSM.DynamicCasterCull,0,1
86,12756,3794.1241356,1,VSM.PageCull,48384,1
86,12756,3794.1241356,1,VSM.StaticRaster,3328,1
86,12756,3794.1241356,1,VSM.FinalizePages,1792,1
86,12756,3794.1241356,1,VSM.DynamicRaster,13056,1
86,12756,3794.1241356,1,VSM.UnityCompatibilityRaster,0,0
86,12756,3794.1241356,1,VSM.Resolve,9327360,1
86,12756,3794.1241356,1,VSM.ResolveTrace,9101056,1
86,12756,3794.1241356,1,VSM.FilterHorizontal,67072,1
86,12756,3794.1241356,1,VSM.FilterVertical,0,0
86,12756,3794.1241356,1,VSM.FilterTemporalVertical,158208,1
87,12757,3794.1437373,1,VSM.LayoutRemap,0,1
87,12757,3794.1437373,1,VSM.ResetFeedback,0,1
87,12757,3794.1437373,1,VSM.MarkReceiverPages,643840,1
87,12757,3794.1437373,1,VSM.Allocate,220416,1
87,12757,3794.1437373,1,VSM.InvalidateStatic,0,0
87,12757,3794.1437373,1,VSM.ClearPhysicalPages,425984,1
87,12757,3794.1437373,1,VSM.StaticCasterCull,73216,1
87,12757,3794.1437373,1,VSM.DynamicCasterCull,256,1
87,12757,3794.1437373,1,VSM.PageCull,49152,1
87,12757,3794.1437373,1,VSM.StaticRaster,7168,1
87,12757,3794.1437373,1,VSM.FinalizePages,2304,1
87,12757,3794.1437373,1,VSM.DynamicRaster,10496,1
87,12757,3794.1437373,1,VSM.UnityCompatibilityRaster,0,0
87,12757,3794.1437373,1,VSM.Resolve,9907968,1
87,12757,3794.1437373,1,VSM.ResolveTrace,9684480,1
87,12757,3794.1437373,1,VSM.FilterHorizontal,65792,1
87,12757,3794.1437373,1,VSM.FilterVertical,0,0
87,12757,3794.1437373,1,VSM.FilterTemporalVertical,156672,1
88,12758,3794.1625048,1,VSM.LayoutRemap,0,1
88,12758,3794.1625048,1,VSM.ResetFeedback,0,1
88,12758,3794.1625048,1,VSM.MarkReceiverPages,643328,1
88,12758,3794.1625048,1,VSM.Allocate,221184,1
88,12758,3794.1625048,1,VSM.InvalidateStatic,0,0
88,12758,3794.1625048,1,VSM.ClearPhysicalPages,89600,1
88,12758,3794.1625048,1,VSM.StaticCasterCull,66816,1
88,12758,3794.1625048,1,VSM.DynamicCasterCull,0,1
88,12758,3794.1625048,1,VSM.PageCull,47872,1
88,12758,3794.1625048,1,VSM.StaticRaster,7424,1
88,12758,3794.1625048,1,VSM.FinalizePages,2048,1
88,12758,3794.1625048,1,VSM.DynamicRaster,11264,1
88,12758,3794.1625048,1,VSM.UnityCompatibilityRaster,0,0
88,12758,3794.1625048,1,VSM.Resolve,10220032,1
88,12758,3794.1625048,1,VSM.ResolveTrace,9827072,1
88,12758,3794.1625048,1,VSM.FilterHorizontal,66560,1
88,12758,3794.1625048,1,VSM.FilterVertical,0,0
88,12758,3794.1625048,1,VSM.FilterTemporalVertical,160512,1
89,12759,3794.1812609,1,VSM.LayoutRemap,0,1
89,12759,3794.1812609,1,VSM.ResetFeedback,0,1
89,12759,3794.1812609,1,VSM.MarkReceiverPages,641536,1
89,12759,3794.1812609,1,VSM.Allocate,223232,1
89,12759,3794.1812609,1,VSM.InvalidateStatic,0,0
89,12759,3794.1812609,1,VSM.ClearPhysicalPages,89856,1
89,12759,3794.1812609,1,VSM.StaticCasterCull,341760,1
89,12759,3794.1812609,1,VSM.DynamicCasterCull,0,1
89,12759,3794.1812609,1,VSM.PageCull,50688,1
89,12759,3794.1812609,1,VSM.StaticRaster,8960,1
89,12759,3794.1812609,1,VSM.FinalizePages,2048,1
89,12759,3794.1812609,1,VSM.DynamicRaster,15616,1
89,12759,3794.1812609,1,VSM.UnityCompatibilityRaster,0,0
89,12759,3794.1812609,1,VSM.Resolve,11203072,1
89,12759,3794.1812609,1,VSM.ResolveTrace,10694912,1
89,12759,3794.1812609,1,VSM.FilterHorizontal,346112,1
89,12759,3794.1812609,1,VSM.FilterVertical,0,0
89,12759,3794.1812609,1,VSM.FilterTemporalVertical,161024,1
90,12760,3794.2006659999997,1,VSM.LayoutRemap,0,1
90,12760,3794.2006659999997,1,VSM.ResetFeedback,0,1
90,12760,3794.2006659999997,1,VSM.MarkReceiverPages,645120,1
90,12760,3794.2006659999997,1,VSM.Allocate,223232,1
90,12760,3794.2006659999997,1,VSM.InvalidateStatic,0,0
90,12760,3794.2006659999997,1,VSM.ClearPhysicalPages,89344,1
90,12760,3794.2006659999997,1,VSM.StaticCasterCull,68096,1
90,12760,3794.2006659999997,1,VSM.DynamicCasterCull,0,1
90,12760,3794.2006659999997,1,VSM.PageCull,49664,1
90,12760,3794.2006659999997,1,VSM.StaticRaster,7424,1
90,12760,3794.2006659999997,1,VSM.FinalizePages,2304,1
90,12760,3794.2006659999997,1,VSM.DynamicRaster,11264,1
90,12760,3794.2006659999997,1,VSM.UnityCompatibilityRaster,0,0
90,12760,3794.2006659999997,1,VSM.Resolve,9981184,1
90,12760,3794.2006659999997,1,VSM.ResolveTrace,9490432,1
90,12760,3794.2006659999997,1,VSM.FilterHorizontal,67328,1
90,12760,3794.2006659999997,1,VSM.FilterVertical,0,0
90,12760,3794.2006659999997,1,VSM.FilterTemporalVertical,159232,1
91,12761,3794.219491,1,VSM.LayoutRemap,0,1
91,12761,3794.219491,1,VSM.ResetFeedback,0,1
91,12761,3794.219491,1,VSM.MarkReceiverPages,638976,1
91,12761,3794.219491,1,VSM.Allocate,223744,1
91,12761,3794.219491,1,VSM.InvalidateStatic,0,0
91,12761,3794.219491,1,VSM.ClearPhysicalPages,89600,1
91,12761,3794.219491,1,VSM.StaticCasterCull,68096,1
91,12761,3794.219491,1,VSM.DynamicCasterCull,0,1
91,12761,3794.219491,1,VSM.PageCull,49152,1
91,12761,3794.219491,1,VSM.StaticRaster,7168,1
91,12761,3794.219491,1,VSM.FinalizePages,2048,1
91,12761,3794.219491,1,VSM.DynamicRaster,13312,1
91,12761,3794.219491,1,VSM.UnityCompatibilityRaster,0,0
91,12761,3794.219491,1,VSM.Resolve,9993728,1
91,12761,3794.219491,1,VSM.ResolveTrace,9768704,1
91,12761,3794.219491,1,VSM.FilterHorizontal,65024,1
91,12761,3794.219491,1,VSM.FilterVertical,0,0
91,12761,3794.219491,1,VSM.FilterTemporalVertical,158720,1
92,12762,3794.2402131,1,VSM.LayoutRemap,0,1
92,12762,3794.2402131,1,VSM.ResetFeedback,0,1
92,12762,3794.2402131,1,VSM.MarkReceiverPages,640768,1
92,12762,3794.2402131,1,VSM.Allocate,224768,1
92,12762,3794.2402131,1,VSM.InvalidateStatic,0,0
92,12762,3794.2402131,1,VSM.ClearPhysicalPages,463872,1
92,12762,3794.2402131,1,VSM.StaticCasterCull,71168,1
92,12762,3794.2402131,1,VSM.DynamicCasterCull,0,1
92,12762,3794.2402131,1,VSM.PageCull,46592,1
92,12762,3794.2402131,1,VSM.StaticRaster,6912,1
92,12762,3794.2402131,1,VSM.FinalizePages,2304,1
92,12762,3794.2402131,1,VSM.DynamicRaster,11520,1
92,12762,3794.2402131,1,VSM.UnityCompatibilityRaster,0,0
92,12762,3794.2402131,1,VSM.Resolve,10413568,1
92,12762,3794.2402131,1,VSM.ResolveTrace,9890048,1
92,12762,3794.2402131,1,VSM.FilterHorizontal,359680,1
92,12762,3794.2402131,1,VSM.FilterVertical,0,0
92,12762,3794.2402131,1,VSM.FilterTemporalVertical,162816,1
93,12763,3794.2595281,1,VSM.LayoutRemap,0,1
93,12763,3794.2595281,1,VSM.ResetFeedback,0,1
93,12763,3794.2595281,1,VSM.MarkReceiverPages,640512,1
93,12763,3794.2595281,1,VSM.Allocate,223744,1
93,12763,3794.2595281,1,VSM.InvalidateStatic,0,0
93,12763,3794.2595281,1,VSM.ClearPhysicalPages,90112,1
93,12763,3794.2595281,1,VSM.StaticCasterCull,67072,1
93,12763,3794.2595281,1,VSM.DynamicCasterCull,0,1
93,12763,3794.2595281,1,VSM.PageCull,48384,1
93,12763,3794.2595281,1,VSM.StaticRaster,7424,1
93,12763,3794.2595281,1,VSM.FinalizePages,1792,1
93,12763,3794.2595281,1,VSM.DynamicRaster,11776,1
93,12763,3794.2595281,1,VSM.UnityCompatibilityRaster,0,0
93,12763,3794.2595281,1,VSM.Resolve,10121472,1
93,12763,3794.2595281,1,VSM.ResolveTrace,9891328,1
93,12763,3794.2595281,1,VSM.FilterHorizontal,65792,1
93,12763,3794.2595281,1,VSM.FilterVertical,0,0
93,12763,3794.2595281,1,VSM.FilterTemporalVertical,163328,1
94,12764,3794.278348,1,VSM.LayoutRemap,0,1
94,12764,3794.278348,1,VSM.ResetFeedback,0,1
94,12764,3794.278348,1,VSM.MarkReceiverPages,641536,1
94,12764,3794.278348,1,VSM.Allocate,223488,1
94,12764,3794.278348,1,VSM.InvalidateStatic,0,0
94,12764,3794.278348,1,VSM.ClearPhysicalPages,490240,1
94,12764,3794.278348,1,VSM.StaticCasterCull,69888,1
94,12764,3794.278348,1,VSM.DynamicCasterCull,256,1
94,12764,3794.278348,1,VSM.PageCull,49920,1
94,12764,3794.278348,1,VSM.StaticRaster,6912,1
94,12764,3794.278348,1,VSM.FinalizePages,2560,1
94,12764,3794.278348,1,VSM.DynamicRaster,11520,1
94,12764,3794.278348,1,VSM.UnityCompatibilityRaster,0,0
94,12764,3794.278348,1,VSM.Resolve,11238400,1
94,12764,3794.278348,1,VSM.ResolveTrace,11009792,1
94,12764,3794.278348,1,VSM.FilterHorizontal,67840,1
94,12764,3794.278348,1,VSM.FilterVertical,0,0
94,12764,3794.278348,1,VSM.FilterTemporalVertical,159488,1
95,12765,3794.2980096,1,VSM.LayoutRemap,0,1
95,12765,3794.2980096,1,VSM.ResetFeedback,0,1
95,12765,3794.2980096,1,VSM.MarkReceiverPages,644096,1
95,12765,3794.2980096,1,VSM.Allocate,223488,1
95,12765,3794.2980096,1,VSM.InvalidateStatic,0,0
95,12765,3794.2980096,1,VSM.ClearPhysicalPages,90368,1
95,12765,3794.2980096,1,VSM.StaticCasterCull,67328,1
95,12765,3794.2980096,1,VSM.DynamicCasterCull,0,1
95,12765,3794.2980096,1,VSM.PageCull,48384,1
95,12765,3794.2980096,1,VSM.StaticRaster,6912,1
95,12765,3794.2980096,1,VSM.FinalizePages,2304,1
95,12765,3794.2980096,1,VSM.DynamicRaster,12544,1
95,12765,3794.2980096,1,VSM.UnityCompatibilityRaster,0,0
95,12765,3794.2980096,1,VSM.Resolve,9934592,1
95,12765,3794.2980096,1,VSM.ResolveTrace,9710848,1
95,12765,3794.2980096,1,VSM.FilterHorizontal,64512,1
95,12765,3794.2980096,1,VSM.FilterVertical,0,0
95,12765,3794.2980096,1,VSM.FilterTemporalVertical,158208,1
96,12766,3794.3168882,1,VSM.LayoutRemap,0,1
96,12766,3794.3168882,1,VSM.ResetFeedback,0,1
96,12766,3794.3168882,1,VSM.MarkReceiverPages,644608,1
96,12766,3794.3168882,1,VSM.Allocate,223744,1
96,12766,3794.3168882,1,VSM.InvalidateStatic,0,0
96,12766,3794.3168882,1,VSM.ClearPhysicalPages,581888,1
96,12766,3794.3168882,1,VSM.StaticCasterCull,72192,1
96,12766,3794.3168882,1,VSM.DynamicCasterCull,0,1
96,12766,3794.3168882,1,VSM.PageCull,47872,1
96,12766,3794.3168882,1,VSM.StaticRaster,7424,1
96,12766,3794.3168882,1,VSM.FinalizePages,2048,1
96,12766,3794.3168882,1,VSM.DynamicRaster,12544,1
96,12766,3794.3168882,1,VSM.UnityCompatibilityRaster,0,0
96,12766,3794.3168882,1,VSM.Resolve,9404160,1
96,12766,3794.3168882,1,VSM.ResolveTrace,9182208,1
96,12766,3794.3168882,1,VSM.FilterHorizontal,65280,1
96,12766,3794.3168882,1,VSM.FilterVertical,0,0
96,12766,3794.3168882,1,VSM.FilterTemporalVertical,155904,1
97,12767,3794.3485969,1,VSM.LayoutRemap,0,1
97,12767,3794.3485969,1,VSM.ResetFeedback,0,1
97,12767,3794.3485969,1,VSM.MarkReceiverPages,643328,1
97,12767,3794.3485969,1,VSM.Allocate,224256,1
97,12767,3794.3485969,1,VSM.InvalidateStatic,0,0
97,12767,3794.3485969,1,VSM.ClearPhysicalPages,252416,1
97,12767,3794.3485969,1,VSM.StaticCasterCull,67328,1
97,12767,3794.3485969,1,VSM.DynamicCasterCull,256,1
97,12767,3794.3485969,1,VSM.PageCull,48384,1
97,12767,3794.3485969,1,VSM.StaticRaster,3840,1
97,12767,3794.3485969,1,VSM.FinalizePages,2048,1
97,12767,3794.3485969,1,VSM.DynamicRaster,12800,1
97,12767,3794.3485969,1,VSM.UnityCompatibilityRaster,0,0
97,12767,3794.3485969,1,VSM.Resolve,10577408,1
97,12767,3794.3485969,1,VSM.ResolveTrace,10159104,1
97,12767,3794.3485969,1,VSM.FilterHorizontal,66816,1
97,12767,3794.3485969,1,VSM.FilterVertical,0,0
97,12767,3794.3485969,1,VSM.FilterTemporalVertical,350464,1
98,12768,3794.3679508,1,VSM.LayoutRemap,0,1
98,12768,3794.3679508,1,VSM.ResetFeedback,0,1
98,12768,3794.3679508,1,VSM.MarkReceiverPages,642048,1
98,12768,3794.3679508,1,VSM.Allocate,222720,1
98,12768,3794.3679508,1,VSM.InvalidateStatic,0,0
98,12768,3794.3679508,1,VSM.ClearPhysicalPages,416256,1
98,12768,3794.3679508,1,VSM.StaticCasterCull,67072,1
98,12768,3794.3679508,1,VSM.DynamicCasterCull,0,1
98,12768,3794.3679508,1,VSM.PageCull,47616,1
98,12768,3794.3679508,1,VSM.StaticRaster,3072,1
98,12768,3794.3679508,1,VSM.FinalizePages,2560,1
98,12768,3794.3679508,1,VSM.DynamicRaster,11776,1
98,12768,3794.3679508,1,VSM.UnityCompatibilityRaster,0,0
98,12768,3794.3679508,1,VSM.Resolve,10039552,1
98,12768,3794.3679508,1,VSM.ResolveTrace,9545216,1
98,12768,3794.3679508,1,VSM.FilterHorizontal,67584,1
98,12768,3794.3679508,1,VSM.FilterVertical,0,0
98,12768,3794.3679508,1,VSM.FilterTemporalVertical,156672,1
99,12769,3794.388179,1,VSM.LayoutRemap,2304,1
99,12769,3794.388179,1,VSM.ResetFeedback,1792,1
99,12769,3794.388179,1,VSM.MarkReceiverPages,630016,1
99,12769,3794.388179,1,VSM.Allocate,1936384,1
99,12769,3794.388179,1,VSM.InvalidateStatic,1792,1
99,12769,3794.388179,1,VSM.ClearPhysicalPages,173568,1
99,12769,3794.388179,1,VSM.StaticCasterCull,56320,1
99,12769,3794.388179,1,VSM.DynamicCasterCull,0,1
99,12769,3794.388179,1,VSM.PageCull,37120,1
99,12769,3794.388179,1,VSM.StaticRaster,8296960,1
99,12769,3794.388179,1,VSM.FinalizePages,8704,1
99,12769,3794.388179,1,VSM.DynamicRaster,16640,1
99,12769,3794.388179,1,VSM.UnityCompatibilityRaster,0,0
99,12769,3794.388179,1,VSM.Resolve,11055872,1
99,12769,3794.388179,1,VSM.ResolveTrace,10917632,1
99,12769,3794.388179,1,VSM.FilterHorizontal,65024,1
99,12769,3794.388179,1,VSM.FilterVertical,0,0
99,12769,3794.388179,1,VSM.FilterTemporalVertical,72192,1
100,12770,3794.4081376,1,VSM.LayoutRemap,0,1
100,12770,3794.4081376,1,VSM.ResetFeedback,0,1
100,12770,3794.4081376,1,VSM.MarkReceiverPages,630528,1
100,12770,3794.4081376,1,VSM.Allocate,225280,1
100,12770,3794.4081376,1,VSM.InvalidateStatic,0,0
100,12770,3794.4081376,1,VSM.ClearPhysicalPages,89856,1
100,12770,3794.4081376,1,VSM.StaticCasterCull,69120,1
100,12770,3794.4081376,1,VSM.DynamicCasterCull,256,1
100,12770,3794.4081376,1,VSM.PageCull,50432,1
100,12770,3794.4081376,1,VSM.StaticRaster,7424,1
100,12770,3794.4081376,1,VSM.FinalizePages,2048,1
100,12770,3794.4081376,1,VSM.DynamicRaster,14336,1
100,12770,3794.4081376,1,VSM.UnityCompatibilityRaster,0,0
100,12770,3794.4081376,1,VSM.Resolve,11093760,1
100,12770,3794.4081376,1,VSM.ResolveTrace,10695424,1
100,12770,3794.4081376,1,VSM.FilterHorizontal,66816,1
100,12770,3794.4081376,1,VSM.FilterVertical,0,0
100,12770,3794.4081376,1,VSM.FilterTemporalVertical,330240,1
101,12771,3794.4265477999998,1,VSM.LayoutRemap,0,1
101,12771,3794.4265477999998,1,VSM.ResetFeedback,0,1
101,12771,3794.4265477999998,1,VSM.MarkReceiverPages,626944,1
101,12771,3794.4265477999998,1,VSM.Allocate,222976,1
101,12771,3794.4265477999998,1,VSM.InvalidateStatic,0,0
101,12771,3794.4265477999998,1,VSM.ClearPhysicalPages,89856,1
101,12771,3794.4265477999998,1,VSM.StaticCasterCull,68096,1
101,12771,3794.4265477999998,1,VSM.DynamicCasterCull,0,1
101,12771,3794.4265477999998,1,VSM.PageCull,49920,1
101,12771,3794.4265477999998,1,VSM.StaticRaster,6912,1
101,12771,3794.4265477999998,1,VSM.FinalizePages,2304,1
101,12771,3794.4265477999998,1,VSM.DynamicRaster,13056,1
101,12771,3794.4265477999998,1,VSM.UnityCompatibilityRaster,0,0
101,12771,3794.4265477999998,1,VSM.Resolve,11167232,1
101,12771,3794.4265477999998,1,VSM.ResolveTrace,10749440,1
101,12771,3794.4265477999998,1,VSM.FilterHorizontal,65792,1
101,12771,3794.4265477999998,1,VSM.FilterVertical,0,0
101,12771,3794.4265477999998,1,VSM.FilterTemporalVertical,350976,1
102,12772,3794.4457678,1,VSM.LayoutRemap,0,1
102,12772,3794.4457678,1,VSM.ResetFeedback,0,1
102,12772,3794.4457678,1,VSM.MarkReceiverPages,628224,1
102,12772,3794.4457678,1,VSM.Allocate,225024,1
102,12772,3794.4457678,1,VSM.InvalidateStatic,0,0
102,12772,3794.4457678,1,VSM.ClearPhysicalPages,89856,1
102,12772,3794.4457678,1,VSM.StaticCasterCull,66304,1
102,12772,3794.4457678,1,VSM.DynamicCasterCull,0,1
102,12772,3794.4457678,1,VSM.PageCull,47360,1
102,12772,3794.4457678,1,VSM.StaticRaster,3072,1
102,12772,3794.4457678,1,VSM.FinalizePages,2048,1
102,12772,3794.4457678,1,VSM.DynamicRaster,13056,1
102,12772,3794.4457678,1,VSM.UnityCompatibilityRaster,0,0
102,12772,3794.4457678,1,VSM.Resolve,11270144,1
102,12772,3794.4457678,1,VSM.ResolveTrace,10860032,1
102,12772,3794.4457678,1,VSM.FilterHorizontal,67584,1
102,12772,3794.4457678,1,VSM.FilterVertical,0,0
102,12772,3794.4457678,1,VSM.FilterTemporalVertical,155904,1
103,12773,3794.4648573,1,VSM.LayoutRemap,0,1
103,12773,3794.4648573,1,VSM.ResetFeedback,0,1
103,12773,3794.4648573,1,VSM.MarkReceiverPages,627200,1
103,12773,3794.4648573,1,VSM.Allocate,226304,1
103,12773,3794.4648573,1,VSM.InvalidateStatic,0,0
103,12773,3794.4648573,1,VSM.ClearPhysicalPages,89856,1
103,12773,3794.4648573,1,VSM.StaticCasterCull,372736,1
103,12773,3794.4648573,1,VSM.DynamicCasterCull,256,1
103,12773,3794.4648573,1,VSM.PageCull,51712,1
103,12773,3794.4648573,1,VSM.StaticRaster,8704,1
103,12773,3794.4648573,1,VSM.FinalizePages,2816,1
103,12773,3794.4648573,1,VSM.DynamicRaster,16384,1
103,12773,3794.4648573,1,VSM.UnityCompatibilityRaster,0,0
103,12773,3794.4648573,1,VSM.Resolve,9829632,1
103,12773,3794.4648573,1,VSM.ResolveTrace,9608704,1
103,12773,3794.4648573,1,VSM.FilterHorizontal,64768,1
103,12773,3794.4648573,1,VSM.FilterVertical,0,0
103,12773,3794.4648573,1,VSM.FilterTemporalVertical,155136,1
104,12774,3794.4839736999998,1,VSM.LayoutRemap,0,1
104,12774,3794.4839736999998,1,VSM.ResetFeedback,0,1
104,12774,3794.4839736999998,1,VSM.MarkReceiverPages,625920,1
104,12774,3794.4839736999998,1,VSM.Allocate,225280,1
104,12774,3794.4839736999998,1,VSM.InvalidateStatic,0,0
104,12774,3794.4839736999998,1,VSM.ClearPhysicalPages,89088,1
104,12774,3794.4839736999998,1,VSM.StaticCasterCull,67584,1
104,12774,3794.4839736999998,1,VSM.DynamicCasterCull,0,1
104,12774,3794.4839736999998,1,VSM.PageCull,49152,1
104,12774,3794.4839736999998,1,VSM.StaticRaster,3328,1
104,12774,3794.4839736999998,1,VSM.FinalizePages,2048,1
104,12774,3794.4839736999998,1,VSM.DynamicRaster,12800,1
104,12774,3794.4839736999998,1,VSM.UnityCompatibilityRaster,0,0
104,12774,3794.4839736999998,1,VSM.Resolve,10973440,1
104,12774,3794.4839736999998,1,VSM.ResolveTrace,10747136,1
104,12774,3794.4839736999998,1,VSM.FilterHorizontal,66560,1
104,12774,3794.4839736999998,1,VSM.FilterVertical,0,0
104,12774,3794.4839736999998,1,VSM.FilterTemporalVertical,158208,1
105,12775,3794.5140757,1,VSM.LayoutRemap,0,1
105,12775,3794.5140757,1,VSM.ResetFeedback,0,1
105,12775,3794.5140757,1,VSM.MarkReceiverPages,628480,1
105,12775,3794.5140757,1,VSM.Allocate,225280,1
105,12775,3794.5140757,1,VSM.InvalidateStatic,0,0
105,12775,3794.5140757,1,VSM.ClearPhysicalPages,90368,1
105,12775,3794.5140757,1,VSM.StaticCasterCull,68096,1
105,12775,3794.5140757,1,VSM.DynamicCasterCull,0,1
105,12775,3794.5140757,1,VSM.PageCull,49152,1
105,12775,3794.5140757,1,VSM.StaticRaster,3072,1
105,12775,3794.5140757,1,VSM.FinalizePages,2048,1
105,12775,3794.5140757,1,VSM.DynamicRaster,13568,1
105,12775,3794.5140757,1,VSM.UnityCompatibilityRaster,0,0
105,12775,3794.5140757,1,VSM.Resolve,10545664,1
105,12775,3794.5140757,1,VSM.ResolveTrace,10320384,1
105,12775,3794.5140757,1,VSM.FilterHorizontal,65024,1
105,12775,3794.5140757,1,VSM.FilterVertical,0,0
105,12775,3794.5140757,1,VSM.FilterTemporalVertical,159488,1
106,12776,3794.5335958,1,VSM.LayoutRemap,0,1
106,12776,3794.5335958,1,VSM.ResetFeedback,256,1
106,12776,3794.5335958,1,VSM.MarkReceiverPages,628224,1
106,12776,3794.5335958,1,VSM.Allocate,225792,1
106,12776,3794.5335958,1,VSM.InvalidateStatic,0,0
106,12776,3794.5335958,1,VSM.ClearPhysicalPages,90112,1
106,12776,3794.5335958,1,VSM.StaticCasterCull,379136,1
106,12776,3794.5335958,1,VSM.DynamicCasterCull,256,1
106,12776,3794.5335958,1,VSM.PageCull,360448,1
106,12776,3794.5335958,1,VSM.StaticRaster,6912,1
106,12776,3794.5335958,1,VSM.FinalizePages,2560,1
106,12776,3794.5335958,1,VSM.DynamicRaster,13056,1
106,12776,3794.5335958,1,VSM.UnityCompatibilityRaster,0,0
106,12776,3794.5335958,1,VSM.Resolve,10402048,1
106,12776,3794.5335958,1,VSM.ResolveTrace,10173440,1
106,12776,3794.5335958,1,VSM.FilterHorizontal,67072,1
106,12776,3794.5335958,1,VSM.FilterVertical,0,0
106,12776,3794.5335958,1,VSM.FilterTemporalVertical,160512,1
107,12777,3794.5525018,1,VSM.LayoutRemap,2560,1
107,12777,3794.5525018,1,VSM.ResetFeedback,1792,1
107,12777,3794.5525018,1,VSM.MarkReceiverPages,848896,1
107,12777,3794.5525018,1,VSM.Allocate,1934848,1
107,12777,3794.5525018,1,VSM.InvalidateStatic,2048,1
107,12777,3794.5525018,1,VSM.ClearPhysicalPages,173568,1
107,12777,3794.5525018,1,VSM.StaticCasterCull,57344,1
107,12777,3794.5525018,1,VSM.DynamicCasterCull,0,1
107,12777,3794.5525018,1,VSM.PageCull,38656,1
107,12777,3794.5525018,1,VSM.StaticRaster,7926016,1
107,12777,3794.5525018,1,VSM.FinalizePages,8448,1
107,12777,3794.5525018,1,VSM.DynamicRaster,17408,1
107,12777,3794.5525018,1,VSM.UnityCompatibilityRaster,0,0
107,12777,3794.5525018,1,VSM.Resolve,10475008,1
107,12777,3794.5525018,1,VSM.ResolveTrace,10336000,1
107,12777,3794.5525018,1,VSM.FilterHorizontal,64768,1
107,12777,3794.5525018,1,VSM.FilterVertical,0,0
107,12777,3794.5525018,1,VSM.FilterTemporalVertical,73216,1
108,12778,3794.5724083,1,VSM.LayoutRemap,0,1
108,12778,3794.5724083,1,VSM.ResetFeedback,0,1
108,12778,3794.5724083,1,VSM.MarkReceiverPages,638720,1
108,12778,3794.5724083,1,VSM.Allocate,223232,1
108,12778,3794.5724083,1,VSM.InvalidateStatic,0,0
108,12778,3794.5724083,1,VSM.ClearPhysicalPages,89856,1
108,12778,3794.5724083,1,VSM.StaticCasterCull,416768,1
108,12778,3794.5724083,1,VSM.DynamicCasterCull,0,1
108,12778,3794.5724083,1,VSM.PageCull,397824,1
108,12778,3794.5724083,1,VSM.StaticRaster,3584,1
108,12778,3794.5724083,1,VSM.FinalizePages,2304,1
108,12778,3794.5724083,1,VSM.DynamicRaster,11776,1
108,12778,3794.5724083,1,VSM.UnityCompatibilityRaster,0,0
108,12778,3794.5724083,1,VSM.Resolve,11043072,1
108,12778,3794.5724083,1,VSM.ResolveTrace,10813696,1
108,12778,3794.5724083,1,VSM.FilterHorizontal,66816,1
108,12778,3794.5724083,1,VSM.FilterVertical,0,0
108,12778,3794.5724083,1,VSM.FilterTemporalVertical,161280,1
109,12779,3794.5912605,1,VSM.LayoutRemap,0,1
109,12779,3794.5912605,1,VSM.ResetFeedback,0,1
109,12779,3794.5912605,1,VSM.MarkReceiverPages,825344,1
109,12779,3794.5912605,1,VSM.Allocate,223488,1
109,12779,3794.5912605,1,VSM.InvalidateStatic,0,0
109,12779,3794.5912605,1,VSM.ClearPhysicalPages,90880,1
109,12779,3794.5912605,1,VSM.StaticCasterCull,68352,1
109,12779,3794.5912605,1,VSM.DynamicCasterCull,256,1
109,12779,3794.5912605,1,VSM.PageCull,49152,1
109,12779,3794.5912605,1,VSM.StaticRaster,6912,1
109,12779,3794.5912605,1,VSM.FinalizePages,2048,1
109,12779,3794.5912605,1,VSM.DynamicRaster,13056,1
109,12779,3794.5912605,1,VSM.UnityCompatibilityRaster,0,0
109,12779,3794.5912605,1,VSM.Resolve,10305280,1
109,12779,3794.5912605,1,VSM.ResolveTrace,10080768,1
109,12779,3794.5912605,1,VSM.FilterHorizontal,65280,1
109,12779,3794.5912605,1,VSM.FilterVertical,0,0
109,12779,3794.5912605,1,VSM.FilterTemporalVertical,157696,1
110,12780,3794.6105371999997,1,VSM.LayoutRemap,0,1
110,12780,3794.6105371999997,1,VSM.ResetFeedback,0,1
110,12780,3794.6105371999997,1,VSM.MarkReceiverPages,640768,1
110,12780,3794.6105371999997,1,VSM.Allocate,221952,1
110,12780,3794.6105371999997,1,VSM.InvalidateStatic,0,0
110,12780,3794.6105371999997,1,VSM.ClearPhysicalPages,89600,1
110,12780,3794.6105371999997,1,VSM.StaticCasterCull,402688,1
110,12780,3794.6105371999997,1,VSM.DynamicCasterCull,0,1
110,12780,3794.6105371999997,1,VSM.PageCull,383488,1
110,12780,3794.6105371999997,1,VSM.StaticRaster,6912,1
110,12780,3794.6105371999997,1,VSM.FinalizePages,2560,1
110,12780,3794.6105371999997,1,VSM.DynamicRaster,12288,1
110,12780,3794.6105371999997,1,VSM.UnityCompatibilityRaster,0,0
110,12780,3794.6105371999997,1,VSM.Resolve,10550784,1
110,12780,3794.6105371999997,1,VSM.ResolveTrace,10326272,1
110,12780,3794.6105371999997,1,VSM.FilterHorizontal,65024,1
110,12780,3794.6105371999997,1,VSM.FilterVertical,0,0
110,12780,3794.6105371999997,1,VSM.FilterTemporalVertical,157952,1
111,12781,3794.6302381,1,VSM.LayoutRemap,0,1
111,12781,3794.6302381,1,VSM.ResetFeedback,0,1
111,12781,3794.6302381,1,VSM.MarkReceiverPages,642560,1
111,12781,3794.6302381,1,VSM.Allocate,222464,1
111,12781,3794.6302381,1,VSM.InvalidateStatic,0,0
111,12781,3794.6302381,1,VSM.ClearPhysicalPages,263168,1
111,12781,3794.6302381,1,VSM.StaticCasterCull,69120,1
111,12781,3794.6302381,1,VSM.DynamicCasterCull,0,1
111,12781,3794.6302381,1,VSM.PageCull,48896,1
111,12781,3794.6302381,1,VSM.StaticRaster,3328,1
111,12781,3794.6302381,1,VSM.FinalizePages,2048,1
111,12781,3794.6302381,1,VSM.DynamicRaster,11776,1
111,12781,3794.6302381,1,VSM.UnityCompatibilityRaster,0,0
111,12781,3794.6302381,1,VSM.Resolve,10699520,1
111,12781,3794.6302381,1,VSM.ResolveTrace,10316544,1
111,12781,3794.6302381,1,VSM.FilterHorizontal,223488,1
111,12781,3794.6302381,1,VSM.FilterVertical,0,0
111,12781,3794.6302381,1,VSM.FilterTemporalVertical,158208,1
112,12782,3794.6504185,1,VSM.LayoutRemap,0,1
112,12782,3794.6504185,1,VSM.ResetFeedback,0,1
112,12782,3794.6504185,1,VSM.MarkReceiverPages,664576,1
112,12782,3794.6504185,1,VSM.Allocate,221184,1
112,12782,3794.6504185,1,VSM.InvalidateStatic,0,0
112,12782,3794.6504185,1,VSM.ClearPhysicalPages,421888,1
112,12782,3794.6504185,1,VSM.StaticCasterCull,65536,1
112,12782,3794.6504185,1,VSM.DynamicCasterCull,256,1
112,12782,3794.6504185,1,VSM.PageCull,47360,1
112,12782,3794.6504185,1,VSM.StaticRaster,7424,1
112,12782,3794.6504185,1,VSM.FinalizePages,2304,1
112,12782,3794.6504185,1,VSM.DynamicRaster,12800,1
112,12782,3794.6504185,1,VSM.UnityCompatibilityRaster,0,0
112,12782,3794.6504185,1,VSM.Resolve,10235392,1
112,12782,3794.6504185,1,VSM.ResolveTrace,9740032,1
112,12782,3794.6504185,1,VSM.FilterHorizontal,67584,1
112,12782,3794.6504185,1,VSM.FilterVertical,0,0
112,12782,3794.6504185,1,VSM.FilterTemporalVertical,158464,1
113,12783,3794.6695981,1,VSM.LayoutRemap,0,1
113,12783,3794.6695981,1,VSM.ResetFeedback,0,1
113,12783,3794.6695981,1,VSM.MarkReceiverPages,643584,1
113,12783,3794.6695981,1,VSM.Allocate,222976,1
113,12783,3794.6695981,1,VSM.InvalidateStatic,0,0
113,12783,3794.6695981,1,VSM.ClearPhysicalPages,362240,1
113,12783,3794.6695981,1,VSM.StaticCasterCull,69888,1
113,12783,3794.6695981,1,VSM.DynamicCasterCull,0,1
113,12783,3794.6695981,1,VSM.PageCull,46336,1
113,12783,3794.6695981,1,VSM.StaticRaster,4352,1
113,12783,3794.6695981,1,VSM.FinalizePages,2048,1
113,12783,3794.6695981,1,VSM.DynamicRaster,13568,1
113,12783,3794.6695981,1,VSM.UnityCompatibilityRaster,0,0
113,12783,3794.6695981,1,VSM.Resolve,10668800,1
113,12783,3794.6695981,1,VSM.ResolveTrace,10443776,1
113,12783,3794.6695981,1,VSM.FilterHorizontal,65280,1
113,12783,3794.6695981,1,VSM.FilterVertical,0,0
113,12783,3794.6695981,1,VSM.FilterTemporalVertical,158464,1
114,12784,3794.6890183,1,VSM.LayoutRemap,0,1
114,12784,3794.6890183,1,VSM.ResetFeedback,0,1
114,12784,3794.6890183,1,VSM.MarkReceiverPages,645888,1
114,12784,3794.6890183,1,VSM.Allocate,220416,1
114,12784,3794.6890183,1,VSM.InvalidateStatic,0,0
114,12784,3794.6890183,1,VSM.ClearPhysicalPages,419328,1
114,12784,3794.6890183,1,VSM.StaticCasterCull,68096,1
114,12784,3794.6890183,1,VSM.DynamicCasterCull,256,1
114,12784,3794.6890183,1,VSM.PageCull,48128,1
114,12784,3794.6890183,1,VSM.StaticRaster,6912,1
114,12784,3794.6890183,1,VSM.FinalizePages,2304,1
114,12784,3794.6890183,1,VSM.DynamicRaster,12288,1
114,12784,3794.6890183,1,VSM.UnityCompatibilityRaster,0,0
114,12784,3794.6890183,1,VSM.Resolve,10191360,1
114,12784,3794.6890183,1,VSM.ResolveTrace,9968384,1
114,12784,3794.6890183,1,VSM.FilterHorizontal,65792,1
114,12784,3794.6890183,1,VSM.FilterVertical,0,0
114,12784,3794.6890183,1,VSM.FilterTemporalVertical,156160,1
115,12785,3794.7079762999997,1,VSM.LayoutRemap,0,1
115,12785,3794.7079762999997,1,VSM.ResetFeedback,0,1
115,12785,3794.7079762999997,1,VSM.MarkReceiverPages,641280,1
115,12785,3794.7079762999997,1,VSM.Allocate,223232,1
115,12785,3794.7079762999997,1,VSM.InvalidateStatic,0,0
115,12785,3794.7079762999997,1,VSM.ClearPhysicalPages,89600,1
115,12785,3794.7079762999997,1,VSM.StaticCasterCull,67072,1
115,12785,3794.7079762999997,1,VSM.DynamicCasterCull,256,1
115,12785,3794.7079762999997,1,VSM.PageCull,48128,1
115,12785,3794.7079762999997,1,VSM.StaticRaster,7424,1
115,12785,3794.7079762999997,1,VSM.FinalizePages,2048,1
115,12785,3794.7079762999997,1,VSM.DynamicRaster,12288,1
115,12785,3794.7079762999997,1,VSM.UnityCompatibilityRaster,0,0
115,12785,3794.7079762999997,1,VSM.Resolve,10159616,1
115,12785,3794.7079762999997,1,VSM.ResolveTrace,9935104,1
115,12785,3794.7079762999997,1,VSM.FilterHorizontal,64512,1
115,12785,3794.7079762999997,1,VSM.FilterVertical,0,0
115,12785,3794.7079762999997,1,VSM.FilterTemporalVertical,158720,1
116,12786,3794.7270865,1,VSM.LayoutRemap,0,1
116,12786,3794.7270865,1,VSM.ResetFeedback,0,1
116,12786,3794.7270865,1,VSM.MarkReceiverPages,642560,1
116,12786,3794.7270865,1,VSM.Allocate,223744,1
116,12786,3794.7270865,1,VSM.InvalidateStatic,0,0
116,12786,3794.7270865,1,VSM.ClearPhysicalPages,369664,1
116,12786,3794.7270865,1,VSM.StaticCasterCull,72704,1
116,12786,3794.7270865,1,VSM.DynamicCasterCull,0,1
116,12786,3794.7270865,1,VSM.PageCull,49408,1
116,12786,3794.7270865,1,VSM.StaticRaster,6912,1
116,12786,3794.7270865,1,VSM.FinalizePages,2560,1
116,12786,3794.7270865,1,VSM.DynamicRaster,13568,1
116,12786,3794.7270865,1,VSM.UnityCompatibilityRaster,0,0
116,12786,3794.7270865,1,VSM.Resolve,10400000,1
116,12786,3794.7270865,1,VSM.ResolveTrace,9928704,1
116,12786,3794.7270865,1,VSM.FilterHorizontal,312576,1
116,12786,3794.7270865,1,VSM.FilterVertical,0,0
116,12786,3794.7270865,1,VSM.FilterTemporalVertical,157184,1
117,12787,3794.7464194,1,VSM.LayoutRemap,0,1
117,12787,3794.7464194,1,VSM.ResetFeedback,0,1
117,12787,3794.7464194,1,VSM.MarkReceiverPages,641280,1
117,12787,3794.7464194,1,VSM.Allocate,223488,1
117,12787,3794.7464194,1,VSM.InvalidateStatic,0,0
117,12787,3794.7464194,1,VSM.ClearPhysicalPages,89600,1
117,12787,3794.7464194,1,VSM.StaticCasterCull,67840,1
117,12787,3794.7464194,1,VSM.DynamicCasterCull,256,1
117,12787,3794.7464194,1,VSM.PageCull,49408,1
117,12787,3794.7464194,1,VSM.StaticRaster,7680,1
117,12787,3794.7464194,1,VSM.FinalizePages,2048,1
117,12787,3794.7464194,1,VSM.DynamicRaster,13312,1
117,12787,3794.7464194,1,VSM.UnityCompatibilityRaster,0,0
117,12787,3794.7464194,1,VSM.Resolve,10627840,1
117,12787,3794.7464194,1,VSM.ResolveTrace,10401536,1
117,12787,3794.7464194,1,VSM.FilterHorizontal,66560,1
117,12787,3794.7464194,1,VSM.FilterVertical,0,0
117,12787,3794.7464194,1,VSM.FilterTemporalVertical,158208,1
118,12788,3794.7650175,1,VSM.LayoutRemap,0,1
118,12788,3794.7650175,1,VSM.ResetFeedback,0,1
118,12788,3794.7650175,1,VSM.MarkReceiverPages,644608,1
118,12788,3794.7650175,1,VSM.Allocate,222720,1
118,12788,3794.7650175,1,VSM.InvalidateStatic,0,0
118,12788,3794.7650175,1,VSM.ClearPhysicalPages,388096,1
118,12788,3794.7650175,1,VSM.StaticCasterCull,71680,1
118,12788,3794.7650175,1,VSM.DynamicCasterCull,256,1
118,12788,3794.7650175,1,VSM.PageCull,47360,1
118,12788,3794.7650175,1,VSM.StaticRaster,3328,1
118,12788,3794.7650175,1,VSM.FinalizePages,2304,1
118,12788,3794.7650175,1,VSM.DynamicRaster,11264,1
118,12788,3794.7650175,1,VSM.UnityCompatibilityRaster,0,0
118,12788,3794.7650175,1,VSM.Resolve,9705472,1
118,12788,3794.7650175,1,VSM.ResolveTrace,9483264,1
118,12788,3794.7650175,1,VSM.FilterHorizontal,64256,1
118,12788,3794.7650175,1,VSM.FilterVertical,0,0
118,12788,3794.7650175,1,VSM.FilterTemporalVertical,156672,1
119,12789,3794.7839541999997,1,VSM.LayoutRemap,0,1
119,12789,3794.7839541999997,1,VSM.ResetFeedback,0,1
119,12789,3794.7839541999997,1,VSM.MarkReceiverPages,815360,1
119,12789,3794.7839541999997,1,VSM.Allocate,224000,1
119,12789,3794.7839541999997,1,VSM.InvalidateStatic,0,0
119,12789,3794.7839541999997,1,VSM.ClearPhysicalPages,90112,1
119,12789,3794.7839541999997,1,VSM.StaticCasterCull,66048,1
119,12789,3794.7839541999997,1,VSM.DynamicCasterCull,0,1
119,12789,3794.7839541999997,1,VSM.PageCull,47360,1
119,12789,3794.7839541999997,1,VSM.StaticRaster,6912,1
119,12789,3794.7839541999997,1,VSM.FinalizePages,2304,1
119,12789,3794.7839541999997,1,VSM.DynamicRaster,13824,1
119,12789,3794.7839541999997,1,VSM.UnityCompatibilityRaster,0,0
119,12789,3794.7839541999997,1,VSM.Resolve,10053120,1
119,12789,3794.7839541999997,1,VSM.ResolveTrace,9827840,1
119,12789,3794.7839541999997,1,VSM.FilterHorizontal,67072,1
119,12789,3794.7839541999997,1,VSM.FilterVertical,0,0
119,12789,3794.7839541999997,1,VSM.FilterTemporalVertical,156928,1
120,12790,3794.8034803,1,VSM.LayoutRemap,0,1
120,12790,3794.8034803,1,VSM.ResetFeedback,0,1
120,12790,3794.8034803,1,VSM.MarkReceiverPages,643840,1
120,12790,3794.8034803,1,VSM.Allocate,222720,1
120,12790,3794.8034803,1,VSM.InvalidateStatic,0,0
120,12790,3794.8034803,1,VSM.ClearPhysicalPages,387584,1
120,12790,3794.8034803,1,VSM.StaticCasterCull,67584,1
120,12790,3794.8034803,1,VSM.DynamicCasterCull,256,1
120,12790,3794.8034803,1,VSM.PageCull,47872,1
120,12790,3794.8034803,1,VSM.StaticRaster,3072,1
120,12790,3794.8034803,1,VSM.FinalizePages,2560,1
120,12790,3794.8034803,1,VSM.DynamicRaster,12544,1
120,12790,3794.8034803,1,VSM.UnityCompatibilityRaster,0,0
120,12790,3794.8034803,1,VSM.Resolve,9525760,1
120,12790,3794.8034803,1,VSM.ResolveTrace,9302528,1
120,12790,3794.8034803,1,VSM.FilterHorizontal,65536,1
120,12790,3794.8034803,1,VSM.FilterVertical,0,0
120,12790,3794.8034803,1,VSM.FilterTemporalVertical,156160,1
121,12791,3794.8231317,1,VSM.LayoutRemap,0,1
121,12791,3794.8231317,1,VSM.ResetFeedback,0,1
121,12791,3794.8231317,1,VSM.MarkReceiverPages,642304,1
121,12791,3794.8231317,1,VSM.Allocate,223488,1
121,12791,3794.8231317,1,VSM.InvalidateStatic,0,0
121,12791,3794.8231317,1,VSM.ClearPhysicalPages,258816,1
121,12791,3794.8231317,1,VSM.StaticCasterCull,68096,1
121,12791,3794.8231317,1,VSM.DynamicCasterCull,256,1
121,12791,3794.8231317,1,VSM.PageCull,48640,1
121,12791,3794.8231317,1,VSM.StaticRaster,6912,1
121,12791,3794.8231317,1,VSM.FinalizePages,2048,1
121,12791,3794.8231317,1,VSM.DynamicRaster,14080,1
121,12791,3794.8231317,1,VSM.UnityCompatibilityRaster,0,0
121,12791,3794.8231317,1,VSM.Resolve,10242304,1
121,12791,3794.8231317,1,VSM.ResolveTrace,9738752,1
121,12791,3794.8231317,1,VSM.FilterHorizontal,68096,1
121,12791,3794.8231317,1,VSM.FilterVertical,0,0
121,12791,3794.8231317,1,VSM.FilterTemporalVertical,156160,1
122,12792,3794.8422929,1,VSM.LayoutRemap,0,1
122,12792,3794.8422929,1,VSM.ResetFeedback,0,1
122,12792,3794.8422929,1,VSM.MarkReceiverPages,643072,1
122,12792,3794.8422929,1,VSM.Allocate,221696,1
122,12792,3794.8422929,1,VSM.InvalidateStatic,0,0
122,12792,3794.8422929,1,VSM.ClearPhysicalPages,89856,1
122,12792,3794.8422929,1,VSM.StaticCasterCull,69376,1
122,12792,3794.8422929,1,VSM.DynamicCasterCull,256,1
122,12792,3794.8422929,1,VSM.PageCull,50176,1
122,12792,3794.8422929,1,VSM.StaticRaster,8192,1
122,12792,3794.8422929,1,VSM.FinalizePages,2304,1
122,12792,3794.8422929,1,VSM.DynamicRaster,14592,1
122,12792,3794.8422929,1,VSM.UnityCompatibilityRaster,0,0
122,12792,3794.8422929,1,VSM.Resolve,10144256,1
122,12792,3794.8422929,1,VSM.ResolveTrace,9917696,1
122,12792,3794.8422929,1,VSM.FilterHorizontal,66816,1
122,12792,3794.8422929,1,VSM.FilterVertical,0,0
122,12792,3794.8422929,1,VSM.FilterTemporalVertical,158464,1
123,12793,3794.8609493,1,VSM.LayoutRemap,0,1
123,12793,3794.8609493,1,VSM.ResetFeedback,0,1
123,12793,3794.8609493,1,VSM.MarkReceiverPages,642560,1
123,12793,3794.8609493,1,VSM.Allocate,223744,1
123,12793,3794.8609493,1,VSM.InvalidateStatic,0,0
123,12793,3794.8609493,1,VSM.ClearPhysicalPages,505344,1
123,12793,3794.8609493,1,VSM.StaticCasterCull,75008,1
123,12793,3794.8609493,1,VSM.DynamicCasterCull,0,1
123,12793,3794.8609493,1,VSM.PageCull,48384,1
123,12793,3794.8609493,1,VSM.StaticRaster,7168,1
123,12793,3794.8609493,1,VSM.FinalizePages,2816,1
123,12793,3794.8609493,1,VSM.DynamicRaster,12800,1
123,12793,3794.8609493,1,VSM.UnityCompatibilityRaster,0,0
123,12793,3794.8609493,1,VSM.Resolve,9869312,1
123,12793,3794.8609493,1,VSM.ResolveTrace,9475328,1
123,12793,3794.8609493,1,VSM.FilterHorizontal,65536,1
123,12793,3794.8609493,1,VSM.FilterVertical,0,0
123,12793,3794.8609493,1,VSM.FilterTemporalVertical,327680,1
124,12794,3794.8784244,1,VSM.LayoutRemap,0,1
124,12794,3794.8784244,1,VSM.ResetFeedback,0,1
124,12794,3794.8784244,1,VSM.MarkReceiverPages,639744,1
124,12794,3794.8784244,1,VSM.Allocate,224512,1
124,12794,3794.8784244,1,VSM.InvalidateStatic,0,0
124,12794,3794.8784244,1,VSM.ClearPhysicalPages,89856,1
124,12794,3794.8784244,1,VSM.StaticCasterCull,68608,1
124,12794,3794.8784244,1,VSM.DynamicCasterCull,256,1
124,12794,3794.8784244,1,VSM.PageCull,49920,1
124,12794,3794.8784244,1,VSM.StaticRaster,3328,1
124,12794,3794.8784244,1,VSM.FinalizePages,2048,1
124,12794,3794.8784244,1,VSM.DynamicRaster,14336,1
124,12794,3794.8784244,1,VSM.UnityCompatibilityRaster,0,0
124,12794,3794.8784244,1,VSM.Resolve,10099712,1
124,12794,3794.8784244,1,VSM.ResolveTrace,9721344,1
124,12794,3794.8784244,1,VSM.FilterHorizontal,64768,1
124,12794,3794.8784244,1,VSM.FilterVertical,0,0
124,12794,3794.8784244,1,VSM.FilterTemporalVertical,156160,1
125,12795,3794.8977563,1,VSM.LayoutRemap,0,1
125,12795,3794.8977563,1,VSM.ResetFeedback,0,1
125,12795,3794.8977563,1,VSM.MarkReceiverPages,642304,1
125,12795,3794.8977563,1,VSM.Allocate,223744,1
125,12795,3794.8977563,1,VSM.InvalidateStatic,0,0
125,12795,3794.8977563,1,VSM.ClearPhysicalPages,426240,1
125,12795,3794.8977563,1,VSM.StaticCasterCull,72704,1
125,12795,3794.8977563,1,VSM.DynamicCasterCull,0,1
125,12795,3794.8977563,1,VSM.PageCull,48128,1
125,12795,3794.8977563,1,VSM.StaticRaster,3328,1
125,12795,3794.8977563,1,VSM.FinalizePages,2560,1
125,12795,3794.8977563,1,VSM.DynamicRaster,12032,1
125,12795,3794.8977563,1,VSM.UnityCompatibilityRaster,0,0
125,12795,3794.8977563,1,VSM.Resolve,9989632,1
125,12795,3794.8977563,1,VSM.ResolveTrace,9764608,1
125,12795,3794.8977563,1,VSM.FilterHorizontal,65792,1
125,12795,3794.8977563,1,VSM.FilterVertical,0,0
125,12795,3794.8977563,1,VSM.FilterTemporalVertical,158208,1
126,12796,3794.9172767,1,VSM.LayoutRemap,0,1
126,12796,3794.9172767,1,VSM.ResetFeedback,0,1
126,12796,3794.9172767,1,VSM.MarkReceiverPages,644608,1
126,12796,3794.9172767,1,VSM.Allocate,223488,1
126,12796,3794.9172767,1,VSM.InvalidateStatic,0,0
126,12796,3794.9172767,1,VSM.ClearPhysicalPages,89856,1
126,12796,3794.9172767,1,VSM.StaticCasterCull,68352,1
126,12796,3794.9172767,1,VSM.DynamicCasterCull,256,1
126,12796,3794.9172767,1,VSM.PageCull,49664,1
126,12796,3794.9172767,1,VSM.StaticRaster,7936,1
126,12796,3794.9172767,1,VSM.FinalizePages,2048,1
126,12796,3794.9172767,1,VSM.DynamicRaster,14336,1
126,12796,3794.9172767,1,VSM.UnityCompatibilityRaster,0,0
126,12796,3794.9172767,1,VSM.Resolve,9047296,1
126,12796,3794.9172767,1,VSM.ResolveTrace,8825600,1
126,12796,3794.9172767,1,VSM.FilterHorizontal,64768,1
126,12796,3794.9172767,1,VSM.FilterVertical,0,0
126,12796,3794.9172767,1,VSM.FilterTemporalVertical,155904,1
127,12797,3794.936527,1,VSM.LayoutRemap,0,1
127,12797,3794.936527,1,VSM.ResetFeedback,0,1
127,12797,3794.936527,1,VSM.MarkReceiverPages,639488,1
127,12797,3794.936527,1,VSM.Allocate,223488,1
127,12797,3794.936527,1,VSM.InvalidateStatic,0,0
127,12797,3794.936527,1,VSM.ClearPhysicalPages,90368,1
127,12797,3794.936527,1,VSM.StaticCasterCull,67840,1
127,12797,3794.936527,1,VSM.DynamicCasterCull,256,1
127,12797,3794.936527,1,VSM.PageCull,49152,1
127,12797,3794.936527,1,VSM.StaticRaster,7168,1
127,12797,3794.936527,1,VSM.FinalizePages,2304,1
127,12797,3794.936527,1,VSM.DynamicRaster,14080,1
127,12797,3794.936527,1,VSM.UnityCompatibilityRaster,0,0
127,12797,3794.936527,1,VSM.Resolve,10466560,1
127,12797,3794.936527,1,VSM.ResolveTrace,9957888,1
127,12797,3794.936527,1,VSM.FilterHorizontal,67840,1
127,12797,3794.936527,1,VSM.FilterVertical,0,0
127,12797,3794.936527,1,VSM.FilterTemporalVertical,175872,1
