observation_frame,unscaled_time,frame_timing_timestamp,segment,"frame_interval_ms","cpu_frame_ms","gpu_frame_ms","cpu_render_thread_ms","gc_allocated_in_editor_frame_bytes","VSM.LayoutRemap_gpu_ms","VSM.Allocate_gpu_ms","VSM.InvalidateStatic_gpu_ms","VSM.ClearPhysicalPages_gpu_ms","VSM.StaticCasterCull_gpu_ms","VSM.DynamicCasterCull_gpu_ms","VSM.PageCull_gpu_ms","VSM.StaticRaster_gpu_ms","VSM.DynamicRaster_gpu_ms","VSM.UnityCompatibilityRaster_gpu_ms","VSM.FinalizePages_gpu_ms","VSM.ResetFeedback_gpu_ms","VSM.ResolveAndFeedback_gpu_ms",observed_camera_frame,observed_camera_serial,window_repaint_count,seconds_since_window_repaint
5507,51.950697895408162,1350103270788,1,5.9690973721444607,4.9143,6.195456,2.3725,14539,0.001024,0.43724799999999997,,0.068096,0.44851199999999997,0.000256,0.225024,0.0097279999999999988,0.037632,,0.004608,,1.801216,5507,780,0,
5508,51.957558397108841,1350103319931,1,6.8605015985667706,6.5122,5.950976,1.9487,14539,0.001024,0.36531199999999997,,0.068608,0.24243199999999998,0,0.224512,0.009984,0.037888,,0.0038399999999999997,,1.754112,5508,781,0,
5509,51.964430201247161,1350103385053,1,6.871804129332304,5.6064,6.836224,2.1219,14539,0.001024,0.36735999999999996,,0.075007999999999991,0.24831999999999999,0,0.229376,0.0076799999999999993,0.038144,,0.002304,,1.926912,5509,782,0,
5510,51.969890398242626,1350103441117,1,5.4601971060037613,6.2169,6.651904,2.0066,14741,0.001024,0.367104,,0.068096,0.76825599999999994,0.000256,0.74905599999999994,0.0076799999999999993,0.038144,,0.0025599999999999998,,1.781504,5510,783,0,
5511,51.976283595521537,1350103503286,1,6.39319745823741,6.6517,5.427968,2.0438,14539,0.001024,0.36479999999999996,,0.068096,0.24575999999999998,0,0.227072,0.007936,0.040959999999999996,,0.002048,,1.405184,5511,784,0,
5512,51.982762096088436,1350103569803,1,6.4785005524754524,6.5384,6.382848,2.2517,14539,0.001024,0.36607999999999996,,0.068096,0.24575999999999998,0,0.22758399999999998,0.007424,0.041728,,0.002304,,1.407232,5512,785,0,
5513,51.988691999716551,1350103635187,1,5.9299035929143429,6.167,6.45376,2.2889,14539,0.001024,0.368384,,0.069887999999999992,0.24703999999999998,0.000256,0.22860799999999998,0.0076799999999999993,0.040959999999999996,,0.004608,,1.878528,5513,786,0,
5514,51.995017701247164,1350103696857,1,6.325701717287302,8.3481,5.489408,1.9803,14539,0.001024,0.365568,,0.068352,0.24140799999999998,0,0.22323199999999999,0.0076799999999999993,0.0384,,0.005376,,1.4059519999999999,5514,787,0,
5515,52.001299199263038,1350103780338,1,6.28149788826704,3.8134,6.301696,2.0129,14539,0.001024,0.36863999999999997,,0.068352,0.68377599999999994,0.000256,0.66611199999999993,0.008192,0.037632,,0.004096,,1.6299519999999998,5515,788,0,
5516,52.00772089710884,1350103818472,1,6.4216977916657925,5.9258,6.07744,2.0801,20323,0.001024,0.36531199999999997,,0.068096,0.242176,0,0.22399999999999998,0.0076799999999999993,0.03712,,0.0038399999999999997,,2.118144,5516,789,0,
5517,52.01378660005669,1350103877730,1,6.065702997148037,6.9072,6.383616,2.1478,14539,0.001024,0.366592,,0.068096,0.24678399999999998,0,0.228096,0.007424,0.039168,,0.004608,,2.1463039999999998,5517,790,0,
5518,52.020609098639454,1350103946802,1,6.8224985152482986,5.9828,6.041088,2.0354,14539,0.0012799999999999999,0.365824,,0.070912,0.24831999999999999,0,0.228096,0.010239999999999999,0.038655999999999996,,0.0025599999999999998,,1.404928,5518,791,0,
5519,52.026219699546481,1350104006630,1,5.610601045191288,6.0987,6.814208,1.9912,14539,0.001024,0.368384,,0.068096,0.24806399999999998,0,0.2304,0.0076799999999999993,0.037376,,0.004608,,1.868032,5519,792,0,
5520,52.032491198979592,1350104067617,1,6.2714992091059685,6.5257,5.57184,1.9607,14591,0.001024,0.366848,,0.073728,0.247296,0,0.22912,0.0076799999999999993,0.037888,,0.0038399999999999997,,1.400576,5520,793,0,
5521,52.039231901927437,1350104132874,1,6.7407027818262577,6.3803,6.244864,2.0498,14539,0.001024,0.368128,,0.068096,0.246272,0,0.22784,0.007936,0.037376,,0.004608,,1.4016,5521,794,0,
5522,52.04546580215419,1350104196677,1,6.23390031978488,5.5662,6.722816,2.1007,14539,0.001024,0.36531199999999997,,0.068352,1.229824,0.000256,1.2116479999999998,0.004096,0.030976,,0.009216,,1.78688,5522,795,0,
5523,52.051622200963713,1350104252339,1,6.1563989147543907,6.4647,6.222336,2.2556,14539,0.001024,0.365056,,0.071424,0.247808,0,0.228096,0.007936,0.036864,,0.005632,,1.77792,5523,796,0,
5524,52.057849298469385,1350104316986,1,6.2270974740386009,6.5714,6.137856,1.9921,14539,0.001024,0.367872,,0.068352,0.24371199999999998,0,0.22399999999999998,0.008192,0.036351999999999995,,0.0051199999999999996,,1.4141439999999998,5524,797,0,
5525,52.064259800170063,1350104382700,1,6.4105018973350525,6.207,6.192128,2.0103,14539,0.001024,0.364544,,0.068096,0.24575999999999998,0,0.227328,0.0076799999999999993,0.039936,,0.004352,,1.40544,5525,798,0,
5526,52.070465100623579,1350104444770,1,6.205300334841013,6.4279,6.390272,1.9778,14879,0.001024,0.367104,,0.076288,0.24678399999999998,0,0.227072,0.003328,0.038144,,0.005888,,1.8073599999999999,5526,799,0,
5527,52.076942396541945,1350104509049,1,6.4772958867251873,6.4463,6.189056,1.897,14741,0.0012799999999999999,0.367872,,0.068096,0.24371199999999998,0,0.22527999999999998,0.007936,0.03712,,0.004352,,1.978368,5527,800,0,
5528,52.08347869897959,1350104573512,1,6.5363026224076748,5.949,6.462464,2.0202,20323,0.001024,0.367104,,0.068096,0.24447999999999998,0.000256,0.22655999999999998,0.0076799999999999993,0.038911999999999995,,0.004352,,1.402112,5528,801,0,
5529,52.0894295989229,1350104633002,1,5.9508997946977615,6.4313,6.499328,1.9696,14539,0.001024,0.366592,,0.27648,0.246272,0,0.226816,0.007424,0.038655999999999996,,0.0048639999999999994,,1.8890239999999998,5529,802,0,
5530,52.095454095804989,1350104697315,1,6.0244970954954624,6.1459,5.92768,1.975,14539,0.001024,0.366336,,0.068352,0.247296,0,0.229376,0.003584,0.036864,,0.004352,,1.818368,5530,803,0,
5531,52.101911096938771,1350104758774,1,6.4570009708404541,7.1427,6.013184,2.0072,14539,0.001024,0.364544,,0.068352,0.242688,0,0.22399999999999998,0.0076799999999999993,0.038144,,0.0051199999999999996,,1.4008319999999999,5531,804,0,
5532,52.108424596088433,1350104830201,1,6.5134991891682148,5.6727,6.398976,1.826,14539,0.001024,0.364544,,0.068352,0.245248,0,0.227072,0.007936,0.03584,,0.004352,,1.966592,5532,805,0,
5533,52.11476719812925,1350104886928,1,6.3426019623875618,5.6547,6.53056,1.9979,14539,0.001024,0.367872,,0.068352,0.24601599999999998,0,0.22860799999999998,0.0076799999999999993,0.038144,,0.004096,,1.987072,5533,806,0,
5534,52.121298596938772,1350104943475,1,6.531398743391037,6.6106,6.315264,1.845,14539,0.001024,0.368384,,0.068096,0.630784,0.000256,0.225536,0.009216,0.039424,,0.004352,,1.407232,5534,807,0,
5535,52.127806398809518,1350105009581,1,6.5078018233180046,6.4246,6.509056,1.8605,14539,0.001024,0.366592,,0.068352,0.745984,0,0.22630399999999998,0.008192,0.0384,,0.004608,,1.421568,5535,808,0,
5536,52.134229499716554,1350105073827,1,6.4231008291244507,6.3498,6.497024,2.0263,14539,0.0012799999999999999,0.366848,,0.27827199999999996,0.244224,0.000256,0.22425599999999998,0.0076799999999999993,0.037888,,0.004352,,1.8959359999999998,5536,809,0,
5537,52.140658701814054,1350105137325,1,6.4292019233107567,6.6456,6.40896,2.3247,14539,0.001024,0.36607999999999996,,0.068096,0.2432,0.000256,0.225024,0.007936,0.036864,,0.004608,,2.1240319999999997,5537,810,0,
5538,52.146905498866211,1350105203781,1,6.2467972747981548,6.4279,6.39872,2.0883,14539,0.001024,0.364544,,0.068352,0.243968,0,0.225792,0.010239999999999999,0.036351999999999995,,0.004096,,1.423104,5538,811,0,
5539,52.153346499433106,1350105268060,1,6.4410003833472729,8.1592,6.229248,2.3029,14539,0.001024,0.366592,,0.068608,0.24447999999999998,0,0.22630399999999998,0.007424,0.03968,,0.004352,,1.8659839999999999,5539,812,0,
5540,52.159902097505665,1350105349652,1,6.5555982291698456,5.363,6.41792,2.3108,14539,0.001024,0.367104,,0.068352,0.24601599999999998,0,0.227328,0.008192,0.0384,,0.004608,,1.7984,5540,813,0,
5541,52.16531879960317,1350105403282,1,5.4167020134627819,6.8074,6.533632,2.1119,14539,0.001024,0.370432,,0.07039999999999999,0.247808,0,0.228096,0.003584,0.037888,,0.005632,,1.8368,5541,814,0,
5542,52.172206299603175,1350105471356,1,6.887500174343586,6.2438,5.393152,2.1989,15402,0.001024,0.365568,,0.068352,0.24447999999999998,0,0.226048,0.0076799999999999993,0.037376,,0.0048639999999999994,,1.4010879999999999,5542,815,0,
5543,52.178606101190475,1350105533794,1,6.3998014666140079,5.9641,6.871296,1.8582,14539,0.0038399999999999997,0.361984,,0.068096,0.247808,0,0.22912,0.003328,0.037376,,0.004352,,1.893888,5543,816,0,
5544,52.184542602040814,1350105593435,1,5.9365010820329189,5.1043,6.3808,1.9054,14539,0.001024,0.365824,,0.068352,0.688384,0.000256,0.669952,0.0076799999999999993,0.0384,,0.0051199999999999996,,1.935616,5544,817,0,
5545,52.191199900793649,1350105644478,1,6.6572986543178558,6.5675,5.904128,2.0923,14539,0.001024,0.368896,,0.068096,0.246272,0.000256,0.22784,0.007424,0.036351999999999995,,0.003584,,1.40288,5545,818,0,
5546,52.198304995748295,1350105710153,1,7.1050948463380337,6.656,6.643712,1.9506,14539,0.001024,0.364288,,0.077311999999999992,0.24447999999999998,0,0.225536,0.004096,0.04224,,0.002304,,2.3114239999999997,5546,819,0,
5547,52.204678698979592,1350105776713,1,6.3737030141055584,5.9069,7.0912,2.0777,14539,0.001024,0.365056,,0.068352,0.245504,0,0.227072,0.0076799999999999993,0.038655999999999996,,0.005376,,1.6284159999999999,5547,820,0,
5548,52.210887599206345,1350105835782,1,6.2089003622531891,6.618,,1.9957,14539,0.001024,0.365056,,0.068352,0.245504,0,0.227072,0.0076799999999999993,0.038655999999999996,,0.005376,,1.6284159999999999,5548,821,0,
5549,52.222397101757366,1350105901962,1,11.509502306580544,7.2283,6.187264,7.2283,14539,0.001024,0.36531199999999997,,0.070656,0.24703999999999998,0.000256,0.227328,0.006912,0.037376,,0.005632,,1.59744,5549,822,0,
5550,52.229073696145122,1350105974245,1,6.6765942610800266,6.5444,5.888512,1.5653,14734,0.001024,0.366592,,0.06912,0.24243199999999998,0.000256,0.224512,0.00896,0.037888,,0.004352,,1.602304,5550,823,0,
5551,52.235131001984122,1350106039689,1,6.0573057271540165,6.5779,6.677504,2.2596,14591,0.001024,0.366336,,0.06784,0.24473599999999998,0,0.22630399999999998,0.007936,0.037632,,0.0051199999999999996,,2.242816,5551,824,0,
5552,52.241084700963718,1350106105468,1,5.9536988846957684,11.1857,6.026752,2.3605,14539,0.001024,0.36607999999999996,,0.068352,0.246272,0,0.22758399999999998,0.007936,0.040704,,0.004608,,1.402112,5552,825,0,
5553,52.247903302154192,1350106217325,1,6.81860139593482,6.9693,5.925888,1.9942,14539,0.001024,0.367872,,0.076032,0.252928,0.000256,0.23296,0.0076799999999999993,0.040192,,0.0025599999999999998,,1.63456,5553,826,0,
5554,52.254641099773238,1350106287018,1,6.7377975210547447,5.4331,6.800896,2.2951,14539,0.0012799999999999999,0.368128,,0.07296,0.245248,0,0.225536,0.007936,0.039168,,0.0025599999999999998,,2.09792,5554,827,0,
5555,52.260985501700681,1350106341349,1,6.3444017432630062,6.4572,6.716928,2.004,14539,0.001024,0.36352,,0.068352,0.245504,0,0.22655999999999998,0.003328,0.042752,,0.002304,,1.8542079999999999,5555,828,0,
5556,52.268169699546483,1350106405921,1,7.184197660535574,6.8169,6.311424,2.1584,14539,0.001024,0.365824,,0.068352,0.248576,0,0.229632,0.0076799999999999993,0.040192,,0.002304,,1.4044159999999999,5556,829,0,
5557,52.274152402210881,1350106474090,1,5.9827025979757309,6.3952,7.1616,1.9876,14741,0.001024,0.364544,,0.073984,0.685824,0,0.667648,0.008192,0.037888,,0.004608,,2.274816,5557,830,0,
5558,52.2800378968254,1350106538042,1,5.8854944072663784,6.5463,5.954816,2.0207,14539,0.001024,0.368384,,0.068352,0.248576,0,0.22988799999999998,0.0076799999999999993,0.037376,,0.003584,,1.4044159999999999,5558,831,0,
5559,52.286468898809524,1350106603505,1,6.4310021698474884,6.943,5.87392,2.4786,14539,0.0012799999999999999,0.364544,,0.068096,0.244992,0,0.226816,0.008192,0.037376,,0.004608,,1.400064,5559,832,0,
5560,52.292169401927438,1350106672935,1,5.7005030103027821,7.0656,6.407168,2.0997,14539,0.001024,0.43596799999999997,,0.075264,0.24447999999999998,0.000256,0.224512,0.007936,0.036608,,0.005632,,1.715712,5560,833,0,
5561,52.299125,1350106743591,1,6.9555980153381824,5.0283,5.677312,2.0535,14539,0.001024,0.36735999999999996,,0.069887999999999992,0.24575999999999998,0.000256,0.22758399999999998,0.0076799999999999993,0.03712,,0.0051199999999999996,,1.398016,5561,834,0,
5562,52.305537599206346,1350106793874,1,6.4125992357730865,6.505,6.939392,2.0149,14539,0.001024,0.365824,,0.079104,0.24575999999999998,0.000256,0.22630399999999998,0.003584,0.036095999999999996,,0.005376,,1.6348159999999998,5562,835,0,
5563,52.311409396258505,1350106858924,1,5.8717969805002213,5.3868,6.38976,2.0512,14539,0.001024,0.36403199999999997,,0.074752,0.245248,0,0.224768,0.003584,0.039936,,0.005632,,1.9412479999999999,5563,836,0,
5564,52.317348795351471,1350106912792,1,5.939398892223835,7.1226,5.85472,1.9336,14539,0.001024,0.368128,,0.068352,0.24447999999999998,0.000256,0.226048,0.0076799999999999993,0.035072,,0.0051199999999999996,,1.399808,5564,837,0,
5565,52.324292899659859,1350106984018,1,6.9441040977835655,6.1909,5.912832,2.0876,14539,0.001024,0.36735999999999996,,0.068352,0.244224,0,0.226048,0.0076799999999999993,0.036608,,0.004608,,1.400576,5565,838,0,
5566,52.330277196712018,1350107045927,1,5.9842970222234726,5.9399,6.928896,2.0299,14539,0.001024,0.36863999999999997,,0.525824,0.260608,0,0.23449599999999998,0.010496,0.040448,,0.0038399999999999997,,1.977088,5566,839,0,
5567,52.336555598072557,1350107105326,1,6.2784012407064438,5.9902,5.963776,1.9481,14539,0.001024,0.367616,,0.068352,0.244992,0,0.22630399999999998,0.0076799999999999993,0.036095999999999996,,0.0051199999999999996,,1.618688,5567,840,0,
5568,52.34283560090703,1350107165228,1,6.2800026498734951,6.6957,5.854208,1.9079,14539,0.001024,0.36607999999999996,,0.50303999999999993,0.25318399999999996,0.000256,0.23219199999999998,0.003328,0.035328,,0.005376,,1.422336,5568,841,0,
5569,52.348720698696141,1350107232185,1,5.8850976638495922,5.9949,6.26304,2.117,14539,0.001024,0.365568,,0.068352,0.24473599999999998,0,0.226048,0.007936,0.038655999999999996,,0.004608,,1.7822719999999999,5569,842,0,
5570,52.355727196712017,1350107292134,1,7.0064980536699295,6.9801,5.876736,1.9663,14539,0.001024,0.365056,,0.068352,0.244224,0,0.22655999999999998,0.0076799999999999993,0.0384,,0.005376,,1.401344,5570,843,0,
5571,52.361765497448978,1350107361935,1,6.0383006930351257,5.8244,6.93888,2.0441,14539,0.001024,0.43724799999999997,,0.076288,0.24473599999999998,0,0.224768,0.0076799999999999993,0.035584,,0.0048639999999999994,,1.62048,5571,844,0,
5572,52.368290398242628,1350107420179,1,6.5249009057879448,6.1825,6.06208,2.2065,14539,0.001024,0.369664,,0.068352,0.242176,0,0.223744,0.0076799999999999993,0.035072,,0.004352,,1.399552,5572,845,0,
5573,52.374177699829929,1350107482004,1,5.88730163872242,6.865,6.500864,1.9244,14741,0.001024,0.365056,,0.074752,0.250112,0,0.2304,0.004096,0.043519999999999996,,0.005632,,1.9676159999999998,5573,846,0,
5574,52.38021919642857,1350107550654,1,6.0414965264499187,5.7169,5.877504,2.0568,14734,0.001024,0.368128,,0.068608,0.24678399999999998,0,0.228352,0.0038399999999999997,0.036608,,0.003584,,1.8644479999999999,5574,847,0,
5575,52.386733198696142,1350107607823,1,6.5140021033585072,6.8278,6.010112,1.9459,14539,0.0012799999999999999,0.36479999999999996,,0.069887999999999992,0.244992,0,0.22655999999999998,0.0076799999999999993,0.035584,,0.003584,,1.841152,5575,848,0,
5576,52.393068395691607,1350107676101,1,6.3351970165967941,5.49,6.501888,2.0966,14539,0.001024,0.36735999999999996,,0.068096,0.242688,0,0.22425599999999998,0.0076799999999999993,0.036864,,0.0038399999999999997,,1.601024,5576,849,0,
5577,52.399304202097504,1350107731001,1,6.23580627143383,7.0872,6.308096,1.9741,14539,0.0012799999999999999,0.365568,,0.068352,0.242176,0,0.22399999999999998,0.006656,0.039424,,0.0038399999999999997,,1.398528,5577,850,0,
5578,52.406300297619048,1350107801873,1,6.9960956461727619,5.6753,6.21312,2.1204,20949,0.001024,0.36607999999999996,,0.075007999999999991,0.252928,0,0.232704,0.003328,0.041728,,0.0048639999999999994,,1.40288,5578,851,0,
5579,52.412862096088432,1350107858626,1,6.5617985092103481,6.2129,6.981632,2.2331,14539,0.001024,0.366848,,0.073984,0.2432,0,0.22297599999999998,0.007168,0.037888,,0.0048639999999999994,,1.8472959999999998,5579,852,0,
5580,52.419261196145122,1350107920755,1,6.3991001807153225,7.0287,6.47936,2.0433,14539,0.001024,0.365568,,0.068608,0.242944,0,0.22399999999999998,0.007936,0.035584,,0.0051199999999999996,,1.91488,5580,853,0,
5581,52.42591039540816,1350107991042,1,6.6491994075477123,6.5732,6.44352,2.0582,14539,0.001024,0.36735999999999996,,0.273408,0.248832,0.000256,0.224512,0.0076799999999999993,0.0384,,0.0038399999999999997,,2.4317439999999997,5581,854,0,
5582,52.432118098072557,1350108056774,1,6.2077026814222336,6.8476,6.6176,2.0853,14539,0.001024,0.36735999999999996,,0.068096,0.247296,0,0.22886399999999998,0.0076799999999999993,0.037376,,0.004352,,2.088192,5582,855,0,
5583,52.437701197562355,1350108125250,1,5.58309955522418,6.2318,6.190336,2.0463,14591,0.001024,0.367872,,0.068096,0.243968,0,0.225536,0.0076799999999999993,0.039168,,0.004352,,1.398528,5583,856,0,
5584,52.444603302154192,1350108187568,1,6.9021047092974186,6.2998,5.56544,2.1166,14539,0.001024,0.36735999999999996,,0.073984,0.245248,0.000256,0.227328,0.007424,0.039168,,0.004096,,1.401856,5584,857,0,
5585,52.451191397392286,1350108250566,1,6.5880953334271908,6.5159,6.87872,2.0173,14539,0.001024,0.36940799999999996,,0.068096,0.2432,0,0.225536,0.0076799999999999993,0.036864,,0.0051199999999999996,,2.1880319999999998,5585,858,0,
5586,52.45764609552154,1350108315725,1,6.4546982757747173,5.2202,6.56896,1.9322,14539,0.001024,0.36940799999999996,,0.071424,0.24678399999999998,0,0.22758399999999998,0.0076799999999999993,0.038911999999999995,,0.0051199999999999996,,1.9379199999999999,5586,859,0,
5587,52.463896301020405,1350108367927,1,6.25020544975996,6.8486,6.436352,2.0664,14539,0.001024,0.366336,,0.068608,0.244224,0,0.226048,0.007936,0.039424,,0.0051199999999999996,,1.8590719999999998,5587,860,0,
5588,52.470079301303855,1350108436413,1,6.1830002814531326,6.7456,6.233344,2.0491,14539,0.0012799999999999999,0.36531199999999997,,0.073216,0.24473599999999998,0,0.22527999999999998,0.008704,0.037632,,0.0051199999999999996,,1.3992959999999999,5588,861,0,
5589,52.476421995464854,1350108503869,1,6.3426941633224487,6.7041,6.146048,2.1199,85025,0.001024,0.370176,,0.068096,0.24371199999999998,0,0.225536,0.007424,0.03712,,0.004352,,1.401856,5589,862,0,
5590,52.483020096371881,1350108570910,1,6.5981009975075722,6.0924,6.325248,2.6216,74475,0.001024,0.36735999999999996,,0.078592,0.24831999999999999,0,0.22860799999999998,0.007424,0.038911999999999995,,0.004096,,1.925632,5590,863,0,
5591,52.489122796201812,1350108631834,1,6.1026997864246368,6.717,6.581504,2.5688,137536,0.001024,0.367104,,0.070144,0.245504,0,0.227072,0.005632,0.038655999999999996,,0.0048639999999999994,,1.632,5591,864,0,
5592,52.495210395408158,1350108699004,1,6.0875993221998215,7.2301,6.078464,2.1337,123985,0.000768,0.368384,,0.068608,0.244992,0,0.22655999999999998,0.007936,0.037376,,0.004096,,1.796608,5592,865,0,
5593,52.501202799036278,1350108771305,1,5.992403719574213,5.366,6.06592,2.4638,14539,0.001024,0.36863999999999997,,0.068096,0.248832,0,0.2304,0.0076799999999999993,0.037376,,0.0048639999999999994,,1.6366079999999998,5593,866,0,
5594,52.507379896541948,1350108824965,1,6.17709755897522,6.8505,5.965824,2.0912,14539,0.001024,0.366592,,0.068608,0.24243199999999998,0,0.223488,0.007936,0.03712,,0.0051199999999999996,,1.7958399999999999,5594,867,0,
5595,52.513631101190477,1350108893470,1,6.2512047588825226,5.1872,5.975296,1.9134,14539,0.001024,0.36607999999999996,,0.068864,0.439552,0,0.228096,0.0097279999999999988,0.039936,,0.003328,,1.873152,5595,868,0,
5596,52.52016809807256,1350108945342,1,6.5369969233870506,5.9046,6.214912,2.0256,14539,0.001024,0.36352,,0.068096,0.250624,0,0.231936,0.007936,0.040959999999999996,,0.002304,,2.1396479999999998,5596,869,0,
5597,52.526398398526077,1350109004388,1,6.2303002923727036,6.1502,6.525952,2.0164,14539,0.001024,0.36863999999999997,,0.068352,0.253696,0,0.23423999999999998,0.003328,0.03968,,0.002304,,2.0671999999999997,5597,870,0,
5598,52.532300496031745,1350109065890,1,5.9020975604653358,6.3051,6.203392,2.2809,14734,0.001024,0.370176,,0.068352,0.247808,0,0.22860799999999998,0.0076799999999999993,0.039168,,0.002304,,1.404672,5598,871,0,
5599,52.538849496882086,1350109128941,1,6.5490007400512695,6.5729,5.8752,1.9892,14539,0.001024,0.368896,,0.073728,0.244992,0,0.22655999999999998,0.003584,0.039424,,0.0051199999999999996,,1.401856,5599,872,0,
5600,52.544983900226754,1350109194670,1,6.13440340384841,6.0021,6.535424,2.1741,14539,0.001024,0.365056,,0.068096,0.244224,0,0.226048,0.0076799999999999993,0.040192,,0.0051199999999999996,,1.580544,5600,873,0,
5601,52.551460997732427,1350109254691,1,6.4770975150167942,6.045,6.100992,1.9052,14539,0.001024,0.366592,,0.068352,0.24140799999999998,0,0.22272,0.003328,0.036864,,0.0048639999999999994,,1.6266239999999998,5601,874,0,
5602,52.55762310090703,1350109315141,1,6.1621032655239105,6.3127,6.462976,1.8862,14539,0.001024,0.369152,,0.068352,0.2432,0.000256,0.22425599999999998,0.007936,0.036095999999999996,,0.0051199999999999996,,2.011136,5602,875,0,
5603,52.563719401927436,1350109378268,1,6.0963011346757412,6.5412,6.135808,1.9879,14539,0.0012799999999999999,0.36531199999999997,,0.06912,0.24703999999999998,0,0.22860799999999998,0.008192,0.040192,,0.004608,,1.403136,5603,876,0,
5604,52.570299801587296,1350109443680,1,6.5803998149931431,6.3973,6.063616,1.8575,14539,0.001024,0.36352,,0.068352,0.9216,0,0.617984,0.009472,0.040192,,0.004096,,1.420032,5604,877,0,
5605,52.576781597222222,1350109507653,1,6.481795571744442,5.8581,6.555136,2.034,14741,0.001024,0.368128,,0.068352,1.305088,0,1.2869119999999998,0.00896,0.030463999999999998,,0.013568,,1.41824,5605,878,0,
5606,52.583458297902489,1350109566234,1,6.67670089751482,6.2503,6.46912,1.8574,14539,0.001024,0.366336,,0.06784,0.24575999999999998,0,0.227328,0.007936,0.040192,,0.0038399999999999997,,1.412864,5606,879,0,
5607,52.589622101757371,1350109628737,1,6.1638038605451584,6.4098,6.649856,1.8983,14539,0.001024,0.366592,,0.073984,0.245248,0.000256,0.225792,0.0076799999999999993,0.03712,,0.005376,,1.9079679999999999,5607,880,0,
5608,52.596439498299318,1350109692835,1,6.8173967301845551,6.4839,6.139648,1.9258,14539,0.001024,0.368384,,0.068352,0.244992,0,0.227072,0.008192,0.036608,,0.0048639999999999994,,1.405184,5608,881,0,
5609,52.602762599206351,1350109757674,1,6.3231009989976883,6.8787,6.788352,1.8736,14539,0.001024,0.438528,,0.06912,0.24601599999999998,0,0.22784,0.007168,0.036864,,0.004608,,2.52928,5609,882,0,
5610,52.609146797052155,1350109826461,1,6.3841976225376129,5.956,6.3104,2.2963,14539,0.001024,0.366336,,0.068096,0.24678399999999998,0,0.22886399999999998,0.0076799999999999993,0.03968,,0.003328,,1.4016,5610,883,0,
5611,52.615431696428573,1350109886021,1,6.2848995439708233,7.229,6.369024,1.9005,14539,0.001024,0.367872,,0.072448,0.245504,0,0.226048,0.007936,0.037376,,0.004096,,1.893632,5611,884,0,
5612,52.622028195861674,1350109958311,1,6.5964995883405209,5.9539,5.764608,1.8705,14539,0.001024,0.36735999999999996,,0.068096,0.247808,0,0.229632,0.0076799999999999993,0.038911999999999995,,0.003584,,1.421568,5612,885,0,
5613,52.629300297619046,1350110017850,1,7.2721019387245178,6.3029,6.555392,2.3166,14539,0.001024,0.366848,,0.073728,0.245248,0.000256,0.226816,0.008192,0.038144,,0.004352,,1.8590719999999998,5613,886,0,
5614,52.635577600623577,1350110080879,1,6.2773032113909721,6.762,7.131648,2.4644,14539,0.001024,0.367104,,0.073472,0.690944,0,0.672512,0.0076799999999999993,0.038655999999999996,,0.005888,,1.916928,5614,887,0,
5615,52.641224397675735,1350110148499,1,5.6467968970537186,6.3269,6.334208,2.0958,14591,0.001024,0.368384,,0.068864,0.246528,0,0.22886399999999998,0.007936,0.041728,,0.0048639999999999994,,1.4044159999999999,5615,888,0,
5616,52.6478623015873,1350110211768,1,6.6379038617014885,7.7322,5.671936,2.0801,46495,0.001024,0.364288,,0.068352,0.24345599999999998,0.000256,0.225792,0.0076799999999999993,0.038144,,0.004352,,1.5979519999999998,5616,889,0,
5617,52.65392089710884,1350110289090,1,6.0585956089198589,6.096,6.614528,2.4095,14539,0.001024,0.36863999999999997,,0.068352,0.631296,0,0.22655999999999998,0.00896,0.039424,,0.0051199999999999996,,2.074624,5617,890,0,
5618,52.660440299036281,1350110350050,1,6.5194019116461277,5.6097,6.055936,2.123,14539,0.0012799999999999999,0.36735999999999996,,0.068096,0.246528,0,0.22758399999999998,0.005376,0.039936,,0.0051199999999999996,,1.625344,5618,891,0,
5619,52.666908000283442,1350110406147,1,6.4677014015614986,6.2928,6.488832,1.9421,14539,0.001024,0.365824,,0.068352,0.246528,0.000256,0.22860799999999998,0.0076799999999999993,0.038911999999999995,,0.0038399999999999997,,1.8321919999999998,5619,892,0,
5620,52.672942800453512,1350110469075,1,6.0348003171384335,6.0254,6.448384,2.051,15257,0.001024,0.368896,,0.068352,0.246528,0,0.22758399999999998,0.0076799999999999993,0.039936,,0.0051199999999999996,,1.627648,5620,893,0,
5621,52.678930697278908,1350110529329,1,5.9878970496356487,6.8055,6.014208,2.0362,14539,0.001024,0.36531199999999997,,0.068096,0.242688,0,0.224512,0.0084479999999999989,0.037632,,0.004096,,1.606912,5621,894,0,
5622,52.68545309665533,1350110597384,1,6.5223993733525276,6.436,5.968896,2.0879,14734,0.001024,0.368896,,0.068352,0.245248,0,0.227072,0.007424,0.039424,,0.004352,,1.795072,5622,895,0,
5623,52.691270698696144,1350110661744,1,5.8176019228994846,5.8763,6.493184,2.6269,14539,0.001024,0.367104,,0.068096,0.242688,0.000256,0.223744,0.007424,0.041471999999999995,,0.002048,,1.619456,5623,896,0,
5624,52.697571095521539,1350110720507,1,6.3003967516124249,6.0754,5.78816,2.0131,14539,0.001024,0.36403199999999997,,0.068352,0.244992,0.000256,0.226816,0.0076799999999999993,0.03968,,0.0051199999999999996,,1.4044159999999999,5624,897,0,
5625,52.703729499716552,1350110781261,1,6.1584040522575378,6.2216,6.28224,1.9258,14539,0.001024,0.36940799999999996,,0.074752,0.247552,0,0.22784,0.0076799999999999993,0.038911999999999995,,0.004096,,1.627136,5625,898,0,
5626,52.710461699263035,1350110843477,1,6.7321993410587311,6.147,6.134528,1.8978,14539,0.0012799999999999999,0.36863999999999997,,0.068096,0.243968,0,0.225792,0.0076799999999999993,0.038655999999999996,,0.004608,,1.6217599999999999,5626,899,0,
5627,52.717197498582763,1350110904947,1,6.7357993684709072,6.4353,6.715392,2.1419,14539,0.001024,0.36863999999999997,,0.068352,0.247296,0,0.227328,0.008192,0.03968,,0.0038399999999999997,,1.84832,5627,900,0,
5628,52.723702097505665,1350110969300,1,6.504599004983902,6.3788,6.706944,1.8952,14539,0.0012799999999999999,0.367616,,0.068096,0.42086399999999996,0,0.40243199999999996,0.051968,0.0384,,0.004608,,1.631232,5628,901,0,
5629,52.729584098639457,1350111033088,1,5.8820010162889957,6.5621,6.48704,2.0619,14539,0.001024,0.36607999999999996,,0.068096,0.76544,0,0.74726399999999993,0.044288,0.030976,,0.011264,,1.9258879999999998,5629,902,0,
5630,52.735550396825396,1350111098709,1,5.9662982821464539,6.7714,5.862912,2.1263,32110,0.001024,0.367616,,0.068608,0.246528,0.000256,0.228096,0.0076799999999999993,0.0384,,0.004096,,1.4026239999999999,5630,903,0,
5631,52.74184039824263,1350111166423,1,6.2900013290345669,7.2245,5.936896,1.895,28924,0.001024,0.367104,,0.068352,0.24678399999999998,0,0.228352,0.0076799999999999993,0.040192,,0.004608,,1.402112,5631,904,0,
5632,52.74820399659864,1350111238668,1,6.3635981641709805,5.059,6.264832,1.9524,14539,0.0012799999999999999,0.367616,,0.073984,0.24447999999999998,0,0.22630399999999998,0.008192,0.037376,,0.0038399999999999997,,1.6097279999999998,5632,905,0,
5633,52.754578500566893,1350111289258,1,6.3745039515197277,5.9818,6.345472,1.9066,14539,0.001024,0.370432,,0.075264,0.247552,0,0.22758399999999998,0.0076799999999999993,0.040959999999999996,,0.0048639999999999994,,1.628928,5633,906,0,
5634,52.76159219812925,1350111349076,1,7.0136976428329945,6.1493,6.361088,2.0856,14539,0.001024,0.367872,,0.068096,0.25088,0,0.232704,0.003328,0.038144,,0.003584,,1.5982079999999999,5634,907,0,
5635,52.767643197278908,1350111410569,1,6.0509992763400078,6.2247,6.991872,1.8906,14539,0.001024,0.366336,,0.509952,0.278016,0,0.25190399999999996,0.007936,0.03712,,0.004096,,1.649152,5635,908,0,
5636,52.773645195578226,1350111472816,1,6.0019982047379017,6.1589,5.92,2.2483,14741,0.001024,0.369152,,0.068352,0.2432,0,0.225024,0.005376,0.036095999999999996,,0.0048639999999999994,,1.62432,5636,909,0,
5637,52.780546095521537,1350111534405,1,6.9009000435471535,7.3547,6.087424,2.8723,14539,0.001024,0.36863999999999997,,0.069887999999999992,0.243968,0,0.225792,0.009472,0.038655999999999996,,0.004608,,1.845248,5637,910,0,
5638,52.786327295918362,1350111607952,1,5.781200248748064,6.8352,6.791424,2.887,14539,0.001024,0.36991999999999997,,0.068864,0.247296,0,0.22912,0.0076799999999999993,0.039168,,0.004352,,1.9225599999999998,5638,911,0,
5639,52.791799199263039,1350111676304,1,5.4719033651053905,6.4035,5.84704,2.5247,14539,0.001024,0.36531199999999997,,0.455424,0.260864,0.000256,0.2304,0.008192,0.040959999999999996,,0.0025599999999999998,,1.6599039999999998,5639,912,0,
5640,52.79742379535147,1350111740339,1,5.6245960295200348,6.7041,5.443072,2.3684,14539,0.001024,0.366592,,0.068864,0.2432,0,0.225024,0.0076799999999999993,0.036608,,0.004096,,1.6414719999999998,5640,913,0,
5641,52.803315497448978,1350111807380,1,5.8917021378874779,4.8498,5.614848,2.0882,14539,0.001024,0.368384,,0.068608,0.24345599999999998,0,0.225536,0.008192,0.037888,,0.004352,,1.6417279999999999,5641,914,0,
5642,52.8098338010204,1350111855878,1,6.5183034166693687,5.6459,5.8688,1.9677,14539,0.001024,0.368128,,0.068096,0.24575999999999998,0,0.226048,0.0076799999999999993,0.039936,,0.002304,,1.406464,5642,915,0,
5643,52.817358297902494,1350111912337,1,7.5244968757033348,6.2075,6.490624,2.5803,14539,0.0012799999999999999,0.365056,,0.068608,0.242176,0,0.22323199999999999,0.006912,0.040959999999999996,,0.002304,,2.095872,5643,916,0,
5644,52.833747300170067,1350111974412,1,16.389003023505211,5.4325,5.391616,4.7625,14734,0.001024,0.370176,,0.069887999999999992,0.24192,0.000256,0.22297599999999998,0.003584,0.03712,,0.002304,,1.403392,5644,917,0,
5645,52.85232889739229,1350112028737,1,18.58159713447094,9.1069,,4.1045,14591,0.001024,0.365056,,0.07039999999999999,0.243968,0,0.223488,0.0097279999999999988,0.037632,,0.004608,,2.043136,5645,918,0,
5646,52.870046301020409,1350112119806,1,17.717404291033745,14.1969,5.803008,4.244,14741,0.001024,0.368128,,0.069376,0.24012799999999998,0.000256,0.221184,0.0038399999999999997,0.035072,,0.002304,,1.406464,5646,919,0,
5647,52.880255697278912,1350112261775,1,10.209396481513977,19.7352,5.58848,3.92,14539,0.001024,0.368128,,0.069376,0.24012799999999998,0.000256,0.221184,0.0038399999999999997,0.035072,,0.002304,,1.406464,5647,920,0,
5648,52.886488697562356,1350112459127,1,6.2330001965165138,15.7102,5.354496,2.9047,14539,0.001024,0.361728,,0.063232,0.24064,0,0.222208,0.003584,0.038655999999999996,,0.002048,,1.5178239999999998,5648,921,0,
5649,52.891962096088434,1350112616229,1,5.4733986034989357,13.7873,6.17216,2.1227,14539,0.001024,0.360448,,0.063488,0.24140799999999998,0,0.223488,0.0076799999999999993,0.039424,,0.002048,,1.943296,5649,922,0,
5650,52.897697300170066,1350112754102,1,5.7352040894329548,4.7433,5.454848,3.0788,14539,0.001024,0.358912,,0.061952,0.240896,0,0.22297599999999998,0.0076799999999999993,0.037632,,0.002048,,1.5347199999999999,5650,923,0,
5651,52.904063399943311,1350112801535,1,6.3660996966063976,6.2259,5.243648,2.1141,14539,0.001024,0.358656,,0.062208,0.24115199999999998,0.000256,0.22425599999999998,0.0076799999999999993,0.036095999999999996,,0.0051199999999999996,,1.493504,5651,924,0,
5652,52.909758801020409,1350112863794,1,5.6954012252390385,5.2789,6.353664,1.9077,20949,0.001024,0.427264,,0.06784,0.24575999999999998,0.000256,0.227328,0.003328,0.03968,,0.002304,,1.494784,5652,925,0,
5653,52.916002799036278,1350112916583,1,6.243998184800148,5.8433,5.676032,2.343,14539,0.001024,0.36147199999999996,,0.062208,0.244992,0,0.226816,0.0076799999999999993,0.040192,,0.002304,,1.2920319999999998,5653,926,0,
5654,52.922582596371882,1350112975016,1,6.5797972492873669,6.2999,5.728256,2.3089,14539,0.001024,0.36479999999999996,,0.071168,0.246272,0,0.22758399999999998,0.007424,0.04224,,0.0025599999999999998,,1.289472,5654,927,0,
5655,52.928797200963714,1350113038015,1,6.2146047130227089,5.2196,6.555648,2.4538,14539,0.001024,0.434944,,0.068352,0.247808,0,0.22860799999999998,0.0076799999999999993,0.03968,,0.002304,,1.6299519999999998,5655,928,0,
5656,52.93499699546485,1350113090211,1,6.1997943557798862,6.5461,6.200576,2.0415,14539,0.001024,0.367616,,0.068096,0.24678399999999998,0,0.228352,0.0076799999999999993,0.039424,,0.002304,,2.046464,5656,929,0,
5657,52.941066397392291,1350113155672,1,6.0694017447531223,6.6291,6.169344,2.2558,14539,0.001024,0.369664,,0.069887999999999992,0.247552,0.000256,0.22784,0.0076799999999999993,0.043008,,0.002304,,1.935104,5657,930,0,
5658,52.946974397675731,1350113221963,1,5.9080002829432487,5.7098,6.051584,2.106,14539,0.001024,0.365824,,0.068352,0.24934399999999998,0,0.23116799999999998,0.007936,0.03968,,0.003584,,1.6281599999999998,5658,931,0,
5659,52.953285700113376,1350113279061,1,6.3113025389611721,6.6619,5.890816,2.1962,14539,0.001024,0.366848,,0.068096,0.24192,0.000256,0.22323199999999999,0.007424,0.038655999999999996,,0.002304,,1.627136,5659,932,0,
5660,52.960288095238091,1350113345680,1,7.002395112067461,5.6873,6.283264,2.2494,14539,0.001024,0.365824,,0.074752,0.24678399999999998,0,0.227072,0.0076799999999999993,0.03712,,0.005632,,1.865216,5660,933,0,
5661,52.966334800170067,1350113402553,1,6.0467049479484558,6.2161,6.983936,1.9385,14539,0.001024,0.43776,,0.576256,0.289024,0,0.262912,0.0076799999999999993,0.040704,,0.005888,,1.632256,5661,934,0,
5662,52.973085600907027,1350113464714,1,6.750800646841526,5.8273,6.01856,2.1463,14741,0.001024,0.370432,,0.068096,0.244224,0,0.226048,0.0076799999999999993,0.038655999999999996,,0.004352,,1.617664,5662,935,0,
5663,52.97951050170068,1350113522987,1,6.4249006099998951,7.0532,6.72128,2.1086,14539,0.001024,0.36403199999999997,,0.068096,0.2432,0.000256,0.22527999999999998,0.0076799999999999993,0.037376,,0.0051199999999999996,,1.4059519999999999,5663,936,0,
5664,52.985663598356005,1350113593519,1,6.1530964449048042,6.1485,6.412544,2.041,14734,0.001024,0.368128,,0.068096,0.2432,0.004096,0.225792,0.0076799999999999993,0.020224,,0.0097279999999999988,,1.759488,5664,937,0,
5665,52.991960196995464,1350113655004,1,6.2965988181531429,6.7836,6.123776,2.1428,14539,0.001024,0.365568,,0.068352,0.244224,0,0.226816,0.007424,0.039168,,0.0051199999999999996,,1.627648,5665,938,0,
5666,52.998104499716554,1350113722840,1,6.1443028971552849,7.2609,5.879552,2.0483,14539,0.001024,0.367616,,0.068352,0.24371199999999998,0,0.226048,0.0076799999999999993,0.038655999999999996,,0.0048639999999999994,,1.734912,5666,939,0,
5667,53.004673497732426,1350113795449,1,6.5689980983734131,5.2684,6.11584,2.204,14539,0.001024,0.363776,,0.068096,0.243968,0.000256,0.22630399999999998,0.0076799999999999993,0.037888,,0.004608,,2.132736,5667,940,0,
5668,53.0105924957483,1350113848133,1,5.9189978055655956,6.9619,6.56512,2.2087,14539,0.001024,0.367104,,0.068096,0.754944,0.000256,0.73727999999999994,0.003584,0.03712,,0.004352,,1.8406399999999998,5668,941,0,
5669,53.017447895408161,1350113917752,1,6.855399813503027,5.6788,5.894656,1.9945,14539,0.001024,0.367616,,0.068096,0.246528,0.000256,0.228352,0.0076799999999999993,0.037376,,0.004352,,1.6266239999999998,5669,942,0,
5670,53.023395500283442,1350113974540,1,5.947604775428772,6.6285,6.830848,1.9353,14539,0.001024,0.36735999999999996,,0.068096,0.24345599999999998,0,0.225536,0.0076799999999999993,0.037888,,0.004096,,2.17984,5670,943,0,
5671,53.029224596088433,1350114040825,1,5.8290958404541016,5.9329,5.925376,2.0506,14539,0.001024,0.36735999999999996,,0.068096,0.24243199999999998,0,0.22399999999999998,0.0076799999999999993,0.036351999999999995,,0.003584,,1.6368639999999999,5671,944,0,
5672,53.035284197845804,1350114100154,1,6.059601902961731,6.5641,5.818368,2.1935,14539,0.001024,0.367616,,0.068352,0.681472,0,0.22399999999999998,0.009472,0.042496,,0.0048639999999999994,,1.623808,5672,945,0,
5673,53.041747101757366,1350114165795,1,6.462903693318367,6.3914,5.996032,2.207,14539,0.001024,0.369152,,0.068096,0.24473599999999998,0,0.226816,0.010496,0.040704,,0.003328,,1.403904,5673,946,0,
5674,53.047633397108839,1350114229709,1,5.8862953446805477,5.7295,6.46912,2.2338,14539,0.001024,0.365056,,0.069632,0.245248,0,0.22758399999999998,0.0076799999999999993,0.039424,,0.0048639999999999994,,1.626112,5674,947,0,
5675,53.053850297619043,1350114287004,1,6.216900423169136,5.7922,5.881344,2.3639,14591,0.0012799999999999999,0.366848,,0.068352,0.246272,0,0.22784,0.003328,0.037632,,0.005376,,1.622784,5675,948,0,
5676,53.060644097222223,1350114344926,1,6.7937998101115227,6.3479,6.181376,2.1783,14539,0.001024,0.368896,,0.068096,0.244224,0,0.226048,0.007936,0.038144,,0.004352,,1.615872,5676,949,0,
5677,53.066889101473919,1350114408405,1,6.24500447884202,6.2272,6.781184,1.9916,14539,0.001024,0.368384,,0.068096,0.246272,0,0.22784,0.003328,0.037888,,0.004352,,2.119424,5677,950,0,
5678,53.0729204010771,1350114470677,1,6.0312994755804539,5.9162,6.222848,1.8984,14741,0.001024,0.43801599999999996,,0.068352,0.242944,0,0.224768,0.0076799999999999993,0.036608,,0.0051199999999999996,,1.398784,5678,951,0,
5679,53.078992800453513,1350114529839,1,6.0723992064595222,6.5785,6.01344,2.0714,14539,0.001024,0.367872,,0.069632,0.2432,0,0.225024,0.008192,0.037632,,0.005632,,1.6248319999999998,5679,952,0,
5680,53.085315001417229,1350114595624,1,6.3222008757293224,6.9732,5.987072,1.9217,14539,0.001024,0.366336,,0.068096,0.247552,0,0.229376,0.0076799999999999993,0.039424,,0.004608,,1.7820159999999998,5680,953,0,
5681,53.091669798752832,1350114665356,1,6.3547971658408642,5.8386,6.360576,2.0154,14539,0.001024,0.36991999999999997,,0.068096,0.41753599999999996,0.000256,0.224768,0.0051199999999999996,0.040704,,0.0051199999999999996,,1.6501759999999999,5681,954,0,
5682,53.09806349914966,1350114723742,1,6.393700372427702,5.9009,6.332672,2.029,14539,0.001024,0.369664,,0.068096,0.710656,0,0.265472,0.0076799999999999993,0.037632,,0.004352,,1.633792,5682,955,0,
5683,53.103869699546486,1350114782751,1,5.8062002062797546,6.0462,6.378752,2.3169,14539,0.0012799999999999999,0.36531199999999997,,0.068096,0.24447999999999998,0,0.226048,0.007936,0.03968,,0.005376,,1.6197119999999998,5683,956,0,
5684,53.110173497732426,1350114843213,1,6.3037984073162079,6.616,5.787904,1.9739,14539,0.001024,0.366848,,0.068096,0.24831999999999999,0,0.230144,0.007424,0.0384,,0.0048639999999999994,,1.616128,5684,957,0,
5685,53.116664696712014,1350114909373,1,6.4911991357803345,6.7339,6.26816,2.0708,14539,0.001024,0.36863999999999997,,0.068608,0.24575999999999998,0.000256,0.22758399999999998,0.007936,0.038144,,0.0048639999999999994,,1.61024,5685,958,0,
5686,53.123499496882083,1350114976712,1,6.8348003551363945,5.1136,6.473216,2.2093,14539,0.001024,0.3712,,0.06784,0.24447999999999998,0.000256,0.22655999999999998,0.007936,0.038655999999999996,,0.004608,,1.40544,5686,959,0,
5687,53.129698497732427,1350115027848,1,6.1990008689463139,6.7161,6.807296,2.1761,14539,0.001024,0.367872,,0.074752,0.247552,0,0.22758399999999998,0.004096,0.038144,,0.004608,,2.16192,5687,960,0,
5688,53.135512797619043,1350115095009,1,5.8142999187111855,6.4786,6.147584,2.3337,14539,0.001024,0.367616,,0.068352,0.400128,0,0.22784,0.009472,0.039424,,0.0038399999999999997,,1.8457599999999998,5688,961,0,
5689,53.141611699263038,1350115159795,1,6.0989018529653549,7.3344,5.83552,2.1394,14734,0.001024,0.36531199999999997,,0.068864,0.245248,0,0.227072,0.007424,0.037888,,0.0051199999999999996,,1.4026239999999999,5689,962,0,
5690,53.147901998299318,1350115233139,1,6.2902988865971565,5.9298,6.06976,2.2102,14539,0.001024,0.36403199999999997,,0.073728,0.24243199999999998,0,0.22399999999999998,0.0076799999999999993,0.037632,,0.004096,,1.624576,5690,963,0,
5691,53.154636600056691,1350115292437,1,6.7346016876399517,5.672,6.272,2.2744,14539,0.001024,0.43776,,0.068096,0.245248,0,0.22630399999999998,0.007936,0.040192,,0.004352,,1.607168,5691,964,0,
5692,53.161924695294779,1350115349157,1,7.2880950756371021,6.1897,6.708736,2.0896,14539,0.001024,0.365056,,0.067583999999999991,0.244992,0,0.226816,0.0076799999999999993,0.040704,,0.0048639999999999994,,1.4026239999999999,5692,965,0,
5693,53.168058595521536,1350115411054,1,6.13390002399683,6.3426,7.28064,2.1427,14539,0.001024,0.363776,,0.070656,0.250112,0.000256,0.230656,0.00896,0.01664,,0.023039999999999998,,1.628672,5693,966,0,
5694,53.173915398242627,1350115474480,1,5.856802687048912,6.5832,6.106624,2.1378,15257,0.001024,0.365824,,0.068096,0.241664,0,0.223488,0.0076799999999999993,0.035328,,0.003584,,1.40544,5694,967,0,
5695,53.180969600340134,1350115540312,1,7.0542022585868835,7.4703,5.832704,2.0292,14539,0.001024,0.366336,,0.074752,0.25113599999999997,0,0.231424,0.0038399999999999997,0.04224,,0.005376,,1.623808,5695,968,0,
5696,53.187694196428566,1350115615015,1,6.72459602355957,5.7681,7.049984,2.1459,14539,0.001024,0.367872,,0.07424,0.24447999999999998,0,0.226816,0.0076799999999999993,0.03712,,0.0051199999999999996,,1.982464,5696,969,0,
5697,53.194255102040813,1350115672696,1,6.5609058365225792,5.787,6.701312,2.0586,14539,0.001024,0.369664,,0.068864,0.245248,0.000256,0.227072,0.0038399999999999997,0.043008,,0.005632,,1.6202239999999999,5697,970,0,
5698,53.200468501984126,1350115730566,1,6.2134000472724438,7.0542,6.525184,2.0954,14539,0.001024,0.368128,,0.068096,0.243968,0,0.226048,0.007936,0.038655999999999996,,0.0048639999999999994,,1.4010879999999999,5698,971,0,
5699,53.206412797619045,1350115801108,1,5.9442957863211632,7.2027,6.208256,2.5496,14539,0.001024,0.366336,,0.074495999999999993,0.24371199999999998,0,0.225536,0.007936,0.036608,,0.0048639999999999994,,1.816576,5699,972,0,
5700,53.212908999433104,1350115873135,1,6.4962017349898815,6.4839,,2.3564,14539,0.001024,0.36531199999999997,,0.068608,0.242944,0.000256,0.225024,0.0076799999999999993,0.03712,,0.0048639999999999994,,1.650944,5700,973,0,
5701,53.222828599773237,1350115937974,1,9.9196005612611771,7.2319,6.454528,7.2319,14539,0.001024,0.36531199999999997,,0.068608,0.419328,0,0.401152,0.003584,0.03584,,0.004608,,1.7320959999999999,5701,974,0,
5702,53.228939902210882,1350116010293,1,6.11130241304636,5.0396,5.814016,1.7205,14539,0.0012799999999999999,0.371712,,0.06912,0.241664,0,0.224768,0.012544,0.036095999999999996,,0.004352,,1.411584,5702,975,0,
5703,53.235333297902493,1350116060689,1,6.3933958299458027,7.0309,6.0864,2.6899,14539,0.001024,0.367616,,0.068352,0.24908799999999998,0,0.230656,0.0076799999999999993,0.03968,,0.002304,,1.775872,5703,976,0,
5704,53.241611600056686,1350116130998,1,6.2783020548522472,9.4234,6.377984,2.3684,14539,0.001024,0.439808,,0.068864,0.24934399999999998,0,0.2304,0.0076799999999999993,0.042496,,0.002048,,1.622784,5704,977,0,
5705,53.247409899376414,1350116225232,1,5.7982993312180042,5.6126,6.23232,2.0031,14539,0.001024,0.367872,,0.068352,0.242944,0,0.22399999999999998,0.32051199999999996,0.041215999999999996,,0.002816,,1.6115199999999998,5705,978,0,
5706,53.254614200680273,1350116281358,1,7.2043011896312237,6.6636,5.789184,3.1639,14591,0.001024,0.365568,,0.068352,0.24934399999999998,0,0.230144,0.008192,0.039168,,0.002304,,1.65632,5706,979,0,
5707,53.261163201530607,1350116347994,1,6.5490007400512695,7.6179,6.253568,2.2538,14539,0.001024,0.369664,,0.069632,0.240384,0,0.22169599999999998,0.0038399999999999997,0.038911999999999995,,0.002304,,1.9760639999999998,5707,980,0,
5708,53.267428195861676,1350116424173,1,6.2649943865835667,4.8814,6.529536,2.3258,14539,0.001024,0.365056,,0.068352,0.53811199999999992,0,0.226048,0.003328,0.036608,,0.004096,,1.6117759999999999,5708,981,0,
5709,53.273499397675735,1350116472987,1,6.071201991289854,7.0031,6.235136,3.2132,14741,0.001024,0.36863999999999997,,0.068352,0.24575999999999998,0,0.22758399999999998,0.0076799999999999993,0.03712,,0.0051199999999999996,,1.844736,5709,982,0,
5710,53.279922796201809,1350116543018,1,6.42339838668704,6.7391,6.048256,1.9502,14539,0.0012799999999999999,0.368896,,0.254208,0.2496,0,0.225792,0.0076799999999999993,0.03584,,0.004096,,2.082816,5710,983,0,
5711,53.286286996882083,1350116610409,1,6.3642007298767567,6.0383,6.400512,2.226,14539,0.001024,0.366848,,0.068352,0.24601599999999998,0,0.227072,0.005888,0.040448,,0.002304,,2.0707839999999997,5711,984,0,
5712,53.292186401643988,1350116670792,1,5.8994046412408352,5.6913,6.333184,2.5651,14734,0.001024,0.367872,,0.068352,0.637952,0,0.2304,0.0097279999999999988,0.039424,,0.002816,,1.637376,5712,985,0,
5713,53.298349496882082,1350116727705,1,6.163095124065876,7.1511,5.883648,2.1043,14539,0.001024,0.369664,,0.068608,0.24678399999999998,0,0.22758399999999998,0.007936,0.038144,,0.0025599999999999998,,1.635584,5713,986,0,
5714,53.305047895408158,1350116799216,1,6.6983983851969242,5.8494,6.131712,2.0856,14539,0.001024,0.367872,,0.068864,0.243968,0,0.225024,0.007424,0.039424,,0.002304,,1.403136,5714,987,0,
5715,53.311148200113379,1350116857710,1,6.1003048904240131,5.683,6.68416,2.3054,14539,0.001024,0.367104,,0.074495999999999993,0.24447999999999998,0.000256,0.224768,0.003584,0.038144,,0.0051199999999999996,,1.840128,5715,988,0,
5716,53.317732695578229,1350116914540,1,6.5844953060150146,6.562,6.068992,2.2462,14539,0.001024,0.36352,,0.068096,0.245248,0,0.227328,0.007936,0.037632,,0.004608,,1.633024,5716,989,0,
5717,53.324249298469383,1350116980160,1,6.5166028216481209,6.404,6.572288,2.2018,14539,0.001024,0.365568,,0.263936,0.247552,0,0.224512,0.0076799999999999993,0.036864,,0.004096,,1.402112,5717,990,0,
5718,53.3305262967687,1350117044200,1,6.2769982032477856,6.151,6.484992,2.1518,14539,0.001024,0.366336,,0.076544,0.413184,0,0.22630399999999998,0.009984,0.0384,,0.0051199999999999996,,2.0254719999999997,5718,991,0,
5719,53.336383701814057,1350117105710,1,5.8574052527546883,6.5227,6.271744,2.2482,14539,0.001024,0.369152,,0.068352,0.242688,0,0.224512,0.0076799999999999993,0.037888,,0.0051199999999999996,,1.629184,5719,992,0,
5720,53.343454095804987,1350117170937,1,7.0703937672078609,6.9533,5.823488,2.264,14539,0.001024,0.439808,,0.070912,0.241664,0,0.22323199999999999,0.008192,0.035328,,0.003584,,1.401856,5720,993,0,
5721,53.35014000141723,1350117240470,1,6.6859056241810322,5.9412,7.052032,2.1702,14539,0.001024,0.365824,,0.075007999999999991,0.249856,0,0.2304,0.003584,0.041728,,0.005632,,1.6266239999999998,5721,994,0,
5722,53.356357397959179,1350117299882,1,6.2173963524401188,6.1344,6.672128,2.0252,14539,0.001024,0.366592,,0.068608,0.244992,0,0.226816,0.0076799999999999993,0.03968,,0.004608,,1.602816,5722,995,0,
5723,53.362710296201811,1350117361226,1,6.3528981991112232,6.4606,6.185728,2.1114,56792,0.001024,0.364288,,0.068608,0.24601599999999998,0,0.227328,0.0076799999999999993,0.037632,,0.005376,,1.4016,5723,996,0,
5724,53.36873409863945,1350117425832,1,6.0238023288547993,6.6709,6.342656,2.713,14684,0.001024,0.366336,,0.068352,0.44518399999999997,0,0.427008,0.0076799999999999993,0.03712,,0.003584,,1.906432,5724,997,0,
5725,53.374642800453515,1350117492541,1,5.9087020345032215,6.1426,5.995008,2.2606,51627,0.001024,0.367616,,0.06912,0.247296,0,0.22886399999999998,0.0063999999999999994,0.039936,,0.004608,,1.4207999999999998,5725,998,0,
5726,53.380812400793651,1350117553967,1,6.1696004122495651,7.2899,5.857536,2.4903,14539,0.001024,0.366336,,0.068864,0.250112,0,0.23116799999999998,0.00896,0.037632,,0.002304,,1.8705919999999998,5726,999,0,
5727,53.386945797902492,1350117626866,1,6.1333971098065376,5.6706,6.18368,3.002,14539,0.001024,0.36863999999999997,,0.068608,0.24140799999999998,0,0.22323199999999999,0.003584,0.040192,,0.0048639999999999994,,1.403392,5727,1000,0,
5728,53.393422895408165,1350117683572,1,6.4770975150167942,6.2708,6.110208,2.2847,14539,0.001024,0.368128,,0.068352,0.24064,0.000256,0.22144,0.0038399999999999997,0.03584,,0.002304,,1.40288,5728,1001,0,
5729,53.400095301870749,1350117746280,1,6.6724065691232681,5.9981,6.442752,2.0196,14539,0.001024,0.366592,,0.068864,0.244224,0.000256,0.226048,0.007936,0.035072,,0.004096,,1.40032,5729,1002,0,
5730,53.406123299319724,1350117806261,1,6.0279974713921547,5.558,6.664448,1.9446,14539,0.001024,0.36607999999999996,,0.068608,0.24345599999999998,0,0.224768,0.007936,0.037888,,0.0025599999999999998,,1.9210239999999998,5730,1003,0,
5731,53.412544097222217,1350117861841,1,6.4207981340587139,6.4644,5.992704,2.3816,20949,0.001024,0.36607999999999996,,0.068608,0.24345599999999998,0,0.224768,0.007936,0.037888,,0.0025599999999999998,,1.9210239999999998,5731,1004,0,
5732,53.418749999999996,1350117926485,1,6.2059029005467892,7.3115,6.409216,2.0054,14539,0.001024,0.36479999999999996,,0.071424,0.24601599999999998,0,0.22630399999999998,0.0076799999999999993,0.039424,,0.002816,,1.900288,5732,1005,0,
5733,53.425296995464848,1350117999600,1,6.5469956025481224,6.0205,6.177536,2.4068,14539,0.001024,0.36940799999999996,,0.068608,0.44723199999999996,0,0.225792,0.0097279999999999988,0.04224,,0.002304,,1.883904,5733,1006,0,
5734,53.43071140164399,1350118059805,1,5.4144063033163548,5.7709,6.52032,2.0463,14539,0.001024,0.366592,,0.069376,0.247552,0,0.228352,0.0038399999999999997,0.038144,,0.004608,,1.7454079999999998,5734,1007,0,
5735,53.437396499433106,1350118117514,1,6.6850977018475533,6.1096,5.38368,2.0092,14539,0.001024,0.365568,,0.068608,0.24678399999999998,0,0.22860799999999998,0.0076799999999999993,0.036864,,0.003584,,1.401344,5735,1008,0,
5736,53.443835997732421,1350118178610,1,6.4394981600344181,7.0581,6.6816,2.1619,14734,0.0012799999999999999,0.367616,,0.074752,0.24678399999999998,0,0.227328,0.009472,0.038911999999999995,,0.005888,,1.811712,5736,1009,0,
5737,53.4501049957483,1350118249191,1,6.2689981423318386,5.0623,6.409728,2.0062,14539,0.001024,0.368384,,0.068864,0.245504,0,0.22655999999999998,0.0076799999999999993,0.037888,,0.004352,,1.8611199999999999,5737,1010,0,
5738,53.456681101190476,1350118299814,1,6.5761054866015911,6.4937,6.240768,2.2444,14591,0.001024,0.367616,,0.068608,0.2432,0,0.224768,0.0076799999999999993,0.035072,,0.004096,,1.4010879999999999,5738,1011,0,
5739,53.463068197278908,1350118364751,1,6.3870958983898163,6.8786,6.54976,2.01,14539,0.001024,0.365824,,0.068864,0.447488,0,0.42879999999999996,0.009216,0.036864,,0.0051199999999999996,,2.100224,5739,1012,0,
5740,53.468977196712018,1350118433537,1,5.9089995920658112,6.23,6.364416,1.9728,14539,0.001024,0.365568,,0.068096,0.241664,0,0.223488,0.0084479999999999989,0.039936,,0.0048639999999999994,,1.9240959999999998,5740,1013,0,
5741,53.474877196712015,1350118495837,1,5.9000002220273018,6.3103,5.888,2.0111,14741,0.001024,0.365824,,0.068352,0.242176,0,0.22425599999999998,0.007936,0.037376,,0.004096,,1.614336,5741,1014,0,
5742,53.48132670068027,1350118558940,1,6.4495038241147995,6.3639,5.885696,2.018,14539,0.001024,0.36863999999999997,,0.280064,0.24934399999999998,0,0.225792,0.0076799999999999993,0.037888,,0.0051199999999999996,,1.8639359999999998,5742,1015,0,
5743,53.487099596088434,1350118622579,1,5.7728951796889305,6.1044,6.421504,2.1015,14539,0.001024,0.368384,,0.070656,0.24575999999999998,0,0.225792,0.0076799999999999993,0.038144,,0.005632,,1.70752,5743,1016,0,
5744,53.493153599773244,1350118683623,1,6.0540037229657173,6.0641,5.753088,1.8754,14539,0.001024,0.36479999999999996,,0.068096,0.241664,0,0.22399999999999998,0.0076799999999999993,0.03584,,0.0038399999999999997,,1.39776,5744,1017,0,
5745,53.499969600340137,1350118744264,1,6.8160006776452065,5.8782,6.001152,1.9476,14539,0.001024,0.36735999999999996,,0.068352,0.24447999999999998,0,0.226048,0.0038399999999999997,0.039168,,0.0051199999999999996,,1.398528,5745,1018,0,
5746,53.506470698696141,1350118803046,1,6.5010981634259224,5.7351,6.831104,1.9171,20323,0.001024,0.368384,,0.07039999999999999,0.24703999999999998,0,0.22758399999999998,0.004608,0.039168,,0.004096,,1.6163839999999998,5746,1019,0,
5747,53.512927196712013,1350118860397,1,6.4564980566501617,6.0751,6.463744,1.9293,14539,0.001024,0.435712,,0.068608,0.24115199999999998,0,0.22297599999999998,0.0076799999999999993,0.038911999999999995,,0.0051199999999999996,,1.9325439999999998,5747,1020,0,
5748,53.519486196145124,1350118921148,1,6.5589994192123413,6.7966,6.412288,2.2336,14539,0.001024,0.436224,,0.068096,0.44799999999999995,0.000256,0.43007999999999996,0.0038399999999999997,0.03968,,0.0051199999999999996,,1.915136,5748,1021,0,
5749,53.5259968962585,1350118989114,1,6.510700099170208,6.9541,6.559232,2.0755,14539,0.001024,0.36863999999999997,,0.069632,0.24601599999999998,0,0.228096,0.011264,0.039168,,0.005376,,1.941504,5749,1022,0,
5750,53.532665299036282,1350119058655,1,6.6684028133749962,7.0548,6.487552,2.0209,14539,0.001024,0.367616,,0.068352,0.24243199999999998,0,0.223488,0.0076799999999999993,0.037632,,0.002304,,1.9893759999999998,5750,1023,0,
5751,53.539141000566893,1350119129203,1,6.4757014624774456,5.6231,6.640128,2.0723,14539,0.001024,0.368384,,0.068352,0.24115199999999998,0,0.222208,0.003584,0.039936,,0.002048,,1.4156799999999998,5751,1024,0,
5752,53.545135097789114,1350119185434,1,5.9940973296761513,6.5818,6.453504,2.0481,14539,0.001024,0.366592,,0.07424,0.24575999999999998,0.000256,0.225792,0.007936,0.036608,,0.004096,,1.892096,5752,1025,0,
5753,53.551719097222218,1350119251252,1,6.5839993767440319,6.5304,5.977344,2.0404,14539,0.001024,0.370176,,0.068096,0.244224,0,0.22655999999999998,0.007936,0.037888,,0.003584,,1.806592,5753,1026,0,
5754,53.55812949971655,1350119316556,1,6.4104027114808559,6.6147,6.569984,2.027,14539,0.001024,0.43673599999999996,,0.068096,0.242944,0.000256,0.224768,0.0076799999999999993,0.036864,,0.004096,,1.6435199999999999,5754,1027,0,
5755,53.564574000850335,1350119382703,1,6.4445012249052525,5.9334,6.375168,1.9842,14539,0.001024,0.366336,,0.068352,0.245504,0,0.227328,0.006144,0.039424,,0.004608,,1.399552,5755,1028,0,
5756,53.571096301020404,1350119442037,1,6.5223001874983311,7.0786,6.416128,1.9822,14886,0.001024,0.368384,,0.06784,0.242688,0,0.224512,0.0076799999999999993,0.036864,,0.004096,,1.86624,5756,1029,0,
5757,53.576656696428572,1350119512823,1,5.5603953078389168,6.0006,6.518528,2.0613,14539,0.001024,0.368128,,0.068352,0.244224,0,0.22655999999999998,0.0076799999999999993,0.0384,,0.003328,,1.4010879999999999,5757,1030,0,
5758,53.583670500283446,1350119572829,1,7.0138038136065006,6.657,5.526272,2.0438,20323,0.0012799999999999999,0.365056,,0.068352,0.24371199999999998,0,0.225792,0.010239999999999999,0.038911999999999995,,0.0038399999999999997,,1.400064,5758,1031,0,
5759,53.589493601190476,1350119639399,1,5.8231009170413017,6.3111,6.999296,2.1694,14539,0.0012799999999999999,0.36735999999999996,,0.068352,0.246528,0,0.228096,0.0076799999999999993,0.039424,,0.003584,,1.771264,5759,1032,0,
5760,53.59578820153061,1350119702510,1,6.2946001999080181,6.0317,5.794048,2.0662,14734,0.001024,0.367104,,0.068352,0.24473599999999998,0,0.22630399999999998,0.0076799999999999993,0.037888,,0.005632,,1.401344,5760,1033,0,
5761,53.602374298469385,1350119762827,1,6.586096715182066,6.4994,6.271744,1.9081,14539,0.001024,0.36735999999999996,,0.068096,0.24473599999999998,0,0.226816,0.011007999999999999,0.038655999999999996,,0.004608,,1.8242559999999999,5761,1034,0,
5762,53.608889902210883,1350119827821,1,6.5156035125255585,5.7067,6.56,1.979,14539,0.001024,0.366848,,0.068352,0.411392,0,0.227072,0.0051199999999999996,0.038911999999999995,,0.0038399999999999997,,2.4117759999999997,5762,1035,0,
5763,53.615786897675733,1350119884888,1,6.8969954736530781,6.4721,6.492416,2.255,14539,0.0012799999999999999,0.364544,,0.068096,0.242688,0,0.224768,0.009472,0.036864,,0.005376,,1.399552,5763,1036,0,
5764,53.622052898242629,1350119949609,1,6.2660006806254387,6.9109,6.884608,2.015,14539,0.0012799999999999999,0.367616,,0.07808,0.24703999999999998,0.000256,0.227072,0.008192,0.03968,,0.0048639999999999994,,1.869824,5764,1037,0,
5765,53.628553897392287,1350120018718,1,6.5009989775717258,6.2327,6.24128,2.3689,14539,0.0012799999999999999,0.366336,,0.070144,0.2432,0,0.225024,0.0076799999999999993,0.037888,,0.005376,,1.61408,5765,1038,0,
5766,53.634536897675737,1350120081045,1,5.9830001555383205,7.6212,6.485504,2.2033,14539,0.001024,0.367872,,0.068608,0.2432,0,0.225024,0.007936,0.038144,,0.004096,,1.923584,5766,1039,0,
5767,53.640901197562357,1350120157257,1,6.3642999157309532,5.5764,5.94688,3.0959,14539,0.001024,0.368896,,0.068352,0.24371199999999998,0,0.225024,0.007936,0.037888,,0.005376,,1.622528,5767,1040,0,
5768,53.647166000566891,1350120213021,1,6.2648029997944832,7.3734,6.366464,2.9907,14539,0.001024,0.45183999999999996,,0.069632,0.242944,0,0.22527999999999998,0.0038399999999999997,0.038144,,0.0038399999999999997,,2.01088,5768,1041,0,
5769,53.655531696428568,1350120286755,1,8.3656962960958481,7.0601,5.90848,2.8582,14539,0.001024,0.45183999999999996,,0.069632,0.242944,0,0.22527999999999998,0.0038399999999999997,0.038144,,0.0038399999999999997,,2.01088,5769,1042,0,
5770,53.660392800453515,1350120357356,1,4.8611038364470005,5.301,5.979136,2.4994,14591,0.001024,0.368128,,0.07424,0.246272,0,0.228096,0.009216,0.038144,,0.0048639999999999994,,1.8327039999999999,5770,1043,0,
5771,53.66676330073696,1350120410366,1,6.3705001957714558,8.314,5.859072,1.9456,15055,0.001536,0.376832,,0.069887999999999992,0.247296,0.000256,0.22860799999999998,0.007936,0.039936,,0.002048,,1.652992,5771,1044,0,
5772,53.6739205994898,1350120493506,1,7.1572987362742424,5.7425,6.349824,2.4327,14886,0.001024,0.368128,,0.068096,0.24371199999999998,0,0.224768,0.0038399999999999997,0.038911999999999995,,0.0025599999999999998,,1.6417279999999999,5772,1045,0,
5773,53.682858900226755,1350120550931,1,8.9383004233241081,4.5537,5.65504,3.2796,14539,0.001024,0.371456,,0.070144,0.246272,0,0.227328,0.007168,0.036095999999999996,,0.002304,,2.153472,5773,1046,0,
5774,53.690885799319723,1350120596468,1,8.0268988385796547,9.6299,6.0352,3.454,14539,0.001024,0.369152,,0.069376,0.239872,0,0.22195199999999998,0.008192,0.039936,,0.002304,,1.403904,5774,1047,0,
5775,53.701229301303854,1350120692767,1,10.343502275645733,8.3932,5.675008,2.9087,14539,0.001024,0.369152,,0.069376,0.239872,0,0.22195199999999998,0.008192,0.039936,,0.002304,,1.403904,5775,1048,0,
5776,53.708245096371883,1350120776699,1,7.0157949812710285,8.3356,6.44224,3.1174,14539,0.001024,0.36940799999999996,,0.069376,0.250624,0,0.231424,0.0084479999999999989,0.040959999999999996,,0.0025599999999999998,,1.633792,5776,1049,0,
5777,53.718419997165533,1350120860055,1,10.174901224672794,10.1751,5.894912,3.5077,14539,0.001792,0.367616,,0.068864,0.2432,0,0.224512,0.003584,0.041728,,0.002304,,1.7674239999999999,5777,1050,0,
5778,53.727868898809518,1350120961806,1,9.4489017501473427,7.03,5.829632,3.3308,14539,0.001792,0.367616,,0.068864,0.2432,0,0.224512,0.003584,0.041728,,0.002304,,1.7674239999999999,5778,1051,0,
5779,53.736607001133784,1350121032106,1,8.73810239136219,10.2288,5.971712,3.302,14539,0.001024,0.36863999999999997,,0.069632,0.247296,0.000256,0.228096,0.012032,0.043008,,0.002048,,1.403392,5779,1052,0,
5780,53.743164498299315,1350121134394,1,6.5574971958994865,8.1821,5.876992,3.0864,14539,0.002304,0.37248,,0.068864,0.240896,0,0.22195199999999998,0.0076799999999999993,0.038144,,0.002304,,2.003968,5780,1053,0,
5781,53.7578753968254,1350121216215,1,14.710898511111736,10.5068,6.10816,2.6662,14734,0.001024,0.36531199999999997,,0.068096,0.645888,0.000256,0.23219199999999998,0.005888,0.046335999999999995,,0.003072,,1.604608,5781,1054,0,
5782,53.769038895975058,1350121321283,1,11.16349920630455,4.4079,6.503936,3.5164,14539,0.001024,0.36531199999999997,,0.068096,0.645888,0.000256,0.23219199999999998,0.005888,0.046335999999999995,,0.003072,,1.604608,5782,1055,0,
5783,53.774553500566888,1350121365362,1,5.51460450515151,14.8658,5.941504,3.3165,14741,0.0012799999999999999,0.367104,,0.069632,0.24601599999999998,0,0.227072,0.005888,0.038655999999999996,,0.0025599999999999998,,1.404928,5783,1056,0,
5784,53.780301395975052,1350121514020,1,5.74789522215724,12.5064,5.84576,2.0065,14539,0.001024,0.370944,,0.069376,0.24012799999999998,0.000256,0.22067199999999998,0.007936,0.038144,,0.002304,,1.9865599999999999,5784,1057,0,
5785,53.786691397392289,1350121639084,1,6.3900016248226166,5.4184,5.721856,2.1313,14539,0.001024,0.36735999999999996,,0.068608,0.24064,0,0.22144,0.004608,0.036351999999999995,,0.002304,,1.294848,5785,1058,0,
5786,53.792458297902492,1350121693268,1,5.766900721937418,4.8894,6.36416,1.965,14539,0.001024,0.365568,,0.068352,0.237568,0,0.21964799999999998,0.0076799999999999993,0.0384,,0.002048,,2.289408,5786,1059,0,
5787,53.799268898809522,1350121742162,1,6.8106008693575859,5.8879,5.744896,2.0785,14539,0.001024,0.366848,,0.066048,0.24243199999999998,0.000256,0.22399999999999998,0.003328,0.040704,,0.0025599999999999998,,1.635328,5787,1060,0,
5788,53.808762797619046,1350121801041,1,9.49389860033989,6.3447,6.78912,2.1713,14539,0.001024,0.366848,,0.066048,0.24243199999999998,0.000256,0.22399999999999998,0.003328,0.040704,,0.0025599999999999998,,1.635328,5788,1061,0,
5789,53.814188598356004,1350121864488,1,5.4258005693554878,5.4234,6.313728,3.7729,14539,0.001024,0.366336,,0.068096,0.244224,0.000256,0.22527999999999998,0.008704,0.039424,,0.002304,,1.6450559999999999,5789,1062,0,
5790,53.821404095804986,1350121918722,1,7.215497549623251,11.4515,6.031872,2.8099,14539,0.0012799999999999999,0.44544,,0.069632,0.242688,0,0.22399999999999998,0.007936,0.0384,,0.002304,,1.8961919999999999,5790,1063,0,
5791,53.826859098639453,1350122033237,1,5.4550026543438435,5.9976,6.0352,3.0193,14539,0.001024,0.366592,,0.068864,0.23936,0,0.22092799999999999,0.013312,0.03712,,0.0048639999999999994,,1.614592,5791,1064,0,
5792,53.83349129818594,1350122093213,1,6.6321995109319687,5.5549,5.42592,3.2293,14539,0.001024,0.36352,,0.068352,0.242688,0,0.224768,0.007424,0.039168,,0.0048639999999999994,,1.4192639999999999,5792,1065,0,
5793,53.839876495181407,1350122148762,1,6.3851969316601753,6.5178,5.848832,2.2294,14539,0.001024,0.37990399999999996,,0.069632,0.245504,0,0.22630399999999998,0.011776,0.037888,,0.0048639999999999994,,1.4023679999999998,5793,1066,0,
5794,53.845941198979588,1350122213940,1,6.0647036880254745,5.4701,6.369024,1.9016,14539,0.001024,0.367104,,0.068096,0.43084799999999995,0,0.228352,0.009472,0.03968,,0.002304,,1.8106879999999999,5794,1067,0,
5795,53.852067998866211,1350122268641,1,6.1268000863492489,6.1913,6.045952,2.1884,14539,0.001024,0.43801599999999996,,0.06784,0.247552,0,0.22860799999999998,0.0038399999999999997,0.0384,,0.002304,,1.406976,5795,1068,0,
5796,53.858290199829931,1350122330554,1,6.22220104560256,6.6545,6.095104,2.6074,14539,0.001024,0.368384,,0.068096,0.25344,0,0.234752,0.0076799999999999993,0.041215999999999996,,0.002304,,1.4210559999999999,5796,1069,0,
5797,53.864683000283442,1350122397099,1,6.3928002491593361,6.7496,6.201856,2.4998,14591,0.001024,0.368384,,0.075264,0.242176,0,0.22323199999999999,0.0076799999999999993,0.0384,,0.002816,,1.8739199999999998,5797,1070,0,
5798,53.870861401643985,1350122464595,1,6.1784014105796814,5.5542,6.361856,2.6147,14741,0.001024,0.36863999999999997,,0.068864,0.240896,0,0.222208,0.007936,0.039936,,0.002304,,1.60256,5798,1071,0,
5799,53.877166702097504,1350122520137,1,6.3053006306290627,6.363,6.1696,2.0777,14539,0.0012799999999999999,0.368896,,0.068352,0.248832,0,0.230144,0.0076799999999999993,0.037888,,0.004352,,1.403392,5799,1072,0,
5800,53.883734098639451,1350122583767,1,6.5673966892063618,6.0335,6.275584,2.0543,14539,0.001024,0.368128,,0.068608,0.253952,0,0.23449599999999998,0.007936,0.041728,,0.002304,,1.403904,5800,1073,0,
5801,53.889985997732424,1350122644102,1,6.2518990598618984,6.3328,6.53696,2.5829,14539,0.001024,0.367104,,0.068608,0.244992,0,0.22527999999999998,0.003584,0.038911999999999995,,0.002304,,1.647872,5801,1074,0,
5802,53.896554202097505,1350122707430,1,6.5682041458785534,6.8673,6.239488,2.6024,14539,0.001024,0.369664,,0.068864,0.242176,0,0.223488,0.007936,0.040704,,0.002304,,1.410048,5802,1075,0,
5803,53.902443799603169,1350122776103,1,5.8895973488688469,6.0011,6.53952,2.7964,14539,0.001024,0.366336,,0.070912,0.245504,0,0.226816,0.007424,0.041728,,0.002304,,2.2630399999999997,5803,1076,0,
5804,53.908811196145123,1350122836114,1,6.36739656329155,5.715,5.867776,2.9652,14539,0.001024,0.365824,,0.06784,0.621312,0,0.222464,0.00896,0.040959999999999996,,0.003072,,1.4090239999999998,5804,1077,0,
5805,53.9151716978458,1350122893264,1,6.360501516610384,7.6297,6.339072,2.8692,21144,0.001024,0.371456,,0.069887999999999992,0.4416,0.000256,0.42368,0.0076799999999999993,0.037632,,0.004352,,1.8705919999999998,5805,1078,0,
5806,53.921499199263039,1350122969561,1,6.3275014981627464,4.8529,6.337792,2.6644,14539,0.001024,0.36531199999999997,,0.068352,0.24345599999999998,0,0.224512,0.0076799999999999993,0.041215999999999996,,0.002304,,1.617152,5806,1079,0,
5807,53.928282596371879,1350123018090,1,6.7833969369530678,6.8994,6.15808,2.2661,14539,0.001024,0.36531199999999997,,0.068352,0.24345599999999998,0,0.224512,0.0076799999999999993,0.041215999999999996,,0.002304,,1.617152,5807,1080,0,
5808,53.934061096938777,1350123087084,1,5.7785003446042538,6.8667,6.517504,2.718,14539,0.001024,0.36735999999999996,,0.071424,0.244224,0,0.22425599999999998,0.007424,0.037632,,0.0025599999999999998,,1.876736,5808,1081,0,
5809,53.940607199546484,1350123155751,1,6.5461024641990662,7.4042,5.764096,3.0291,14539,0.0012799999999999999,0.367104,,0.068608,0.244992,0,0.22655999999999998,0.0076799999999999993,0.039424,,0.002304,,1.7456639999999999,5809,1082,0,
5810,53.947413796768707,1350123229793,1,6.806597113609314,5.8671,5.87776,3.2513,14539,0.001024,0.368384,,0.069632,0.247296,0.000256,0.228096,0.008192,0.038911999999999995,,0.002304,,1.639168,5810,1083,0,
5811,53.956526799886618,1350123288464,1,9.1130034998059273,5.4413,6.483712,2.9269,14539,0.001024,0.368896,,0.069376,0.24678399999999998,0,0.22758399999999998,0.007936,0.038144,,0.004096,,2.202112,5811,1084,0,
5812,53.963185799319724,1350123342877,1,6.6589992493391037,7.3925,6.065664,3.5906,14539,0.001024,0.36531199999999997,,0.072703999999999991,0.451584,0.000256,0.229632,0.0097279999999999988,0.041215999999999996,,0.0025599999999999998,,1.6483839999999998,5812,1085,0,
5813,53.969908496315192,1350123416802,1,6.7226970568299294,7.5939,6.230784,3.1981,14539,0.001024,0.36991999999999997,,0.069887999999999992,0.428288,0,0.409088,0.005376,0.037632,,0.002304,,1.406208,5813,1086,0,
5814,53.976178401360542,1350123492741,1,6.2699052505195141,9.1922,5.862912,2.8068,14741,0.001024,0.369664,,0.069887999999999992,0.245504,0,0.22655999999999998,0.009216,0.040192,,0.002304,,1.763328,5814,1087,0,
5815,53.982496995464849,1350123584663,1,6.318594329059124,5.4633,5.880832,2.4155,14539,0.001024,0.365056,,0.068352,0.65279999999999994,0,0.633344,0.0076799999999999993,0.041728,,0.002816,,1.404672,5815,1088,0,
5816,53.98841909722222,1350123639296,1,5.922101903706789,5.734,6.647296,2.5895,14539,0.001024,0.36607999999999996,,0.068352,0.24934399999999998,0,0.23091199999999998,0.0076799999999999993,0.040192,,0.002304,,2.102016,5816,1089,0,
5817,53.994790001417229,1350123696636,1,6.3709043897688389,6.7671,5.621504,2.1617,14539,0.001024,0.368384,,0.068352,0.24371199999999998,0,0.224512,0.003328,0.039168,,0.002304,,1.4041599999999999,5817,1090,0,
5818,54.000863499149659,1350123764307,1,6.0734977014362812,5.6683,6.229248,2.5368,14539,0.001024,0.367872,,0.071936,0.24908799999999998,0.000256,0.22860799999999998,0.0076799999999999993,0.038144,,0.0025599999999999998,,1.8808319999999998,5818,1091,0,
5819,54.007006001984124,1350123820990,1,6.1425026506185532,6.6679,6.040832,2.5471,14539,0.001024,0.366592,,0.068352,0.242176,0,0.22297599999999998,0.0076799999999999993,0.040704,,0.002304,,1.804544,5819,1092,0,
5820,54.013418501984127,1350123887669,1,6.41250004991889,5.389,6.111488,2.5634,14539,0.001024,0.366848,,0.068608,0.24678399999999998,0.000256,0.227328,0.007936,0.039168,,0.002048,,1.62048,5820,1093,0,
5821,54.019970897108841,1350123941559,1,6.5523949451744556,6.9226,6.386432,3.1125,14539,0.001024,0.367872,,0.068608,0.44006399999999996,0,0.420608,0.005632,0.042496,,0.002048,,1.9832319999999999,5821,1094,0,
5822,54.025784700963719,1350124010785,1,5.8138039894402027,6.1205,6.52928,2.8327,14539,0.001024,0.367616,,0.068608,0.2432,0,0.224768,0.003328,0.037376,,0.0038399999999999997,,1.62048,5822,1095,0,
5823,54.032043501984127,1350124071990,1,6.2588010914623737,6.8004,5.793792,2.2907,14539,0.001024,0.368384,,0.068864,0.25113599999999997,0,0.231936,0.0076799999999999993,0.0384,,0.002304,,1.408512,5823,1096,0,
5824,54.038690596655329,1350124139994,1,6.6470946185290813,6.223,6.230784,2.3062,14539,0.001024,0.36531199999999997,,0.068608,0.240896,0,0.22195199999999998,0.0051199999999999996,0.040448,,0.002304,,1.8877439999999999,5824,1097,0,
5825,54.044838697562355,1350124202224,1,6.1481008306145668,5.6633,6.635264,3.0159,14539,0.001024,0.368384,,0.068864,0.244992,0,0.22630399999999998,0.0038399999999999997,0.040192,,0.002304,,1.40032,5825,1098,0,
5826,54.051108397108841,1350124258857,1,6.2696994282305241,6.6562,5.928704,2.3724,14539,0.001024,0.364544,,0.068608,0.43340799999999996,0,0.232448,0.005376,0.0384,,0.002304,,1.8759679999999999,5826,1099,0,
5827,54.057934998582766,1350124325419,1,6.8266014568507671,5.8839,6.226944,2.0388,14539,0.001024,0.370176,,0.068864,0.243968,0.000256,0.22527999999999998,0.0076799999999999993,0.040959999999999996,,0.002304,,1.8055679999999998,5827,1100,0,
5828,54.06395559807256,1350124384258,1,6.0205995105206966,5.9341,6.80832,2.4644,14539,0.001024,0.438784,,0.068096,0.722432,0.000256,0.703232,0.00896,0.044031999999999995,,0.003072,,1.635328,5828,1101,0,
5829,54.0694839994331,1350124443599,1,5.5284015834331512,6.3128,5.809408,2.9318,14786,0.001024,0.364288,,0.068096,0.2496,0,0.2304,0.0076799999999999993,0.040448,,0.002304,,1.4041599999999999,5829,1102,0,
5830,54.076134800170067,1350124506727,1,6.6508008167147636,6.6816,5.685248,2.5923,14741,0.001024,0.368128,,0.068608,0.239616,0,0.22067199999999998,0.008192,0.0384,,0.002048,,1.4210559999999999,5830,1103,0,
5831,54.081394798752832,1350124573543,1,5.2599986083805561,6.6851,6.640384,2.7651,14539,0.0012799999999999999,0.36940799999999996,,0.075776,0.243968,0.000256,0.225024,0.0038399999999999997,0.036608,,0.004096,,1.9425279999999998,5831,1104,0,
5832,54.0882626984127,1350124640394,1,6.8678995594382286,5.198,5.231104,2.7666,14539,0.0012799999999999999,0.367872,,0.068608,0.24575999999999998,0,0.22655999999999998,0.003584,0.041471999999999995,,0.002048,,1.401856,5832,1105,0,
5833,54.094478897392285,1350124692374,1,6.2161991372704506,6.2469,6.835968,3.0433,14539,0.001024,0.366336,,0.077311999999999992,0.24934399999999998,0,0.229376,0.008192,0.038144,,0.005888,,1.819648,5833,1106,0,
5834,54.1006,1350124754843,1,6.1211027204990387,6.9534,6.182912,3.0674,14539,0.001024,0.379648,,0.069632,0.250368,0,0.231424,0.201728,0.037376,,0.002304,,1.6512,5834,1107,0,
5835,54.1072251984127,1350124824377,1,6.6251982934772968,6.567,6.08384,2.9591,14539,0.0012799999999999999,0.368128,,0.069632,0.24908799999999998,0.000256,0.230144,0.003584,0.037632,,0.002304,,1.662976,5835,1108,0,
5836,54.113330697278911,1350124890047,1,6.1054988764226437,5.969,6.606848,2.8962,14539,0.001024,0.371456,,0.075264,0.24601599999999998,0.000256,0.226816,0.0076799999999999993,0.036864,,0.002304,,1.818368,5836,1109,0,
5837,54.119374596088434,1350124949737,1,6.0438988730311394,6.3656,6.082304,3.4152,14539,0.001024,0.367872,,0.068864,0.24678399999999998,0.000256,0.228096,0.0076799999999999993,0.039936,,0.002304,,2.030592,5837,1110,0,
5838,54.1253089994331,1350125013393,1,5.9344032779335976,6.6179,5.46176,2.8382,14539,0.0012799999999999999,0.37248,,0.069632,0.239616,0,0.22016,0.0063999999999999994,0.038655999999999996,,0.002304,,1.41696,5838,1111,0,
5839,54.132712896825396,1350125079572,1,7.40389758720994,6.1329,5.473792,3.0042,14539,0.001024,0.367872,,0.068864,0.243968,0,0.22527999999999998,0.009984,0.039168,,0.002304,,1.655552,5839,1112,0,
5840,54.140025595238093,1350125140901,1,7.3126982897520065,5.6958,6.33344,3.4419,14539,0.001024,0.367872,,0.071424,0.250624,0,0.231936,0.003584,0.038911999999999995,,0.002304,,1.421568,5840,1113,0,
5841,54.159928996598637,1350125197859,1,19.903400912880898,7.8157,6.1824,3.574,15257,0.001024,0.367616,,0.069632,0.247552,0,0.228352,0.0038399999999999997,0.040959999999999996,,0.002304,,1.826304,5841,1114,0,
5842,54.1829503968254,1350125276016,1,23.021399974822998,7.4627,,3.9565,14539,0.001024,0.367616,,0.069632,0.247552,0,0.228352,0.0038399999999999997,0.040959999999999996,,0.002304,,1.826304,5842,1115,0,
5843,54.200068395691609,1350125350643,1,17.117999494075775,19.698,6.327808,3.579,14539,0.001024,0.36096,,0.06272,0.24243199999999998,0,0.22425599999999998,0.003584,0.037376,,0.002048,,1.7218559999999998,5843,1116,0,
5844,54.237415695861678,1350125547623,1,37.347301840782166,19.9638,5.677568,4.8231,14734,0.001024,0.36096,,0.06272,0.24243199999999998,0,0.22425599999999998,0.003584,0.037376,,0.002048,,1.7218559999999998,5844,1117,0,
5845,54.245184700963719,1350125747261,1,7.7690049074590206,19.987,5.69216,4.1921,14539,0.0012799999999999999,0.36352,,0.063232,0.237568,0,0.219392,0.007936,0.036864,,0.002048,,1.719808,5845,1118,0,
5846,54.252809495464852,1350125947131,1,7.6247947290539742,36.6527,5.442304,3.6064,14539,0.001024,0.363008,,0.063232,0.242944,0,0.224768,0.007936,0.040959999999999996,,0.002048,,1.8711039999999999,5846,1119,0,
5847,54.261993098072558,1350126313658,1,9.1836024075746536,8.8674,5.974784,3.3393,14539,0.001024,0.36224,,0.064,0.239616,0,0.22144,0.003584,0.040448,,0.002304,,1.6230399999999998,5847,1120,0,
5848,54.273594196428569,1350126402332,1,11.60109881311655,6.4268,5.736192,3.2086,14793,0.001024,0.36403199999999997,,0.063488,0.240896,0.000256,0.22297599999999998,0.008192,0.0384,,0.002048,,1.502208,5848,1121,0,
5849,54.28557109552154,1350126466600,1,11.976898647844791,8.4263,,4.4174,14539,0.001024,0.36224,,0.063488,0.241664,0,0.224512,0.007936,0.039424,,0.002304,,1.4625279999999998,5849,1122,0,
5850,54.295885799319727,1350126550863,1,10.314703918993473,12.677,5.804544,3.4377,14539,0.001024,0.36224,,0.063488,0.241664,0,0.224512,0.007936,0.039424,,0.002304,,1.4625279999999998,5850,1123,0,
5851,54.301994401927438,1350126677633,1,6.10860250890255,12.6507,5.418496,3.6055,14539,0.001024,0.362496,,0.063488,0.24447999999999998,0.000256,0.22655999999999998,0.008192,0.040448,,0.002048,,1.4778879999999999,5851,1124,0,
5852,54.3091093962585,1350126804140,1,7.1149943396449089,10.4611,5.575424,3.5369,14539,0.001024,0.361216,,0.063232,0.242944,0,0.224768,0.007936,0.037888,,0.002048,,1.463296,5852,1125,0,
5853,54.315264200680268,1350126908751,1,6.154804490506649,6.6016,6.053632,3.4313,14539,0.001024,0.363264,,0.064,0.24345599999999998,0.000256,0.22527999999999998,0.007936,0.0384,,0.002048,,1.65376,5853,1126,0,
5854,54.321787797619045,1350126974767,1,6.5235970541834831,6.3522,5.24288,2.8351,14539,0.001792,0.375808,,0.063744,0.246528,0,0.228352,0.008192,0.039424,,0.002048,,1.311488,5854,1127,0,
5855,54.327468197278911,1350127038289,1,5.6803994812071323,6.8748,5.874432,3.0035,14539,0.001024,0.43596799999999997,,0.063744,0.250112,0,0.231936,0.008192,0.037888,,0.002304,,1.524992,5855,1128,0,
5856,54.333581200396821,1350127107037,1,6.1130030080676079,6.0574,5.617152,3.1756,14539,0.001024,0.368128,,0.063488,0.238592,0,0.22067199999999998,0.007936,0.037376,,0.002304,,1.49248,5856,1129,0,
5857,54.339536798469389,1350127167611,1,5.9555978514254093,5.6531,5.28384,2.8716,14539,0.001024,0.371712,,0.063744,0.242688,0.000256,0.224768,0.0038399999999999997,0.037888,,0.002048,,1.31456,5857,1130,0,
5858,54.345494097222222,1350127224142,1,5.9572989121079445,6.4045,5.727488,2.7415,14539,0.001024,0.376064,,0.063744,0.239616,0.000256,0.221184,0.008192,0.040192,,0.002304,,1.6985599999999998,5858,1131,0,
5859,54.35152199546485,1350127288187,1,6.0278982855379581,4.9014,5.922816,2.7266,14539,0.001024,0.363264,,0.06272,0.240384,0.000256,0.22297599999999998,0.0076799999999999993,0.039424,,0.002304,,1.6752639999999999,5859,1132,0,
5860,54.358480300453515,1350127337201,1,6.9583049044013023,5.8655,6.01088,2.661,14539,0.001024,0.36607999999999996,,0.062464,0.240384,0.000256,0.222464,0.003584,0.037888,,0.002304,,1.309952,5860,1133,0,
5861,54.364774397675738,1350127395856,1,6.2940972857177258,6.2539,6.529792,2.7117,14539,0.001024,0.434944,,0.06297599999999999,0.245504,0,0.227328,0.007424,0.043008,,0.002048,,1.9456,5861,1134,0,
5862,54.371027295918367,1350127458395,1,6.2528983689844608,5.7922,6.258432,2.3442,14741,0.001024,0.36863999999999997,,0.068864,0.247552,0,0.22860799999999998,0.007936,0.038911999999999995,,0.002304,,1.615616,5862,1135,0,
5863,54.377419798752832,1350127516317,1,6.3925026915967464,6.7767,6.1696,2.0108,14539,0.001024,0.36607999999999996,,0.068608,0.250368,0,0.231424,0.0076799999999999993,0.038144,,0.002304,,1.4023679999999998,5863,1136,0,
5864,54.388003698979588,1350127584084,1,10.583899915218353,6.3857,6.443008,3.57,14539,0.001024,0.36531199999999997,,0.068096,1.088256,0.000256,0.227072,0.009216,0.041471999999999995,,0.003072,,1.426432,5864,1137,0,
5865,54.395869401927435,1350127647941,1,7.8657027333974838,6.6842,6.130432,3.1187,14734,0.0012799999999999999,0.368384,,0.068608,0.24703999999999998,0.000256,0.228352,0.005376,0.038144,,0.0025599999999999998,,1.830144,5865,1138,0,
5866,54.40341839569161,1350127714783,1,7.548993919044733,5.0658,5.973248,2.528,14539,0.001024,0.36531199999999997,,0.068096,0.244224,0,0.22630399999999998,0.0076799999999999993,0.035584,,0.003328,,1.8170879999999998,5866,1139,0,
5867,54.410817602040815,1350127765441,1,7.3992065154016018,11.6453,6.18112,2.1139,14539,0.001024,0.36735999999999996,,0.068608,0.24703999999999998,0,0.22784,0.0076799999999999993,0.040704,,0.002304,,1.400064,5867,1140,0,
5868,54.418409396258504,1350127881894,1,7.5917942449450493,7.7836,6.146816,2.3791,20949,0.001024,0.36863999999999997,,0.069632,0.246528,0.000256,0.22784,0.007936,0.038144,,0.002304,,1.406208,5868,1141,0,
5869,54.426683900226756,1350127959730,1,8.2745039835572243,7.3296,6.414848,2.1943,14539,0.0012799999999999999,0.376832,,0.069632,0.245504,0.000256,0.225792,0.008192,0.038655999999999996,,0.002304,,2.0641279999999997,5869,1142,0,
5870,54.433872300170066,1350128033026,1,7.188399787992239,7.4098,5.449472,2.7086,14539,0.001024,0.38118399999999997,,0.069632,0.24831999999999999,0.000256,0.22988799999999998,0.007936,0.038144,,0.002304,,1.40672,5870,1143,0,
5871,54.442130697278913,1350128107124,1,8.25839675962925,8.4989,6.941952,2.3754,14539,0.0012799999999999999,0.37657599999999997,,0.069887999999999992,0.25216,0.000256,0.23347199999999999,0.007936,0.03968,,0.002304,,1.942016,5871,1144,0,
5872,54.449201601473924,1350128192113,1,7.07090413197875,7.1266,5.633536,2.7633,14539,0.001024,0.367104,,0.068352,0.24243199999999998,0.000256,0.223488,0.0076799999999999993,0.039168,,0.002048,,1.403904,5872,1145,0,
5873,54.457045500283442,1350128263379,1,7.8438986092805862,8.0014,5.997312,1.9662,14539,0.001024,0.36607999999999996,,0.068608,0.245248,0,0.22630399999999998,0.0076799999999999993,0.036608,,0.002304,,1.8124799999999999,5873,1146,0,
5874,54.465235898526075,1350128343393,1,8.19039810448885,7.4454,5.437696,1.9466,14539,0.003328,0.37657599999999997,,0.069376,0.246528,0,0.22784,0.008192,0.037888,,0.002304,,1.408512,5874,1147,0,
5875,54.4721501984127,1350128417847,1,6.914299912750721,7.7629,6.070784,1.866,14741,0.003072,0.37324799999999997,,0.06272,0.24473599999999998,0.000256,0.226816,0.003328,0.040448,,0.002304,,1.7118719999999998,5875,1148,0,
5876,54.4796466978458,1350128495476,1,7.4964994564652443,8.2555,5.914368,1.848,84875,0.0012799999999999999,0.378112,,0.063744,0.245504,0,0.22758399999999998,0.0038399999999999997,0.038911999999999995,,0.0025599999999999998,,2.14016,5876,1149,0,
5877,54.4875547973356,1350128578031,1,7.9080993309617043,6.8935,6.593024,2.5573,75992,0.001024,0.36863999999999997,,0.064256,0.239872,0,0.221184,0.007936,0.038144,,0.002304,,2.413824,5877,1150,0,
5878,54.494816198979592,1350128646966,1,7.2614015080034733,7.3373,5.463808,2.2017,32110,0.001024,0.37401599999999996,,0.069887999999999992,0.252672,0,0.233728,0.008192,0.039168,,0.002304,,1.817856,5878,1151,0,
5879,54.504883900226758,1350128720339,1,10.06770133972168,7.748,6.175744,1.9809,165876,0.001024,0.368128,,0.068608,0.242688,0.000256,0.223488,0.007936,0.040448,,0.002304,,1.636352,5879,1152,0,
5880,54.514989299886622,1350128797819,1,10.105399414896965,7.5848,5.826816,2.5687,75843,0.001024,0.37862399999999996,,0.069376,0.245504,0,0.226048,0.008192,0.040192,,0.002304,,1.95072,5880,1153,0,
5881,54.53356819727891,1350128873667,1,18.578898161649704,9.2164,6.24896,2.3218,14875,0.001024,0.37862399999999996,,0.069376,0.245504,0,0.226048,0.008192,0.040192,,0.002304,,1.95072,5881,1154,0,
5882,54.541149199263039,1350128965831,1,7.5810020789504051,8.7954,6.196224,2.2675,14539,0.0012799999999999999,0.37196799999999997,,0.069376,0.240384,0,0.22144,0.007936,0.03968,,0.002304,,1.408768,5882,1155,0,
5883,54.5473626984127,1350129053785,1,6.21349923312664,10.2816,5.611776,3.7469,14734,0.0012799999999999999,0.36940799999999996,,0.069376,0.239616,0,0.22297599999999998,0.010752,0.038655999999999996,,0.0025599999999999998,,1.6299519999999998,5883,1156,0,
5884,54.553688095238094,1350129156601,1,6.3253967091441154,20.3379,5.261568,3.6844,14539,0.001024,0.361216,,0.063232,0.237568,0,0.21964799999999998,0.003584,0.036864,,0.002048,,1.513472,5884,1157,0,
5885,54.559044897959183,1350129359980,1,5.3568026050925255,6.2618,5.7152,2.7978,14539,0.001024,0.36096,,0.063744,0.24192,0,0.22399999999999998,0.007936,0.040959999999999996,,0.002048,,1.500672,5885,1158,0,
5886,54.566206101190474,1350129422598,1,7.1612033061683178,6.1014,5.219328,2.983,14539,0.001024,0.360448,,0.063744,0.245504,0.000256,0.227072,0.007936,0.040192,,0.002048,,1.3073919999999999,5886,1159,0,
5887,54.57216739654195,1350129483612,1,5.9612952172756195,6.1658,5.23648,2.8975,14741,0.001024,0.35942399999999997,,0.061695999999999994,0.24345599999999998,0,0.22527999999999998,0.0076799999999999993,0.03968,,0.002048,,1.29152,5887,1160,0,
5888,54.577564299886618,1350129545270,1,5.3969034925103188,6.7917,5.814528,2.3266,14539,0.0025599999999999998,0.356608,,0.063488,0.24473599999999998,0,0.226816,0.008192,0.038911999999999995,,0.0025599999999999998,,2.022912,5888,1161,0,
5889,54.58416420068027,1350129613187,1,6.5999007783830166,5.1884,5.387264,2.5192,14539,0.001024,0.43340799999999996,,0.06272,0.24371199999999998,0,0.225536,0.007424,0.03968,,0.002304,,1.3107199999999999,5889,1162,0,
5890,54.590148795351475,1350129665071,1,5.9845945797860622,6.2301,6.566144,2.2533,14539,0.001024,0.36403199999999997,,0.069887999999999992,0.24243199999999998,0.000256,0.22323199999999999,0.007936,0.039936,,0.0025599999999999998,,2.158592,5890,1163,0,
5891,54.595997399376415,1350129727372,1,5.848604254424572,4.5183,5.964288,2.1367,14539,0.001024,0.367104,,0.061952,0.24243199999999998,0,0.22425599999999998,0.007936,0.0384,,0.002304,,1.291264,5891,1164,0,
5892,54.602519097222221,1350129772555,1,6.5216976217925549,6.7511,5.829888,2.1902,14539,0.001024,0.43135999999999997,,0.47564799999999996,0.27161599999999997,0,0.247552,0.003584,0.04224,,0.002816,,1.293568,5892,1165,0,
5893,54.608369699546486,1350129840066,1,5.8506024070084095,5.8042,6.482944,1.8065,14539,0.001024,0.36531199999999997,,0.068352,0.691456,0,0.23116799999999998,0.009216,0.044031999999999995,,0.002816,,1.965056,5893,1166,0,
5894,54.614330895691609,1350129898108,1,5.961196031421423,5.3269,5.824256,3.059,14539,0.001024,0.365568,,0.068352,0.247296,0,0.22784,0.0063999999999999994,0.038655999999999996,,0.002304,,1.410048,5894,1167,0,
5895,54.620376098356004,1350129951377,1,6.045202724635601,7.3055,5.953024,2.5257,14539,0.001024,0.36735999999999996,,0.068608,0.25088,0.000256,0.23219199999999998,0.011264,0.040448,,0.002048,,1.41824,5895,1168,0,
5896,54.626515901360541,1350130024432,1,6.13980321213603,6.0617,6.015232,2.6925,14539,0.001024,0.36607999999999996,,0.068864,0.246528,0,0.22784,0.003328,0.03968,,0.002048,,1.408768,5896,1169,0,
5897,54.632402501417232,1350130085049,1,5.886599887162447,5.9874,6.118912,2.5825,14539,0.0012799999999999999,0.366848,,0.07424,0.24601599999999998,0,0.22784,0.003584,0.037632,,0.004352,,1.650432,5897,1170,0,
5898,54.6387376984127,1350130144923,1,6.3351970165967941,6.3055,5.864448,2.1659,14539,0.001024,0.36735999999999996,,0.068864,0.24371199999999998,0.000256,0.225536,0.007936,0.038911999999999995,,0.0051199999999999996,,1.4056959999999998,5898,1171,0,
5899,54.644610799319729,1350130207978,1,5.8731008321046829,5.1602,6.304512,2.6733,14539,0.001024,0.369152,,0.070656,0.24601599999999998,0,0.227328,0.008192,0.037888,,0.002304,,1.4243839999999999,5899,1172,0,
5900,54.651438598356009,1350130259580,1,6.8277991376817226,6.1686,5.858048,2.7886,32110,0.001024,0.369152,,0.070656,0.24601599999999998,0,0.227328,0.008192,0.037888,,0.002304,,1.4243839999999999,5900,1173,0,
5901,54.658850099206347,1350130321266,1,7.4115009047091007,7.6546,6.163712,2.4008,28924,0.0012799999999999999,0.366336,,0.263168,0.250112,0,0.2304,0.007936,0.042496,,0.002048,,2.110464,5901,1174,0,
5902,54.671230399659862,1350130397812,1,12.380300089716911,5.5118,6.358784,4.4483,15257,0.001024,0.37248,,0.069887999999999992,0.241664,0,0.22297599999999998,0.007936,0.040959999999999996,,0.002816,,2.05056,5902,1175,0,
5903,54.682507801870749,1350130452930,1,11.277401819825172,7.6913,6.125824,3.9632,14591,0.001024,0.374272,,0.070144,0.25088,0.000256,0.231936,0.003584,0.037632,,0.002048,,1.4074879999999999,5903,1176,0,
5904,54.701637996031742,1350130529843,1,19.130194559693336,12.555,5.60384,3.2153,14734,0.001024,0.369152,,0.068864,0.24115199999999998,0,0.222208,0.008192,0.039936,,0.002304,,1.84832,5904,1177,0,
5905,54.717674900793646,1350130655393,1,16.036905348300934,10.9664,5.88032,3.696,14539,0.001024,0.363264,,0.06297599999999999,0.240384,0,0.22169599999999998,0.007936,0.038144,,0.002304,,1.2920319999999998,5905,1178,0,
5906,54.731147696995464,1350130765057,1,13.47279641777277,17.0653,5.653504,4.077,14539,0.001024,0.361984,,0.063488,0.24140799999999998,0,0.223744,0.007936,0.038655999999999996,,0.002048,,1.288448,5906,1179,0,
5907,54.7485626984127,1350130935710,1,17.41500198841095,17.4949,,3.4995,32110,0.001024,0.364544,,0.06272,0.236032,0,0.219392,0.004352,0.037376,,0.002304,,1.2922879999999999,5907,1180,0,
5908,54.759886996882081,1350131110659,1,11.324298568069935,12.7587,5.799424,3.9969,28924,0.001024,0.364544,,0.06272,0.236032,0,0.219392,0.004352,0.037376,,0.002304,,1.2922879999999999,5908,1181,0,
5909,54.767237400793647,1350131238246,1,7.3504038155078888,19.256,5.317632,4.7272,14539,0.001024,0.36352,,0.063232,0.245504,0,0.227328,0.004096,0.038911999999999995,,0.002048,,1.5029759999999999,5909,1182,0,
5910,54.773816099773242,1350131430806,1,6.5786987543106079,10.5287,5.98272,3.1554,14741,0.002048,0.36096,,0.064,0.240896,0,0.22323199999999999,0.0076799999999999993,0.0384,,0.002048,,1.6435199999999999,5910,1183,0,
5911,54.780537996031747,1350131536093,1,6.72189611941576,9.0601,5.873152,2.3046,14539,0.001024,0.361984,,0.064,0.24192,0,0.223488,0.003584,0.041471999999999995,,0.001792,,1.709312,5911,1184,0,
5912,54.786907695578229,1350131626694,1,6.3696997240185738,4.5756,5.946112,2.8511,14539,0.000768,0.358912,,0.062208,0.39424,0.000256,0.376064,0.007424,0.040704,,0.002304,,1.906688,5912,1185,0,
5913,54.792966000566892,1350131672450,1,6.0583050362765789,8.3357,6.200832,2.9856,14539,0.001024,0.36275199999999996,,0.064,0.23423999999999998,0,0.216576,0.007424,0.035328,,0.002304,,2.111744,5913,1186,0,
5914,54.798552501417234,1350131755807,1,5.5865007452666759,6.1239,6.049024,2.4581,14539,0.001024,0.36479999999999996,,0.063488,0.24473599999999998,0,0.226816,0.004096,0.038911999999999995,,0.002048,,1.3071359999999999,5914,1187,0,
5915,54.804458701814056,1350131817046,1,5.9062005020678043,5.4098,5.559296,2.2811,14539,0.001024,0.36479999999999996,,0.062208,0.246272,0,0.22886399999999998,0.009472,0.040448,,0.002048,,1.293056,5915,1188,0,
5916,54.810377295918364,1350131871144,1,5.9185940772295,6.0459,5.699584,2.0233,14539,0.001024,0.362496,,0.06272,0.24601599999999998,0,0.228096,0.0076799999999999993,0.039424,,0.002304,,1.724416,5916,1189,0,
5917,54.816632497165529,1350131931603,1,6.2552010640501976,5.7485,5.88672,2.2258,14539,0.000768,0.366336,,0.06272,0.42879999999999996,0.000256,0.224512,0.0076799999999999993,0.038911999999999995,,0.002304,,1.508352,5917,1190,0,
5918,54.823712195294782,1350131989088,1,7.0796981453895569,5.2859,6.226432,2.1251,14539,0.001024,0.365568,,0.062464,0.239616,0,0.22169599999999998,0.0076799999999999993,0.040959999999999996,,0.002304,,1.334272,5918,1191,0,
5919,54.829387896825395,1350132041947,1,5.6757014244794846,6.0331,7.060992,2.1963,14539,0.001024,0.365568,,0.07551999999999999,0.24831999999999999,0,0.228096,0.0076799999999999993,0.037376,,0.0025599999999999998,,2.1463039999999998,5919,1192,0,
5920,54.835472597789114,1350132102278,1,6.0847010463476181,6.9681,5.659904,2.422,14539,0.0012799999999999999,0.368128,,0.068864,0.242176,0,0.22323199999999999,0.0076799999999999993,0.040192,,0.002048,,1.644032,5920,1193,0,
5921,54.842356398809521,1350132171959,1,6.8838009610772133,6.8558,6.061568,2.2037,14539,0.001024,0.368128,,0.068608,0.249856,0,0.23116799999999998,0.0076799999999999993,0.041728,,0.002304,,1.5948799999999999,5921,1194,0,
5922,54.848392198129247,1350132240517,1,6.0357991605997086,4.9482,6.854144,2.711,14539,0.001024,0.365056,,0.44979199999999997,0.276736,0,0.255488,0.0038399999999999997,0.038144,,0.0025599999999999998,,2.135808,5922,1195,0,
5923,54.854924000850339,1350132289999,1,6.53180293738842,7.4264,6.009088,2.313,14734,0.001024,0.366848,,0.068864,0.239872,0,0.22144,0.0076799999999999993,0.042752,,0.002304,,1.634304,5923,1196,0,
5924,54.860972200963715,1350132364263,1,6.048200186342001,5.855,6.510592,2.5936,58965,0.0012799999999999999,0.365056,,0.068864,0.242944,0.000256,0.22425599999999998,0.007936,0.03968,,0.0051199999999999996,,1.8455039999999998,5924,1197,0,
5925,54.8671341978458,1350132422813,1,6.1619970947504044,6.1934,6.02496,2.9788,14539,0.001024,0.36479999999999996,,0.068352,0.250112,0.000256,0.231424,0.006144,0.03968,,0.002048,,1.650432,5925,1198,0,
5926,54.87322559523809,1350132484747,1,6.0913972556591034,6.4373,6.145536,2.6344,51258,0.0012799999999999999,0.36531199999999997,,0.068608,0.443648,0.000256,0.229632,0.009216,0.03968,,0.0025599999999999998,,1.632512,5926,1199,0,
5927,54.879962996031743,1350132549120,1,6.7374007776379585,7.2217,6.029056,3.2587,14539,0.001024,0.37273599999999996,,0.069632,0.24601599999999998,0,0.227328,0.008704,0.037376,,0.002048,,1.645568,5927,1200,0,
5928,54.886307100340133,1350132621337,1,6.3441041857004166,5.6162,6.20032,2.4328,14591,0.001024,0.367616,,0.068864,0.24447999999999998,0.000256,0.225536,0.008192,0.039936,,0.002304,,1.947136,5928,1201,0,
5929,54.892285501700677,1350132677499,1,5.9784012846648693,6.4457,6.370048,2.4287,14539,0.0012799999999999999,0.366336,,0.068608,0.431872,0,0.41292799999999996,0.0076799999999999993,0.036608,,0.004096,,1.860096,5929,1202,0,
5930,54.898636798469383,1350132741956,1,6.3512967899441719,6.206,5.945856,2.069,14539,0.001024,0.36940799999999996,,0.068352,0.24831999999999999,0,0.22912,0.007936,0.037632,,0.002048,,1.6565759999999998,5930,1203,0,
5931,54.904916801303855,1350132804016,1,6.2800026498734951,6.2337,6.329856,2.0518,14539,0.001024,0.365824,,0.06912,0.74060799999999993,0,0.72192,0.007936,0.040192,,0.002816,,1.4059519999999999,5931,1204,0,
5932,54.910977196712018,1350132866353,1,6.0603953897953033,5.3586,6.269696,2.5167,14539,0.001024,0.366592,,0.068096,0.244224,0.000256,0.22527999999999998,0.0084479999999999989,0.040704,,0.002304,,1.6217599999999999,5932,1205,0,
5933,54.917359098639452,1350132919939,1,6.3819019123911858,6.4371,6.022656,2.3741,14539,0.0012799999999999999,0.368896,,0.068608,0.244224,0,0.225536,0.007936,0.039168,,0.002048,,1.650944,5933,1206,0,
5934,54.923360799319724,1350132984310,1,6.001700647175312,6.2253,6.35776,2.1292,20949,0.001024,0.36735999999999996,,0.068608,0.24243199999999998,0,0.224512,0.006656,0.037376,,0.005376,,1.6230399999999998,5934,1207,0,
5935,54.929347696995464,1350133046563,1,5.9868977405130863,5.824,5.984,2.902,14539,0.0012799999999999999,0.366336,,0.068096,0.2496,0,0.2304,0.008192,0.040192,,0.002048,,1.6381439999999998,5935,1208,0,
5936,54.935422399376414,1350133104803,1,6.0747023671865463,7.1467,5.96224,2.3013,14539,0.001024,0.366848,,0.068864,0.250112,0,0.23168,0.005888,0.039424,,0.002304,,1.637888,5936,1209,0,
5937,54.942086897675736,1350133176270,1,6.6644982434809208,5.9999,6.054656,2.5403,14539,0.001024,0.367872,,0.068608,0.248576,0,0.23091199999999998,0.0076799999999999993,0.03968,,0.004608,,1.42336,5937,1210,0,
5938,54.948052295918366,1350133236269,1,5.965398158878088,5.5661,6.649344,2.3019,14539,0.001024,0.36863999999999997,,0.069887999999999992,0.75903999999999994,0.000256,0.22655999999999998,0.006912,0.040959999999999996,,0.005376,,1.630976,5938,1211,0,
5939,54.954283701814056,1350133291930,1,6.2314057722687721,5.5471,5.938432,2.0346,14539,0.001024,0.368128,,0.068096,0.250624,0,0.231936,0.0076799999999999993,0.038144,,0.0051199999999999996,,1.663744,5939,1212,0,
5940,54.960983198696141,1350133347401,1,6.6994968801736832,6.9117,6.22976,2.4512,14539,0.0012799999999999999,0.368384,,0.068608,0.24703999999999998,0,0.228096,0.0076799999999999993,0.040448,,0.002048,,1.403136,5940,1213,0,
5941,54.9670218962585,1350133416518,1,6.0386974364519119,5.8254,6.664448,2.5029,14539,0.001024,0.36940799999999996,,0.079615999999999992,0.409856,0,0.195328,0.054784,0.038655999999999996,,0.0025599999999999998,,1.628672,5941,1214,0,
5942,54.973534899376418,1350133474772,1,6.5130032598972321,6.1829,5.939456,2.5713,14741,0.001024,0.36531199999999997,,0.068096,0.242688,0,0.223488,0.007936,0.039424,,0.002304,,1.639168,5942,1215,0,
5943,54.979500496031747,1350133536601,1,5.9655965305864811,6.9641,6.567936,2.1618,14539,0.001024,0.366592,,0.068608,0.244992,0.000256,0.22655999999999998,0.0076799999999999993,0.03712,,0.0051199999999999996,,2.1409279999999997,5943,1216,0,
5944,54.985608198696141,1350133606242,1,6.1077028512954712,6.3595,5.941504,2.1907,14539,0.001024,0.363264,,0.068864,0.246528,0,0.227072,0.0076799999999999993,0.041984,,0.002304,,1.627904,5944,1217,0,
5945,54.991684297052153,1350133669837,1,6.0760984197258949,5.8662,6.077952,2.3345,14539,0.001024,0.368128,,0.06784,0.247552,0,0.229632,0.007936,0.039424,,0.004352,,2.0357119999999997,5945,1218,0,
5946,54.998784800170064,1350133728499,1,7.1005029603838921,5.8657,6.051328,2.6778,14539,0.001024,0.365568,,0.068352,0.246272,0.000256,0.227072,0.007936,0.0384,,0.0051199999999999996,,1.647104,5946,1219,0,
5947,55.004762996031744,1350133787156,1,5.9781959280371666,7.1215,7.093504,2.3306,20467,0.001024,0.368384,,0.51328,0.251392,0.000256,0.230144,0.006144,0.038655999999999996,,0.005632,,1.612032,5947,1220,0,
5948,55.011326197562354,1350133858371,1,6.5632015466690063,6.5848,5.945856,2.083,14734,0.001024,0.36735999999999996,,0.068608,0.244992,0,0.226816,0.0076799999999999993,0.037632,,0.005376,,1.63072,5948,1221,0,
5949,55.02000729875283,1350133924219,1,8.68110079318285,5.6162,6.158336,2.0087,14539,0.001024,0.36863999999999997,,0.068352,0.245248,0,0.227072,0.007936,0.0384,,0.004608,,1.826816,5949,1222,0,
5950,55.025524596088431,1350133980381,1,5.5172974243760109,6.0282,5.899008,3.8189,14539,0.0012799999999999999,0.369152,,0.068352,0.242688,0,0.22425599999999998,0.0076799999999999993,0.037376,,0.004352,,1.587712,5950,1223,0,
5951,55.03218640164399,1350134040663,1,6.66180532425642,9.8135,5.410816,2.4929,14539,0.001024,0.367616,,0.068608,0.24115199999999998,0,0.222208,0.0048639999999999994,0.038144,,0.004352,,1.4210559999999999,5951,1224,0,
5952,55.038768098072559,1350134138798,1,6.5816962160170078,6.6175,5.899264,2.2067,14539,0.001024,0.36531199999999997,,0.068608,0.245248,0,0.22655999999999998,0.011519999999999999,0.037376,,0.004096,,1.613824,5952,1225,0,
5953,55.045447300170068,1350134204973,1,6.67920196428895,5.1559,5.84192,3.3226,14539,0.001024,0.366336,,0.068352,0.449024,0,0.43084799999999995,0.0076799999999999993,0.040959999999999996,,0.0051199999999999996,,1.42208,5953,1226,0,
5954,55.051397895408158,1350134256532,1,5.9505952522158623,8.1866,5.939712,2.0514,14539,0.0012799999999999999,0.376832,,0.070144,0.247296,0.000256,0.228096,0.0063999999999999994,0.03712,,0.0025599999999999998,,1.8808319999999998,5954,1227,0,
5955,55.057811897675734,1350134338398,1,6.4140022732317448,5.2148,5.912576,2.0836,14539,0.001024,0.368128,,0.068096,0.243968,0.000256,0.224512,0.0076799999999999993,0.038655999999999996,,0.002304,,1.4044159999999999,5955,1228,0,
5956,55.064356101190477,1350134390546,1,6.5442034974694252,5.8302,6.401024,2.2448,14539,0.001024,0.365824,,0.069632,0.24447999999999998,0,0.225792,0.005888,0.043008,,0.002304,,2.07232,5956,1229,0,
5957,55.07072809665533,1350134448848,1,6.3719954341650009,6.2672,6.32448,2.1757,14539,0.001024,0.365568,,0.068096,0.242176,0,0.22323199999999999,0.007936,0.040448,,0.002304,,1.626112,5957,1230,0,
5958,55.077103401360539,1350134511520,1,6.375304888933897,5.8077,6.349312,2.1766,14886,0.001024,0.44032,,0.068096,0.24345599999999998,0.000256,0.224768,0.007936,0.038144,,0.002304,,1.639168,5958,1231,0,
5959,55.083683801020406,1350134569597,1,6.5803998149931431,6.7942,6.355712,2.9681,20323,0.001024,0.368896,,0.071936,0.242944,0,0.224512,0.0076799999999999993,0.040959999999999996,,0.002048,,1.423872,5959,1232,0,
5960,55.090165802154196,1350134637539,1,6.4820009283721447,6.4291,6.552064,1.9812,14591,0.001024,0.366336,,0.068352,0.609792,0.000256,0.22399999999999998,0.009216,0.040192,,0.003328,,1.642496,5960,1233,0,
5961,55.096218501984126,1350134701830,1,6.0526998713612556,6.5918,6.450688,2.3713,14539,0.001024,0.368896,,0.073728,0.246528,0,0.227328,0.0076799999999999993,0.040959999999999996,,0.0025599999999999998,,1.80864,5961,1234,0,
5962,55.102813201530608,1350134767748,1,6.5946993418037891,6.511,6.030848,2.3799,14539,0.001024,0.36607999999999996,,0.068608,0.67584,0,0.65664,0.0076799999999999993,0.041471999999999995,,0.002816,,1.4056959999999998,5962,1235,0,
5963,55.109355895691607,1350134832858,1,6.5426942892372608,6.7373,6.578944,2.2445,14539,0.001024,0.368384,,0.068608,0.658176,0,0.639232,0.007936,0.037632,,0.005632,,1.9379199999999999,5963,1236,0,
5964,55.1154841978458,1350134900231,1,6.1283023096621037,5.6285,6.528,2.5189,14539,0.001024,0.36735999999999996,,0.068352,0.244224,0,0.225536,0.0076799999999999993,0.039168,,0.0051199999999999996,,1.975808,5964,1237,0,
5965,55.121870599489796,1350134956516,1,6.38640159741044,7.6751,6.095872,2.6318,14539,0.001024,0.367616,,0.068352,0.244224,0,0.22630399999999998,0.003328,0.0384,,0.0051199999999999996,,1.729536,5965,1238,0,
5966,55.127559495464851,1350135033267,1,5.6888959370553493,6.0309,6.366208,2.4661,14539,0.001024,0.366848,,0.068352,0.246272,0,0.22784,0.007936,0.03968,,0.0038399999999999997,,1.8304,5966,1239,0,
5967,55.134006597222218,1350135093576,1,6.4471019431948662,5.5997,5.673984,2.7405,14539,0.001024,0.366336,,0.068096,0.44979199999999997,0,0.43135999999999997,0.0076799999999999993,0.037376,,0.0048639999999999994,,1.408256,5967,1240,0,
5968,55.140442098922904,1350135149573,1,6.4355018548667431,6.8066,6.400768,2.1417,14539,0.001024,0.434432,,0.074752,0.24473599999999998,0,0.22630399999999998,0.0076799999999999993,0.037376,,0.004608,,2.041088,5968,1241,0,
5969,55.1464375,1350135217639,1,5.9954011812806129,4.9774,6.446848,2.4907,14539,0.001024,0.368128,,0.068096,0.24806399999999998,0,0.22912,0.0076799999999999993,0.039168,,0.002304,,1.9594239999999998,5969,1242,0,
5970,55.15291899801587,1350135267413,1,6.4814980141818523,7.7407,5.952768,2.1636,14539,0.001024,0.367872,,0.068864,0.245504,0,0.226816,0.0076799999999999993,0.040704,,0.002304,,1.4023679999999998,5970,1243,0,
5971,55.159437195294785,1350135344820,1,6.5181972458958626,5.5696,6.47296,2.5257,14539,0.001024,0.364288,,0.073728,0.244992,0,0.22630399999999998,0.003328,0.038655999999999996,,0.002304,,2.1742079999999997,5971,1244,0,
5972,55.165426700680271,1350135400516,1,5.98950544372201,6.5021,6.496,2.6072,14734,0.001024,0.364288,,0.068864,0.25190399999999996,0,0.232704,0.0076799999999999993,0.039168,,0.002048,,1.874688,5972,1245,0,
5973,55.171244699546484,1350135465537,1,5.8179986663162708,6.184,5.950464,2.7505,15402,0.001024,0.36735999999999996,,0.068096,0.248576,0.000256,0.229632,0.0076799999999999993,0.041984,,0.002304,,1.4023679999999998,5973,1246,0,
5974,55.178145500283442,1350135527377,1,6.9008008576929569,6.3051,5.806848,2.3221,14539,0.001024,0.367104,,0.075264,0.248576,0.000256,0.228352,0.0076799999999999993,0.038144,,0.004352,,1.398528,5974,1247,0,
5975,55.184294401927438,1350135590428,1,6.1489017680287361,5.8289,6.884096,2.5256,14539,0.0012799999999999999,0.368128,,0.601088,0.29081599999999996,0,0.263936,0.0076799999999999993,0.039424,,0.002816,,1.6317439999999999,5975,1248,0,
5976,55.190258297902496,1350135648717,1,5.9638959355652332,6.3391,6.123776,2.729,14539,0.001024,0.36863999999999997,,0.068608,0.241664,0,0.223488,0.0076799999999999993,0.036864,,0.004096,,1.7973759999999999,5976,1249,0,
5977,55.19835929705215,1350135712108,1,8.1009995192289352,6.9322,5.938176,2.3907,14539,0.0012799999999999999,0.368384,,0.068608,0.246272,0.000256,0.227072,0.007936,0.03712,,0.002304,,1.40032,5977,1250,0,
5978,55.20575179988662,1350135781430,1,7.39250285550952,5.7186,6.323968,3.1091,14539,0.001024,0.369152,,0.074495999999999993,0.253952,0,0.23423999999999998,0.0076799999999999993,0.042752,,0.002816,,1.781248,5978,1251,0,
5979,55.211533900226755,1350135838616,1,5.78210037201643,9.9557,,2.487,14539,0.001024,0.369152,,0.074495999999999993,0.253952,0,0.23423999999999998,0.0076799999999999993,0.042752,,0.002816,,1.781248,5979,1252,0,
5980,55.2237705994898,1350135938173,1,12.236699461936951,4.6024,5.763328,4.6024,14539,0.001024,0.36479999999999996,,0.068352,0.24140799999999998,0.000256,0.22323199999999999,0.003328,0.035584,,0.004608,,1.4016,5980,1253,0,
5981,55.229937195294781,1350135984197,1,6.1665959656238556,7.132,6.095616,1.7507,14539,0.0012799999999999999,0.36940799999999996,,0.06912,0.23884799999999998,0,0.22195199999999998,0.004096,0.03584,,0.003328,,1.6586239999999999,5981,1254,0,
5982,55.2362373015873,1350136055517,1,6.3001061789691448,5.8734,6.149632,2.4437,14539,0.001024,0.36607999999999996,,0.068096,0.245504,0,0.226816,0.010239999999999999,0.039936,,0.002304,,1.422848,5982,1255,0,
5983,55.242200396825396,1350136114251,1,5.9630954638123512,13.0705,5.867008,2.6662,14539,0.0012799999999999999,0.366336,,0.075007999999999991,0.245248,0,0.22630399999999998,0.007936,0.039424,,0.002048,,1.6383999999999999,5983,1256,0,
5984,55.248844600340135,1350136244956,1,6.6442033275961876,5.2458,5.938944,2.1062,14539,0.001024,0.36735999999999996,,0.068608,0.244992,0.000256,0.226048,0.007936,0.038144,,0.002304,,1.65888,5984,1257,0,
5985,55.255012896825392,1350136297414,1,6.1682965606451035,6.1884,6.619136,2.363,14539,0.001024,0.36735999999999996,,0.068352,0.24012799999999998,0,0.22169599999999998,0.0076799999999999993,0.03968,,0.002304,,1.8575359999999999,5985,1258,0,
5986,55.261533999433105,1350136359298,1,6.5211025066673756,6.1511,6.139904,2.5244,14539,0.001024,0.36735999999999996,,0.068352,0.24012799999999998,0,0.22169599999999998,0.0076799999999999993,0.03968,,0.002304,,1.8575359999999999,5986,1259,0,
5987,55.267598901643986,1350136420809,1,6.0649020597338676,6.6375,6.062848,2.6755,14539,0.001024,0.366848,,0.07039999999999999,0.24243199999999998,0.000256,0.22399999999999998,0.0076799999999999993,0.036351999999999995,,0.004608,,1.617664,5987,1260,0,
5988,55.273795797902494,1350136487184,1,6.1968960799276829,6.7953,6.02752,2.193,14741,0.001024,0.36863999999999997,,0.068608,0.249856,0.000256,0.23091199999999998,0.0076799999999999993,0.037632,,0.002304,,1.632512,5988,1261,0,
5989,55.27984029903628,1350136555137,1,6.0445009730756283,5.9992,6.18752,2.396,14539,0.001024,0.366592,,0.068352,0.24064,0,0.22297599999999998,0.0076799999999999993,0.036095999999999996,,0.0051199999999999996,,1.871616,5989,1262,0,
5990,55.286144600340137,1350136615129,1,6.3043013215065,6.0862,6.00192,3.1786,14539,0.001024,0.368896,,0.068864,0.242944,0,0.224768,0.007936,0.0384,,0.0051199999999999996,,1.64608,5990,1263,0,
5991,55.292945897108844,1350136675991,1,6.8012969568371773,6.8425,6.188544,2.4338,14591,0.0012799999999999999,0.366848,,0.068608,0.243968,0,0.225536,0.0076799999999999993,0.035584,,0.004608,,1.41184,5991,1264,0,
5992,55.3001343962585,1350136744416,1,7.1884989738464355,5.7978,6.758144,4.256,14539,0.001024,0.364544,,0.07296,0.958208,0.000256,0.938496,0.003328,0.040959999999999996,,0.004352,,1.632256,5992,1265,0,
5993,55.306402196712014,1350136802394,1,6.2678004615008831,7.0648,6.031872,2.665,14539,0.001024,0.37990399999999996,,0.069376,0.44006399999999996,0,0.42086399999999996,0.008192,0.038911999999999995,,0.002304,,1.637888,5993,1266,0,
5994,55.312051395975054,1350136873042,1,5.6491992436349392,7.3293,5.661184,3.1674,14539,0.001024,0.364544,,0.068864,0.429568,0,0.22297599999999998,0.0097279999999999988,0.03712,,0.005632,,1.42336,5994,1267,0,
5995,55.325206696428566,1350136946335,1,13.155300170183182,5.1748,,3.0862,14734,0.001024,0.439808,,0.07296,0.246272,0,0.227328,0.008192,0.038911999999999995,,0.002304,,1.40672,5995,1268,0,
5996,55.341613598356005,1350136998083,1,16.406901180744171,7.7234,6.411008,3.1598,14539,0.001024,0.439808,,0.07296,0.246272,0,0.227328,0.008192,0.038911999999999995,,0.002304,,1.40672,5996,1269,0,
5997,55.357970797902489,1350137075317,1,16.357200220227242,8.8148,5.581312,3.7152,14539,0.001024,0.366592,,0.070912,0.2432,0,0.224768,0.004608,0.03968,,0.002304,,1.40288,5997,1270,0,
5998,55.363828798185942,1350137163465,1,5.8580003678798676,19.35,5.871104,3.7482,14539,0.001024,0.365824,,0.068864,0.244224,0.000256,0.225536,0.011776,0.040448,,0.002048,,1.81504,5998,1271,0,
5999,55.369623596938773,1350137356965,1,5.794798955321312,16.865,5.63584,2.2136,14539,0.0012799999999999999,0.359168,,0.063488,0.245504,0,0.227072,0.007936,0.038144,,0.002048,,1.684224,5999,1272,0,
6000,55.375474695294784,1350137525615,1,5.8510983362793922,6.0235,5.766144,2.037,14741,0.001024,0.36147199999999996,,0.062464,0.244992,0,0.227072,0.0076799999999999993,0.036608,,0.002048,,1.290752,6000,1273,0,
6001,55.381175899943308,1350137585850,1,5.7012047618627548,5.0257,5.797888,2.003,14539,0.001024,0.358656,,0.062464,0.242176,0.000256,0.22425599999999998,0.0076799999999999993,0.03968,,0.002048,,1.731584,6001,1274,0,
6002,55.38722660147392,1350137636107,1,6.0507017187774181,6.1045,5.709824,1.8642,14539,0.001024,0.358656,,0.062464,0.242176,0.000256,0.22425599999999998,0.0076799999999999993,0.03968,,0.002048,,1.731584,6002,1275,0,
6003,55.3934920989229,1350137697152,1,6.265497300773859,5.0546,6.033664,2.1925,14539,0.001024,0.427008,,0.070656,0.239616,0.000256,0.22092799999999999,0.0076799999999999993,0.041471999999999995,,0.002304,,1.460736,6003,1276,0,
6004,55.399888598356007,1350137747698,1,6.3964994624257088,6.6938,5.924096,2.466,14539,0.001024,0.364288,,0.062464,0.244992,0,0.227328,0.0076799999999999993,0.041471999999999995,,0.002304,,1.5104,6004,1277,0,
6005,55.406484700963716,1350137814636,1,6.5961023792624474,5.2965,6.348544,2.2861,14539,0.001024,0.36607999999999996,,0.068608,0.24473599999999998,0,0.226816,0.009984,0.03968,,0.0048639999999999994,,1.644032,6005,1278,0,
6006,55.412494097222222,1350137867601,1,6.00939616560936,6.5688,6.588416,2.6882,14539,0.001024,0.367616,,0.069887999999999992,0.245504,0,0.22630399999999998,0.007936,0.0384,,0.002048,,1.657344,6006,1279,0,
6007,55.418662996031742,1350137933289,1,6.1688986606895924,6.4901,5.988352,1.9763,14539,0.001024,0.36531199999999997,,0.06912,0.24473599999999998,0,0.22655999999999998,0.003584,0.036351999999999995,,0.005376,,1.932032,6007,1280,0,
6008,55.424620195578228,1350137998190,1,5.9571997262537479,6.5116,6.150656,3.0739,20949,0.001024,0.367616,,0.068608,0.250112,0,0.23168,0.006656,0.038655999999999996,,0.004096,,1.881344,6008,1281,0,
6009,55.430745698696143,1350138063306,1,6.1255032196640968,6.2012,5.922048,2.8731,14539,0.001024,0.365056,,0.068352,0.2432,0,0.224768,0.007424,0.038911999999999995,,0.0051199999999999996,,1.893888,6009,1282,0,
6010,55.437031001984124,1350138125318,1,6.2853032723069191,5.9905,6.105856,2.3141,14539,0.001024,0.43648,,0.264704,0.253696,0.000256,0.23296,0.008704,0.041984,,0.002304,,1.9781119999999999,6010,1283,0,
6011,55.443552295918366,1350138185223,1,6.521293893456459,5.965,6.274816,2.0771,14539,0.001024,0.365568,,0.068096,0.247552,0.000256,0.229376,0.0076799999999999993,0.03968,,0.004096,,1.922304,6011,1284,0,
6012,55.450287400793648,1350138244873,1,6.7351050674915314,6.2157,6.492416,2.1278,14539,0.001024,0.366848,,0.068096,0.679168,0.000256,0.659968,0.0076799999999999993,0.041984,,0.0025599999999999998,,1.6250879999999999,6012,1285,0,
6013,55.456150701530611,1350138307030,1,5.8633005246520042,5.9889,6.701568,2.0858,14539,0.001024,0.366592,,0.07551999999999999,0.250368,0.000256,0.23091199999999998,0.0048639999999999994,0.039168,,0.002816,,1.803008,6013,1286,0,
6014,55.462492899659864,1350138366919,1,6.342198234051466,6.6549,5.861632,2.0723,14539,0.001024,0.367104,,0.068352,0.244992,0.000256,0.225792,0.0076799999999999993,0.038911999999999995,,0.002304,,1.407232,6014,1287,0,
6015,55.468517800453512,1350138433468,1,6.0249008238315582,6.4019,6.30912,2.0854,14539,0.001024,0.36531199999999997,,0.068352,0.24371199999999998,0,0.225536,0.007424,0.039424,,0.005632,,1.9023359999999998,6015,1288,0,
6016,55.474540497448977,1350138497487,1,6.0226968489587307,5.926,6.009088,2.3087,14741,0.001024,0.366336,,0.068864,0.247808,0,0.22988799999999998,0.008192,0.041471999999999995,,0.0048639999999999994,,1.8826239999999999,6016,1289,0,
6017,55.486011600056685,1350138556747,1,11.471102945506573,6.8585,5.974016,3.6083,14734,0.001024,0.366336,,0.068864,0.247808,0,0.22988799999999998,0.008192,0.041471999999999995,,0.0048639999999999994,,1.8826239999999999,6017,1290,0,
6018,55.491239399092969,1350138625332,1,5.2277990616858006,6.5196,5.615104,3.9425,14539,0.0012799999999999999,0.364544,,0.07424,0.24115199999999998,0.000256,0.22323199999999999,0.003328,0.038655999999999996,,0.004352,,1.4008319999999999,6018,1291,0,
6019,55.497659098639453,1350138690528,1,6.419699639081955,11.1567,5.91488,2.3943,14591,0.001024,0.37504,,0.069632,0.24447999999999998,0,0.226048,0.008192,0.0384,,0.004608,,1.9456,6019,1292,0,
6020,55.503573299319726,1350138802095,1,5.9142005629837513,6.5683,5.868544,2.2239,14539,0.0012799999999999999,0.37657599999999997,,0.069632,0.24371199999999998,0,0.225536,0.007936,0.037632,,0.004608,,1.6317439999999999,6020,1293,0,
6021,55.509818197278911,1350138867778,1,6.2448978424072266,4.1637,5.891328,2.1269,14539,0.001024,0.367616,,0.068608,0.25088,0,0.231936,0.0076799999999999993,0.03968,,0.002304,,1.624064,6021,1294,0,
6022,55.516039795918367,1350138909415,1,6.2215984798967838,5.9277,6.224896,2.2531,14539,0.0012799999999999999,0.36940799999999996,,0.068096,0.24703999999999998,0,0.228352,0.008192,0.038655999999999996,,0.004352,,1.8406399999999998,6022,1295,0,
6023,55.522673497732427,1350138968692,1,6.6337017342448235,6.3267,6.19776,2.0491,14539,0.001024,0.36940799999999996,,0.076288,0.250624,0,0.230656,0.0076799999999999993,0.039424,,0.002816,,1.6217599999999999,6023,1296,0,
6024,55.529235997732421,1350139031959,1,6.5624997951090336,5.7787,6.598656,2.1845,14539,0.0012799999999999999,0.43545599999999995,,0.068352,0.242688,0,0.224512,0.0076799999999999993,0.040448,,0.002304,,1.6256,6024,1297,0,
6025,55.535338201530607,1350139089746,1,6.1022038571536541,6.2013,6.080512,2.6892,14539,0.001024,0.366848,,0.068352,0.24678399999999998,0,0.228096,0.005376,0.038911999999999995,,0.002304,,1.796096,6025,1298,0,
6026,55.541879499716551,1350139151759,1,6.5412982366979122,7.3048,6.06848,1.9866,14539,0.001024,0.365056,,0.068608,0.24601599999999998,0,0.22784,0.005888,0.041984,,0.005376,,1.638912,6026,1299,0,
6027,55.547809899376418,1350139224807,1,5.9303995221853256,5.9341,6.527232,2.2847,14539,0.001024,0.36607999999999996,,0.069887999999999992,0.252416,0,0.23321599999999998,0.009472,0.040448,,0.002304,,2.2545919999999997,6027,1300,0,
6028,55.554046995464851,1350139284148,1,6.2370961531996727,6.0928,5.924864,2.2145,14539,0.001024,0.365824,,0.069887999999999992,0.243968,0.000256,0.22527999999999998,0.007424,0.038144,,0.0038399999999999997,,1.3992959999999999,6028,1301,0,
6029,55.559972498582766,1350139345076,1,5.9255030937492847,7.2371,6.220032,2.1633,14539,0.001024,0.365824,,0.070656,0.247808,0.000256,0.22784,0.0076799999999999993,0.038911999999999995,,0.005376,,1.615872,6029,1302,0,
6030,55.56634479875283,1350139417447,1,6.3722999766469,5.316,5.905408,2.1781,14539,0.001024,0.366336,,0.068352,0.24371199999999998,0,0.22527999999999998,0.007936,0.039168,,0.0038399999999999997,,1.4008319999999999,6030,1303,0,
6031,55.572273200113379,1350139470607,1,5.9284013696014881,7.1632999999999996,6.35136,2.2971,14741,0.001024,0.367872,,0.075264,0.246272,0,0.22630399999999998,0.003584,0.039424,,0.0051199999999999996,,1.6335359999999999,6031,1304,0,
6032,55.5781218962585,1350139542240,1,5.8486959896981716,4.8402,5.399808,2.1932,14539,0.001024,0.368128,,0.068096,0.242944,0,0.224512,0.0076799999999999993,0.037376,,0.0051199999999999996,,1.618688,6032,1305,0,
6033,55.584108595521542,1350139590642,1,5.9866993688046932,6.3737,5.838336,2.1389,14539,0.001024,0.36991999999999997,,0.068096,0.24575999999999998,0,0.22784,0.0076799999999999993,0.037376,,0.004352,,2.0526079999999998,6033,1306,0,
6034,55.590615001417234,1350139654379,1,6.506405770778656,5.9529,5.955584,2.6663,14539,0.001024,0.366592,,0.06784,0.24345599999999998,0,0.225536,0.0038399999999999997,0.036351999999999995,,0.005376,,1.784832,6034,1307,0,
6035,55.597049596088432,1350139713908,1,6.4345947466790676,5.7333,6.483712,2.1271,14539,0.001024,0.367616,,0.068352,0.246528,0.000256,0.228352,0.005888,0.03712,,0.0048639999999999994,,1.95072,6035,1308,0,
6036,55.603543501984127,1350139771241,1,6.4939060248434544,6.4682,6.419712,2.1621,14539,0.001024,0.366848,,0.06784,0.24601599999999998,0,0.22784,0.0076799999999999993,0.037632,,0.003328,,1.906688,6036,1309,0,
6037,55.608989498299316,1350139835923,1,5.4459962993860245,6.3621,6.034944,2.2382,14539,0.0012799999999999999,0.367104,,0.068096,0.866304,0,0.47359999999999997,0.0076799999999999993,0.037888,,0.004352,,1.620992,6037,1310,0,
6038,55.6159419005102,1350139899544,1,6.9524021819233894,6.2533,5.415424,2.1419,14539,0.001024,0.368384,,0.068096,0.24806399999999998,0,0.230144,0.007936,0.039168,,0.0048639999999999994,,1.40032,6038,1311,0,
6039,55.62178740079365,1350139962077,1,5.8455001562833786,6.436,6.926336,2.2044,14539,0.001024,0.367104,,0.071936,0.247808,0.000256,0.22784,0.0076799999999999993,0.039424,,0.0038399999999999997,,1.869568,6039,1312,0,
6040,55.627737896825394,1350140026437,1,5.9504960663616657,5.7904,5.825024,2.736,14539,0.001024,0.367104,,0.068352,0.24447999999999998,0,0.226048,0.003328,0.036864,,0.0038399999999999997,,1.64096,6040,1313,0,
6041,55.634053096655329,1350140084341,1,6.3151996582746506,7.8952,5.925632,2.5306,14539,0.001024,0.368128,,0.068608,0.24345599999999998,0,0.22527999999999998,0.007936,0.036608,,0.0048639999999999994,,1.4023679999999998,6041,1314,0,
6042,55.640633397108843,1350140163293,1,6.5803006291389465,5.0756,6.296064,2.0699,14734,0.001024,0.36863999999999997,,0.070656,0.2432,0,0.225024,0.0076799999999999993,0.0384,,0.0048639999999999994,,2.092032,6042,1315,0,
6043,55.646807001133787,1350140214049,1,6.1736041679978371,5.5696,6.556928,2.3372,14539,0.001024,0.365056,,0.068096,0.24447999999999998,0,0.226048,0.007936,0.039168,,0.002304,,2.2661119999999997,6043,1316,0,
6044,55.652897200963714,1350140269745,1,6.0902000404894352,6.6517,6.155264,2.0651,14539,0.0012799999999999999,0.365568,,0.07039999999999999,0.24473599999999998,0,0.22655999999999998,0.0076799999999999993,0.038655999999999996,,0.004608,,1.9297279999999999,6044,1317,0,
6045,55.659612896825394,1350140336262,1,6.7156958393752575,6.4877,6.065408,1.9018,14539,0.001024,0.43801599999999996,,0.068096,0.24575999999999998,0,0.22630399999999998,0.003584,0.037888,,0.002304,,1.408512,6045,1318,0,
6046,55.666699298469382,1350140401139,1,7.0864018052816391,5.7846,6.691328,2.3423,14539,0.40294399999999997,0.438784,,0.068352,0.248832,0,0.22912,0.003328,0.038911999999999995,,0.002304,,2.1160959999999998,6046,1319,0,
6047,55.6728623015873,1350140458985,1,6.1630029231309891,6.7072,7.062784,2.0907,15257,0.001024,0.366848,,0.558848,0.284416,0,0.260352,0.0076799999999999993,0.039424,,0.005632,,1.861632,6047,1320,0,
6048,55.678940299036277,1350140526057,1,6.0779973864555359,6.1353,6.136064,2.1231,14539,0.001024,0.365056,,0.068096,0.249856,0.000256,0.23091199999999998,0.0076799999999999993,0.040704,,0.002304,,1.624576,6048,1321,0,
6049,55.685147696995465,1350140587410,1,6.2073981389403343,7.3688,6.05952,2.6236,14539,0.001024,0.369152,,0.068352,0.242176,0,0.22425599999999998,0.0038399999999999997,0.039424,,0.003328,,1.768448,6049,1322,0,
6050,55.691385296201808,1350140661098,1,6.2375990673899651,6.5898,6.181632,2.12,14539,0.001024,0.36531199999999997,,0.068608,0.245504,0,0.227328,0.0038399999999999997,0.039424,,0.004608,,1.8874879999999998,6050,1323,0,
6051,55.697703500566888,1350140726996,1,6.3182045705616474,5.3283,6.22208,2.4489,14591,0.001024,0.367104,,0.068096,0.244992,0,0.226816,0.0076799999999999993,0.039936,,0.0048639999999999994,,1.8542079999999999,6051,1324,0,
6052,55.703057596371877,1350140780279,1,5.3540957160294056,6.7559,6.290432,2.3012,14539,0.001024,0.366848,,0.068096,0.24703999999999998,0,0.22886399999999998,0.0076799999999999993,0.0384,,0.0038399999999999997,,1.628928,6052,1325,0,
6053,55.709863697562355,1350140847838,1,6.8061011843383312,6.8696,5.330688,2.1568,14539,0.001024,0.36479999999999996,,0.068608,0.240896,0,0.222208,0.007936,0.03968,,0.002304,,1.3992959999999999,6053,1326,0,
6054,55.71629119897959,1350140916534,1,6.4275013282895088,5.2181,6.78144,2.3116,14539,0.001024,0.365824,,0.068096,0.245504,0,0.227328,0.007936,0.037888,,0.005376,,2.39616,6054,1327,0,
6055,55.722379499716553,1350140968715,1,6.0883006080985069,5.4434,6.41152,2.2263,14539,0.0012799999999999999,0.369152,,0.074752,0.247808,0.000256,0.22758399999999998,0.009216,0.038655999999999996,,0.0048639999999999994,,1.627392,6055,1328,0,
6056,55.728511897675737,1350141023149,1,6.1323978006839752,6.5743,6.050304,2.1846,14539,0.001024,0.36940799999999996,,0.265472,0.246272,0.000256,0.222208,0.0076799999999999993,0.038655999999999996,,0.002304,,2.059008,6056,1329,0,
6057,55.739287996031742,1350141088892,1,10.776098817586899,6.5296,6.117888,2.4996,14539,0.001024,0.366336,,0.068608,0.242176,0,0.223744,0.0076799999999999993,0.037376,,0.004608,,1.4026239999999999,6057,1330,0,
6058,55.748268197278911,1350141154188,1,8.9802015572786331,6.3919,5.571072,3.8863,14539,0.001024,0.37734399999999996,,0.069632,0.242944,0.000256,0.224768,0.0038399999999999997,0.035584,,0.003328,,1.602816,6058,1331,0,
6059,55.759901395975056,1350141218107,1,11.633198708295822,11.4722,5.768192,3.4709,14539,0.001024,0.37734399999999996,,0.069632,0.242944,0.000256,0.224768,0.0038399999999999997,0.035584,,0.003328,,1.602816,6059,1332,0,
6060,55.765304202097504,1350141332829,1,5.4028062149882317,9.0049,5.833472,3.9883,14539,0.001024,0.368384,,0.068608,0.24447999999999998,0,0.225536,0.0076799999999999993,0.041215999999999996,,0.002304,,1.622528,6060,1333,0,
6061,55.771659098639454,1350141422878,1,6.3548963516950607,10.8493,5.999104,2.5621,14539,0.0012799999999999999,0.37862399999999996,,0.069887999999999992,0.2432,0,0.224512,0.0084479999999999989,0.03584,,0.004096,,1.6133119999999999,6061,1334,0,
6062,55.777826098356009,1350141531371,1,6.1669996939599514,7.768,5.69344,2.2159,14741,0.001024,0.378368,,0.069887999999999992,0.24831999999999999,0,0.22912,0.007936,0.038655999999999996,,0.002048,,1.406208,6062,1335,0,
6063,55.784214399092967,1350141609051,1,6.3883005641400814,4.0632,6.147072,2.9104,14539,0.001024,0.36607999999999996,,0.075007999999999991,0.256,0,0.236288,0.0076799999999999993,0.040704,,0.0025599999999999998,,1.4056959999999998,6063,1336,0,
6064,55.790390596655328,1350141649683,1,6.1761974357068539,6.3559,6.359296,2.0635,14734,0.001024,0.369152,,0.07168,0.245248,0,0.225536,0.007936,0.037632,,0.004096,,2.077952,6064,1337,0,
6065,55.796323901643987,1350141713242,1,5.9333047829568386,6.2129,6.159616,1.9701,14539,0.001024,0.365824,,0.068352,0.24908799999999998,0.000256,0.22988799999999998,0.0076799999999999993,0.038655999999999996,,0.002304,,1.90848,6065,1338,0,
6066,55.803124199263038,1350141775371,1,6.8002976477146149,6.449,5.910528,2.0658,14539,0.001024,0.366336,,0.075776,0.24703999999999998,0,0.225792,0.0076799999999999993,0.040192,,0.002816,,2.100224,6066,1339,0,
6067,55.810602295918365,1350141839861,1,7.4780965223908424,5.7104,6.617344,2.1426,14539,0.001024,0.366336,,0.075776,0.24703999999999998,0,0.225792,0.0076799999999999993,0.040192,,0.002816,,2.100224,6067,1340,0,
6068,55.815701296768708,1350141896965,1,5.0990008749067783,6.2362,7.053824,2.4575,14539,0.001024,0.368128,,0.068096,0.247552,0,0.22860799999999998,0.0076799999999999993,0.039424,,0.002304,,2.088192,6068,1341,0,
6069,55.822370797902494,1350141959327,1,6.6695013083517551,7.8103,5.633792,2.1224,14539,0.001024,0.368384,,0.068608,0.246528,0,0.228352,0.007936,0.03968,,0.005376,,1.423104,6069,1342,0,
6070,55.8281170989229,1350142037430,1,5.7463007979094982,6.7697,6.162688,2.6209,14539,0.001024,0.36735999999999996,,0.07424,0.2432,0,0.22425599999999998,0.003584,0.040192,,0.002048,,1.40672,6070,1343,0,
6071,55.834059601757367,1350142105127,1,5.9425029903650284,5.4005,5.715712,2.4941,14539,0.001024,0.366848,,0.068608,0.24345599999999998,0.000256,0.22527999999999998,0.0076799999999999993,0.037888,,0.0038399999999999997,,1.6217599999999999,6071,1344,0,
6072,55.840620797902496,1350142159132,1,6.5611959435045719,5.992,5.90464,2.2094,14539,0.001024,0.365824,,0.068608,0.24371199999999998,0,0.225024,0.003328,0.036864,,0.003584,,1.403392,6072,1345,0,
6073,55.8465878968254,1350142219052,1,5.9670987538993359,5.9154,6.550272,1.8527,14539,0.001024,0.36940799999999996,,0.068096,0.246528,0.000256,0.227072,0.0076799999999999993,0.040192,,0.002048,,2.281472,6073,1346,0,
6074,55.85243470096372,1350142278206,1,5.84680400788784,5.415,5.951232,2.1516,14539,0.0012799999999999999,0.368384,,0.068864,0.245248,0,0.225792,0.0076799999999999993,0.040959999999999996,,0.0025599999999999998,,1.403392,6074,1347,0,
6075,55.859294401927436,1350142332356,1,6.8597011268138885,6.7449,5.831424,2.6636,14539,0.001024,0.365824,,0.074752,0.24908799999999998,0,0.229376,0.0076799999999999993,0.037632,,0.005888,,1.401344,6075,1348,0,
6076,55.865994196428566,1350142399805,1,6.6997944377362728,6.487,6.830848,2.2579,14539,0.001024,0.367616,,0.068608,0.634112,0,0.614912,0.007936,0.040704,,0.0025599999999999998,,2.3380479999999997,6076,1349,0,
6077,55.871799100056684,1350142464675,1,5.80490380525589,5.4772,6.673664,2.8743,14741,0.001024,0.368384,,0.068096,0.24115199999999998,0,0.22272,0.0076799999999999993,0.040704,,0.002304,,1.840128,6077,1350,0,
6078,55.878411500850341,1350142519447,1,6.6124009899795055,6.8187,5.783808,2.9623,14539,0.001024,0.438272,,0.068352,0.242176,0,0.223744,0.0076799999999999993,0.037888,,0.003584,,1.42208,6078,1351,0,
6079,55.884527699829931,1350142587634,1,6.1161988414824009,7.851,5.881088,2.5203,14539,0.001024,0.43596799999999997,,0.068352,0.24678399999999998,0,0.227328,0.0076799999999999993,0.037888,,0.002048,,1.6168959999999999,6079,1352,0,
6080,55.890907901077092,1350142666144,1,6.3802013173699379,5.3507999999999996,6.11712,2.5039,14539,0.001024,0.43776,,0.068608,0.24345599999999998,0,0.225792,0.0076799999999999993,0.03712,,0.004352,,1.402112,6080,1353,0,
6081,55.897073901643992,1350142719652,1,6.166000384837389,6.4464,6.372864,2.2875,14539,0.001024,0.367616,,0.073984,0.246272,0.000256,0.228352,0.007936,0.03968,,0.0051199999999999996,,1.8327039999999999,6081,1354,0,
6082,55.903321400226758,1350142784116,1,6.24749856069684,5.6662,6.10816,2.5532,14591,0.001024,0.36607999999999996,,0.068352,0.44339199999999995,0,0.225024,0.013312,0.038911999999999995,,0.0048639999999999994,,1.784832,6082,1355,0,
6083,55.909764902210881,1350142840778,1,6.44350191578269,6.6449,6.259712,2.1044,14539,0.001024,0.36403199999999997,,0.068608,0.25190399999999996,0.000256,0.232704,0.007936,0.039424,,0.002304,,1.4023679999999998,6083,1356,0,
6084,55.915240596655323,1350142907227,1,5.4756943136453629,6.744,5.974784,2.5226,14539,0.001024,0.365056,,0.07424,0.251648,0.000256,0.231424,0.007936,0.040448,,0.0025599999999999998,,1.403136,6084,1357,0,
6085,55.9219014951814,1350142974667,1,6.660898681730032,5.4049,5.434368,2.3124,14539,0.001024,0.366592,,0.068608,0.244224,0,0.225792,0.0076799999999999993,0.038144,,0.0051199999999999996,,1.396736,6085,1358,0,
6086,55.928601700680268,1350143028716,1,6.7002056166529655,6.1463,6.669568,2.1881,20949,0.001024,0.367616,,0.075264,0.249856,0,0.229632,0.0076799999999999993,0.041215999999999996,,0.0025599999999999998,,1.7269759999999998,6086,1359,0,
6087,55.934919699546484,1350143090179,1,6.3179987482726574,5.6746,6.665216,2.2498,14539,0.001024,0.367616,,0.068096,0.24243199999999998,0,0.224512,0.0076799999999999993,0.037632,,0.0051199999999999996,,1.6383999999999999,6087,1360,0,
6088,55.940895797902492,1350143146925,1,5.9760981239378452,6.4419,6.300416,2.0894,14539,0.001024,0.367616,,0.068096,0.674048,0.000256,0.655872,0.003328,0.040959999999999996,,0.0051199999999999996,,1.8058239999999999,6088,1361,0,
6089,55.947548200113374,1350143211344,1,6.652402225881815,6.6978,5.93408,2.081,14734,0.001024,0.367616,,0.068608,0.243968,0,0.225792,0.007936,0.039936,,0.0051199999999999996,,1.622528,6089,1362,0,
6090,55.953386798469388,1350143278322,1,5.8385981246829033,6.1093,6.650368,2.0459,14539,0.001024,0.368384,,0.068096,0.63436799999999993,0,0.22860799999999998,0.0051199999999999996,0.0384,,0.0048639999999999994,,2.170368,6090,1363,0,
6091,55.9591919005102,1350143339415,1,5.805102176964283,5.9587,5.81888,2.0382,14539,0.001024,0.367616,,0.068096,0.243968,0,0.225792,0.0076799999999999993,0.037376,,0.003584,,1.402112,6091,1364,0,
6092,55.965887896825393,1350143399002,1,6.6959965042769909,6.9305,5.77152,2.4093,14539,0.001024,0.364544,,0.07039999999999999,0.24678399999999998,0,0.226816,0.007936,0.039936,,0.005632,,1.400064,6092,1365,0,
6093,55.972820500283447,1350143468307,1,6.9326036609709263,5.806,6.682368,2.0692,14741,0.001024,0.365568,,0.068352,0.24601599999999998,0,0.227072,0.0076799999999999993,0.03968,,0.004608,,1.968896,6093,1366,0,
6094,55.978762400793649,1350143526367,1,5.9419004246592522,5.9486,6.91584,2.5332,14539,0.001024,0.365056,,0.070912,0.24601599999999998,0,0.22655999999999998,0.0076799999999999993,0.037888,,0.004096,,2.297088,6094,1367,0,
6095,55.98483030045351,1350143585853,1,6.0678995214402676,6.3136,5.905408,2.1288,14539,0.001024,0.36940799999999996,,0.068352,0.242944,0,0.224512,0.0076799999999999993,0.037888,,0.004352,,1.75616,6095,1368,0,
6096,55.9912878968254,1350143648989,1,6.4575965516269207,7.3913,6.045696,2.3029,14539,0.001024,0.36735999999999996,,0.068352,0.2432,0,0.224768,0.009216,0.037376,,0.005376,,2.075904,6096,1369,0,
6097,55.997344401927435,1350143722902,1,6.0565052554011345,6.1111,6.430976,2.6242,14539,0.001024,0.366336,,0.069632,0.247808,0,0.22988799999999998,0.008192,0.039936,,0.004096,,1.7871359999999998,6097,1370,0,
6098,56.003560196995466,1350143784013,1,6.2157949432730675,6.7941,6.043904,2.1377,14539,0.001024,0.36735999999999996,,0.068608,0.245248,0,0.226816,0.003328,0.039168,,0.0048639999999999994,,1.640448,6098,1371,0,
6099,56.010339795918362,1350143851954,1,6.7795990034937859,6.1509,6.183936,2.2008,14539,0.0012799999999999999,0.366336,,0.068608,0.24243199999999998,0.000256,0.224768,0.0076799999999999993,0.037888,,0.004096,,1.396992,6099,1372,0,
6100,56.016275297619046,1350143913463,1,5.9355017729103565,5.0153,6.764544,2.0107,14539,0.001024,0.366848,,0.075264,0.247296,0,0.22784,0.007936,0.039168,,0.0051199999999999996,,1.639168,6100,1373,0,
6101,56.022828996598641,1350143963616,1,6.5536987967789173,6.1746,5.90976,2.0481,14539,0.0012799999999999999,0.36735999999999996,,0.068096,0.245248,0,0.227072,0.0076799999999999993,0.039936,,0.003584,,1.6128,6101,1374,0,
6102,56.029289101473921,1350144025362,1,6.4601050689816475,6.7372,6.541312,2.2663,14539,0.001024,0.364544,,0.068352,0.246272,0,0.22784,0.007936,0.03712,,0.0048639999999999994,,1.911552,6102,1375,0,
6103,56.0353514951814,1350144092734,1,6.0623935423791409,6.0727,6.435584,2.3838,14539,0.001024,0.367872,,0.074495999999999993,0.248832,0,0.22912,0.0076799999999999993,0.038655999999999996,,0.0051199999999999996,,2.107904,6103,1376,0,
6104,56.041606498015874,1350144153461,1,6.2550026923418045,6.4189,5.994752,2.1066,14539,0.001024,0.36531199999999997,,0.068864,0.244224,0,0.22630399999999998,0.007936,0.041471999999999995,,0.003584,,1.4077439999999999,6104,1377,0,
6105,56.048258595521538,1350144217650,1,6.6520976833999157,6.7106,6.281216,2.3038,14539,0.001024,0.368128,,0.06784,0.63103999999999993,0.000256,0.231424,0.00896,0.039936,,0.003072,,1.92,6105,1378,0,
6106,56.054086897675738,1350144284756,1,5.8283023536205292,5.7753,6.19392,2.1852,14539,0.001024,0.36940799999999996,,0.074752,0.248832,0.000256,0.229632,0.0076799999999999993,0.0384,,0.0051199999999999996,,1.628672,6106,1379,0,
6107,56.060997696995464,1350144342509,1,6.9107995368540287,6.3861,5.8176,1.9745,14539,0.001024,0.36735999999999996,,0.068096,0.24473599999999998,0.000256,0.22655999999999998,0.007936,0.039424,,0.004352,,1.4008319999999999,6107,1380,0,
6108,56.066873001700678,1350144406370,1,5.8753048069775105,6.7576,6.888192,2.1254,14539,0.001024,0.366848,,0.070144,0.247296,0,0.22758399999999998,0.0038399999999999997,0.037632,,0.004352,,1.8777599999999999,6108,1381,0,
6109,56.073370698696145,1350144473946,1,6.4976969733834267,5.8975,5.851648,2.1751,14741,0.001024,0.36735999999999996,,0.068352,0.2432,0,0.22527999999999998,0.0076799999999999993,0.037632,,0.0048639999999999994,,1.645824,6109,1382,0,
6110,56.079640695861677,1350144532921,1,6.2699969857931137,7.1436,6.47552,2.1235,14539,0.001024,0.368896,,0.068864,0.245504,0,0.22758399999999998,0.0076799999999999993,0.037632,,0.0051199999999999996,,1.92896,6110,1383,0,
6111,56.085480598072557,1350144604357,1,5.8399024419486523,5.5357,6.233856,2.405,14539,0.001024,0.365056,,0.068096,0.242944,0,0.224768,0.010239999999999999,0.0384,,0.004608,,1.8155519999999998,6111,1384,0,
6112,56.092150198412696,1350144659714,1,6.6696004942059517,7.1374,5.825536,2.2364,14539,0.0012799999999999999,0.36607999999999996,,0.068096,0.69375999999999993,0,0.676608,0.008192,0.039936,,0.004352,,1.6350719999999999,6112,1385,0,
6113,56.098465199829931,1350144731088,1,6.3150012865662575,6.0024,6.090752,2.1845,14734,0.001024,0.367104,,0.365824,0.258048,0,0.23296,0.007936,0.037376,,0.0048639999999999994,,1.591808,6113,1386,0,
6114,56.104324695294785,1350144791112,1,5.8594956062734127,5.4237,6.285824,2.0217,14591,0.0012799999999999999,0.367872,,0.068352,0.245248,0,0.22758399999999998,0.0076799999999999993,0.039168,,0.0051199999999999996,,1.6215039999999998,6114,1387,0,
6115,56.110884098639453,1350144845349,1,6.5594031475484371,6.7536,5.842688,2.1444,14539,0.001024,0.363776,,0.068352,0.24345599999999998,0,0.22527999999999998,0.008192,0.038911999999999995,,0.0048639999999999994,,1.4026239999999999,6115,1388,0,
6116,56.117098497732421,1350144912885,1,6.2143988907337189,6.7073,6.09152,2.0708,14539,0.001024,0.36479999999999996,,0.072191999999999992,0.245504,0,0.225536,0.009984,0.037632,,0.004608,,1.611264,6116,1389,0,
6117,56.123858496315194,1350144979958,1,6.7599983885884285,5.5187,6.16832,2.1472,14539,0.001024,0.367616,,0.068096,0.245504,0,0.22758399999999998,0.007424,0.037888,,0.004608,,1.6256,6117,1390,0,
6118,56.130283900226758,1350145035145,1,6.4254039898514748,7.1272,6.750208,2.5097,14539,0.0012799999999999999,0.36735999999999996,,0.068864,0.244992,0,0.226816,0.008192,0.036608,,0.0051199999999999996,,1.925376,6118,1391,0,
6119,56.13611909722222,1350145106417,1,5.8351969346404076,6.5169,6.412032,2.3104,14539,0.001024,0.365056,,0.068608,0.244992,0,0.227072,0.008192,0.039168,,0.004352,,1.403904,6119,1392,0,
6120,56.141822498582762,1350145171586,1,5.7034012861549854,6.4128,5.812224,2.0197,14539,0.0012799999999999999,0.368384,,0.070912,0.24473599999999998,0,0.225024,0.0076799999999999993,0.035328,,0.005888,,1.625856,6120,1393,0,
6121,56.147569097222217,1350145235714,1,5.7465988211333752,6.29,5.690624,2.0423,14539,0.001024,0.366592,,0.068096,0.243968,0,0.22527999999999998,0.003584,0.037888,,0.0051199999999999996,,1.627904,6121,1394,0,
6122,56.154479698129251,1350145298614,1,6.9106006994843483,5.3046,5.72288,1.9511,14539,0.0012799999999999999,0.368128,,0.068352,0.24908799999999998,0,0.230656,0.0076799999999999993,0.037376,,0.004096,,1.403904,6122,1395,0,
6123,56.161537599206348,1350145351660,1,7.0579010061919689,5.6515,6.896128,1.9829,14539,0.001024,0.368896,,0.07424,0.247808,0,0.228096,0.0038399999999999997,0.0384,,0.0051199999999999996,,1.837056,6123,1396,0,
6124,56.1677718962585,1350145408175,1,6.2342970632016659,5.6929,7.03744,2.1109,14539,0.001024,0.366848,,0.075776,0.246528,0.000256,0.227328,0.0076799999999999993,0.037888,,0.004352,,1.6250879999999999,6124,1397,0,
6125,56.174440199829931,1350145465104,1,6.6683036275208,7.4166,6.209024,1.961,15257,0.0012799999999999999,0.367872,,0.068096,0.24473599999999998,0,0.22655999999999998,0.007424,0.03712,,0.0048639999999999994,,1.407232,6125,1398,0,
6126,56.180649596088436,1350145539270,1,6.2093962915241718,6.5213,6.452736,1.9039,14539,0.001024,0.36991999999999997,,0.07808,0.249856,0,0.230144,0.0076799999999999993,0.038655999999999996,,0.005376,,1.951488,6126,1399,0,
6127,56.1871012967687,1350145604483,1,6.4517008140683174,6.317,6.181632,1.9361,14539,0.001024,0.365824,,0.068352,0.24447999999999998,0,0.22655999999999998,0.007936,0.03584,,0.004096,,2.4189439999999998,6127,1400,0,
6128,56.192845500283447,1350145667653,1,5.7442034594714642,6.7149,6.442752,2.0457,14539,0.001024,0.368384,,0.070656,0.248576,0.000256,0.228352,0.0076799999999999993,0.040448,,0.0038399999999999997,,1.7338879999999999,6128,1401,0,
6129,56.199385097789111,1350145734802,1,6.5395976416766644,6.0006,5.71648,1.9593,14539,0.001024,0.366592,,0.068096,0.241664,0,0.223744,0.0038399999999999997,0.037376,,0.003584,,1.398016,6129,1402,0,
6130,56.205921095521539,1350145794808,1,6.5359976142644882,6.6839,6.520064,2.1211,14539,0.001024,0.368128,,0.068096,0.24192,0.000256,0.22399999999999998,0.007424,0.038911999999999995,,0.004608,,1.6281599999999998,6130,1403,0,
6131,56.21180819869614,1350145861647,1,5.8871032670140266,5.6241,6.302976,2.3415,14539,0.001024,0.36863999999999997,,0.068352,0.242176,0,0.223488,0.003072,0.03456,,0.004096,,1.403136,6131,1404,0,
6132,56.217784998582765,1350145917888,1,5.976799875497818,7.7486,5.863424,2.1934,14539,0.0012799999999999999,0.366592,,0.068352,0.24192,0,0.22323199999999999,0.0038399999999999997,0.038911999999999995,,0.0051199999999999996,,1.868032,6132,1405,0,
6133,56.224697399376417,1350145995374,1,6.91240094602108,6.0984,5.947904,2.2123,14539,0.0012799999999999999,0.365824,,0.068352,0.24575999999999998,0,0.227072,0.007936,0.036864,,0.004352,,1.40032,6133,1406,0,
6134,56.2310919005102,1350146056358,1,6.3945013098418713,5.4945,6.900224,2.3463,14539,0.001024,0.365568,,0.07039999999999999,0.24908799999999998,0,0.229632,0.007936,0.039168,,0.0048639999999999994,,1.619456,6134,1407,0,
6135,56.236925396825391,1350146111303,1,5.83349633961916,6.1352,6.37184,2.9068,14539,0.0012799999999999999,0.368384,,0.068352,0.240896,0,0.22297599999999998,0.008192,0.040448,,0.0051199999999999996,,1.61408,6135,1408,0,
6136,56.243262400793647,1350146172655,1,6.3370037823915482,6.8225,5.806592,2.2363,14539,0.0012799999999999999,0.367104,,0.068864,0.247552,0,0.229376,0.0076799999999999993,0.040448,,0.005376,,1.40288,6136,1409,0,
6137,56.249428302154193,1350146240880,1,6.1659011989831924,6.5232,6.314496,2.0203,14734,0.001024,0.366848,,0.068608,0.242944,0,0.22425599999999998,0.0076799999999999993,0.0384,,0.002304,,1.405184,6137,1410,0,
6138,56.256367701247164,1350146306112,1,6.9393990561366081,5.5266,6.140672,2.2266,14539,0.0012799999999999999,0.36607999999999996,,0.068352,0.24575999999999998,0,0.22758399999999998,0.003584,0.036351999999999995,,0.004352,,1.4023679999999998,6138,1411,0,
6139,56.262701395975057,1350146361378,1,6.3336947932839394,6.7124,6.929664,2.0781,14539,0.001024,0.368384,,0.075776,0.247808,0,0.22784,0.003584,0.041728,,0.002816,,1.622784,6139,1412,0,
6140,56.268787698412694,1350146428502,1,6.0863024555146694,5.9599,6.304256,2.3038,14539,0.001024,0.43648,,0.068096,0.244224,0,0.226048,0.007936,0.036608,,0.0038399999999999997,,1.921536,6140,1413,0,
6141,56.275147200963715,1350146488101,1,6.3595026731491089,7.0797,6.059008,2.0124,14741,0.0012799999999999999,0.365568,,0.068608,0.24575999999999998,0,0.22784,0.0076799999999999993,0.039168,,0.004608,,1.403904,6141,1414,0,
6142,56.281286295351471,1350146558898,1,6.1390944756567478,6.5125,6.346496,1.9438,14539,0.001024,0.36940799999999996,,0.069376,0.24678399999999998,0.000256,0.228352,0.0038399999999999997,0.0384,,0.004352,,1.704448,6142,1415,0,
6143,56.287658000283443,1350146624023,1,6.3717048615217209,5.8953,6.119168,2.1004,14539,0.001024,0.366592,,0.068352,0.24115199999999998,0.000256,0.22272,0.0076799999999999993,0.035328,,0.004096,,1.613824,6143,1416,0,
6144,56.293976799886622,1350146682976,1,6.3187996856868267,6.0328,6.336,2.9309,14539,0.001024,0.36403199999999997,,0.06784,0.243968,0,0.225792,0.0076799999999999993,0.036864,,0.0038399999999999997,,1.72288,6144,1417,0,
6145,56.3001797973356,1350146743304,1,6.2029976397752762,6.4297,6.295296,2.1702,14539,0.001024,0.36735999999999996,,0.069376,0.243968,0,0.225536,0.0076799999999999993,0.037888,,0.004352,,1.4174719999999998,6145,1418,0,
6146,56.306216000566891,1350146807601,1,6.0362033545970917,6.3226,6.186496,2.3427,14591,0.001024,0.365568,,0.068352,0.243968,0.000256,0.225792,0.007936,0.03712,,0.0051199999999999996,,1.403904,6146,1419,0,
6147,56.313638796768707,1350146870827,1,7.4227959848940372,7.3203,6.023168,2.2335,14539,0.001024,0.367616,,0.068096,0.441088,0,0.223744,0.012799999999999999,0.037632,,0.005632,,1.8460159999999999,6147,1420,0,
6148,56.319023299319724,1350146944030,1,5.3845024667680264,5.2273,7.399424,2.1909,14539,0.001024,0.368384,,0.07424,0.25344,0,0.233728,0.005632,0.040959999999999996,,0.005632,,1.9847679999999999,6148,1421,0,
6149,56.325499695294781,1350146996303,1,6.4763957634568214,5.6387,5.353216,1.9274,14539,0.001024,0.365824,,0.068096,0.2432,0,0.224512,0.007168,0.039168,,0.005376,,1.40032,6149,1422,0,
6150,56.331720996315191,1350147052690,1,6.2213009223341942,7.4067,6.460672,1.958,14539,0.001024,0.367104,,0.068352,0.4416,0,0.223744,0.009472,0.036864,,0.005376,,2.02752,6150,1423,0,
6151,56.3385795989229,1350147126757,1,6.85860263183713,5.3635,6.135808,1.9579,14539,0.001024,0.364544,,0.073728,0.242688,0,0.224512,0.007936,0.039936,,0.0048639999999999994,,1.6453119999999999,6151,1424,0,
6152,56.345213499149658,1350147180392,1,6.6339001059532166,6.581,6.897152,1.9654,14539,0.001024,0.36735999999999996,,0.068608,0.86784,0.000256,0.848896,0.007424,0.038911999999999995,,0.005376,,1.622784,6152,1425,0,
6153,56.35154080215419,1350147246202,1,6.3273031264543533,5.9649,6.615808,1.9372,14539,0.001024,0.43929599999999996,,0.068096,0.24473599999999998,0,0.22630399999999998,0.007936,0.039168,,0.0038399999999999997,,1.7722879999999999,6153,1426,0,
6154,56.357942198129251,1350147305851,1,6.40139589086175,7.6039,6.297088,1.9734,14539,0.0012799999999999999,0.366592,,0.068096,0.245504,0,0.22758399999999998,0.007936,0.036864,,0.0048639999999999994,,1.791744,6154,1427,0,
6155,56.3641420989229,1350147381890,1,6.19990099221468,5.9964,6.387968,1.9312,57534,0.001024,0.369664,,0.068864,0.44339199999999995,0,0.22630399999999998,0.0051199999999999996,0.039936,,0.004608,,2.290432,6155,1428,0,
6156,56.370277898242627,1350147441854,1,6.1357994563877583,6.3439,6.178048,1.9277,14684,0.001024,0.36479999999999996,,0.068352,0.245248,0,0.227072,0.0076799999999999993,0.037632,,0.004608,,1.403904,6156,1429,0,
6157,56.377016099773243,1350147505293,1,6.7382017150521278,6.5204,6.112768,1.9105,44966,0.001024,0.36863999999999997,,0.072191999999999992,0.445696,0,0.425728,0.004096,0.016895999999999998,,0.053759999999999995,,1.420544,6157,1430,0,
6158,56.383303195861679,1350147570497,1,6.2870960682630539,6.0801,6.714112,2.3317,14539,0.001024,0.370176,,0.075264,0.247296,0,0.22784,0.0076799999999999993,0.041471999999999995,,0.0051199999999999996,,1.878528,6158,1431,0,
6159,56.389688499149656,1350147631298,1,6.3853031024336815,6.7096,6.25408,1.9173,14539,0.001024,0.365568,,0.068608,0.24371199999999998,0,0.226048,0.0076799999999999993,0.037376,,0.004096,,1.872128,6159,1432,0,
6160,56.395829095804984,1350147698394,1,6.1405966989696026,6.2434,6.383104,2.2052,14539,0.001024,0.435712,,0.068352,0.24243199999999998,0,0.223744,0.004352,0.0384,,0.0038399999999999997,,1.7855999999999999,6160,1433,0,
6161,56.402525701530607,1350147760828,1,6.6966055892407894,6.124,6.120704,2.328,14734,0.001024,0.370432,,0.068352,0.244992,0,0.226816,0.007936,0.037376,,0.004352,,1.833728,6161,1434,0,
6162,56.408545797902491,1350147822068,1,6.0200965963304043,6.5355,6.53568,1.9332,14539,0.001024,0.369152,,0.068352,0.408576,0,0.390144,0.0076799999999999993,0.038655999999999996,,0.005376,,2.39232,6162,1435,0,
6163,56.414831398809518,1350147887423,1,6.2856008298695087,6.1613,6.132736,2.7809,14539,0.0012799999999999999,0.368896,,0.068096,0.243968,0.000256,0.225792,0.008192,0.0384,,0.005632,,1.4026239999999999,6163,1436,0,
6164,56.421043395691605,1350147949036,1,6.2119970098137856,7.6885,6.271232,1.982,14539,0.001024,0.368384,,0.0768,0.247808,0,0.22758399999999998,0.007936,0.0384,,0.0051199999999999996,,1.8959359999999998,6164,1437,0,
6165,56.427312195294782,1350148025921,1,6.2687997706234455,5.193,6.186752,2.4446,14539,0.001024,0.367872,,0.073728,0.245504,0,0.227072,0.007936,0.040704,,0.004608,,1.400064,6165,1438,0,
6166,56.433884495464852,1350148077851,1,6.5723001025617123,6.1733,6.258176,2.318,20949,0.001024,0.365568,,0.0768,0.24601599999999998,0.000256,0.22655999999999998,0.007936,0.037376,,0.004608,,1.403648,6166,1439,0,
6167,56.439752196712014,1350148139584,1,5.8677010238170624,6.1948,6.545152,1.8517,14539,0.001024,0.369152,,0.068608,0.657152,0,0.226048,0.006656,0.041728,,0.005376,,1.8071039999999998,6167,1440,0,
6168,56.446214902210883,1350148201532,1,6.4627053216099739,6.2538,5.84576,2.2373,14539,0.001024,0.366336,,0.068352,0.243968,0,0.225536,0.009472,0.038144,,0.004608,,1.42336,6168,1441,0,
6169,56.452958595521537,1350148264070,1,6.743693258613348,7.1403,6.44224,2.8858,14539,0.001024,0.366848,,0.070656,0.241664,0,0.223488,0.0076799999999999993,0.03584,,0.0051199999999999996,,2.242816,6169,1442,0,
6170,56.4589042020975,1350148335473,1,5.9456066228449345,5.3815,6.727936,2.2689,14539,0.001024,0.43801599999999996,,0.068608,0.24473599999999998,0,0.226816,0.0076799999999999993,0.041728,,0.005376,,2.181632,6170,1443,0,
6171,56.464785196995464,1350148389288,1,5.8809947222471237,6.4305,5.915392,2.0155,14539,0.001024,0.366592,,0.068096,0.242944,0,0.225024,0.007936,0.037888,,0.003584,,1.3990399999999998,6171,1444,0,
6172,56.470555498866212,1350148453593,1,5.7703019119799137,6.7514,5.438208,2.1085,14539,0.001024,0.36863999999999997,,0.068352,0.24806399999999998,0,0.22988799999999998,0.0076799999999999993,0.0384,,0.004608,,1.64096,6172,1445,0,
6173,56.477023596938771,1350148521107,1,6.4680981449782848,5.7513,5.729536,2.2013,14741,0.001024,0.367616,,0.068352,0.251648,0,0.23321599999999998,0.0076799999999999993,0.037376,,0.003328,,1.7205759999999999,6173,1446,0,
6174,56.483509800170069,1350148578620,1,6.48620305582881,6.0946,6.471168,1.9335,84823,0.001024,0.365056,,0.068352,0.245504,0.000256,0.227328,0.0076799999999999993,0.037632,,0.005376,,1.4008319999999999,6174,1447,0,
6175,56.490050496031742,1350148639566,1,6.540695670992136,5.9016,6.452736,2.1997,78333,0.001024,0.365824,,0.068096,0.625664,0,0.607744,0.007936,0.036351999999999995,,0.005888,,1.6302079999999999,6175,1448,0,
6176,56.496477196712014,1350148698582,1,6.4267008565366268,6.1653,6.51392,2.2155,14539,0.001024,0.366336,,0.07424,0.244992,0,0.22655999999999998,0.0076799999999999993,0.036864,,0.0038399999999999997,,1.8124799999999999,6176,1449,0,
6177,56.502985600907024,1350148760235,1,6.5084043890237808,6.7628,6.33856,2.253,20323,0.0012799999999999999,0.438272,,0.068096,0.245248,0,0.226816,0.0038399999999999997,0.040448,,0.004096,,1.82784,6177,1450,0,
6178,56.509327600623578,1350148827863,1,6.3419998623430729,6.607,6.552576,2.319,14591,0.001024,0.36735999999999996,,0.068096,0.44390399999999997,0,0.22860799999999998,0.0097279999999999988,0.038911999999999995,,0.0051199999999999996,,1.908992,6178,1451,0,
6179,56.515272498582767,1350148893933,1,5.9448978863656521,6.7009,6.319104,2.5695,151921,0.001024,0.36352,,0.068608,0.24934399999999998,0.000256,0.230656,0.0076799999999999993,0.040192,,0.002048,,1.8841599999999998,6179,1452,0,
6180,56.521166595804985,1350148960942,1,5.8940970338881016,6.1896,5.93792,2.6067,108061,0.001024,0.36607999999999996,,0.068608,0.247808,0,0.229632,0.006656,0.040192,,0.005632,,1.399552,6180,1453,0,
6181,56.527841702097504,1350149022838,1,6.6751064732670784,6.1727,5.859072,2.503,14539,0.0012799999999999999,0.367872,,0.075007999999999991,0.24806399999999998,0,0.22886399999999998,0.006912,0.039168,,0.004352,,1.399552,6181,1454,0,
6182,56.534267396541949,1350149084565,1,6.4256945624947548,5.9694,6.64576,1.9605,14539,0.001024,0.43776,,0.068096,0.76646399999999992,0,0.74726399999999993,0.007168,0.0384,,0.0025599999999999998,,1.89056,6182,1455,0,
6183,56.540443395691611,1350149144259,1,6.1759990639984608,5.8857,6.417408,2.0484,14539,0.001024,0.364544,,0.068352,0.24575999999999998,0,0.227072,0.007936,0.040192,,0.002048,,1.62048,6183,1456,0,
6184,56.5468419005102,1350149203116,1,6.3985045999288559,6.6635,6.1504,2.1538,14539,0.001024,0.36479999999999996,,0.068096,0.24140799999999998,0,0.223488,0.0076799999999999993,0.036608,,0.004352,,1.7771519999999998,6184,1457,0,
6185,56.552878401360545,1350149269751,1,6.0365009121596813,6.5799,6.384384,2.2047,15442,0.001024,0.369152,,0.068352,0.244992,0,0.22630399999999998,0.0076799999999999993,0.041471999999999995,,0.002304,,1.9965439999999999,6185,1458,0,
6186,56.558836798469386,1350149335550,1,5.9583969414234161,6.349,6.00704,2.0688,48790,0.001024,0.365824,,0.068096,0.248576,0,0.2304,0.0076799999999999993,0.036864,,0.0038399999999999997,,1.8004479999999998,6186,1459,0,
6187,56.565734098639453,1350149399040,1,6.8973000161349773,6.4359,5.910784,1.9162,14539,0.001024,0.367616,,0.068096,0.68454399999999993,0,0.22758399999999998,0.009472,0.043264,,0.005888,,1.403392,6187,1460,0,
6188,56.572127196712017,1350149463399,1,6.393098272383213,5.5302,6.902016,2.0095,14539,0.001024,0.438528,,0.076544,0.24703999999999998,0,0.227328,0.007936,0.037632,,0.005888,,1.886464,6188,1461,0,
6189,56.578632199546483,1350149518701,1,6.5050027333199978,6.0907,6.368256,1.8616,14741,0.001024,0.36863999999999997,,0.068096,0.24447999999999998,0.000256,0.22630399999999998,0.005632,0.0384,,0.0038399999999999997,,2.20416,6189,1462,0,
6190,56.58500070153061,1350149579608,1,6.3685020431876183,6.7683,6.49088,2.0712,20323,0.001024,0.369152,,0.263424,0.249856,0,0.22655999999999998,0.007936,0.037632,,0.004352,,2.011392,6190,1463,0,
6191,56.591453302154193,1350149647291,1,6.452600471675396,7.1083,6.349312,1.9677,14539,0.0012799999999999999,0.36940799999999996,,0.068096,0.242944,0,0.224768,0.005632,0.037376,,0.003584,,1.773056,6191,1464,0,
6192,56.597790497448976,1350149718374,1,6.3371951691806316,6.3897,6.419456,2.1982,14539,0.001024,0.36940799999999996,,0.265984,0.251648,0.000256,0.22758399999999998,0.0076799999999999993,0.03968,,0.005376,,1.404672,6192,1465,0,
6193,56.604937797619044,1350149782271,1,7.1473000571131706,5.7998,6.31936,2.0953,14539,0.001024,0.367616,,0.07039999999999999,0.250112,0.000256,0.230656,0.007936,0.0384,,0.005888,,1.5979519999999998,6193,1466,0,
6194,56.610911798469388,1350149840269,1,5.9740007854998112,6.4038,7.12192,2.3394,14539,0.001024,0.369664,,0.068352,0.24192,0,0.223744,0.007936,0.036864,,0.0051199999999999996,,1.4008319999999999,6194,1467,0,
6195,56.617630498866212,1350149904307,1,6.718700286000967,6.8795,5.959424,1.9328,14539,0.001024,0.366336,,0.068096,0.246272,0,0.228096,0.0076799999999999993,0.037376,,0.0038399999999999997,,1.645824,6195,1468,0,
6196,56.62374270124716,1350149973102,1,6.1122025363147259,6.8829,6.70336,2.0677,14539,0.001024,0.43724799999999997,,0.06912,0.801792,0,0.783872,0.011007999999999999,0.015872,,0.041215999999999996,,1.76128,6196,1469,0,
6197,56.629857298752832,1350150041931,1,6.11459743231535,5.6716,6.083584,2.2991,14886,0.001024,0.365568,,0.068096,0.2432,0,0.22425599999999998,0.007424,0.03712,,0.004352,,1.6299519999999998,6197,1470,0,
6198,56.63573719529478,1350150098647,1,5.8798966929316521,7.2804,6.084096,1.9473,14539,0.001024,0.36607999999999996,,0.068352,0.245248,0,0.227072,0.003328,0.038655999999999996,,0.003328,,1.399552,6198,1471,0,
6199,56.642261196145121,1350150171451,1,6.5240007825195789,5.5651,5.87008,1.8841,14539,0.001024,0.368384,,0.075264,0.24806399999999998,0,0.228352,0.007936,0.037376,,0.004608,,1.628928,6199,1472,0,
6200,56.647986500850337,1350150227102,1,5.72530459612608,6.179,6.503936,2.0845,14539,0.001024,0.366848,,0.068352,0.664832,0,0.6464,0.0076799999999999993,0.037888,,0.005376,,1.833728,6200,1473,0,
6201,56.654897101757371,1350150288892,1,6.9106006994843483,6.4988,5.700864,1.8805,14539,0.0012799999999999999,0.364544,,0.068096,0.24192,0,0.223488,0.0076799999999999993,0.037888,,0.0051199999999999996,,1.401344,6201,1474,0,
6202,56.661288499149656,1350150353880,1,6.3913972117006779,5.8467,6.8864,2.2398,14539,0.001024,0.367872,,0.073984,0.24601599999999998,0.000256,0.22655999999999998,0.0076799999999999993,0.039168,,0.0048639999999999994,,1.639168,6202,1475,0,
6203,56.667441496598634,1350150412347,1,6.1529972590506077,5.7953,6.377728,1.8676,32110,0.001024,0.36479999999999996,,0.068096,0.24473599999999998,0,0.22630399999999998,0.007936,0.037376,,0.004352,,1.8058239999999999,6203,1476,0,
6204,56.673358397108842,1350150470300,1,5.9169004671275616,7.045,6.121984,2.0464,29440,0.001024,0.438528,,0.070144,0.240384,0,0.22144,0.007936,0.0384,,0.002304,,1.4010879999999999,6204,1477,0,
6205,56.679417701247161,1350150540750,1,6.0593043453991413,6.1763,5.890304,2.2299,14741,0.0012799999999999999,0.368896,,0.067583999999999991,0.245248,0,0.226816,0.0076799999999999993,0.037888,,0.004352,,1.607424,6205,1478,0,
6206,56.68593429705215,1350150602513,1,6.5165958367288113,6.3071,6.038272,2.3402,14539,0.001024,0.367616,,0.068096,0.24371199999999998,0,0.225536,0.0076799999999999993,0.036351999999999995,,0.005376,,1.8375679999999999,6206,1479,0,
6207,56.691850701530612,1350150665584,1,5.9164045378565788,5.973,6.500096,2.1851,14539,0.001024,0.367872,,0.068096,0.2496,0.000256,0.23168,0.007936,0.039936,,0.003584,,2.5223679999999997,6207,1480,0,
6208,56.697277196712015,1350150725314,1,5.426495335996151,6.0822,5.902336,2.2578,14539,0.001024,0.43801599999999996,,0.068352,0.24345599999999998,0,0.225024,0.007936,0.038655999999999996,,0.004352,,1.636352,6208,1481,0,
6209,56.703638499149655,1350150786136,1,6.3613024540245533,6.3499,5.389056,1.9316,14734,0.001024,0.367616,,0.068096,0.245248,0,0.227328,0.003328,0.038144,,0.0051199999999999996,,1.6235519999999999,6209,1482,0,
6210,56.710673901643986,1350150849635,1,7.0354025810956955,6.0056,6.3424,2.2035,14591,0.001024,0.369664,,0.068096,0.242688,0,0.224512,0.0076799999999999993,0.03712,,0.004608,,2.197248,6210,1483,0,
6211,56.717654202097506,1350150909691,1,6.9803004153072834,6.2799,7.018752,2.0679,14539,0.001024,0.366336,,0.49535999999999997,0.277248,0,0.250368,0.0084479999999999989,0.038655999999999996,,0.005376,,1.609472,6211,1484,0,
6212,56.723524298469385,1350150972490,1,5.8700963854789734,5.9984,6.962944,2.084,14539,0.0012799999999999999,0.368384,,0.069632,0.24192,0,0.223744,0.0076799999999999993,0.03584,,0.004096,,1.91488,6212,1485,0,
6213,56.729470401077094,1350151032474,1,5.9461025521159172,6.5519,5.84704,1.9507,14539,0.001024,0.36863999999999997,,0.068096,0.242688,0,0.22425599999999998,0.0076799999999999993,0.036351999999999995,,0.005376,,1.620736,6213,1486,0,
6214,56.735512996031744,1350151097993,1,6.0425950214266777,6.8121,5.914112,1.8898,14539,0.001024,0.368128,,0.068352,0.248576,0,0.2304,0.007424,0.03968,,0.004352,,1.4108159999999998,6214,1487,0,
6215,56.7414264951814,1350151166114,1,5.9134992770850658,5.7694,6.028288,1.9927,14539,0.001024,0.365568,,0.07039999999999999,0.24934399999999998,0,0.23116799999999998,0.007424,0.040192,,0.004608,,1.6151039999999999,6215,1488,0,
6216,56.747618998015874,1350151223808,1,6.1925030313432217,6.3233,5.895936,1.9951,14539,0.001024,0.36735999999999996,,0.068096,0.24703999999999998,0,0.22912,0.0076799999999999993,0.039936,,0.0048639999999999994,,1.88672,6216,1489,0,
6217,56.753975496031742,1350151287041,1,6.3564982265233994,5.7202,6.166784,2.0746,14539,0.001024,0.367616,,0.068096,0.24243199999999998,0,0.22425599999999998,0.0076799999999999993,0.03712,,0.005632,,1.6281599999999998,6217,1490,0,
6218,56.760217800453511,1350151344243,1,6.24230457469821,6.248,6.331392,1.8734,32110,0.001024,0.36735999999999996,,0.068608,0.24601599999999998,0,0.22758399999999998,0.0038399999999999997,0.039168,,0.0038399999999999997,,1.982464,6218,1491,0,
6219,56.767130697278908,1350151406723,1,6.9128968752920628,5.8102,6.215424,2.655,28924,0.001024,0.36735999999999996,,0.068608,0.24601599999999998,0,0.22758399999999998,0.0038399999999999997,0.039168,,0.0038399999999999997,,1.982464,6219,1492,0,
6220,56.773851700680268,1350151464825,1,6.7210034467279911,6.9597,6.885888,1.9706,14741,0.001024,0.36403199999999997,,0.068096,0.244224,0,0.224768,0.004096,0.03712,,0.0051199999999999996,,1.632512,6220,1493,0,
6221,56.779973596938774,1350151534422,1,6.1218962073326111,6.9195,6.381568,2.0684,14539,0.001024,0.36940799999999996,,0.068352,0.68736,0.000256,0.669696,0.008192,0.036864,,0.004096,,1.621248,6221,1494,0,
6222,56.785695195578228,1350151603617,1,5.7215988636016846,5.8975,6.423552,2.2011,14539,0.001024,0.365056,,0.068608,0.248832,0.000256,0.230656,0.0076799999999999993,0.03968,,0.0048639999999999994,,1.40288,6222,1495,0,
6223,56.792163499149659,1350151662592,1,6.4683035016059875,7.3648,5.704448,2.3518,14539,0.001024,0.369664,,0.068096,0.242944,0,0.224768,0.0051199999999999996,0.036351999999999995,,0.0051199999999999996,,1.681408,6223,1496,0,
6224,56.798264498299318,1350151736240,1,6.100999191403389,5.8359,6.048512,2.2036,14539,0.001024,0.367872,,0.068352,0.68863999999999992,0,0.228096,0.009216,0.040959999999999996,,0.004096,,1.855232,6224,1497,0,
6225,56.804873795351469,1350151794599,1,6.6092968918383121,5.7204,6.08256,2.4725,14539,0.0012799999999999999,0.365568,,0.068096,0.24806399999999998,0,0.229376,0.0076799999999999993,0.036864,,0.004608,,2.079488,6225,1498,0,
6226,56.810815001417232,1350151851803,1,5.9412061236798763,6.4,6.596352,2.3019,14539,0.001024,0.369152,,0.068096,0.779264,0,0.761088,0.008192,0.037376,,0.004096,,1.831936,6226,1499,0,
6227,56.81727310090703,1350151915803,1,6.4580994658172131,5.7773,5.920256,2.2919,14539,0.001024,0.366336,,0.068352,0.245504,0,0.226816,0.012032,0.03968,,0.002304,,1.649152,6227,1500,0,
6228,56.82362369614512,1350151973576,1,6.3505950383841991,7.4807,6.436608,2.1761,14539,0.001024,0.365824,,0.068608,0.242944,0,0.224768,0.0076799999999999993,0.03712,,0.0048639999999999994,,1.766656,6228,1501,0,
6229,56.829801098356008,1350152048383,1,6.177402101457119,6.135,6.325504,2.1678,14539,0.001024,0.43801599999999996,,0.068096,0.242688,0.000256,0.22425599999999998,0.007936,0.037376,,0.0048639999999999994,,1.8508799999999999,6229,1502,0,
6230,56.836073398526075,1350152109733,1,6.2723001465201378,5.6035,6.144768,1.9811,14539,0.001024,0.368896,,0.078336,0.2496,0.000256,0.22988799999999998,0.0076799999999999993,0.039936,,0.004352,,1.6381439999999998,6230,1503,0,
6231,56.84213229875283,1350152165768,1,6.0589001514017582,6.0876,6.278656,2.312,14539,0.001024,0.365824,,0.068096,0.244992,0,0.22655999999999998,0.007936,0.038144,,0.004352,,1.829888,6231,1504,0,
6232,56.848090901360543,1350152226644,1,5.9586027637124062,6.1267,6.033408,1.8626,14539,0.001024,0.367616,,0.074495999999999993,0.247808,0.000256,0.228096,0.008192,0.037888,,0.005376,,1.4159359999999999,6232,1505,0,
6233,56.854398497732426,1350152287911,1,6.30759634077549,6.4478,5.942016,2.0233,14734,0.001024,0.36863999999999997,,0.068352,0.250368,0,0.23168,0.004352,0.041471999999999995,,0.0025599999999999998,,1.404928,6233,1506,0,
6234,56.860911295351471,1350152352389,1,6.512797437608242,6.124,6.289152,1.9951,14539,0.001024,0.366848,,0.073728,0.403456,0.000256,0.227328,0.008192,0.038144,,0.004096,,1.6197119999999998,6234,1507,0,
6235,56.86752589994331,1350152413629,1,6.6146044991910458,5.9462,6.47808,1.9922,14539,0.001024,0.364288,,0.074495999999999993,0.2496,0.000256,0.229376,0.0076799999999999993,0.038655999999999996,,0.003584,,1.6348159999999998,6235,1508,0,
6236,56.873375396825395,1350152473091,1,5.8494969271123409,6.1778,6.606848,2.347,14539,0.001024,0.366592,,0.074495999999999993,0.246272,0,0.226816,0.007936,0.037888,,0.005632,,1.627648,6236,1509,0,
6237,56.879311897675734,1350152534869,1,5.9365010820329189,7.443,5.821952,1.9792,14741,0.001024,0.368384,,0.068096,0.24678399999999998,0,0.22886399999999998,0.007936,0.036095999999999996,,0.004608,,1.630464,6237,1510,0,
6238,56.885936996882087,1350152609299,1,6.6250991076231,5.7996,5.91744,2.1434,14539,0.0012799999999999999,0.370176,,0.06784,0.244224,0.000256,0.226048,0.010496,0.036351999999999995,,0.0038399999999999997,,1.40544,6238,1511,0,
6239,56.891479095804989,1350152667295,1,5.5420990101993084,6.247,6.5984,2.1398,14539,0.001024,0.366592,,0.069376,0.24575999999999998,0,0.22758399999999998,0.0048639999999999994,0.039424,,0.003584,,1.607424,6239,1512,0,
6240,56.897764498299317,1350152729765,1,6.2854024581611156,6.5018,5.514496,1.8846,14539,0.001024,0.43801599999999996,,0.068352,0.2432,0,0.22527999999999998,0.0076799999999999993,0.0384,,0.004352,,1.627392,6240,1513,0,
6241,56.904674596088434,1350152794783,1,6.9100977852940559,5.4483,6.265344,2.0151,14539,0.001024,0.36531199999999997,,0.068352,0.24703999999999998,0.000256,0.228352,0.0084479999999999989,0.0384,,0.004096,,1.834752,6241,1514,0,
6242,56.910534700963716,1350152849266,1,5.8601046912372112,5.7987,6.898432,2.0294,14591,0.001024,0.365568,,0.068352,0.77952,0,0.761088,0.0076799999999999993,0.038144,,0.004096,,2.095872,6242,1515,0,
6243,56.91722199546485,1350152907253,1,6.6872946918010712,5.9837,5.82784,1.9199,14539,0.0012799999999999999,0.364544,,0.06784,0.244992,0,0.227328,0.0076799999999999993,0.038655999999999996,,0.004096,,1.617152,6243,1516,0,
6244,56.923058595521539,1350152967090,1,5.8365999720990658,7.44,6.671616,2.0075,14539,0.0012799999999999999,0.43724799999999997,,0.068352,0.24678399999999998,0,0.228352,0.007936,0.042496,,0.43392,,1.995008,6244,1517,0,
6245,56.929056597222221,1350153041490,1,5.9980018995702267,5.3558,5.826304,2.0454,14539,0.001024,0.36991999999999997,,0.068352,0.243968,0.000256,0.225792,0.0076799999999999993,0.038144,,0.0051199999999999996,,1.764864,6245,1518,0,
6246,56.9354373015873,1350153095048,1,6.38070423156023,7.201,5.969408,2.0332,20949,0.001024,0.36991999999999997,,0.068352,0.243968,0.000256,0.225792,0.0076799999999999993,0.038144,,0.0051199999999999996,,1.764864,6246,1519,0,
6247,56.941931101190477,1350153167058,1,6.4937993884086609,5.4508,6.190336,1.8676,14539,0.0012799999999999999,0.36607999999999996,,0.076288,0.24345599999999998,0,0.225024,0.0076799999999999993,0.039424,,0.004608,,1.6148479999999998,6247,1520,0,
6248,56.948297101757369,1350153221566,1,6.3660005107522011,6.5997,5.901056,2.5386,14539,0.001024,0.369664,,0.074495999999999993,0.247296,0,0.22784,0.0048639999999999994,0.038144,,0.004352,,1.401856,6248,1521,0,
6249,56.954876899092966,1350153287563,1,6.5797972492873669,5.5834,6.33216,1.9668,14539,0.001024,0.366592,,0.07551999999999999,0.24575999999999998,0,0.225792,0.007936,0.037632,,0.005376,,1.637888,6249,1522,0,
