observation,editor_time,camera_cpu_ms,marker,gpu_ns,gpu_sample_count
0,554.662733,2.0028000000138491,VSM.MarkReceiverPages,938496,1
0,554.662733,2.0028000000138491,VSM.AllocationPrepare,9728,1
0,554.662733,2.0028000000138491,VSM.AllocationCommit,594176,1
0,554.662733,2.0028000000138491,VSM.Allocate,751872,1
0,554.662733,2.0028000000138491,VSM.ClearPhysicalPages,260096,1
0,554.662733,2.0028000000138491,VSM.PageOccupancy,74496,1
0,554.662733,2.0028000000138491,VSM.FinalizePages,1792,1
0,554.662733,2.0028000000138491,VSM.DynamicRaster,0,0
0,554.662733,2.0028000000138491,VSM.LayoutRemap,0,1
0,554.662733,2.0028000000138491,VSM.InvalidateStatic,0,0
0,554.662733,2.0028000000138491,VSM.InvalidateDynamic,1792,1
0,554.662733,2.0028000000138491,VSM.StaticCasterCull,212224,1
0,554.662733,2.0028000000138491,VSM.DynamicCasterCull,0,1
0,554.662733,2.0028000000138491,VSM.PageCull,193280,1
0,554.662733,2.0028000000138491,VSM.StaticRasterClear,256,1
0,554.662733,2.0028000000138491,VSM.StaticRasterDraw,7168,1
0,554.662733,2.0028000000138491,VSM.DynamicRasterClear,0,0
0,554.662733,2.0028000000138491,VSM.DynamicRasterDraw,0,0
0,554.662733,2.0028000000138491,VSM.StaticRaster,7424,1
0,554.662733,2.0028000000138491,VSM.UnityCompatibilityRaster,0,0
0,554.662733,2.0028000000138491,VSM.Resolve,5527552,1
0,554.662733,2.0028000000138491,VSM.ResolveTrace,5302016,1
0,554.662733,2.0028000000138491,VSM.FilterHorizontal,65280,1
0,554.662733,2.0028000000138491,VSM.FilterVertical,0,0
0,554.662733,2.0028000000138491,VSM.FilterTemporalVertical,159488,1
0,554.662733,2.0028000000138491,VSM.ResetFeedback,0,1
1,554.68119619999993,5.1708999999391381,VSM.MarkReceiverPages,740352,1
1,554.68119619999993,5.1708999999391381,VSM.AllocationPrepare,9728,1
1,554.68119619999993,5.1708999999391381,VSM.AllocationCommit,602112,1
1,554.68119619999993,5.1708999999391381,VSM.Allocate,611840,1
1,554.68119619999993,5.1708999999391381,VSM.ClearPhysicalPages,263424,1
1,554.68119619999993,5.1708999999391381,VSM.PageOccupancy,79360,1
1,554.68119619999993,5.1708999999391381,VSM.FinalizePages,1792,1
1,554.68119619999993,5.1708999999391381,VSM.DynamicRaster,0,0
1,554.68119619999993,5.1708999999391381,VSM.LayoutRemap,0,1
1,554.68119619999993,5.1708999999391381,VSM.InvalidateStatic,0,0
1,554.68119619999993,5.1708999999391381,VSM.InvalidateDynamic,1536,1
1,554.68119619999993,5.1708999999391381,VSM.StaticCasterCull,206336,1
1,554.68119619999993,5.1708999999391381,VSM.DynamicCasterCull,0,1
1,554.68119619999993,5.1708999999391381,VSM.PageCull,187136,1
1,554.68119619999993,5.1708999999391381,VSM.StaticRasterClear,0,1
1,554.68119619999993,5.1708999999391381,VSM.StaticRasterDraw,8704,1
1,554.68119619999993,5.1708999999391381,VSM.DynamicRasterClear,0,0
1,554.68119619999993,5.1708999999391381,VSM.DynamicRasterDraw,0,0
1,554.68119619999993,5.1708999999391381,VSM.StaticRaster,8960,1
1,554.68119619999993,5.1708999999391381,VSM.UnityCompatibilityRaster,0,0
1,554.68119619999993,5.1708999999391381,VSM.Resolve,6072320,1
1,554.68119619999993,5.1708999999391381,VSM.ResolveTrace,5658112,1
1,554.68119619999993,5.1708999999391381,VSM.FilterHorizontal,254720,1
1,554.68119619999993,5.1708999999391381,VSM.FilterVertical,0,0
1,554.68119619999993,5.1708999999391381,VSM.FilterTemporalVertical,158208,1
1,554.68119619999993,5.1708999999391381,VSM.ResetFeedback,0,1
2,554.6983194,3.0821999999943728,VSM.MarkReceiverPages,738560,1
2,554.6983194,3.0821999999943728,VSM.AllocationPrepare,9728,1
2,554.6983194,3.0821999999943728,VSM.AllocationCommit,600832,1
2,554.6983194,3.0821999999943728,VSM.Allocate,610816,1
2,554.6983194,3.0821999999943728,VSM.ClearPhysicalPages,456192,1
2,554.6983194,3.0821999999943728,VSM.PageOccupancy,71424,1
2,554.6983194,3.0821999999943728,VSM.FinalizePages,2048,1
2,554.6983194,3.0821999999943728,VSM.DynamicRaster,0,0
2,554.6983194,3.0821999999943728,VSM.LayoutRemap,0,1
2,554.6983194,3.0821999999943728,VSM.InvalidateStatic,0,0
2,554.6983194,3.0821999999943728,VSM.InvalidateDynamic,1536,1
2,554.6983194,3.0821999999943728,VSM.StaticCasterCull,211200,1
2,554.6983194,3.0821999999943728,VSM.DynamicCasterCull,0,1
2,554.6983194,3.0821999999943728,VSM.PageCull,187136,1
2,554.6983194,3.0821999999943728,VSM.StaticRasterClear,0,1
2,554.6983194,3.0821999999943728,VSM.StaticRasterDraw,3072,1
2,554.6983194,3.0821999999943728,VSM.DynamicRasterClear,0,0
2,554.6983194,3.0821999999943728,VSM.DynamicRasterDraw,0,0
2,554.6983194,3.0821999999943728,VSM.StaticRaster,3328,1
2,554.6983194,3.0821999999943728,VSM.UnityCompatibilityRaster,0,0
2,554.6983194,3.0821999999943728,VSM.Resolve,5966848,1
2,554.6983194,3.0821999999943728,VSM.ResolveTrace,5742592,1
2,554.6983194,3.0821999999943728,VSM.FilterHorizontal,65280,1
2,554.6983194,3.0821999999943728,VSM.FilterVertical,0,0
2,554.6983194,3.0821999999943728,VSM.FilterTemporalVertical,157440,1
2,554.6983194,3.0821999999943728,VSM.ResetFeedback,0,1
3,554.7152004,2.8360999999677006,VSM.MarkReceiverPages,738560,1
3,554.7152004,2.8360999999677006,VSM.AllocationPrepare,9472,1
3,554.7152004,2.8360999999677006,VSM.AllocationCommit,593664,1
3,554.7152004,2.8360999999677006,VSM.Allocate,946944,1
3,554.7152004,2.8360999999677006,VSM.ClearPhysicalPages,260096,1
3,554.7152004,2.8360999999677006,VSM.PageOccupancy,74496,1
3,554.7152004,2.8360999999677006,VSM.FinalizePages,1792,1
3,554.7152004,2.8360999999677006,VSM.DynamicRaster,0,0
3,554.7152004,2.8360999999677006,VSM.LayoutRemap,0,1
3,554.7152004,2.8360999999677006,VSM.InvalidateStatic,0,0
3,554.7152004,2.8360999999677006,VSM.InvalidateDynamic,1536,1
3,554.7152004,2.8360999999677006,VSM.StaticCasterCull,210944,1
3,554.7152004,2.8360999999677006,VSM.DynamicCasterCull,0,1
3,554.7152004,2.8360999999677006,VSM.PageCull,191488,1
3,554.7152004,2.8360999999677006,VSM.StaticRasterClear,0,1
3,554.7152004,2.8360999999677006,VSM.StaticRasterDraw,7936,1
3,554.7152004,2.8360999999677006,VSM.DynamicRasterClear,0,0
3,554.7152004,2.8360999999677006,VSM.DynamicRasterDraw,0,0
3,554.7152004,2.8360999999677006,VSM.StaticRaster,7936,1
3,554.7152004,2.8360999999677006,VSM.UnityCompatibilityRaster,0,0
3,554.7152004,2.8360999999677006,VSM.Resolve,5757952,1
3,554.7152004,2.8360999999677006,VSM.ResolveTrace,5529088,1
3,554.7152004,2.8360999999677006,VSM.FilterHorizontal,67328,1
3,554.7152004,2.8360999999677006,VSM.FilterVertical,0,0
3,554.7152004,2.8360999999677006,VSM.FilterTemporalVertical,160256,1
3,554.7152004,2.8360999999677006,VSM.ResetFeedback,0,1
4,554.73211919999994,3.4785999999940032,VSM.MarkReceiverPages,738304,1
4,554.73211919999994,3.4785999999940032,VSM.AllocationPrepare,9472,1
4,554.73211919999994,3.4785999999940032,VSM.AllocationCommit,593920,1
4,554.73211919999994,3.4785999999940032,VSM.Allocate,792832,1
4,554.73211919999994,3.4785999999940032,VSM.ClearPhysicalPages,421120,1
4,554.73211919999994,3.4785999999940032,VSM.PageOccupancy,76288,1
4,554.73211919999994,3.4785999999940032,VSM.FinalizePages,1792,1
4,554.73211919999994,3.4785999999940032,VSM.DynamicRaster,0,0
4,554.73211919999994,3.4785999999940032,VSM.LayoutRemap,0,1
4,554.73211919999994,3.4785999999940032,VSM.InvalidateStatic,0,0
4,554.73211919999994,3.4785999999940032,VSM.InvalidateDynamic,1792,1
4,554.73211919999994,3.4785999999940032,VSM.StaticCasterCull,212736,1
4,554.73211919999994,3.4785999999940032,VSM.DynamicCasterCull,0,1
4,554.73211919999994,3.4785999999940032,VSM.PageCull,193536,1
4,554.73211919999994,3.4785999999940032,VSM.StaticRasterClear,0,1
4,554.73211919999994,3.4785999999940032,VSM.StaticRasterDraw,3584,1
4,554.73211919999994,3.4785999999940032,VSM.DynamicRasterClear,0,0
4,554.73211919999994,3.4785999999940032,VSM.DynamicRasterDraw,0,0
4,554.73211919999994,3.4785999999940032,VSM.StaticRaster,3584,1
4,554.73211919999994,3.4785999999940032,VSM.UnityCompatibilityRaster,0,0
4,554.73211919999994,3.4785999999940032,VSM.Resolve,5875712,1
4,554.73211919999994,3.4785999999940032,VSM.ResolveTrace,5648896,1
4,554.73211919999994,3.4785999999940032,VSM.FilterHorizontal,65280,1
4,554.73211919999994,3.4785999999940032,VSM.FilterVertical,0,0
4,554.73211919999994,3.4785999999940032,VSM.FilterTemporalVertical,160000,1
4,554.73211919999994,3.4785999999940032,VSM.ResetFeedback,0,1
5,554.7483616,2.5113000000374086,VSM.MarkReceiverPages,737024,1
5,554.7483616,2.5113000000374086,VSM.AllocationPrepare,9728,1
5,554.7483616,2.5113000000374086,VSM.AllocationCommit,595968,1
5,554.7483616,2.5113000000374086,VSM.Allocate,605696,1
5,554.7483616,2.5113000000374086,VSM.ClearPhysicalPages,260864,1
5,554.7483616,2.5113000000374086,VSM.PageOccupancy,75008,1
5,554.7483616,2.5113000000374086,VSM.FinalizePages,1536,1
5,554.7483616,2.5113000000374086,VSM.DynamicRaster,0,0
5,554.7483616,2.5113000000374086,VSM.LayoutRemap,0,1
5,554.7483616,2.5113000000374086,VSM.InvalidateStatic,0,0
5,554.7483616,2.5113000000374086,VSM.InvalidateDynamic,1792,1
5,554.7483616,2.5113000000374086,VSM.StaticCasterCull,212224,1
5,554.7483616,2.5113000000374086,VSM.DynamicCasterCull,0,1
5,554.7483616,2.5113000000374086,VSM.PageCull,193280,1
5,554.7483616,2.5113000000374086,VSM.StaticRasterClear,0,1
5,554.7483616,2.5113000000374086,VSM.StaticRasterDraw,11264,1
5,554.7483616,2.5113000000374086,VSM.DynamicRasterClear,0,0
5,554.7483616,2.5113000000374086,VSM.DynamicRasterDraw,0,0
5,554.7483616,2.5113000000374086,VSM.StaticRaster,11264,1
5,554.7483616,2.5113000000374086,VSM.UnityCompatibilityRaster,0,0
5,554.7483616,2.5113000000374086,VSM.Resolve,6131968,1
5,554.7483616,2.5113000000374086,VSM.ResolveTrace,5906432,1
5,554.7483616,2.5113000000374086,VSM.FilterHorizontal,65280,1
5,554.7483616,2.5113000000374086,VSM.FilterVertical,0,0
5,554.7483616,2.5113000000374086,VSM.FilterTemporalVertical,159488,1
5,554.7483616,2.5113000000374086,VSM.ResetFeedback,0,1
6,554.7626653,2.1537000000080297,VSM.MarkReceiverPages,739584,1
6,554.7626653,2.1537000000080297,VSM.AllocationPrepare,9728,1
6,554.7626653,2.1537000000080297,VSM.AllocationCommit,594176,1
6,554.7626653,2.1537000000080297,VSM.Allocate,918016,1
6,554.7626653,2.1537000000080297,VSM.ClearPhysicalPages,260096,1
6,554.7626653,2.1537000000080297,VSM.PageOccupancy,73216,1
6,554.7626653,2.1537000000080297,VSM.FinalizePages,1792,1
6,554.7626653,2.1537000000080297,VSM.DynamicRaster,0,0
6,554.7626653,2.1537000000080297,VSM.LayoutRemap,0,1
6,554.7626653,2.1537000000080297,VSM.InvalidateStatic,0,0
6,554.7626653,2.1537000000080297,VSM.InvalidateDynamic,1792,1
6,554.7626653,2.1537000000080297,VSM.StaticCasterCull,214016,1
6,554.7626653,2.1537000000080297,VSM.DynamicCasterCull,0,1
6,554.7626653,2.1537000000080297,VSM.PageCull,195072,1
6,554.7626653,2.1537000000080297,VSM.StaticRasterClear,256,1
6,554.7626653,2.1537000000080297,VSM.StaticRasterDraw,7168,1
6,554.7626653,2.1537000000080297,VSM.DynamicRasterClear,0,0
6,554.7626653,2.1537000000080297,VSM.DynamicRasterDraw,0,0
6,554.7626653,2.1537000000080297,VSM.StaticRaster,7424,1
6,554.7626653,2.1537000000080297,VSM.UnityCompatibilityRaster,0,0
6,554.7626653,2.1537000000080297,VSM.Resolve,5875200,1
6,554.7626653,2.1537000000080297,VSM.ResolveTrace,5650688,1
6,554.7626653,2.1537000000080297,VSM.FilterHorizontal,65280,1
6,554.7626653,2.1537000000080297,VSM.FilterVertical,0,0
6,554.7626653,2.1537000000080297,VSM.FilterTemporalVertical,157952,1
6,554.7626653,2.1537000000080297,VSM.ResetFeedback,0,1
7,554.7778678,2.1615000000565487,VSM.MarkReceiverPages,736000,1
7,554.7778678,2.1615000000565487,VSM.AllocationPrepare,9472,1
7,554.7778678,2.1615000000565487,VSM.AllocationCommit,594176,1
7,554.7778678,2.1615000000565487,VSM.Allocate,603648,1
7,554.7778678,2.1615000000565487,VSM.ClearPhysicalPages,260096,1
7,554.7778678,2.1615000000565487,VSM.PageOccupancy,77056,1
7,554.7778678,2.1615000000565487,VSM.FinalizePages,1792,1
7,554.7778678,2.1615000000565487,VSM.DynamicRaster,0,0
7,554.7778678,2.1615000000565487,VSM.LayoutRemap,0,1
7,554.7778678,2.1615000000565487,VSM.InvalidateStatic,0,0
7,554.7778678,2.1615000000565487,VSM.InvalidateDynamic,1536,1
7,554.7778678,2.1615000000565487,VSM.StaticCasterCull,214784,1
7,554.7778678,2.1615000000565487,VSM.DynamicCasterCull,0,1
7,554.7778678,2.1615000000565487,VSM.PageCull,195584,1
7,554.7778678,2.1615000000565487,VSM.StaticRasterClear,256,1
7,554.7778678,2.1615000000565487,VSM.StaticRasterDraw,7680,1
7,554.7778678,2.1615000000565487,VSM.DynamicRasterClear,0,0
7,554.7778678,2.1615000000565487,VSM.DynamicRasterDraw,0,0
7,554.7778678,2.1615000000565487,VSM.StaticRaster,7936,1
7,554.7778678,2.1615000000565487,VSM.UnityCompatibilityRaster,0,0
7,554.7778678,2.1615000000565487,VSM.Resolve,5562112,1
7,554.7778678,2.1615000000565487,VSM.ResolveTrace,5338624,1
7,554.7778678,2.1615000000565487,VSM.FilterHorizontal,64768,1
7,554.7778678,2.1615000000565487,VSM.FilterVertical,0,0
7,554.7778678,2.1615000000565487,VSM.FilterTemporalVertical,157696,1
7,554.7778678,2.1615000000565487,VSM.ResetFeedback,0,1
8,554.7921917,1.8775000000914588,VSM.MarkReceiverPages,736512,1
8,554.7921917,1.8775000000914588,VSM.AllocationPrepare,9472,1
8,554.7921917,1.8775000000914588,VSM.AllocationCommit,593920,1
8,554.7921917,1.8775000000914588,VSM.Allocate,603392,1
8,554.7921917,1.8775000000914588,VSM.ClearPhysicalPages,445952,1
8,554.7921917,1.8775000000914588,VSM.PageOccupancy,72704,1
8,554.7921917,1.8775000000914588,VSM.FinalizePages,1792,1
8,554.7921917,1.8775000000914588,VSM.DynamicRaster,0,0
8,554.7921917,1.8775000000914588,VSM.LayoutRemap,0,1
8,554.7921917,1.8775000000914588,VSM.InvalidateStatic,0,0
8,554.7921917,1.8775000000914588,VSM.InvalidateDynamic,1536,1
8,554.7921917,1.8775000000914588,VSM.StaticCasterCull,214016,1
8,554.7921917,1.8775000000914588,VSM.DynamicCasterCull,0,1
8,554.7921917,1.8775000000914588,VSM.PageCull,188416,1
8,554.7921917,1.8775000000914588,VSM.StaticRasterClear,0,1
8,554.7921917,1.8775000000914588,VSM.StaticRasterDraw,3328,1
8,554.7921917,1.8775000000914588,VSM.DynamicRasterClear,0,0
8,554.7921917,1.8775000000914588,VSM.DynamicRasterDraw,0,0
8,554.7921917,1.8775000000914588,VSM.StaticRaster,3584,1
8,554.7921917,1.8775000000914588,VSM.UnityCompatibilityRaster,0,0
8,554.7921917,1.8775000000914588,VSM.Resolve,5875968,1
8,554.7921917,1.8775000000914588,VSM.ResolveTrace,5651968,1
8,554.7921917,1.8775000000914588,VSM.FilterHorizontal,64768,1
8,554.7921917,1.8775000000914588,VSM.FilterVertical,0,0
8,554.7921917,1.8775000000914588,VSM.FilterTemporalVertical,158208,1
8,554.7921917,1.8775000000914588,VSM.ResetFeedback,0,1
9,554.8071981999999,1.9362999998975283,VSM.MarkReceiverPages,737536,1
9,554.8071981999999,1.9362999998975283,VSM.AllocationPrepare,9984,1
9,554.8071981999999,1.9362999998975283,VSM.AllocationCommit,593920,1
9,554.8071981999999,1.9362999998975283,VSM.Allocate,774656,1
9,554.8071981999999,1.9362999998975283,VSM.ClearPhysicalPages,259584,1
9,554.8071981999999,1.9362999998975283,VSM.PageOccupancy,64512,1
9,554.8071981999999,1.9362999998975283,VSM.FinalizePages,1792,1
9,554.8071981999999,1.9362999998975283,VSM.DynamicRaster,0,0
9,554.8071981999999,1.9362999998975283,VSM.LayoutRemap,0,1
9,554.8071981999999,1.9362999998975283,VSM.InvalidateStatic,0,0
9,554.8071981999999,1.9362999998975283,VSM.InvalidateDynamic,1536,1
9,554.8071981999999,1.9362999998975283,VSM.StaticCasterCull,211968,1
9,554.8071981999999,1.9362999998975283,VSM.DynamicCasterCull,0,1
9,554.8071981999999,1.9362999998975283,VSM.PageCull,192512,1
9,554.8071981999999,1.9362999998975283,VSM.StaticRasterClear,0,1
9,554.8071981999999,1.9362999998975283,VSM.StaticRasterDraw,7680,1
9,554.8071981999999,1.9362999998975283,VSM.DynamicRasterClear,0,0
9,554.8071981999999,1.9362999998975283,VSM.DynamicRasterDraw,0,0
9,554.8071981999999,1.9362999998975283,VSM.StaticRaster,7936,1
9,554.8071981999999,1.9362999998975283,VSM.UnityCompatibilityRaster,0,0
9,554.8071981999999,1.9362999998975283,VSM.Resolve,5536000,1
9,554.8071981999999,1.9362999998975283,VSM.ResolveTrace,5310720,1
9,554.8071981999999,1.9362999998975283,VSM.FilterHorizontal,65536,1
9,554.8071981999999,1.9362999998975283,VSM.FilterVertical,0,0
9,554.8071981999999,1.9362999998975283,VSM.FilterTemporalVertical,158976,1
9,554.8071981999999,1.9362999998975283,VSM.ResetFeedback,0,1
10,554.82199889999993,1.9764999999551947,VSM.MarkReceiverPages,737024,1
10,554.82199889999993,1.9764999999551947,VSM.AllocationPrepare,9472,1
10,554.82199889999993,1.9764999999551947,VSM.AllocationCommit,594176,1
10,554.82199889999993,1.9764999999551947,VSM.Allocate,603904,1
10,554.82199889999993,1.9764999999551947,VSM.ClearPhysicalPages,260352,1
10,554.82199889999993,1.9764999999551947,VSM.PageOccupancy,74752,1
10,554.82199889999993,1.9764999999551947,VSM.FinalizePages,2048,1
10,554.82199889999993,1.9764999999551947,VSM.DynamicRaster,0,0
10,554.82199889999993,1.9764999999551947,VSM.LayoutRemap,0,1
10,554.82199889999993,1.9764999999551947,VSM.InvalidateStatic,0,0
10,554.82199889999993,1.9764999999551947,VSM.InvalidateDynamic,1280,1
10,554.82199889999993,1.9764999999551947,VSM.StaticCasterCull,201472,1
10,554.82199889999993,1.9764999999551947,VSM.DynamicCasterCull,0,1
10,554.82199889999993,1.9764999999551947,VSM.PageCull,182272,1
10,554.82199889999993,1.9764999999551947,VSM.StaticRasterClear,0,1
10,554.82199889999993,1.9764999999551947,VSM.StaticRasterDraw,3072,1
10,554.82199889999993,1.9764999999551947,VSM.DynamicRasterClear,0,0
10,554.82199889999993,1.9764999999551947,VSM.DynamicRasterDraw,0,0
10,554.82199889999993,1.9764999999551947,VSM.StaticRaster,3328,1
10,554.82199889999993,1.9764999999551947,VSM.UnityCompatibilityRaster,0,0
10,554.82199889999993,1.9764999999551947,VSM.Resolve,5858304,1
10,554.82199889999993,1.9764999999551947,VSM.ResolveTrace,5634560,1
10,554.82199889999993,1.9764999999551947,VSM.FilterHorizontal,65024,1
10,554.82199889999993,1.9764999999551947,VSM.FilterVertical,0,0
10,554.82199889999993,1.9764999999551947,VSM.FilterTemporalVertical,157952,1
10,554.82199889999993,1.9764999999551947,VSM.ResetFeedback,0,1
11,554.8369517,1.9583000000693573,VSM.MarkReceiverPages,738048,1
11,554.8369517,1.9583000000693573,VSM.AllocationPrepare,9216,1
11,554.8369517,1.9583000000693573,VSM.AllocationCommit,595200,1
11,554.8369517,1.9583000000693573,VSM.Allocate,759808,1
11,554.8369517,1.9583000000693573,VSM.ClearPhysicalPages,260608,1
11,554.8369517,1.9583000000693573,VSM.PageOccupancy,71680,1
11,554.8369517,1.9583000000693573,VSM.FinalizePages,1536,1
11,554.8369517,1.9583000000693573,VSM.DynamicRaster,0,0
11,554.8369517,1.9583000000693573,VSM.LayoutRemap,0,1
11,554.8369517,1.9583000000693573,VSM.InvalidateStatic,0,0
11,554.8369517,1.9583000000693573,VSM.InvalidateDynamic,1536,1
11,554.8369517,1.9583000000693573,VSM.StaticCasterCull,209664,1
11,554.8369517,1.9583000000693573,VSM.DynamicCasterCull,0,1
11,554.8369517,1.9583000000693573,VSM.PageCull,190208,1
11,554.8369517,1.9583000000693573,VSM.StaticRasterClear,0,1
11,554.8369517,1.9583000000693573,VSM.StaticRasterDraw,7936,1
11,554.8369517,1.9583000000693573,VSM.DynamicRasterClear,0,0
11,554.8369517,1.9583000000693573,VSM.DynamicRasterDraw,0,0
11,554.8369517,1.9583000000693573,VSM.StaticRaster,7936,1
11,554.8369517,1.9583000000693573,VSM.UnityCompatibilityRaster,0,0
11,554.8369517,1.9583000000693573,VSM.Resolve,5952768,1
11,554.8369517,1.9583000000693573,VSM.ResolveTrace,5721600,1
11,554.8369517,1.9583000000693573,VSM.FilterHorizontal,65280,1
11,554.8369517,1.9583000000693573,VSM.FilterVertical,0,0
11,554.8369517,1.9583000000693573,VSM.FilterTemporalVertical,164608,1
11,554.8369517,1.9583000000693573,VSM.ResetFeedback,0,1
12,554.8509928,1.8979999999828578,VSM.MarkReceiverPages,738560,1
12,554.8509928,1.8979999999828578,VSM.AllocationPrepare,9728,1
12,554.8509928,1.8979999999828578,VSM.AllocationCommit,595200,1
12,554.8509928,1.8979999999828578,VSM.Allocate,605184,1
12,554.8509928,1.8979999999828578,VSM.ClearPhysicalPages,259840,1
12,554.8509928,1.8979999999828578,VSM.PageOccupancy,76032,1
12,554.8509928,1.8979999999828578,VSM.FinalizePages,1792,1
12,554.8509928,1.8979999999828578,VSM.DynamicRaster,0,0
12,554.8509928,1.8979999999828578,VSM.LayoutRemap,0,1
12,554.8509928,1.8979999999828578,VSM.InvalidateStatic,0,0
12,554.8509928,1.8979999999828578,VSM.InvalidateDynamic,1536,1
12,554.8509928,1.8979999999828578,VSM.StaticCasterCull,207360,1
12,554.8509928,1.8979999999828578,VSM.DynamicCasterCull,0,1
12,554.8509928,1.8979999999828578,VSM.PageCull,188672,1
12,554.8509928,1.8979999999828578,VSM.StaticRasterClear,0,1
12,554.8509928,1.8979999999828578,VSM.StaticRasterDraw,7424,1
12,554.8509928,1.8979999999828578,VSM.DynamicRasterClear,0,0
12,554.8509928,1.8979999999828578,VSM.DynamicRasterDraw,0,0
12,554.8509928,1.8979999999828578,VSM.StaticRaster,7680,1
12,554.8509928,1.8979999999828578,VSM.UnityCompatibilityRaster,0,0
12,554.8509928,1.8979999999828578,VSM.Resolve,5900032,1
12,554.8509928,1.8979999999828578,VSM.ResolveTrace,5373440,1
12,554.8509928,1.8979999999828578,VSM.FilterHorizontal,65024,1
12,554.8509928,1.8979999999828578,VSM.FilterVertical,0,0
12,554.8509928,1.8979999999828578,VSM.FilterTemporalVertical,460800,1
12,554.8509928,1.8979999999828578,VSM.ResetFeedback,0,1
13,554.8656158,1.9961000000421336,VSM.MarkReceiverPages,734976,1
13,554.8656158,1.9961000000421336,VSM.AllocationPrepare,9728,1
13,554.8656158,1.9961000000421336,VSM.AllocationCommit,593664,1
13,554.8656158,1.9961000000421336,VSM.Allocate,603392,1
13,554.8656158,1.9961000000421336,VSM.ClearPhysicalPages,260096,1
13,554.8656158,1.9961000000421336,VSM.PageOccupancy,72448,1
13,554.8656158,1.9961000000421336,VSM.FinalizePages,1792,1
13,554.8656158,1.9961000000421336,VSM.DynamicRaster,0,0
13,554.8656158,1.9961000000421336,VSM.LayoutRemap,256,1
13,554.8656158,1.9961000000421336,VSM.InvalidateStatic,0,0
13,554.8656158,1.9961000000421336,VSM.InvalidateDynamic,1536,1
13,554.8656158,1.9961000000421336,VSM.StaticCasterCull,208640,1
13,554.8656158,1.9961000000421336,VSM.DynamicCasterCull,0,1
13,554.8656158,1.9961000000421336,VSM.PageCull,189184,1
13,554.8656158,1.9961000000421336,VSM.StaticRasterClear,0,1
13,554.8656158,1.9961000000421336,VSM.StaticRasterDraw,3328,1
13,554.8656158,1.9961000000421336,VSM.DynamicRasterClear,0,0
13,554.8656158,1.9961000000421336,VSM.DynamicRasterDraw,0,0
13,554.8656158,1.9961000000421336,VSM.StaticRaster,3584,1
13,554.8656158,1.9961000000421336,VSM.UnityCompatibilityRaster,0,0
13,554.8656158,1.9961000000421336,VSM.Resolve,5791488,1
13,554.8656158,1.9961000000421336,VSM.ResolveTrace,5567744,1
13,554.8656158,1.9961000000421336,VSM.FilterHorizontal,64768,1
13,554.8656158,1.9961000000421336,VSM.FilterVertical,0,0
13,554.8656158,1.9961000000421336,VSM.FilterTemporalVertical,157952,1
13,554.8656158,1.9961000000421336,VSM.ResetFeedback,0,1
14,554.8800892999999,1.8993999999565858,VSM.MarkReceiverPages,735488,1
14,554.8800892999999,1.8993999999565858,VSM.AllocationPrepare,9728,1
14,554.8800892999999,1.8993999999565858,VSM.AllocationCommit,593920,1
14,554.8800892999999,1.8993999999565858,VSM.Allocate,603648,1
14,554.8800892999999,1.8993999999565858,VSM.ClearPhysicalPages,259584,1
14,554.8800892999999,1.8993999999565858,VSM.PageOccupancy,73472,1
14,554.8800892999999,1.8993999999565858,VSM.FinalizePages,2048,1
14,554.8800892999999,1.8993999999565858,VSM.DynamicRaster,0,0
14,554.8800892999999,1.8993999999565858,VSM.LayoutRemap,0,1
14,554.8800892999999,1.8993999999565858,VSM.InvalidateStatic,0,0
14,554.8800892999999,1.8993999999565858,VSM.InvalidateDynamic,1792,1
14,554.8800892999999,1.8993999999565858,VSM.StaticCasterCull,205568,1
14,554.8800892999999,1.8993999999565858,VSM.DynamicCasterCull,0,1
14,554.8800892999999,1.8993999999565858,VSM.PageCull,186880,1
14,554.8800892999999,1.8993999999565858,VSM.StaticRasterClear,0,1
14,554.8800892999999,1.8993999999565858,VSM.StaticRasterDraw,7168,1
14,554.8800892999999,1.8993999999565858,VSM.DynamicRasterClear,0,0
14,554.8800892999999,1.8993999999565858,VSM.DynamicRasterDraw,0,0
14,554.8800892999999,1.8993999999565858,VSM.StaticRaster,7424,1
14,554.8800892999999,1.8993999999565858,VSM.UnityCompatibilityRaster,0,0
14,554.8800892999999,1.8993999999565858,VSM.Resolve,5178880,1
14,554.8800892999999,1.8993999999565858,VSM.ResolveTrace,4957440,1
14,554.8800892999999,1.8993999999565858,VSM.FilterHorizontal,64256,1
14,554.8800892999999,1.8993999999565858,VSM.FilterVertical,0,0
14,554.8800892999999,1.8993999999565858,VSM.FilterTemporalVertical,157184,1
14,554.8800892999999,1.8993999999565858,VSM.ResetFeedback,0,1
15,554.8944639,1.8774000000121305,VSM.MarkReceiverPages,737536,1
15,554.8944639,1.8774000000121305,VSM.AllocationPrepare,9728,1
15,554.8944639,1.8774000000121305,VSM.AllocationCommit,595968,1
15,554.8944639,1.8774000000121305,VSM.Allocate,875520,1
15,554.8944639,1.8774000000121305,VSM.ClearPhysicalPages,261376,1
15,554.8944639,1.8774000000121305,VSM.PageOccupancy,72704,1
15,554.8944639,1.8774000000121305,VSM.FinalizePages,1536,1
15,554.8944639,1.8774000000121305,VSM.DynamicRaster,0,0
15,554.8944639,1.8774000000121305,VSM.LayoutRemap,0,1
15,554.8944639,1.8774000000121305,VSM.InvalidateStatic,0,0
15,554.8944639,1.8774000000121305,VSM.InvalidateDynamic,1792,1
15,554.8944639,1.8774000000121305,VSM.StaticCasterCull,211200,1
15,554.8944639,1.8774000000121305,VSM.DynamicCasterCull,0,1
15,554.8944639,1.8774000000121305,VSM.PageCull,192000,1
15,554.8944639,1.8774000000121305,VSM.StaticRasterClear,0,1
15,554.8944639,1.8774000000121305,VSM.StaticRasterDraw,6912,1
15,554.8944639,1.8774000000121305,VSM.DynamicRasterClear,0,0
15,554.8944639,1.8774000000121305,VSM.DynamicRasterDraw,0,0
15,554.8944639,1.8774000000121305,VSM.StaticRaster,7168,1
15,554.8944639,1.8774000000121305,VSM.UnityCompatibilityRaster,0,0
15,554.8944639,1.8774000000121305,VSM.Resolve,5215488,1
15,554.8944639,1.8774000000121305,VSM.ResolveTrace,4993024,1
15,554.8944639,1.8774000000121305,VSM.FilterHorizontal,64256,1
15,554.8944639,1.8774000000121305,VSM.FilterVertical,0,0
15,554.8944639,1.8774000000121305,VSM.FilterTemporalVertical,157952,1
15,554.8944639,1.8774000000121305,VSM.ResetFeedback,0,1
16,554.9094902999999,1.8950999999560736,VSM.MarkReceiverPages,736512,1
16,554.9094902999999,1.8950999999560736,VSM.AllocationPrepare,9472,1
16,554.9094902999999,1.8950999999560736,VSM.AllocationCommit,592896,1
16,554.9094902999999,1.8950999999560736,VSM.Allocate,602368,1
16,554.9094902999999,1.8950999999560736,VSM.ClearPhysicalPages,259840,1
16,554.9094902999999,1.8950999999560736,VSM.PageOccupancy,74752,1
16,554.9094902999999,1.8950999999560736,VSM.FinalizePages,1536,1
16,554.9094902999999,1.8950999999560736,VSM.DynamicRaster,0,0
16,554.9094902999999,1.8950999999560736,VSM.LayoutRemap,0,1
16,554.9094902999999,1.8950999999560736,VSM.InvalidateStatic,0,0
16,554.9094902999999,1.8950999999560736,VSM.InvalidateDynamic,1792,1
16,554.9094902999999,1.8950999999560736,VSM.StaticCasterCull,203264,1
16,554.9094902999999,1.8950999999560736,VSM.DynamicCasterCull,0,1
16,554.9094902999999,1.8950999999560736,VSM.PageCull,184064,1
16,554.9094902999999,1.8950999999560736,VSM.StaticRasterClear,0,1
16,554.9094902999999,1.8950999999560736,VSM.StaticRasterDraw,3328,1
16,554.9094902999999,1.8950999999560736,VSM.DynamicRasterClear,0,0
16,554.9094902999999,1.8950999999560736,VSM.DynamicRasterDraw,0,0
16,554.9094902999999,1.8950999999560736,VSM.StaticRaster,3584,1
16,554.9094902999999,1.8950999999560736,VSM.UnityCompatibilityRaster,0,0
16,554.9094902999999,1.8950999999560736,VSM.Resolve,5785088,1
16,554.9094902999999,1.8950999999560736,VSM.ResolveTrace,5561856,1
16,554.9094902999999,1.8950999999560736,VSM.FilterHorizontal,64768,1
16,554.9094902999999,1.8950999999560736,VSM.FilterVertical,0,0
16,554.9094902999999,1.8950999999560736,VSM.FilterTemporalVertical,157440,1
16,554.9094902999999,1.8950999999560736,VSM.ResetFeedback,0,1
17,554.9239687999999,1.8868999999313019,VSM.MarkReceiverPages,937472,1
17,554.9239687999999,1.8868999999313019,VSM.AllocationPrepare,9728,1
17,554.9239687999999,1.8868999999313019,VSM.AllocationCommit,594176,1
17,554.9239687999999,1.8868999999313019,VSM.Allocate,752128,1
17,554.9239687999999,1.8868999999313019,VSM.ClearPhysicalPages,259584,1
17,554.9239687999999,1.8868999999313019,VSM.PageOccupancy,75776,1
17,554.9239687999999,1.8868999999313019,VSM.FinalizePages,1792,1
17,554.9239687999999,1.8868999999313019,VSM.DynamicRaster,0,0
17,554.9239687999999,1.8868999999313019,VSM.LayoutRemap,0,1
17,554.9239687999999,1.8868999999313019,VSM.InvalidateStatic,0,0
17,554.9239687999999,1.8868999999313019,VSM.InvalidateDynamic,1792,1
17,554.9239687999999,1.8868999999313019,VSM.StaticCasterCull,207616,1
17,554.9239687999999,1.8868999999313019,VSM.DynamicCasterCull,0,1
17,554.9239687999999,1.8868999999313019,VSM.PageCull,188160,1
17,554.9239687999999,1.8868999999313019,VSM.StaticRasterClear,0,1
17,554.9239687999999,1.8868999999313019,VSM.StaticRasterDraw,7168,1
17,554.9239687999999,1.8868999999313019,VSM.DynamicRasterClear,0,0
17,554.9239687999999,1.8868999999313019,VSM.DynamicRasterDraw,0,0
17,554.9239687999999,1.8868999999313019,VSM.StaticRaster,7168,1
17,554.9239687999999,1.8868999999313019,VSM.UnityCompatibilityRaster,0,0
17,554.9239687999999,1.8868999999313019,VSM.Resolve,5201408,1
17,554.9239687999999,1.8868999999313019,VSM.ResolveTrace,4978688,1
17,554.9239687999999,1.8868999999313019,VSM.FilterHorizontal,64512,1
17,554.9239687999999,1.8868999999313019,VSM.FilterVertical,0,0
17,554.9239687999999,1.8868999999313019,VSM.FilterTemporalVertical,157952,1
17,554.9239687999999,1.8868999999313019,VSM.ResetFeedback,0,1
18,554.93870269999991,2.0149999999148349,VSM.MarkReceiverPages,738304,1
18,554.93870269999991,2.0149999999148349,VSM.AllocationPrepare,9472,1
18,554.93870269999991,2.0149999999148349,VSM.AllocationCommit,595456,1
18,554.93870269999991,2.0149999999148349,VSM.Allocate,605440,1
18,554.93870269999991,2.0149999999148349,VSM.ClearPhysicalPages,260352,1
18,554.93870269999991,2.0149999999148349,VSM.PageOccupancy,72704,1
18,554.93870269999991,2.0149999999148349,VSM.FinalizePages,1792,1
18,554.93870269999991,2.0149999999148349,VSM.DynamicRaster,0,0
18,554.93870269999991,2.0149999999148349,VSM.LayoutRemap,0,1
18,554.93870269999991,2.0149999999148349,VSM.InvalidateStatic,0,0
18,554.93870269999991,2.0149999999148349,VSM.InvalidateDynamic,1536,1
18,554.93870269999991,2.0149999999148349,VSM.StaticCasterCull,203776,1
18,554.93870269999991,2.0149999999148349,VSM.DynamicCasterCull,0,1
18,554.93870269999991,2.0149999999148349,VSM.PageCull,184576,1
18,554.93870269999991,2.0149999999148349,VSM.StaticRasterClear,0,1
18,554.93870269999991,2.0149999999148349,VSM.StaticRasterDraw,4352,1
18,554.93870269999991,2.0149999999148349,VSM.DynamicRasterClear,0,0
18,554.93870269999991,2.0149999999148349,VSM.DynamicRasterDraw,0,0
18,554.93870269999991,2.0149999999148349,VSM.StaticRaster,4608,1
18,554.93870269999991,2.0149999999148349,VSM.UnityCompatibilityRaster,0,0
18,554.93870269999991,2.0149999999148349,VSM.Resolve,5970688,1
18,554.93870269999991,2.0149999999148349,VSM.ResolveTrace,5745152,1
18,554.93870269999991,2.0149999999148349,VSM.FilterHorizontal,65024,1
18,554.93870269999991,2.0149999999148349,VSM.FilterVertical,0,0
18,554.93870269999991,2.0149999999148349,VSM.FilterTemporalVertical,158976,1
18,554.93870269999991,2.0149999999148349,VSM.ResetFeedback,0,1
19,554.9525468999999,2.0621999999548279,VSM.MarkReceiverPages,734976,1
19,554.9525468999999,2.0621999999548279,VSM.AllocationPrepare,9472,1
19,554.9525468999999,2.0621999999548279,VSM.AllocationCommit,595200,1
19,554.9525468999999,2.0621999999548279,VSM.Allocate,605184,1
19,554.9525468999999,2.0621999999548279,VSM.ClearPhysicalPages,259584,1
19,554.9525468999999,2.0621999999548279,VSM.PageOccupancy,76288,1
19,554.9525468999999,2.0621999999548279,VSM.FinalizePages,2048,1
19,554.9525468999999,2.0621999999548279,VSM.DynamicRaster,0,0
19,554.9525468999999,2.0621999999548279,VSM.LayoutRemap,0,1
19,554.9525468999999,2.0621999999548279,VSM.InvalidateStatic,0,0
19,554.9525468999999,2.0621999999548279,VSM.InvalidateDynamic,1536,1
19,554.9525468999999,2.0621999999548279,VSM.StaticCasterCull,197376,1
19,554.9525468999999,2.0621999999548279,VSM.DynamicCasterCull,0,1
19,554.9525468999999,2.0621999999548279,VSM.PageCull,178176,1
19,554.9525468999999,2.0621999999548279,VSM.StaticRasterClear,0,1
19,554.9525468999999,2.0621999999548279,VSM.StaticRasterDraw,7168,1
19,554.9525468999999,2.0621999999548279,VSM.DynamicRasterClear,0,0
19,554.9525468999999,2.0621999999548279,VSM.DynamicRasterDraw,0,0
19,554.9525468999999,2.0621999999548279,VSM.StaticRaster,7424,1
19,554.9525468999999,2.0621999999548279,VSM.UnityCompatibilityRaster,0,0
19,554.9525468999999,2.0621999999548279,VSM.Resolve,5948928,1
19,554.9525468999999,2.0621999999548279,VSM.ResolveTrace,5723392,1
19,554.9525468999999,2.0621999999548279,VSM.FilterHorizontal,65280,1
19,554.9525468999999,2.0621999999548279,VSM.FilterVertical,0,0
19,554.9525468999999,2.0621999999548279,VSM.FilterTemporalVertical,159232,1
19,554.9525468999999,2.0621999999548279,VSM.ResetFeedback,0,1
20,554.96726559999991,2.1754999999075153,VSM.MarkReceiverPages,922112,1
20,554.96726559999991,2.1754999999075153,VSM.AllocationPrepare,9472,1
20,554.96726559999991,2.1754999999075153,VSM.AllocationCommit,594176,1
20,554.96726559999991,2.1754999999075153,VSM.Allocate,604416,1
20,554.96726559999991,2.1754999999075153,VSM.ClearPhysicalPages,260096,1
20,554.96726559999991,2.1754999999075153,VSM.PageOccupancy,76032,1
20,554.96726559999991,2.1754999999075153,VSM.FinalizePages,1792,1
20,554.96726559999991,2.1754999999075153,VSM.DynamicRaster,0,0
20,554.96726559999991,2.1754999999075153,VSM.LayoutRemap,0,1
20,554.96726559999991,2.1754999999075153,VSM.InvalidateStatic,0,0
20,554.96726559999991,2.1754999999075153,VSM.InvalidateDynamic,1536,1
20,554.96726559999991,2.1754999999075153,VSM.StaticCasterCull,211712,1
20,554.96726559999991,2.1754999999075153,VSM.DynamicCasterCull,0,1
20,554.96726559999991,2.1754999999075153,VSM.PageCull,192768,1
20,554.96726559999991,2.1754999999075153,VSM.StaticRasterClear,256,1
20,554.96726559999991,2.1754999999075153,VSM.StaticRasterDraw,7168,1
20,554.96726559999991,2.1754999999075153,VSM.DynamicRasterClear,0,0
20,554.96726559999991,2.1754999999075153,VSM.DynamicRasterDraw,0,0
20,554.96726559999991,2.1754999999075153,VSM.StaticRaster,7424,1
20,554.96726559999991,2.1754999999075153,VSM.UnityCompatibilityRaster,0,0
20,554.96726559999991,2.1754999999075153,VSM.Resolve,5710080,1
20,554.96726559999991,2.1754999999075153,VSM.ResolveTrace,5484288,1
20,554.96726559999991,2.1754999999075153,VSM.FilterHorizontal,65792,1
20,554.96726559999991,2.1754999999075153,VSM.FilterVertical,0,0
20,554.96726559999991,2.1754999999075153,VSM.FilterTemporalVertical,158720,1
20,554.96726559999991,2.1754999999075153,VSM.ResetFeedback,0,1
21,554.9821327,2.0385999999916748,VSM.MarkReceiverPages,737792,1
21,554.9821327,2.0385999999916748,VSM.AllocationPrepare,9472,1
21,554.9821327,2.0385999999916748,VSM.AllocationCommit,594176,1
21,554.9821327,2.0385999999916748,VSM.Allocate,603904,1
21,554.9821327,2.0385999999916748,VSM.ClearPhysicalPages,259584,1
21,554.9821327,2.0385999999916748,VSM.PageOccupancy,73728,1
21,554.9821327,2.0385999999916748,VSM.FinalizePages,1536,1
21,554.9821327,2.0385999999916748,VSM.DynamicRaster,0,0
21,554.9821327,2.0385999999916748,VSM.LayoutRemap,0,1
21,554.9821327,2.0385999999916748,VSM.InvalidateStatic,0,0
21,554.9821327,2.0385999999916748,VSM.InvalidateDynamic,1280,1
21,554.9821327,2.0385999999916748,VSM.StaticCasterCull,207104,1
21,554.9821327,2.0385999999916748,VSM.DynamicCasterCull,0,1
21,554.9821327,2.0385999999916748,VSM.PageCull,187648,1
21,554.9821327,2.0385999999916748,VSM.StaticRasterClear,0,1
21,554.9821327,2.0385999999916748,VSM.StaticRasterDraw,7168,1
21,554.9821327,2.0385999999916748,VSM.DynamicRasterClear,0,0
21,554.9821327,2.0385999999916748,VSM.DynamicRasterDraw,0,0
21,554.9821327,2.0385999999916748,VSM.StaticRaster,7424,1
21,554.9821327,2.0385999999916748,VSM.UnityCompatibilityRaster,0,0
21,554.9821327,2.0385999999916748,VSM.Resolve,5208064,1
21,554.9821327,2.0385999999916748,VSM.ResolveTrace,4986112,1
21,554.9821327,2.0385999999916748,VSM.FilterHorizontal,64512,1
21,554.9821327,2.0385999999916748,VSM.FilterVertical,0,0
21,554.9821327,2.0385999999916748,VSM.FilterTemporalVertical,157184,1
21,554.9821327,2.0385999999916748,VSM.ResetFeedback,0,1
22,554.9962419,2.1497000000181288,VSM.MarkReceiverPages,738048,1
22,554.9962419,2.1497000000181288,VSM.AllocationPrepare,9472,1
22,554.9962419,2.1497000000181288,VSM.AllocationCommit,601344,1
22,554.9962419,2.1497000000181288,VSM.Allocate,849152,1
22,554.9962419,2.1497000000181288,VSM.ClearPhysicalPages,263424,1
22,554.9962419,2.1497000000181288,VSM.PageOccupancy,73472,1
22,554.9962419,2.1497000000181288,VSM.FinalizePages,1792,1
22,554.9962419,2.1497000000181288,VSM.DynamicRaster,0,0
22,554.9962419,2.1497000000181288,VSM.LayoutRemap,0,1
22,554.9962419,2.1497000000181288,VSM.InvalidateStatic,0,0
22,554.9962419,2.1497000000181288,VSM.InvalidateDynamic,1792,1
22,554.9962419,2.1497000000181288,VSM.StaticCasterCull,205824,1
22,554.9962419,2.1497000000181288,VSM.DynamicCasterCull,0,1
22,554.9962419,2.1497000000181288,VSM.PageCull,186880,1
22,554.9962419,2.1497000000181288,VSM.StaticRasterClear,0,1
22,554.9962419,2.1497000000181288,VSM.StaticRasterDraw,4096,1
22,554.9962419,2.1497000000181288,VSM.DynamicRasterClear,0,0
22,554.9962419,2.1497000000181288,VSM.DynamicRasterDraw,0,0
22,554.9962419,2.1497000000181288,VSM.StaticRaster,4352,1
22,554.9962419,2.1497000000181288,VSM.UnityCompatibilityRaster,0,0
22,554.9962419,2.1497000000181288,VSM.Resolve,5254400,1
22,554.9962419,2.1497000000181288,VSM.ResolveTrace,5030144,1
22,554.9962419,2.1497000000181288,VSM.FilterHorizontal,65024,1
22,554.9962419,2.1497000000181288,VSM.FilterVertical,0,0
22,554.9962419,2.1497000000181288,VSM.FilterTemporalVertical,159232,1
22,554.9962419,2.1497000000181288,VSM.ResetFeedback,0,1
23,555.010673,2.1204000000807355,VSM.MarkReceiverPages,736768,1
23,555.010673,2.1204000000807355,VSM.AllocationPrepare,9472,1
23,555.010673,2.1204000000807355,VSM.AllocationCommit,600320,1
23,555.010673,2.1204000000807355,VSM.Allocate,610304,1
23,555.010673,2.1204000000807355,VSM.ClearPhysicalPages,262144,1
23,555.010673,2.1204000000807355,VSM.PageOccupancy,77056,1
23,555.010673,2.1204000000807355,VSM.FinalizePages,2560,1
23,555.010673,2.1204000000807355,VSM.DynamicRaster,0,0
23,555.010673,2.1204000000807355,VSM.LayoutRemap,0,1
23,555.010673,2.1204000000807355,VSM.InvalidateStatic,0,0
23,555.010673,2.1204000000807355,VSM.InvalidateDynamic,1536,1
23,555.010673,2.1204000000807355,VSM.StaticCasterCull,214528,1
23,555.010673,2.1204000000807355,VSM.DynamicCasterCull,0,1
23,555.010673,2.1204000000807355,VSM.PageCull,195072,1
23,555.010673,2.1204000000807355,VSM.StaticRasterClear,0,1
23,555.010673,2.1204000000807355,VSM.StaticRasterDraw,7168,1
23,555.010673,2.1204000000807355,VSM.DynamicRasterClear,0,0
23,555.010673,2.1204000000807355,VSM.DynamicRasterDraw,0,0
23,555.010673,2.1204000000807355,VSM.StaticRaster,7168,1
23,555.010673,2.1204000000807355,VSM.UnityCompatibilityRaster,0,0
23,555.010673,2.1204000000807355,VSM.Resolve,5528832,1
23,555.010673,2.1204000000807355,VSM.ResolveTrace,5304576,1
23,555.010673,2.1204000000807355,VSM.FilterHorizontal,65024,1
23,555.010673,2.1204000000807355,VSM.FilterVertical,0,0
23,555.010673,2.1204000000807355,VSM.FilterTemporalVertical,158208,1
23,555.010673,2.1204000000807355,VSM.ResetFeedback,0,1
24,555.02565099999993,1.9237000000202897,VSM.MarkReceiverPages,737792,1
24,555.02565099999993,1.9237000000202897,VSM.AllocationPrepare,9728,1
24,555.02565099999993,1.9237000000202897,VSM.AllocationCommit,593920,1
24,555.02565099999993,1.9237000000202897,VSM.Allocate,603648,1
24,555.02565099999993,1.9237000000202897,VSM.ClearPhysicalPages,259840,1
24,555.02565099999993,1.9237000000202897,VSM.PageOccupancy,72960,1
24,555.02565099999993,1.9237000000202897,VSM.FinalizePages,1536,1
24,555.02565099999993,1.9237000000202897,VSM.DynamicRaster,0,0
24,555.02565099999993,1.9237000000202897,VSM.LayoutRemap,0,1
24,555.02565099999993,1.9237000000202897,VSM.InvalidateStatic,0,0
24,555.02565099999993,1.9237000000202897,VSM.InvalidateDynamic,1536,1
24,555.02565099999993,1.9237000000202897,VSM.StaticCasterCull,209408,1
24,555.02565099999993,1.9237000000202897,VSM.DynamicCasterCull,0,1
24,555.02565099999993,1.9237000000202897,VSM.PageCull,190464,1
24,555.02565099999993,1.9237000000202897,VSM.StaticRasterClear,0,1
24,555.02565099999993,1.9237000000202897,VSM.StaticRasterDraw,3072,1
24,555.02565099999993,1.9237000000202897,VSM.DynamicRasterClear,0,0
24,555.02565099999993,1.9237000000202897,VSM.DynamicRasterDraw,0,0
24,555.02565099999993,1.9237000000202897,VSM.StaticRaster,3328,1
24,555.02565099999993,1.9237000000202897,VSM.UnityCompatibilityRaster,0,0
24,555.02565099999993,1.9237000000202897,VSM.Resolve,5198592,1
24,555.02565099999993,1.9237000000202897,VSM.ResolveTrace,4976640,1
24,555.02565099999993,1.9237000000202897,VSM.FilterHorizontal,64256,1
24,555.02565099999993,1.9237000000202897,VSM.FilterVertical,0,0
24,555.02565099999993,1.9237000000202897,VSM.FilterTemporalVertical,157696,1
24,555.02565099999993,1.9237000000202897,VSM.ResetFeedback,0,1
25,555.03981579999993,1.9999999999527063,VSM.MarkReceiverPages,736768,1
25,555.03981579999993,1.9999999999527063,VSM.AllocationPrepare,9472,1
25,555.03981579999993,1.9999999999527063,VSM.AllocationCommit,593920,1
25,555.03981579999993,1.9999999999527063,VSM.Allocate,852224,1
25,555.03981579999993,1.9999999999527063,VSM.ClearPhysicalPages,259840,1
25,555.03981579999993,1.9999999999527063,VSM.PageOccupancy,72960,1
25,555.03981579999993,1.9999999999527063,VSM.FinalizePages,1792,1
25,555.03981579999993,1.9999999999527063,VSM.DynamicRaster,0,0
25,555.03981579999993,1.9999999999527063,VSM.LayoutRemap,0,1
25,555.03981579999993,1.9999999999527063,VSM.InvalidateStatic,0,0
25,555.03981579999993,1.9999999999527063,VSM.InvalidateDynamic,1792,1
25,555.03981579999993,1.9999999999527063,VSM.StaticCasterCull,207104,1
25,555.03981579999993,1.9999999999527063,VSM.DynamicCasterCull,0,1
25,555.03981579999993,1.9999999999527063,VSM.PageCull,187648,1
25,555.03981579999993,1.9999999999527063,VSM.StaticRasterClear,0,1
25,555.03981579999993,1.9999999999527063,VSM.StaticRasterDraw,7424,1
25,555.03981579999993,1.9999999999527063,VSM.DynamicRasterClear,0,0
25,555.03981579999993,1.9999999999527063,VSM.DynamicRasterDraw,0,0
25,555.03981579999993,1.9999999999527063,VSM.StaticRaster,7424,1
25,555.03981579999993,1.9999999999527063,VSM.UnityCompatibilityRaster,0,0
25,555.03981579999993,1.9999999999527063,VSM.Resolve,5724416,1
25,555.03981579999993,1.9999999999527063,VSM.ResolveTrace,5496064,1
25,555.03981579999993,1.9999999999527063,VSM.FilterHorizontal,67840,1
25,555.03981579999993,1.9999999999527063,VSM.FilterVertical,0,0
25,555.03981579999993,1.9999999999527063,VSM.FilterTemporalVertical,159488,1
25,555.03981579999993,1.9999999999527063,VSM.ResetFeedback,0,1
26,555.05472309999993,1.9283999999970547,VSM.MarkReceiverPages,738560,1
26,555.05472309999993,1.9283999999970547,VSM.AllocationPrepare,9472,1
26,555.05472309999993,1.9283999999970547,VSM.AllocationCommit,596224,1
26,555.05472309999993,1.9283999999970547,VSM.Allocate,790528,1
26,555.05472309999993,1.9283999999970547,VSM.ClearPhysicalPages,260864,1
26,555.05472309999993,1.9283999999970547,VSM.PageOccupancy,72704,1
26,555.05472309999993,1.9283999999970547,VSM.FinalizePages,1536,1
26,555.05472309999993,1.9283999999970547,VSM.DynamicRaster,0,0
26,555.05472309999993,1.9283999999970547,VSM.LayoutRemap,0,1
26,555.05472309999993,1.9283999999970547,VSM.InvalidateStatic,0,0
26,555.05472309999993,1.9283999999970547,VSM.InvalidateDynamic,1536,1
26,555.05472309999993,1.9283999999970547,VSM.StaticCasterCull,370432,1
26,555.05472309999993,1.9283999999970547,VSM.DynamicCasterCull,0,1
26,555.05472309999993,1.9283999999970547,VSM.PageCull,190464,1
26,555.05472309999993,1.9283999999970547,VSM.StaticRasterClear,0,1
26,555.05472309999993,1.9283999999970547,VSM.StaticRasterDraw,7168,1
26,555.05472309999993,1.9283999999970547,VSM.DynamicRasterClear,0,0
26,555.05472309999993,1.9283999999970547,VSM.DynamicRasterDraw,0,0
26,555.05472309999993,1.9283999999970547,VSM.StaticRaster,7424,1
26,555.05472309999993,1.9283999999970547,VSM.UnityCompatibilityRaster,0,0
26,555.05472309999993,1.9283999999970547,VSM.Resolve,5927168,1
26,555.05472309999993,1.9283999999970547,VSM.ResolveTrace,5697280,1
26,555.05472309999993,1.9283999999970547,VSM.FilterHorizontal,65792,1
26,555.05472309999993,1.9283999999970547,VSM.FilterVertical,0,0
26,555.05472309999993,1.9283999999970547,VSM.FilterTemporalVertical,162816,1
26,555.05472309999993,1.9283999999970547,VSM.ResetFeedback,0,1
27,555.0693285,1.8651999999974578,VSM.MarkReceiverPages,739584,1
27,555.0693285,1.8651999999974578,VSM.AllocationPrepare,9472,1
27,555.0693285,1.8651999999974578,VSM.AllocationCommit,594944,1
27,555.0693285,1.8651999999974578,VSM.Allocate,604928,1
27,555.0693285,1.8651999999974578,VSM.ClearPhysicalPages,260608,1
27,555.0693285,1.8651999999974578,VSM.PageOccupancy,76544,1
27,555.0693285,1.8651999999974578,VSM.FinalizePages,1536,1
27,555.0693285,1.8651999999974578,VSM.DynamicRaster,0,0
27,555.0693285,1.8651999999974578,VSM.LayoutRemap,0,1
27,555.0693285,1.8651999999974578,VSM.InvalidateStatic,0,0
27,555.0693285,1.8651999999974578,VSM.InvalidateDynamic,1536,1
27,555.0693285,1.8651999999974578,VSM.StaticCasterCull,204032,1
27,555.0693285,1.8651999999974578,VSM.DynamicCasterCull,0,1
27,555.0693285,1.8651999999974578,VSM.PageCull,184576,1
27,555.0693285,1.8651999999974578,VSM.StaticRasterClear,256,1
27,555.0693285,1.8651999999974578,VSM.StaticRasterDraw,7168,1
27,555.0693285,1.8651999999974578,VSM.DynamicRasterClear,0,0
27,555.0693285,1.8651999999974578,VSM.DynamicRasterDraw,0,0
27,555.0693285,1.8651999999974578,VSM.StaticRaster,7424,1
27,555.0693285,1.8651999999974578,VSM.UnityCompatibilityRaster,0,0
27,555.0693285,1.8651999999974578,VSM.Resolve,5645056,1
27,555.0693285,1.8651999999974578,VSM.ResolveTrace,5418240,1
27,555.0693285,1.8651999999974578,VSM.FilterHorizontal,65792,1
27,555.0693285,1.8651999999974578,VSM.FilterVertical,0,0
27,555.0693285,1.8651999999974578,VSM.FilterTemporalVertical,160000,1
27,555.0693285,1.8651999999974578,VSM.ResetFeedback,0,1
28,555.0845539,1.9664999999804422,VSM.MarkReceiverPages,737024,1
28,555.0845539,1.9664999999804422,VSM.AllocationPrepare,9728,1
28,555.0845539,1.9664999999804422,VSM.AllocationCommit,594944,1
28,555.0845539,1.9664999999804422,VSM.Allocate,604672,1
28,555.0845539,1.9664999999804422,VSM.ClearPhysicalPages,259328,1
28,555.0845539,1.9664999999804422,VSM.PageOccupancy,75264,1
28,555.0845539,1.9664999999804422,VSM.FinalizePages,1792,1
28,555.0845539,1.9664999999804422,VSM.DynamicRaster,0,0
28,555.0845539,1.9664999999804422,VSM.LayoutRemap,0,1
28,555.0845539,1.9664999999804422,VSM.InvalidateStatic,0,0
28,555.0845539,1.9664999999804422,VSM.InvalidateDynamic,1536,1
28,555.0845539,1.9664999999804422,VSM.StaticCasterCull,205568,1
28,555.0845539,1.9664999999804422,VSM.DynamicCasterCull,0,1
28,555.0845539,1.9664999999804422,VSM.PageCull,187136,1
28,555.0845539,1.9664999999804422,VSM.StaticRasterClear,0,1
28,555.0845539,1.9664999999804422,VSM.StaticRasterDraw,8448,1
28,555.0845539,1.9664999999804422,VSM.DynamicRasterClear,0,0
28,555.0845539,1.9664999999804422,VSM.DynamicRasterDraw,0,0
28,555.0845539,1.9664999999804422,VSM.StaticRaster,8704,1
28,555.0845539,1.9664999999804422,VSM.UnityCompatibilityRaster,0,0
28,555.0845539,1.9664999999804422,VSM.Resolve,5970688,1
28,555.0845539,1.9664999999804422,VSM.ResolveTrace,5742336,1
28,555.0845539,1.9664999999804422,VSM.FilterHorizontal,65792,1
28,555.0845539,1.9664999999804422,VSM.FilterVertical,0,0
28,555.0845539,1.9664999999804422,VSM.FilterTemporalVertical,161024,1
28,555.0845539,1.9664999999804422,VSM.ResetFeedback,0,1
29,555.0990021,2.0369000000073356,VSM.MarkReceiverPages,739072,1
29,555.0990021,2.0369000000073356,VSM.AllocationPrepare,9472,1
29,555.0990021,2.0369000000073356,VSM.AllocationCommit,595712,1
29,555.0990021,2.0369000000073356,VSM.Allocate,605440,1
29,555.0990021,2.0369000000073356,VSM.ClearPhysicalPages,260352,1
29,555.0990021,2.0369000000073356,VSM.PageOccupancy,78336,1
29,555.0990021,2.0369000000073356,VSM.FinalizePages,2048,1
29,555.0990021,2.0369000000073356,VSM.DynamicRaster,0,0
29,555.0990021,2.0369000000073356,VSM.LayoutRemap,0,1
29,555.0990021,2.0369000000073356,VSM.InvalidateStatic,0,0
29,555.0990021,2.0369000000073356,VSM.InvalidateDynamic,1280,1
29,555.0990021,2.0369000000073356,VSM.StaticCasterCull,207872,1
29,555.0990021,2.0369000000073356,VSM.DynamicCasterCull,0,1
29,555.0990021,2.0369000000073356,VSM.PageCull,188672,1
29,555.0990021,2.0369000000073356,VSM.StaticRasterClear,0,1
29,555.0990021,2.0369000000073356,VSM.StaticRasterDraw,7168,1
29,555.0990021,2.0369000000073356,VSM.DynamicRasterClear,0,0
29,555.0990021,2.0369000000073356,VSM.DynamicRasterDraw,0,0
29,555.0990021,2.0369000000073356,VSM.StaticRaster,7168,1
29,555.0990021,2.0369000000073356,VSM.UnityCompatibilityRaster,0,0
29,555.0990021,2.0369000000073356,VSM.Resolve,5943040,1
29,555.0990021,2.0369000000073356,VSM.ResolveTrace,5714944,1
29,555.0990021,2.0369000000073356,VSM.FilterHorizontal,65280,1
29,555.0990021,2.0369000000073356,VSM.FilterVertical,0,0
29,555.0990021,2.0369000000073356,VSM.FilterTemporalVertical,161536,1
29,555.0990021,2.0369000000073356,VSM.ResetFeedback,0,1
30,555.1153571,2.7506999999786785,VSM.MarkReceiverPages,737792,1
30,555.1153571,2.7506999999786785,VSM.AllocationPrepare,9472,1
30,555.1153571,2.7506999999786785,VSM.AllocationCommit,595456,1
30,555.1153571,2.7506999999786785,VSM.Allocate,994048,1
30,555.1153571,2.7506999999786785,VSM.ClearPhysicalPages,260864,1
30,555.1153571,2.7506999999786785,VSM.PageOccupancy,72448,1
30,555.1153571,2.7506999999786785,VSM.FinalizePages,2048,1
30,555.1153571,2.7506999999786785,VSM.DynamicRaster,0,0
30,555.1153571,2.7506999999786785,VSM.LayoutRemap,0,1
30,555.1153571,2.7506999999786785,VSM.InvalidateStatic,0,0
30,555.1153571,2.7506999999786785,VSM.InvalidateDynamic,2560,1
30,555.1153571,2.7506999999786785,VSM.StaticCasterCull,207872,1
30,555.1153571,2.7506999999786785,VSM.DynamicCasterCull,0,1
30,555.1153571,2.7506999999786785,VSM.PageCull,188416,1
30,555.1153571,2.7506999999786785,VSM.StaticRasterClear,0,1
30,555.1153571,2.7506999999786785,VSM.StaticRasterDraw,6656,1
30,555.1153571,2.7506999999786785,VSM.DynamicRasterClear,0,0
30,555.1153571,2.7506999999786785,VSM.DynamicRasterDraw,0,0
30,555.1153571,2.7506999999786785,VSM.StaticRaster,6912,1
30,555.1153571,2.7506999999786785,VSM.UnityCompatibilityRaster,0,0
30,555.1153571,2.7506999999786785,VSM.Resolve,5577216,1
30,555.1153571,2.7506999999786785,VSM.ResolveTrace,5351168,1
30,555.1153571,2.7506999999786785,VSM.FilterHorizontal,65536,1
30,555.1153571,2.7506999999786785,VSM.FilterVertical,0,0
30,555.1153571,2.7506999999786785,VSM.FilterTemporalVertical,159232,1
30,555.1153571,2.7506999999786785,VSM.ResetFeedback,0,1
31,555.13153619999991,2.4445999999898049,VSM.MarkReceiverPages,737536,1
31,555.13153619999991,2.4445999999898049,VSM.AllocationPrepare,9216,1
31,555.13153619999991,2.4445999999898049,VSM.AllocationCommit,594432,1
31,555.13153619999991,2.4445999999898049,VSM.Allocate,604160,1
31,555.13153619999991,2.4445999999898049,VSM.ClearPhysicalPages,260608,1
31,555.13153619999991,2.4445999999898049,VSM.PageOccupancy,73728,1
31,555.13153619999991,2.4445999999898049,VSM.FinalizePages,2304,1
31,555.13153619999991,2.4445999999898049,VSM.DynamicRaster,0,0
31,555.13153619999991,2.4445999999898049,VSM.LayoutRemap,0,1
31,555.13153619999991,2.4445999999898049,VSM.InvalidateStatic,0,0
31,555.13153619999991,2.4445999999898049,VSM.InvalidateDynamic,1536,1
31,555.13153619999991,2.4445999999898049,VSM.StaticCasterCull,214528,1
31,555.13153619999991,2.4445999999898049,VSM.DynamicCasterCull,0,1
31,555.13153619999991,2.4445999999898049,VSM.PageCull,195328,1
31,555.13153619999991,2.4445999999898049,VSM.StaticRasterClear,0,1
31,555.13153619999991,2.4445999999898049,VSM.StaticRasterDraw,7168,1
31,555.13153619999991,2.4445999999898049,VSM.DynamicRasterClear,0,0
31,555.13153619999991,2.4445999999898049,VSM.DynamicRasterDraw,0,0
31,555.13153619999991,2.4445999999898049,VSM.StaticRaster,7168,1
31,555.13153619999991,2.4445999999898049,VSM.UnityCompatibilityRaster,0,0
31,555.13153619999991,2.4445999999898049,VSM.Resolve,5209856,1
31,555.13153619999991,2.4445999999898049,VSM.ResolveTrace,4988160,1
31,555.13153619999991,2.4445999999898049,VSM.FilterHorizontal,64256,1
31,555.13153619999991,2.4445999999898049,VSM.FilterVertical,0,0
31,555.13153619999991,2.4445999999898049,VSM.FilterTemporalVertical,157184,1
31,555.13153619999991,2.4445999999898049,VSM.ResetFeedback,0,1
32,555.1473229,2.338000000008833,VSM.MarkReceiverPages,739328,1
32,555.1473229,2.338000000008833,VSM.AllocationPrepare,9472,1
32,555.1473229,2.338000000008833,VSM.AllocationCommit,593920,1
32,555.1473229,2.338000000008833,VSM.Allocate,753152,1
32,555.1473229,2.338000000008833,VSM.ClearPhysicalPages,259584,1
32,555.1473229,2.338000000008833,VSM.PageOccupancy,74240,1
32,555.1473229,2.338000000008833,VSM.FinalizePages,1792,1
32,555.1473229,2.338000000008833,VSM.DynamicRaster,0,0
32,555.1473229,2.338000000008833,VSM.LayoutRemap,0,1
32,555.1473229,2.338000000008833,VSM.InvalidateStatic,0,0
32,555.1473229,2.338000000008833,VSM.InvalidateDynamic,1536,1
32,555.1473229,2.338000000008833,VSM.StaticCasterCull,204288,1
32,555.1473229,2.338000000008833,VSM.DynamicCasterCull,256,1
32,555.1473229,2.338000000008833,VSM.PageCull,184576,1
32,555.1473229,2.338000000008833,VSM.StaticRasterClear,256,1
32,555.1473229,2.338000000008833,VSM.StaticRasterDraw,6912,1
32,555.1473229,2.338000000008833,VSM.DynamicRasterClear,0,0
32,555.1473229,2.338000000008833,VSM.DynamicRasterDraw,0,0
32,555.1473229,2.338000000008833,VSM.StaticRaster,7168,1
32,555.1473229,2.338000000008833,VSM.UnityCompatibilityRaster,0,0
32,555.1473229,2.338000000008833,VSM.Resolve,6129408,1
32,555.1473229,2.338000000008833,VSM.ResolveTrace,5899776,1
32,555.1473229,2.338000000008833,VSM.FilterHorizontal,66816,1
32,555.1473229,2.338000000008833,VSM.FilterVertical,0,0
32,555.1473229,2.338000000008833,VSM.FilterTemporalVertical,162048,1
32,555.1473229,2.338000000008833,VSM.ResetFeedback,0,1
33,555.16264019999994,2.0521999999800755,VSM.MarkReceiverPages,736512,1
33,555.16264019999994,2.0521999999800755,VSM.AllocationPrepare,9728,1
33,555.16264019999994,2.0521999999800755,VSM.AllocationCommit,602368,1
33,555.16264019999994,2.0521999999800755,VSM.Allocate,612096,1
33,555.16264019999994,2.0521999999800755,VSM.ClearPhysicalPages,264192,1
33,555.16264019999994,2.0521999999800755,VSM.PageOccupancy,75776,1
33,555.16264019999994,2.0521999999800755,VSM.FinalizePages,2048,1
33,555.16264019999994,2.0521999999800755,VSM.DynamicRaster,0,0
33,555.16264019999994,2.0521999999800755,VSM.LayoutRemap,0,1
33,555.16264019999994,2.0521999999800755,VSM.InvalidateStatic,0,0
33,555.16264019999994,2.0521999999800755,VSM.InvalidateDynamic,1536,1
33,555.16264019999994,2.0521999999800755,VSM.StaticCasterCull,204032,1
33,555.16264019999994,2.0521999999800755,VSM.DynamicCasterCull,0,1
33,555.16264019999994,2.0521999999800755,VSM.PageCull,185088,1
33,555.16264019999994,2.0521999999800755,VSM.StaticRasterClear,0,1
33,555.16264019999994,2.0521999999800755,VSM.StaticRasterDraw,7168,1
33,555.16264019999994,2.0521999999800755,VSM.DynamicRasterClear,0,0
33,555.16264019999994,2.0521999999800755,VSM.DynamicRasterDraw,0,0
33,555.16264019999994,2.0521999999800755,VSM.StaticRaster,7168,1
33,555.16264019999994,2.0521999999800755,VSM.UnityCompatibilityRaster,0,0
33,555.16264019999994,2.0521999999800755,VSM.Resolve,5602816,1
33,555.16264019999994,2.0521999999800755,VSM.ResolveTrace,5376256,1
33,555.16264019999994,2.0521999999800755,VSM.FilterHorizontal,65536,1
33,555.16264019999994,2.0521999999800755,VSM.FilterVertical,0,0
33,555.16264019999994,2.0521999999800755,VSM.FilterTemporalVertical,160000,1
33,555.16264019999994,2.0521999999800755,VSM.ResetFeedback,0,1
34,555.1791199999999,2.5717999999415042,VSM.MarkReceiverPages,738560,1
34,555.1791199999999,2.5717999999415042,VSM.AllocationPrepare,9728,1
34,555.1791199999999,2.5717999999415042,VSM.AllocationCommit,594176,1
34,555.1791199999999,2.5717999999415042,VSM.Allocate,767232,1
34,555.1791199999999,2.5717999999415042,VSM.ClearPhysicalPages,259840,1
34,555.1791199999999,2.5717999999415042,VSM.PageOccupancy,72448,1
34,555.1791199999999,2.5717999999415042,VSM.FinalizePages,1792,1
34,555.1791199999999,2.5717999999415042,VSM.DynamicRaster,0,0
34,555.1791199999999,2.5717999999415042,VSM.LayoutRemap,0,1
34,555.1791199999999,2.5717999999415042,VSM.InvalidateStatic,0,0
34,555.1791199999999,2.5717999999415042,VSM.InvalidateDynamic,1536,1
34,555.1791199999999,2.5717999999415042,VSM.StaticCasterCull,211712,1
34,555.1791199999999,2.5717999999415042,VSM.DynamicCasterCull,0,1
34,555.1791199999999,2.5717999999415042,VSM.PageCull,192768,1
34,555.1791199999999,2.5717999999415042,VSM.StaticRasterClear,256,1
34,555.1791199999999,2.5717999999415042,VSM.StaticRasterDraw,7168,1
34,555.1791199999999,2.5717999999415042,VSM.DynamicRasterClear,0,0
34,555.1791199999999,2.5717999999415042,VSM.DynamicRasterDraw,0,0
34,555.1791199999999,2.5717999999415042,VSM.StaticRaster,7424,1
34,555.1791199999999,2.5717999999415042,VSM.UnityCompatibilityRaster,0,0
34,555.1791199999999,2.5717999999415042,VSM.Resolve,6491136,1
34,555.1791199999999,2.5717999999415042,VSM.ResolveTrace,6263040,1
34,555.1791199999999,2.5717999999415042,VSM.FilterHorizontal,67328,1
34,555.1791199999999,2.5717999999415042,VSM.FilterVertical,0,0
34,555.1791199999999,2.5717999999415042,VSM.FilterTemporalVertical,159744,1
34,555.1791199999999,2.5717999999415042,VSM.ResetFeedback,0,1
35,555.2057437,2.2588000000496322,VSM.MarkReceiverPages,737280,1
35,555.2057437,2.2588000000496322,VSM.AllocationPrepare,9472,1
35,555.2057437,2.2588000000496322,VSM.AllocationCommit,594176,1
35,555.2057437,2.2588000000496322,VSM.Allocate,877824,1
35,555.2057437,2.2588000000496322,VSM.ClearPhysicalPages,261120,1
35,555.2057437,2.2588000000496322,VSM.PageOccupancy,72192,1
35,555.2057437,2.2588000000496322,VSM.FinalizePages,1792,1
35,555.2057437,2.2588000000496322,VSM.DynamicRaster,0,0
35,555.2057437,2.2588000000496322,VSM.LayoutRemap,0,1
35,555.2057437,2.2588000000496322,VSM.InvalidateStatic,0,0
35,555.2057437,2.2588000000496322,VSM.InvalidateDynamic,1792,1
35,555.2057437,2.2588000000496322,VSM.StaticCasterCull,203008,1
35,555.2057437,2.2588000000496322,VSM.DynamicCasterCull,0,1
35,555.2057437,2.2588000000496322,VSM.PageCull,184064,1
35,555.2057437,2.2588000000496322,VSM.StaticRasterClear,0,1
35,555.2057437,2.2588000000496322,VSM.StaticRasterDraw,6912,1
35,555.2057437,2.2588000000496322,VSM.DynamicRasterClear,0,0
35,555.2057437,2.2588000000496322,VSM.DynamicRasterDraw,0,0
35,555.2057437,2.2588000000496322,VSM.StaticRaster,7168,1
35,555.2057437,2.2588000000496322,VSM.UnityCompatibilityRaster,0,0
35,555.2057437,2.2588000000496322,VSM.Resolve,6354176,1
35,555.2057437,2.2588000000496322,VSM.ResolveTrace,5971456,1
35,555.2057437,2.2588000000496322,VSM.FilterHorizontal,66048,1
35,555.2057437,2.2588000000496322,VSM.FilterVertical,0,0
35,555.2057437,2.2588000000496322,VSM.FilterTemporalVertical,315648,1
35,555.2057437,2.2588000000496322,VSM.ResetFeedback,0,1
36,555.22062999999991,2.0509999999376305,VSM.MarkReceiverPages,734976,1
36,555.22062999999991,2.0509999999376305,VSM.AllocationPrepare,9728,1
36,555.22062999999991,2.0509999999376305,VSM.AllocationCommit,593408,1
36,555.22062999999991,2.0509999999376305,VSM.Allocate,768000,1
36,555.22062999999991,2.0509999999376305,VSM.ClearPhysicalPages,260096,1
36,555.22062999999991,2.0509999999376305,VSM.PageOccupancy,75264,1
36,555.22062999999991,2.0509999999376305,VSM.FinalizePages,1536,1
36,555.22062999999991,2.0509999999376305,VSM.DynamicRaster,0,0
36,555.22062999999991,2.0509999999376305,VSM.LayoutRemap,0,1
36,555.22062999999991,2.0509999999376305,VSM.InvalidateStatic,0,0
36,555.22062999999991,2.0509999999376305,VSM.InvalidateDynamic,1792,1
36,555.22062999999991,2.0509999999376305,VSM.StaticCasterCull,211456,1
36,555.22062999999991,2.0509999999376305,VSM.DynamicCasterCull,0,1
36,555.22062999999991,2.0509999999376305,VSM.PageCull,192256,1
36,555.22062999999991,2.0509999999376305,VSM.StaticRasterClear,0,1
36,555.22062999999991,2.0509999999376305,VSM.StaticRasterDraw,6912,1
36,555.22062999999991,2.0509999999376305,VSM.DynamicRasterClear,0,0
36,555.22062999999991,2.0509999999376305,VSM.DynamicRasterDraw,0,0
36,555.22062999999991,2.0509999999376305,VSM.StaticRaster,7168,1
36,555.22062999999991,2.0509999999376305,VSM.UnityCompatibilityRaster,0,0
36,555.22062999999991,2.0509999999376305,VSM.Resolve,6696704,1
36,555.22062999999991,2.0509999999376305,VSM.ResolveTrace,6030848,1
36,555.22062999999991,2.0509999999376305,VSM.FilterHorizontal,67328,1
36,555.22062999999991,2.0509999999376305,VSM.FilterVertical,0,0
36,555.22062999999991,2.0509999999376305,VSM.FilterTemporalVertical,161536,1
36,555.22062999999991,2.0509999999376305,VSM.ResetFeedback,0,1
37,555.2348442,2.2238999999899534,VSM.MarkReceiverPages,736000,1
37,555.2348442,2.2238999999899534,VSM.AllocationPrepare,9472,1
37,555.2348442,2.2238999999899534,VSM.AllocationCommit,594176,1
37,555.2348442,2.2238999999899534,VSM.Allocate,862720,1
37,555.2348442,2.2238999999899534,VSM.ClearPhysicalPages,260352,1
37,555.2348442,2.2238999999899534,VSM.PageOccupancy,78848,1
37,555.2348442,2.2238999999899534,VSM.FinalizePages,1792,1
37,555.2348442,2.2238999999899534,VSM.DynamicRaster,0,0
37,555.2348442,2.2238999999899534,VSM.LayoutRemap,0,1
37,555.2348442,2.2238999999899534,VSM.InvalidateStatic,0,0
37,555.2348442,2.2238999999899534,VSM.InvalidateDynamic,1792,1
37,555.2348442,2.2238999999899534,VSM.StaticCasterCull,203008,1
37,555.2348442,2.2238999999899534,VSM.DynamicCasterCull,0,1
37,555.2348442,2.2238999999899534,VSM.PageCull,183552,1
37,555.2348442,2.2238999999899534,VSM.StaticRasterClear,0,1
37,555.2348442,2.2238999999899534,VSM.StaticRasterDraw,8704,1
37,555.2348442,2.2238999999899534,VSM.DynamicRasterClear,0,0
37,555.2348442,2.2238999999899534,VSM.DynamicRasterDraw,0,0
37,555.2348442,2.2238999999899534,VSM.StaticRaster,8960,1
37,555.2348442,2.2238999999899534,VSM.UnityCompatibilityRaster,0,0
37,555.2348442,2.2238999999899534,VSM.Resolve,6621696,1
37,555.2348442,2.2238999999899534,VSM.ResolveTrace,6393600,1
37,555.2348442,2.2238999999899534,VSM.FilterHorizontal,66048,1
37,555.2348442,2.2238999999899534,VSM.FilterVertical,0,0
37,555.2348442,2.2238999999899534,VSM.FilterTemporalVertical,161024,1
37,555.2348442,2.2238999999899534,VSM.ResetFeedback,256,1
38,555.2504249,2.1152000000483895,VSM.MarkReceiverPages,736768,1
38,555.2504249,2.1152000000483895,VSM.AllocationPrepare,9472,1
38,555.2504249,2.1152000000483895,VSM.AllocationCommit,595456,1
38,555.2504249,2.1152000000483895,VSM.Allocate,762624,1
38,555.2504249,2.1152000000483895,VSM.ClearPhysicalPages,260608,1
38,555.2504249,2.1152000000483895,VSM.PageOccupancy,76288,1
38,555.2504249,2.1152000000483895,VSM.FinalizePages,1792,1
38,555.2504249,2.1152000000483895,VSM.DynamicRaster,0,0
38,555.2504249,2.1152000000483895,VSM.LayoutRemap,0,1
38,555.2504249,2.1152000000483895,VSM.InvalidateStatic,0,0
38,555.2504249,2.1152000000483895,VSM.InvalidateDynamic,1792,1
38,555.2504249,2.1152000000483895,VSM.StaticCasterCull,209408,1
38,555.2504249,2.1152000000483895,VSM.DynamicCasterCull,0,1
38,555.2504249,2.1152000000483895,VSM.PageCull,189952,1
38,555.2504249,2.1152000000483895,VSM.StaticRasterClear,0,1
38,555.2504249,2.1152000000483895,VSM.StaticRasterDraw,7168,1
38,555.2504249,2.1152000000483895,VSM.DynamicRasterClear,0,0
38,555.2504249,2.1152000000483895,VSM.DynamicRasterDraw,0,0
38,555.2504249,2.1152000000483895,VSM.StaticRaster,7424,1
38,555.2504249,2.1152000000483895,VSM.UnityCompatibilityRaster,0,0
38,555.2504249,2.1152000000483895,VSM.Resolve,5923072,1
38,555.2504249,2.1152000000483895,VSM.ResolveTrace,5697792,1
38,555.2504249,2.1152000000483895,VSM.FilterHorizontal,65280,1
38,555.2504249,2.1152000000483895,VSM.FilterVertical,0,0
38,555.2504249,2.1152000000483895,VSM.FilterTemporalVertical,159232,1
38,555.2504249,2.1152000000483895,VSM.ResetFeedback,0,1
39,555.2656734,2.3641000000225176,VSM.MarkReceiverPages,738048,1
39,555.2656734,2.3641000000225176,VSM.AllocationPrepare,9728,1
39,555.2656734,2.3641000000225176,VSM.AllocationCommit,594176,1
39,555.2656734,2.3641000000225176,VSM.Allocate,603904,1
39,555.2656734,2.3641000000225176,VSM.ClearPhysicalPages,259840,1
39,555.2656734,2.3641000000225176,VSM.PageOccupancy,72960,1
39,555.2656734,2.3641000000225176,VSM.FinalizePages,1536,1
39,555.2656734,2.3641000000225176,VSM.DynamicRaster,0,0
39,555.2656734,2.3641000000225176,VSM.LayoutRemap,0,1
39,555.2656734,2.3641000000225176,VSM.InvalidateStatic,0,0
39,555.2656734,2.3641000000225176,VSM.InvalidateDynamic,1792,1
39,555.2656734,2.3641000000225176,VSM.StaticCasterCull,204800,1
39,555.2656734,2.3641000000225176,VSM.DynamicCasterCull,0,1
39,555.2656734,2.3641000000225176,VSM.PageCull,186368,1
39,555.2656734,2.3641000000225176,VSM.StaticRasterClear,0,1
39,555.2656734,2.3641000000225176,VSM.StaticRasterDraw,7168,1
39,555.2656734,2.3641000000225176,VSM.DynamicRasterClear,0,0
39,555.2656734,2.3641000000225176,VSM.DynamicRasterDraw,0,0
39,555.2656734,2.3641000000225176,VSM.StaticRaster,7168,1
39,555.2656734,2.3641000000225176,VSM.UnityCompatibilityRaster,0,0
39,555.2656734,2.3641000000225176,VSM.Resolve,5205248,1
39,555.2656734,2.3641000000225176,VSM.ResolveTrace,4984064,1
39,555.2656734,2.3641000000225176,VSM.FilterHorizontal,64256,1
39,555.2656734,2.3641000000225176,VSM.FilterVertical,0,0
39,555.2656734,2.3641000000225176,VSM.FilterTemporalVertical,156672,1
39,555.2656734,2.3641000000225176,VSM.ResetFeedback,0,1
40,555.2811961,2.148099999999431,VSM.MarkReceiverPages,736768,1
40,555.2811961,2.148099999999431,VSM.AllocationPrepare,9728,1
40,555.2811961,2.148099999999431,VSM.AllocationCommit,593664,1
40,555.2811961,2.148099999999431,VSM.Allocate,855296,1
40,555.2811961,2.148099999999431,VSM.ClearPhysicalPages,260096,1
40,555.2811961,2.148099999999431,VSM.PageOccupancy,75008,1
40,555.2811961,2.148099999999431,VSM.FinalizePages,1536,1
40,555.2811961,2.148099999999431,VSM.DynamicRaster,0,0
40,555.2811961,2.148099999999431,VSM.LayoutRemap,0,1
40,555.2811961,2.148099999999431,VSM.InvalidateStatic,0,0
40,555.2811961,2.148099999999431,VSM.InvalidateDynamic,1536,1
40,555.2811961,2.148099999999431,VSM.StaticCasterCull,208640,1
40,555.2811961,2.148099999999431,VSM.DynamicCasterCull,0,1
40,555.2811961,2.148099999999431,VSM.PageCull,189184,1
40,555.2811961,2.148099999999431,VSM.StaticRasterClear,0,1
40,555.2811961,2.148099999999431,VSM.StaticRasterDraw,7168,1
40,555.2811961,2.148099999999431,VSM.DynamicRasterClear,0,0
40,555.2811961,2.148099999999431,VSM.DynamicRasterDraw,0,0
40,555.2811961,2.148099999999431,VSM.StaticRaster,7424,1
40,555.2811961,2.148099999999431,VSM.UnityCompatibilityRaster,0,0
40,555.2811961,2.148099999999431,VSM.Resolve,6286848,1
40,555.2811961,2.148099999999431,VSM.ResolveTrace,6059520,1
40,555.2811961,2.148099999999431,VSM.FilterHorizontal,65792,1
40,555.2811961,2.148099999999431,VSM.FilterVertical,0,0
40,555.2811961,2.148099999999431,VSM.FilterTemporalVertical,160256,1
40,555.2811961,2.148099999999431,VSM.ResetFeedback,0,1
41,555.2966888,2.30850000002647,VSM.MarkReceiverPages,738560,1
41,555.2966888,2.30850000002647,VSM.AllocationPrepare,9728,1
41,555.2966888,2.30850000002647,VSM.AllocationCommit,594432,1
41,555.2966888,2.30850000002647,VSM.Allocate,604160,1
41,555.2966888,2.30850000002647,VSM.ClearPhysicalPages,260096,1
41,555.2966888,2.30850000002647,VSM.PageOccupancy,72704,1
41,555.2966888,2.30850000002647,VSM.FinalizePages,1792,1
41,555.2966888,2.30850000002647,VSM.DynamicRaster,0,0
41,555.2966888,2.30850000002647,VSM.LayoutRemap,0,1
41,555.2966888,2.30850000002647,VSM.InvalidateStatic,0,0
41,555.2966888,2.30850000002647,VSM.InvalidateDynamic,1536,1
41,555.2966888,2.30850000002647,VSM.StaticCasterCull,211200,1
41,555.2966888,2.30850000002647,VSM.DynamicCasterCull,0,1
41,555.2966888,2.30850000002647,VSM.PageCull,191488,1
41,555.2966888,2.30850000002647,VSM.StaticRasterClear,0,1
41,555.2966888,2.30850000002647,VSM.StaticRasterDraw,6912,1
41,555.2966888,2.30850000002647,VSM.DynamicRasterClear,0,0
41,555.2966888,2.30850000002647,VSM.DynamicRasterDraw,0,0
41,555.2966888,2.30850000002647,VSM.StaticRaster,7168,1
41,555.2966888,2.30850000002647,VSM.UnityCompatibilityRaster,0,0
41,555.2966888,2.30850000002647,VSM.Resolve,6089984,1
41,555.2966888,2.30850000002647,VSM.ResolveTrace,5622784,1
41,555.2966888,2.30850000002647,VSM.FilterHorizontal,65024,1
41,555.2966888,2.30850000002647,VSM.FilterVertical,0,0
41,555.2966888,2.30850000002647,VSM.FilterTemporalVertical,157952,1
41,555.2966888,2.30850000002647,VSM.ResetFeedback,0,1
42,555.312294,2.1306999999524123,VSM.MarkReceiverPages,737536,1
42,555.312294,2.1306999999524123,VSM.AllocationPrepare,9728,1
42,555.312294,2.1306999999524123,VSM.AllocationCommit,594432,1
42,555.312294,2.1306999999524123,VSM.Allocate,604416,1
42,555.312294,2.1306999999524123,VSM.ClearPhysicalPages,259840,1
42,555.312294,2.1306999999524123,VSM.PageOccupancy,72192,1
42,555.312294,2.1306999999524123,VSM.FinalizePages,1792,1
42,555.312294,2.1306999999524123,VSM.DynamicRaster,0,0
42,555.312294,2.1306999999524123,VSM.LayoutRemap,0,1
42,555.312294,2.1306999999524123,VSM.InvalidateStatic,0,0
42,555.312294,2.1306999999524123,VSM.InvalidateDynamic,1536,1
42,555.312294,2.1306999999524123,VSM.StaticCasterCull,211200,1
42,555.312294,2.1306999999524123,VSM.DynamicCasterCull,0,1
42,555.312294,2.1306999999524123,VSM.PageCull,192000,1
42,555.312294,2.1306999999524123,VSM.StaticRasterClear,0,1
42,555.312294,2.1306999999524123,VSM.StaticRasterDraw,7680,1
42,555.312294,2.1306999999524123,VSM.DynamicRasterClear,0,0
42,555.312294,2.1306999999524123,VSM.DynamicRasterDraw,0,0
42,555.312294,2.1306999999524123,VSM.StaticRaster,7936,1
42,555.312294,2.1306999999524123,VSM.UnityCompatibilityRaster,0,0
42,555.312294,2.1306999999524123,VSM.Resolve,6624256,1
42,555.312294,2.1306999999524123,VSM.ResolveTrace,6399744,1
42,555.312294,2.1306999999524123,VSM.FilterHorizontal,65280,1
42,555.312294,2.1306999999524123,VSM.FilterVertical,0,0
42,555.312294,2.1306999999524123,VSM.FilterTemporalVertical,157952,1
42,555.312294,2.1306999999524123,VSM.ResetFeedback,0,1
43,555.3278419,2.2082000000409607,VSM.MarkReceiverPages,739328,1
43,555.3278419,2.2082000000409607,VSM.AllocationPrepare,9728,1
43,555.3278419,2.2082000000409607,VSM.AllocationCommit,594176,1
43,555.3278419,2.2082000000409607,VSM.Allocate,973568,1
43,555.3278419,2.2082000000409607,VSM.ClearPhysicalPages,260096,1
43,555.3278419,2.2082000000409607,VSM.PageOccupancy,71936,1
43,555.3278419,2.2082000000409607,VSM.FinalizePages,1792,1
43,555.3278419,2.2082000000409607,VSM.DynamicRaster,0,0
43,555.3278419,2.2082000000409607,VSM.LayoutRemap,0,1
43,555.3278419,2.2082000000409607,VSM.InvalidateStatic,0,0
43,555.3278419,2.2082000000409607,VSM.InvalidateDynamic,1536,1
43,555.3278419,2.2082000000409607,VSM.StaticCasterCull,205056,1
43,555.3278419,2.2082000000409607,VSM.DynamicCasterCull,0,1
43,555.3278419,2.2082000000409607,VSM.PageCull,185344,1
43,555.3278419,2.2082000000409607,VSM.StaticRasterClear,0,1
43,555.3278419,2.2082000000409607,VSM.StaticRasterDraw,6912,1
43,555.3278419,2.2082000000409607,VSM.DynamicRasterClear,0,0
43,555.3278419,2.2082000000409607,VSM.DynamicRasterDraw,0,0
43,555.3278419,2.2082000000409607,VSM.StaticRaster,7168,1
43,555.3278419,2.2082000000409607,VSM.UnityCompatibilityRaster,0,0
43,555.3278419,2.2082000000409607,VSM.Resolve,5986304,1
43,555.3278419,2.2082000000409607,VSM.ResolveTrace,5760768,1
43,555.3278419,2.2082000000409607,VSM.FilterHorizontal,65280,1
43,555.3278419,2.2082000000409607,VSM.FilterVertical,0,0
43,555.3278419,2.2082000000409607,VSM.FilterTemporalVertical,158976,1
43,555.3278419,2.2082000000409607,VSM.ResetFeedback,0,1
44,555.34326379999993,2.2401999999601685,VSM.MarkReceiverPages,735488,1
44,555.34326379999993,2.2401999999601685,VSM.AllocationPrepare,9472,1
44,555.34326379999993,2.2401999999601685,VSM.AllocationCommit,595456,1
44,555.34326379999993,2.2401999999601685,VSM.Allocate,854784,1
44,555.34326379999993,2.2401999999601685,VSM.ClearPhysicalPages,261376,1
44,555.34326379999993,2.2401999999601685,VSM.PageOccupancy,71168,1
44,555.34326379999993,2.2401999999601685,VSM.FinalizePages,1792,1
44,555.34326379999993,2.2401999999601685,VSM.DynamicRaster,0,0
44,555.34326379999993,2.2401999999601685,VSM.LayoutRemap,0,1
44,555.34326379999993,2.2401999999601685,VSM.InvalidateStatic,0,0
44,555.34326379999993,2.2401999999601685,VSM.InvalidateDynamic,1536,1
44,555.34326379999993,2.2401999999601685,VSM.StaticCasterCull,211712,1
44,555.34326379999993,2.2401999999601685,VSM.DynamicCasterCull,0,1
44,555.34326379999993,2.2401999999601685,VSM.PageCull,192512,1
44,555.34326379999993,2.2401999999601685,VSM.StaticRasterClear,0,1
44,555.34326379999993,2.2401999999601685,VSM.StaticRasterDraw,3328,1
44,555.34326379999993,2.2401999999601685,VSM.DynamicRasterClear,0,0
44,555.34326379999993,2.2401999999601685,VSM.DynamicRasterDraw,0,0
44,555.34326379999993,2.2401999999601685,VSM.StaticRaster,3584,1
44,555.34326379999993,2.2401999999601685,VSM.UnityCompatibilityRaster,0,0
44,555.34326379999993,2.2401999999601685,VSM.Resolve,6256640,1
44,555.34326379999993,2.2401999999601685,VSM.ResolveTrace,6029312,1
44,555.34326379999993,2.2401999999601685,VSM.FilterHorizontal,66816,1
44,555.34326379999993,2.2401999999601685,VSM.FilterVertical,0,0
44,555.34326379999993,2.2401999999601685,VSM.FilterTemporalVertical,159488,1
44,555.34326379999993,2.2401999999601685,VSM.ResetFeedback,0,1
45,555.35946749999994,2.7434999999513821,VSM.MarkReceiverPages,741120,1
45,555.35946749999994,2.7434999999513821,VSM.AllocationPrepare,9728,1
45,555.35946749999994,2.7434999999513821,VSM.AllocationCommit,595712,1
45,555.35946749999994,2.7434999999513821,VSM.Allocate,789248,1
45,555.35946749999994,2.7434999999513821,VSM.ClearPhysicalPages,261376,1
45,555.35946749999994,2.7434999999513821,VSM.PageOccupancy,73984,1
45,555.35946749999994,2.7434999999513821,VSM.FinalizePages,1536,1
45,555.35946749999994,2.7434999999513821,VSM.DynamicRaster,0,0
45,555.35946749999994,2.7434999999513821,VSM.LayoutRemap,0,1
45,555.35946749999994,2.7434999999513821,VSM.InvalidateStatic,0,0
45,555.35946749999994,2.7434999999513821,VSM.InvalidateDynamic,1536,1
45,555.35946749999994,2.7434999999513821,VSM.StaticCasterCull,207360,1
45,555.35946749999994,2.7434999999513821,VSM.DynamicCasterCull,0,1
45,555.35946749999994,2.7434999999513821,VSM.PageCull,188160,1
45,555.35946749999994,2.7434999999513821,VSM.StaticRasterClear,0,1
45,555.35946749999994,2.7434999999513821,VSM.StaticRasterDraw,3328,1
45,555.35946749999994,2.7434999999513821,VSM.DynamicRasterClear,0,0
45,555.35946749999994,2.7434999999513821,VSM.DynamicRasterDraw,0,0
45,555.35946749999994,2.7434999999513821,VSM.StaticRaster,3584,1
45,555.35946749999994,2.7434999999513821,VSM.UnityCompatibilityRaster,0,0
45,555.35946749999994,2.7434999999513821,VSM.Resolve,6310400,1
45,555.35946749999994,2.7434999999513821,VSM.ResolveTrace,5657600,1
45,555.35946749999994,2.7434999999513821,VSM.FilterHorizontal,488960,1
45,555.35946749999994,2.7434999999513821,VSM.FilterVertical,0,0
45,555.35946749999994,2.7434999999513821,VSM.FilterTemporalVertical,162816,1
45,555.35946749999994,2.7434999999513821,VSM.ResetFeedback,0,1
46,555.3747294,2.3124000000507294,VSM.MarkReceiverPages,740096,1
46,555.3747294,2.3124000000507294,VSM.AllocationPrepare,9728,1
46,555.3747294,2.3124000000507294,VSM.AllocationCommit,595200,1
46,555.3747294,2.3124000000507294,VSM.Allocate,604928,1
46,555.3747294,2.3124000000507294,VSM.ClearPhysicalPages,259840,1
46,555.3747294,2.3124000000507294,VSM.PageOccupancy,74496,1
46,555.3747294,2.3124000000507294,VSM.FinalizePages,1792,1
46,555.3747294,2.3124000000507294,VSM.DynamicRaster,0,0
46,555.3747294,2.3124000000507294,VSM.LayoutRemap,0,1
46,555.3747294,2.3124000000507294,VSM.InvalidateStatic,0,0
46,555.3747294,2.3124000000507294,VSM.InvalidateDynamic,1536,1
46,555.3747294,2.3124000000507294,VSM.StaticCasterCull,209152,1
46,555.3747294,2.3124000000507294,VSM.DynamicCasterCull,0,1
46,555.3747294,2.3124000000507294,VSM.PageCull,190464,1
46,555.3747294,2.3124000000507294,VSM.StaticRasterClear,256,1
46,555.3747294,2.3124000000507294,VSM.StaticRasterDraw,3328,1
46,555.3747294,2.3124000000507294,VSM.DynamicRasterClear,0,0
46,555.3747294,2.3124000000507294,VSM.DynamicRasterDraw,0,0
46,555.3747294,2.3124000000507294,VSM.StaticRaster,3584,1
46,555.3747294,2.3124000000507294,VSM.UnityCompatibilityRaster,0,0
46,555.3747294,2.3124000000507294,VSM.Resolve,6396672,1
46,555.3747294,2.3124000000507294,VSM.ResolveTrace,5881088,1
46,555.3747294,2.3124000000507294,VSM.FilterHorizontal,355072,1
46,555.3747294,2.3124000000507294,VSM.FilterVertical,0,0
46,555.3747294,2.3124000000507294,VSM.FilterTemporalVertical,159488,1
46,555.3747294,2.3124000000507294,VSM.ResetFeedback,0,1
47,555.38910019999992,2.1206000000120184,VSM.MarkReceiverPages,735488,1
47,555.38910019999992,2.1206000000120184,VSM.AllocationPrepare,9472,1
47,555.38910019999992,2.1206000000120184,VSM.AllocationCommit,593920,1
47,555.38910019999992,2.1206000000120184,VSM.Allocate,896000,1
47,555.38910019999992,2.1206000000120184,VSM.ClearPhysicalPages,260608,1
47,555.38910019999992,2.1206000000120184,VSM.PageOccupancy,71680,1
47,555.38910019999992,2.1206000000120184,VSM.FinalizePages,1792,1
47,555.38910019999992,2.1206000000120184,VSM.DynamicRaster,0,0
47,555.38910019999992,2.1206000000120184,VSM.LayoutRemap,256,1
47,555.38910019999992,2.1206000000120184,VSM.InvalidateStatic,0,0
47,555.38910019999992,2.1206000000120184,VSM.InvalidateDynamic,1536,1
47,555.38910019999992,2.1206000000120184,VSM.StaticCasterCull,205824,1
47,555.38910019999992,2.1206000000120184,VSM.DynamicCasterCull,0,1
47,555.38910019999992,2.1206000000120184,VSM.PageCull,186880,1
47,555.38910019999992,2.1206000000120184,VSM.StaticRasterClear,256,1
47,555.38910019999992,2.1206000000120184,VSM.StaticRasterDraw,5632,1
47,555.38910019999992,2.1206000000120184,VSM.DynamicRasterClear,0,0
47,555.38910019999992,2.1206000000120184,VSM.DynamicRasterDraw,0,0
47,555.38910019999992,2.1206000000120184,VSM.StaticRaster,6144,1
47,555.38910019999992,2.1206000000120184,VSM.UnityCompatibilityRaster,0,0
47,555.38910019999992,2.1206000000120184,VSM.Resolve,6005760,1
47,555.38910019999992,2.1206000000120184,VSM.ResolveTrace,5781760,1
47,555.38910019999992,2.1206000000120184,VSM.FilterHorizontal,65280,1
47,555.38910019999992,2.1206000000120184,VSM.FilterVertical,0,0
47,555.38910019999992,2.1206000000120184,VSM.FilterTemporalVertical,157696,1
47,555.38910019999992,2.1206000000120184,VSM.ResetFeedback,0,1
48,555.40439889999993,2.4627000000236876,VSM.MarkReceiverPages,739328,1
48,555.40439889999993,2.4627000000236876,VSM.AllocationPrepare,9472,1
48,555.40439889999993,2.4627000000236876,VSM.AllocationCommit,593664,1
48,555.40439889999993,2.4627000000236876,VSM.Allocate,603648,1
48,555.40439889999993,2.4627000000236876,VSM.ClearPhysicalPages,259328,1
48,555.40439889999993,2.4627000000236876,VSM.PageOccupancy,124928,1
48,555.40439889999993,2.4627000000236876,VSM.FinalizePages,1792,1
48,555.40439889999993,2.4627000000236876,VSM.DynamicRaster,0,0
48,555.40439889999993,2.4627000000236876,VSM.LayoutRemap,0,1
48,555.40439889999993,2.4627000000236876,VSM.InvalidateStatic,0,0
48,555.40439889999993,2.4627000000236876,VSM.InvalidateDynamic,1536,1
48,555.40439889999993,2.4627000000236876,VSM.StaticCasterCull,204800,1
48,555.40439889999993,2.4627000000236876,VSM.DynamicCasterCull,0,1
48,555.40439889999993,2.4627000000236876,VSM.PageCull,185344,1
48,555.40439889999993,2.4627000000236876,VSM.StaticRasterClear,0,1
48,555.40439889999993,2.4627000000236876,VSM.StaticRasterDraw,3584,1
48,555.40439889999993,2.4627000000236876,VSM.DynamicRasterClear,0,0
48,555.40439889999993,2.4627000000236876,VSM.DynamicRasterDraw,0,0
48,555.40439889999993,2.4627000000236876,VSM.StaticRaster,3840,1
48,555.40439889999993,2.4627000000236876,VSM.UnityCompatibilityRaster,0,0
48,555.40439889999993,2.4627000000236876,VSM.Resolve,6251264,1
48,555.40439889999993,2.4627000000236876,VSM.ResolveTrace,6025472,1
48,555.40439889999993,2.4627000000236876,VSM.FilterHorizontal,65024,1
48,555.40439889999993,2.4627000000236876,VSM.FilterVertical,0,0
48,555.40439889999993,2.4627000000236876,VSM.FilterTemporalVertical,159488,1
48,555.40439889999993,2.4627000000236876,VSM.ResetFeedback,0,1
49,555.418919,1.968600000054721,VSM.MarkReceiverPages,738560,1
49,555.418919,1.968600000054721,VSM.AllocationPrepare,9472,1
49,555.418919,1.968600000054721,VSM.AllocationCommit,596224,1
49,555.418919,1.968600000054721,VSM.Allocate,784128,1
49,555.418919,1.968600000054721,VSM.ClearPhysicalPages,261376,1
49,555.418919,1.968600000054721,VSM.PageOccupancy,76544,1
49,555.418919,1.968600000054721,VSM.FinalizePages,2048,1
49,555.418919,1.968600000054721,VSM.DynamicRaster,0,0
49,555.418919,1.968600000054721,VSM.LayoutRemap,0,1
49,555.418919,1.968600000054721,VSM.InvalidateStatic,0,0
49,555.418919,1.968600000054721,VSM.InvalidateDynamic,1792,1
49,555.418919,1.968600000054721,VSM.StaticCasterCull,209152,1
49,555.418919,1.968600000054721,VSM.DynamicCasterCull,0,1
49,555.418919,1.968600000054721,VSM.PageCull,189440,1
49,555.418919,1.968600000054721,VSM.StaticRasterClear,0,1
49,555.418919,1.968600000054721,VSM.StaticRasterDraw,4608,1
49,555.418919,1.968600000054721,VSM.DynamicRasterClear,0,0
49,555.418919,1.968600000054721,VSM.DynamicRasterDraw,0,0
49,555.418919,1.968600000054721,VSM.StaticRaster,4864,1
49,555.418919,1.968600000054721,VSM.UnityCompatibilityRaster,0,0
49,555.418919,1.968600000054721,VSM.Resolve,5777920,1
49,555.418919,1.968600000054721,VSM.ResolveTrace,5546752,1
49,555.418919,1.968600000054721,VSM.FilterHorizontal,67072,1
49,555.418919,1.968600000054721,VSM.FilterVertical,0,0
49,555.418919,1.968600000054721,VSM.FilterTemporalVertical,163072,1
49,555.418919,1.968600000054721,VSM.ResetFeedback,0,1
50,555.4343053,2.1714000000656597,VSM.MarkReceiverPages,736512,1
50,555.4343053,2.1714000000656597,VSM.AllocationPrepare,9728,1
50,555.4343053,2.1714000000656597,VSM.AllocationCommit,595456,1
50,555.4343053,2.1714000000656597,VSM.Allocate,605184,1
50,555.4343053,2.1714000000656597,VSM.ClearPhysicalPages,259584,1
50,555.4343053,2.1714000000656597,VSM.PageOccupancy,73216,1
50,555.4343053,2.1714000000656597,VSM.FinalizePages,1792,1
50,555.4343053,2.1714000000656597,VSM.DynamicRaster,0,0
50,555.4343053,2.1714000000656597,VSM.LayoutRemap,0,1
50,555.4343053,2.1714000000656597,VSM.InvalidateStatic,0,0
50,555.4343053,2.1714000000656597,VSM.InvalidateDynamic,1536,1
50,555.4343053,2.1714000000656597,VSM.StaticCasterCull,210688,1
50,555.4343053,2.1714000000656597,VSM.DynamicCasterCull,0,1
50,555.4343053,2.1714000000656597,VSM.PageCull,191744,1
50,555.4343053,2.1714000000656597,VSM.StaticRasterClear,256,1
50,555.4343053,2.1714000000656597,VSM.StaticRasterDraw,7424,1
50,555.4343053,2.1714000000656597,VSM.DynamicRasterClear,0,0
50,555.4343053,2.1714000000656597,VSM.DynamicRasterDraw,0,0
50,555.4343053,2.1714000000656597,VSM.StaticRaster,7680,1
50,555.4343053,2.1714000000656597,VSM.UnityCompatibilityRaster,0,0
50,555.4343053,2.1714000000656597,VSM.Resolve,6145024,1
50,555.4343053,2.1714000000656597,VSM.ResolveTrace,5920256,1
50,555.4343053,2.1714000000656597,VSM.FilterHorizontal,65280,1
50,555.4343053,2.1714000000656597,VSM.FilterVertical,0,0
50,555.4343053,2.1714000000656597,VSM.FilterTemporalVertical,158208,1
50,555.4343053,2.1714000000656597,VSM.ResetFeedback,0,1
51,555.4490304,1.7358999999714797,VSM.MarkReceiverPages,738304,1
51,555.4490304,1.7358999999714797,VSM.AllocationPrepare,9472,1
51,555.4490304,1.7358999999714797,VSM.AllocationCommit,593664,1
51,555.4490304,1.7358999999714797,VSM.Allocate,760320,1
51,555.4490304,1.7358999999714797,VSM.ClearPhysicalPages,260096,1
51,555.4490304,1.7358999999714797,VSM.PageOccupancy,72704,1
51,555.4490304,1.7358999999714797,VSM.FinalizePages,1792,1
51,555.4490304,1.7358999999714797,VSM.DynamicRaster,0,0
51,555.4490304,1.7358999999714797,VSM.LayoutRemap,256,1
51,555.4490304,1.7358999999714797,VSM.InvalidateStatic,0,0
51,555.4490304,1.7358999999714797,VSM.InvalidateDynamic,1536,1
51,555.4490304,1.7358999999714797,VSM.StaticCasterCull,208640,1
51,555.4490304,1.7358999999714797,VSM.DynamicCasterCull,0,1
51,555.4490304,1.7358999999714797,VSM.PageCull,189952,1
51,555.4490304,1.7358999999714797,VSM.StaticRasterClear,0,1
51,555.4490304,1.7358999999714797,VSM.StaticRasterDraw,7680,1
51,555.4490304,1.7358999999714797,VSM.DynamicRasterClear,0,0
51,555.4490304,1.7358999999714797,VSM.DynamicRasterDraw,0,0
51,555.4490304,1.7358999999714797,VSM.StaticRaster,7936,1
51,555.4490304,1.7358999999714797,VSM.UnityCompatibilityRaster,0,0
51,555.4490304,1.7358999999714797,VSM.Resolve,5867776,1
51,555.4490304,1.7358999999714797,VSM.ResolveTrace,5470720,1
51,555.4490304,1.7358999999714797,VSM.FilterHorizontal,65024,1
51,555.4490304,1.7358999999714797,VSM.FilterVertical,0,0
51,555.4490304,1.7358999999714797,VSM.FilterTemporalVertical,158464,1
51,555.4490304,1.7358999999714797,VSM.ResetFeedback,0,1
52,555.4631124,1.7584000000852029,VSM.MarkReceiverPages,737536,1
52,555.4631124,1.7584000000852029,VSM.AllocationPrepare,9472,1
52,555.4631124,1.7584000000852029,VSM.AllocationCommit,593664,1
52,555.4631124,1.7584000000852029,VSM.Allocate,962048,1
52,555.4631124,1.7584000000852029,VSM.ClearPhysicalPages,260352,1
52,555.4631124,1.7584000000852029,VSM.PageOccupancy,74240,1
52,555.4631124,1.7584000000852029,VSM.FinalizePages,1792,1
52,555.4631124,1.7584000000852029,VSM.DynamicRaster,0,0
52,555.4631124,1.7584000000852029,VSM.LayoutRemap,0,1
52,555.4631124,1.7584000000852029,VSM.InvalidateStatic,0,0
52,555.4631124,1.7584000000852029,VSM.InvalidateDynamic,1536,1
52,555.4631124,1.7584000000852029,VSM.StaticCasterCull,200960,1
52,555.4631124,1.7584000000852029,VSM.DynamicCasterCull,0,1
52,555.4631124,1.7584000000852029,VSM.PageCull,182016,1
52,555.4631124,1.7584000000852029,VSM.StaticRasterClear,0,1
52,555.4631124,1.7584000000852029,VSM.StaticRasterDraw,6400,1
52,555.4631124,1.7584000000852029,VSM.DynamicRasterClear,0,0
52,555.4631124,1.7584000000852029,VSM.DynamicRasterDraw,0,0
52,555.4631124,1.7584000000852029,VSM.StaticRaster,6656,1
52,555.4631124,1.7584000000852029,VSM.UnityCompatibilityRaster,0,0
52,555.4631124,1.7584000000852029,VSM.Resolve,5715712,1
52,555.4631124,1.7584000000852029,VSM.ResolveTrace,5491456,1
52,555.4631124,1.7584000000852029,VSM.FilterHorizontal,65280,1
52,555.4631124,1.7584000000852029,VSM.FilterVertical,0,0
52,555.4631124,1.7584000000852029,VSM.FilterTemporalVertical,157952,1
52,555.4631124,1.7584000000852029,VSM.ResetFeedback,256,1
53,555.47766749999994,1.8952000000354019,VSM.MarkReceiverPages,737792,1
53,555.47766749999994,1.8952000000354019,VSM.AllocationPrepare,9216,1
53,555.47766749999994,1.8952000000354019,VSM.AllocationCommit,595712,1
53,555.47766749999994,1.8952000000354019,VSM.Allocate,605440,1
53,555.47766749999994,1.8952000000354019,VSM.ClearPhysicalPages,539136,1
53,555.47766749999994,1.8952000000354019,VSM.PageOccupancy,70400,1
53,555.47766749999994,1.8952000000354019,VSM.FinalizePages,2048,1
53,555.47766749999994,1.8952000000354019,VSM.DynamicRaster,0,0
53,555.47766749999994,1.8952000000354019,VSM.LayoutRemap,0,1
53,555.47766749999994,1.8952000000354019,VSM.InvalidateStatic,0,0
53,555.47766749999994,1.8952000000354019,VSM.InvalidateDynamic,1280,1
53,555.47766749999994,1.8952000000354019,VSM.StaticCasterCull,212736,1
53,555.47766749999994,1.8952000000354019,VSM.DynamicCasterCull,0,1
53,555.47766749999994,1.8952000000354019,VSM.PageCull,188160,1
53,555.47766749999994,1.8952000000354019,VSM.StaticRasterClear,0,1
53,555.47766749999994,1.8952000000354019,VSM.StaticRasterDraw,7680,1
53,555.47766749999994,1.8952000000354019,VSM.DynamicRasterClear,0,0
53,555.47766749999994,1.8952000000354019,VSM.DynamicRasterDraw,0,0
53,555.47766749999994,1.8952000000354019,VSM.StaticRaster,7680,1
53,555.47766749999994,1.8952000000354019,VSM.UnityCompatibilityRaster,0,0
53,555.47766749999994,1.8952000000354019,VSM.Resolve,6137600,1
53,555.47766749999994,1.8952000000354019,VSM.ResolveTrace,5910784,1
53,555.47766749999994,1.8952000000354019,VSM.FilterHorizontal,65024,1
53,555.47766749999994,1.8952000000354019,VSM.FilterVertical,0,0
53,555.47766749999994,1.8952000000354019,VSM.FilterTemporalVertical,160000,1
53,555.47766749999994,1.8952000000354019,VSM.ResetFeedback,0,1
54,555.49112159999993,1.6732999999931053,VSM.MarkReceiverPages,758016,1
54,555.49112159999993,1.6732999999931053,VSM.AllocationPrepare,9472,1
54,555.49112159999993,1.6732999999931053,VSM.AllocationCommit,594944,1
54,555.49112159999993,1.6732999999931053,VSM.Allocate,775936,1
54,555.49112159999993,1.6732999999931053,VSM.ClearPhysicalPages,260352,1
54,555.49112159999993,1.6732999999931053,VSM.PageOccupancy,73984,1
54,555.49112159999993,1.6732999999931053,VSM.FinalizePages,1792,1
54,555.49112159999993,1.6732999999931053,VSM.DynamicRaster,0,0
54,555.49112159999993,1.6732999999931053,VSM.LayoutRemap,0,1
54,555.49112159999993,1.6732999999931053,VSM.InvalidateStatic,0,0
54,555.49112159999993,1.6732999999931053,VSM.InvalidateDynamic,1792,1
54,555.49112159999993,1.6732999999931053,VSM.StaticCasterCull,204800,1
54,555.49112159999993,1.6732999999931053,VSM.DynamicCasterCull,0,1
54,555.49112159999993,1.6732999999931053,VSM.PageCull,185856,1
54,555.49112159999993,1.6732999999931053,VSM.StaticRasterClear,0,1
54,555.49112159999993,1.6732999999931053,VSM.StaticRasterDraw,7168,1
54,555.49112159999993,1.6732999999931053,VSM.DynamicRasterClear,0,0
54,555.49112159999993,1.6732999999931053,VSM.DynamicRasterDraw,0,0
54,555.49112159999993,1.6732999999931053,VSM.StaticRaster,7168,1
54,555.49112159999993,1.6732999999931053,VSM.UnityCompatibilityRaster,0,0
54,555.49112159999993,1.6732999999931053,VSM.Resolve,5571072,1
54,555.49112159999993,1.6732999999931053,VSM.ResolveTrace,5347072,1
54,555.49112159999993,1.6732999999931053,VSM.FilterHorizontal,64512,1
54,555.49112159999993,1.6732999999931053,VSM.FilterVertical,0,0
54,555.49112159999993,1.6732999999931053,VSM.FilterTemporalVertical,158208,1
54,555.49112159999993,1.6732999999931053,VSM.ResetFeedback,0,1
55,555.50682829999994,2.2567999999409949,VSM.MarkReceiverPages,738560,1
55,555.50682829999994,2.2567999999409949,VSM.AllocationPrepare,9472,1
55,555.50682829999994,2.2567999999409949,VSM.AllocationCommit,594176,1
55,555.50682829999994,2.2567999999409949,VSM.Allocate,603904,1
55,555.50682829999994,2.2567999999409949,VSM.ClearPhysicalPages,260352,1
55,555.50682829999994,2.2567999999409949,VSM.PageOccupancy,72960,1
55,555.50682829999994,2.2567999999409949,VSM.FinalizePages,1536,1
55,555.50682829999994,2.2567999999409949,VSM.DynamicRaster,0,0
55,555.50682829999994,2.2567999999409949,VSM.LayoutRemap,0,1
55,555.50682829999994,2.2567999999409949,VSM.InvalidateStatic,0,0
55,555.50682829999994,2.2567999999409949,VSM.InvalidateDynamic,1536,1
55,555.50682829999994,2.2567999999409949,VSM.StaticCasterCull,209152,1
55,555.50682829999994,2.2567999999409949,VSM.DynamicCasterCull,0,1
55,555.50682829999994,2.2567999999409949,VSM.PageCull,190208,1
55,555.50682829999994,2.2567999999409949,VSM.StaticRasterClear,0,1
55,555.50682829999994,2.2567999999409949,VSM.StaticRasterDraw,3328,1
55,555.50682829999994,2.2567999999409949,VSM.DynamicRasterClear,0,0
55,555.50682829999994,2.2567999999409949,VSM.DynamicRasterDraw,0,0
55,555.50682829999994,2.2567999999409949,VSM.StaticRaster,3584,1
55,555.50682829999994,2.2567999999409949,VSM.UnityCompatibilityRaster,0,0
55,555.50682829999994,2.2567999999409949,VSM.Resolve,5921536,1
55,555.50682829999994,2.2567999999409949,VSM.ResolveTrace,5274880,1
55,555.50682829999994,2.2567999999409949,VSM.FilterHorizontal,67840,1
55,555.50682829999994,2.2567999999409949,VSM.FilterVertical,0,0
55,555.50682829999994,2.2567999999409949,VSM.FilterTemporalVertical,161024,1
55,555.50682829999994,2.2567999999409949,VSM.ResetFeedback,0,1
56,555.52115259999994,1.9826999999850159,VSM.MarkReceiverPages,737024,1
56,555.52115259999994,1.9826999999850159,VSM.AllocationPrepare,9472,1
56,555.52115259999994,1.9826999999850159,VSM.AllocationCommit,593920,1
56,555.52115259999994,1.9826999999850159,VSM.Allocate,603392,1
56,555.52115259999994,1.9826999999850159,VSM.ClearPhysicalPages,260352,1
56,555.52115259999994,1.9826999999850159,VSM.PageOccupancy,75264,1
56,555.52115259999994,1.9826999999850159,VSM.FinalizePages,1792,1
56,555.52115259999994,1.9826999999850159,VSM.DynamicRaster,0,0
56,555.52115259999994,1.9826999999850159,VSM.LayoutRemap,0,1
56,555.52115259999994,1.9826999999850159,VSM.InvalidateStatic,0,0
56,555.52115259999994,1.9826999999850159,VSM.InvalidateDynamic,1536,1
56,555.52115259999994,1.9826999999850159,VSM.StaticCasterCull,198912,1
56,555.52115259999994,1.9826999999850159,VSM.DynamicCasterCull,0,1
56,555.52115259999994,1.9826999999850159,VSM.PageCull,179712,1
56,555.52115259999994,1.9826999999850159,VSM.StaticRasterClear,256,1
56,555.52115259999994,1.9826999999850159,VSM.StaticRasterDraw,10496,1
56,555.52115259999994,1.9826999999850159,VSM.DynamicRasterClear,0,0
56,555.52115259999994,1.9826999999850159,VSM.DynamicRasterDraw,0,0
56,555.52115259999994,1.9826999999850159,VSM.StaticRaster,10752,1
56,555.52115259999994,1.9826999999850159,VSM.UnityCompatibilityRaster,0,0
56,555.52115259999994,1.9826999999850159,VSM.Resolve,5191424,1
56,555.52115259999994,1.9826999999850159,VSM.ResolveTrace,4969984,1
56,555.52115259999994,1.9826999999850159,VSM.FilterHorizontal,64000,1
56,555.52115259999994,1.9826999999850159,VSM.FilterVertical,0,0
56,555.52115259999994,1.9826999999850159,VSM.FilterTemporalVertical,157440,1
56,555.52115259999994,1.9826999999850159,VSM.ResetFeedback,0,1
57,555.5359447,2.154700000005505,VSM.MarkReceiverPages,735744,1
57,555.5359447,2.154700000005505,VSM.AllocationPrepare,9472,1
57,555.5359447,2.154700000005505,VSM.AllocationCommit,601856,1
57,555.5359447,2.154700000005505,VSM.Allocate,611840,1
57,555.5359447,2.154700000005505,VSM.ClearPhysicalPages,263424,1
57,555.5359447,2.154700000005505,VSM.PageOccupancy,73984,1
57,555.5359447,2.154700000005505,VSM.FinalizePages,2048,1
57,555.5359447,2.154700000005505,VSM.DynamicRaster,0,0
57,555.5359447,2.154700000005505,VSM.LayoutRemap,0,1
57,555.5359447,2.154700000005505,VSM.InvalidateStatic,0,0
57,555.5359447,2.154700000005505,VSM.InvalidateDynamic,1536,1
57,555.5359447,2.154700000005505,VSM.StaticCasterCull,210688,1
57,555.5359447,2.154700000005505,VSM.DynamicCasterCull,0,1
57,555.5359447,2.154700000005505,VSM.PageCull,191488,1
57,555.5359447,2.154700000005505,VSM.StaticRasterClear,0,1
57,555.5359447,2.154700000005505,VSM.StaticRasterDraw,169984,1
57,555.5359447,2.154700000005505,VSM.DynamicRasterClear,0,0
57,555.5359447,2.154700000005505,VSM.DynamicRasterDraw,0,0
57,555.5359447,2.154700000005505,VSM.StaticRaster,169984,1
57,555.5359447,2.154700000005505,VSM.UnityCompatibilityRaster,0,0
57,555.5359447,2.154700000005505,VSM.Resolve,5877760,1
57,555.5359447,2.154700000005505,VSM.ResolveTrace,5648384,1
57,555.5359447,2.154700000005505,VSM.FilterHorizontal,66048,1
57,555.5359447,2.154700000005505,VSM.FilterVertical,0,0
57,555.5359447,2.154700000005505,VSM.FilterTemporalVertical,162304,1
57,555.5359447,2.154700000005505,VSM.ResetFeedback,0,1
58,555.5510041,1.7599000000245724,VSM.MarkReceiverPages,737792,1
58,555.5510041,1.7599000000245724,VSM.AllocationPrepare,9216,1
58,555.5510041,1.7599000000245724,VSM.AllocationCommit,601088,1
58,555.5510041,1.7599000000245724,VSM.Allocate,610816,1
58,555.5510041,1.7599000000245724,VSM.ClearPhysicalPages,261632,1
58,555.5510041,1.7599000000245724,VSM.PageOccupancy,73472,1
58,555.5510041,1.7599000000245724,VSM.FinalizePages,2048,1
58,555.5510041,1.7599000000245724,VSM.DynamicRaster,0,0
58,555.5510041,1.7599000000245724,VSM.LayoutRemap,0,1
58,555.5510041,1.7599000000245724,VSM.InvalidateStatic,0,0
58,555.5510041,1.7599000000245724,VSM.InvalidateDynamic,1536,1
58,555.5510041,1.7599000000245724,VSM.StaticCasterCull,209152,1
58,555.5510041,1.7599000000245724,VSM.DynamicCasterCull,0,1
58,555.5510041,1.7599000000245724,VSM.PageCull,189952,1
58,555.5510041,1.7599000000245724,VSM.StaticRasterClear,0,1
58,555.5510041,1.7599000000245724,VSM.StaticRasterDraw,6912,1
58,555.5510041,1.7599000000245724,VSM.DynamicRasterClear,0,0
58,555.5510041,1.7599000000245724,VSM.DynamicRasterDraw,0,0
58,555.5510041,1.7599000000245724,VSM.StaticRaster,7424,1
58,555.5510041,1.7599000000245724,VSM.UnityCompatibilityRaster,0,0
58,555.5510041,1.7599000000245724,VSM.Resolve,5410816,1
58,555.5510041,1.7599000000245724,VSM.ResolveTrace,5009920,1
58,555.5510041,1.7599000000245724,VSM.FilterHorizontal,64768,1
58,555.5510041,1.7599000000245724,VSM.FilterVertical,0,0
58,555.5510041,1.7599000000245724,VSM.FilterTemporalVertical,160256,1
58,555.5510041,1.7599000000245724,VSM.ResetFeedback,0,1
59,555.56618259999993,2.1045999999387277,VSM.MarkReceiverPages,738304,1
59,555.56618259999993,2.1045999999387277,VSM.AllocationPrepare,9472,1
59,555.56618259999993,2.1045999999387277,VSM.AllocationCommit,594432,1
59,555.56618259999993,2.1045999999387277,VSM.Allocate,603904,1
59,555.56618259999993,2.1045999999387277,VSM.ClearPhysicalPages,259584,1
59,555.56618259999993,2.1045999999387277,VSM.PageOccupancy,75264,1
59,555.56618259999993,2.1045999999387277,VSM.FinalizePages,1792,1
59,555.56618259999993,2.1045999999387277,VSM.DynamicRaster,0,0
59,555.56618259999993,2.1045999999387277,VSM.LayoutRemap,0,1
59,555.56618259999993,2.1045999999387277,VSM.InvalidateStatic,0,0
59,555.56618259999993,2.1045999999387277,VSM.InvalidateDynamic,1536,1
59,555.56618259999993,2.1045999999387277,VSM.StaticCasterCull,209920,1
59,555.56618259999993,2.1045999999387277,VSM.DynamicCasterCull,0,1
59,555.56618259999993,2.1045999999387277,VSM.PageCull,190720,1
59,555.56618259999993,2.1045999999387277,VSM.StaticRasterClear,0,1
59,555.56618259999993,2.1045999999387277,VSM.StaticRasterDraw,6912,1
59,555.56618259999993,2.1045999999387277,VSM.DynamicRasterClear,0,0
59,555.56618259999993,2.1045999999387277,VSM.DynamicRasterDraw,0,0
59,555.56618259999993,2.1045999999387277,VSM.StaticRaster,7168,1
59,555.56618259999993,2.1045999999387277,VSM.UnityCompatibilityRaster,0,0
59,555.56618259999993,2.1045999999387277,VSM.Resolve,5766912,1
59,555.56618259999993,2.1045999999387277,VSM.ResolveTrace,5543168,1
59,555.56618259999993,2.1045999999387277,VSM.FilterHorizontal,64512,1
59,555.56618259999993,2.1045999999387277,VSM.FilterVertical,0,0
59,555.56618259999993,2.1045999999387277,VSM.FilterTemporalVertical,157952,1
59,555.56618259999993,2.1045999999387277,VSM.ResetFeedback,0,1
60,555.580932,1.9039999999677093,VSM.MarkReceiverPages,737792,1
60,555.580932,1.9039999999677093,VSM.AllocationPrepare,9472,1
60,555.580932,1.9039999999677093,VSM.AllocationCommit,595456,1
60,555.580932,1.9039999999677093,VSM.Allocate,1063168,1
60,555.580932,1.9039999999677093,VSM.ClearPhysicalPages,261632,1
60,555.580932,1.9039999999677093,VSM.PageOccupancy,71936,1
60,555.580932,1.9039999999677093,VSM.FinalizePages,1536,1
60,555.580932,1.9039999999677093,VSM.DynamicRaster,0,0
60,555.580932,1.9039999999677093,VSM.LayoutRemap,0,1
60,555.580932,1.9039999999677093,VSM.InvalidateStatic,0,0
60,555.580932,1.9039999999677093,VSM.InvalidateDynamic,2304,1
60,555.580932,1.9039999999677093,VSM.StaticCasterCull,212992,1
60,555.580932,1.9039999999677093,VSM.DynamicCasterCull,0,1
60,555.580932,1.9039999999677093,VSM.PageCull,193536,1
60,555.580932,1.9039999999677093,VSM.StaticRasterClear,256,1
60,555.580932,1.9039999999677093,VSM.StaticRasterDraw,6912,1
60,555.580932,1.9039999999677093,VSM.DynamicRasterClear,0,0
60,555.580932,1.9039999999677093,VSM.DynamicRasterDraw,0,0
60,555.580932,1.9039999999677093,VSM.StaticRaster,7424,1
60,555.580932,1.9039999999677093,VSM.UnityCompatibilityRaster,0,0
60,555.580932,1.9039999999677093,VSM.Resolve,6158592,1
60,555.580932,1.9039999999677093,VSM.ResolveTrace,5929728,1
60,555.580932,1.9039999999677093,VSM.FilterHorizontal,66816,1
60,555.580932,1.9039999999677093,VSM.FilterVertical,0,0
60,555.580932,1.9039999999677093,VSM.FilterTemporalVertical,161024,1
60,555.580932,1.9039999999677093,VSM.ResetFeedback,0,1
61,555.5960283,2.0810999999412161,VSM.MarkReceiverPages,735488,1
61,555.5960283,2.0810999999412161,VSM.AllocationPrepare,9472,1
61,555.5960283,2.0810999999412161,VSM.AllocationCommit,595456,1
61,555.5960283,2.0810999999412161,VSM.Allocate,849408,1
61,555.5960283,2.0810999999412161,VSM.ClearPhysicalPages,260608,1
61,555.5960283,2.0810999999412161,VSM.PageOccupancy,73728,1
61,555.5960283,2.0810999999412161,VSM.FinalizePages,1536,1
61,555.5960283,2.0810999999412161,VSM.DynamicRaster,0,0
61,555.5960283,2.0810999999412161,VSM.LayoutRemap,0,1
61,555.5960283,2.0810999999412161,VSM.InvalidateStatic,0,0
61,555.5960283,2.0810999999412161,VSM.InvalidateDynamic,1792,1
61,555.5960283,2.0810999999412161,VSM.StaticCasterCull,206336,1
61,555.5960283,2.0810999999412161,VSM.DynamicCasterCull,0,1
61,555.5960283,2.0810999999412161,VSM.PageCull,186624,1
61,555.5960283,2.0810999999412161,VSM.StaticRasterClear,0,1
61,555.5960283,2.0810999999412161,VSM.StaticRasterDraw,7680,1
61,555.5960283,2.0810999999412161,VSM.DynamicRasterClear,0,0
61,555.5960283,2.0810999999412161,VSM.DynamicRasterDraw,0,0
61,555.5960283,2.0810999999412161,VSM.StaticRaster,7936,1
61,555.5960283,2.0810999999412161,VSM.UnityCompatibilityRaster,0,0
61,555.5960283,2.0810999999412161,VSM.Resolve,6060032,1
61,555.5960283,2.0810999999412161,VSM.ResolveTrace,5831680,1
61,555.5960283,2.0810999999412161,VSM.FilterHorizontal,66304,1
61,555.5960283,2.0810999999412161,VSM.FilterVertical,0,0
61,555.5960283,2.0810999999412161,VSM.FilterTemporalVertical,161024,1
61,555.5960283,2.0810999999412161,VSM.ResetFeedback,0,1
62,555.6110309,1.8505000000459404,VSM.MarkReceiverPages,736512,1
62,555.6110309,1.8505000000459404,VSM.AllocationPrepare,9472,1
62,555.6110309,1.8505000000459404,VSM.AllocationCommit,595200,1
62,555.6110309,1.8505000000459404,VSM.Allocate,604928,1
62,555.6110309,1.8505000000459404,VSM.ClearPhysicalPages,259328,1
62,555.6110309,1.8505000000459404,VSM.PageOccupancy,73472,1
62,555.6110309,1.8505000000459404,VSM.FinalizePages,2048,1
62,555.6110309,1.8505000000459404,VSM.DynamicRaster,0,0
62,555.6110309,1.8505000000459404,VSM.LayoutRemap,0,1
62,555.6110309,1.8505000000459404,VSM.InvalidateStatic,0,0
62,555.6110309,1.8505000000459404,VSM.InvalidateDynamic,1536,1
62,555.6110309,1.8505000000459404,VSM.StaticCasterCull,203008,1
62,555.6110309,1.8505000000459404,VSM.DynamicCasterCull,0,1
62,555.6110309,1.8505000000459404,VSM.PageCull,183808,1
62,555.6110309,1.8505000000459404,VSM.StaticRasterClear,0,1
62,555.6110309,1.8505000000459404,VSM.StaticRasterDraw,6912,1
62,555.6110309,1.8505000000459404,VSM.DynamicRasterClear,0,0
62,555.6110309,1.8505000000459404,VSM.DynamicRasterDraw,0,0
62,555.6110309,1.8505000000459404,VSM.StaticRaster,7168,1
62,555.6110309,1.8505000000459404,VSM.UnityCompatibilityRaster,0,0
62,555.6110309,1.8505000000459404,VSM.Resolve,6198784,1
62,555.6110309,1.8505000000459404,VSM.ResolveTrace,5785856,1
62,555.6110309,1.8505000000459404,VSM.FilterHorizontal,65024,1
62,555.6110309,1.8505000000459404,VSM.FilterVertical,0,0
62,555.6110309,1.8505000000459404,VSM.FilterTemporalVertical,346880,1
62,555.6110309,1.8505000000459404,VSM.ResetFeedback,0,1
63,555.625584,1.8588000000363536,VSM.MarkReceiverPages,739584,1
63,555.625584,1.8588000000363536,VSM.AllocationPrepare,9728,1
63,555.625584,1.8588000000363536,VSM.AllocationCommit,594176,1
63,555.625584,1.8588000000363536,VSM.Allocate,781312,1
63,555.625584,1.8588000000363536,VSM.ClearPhysicalPages,260608,1
63,555.625584,1.8588000000363536,VSM.PageOccupancy,77056,1
63,555.625584,1.8588000000363536,VSM.FinalizePages,1536,1
63,555.625584,1.8588000000363536,VSM.DynamicRaster,0,0
63,555.625584,1.8588000000363536,VSM.LayoutRemap,0,1
63,555.625584,1.8588000000363536,VSM.InvalidateStatic,0,0
63,555.625584,1.8588000000363536,VSM.InvalidateDynamic,1536,1
63,555.625584,1.8588000000363536,VSM.StaticCasterCull,211200,1
63,555.625584,1.8588000000363536,VSM.DynamicCasterCull,0,1
63,555.625584,1.8588000000363536,VSM.PageCull,192256,1
63,555.625584,1.8588000000363536,VSM.StaticRasterClear,256,1
63,555.625584,1.8588000000363536,VSM.StaticRasterDraw,8704,1
63,555.625584,1.8588000000363536,VSM.DynamicRasterClear,0,0
63,555.625584,1.8588000000363536,VSM.DynamicRasterDraw,0,0
63,555.625584,1.8588000000363536,VSM.StaticRaster,8960,1
63,555.625584,1.8588000000363536,VSM.UnityCompatibilityRaster,0,0
63,555.625584,1.8588000000363536,VSM.Resolve,5899008,1
63,555.625584,1.8588000000363536,VSM.ResolveTrace,5673216,1
63,555.625584,1.8588000000363536,VSM.FilterHorizontal,65024,1
63,555.625584,1.8588000000363536,VSM.FilterVertical,0,0
63,555.625584,1.8588000000363536,VSM.FilterTemporalVertical,159488,1
63,555.625584,1.8588000000363536,VSM.ResetFeedback,0,1
64,555.64025399999991,1.9284999999626962,VSM.MarkReceiverPages,736768,1
64,555.64025399999991,1.9284999999626962,VSM.AllocationPrepare,9728,1
64,555.64025399999991,1.9284999999626962,VSM.AllocationCommit,595712,1
64,555.64025399999991,1.9284999999626962,VSM.Allocate,850944,1
64,555.64025399999991,1.9284999999626962,VSM.ClearPhysicalPages,261120,1
64,555.64025399999991,1.9284999999626962,VSM.PageOccupancy,74240,1
64,555.64025399999991,1.9284999999626962,VSM.FinalizePages,1536,1
64,555.64025399999991,1.9284999999626962,VSM.DynamicRaster,0,0
64,555.64025399999991,1.9284999999626962,VSM.LayoutRemap,0,1
64,555.64025399999991,1.9284999999626962,VSM.InvalidateStatic,0,0
64,555.64025399999991,1.9284999999626962,VSM.InvalidateDynamic,1792,1
64,555.64025399999991,1.9284999999626962,VSM.StaticCasterCull,201984,1
64,555.64025399999991,1.9284999999626962,VSM.DynamicCasterCull,0,1
64,555.64025399999991,1.9284999999626962,VSM.PageCull,182784,1
64,555.64025399999991,1.9284999999626962,VSM.StaticRasterClear,0,1
64,555.64025399999991,1.9284999999626962,VSM.StaticRasterDraw,7168,1
64,555.64025399999991,1.9284999999626962,VSM.DynamicRasterClear,0,0
64,555.64025399999991,1.9284999999626962,VSM.DynamicRasterDraw,0,0
64,555.64025399999991,1.9284999999626962,VSM.StaticRaster,7424,1
64,555.64025399999991,1.9284999999626962,VSM.UnityCompatibilityRaster,0,0
64,555.64025399999991,1.9284999999626962,VSM.Resolve,6193408,1
64,555.64025399999991,1.9284999999626962,VSM.ResolveTrace,5964288,1
64,555.64025399999991,1.9284999999626962,VSM.FilterHorizontal,67584,1
64,555.64025399999991,1.9284999999626962,VSM.FilterVertical,0,0
64,555.64025399999991,1.9284999999626962,VSM.FilterTemporalVertical,160512,1
64,555.64025399999991,1.9284999999626962,VSM.ResetFeedback,0,1
65,555.6554531999999,2.2267999999030508,VSM.MarkReceiverPages,738560,1
65,555.6554531999999,2.2267999999030508,VSM.AllocationPrepare,9472,1
65,555.6554531999999,2.2267999999030508,VSM.AllocationCommit,595968,1
65,555.6554531999999,2.2267999999030508,VSM.Allocate,875776,1
65,555.6554531999999,2.2267999999030508,VSM.ClearPhysicalPages,261888,1
65,555.6554531999999,2.2267999999030508,VSM.PageOccupancy,76288,1
65,555.6554531999999,2.2267999999030508,VSM.FinalizePages,1792,1
65,555.6554531999999,2.2267999999030508,VSM.DynamicRaster,0,0
65,555.6554531999999,2.2267999999030508,VSM.LayoutRemap,0,1
65,555.6554531999999,2.2267999999030508,VSM.InvalidateStatic,0,0
65,555.6554531999999,2.2267999999030508,VSM.InvalidateDynamic,1536,1
65,555.6554531999999,2.2267999999030508,VSM.StaticCasterCull,211456,1
65,555.6554531999999,2.2267999999030508,VSM.DynamicCasterCull,0,1
65,555.6554531999999,2.2267999999030508,VSM.PageCull,192256,1
65,555.6554531999999,2.2267999999030508,VSM.StaticRasterClear,256,1
65,555.6554531999999,2.2267999999030508,VSM.StaticRasterDraw,6912,1
65,555.6554531999999,2.2267999999030508,VSM.DynamicRasterClear,0,0
65,555.6554531999999,2.2267999999030508,VSM.DynamicRasterDraw,0,0
65,555.6554531999999,2.2267999999030508,VSM.StaticRaster,7168,1
65,555.6554531999999,2.2267999999030508,VSM.UnityCompatibilityRaster,0,0
65,555.6554531999999,2.2267999999030508,VSM.Resolve,5904384,1
65,555.6554531999999,2.2267999999030508,VSM.ResolveTrace,5676544,1
65,555.6554531999999,2.2267999999030508,VSM.FilterHorizontal,65280,1
65,555.6554531999999,2.2267999999030508,VSM.FilterVertical,0,0
65,555.6554531999999,2.2267999999030508,VSM.FilterTemporalVertical,161792,1
65,555.6554531999999,2.2267999999030508,VSM.ResetFeedback,0,1
66,555.6698444,1.8284999999877982,VSM.MarkReceiverPages,738816,1
66,555.6698444,1.8284999999877982,VSM.AllocationPrepare,9728,1
66,555.6698444,1.8284999999877982,VSM.AllocationCommit,594688,1
66,555.6698444,1.8284999999877982,VSM.Allocate,604928,1
66,555.6698444,1.8284999999877982,VSM.ClearPhysicalPages,259840,1
66,555.6698444,1.8284999999877982,VSM.PageOccupancy,76032,1
66,555.6698444,1.8284999999877982,VSM.FinalizePages,1792,1
66,555.6698444,1.8284999999877982,VSM.DynamicRaster,0,0
66,555.6698444,1.8284999999877982,VSM.LayoutRemap,0,1
66,555.6698444,1.8284999999877982,VSM.InvalidateStatic,0,0
66,555.6698444,1.8284999999877982,VSM.InvalidateDynamic,1536,1
66,555.6698444,1.8284999999877982,VSM.StaticCasterCull,209152,1
66,555.6698444,1.8284999999877982,VSM.DynamicCasterCull,0,1
66,555.6698444,1.8284999999877982,VSM.PageCull,189696,1
66,555.6698444,1.8284999999877982,VSM.StaticRasterClear,0,1
66,555.6698444,1.8284999999877982,VSM.StaticRasterDraw,7168,1
66,555.6698444,1.8284999999877982,VSM.DynamicRasterClear,0,0
66,555.6698444,1.8284999999877982,VSM.DynamicRasterDraw,0,0
66,555.6698444,1.8284999999877982,VSM.StaticRaster,7424,1
66,555.6698444,1.8284999999877982,VSM.UnityCompatibilityRaster,0,0
66,555.6698444,1.8284999999877982,VSM.Resolve,6017024,1
66,555.6698444,1.8284999999877982,VSM.ResolveTrace,5790208,1
66,555.6698444,1.8284999999877982,VSM.FilterHorizontal,65536,1
66,555.6698444,1.8284999999877982,VSM.FilterVertical,0,0
66,555.6698444,1.8284999999877982,VSM.FilterTemporalVertical,159744,1
66,555.6698444,1.8284999999877982,VSM.ResetFeedback,0,1
67,555.68511819999992,2.1497000000181288,VSM.MarkReceiverPages,736768,1
67,555.68511819999992,2.1497000000181288,VSM.AllocationPrepare,9472,1
67,555.68511819999992,2.1497000000181288,VSM.AllocationCommit,593920,1
67,555.68511819999992,2.1497000000181288,VSM.Allocate,888064,1
67,555.68511819999992,2.1497000000181288,VSM.ClearPhysicalPages,260096,1
67,555.68511819999992,2.1497000000181288,VSM.PageOccupancy,73472,1
67,555.68511819999992,2.1497000000181288,VSM.FinalizePages,2048,1
67,555.68511819999992,2.1497000000181288,VSM.DynamicRaster,0,0
67,555.68511819999992,2.1497000000181288,VSM.LayoutRemap,0,1
67,555.68511819999992,2.1497000000181288,VSM.InvalidateStatic,0,0
67,555.68511819999992,2.1497000000181288,VSM.InvalidateDynamic,2048,1
67,555.68511819999992,2.1497000000181288,VSM.StaticCasterCull,199424,1
67,555.68511819999992,2.1497000000181288,VSM.DynamicCasterCull,0,1
67,555.68511819999992,2.1497000000181288,VSM.PageCull,179968,1
67,555.68511819999992,2.1497000000181288,VSM.StaticRasterClear,0,1
67,555.68511819999992,2.1497000000181288,VSM.StaticRasterDraw,3328,1
67,555.68511819999992,2.1497000000181288,VSM.DynamicRasterClear,0,0
67,555.68511819999992,2.1497000000181288,VSM.DynamicRasterDraw,0,0
67,555.68511819999992,2.1497000000181288,VSM.StaticRaster,3584,1
67,555.68511819999992,2.1497000000181288,VSM.UnityCompatibilityRaster,0,0
67,555.68511819999992,2.1497000000181288,VSM.Resolve,5936640,1
67,555.68511819999992,2.1497000000181288,VSM.ResolveTrace,5709568,1
67,555.68511819999992,2.1497000000181288,VSM.FilterHorizontal,66816,1
67,555.68511819999992,2.1497000000181288,VSM.FilterVertical,0,0
67,555.68511819999992,2.1497000000181288,VSM.FilterTemporalVertical,158720,1
67,555.68511819999992,2.1497000000181288,VSM.ResetFeedback,0,1
68,555.69985109999993,2.2471999999424952,VSM.MarkReceiverPages,738304,1
68,555.69985109999993,2.2471999999424952,VSM.AllocationPrepare,9728,1
68,555.69985109999993,2.2471999999424952,VSM.AllocationCommit,595712,1
68,555.69985109999993,2.2471999999424952,VSM.Allocate,770816,1
68,555.69985109999993,2.2471999999424952,VSM.ClearPhysicalPages,261376,1
68,555.69985109999993,2.2471999999424952,VSM.PageOccupancy,75008,1
68,555.69985109999993,2.2471999999424952,VSM.FinalizePages,1792,1
68,555.69985109999993,2.2471999999424952,VSM.DynamicRaster,0,0
68,555.69985109999993,2.2471999999424952,VSM.LayoutRemap,0,1
68,555.69985109999993,2.2471999999424952,VSM.InvalidateStatic,0,0
68,555.69985109999993,2.2471999999424952,VSM.InvalidateDynamic,1536,1
68,555.69985109999993,2.2471999999424952,VSM.StaticCasterCull,207104,1
68,555.69985109999993,2.2471999999424952,VSM.DynamicCasterCull,0,1
68,555.69985109999993,2.2471999999424952,VSM.PageCull,187904,1
68,555.69985109999993,2.2471999999424952,VSM.StaticRasterClear,0,1
68,555.69985109999993,2.2471999999424952,VSM.StaticRasterDraw,7168,1
68,555.69985109999993,2.2471999999424952,VSM.DynamicRasterClear,0,0
68,555.69985109999993,2.2471999999424952,VSM.DynamicRasterDraw,0,0
68,555.69985109999993,2.2471999999424952,VSM.StaticRaster,7168,1
68,555.69985109999993,2.2471999999424952,VSM.UnityCompatibilityRaster,0,0
68,555.69985109999993,2.2471999999424952,VSM.Resolve,6041600,1
68,555.69985109999993,2.2471999999424952,VSM.ResolveTrace,5814784,1
68,555.69985109999993,2.2471999999424952,VSM.FilterHorizontal,65280,1
68,555.69985109999993,2.2471999999424952,VSM.FilterVertical,0,0
68,555.69985109999993,2.2471999999424952,VSM.FilterTemporalVertical,160256,1
68,555.69985109999993,2.2471999999424952,VSM.ResetFeedback,0,1
69,555.7149343,2.0298000000593674,VSM.MarkReceiverPages,738560,1
69,555.7149343,2.0298000000593674,VSM.AllocationPrepare,9472,1
69,555.7149343,2.0298000000593674,VSM.AllocationCommit,595456,1
69,555.7149343,2.0298000000593674,VSM.Allocate,1051648,1
69,555.7149343,2.0298000000593674,VSM.ClearPhysicalPages,260864,1
69,555.7149343,2.0298000000593674,VSM.PageOccupancy,72960,1
69,555.7149343,2.0298000000593674,VSM.FinalizePages,1536,1
69,555.7149343,2.0298000000593674,VSM.DynamicRaster,0,0
69,555.7149343,2.0298000000593674,VSM.LayoutRemap,0,1
69,555.7149343,2.0298000000593674,VSM.InvalidateStatic,0,0
69,555.7149343,2.0298000000593674,VSM.InvalidateDynamic,2816,1
69,555.7149343,2.0298000000593674,VSM.StaticCasterCull,210176,1
69,555.7149343,2.0298000000593674,VSM.DynamicCasterCull,0,1
69,555.7149343,2.0298000000593674,VSM.PageCull,190976,1
69,555.7149343,2.0298000000593674,VSM.StaticRasterClear,256,1
69,555.7149343,2.0298000000593674,VSM.StaticRasterDraw,3328,1
69,555.7149343,2.0298000000593674,VSM.DynamicRasterClear,0,0
69,555.7149343,2.0298000000593674,VSM.DynamicRasterDraw,0,0
69,555.7149343,2.0298000000593674,VSM.StaticRaster,3584,1
69,555.7149343,2.0298000000593674,VSM.UnityCompatibilityRaster,0,0
69,555.7149343,2.0298000000593674,VSM.Resolve,5807104,1
69,555.7149343,2.0298000000593674,VSM.ResolveTrace,5580800,1
69,555.7149343,2.0298000000593674,VSM.FilterHorizontal,65024,1
69,555.7149343,2.0298000000593674,VSM.FilterVertical,0,0
69,555.7149343,2.0298000000593674,VSM.FilterTemporalVertical,160256,1
69,555.7149343,2.0298000000593674,VSM.ResetFeedback,0,1
70,555.7303148,2.19219999996767,VSM.MarkReceiverPages,738304,1
70,555.7303148,2.19219999996767,VSM.AllocationPrepare,9472,1
70,555.7303148,2.19219999996767,VSM.AllocationCommit,596224,1
70,555.7303148,2.19219999996767,VSM.Allocate,878592,1
70,555.7303148,2.19219999996767,VSM.ClearPhysicalPages,261120,1
70,555.7303148,2.19219999996767,VSM.PageOccupancy,76032,1
70,555.7303148,2.19219999996767,VSM.FinalizePages,2048,1
70,555.7303148,2.19219999996767,VSM.DynamicRaster,0,0
70,555.7303148,2.19219999996767,VSM.LayoutRemap,0,1
70,555.7303148,2.19219999996767,VSM.InvalidateStatic,0,0
70,555.7303148,2.19219999996767,VSM.InvalidateDynamic,2048,1
70,555.7303148,2.19219999996767,VSM.StaticCasterCull,209408,1
70,555.7303148,2.19219999996767,VSM.DynamicCasterCull,0,1
70,555.7303148,2.19219999996767,VSM.PageCull,190208,1
70,555.7303148,2.19219999996767,VSM.StaticRasterClear,0,1
70,555.7303148,2.19219999996767,VSM.StaticRasterDraw,7168,1
70,555.7303148,2.19219999996767,VSM.DynamicRasterClear,0,0
70,555.7303148,2.19219999996767,VSM.DynamicRasterDraw,0,0
70,555.7303148,2.19219999996767,VSM.StaticRaster,7168,1
70,555.7303148,2.19219999996767,VSM.UnityCompatibilityRaster,0,0
70,555.7303148,2.19219999996767,VSM.Resolve,5884416,1
70,555.7303148,2.19219999996767,VSM.ResolveTrace,5658880,1
70,555.7303148,2.19219999996767,VSM.FilterHorizontal,65024,1
70,555.7303148,2.19219999996767,VSM.FilterVertical,0,0
70,555.7303148,2.19219999996767,VSM.FilterTemporalVertical,159488,1
70,555.7303148,2.19219999996767,VSM.ResetFeedback,0,1
71,555.7454352,2.3651999999856343,VSM.MarkReceiverPages,741376,1
71,555.7454352,2.3651999999856343,VSM.AllocationPrepare,9472,1
71,555.7454352,2.3651999999856343,VSM.AllocationCommit,595968,1
71,555.7454352,2.3651999999856343,VSM.Allocate,606208,1
71,555.7454352,2.3651999999856343,VSM.ClearPhysicalPages,261376,1
71,555.7454352,2.3651999999856343,VSM.PageOccupancy,77056,1
71,555.7454352,2.3651999999856343,VSM.FinalizePages,2048,1
71,555.7454352,2.3651999999856343,VSM.DynamicRaster,0,0
71,555.7454352,2.3651999999856343,VSM.LayoutRemap,0,1
71,555.7454352,2.3651999999856343,VSM.InvalidateStatic,0,0
71,555.7454352,2.3651999999856343,VSM.InvalidateDynamic,1536,1
71,555.7454352,2.3651999999856343,VSM.StaticCasterCull,220160,1
71,555.7454352,2.3651999999856343,VSM.DynamicCasterCull,0,1
71,555.7454352,2.3651999999856343,VSM.PageCull,201216,1
71,555.7454352,2.3651999999856343,VSM.StaticRasterClear,0,1
71,555.7454352,2.3651999999856343,VSM.StaticRasterDraw,7168,1
71,555.7454352,2.3651999999856343,VSM.DynamicRasterClear,0,0
71,555.7454352,2.3651999999856343,VSM.DynamicRasterDraw,0,0
71,555.7454352,2.3651999999856343,VSM.StaticRaster,7168,1
71,555.7454352,2.3651999999856343,VSM.UnityCompatibilityRaster,0,0
71,555.7454352,2.3651999999856343,VSM.Resolve,5872896,1
71,555.7454352,2.3651999999856343,VSM.ResolveTrace,5645824,1
71,555.7454352,2.3651999999856343,VSM.FilterHorizontal,66304,1
71,555.7454352,2.3651999999856343,VSM.FilterVertical,0,0
71,555.7454352,2.3651999999856343,VSM.FilterTemporalVertical,159488,1
71,555.7454352,2.3651999999856343,VSM.ResetFeedback,0,1
72,555.76064969999993,2.2615000000314467,VSM.MarkReceiverPages,740096,1
72,555.76064969999993,2.2615000000314467,VSM.AllocationPrepare,9728,1
72,555.76064969999993,2.2615000000314467,VSM.AllocationCommit,601344,1
72,555.76064969999993,2.2615000000314467,VSM.Allocate,791296,1
72,555.76064969999993,2.2615000000314467,VSM.ClearPhysicalPages,263168,1
72,555.76064969999993,2.2615000000314467,VSM.PageOccupancy,75264,1
72,555.76064969999993,2.2615000000314467,VSM.FinalizePages,1792,1
72,555.76064969999993,2.2615000000314467,VSM.DynamicRaster,0,0
72,555.76064969999993,2.2615000000314467,VSM.LayoutRemap,0,1
72,555.76064969999993,2.2615000000314467,VSM.InvalidateStatic,0,0
72,555.76064969999993,2.2615000000314467,VSM.InvalidateDynamic,1792,1
72,555.76064969999993,2.2615000000314467,VSM.StaticCasterCull,209664,1
72,555.76064969999993,2.2615000000314467,VSM.DynamicCasterCull,0,1
72,555.76064969999993,2.2615000000314467,VSM.PageCull,190720,1
72,555.76064969999993,2.2615000000314467,VSM.StaticRasterClear,0,1
72,555.76064969999993,2.2615000000314467,VSM.StaticRasterDraw,6656,1
72,555.76064969999993,2.2615000000314467,VSM.DynamicRasterClear,0,0
72,555.76064969999993,2.2615000000314467,VSM.DynamicRasterDraw,0,0
72,555.76064969999993,2.2615000000314467,VSM.StaticRaster,6912,1
72,555.76064969999993,2.2615000000314467,VSM.UnityCompatibilityRaster,0,0
72,555.76064969999993,2.2615000000314467,VSM.Resolve,6023424,1
72,555.76064969999993,2.2615000000314467,VSM.ResolveTrace,5794304,1
72,555.76064969999993,2.2615000000314467,VSM.FilterHorizontal,66816,1
72,555.76064969999993,2.2615000000314467,VSM.FilterVertical,0,0
72,555.76064969999993,2.2615000000314467,VSM.FilterTemporalVertical,161536,1
72,555.76064969999993,2.2615000000314467,VSM.ResetFeedback,0,1
73,555.77549609999994,2.0041000000219356,VSM.MarkReceiverPages,927232,1
73,555.77549609999994,2.0041000000219356,VSM.AllocationPrepare,9728,1
73,555.77549609999994,2.0041000000219356,VSM.AllocationCommit,599296,1
73,555.77549609999994,2.0041000000219356,VSM.Allocate,609536,1
73,555.77549609999994,2.0041000000219356,VSM.ClearPhysicalPages,260864,1
73,555.77549609999994,2.0041000000219356,VSM.PageOccupancy,74240,1
73,555.77549609999994,2.0041000000219356,VSM.FinalizePages,1792,1
73,555.77549609999994,2.0041000000219356,VSM.DynamicRaster,0,0
73,555.77549609999994,2.0041000000219356,VSM.LayoutRemap,0,1
73,555.77549609999994,2.0041000000219356,VSM.InvalidateStatic,0,0
73,555.77549609999994,2.0041000000219356,VSM.InvalidateDynamic,1792,1
73,555.77549609999994,2.0041000000219356,VSM.StaticCasterCull,210432,1
73,555.77549609999994,2.0041000000219356,VSM.DynamicCasterCull,0,1
73,555.77549609999994,2.0041000000219356,VSM.PageCull,190976,1
73,555.77549609999994,2.0041000000219356,VSM.StaticRasterClear,0,1
73,555.77549609999994,2.0041000000219356,VSM.StaticRasterDraw,3072,1
73,555.77549609999994,2.0041000000219356,VSM.DynamicRasterClear,0,0
73,555.77549609999994,2.0041000000219356,VSM.DynamicRasterDraw,0,0
73,555.77549609999994,2.0041000000219356,VSM.StaticRaster,3328,1
73,555.77549609999994,2.0041000000219356,VSM.UnityCompatibilityRaster,0,0
73,555.77549609999994,2.0041000000219356,VSM.Resolve,5870848,1
73,555.77549609999994,2.0041000000219356,VSM.ResolveTrace,5324800,1
73,555.77549609999994,2.0041000000219356,VSM.FilterHorizontal,64512,1
73,555.77549609999994,2.0041000000219356,VSM.FilterVertical,0,0
73,555.77549609999994,2.0041000000219356,VSM.FilterTemporalVertical,480256,1
73,555.77549609999994,2.0041000000219356,VSM.ResetFeedback,0,1
74,555.790367,1.995699999952194,VSM.MarkReceiverPages,737536,1
74,555.790367,1.995699999952194,VSM.AllocationPrepare,9472,1
74,555.790367,1.995699999952194,VSM.AllocationCommit,595200,1
74,555.790367,1.995699999952194,VSM.Allocate,604928,1
74,555.790367,1.995699999952194,VSM.ClearPhysicalPages,525056,1
74,555.790367,1.995699999952194,VSM.PageOccupancy,71680,1
74,555.790367,1.995699999952194,VSM.FinalizePages,2048,1
74,555.790367,1.995699999952194,VSM.DynamicRaster,0,0
74,555.790367,1.995699999952194,VSM.LayoutRemap,0,1
74,555.790367,1.995699999952194,VSM.InvalidateStatic,0,0
74,555.790367,1.995699999952194,VSM.InvalidateDynamic,1536,1
74,555.790367,1.995699999952194,VSM.StaticCasterCull,212992,1
74,555.790367,1.995699999952194,VSM.DynamicCasterCull,0,1
74,555.790367,1.995699999952194,VSM.PageCull,188672,1
74,555.790367,1.995699999952194,VSM.StaticRasterClear,0,1
74,555.790367,1.995699999952194,VSM.StaticRasterDraw,7168,1
74,555.790367,1.995699999952194,VSM.DynamicRasterClear,0,0
74,555.790367,1.995699999952194,VSM.DynamicRasterDraw,0,0
74,555.790367,1.995699999952194,VSM.StaticRaster,7424,1
74,555.790367,1.995699999952194,VSM.UnityCompatibilityRaster,0,0
74,555.790367,1.995699999952194,VSM.Resolve,5548032,1
74,555.790367,1.995699999952194,VSM.ResolveTrace,5324800,1
74,555.790367,1.995699999952194,VSM.FilterHorizontal,64768,1
74,555.790367,1.995699999952194,VSM.FilterVertical,0,0
74,555.790367,1.995699999952194,VSM.FilterTemporalVertical,157184,1
74,555.790367,1.995699999952194,VSM.ResetFeedback,0,1
75,555.8060223,2.3271000000022468,VSM.MarkReceiverPages,738560,1
75,555.8060223,2.3271000000022468,VSM.AllocationPrepare,9472,1
75,555.8060223,2.3271000000022468,VSM.AllocationCommit,593920,1
75,555.8060223,2.3271000000022468,VSM.Allocate,791040,1
75,555.8060223,2.3271000000022468,VSM.ClearPhysicalPages,259584,1
75,555.8060223,2.3271000000022468,VSM.PageOccupancy,72192,1
75,555.8060223,2.3271000000022468,VSM.FinalizePages,2048,1
75,555.8060223,2.3271000000022468,VSM.DynamicRaster,0,0
75,555.8060223,2.3271000000022468,VSM.LayoutRemap,0,1
75,555.8060223,2.3271000000022468,VSM.InvalidateStatic,0,0
75,555.8060223,2.3271000000022468,VSM.InvalidateDynamic,1792,1
75,555.8060223,2.3271000000022468,VSM.StaticCasterCull,205056,1
75,555.8060223,2.3271000000022468,VSM.DynamicCasterCull,0,1
75,555.8060223,2.3271000000022468,VSM.PageCull,185344,1
75,555.8060223,2.3271000000022468,VSM.StaticRasterClear,0,1
75,555.8060223,2.3271000000022468,VSM.StaticRasterDraw,7168,1
75,555.8060223,2.3271000000022468,VSM.DynamicRasterClear,0,0
75,555.8060223,2.3271000000022468,VSM.DynamicRasterDraw,0,0
75,555.8060223,2.3271000000022468,VSM.StaticRaster,7168,1
75,555.8060223,2.3271000000022468,VSM.UnityCompatibilityRaster,0,0
75,555.8060223,2.3271000000022468,VSM.Resolve,6005760,1
75,555.8060223,2.3271000000022468,VSM.ResolveTrace,5782016,1
75,555.8060223,2.3271000000022468,VSM.FilterHorizontal,66048,1
75,555.8060223,2.3271000000022468,VSM.FilterVertical,0,0
75,555.8060223,2.3271000000022468,VSM.FilterTemporalVertical,156928,1
75,555.8060223,2.3271000000022468,VSM.ResetFeedback,0,1
76,555.82199529999991,2.230399999916699,VSM.MarkReceiverPages,738048,1
76,555.82199529999991,2.230399999916699,VSM.AllocationPrepare,9472,1
76,555.82199529999991,2.230399999916699,VSM.AllocationCommit,595712,1
76,555.82199529999991,2.230399999916699,VSM.Allocate,605440,1
76,555.82199529999991,2.230399999916699,VSM.ClearPhysicalPages,260096,1
76,555.82199529999991,2.230399999916699,VSM.PageOccupancy,72960,1
76,555.82199529999991,2.230399999916699,VSM.FinalizePages,1536,1
76,555.82199529999991,2.230399999916699,VSM.DynamicRaster,0,0
76,555.82199529999991,2.230399999916699,VSM.LayoutRemap,0,1
76,555.82199529999991,2.230399999916699,VSM.InvalidateStatic,0,0
76,555.82199529999991,2.230399999916699,VSM.InvalidateDynamic,1280,1
76,555.82199529999991,2.230399999916699,VSM.StaticCasterCull,208128,1
76,555.82199529999991,2.230399999916699,VSM.DynamicCasterCull,0,1
76,555.82199529999991,2.230399999916699,VSM.PageCull,189184,1
76,555.82199529999991,2.230399999916699,VSM.StaticRasterClear,0,1
76,555.82199529999991,2.230399999916699,VSM.StaticRasterDraw,7168,1
76,555.82199529999991,2.230399999916699,VSM.DynamicRasterClear,0,0
76,555.82199529999991,2.230399999916699,VSM.DynamicRasterDraw,0,0
76,555.82199529999991,2.230399999916699,VSM.StaticRaster,7168,1
76,555.82199529999991,2.230399999916699,VSM.UnityCompatibilityRaster,0,0
76,555.82199529999991,2.230399999916699,VSM.Resolve,6020096,1
76,555.82199529999991,2.230399999916699,VSM.ResolveTrace,5792768,1
76,555.82199529999991,2.230399999916699,VSM.FilterHorizontal,65280,1
76,555.82199529999991,2.230399999916699,VSM.FilterVertical,0,0
76,555.82199529999991,2.230399999916699,VSM.FilterTemporalVertical,161024,1
76,555.82199529999991,2.230399999916699,VSM.ResetFeedback,0,1
77,555.83625829999994,2.0948999999745865,VSM.MarkReceiverPages,737536,1
77,555.83625829999994,2.0948999999745865,VSM.AllocationPrepare,9728,1
77,555.83625829999994,2.0948999999745865,VSM.AllocationCommit,595968,1
77,555.83625829999994,2.0948999999745865,VSM.Allocate,862976,1
77,555.83625829999994,2.0948999999745865,VSM.ClearPhysicalPages,260352,1
77,555.83625829999994,2.0948999999745865,VSM.PageOccupancy,71680,1
77,555.83625829999994,2.0948999999745865,VSM.FinalizePages,1792,1
77,555.83625829999994,2.0948999999745865,VSM.DynamicRaster,0,0
77,555.83625829999994,2.0948999999745865,VSM.LayoutRemap,0,1
77,555.83625829999994,2.0948999999745865,VSM.InvalidateStatic,0,0
77,555.83625829999994,2.0948999999745865,VSM.InvalidateDynamic,1792,1
77,555.83625829999994,2.0948999999745865,VSM.StaticCasterCull,204800,1
77,555.83625829999994,2.0948999999745865,VSM.DynamicCasterCull,0,1
77,555.83625829999994,2.0948999999745865,VSM.PageCull,185344,1
77,555.83625829999994,2.0948999999745865,VSM.StaticRasterClear,256,1
77,555.83625829999994,2.0948999999745865,VSM.StaticRasterDraw,7168,1
77,555.83625829999994,2.0948999999745865,VSM.DynamicRasterClear,0,0
77,555.83625829999994,2.0948999999745865,VSM.DynamicRasterDraw,0,0
77,555.83625829999994,2.0948999999745865,VSM.StaticRaster,7424,1
77,555.83625829999994,2.0948999999745865,VSM.UnityCompatibilityRaster,0,0
77,555.83625829999994,2.0948999999745865,VSM.Resolve,5907200,1
77,555.83625829999994,2.0948999999745865,VSM.ResolveTrace,5677056,1
77,555.83625829999994,2.0948999999745865,VSM.FilterHorizontal,66816,1
77,555.83625829999994,2.0948999999745865,VSM.FilterVertical,0,0
77,555.83625829999994,2.0948999999745865,VSM.FilterTemporalVertical,162304,1
77,555.83625829999994,2.0948999999745865,VSM.ResetFeedback,0,1
78,555.8524791,2.2650000000794535,VSM.MarkReceiverPages,737792,1
78,555.8524791,2.2650000000794535,VSM.AllocationPrepare,9472,1
78,555.8524791,2.2650000000794535,VSM.AllocationCommit,595456,1
78,555.8524791,2.2650000000794535,VSM.Allocate,795648,1
78,555.8524791,2.2650000000794535,VSM.ClearPhysicalPages,260096,1
78,555.8524791,2.2650000000794535,VSM.PageOccupancy,73472,1
78,555.8524791,2.2650000000794535,VSM.FinalizePages,1536,1
78,555.8524791,2.2650000000794535,VSM.DynamicRaster,0,0
78,555.8524791,2.2650000000794535,VSM.LayoutRemap,0,1
78,555.8524791,2.2650000000794535,VSM.InvalidateStatic,0,0
78,555.8524791,2.2650000000794535,VSM.InvalidateDynamic,1536,1
78,555.8524791,2.2650000000794535,VSM.StaticCasterCull,207872,1
78,555.8524791,2.2650000000794535,VSM.DynamicCasterCull,0,1
78,555.8524791,2.2650000000794535,VSM.PageCull,188416,1
78,555.8524791,2.2650000000794535,VSM.StaticRasterClear,256,1
78,555.8524791,2.2650000000794535,VSM.StaticRasterDraw,6912,1
78,555.8524791,2.2650000000794535,VSM.DynamicRasterClear,0,0
78,555.8524791,2.2650000000794535,VSM.DynamicRasterDraw,0,0
78,555.8524791,2.2650000000794535,VSM.StaticRaster,7168,1
78,555.8524791,2.2650000000794535,VSM.UnityCompatibilityRaster,0,0
78,555.8524791,2.2650000000794535,VSM.Resolve,6142208,1
78,555.8524791,2.2650000000794535,VSM.ResolveTrace,5915136,1
78,555.8524791,2.2650000000794535,VSM.FilterHorizontal,66048,1
78,555.8524791,2.2650000000794535,VSM.FilterVertical,0,0
78,555.8524791,2.2650000000794535,VSM.FilterTemporalVertical,160256,1
78,555.8524791,2.2650000000794535,VSM.ResetFeedback,0,1
79,555.8711129,2.2420999999894775,VSM.MarkReceiverPages,738816,1
79,555.8711129,2.2420999999894775,VSM.AllocationPrepare,9472,1
79,555.8711129,2.2420999999894775,VSM.AllocationCommit,594176,1
79,555.8711129,2.2420999999894775,VSM.Allocate,603904,1
79,555.8711129,2.2420999999894775,VSM.ClearPhysicalPages,259584,1
79,555.8711129,2.2420999999894775,VSM.PageOccupancy,72960,1
79,555.8711129,2.2420999999894775,VSM.FinalizePages,1536,1
79,555.8711129,2.2420999999894775,VSM.DynamicRaster,0,0
79,555.8711129,2.2420999999894775,VSM.LayoutRemap,0,1
79,555.8711129,2.2420999999894775,VSM.InvalidateStatic,0,0
79,555.8711129,2.2420999999894775,VSM.InvalidateDynamic,1536,1
79,555.8711129,2.2420999999894775,VSM.StaticCasterCull,194816,1
79,555.8711129,2.2420999999894775,VSM.DynamicCasterCull,0,1
79,555.8711129,2.2420999999894775,VSM.PageCull,175616,1
79,555.8711129,2.2420999999894775,VSM.StaticRasterClear,0,1
79,555.8711129,2.2420999999894775,VSM.StaticRasterDraw,7424,1
79,555.8711129,2.2420999999894775,VSM.DynamicRasterClear,0,0
79,555.8711129,2.2420999999894775,VSM.DynamicRasterDraw,0,0
79,555.8711129,2.2420999999894775,VSM.StaticRaster,7424,1
79,555.8711129,2.2420999999894775,VSM.UnityCompatibilityRaster,0,0
79,555.8711129,2.2420999999894775,VSM.Resolve,5545728,1
79,555.8711129,2.2420999999894775,VSM.ResolveTrace,5322240,1
79,555.8711129,2.2420999999894775,VSM.FilterHorizontal,64768,1
79,555.8711129,2.2420999999894775,VSM.FilterVertical,0,0
79,555.8711129,2.2420999999894775,VSM.FilterTemporalVertical,157440,1
79,555.8711129,2.2420999999894775,VSM.ResetFeedback,0,1
80,555.886572,2.1918000001051041,VSM.MarkReceiverPages,762368,1
80,555.886572,2.1918000001051041,VSM.AllocationPrepare,9472,1
80,555.886572,2.1918000001051041,VSM.AllocationCommit,595456,1
80,555.886572,2.1918000001051041,VSM.Allocate,1092096,1
80,555.886572,2.1918000001051041,VSM.ClearPhysicalPages,261376,1
80,555.886572,2.1918000001051041,VSM.PageOccupancy,74496,1
80,555.886572,2.1918000001051041,VSM.FinalizePages,1792,1
80,555.886572,2.1918000001051041,VSM.DynamicRaster,0,0
80,555.886572,2.1918000001051041,VSM.LayoutRemap,0,1
80,555.886572,2.1918000001051041,VSM.InvalidateStatic,0,0
80,555.886572,2.1918000001051041,VSM.InvalidateDynamic,2560,1
80,555.886572,2.1918000001051041,VSM.StaticCasterCull,202752,1
80,555.886572,2.1918000001051041,VSM.DynamicCasterCull,0,1
80,555.886572,2.1918000001051041,VSM.PageCull,183808,1
80,555.886572,2.1918000001051041,VSM.StaticRasterClear,0,1
80,555.886572,2.1918000001051041,VSM.StaticRasterDraw,5632,1
80,555.886572,2.1918000001051041,VSM.DynamicRasterClear,0,0
80,555.886572,2.1918000001051041,VSM.DynamicRasterDraw,0,0
80,555.886572,2.1918000001051041,VSM.StaticRaster,5888,1
80,555.886572,2.1918000001051041,VSM.UnityCompatibilityRaster,0,0
80,555.886572,2.1918000001051041,VSM.Resolve,6290688,1
80,555.886572,2.1918000001051041,VSM.ResolveTrace,6063616,1
80,555.886572,2.1918000001051041,VSM.FilterHorizontal,65792,1
80,555.886572,2.1918000001051041,VSM.FilterVertical,0,0
80,555.886572,2.1918000001051041,VSM.FilterTemporalVertical,160256,1
80,555.886572,2.1918000001051041,VSM.ResetFeedback,0,1
81,555.9022829999999,2.0615999999336054,VSM.MarkReceiverPages,908544,1
81,555.9022829999999,2.0615999999336054,VSM.AllocationPrepare,9728,1
81,555.9022829999999,2.0615999999336054,VSM.AllocationCommit,595712,1
81,555.9022829999999,2.0615999999336054,VSM.Allocate,605952,1
81,555.9022829999999,2.0615999999336054,VSM.ClearPhysicalPages,261120,1
81,555.9022829999999,2.0615999999336054,VSM.PageOccupancy,75008,1
81,555.9022829999999,2.0615999999336054,VSM.FinalizePages,1792,1
81,555.9022829999999,2.0615999999336054,VSM.DynamicRaster,0,0
81,555.9022829999999,2.0615999999336054,VSM.LayoutRemap,0,1
81,555.9022829999999,2.0615999999336054,VSM.InvalidateStatic,0,0
81,555.9022829999999,2.0615999999336054,VSM.InvalidateDynamic,1792,1
81,555.9022829999999,2.0615999999336054,VSM.StaticCasterCull,205312,1
81,555.9022829999999,2.0615999999336054,VSM.DynamicCasterCull,0,1
81,555.9022829999999,2.0615999999336054,VSM.PageCull,186112,1
81,555.9022829999999,2.0615999999336054,VSM.StaticRasterClear,0,1
81,555.9022829999999,2.0615999999336054,VSM.StaticRasterDraw,5888,1
81,555.9022829999999,2.0615999999336054,VSM.DynamicRasterClear,0,0
81,555.9022829999999,2.0615999999336054,VSM.DynamicRasterDraw,0,0
81,555.9022829999999,2.0615999999336054,VSM.StaticRaster,6144,1
81,555.9022829999999,2.0615999999336054,VSM.UnityCompatibilityRaster,0,0
81,555.9022829999999,2.0615999999336054,VSM.Resolve,6957824,1
81,555.9022829999999,2.0615999999336054,VSM.ResolveTrace,6728704,1
81,555.9022829999999,2.0615999999336054,VSM.FilterHorizontal,67584,1
81,555.9022829999999,2.0615999999336054,VSM.FilterVertical,0,0
81,555.9022829999999,2.0615999999336054,VSM.FilterTemporalVertical,160000,1
81,555.9022829999999,2.0615999999336054,VSM.ResetFeedback,0,1
82,555.9177271,2.1441999999751715,VSM.MarkReceiverPages,737280,1
82,555.9177271,2.1441999999751715,VSM.AllocationPrepare,9472,1
82,555.9177271,2.1441999999751715,VSM.AllocationCommit,593920,1
82,555.9177271,2.1441999999751715,VSM.Allocate,603392,1
82,555.9177271,2.1441999999751715,VSM.ClearPhysicalPages,259840,1
82,555.9177271,2.1441999999751715,VSM.PageOccupancy,73472,1
82,555.9177271,2.1441999999751715,VSM.FinalizePages,1536,1
82,555.9177271,2.1441999999751715,VSM.DynamicRaster,0,0
82,555.9177271,2.1441999999751715,VSM.LayoutRemap,0,1
82,555.9177271,2.1441999999751715,VSM.InvalidateStatic,0,0
82,555.9177271,2.1441999999751715,VSM.InvalidateDynamic,1536,1
82,555.9177271,2.1441999999751715,VSM.StaticCasterCull,209408,1
82,555.9177271,2.1441999999751715,VSM.DynamicCasterCull,0,1
82,555.9177271,2.1441999999751715,VSM.PageCull,189952,1
82,555.9177271,2.1441999999751715,VSM.StaticRasterClear,0,1
82,555.9177271,2.1441999999751715,VSM.StaticRasterDraw,7424,1
82,555.9177271,2.1441999999751715,VSM.DynamicRasterClear,0,0
82,555.9177271,2.1441999999751715,VSM.DynamicRasterDraw,0,0
82,555.9177271,2.1441999999751715,VSM.StaticRaster,7680,1
82,555.9177271,2.1441999999751715,VSM.UnityCompatibilityRaster,0,0
82,555.9177271,2.1441999999751715,VSM.Resolve,6193408,1
82,555.9177271,2.1441999999751715,VSM.ResolveTrace,5773824,1
82,555.9177271,2.1441999999751715,VSM.FilterHorizontal,258560,1
82,555.9177271,2.1441999999751715,VSM.FilterVertical,0,0
82,555.9177271,2.1441999999751715,VSM.FilterTemporalVertical,160000,1
82,555.9177271,2.1441999999751715,VSM.ResetFeedback,0,1
83,555.9338136,2.159200000050987,VSM.MarkReceiverPages,738304,1
83,555.9338136,2.159200000050987,VSM.AllocationPrepare,9472,1
83,555.9338136,2.159200000050987,VSM.AllocationCommit,594176,1
83,555.9338136,2.159200000050987,VSM.Allocate,874496,1
83,555.9338136,2.159200000050987,VSM.ClearPhysicalPages,260352,1
83,555.9338136,2.159200000050987,VSM.PageOccupancy,74240,1
83,555.9338136,2.159200000050987,VSM.FinalizePages,2048,1
83,555.9338136,2.159200000050987,VSM.DynamicRaster,0,0
83,555.9338136,2.159200000050987,VSM.LayoutRemap,0,1
83,555.9338136,2.159200000050987,VSM.InvalidateStatic,0,0
83,555.9338136,2.159200000050987,VSM.InvalidateDynamic,1536,1
83,555.9338136,2.159200000050987,VSM.StaticCasterCull,201472,1
83,555.9338136,2.159200000050987,VSM.DynamicCasterCull,0,1
83,555.9338136,2.159200000050987,VSM.PageCull,182016,1
83,555.9338136,2.159200000050987,VSM.StaticRasterClear,0,1
83,555.9338136,2.159200000050987,VSM.StaticRasterDraw,7168,1
83,555.9338136,2.159200000050987,VSM.DynamicRasterClear,0,0
83,555.9338136,2.159200000050987,VSM.DynamicRasterDraw,0,0
83,555.9338136,2.159200000050987,VSM.StaticRaster,7168,1
83,555.9338136,2.159200000050987,VSM.UnityCompatibilityRaster,0,0
83,555.9338136,2.159200000050987,VSM.Resolve,6006016,1
83,555.9338136,2.159200000050987,VSM.ResolveTrace,5780736,1
83,555.9338136,2.159200000050987,VSM.FilterHorizontal,65280,1
83,555.9338136,2.159200000050987,VSM.FilterVertical,0,0
83,555.9338136,2.159200000050987,VSM.FilterTemporalVertical,158720,1
83,555.9338136,2.159200000050987,VSM.ResetFeedback,0,1
84,555.9490298,2.0929999999452775,VSM.MarkReceiverPages,736512,1
84,555.9490298,2.0929999999452775,VSM.AllocationPrepare,9728,1
84,555.9490298,2.0929999999452775,VSM.AllocationCommit,594432,1
84,555.9490298,2.0929999999452775,VSM.Allocate,873472,1
84,555.9490298,2.0929999999452775,VSM.ClearPhysicalPages,260096,1
84,555.9490298,2.0929999999452775,VSM.PageOccupancy,72704,1
84,555.9490298,2.0929999999452775,VSM.FinalizePages,1792,1
84,555.9490298,2.0929999999452775,VSM.DynamicRaster,0,0
84,555.9490298,2.0929999999452775,VSM.LayoutRemap,0,1
84,555.9490298,2.0929999999452775,VSM.InvalidateStatic,0,0
84,555.9490298,2.0929999999452775,VSM.InvalidateDynamic,1536,1
84,555.9490298,2.0929999999452775,VSM.StaticCasterCull,199936,1
84,555.9490298,2.0929999999452775,VSM.DynamicCasterCull,0,1
84,555.9490298,2.0929999999452775,VSM.PageCull,180992,1
84,555.9490298,2.0929999999452775,VSM.StaticRasterClear,0,1
84,555.9490298,2.0929999999452775,VSM.StaticRasterDraw,6912,1
84,555.9490298,2.0929999999452775,VSM.DynamicRasterClear,0,0
84,555.9490298,2.0929999999452775,VSM.DynamicRasterDraw,0,0
84,555.9490298,2.0929999999452775,VSM.StaticRaster,7168,1
84,555.9490298,2.0929999999452775,VSM.UnityCompatibilityRaster,0,0
84,555.9490298,2.0929999999452775,VSM.Resolve,6214656,1
84,555.9490298,2.0929999999452775,VSM.ResolveTrace,5988352,1
84,555.9490298,2.0929999999452775,VSM.FilterHorizontal,67072,1
84,555.9490298,2.0929999999452775,VSM.FilterVertical,0,0
84,555.9490298,2.0929999999452775,VSM.FilterTemporalVertical,157952,1
84,555.9490298,2.0929999999452775,VSM.ResetFeedback,0,1
85,555.96521839999991,2.2635999999920386,VSM.MarkReceiverPages,756480,1
85,555.96521839999991,2.2635999999920386,VSM.AllocationPrepare,9728,1
85,555.96521839999991,2.2635999999920386,VSM.AllocationCommit,595968,1
85,555.96521839999991,2.2635999999920386,VSM.Allocate,801536,1
85,555.96521839999991,2.2635999999920386,VSM.ClearPhysicalPages,261632,1
85,555.96521839999991,2.2635999999920386,VSM.PageOccupancy,72960,1
85,555.96521839999991,2.2635999999920386,VSM.FinalizePages,1792,1
85,555.96521839999991,2.2635999999920386,VSM.DynamicRaster,0,0
85,555.96521839999991,2.2635999999920386,VSM.LayoutRemap,0,1
85,555.96521839999991,2.2635999999920386,VSM.InvalidateStatic,0,0
85,555.96521839999991,2.2635999999920386,VSM.InvalidateDynamic,1536,1
85,555.96521839999991,2.2635999999920386,VSM.StaticCasterCull,198656,1
85,555.96521839999991,2.2635999999920386,VSM.DynamicCasterCull,0,1
85,555.96521839999991,2.2635999999920386,VSM.PageCull,179200,1
85,555.96521839999991,2.2635999999920386,VSM.StaticRasterClear,0,1
85,555.96521839999991,2.2635999999920386,VSM.StaticRasterDraw,7168,1
85,555.96521839999991,2.2635999999920386,VSM.DynamicRasterClear,0,0
85,555.96521839999991,2.2635999999920386,VSM.DynamicRasterDraw,0,0
85,555.96521839999991,2.2635999999920386,VSM.StaticRaster,7168,1
85,555.96521839999991,2.2635999999920386,VSM.UnityCompatibilityRaster,0,0
85,555.96521839999991,2.2635999999920386,VSM.Resolve,5584640,1
85,555.96521839999991,2.2635999999920386,VSM.ResolveTrace,4988160,1
85,555.96521839999991,2.2635999999920386,VSM.FilterHorizontal,67840,1
85,555.96521839999991,2.2635999999920386,VSM.FilterVertical,0,0
85,555.96521839999991,2.2635999999920386,VSM.FilterTemporalVertical,158976,1
85,555.96521839999991,2.2635999999920386,VSM.ResetFeedback,0,1
86,555.9806003,2.1535000000767468,VSM.MarkReceiverPages,738304,1
86,555.9806003,2.1535000000767468,VSM.AllocationPrepare,9728,1
86,555.9806003,2.1535000000767468,VSM.AllocationCommit,599040,1
86,555.9806003,2.1535000000767468,VSM.Allocate,609024,1
86,555.9806003,2.1535000000767468,VSM.ClearPhysicalPages,262912,1
86,555.9806003,2.1535000000767468,VSM.PageOccupancy,73472,1
86,555.9806003,2.1535000000767468,VSM.FinalizePages,2048,1
86,555.9806003,2.1535000000767468,VSM.DynamicRaster,0,0
86,555.9806003,2.1535000000767468,VSM.LayoutRemap,0,1
86,555.9806003,2.1535000000767468,VSM.InvalidateStatic,0,0
86,555.9806003,2.1535000000767468,VSM.InvalidateDynamic,1792,1
86,555.9806003,2.1535000000767468,VSM.StaticCasterCull,208640,1
86,555.9806003,2.1535000000767468,VSM.DynamicCasterCull,0,1
86,555.9806003,2.1535000000767468,VSM.PageCull,188928,1
86,555.9806003,2.1535000000767468,VSM.StaticRasterClear,0,1
86,555.9806003,2.1535000000767468,VSM.StaticRasterDraw,7680,1
86,555.9806003,2.1535000000767468,VSM.DynamicRasterClear,0,0
86,555.9806003,2.1535000000767468,VSM.DynamicRasterDraw,0,0
86,555.9806003,2.1535000000767468,VSM.StaticRaster,7680,1
86,555.9806003,2.1535000000767468,VSM.UnityCompatibilityRaster,0,0
86,555.9806003,2.1535000000767468,VSM.Resolve,6685440,1
86,555.9806003,2.1535000000767468,VSM.ResolveTrace,6035200,1
86,555.9806003,2.1535000000767468,VSM.FilterHorizontal,67584,1
86,555.9806003,2.1535000000767468,VSM.FilterVertical,0,0
86,555.9806003,2.1535000000767468,VSM.FilterTemporalVertical,160000,1
86,555.9806003,2.1535000000767468,VSM.ResetFeedback,0,1
87,555.9958657,2.0875000000160071,VSM.MarkReceiverPages,911360,1
87,555.9958657,2.0875000000160071,VSM.AllocationPrepare,9728,1
87,555.9958657,2.0875000000160071,VSM.AllocationCommit,601344,1
87,555.9958657,2.0875000000160071,VSM.Allocate,790784,1
87,555.9958657,2.0875000000160071,VSM.ClearPhysicalPages,263936,1
87,555.9958657,2.0875000000160071,VSM.PageOccupancy,71680,1
87,555.9958657,2.0875000000160071,VSM.FinalizePages,1792,1
87,555.9958657,2.0875000000160071,VSM.DynamicRaster,0,0
87,555.9958657,2.0875000000160071,VSM.LayoutRemap,0,1
87,555.9958657,2.0875000000160071,VSM.InvalidateStatic,0,0
87,555.9958657,2.0875000000160071,VSM.InvalidateDynamic,1792,1
87,555.9958657,2.0875000000160071,VSM.StaticCasterCull,202752,1
87,555.9958657,2.0875000000160071,VSM.DynamicCasterCull,0,1
87,555.9958657,2.0875000000160071,VSM.PageCull,183808,1
87,555.9958657,2.0875000000160071,VSM.StaticRasterClear,0,1
87,555.9958657,2.0875000000160071,VSM.StaticRasterDraw,7168,1
87,555.9958657,2.0875000000160071,VSM.DynamicRasterClear,0,0
87,555.9958657,2.0875000000160071,VSM.DynamicRasterDraw,0,0
87,555.9958657,2.0875000000160071,VSM.StaticRaster,7424,1
87,555.9958657,2.0875000000160071,VSM.UnityCompatibilityRaster,0,0
87,555.9958657,2.0875000000160071,VSM.Resolve,6177024,1
87,555.9958657,2.0875000000160071,VSM.ResolveTrace,5953280,1
87,555.9958657,2.0875000000160071,VSM.FilterHorizontal,65280,1
87,555.9958657,2.0875000000160071,VSM.FilterVertical,0,0
87,555.9958657,2.0875000000160071,VSM.FilterTemporalVertical,157440,1
87,555.9958657,2.0875000000160071,VSM.ResetFeedback,0,1
88,556.01127309999993,2.1292999999786844,VSM.MarkReceiverPages,738816,1
88,556.01127309999993,2.1292999999786844,VSM.AllocationPrepare,9728,1
88,556.01127309999993,2.1292999999786844,VSM.AllocationCommit,593664,1
88,556.01127309999993,2.1292999999786844,VSM.Allocate,603648,1
88,556.01127309999993,2.1292999999786844,VSM.ClearPhysicalPages,260096,1
88,556.01127309999993,2.1292999999786844,VSM.PageOccupancy,75776,1
88,556.01127309999993,2.1292999999786844,VSM.FinalizePages,1536,1
88,556.01127309999993,2.1292999999786844,VSM.DynamicRaster,0,0
88,556.01127309999993,2.1292999999786844,VSM.LayoutRemap,0,1
88,556.01127309999993,2.1292999999786844,VSM.InvalidateStatic,0,0
88,556.01127309999993,2.1292999999786844,VSM.InvalidateDynamic,1536,1
88,556.01127309999993,2.1292999999786844,VSM.StaticCasterCull,200448,1
88,556.01127309999993,2.1292999999786844,VSM.DynamicCasterCull,0,1
88,556.01127309999993,2.1292999999786844,VSM.PageCull,181504,1
88,556.01127309999993,2.1292999999786844,VSM.StaticRasterClear,256,1
88,556.01127309999993,2.1292999999786844,VSM.StaticRasterDraw,4096,1
88,556.01127309999993,2.1292999999786844,VSM.DynamicRasterClear,0,0
88,556.01127309999993,2.1292999999786844,VSM.DynamicRasterDraw,0,0
88,556.01127309999993,2.1292999999786844,VSM.StaticRaster,4352,1
88,556.01127309999993,2.1292999999786844,VSM.UnityCompatibilityRaster,0,0
88,556.01127309999993,2.1292999999786844,VSM.Resolve,6448128,1
88,556.01127309999993,2.1292999999786844,VSM.ResolveTrace,6222848,1
88,556.01127309999993,2.1292999999786844,VSM.FilterHorizontal,65536,1
88,556.01127309999993,2.1292999999786844,VSM.FilterVertical,0,0
88,556.01127309999993,2.1292999999786844,VSM.FilterTemporalVertical,158720,1
88,556.01127309999993,2.1292999999786844,VSM.ResetFeedback,0,1
89,556.02645309999991,2.0776999999725376,VSM.MarkReceiverPages,761856,1
89,556.02645309999991,2.0776999999725376,VSM.AllocationPrepare,9472,1
89,556.02645309999991,2.0776999999725376,VSM.AllocationCommit,594432,1
89,556.02645309999991,2.0776999999725376,VSM.Allocate,1107200,1
89,556.02645309999991,2.0776999999725376,VSM.ClearPhysicalPages,260352,1
89,556.02645309999991,2.0776999999725376,VSM.PageOccupancy,71168,1
89,556.02645309999991,2.0776999999725376,VSM.FinalizePages,2048,1
89,556.02645309999991,2.0776999999725376,VSM.DynamicRaster,0,0
89,556.02645309999991,2.0776999999725376,VSM.LayoutRemap,0,1
89,556.02645309999991,2.0776999999725376,VSM.InvalidateStatic,0,0
89,556.02645309999991,2.0776999999725376,VSM.InvalidateDynamic,2048,1
89,556.02645309999991,2.0776999999725376,VSM.StaticCasterCull,206336,1
89,556.02645309999991,2.0776999999725376,VSM.DynamicCasterCull,0,1
89,556.02645309999991,2.0776999999725376,VSM.PageCull,187392,1
89,556.02645309999991,2.0776999999725376,VSM.StaticRasterClear,0,1
89,556.02645309999991,2.0776999999725376,VSM.StaticRasterDraw,3584,1
89,556.02645309999991,2.0776999999725376,VSM.DynamicRasterClear,0,0
89,556.02645309999991,2.0776999999725376,VSM.DynamicRasterDraw,0,0
89,556.02645309999991,2.0776999999725376,VSM.StaticRaster,3584,1
89,556.02645309999991,2.0776999999725376,VSM.UnityCompatibilityRaster,0,0
89,556.02645309999991,2.0776999999725376,VSM.Resolve,5946624,1
89,556.02645309999991,2.0776999999725376,VSM.ResolveTrace,5719808,1
89,556.02645309999991,2.0776999999725376,VSM.FilterHorizontal,65536,1
89,556.02645309999991,2.0776999999725376,VSM.FilterVertical,0,0
89,556.02645309999991,2.0776999999725376,VSM.FilterTemporalVertical,159744,1
89,556.02645309999991,2.0776999999725376,VSM.ResetFeedback,0,1
90,556.0415317,2.0263000000113607,VSM.MarkReceiverPages,737792,1
90,556.0415317,2.0263000000113607,VSM.AllocationPrepare,9472,1
90,556.0415317,2.0263000000113607,VSM.AllocationCommit,595712,1
90,556.0415317,2.0263000000113607,VSM.Allocate,876544,1
90,556.0415317,2.0263000000113607,VSM.ClearPhysicalPages,260352,1
90,556.0415317,2.0263000000113607,VSM.PageOccupancy,73216,1
90,556.0415317,2.0263000000113607,VSM.FinalizePages,1536,1
90,556.0415317,2.0263000000113607,VSM.DynamicRaster,0,0
90,556.0415317,2.0263000000113607,VSM.LayoutRemap,0,1
90,556.0415317,2.0263000000113607,VSM.InvalidateStatic,0,0
90,556.0415317,2.0263000000113607,VSM.InvalidateDynamic,1792,1
90,556.0415317,2.0263000000113607,VSM.StaticCasterCull,207872,1
90,556.0415317,2.0263000000113607,VSM.DynamicCasterCull,0,1
90,556.0415317,2.0263000000113607,VSM.PageCull,188160,1
90,556.0415317,2.0263000000113607,VSM.StaticRasterClear,0,1
90,556.0415317,2.0263000000113607,VSM.StaticRasterDraw,3328,1
90,556.0415317,2.0263000000113607,VSM.DynamicRasterClear,0,0
90,556.0415317,2.0263000000113607,VSM.DynamicRasterDraw,0,0
90,556.0415317,2.0263000000113607,VSM.StaticRaster,3328,1
90,556.0415317,2.0263000000113607,VSM.UnityCompatibilityRaster,0,0
90,556.0415317,2.0263000000113607,VSM.Resolve,5988352,1
90,556.0415317,2.0263000000113607,VSM.ResolveTrace,5761024,1
90,556.0415317,2.0263000000113607,VSM.FilterHorizontal,66048,1
90,556.0415317,2.0263000000113607,VSM.FilterVertical,0,0
90,556.0415317,2.0263000000113607,VSM.FilterTemporalVertical,159744,1
90,556.0415317,2.0263000000113607,VSM.ResetFeedback,0,1
91,556.057411,2.1356000000878339,VSM.MarkReceiverPages,738048,1
91,556.057411,2.1356000000878339,VSM.AllocationPrepare,9472,1
91,556.057411,2.1356000000878339,VSM.AllocationCommit,595968,1
91,556.057411,2.1356000000878339,VSM.Allocate,959232,1
91,556.057411,2.1356000000878339,VSM.ClearPhysicalPages,261632,1
91,556.057411,2.1356000000878339,VSM.PageOccupancy,71680,1
91,556.057411,2.1356000000878339,VSM.FinalizePages,1792,1
91,556.057411,2.1356000000878339,VSM.DynamicRaster,0,0
91,556.057411,2.1356000000878339,VSM.LayoutRemap,0,1
91,556.057411,2.1356000000878339,VSM.InvalidateStatic,0,0
91,556.057411,2.1356000000878339,VSM.InvalidateDynamic,1792,1
91,556.057411,2.1356000000878339,VSM.StaticCasterCull,211968,1
91,556.057411,2.1356000000878339,VSM.DynamicCasterCull,0,1
91,556.057411,2.1356000000878339,VSM.PageCull,193024,1
91,556.057411,2.1356000000878339,VSM.StaticRasterClear,0,1
91,556.057411,2.1356000000878339,VSM.StaticRasterDraw,7168,1
91,556.057411,2.1356000000878339,VSM.DynamicRasterClear,0,0
91,556.057411,2.1356000000878339,VSM.DynamicRasterDraw,0,0
91,556.057411,2.1356000000878339,VSM.StaticRaster,7424,1
91,556.057411,2.1356000000878339,VSM.UnityCompatibilityRaster,0,0
91,556.057411,2.1356000000878339,VSM.Resolve,5985792,1
91,556.057411,2.1356000000878339,VSM.ResolveTrace,5760512,1
91,556.057411,2.1356000000878339,VSM.FilterHorizontal,65024,1
91,556.057411,2.1356000000878339,VSM.FilterVertical,0,0
91,556.057411,2.1356000000878339,VSM.FilterTemporalVertical,158976,1
91,556.057411,2.1356000000878339,VSM.ResetFeedback,0,1
92,556.07389819999992,2.1418000000039683,VSM.MarkReceiverPages,737024,1
92,556.07389819999992,2.1418000000039683,VSM.AllocationPrepare,9472,1
92,556.07389819999992,2.1418000000039683,VSM.AllocationCommit,595712,1
92,556.07389819999992,2.1418000000039683,VSM.Allocate,605440,1
92,556.07389819999992,2.1418000000039683,VSM.ClearPhysicalPages,260096,1
92,556.07389819999992,2.1418000000039683,VSM.PageOccupancy,73472,1
92,556.07389819999992,2.1418000000039683,VSM.FinalizePages,1536,1
92,556.07389819999992,2.1418000000039683,VSM.DynamicRaster,0,0
92,556.07389819999992,2.1418000000039683,VSM.LayoutRemap,0,1
92,556.07389819999992,2.1418000000039683,VSM.InvalidateStatic,0,0
92,556.07389819999992,2.1418000000039683,VSM.InvalidateDynamic,1536,1
92,556.07389819999992,2.1418000000039683,VSM.StaticCasterCull,211968,1
92,556.07389819999992,2.1418000000039683,VSM.DynamicCasterCull,0,1
92,556.07389819999992,2.1418000000039683,VSM.PageCull,192512,1
92,556.07389819999992,2.1418000000039683,VSM.StaticRasterClear,256,1
92,556.07389819999992,2.1418000000039683,VSM.StaticRasterDraw,7424,1
92,556.07389819999992,2.1418000000039683,VSM.DynamicRasterClear,0,0
92,556.07389819999992,2.1418000000039683,VSM.DynamicRasterDraw,0,0
92,556.07389819999992,2.1418000000039683,VSM.StaticRaster,7936,1
92,556.07389819999992,2.1418000000039683,VSM.UnityCompatibilityRaster,0,0
92,556.07389819999992,2.1418000000039683,VSM.Resolve,5988608,1
92,556.07389819999992,2.1418000000039683,VSM.ResolveTrace,5763584,1
92,556.07389819999992,2.1418000000039683,VSM.FilterHorizontal,65536,1
92,556.07389819999992,2.1418000000039683,VSM.FilterVertical,0,0
92,556.07389819999992,2.1418000000039683,VSM.FilterTemporalVertical,158208,1
92,556.07389819999992,2.1418000000039683,VSM.ResetFeedback,0,1
93,556.08969459999992,2.1667999999408494,VSM.MarkReceiverPages,738048,1
93,556.08969459999992,2.1667999999408494,VSM.AllocationPrepare,9472,1
93,556.08969459999992,2.1667999999408494,VSM.AllocationCommit,593920,1
93,556.08969459999992,2.1667999999408494,VSM.Allocate,1080064,1
93,556.08969459999992,2.1667999999408494,VSM.ClearPhysicalPages,260096,1
93,556.08969459999992,2.1667999999408494,VSM.PageOccupancy,74752,1
93,556.08969459999992,2.1667999999408494,VSM.FinalizePages,1792,1
93,556.08969459999992,2.1667999999408494,VSM.DynamicRaster,0,0
93,556.08969459999992,2.1667999999408494,VSM.LayoutRemap,0,1
93,556.08969459999992,2.1667999999408494,VSM.InvalidateStatic,0,0
93,556.08969459999992,2.1667999999408494,VSM.InvalidateDynamic,2560,1
93,556.08969459999992,2.1667999999408494,VSM.StaticCasterCull,207616,1
93,556.08969459999992,2.1667999999408494,VSM.DynamicCasterCull,0,1
93,556.08969459999992,2.1667999999408494,VSM.PageCull,188160,1
93,556.08969459999992,2.1667999999408494,VSM.StaticRasterClear,0,1
93,556.08969459999992,2.1667999999408494,VSM.StaticRasterDraw,7168,1
93,556.08969459999992,2.1667999999408494,VSM.DynamicRasterClear,0,0
93,556.08969459999992,2.1667999999408494,VSM.DynamicRasterDraw,0,0
93,556.08969459999992,2.1667999999408494,VSM.StaticRaster,7168,1
93,556.08969459999992,2.1667999999408494,VSM.UnityCompatibilityRaster,0,0
93,556.08969459999992,2.1667999999408494,VSM.Resolve,6267392,1
93,556.08969459999992,2.1667999999408494,VSM.ResolveTrace,5838848,1
93,556.08969459999992,2.1667999999408494,VSM.FilterHorizontal,66560,1
93,556.08969459999992,2.1667999999408494,VSM.FilterVertical,0,0
93,556.08969459999992,2.1667999999408494,VSM.FilterTemporalVertical,360960,1
93,556.08969459999992,2.1667999999408494,VSM.ResetFeedback,0,1
94,556.10711099999992,2.3287000000209446,VSM.MarkReceiverPages,738304,1
94,556.10711099999992,2.3287000000209446,VSM.AllocationPrepare,9472,1
94,556.10711099999992,2.3287000000209446,VSM.AllocationCommit,595712,1
94,556.10711099999992,2.3287000000209446,VSM.Allocate,874496,1
94,556.10711099999992,2.3287000000209446,VSM.ClearPhysicalPages,261376,1
94,556.10711099999992,2.3287000000209446,VSM.PageOccupancy,72704,1
94,556.10711099999992,2.3287000000209446,VSM.FinalizePages,2048,1
94,556.10711099999992,2.3287000000209446,VSM.DynamicRaster,0,0
94,556.10711099999992,2.3287000000209446,VSM.LayoutRemap,0,1
94,556.10711099999992,2.3287000000209446,VSM.InvalidateStatic,0,0
94,556.10711099999992,2.3287000000209446,VSM.InvalidateDynamic,1792,1
94,556.10711099999992,2.3287000000209446,VSM.StaticCasterCull,200960,1
94,556.10711099999992,2.3287000000209446,VSM.DynamicCasterCull,0,1
94,556.10711099999992,2.3287000000209446,VSM.PageCull,182016,1
94,556.10711099999992,2.3287000000209446,VSM.StaticRasterClear,0,1
94,556.10711099999992,2.3287000000209446,VSM.StaticRasterDraw,7168,1
94,556.10711099999992,2.3287000000209446,VSM.DynamicRasterClear,0,0
94,556.10711099999992,2.3287000000209446,VSM.DynamicRasterDraw,0,0
94,556.10711099999992,2.3287000000209446,VSM.StaticRaster,7168,1
94,556.10711099999992,2.3287000000209446,VSM.UnityCompatibilityRaster,0,0
94,556.10711099999992,2.3287000000209446,VSM.Resolve,6038272,1
94,556.10711099999992,2.3287000000209446,VSM.ResolveTrace,5810432,1
94,556.10711099999992,2.3287000000209446,VSM.FilterHorizontal,66816,1
94,556.10711099999992,2.3287000000209446,VSM.FilterVertical,0,0
94,556.10711099999992,2.3287000000209446,VSM.FilterTemporalVertical,159488,1
94,556.10711099999992,2.3287000000209446,VSM.ResetFeedback,256,1
95,556.1247828999999,2.7556000000004133,VSM.MarkReceiverPages,762112,1
95,556.1247828999999,2.7556000000004133,VSM.AllocationPrepare,9472,1
95,556.1247828999999,2.7556000000004133,VSM.AllocationCommit,601856,1
95,556.1247828999999,2.7556000000004133,VSM.Allocate,894976,1
95,556.1247828999999,2.7556000000004133,VSM.ClearPhysicalPages,264448,1
95,556.1247828999999,2.7556000000004133,VSM.PageOccupancy,74240,1
95,556.1247828999999,2.7556000000004133,VSM.FinalizePages,1536,1
95,556.1247828999999,2.7556000000004133,VSM.DynamicRaster,0,0
95,556.1247828999999,2.7556000000004133,VSM.LayoutRemap,0,1
95,556.1247828999999,2.7556000000004133,VSM.InvalidateStatic,0,0
95,556.1247828999999,2.7556000000004133,VSM.InvalidateDynamic,2048,1
95,556.1247828999999,2.7556000000004133,VSM.StaticCasterCull,211456,1
95,556.1247828999999,2.7556000000004133,VSM.DynamicCasterCull,0,1
95,556.1247828999999,2.7556000000004133,VSM.PageCull,191488,1
95,556.1247828999999,2.7556000000004133,VSM.StaticRasterClear,0,1
95,556.1247828999999,2.7556000000004133,VSM.StaticRasterDraw,6912,1
95,556.1247828999999,2.7556000000004133,VSM.DynamicRasterClear,0,0
95,556.1247828999999,2.7556000000004133,VSM.DynamicRasterDraw,0,0
95,556.1247828999999,2.7556000000004133,VSM.StaticRaster,7168,1
95,556.1247828999999,2.7556000000004133,VSM.UnityCompatibilityRaster,0,0
95,556.1247828999999,2.7556000000004133,VSM.Resolve,6403840,1
95,556.1247828999999,2.7556000000004133,VSM.ResolveTrace,6171136,1
95,556.1247828999999,2.7556000000004133,VSM.FilterHorizontal,67328,1
95,556.1247828999999,2.7556000000004133,VSM.FilterVertical,0,0
95,556.1247828999999,2.7556000000004133,VSM.FilterTemporalVertical,164096,1
95,556.1247828999999,2.7556000000004133,VSM.ResetFeedback,0,1
