observation,editor_time,camera_cpu_ms,marker,gpu_ns,gpu_sample_count
0,587.9895547,1.9118000000162283,VSM.MarkReceiverPages,906752,1
0,587.9895547,1.9118000000162283,VSM.AllocationPrepare,9472,1
0,587.9895547,1.9118000000162283,VSM.AllocationCommit,1102336,1
0,587.9895547,1.9118000000162283,VSM.Allocate,1405184,1
0,587.9895547,1.9118000000162283,VSM.ClearPhysicalPages,119808,1
0,587.9895547,1.9118000000162283,VSM.PageOccupancy,2560,1
0,587.9895547,1.9118000000162283,VSM.FinalizePages,2560,1
0,587.9895547,1.9118000000162283,VSM.DynamicRaster,0,0
0,587.9895547,1.9118000000162283,VSM.LayoutRemap,0,1
0,587.9895547,1.9118000000162283,VSM.InvalidateStatic,0,0
0,587.9895547,1.9118000000162283,VSM.InvalidateDynamic,0,1
0,587.9895547,1.9118000000162283,VSM.StaticCasterCull,414208,1
0,587.9895547,1.9118000000162283,VSM.DynamicCasterCull,0,1
0,587.9895547,1.9118000000162283,VSM.PageCull,395264,1
0,587.9895547,1.9118000000162283,VSM.StaticRasterClear,0,1
0,587.9895547,1.9118000000162283,VSM.StaticRasterDraw,3584,1
0,587.9895547,1.9118000000162283,VSM.DynamicRasterClear,0,0
0,587.9895547,1.9118000000162283,VSM.DynamicRasterDraw,0,0
0,587.9895547,1.9118000000162283,VSM.StaticRaster,3584,1
0,587.9895547,1.9118000000162283,VSM.UnityCompatibilityRaster,0,0
0,587.9895547,1.9118000000162283,VSM.Resolve,7425024,1
0,587.9895547,1.9118000000162283,VSM.ResolveTrace,7194624,1
0,587.9895547,1.9118000000162283,VSM.FilterHorizontal,67584,1
0,587.9895547,1.9118000000162283,VSM.FilterVertical,0,0
0,587.9895547,1.9118000000162283,VSM.FilterTemporalVertical,161536,1
0,587.9895547,1.9118000000162283,VSM.ResetFeedback,0,1
1,588.0058673,1.9173000000591855,VSM.MarkReceiverPages,1090560,1
1,588.0058673,1.9173000000591855,VSM.AllocationPrepare,9728,1
1,588.0058673,1.9173000000591855,VSM.AllocationCommit,1102336,1
1,588.0058673,1.9173000000591855,VSM.Allocate,1112320,1
1,588.0058673,1.9173000000591855,VSM.ClearPhysicalPages,119040,1
1,588.0058673,1.9173000000591855,VSM.PageOccupancy,2816,1
1,588.0058673,1.9173000000591855,VSM.FinalizePages,1792,1
1,588.0058673,1.9173000000591855,VSM.DynamicRaster,0,0
1,588.0058673,1.9173000000591855,VSM.LayoutRemap,0,1
1,588.0058673,1.9173000000591855,VSM.InvalidateStatic,0,0
1,588.0058673,1.9173000000591855,VSM.InvalidateDynamic,0,1
1,588.0058673,1.9173000000591855,VSM.StaticCasterCull,736000,1
1,588.0058673,1.9173000000591855,VSM.DynamicCasterCull,0,1
1,588.0058673,1.9173000000591855,VSM.PageCull,431616,1
1,588.0058673,1.9173000000591855,VSM.StaticRasterClear,0,1
1,588.0058673,1.9173000000591855,VSM.StaticRasterDraw,9728,1
1,588.0058673,1.9173000000591855,VSM.DynamicRasterClear,0,0
1,588.0058673,1.9173000000591855,VSM.DynamicRasterDraw,0,0
1,588.0058673,1.9173000000591855,VSM.StaticRaster,10240,1
1,588.0058673,1.9173000000591855,VSM.UnityCompatibilityRaster,0,0
1,588.0058673,1.9173000000591855,VSM.Resolve,6981632,1
1,588.0058673,1.9173000000591855,VSM.ResolveTrace,6756096,1
1,588.0058673,1.9173000000591855,VSM.FilterHorizontal,66304,1
1,588.0058673,1.9173000000591855,VSM.FilterVertical,0,0
1,588.0058673,1.9173000000591855,VSM.FilterTemporalVertical,158208,1
1,588.0058673,1.9173000000591855,VSM.ResetFeedback,0,1
2,588.0228811,2.1838999999772568,VSM.MarkReceiverPages,903424,1
2,588.0228811,2.1838999999772568,VSM.AllocationPrepare,9472,1
2,588.0228811,2.1838999999772568,VSM.AllocationCommit,1101312,1
2,588.0228811,2.1838999999772568,VSM.Allocate,1287936,1
2,588.0228811,2.1838999999772568,VSM.ClearPhysicalPages,118528,1
2,588.0228811,2.1838999999772568,VSM.PageOccupancy,2560,1
2,588.0228811,2.1838999999772568,VSM.FinalizePages,2048,1
2,588.0228811,2.1838999999772568,VSM.DynamicRaster,0,0
2,588.0228811,2.1838999999772568,VSM.LayoutRemap,0,1
2,588.0228811,2.1838999999772568,VSM.InvalidateStatic,0,0
2,588.0228811,2.1838999999772568,VSM.InvalidateDynamic,0,1
2,588.0228811,2.1838999999772568,VSM.StaticCasterCull,435200,1
2,588.0228811,2.1838999999772568,VSM.DynamicCasterCull,0,1
2,588.0228811,2.1838999999772568,VSM.PageCull,416512,1
2,588.0228811,2.1838999999772568,VSM.StaticRasterClear,0,1
2,588.0228811,2.1838999999772568,VSM.StaticRasterDraw,7168,1
2,588.0228811,2.1838999999772568,VSM.DynamicRasterClear,0,0
2,588.0228811,2.1838999999772568,VSM.DynamicRasterDraw,0,0
2,588.0228811,2.1838999999772568,VSM.StaticRaster,7168,1
2,588.0228811,2.1838999999772568,VSM.UnityCompatibilityRaster,0,0
2,588.0228811,2.1838999999772568,VSM.Resolve,6501632,1
2,588.0228811,2.1838999999772568,VSM.ResolveTrace,6274048,1
2,588.0228811,2.1838999999772568,VSM.FilterHorizontal,66048,1
2,588.0228811,2.1838999999772568,VSM.FilterVertical,0,0
2,588.0228811,2.1838999999772568,VSM.FilterTemporalVertical,160256,1
2,588.0228811,2.1838999999772568,VSM.ResetFeedback,0,1
3,588.03924499999994,1.8873000000212414,VSM.MarkReceiverPages,1084160,1
3,588.03924499999994,1.8873000000212414,VSM.AllocationPrepare,9728,1
3,588.03924499999994,1.8873000000212414,VSM.AllocationCommit,1101824,1
3,588.03924499999994,1.8873000000212414,VSM.Allocate,1111808,1
3,588.03924499999994,1.8873000000212414,VSM.ClearPhysicalPages,119040,1
3,588.03924499999994,1.8873000000212414,VSM.PageOccupancy,2560,1
3,588.03924499999994,1.8873000000212414,VSM.FinalizePages,2048,1
3,588.03924499999994,1.8873000000212414,VSM.DynamicRaster,0,0
3,588.03924499999994,1.8873000000212414,VSM.LayoutRemap,0,1
3,588.03924499999994,1.8873000000212414,VSM.InvalidateStatic,0,0
3,588.03924499999994,1.8873000000212414,VSM.InvalidateDynamic,256,1
3,588.03924499999994,1.8873000000212414,VSM.StaticCasterCull,439552,1
3,588.03924499999994,1.8873000000212414,VSM.DynamicCasterCull,0,1
3,588.03924499999994,1.8873000000212414,VSM.PageCull,420864,1
3,588.03924499999994,1.8873000000212414,VSM.StaticRasterClear,0,1
3,588.03924499999994,1.8873000000212414,VSM.StaticRasterDraw,7168,1
3,588.03924499999994,1.8873000000212414,VSM.DynamicRasterClear,0,0
3,588.03924499999994,1.8873000000212414,VSM.DynamicRasterDraw,0,0
3,588.03924499999994,1.8873000000212414,VSM.StaticRaster,7424,1
3,588.03924499999994,1.8873000000212414,VSM.UnityCompatibilityRaster,0,0
3,588.03924499999994,1.8873000000212414,VSM.Resolve,7152640,1
3,588.03924499999994,1.8873000000212414,VSM.ResolveTrace,6924800,1
3,588.03924499999994,1.8873000000212414,VSM.FilterHorizontal,67072,1
3,588.03924499999994,1.8873000000212414,VSM.FilterVertical,0,0
3,588.03924499999994,1.8873000000212414,VSM.FilterTemporalVertical,159744,1
3,588.03924499999994,1.8873000000212414,VSM.ResetFeedback,0,1
4,588.05605629999991,1.816399999938767,VSM.MarkReceiverPages,902400,1
4,588.05605629999991,1.816399999938767,VSM.AllocationPrepare,167168,1
4,588.05605629999991,1.816399999938767,VSM.AllocationCommit,1101568,1
4,588.05605629999991,1.816399999938767,VSM.Allocate,1269248,1
4,588.05605629999991,1.816399999938767,VSM.ClearPhysicalPages,118528,1
4,588.05605629999991,1.816399999938767,VSM.PageOccupancy,2560,1
4,588.05605629999991,1.816399999938767,VSM.FinalizePages,1792,1
4,588.05605629999991,1.816399999938767,VSM.DynamicRaster,0,0
4,588.05605629999991,1.816399999938767,VSM.LayoutRemap,0,1
4,588.05605629999991,1.816399999938767,VSM.InvalidateStatic,0,0
4,588.05605629999991,1.816399999938767,VSM.InvalidateDynamic,256,1
4,588.05605629999991,1.816399999938767,VSM.StaticCasterCull,416768,1
4,588.05605629999991,1.816399999938767,VSM.DynamicCasterCull,0,1
4,588.05605629999991,1.816399999938767,VSM.PageCull,397312,1
4,588.05605629999991,1.816399999938767,VSM.StaticRasterClear,256,1
4,588.05605629999991,1.816399999938767,VSM.StaticRasterDraw,7168,1
4,588.05605629999991,1.816399999938767,VSM.DynamicRasterClear,0,0
4,588.05605629999991,1.816399999938767,VSM.DynamicRasterDraw,0,0
4,588.05605629999991,1.816399999938767,VSM.StaticRaster,7424,1
4,588.05605629999991,1.816399999938767,VSM.UnityCompatibilityRaster,0,0
4,588.05605629999991,1.816399999938767,VSM.Resolve,7282688,1
4,588.05605629999991,1.816399999938767,VSM.ResolveTrace,7051264,1
4,588.05605629999991,1.816399999938767,VSM.FilterHorizontal,65280,1
4,588.05605629999991,1.816399999938767,VSM.FilterVertical,0,0
4,588.05605629999991,1.816399999938767,VSM.FilterTemporalVertical,164608,1
4,588.05605629999991,1.816399999938767,VSM.ResetFeedback,0,1
5,588.07278769999994,1.9111000000293643,VSM.MarkReceiverPages,902400,1
5,588.07278769999994,1.9111000000293643,VSM.AllocationPrepare,9472,1
5,588.07278769999994,1.9111000000293643,VSM.AllocationCommit,1102080,1
5,588.07278769999994,1.9111000000293643,VSM.Allocate,1291264,1
5,588.07278769999994,1.9111000000293643,VSM.ClearPhysicalPages,118784,1
5,588.07278769999994,1.9111000000293643,VSM.PageOccupancy,2560,1
5,588.07278769999994,1.9111000000293643,VSM.FinalizePages,1792,1
5,588.07278769999994,1.9111000000293643,VSM.DynamicRaster,0,0
5,588.07278769999994,1.9111000000293643,VSM.LayoutRemap,0,1
5,588.07278769999994,1.9111000000293643,VSM.InvalidateStatic,0,0
5,588.07278769999994,1.9111000000293643,VSM.InvalidateDynamic,256,1
5,588.07278769999994,1.9111000000293643,VSM.StaticCasterCull,415488,1
5,588.07278769999994,1.9111000000293643,VSM.DynamicCasterCull,0,1
5,588.07278769999994,1.9111000000293643,VSM.PageCull,396800,1
5,588.07278769999994,1.9111000000293643,VSM.StaticRasterClear,0,1
5,588.07278769999994,1.9111000000293643,VSM.StaticRasterDraw,7168,1
5,588.07278769999994,1.9111000000293643,VSM.DynamicRasterClear,0,0
5,588.07278769999994,1.9111000000293643,VSM.DynamicRasterDraw,0,0
5,588.07278769999994,1.9111000000293643,VSM.StaticRaster,7168,1
5,588.07278769999994,1.9111000000293643,VSM.UnityCompatibilityRaster,0,0
5,588.07278769999994,1.9111000000293643,VSM.Resolve,6631936,1
5,588.07278769999994,1.9111000000293643,VSM.ResolveTrace,6403072,1
5,588.07278769999994,1.9111000000293643,VSM.FilterHorizontal,67328,1
5,588.07278769999994,1.9111000000293643,VSM.FilterVertical,0,0
5,588.07278769999994,1.9111000000293643,VSM.FilterTemporalVertical,160768,1
5,588.07278769999994,1.9111000000293643,VSM.ResetFeedback,0,1
6,588.0891449,1.9379999999955544,VSM.MarkReceiverPages,906752,1
6,588.0891449,1.9379999999955544,VSM.AllocationPrepare,9216,1
6,588.0891449,1.9379999999955544,VSM.AllocationCommit,1102080,1
6,588.0891449,1.9379999999955544,VSM.Allocate,1111552,1
6,588.0891449,1.9379999999955544,VSM.ClearPhysicalPages,118784,1
6,588.0891449,1.9379999999955544,VSM.PageOccupancy,2560,1
6,588.0891449,1.9379999999955544,VSM.FinalizePages,1792,1
6,588.0891449,1.9379999999955544,VSM.DynamicRaster,0,0
6,588.0891449,1.9379999999955544,VSM.LayoutRemap,0,1
6,588.0891449,1.9379999999955544,VSM.InvalidateStatic,0,0
6,588.0891449,1.9379999999955544,VSM.InvalidateDynamic,0,1
6,588.0891449,1.9379999999955544,VSM.StaticCasterCull,680448,1
6,588.0891449,1.9379999999955544,VSM.DynamicCasterCull,0,1
6,588.0891449,1.9379999999955544,VSM.PageCull,408832,1
6,588.0891449,1.9379999999955544,VSM.StaticRasterClear,0,1
6,588.0891449,1.9379999999955544,VSM.StaticRasterDraw,4608,1
6,588.0891449,1.9379999999955544,VSM.DynamicRasterClear,0,0
6,588.0891449,1.9379999999955544,VSM.DynamicRasterDraw,0,0
6,588.0891449,1.9379999999955544,VSM.StaticRaster,5120,1
6,588.0891449,1.9379999999955544,VSM.UnityCompatibilityRaster,0,0
6,588.0891449,1.9379999999955544,VSM.Resolve,7162880,1
6,588.0891449,1.9379999999955544,VSM.ResolveTrace,6683904,1
6,588.0891449,1.9379999999955544,VSM.FilterHorizontal,65792,1
6,588.0891449,1.9379999999955544,VSM.FilterVertical,0,0
6,588.0891449,1.9379999999955544,VSM.FilterTemporalVertical,411904,1
6,588.0891449,1.9379999999955544,VSM.ResetFeedback,0,1
7,588.1055169,1.8518000000540269,VSM.MarkReceiverPages,1317888,1
7,588.1055169,1.8518000000540269,VSM.AllocationPrepare,9472,1
7,588.1055169,1.8518000000540269,VSM.AllocationCommit,1102592,1
7,588.1055169,1.8518000000540269,VSM.Allocate,1112576,1
7,588.1055169,1.8518000000540269,VSM.ClearPhysicalPages,119040,1
7,588.1055169,1.8518000000540269,VSM.PageOccupancy,2560,1
7,588.1055169,1.8518000000540269,VSM.FinalizePages,1536,1
7,588.1055169,1.8518000000540269,VSM.DynamicRaster,0,0
7,588.1055169,1.8518000000540269,VSM.LayoutRemap,0,1
7,588.1055169,1.8518000000540269,VSM.InvalidateStatic,0,0
7,588.1055169,1.8518000000540269,VSM.InvalidateDynamic,256,1
7,588.1055169,1.8518000000540269,VSM.StaticCasterCull,435456,1
7,588.1055169,1.8518000000540269,VSM.DynamicCasterCull,0,1
7,588.1055169,1.8518000000540269,VSM.PageCull,416256,1
7,588.1055169,1.8518000000540269,VSM.StaticRasterClear,256,1
7,588.1055169,1.8518000000540269,VSM.StaticRasterDraw,6144,1
7,588.1055169,1.8518000000540269,VSM.DynamicRasterClear,0,0
7,588.1055169,1.8518000000540269,VSM.DynamicRasterDraw,0,0
7,588.1055169,1.8518000000540269,VSM.StaticRaster,6400,1
7,588.1055169,1.8518000000540269,VSM.UnityCompatibilityRaster,0,0
7,588.1055169,1.8518000000540269,VSM.Resolve,7263488,1
7,588.1055169,1.8518000000540269,VSM.ResolveTrace,7036160,1
7,588.1055169,1.8518000000540269,VSM.FilterHorizontal,67072,1
7,588.1055169,1.8518000000540269,VSM.FilterVertical,0,0
7,588.1055169,1.8518000000540269,VSM.FilterTemporalVertical,158976,1
7,588.1055169,1.8518000000540269,VSM.ResetFeedback,0,1
8,588.1223238,2.059400000007372,VSM.MarkReceiverPages,904192,1
8,588.1223238,2.059400000007372,VSM.AllocationPrepare,9216,1
8,588.1223238,2.059400000007372,VSM.AllocationCommit,1101824,1
8,588.1223238,2.059400000007372,VSM.Allocate,1383680,1
8,588.1223238,2.059400000007372,VSM.ClearPhysicalPages,118528,1
8,588.1223238,2.059400000007372,VSM.PageOccupancy,2560,1
8,588.1223238,2.059400000007372,VSM.FinalizePages,1792,1
8,588.1223238,2.059400000007372,VSM.DynamicRaster,0,0
8,588.1223238,2.059400000007372,VSM.LayoutRemap,0,1
8,588.1223238,2.059400000007372,VSM.InvalidateStatic,0,0
8,588.1223238,2.059400000007372,VSM.InvalidateDynamic,256,1
8,588.1223238,2.059400000007372,VSM.StaticCasterCull,425984,1
8,588.1223238,2.059400000007372,VSM.DynamicCasterCull,0,1
8,588.1223238,2.059400000007372,VSM.PageCull,406784,1
8,588.1223238,2.059400000007372,VSM.StaticRasterClear,0,1
8,588.1223238,2.059400000007372,VSM.StaticRasterDraw,7168,1
8,588.1223238,2.059400000007372,VSM.DynamicRasterClear,0,0
8,588.1223238,2.059400000007372,VSM.DynamicRasterDraw,0,0
8,588.1223238,2.059400000007372,VSM.StaticRaster,7424,1
8,588.1223238,2.059400000007372,VSM.UnityCompatibilityRaster,0,0
8,588.1223238,2.059400000007372,VSM.Resolve,6736384,1
8,588.1223238,2.059400000007372,VSM.ResolveTrace,6345984,1
8,588.1223238,2.059400000007372,VSM.FilterHorizontal,66560,1
8,588.1223238,2.059400000007372,VSM.FilterVertical,0,0
8,588.1223238,2.059400000007372,VSM.FilterTemporalVertical,160256,1
8,588.1223238,2.059400000007372,VSM.ResetFeedback,0,1
9,588.1387481999999,1.7449999999143984,VSM.MarkReceiverPages,905728,1
9,588.1387481999999,1.7449999999143984,VSM.AllocationPrepare,9472,1
9,588.1387481999999,1.7449999999143984,VSM.AllocationCommit,1100288,1
9,588.1387481999999,1.7449999999143984,VSM.Allocate,1109760,1
9,588.1387481999999,1.7449999999143984,VSM.ClearPhysicalPages,119040,1
9,588.1387481999999,1.7449999999143984,VSM.PageOccupancy,2560,1
9,588.1387481999999,1.7449999999143984,VSM.FinalizePages,2048,1
9,588.1387481999999,1.7449999999143984,VSM.DynamicRaster,0,0
9,588.1387481999999,1.7449999999143984,VSM.LayoutRemap,0,1
9,588.1387481999999,1.7449999999143984,VSM.InvalidateStatic,0,0
9,588.1387481999999,1.7449999999143984,VSM.InvalidateDynamic,256,1
9,588.1387481999999,1.7449999999143984,VSM.StaticCasterCull,404224,1
9,588.1387481999999,1.7449999999143984,VSM.DynamicCasterCull,256,1
9,588.1387481999999,1.7449999999143984,VSM.PageCull,385024,1
9,588.1387481999999,1.7449999999143984,VSM.StaticRasterClear,256,1
9,588.1387481999999,1.7449999999143984,VSM.StaticRasterDraw,6912,1
9,588.1387481999999,1.7449999999143984,VSM.DynamicRasterClear,0,0
9,588.1387481999999,1.7449999999143984,VSM.DynamicRasterDraw,0,0
9,588.1387481999999,1.7449999999143984,VSM.StaticRaster,7168,1
9,588.1387481999999,1.7449999999143984,VSM.UnityCompatibilityRaster,0,0
9,588.1387481999999,1.7449999999143984,VSM.Resolve,7105792,1
9,588.1387481999999,1.7449999999143984,VSM.ResolveTrace,6880256,1
9,588.1387481999999,1.7449999999143984,VSM.FilterHorizontal,65536,1
9,588.1387481999999,1.7449999999143984,VSM.FilterVertical,0,0
9,588.1387481999999,1.7449999999143984,VSM.FilterTemporalVertical,158720,1
9,588.1387481999999,1.7449999999143984,VSM.ResetFeedback,0,1
10,588.15502629999992,1.7550000000028376,VSM.MarkReceiverPages,904960,1
10,588.15502629999992,1.7550000000028376,VSM.AllocationPrepare,9472,1
10,588.15502629999992,1.7550000000028376,VSM.AllocationCommit,1100544,1
10,588.15502629999992,1.7550000000028376,VSM.Allocate,1110272,1
10,588.15502629999992,1.7550000000028376,VSM.ClearPhysicalPages,118784,1
10,588.15502629999992,1.7550000000028376,VSM.PageOccupancy,2560,1
10,588.15502629999992,1.7550000000028376,VSM.FinalizePages,1792,1
10,588.15502629999992,1.7550000000028376,VSM.DynamicRaster,0,0
10,588.15502629999992,1.7550000000028376,VSM.LayoutRemap,0,1
10,588.15502629999992,1.7550000000028376,VSM.InvalidateStatic,0,0
10,588.15502629999992,1.7550000000028376,VSM.InvalidateDynamic,256,1
10,588.15502629999992,1.7550000000028376,VSM.StaticCasterCull,411648,1
10,588.15502629999992,1.7550000000028376,VSM.DynamicCasterCull,0,1
10,588.15502629999992,1.7550000000028376,VSM.PageCull,392704,1
10,588.15502629999992,1.7550000000028376,VSM.StaticRasterClear,0,1
10,588.15502629999992,1.7550000000028376,VSM.StaticRasterDraw,6912,1
10,588.15502629999992,1.7550000000028376,VSM.DynamicRasterClear,0,0
10,588.15502629999992,1.7550000000028376,VSM.DynamicRasterDraw,0,0
10,588.15502629999992,1.7550000000028376,VSM.StaticRaster,7168,1
10,588.15502629999992,1.7550000000028376,VSM.UnityCompatibilityRaster,0,0
10,588.15502629999992,1.7550000000028376,VSM.Resolve,7596288,1
10,588.15502629999992,1.7550000000028376,VSM.ResolveTrace,7366144,1
10,588.15502629999992,1.7550000000028376,VSM.FilterHorizontal,66304,1
10,588.15502629999992,1.7550000000028376,VSM.FilterVertical,0,0
10,588.15502629999992,1.7550000000028376,VSM.FilterTemporalVertical,162816,1
10,588.15502629999992,1.7550000000028376,VSM.ResetFeedback,0,1
11,588.1715451,2.0110000000386208,VSM.MarkReceiverPages,904960,1
11,588.1715451,2.0110000000386208,VSM.AllocationPrepare,9472,1
11,588.1715451,2.0110000000386208,VSM.AllocationCommit,1101568,1
11,588.1715451,2.0110000000386208,VSM.Allocate,1111296,1
11,588.1715451,2.0110000000386208,VSM.ClearPhysicalPages,119040,1
11,588.1715451,2.0110000000386208,VSM.PageOccupancy,2304,1
11,588.1715451,2.0110000000386208,VSM.FinalizePages,1792,1
11,588.1715451,2.0110000000386208,VSM.DynamicRaster,0,0
11,588.1715451,2.0110000000386208,VSM.LayoutRemap,0,1
11,588.1715451,2.0110000000386208,VSM.InvalidateStatic,0,0
11,588.1715451,2.0110000000386208,VSM.InvalidateDynamic,0,1
11,588.1715451,2.0110000000386208,VSM.StaticCasterCull,601856,1
11,588.1715451,2.0110000000386208,VSM.DynamicCasterCull,0,1
11,588.1715451,2.0110000000386208,VSM.PageCull,408576,1
11,588.1715451,2.0110000000386208,VSM.StaticRasterClear,0,1
11,588.1715451,2.0110000000386208,VSM.StaticRasterDraw,8960,1
11,588.1715451,2.0110000000386208,VSM.DynamicRasterClear,0,0
11,588.1715451,2.0110000000386208,VSM.DynamicRasterDraw,0,0
11,588.1715451,2.0110000000386208,VSM.StaticRaster,9472,1
11,588.1715451,2.0110000000386208,VSM.UnityCompatibilityRaster,0,0
11,588.1715451,2.0110000000386208,VSM.Resolve,6837760,1
11,588.1715451,2.0110000000386208,VSM.ResolveTrace,6606848,1
11,588.1715451,2.0110000000386208,VSM.FilterHorizontal,67584,1
11,588.1715451,2.0110000000386208,VSM.FilterVertical,0,0
11,588.1715451,2.0110000000386208,VSM.FilterTemporalVertical,162048,1
11,588.1715451,2.0110000000386208,VSM.ResetFeedback,0,1
12,588.1871946,1.7448000000968023,VSM.MarkReceiverPages,904448,1
12,588.1871946,1.7448000000968023,VSM.AllocationPrepare,9216,1
12,588.1871946,1.7448000000968023,VSM.AllocationCommit,1102336,1
12,588.1871946,1.7448000000968023,VSM.Allocate,1112320,1
12,588.1871946,1.7448000000968023,VSM.ClearPhysicalPages,118528,1
12,588.1871946,1.7448000000968023,VSM.PageOccupancy,2560,1
12,588.1871946,1.7448000000968023,VSM.FinalizePages,1792,1
12,588.1871946,1.7448000000968023,VSM.DynamicRaster,0,0
12,588.1871946,1.7448000000968023,VSM.LayoutRemap,0,1
12,588.1871946,1.7448000000968023,VSM.InvalidateStatic,0,0
12,588.1871946,1.7448000000968023,VSM.InvalidateDynamic,0,1
12,588.1871946,1.7448000000968023,VSM.StaticCasterCull,432384,1
12,588.1871946,1.7448000000968023,VSM.DynamicCasterCull,0,1
12,588.1871946,1.7448000000968023,VSM.PageCull,413952,1
12,588.1871946,1.7448000000968023,VSM.StaticRasterClear,0,1
12,588.1871946,1.7448000000968023,VSM.StaticRasterDraw,7424,1
12,588.1871946,1.7448000000968023,VSM.DynamicRasterClear,0,0
12,588.1871946,1.7448000000968023,VSM.DynamicRasterDraw,0,0
12,588.1871946,1.7448000000968023,VSM.StaticRaster,7680,1
12,588.1871946,1.7448000000968023,VSM.UnityCompatibilityRaster,0,0
12,588.1871946,1.7448000000968023,VSM.Resolve,7054080,1
12,588.1871946,1.7448000000968023,VSM.ResolveTrace,6828288,1
12,588.1871946,1.7448000000968023,VSM.FilterHorizontal,65024,1
12,588.1871946,1.7448000000968023,VSM.FilterVertical,0,0
12,588.1871946,1.7448000000968023,VSM.FilterTemporalVertical,159488,1
12,588.1871946,1.7448000000968023,VSM.ResetFeedback,0,1
13,588.2027088,1.8006999999897744,VSM.MarkReceiverPages,904448,1
13,588.2027088,1.8006999999897744,VSM.AllocationPrepare,9472,1
13,588.2027088,1.8006999999897744,VSM.AllocationCommit,1102080,1
13,588.2027088,1.8006999999897744,VSM.Allocate,1299456,1
13,588.2027088,1.8006999999897744,VSM.ClearPhysicalPages,119296,1
13,588.2027088,1.8006999999897744,VSM.PageOccupancy,2816,1
13,588.2027088,1.8006999999897744,VSM.FinalizePages,2048,1
13,588.2027088,1.8006999999897744,VSM.DynamicRaster,0,0
13,588.2027088,1.8006999999897744,VSM.LayoutRemap,0,1
13,588.2027088,1.8006999999897744,VSM.InvalidateStatic,0,0
13,588.2027088,1.8006999999897744,VSM.InvalidateDynamic,0,1
13,588.2027088,1.8006999999897744,VSM.StaticCasterCull,421376,1
13,588.2027088,1.8006999999897744,VSM.DynamicCasterCull,0,1
13,588.2027088,1.8006999999897744,VSM.PageCull,401664,1
13,588.2027088,1.8006999999897744,VSM.StaticRasterClear,0,1
13,588.2027088,1.8006999999897744,VSM.StaticRasterDraw,10240,1
13,588.2027088,1.8006999999897744,VSM.DynamicRasterClear,0,0
13,588.2027088,1.8006999999897744,VSM.DynamicRasterDraw,0,0
13,588.2027088,1.8006999999897744,VSM.StaticRaster,10496,1
13,588.2027088,1.8006999999897744,VSM.UnityCompatibilityRaster,0,0
13,588.2027088,1.8006999999897744,VSM.Resolve,7379712,1
13,588.2027088,1.8006999999897744,VSM.ResolveTrace,6864384,1
13,588.2027088,1.8006999999897744,VSM.FilterHorizontal,65536,1
13,588.2027088,1.8006999999897744,VSM.FilterVertical,0,0
13,588.2027088,1.8006999999897744,VSM.FilterTemporalVertical,448768,1
13,588.2027088,1.8006999999897744,VSM.ResetFeedback,0,1
14,588.21877409999991,1.8087999999352178,VSM.MarkReceiverPages,906496,1
14,588.21877409999991,1.8087999999352178,VSM.AllocationPrepare,9472,1
14,588.21877409999991,1.8087999999352178,VSM.AllocationCommit,1100800,1
14,588.21877409999991,1.8087999999352178,VSM.Allocate,1110272,1
14,588.21877409999991,1.8087999999352178,VSM.ClearPhysicalPages,119040,1
14,588.21877409999991,1.8087999999352178,VSM.PageOccupancy,2560,1
14,588.21877409999991,1.8087999999352178,VSM.FinalizePages,2304,1
14,588.21877409999991,1.8087999999352178,VSM.DynamicRaster,0,0
14,588.21877409999991,1.8087999999352178,VSM.LayoutRemap,0,1
14,588.21877409999991,1.8087999999352178,VSM.InvalidateStatic,0,0
14,588.21877409999991,1.8087999999352178,VSM.InvalidateDynamic,256,1
14,588.21877409999991,1.8087999999352178,VSM.StaticCasterCull,424704,1
14,588.21877409999991,1.8087999999352178,VSM.DynamicCasterCull,0,1
14,588.21877409999991,1.8087999999352178,VSM.PageCull,406016,1
14,588.21877409999991,1.8087999999352178,VSM.StaticRasterClear,0,1
14,588.21877409999991,1.8087999999352178,VSM.StaticRasterDraw,7936,1
14,588.21877409999991,1.8087999999352178,VSM.DynamicRasterClear,0,0
14,588.21877409999991,1.8087999999352178,VSM.DynamicRasterDraw,0,0
14,588.21877409999991,1.8087999999352178,VSM.StaticRaster,7936,1
14,588.21877409999991,1.8087999999352178,VSM.UnityCompatibilityRaster,0,0
14,588.21877409999991,1.8087999999352178,VSM.Resolve,6349312,1
14,588.21877409999991,1.8087999999352178,VSM.ResolveTrace,6125312,1
14,588.21877409999991,1.8087999999352178,VSM.FilterHorizontal,64768,1
14,588.21877409999991,1.8087999999352178,VSM.FilterVertical,0,0
14,588.21877409999991,1.8087999999352178,VSM.FilterTemporalVertical,158464,1
14,588.21877409999991,1.8087999999352178,VSM.ResetFeedback,0,1
15,588.2360405,1.7536000000291097,VSM.MarkReceiverPages,907776,1
15,588.2360405,1.7536000000291097,VSM.AllocationPrepare,9472,1
15,588.2360405,1.7536000000291097,VSM.AllocationCommit,1102080,1
15,588.2360405,1.7536000000291097,VSM.Allocate,2008832,1
15,588.2360405,1.7536000000291097,VSM.ClearPhysicalPages,122112,1
15,588.2360405,1.7536000000291097,VSM.PageOccupancy,2560,1
15,588.2360405,1.7536000000291097,VSM.FinalizePages,2304,1
15,588.2360405,1.7536000000291097,VSM.DynamicRaster,0,0
15,588.2360405,1.7536000000291097,VSM.LayoutRemap,0,1
15,588.2360405,1.7536000000291097,VSM.InvalidateStatic,0,0
15,588.2360405,1.7536000000291097,VSM.InvalidateDynamic,512,1
15,588.2360405,1.7536000000291097,VSM.StaticCasterCull,419840,1
15,588.2360405,1.7536000000291097,VSM.DynamicCasterCull,0,1
15,588.2360405,1.7536000000291097,VSM.PageCull,400384,1
15,588.2360405,1.7536000000291097,VSM.StaticRasterClear,0,1
15,588.2360405,1.7536000000291097,VSM.StaticRasterDraw,7936,1
15,588.2360405,1.7536000000291097,VSM.DynamicRasterClear,0,0
15,588.2360405,1.7536000000291097,VSM.DynamicRasterDraw,0,0
15,588.2360405,1.7536000000291097,VSM.StaticRaster,8192,1
15,588.2360405,1.7536000000291097,VSM.UnityCompatibilityRaster,0,0
15,588.2360405,1.7536000000291097,VSM.Resolve,6098432,1
15,588.2360405,1.7536000000291097,VSM.ResolveTrace,5875456,1
15,588.2360405,1.7536000000291097,VSM.FilterHorizontal,64512,1
15,588.2360405,1.7536000000291097,VSM.FilterVertical,0,0
15,588.2360405,1.7536000000291097,VSM.FilterTemporalVertical,158208,1
15,588.2360405,1.7536000000291097,VSM.ResetFeedback,0,1
16,588.2519494,1.9052999999757958,VSM.MarkReceiverPages,927744,1
16,588.2519494,1.9052999999757958,VSM.AllocationPrepare,11264,1
16,588.2519494,1.9052999999757958,VSM.AllocationCommit,1102336,1
16,588.2519494,1.9052999999757958,VSM.Allocate,1114880,1
16,588.2519494,1.9052999999757958,VSM.ClearPhysicalPages,119040,1
16,588.2519494,1.9052999999757958,VSM.PageOccupancy,2560,1
16,588.2519494,1.9052999999757958,VSM.FinalizePages,2048,1
16,588.2519494,1.9052999999757958,VSM.DynamicRaster,0,0
16,588.2519494,1.9052999999757958,VSM.LayoutRemap,0,1
16,588.2519494,1.9052999999757958,VSM.InvalidateStatic,0,0
16,588.2519494,1.9052999999757958,VSM.InvalidateDynamic,256,1
16,588.2519494,1.9052999999757958,VSM.StaticCasterCull,421376,1
16,588.2519494,1.9052999999757958,VSM.DynamicCasterCull,0,1
16,588.2519494,1.9052999999757958,VSM.PageCull,402432,1
16,588.2519494,1.9052999999757958,VSM.StaticRasterClear,256,1
16,588.2519494,1.9052999999757958,VSM.StaticRasterDraw,6912,1
16,588.2519494,1.9052999999757958,VSM.DynamicRasterClear,0,0
16,588.2519494,1.9052999999757958,VSM.DynamicRasterDraw,0,0
16,588.2519494,1.9052999999757958,VSM.StaticRaster,7168,1
16,588.2519494,1.9052999999757958,VSM.UnityCompatibilityRaster,0,0
16,588.2519494,1.9052999999757958,VSM.Resolve,6819072,1
16,588.2519494,1.9052999999757958,VSM.ResolveTrace,6594304,1
16,588.2519494,1.9052999999757958,VSM.FilterHorizontal,65024,1
16,588.2519494,1.9052999999757958,VSM.FilterVertical,0,0
16,588.2519494,1.9052999999757958,VSM.FilterTemporalVertical,158464,1
16,588.2519494,1.9052999999757958,VSM.ResetFeedback,0,1
17,588.26883049999992,1.9972999999708918,VSM.MarkReceiverPages,1417984,1
17,588.26883049999992,1.9972999999708918,VSM.AllocationPrepare,9472,1
17,588.26883049999992,1.9972999999708918,VSM.AllocationCommit,1102592,1
17,588.26883049999992,1.9972999999708918,VSM.Allocate,1112576,1
17,588.26883049999992,1.9972999999708918,VSM.ClearPhysicalPages,118784,1
17,588.26883049999992,1.9972999999708918,VSM.PageOccupancy,2560,1
17,588.26883049999992,1.9972999999708918,VSM.FinalizePages,1792,1
17,588.26883049999992,1.9972999999708918,VSM.DynamicRaster,0,0
17,588.26883049999992,1.9972999999708918,VSM.LayoutRemap,0,1
17,588.26883049999992,1.9972999999708918,VSM.InvalidateStatic,0,0
17,588.26883049999992,1.9972999999708918,VSM.InvalidateDynamic,256,1
17,588.26883049999992,1.9972999999708918,VSM.StaticCasterCull,412928,1
17,588.26883049999992,1.9972999999708918,VSM.DynamicCasterCull,0,1
17,588.26883049999992,1.9972999999708918,VSM.PageCull,394496,1
17,588.26883049999992,1.9972999999708918,VSM.StaticRasterClear,0,1
17,588.26883049999992,1.9972999999708918,VSM.StaticRasterDraw,7168,1
17,588.26883049999992,1.9972999999708918,VSM.DynamicRasterClear,0,0
17,588.26883049999992,1.9972999999708918,VSM.DynamicRasterDraw,0,0
17,588.26883049999992,1.9972999999708918,VSM.StaticRaster,7424,1
17,588.26883049999992,1.9972999999708918,VSM.UnityCompatibilityRaster,0,0
17,588.26883049999992,1.9972999999708918,VSM.Resolve,7977216,1
17,588.26883049999992,1.9972999999708918,VSM.ResolveTrace,7749632,1
17,588.26883049999992,1.9972999999708918,VSM.FilterHorizontal,66304,1
17,588.26883049999992,1.9972999999708918,VSM.FilterVertical,0,0
17,588.26883049999992,1.9972999999708918,VSM.FilterTemporalVertical,160256,1
17,588.26883049999992,1.9972999999708918,VSM.ResetFeedback,0,1
18,588.28478179999991,1.8219999999473657,VSM.MarkReceiverPages,905728,1
18,588.28478179999991,1.8219999999473657,VSM.AllocationPrepare,9472,1
18,588.28478179999991,1.8219999999473657,VSM.AllocationCommit,1102080,1
18,588.28478179999991,1.8219999999473657,VSM.Allocate,1484800,1
18,588.28478179999991,1.8219999999473657,VSM.ClearPhysicalPages,118784,1
18,588.28478179999991,1.8219999999473657,VSM.PageOccupancy,2560,1
18,588.28478179999991,1.8219999999473657,VSM.FinalizePages,2048,1
18,588.28478179999991,1.8219999999473657,VSM.DynamicRaster,0,0
18,588.28478179999991,1.8219999999473657,VSM.LayoutRemap,0,1
18,588.28478179999991,1.8219999999473657,VSM.InvalidateStatic,0,0
18,588.28478179999991,1.8219999999473657,VSM.InvalidateDynamic,0,1
18,588.28478179999991,1.8219999999473657,VSM.StaticCasterCull,453632,1
18,588.28478179999991,1.8219999999473657,VSM.DynamicCasterCull,0,1
18,588.28478179999991,1.8219999999473657,VSM.PageCull,434688,1
18,588.28478179999991,1.8219999999473657,VSM.StaticRasterClear,0,1
18,588.28478179999991,1.8219999999473657,VSM.StaticRasterDraw,7168,1
18,588.28478179999991,1.8219999999473657,VSM.DynamicRasterClear,0,0
18,588.28478179999991,1.8219999999473657,VSM.DynamicRasterDraw,0,0
18,588.28478179999991,1.8219999999473657,VSM.StaticRaster,7168,1
18,588.28478179999991,1.8219999999473657,VSM.UnityCompatibilityRaster,0,0
18,588.28478179999991,1.8219999999473657,VSM.Resolve,6779392,1
18,588.28478179999991,1.8219999999473657,VSM.ResolveTrace,6551040,1
18,588.28478179999991,1.8219999999473657,VSM.FilterHorizontal,65792,1
18,588.28478179999991,1.8219999999473657,VSM.FilterVertical,0,0
18,588.28478179999991,1.8219999999473657,VSM.FilterTemporalVertical,161280,1
18,588.28478179999991,1.8219999999473657,VSM.ResetFeedback,0,1
19,588.30170779999992,1.9373999999743319,VSM.MarkReceiverPages,905472,1
19,588.30170779999992,1.9373999999743319,VSM.AllocationPrepare,9472,1
19,588.30170779999992,1.9373999999743319,VSM.AllocationCommit,1101824,1
19,588.30170779999992,1.9373999999743319,VSM.Allocate,1368320,1
19,588.30170779999992,1.9373999999743319,VSM.ClearPhysicalPages,118784,1
19,588.30170779999992,1.9373999999743319,VSM.PageOccupancy,2560,1
19,588.30170779999992,1.9373999999743319,VSM.FinalizePages,1792,1
19,588.30170779999992,1.9373999999743319,VSM.DynamicRaster,0,0
19,588.30170779999992,1.9373999999743319,VSM.LayoutRemap,0,1
19,588.30170779999992,1.9373999999743319,VSM.InvalidateStatic,0,0
19,588.30170779999992,1.9373999999743319,VSM.InvalidateDynamic,256,1
19,588.30170779999992,1.9373999999743319,VSM.StaticCasterCull,433408,1
19,588.30170779999992,1.9373999999743319,VSM.DynamicCasterCull,0,1
19,588.30170779999992,1.9373999999743319,VSM.PageCull,413952,1
19,588.30170779999992,1.9373999999743319,VSM.StaticRasterClear,0,1
19,588.30170779999992,1.9373999999743319,VSM.StaticRasterDraw,7424,1
19,588.30170779999992,1.9373999999743319,VSM.DynamicRasterClear,0,0
19,588.30170779999992,1.9373999999743319,VSM.DynamicRasterDraw,0,0
19,588.30170779999992,1.9373999999743319,VSM.StaticRaster,7680,1
19,588.30170779999992,1.9373999999743319,VSM.UnityCompatibilityRaster,0,0
19,588.30170779999992,1.9373999999743319,VSM.Resolve,7337216,1
19,588.30170779999992,1.9373999999743319,VSM.ResolveTrace,7110912,1
19,588.30170779999992,1.9373999999743319,VSM.FilterHorizontal,65536,1
19,588.30170779999992,1.9373999999743319,VSM.FilterVertical,0,0
19,588.30170779999992,1.9373999999743319,VSM.FilterTemporalVertical,159488,1
19,588.30170779999992,1.9373999999743319,VSM.ResetFeedback,0,1
20,588.31843559999993,1.80960000000141,VSM.MarkReceiverPages,1186560,1
20,588.31843559999993,1.80960000000141,VSM.AllocationPrepare,9472,1
20,588.31843559999993,1.80960000000141,VSM.AllocationCommit,1101824,1
20,588.31843559999993,1.80960000000141,VSM.Allocate,1111552,1
20,588.31843559999993,1.80960000000141,VSM.ClearPhysicalPages,119040,1
20,588.31843559999993,1.80960000000141,VSM.PageOccupancy,2560,1
20,588.31843559999993,1.80960000000141,VSM.FinalizePages,2048,1
20,588.31843559999993,1.80960000000141,VSM.DynamicRaster,0,0
20,588.31843559999993,1.80960000000141,VSM.LayoutRemap,0,1
20,588.31843559999993,1.80960000000141,VSM.InvalidateStatic,0,0
20,588.31843559999993,1.80960000000141,VSM.InvalidateDynamic,256,1
20,588.31843559999993,1.80960000000141,VSM.StaticCasterCull,425216,1
20,588.31843559999993,1.80960000000141,VSM.DynamicCasterCull,0,1
20,588.31843559999993,1.80960000000141,VSM.PageCull,406528,1
20,588.31843559999993,1.80960000000141,VSM.StaticRasterClear,0,1
20,588.31843559999993,1.80960000000141,VSM.StaticRasterDraw,7168,1
20,588.31843559999993,1.80960000000141,VSM.DynamicRasterClear,0,0
20,588.31843559999993,1.80960000000141,VSM.DynamicRasterDraw,0,0
20,588.31843559999993,1.80960000000141,VSM.StaticRaster,7168,1
20,588.31843559999993,1.80960000000141,VSM.UnityCompatibilityRaster,0,0
20,588.31843559999993,1.80960000000141,VSM.Resolve,6347008,1
20,588.31843559999993,1.80960000000141,VSM.ResolveTrace,6123008,1
20,588.31843559999993,1.80960000000141,VSM.FilterHorizontal,65280,1
20,588.31843559999993,1.80960000000141,VSM.FilterVertical,0,0
20,588.31843559999993,1.80960000000141,VSM.FilterTemporalVertical,157696,1
20,588.31843559999993,1.80960000000141,VSM.ResetFeedback,0,1
21,588.33539369999994,1.8645000000105938,VSM.MarkReceiverPages,904448,1
21,588.33539369999994,1.8645000000105938,VSM.AllocationPrepare,9472,1
21,588.33539369999994,1.8645000000105938,VSM.AllocationCommit,1102080,1
21,588.33539369999994,1.8645000000105938,VSM.Allocate,1345792,1
21,588.33539369999994,1.8645000000105938,VSM.ClearPhysicalPages,119552,1
21,588.33539369999994,1.8645000000105938,VSM.PageOccupancy,2304,1
21,588.33539369999994,1.8645000000105938,VSM.FinalizePages,1792,1
21,588.33539369999994,1.8645000000105938,VSM.DynamicRaster,0,0
21,588.33539369999994,1.8645000000105938,VSM.LayoutRemap,0,1
21,588.33539369999994,1.8645000000105938,VSM.InvalidateStatic,0,0
21,588.33539369999994,1.8645000000105938,VSM.InvalidateDynamic,256,1
21,588.33539369999994,1.8645000000105938,VSM.StaticCasterCull,416000,1
21,588.33539369999994,1.8645000000105938,VSM.DynamicCasterCull,0,1
21,588.33539369999994,1.8645000000105938,VSM.PageCull,396800,1
21,588.33539369999994,1.8645000000105938,VSM.StaticRasterClear,0,1
21,588.33539369999994,1.8645000000105938,VSM.StaticRasterDraw,7168,1
21,588.33539369999994,1.8645000000105938,VSM.DynamicRasterClear,0,0
21,588.33539369999994,1.8645000000105938,VSM.DynamicRasterDraw,0,0
21,588.33539369999994,1.8645000000105938,VSM.StaticRaster,7424,1
21,588.33539369999994,1.8645000000105938,VSM.UnityCompatibilityRaster,0,0
21,588.33539369999994,1.8645000000105938,VSM.Resolve,7494144,1
21,588.33539369999994,1.8645000000105938,VSM.ResolveTrace,7262208,1
21,588.33539369999994,1.8645000000105938,VSM.FilterHorizontal,65792,1
21,588.33539369999994,1.8645000000105938,VSM.FilterVertical,0,0
21,588.33539369999994,1.8645000000105938,VSM.FilterTemporalVertical,165120,1
21,588.33539369999994,1.8645000000105938,VSM.ResetFeedback,0,1
22,588.3524084,2.0757999999432286,VSM.MarkReceiverPages,904192,1
22,588.3524084,2.0757999999432286,VSM.AllocationPrepare,9472,1
22,588.3524084,2.0757999999432286,VSM.AllocationCommit,1101824,1
22,588.3524084,2.0757999999432286,VSM.Allocate,1456640,1
22,588.3524084,2.0757999999432286,VSM.ClearPhysicalPages,121088,1
22,588.3524084,2.0757999999432286,VSM.PageOccupancy,2560,1
22,588.3524084,2.0757999999432286,VSM.FinalizePages,2560,1
22,588.3524084,2.0757999999432286,VSM.DynamicRaster,0,0
22,588.3524084,2.0757999999432286,VSM.LayoutRemap,0,1
22,588.3524084,2.0757999999432286,VSM.InvalidateStatic,0,0
22,588.3524084,2.0757999999432286,VSM.InvalidateDynamic,256,1
22,588.3524084,2.0757999999432286,VSM.StaticCasterCull,415744,1
22,588.3524084,2.0757999999432286,VSM.DynamicCasterCull,0,1
22,588.3524084,2.0757999999432286,VSM.PageCull,396288,1
22,588.3524084,2.0757999999432286,VSM.StaticRasterClear,0,1
22,588.3524084,2.0757999999432286,VSM.StaticRasterDraw,7168,1
22,588.3524084,2.0757999999432286,VSM.DynamicRasterClear,0,0
22,588.3524084,2.0757999999432286,VSM.DynamicRasterDraw,0,0
22,588.3524084,2.0757999999432286,VSM.StaticRaster,7424,1
22,588.3524084,2.0757999999432286,VSM.UnityCompatibilityRaster,0,0
22,588.3524084,2.0757999999432286,VSM.Resolve,7058944,1
22,588.3524084,2.0757999999432286,VSM.ResolveTrace,6831616,1
22,588.3524084,2.0757999999432286,VSM.FilterHorizontal,65536,1
22,588.3524084,2.0757999999432286,VSM.FilterVertical,0,0
22,588.3524084,2.0757999999432286,VSM.FilterTemporalVertical,160512,1
22,588.3524084,2.0757999999432286,VSM.ResetFeedback,0,1
23,588.3698667,1.9461000000546846,VSM.MarkReceiverPages,1321472,1
23,588.3698667,1.9461000000546846,VSM.AllocationPrepare,9728,1
23,588.3698667,1.9461000000546846,VSM.AllocationCommit,1101312,1
23,588.3698667,1.9461000000546846,VSM.Allocate,1111552,1
23,588.3698667,1.9461000000546846,VSM.ClearPhysicalPages,119552,1
23,588.3698667,1.9461000000546846,VSM.PageOccupancy,2816,1
23,588.3698667,1.9461000000546846,VSM.FinalizePages,2048,1
23,588.3698667,1.9461000000546846,VSM.DynamicRaster,0,0
23,588.3698667,1.9461000000546846,VSM.LayoutRemap,0,1
23,588.3698667,1.9461000000546846,VSM.InvalidateStatic,0,0
23,588.3698667,1.9461000000546846,VSM.InvalidateDynamic,256,1
23,588.3698667,1.9461000000546846,VSM.StaticCasterCull,423424,1
23,588.3698667,1.9461000000546846,VSM.DynamicCasterCull,0,1
23,588.3698667,1.9461000000546846,VSM.PageCull,404224,1
23,588.3698667,1.9461000000546846,VSM.StaticRasterClear,0,1
23,588.3698667,1.9461000000546846,VSM.StaticRasterDraw,6912,1
23,588.3698667,1.9461000000546846,VSM.DynamicRasterClear,0,0
23,588.3698667,1.9461000000546846,VSM.DynamicRasterDraw,0,0
23,588.3698667,1.9461000000546846,VSM.StaticRaster,7168,1
23,588.3698667,1.9461000000546846,VSM.UnityCompatibilityRaster,0,0
23,588.3698667,1.9461000000546846,VSM.Resolve,7402752,1
23,588.3698667,1.9461000000546846,VSM.ResolveTrace,7176448,1
23,588.3698667,1.9461000000546846,VSM.FilterHorizontal,65792,1
23,588.3698667,1.9461000000546846,VSM.FilterVertical,0,0
23,588.3698667,1.9461000000546846,VSM.FilterTemporalVertical,159232,1
23,588.3698667,1.9461000000546846,VSM.ResetFeedback,0,1
24,588.3863736,1.9055999999864071,VSM.MarkReceiverPages,906752,1
24,588.3863736,1.9055999999864071,VSM.AllocationPrepare,9472,1
24,588.3863736,1.9055999999864071,VSM.AllocationCommit,1101824,1
24,588.3863736,1.9055999999864071,VSM.Allocate,1596160,1
24,588.3863736,1.9055999999864071,VSM.ClearPhysicalPages,119296,1
24,588.3863736,1.9055999999864071,VSM.PageOccupancy,2560,1
24,588.3863736,1.9055999999864071,VSM.FinalizePages,2304,1
24,588.3863736,1.9055999999864071,VSM.DynamicRaster,0,0
24,588.3863736,1.9055999999864071,VSM.LayoutRemap,0,1
24,588.3863736,1.9055999999864071,VSM.InvalidateStatic,0,0
24,588.3863736,1.9055999999864071,VSM.InvalidateDynamic,256,1
24,588.3863736,1.9055999999864071,VSM.StaticCasterCull,427520,1
24,588.3863736,1.9055999999864071,VSM.DynamicCasterCull,0,1
24,588.3863736,1.9055999999864071,VSM.PageCull,408576,1
24,588.3863736,1.9055999999864071,VSM.StaticRasterClear,256,1
24,588.3863736,1.9055999999864071,VSM.StaticRasterDraw,7168,1
24,588.3863736,1.9055999999864071,VSM.DynamicRasterClear,0,0
24,588.3863736,1.9055999999864071,VSM.DynamicRasterDraw,0,0
24,588.3863736,1.9055999999864071,VSM.StaticRaster,7424,1
24,588.3863736,1.9055999999864071,VSM.UnityCompatibilityRaster,0,0
24,588.3863736,1.9055999999864071,VSM.Resolve,6854656,1
24,588.3863736,1.9055999999864071,VSM.ResolveTrace,6624256,1
24,588.3863736,1.9055999999864071,VSM.FilterHorizontal,66304,1
24,588.3863736,1.9055999999864071,VSM.FilterVertical,0,0
24,588.3863736,1.9055999999864071,VSM.FilterTemporalVertical,163072,1
24,588.3863736,1.9055999999864071,VSM.ResetFeedback,0,1
25,588.40368589999991,1.8798999999489752,VSM.MarkReceiverPages,901120,1
25,588.40368589999991,1.8798999999489752,VSM.AllocationPrepare,9216,1
25,588.40368589999991,1.8798999999489752,VSM.AllocationCommit,1101568,1
25,588.40368589999991,1.8798999999489752,VSM.Allocate,1398528,1
25,588.40368589999991,1.8798999999489752,VSM.ClearPhysicalPages,119552,1
25,588.40368589999991,1.8798999999489752,VSM.PageOccupancy,2560,1
25,588.40368589999991,1.8798999999489752,VSM.FinalizePages,2560,1
25,588.40368589999991,1.8798999999489752,VSM.DynamicRaster,0,0
25,588.40368589999991,1.8798999999489752,VSM.LayoutRemap,0,1
25,588.40368589999991,1.8798999999489752,VSM.InvalidateStatic,0,0
25,588.40368589999991,1.8798999999489752,VSM.InvalidateDynamic,0,1
25,588.40368589999991,1.8798999999489752,VSM.StaticCasterCull,417280,1
25,588.40368589999991,1.8798999999489752,VSM.DynamicCasterCull,0,1
25,588.40368589999991,1.8798999999489752,VSM.PageCull,398336,1
25,588.40368589999991,1.8798999999489752,VSM.StaticRasterClear,0,1
25,588.40368589999991,1.8798999999489752,VSM.StaticRasterDraw,7168,1
25,588.40368589999991,1.8798999999489752,VSM.DynamicRasterClear,0,0
25,588.40368589999991,1.8798999999489752,VSM.DynamicRasterDraw,0,0
25,588.40368589999991,1.8798999999489752,VSM.StaticRaster,7424,1
25,588.40368589999991,1.8798999999489752,VSM.UnityCompatibilityRaster,0,0
25,588.40368589999991,1.8798999999489752,VSM.Resolve,7624960,1
25,588.40368589999991,1.8798999999489752,VSM.ResolveTrace,7398144,1
25,588.40368589999991,1.8798999999489752,VSM.FilterHorizontal,66048,1
25,588.40368589999991,1.8798999999489752,VSM.FilterVertical,0,0
25,588.40368589999991,1.8798999999489752,VSM.FilterTemporalVertical,159744,1
25,588.40368589999991,1.8798999999489752,VSM.ResetFeedback,0,1
26,588.4209608,2.0984999999882348,VSM.MarkReceiverPages,901632,1
26,588.4209608,2.0984999999882348,VSM.AllocationPrepare,9216,1
26,588.4209608,2.0984999999882348,VSM.AllocationCommit,1101824,1
26,588.4209608,2.0984999999882348,VSM.Allocate,1363712,1
26,588.4209608,2.0984999999882348,VSM.ClearPhysicalPages,119040,1
26,588.4209608,2.0984999999882348,VSM.PageOccupancy,2304,1
26,588.4209608,2.0984999999882348,VSM.FinalizePages,1792,1
26,588.4209608,2.0984999999882348,VSM.DynamicRaster,0,0
26,588.4209608,2.0984999999882348,VSM.LayoutRemap,0,1
26,588.4209608,2.0984999999882348,VSM.InvalidateStatic,0,0
26,588.4209608,2.0984999999882348,VSM.InvalidateDynamic,0,1
26,588.4209608,2.0984999999882348,VSM.StaticCasterCull,435456,1
26,588.4209608,2.0984999999882348,VSM.DynamicCasterCull,0,1
26,588.4209608,2.0984999999882348,VSM.PageCull,416768,1
26,588.4209608,2.0984999999882348,VSM.StaticRasterClear,0,1
26,588.4209608,2.0984999999882348,VSM.StaticRasterDraw,7168,1
26,588.4209608,2.0984999999882348,VSM.DynamicRasterClear,0,0
26,588.4209608,2.0984999999882348,VSM.DynamicRasterDraw,0,0
26,588.4209608,2.0984999999882348,VSM.StaticRaster,7424,1
26,588.4209608,2.0984999999882348,VSM.UnityCompatibilityRaster,0,0
26,588.4209608,2.0984999999882348,VSM.Resolve,6689536,1
26,588.4209608,2.0984999999882348,VSM.ResolveTrace,6462976,1
26,588.4209608,2.0984999999882348,VSM.FilterHorizontal,65280,1
26,588.4209608,2.0984999999882348,VSM.FilterVertical,0,0
26,588.4209608,2.0984999999882348,VSM.FilterTemporalVertical,160256,1
26,588.4209608,2.0984999999882348,VSM.ResetFeedback,0,1
27,588.4374842,1.8516000000090571,VSM.MarkReceiverPages,904448,1
27,588.4374842,1.8516000000090571,VSM.AllocationPrepare,9216,1
27,588.4374842,1.8516000000090571,VSM.AllocationCommit,1100288,1
27,588.4374842,1.8516000000090571,VSM.Allocate,1716224,1
27,588.4374842,1.8516000000090571,VSM.ClearPhysicalPages,122368,1
27,588.4374842,1.8516000000090571,VSM.PageOccupancy,2560,1
27,588.4374842,1.8516000000090571,VSM.FinalizePages,2816,1
27,588.4374842,1.8516000000090571,VSM.DynamicRaster,0,0
27,588.4374842,1.8516000000090571,VSM.LayoutRemap,0,1
27,588.4374842,1.8516000000090571,VSM.InvalidateStatic,0,0
27,588.4374842,1.8516000000090571,VSM.InvalidateDynamic,512,1
27,588.4374842,1.8516000000090571,VSM.StaticCasterCull,436736,1
27,588.4374842,1.8516000000090571,VSM.DynamicCasterCull,0,1
27,588.4374842,1.8516000000090571,VSM.PageCull,417280,1
27,588.4374842,1.8516000000090571,VSM.StaticRasterClear,0,1
27,588.4374842,1.8516000000090571,VSM.StaticRasterDraw,7168,1
27,588.4374842,1.8516000000090571,VSM.DynamicRasterClear,0,0
27,588.4374842,1.8516000000090571,VSM.DynamicRasterDraw,0,0
27,588.4374842,1.8516000000090571,VSM.StaticRaster,7168,1
27,588.4374842,1.8516000000090571,VSM.UnityCompatibilityRaster,0,0
27,588.4374842,1.8516000000090571,VSM.Resolve,7214848,1
27,588.4374842,1.8516000000090571,VSM.ResolveTrace,6987264,1
27,588.4374842,1.8516000000090571,VSM.FilterHorizontal,65792,1
27,588.4374842,1.8516000000090571,VSM.FilterVertical,0,0
27,588.4374842,1.8516000000090571,VSM.FilterTemporalVertical,160256,1
27,588.4374842,1.8516000000090571,VSM.ResetFeedback,0,1
28,588.45376089999991,2.0521999999800755,VSM.MarkReceiverPages,909824,1
28,588.45376089999991,2.0521999999800755,VSM.AllocationPrepare,9472,1
28,588.45376089999991,2.0521999999800755,VSM.AllocationCommit,1100288,1
28,588.45376089999991,2.0521999999800755,VSM.Allocate,1370880,1
28,588.45376089999991,2.0521999999800755,VSM.ClearPhysicalPages,118784,1
28,588.45376089999991,2.0521999999800755,VSM.PageOccupancy,2560,1
28,588.45376089999991,2.0521999999800755,VSM.FinalizePages,1792,1
28,588.45376089999991,2.0521999999800755,VSM.DynamicRaster,0,0
28,588.45376089999991,2.0521999999800755,VSM.LayoutRemap,0,1
28,588.45376089999991,2.0521999999800755,VSM.InvalidateStatic,0,0
28,588.45376089999991,2.0521999999800755,VSM.InvalidateDynamic,256,1
28,588.45376089999991,2.0521999999800755,VSM.StaticCasterCull,583936,1
28,588.45376089999991,2.0521999999800755,VSM.DynamicCasterCull,0,1
28,588.45376089999991,2.0521999999800755,VSM.PageCull,564736,1
28,588.45376089999991,2.0521999999800755,VSM.StaticRasterClear,0,1
28,588.45376089999991,2.0521999999800755,VSM.StaticRasterDraw,6912,1
28,588.45376089999991,2.0521999999800755,VSM.DynamicRasterClear,0,0
28,588.45376089999991,2.0521999999800755,VSM.DynamicRasterDraw,0,0
28,588.45376089999991,2.0521999999800755,VSM.StaticRaster,7424,1
28,588.45376089999991,2.0521999999800755,VSM.UnityCompatibilityRaster,0,0
28,588.45376089999991,2.0521999999800755,VSM.Resolve,7171840,1
28,588.45376089999991,2.0521999999800755,VSM.ResolveTrace,6946304,1
28,588.45376089999991,2.0521999999800755,VSM.FilterHorizontal,65536,1
28,588.45376089999991,2.0521999999800755,VSM.FilterVertical,0,0
28,588.45376089999991,2.0521999999800755,VSM.FilterTemporalVertical,158976,1
28,588.45376089999991,2.0521999999800755,VSM.ResetFeedback,0,1
29,588.4708826,2.1082000000660628,VSM.MarkReceiverPages,904960,1
29,588.4708826,2.1082000000660628,VSM.AllocationPrepare,9216,1
29,588.4708826,2.1082000000660628,VSM.AllocationCommit,1101824,1
29,588.4708826,2.1082000000660628,VSM.Allocate,1588224,1
29,588.4708826,2.1082000000660628,VSM.ClearPhysicalPages,122624,1
29,588.4708826,2.1082000000660628,VSM.PageOccupancy,2560,1
29,588.4708826,2.1082000000660628,VSM.FinalizePages,2304,1
29,588.4708826,2.1082000000660628,VSM.DynamicRaster,0,0
29,588.4708826,2.1082000000660628,VSM.LayoutRemap,0,1
29,588.4708826,2.1082000000660628,VSM.InvalidateStatic,0,0
29,588.4708826,2.1082000000660628,VSM.InvalidateDynamic,256,1
29,588.4708826,2.1082000000660628,VSM.StaticCasterCull,418560,1
29,588.4708826,2.1082000000660628,VSM.DynamicCasterCull,0,1
29,588.4708826,2.1082000000660628,VSM.PageCull,399360,1
29,588.4708826,2.1082000000660628,VSM.StaticRasterClear,256,1
29,588.4708826,2.1082000000660628,VSM.StaticRasterDraw,6912,1
29,588.4708826,2.1082000000660628,VSM.DynamicRasterClear,0,0
29,588.4708826,2.1082000000660628,VSM.DynamicRasterDraw,0,0
29,588.4708826,2.1082000000660628,VSM.StaticRaster,7168,1
29,588.4708826,2.1082000000660628,VSM.UnityCompatibilityRaster,0,0
29,588.4708826,2.1082000000660628,VSM.Resolve,6748160,1
29,588.4708826,2.1082000000660628,VSM.ResolveTrace,6519552,1
29,588.4708826,2.1082000000660628,VSM.FilterHorizontal,64768,1
29,588.4708826,2.1082000000660628,VSM.FilterVertical,0,0
29,588.4708826,2.1082000000660628,VSM.FilterTemporalVertical,162816,1
29,588.4708826,2.1082000000660628,VSM.ResetFeedback,0,1
30,588.48722349999991,2.1075999999311534,VSM.MarkReceiverPages,905728,1
30,588.48722349999991,2.1075999999311534,VSM.AllocationPrepare,9472,1
30,588.48722349999991,2.1075999999311534,VSM.AllocationCommit,1102848,1
30,588.48722349999991,2.1075999999311534,VSM.Allocate,1508864,1
30,588.48722349999991,2.1075999999311534,VSM.ClearPhysicalPages,118784,1
30,588.48722349999991,2.1075999999311534,VSM.PageOccupancy,2560,1
30,588.48722349999991,2.1075999999311534,VSM.FinalizePages,2560,1
30,588.48722349999991,2.1075999999311534,VSM.DynamicRaster,0,0
30,588.48722349999991,2.1075999999311534,VSM.LayoutRemap,0,1
30,588.48722349999991,2.1075999999311534,VSM.InvalidateStatic,0,0
30,588.48722349999991,2.1075999999311534,VSM.InvalidateDynamic,512,1
30,588.48722349999991,2.1075999999311534,VSM.StaticCasterCull,417536,1
30,588.48722349999991,2.1075999999311534,VSM.DynamicCasterCull,0,1
30,588.48722349999991,2.1075999999311534,VSM.PageCull,398848,1
30,588.48722349999991,2.1075999999311534,VSM.StaticRasterClear,0,1
30,588.48722349999991,2.1075999999311534,VSM.StaticRasterDraw,7168,1
30,588.48722349999991,2.1075999999311534,VSM.DynamicRasterClear,0,0
30,588.48722349999991,2.1075999999311534,VSM.DynamicRasterDraw,0,0
30,588.48722349999991,2.1075999999311534,VSM.StaticRaster,7424,1
30,588.48722349999991,2.1075999999311534,VSM.UnityCompatibilityRaster,0,0
30,588.48722349999991,2.1075999999311534,VSM.Resolve,6751744,1
30,588.48722349999991,2.1075999999311534,VSM.ResolveTrace,6525184,1
30,588.48722349999991,2.1075999999311534,VSM.FilterHorizontal,65280,1
30,588.48722349999991,2.1075999999311534,VSM.FilterVertical,0,0
30,588.48722349999991,2.1075999999311534,VSM.FilterTemporalVertical,160256,1
30,588.48722349999991,2.1075999999311534,VSM.ResetFeedback,0,1
31,588.5057591,2.4816999999757172,VSM.MarkReceiverPages,909312,1
31,588.5057591,2.4816999999757172,VSM.AllocationPrepare,9216,1
31,588.5057591,2.4816999999757172,VSM.AllocationCommit,1101824,1
31,588.5057591,2.4816999999757172,VSM.Allocate,1561344,1
31,588.5057591,2.4816999999757172,VSM.ClearPhysicalPages,121856,1
31,588.5057591,2.4816999999757172,VSM.PageOccupancy,2560,1
31,588.5057591,2.4816999999757172,VSM.FinalizePages,2816,1
31,588.5057591,2.4816999999757172,VSM.DynamicRaster,0,0
31,588.5057591,2.4816999999757172,VSM.LayoutRemap,0,1
31,588.5057591,2.4816999999757172,VSM.InvalidateStatic,0,0
31,588.5057591,2.4816999999757172,VSM.InvalidateDynamic,512,1
31,588.5057591,2.4816999999757172,VSM.StaticCasterCull,431360,1
31,588.5057591,2.4816999999757172,VSM.DynamicCasterCull,0,1
31,588.5057591,2.4816999999757172,VSM.PageCull,412160,1
31,588.5057591,2.4816999999757172,VSM.StaticRasterClear,0,1
31,588.5057591,2.4816999999757172,VSM.StaticRasterDraw,7168,1
31,588.5057591,2.4816999999757172,VSM.DynamicRasterClear,0,0
31,588.5057591,2.4816999999757172,VSM.DynamicRasterDraw,0,0
31,588.5057591,2.4816999999757172,VSM.StaticRaster,7424,1
31,588.5057591,2.4816999999757172,VSM.UnityCompatibilityRaster,0,0
31,588.5057591,2.4816999999757172,VSM.Resolve,7177472,1
31,588.5057591,2.4816999999757172,VSM.ResolveTrace,6946304,1
31,588.5057591,2.4816999999757172,VSM.FilterHorizontal,65792,1
31,588.5057591,2.4816999999757172,VSM.FilterVertical,0,0
31,588.5057591,2.4816999999757172,VSM.FilterTemporalVertical,164352,1
31,588.5057591,2.4816999999757172,VSM.ResetFeedback,0,1
32,588.52281629999993,2.056299999935618,VSM.MarkReceiverPages,902656,1
32,588.52281629999993,2.056299999935618,VSM.AllocationPrepare,9728,1
32,588.52281629999993,2.056299999935618,VSM.AllocationCommit,1102592,1
32,588.52281629999993,2.056299999935618,VSM.Allocate,1401344,1
32,588.52281629999993,2.056299999935618,VSM.ClearPhysicalPages,119040,1
32,588.52281629999993,2.056299999935618,VSM.PageOccupancy,2560,1
32,588.52281629999993,2.056299999935618,VSM.FinalizePages,2304,1
32,588.52281629999993,2.056299999935618,VSM.DynamicRaster,0,0
32,588.52281629999993,2.056299999935618,VSM.LayoutRemap,0,1
32,588.52281629999993,2.056299999935618,VSM.InvalidateStatic,0,0
32,588.52281629999993,2.056299999935618,VSM.InvalidateDynamic,256,1
32,588.52281629999993,2.056299999935618,VSM.StaticCasterCull,436992,1
32,588.52281629999993,2.056299999935618,VSM.DynamicCasterCull,0,1
32,588.52281629999993,2.056299999935618,VSM.PageCull,417536,1
32,588.52281629999993,2.056299999935618,VSM.StaticRasterClear,0,1
32,588.52281629999993,2.056299999935618,VSM.StaticRasterDraw,7168,1
32,588.52281629999993,2.056299999935618,VSM.DynamicRasterClear,0,0
32,588.52281629999993,2.056299999935618,VSM.DynamicRasterDraw,0,0
32,588.52281629999993,2.056299999935618,VSM.StaticRaster,7424,1
32,588.52281629999993,2.056299999935618,VSM.UnityCompatibilityRaster,0,0
32,588.52281629999993,2.056299999935618,VSM.Resolve,6791424,1
32,588.52281629999993,2.056299999935618,VSM.ResolveTrace,6564352,1
32,588.52281629999993,2.056299999935618,VSM.FilterHorizontal,65024,1
32,588.52281629999993,2.056299999935618,VSM.FilterVertical,0,0
32,588.52281629999993,2.056299999935618,VSM.FilterTemporalVertical,160768,1
32,588.52281629999993,2.056299999935618,VSM.ResetFeedback,0,1
33,588.53960139999992,2.2567999999409949,VSM.MarkReceiverPages,904704,1
33,588.53960139999992,2.2567999999409949,VSM.AllocationPrepare,9472,1
33,588.53960139999992,2.2567999999409949,VSM.AllocationCommit,1102336,1
33,588.53960139999992,2.2567999999409949,VSM.Allocate,1729792,1
33,588.53960139999992,2.2567999999409949,VSM.ClearPhysicalPages,121856,1
33,588.53960139999992,2.2567999999409949,VSM.PageOccupancy,2560,1
33,588.53960139999992,2.2567999999409949,VSM.FinalizePages,2304,1
33,588.53960139999992,2.2567999999409949,VSM.DynamicRaster,0,0
33,588.53960139999992,2.2567999999409949,VSM.LayoutRemap,0,1
33,588.53960139999992,2.2567999999409949,VSM.InvalidateStatic,0,0
33,588.53960139999992,2.2567999999409949,VSM.InvalidateDynamic,256,1
33,588.53960139999992,2.2567999999409949,VSM.StaticCasterCull,425728,1
33,588.53960139999992,2.2567999999409949,VSM.DynamicCasterCull,0,1
33,588.53960139999992,2.2567999999409949,VSM.PageCull,406016,1
33,588.53960139999992,2.2567999999409949,VSM.StaticRasterClear,0,1
33,588.53960139999992,2.2567999999409949,VSM.StaticRasterDraw,6912,1
33,588.53960139999992,2.2567999999409949,VSM.DynamicRasterClear,0,0
33,588.53960139999992,2.2567999999409949,VSM.DynamicRasterDraw,0,0
33,588.53960139999992,2.2567999999409949,VSM.StaticRaster,7168,1
33,588.53960139999992,2.2567999999409949,VSM.UnityCompatibilityRaster,0,0
33,588.53960139999992,2.2567999999409949,VSM.Resolve,7320064,1
33,588.53960139999992,2.2567999999409949,VSM.ResolveTrace,7093248,1
33,588.53960139999992,2.2567999999409949,VSM.FilterHorizontal,65280,1
33,588.53960139999992,2.2567999999409949,VSM.FilterVertical,0,0
33,588.53960139999992,2.2567999999409949,VSM.FilterTemporalVertical,160512,1
33,588.53960139999992,2.2567999999409949,VSM.ResetFeedback,0,1
34,588.556479,1.9034000000601736,VSM.MarkReceiverPages,908800,1
34,588.556479,1.9034000000601736,VSM.AllocationPrepare,9216,1
34,588.556479,1.9034000000601736,VSM.AllocationCommit,1101568,1
34,588.556479,1.9034000000601736,VSM.Allocate,1275904,1
34,588.556479,1.9034000000601736,VSM.ClearPhysicalPages,118784,1
34,588.556479,1.9034000000601736,VSM.PageOccupancy,2816,1
34,588.556479,1.9034000000601736,VSM.FinalizePages,2560,1
34,588.556479,1.9034000000601736,VSM.DynamicRaster,0,0
34,588.556479,1.9034000000601736,VSM.LayoutRemap,0,1
34,588.556479,1.9034000000601736,VSM.InvalidateStatic,0,0
34,588.556479,1.9034000000601736,VSM.InvalidateDynamic,256,1
34,588.556479,1.9034000000601736,VSM.StaticCasterCull,829440,1
34,588.556479,1.9034000000601736,VSM.DynamicCasterCull,0,1
34,588.556479,1.9034000000601736,VSM.PageCull,390144,1
34,588.556479,1.9034000000601736,VSM.StaticRasterClear,8192,1
34,588.556479,1.9034000000601736,VSM.StaticRasterDraw,8960,1
34,588.556479,1.9034000000601736,VSM.DynamicRasterClear,0,0
34,588.556479,1.9034000000601736,VSM.DynamicRasterDraw,0,0
34,588.556479,1.9034000000601736,VSM.StaticRaster,17664,1
34,588.556479,1.9034000000601736,VSM.UnityCompatibilityRaster,0,0
34,588.556479,1.9034000000601736,VSM.Resolve,6739456,1
34,588.556479,1.9034000000601736,VSM.ResolveTrace,6512128,1
34,588.556479,1.9034000000601736,VSM.FilterHorizontal,65792,1
34,588.556479,1.9034000000601736,VSM.FilterVertical,0,0
34,588.556479,1.9034000000601736,VSM.FilterTemporalVertical,160768,1
34,588.556479,1.9034000000601736,VSM.ResetFeedback,0,1
35,588.5746703,2.2265000000061264,VSM.MarkReceiverPages,905984,1
35,588.5746703,2.2265000000061264,VSM.AllocationPrepare,9472,1
35,588.5746703,2.2265000000061264,VSM.AllocationCommit,1102336,1
35,588.5746703,2.2265000000061264,VSM.Allocate,1385728,1
35,588.5746703,2.2265000000061264,VSM.ClearPhysicalPages,119552,1
35,588.5746703,2.2265000000061264,VSM.PageOccupancy,2560,1
35,588.5746703,2.2265000000061264,VSM.FinalizePages,2048,1
35,588.5746703,2.2265000000061264,VSM.DynamicRaster,0,0
35,588.5746703,2.2265000000061264,VSM.LayoutRemap,0,1
35,588.5746703,2.2265000000061264,VSM.InvalidateStatic,0,0
35,588.5746703,2.2265000000061264,VSM.InvalidateDynamic,256,1
35,588.5746703,2.2265000000061264,VSM.StaticCasterCull,438272,1
35,588.5746703,2.2265000000061264,VSM.DynamicCasterCull,0,1
35,588.5746703,2.2265000000061264,VSM.PageCull,418560,1
35,588.5746703,2.2265000000061264,VSM.StaticRasterClear,0,1
35,588.5746703,2.2265000000061264,VSM.StaticRasterDraw,7168,1
35,588.5746703,2.2265000000061264,VSM.DynamicRasterClear,0,0
35,588.5746703,2.2265000000061264,VSM.DynamicRasterDraw,0,0
35,588.5746703,2.2265000000061264,VSM.StaticRaster,7424,1
35,588.5746703,2.2265000000061264,VSM.UnityCompatibilityRaster,0,0
35,588.5746703,2.2265000000061264,VSM.Resolve,6617344,1
35,588.5746703,2.2265000000061264,VSM.ResolveTrace,6390016,1
35,588.5746703,2.2265000000061264,VSM.FilterHorizontal,67328,1
35,588.5746703,2.2265000000061264,VSM.FilterVertical,0,0
35,588.5746703,2.2265000000061264,VSM.FilterTemporalVertical,158720,1
35,588.5746703,2.2265000000061264,VSM.ResetFeedback,0,1
36,588.59112399999992,2.3327000000108455,VSM.MarkReceiverPages,910592,1
36,588.59112399999992,2.3327000000108455,VSM.AllocationPrepare,9472,1
36,588.59112399999992,2.3327000000108455,VSM.AllocationCommit,1102848,1
36,588.59112399999992,2.3327000000108455,VSM.Allocate,1361408,1
36,588.59112399999992,2.3327000000108455,VSM.ClearPhysicalPages,119296,1
36,588.59112399999992,2.3327000000108455,VSM.PageOccupancy,2816,1
36,588.59112399999992,2.3327000000108455,VSM.FinalizePages,1536,1
36,588.59112399999992,2.3327000000108455,VSM.DynamicRaster,0,0
36,588.59112399999992,2.3327000000108455,VSM.LayoutRemap,0,1
36,588.59112399999992,2.3327000000108455,VSM.InvalidateStatic,0,0
36,588.59112399999992,2.3327000000108455,VSM.InvalidateDynamic,256,1
36,588.59112399999992,2.3327000000108455,VSM.StaticCasterCull,430336,1
36,588.59112399999992,2.3327000000108455,VSM.DynamicCasterCull,0,1
36,588.59112399999992,2.3327000000108455,VSM.PageCull,410624,1
36,588.59112399999992,2.3327000000108455,VSM.StaticRasterClear,256,1
36,588.59112399999992,2.3327000000108455,VSM.StaticRasterDraw,9472,1
36,588.59112399999992,2.3327000000108455,VSM.DynamicRasterClear,0,0
36,588.59112399999992,2.3327000000108455,VSM.DynamicRasterDraw,0,0
36,588.59112399999992,2.3327000000108455,VSM.StaticRaster,9728,1
36,588.59112399999992,2.3327000000108455,VSM.UnityCompatibilityRaster,0,0
36,588.59112399999992,2.3327000000108455,VSM.Resolve,6946816,1
36,588.59112399999992,2.3327000000108455,VSM.ResolveTrace,6719744,1
36,588.59112399999992,2.3327000000108455,VSM.FilterHorizontal,65792,1
36,588.59112399999992,2.3327000000108455,VSM.FilterVertical,0,0
36,588.59112399999992,2.3327000000108455,VSM.FilterTemporalVertical,159488,1
36,588.59112399999992,2.3327000000108455,VSM.ResetFeedback,256,1
37,588.6080509,1.9892000000254484,VSM.MarkReceiverPages,1210368,1
37,588.6080509,1.9892000000254484,VSM.AllocationPrepare,9472,1
37,588.6080509,1.9892000000254484,VSM.AllocationCommit,1102080,1
37,588.6080509,1.9892000000254484,VSM.Allocate,1555712,1
37,588.6080509,1.9892000000254484,VSM.ClearPhysicalPages,122880,1
37,588.6080509,1.9892000000254484,VSM.PageOccupancy,2560,1
37,588.6080509,1.9892000000254484,VSM.FinalizePages,2560,1
37,588.6080509,1.9892000000254484,VSM.DynamicRaster,0,0
37,588.6080509,1.9892000000254484,VSM.LayoutRemap,0,1
37,588.6080509,1.9892000000254484,VSM.InvalidateStatic,0,0
37,588.6080509,1.9892000000254484,VSM.InvalidateDynamic,256,1
37,588.6080509,1.9892000000254484,VSM.StaticCasterCull,436480,1
37,588.6080509,1.9892000000254484,VSM.DynamicCasterCull,0,1
37,588.6080509,1.9892000000254484,VSM.PageCull,417280,1
37,588.6080509,1.9892000000254484,VSM.StaticRasterClear,256,1
37,588.6080509,1.9892000000254484,VSM.StaticRasterDraw,6400,1
37,588.6080509,1.9892000000254484,VSM.DynamicRasterClear,0,0
37,588.6080509,1.9892000000254484,VSM.DynamicRasterDraw,0,0
37,588.6080509,1.9892000000254484,VSM.StaticRaster,6656,1
37,588.6080509,1.9892000000254484,VSM.UnityCompatibilityRaster,0,0
37,588.6080509,1.9892000000254484,VSM.Resolve,7421952,1
37,588.6080509,1.9892000000254484,VSM.ResolveTrace,7195648,1
37,588.6080509,1.9892000000254484,VSM.FilterHorizontal,65536,1
37,588.6080509,1.9892000000254484,VSM.FilterVertical,0,0
37,588.6080509,1.9892000000254484,VSM.FilterTemporalVertical,159488,1
37,588.6080509,1.9892000000254484,VSM.ResetFeedback,0,1
38,588.6245898,1.8144000000575033,VSM.MarkReceiverPages,906496,1
38,588.6245898,1.8144000000575033,VSM.AllocationPrepare,9472,1
38,588.6245898,1.8144000000575033,VSM.AllocationCommit,1101824,1
38,588.6245898,1.8144000000575033,VSM.Allocate,1289984,1
38,588.6245898,1.8144000000575033,VSM.ClearPhysicalPages,118528,1
38,588.6245898,1.8144000000575033,VSM.PageOccupancy,2816,1
38,588.6245898,1.8144000000575033,VSM.FinalizePages,1792,1
38,588.6245898,1.8144000000575033,VSM.DynamicRaster,0,0
38,588.6245898,1.8144000000575033,VSM.LayoutRemap,0,1
38,588.6245898,1.8144000000575033,VSM.InvalidateStatic,0,0
38,588.6245898,1.8144000000575033,VSM.InvalidateDynamic,256,1
38,588.6245898,1.8144000000575033,VSM.StaticCasterCull,622336,1
38,588.6245898,1.8144000000575033,VSM.DynamicCasterCull,0,1
38,588.6245898,1.8144000000575033,VSM.PageCull,412160,1
38,588.6245898,1.8144000000575033,VSM.StaticRasterClear,256,1
38,588.6245898,1.8144000000575033,VSM.StaticRasterDraw,8704,1
38,588.6245898,1.8144000000575033,VSM.DynamicRasterClear,0,0
38,588.6245898,1.8144000000575033,VSM.DynamicRasterDraw,0,0
38,588.6245898,1.8144000000575033,VSM.StaticRaster,9216,1
38,588.6245898,1.8144000000575033,VSM.UnityCompatibilityRaster,0,0
38,588.6245898,1.8144000000575033,VSM.Resolve,6849280,1
38,588.6245898,1.8144000000575033,VSM.ResolveTrace,6623232,1
38,588.6245898,1.8144000000575033,VSM.FilterHorizontal,66816,1
38,588.6245898,1.8144000000575033,VSM.FilterVertical,0,0
38,588.6245898,1.8144000000575033,VSM.FilterTemporalVertical,158464,1
38,588.6245898,1.8144000000575033,VSM.ResetFeedback,0,1
39,588.6405295,1.9406000000117274,VSM.MarkReceiverPages,907264,1
39,588.6405295,1.9406000000117274,VSM.AllocationPrepare,9472,1
39,588.6405295,1.9406000000117274,VSM.AllocationCommit,1102080,1
39,588.6405295,1.9406000000117274,VSM.Allocate,1398016,1
39,588.6405295,1.9406000000117274,VSM.ClearPhysicalPages,119552,1
39,588.6405295,1.9406000000117274,VSM.PageOccupancy,2560,1
39,588.6405295,1.9406000000117274,VSM.FinalizePages,2304,1
39,588.6405295,1.9406000000117274,VSM.DynamicRaster,0,0
39,588.6405295,1.9406000000117274,VSM.LayoutRemap,0,1
39,588.6405295,1.9406000000117274,VSM.InvalidateStatic,0,0
39,588.6405295,1.9406000000117274,VSM.InvalidateDynamic,256,1
39,588.6405295,1.9406000000117274,VSM.StaticCasterCull,427008,1
39,588.6405295,1.9406000000117274,VSM.DynamicCasterCull,0,1
39,588.6405295,1.9406000000117274,VSM.PageCull,408064,1
39,588.6405295,1.9406000000117274,VSM.StaticRasterClear,0,1
39,588.6405295,1.9406000000117274,VSM.StaticRasterDraw,3072,1
39,588.6405295,1.9406000000117274,VSM.DynamicRasterClear,0,0
39,588.6405295,1.9406000000117274,VSM.DynamicRasterDraw,0,0
39,588.6405295,1.9406000000117274,VSM.StaticRaster,3328,1
39,588.6405295,1.9406000000117274,VSM.UnityCompatibilityRaster,0,0
39,588.6405295,1.9406000000117274,VSM.Resolve,7302144,1
39,588.6405295,1.9406000000117274,VSM.ResolveTrace,7074304,1
39,588.6405295,1.9406000000117274,VSM.FilterHorizontal,66048,1
39,588.6405295,1.9406000000117274,VSM.FilterVertical,0,0
39,588.6405295,1.9406000000117274,VSM.FilterTemporalVertical,160768,1
39,588.6405295,1.9406000000117274,VSM.ResetFeedback,0,1
40,588.656719,1.927300000033938,VSM.MarkReceiverPages,907008,1
40,588.656719,1.927300000033938,VSM.AllocationPrepare,9472,1
40,588.656719,1.927300000033938,VSM.AllocationCommit,1101568,1
40,588.656719,1.927300000033938,VSM.Allocate,1362944,1
40,588.656719,1.927300000033938,VSM.ClearPhysicalPages,118784,1
40,588.656719,1.927300000033938,VSM.PageOccupancy,2560,1
40,588.656719,1.927300000033938,VSM.FinalizePages,2048,1
40,588.656719,1.927300000033938,VSM.DynamicRaster,0,0
40,588.656719,1.927300000033938,VSM.LayoutRemap,0,1
40,588.656719,1.927300000033938,VSM.InvalidateStatic,0,0
40,588.656719,1.927300000033938,VSM.InvalidateDynamic,256,1
40,588.656719,1.927300000033938,VSM.StaticCasterCull,412160,1
40,588.656719,1.927300000033938,VSM.DynamicCasterCull,0,1
40,588.656719,1.927300000033938,VSM.PageCull,392704,1
40,588.656719,1.927300000033938,VSM.StaticRasterClear,0,1
40,588.656719,1.927300000033938,VSM.StaticRasterDraw,9472,1
40,588.656719,1.927300000033938,VSM.DynamicRasterClear,0,0
40,588.656719,1.927300000033938,VSM.DynamicRasterDraw,0,0
40,588.656719,1.927300000033938,VSM.StaticRaster,9984,1
40,588.656719,1.927300000033938,VSM.UnityCompatibilityRaster,0,0
40,588.656719,1.927300000033938,VSM.Resolve,6976256,1
40,588.656719,1.927300000033938,VSM.ResolveTrace,6749440,1
40,588.656719,1.927300000033938,VSM.FilterHorizontal,65536,1
40,588.656719,1.927300000033938,VSM.FilterVertical,0,0
40,588.656719,1.927300000033938,VSM.FilterTemporalVertical,159744,1
40,588.656719,1.927300000033938,VSM.ResetFeedback,0,1
41,588.6741990999999,2.1729999999706706,VSM.MarkReceiverPages,1111808,1
41,588.6741990999999,2.1729999999706706,VSM.AllocationPrepare,9472,1
41,588.6741990999999,2.1729999999706706,VSM.AllocationCommit,1102336,1
41,588.6741990999999,2.1729999999706706,VSM.Allocate,1112320,1
41,588.6741990999999,2.1729999999706706,VSM.ClearPhysicalPages,119296,1
41,588.6741990999999,2.1729999999706706,VSM.PageOccupancy,2560,1
41,588.6741990999999,2.1729999999706706,VSM.FinalizePages,1792,1
41,588.6741990999999,2.1729999999706706,VSM.DynamicRaster,0,0
41,588.6741990999999,2.1729999999706706,VSM.LayoutRemap,0,1
41,588.6741990999999,2.1729999999706706,VSM.InvalidateStatic,0,0
41,588.6741990999999,2.1729999999706706,VSM.InvalidateDynamic,256,1
41,588.6741990999999,2.1729999999706706,VSM.StaticCasterCull,427520,1
41,588.6741990999999,2.1729999999706706,VSM.DynamicCasterCull,0,1
41,588.6741990999999,2.1729999999706706,VSM.PageCull,408576,1
41,588.6741990999999,2.1729999999706706,VSM.StaticRasterClear,0,1
41,588.6741990999999,2.1729999999706706,VSM.StaticRasterDraw,7168,1
41,588.6741990999999,2.1729999999706706,VSM.DynamicRasterClear,0,0
41,588.6741990999999,2.1729999999706706,VSM.DynamicRasterDraw,0,0
41,588.6741990999999,2.1729999999706706,VSM.StaticRaster,7424,1
41,588.6741990999999,2.1729999999706706,VSM.UnityCompatibilityRaster,0,0
41,588.6741990999999,2.1729999999706706,VSM.Resolve,6714112,1
41,588.6741990999999,2.1729999999706706,VSM.ResolveTrace,6340864,1
41,588.6741990999999,2.1729999999706706,VSM.FilterHorizontal,65792,1
41,588.6741990999999,2.1729999999706706,VSM.FilterVertical,0,0
41,588.6741990999999,2.1729999999706706,VSM.FilterTemporalVertical,159744,1
41,588.6741990999999,2.1729999999706706,VSM.ResetFeedback,0,1
42,588.69084809999993,2.1740999999337873,VSM.MarkReceiverPages,904192,1
42,588.69084809999993,2.1740999999337873,VSM.AllocationPrepare,9216,1
42,588.69084809999993,2.1740999999337873,VSM.AllocationCommit,1102080,1
42,588.69084809999993,2.1740999999337873,VSM.Allocate,1361920,1
42,588.69084809999993,2.1740999999337873,VSM.ClearPhysicalPages,118784,1
42,588.69084809999993,2.1740999999337873,VSM.PageOccupancy,2304,1
42,588.69084809999993,2.1740999999337873,VSM.FinalizePages,1792,1
42,588.69084809999993,2.1740999999337873,VSM.DynamicRaster,0,0
42,588.69084809999993,2.1740999999337873,VSM.LayoutRemap,0,1
42,588.69084809999993,2.1740999999337873,VSM.InvalidateStatic,0,0
42,588.69084809999993,2.1740999999337873,VSM.InvalidateDynamic,256,1
42,588.69084809999993,2.1740999999337873,VSM.StaticCasterCull,434688,1
42,588.69084809999993,2.1740999999337873,VSM.DynamicCasterCull,0,1
42,588.69084809999993,2.1740999999337873,VSM.PageCull,415744,1
42,588.69084809999993,2.1740999999337873,VSM.StaticRasterClear,0,1
42,588.69084809999993,2.1740999999337873,VSM.StaticRasterDraw,3584,1
42,588.69084809999993,2.1740999999337873,VSM.DynamicRasterClear,0,0
42,588.69084809999993,2.1740999999337873,VSM.DynamicRasterDraw,0,0
42,588.69084809999993,2.1740999999337873,VSM.StaticRaster,3840,1
42,588.69084809999993,2.1740999999337873,VSM.UnityCompatibilityRaster,0,0
42,588.69084809999993,2.1740999999337873,VSM.Resolve,7108608,1
42,588.69084809999993,2.1740999999337873,VSM.ResolveTrace,6708224,1
42,588.69084809999993,2.1740999999337873,VSM.FilterHorizontal,66048,1
42,588.69084809999993,2.1740999999337873,VSM.FilterVertical,0,0
42,588.69084809999993,2.1740999999337873,VSM.FilterTemporalVertical,332800,1
42,588.69084809999993,2.1740999999337873,VSM.ResetFeedback,0,1
43,588.70758059999991,1.8412999999100066,VSM.MarkReceiverPages,1303808,1
43,588.70758059999991,1.8412999999100066,VSM.AllocationPrepare,9728,1
43,588.70758059999991,1.8412999999100066,VSM.AllocationCommit,1102080,1
43,588.70758059999991,1.8412999999100066,VSM.Allocate,1112576,1
43,588.70758059999991,1.8412999999100066,VSM.ClearPhysicalPages,119296,1
43,588.70758059999991,1.8412999999100066,VSM.PageOccupancy,2560,1
43,588.70758059999991,1.8412999999100066,VSM.FinalizePages,1792,1
43,588.70758059999991,1.8412999999100066,VSM.DynamicRaster,0,0
43,588.70758059999991,1.8412999999100066,VSM.LayoutRemap,0,1
43,588.70758059999991,1.8412999999100066,VSM.InvalidateStatic,0,0
43,588.70758059999991,1.8412999999100066,VSM.InvalidateDynamic,256,1
43,588.70758059999991,1.8412999999100066,VSM.StaticCasterCull,443136,1
43,588.70758059999991,1.8412999999100066,VSM.DynamicCasterCull,0,1
43,588.70758059999991,1.8412999999100066,VSM.PageCull,423424,1
43,588.70758059999991,1.8412999999100066,VSM.StaticRasterClear,256,1
43,588.70758059999991,1.8412999999100066,VSM.StaticRasterDraw,7936,1
43,588.70758059999991,1.8412999999100066,VSM.DynamicRasterClear,0,0
43,588.70758059999991,1.8412999999100066,VSM.DynamicRasterDraw,0,0
43,588.70758059999991,1.8412999999100066,VSM.StaticRaster,8192,1
43,588.70758059999991,1.8412999999100066,VSM.UnityCompatibilityRaster,0,0
43,588.70758059999991,1.8412999999100066,VSM.Resolve,7255296,1
43,588.70758059999991,1.8412999999100066,VSM.ResolveTrace,7027968,1
43,588.70758059999991,1.8412999999100066,VSM.FilterHorizontal,66304,1
43,588.70758059999991,1.8412999999100066,VSM.FilterVertical,0,0
43,588.70758059999991,1.8412999999100066,VSM.FilterTemporalVertical,160000,1
43,588.70758059999991,1.8412999999100066,VSM.ResetFeedback,0,1
44,588.72408699999994,2.0534000000225205,VSM.MarkReceiverPages,1286912,1
44,588.72408699999994,2.0534000000225205,VSM.AllocationPrepare,9472,1
44,588.72408699999994,2.0534000000225205,VSM.AllocationCommit,1102080,1
44,588.72408699999994,2.0534000000225205,VSM.Allocate,1112320,1
44,588.72408699999994,2.0534000000225205,VSM.ClearPhysicalPages,119296,1
44,588.72408699999994,2.0534000000225205,VSM.PageOccupancy,2560,1
44,588.72408699999994,2.0534000000225205,VSM.FinalizePages,1792,1
44,588.72408699999994,2.0534000000225205,VSM.DynamicRaster,0,0
44,588.72408699999994,2.0534000000225205,VSM.LayoutRemap,0,1
44,588.72408699999994,2.0534000000225205,VSM.InvalidateStatic,0,0
44,588.72408699999994,2.0534000000225205,VSM.InvalidateDynamic,256,1
44,588.72408699999994,2.0534000000225205,VSM.StaticCasterCull,417280,1
44,588.72408699999994,2.0534000000225205,VSM.DynamicCasterCull,0,1
44,588.72408699999994,2.0534000000225205,VSM.PageCull,398336,1
44,588.72408699999994,2.0534000000225205,VSM.StaticRasterClear,0,1
44,588.72408699999994,2.0534000000225205,VSM.StaticRasterDraw,7168,1
44,588.72408699999994,2.0534000000225205,VSM.DynamicRasterClear,0,0
44,588.72408699999994,2.0534000000225205,VSM.DynamicRasterDraw,0,0
44,588.72408699999994,2.0534000000225205,VSM.StaticRaster,7424,1
44,588.72408699999994,2.0534000000225205,VSM.UnityCompatibilityRaster,0,0
44,588.72408699999994,2.0534000000225205,VSM.Resolve,6849024,1
44,588.72408699999994,2.0534000000225205,VSM.ResolveTrace,6623232,1
44,588.72408699999994,2.0534000000225205,VSM.FilterHorizontal,66048,1
44,588.72408699999994,2.0534000000225205,VSM.FilterVertical,0,0
44,588.72408699999994,2.0534000000225205,VSM.FilterTemporalVertical,158464,1
44,588.72408699999994,2.0534000000225205,VSM.ResetFeedback,0,1
45,588.7401208,1.8583000000944594,VSM.MarkReceiverPages,910336,1
45,588.7401208,1.8583000000944594,VSM.AllocationPrepare,9472,1
45,588.7401208,1.8583000000944594,VSM.AllocationCommit,1387776,1
45,588.7401208,1.8583000000944594,VSM.Allocate,1397504,1
45,588.7401208,1.8583000000944594,VSM.ClearPhysicalPages,119552,1
45,588.7401208,1.8583000000944594,VSM.PageOccupancy,2560,1
45,588.7401208,1.8583000000944594,VSM.FinalizePages,2304,1
45,588.7401208,1.8583000000944594,VSM.DynamicRaster,0,0
45,588.7401208,1.8583000000944594,VSM.LayoutRemap,0,1
45,588.7401208,1.8583000000944594,VSM.InvalidateStatic,0,0
45,588.7401208,1.8583000000944594,VSM.InvalidateDynamic,0,1
45,588.7401208,1.8583000000944594,VSM.StaticCasterCull,449536,1
45,588.7401208,1.8583000000944594,VSM.DynamicCasterCull,0,1
45,588.7401208,1.8583000000944594,VSM.PageCull,430592,1
45,588.7401208,1.8583000000944594,VSM.StaticRasterClear,0,1
45,588.7401208,1.8583000000944594,VSM.StaticRasterDraw,7168,1
45,588.7401208,1.8583000000944594,VSM.DynamicRasterClear,0,0
45,588.7401208,1.8583000000944594,VSM.DynamicRasterDraw,0,0
45,588.7401208,1.8583000000944594,VSM.StaticRaster,7424,1
45,588.7401208,1.8583000000944594,VSM.UnityCompatibilityRaster,0,0
45,588.7401208,1.8583000000944594,VSM.Resolve,7221760,1
45,588.7401208,1.8583000000944594,VSM.ResolveTrace,6995456,1
45,588.7401208,1.8583000000944594,VSM.FilterHorizontal,66048,1
45,588.7401208,1.8583000000944594,VSM.FilterVertical,0,0
45,588.7401208,1.8583000000944594,VSM.FilterTemporalVertical,159232,1
45,588.7401208,1.8583000000944594,VSM.ResetFeedback,0,1
46,588.7566063999999,1.765199999908873,VSM.MarkReceiverPages,906752,1
46,588.7566063999999,1.765199999908873,VSM.AllocationPrepare,9216,1
46,588.7566063999999,1.765199999908873,VSM.AllocationCommit,1101824,1
46,588.7566063999999,1.765199999908873,VSM.Allocate,1361920,1
46,588.7566063999999,1.765199999908873,VSM.ClearPhysicalPages,119040,1
46,588.7566063999999,1.765199999908873,VSM.PageOccupancy,2560,1
46,588.7566063999999,1.765199999908873,VSM.FinalizePages,2048,1
46,588.7566063999999,1.765199999908873,VSM.DynamicRaster,0,0
46,588.7566063999999,1.765199999908873,VSM.LayoutRemap,0,1
46,588.7566063999999,1.765199999908873,VSM.InvalidateStatic,0,0
46,588.7566063999999,1.765199999908873,VSM.InvalidateDynamic,256,1
46,588.7566063999999,1.765199999908873,VSM.StaticCasterCull,433152,1
46,588.7566063999999,1.765199999908873,VSM.DynamicCasterCull,0,1
46,588.7566063999999,1.765199999908873,VSM.PageCull,414208,1
46,588.7566063999999,1.765199999908873,VSM.StaticRasterClear,0,1
46,588.7566063999999,1.765199999908873,VSM.StaticRasterDraw,7168,1
46,588.7566063999999,1.765199999908873,VSM.DynamicRasterClear,0,0
46,588.7566063999999,1.765199999908873,VSM.DynamicRasterDraw,0,0
46,588.7566063999999,1.765199999908873,VSM.StaticRaster,7168,1
46,588.7566063999999,1.765199999908873,VSM.UnityCompatibilityRaster,0,0
46,588.7566063999999,1.765199999908873,VSM.Resolve,7059456,1
46,588.7566063999999,1.765199999908873,VSM.ResolveTrace,6832128,1
46,588.7566063999999,1.765199999908873,VSM.FilterHorizontal,66048,1
46,588.7566063999999,1.765199999908873,VSM.FilterVertical,0,0
46,588.7566063999999,1.765199999908873,VSM.FilterTemporalVertical,160256,1
46,588.7566063999999,1.765199999908873,VSM.ResetFeedback,0,1
47,588.7735378,1.8069000000195956,VSM.MarkReceiverPages,1093376,1
47,588.7735378,1.8069000000195956,VSM.AllocationPrepare,9728,1
47,588.7735378,1.8069000000195956,VSM.AllocationCommit,1102080,1
47,588.7735378,1.8069000000195956,VSM.Allocate,1112576,1
47,588.7735378,1.8069000000195956,VSM.ClearPhysicalPages,119040,1
47,588.7735378,1.8069000000195956,VSM.PageOccupancy,2560,1
47,588.7735378,1.8069000000195956,VSM.FinalizePages,1792,1
47,588.7735378,1.8069000000195956,VSM.DynamicRaster,0,0
47,588.7735378,1.8069000000195956,VSM.LayoutRemap,0,1
47,588.7735378,1.8069000000195956,VSM.InvalidateStatic,0,0
47,588.7735378,1.8069000000195956,VSM.InvalidateDynamic,256,1
47,588.7735378,1.8069000000195956,VSM.StaticCasterCull,435712,1
47,588.7735378,1.8069000000195956,VSM.DynamicCasterCull,0,1
47,588.7735378,1.8069000000195956,VSM.PageCull,416768,1
47,588.7735378,1.8069000000195956,VSM.StaticRasterClear,256,1
47,588.7735378,1.8069000000195956,VSM.StaticRasterDraw,6912,1
47,588.7735378,1.8069000000195956,VSM.DynamicRasterClear,0,0
47,588.7735378,1.8069000000195956,VSM.DynamicRasterDraw,0,0
47,588.7735378,1.8069000000195956,VSM.StaticRaster,7168,1
47,588.7735378,1.8069000000195956,VSM.UnityCompatibilityRaster,0,0
47,588.7735378,1.8069000000195956,VSM.Resolve,6488832,1
47,588.7735378,1.8069000000195956,VSM.ResolveTrace,6263552,1
47,588.7735378,1.8069000000195956,VSM.FilterHorizontal,65792,1
47,588.7735378,1.8069000000195956,VSM.FilterVertical,0,0
47,588.7735378,1.8069000000195956,VSM.FilterTemporalVertical,158208,1
47,588.7735378,1.8069000000195956,VSM.ResetFeedback,0,1
48,588.790547,2.5114999999686916,VSM.MarkReceiverPages,902144,1
48,588.790547,2.5114999999686916,VSM.AllocationPrepare,9472,1
48,588.790547,2.5114999999686916,VSM.AllocationCommit,1101824,1
48,588.790547,2.5114999999686916,VSM.Allocate,1372928,1
48,588.790547,2.5114999999686916,VSM.ClearPhysicalPages,118784,1
48,588.790547,2.5114999999686916,VSM.PageOccupancy,2304,1
48,588.790547,2.5114999999686916,VSM.FinalizePages,1792,1
48,588.790547,2.5114999999686916,VSM.DynamicRaster,0,0
48,588.790547,2.5114999999686916,VSM.LayoutRemap,0,1
48,588.790547,2.5114999999686916,VSM.InvalidateStatic,0,0
48,588.790547,2.5114999999686916,VSM.InvalidateDynamic,256,1
48,588.790547,2.5114999999686916,VSM.StaticCasterCull,426752,1
48,588.790547,2.5114999999686916,VSM.DynamicCasterCull,0,1
48,588.790547,2.5114999999686916,VSM.PageCull,408832,1
48,588.790547,2.5114999999686916,VSM.StaticRasterClear,256,1
48,588.790547,2.5114999999686916,VSM.StaticRasterDraw,3328,1
48,588.790547,2.5114999999686916,VSM.DynamicRasterClear,0,0
48,588.790547,2.5114999999686916,VSM.DynamicRasterDraw,0,0
48,588.790547,2.5114999999686916,VSM.StaticRaster,3584,1
48,588.790547,2.5114999999686916,VSM.UnityCompatibilityRaster,0,0
48,588.790547,2.5114999999686916,VSM.Resolve,7163392,1
48,588.790547,2.5114999999686916,VSM.ResolveTrace,6759936,1
48,588.790547,2.5114999999686916,VSM.FilterHorizontal,65024,1
48,588.790547,2.5114999999686916,VSM.FilterVertical,0,0
48,588.790547,2.5114999999686916,VSM.FilterTemporalVertical,337408,1
48,588.790547,2.5114999999686916,VSM.ResetFeedback,0,1
49,588.8072053,1.7421000000013009,VSM.MarkReceiverPages,1296640,1
49,588.8072053,1.7421000000013009,VSM.AllocationPrepare,9216,1
49,588.8072053,1.7421000000013009,VSM.AllocationCommit,1102592,1
49,588.8072053,1.7421000000013009,VSM.Allocate,1112576,1
49,588.8072053,1.7421000000013009,VSM.ClearPhysicalPages,119040,1
49,588.8072053,1.7421000000013009,VSM.PageOccupancy,2560,1
49,588.8072053,1.7421000000013009,VSM.FinalizePages,1792,1
49,588.8072053,1.7421000000013009,VSM.DynamicRaster,0,0
49,588.8072053,1.7421000000013009,VSM.LayoutRemap,0,1
49,588.8072053,1.7421000000013009,VSM.InvalidateStatic,0,0
49,588.8072053,1.7421000000013009,VSM.InvalidateDynamic,256,1
49,588.8072053,1.7421000000013009,VSM.StaticCasterCull,421888,1
49,588.8072053,1.7421000000013009,VSM.DynamicCasterCull,0,1
49,588.8072053,1.7421000000013009,VSM.PageCull,403456,1
49,588.8072053,1.7421000000013009,VSM.StaticRasterClear,0,1
49,588.8072053,1.7421000000013009,VSM.StaticRasterDraw,7168,1
49,588.8072053,1.7421000000013009,VSM.DynamicRasterClear,0,0
49,588.8072053,1.7421000000013009,VSM.DynamicRasterDraw,0,0
49,588.8072053,1.7421000000013009,VSM.StaticRaster,7168,1
49,588.8072053,1.7421000000013009,VSM.UnityCompatibilityRaster,0,0
49,588.8072053,1.7421000000013009,VSM.Resolve,7384832,1
49,588.8072053,1.7421000000013009,VSM.ResolveTrace,7155712,1
49,588.8072053,1.7421000000013009,VSM.FilterHorizontal,66816,1
49,588.8072053,1.7421000000013009,VSM.FilterVertical,0,0
49,588.8072053,1.7421000000013009,VSM.FilterTemporalVertical,160768,1
49,588.8072053,1.7421000000013009,VSM.ResetFeedback,0,1
50,588.823446,1.8703000000641623,VSM.MarkReceiverPages,1079808,1
50,588.823446,1.8703000000641623,VSM.AllocationPrepare,9728,1
50,588.823446,1.8703000000641623,VSM.AllocationCommit,1102080,1
50,588.823446,1.8703000000641623,VSM.Allocate,1112320,1
50,588.823446,1.8703000000641623,VSM.ClearPhysicalPages,119040,1
50,588.823446,1.8703000000641623,VSM.PageOccupancy,2560,1
50,588.823446,1.8703000000641623,VSM.FinalizePages,2048,1
50,588.823446,1.8703000000641623,VSM.DynamicRaster,0,0
50,588.823446,1.8703000000641623,VSM.LayoutRemap,0,1
50,588.823446,1.8703000000641623,VSM.InvalidateStatic,0,0
50,588.823446,1.8703000000641623,VSM.InvalidateDynamic,0,1
50,588.823446,1.8703000000641623,VSM.StaticCasterCull,443392,1
50,588.823446,1.8703000000641623,VSM.DynamicCasterCull,0,1
50,588.823446,1.8703000000641623,VSM.PageCull,424192,1
50,588.823446,1.8703000000641623,VSM.StaticRasterClear,0,1
50,588.823446,1.8703000000641623,VSM.StaticRasterDraw,6912,1
50,588.823446,1.8703000000641623,VSM.DynamicRasterClear,0,0
50,588.823446,1.8703000000641623,VSM.DynamicRasterDraw,0,0
50,588.823446,1.8703000000641623,VSM.StaticRaster,7168,1
50,588.823446,1.8703000000641623,VSM.UnityCompatibilityRaster,0,0
50,588.823446,1.8703000000641623,VSM.Resolve,6601216,1
50,588.823446,1.8703000000641623,VSM.ResolveTrace,6373888,1
50,588.823446,1.8703000000641623,VSM.FilterHorizontal,66048,1
50,588.823446,1.8703000000641623,VSM.FilterVertical,0,0
50,588.823446,1.8703000000641623,VSM.FilterTemporalVertical,160256,1
50,588.823446,1.8703000000641623,VSM.ResetFeedback,0,1
51,588.8394919,1.7508000000816537,VSM.MarkReceiverPages,910592,1
51,588.8394919,1.7508000000816537,VSM.AllocationPrepare,9216,1
51,588.8394919,1.7508000000816537,VSM.AllocationCommit,1102080,1
51,588.8394919,1.7508000000816537,VSM.Allocate,1393408,1
51,588.8394919,1.7508000000816537,VSM.ClearPhysicalPages,119296,1
51,588.8394919,1.7508000000816537,VSM.PageOccupancy,2560,1
51,588.8394919,1.7508000000816537,VSM.FinalizePages,2304,1
51,588.8394919,1.7508000000816537,VSM.DynamicRaster,0,0
51,588.8394919,1.7508000000816537,VSM.LayoutRemap,0,1
51,588.8394919,1.7508000000816537,VSM.InvalidateStatic,0,0
51,588.8394919,1.7508000000816537,VSM.InvalidateDynamic,256,1
51,588.8394919,1.7508000000816537,VSM.StaticCasterCull,432640,1
51,588.8394919,1.7508000000816537,VSM.DynamicCasterCull,0,1
51,588.8394919,1.7508000000816537,VSM.PageCull,413440,1
51,588.8394919,1.7508000000816537,VSM.StaticRasterClear,0,1
51,588.8394919,1.7508000000816537,VSM.StaticRasterDraw,6912,1
51,588.8394919,1.7508000000816537,VSM.DynamicRasterClear,0,0
51,588.8394919,1.7508000000816537,VSM.DynamicRasterDraw,0,0
51,588.8394919,1.7508000000816537,VSM.StaticRaster,7168,1
51,588.8394919,1.7508000000816537,VSM.UnityCompatibilityRaster,0,0
51,588.8394919,1.7508000000816537,VSM.Resolve,7062272,1
51,588.8394919,1.7508000000816537,VSM.ResolveTrace,6835712,1
51,588.8394919,1.7508000000816537,VSM.FilterHorizontal,65024,1
51,588.8394919,1.7508000000816537,VSM.FilterVertical,0,0
51,588.8394919,1.7508000000816537,VSM.FilterTemporalVertical,160000,1
51,588.8394919,1.7508000000816537,VSM.ResetFeedback,0,1
52,588.8555169,1.8698000000085813,VSM.MarkReceiverPages,900352,1
52,588.8555169,1.8698000000085813,VSM.AllocationPrepare,9216,1
52,588.8555169,1.8698000000085813,VSM.AllocationCommit,1101824,1
52,588.8555169,1.8698000000085813,VSM.Allocate,1378816,1
52,588.8555169,1.8698000000085813,VSM.ClearPhysicalPages,119040,1
52,588.8555169,1.8698000000085813,VSM.PageOccupancy,2560,1
52,588.8555169,1.8698000000085813,VSM.FinalizePages,2048,1
52,588.8555169,1.8698000000085813,VSM.DynamicRaster,0,0
52,588.8555169,1.8698000000085813,VSM.LayoutRemap,0,1
52,588.8555169,1.8698000000085813,VSM.InvalidateStatic,0,0
52,588.8555169,1.8698000000085813,VSM.InvalidateDynamic,0,1
52,588.8555169,1.8698000000085813,VSM.StaticCasterCull,410368,1
52,588.8555169,1.8698000000085813,VSM.DynamicCasterCull,0,1
52,588.8555169,1.8698000000085813,VSM.PageCull,390912,1
52,588.8555169,1.8698000000085813,VSM.StaticRasterClear,0,1
52,588.8555169,1.8698000000085813,VSM.StaticRasterDraw,7168,1
52,588.8555169,1.8698000000085813,VSM.DynamicRasterClear,0,0
52,588.8555169,1.8698000000085813,VSM.DynamicRasterDraw,0,0
52,588.8555169,1.8698000000085813,VSM.StaticRaster,7168,1
52,588.8555169,1.8698000000085813,VSM.UnityCompatibilityRaster,0,0
52,588.8555169,1.8698000000085813,VSM.Resolve,6802688,1
52,588.8555169,1.8698000000085813,VSM.ResolveTrace,6577152,1
52,588.8555169,1.8698000000085813,VSM.FilterHorizontal,66048,1
52,588.8555169,1.8698000000085813,VSM.FilterVertical,0,0
52,588.8555169,1.8698000000085813,VSM.FilterTemporalVertical,158208,1
52,588.8555169,1.8698000000085813,VSM.ResetFeedback,0,1
53,588.87262,1.8895000000611617,VSM.MarkReceiverPages,899328,1
53,588.87262,1.8895000000611617,VSM.AllocationPrepare,9472,1
53,588.87262,1.8895000000611617,VSM.AllocationCommit,1101824,1
53,588.87262,1.8895000000611617,VSM.Allocate,1288960,1
53,588.87262,1.8895000000611617,VSM.ClearPhysicalPages,118784,1
53,588.87262,1.8895000000611617,VSM.PageOccupancy,2560,1
53,588.87262,1.8895000000611617,VSM.FinalizePages,1792,1
53,588.87262,1.8895000000611617,VSM.DynamicRaster,0,0
53,588.87262,1.8895000000611617,VSM.LayoutRemap,0,1
53,588.87262,1.8895000000611617,VSM.InvalidateStatic,0,0
53,588.87262,1.8895000000611617,VSM.InvalidateDynamic,256,1
53,588.87262,1.8895000000611617,VSM.StaticCasterCull,431104,1
53,588.87262,1.8895000000611617,VSM.DynamicCasterCull,0,1
53,588.87262,1.8895000000611617,VSM.PageCull,411904,1
53,588.87262,1.8895000000611617,VSM.StaticRasterClear,256,1
53,588.87262,1.8895000000611617,VSM.StaticRasterDraw,5120,1
53,588.87262,1.8895000000611617,VSM.DynamicRasterClear,0,0
53,588.87262,1.8895000000611617,VSM.DynamicRasterDraw,0,0
53,588.87262,1.8895000000611617,VSM.StaticRaster,5376,1
53,588.87262,1.8895000000611617,VSM.UnityCompatibilityRaster,0,0
53,588.87262,1.8895000000611617,VSM.Resolve,7220480,1
53,588.87262,1.8895000000611617,VSM.ResolveTrace,6992640,1
53,588.87262,1.8895000000611617,VSM.FilterHorizontal,67072,1
53,588.87262,1.8895000000611617,VSM.FilterVertical,0,0
53,588.87262,1.8895000000611617,VSM.FilterTemporalVertical,160000,1
53,588.87262,1.8895000000611617,VSM.ResetFeedback,0,1
54,588.8885780999999,1.9955999999865526,VSM.MarkReceiverPages,900096,1
54,588.8885780999999,1.9955999999865526,VSM.AllocationPrepare,9472,1
54,588.8885780999999,1.9955999999865526,VSM.AllocationCommit,1102080,1
54,588.8885780999999,1.9955999999865526,VSM.Allocate,1111808,1
54,588.8885780999999,1.9955999999865526,VSM.ClearPhysicalPages,119040,1
54,588.8885780999999,1.9955999999865526,VSM.PageOccupancy,2560,1
54,588.8885780999999,1.9955999999865526,VSM.FinalizePages,2048,1
54,588.8885780999999,1.9955999999865526,VSM.DynamicRaster,0,0
54,588.8885780999999,1.9955999999865526,VSM.LayoutRemap,0,1
54,588.8885780999999,1.9955999999865526,VSM.InvalidateStatic,0,0
54,588.8885780999999,1.9955999999865526,VSM.InvalidateDynamic,0,1
54,588.8885780999999,1.9955999999865526,VSM.StaticCasterCull,419840,1
54,588.8885780999999,1.9955999999865526,VSM.DynamicCasterCull,0,1
54,588.8885780999999,1.9955999999865526,VSM.PageCull,401152,1
54,588.8885780999999,1.9955999999865526,VSM.StaticRasterClear,256,1
54,588.8885780999999,1.9955999999865526,VSM.StaticRasterDraw,3840,1
54,588.8885780999999,1.9955999999865526,VSM.DynamicRasterClear,0,0
54,588.8885780999999,1.9955999999865526,VSM.DynamicRasterDraw,0,0
54,588.8885780999999,1.9955999999865526,VSM.StaticRaster,4096,1
54,588.8885780999999,1.9955999999865526,VSM.UnityCompatibilityRaster,0,0
54,588.8885780999999,1.9955999999865526,VSM.Resolve,6992128,1
54,588.8885780999999,1.9955999999865526,VSM.ResolveTrace,6765056,1
54,588.8885780999999,1.9955999999865526,VSM.FilterHorizontal,65280,1
54,588.8885780999999,1.9955999999865526,VSM.FilterVertical,0,0
54,588.8885780999999,1.9955999999865526,VSM.FilterTemporalVertical,160768,1
54,588.8885780999999,1.9955999999865526,VSM.ResetFeedback,0,1
55,588.90512459999991,1.826299999947878,VSM.MarkReceiverPages,1219328,1
55,588.90512459999991,1.826299999947878,VSM.AllocationPrepare,9472,1
55,588.90512459999991,1.826299999947878,VSM.AllocationCommit,1102080,1
55,588.90512459999991,1.826299999947878,VSM.Allocate,1112064,1
55,588.90512459999991,1.826299999947878,VSM.ClearPhysicalPages,118784,1
55,588.90512459999991,1.826299999947878,VSM.PageOccupancy,2560,1
55,588.90512459999991,1.826299999947878,VSM.FinalizePages,2048,1
55,588.90512459999991,1.826299999947878,VSM.DynamicRaster,0,0
55,588.90512459999991,1.826299999947878,VSM.LayoutRemap,0,1
55,588.90512459999991,1.826299999947878,VSM.InvalidateStatic,0,0
55,588.90512459999991,1.826299999947878,VSM.InvalidateDynamic,256,1
55,588.90512459999991,1.826299999947878,VSM.StaticCasterCull,425216,1
55,588.90512459999991,1.826299999947878,VSM.DynamicCasterCull,0,1
55,588.90512459999991,1.826299999947878,VSM.PageCull,405760,1
55,588.90512459999991,1.826299999947878,VSM.StaticRasterClear,0,1
55,588.90512459999991,1.826299999947878,VSM.StaticRasterDraw,6912,1
55,588.90512459999991,1.826299999947878,VSM.DynamicRasterClear,0,0
55,588.90512459999991,1.826299999947878,VSM.DynamicRasterDraw,0,0
55,588.90512459999991,1.826299999947878,VSM.StaticRaster,7168,1
55,588.90512459999991,1.826299999947878,VSM.UnityCompatibilityRaster,0,0
55,588.90512459999991,1.826299999947878,VSM.Resolve,7759104,1
55,588.90512459999991,1.826299999947878,VSM.ResolveTrace,7532544,1
55,588.90512459999991,1.826299999947878,VSM.FilterHorizontal,66560,1
55,588.90512459999991,1.826299999947878,VSM.FilterVertical,0,0
55,588.90512459999991,1.826299999947878,VSM.FilterTemporalVertical,159232,1
55,588.90512459999991,1.826299999947878,VSM.ResetFeedback,0,1
56,588.9214809,2.2480000000086875,VSM.MarkReceiverPages,904448,1
56,588.9214809,2.2480000000086875,VSM.AllocationPrepare,9472,1
56,588.9214809,2.2480000000086875,VSM.AllocationCommit,1101568,1
56,588.9214809,2.2480000000086875,VSM.Allocate,1111296,1
56,588.9214809,2.2480000000086875,VSM.ClearPhysicalPages,119040,1
56,588.9214809,2.2480000000086875,VSM.PageOccupancy,2560,1
56,588.9214809,2.2480000000086875,VSM.FinalizePages,1536,1
56,588.9214809,2.2480000000086875,VSM.DynamicRaster,0,0
56,588.9214809,2.2480000000086875,VSM.LayoutRemap,0,1
56,588.9214809,2.2480000000086875,VSM.InvalidateStatic,0,0
56,588.9214809,2.2480000000086875,VSM.InvalidateDynamic,0,1
56,588.9214809,2.2480000000086875,VSM.StaticCasterCull,591872,1
56,588.9214809,2.2480000000086875,VSM.DynamicCasterCull,0,1
56,588.9214809,2.2480000000086875,VSM.PageCull,404736,1
56,588.9214809,2.2480000000086875,VSM.StaticRasterClear,256,1
56,588.9214809,2.2480000000086875,VSM.StaticRasterDraw,7168,1
56,588.9214809,2.2480000000086875,VSM.DynamicRasterClear,0,0
56,588.9214809,2.2480000000086875,VSM.DynamicRasterDraw,0,0
56,588.9214809,2.2480000000086875,VSM.StaticRaster,7680,1
56,588.9214809,2.2480000000086875,VSM.UnityCompatibilityRaster,0,0
56,588.9214809,2.2480000000086875,VSM.Resolve,6917888,1
56,588.9214809,2.2480000000086875,VSM.ResolveTrace,6689024,1
56,588.9214809,2.2480000000086875,VSM.FilterHorizontal,67584,1
56,588.9214809,2.2480000000086875,VSM.FilterVertical,0,0
56,588.9214809,2.2480000000086875,VSM.FilterTemporalVertical,160256,1
56,588.9214809,2.2480000000086875,VSM.ResetFeedback,0,1
57,588.93782549999992,2.1379999999453503,VSM.MarkReceiverPages,1082624,1
57,588.93782549999992,2.1379999999453503,VSM.AllocationPrepare,9472,1
57,588.93782549999992,2.1379999999453503,VSM.AllocationCommit,1102080,1
57,588.93782549999992,2.1379999999453503,VSM.Allocate,1112320,1
57,588.93782549999992,2.1379999999453503,VSM.ClearPhysicalPages,118784,1
57,588.93782549999992,2.1379999999453503,VSM.PageOccupancy,2560,1
57,588.93782549999992,2.1379999999453503,VSM.FinalizePages,1792,1
57,588.93782549999992,2.1379999999453503,VSM.DynamicRaster,0,0
57,588.93782549999992,2.1379999999453503,VSM.LayoutRemap,0,1
57,588.93782549999992,2.1379999999453503,VSM.InvalidateStatic,0,0
57,588.93782549999992,2.1379999999453503,VSM.InvalidateDynamic,256,1
57,588.93782549999992,2.1379999999453503,VSM.StaticCasterCull,427776,1
57,588.93782549999992,2.1379999999453503,VSM.DynamicCasterCull,0,1
57,588.93782549999992,2.1379999999453503,VSM.PageCull,409088,1
57,588.93782549999992,2.1379999999453503,VSM.StaticRasterClear,0,1
57,588.93782549999992,2.1379999999453503,VSM.StaticRasterDraw,4352,1
57,588.93782549999992,2.1379999999453503,VSM.DynamicRasterClear,0,0
57,588.93782549999992,2.1379999999453503,VSM.DynamicRasterDraw,0,0
57,588.93782549999992,2.1379999999453503,VSM.StaticRaster,4608,1
57,588.93782549999992,2.1379999999453503,VSM.UnityCompatibilityRaster,0,0
57,588.93782549999992,2.1379999999453503,VSM.Resolve,7255296,1
57,588.93782549999992,2.1379999999453503,VSM.ResolveTrace,7025152,1
57,588.93782549999992,2.1379999999453503,VSM.FilterHorizontal,67584,1
57,588.93782549999992,2.1379999999453503,VSM.FilterVertical,0,0
57,588.93782549999992,2.1379999999453503,VSM.FilterTemporalVertical,161536,1
57,588.93782549999992,2.1379999999453503,VSM.ResetFeedback,0,1
58,588.95494339999993,2.0525999999563282,VSM.MarkReceiverPages,901632,1
58,588.95494339999993,2.0525999999563282,VSM.AllocationPrepare,9216,1
58,588.95494339999993,2.0525999999563282,VSM.AllocationCommit,1101824,1
58,588.95494339999993,2.0525999999563282,VSM.Allocate,1276928,1
58,588.95494339999993,2.0525999999563282,VSM.ClearPhysicalPages,118784,1
58,588.95494339999993,2.0525999999563282,VSM.PageOccupancy,2560,1
58,588.95494339999993,2.0525999999563282,VSM.FinalizePages,1792,1
58,588.95494339999993,2.0525999999563282,VSM.DynamicRaster,0,0
58,588.95494339999993,2.0525999999563282,VSM.LayoutRemap,0,1
58,588.95494339999993,2.0525999999563282,VSM.InvalidateStatic,0,0
58,588.95494339999993,2.0525999999563282,VSM.InvalidateDynamic,256,1
58,588.95494339999993,2.0525999999563282,VSM.StaticCasterCull,430848,1
58,588.95494339999993,2.0525999999563282,VSM.DynamicCasterCull,0,1
58,588.95494339999993,2.0525999999563282,VSM.PageCull,411648,1
58,588.95494339999993,2.0525999999563282,VSM.StaticRasterClear,256,1
58,588.95494339999993,2.0525999999563282,VSM.StaticRasterDraw,7168,1
58,588.95494339999993,2.0525999999563282,VSM.DynamicRasterClear,0,0
58,588.95494339999993,2.0525999999563282,VSM.DynamicRasterDraw,0,0
58,588.95494339999993,2.0525999999563282,VSM.StaticRaster,7424,1
58,588.95494339999993,2.0525999999563282,VSM.UnityCompatibilityRaster,0,0
58,588.95494339999993,2.0525999999563282,VSM.Resolve,6907136,1
58,588.95494339999993,2.0525999999563282,VSM.ResolveTrace,6678784,1
58,588.95494339999993,2.0525999999563282,VSM.FilterHorizontal,65280,1
58,588.95494339999993,2.0525999999563282,VSM.FilterVertical,0,0
58,588.95494339999993,2.0525999999563282,VSM.FilterTemporalVertical,161792,1
58,588.95494339999993,2.0525999999563282,VSM.ResetFeedback,0,1
59,588.9715428,1.9397999999455351,VSM.MarkReceiverPages,909568,1
59,588.9715428,1.9397999999455351,VSM.AllocationPrepare,9216,1
59,588.9715428,1.9397999999455351,VSM.AllocationCommit,1101568,1
59,588.9715428,1.9397999999455351,VSM.Allocate,1591296,1
59,588.9715428,1.9397999999455351,VSM.ClearPhysicalPages,122368,1
59,588.9715428,1.9397999999455351,VSM.PageOccupancy,2560,1
59,588.9715428,1.9397999999455351,VSM.FinalizePages,2560,1
59,588.9715428,1.9397999999455351,VSM.DynamicRaster,0,0
59,588.9715428,1.9397999999455351,VSM.LayoutRemap,0,1
59,588.9715428,1.9397999999455351,VSM.InvalidateStatic,0,0
59,588.9715428,1.9397999999455351,VSM.InvalidateDynamic,256,1
59,588.9715428,1.9397999999455351,VSM.StaticCasterCull,419072,1
59,588.9715428,1.9397999999455351,VSM.DynamicCasterCull,0,1
59,588.9715428,1.9397999999455351,VSM.PageCull,400384,1
59,588.9715428,1.9397999999455351,VSM.StaticRasterClear,0,1
59,588.9715428,1.9397999999455351,VSM.StaticRasterDraw,4352,1
59,588.9715428,1.9397999999455351,VSM.DynamicRasterClear,0,0
59,588.9715428,1.9397999999455351,VSM.DynamicRasterDraw,0,0
59,588.9715428,1.9397999999455351,VSM.StaticRaster,4608,1
59,588.9715428,1.9397999999455351,VSM.UnityCompatibilityRaster,0,0
59,588.9715428,1.9397999999455351,VSM.Resolve,6476800,1
59,588.9715428,1.9397999999455351,VSM.ResolveTrace,6253056,1
59,588.9715428,1.9397999999455351,VSM.FilterHorizontal,64768,1
59,588.9715428,1.9397999999455351,VSM.FilterVertical,0,0
59,588.9715428,1.9397999999455351,VSM.FilterTemporalVertical,157696,1
59,588.9715428,1.9397999999455351,VSM.ResetFeedback,0,1
60,588.98821219999991,2.0647999999710009,VSM.MarkReceiverPages,904192,1
60,588.98821219999991,2.0647999999710009,VSM.AllocationPrepare,9728,1
60,588.98821219999991,2.0647999999710009,VSM.AllocationCommit,1102080,1
60,588.98821219999991,2.0647999999710009,VSM.Allocate,1111808,1
60,588.98821219999991,2.0647999999710009,VSM.ClearPhysicalPages,118784,1
60,588.98821219999991,2.0647999999710009,VSM.PageOccupancy,2560,1
60,588.98821219999991,2.0647999999710009,VSM.FinalizePages,1536,1
60,588.98821219999991,2.0647999999710009,VSM.DynamicRaster,0,0
60,588.98821219999991,2.0647999999710009,VSM.LayoutRemap,0,1
60,588.98821219999991,2.0647999999710009,VSM.InvalidateStatic,0,0
60,588.98821219999991,2.0647999999710009,VSM.InvalidateDynamic,256,1
60,588.98821219999991,2.0647999999710009,VSM.StaticCasterCull,448256,1
60,588.98821219999991,2.0647999999710009,VSM.DynamicCasterCull,0,1
60,588.98821219999991,2.0647999999710009,VSM.PageCull,428800,1
60,588.98821219999991,2.0647999999710009,VSM.StaticRasterClear,256,1
60,588.98821219999991,2.0647999999710009,VSM.StaticRasterDraw,3072,1
60,588.98821219999991,2.0647999999710009,VSM.DynamicRasterClear,0,0
60,588.98821219999991,2.0647999999710009,VSM.DynamicRasterDraw,0,0
60,588.98821219999991,2.0647999999710009,VSM.StaticRaster,3328,1
60,588.98821219999991,2.0647999999710009,VSM.UnityCompatibilityRaster,0,0
60,588.98821219999991,2.0647999999710009,VSM.Resolve,7138560,1
60,588.98821219999991,2.0647999999710009,VSM.ResolveTrace,6913536,1
60,588.98821219999991,2.0647999999710009,VSM.FilterHorizontal,65536,1
60,588.98821219999991,2.0647999999710009,VSM.FilterVertical,0,0
60,588.98821219999991,2.0647999999710009,VSM.FilterTemporalVertical,158464,1
60,588.98821219999991,2.0647999999710009,VSM.ResetFeedback,0,1
61,589.0052103999999,1.8425999999180931,VSM.MarkReceiverPages,906496,1
61,589.0052103999999,1.8425999999180931,VSM.AllocationPrepare,9472,1
61,589.0052103999999,1.8425999999180931,VSM.AllocationCommit,1102336,1
61,589.0052103999999,1.8425999999180931,VSM.Allocate,1299456,1
61,589.0052103999999,1.8425999999180931,VSM.ClearPhysicalPages,118784,1
61,589.0052103999999,1.8425999999180931,VSM.PageOccupancy,2304,1
61,589.0052103999999,1.8425999999180931,VSM.FinalizePages,1792,1
61,589.0052103999999,1.8425999999180931,VSM.DynamicRaster,0,0
61,589.0052103999999,1.8425999999180931,VSM.LayoutRemap,0,1
61,589.0052103999999,1.8425999999180931,VSM.InvalidateStatic,0,0
61,589.0052103999999,1.8425999999180931,VSM.InvalidateDynamic,256,1
61,589.0052103999999,1.8425999999180931,VSM.StaticCasterCull,419328,1
61,589.0052103999999,1.8425999999180931,VSM.DynamicCasterCull,0,1
61,589.0052103999999,1.8425999999180931,VSM.PageCull,400128,1
61,589.0052103999999,1.8425999999180931,VSM.StaticRasterClear,0,1
61,589.0052103999999,1.8425999999180931,VSM.StaticRasterDraw,7168,1
61,589.0052103999999,1.8425999999180931,VSM.DynamicRasterClear,0,0
61,589.0052103999999,1.8425999999180931,VSM.DynamicRasterDraw,0,0
61,589.0052103999999,1.8425999999180931,VSM.StaticRaster,7424,1
61,589.0052103999999,1.8425999999180931,VSM.UnityCompatibilityRaster,0,0
61,589.0052103999999,1.8425999999180931,VSM.Resolve,7579648,1
61,589.0052103999999,1.8425999999180931,VSM.ResolveTrace,7351808,1
61,589.0052103999999,1.8425999999180931,VSM.FilterHorizontal,65792,1
61,589.0052103999999,1.8425999999180931,VSM.FilterVertical,0,0
61,589.0052103999999,1.8425999999180931,VSM.FilterTemporalVertical,161024,1
61,589.0052103999999,1.8425999999180931,VSM.ResetFeedback,0,1
62,589.0215,1.9611000000168133,VSM.MarkReceiverPages,904192,1
62,589.0215,1.9611000000168133,VSM.AllocationPrepare,9216,1
62,589.0215,1.9611000000168133,VSM.AllocationCommit,1102080,1
62,589.0215,1.9611000000168133,VSM.Allocate,1111552,1
62,589.0215,1.9611000000168133,VSM.ClearPhysicalPages,118784,1
62,589.0215,1.9611000000168133,VSM.PageOccupancy,2560,1
62,589.0215,1.9611000000168133,VSM.FinalizePages,2048,1
62,589.0215,1.9611000000168133,VSM.DynamicRaster,0,0
62,589.0215,1.9611000000168133,VSM.LayoutRemap,0,1
62,589.0215,1.9611000000168133,VSM.InvalidateStatic,0,0
62,589.0215,1.9611000000168133,VSM.InvalidateDynamic,0,1
62,589.0215,1.9611000000168133,VSM.StaticCasterCull,426240,1
62,589.0215,1.9611000000168133,VSM.DynamicCasterCull,0,1
62,589.0215,1.9611000000168133,VSM.PageCull,407040,1
62,589.0215,1.9611000000168133,VSM.StaticRasterClear,0,1
62,589.0215,1.9611000000168133,VSM.StaticRasterDraw,4352,1
62,589.0215,1.9611000000168133,VSM.DynamicRasterClear,0,0
62,589.0215,1.9611000000168133,VSM.DynamicRasterDraw,0,0
62,589.0215,1.9611000000168133,VSM.StaticRaster,4352,1
62,589.0215,1.9611000000168133,VSM.UnityCompatibilityRaster,0,0
62,589.0215,1.9611000000168133,VSM.Resolve,6926336,1
62,589.0215,1.9611000000168133,VSM.ResolveTrace,6443264,1
62,589.0215,1.9611000000168133,VSM.FilterHorizontal,65280,1
62,589.0215,1.9611000000168133,VSM.FilterVertical,0,0
62,589.0215,1.9611000000168133,VSM.FilterTemporalVertical,416512,1
62,589.0215,1.9611000000168133,VSM.ResetFeedback,0,1
63,589.0374112,1.7575000000533691,VSM.MarkReceiverPages,910080,1
63,589.0374112,1.7575000000533691,VSM.AllocationPrepare,9472,1
63,589.0374112,1.7575000000533691,VSM.AllocationCommit,1101824,1
63,589.0374112,1.7575000000533691,VSM.Allocate,1769984,1
63,589.0374112,1.7575000000533691,VSM.ClearPhysicalPages,121856,1
63,589.0374112,1.7575000000533691,VSM.PageOccupancy,2560,1
63,589.0374112,1.7575000000533691,VSM.FinalizePages,2816,1
63,589.0374112,1.7575000000533691,VSM.DynamicRaster,0,0
63,589.0374112,1.7575000000533691,VSM.LayoutRemap,0,1
63,589.0374112,1.7575000000533691,VSM.InvalidateStatic,0,0
63,589.0374112,1.7575000000533691,VSM.InvalidateDynamic,512,1
63,589.0374112,1.7575000000533691,VSM.StaticCasterCull,415744,1
63,589.0374112,1.7575000000533691,VSM.DynamicCasterCull,0,1
63,589.0374112,1.7575000000533691,VSM.PageCull,396544,1
63,589.0374112,1.7575000000533691,VSM.StaticRasterClear,0,1
63,589.0374112,1.7575000000533691,VSM.StaticRasterDraw,6912,1
63,589.0374112,1.7575000000533691,VSM.DynamicRasterClear,0,0
63,589.0374112,1.7575000000533691,VSM.DynamicRasterDraw,0,0
63,589.0374112,1.7575000000533691,VSM.StaticRaster,7168,1
63,589.0374112,1.7575000000533691,VSM.UnityCompatibilityRaster,0,0
63,589.0374112,1.7575000000533691,VSM.Resolve,7410176,1
63,589.0374112,1.7575000000533691,VSM.ResolveTrace,7180800,1
63,589.0374112,1.7575000000533691,VSM.FilterHorizontal,67584,1
63,589.0374112,1.7575000000533691,VSM.FilterVertical,0,0
63,589.0374112,1.7575000000533691,VSM.FilterTemporalVertical,160512,1
63,589.0374112,1.7575000000533691,VSM.ResetFeedback,0,1
64,589.05376549999994,1.9985999999789783,VSM.MarkReceiverPages,907520,1
64,589.05376549999994,1.9985999999789783,VSM.AllocationPrepare,9472,1
64,589.05376549999994,1.9985999999789783,VSM.AllocationCommit,1102336,1
64,589.05376549999994,1.9985999999789783,VSM.Allocate,1284864,1
64,589.05376549999994,1.9985999999789783,VSM.ClearPhysicalPages,118784,1
64,589.05376549999994,1.9985999999789783,VSM.PageOccupancy,2816,1
64,589.05376549999994,1.9985999999789783,VSM.FinalizePages,1792,1
64,589.05376549999994,1.9985999999789783,VSM.DynamicRaster,0,0
64,589.05376549999994,1.9985999999789783,VSM.LayoutRemap,0,1
64,589.05376549999994,1.9985999999789783,VSM.InvalidateStatic,0,0
64,589.05376549999994,1.9985999999789783,VSM.InvalidateDynamic,0,1
64,589.05376549999994,1.9985999999789783,VSM.StaticCasterCull,438272,1
64,589.05376549999994,1.9985999999789783,VSM.DynamicCasterCull,0,1
64,589.05376549999994,1.9985999999789783,VSM.PageCull,419072,1
64,589.05376549999994,1.9985999999789783,VSM.StaticRasterClear,0,1
64,589.05376549999994,1.9985999999789783,VSM.StaticRasterDraw,3328,1
64,589.05376549999994,1.9985999999789783,VSM.DynamicRasterClear,0,0
64,589.05376549999994,1.9985999999789783,VSM.DynamicRasterDraw,0,0
64,589.05376549999994,1.9985999999789783,VSM.StaticRaster,3328,1
64,589.05376549999994,1.9985999999789783,VSM.UnityCompatibilityRaster,0,0
64,589.05376549999994,1.9985999999789783,VSM.Resolve,7179008,1
64,589.05376549999994,1.9985999999789783,VSM.ResolveTrace,6693888,1
64,589.05376549999994,1.9985999999789783,VSM.FilterHorizontal,65280,1
64,589.05376549999994,1.9985999999789783,VSM.FilterVertical,0,0
64,589.05376549999994,1.9985999999789783,VSM.FilterTemporalVertical,418816,1
64,589.05376549999994,1.9985999999789783,VSM.ResetFeedback,0,1
65,589.0713966,2.0729999999957727,VSM.MarkReceiverPages,901888,1
65,589.0713966,2.0729999999957727,VSM.AllocationPrepare,9472,1
65,589.0713966,2.0729999999957727,VSM.AllocationCommit,1102080,1
65,589.0713966,2.0729999999957727,VSM.Allocate,1111552,1
65,589.0713966,2.0729999999957727,VSM.ClearPhysicalPages,119040,1
65,589.0713966,2.0729999999957727,VSM.PageOccupancy,2304,1
65,589.0713966,2.0729999999957727,VSM.FinalizePages,1536,1
65,589.0713966,2.0729999999957727,VSM.DynamicRaster,0,0
65,589.0713966,2.0729999999957727,VSM.LayoutRemap,0,1
65,589.0713966,2.0729999999957727,VSM.InvalidateStatic,0,0
65,589.0713966,2.0729999999957727,VSM.InvalidateDynamic,256,1
65,589.0713966,2.0729999999957727,VSM.StaticCasterCull,419328,1
65,589.0713966,2.0729999999957727,VSM.DynamicCasterCull,0,1
65,589.0713966,2.0729999999957727,VSM.PageCull,400384,1
65,589.0713966,2.0729999999957727,VSM.StaticRasterClear,256,1
65,589.0713966,2.0729999999957727,VSM.StaticRasterDraw,7680,1
65,589.0713966,2.0729999999957727,VSM.DynamicRasterClear,0,0
65,589.0713966,2.0729999999957727,VSM.DynamicRasterDraw,0,0
65,589.0713966,2.0729999999957727,VSM.StaticRaster,7936,1
65,589.0713966,2.0729999999957727,VSM.UnityCompatibilityRaster,0,0
65,589.0713966,2.0729999999957727,VSM.Resolve,7235840,1
65,589.0713966,2.0729999999957727,VSM.ResolveTrace,6757632,1
65,589.0713966,2.0729999999957727,VSM.FilterHorizontal,65280,1
65,589.0713966,2.0729999999957727,VSM.FilterVertical,0,0
65,589.0713966,2.0729999999957727,VSM.FilterTemporalVertical,411904,1
65,589.0713966,2.0729999999957727,VSM.ResetFeedback,0,1
66,589.087419,1.8035000000509172,VSM.MarkReceiverPages,907776,1
66,589.087419,1.8035000000509172,VSM.AllocationPrepare,9472,1
66,589.087419,1.8035000000509172,VSM.AllocationCommit,1102080,1
66,589.087419,1.8035000000509172,VSM.Allocate,1469184,1
66,589.087419,1.8035000000509172,VSM.ClearPhysicalPages,119040,1
66,589.087419,1.8035000000509172,VSM.PageOccupancy,2560,1
66,589.087419,1.8035000000509172,VSM.FinalizePages,1792,1
66,589.087419,1.8035000000509172,VSM.DynamicRaster,0,0
66,589.087419,1.8035000000509172,VSM.LayoutRemap,0,1
66,589.087419,1.8035000000509172,VSM.InvalidateStatic,0,0
66,589.087419,1.8035000000509172,VSM.InvalidateDynamic,0,1
66,589.087419,1.8035000000509172,VSM.StaticCasterCull,417536,1
66,589.087419,1.8035000000509172,VSM.DynamicCasterCull,0,1
66,589.087419,1.8035000000509172,VSM.PageCull,398592,1
66,589.087419,1.8035000000509172,VSM.StaticRasterClear,0,1
66,589.087419,1.8035000000509172,VSM.StaticRasterDraw,6912,1
66,589.087419,1.8035000000509172,VSM.DynamicRasterClear,0,0
66,589.087419,1.8035000000509172,VSM.DynamicRasterDraw,0,0
66,589.087419,1.8035000000509172,VSM.StaticRaster,7168,1
66,589.087419,1.8035000000509172,VSM.UnityCompatibilityRaster,0,0
66,589.087419,1.8035000000509172,VSM.Resolve,6714112,1
66,589.087419,1.8035000000509172,VSM.ResolveTrace,6488320,1
66,589.087419,1.8035000000509172,VSM.FilterHorizontal,65280,1
66,589.087419,1.8035000000509172,VSM.FilterVertical,0,0
66,589.087419,1.8035000000509172,VSM.FilterTemporalVertical,159488,1
66,589.087419,1.8035000000509172,VSM.ResetFeedback,0,1
67,589.1043735,1.8883999999843581,VSM.MarkReceiverPages,908544,1
67,589.1043735,1.8883999999843581,VSM.AllocationPrepare,9472,1
67,589.1043735,1.8883999999843581,VSM.AllocationCommit,1103360,1
67,589.1043735,1.8883999999843581,VSM.Allocate,1300224,1
67,589.1043735,1.8883999999843581,VSM.ClearPhysicalPages,119040,1
67,589.1043735,1.8883999999843581,VSM.PageOccupancy,2560,1
67,589.1043735,1.8883999999843581,VSM.FinalizePages,1792,1
67,589.1043735,1.8883999999843581,VSM.DynamicRaster,0,0
67,589.1043735,1.8883999999843581,VSM.LayoutRemap,0,1
67,589.1043735,1.8883999999843581,VSM.InvalidateStatic,0,0
67,589.1043735,1.8883999999843581,VSM.InvalidateDynamic,256,1
67,589.1043735,1.8883999999843581,VSM.StaticCasterCull,431616,1
67,589.1043735,1.8883999999843581,VSM.DynamicCasterCull,0,1
67,589.1043735,1.8883999999843581,VSM.PageCull,412160,1
67,589.1043735,1.8883999999843581,VSM.StaticRasterClear,0,1
67,589.1043735,1.8883999999843581,VSM.StaticRasterDraw,7168,1
67,589.1043735,1.8883999999843581,VSM.DynamicRasterClear,0,0
67,589.1043735,1.8883999999843581,VSM.DynamicRasterDraw,0,0
67,589.1043735,1.8883999999843581,VSM.StaticRaster,7424,1
67,589.1043735,1.8883999999843581,VSM.UnityCompatibilityRaster,0,0
67,589.1043735,1.8883999999843581,VSM.Resolve,7535360,1
67,589.1043735,1.8883999999843581,VSM.ResolveTrace,7308288,1
67,589.1043735,1.8883999999843581,VSM.FilterHorizontal,65792,1
67,589.1043735,1.8883999999843581,VSM.FilterVertical,0,0
67,589.1043735,1.8883999999843581,VSM.FilterTemporalVertical,160512,1
67,589.1043735,1.8883999999843581,VSM.ResetFeedback,0,1
68,589.12135219999993,2.0607000000154585,VSM.MarkReceiverPages,904960,1
68,589.12135219999993,2.0607000000154585,VSM.AllocationPrepare,9472,1
68,589.12135219999993,2.0607000000154585,VSM.AllocationCommit,1101312,1
68,589.12135219999993,2.0607000000154585,VSM.Allocate,1111040,1
68,589.12135219999993,2.0607000000154585,VSM.ClearPhysicalPages,118528,1
68,589.12135219999993,2.0607000000154585,VSM.PageOccupancy,2560,1
68,589.12135219999993,2.0607000000154585,VSM.FinalizePages,2048,1
68,589.12135219999993,2.0607000000154585,VSM.DynamicRaster,0,0
68,589.12135219999993,2.0607000000154585,VSM.LayoutRemap,0,1
68,589.12135219999993,2.0607000000154585,VSM.InvalidateStatic,0,0
68,589.12135219999993,2.0607000000154585,VSM.InvalidateDynamic,0,1
68,589.12135219999993,2.0607000000154585,VSM.StaticCasterCull,398592,1
68,589.12135219999993,2.0607000000154585,VSM.DynamicCasterCull,0,1
68,589.12135219999993,2.0607000000154585,VSM.PageCull,379648,1
68,589.12135219999993,2.0607000000154585,VSM.StaticRasterClear,0,1
68,589.12135219999993,2.0607000000154585,VSM.StaticRasterDraw,3328,1
68,589.12135219999993,2.0607000000154585,VSM.DynamicRasterClear,0,0
68,589.12135219999993,2.0607000000154585,VSM.DynamicRasterDraw,0,0
68,589.12135219999993,2.0607000000154585,VSM.StaticRaster,3584,1
68,589.12135219999993,2.0607000000154585,VSM.UnityCompatibilityRaster,0,0
68,589.12135219999993,2.0607000000154585,VSM.Resolve,6593536,1
68,589.12135219999993,2.0607000000154585,VSM.ResolveTrace,6107136,1
68,589.12135219999993,2.0607000000154585,VSM.FilterHorizontal,64256,1
68,589.12135219999993,2.0607000000154585,VSM.FilterVertical,0,0
68,589.12135219999993,2.0607000000154585,VSM.FilterTemporalVertical,420608,1
68,589.12135219999993,2.0607000000154585,VSM.ResetFeedback,0,1
69,589.1377864,1.9852000000355474,VSM.MarkReceiverPages,907008,1
69,589.1377864,1.9852000000355474,VSM.AllocationPrepare,9472,1
69,589.1377864,1.9852000000355474,VSM.AllocationCommit,1101568,1
69,589.1377864,1.9852000000355474,VSM.Allocate,1810688,1
69,589.1377864,1.9852000000355474,VSM.ClearPhysicalPages,122368,1
69,589.1377864,1.9852000000355474,VSM.PageOccupancy,2560,1
69,589.1377864,1.9852000000355474,VSM.FinalizePages,2560,1
69,589.1377864,1.9852000000355474,VSM.DynamicRaster,0,0
69,589.1377864,1.9852000000355474,VSM.LayoutRemap,0,1
69,589.1377864,1.9852000000355474,VSM.InvalidateStatic,0,0
69,589.1377864,1.9852000000355474,VSM.InvalidateDynamic,512,1
69,589.1377864,1.9852000000355474,VSM.StaticCasterCull,438016,1
69,589.1377864,1.9852000000355474,VSM.DynamicCasterCull,0,1
69,589.1377864,1.9852000000355474,VSM.PageCull,418560,1
69,589.1377864,1.9852000000355474,VSM.StaticRasterClear,0,1
69,589.1377864,1.9852000000355474,VSM.StaticRasterDraw,6912,1
69,589.1377864,1.9852000000355474,VSM.DynamicRasterClear,0,0
69,589.1377864,1.9852000000355474,VSM.DynamicRasterDraw,0,0
69,589.1377864,1.9852000000355474,VSM.StaticRaster,7168,1
69,589.1377864,1.9852000000355474,VSM.UnityCompatibilityRaster,0,0
69,589.1377864,1.9852000000355474,VSM.Resolve,7096064,1
69,589.1377864,1.9852000000355474,VSM.ResolveTrace,6870016,1
69,589.1377864,1.9852000000355474,VSM.FilterHorizontal,65280,1
69,589.1377864,1.9852000000355474,VSM.FilterVertical,0,0
69,589.1377864,1.9852000000355474,VSM.FilterTemporalVertical,159744,1
69,589.1377864,1.9852000000355474,VSM.ResetFeedback,0,1
70,589.1549129,1.8013000000109969,VSM.MarkReceiverPages,904704,1
70,589.1549129,1.8013000000109969,VSM.AllocationPrepare,9472,1
70,589.1549129,1.8013000000109969,VSM.AllocationCommit,1102080,1
70,589.1549129,1.8013000000109969,VSM.Allocate,1284096,1
70,589.1549129,1.8013000000109969,VSM.ClearPhysicalPages,118784,1
70,589.1549129,1.8013000000109969,VSM.PageOccupancy,2560,1
70,589.1549129,1.8013000000109969,VSM.FinalizePages,1792,1
70,589.1549129,1.8013000000109969,VSM.DynamicRaster,0,0
70,589.1549129,1.8013000000109969,VSM.LayoutRemap,0,1
70,589.1549129,1.8013000000109969,VSM.InvalidateStatic,0,0
70,589.1549129,1.8013000000109969,VSM.InvalidateDynamic,256,1
70,589.1549129,1.8013000000109969,VSM.StaticCasterCull,416768,1
70,589.1549129,1.8013000000109969,VSM.DynamicCasterCull,0,1
70,589.1549129,1.8013000000109969,VSM.PageCull,397568,1
70,589.1549129,1.8013000000109969,VSM.StaticRasterClear,0,1
70,589.1549129,1.8013000000109969,VSM.StaticRasterDraw,7168,1
70,589.1549129,1.8013000000109969,VSM.DynamicRasterClear,0,0
70,589.1549129,1.8013000000109969,VSM.DynamicRasterDraw,0,0
70,589.1549129,1.8013000000109969,VSM.StaticRaster,7168,1
70,589.1549129,1.8013000000109969,VSM.UnityCompatibilityRaster,0,0
70,589.1549129,1.8013000000109969,VSM.Resolve,6955264,1
70,589.1549129,1.8013000000109969,VSM.ResolveTrace,6731264,1
70,589.1549129,1.8013000000109969,VSM.FilterHorizontal,65024,1
70,589.1549129,1.8013000000109969,VSM.FilterVertical,0,0
70,589.1549129,1.8013000000109969,VSM.FilterTemporalVertical,157696,1
70,589.1549129,1.8013000000109969,VSM.ResetFeedback,0,1
71,589.1723429,1.8145000000231448,VSM.MarkReceiverPages,903680,1
71,589.1723429,1.8145000000231448,VSM.AllocationPrepare,9472,1
71,589.1723429,1.8145000000231448,VSM.AllocationCommit,1102336,1
71,589.1723429,1.8145000000231448,VSM.Allocate,1112576,1
71,589.1723429,1.8145000000231448,VSM.ClearPhysicalPages,119040,1
71,589.1723429,1.8145000000231448,VSM.PageOccupancy,2560,1
71,589.1723429,1.8145000000231448,VSM.FinalizePages,2048,1
71,589.1723429,1.8145000000231448,VSM.DynamicRaster,0,0
71,589.1723429,1.8145000000231448,VSM.LayoutRemap,0,1
71,589.1723429,1.8145000000231448,VSM.InvalidateStatic,0,0
71,589.1723429,1.8145000000231448,VSM.InvalidateDynamic,256,1
71,589.1723429,1.8145000000231448,VSM.StaticCasterCull,446464,1
71,589.1723429,1.8145000000231448,VSM.DynamicCasterCull,0,1
71,589.1723429,1.8145000000231448,VSM.PageCull,427520,1
71,589.1723429,1.8145000000231448,VSM.StaticRasterClear,0,1
71,589.1723429,1.8145000000231448,VSM.StaticRasterDraw,3072,1
71,589.1723429,1.8145000000231448,VSM.DynamicRasterClear,0,0
71,589.1723429,1.8145000000231448,VSM.DynamicRasterDraw,0,0
71,589.1723429,1.8145000000231448,VSM.StaticRaster,3328,1
71,589.1723429,1.8145000000231448,VSM.UnityCompatibilityRaster,0,0
71,589.1723429,1.8145000000231448,VSM.Resolve,7356672,1
71,589.1723429,1.8145000000231448,VSM.ResolveTrace,6863616,1
71,589.1723429,1.8145000000231448,VSM.FilterHorizontal,65536,1
71,589.1723429,1.8145000000231448,VSM.FilterVertical,0,0
71,589.1723429,1.8145000000231448,VSM.FilterTemporalVertical,426496,1
71,589.1723429,1.8145000000231448,VSM.ResetFeedback,0,1
72,589.18776329999992,1.7454000000043379,VSM.MarkReceiverPages,1076224,1
72,589.18776329999992,1.7454000000043379,VSM.AllocationPrepare,9728,1
72,589.18776329999992,1.7454000000043379,VSM.AllocationCommit,1102592,1
72,589.18776329999992,1.7454000000043379,VSM.Allocate,1112576,1
72,589.18776329999992,1.7454000000043379,VSM.ClearPhysicalPages,119040,1
72,589.18776329999992,1.7454000000043379,VSM.PageOccupancy,2560,1
72,589.18776329999992,1.7454000000043379,VSM.FinalizePages,1536,1
72,589.18776329999992,1.7454000000043379,VSM.DynamicRaster,0,0
72,589.18776329999992,1.7454000000043379,VSM.LayoutRemap,0,1
72,589.18776329999992,1.7454000000043379,VSM.InvalidateStatic,0,0
72,589.18776329999992,1.7454000000043379,VSM.InvalidateDynamic,256,1
72,589.18776329999992,1.7454000000043379,VSM.StaticCasterCull,422400,1
72,589.18776329999992,1.7454000000043379,VSM.DynamicCasterCull,0,1
72,589.18776329999992,1.7454000000043379,VSM.PageCull,403200,1
72,589.18776329999992,1.7454000000043379,VSM.StaticRasterClear,0,1
72,589.18776329999992,1.7454000000043379,VSM.StaticRasterDraw,3072,1
72,589.18776329999992,1.7454000000043379,VSM.DynamicRasterClear,0,0
72,589.18776329999992,1.7454000000043379,VSM.DynamicRasterDraw,0,0
72,589.18776329999992,1.7454000000043379,VSM.StaticRaster,3328,1
72,589.18776329999992,1.7454000000043379,VSM.UnityCompatibilityRaster,0,0
72,589.18776329999992,1.7454000000043379,VSM.Resolve,7236608,1
72,589.18776329999992,1.7454000000043379,VSM.ResolveTrace,7008256,1
72,589.18776329999992,1.7454000000043379,VSM.FilterHorizontal,65792,1
72,589.18776329999992,1.7454000000043379,VSM.FilterVertical,0,0
72,589.18776329999992,1.7454000000043379,VSM.FilterTemporalVertical,161536,1
72,589.18776329999992,1.7454000000043379,VSM.ResetFeedback,0,1
73,589.20429889999991,1.8259999999372667,VSM.MarkReceiverPages,904960,1
73,589.20429889999991,1.8259999999372667,VSM.AllocationPrepare,9216,1
73,589.20429889999991,1.8259999999372667,VSM.AllocationCommit,1103360,1
73,589.20429889999991,1.8259999999372667,VSM.Allocate,1305088,1
73,589.20429889999991,1.8259999999372667,VSM.ClearPhysicalPages,119296,1
73,589.20429889999991,1.8259999999372667,VSM.PageOccupancy,2560,1
73,589.20429889999991,1.8259999999372667,VSM.FinalizePages,1792,1
73,589.20429889999991,1.8259999999372667,VSM.DynamicRaster,0,0
73,589.20429889999991,1.8259999999372667,VSM.LayoutRemap,0,1
73,589.20429889999991,1.8259999999372667,VSM.InvalidateStatic,0,0
73,589.20429889999991,1.8259999999372667,VSM.InvalidateDynamic,256,1
73,589.20429889999991,1.8259999999372667,VSM.StaticCasterCull,418048,1
73,589.20429889999991,1.8259999999372667,VSM.DynamicCasterCull,0,1
73,589.20429889999991,1.8259999999372667,VSM.PageCull,399104,1
73,589.20429889999991,1.8259999999372667,VSM.StaticRasterClear,0,1
73,589.20429889999991,1.8259999999372667,VSM.StaticRasterDraw,6912,1
73,589.20429889999991,1.8259999999372667,VSM.DynamicRasterClear,0,0
73,589.20429889999991,1.8259999999372667,VSM.DynamicRasterDraw,0,0
73,589.20429889999991,1.8259999999372667,VSM.StaticRaster,7168,1
73,589.20429889999991,1.8259999999372667,VSM.UnityCompatibilityRaster,0,0
73,589.20429889999991,1.8259999999372667,VSM.Resolve,7921920,1
73,589.20429889999991,1.8259999999372667,VSM.ResolveTrace,7437056,1
73,589.20429889999991,1.8259999999372667,VSM.FilterHorizontal,66304,1
73,589.20429889999991,1.8259999999372667,VSM.FilterVertical,0,0
73,589.20429889999991,1.8259999999372667,VSM.FilterTemporalVertical,160768,1
73,589.20429889999991,1.8259999999372667,VSM.ResetFeedback,0,1
74,589.22088509999992,1.8883999999843581,VSM.MarkReceiverPages,903424,1
74,589.22088509999992,1.8883999999843581,VSM.AllocationPrepare,9472,1
74,589.22088509999992,1.8883999999843581,VSM.AllocationCommit,1102080,1
74,589.22088509999992,1.8883999999843581,VSM.Allocate,1111808,1
74,589.22088509999992,1.8883999999843581,VSM.ClearPhysicalPages,119040,1
74,589.22088509999992,1.8883999999843581,VSM.PageOccupancy,2560,1
74,589.22088509999992,1.8883999999843581,VSM.FinalizePages,1792,1
74,589.22088509999992,1.8883999999843581,VSM.DynamicRaster,0,0
74,589.22088509999992,1.8883999999843581,VSM.LayoutRemap,0,1
74,589.22088509999992,1.8883999999843581,VSM.InvalidateStatic,0,0
74,589.22088509999992,1.8883999999843581,VSM.InvalidateDynamic,0,1
74,589.22088509999992,1.8883999999843581,VSM.StaticCasterCull,426496,1
74,589.22088509999992,1.8883999999843581,VSM.DynamicCasterCull,0,1
74,589.22088509999992,1.8883999999843581,VSM.PageCull,407808,1
74,589.22088509999992,1.8883999999843581,VSM.StaticRasterClear,0,1
74,589.22088509999992,1.8883999999843581,VSM.StaticRasterDraw,7936,1
74,589.22088509999992,1.8883999999843581,VSM.DynamicRasterClear,0,0
74,589.22088509999992,1.8883999999843581,VSM.DynamicRasterDraw,0,0
74,589.22088509999992,1.8883999999843581,VSM.StaticRaster,8192,1
74,589.22088509999992,1.8883999999843581,VSM.UnityCompatibilityRaster,0,0
74,589.22088509999992,1.8883999999843581,VSM.Resolve,6583040,1
74,589.22088509999992,1.8883999999843581,VSM.ResolveTrace,6105856,1
74,589.22088509999992,1.8883999999843581,VSM.FilterHorizontal,64256,1
74,589.22088509999992,1.8883999999843581,VSM.FilterVertical,0,0
74,589.22088509999992,1.8883999999843581,VSM.FilterTemporalVertical,411648,1
74,589.22088509999992,1.8883999999843581,VSM.ResetFeedback,0,1
75,589.2372396,1.8066000000089844,VSM.MarkReceiverPages,902400,1
75,589.2372396,1.8066000000089844,VSM.AllocationPrepare,9216,1
75,589.2372396,1.8066000000089844,VSM.AllocationCommit,1100288,1
75,589.2372396,1.8066000000089844,VSM.Allocate,1705984,1
75,589.2372396,1.8066000000089844,VSM.ClearPhysicalPages,121600,1
75,589.2372396,1.8066000000089844,VSM.PageOccupancy,2560,1
75,589.2372396,1.8066000000089844,VSM.FinalizePages,2304,1
75,589.2372396,1.8066000000089844,VSM.DynamicRaster,0,0
75,589.2372396,1.8066000000089844,VSM.LayoutRemap,0,1
75,589.2372396,1.8066000000089844,VSM.InvalidateStatic,0,0
75,589.2372396,1.8066000000089844,VSM.InvalidateDynamic,512,1
75,589.2372396,1.8066000000089844,VSM.StaticCasterCull,447744,1
75,589.2372396,1.8066000000089844,VSM.DynamicCasterCull,0,1
75,589.2372396,1.8066000000089844,VSM.PageCull,428544,1
75,589.2372396,1.8066000000089844,VSM.StaticRasterClear,0,1
75,589.2372396,1.8066000000089844,VSM.StaticRasterDraw,6912,1
75,589.2372396,1.8066000000089844,VSM.DynamicRasterClear,0,0
75,589.2372396,1.8066000000089844,VSM.DynamicRasterDraw,0,0
75,589.2372396,1.8066000000089844,VSM.StaticRaster,7168,1
75,589.2372396,1.8066000000089844,VSM.UnityCompatibilityRaster,0,0
75,589.2372396,1.8066000000089844,VSM.Resolve,7295232,1
75,589.2372396,1.8066000000089844,VSM.ResolveTrace,7068928,1
75,589.2372396,1.8066000000089844,VSM.FilterHorizontal,65280,1
75,589.2372396,1.8066000000089844,VSM.FilterVertical,0,0
75,589.2372396,1.8066000000089844,VSM.FilterTemporalVertical,160000,1
75,589.2372396,1.8066000000089844,VSM.ResetFeedback,0,1
76,589.2534724,1.8976999999722466,VSM.MarkReceiverPages,905728,1
76,589.2534724,1.8976999999722466,VSM.AllocationPrepare,9216,1
76,589.2534724,1.8976999999722466,VSM.AllocationCommit,1101824,1
76,589.2534724,1.8976999999722466,VSM.Allocate,1589760,1
76,589.2534724,1.8976999999722466,VSM.ClearPhysicalPages,122624,1
76,589.2534724,1.8976999999722466,VSM.PageOccupancy,2560,1
76,589.2534724,1.8976999999722466,VSM.FinalizePages,3072,1
76,589.2534724,1.8976999999722466,VSM.DynamicRaster,0,0
76,589.2534724,1.8976999999722466,VSM.LayoutRemap,0,1
76,589.2534724,1.8976999999722466,VSM.InvalidateStatic,0,0
76,589.2534724,1.8976999999722466,VSM.InvalidateDynamic,256,1
76,589.2534724,1.8976999999722466,VSM.StaticCasterCull,433152,1
76,589.2534724,1.8976999999722466,VSM.DynamicCasterCull,0,1
76,589.2534724,1.8976999999722466,VSM.PageCull,413696,1
76,589.2534724,1.8976999999722466,VSM.StaticRasterClear,0,1
76,589.2534724,1.8976999999722466,VSM.StaticRasterDraw,7168,1
76,589.2534724,1.8976999999722466,VSM.DynamicRasterClear,0,0
76,589.2534724,1.8976999999722466,VSM.DynamicRasterDraw,0,0
76,589.2534724,1.8976999999722466,VSM.StaticRaster,7424,1
76,589.2534724,1.8976999999722466,VSM.UnityCompatibilityRaster,0,0
76,589.2534724,1.8976999999722466,VSM.Resolve,7114752,1
76,589.2534724,1.8976999999722466,VSM.ResolveTrace,6890240,1
76,589.2534724,1.8976999999722466,VSM.FilterHorizontal,64768,1
76,589.2534724,1.8976999999722466,VSM.FilterVertical,0,0
76,589.2534724,1.8976999999722466,VSM.FilterTemporalVertical,158720,1
76,589.2534724,1.8976999999722466,VSM.ResetFeedback,0,1
77,589.27018749999991,1.8625999999812848,VSM.MarkReceiverPages,901888,1
77,589.27018749999991,1.8625999999812848,VSM.AllocationPrepare,9216,1
77,589.27018749999991,1.8625999999812848,VSM.AllocationCommit,1101568,1
77,589.27018749999991,1.8625999999812848,VSM.Allocate,1356288,1
77,589.27018749999991,1.8625999999812848,VSM.ClearPhysicalPages,119296,1
77,589.27018749999991,1.8625999999812848,VSM.PageOccupancy,2560,1
77,589.27018749999991,1.8625999999812848,VSM.FinalizePages,2048,1
77,589.27018749999991,1.8625999999812848,VSM.DynamicRaster,0,0
77,589.27018749999991,1.8625999999812848,VSM.LayoutRemap,0,1
77,589.27018749999991,1.8625999999812848,VSM.InvalidateStatic,0,0
77,589.27018749999991,1.8625999999812848,VSM.InvalidateDynamic,256,1
77,589.27018749999991,1.8625999999812848,VSM.StaticCasterCull,420352,1
77,589.27018749999991,1.8625999999812848,VSM.DynamicCasterCull,0,1
77,589.27018749999991,1.8625999999812848,VSM.PageCull,401408,1
77,589.27018749999991,1.8625999999812848,VSM.StaticRasterClear,0,1
77,589.27018749999991,1.8625999999812848,VSM.StaticRasterDraw,7168,1
77,589.27018749999991,1.8625999999812848,VSM.DynamicRasterClear,0,0
77,589.27018749999991,1.8625999999812848,VSM.DynamicRasterDraw,0,0
77,589.27018749999991,1.8625999999812848,VSM.StaticRaster,7168,1
77,589.27018749999991,1.8625999999812848,VSM.UnityCompatibilityRaster,0,0
77,589.27018749999991,1.8625999999812848,VSM.Resolve,7082752,1
77,589.27018749999991,1.8625999999812848,VSM.ResolveTrace,6855424,1
77,589.27018749999991,1.8625999999812848,VSM.FilterHorizontal,65792,1
77,589.27018749999991,1.8625999999812848,VSM.FilterVertical,0,0
77,589.27018749999991,1.8625999999812848,VSM.FilterTemporalVertical,160000,1
77,589.27018749999991,1.8625999999812848,VSM.ResetFeedback,0,1
78,589.28594649999991,1.8348999999489024,VSM.MarkReceiverPages,904448,1
78,589.28594649999991,1.8348999999489024,VSM.AllocationPrepare,9472,1
78,589.28594649999991,1.8348999999489024,VSM.AllocationCommit,1102592,1
78,589.28594649999991,1.8348999999489024,VSM.Allocate,1583104,1
78,589.28594649999991,1.8348999999489024,VSM.ClearPhysicalPages,118528,1
78,589.28594649999991,1.8348999999489024,VSM.PageOccupancy,2560,1
78,589.28594649999991,1.8348999999489024,VSM.FinalizePages,1536,1
78,589.28594649999991,1.8348999999489024,VSM.DynamicRaster,0,0
78,589.28594649999991,1.8348999999489024,VSM.LayoutRemap,0,1
78,589.28594649999991,1.8348999999489024,VSM.InvalidateStatic,0,0
78,589.28594649999991,1.8348999999489024,VSM.InvalidateDynamic,0,1
78,589.28594649999991,1.8348999999489024,VSM.StaticCasterCull,433408,1
78,589.28594649999991,1.8348999999489024,VSM.DynamicCasterCull,0,1
78,589.28594649999991,1.8348999999489024,VSM.PageCull,414720,1
78,589.28594649999991,1.8348999999489024,VSM.StaticRasterClear,256,1
78,589.28594649999991,1.8348999999489024,VSM.StaticRasterDraw,6912,1
78,589.28594649999991,1.8348999999489024,VSM.DynamicRasterClear,0,0
78,589.28594649999991,1.8348999999489024,VSM.DynamicRasterDraw,0,0
78,589.28594649999991,1.8348999999489024,VSM.StaticRaster,7168,1
78,589.28594649999991,1.8348999999489024,VSM.UnityCompatibilityRaster,0,0
78,589.28594649999991,1.8348999999489024,VSM.Resolve,6834688,1
78,589.28594649999991,1.8348999999489024,VSM.ResolveTrace,6607872,1
78,589.28594649999991,1.8348999999489024,VSM.FilterHorizontal,65536,1
78,589.28594649999991,1.8348999999489024,VSM.FilterVertical,0,0
78,589.28594649999991,1.8348999999489024,VSM.FilterTemporalVertical,160256,1
78,589.28594649999991,1.8348999999489024,VSM.ResetFeedback,0,1
79,589.30293699999993,1.8711000000166678,VSM.MarkReceiverPages,907776,1
79,589.30293699999993,1.8711000000166678,VSM.AllocationPrepare,9216,1
79,589.30293699999993,1.8711000000166678,VSM.AllocationCommit,1102336,1
79,589.30293699999993,1.8711000000166678,VSM.Allocate,1372928,1
79,589.30293699999993,1.8711000000166678,VSM.ClearPhysicalPages,119040,1
79,589.30293699999993,1.8711000000166678,VSM.PageOccupancy,2560,1
79,589.30293699999993,1.8711000000166678,VSM.FinalizePages,1792,1
79,589.30293699999993,1.8711000000166678,VSM.DynamicRaster,0,0
79,589.30293699999993,1.8711000000166678,VSM.LayoutRemap,0,1
79,589.30293699999993,1.8711000000166678,VSM.InvalidateStatic,0,0
79,589.30293699999993,1.8711000000166678,VSM.InvalidateDynamic,256,1
79,589.30293699999993,1.8711000000166678,VSM.StaticCasterCull,415488,1
79,589.30293699999993,1.8711000000166678,VSM.DynamicCasterCull,0,1
79,589.30293699999993,1.8711000000166678,VSM.PageCull,397056,1
79,589.30293699999993,1.8711000000166678,VSM.StaticRasterClear,256,1
79,589.30293699999993,1.8711000000166678,VSM.StaticRasterDraw,7168,1
79,589.30293699999993,1.8711000000166678,VSM.DynamicRasterClear,0,0
79,589.30293699999993,1.8711000000166678,VSM.DynamicRasterDraw,0,0
79,589.30293699999993,1.8711000000166678,VSM.StaticRaster,7424,1
79,589.30293699999993,1.8711000000166678,VSM.UnityCompatibilityRaster,0,0
79,589.30293699999993,1.8711000000166678,VSM.Resolve,7687168,1
79,589.30293699999993,1.8711000000166678,VSM.ResolveTrace,7456256,1
79,589.30293699999993,1.8711000000166678,VSM.FilterHorizontal,65536,1
79,589.30293699999993,1.8711000000166678,VSM.FilterVertical,0,0
79,589.30293699999993,1.8711000000166678,VSM.FilterTemporalVertical,164352,1
79,589.30293699999993,1.8711000000166678,VSM.ResetFeedback,0,1
80,589.31995399999994,2.4336000000175773,VSM.MarkReceiverPages,906752,1
80,589.31995399999994,2.4336000000175773,VSM.AllocationPrepare,9472,1
80,589.31995399999994,2.4336000000175773,VSM.AllocationCommit,1101824,1
80,589.31995399999994,2.4336000000175773,VSM.Allocate,1354240,1
80,589.31995399999994,2.4336000000175773,VSM.ClearPhysicalPages,119296,1
80,589.31995399999994,2.4336000000175773,VSM.PageOccupancy,2560,1
80,589.31995399999994,2.4336000000175773,VSM.FinalizePages,1792,1
80,589.31995399999994,2.4336000000175773,VSM.DynamicRaster,0,0
80,589.31995399999994,2.4336000000175773,VSM.LayoutRemap,0,1
80,589.31995399999994,2.4336000000175773,VSM.InvalidateStatic,0,0
80,589.31995399999994,2.4336000000175773,VSM.InvalidateDynamic,256,1
80,589.31995399999994,2.4336000000175773,VSM.StaticCasterCull,410880,1
80,589.31995399999994,2.4336000000175773,VSM.DynamicCasterCull,0,1
80,589.31995399999994,2.4336000000175773,VSM.PageCull,391936,1
80,589.31995399999994,2.4336000000175773,VSM.StaticRasterClear,0,1
80,589.31995399999994,2.4336000000175773,VSM.StaticRasterDraw,7168,1
80,589.31995399999994,2.4336000000175773,VSM.DynamicRasterClear,0,0
80,589.31995399999994,2.4336000000175773,VSM.DynamicRasterDraw,0,0
80,589.31995399999994,2.4336000000175773,VSM.StaticRaster,7424,1
80,589.31995399999994,2.4336000000175773,VSM.UnityCompatibilityRaster,0,0
80,589.31995399999994,2.4336000000175773,VSM.Resolve,6645248,1
80,589.31995399999994,2.4336000000175773,VSM.ResolveTrace,6418944,1
80,589.31995399999994,2.4336000000175773,VSM.FilterHorizontal,65280,1
80,589.31995399999994,2.4336000000175773,VSM.FilterVertical,0,0
80,589.31995399999994,2.4336000000175773,VSM.FilterTemporalVertical,159488,1
80,589.31995399999994,2.4336000000175773,VSM.ResetFeedback,0,1
81,589.3372099,1.930600000036975,VSM.MarkReceiverPages,905472,1
81,589.3372099,1.930600000036975,VSM.AllocationPrepare,9216,1
81,589.3372099,1.930600000036975,VSM.AllocationCommit,1102336,1
81,589.3372099,1.930600000036975,VSM.Allocate,1720320,1
81,589.3372099,1.930600000036975,VSM.ClearPhysicalPages,122368,1
81,589.3372099,1.930600000036975,VSM.PageOccupancy,2304,1
81,589.3372099,1.930600000036975,VSM.FinalizePages,2560,1
81,589.3372099,1.930600000036975,VSM.DynamicRaster,0,0
81,589.3372099,1.930600000036975,VSM.LayoutRemap,0,1
81,589.3372099,1.930600000036975,VSM.InvalidateStatic,0,0
81,589.3372099,1.930600000036975,VSM.InvalidateDynamic,256,1
81,589.3372099,1.930600000036975,VSM.StaticCasterCull,428544,1
81,589.3372099,1.930600000036975,VSM.DynamicCasterCull,0,1
81,589.3372099,1.930600000036975,VSM.PageCull,409344,1
81,589.3372099,1.930600000036975,VSM.StaticRasterClear,256,1
81,589.3372099,1.930600000036975,VSM.StaticRasterDraw,6912,1
81,589.3372099,1.930600000036975,VSM.DynamicRasterClear,0,0
81,589.3372099,1.930600000036975,VSM.DynamicRasterDraw,0,0
81,589.3372099,1.930600000036975,VSM.StaticRaster,7424,1
81,589.3372099,1.930600000036975,VSM.UnityCompatibilityRaster,0,0
81,589.3372099,1.930600000036975,VSM.Resolve,7896064,1
81,589.3372099,1.930600000036975,VSM.ResolveTrace,7667456,1
81,589.3372099,1.930600000036975,VSM.FilterHorizontal,65792,1
81,589.3372099,1.930600000036975,VSM.FilterVertical,0,0
81,589.3372099,1.930600000036975,VSM.FilterTemporalVertical,161536,1
81,589.3372099,1.930600000036975,VSM.ResetFeedback,0,1
82,589.35411909999993,2.002299999958268,VSM.MarkReceiverPages,908800,1
82,589.35411909999993,2.002299999958268,VSM.AllocationPrepare,9216,1
82,589.35411909999993,2.002299999958268,VSM.AllocationCommit,1100288,1
82,589.35411909999993,2.002299999958268,VSM.Allocate,1436416,1
82,589.35411909999993,2.002299999958268,VSM.ClearPhysicalPages,121600,1
82,589.35411909999993,2.002299999958268,VSM.PageOccupancy,2560,1
82,589.35411909999993,2.002299999958268,VSM.FinalizePages,2816,1
82,589.35411909999993,2.002299999958268,VSM.DynamicRaster,0,0
82,589.35411909999993,2.002299999958268,VSM.LayoutRemap,0,1
82,589.35411909999993,2.002299999958268,VSM.InvalidateStatic,0,0
82,589.35411909999993,2.002299999958268,VSM.InvalidateDynamic,256,1
82,589.35411909999993,2.002299999958268,VSM.StaticCasterCull,420096,1
82,589.35411909999993,2.002299999958268,VSM.DynamicCasterCull,0,1
82,589.35411909999993,2.002299999958268,VSM.PageCull,400640,1
82,589.35411909999993,2.002299999958268,VSM.StaticRasterClear,0,1
82,589.35411909999993,2.002299999958268,VSM.StaticRasterDraw,7168,1
82,589.35411909999993,2.002299999958268,VSM.DynamicRasterClear,0,0
82,589.35411909999993,2.002299999958268,VSM.DynamicRasterDraw,0,0
82,589.35411909999993,2.002299999958268,VSM.StaticRaster,7424,1
82,589.35411909999993,2.002299999958268,VSM.UnityCompatibilityRaster,0,0
82,589.35411909999993,2.002299999958268,VSM.Resolve,7011072,1
82,589.35411909999993,2.002299999958268,VSM.ResolveTrace,6624256,1
82,589.35411909999993,2.002299999958268,VSM.FilterHorizontal,225792,1
82,589.35411909999993,2.002299999958268,VSM.FilterVertical,0,0
82,589.35411909999993,2.002299999958268,VSM.FilterTemporalVertical,159488,1
82,589.35411909999993,2.002299999958268,VSM.ResetFeedback,0,1
83,589.37107789999993,1.972099999989041,VSM.MarkReceiverPages,908800,1
83,589.37107789999993,1.972099999989041,VSM.AllocationPrepare,9216,1
83,589.37107789999993,1.972099999989041,VSM.AllocationCommit,1102080,1
83,589.37107789999993,1.972099999989041,VSM.Allocate,1361408,1
83,589.37107789999993,1.972099999989041,VSM.ClearPhysicalPages,118784,1
83,589.37107789999993,1.972099999989041,VSM.PageOccupancy,2560,1
83,589.37107789999993,1.972099999989041,VSM.FinalizePages,2048,1
83,589.37107789999993,1.972099999989041,VSM.DynamicRaster,0,0
83,589.37107789999993,1.972099999989041,VSM.LayoutRemap,0,1
83,589.37107789999993,1.972099999989041,VSM.InvalidateStatic,0,0
83,589.37107789999993,1.972099999989041,VSM.InvalidateDynamic,256,1
83,589.37107789999993,1.972099999989041,VSM.StaticCasterCull,409600,1
83,589.37107789999993,1.972099999989041,VSM.DynamicCasterCull,0,1
83,589.37107789999993,1.972099999989041,VSM.PageCull,390656,1
83,589.37107789999993,1.972099999989041,VSM.StaticRasterClear,0,1
83,589.37107789999993,1.972099999989041,VSM.StaticRasterDraw,7168,1
83,589.37107789999993,1.972099999989041,VSM.DynamicRasterClear,0,0
83,589.37107789999993,1.972099999989041,VSM.DynamicRasterDraw,0,0
83,589.37107789999993,1.972099999989041,VSM.StaticRaster,7168,1
83,589.37107789999993,1.972099999989041,VSM.UnityCompatibilityRaster,0,0
83,589.37107789999993,1.972099999989041,VSM.Resolve,7000320,1
83,589.37107789999993,1.972099999989041,VSM.ResolveTrace,6774528,1
83,589.37107789999993,1.972099999989041,VSM.FilterHorizontal,65792,1
83,589.37107789999993,1.972099999989041,VSM.FilterVertical,0,0
83,589.37107789999993,1.972099999989041,VSM.FilterTemporalVertical,158720,1
83,589.37107789999993,1.972099999989041,VSM.ResetFeedback,0,1
84,589.3879222999999,2.1623999999746957,VSM.MarkReceiverPages,904960,1
84,589.3879222999999,2.1623999999746957,VSM.AllocationPrepare,9728,1
84,589.3879222999999,2.1623999999746957,VSM.AllocationCommit,1102080,1
84,589.3879222999999,2.1623999999746957,VSM.Allocate,1478400,1
84,589.3879222999999,2.1623999999746957,VSM.ClearPhysicalPages,119296,1
84,589.3879222999999,2.1623999999746957,VSM.PageOccupancy,2560,1
84,589.3879222999999,2.1623999999746957,VSM.FinalizePages,2048,1
84,589.3879222999999,2.1623999999746957,VSM.DynamicRaster,0,0
84,589.3879222999999,2.1623999999746957,VSM.LayoutRemap,0,1
84,589.3879222999999,2.1623999999746957,VSM.InvalidateStatic,0,0
84,589.3879222999999,2.1623999999746957,VSM.InvalidateDynamic,256,1
84,589.3879222999999,2.1623999999746957,VSM.StaticCasterCull,439552,1
84,589.3879222999999,2.1623999999746957,VSM.DynamicCasterCull,0,1
84,589.3879222999999,2.1623999999746957,VSM.PageCull,420352,1
84,589.3879222999999,2.1623999999746957,VSM.StaticRasterClear,0,1
84,589.3879222999999,2.1623999999746957,VSM.StaticRasterDraw,7424,1
84,589.3879222999999,2.1623999999746957,VSM.DynamicRasterClear,0,0
84,589.3879222999999,2.1623999999746957,VSM.DynamicRasterDraw,0,0
84,589.3879222999999,2.1623999999746957,VSM.StaticRaster,7680,1
84,589.3879222999999,2.1623999999746957,VSM.UnityCompatibilityRaster,0,0
84,589.3879222999999,2.1623999999746957,VSM.Resolve,6757632,1
84,589.3879222999999,2.1623999999746957,VSM.ResolveTrace,6531584,1
84,589.3879222999999,2.1623999999746957,VSM.FilterHorizontal,65792,1
84,589.3879222999999,2.1623999999746957,VSM.FilterVertical,0,0
84,589.3879222999999,2.1623999999746957,VSM.FilterTemporalVertical,158976,1
84,589.3879222999999,2.1623999999746957,VSM.ResetFeedback,0,1
85,589.4065321999999,2.437299999996867,VSM.MarkReceiverPages,905472,1
85,589.4065321999999,2.437299999996867,VSM.AllocationPrepare,9472,1
85,589.4065321999999,2.437299999996867,VSM.AllocationCommit,1101824,1
85,589.4065321999999,2.437299999996867,VSM.Allocate,1363968,1
85,589.4065321999999,2.437299999996867,VSM.ClearPhysicalPages,118784,1
85,589.4065321999999,2.437299999996867,VSM.PageOccupancy,2560,1
85,589.4065321999999,2.437299999996867,VSM.FinalizePages,1536,1
85,589.4065321999999,2.437299999996867,VSM.DynamicRaster,0,0
85,589.4065321999999,2.437299999996867,VSM.LayoutRemap,0,1
85,589.4065321999999,2.437299999996867,VSM.InvalidateStatic,0,0
85,589.4065321999999,2.437299999996867,VSM.InvalidateDynamic,256,1
85,589.4065321999999,2.437299999996867,VSM.StaticCasterCull,417024,1
85,589.4065321999999,2.437299999996867,VSM.DynamicCasterCull,0,1
85,589.4065321999999,2.437299999996867,VSM.PageCull,398592,1
85,589.4065321999999,2.437299999996867,VSM.StaticRasterClear,0,1
85,589.4065321999999,2.437299999996867,VSM.StaticRasterDraw,9472,1
85,589.4065321999999,2.437299999996867,VSM.DynamicRasterClear,0,0
85,589.4065321999999,2.437299999996867,VSM.DynamicRasterDraw,0,0
85,589.4065321999999,2.437299999996867,VSM.StaticRaster,9472,1
85,589.4065321999999,2.437299999996867,VSM.UnityCompatibilityRaster,0,0
85,589.4065321999999,2.437299999996867,VSM.Resolve,7486976,1
85,589.4065321999999,2.437299999996867,VSM.ResolveTrace,7257856,1
85,589.4065321999999,2.437299999996867,VSM.FilterHorizontal,66304,1
85,589.4065321999999,2.437299999996867,VSM.FilterVertical,0,0
85,589.4065321999999,2.437299999996867,VSM.FilterTemporalVertical,161536,1
85,589.4065321999999,2.437299999996867,VSM.ResetFeedback,0,1
86,589.42330269999991,2.0675999999184569,VSM.MarkReceiverPages,904704,1
86,589.42330269999991,2.0675999999184569,VSM.AllocationPrepare,9472,1
86,589.42330269999991,2.0675999999184569,VSM.AllocationCommit,1101824,1
86,589.42330269999991,2.0675999999184569,VSM.Allocate,1111552,1
86,589.42330269999991,2.0675999999184569,VSM.ClearPhysicalPages,119040,1
86,589.42330269999991,2.0675999999184569,VSM.PageOccupancy,2304,1
86,589.42330269999991,2.0675999999184569,VSM.FinalizePages,2048,1
86,589.42330269999991,2.0675999999184569,VSM.DynamicRaster,0,0
86,589.42330269999991,2.0675999999184569,VSM.LayoutRemap,0,1
86,589.42330269999991,2.0675999999184569,VSM.InvalidateStatic,0,0
86,589.42330269999991,2.0675999999184569,VSM.InvalidateDynamic,0,1
86,589.42330269999991,2.0675999999184569,VSM.StaticCasterCull,426240,1
86,589.42330269999991,2.0675999999184569,VSM.DynamicCasterCull,0,1
86,589.42330269999991,2.0675999999184569,VSM.PageCull,407296,1
86,589.42330269999991,2.0675999999184569,VSM.StaticRasterClear,0,1
86,589.42330269999991,2.0675999999184569,VSM.StaticRasterDraw,7168,1
86,589.42330269999991,2.0675999999184569,VSM.DynamicRasterClear,0,0
86,589.42330269999991,2.0675999999184569,VSM.DynamicRasterDraw,0,0
86,589.42330269999991,2.0675999999184569,VSM.StaticRaster,7424,1
86,589.42330269999991,2.0675999999184569,VSM.UnityCompatibilityRaster,0,0
86,589.42330269999991,2.0675999999184569,VSM.Resolve,6430976,1
86,589.42330269999991,2.0675999999184569,VSM.ResolveTrace,6201600,1
86,589.42330269999991,2.0675999999184569,VSM.FilterHorizontal,65024,1
86,589.42330269999991,2.0675999999184569,VSM.FilterVertical,0,0
86,589.42330269999991,2.0675999999184569,VSM.FilterTemporalVertical,163328,1
86,589.42330269999991,2.0675999999184569,VSM.ResetFeedback,0,1
87,589.4402341,2.0049000000881279,VSM.MarkReceiverPages,908800,1
87,589.4402341,2.0049000000881279,VSM.AllocationPrepare,9472,1
87,589.4402341,2.0049000000881279,VSM.AllocationCommit,1121024,1
87,589.4402341,2.0049000000881279,VSM.Allocate,1528064,1
87,589.4402341,2.0049000000881279,VSM.ClearPhysicalPages,119296,1
87,589.4402341,2.0049000000881279,VSM.PageOccupancy,2560,1
87,589.4402341,2.0049000000881279,VSM.FinalizePages,2304,1
87,589.4402341,2.0049000000881279,VSM.DynamicRaster,0,0
87,589.4402341,2.0049000000881279,VSM.LayoutRemap,0,1
87,589.4402341,2.0049000000881279,VSM.InvalidateStatic,0,0
87,589.4402341,2.0049000000881279,VSM.InvalidateDynamic,512,1
87,589.4402341,2.0049000000881279,VSM.StaticCasterCull,438016,1
87,589.4402341,2.0049000000881279,VSM.DynamicCasterCull,0,1
87,589.4402341,2.0049000000881279,VSM.PageCull,418816,1
87,589.4402341,2.0049000000881279,VSM.StaticRasterClear,256,1
87,589.4402341,2.0049000000881279,VSM.StaticRasterDraw,9216,1
87,589.4402341,2.0049000000881279,VSM.DynamicRasterClear,0,0
87,589.4402341,2.0049000000881279,VSM.DynamicRasterDraw,0,0
87,589.4402341,2.0049000000881279,VSM.StaticRaster,9472,1
87,589.4402341,2.0049000000881279,VSM.UnityCompatibilityRaster,0,0
87,589.4402341,2.0049000000881279,VSM.Resolve,7471104,1
87,589.4402341,2.0049000000881279,VSM.ResolveTrace,7243776,1
87,589.4402341,2.0049000000881279,VSM.FilterHorizontal,65536,1
87,589.4402341,2.0049000000881279,VSM.FilterVertical,0,0
87,589.4402341,2.0049000000881279,VSM.FilterTemporalVertical,160512,1
87,589.4402341,2.0049000000881279,VSM.ResetFeedback,0,1
88,589.4568526999999,1.9554999998945277,VSM.MarkReceiverPages,1095168,1
88,589.4568526999999,1.9554999998945277,VSM.AllocationPrepare,9472,1
88,589.4568526999999,1.9554999998945277,VSM.AllocationCommit,1102080,1
88,589.4568526999999,1.9554999998945277,VSM.Allocate,1366784,1
88,589.4568526999999,1.9554999998945277,VSM.ClearPhysicalPages,119040,1
88,589.4568526999999,1.9554999998945277,VSM.PageOccupancy,2560,1
88,589.4568526999999,1.9554999998945277,VSM.FinalizePages,1792,1
88,589.4568526999999,1.9554999998945277,VSM.DynamicRaster,0,0
88,589.4568526999999,1.9554999998945277,VSM.LayoutRemap,0,1
88,589.4568526999999,1.9554999998945277,VSM.InvalidateStatic,0,0
88,589.4568526999999,1.9554999998945277,VSM.InvalidateDynamic,0,1
88,589.4568526999999,1.9554999998945277,VSM.StaticCasterCull,423168,1
88,589.4568526999999,1.9554999998945277,VSM.DynamicCasterCull,0,1
88,589.4568526999999,1.9554999998945277,VSM.PageCull,403968,1
88,589.4568526999999,1.9554999998945277,VSM.StaticRasterClear,0,1
88,589.4568526999999,1.9554999998945277,VSM.StaticRasterDraw,7168,1
88,589.4568526999999,1.9554999998945277,VSM.DynamicRasterClear,0,0
88,589.4568526999999,1.9554999998945277,VSM.DynamicRasterDraw,0,0
88,589.4568526999999,1.9554999998945277,VSM.StaticRaster,7424,1
88,589.4568526999999,1.9554999998945277,VSM.UnityCompatibilityRaster,0,0
88,589.4568526999999,1.9554999998945277,VSM.Resolve,6807296,1
88,589.4568526999999,1.9554999998945277,VSM.ResolveTrace,6579712,1
88,589.4568526999999,1.9554999998945277,VSM.FilterHorizontal,66304,1
88,589.4568526999999,1.9554999998945277,VSM.FilterVertical,0,0
88,589.4568526999999,1.9554999998945277,VSM.FilterTemporalVertical,160000,1
88,589.4568526999999,1.9554999998945277,VSM.ResetFeedback,0,1
89,589.47386899999992,1.9308999999338994,VSM.MarkReceiverPages,902144,1
89,589.47386899999992,1.9308999999338994,VSM.AllocationPrepare,9472,1
89,589.47386899999992,1.9308999999338994,VSM.AllocationCommit,1102080,1
89,589.47386899999992,1.9308999999338994,VSM.Allocate,1774336,1
89,589.47386899999992,1.9308999999338994,VSM.ClearPhysicalPages,122624,1
89,589.47386899999992,1.9308999999338994,VSM.PageOccupancy,2560,1
89,589.47386899999992,1.9308999999338994,VSM.FinalizePages,2560,1
89,589.47386899999992,1.9308999999338994,VSM.DynamicRaster,0,0
89,589.47386899999992,1.9308999999338994,VSM.LayoutRemap,0,1
89,589.47386899999992,1.9308999999338994,VSM.InvalidateStatic,0,0
89,589.47386899999992,1.9308999999338994,VSM.InvalidateDynamic,512,1
89,589.47386899999992,1.9308999999338994,VSM.StaticCasterCull,422912,1
89,589.47386899999992,1.9308999999338994,VSM.DynamicCasterCull,0,1
89,589.47386899999992,1.9308999999338994,VSM.PageCull,403456,1
89,589.47386899999992,1.9308999999338994,VSM.StaticRasterClear,0,1
89,589.47386899999992,1.9308999999338994,VSM.StaticRasterDraw,6912,1
89,589.47386899999992,1.9308999999338994,VSM.DynamicRasterClear,0,0
89,589.47386899999992,1.9308999999338994,VSM.DynamicRasterDraw,0,0
89,589.47386899999992,1.9308999999338994,VSM.StaticRaster,7168,1
89,589.47386899999992,1.9308999999338994,VSM.UnityCompatibilityRaster,0,0
89,589.47386899999992,1.9308999999338994,VSM.Resolve,6519552,1
89,589.47386899999992,1.9308999999338994,VSM.ResolveTrace,6291968,1
89,589.47386899999992,1.9308999999338994,VSM.FilterHorizontal,65792,1
89,589.47386899999992,1.9308999999338994,VSM.FilterVertical,0,0
89,589.47386899999992,1.9308999999338994,VSM.FilterTemporalVertical,160768,1
89,589.47386899999992,1.9308999999338994,VSM.ResetFeedback,0,1
90,589.49035859999992,1.9230999999990672,VSM.MarkReceiverPages,904192,1
90,589.49035859999992,1.9230999999990672,VSM.AllocationPrepare,9472,1
90,589.49035859999992,1.9230999999990672,VSM.AllocationCommit,1102080,1
90,589.49035859999992,1.9230999999990672,VSM.Allocate,1359872,1
90,589.49035859999992,1.9230999999990672,VSM.ClearPhysicalPages,118528,1
90,589.49035859999992,1.9230999999990672,VSM.PageOccupancy,2560,1
90,589.49035859999992,1.9230999999990672,VSM.FinalizePages,2048,1
90,589.49035859999992,1.9230999999990672,VSM.DynamicRaster,0,0
90,589.49035859999992,1.9230999999990672,VSM.LayoutRemap,0,1
90,589.49035859999992,1.9230999999990672,VSM.InvalidateStatic,0,0
90,589.49035859999992,1.9230999999990672,VSM.InvalidateDynamic,256,1
90,589.49035859999992,1.9230999999990672,VSM.StaticCasterCull,409344,1
90,589.49035859999992,1.9230999999990672,VSM.DynamicCasterCull,0,1
90,589.49035859999992,1.9230999999990672,VSM.PageCull,390400,1
90,589.49035859999992,1.9230999999990672,VSM.StaticRasterClear,0,1
90,589.49035859999992,1.9230999999990672,VSM.StaticRasterDraw,6912,1
90,589.49035859999992,1.9230999999990672,VSM.DynamicRasterClear,0,0
90,589.49035859999992,1.9230999999990672,VSM.DynamicRasterDraw,0,0
90,589.49035859999992,1.9230999999990672,VSM.StaticRaster,7168,1
90,589.49035859999992,1.9230999999990672,VSM.UnityCompatibilityRaster,0,0
90,589.49035859999992,1.9230999999990672,VSM.Resolve,7269632,1
90,589.49035859999992,1.9230999999990672,VSM.ResolveTrace,6878720,1
90,589.49035859999992,1.9230999999990672,VSM.FilterHorizontal,65792,1
90,589.49035859999992,1.9230999999990672,VSM.FilterVertical,0,0
90,589.49035859999992,1.9230999999990672,VSM.FilterTemporalVertical,323584,1
90,589.49035859999992,1.9230999999990672,VSM.ResetFeedback,0,1
91,589.5074526,1.9750999999814667,VSM.MarkReceiverPages,1302016,1
91,589.5074526,1.9750999999814667,VSM.AllocationPrepare,9472,1
91,589.5074526,1.9750999999814667,VSM.AllocationCommit,1102336,1
91,589.5074526,1.9750999999814667,VSM.Allocate,1112576,1
91,589.5074526,1.9750999999814667,VSM.ClearPhysicalPages,118784,1
91,589.5074526,1.9750999999814667,VSM.PageOccupancy,2560,1
91,589.5074526,1.9750999999814667,VSM.FinalizePages,1536,1
91,589.5074526,1.9750999999814667,VSM.DynamicRaster,0,0
91,589.5074526,1.9750999999814667,VSM.LayoutRemap,0,1
91,589.5074526,1.9750999999814667,VSM.InvalidateStatic,0,0
91,589.5074526,1.9750999999814667,VSM.InvalidateDynamic,0,1
91,589.5074526,1.9750999999814667,VSM.StaticCasterCull,436736,1
91,589.5074526,1.9750999999814667,VSM.DynamicCasterCull,0,1
91,589.5074526,1.9750999999814667,VSM.PageCull,417536,1
91,589.5074526,1.9750999999814667,VSM.StaticRasterClear,0,1
91,589.5074526,1.9750999999814667,VSM.StaticRasterDraw,9216,1
91,589.5074526,1.9750999999814667,VSM.DynamicRasterClear,0,0
91,589.5074526,1.9750999999814667,VSM.DynamicRasterDraw,0,0
91,589.5074526,1.9750999999814667,VSM.StaticRaster,9216,1
91,589.5074526,1.9750999999814667,VSM.UnityCompatibilityRaster,0,0
91,589.5074526,1.9750999999814667,VSM.Resolve,7541504,1
91,589.5074526,1.9750999999814667,VSM.ResolveTrace,7313152,1
91,589.5074526,1.9750999999814667,VSM.FilterHorizontal,66816,1
91,589.5074526,1.9750999999814667,VSM.FilterVertical,0,0
91,589.5074526,1.9750999999814667,VSM.FilterTemporalVertical,160256,1
91,589.5074526,1.9750999999814667,VSM.ResetFeedback,0,1
92,589.52416829999993,2.0687999999609019,VSM.MarkReceiverPages,1090560,1
92,589.52416829999993,2.0687999999609019,VSM.AllocationPrepare,9472,1
92,589.52416829999993,2.0687999999609019,VSM.AllocationCommit,1102336,1
92,589.52416829999993,2.0687999999609019,VSM.Allocate,1112576,1
92,589.52416829999993,2.0687999999609019,VSM.ClearPhysicalPages,119040,1
92,589.52416829999993,2.0687999999609019,VSM.PageOccupancy,2560,1
92,589.52416829999993,2.0687999999609019,VSM.FinalizePages,2048,1
92,589.52416829999993,2.0687999999609019,VSM.DynamicRaster,0,0
92,589.52416829999993,2.0687999999609019,VSM.LayoutRemap,0,1
92,589.52416829999993,2.0687999999609019,VSM.InvalidateStatic,0,0
92,589.52416829999993,2.0687999999609019,VSM.InvalidateDynamic,256,1
92,589.52416829999993,2.0687999999609019,VSM.StaticCasterCull,455424,1
92,589.52416829999993,2.0687999999609019,VSM.DynamicCasterCull,0,1
92,589.52416829999993,2.0687999999609019,VSM.PageCull,436224,1
92,589.52416829999993,2.0687999999609019,VSM.StaticRasterClear,0,1
92,589.52416829999993,2.0687999999609019,VSM.StaticRasterDraw,7168,1
92,589.52416829999993,2.0687999999609019,VSM.DynamicRasterClear,0,0
92,589.52416829999993,2.0687999999609019,VSM.DynamicRasterDraw,0,0
92,589.52416829999993,2.0687999999609019,VSM.StaticRaster,7168,1
92,589.52416829999993,2.0687999999609019,VSM.UnityCompatibilityRaster,0,0
92,589.52416829999993,2.0687999999609019,VSM.Resolve,6912768,1
92,589.52416829999993,2.0687999999609019,VSM.ResolveTrace,6508544,1
92,589.52416829999993,2.0687999999609019,VSM.FilterHorizontal,240128,1
92,589.52416829999993,2.0687999999609019,VSM.FilterVertical,0,0
92,589.52416829999993,2.0687999999609019,VSM.FilterTemporalVertical,163072,1
92,589.52416829999993,2.0687999999609019,VSM.ResetFeedback,0,1
93,589.54123359999994,1.9695999999385094,VSM.MarkReceiverPages,1090304,1
93,589.54123359999994,1.9695999999385094,VSM.AllocationPrepare,9472,1
93,589.54123359999994,1.9695999999385094,VSM.AllocationCommit,1100800,1
93,589.54123359999994,1.9695999999385094,VSM.Allocate,1111040,1
93,589.54123359999994,1.9695999999385094,VSM.ClearPhysicalPages,119296,1
93,589.54123359999994,1.9695999999385094,VSM.PageOccupancy,2560,1
93,589.54123359999994,1.9695999999385094,VSM.FinalizePages,1792,1
93,589.54123359999994,1.9695999999385094,VSM.DynamicRaster,0,0
93,589.54123359999994,1.9695999999385094,VSM.LayoutRemap,0,1
93,589.54123359999994,1.9695999999385094,VSM.InvalidateStatic,0,0
93,589.54123359999994,1.9695999999385094,VSM.InvalidateDynamic,0,1
93,589.54123359999994,1.9695999999385094,VSM.StaticCasterCull,418560,1
93,589.54123359999994,1.9695999999385094,VSM.DynamicCasterCull,0,1
93,589.54123359999994,1.9695999999385094,VSM.PageCull,399616,1
93,589.54123359999994,1.9695999999385094,VSM.StaticRasterClear,0,1
93,589.54123359999994,1.9695999999385094,VSM.StaticRasterDraw,3328,1
93,589.54123359999994,1.9695999999385094,VSM.DynamicRasterClear,0,0
93,589.54123359999994,1.9695999999385094,VSM.DynamicRasterDraw,0,0
93,589.54123359999994,1.9695999999385094,VSM.StaticRaster,3328,1
93,589.54123359999994,1.9695999999385094,VSM.UnityCompatibilityRaster,0,0
93,589.54123359999994,1.9695999999385094,VSM.Resolve,7403264,1
93,589.54123359999994,1.9695999999385094,VSM.ResolveTrace,7003136,1
93,589.54123359999994,1.9695999999385094,VSM.FilterHorizontal,240384,1
93,589.54123359999994,1.9695999999385094,VSM.FilterVertical,0,0
93,589.54123359999994,1.9695999999385094,VSM.FilterTemporalVertical,158976,1
93,589.54123359999994,1.9695999999385094,VSM.ResetFeedback,0,1
94,589.5587978,2.0478999999795633,VSM.MarkReceiverPages,905984,1
94,589.5587978,2.0478999999795633,VSM.AllocationPrepare,9472,1
94,589.5587978,2.0478999999795633,VSM.AllocationCommit,1101568,1
94,589.5587978,2.0478999999795633,VSM.Allocate,1409024,1
94,589.5587978,2.0478999999795633,VSM.ClearPhysicalPages,119296,1
94,589.5587978,2.0478999999795633,VSM.PageOccupancy,2560,1
94,589.5587978,2.0478999999795633,VSM.FinalizePages,2048,1
94,589.5587978,2.0478999999795633,VSM.DynamicRaster,0,0
94,589.5587978,2.0478999999795633,VSM.LayoutRemap,0,1
94,589.5587978,2.0478999999795633,VSM.InvalidateStatic,0,0
94,589.5587978,2.0478999999795633,VSM.InvalidateDynamic,256,1
94,589.5587978,2.0478999999795633,VSM.StaticCasterCull,432896,1
94,589.5587978,2.0478999999795633,VSM.DynamicCasterCull,0,1
94,589.5587978,2.0478999999795633,VSM.PageCull,413952,1
94,589.5587978,2.0478999999795633,VSM.StaticRasterClear,0,1
94,589.5587978,2.0478999999795633,VSM.StaticRasterDraw,7168,1
94,589.5587978,2.0478999999795633,VSM.DynamicRasterClear,0,0
94,589.5587978,2.0478999999795633,VSM.DynamicRasterDraw,0,0
94,589.5587978,2.0478999999795633,VSM.StaticRaster,7168,1
94,589.5587978,2.0478999999795633,VSM.UnityCompatibilityRaster,0,0
94,589.5587978,2.0478999999795633,VSM.Resolve,6742528,1
94,589.5587978,2.0478999999795633,VSM.ResolveTrace,6516736,1
94,589.5587978,2.0478999999795633,VSM.FilterHorizontal,66048,1
94,589.5587978,2.0478999999795633,VSM.FilterVertical,0,0
94,589.5587978,2.0478999999795633,VSM.FilterTemporalVertical,158464,1
94,589.5587978,2.0478999999795633,VSM.ResetFeedback,0,1
95,589.57558899999992,1.9456999999647451,VSM.MarkReceiverPages,1094656,1
95,589.57558899999992,1.9456999999647451,VSM.AllocationPrepare,9728,1
95,589.57558899999992,1.9456999999647451,VSM.AllocationCommit,1101824,1
95,589.57558899999992,1.9456999999647451,VSM.Allocate,1537792,1
95,589.57558899999992,1.9456999999647451,VSM.ClearPhysicalPages,122368,1
95,589.57558899999992,1.9456999999647451,VSM.PageOccupancy,2560,1
95,589.57558899999992,1.9456999999647451,VSM.FinalizePages,2304,1
95,589.57558899999992,1.9456999999647451,VSM.DynamicRaster,0,0
95,589.57558899999992,1.9456999999647451,VSM.LayoutRemap,0,1
95,589.57558899999992,1.9456999999647451,VSM.InvalidateStatic,0,0
95,589.57558899999992,1.9456999999647451,VSM.InvalidateDynamic,512,1
95,589.57558899999992,1.9456999999647451,VSM.StaticCasterCull,414976,1
95,589.57558899999992,1.9456999999647451,VSM.DynamicCasterCull,0,1
95,589.57558899999992,1.9456999999647451,VSM.PageCull,396032,1
95,589.57558899999992,1.9456999999647451,VSM.StaticRasterClear,256,1
95,589.57558899999992,1.9456999999647451,VSM.StaticRasterDraw,5376,1
95,589.57558899999992,1.9456999999647451,VSM.DynamicRasterClear,0,0
95,589.57558899999992,1.9456999999647451,VSM.DynamicRasterDraw,0,0
95,589.57558899999992,1.9456999999647451,VSM.StaticRaster,5632,1
95,589.57558899999992,1.9456999999647451,VSM.UnityCompatibilityRaster,0,0
95,589.57558899999992,1.9456999999647451,VSM.Resolve,6651136,1
95,589.57558899999992,1.9456999999647451,VSM.ResolveTrace,6422784,1
95,589.57558899999992,1.9456999999647451,VSM.FilterHorizontal,65536,1
95,589.57558899999992,1.9456999999647451,VSM.FilterVertical,0,0
95,589.57558899999992,1.9456999999647451,VSM.FilterTemporalVertical,161536,1
95,589.57558899999992,1.9456999999647451,VSM.ResetFeedback,0,1
