observation,editor_time,camera_cpu_ms,marker,gpu_ns,gpu_sample_count
0,593.4208997,2.1154999999453139,VSM.MarkReceiverPages,906240,1
0,593.4208997,2.1154999999453139,VSM.AllocationPrepare,9472,1
0,593.4208997,2.1154999999453139,VSM.AllocationCommit,1101824,1
0,593.4208997,2.1154999999453139,VSM.Allocate,1666560,1
0,593.4208997,2.1154999999453139,VSM.ClearPhysicalPages,344576,1
0,593.4208997,2.1154999999453139,VSM.PageOccupancy,88320,1
0,593.4208997,2.1154999999453139,VSM.FinalizePages,2048,1
0,593.4208997,2.1154999999453139,VSM.DynamicRaster,0,0
0,593.4208997,2.1154999999453139,VSM.LayoutRemap,0,1
0,593.4208997,2.1154999999453139,VSM.InvalidateStatic,0,0
0,593.4208997,2.1154999999453139,VSM.InvalidateDynamic,3072,1
0,593.4208997,2.1154999999453139,VSM.StaticCasterCull,420096,1
0,593.4208997,2.1154999999453139,VSM.DynamicCasterCull,0,1
0,593.4208997,2.1154999999453139,VSM.PageCull,400896,1
0,593.4208997,2.1154999999453139,VSM.StaticRasterClear,0,1
0,593.4208997,2.1154999999453139,VSM.StaticRasterDraw,10496,1
0,593.4208997,2.1154999999453139,VSM.DynamicRasterClear,0,0
0,593.4208997,2.1154999999453139,VSM.DynamicRasterDraw,0,0
0,593.4208997,2.1154999999453139,VSM.StaticRaster,11008,1
0,593.4208997,2.1154999999453139,VSM.UnityCompatibilityRaster,0,0
0,593.4208997,2.1154999999453139,VSM.Resolve,6735360,1
0,593.4208997,2.1154999999453139,VSM.ResolveTrace,6507776,1
0,593.4208997,2.1154999999453139,VSM.FilterHorizontal,66560,1
0,593.4208997,2.1154999999453139,VSM.FilterVertical,0,0
0,593.4208997,2.1154999999453139,VSM.FilterTemporalVertical,159744,1
0,593.4208997,2.1154999999453139,VSM.ResetFeedback,0,1
1,593.4376626,2.0312000000330954,VSM.MarkReceiverPages,907776,1
1,593.4376626,2.0312000000330954,VSM.AllocationPrepare,9472,1
1,593.4376626,2.0312000000330954,VSM.AllocationCommit,1102336,1
1,593.4376626,2.0312000000330954,VSM.Allocate,1490688,1
1,593.4376626,2.0312000000330954,VSM.ClearPhysicalPages,344064,1
1,593.4376626,2.0312000000330954,VSM.PageOccupancy,88064,1
1,593.4376626,2.0312000000330954,VSM.FinalizePages,2048,1
1,593.4376626,2.0312000000330954,VSM.DynamicRaster,0,0
1,593.4376626,2.0312000000330954,VSM.LayoutRemap,0,1
1,593.4376626,2.0312000000330954,VSM.InvalidateStatic,0,0
1,593.4376626,2.0312000000330954,VSM.InvalidateDynamic,1792,1
1,593.4376626,2.0312000000330954,VSM.StaticCasterCull,444416,1
1,593.4376626,2.0312000000330954,VSM.DynamicCasterCull,0,1
1,593.4376626,2.0312000000330954,VSM.PageCull,424960,1
1,593.4376626,2.0312000000330954,VSM.StaticRasterClear,256,1
1,593.4376626,2.0312000000330954,VSM.StaticRasterDraw,6912,1
1,593.4376626,2.0312000000330954,VSM.DynamicRasterClear,0,0
1,593.4376626,2.0312000000330954,VSM.DynamicRasterDraw,0,0
1,593.4376626,2.0312000000330954,VSM.StaticRaster,7168,1
1,593.4376626,2.0312000000330954,VSM.UnityCompatibilityRaster,0,0
1,593.4376626,2.0312000000330954,VSM.Resolve,7344128,1
1,593.4376626,2.0312000000330954,VSM.ResolveTrace,7117312,1
1,593.4376626,2.0312000000330954,VSM.FilterHorizontal,66048,1
1,593.4376626,2.0312000000330954,VSM.FilterVertical,0,0
1,593.4376626,2.0312000000330954,VSM.FilterTemporalVertical,159744,1
1,593.4376626,2.0312000000330954,VSM.ResetFeedback,0,1
2,593.4544681,1.8912000000455009,VSM.MarkReceiverPages,904192,1
2,593.4544681,1.8912000000455009,VSM.AllocationPrepare,9216,1
2,593.4544681,1.8912000000455009,VSM.AllocationCommit,1102336,1
2,593.4544681,1.8912000000455009,VSM.Allocate,1624320,1
2,593.4544681,1.8912000000455009,VSM.ClearPhysicalPages,344576,1
2,593.4544681,1.8912000000455009,VSM.PageOccupancy,89600,1
2,593.4544681,1.8912000000455009,VSM.FinalizePages,1792,1
2,593.4544681,1.8912000000455009,VSM.DynamicRaster,0,0
2,593.4544681,1.8912000000455009,VSM.LayoutRemap,0,1
2,593.4544681,1.8912000000455009,VSM.InvalidateStatic,0,0
2,593.4544681,1.8912000000455009,VSM.InvalidateDynamic,3072,1
2,593.4544681,1.8912000000455009,VSM.StaticCasterCull,423936,1
2,593.4544681,1.8912000000455009,VSM.DynamicCasterCull,0,1
2,593.4544681,1.8912000000455009,VSM.PageCull,404992,1
2,593.4544681,1.8912000000455009,VSM.StaticRasterClear,256,1
2,593.4544681,1.8912000000455009,VSM.StaticRasterDraw,3072,1
2,593.4544681,1.8912000000455009,VSM.DynamicRasterClear,0,0
2,593.4544681,1.8912000000455009,VSM.DynamicRasterDraw,0,0
2,593.4544681,1.8912000000455009,VSM.StaticRaster,3328,1
2,593.4544681,1.8912000000455009,VSM.UnityCompatibilityRaster,0,0
2,593.4544681,1.8912000000455009,VSM.Resolve,6743040,1
2,593.4544681,1.8912000000455009,VSM.ResolveTrace,6516480,1
2,593.4544681,1.8912000000455009,VSM.FilterHorizontal,65024,1
2,593.4544681,1.8912000000455009,VSM.FilterVertical,0,0
2,593.4544681,1.8912000000455009,VSM.FilterTemporalVertical,160256,1
2,593.4544681,1.8912000000455009,VSM.ResetFeedback,0,1
3,593.47108959999991,1.8812999999227031,VSM.MarkReceiverPages,905472,1
3,593.47108959999991,1.8812999999227031,VSM.AllocationPrepare,9472,1
3,593.47108959999991,1.8812999999227031,VSM.AllocationCommit,1102080,1
3,593.47108959999991,1.8812999999227031,VSM.Allocate,1111808,1
3,593.47108959999991,1.8812999999227031,VSM.ClearPhysicalPages,344064,1
3,593.47108959999991,1.8812999999227031,VSM.PageOccupancy,87296,1
3,593.47108959999991,1.8812999999227031,VSM.FinalizePages,2048,1
3,593.47108959999991,1.8812999999227031,VSM.DynamicRaster,0,0
3,593.47108959999991,1.8812999999227031,VSM.LayoutRemap,0,1
3,593.47108959999991,1.8812999999227031,VSM.InvalidateStatic,0,0
3,593.47108959999991,1.8812999999227031,VSM.InvalidateDynamic,1536,1
3,593.47108959999991,1.8812999999227031,VSM.StaticCasterCull,419584,1
3,593.47108959999991,1.8812999999227031,VSM.DynamicCasterCull,0,1
3,593.47108959999991,1.8812999999227031,VSM.PageCull,400896,1
3,593.47108959999991,1.8812999999227031,VSM.StaticRasterClear,0,1
3,593.47108959999991,1.8812999999227031,VSM.StaticRasterDraw,7168,1
3,593.47108959999991,1.8812999999227031,VSM.DynamicRasterClear,0,0
3,593.47108959999991,1.8812999999227031,VSM.DynamicRasterDraw,0,0
3,593.47108959999991,1.8812999999227031,VSM.StaticRaster,7424,1
3,593.47108959999991,1.8812999999227031,VSM.UnityCompatibilityRaster,0,0
3,593.47108959999991,1.8812999999227031,VSM.Resolve,6657280,1
3,593.47108959999991,1.8812999999227031,VSM.ResolveTrace,6430720,1
3,593.47108959999991,1.8812999999227031,VSM.FilterHorizontal,65024,1
3,593.47108959999991,1.8812999999227031,VSM.FilterVertical,0,0
3,593.47108959999991,1.8812999999227031,VSM.FilterTemporalVertical,160000,1
3,593.47108959999991,1.8812999999227031,VSM.ResetFeedback,0,1
4,593.4876098,1.9862999999986641,VSM.MarkReceiverPages,907008,1
4,593.4876098,1.9862999999986641,VSM.AllocationPrepare,9472,1
4,593.4876098,1.9862999999986641,VSM.AllocationCommit,1101568,1
4,593.4876098,1.9862999999986641,VSM.Allocate,1290496,1
4,593.4876098,1.9862999999986641,VSM.ClearPhysicalPages,344576,1
4,593.4876098,1.9862999999986641,VSM.PageOccupancy,88064,1
4,593.4876098,1.9862999999986641,VSM.FinalizePages,1792,1
4,593.4876098,1.9862999999986641,VSM.DynamicRaster,0,0
4,593.4876098,1.9862999999986641,VSM.LayoutRemap,0,1
4,593.4876098,1.9862999999986641,VSM.InvalidateStatic,0,0
4,593.4876098,1.9862999999986641,VSM.InvalidateDynamic,2048,1
4,593.4876098,1.9862999999986641,VSM.StaticCasterCull,402944,1
4,593.4876098,1.9862999999986641,VSM.DynamicCasterCull,0,1
4,593.4876098,1.9862999999986641,VSM.PageCull,384256,1
4,593.4876098,1.9862999999986641,VSM.StaticRasterClear,0,1
4,593.4876098,1.9862999999986641,VSM.StaticRasterDraw,7168,1
4,593.4876098,1.9862999999986641,VSM.DynamicRasterClear,0,0
4,593.4876098,1.9862999999986641,VSM.DynamicRasterDraw,0,0
4,593.4876098,1.9862999999986641,VSM.StaticRaster,7424,1
4,593.4876098,1.9862999999986641,VSM.UnityCompatibilityRaster,0,0
4,593.4876098,1.9862999999986641,VSM.Resolve,7051008,1
4,593.4876098,1.9862999999986641,VSM.ResolveTrace,6567936,1
4,593.4876098,1.9862999999986641,VSM.FilterHorizontal,65024,1
4,593.4876098,1.9862999999986641,VSM.FilterVertical,0,0
4,593.4876098,1.9862999999986641,VSM.FilterTemporalVertical,159232,1
4,593.4876098,1.9862999999986641,VSM.ResetFeedback,0,1
5,593.5056453,2.8904000000693486,VSM.MarkReceiverPages,906496,1
5,593.5056453,2.8904000000693486,VSM.AllocationPrepare,9216,1
5,593.5056453,2.8904000000693486,VSM.AllocationCommit,1102592,1
5,593.5056453,2.8904000000693486,VSM.Allocate,1286656,1
5,593.5056453,2.8904000000693486,VSM.ClearPhysicalPages,344064,1
5,593.5056453,2.8904000000693486,VSM.PageOccupancy,88064,1
5,593.5056453,2.8904000000693486,VSM.FinalizePages,2048,1
5,593.5056453,2.8904000000693486,VSM.DynamicRaster,0,0
5,593.5056453,2.8904000000693486,VSM.LayoutRemap,0,1
5,593.5056453,2.8904000000693486,VSM.InvalidateStatic,0,0
5,593.5056453,2.8904000000693486,VSM.InvalidateDynamic,1792,1
5,593.5056453,2.8904000000693486,VSM.StaticCasterCull,419584,1
5,593.5056453,2.8904000000693486,VSM.DynamicCasterCull,0,1
5,593.5056453,2.8904000000693486,VSM.PageCull,401408,1
5,593.5056453,2.8904000000693486,VSM.StaticRasterClear,0,1
5,593.5056453,2.8904000000693486,VSM.StaticRasterDraw,7424,1
5,593.5056453,2.8904000000693486,VSM.DynamicRasterClear,0,0
5,593.5056453,2.8904000000693486,VSM.DynamicRasterDraw,0,0
5,593.5056453,2.8904000000693486,VSM.StaticRaster,7424,1
5,593.5056453,2.8904000000693486,VSM.UnityCompatibilityRaster,0,0
5,593.5056453,2.8904000000693486,VSM.Resolve,6680064,1
5,593.5056453,2.8904000000693486,VSM.ResolveTrace,6453760,1
5,593.5056453,2.8904000000693486,VSM.FilterHorizontal,64768,1
5,593.5056453,2.8904000000693486,VSM.FilterVertical,0,0
5,593.5056453,2.8904000000693486,VSM.FilterTemporalVertical,160256,1
5,593.5056453,2.8904000000693486,VSM.ResetFeedback,0,1
6,593.5237407,2.2227000000611952,VSM.MarkReceiverPages,905216,1
6,593.5237407,2.2227000000611952,VSM.AllocationPrepare,9472,1
6,593.5237407,2.2227000000611952,VSM.AllocationCommit,1102080,1
6,593.5237407,2.2227000000611952,VSM.Allocate,1553920,1
6,593.5237407,2.2227000000611952,VSM.ClearPhysicalPages,344832,1
6,593.5237407,2.2227000000611952,VSM.PageOccupancy,88320,1
6,593.5237407,2.2227000000611952,VSM.FinalizePages,2048,1
6,593.5237407,2.2227000000611952,VSM.DynamicRaster,0,0
6,593.5237407,2.2227000000611952,VSM.LayoutRemap,0,1
6,593.5237407,2.2227000000611952,VSM.InvalidateStatic,0,0
6,593.5237407,2.2227000000611952,VSM.InvalidateDynamic,3328,1
6,593.5237407,2.2227000000611952,VSM.StaticCasterCull,425984,1
6,593.5237407,2.2227000000611952,VSM.DynamicCasterCull,0,1
6,593.5237407,2.2227000000611952,VSM.PageCull,407296,1
6,593.5237407,2.2227000000611952,VSM.StaticRasterClear,0,1
6,593.5237407,2.2227000000611952,VSM.StaticRasterDraw,7168,1
6,593.5237407,2.2227000000611952,VSM.DynamicRasterClear,0,0
6,593.5237407,2.2227000000611952,VSM.DynamicRasterDraw,0,0
6,593.5237407,2.2227000000611952,VSM.StaticRaster,7424,1
6,593.5237407,2.2227000000611952,VSM.UnityCompatibilityRaster,0,0
6,593.5237407,2.2227000000611952,VSM.Resolve,6315264,1
6,593.5237407,2.2227000000611952,VSM.ResolveTrace,6091520,1
6,593.5237407,2.2227000000611952,VSM.FilterHorizontal,64512,1
6,593.5237407,2.2227000000611952,VSM.FilterVertical,0,0
6,593.5237407,2.2227000000611952,VSM.FilterTemporalVertical,157952,1
6,593.5237407,2.2227000000611952,VSM.ResetFeedback,0,1
7,593.5422663999999,2.4272999999084277,VSM.MarkReceiverPages,910080,1
7,593.5422663999999,2.4272999999084277,VSM.AllocationPrepare,9472,1
7,593.5422663999999,2.4272999999084277,VSM.AllocationCommit,1102592,1
7,593.5422663999999,2.4272999999084277,VSM.Allocate,1501696,1
7,593.5422663999999,2.4272999999084277,VSM.ClearPhysicalPages,344576,1
7,593.5422663999999,2.4272999999084277,VSM.PageOccupancy,88320,1
7,593.5422663999999,2.4272999999084277,VSM.FinalizePages,2304,1
7,593.5422663999999,2.4272999999084277,VSM.DynamicRaster,0,0
7,593.5422663999999,2.4272999999084277,VSM.LayoutRemap,0,1
7,593.5422663999999,2.4272999999084277,VSM.InvalidateStatic,0,0
7,593.5422663999999,2.4272999999084277,VSM.InvalidateDynamic,2304,1
7,593.5422663999999,2.4272999999084277,VSM.StaticCasterCull,457984,1
7,593.5422663999999,2.4272999999084277,VSM.DynamicCasterCull,0,1
7,593.5422663999999,2.4272999999084277,VSM.PageCull,439040,1
7,593.5422663999999,2.4272999999084277,VSM.StaticRasterClear,0,1
7,593.5422663999999,2.4272999999084277,VSM.StaticRasterDraw,7168,1
7,593.5422663999999,2.4272999999084277,VSM.DynamicRasterClear,0,0
7,593.5422663999999,2.4272999999084277,VSM.DynamicRasterDraw,0,0
7,593.5422663999999,2.4272999999084277,VSM.StaticRaster,7424,1
7,593.5422663999999,2.4272999999084277,VSM.UnityCompatibilityRaster,0,0
7,593.5422663999999,2.4272999999084277,VSM.Resolve,7081472,1
7,593.5422663999999,2.4272999999084277,VSM.ResolveTrace,6855680,1
7,593.5422663999999,2.4272999999084277,VSM.FilterHorizontal,65536,1
7,593.5422663999999,2.4272999999084277,VSM.FilterVertical,0,0
7,593.5422663999999,2.4272999999084277,VSM.FilterTemporalVertical,159232,1
7,593.5422663999999,2.4272999999084277,VSM.ResetFeedback,0,1
8,593.55903549999994,2.1740999999337873,VSM.MarkReceiverPages,905472,1
8,593.55903549999994,2.1740999999337873,VSM.AllocationPrepare,9472,1
8,593.55903549999994,2.1740999999337873,VSM.AllocationCommit,1102080,1
8,593.55903549999994,2.1740999999337873,VSM.Allocate,1472256,1
8,593.55903549999994,2.1740999999337873,VSM.ClearPhysicalPages,437248,1
8,593.55903549999994,2.1740999999337873,VSM.PageOccupancy,87296,1
8,593.55903549999994,2.1740999999337873,VSM.FinalizePages,2304,1
8,593.55903549999994,2.1740999999337873,VSM.DynamicRaster,0,0
8,593.55903549999994,2.1740999999337873,VSM.LayoutRemap,0,1
8,593.55903549999994,2.1740999999337873,VSM.InvalidateStatic,0,0
8,593.55903549999994,2.1740999999337873,VSM.InvalidateDynamic,2048,1
8,593.55903549999994,2.1740999999337873,VSM.StaticCasterCull,432896,1
8,593.55903549999994,2.1740999999337873,VSM.DynamicCasterCull,0,1
8,593.55903549999994,2.1740999999337873,VSM.PageCull,413184,1
8,593.55903549999994,2.1740999999337873,VSM.StaticRasterClear,256,1
8,593.55903549999994,2.1740999999337873,VSM.StaticRasterDraw,7680,1
8,593.55903549999994,2.1740999999337873,VSM.DynamicRasterClear,0,0
8,593.55903549999994,2.1740999999337873,VSM.DynamicRasterDraw,0,0
8,593.55903549999994,2.1740999999337873,VSM.StaticRaster,7936,1
8,593.55903549999994,2.1740999999337873,VSM.UnityCompatibilityRaster,0,0
8,593.55903549999994,2.1740999999337873,VSM.Resolve,7388672,1
8,593.55903549999994,2.1740999999337873,VSM.ResolveTrace,7159552,1
8,593.55903549999994,2.1740999999337873,VSM.FilterHorizontal,67328,1
8,593.55903549999994,2.1740999999337873,VSM.FilterVertical,0,0
8,593.55903549999994,2.1740999999337873,VSM.FilterTemporalVertical,160512,1
8,593.55903549999994,2.1740999999337873,VSM.ResetFeedback,0,1
9,593.5761708,1.8291000000090207,VSM.MarkReceiverPages,1078272,1
9,593.5761708,1.8291000000090207,VSM.AllocationPrepare,9728,1
9,593.5761708,1.8291000000090207,VSM.AllocationCommit,1102080,1
9,593.5761708,1.8291000000090207,VSM.Allocate,1289216,1
9,593.5761708,1.8291000000090207,VSM.ClearPhysicalPages,343808,1
9,593.5761708,1.8291000000090207,VSM.PageOccupancy,88064,1
9,593.5761708,1.8291000000090207,VSM.FinalizePages,2048,1
9,593.5761708,1.8291000000090207,VSM.DynamicRaster,0,0
9,593.5761708,1.8291000000090207,VSM.LayoutRemap,0,1
9,593.5761708,1.8291000000090207,VSM.InvalidateStatic,0,0
9,593.5761708,1.8291000000090207,VSM.InvalidateDynamic,1792,1
9,593.5761708,1.8291000000090207,VSM.StaticCasterCull,433408,1
9,593.5761708,1.8291000000090207,VSM.DynamicCasterCull,0,1
9,593.5761708,1.8291000000090207,VSM.PageCull,414208,1
9,593.5761708,1.8291000000090207,VSM.StaticRasterClear,256,1
9,593.5761708,1.8291000000090207,VSM.StaticRasterDraw,7168,1
9,593.5761708,1.8291000000090207,VSM.DynamicRasterClear,0,0
9,593.5761708,1.8291000000090207,VSM.DynamicRasterDraw,0,0
9,593.5761708,1.8291000000090207,VSM.StaticRaster,7424,1
9,593.5761708,1.8291000000090207,VSM.UnityCompatibilityRaster,0,0
9,593.5761708,1.8291000000090207,VSM.Resolve,7421696,1
9,593.5761708,1.8291000000090207,VSM.ResolveTrace,7029248,1
9,593.5761708,1.8291000000090207,VSM.FilterHorizontal,65792,1
9,593.5761708,1.8291000000090207,VSM.FilterVertical,0,0
9,593.5761708,1.8291000000090207,VSM.FilterTemporalVertical,162048,1
9,593.5761708,1.8291000000090207,VSM.ResetFeedback,0,1
10,593.59259349999991,1.9801999999344844,VSM.MarkReceiverPages,906752,1
10,593.59259349999991,1.9801999999344844,VSM.AllocationPrepare,9472,1
10,593.59259349999991,1.9801999999344844,VSM.AllocationCommit,1102080,1
10,593.59259349999991,1.9801999999344844,VSM.Allocate,1355776,1
10,593.59259349999991,1.9801999999344844,VSM.ClearPhysicalPages,343808,1
10,593.59259349999991,1.9801999999344844,VSM.PageOccupancy,85504,1
10,593.59259349999991,1.9801999999344844,VSM.FinalizePages,2048,1
10,593.59259349999991,1.9801999999344844,VSM.DynamicRaster,0,0
10,593.59259349999991,1.9801999999344844,VSM.LayoutRemap,0,1
10,593.59259349999991,1.9801999999344844,VSM.InvalidateStatic,0,0
10,593.59259349999991,1.9801999999344844,VSM.InvalidateDynamic,1792,1
10,593.59259349999991,1.9801999999344844,VSM.StaticCasterCull,430336,1
10,593.59259349999991,1.9801999999344844,VSM.DynamicCasterCull,0,1
10,593.59259349999991,1.9801999999344844,VSM.PageCull,411136,1
10,593.59259349999991,1.9801999999344844,VSM.StaticRasterClear,256,1
10,593.59259349999991,1.9801999999344844,VSM.StaticRasterDraw,7680,1
10,593.59259349999991,1.9801999999344844,VSM.DynamicRasterClear,0,0
10,593.59259349999991,1.9801999999344844,VSM.DynamicRasterDraw,0,0
10,593.59259349999991,1.9801999999344844,VSM.StaticRaster,7936,1
10,593.59259349999991,1.9801999999344844,VSM.UnityCompatibilityRaster,0,0
10,593.59259349999991,1.9801999999344844,VSM.Resolve,7022592,1
10,593.59259349999991,1.9801999999344844,VSM.ResolveTrace,6797568,1
10,593.59259349999991,1.9801999999344844,VSM.FilterHorizontal,65792,1
10,593.59259349999991,1.9801999999344844,VSM.FilterVertical,0,0
10,593.59259349999991,1.9801999999344844,VSM.FilterTemporalVertical,157952,1
10,593.59259349999991,1.9801999999344844,VSM.ResetFeedback,0,1
11,593.6103283,1.8086000000039348,VSM.MarkReceiverPages,911104,1
11,593.6103283,1.8086000000039348,VSM.AllocationPrepare,9216,1
11,593.6103283,1.8086000000039348,VSM.AllocationCommit,1101568,1
11,593.6103283,1.8086000000039348,VSM.Allocate,1357056,1
11,593.6103283,1.8086000000039348,VSM.ClearPhysicalPages,344320,1
11,593.6103283,1.8086000000039348,VSM.PageOccupancy,88064,1
11,593.6103283,1.8086000000039348,VSM.FinalizePages,2048,1
11,593.6103283,1.8086000000039348,VSM.DynamicRaster,0,0
11,593.6103283,1.8086000000039348,VSM.LayoutRemap,0,1
11,593.6103283,1.8086000000039348,VSM.InvalidateStatic,0,0
11,593.6103283,1.8086000000039348,VSM.InvalidateDynamic,1792,1
11,593.6103283,1.8086000000039348,VSM.StaticCasterCull,441088,1
11,593.6103283,1.8086000000039348,VSM.DynamicCasterCull,0,1
11,593.6103283,1.8086000000039348,VSM.PageCull,422144,1
11,593.6103283,1.8086000000039348,VSM.StaticRasterClear,0,1
11,593.6103283,1.8086000000039348,VSM.StaticRasterDraw,7168,1
11,593.6103283,1.8086000000039348,VSM.DynamicRasterClear,0,0
11,593.6103283,1.8086000000039348,VSM.DynamicRasterDraw,0,0
11,593.6103283,1.8086000000039348,VSM.StaticRaster,7424,1
11,593.6103283,1.8086000000039348,VSM.UnityCompatibilityRaster,0,0
11,593.6103283,1.8086000000039348,VSM.Resolve,7228160,1
11,593.6103283,1.8086000000039348,VSM.ResolveTrace,7002368,1
11,593.6103283,1.8086000000039348,VSM.FilterHorizontal,64768,1
11,593.6103283,1.8086000000039348,VSM.FilterVertical,0,0
11,593.6103283,1.8086000000039348,VSM.FilterTemporalVertical,159488,1
11,593.6103283,1.8086000000039348,VSM.ResetFeedback,0,1
12,593.6262989999999,1.7305000000078508,VSM.MarkReceiverPages,910080,1
12,593.6262989999999,1.7305000000078508,VSM.AllocationPrepare,9216,1
12,593.6262989999999,1.7305000000078508,VSM.AllocationCommit,1101824,1
12,593.6262989999999,1.7305000000078508,VSM.Allocate,1111296,1
12,593.6262989999999,1.7305000000078508,VSM.ClearPhysicalPages,343552,1
12,593.6262989999999,1.7305000000078508,VSM.PageOccupancy,88576,1
12,593.6262989999999,1.7305000000078508,VSM.FinalizePages,2048,1
12,593.6262989999999,1.7305000000078508,VSM.DynamicRaster,0,0
12,593.6262989999999,1.7305000000078508,VSM.LayoutRemap,0,1
12,593.6262989999999,1.7305000000078508,VSM.InvalidateStatic,0,0
12,593.6262989999999,1.7305000000078508,VSM.InvalidateDynamic,1792,1
12,593.6262989999999,1.7305000000078508,VSM.StaticCasterCull,412416,1
12,593.6262989999999,1.7305000000078508,VSM.DynamicCasterCull,0,1
12,593.6262989999999,1.7305000000078508,VSM.PageCull,393728,1
12,593.6262989999999,1.7305000000078508,VSM.StaticRasterClear,256,1
12,593.6262989999999,1.7305000000078508,VSM.StaticRasterDraw,7936,1
12,593.6262989999999,1.7305000000078508,VSM.DynamicRasterClear,0,0
12,593.6262989999999,1.7305000000078508,VSM.DynamicRasterDraw,0,0
12,593.6262989999999,1.7305000000078508,VSM.StaticRaster,8192,1
12,593.6262989999999,1.7305000000078508,VSM.UnityCompatibilityRaster,0,0
12,593.6262989999999,1.7305000000078508,VSM.Resolve,6585600,1
12,593.6262989999999,1.7305000000078508,VSM.ResolveTrace,6358528,1
12,593.6262989999999,1.7305000000078508,VSM.FilterHorizontal,65280,1
12,593.6262989999999,1.7305000000078508,VSM.FilterVertical,0,0
12,593.6262989999999,1.7305000000078508,VSM.FilterTemporalVertical,160768,1
12,593.6262989999999,1.7305000000078508,VSM.ResetFeedback,0,1
13,593.6440858,2.012199999967379,VSM.MarkReceiverPages,909056,1
13,593.6440858,2.012199999967379,VSM.AllocationPrepare,9472,1
13,593.6440858,2.012199999967379,VSM.AllocationCommit,1101824,1
13,593.6440858,2.012199999967379,VSM.Allocate,1364736,1
13,593.6440858,2.012199999967379,VSM.ClearPhysicalPages,344576,1
13,593.6440858,2.012199999967379,VSM.PageOccupancy,88064,1
13,593.6440858,2.012199999967379,VSM.FinalizePages,2560,1
13,593.6440858,2.012199999967379,VSM.DynamicRaster,0,0
13,593.6440858,2.012199999967379,VSM.LayoutRemap,0,1
13,593.6440858,2.012199999967379,VSM.InvalidateStatic,0,0
13,593.6440858,2.012199999967379,VSM.InvalidateDynamic,1792,1
13,593.6440858,2.012199999967379,VSM.StaticCasterCull,802560,1
13,593.6440858,2.012199999967379,VSM.DynamicCasterCull,0,1
13,593.6440858,2.012199999967379,VSM.PageCull,409088,1
13,593.6440858,2.012199999967379,VSM.StaticRasterClear,3840,1
13,593.6440858,2.012199999967379,VSM.StaticRasterDraw,8704,1
13,593.6440858,2.012199999967379,VSM.DynamicRasterClear,0,0
13,593.6440858,2.012199999967379,VSM.DynamicRasterDraw,0,0
13,593.6440858,2.012199999967379,VSM.StaticRaster,13312,1
13,593.6440858,2.012199999967379,VSM.UnityCompatibilityRaster,0,0
13,593.6440858,2.012199999967379,VSM.Resolve,6943232,1
13,593.6440858,2.012199999967379,VSM.ResolveTrace,6717952,1
13,593.6440858,2.012199999967379,VSM.FilterHorizontal,65280,1
13,593.6440858,2.012199999967379,VSM.FilterVertical,0,0
13,593.6440858,2.012199999967379,VSM.FilterTemporalVertical,158720,1
13,593.6440858,2.012199999967379,VSM.ResetFeedback,0,1
14,593.66107619999991,1.9152999999505482,VSM.MarkReceiverPages,908288,1
14,593.66107619999991,1.9152999999505482,VSM.AllocationPrepare,9472,1
14,593.66107619999991,1.9152999999505482,VSM.AllocationCommit,1101568,1
14,593.66107619999991,1.9152999999505482,VSM.Allocate,1111040,1
14,593.66107619999991,1.9152999999505482,VSM.ClearPhysicalPages,344064,1
14,593.66107619999991,1.9152999999505482,VSM.PageOccupancy,87040,1
14,593.66107619999991,1.9152999999505482,VSM.FinalizePages,2048,1
14,593.66107619999991,1.9152999999505482,VSM.DynamicRaster,0,0
14,593.66107619999991,1.9152999999505482,VSM.LayoutRemap,0,1
14,593.66107619999991,1.9152999999505482,VSM.InvalidateStatic,0,0
14,593.66107619999991,1.9152999999505482,VSM.InvalidateDynamic,1536,1
14,593.66107619999991,1.9152999999505482,VSM.StaticCasterCull,511232,1
14,593.66107619999991,1.9152999999505482,VSM.DynamicCasterCull,0,1
14,593.66107619999991,1.9152999999505482,VSM.PageCull,345856,1
14,593.66107619999991,1.9152999999505482,VSM.StaticRasterClear,97280,1
14,593.66107619999991,1.9152999999505482,VSM.StaticRasterDraw,8192,1
14,593.66107619999991,1.9152999999505482,VSM.DynamicRasterClear,0,0
14,593.66107619999991,1.9152999999505482,VSM.DynamicRasterDraw,0,0
14,593.66107619999991,1.9152999999505482,VSM.StaticRaster,105472,1
14,593.66107619999991,1.9152999999505482,VSM.UnityCompatibilityRaster,0,0
14,593.66107619999991,1.9152999999505482,VSM.Resolve,6782976,1
14,593.66107619999991,1.9152999999505482,VSM.ResolveTrace,6554112,1
14,593.66107619999991,1.9152999999505482,VSM.FilterHorizontal,65792,1
14,593.66107619999991,1.9152999999505482,VSM.FilterVertical,0,0
14,593.66107619999991,1.9152999999505482,VSM.FilterTemporalVertical,161792,1
14,593.66107619999991,1.9152999999505482,VSM.ResetFeedback,0,1
15,593.6783903999999,2.1825000000035288,VSM.MarkReceiverPages,926720,1
15,593.6783903999999,2.1825000000035288,VSM.AllocationPrepare,11264,1
15,593.6783903999999,2.1825000000035288,VSM.AllocationCommit,1103104,1
15,593.6783903999999,2.1825000000035288,VSM.Allocate,1115136,1
15,593.6783903999999,2.1825000000035288,VSM.ClearPhysicalPages,343296,1
15,593.6783903999999,2.1825000000035288,VSM.PageOccupancy,87296,1
15,593.6783903999999,2.1825000000035288,VSM.FinalizePages,1792,1
15,593.6783903999999,2.1825000000035288,VSM.DynamicRaster,0,0
15,593.6783903999999,2.1825000000035288,VSM.LayoutRemap,0,1
15,593.6783903999999,2.1825000000035288,VSM.InvalidateStatic,0,0
15,593.6783903999999,2.1825000000035288,VSM.InvalidateDynamic,1792,1
15,593.6783903999999,2.1825000000035288,VSM.StaticCasterCull,430848,1
15,593.6783903999999,2.1825000000035288,VSM.DynamicCasterCull,0,1
15,593.6783903999999,2.1825000000035288,VSM.PageCull,411648,1
15,593.6783903999999,2.1825000000035288,VSM.StaticRasterClear,0,1
15,593.6783903999999,2.1825000000035288,VSM.StaticRasterDraw,6912,1
15,593.6783903999999,2.1825000000035288,VSM.DynamicRasterClear,0,0
15,593.6783903999999,2.1825000000035288,VSM.DynamicRasterDraw,0,0
15,593.6783903999999,2.1825000000035288,VSM.StaticRaster,7168,1
15,593.6783903999999,2.1825000000035288,VSM.UnityCompatibilityRaster,0,0
15,593.6783903999999,2.1825000000035288,VSM.Resolve,7732224,1
15,593.6783903999999,2.1825000000035288,VSM.ResolveTrace,7487232,1
15,593.6783903999999,2.1825000000035288,VSM.FilterHorizontal,66304,1
15,593.6783903999999,2.1825000000035288,VSM.FilterVertical,0,0
15,593.6783903999999,2.1825000000035288,VSM.FilterTemporalVertical,177408,1
15,593.6783903999999,2.1825000000035288,VSM.ResetFeedback,0,1
16,593.69495309999991,1.920199999972283,VSM.MarkReceiverPages,907008,1
16,593.69495309999991,1.920199999972283,VSM.AllocationPrepare,9472,1
16,593.69495309999991,1.920199999972283,VSM.AllocationCommit,1101568,1
16,593.69495309999991,1.920199999972283,VSM.Allocate,1111040,1
16,593.69495309999991,1.920199999972283,VSM.ClearPhysicalPages,343808,1
16,593.69495309999991,1.920199999972283,VSM.PageOccupancy,89856,1
16,593.69495309999991,1.920199999972283,VSM.FinalizePages,2048,1
16,593.69495309999991,1.920199999972283,VSM.DynamicRaster,0,0
16,593.69495309999991,1.920199999972283,VSM.LayoutRemap,0,1
16,593.69495309999991,1.920199999972283,VSM.InvalidateStatic,0,0
16,593.69495309999991,1.920199999972283,VSM.InvalidateDynamic,1536,1
16,593.69495309999991,1.920199999972283,VSM.StaticCasterCull,592896,1
16,593.69495309999991,1.920199999972283,VSM.DynamicCasterCull,0,1
16,593.69495309999991,1.920199999972283,VSM.PageCull,417280,1
16,593.69495309999991,1.920199999972283,VSM.StaticRasterClear,256,1
16,593.69495309999991,1.920199999972283,VSM.StaticRasterDraw,12032,1
16,593.69495309999991,1.920199999972283,VSM.DynamicRasterClear,0,0
16,593.69495309999991,1.920199999972283,VSM.DynamicRasterDraw,0,0
16,593.69495309999991,1.920199999972283,VSM.StaticRaster,12544,1
16,593.69495309999991,1.920199999972283,VSM.UnityCompatibilityRaster,0,0
16,593.69495309999991,1.920199999972283,VSM.Resolve,7151872,1
16,593.69495309999991,1.920199999972283,VSM.ResolveTrace,6582528,1
16,593.69495309999991,1.920199999972283,VSM.FilterHorizontal,65536,1
16,593.69495309999991,1.920199999972283,VSM.FilterVertical,0,0
16,593.69495309999991,1.920199999972283,VSM.FilterTemporalVertical,502528,1
16,593.69495309999991,1.920199999972283,VSM.ResetFeedback,0,1
17,593.7124877,2.063399999997273,VSM.MarkReceiverPages,904704,1
17,593.7124877,2.063399999997273,VSM.AllocationPrepare,9216,1
17,593.7124877,2.063399999997273,VSM.AllocationCommit,1105408,1
17,593.7124877,2.063399999997273,VSM.Allocate,1293824,1
17,593.7124877,2.063399999997273,VSM.ClearPhysicalPages,344320,1
17,593.7124877,2.063399999997273,VSM.PageOccupancy,87296,1
17,593.7124877,2.063399999997273,VSM.FinalizePages,2304,1
17,593.7124877,2.063399999997273,VSM.DynamicRaster,0,0
17,593.7124877,2.063399999997273,VSM.LayoutRemap,0,1
17,593.7124877,2.063399999997273,VSM.InvalidateStatic,0,0
17,593.7124877,2.063399999997273,VSM.InvalidateDynamic,1792,1
17,593.7124877,2.063399999997273,VSM.StaticCasterCull,621824,1
17,593.7124877,2.063399999997273,VSM.DynamicCasterCull,0,1
17,593.7124877,2.063399999997273,VSM.PageCull,603136,1
17,593.7124877,2.063399999997273,VSM.StaticRasterClear,0,1
17,593.7124877,2.063399999997273,VSM.StaticRasterDraw,6912,1
17,593.7124877,2.063399999997273,VSM.DynamicRasterClear,0,0
17,593.7124877,2.063399999997273,VSM.DynamicRasterDraw,0,0
17,593.7124877,2.063399999997273,VSM.StaticRaster,7424,1
17,593.7124877,2.063399999997273,VSM.UnityCompatibilityRaster,0,0
17,593.7124877,2.063399999997273,VSM.Resolve,7138048,1
17,593.7124877,2.063399999997273,VSM.ResolveTrace,6477824,1
17,593.7124877,2.063399999997273,VSM.FilterHorizontal,65024,1
17,593.7124877,2.063399999997273,VSM.FilterVertical,0,0
17,593.7124877,2.063399999997273,VSM.FilterTemporalVertical,593920,1
17,593.7124877,2.063399999997273,VSM.ResetFeedback,0,1
18,593.73011569999994,1.9746000000395725,VSM.MarkReceiverPages,908288,1
18,593.73011569999994,1.9746000000395725,VSM.AllocationPrepare,9472,1
18,593.73011569999994,1.9746000000395725,VSM.AllocationCommit,1101824,1
18,593.73011569999994,1.9746000000395725,VSM.Allocate,1111296,1
18,593.73011569999994,1.9746000000395725,VSM.ClearPhysicalPages,343552,1
18,593.73011569999994,1.9746000000395725,VSM.PageOccupancy,90368,1
18,593.73011569999994,1.9746000000395725,VSM.FinalizePages,2048,1
18,593.73011569999994,1.9746000000395725,VSM.DynamicRaster,0,0
18,593.73011569999994,1.9746000000395725,VSM.LayoutRemap,0,1
18,593.73011569999994,1.9746000000395725,VSM.InvalidateStatic,0,0
18,593.73011569999994,1.9746000000395725,VSM.InvalidateDynamic,1792,1
18,593.73011569999994,1.9746000000395725,VSM.StaticCasterCull,678912,1
18,593.73011569999994,1.9746000000395725,VSM.DynamicCasterCull,0,1
18,593.73011569999994,1.9746000000395725,VSM.PageCull,411136,1
18,593.73011569999994,1.9746000000395725,VSM.StaticRasterClear,256,1
18,593.73011569999994,1.9746000000395725,VSM.StaticRasterDraw,9216,1
18,593.73011569999994,1.9746000000395725,VSM.DynamicRasterClear,0,0
18,593.73011569999994,1.9746000000395725,VSM.DynamicRasterDraw,0,0
18,593.73011569999994,1.9746000000395725,VSM.StaticRaster,9728,1
18,593.73011569999994,1.9746000000395725,VSM.UnityCompatibilityRaster,0,0
18,593.73011569999994,1.9746000000395725,VSM.Resolve,6853888,1
18,593.73011569999994,1.9746000000395725,VSM.ResolveTrace,6625280,1
18,593.73011569999994,1.9746000000395725,VSM.FilterHorizontal,66048,1
18,593.73011569999994,1.9746000000395725,VSM.FilterVertical,0,0
18,593.73011569999994,1.9746000000395725,VSM.FilterTemporalVertical,161280,1
18,593.73011569999994,1.9746000000395725,VSM.ResetFeedback,0,1
19,593.7471975,2.0852999999760868,VSM.MarkReceiverPages,904960,1
19,593.7471975,2.0852999999760868,VSM.AllocationPrepare,9216,1
19,593.7471975,2.0852999999760868,VSM.AllocationCommit,1101824,1
19,593.7471975,2.0852999999760868,VSM.Allocate,1284608,1
19,593.7471975,2.0852999999760868,VSM.ClearPhysicalPages,344576,1
19,593.7471975,2.0852999999760868,VSM.PageOccupancy,89088,1
19,593.7471975,2.0852999999760868,VSM.FinalizePages,2816,1
19,593.7471975,2.0852999999760868,VSM.DynamicRaster,0,0
19,593.7471975,2.0852999999760868,VSM.LayoutRemap,0,1
19,593.7471975,2.0852999999760868,VSM.InvalidateStatic,0,0
19,593.7471975,2.0852999999760868,VSM.InvalidateDynamic,1792,1
19,593.7471975,2.0852999999760868,VSM.StaticCasterCull,434176,1
19,593.7471975,2.0852999999760868,VSM.DynamicCasterCull,0,1
19,593.7471975,2.0852999999760868,VSM.PageCull,414976,1
19,593.7471975,2.0852999999760868,VSM.StaticRasterClear,256,1
19,593.7471975,2.0852999999760868,VSM.StaticRasterDraw,6912,1
19,593.7471975,2.0852999999760868,VSM.DynamicRasterClear,0,0
19,593.7471975,2.0852999999760868,VSM.DynamicRasterDraw,0,0
19,593.7471975,2.0852999999760868,VSM.StaticRaster,7168,1
19,593.7471975,2.0852999999760868,VSM.UnityCompatibilityRaster,0,0
19,593.7471975,2.0852999999760868,VSM.Resolve,7248896,1
19,593.7471975,2.0852999999760868,VSM.ResolveTrace,6575616,1
19,593.7471975,2.0852999999760868,VSM.FilterHorizontal,65024,1
19,593.7471975,2.0852999999760868,VSM.FilterVertical,0,0
19,593.7471975,2.0852999999760868,VSM.FilterTemporalVertical,606976,1
19,593.7471975,2.0852999999760868,VSM.ResetFeedback,0,1
20,593.7640796,1.8370999999888227,VSM.MarkReceiverPages,1094144,1
20,593.7640796,1.8370999999888227,VSM.AllocationPrepare,9472,1
20,593.7640796,1.8370999999888227,VSM.AllocationCommit,1101568,1
20,593.7640796,1.8370999999888227,VSM.Allocate,1422592,1
20,593.7640796,1.8370999999888227,VSM.ClearPhysicalPages,344320,1
20,593.7640796,1.8370999999888227,VSM.PageOccupancy,88832,1
20,593.7640796,1.8370999999888227,VSM.FinalizePages,2048,1
20,593.7640796,1.8370999999888227,VSM.DynamicRaster,0,0
20,593.7640796,1.8370999999888227,VSM.LayoutRemap,0,1
20,593.7640796,1.8370999999888227,VSM.InvalidateStatic,0,0
20,593.7640796,1.8370999999888227,VSM.InvalidateDynamic,2816,1
20,593.7640796,1.8370999999888227,VSM.StaticCasterCull,415744,1
20,593.7640796,1.8370999999888227,VSM.DynamicCasterCull,0,1
20,593.7640796,1.8370999999888227,VSM.PageCull,396800,1
20,593.7640796,1.8370999999888227,VSM.StaticRasterClear,256,1
20,593.7640796,1.8370999999888227,VSM.StaticRasterDraw,6912,1
20,593.7640796,1.8370999999888227,VSM.DynamicRasterClear,0,0
20,593.7640796,1.8370999999888227,VSM.DynamicRasterDraw,0,0
20,593.7640796,1.8370999999888227,VSM.StaticRaster,7168,1
20,593.7640796,1.8370999999888227,VSM.UnityCompatibilityRaster,0,0
20,593.7640796,1.8370999999888227,VSM.Resolve,6939648,1
20,593.7640796,1.8370999999888227,VSM.ResolveTrace,6713856,1
20,593.7640796,1.8370999999888227,VSM.FilterHorizontal,65280,1
20,593.7640796,1.8370999999888227,VSM.FilterVertical,0,0
20,593.7640796,1.8370999999888227,VSM.FilterTemporalVertical,159744,1
20,593.7640796,1.8370999999888227,VSM.ResetFeedback,0,1
21,593.7816621,2.2004999999580832,VSM.MarkReceiverPages,905472,1
21,593.7816621,2.2004999999580832,VSM.AllocationPrepare,9216,1
21,593.7816621,2.2004999999580832,VSM.AllocationCommit,1101824,1
21,593.7816621,2.2004999999580832,VSM.Allocate,1522688,1
21,593.7816621,2.2004999999580832,VSM.ClearPhysicalPages,344576,1
21,593.7816621,2.2004999999580832,VSM.PageOccupancy,88832,1
21,593.7816621,2.2004999999580832,VSM.FinalizePages,2304,1
21,593.7816621,2.2004999999580832,VSM.DynamicRaster,0,0
21,593.7816621,2.2004999999580832,VSM.LayoutRemap,0,1
21,593.7816621,2.2004999999580832,VSM.InvalidateStatic,0,0
21,593.7816621,2.2004999999580832,VSM.InvalidateDynamic,3072,1
21,593.7816621,2.2004999999580832,VSM.StaticCasterCull,707328,1
21,593.7816621,2.2004999999580832,VSM.DynamicCasterCull,0,1
21,593.7816621,2.2004999999580832,VSM.PageCull,409856,1
21,593.7816621,2.2004999999580832,VSM.StaticRasterClear,256,1
21,593.7816621,2.2004999999580832,VSM.StaticRasterDraw,8704,1
21,593.7816621,2.2004999999580832,VSM.DynamicRasterClear,0,0
21,593.7816621,2.2004999999580832,VSM.DynamicRasterDraw,0,0
21,593.7816621,2.2004999999580832,VSM.StaticRaster,9216,1
21,593.7816621,2.2004999999580832,VSM.UnityCompatibilityRaster,0,0
21,593.7816621,2.2004999999580832,VSM.Resolve,6650112,1
21,593.7816621,2.2004999999580832,VSM.ResolveTrace,6423552,1
21,593.7816621,2.2004999999580832,VSM.FilterHorizontal,65792,1
21,593.7816621,2.2004999999580832,VSM.FilterVertical,0,0
21,593.7816621,2.2004999999580832,VSM.FilterTemporalVertical,159744,1
21,593.7816621,2.2004999999580832,VSM.ResetFeedback,0,1
22,593.798959,1.9568999999819425,VSM.MarkReceiverPages,907008,1
22,593.798959,1.9568999999819425,VSM.AllocationPrepare,9728,1
22,593.798959,1.9568999999819425,VSM.AllocationCommit,1101824,1
22,593.798959,1.9568999999819425,VSM.Allocate,1349888,1
22,593.798959,1.9568999999819425,VSM.ClearPhysicalPages,343552,1
22,593.798959,1.9568999999819425,VSM.PageOccupancy,79616,1
22,593.798959,1.9568999999819425,VSM.FinalizePages,2048,1
22,593.798959,1.9568999999819425,VSM.DynamicRaster,0,0
22,593.798959,1.9568999999819425,VSM.LayoutRemap,0,1
22,593.798959,1.9568999999819425,VSM.InvalidateStatic,0,0
22,593.798959,1.9568999999819425,VSM.InvalidateDynamic,1792,1
22,593.798959,1.9568999999819425,VSM.StaticCasterCull,450816,1
22,593.798959,1.9568999999819425,VSM.DynamicCasterCull,0,1
22,593.798959,1.9568999999819425,VSM.PageCull,431616,1
22,593.798959,1.9568999999819425,VSM.StaticRasterClear,256,1
22,593.798959,1.9568999999819425,VSM.StaticRasterDraw,7168,1
22,593.798959,1.9568999999819425,VSM.DynamicRasterClear,0,0
22,593.798959,1.9568999999819425,VSM.DynamicRasterDraw,0,0
22,593.798959,1.9568999999819425,VSM.StaticRaster,7424,1
22,593.798959,1.9568999999819425,VSM.UnityCompatibilityRaster,0,0
22,593.798959,1.9568999999819425,VSM.Resolve,7077888,1
22,593.798959,1.9568999999819425,VSM.ResolveTrace,6850816,1
22,593.798959,1.9568999999819425,VSM.FilterHorizontal,65536,1
22,593.798959,1.9568999999819425,VSM.FilterVertical,0,0
22,593.798959,1.9568999999819425,VSM.FilterTemporalVertical,160256,1
22,593.798959,1.9568999999819425,VSM.ResetFeedback,0,1
23,593.8166964,1.8424999999524516,VSM.MarkReceiverPages,903424,1
23,593.8166964,1.8424999999524516,VSM.AllocationPrepare,9472,1
23,593.8166964,1.8424999999524516,VSM.AllocationCommit,1099520,1
23,593.8166964,1.8424999999524516,VSM.Allocate,1352704,1
23,593.8166964,1.8424999999524516,VSM.ClearPhysicalPages,343552,1
23,593.8166964,1.8424999999524516,VSM.PageOccupancy,88064,1
23,593.8166964,1.8424999999524516,VSM.FinalizePages,2048,1
23,593.8166964,1.8424999999524516,VSM.DynamicRaster,0,0
23,593.8166964,1.8424999999524516,VSM.LayoutRemap,256,1
23,593.8166964,1.8424999999524516,VSM.InvalidateStatic,0,0
23,593.8166964,1.8424999999524516,VSM.InvalidateDynamic,1792,1
23,593.8166964,1.8424999999524516,VSM.StaticCasterCull,441856,1
23,593.8166964,1.8424999999524516,VSM.DynamicCasterCull,0,1
23,593.8166964,1.8424999999524516,VSM.PageCull,423168,1
23,593.8166964,1.8424999999524516,VSM.StaticRasterClear,256,1
23,593.8166964,1.8424999999524516,VSM.StaticRasterDraw,6912,1
23,593.8166964,1.8424999999524516,VSM.DynamicRasterClear,0,0
23,593.8166964,1.8424999999524516,VSM.DynamicRasterDraw,0,0
23,593.8166964,1.8424999999524516,VSM.StaticRaster,7168,1
23,593.8166964,1.8424999999524516,VSM.UnityCompatibilityRaster,0,0
23,593.8166964,1.8424999999524516,VSM.Resolve,7378432,1
23,593.8166964,1.8424999999524516,VSM.ResolveTrace,7151616,1
23,593.8166964,1.8424999999524516,VSM.FilterHorizontal,65792,1
23,593.8166964,1.8424999999524516,VSM.FilterVertical,0,0
23,593.8166964,1.8424999999524516,VSM.FilterTemporalVertical,160000,1
23,593.8166964,1.8424999999524516,VSM.ResetFeedback,0,1
24,593.8337783,2.1511999999574982,VSM.MarkReceiverPages,906752,1
24,593.8337783,2.1511999999574982,VSM.AllocationPrepare,9728,1
24,593.8337783,2.1511999999574982,VSM.AllocationCommit,1102080,1
24,593.8337783,2.1511999999574982,VSM.Allocate,1359104,1
24,593.8337783,2.1511999999574982,VSM.ClearPhysicalPages,517120,1
24,593.8337783,2.1511999999574982,VSM.PageOccupancy,88320,1
24,593.8337783,2.1511999999574982,VSM.FinalizePages,2304,1
24,593.8337783,2.1511999999574982,VSM.DynamicRaster,0,0
24,593.8337783,2.1511999999574982,VSM.LayoutRemap,0,1
24,593.8337783,2.1511999999574982,VSM.InvalidateStatic,0,0
24,593.8337783,2.1511999999574982,VSM.InvalidateDynamic,1792,1
24,593.8337783,2.1511999999574982,VSM.StaticCasterCull,433920,1
24,593.8337783,2.1511999999574982,VSM.DynamicCasterCull,0,1
24,593.8337783,2.1511999999574982,VSM.PageCull,414208,1
24,593.8337783,2.1511999999574982,VSM.StaticRasterClear,256,1
24,593.8337783,2.1511999999574982,VSM.StaticRasterDraw,6912,1
24,593.8337783,2.1511999999574982,VSM.DynamicRasterClear,0,0
24,593.8337783,2.1511999999574982,VSM.DynamicRasterDraw,0,0
24,593.8337783,2.1511999999574982,VSM.StaticRaster,7168,1
24,593.8337783,2.1511999999574982,VSM.UnityCompatibilityRaster,0,0
24,593.8337783,2.1511999999574982,VSM.Resolve,7353856,1
24,593.8337783,2.1511999999574982,VSM.ResolveTrace,7125504,1
24,593.8337783,2.1511999999574982,VSM.FilterHorizontal,65792,1
24,593.8337783,2.1511999999574982,VSM.FilterVertical,0,0
24,593.8337783,2.1511999999574982,VSM.FilterTemporalVertical,161280,1
24,593.8337783,2.1511999999574982,VSM.ResetFeedback,0,1
25,593.8506895999999,1.8256999999266554,VSM.MarkReceiverPages,1099776,1
25,593.8506895999999,1.8256999999266554,VSM.AllocationPrepare,9728,1
25,593.8506895999999,1.8256999999266554,VSM.AllocationCommit,1102336,1
25,593.8506895999999,1.8256999999266554,VSM.Allocate,1112576,1
25,593.8506895999999,1.8256999999266554,VSM.ClearPhysicalPages,507904,1
25,593.8506895999999,1.8256999999266554,VSM.PageOccupancy,86272,1
25,593.8506895999999,1.8256999999266554,VSM.FinalizePages,2304,1
25,593.8506895999999,1.8256999999266554,VSM.DynamicRaster,0,0
25,593.8506895999999,1.8256999999266554,VSM.LayoutRemap,0,1
25,593.8506895999999,1.8256999999266554,VSM.InvalidateStatic,0,0
25,593.8506895999999,1.8256999999266554,VSM.InvalidateDynamic,1792,1
25,593.8506895999999,1.8256999999266554,VSM.StaticCasterCull,423168,1
25,593.8506895999999,1.8256999999266554,VSM.DynamicCasterCull,0,1
25,593.8506895999999,1.8256999999266554,VSM.PageCull,403968,1
25,593.8506895999999,1.8256999999266554,VSM.StaticRasterClear,0,1
25,593.8506895999999,1.8256999999266554,VSM.StaticRasterDraw,7168,1
25,593.8506895999999,1.8256999999266554,VSM.DynamicRasterClear,0,0
25,593.8506895999999,1.8256999999266554,VSM.DynamicRasterDraw,0,0
25,593.8506895999999,1.8256999999266554,VSM.StaticRaster,7424,1
25,593.8506895999999,1.8256999999266554,VSM.UnityCompatibilityRaster,0,0
25,593.8506895999999,1.8256999999266554,VSM.Resolve,7861504,1
25,593.8506895999999,1.8256999999266554,VSM.ResolveTrace,7631104,1
25,593.8506895999999,1.8256999999266554,VSM.FilterHorizontal,67584,1
25,593.8506895999999,1.8256999999266554,VSM.FilterVertical,0,0
25,593.8506895999999,1.8256999999266554,VSM.FilterTemporalVertical,161536,1
25,593.8506895999999,1.8256999999266554,VSM.ResetFeedback,0,1
26,593.8678245,1.8822000000682237,VSM.MarkReceiverPages,905984,1
26,593.8678245,1.8822000000682237,VSM.AllocationPrepare,9472,1
26,593.8678245,1.8822000000682237,VSM.AllocationCommit,1102080,1
26,593.8678245,1.8822000000682237,VSM.Allocate,1299456,1
26,593.8678245,1.8822000000682237,VSM.ClearPhysicalPages,344320,1
26,593.8678245,1.8822000000682237,VSM.PageOccupancy,87808,1
26,593.8678245,1.8822000000682237,VSM.FinalizePages,2048,1
26,593.8678245,1.8822000000682237,VSM.DynamicRaster,0,0
26,593.8678245,1.8822000000682237,VSM.LayoutRemap,0,1
26,593.8678245,1.8822000000682237,VSM.InvalidateStatic,0,0
26,593.8678245,1.8822000000682237,VSM.InvalidateDynamic,1792,1
26,593.8678245,1.8822000000682237,VSM.StaticCasterCull,421120,1
26,593.8678245,1.8822000000682237,VSM.DynamicCasterCull,0,1
26,593.8678245,1.8822000000682237,VSM.PageCull,401920,1
26,593.8678245,1.8822000000682237,VSM.StaticRasterClear,0,1
26,593.8678245,1.8822000000682237,VSM.StaticRasterDraw,7168,1
26,593.8678245,1.8822000000682237,VSM.DynamicRasterClear,0,0
26,593.8678245,1.8822000000682237,VSM.DynamicRasterDraw,0,0
26,593.8678245,1.8822000000682237,VSM.StaticRaster,7424,1
26,593.8678245,1.8822000000682237,VSM.UnityCompatibilityRaster,0,0
26,593.8678245,1.8822000000682237,VSM.Resolve,7074560,1
26,593.8678245,1.8822000000682237,VSM.ResolveTrace,6847232,1
26,593.8678245,1.8822000000682237,VSM.FilterHorizontal,66304,1
26,593.8678245,1.8822000000682237,VSM.FilterVertical,0,0
26,593.8678245,1.8822000000682237,VSM.FilterTemporalVertical,160000,1
26,593.8678245,1.8822000000682237,VSM.ResetFeedback,0,1
27,593.8844449,2.06649999995534,VSM.MarkReceiverPages,907520,1
27,593.8844449,2.06649999995534,VSM.AllocationPrepare,9472,1
27,593.8844449,2.06649999995534,VSM.AllocationCommit,1100544,1
27,593.8844449,2.06649999995534,VSM.Allocate,1110016,1
27,593.8844449,2.06649999995534,VSM.ClearPhysicalPages,344320,1
27,593.8844449,2.06649999995534,VSM.PageOccupancy,89600,1
27,593.8844449,2.06649999995534,VSM.FinalizePages,2560,1
27,593.8844449,2.06649999995534,VSM.DynamicRaster,0,0
27,593.8844449,2.06649999995534,VSM.LayoutRemap,0,1
27,593.8844449,2.06649999995534,VSM.InvalidateStatic,0,0
27,593.8844449,2.06649999995534,VSM.InvalidateDynamic,1792,1
27,593.8844449,2.06649999995534,VSM.StaticCasterCull,699136,1
27,593.8844449,2.06649999995534,VSM.DynamicCasterCull,0,1
27,593.8844449,2.06649999995534,VSM.PageCull,406784,1
27,593.8844449,2.06649999995534,VSM.StaticRasterClear,256,1
27,593.8844449,2.06649999995534,VSM.StaticRasterDraw,10496,1
27,593.8844449,2.06649999995534,VSM.DynamicRasterClear,0,0
27,593.8844449,2.06649999995534,VSM.DynamicRasterDraw,0,0
27,593.8844449,2.06649999995534,VSM.StaticRaster,11264,1
27,593.8844449,2.06649999995534,VSM.UnityCompatibilityRaster,0,0
27,593.8844449,2.06649999995534,VSM.Resolve,6826496,1
27,593.8844449,2.06649999995534,VSM.ResolveTrace,6426112,1
27,593.8844449,2.06649999995534,VSM.FilterHorizontal,65024,1
27,593.8844449,2.06649999995534,VSM.FilterVertical,0,0
27,593.8844449,2.06649999995534,VSM.FilterTemporalVertical,333824,1
27,593.8844449,2.06649999995534,VSM.ResetFeedback,0,1
28,593.901178,2.020000000015898,VSM.MarkReceiverPages,908800,1
28,593.901178,2.020000000015898,VSM.AllocationPrepare,9216,1
28,593.901178,2.020000000015898,VSM.AllocationCommit,1102336,1
28,593.901178,2.020000000015898,VSM.Allocate,1361920,1
28,593.901178,2.020000000015898,VSM.ClearPhysicalPages,344064,1
28,593.901178,2.020000000015898,VSM.PageOccupancy,88320,1
28,593.901178,2.020000000015898,VSM.FinalizePages,1792,1
28,593.901178,2.020000000015898,VSM.DynamicRaster,0,0
28,593.901178,2.020000000015898,VSM.LayoutRemap,0,1
28,593.901178,2.020000000015898,VSM.InvalidateStatic,0,0
28,593.901178,2.020000000015898,VSM.InvalidateDynamic,1792,1
28,593.901178,2.020000000015898,VSM.StaticCasterCull,427008,1
28,593.901178,2.020000000015898,VSM.DynamicCasterCull,0,1
28,593.901178,2.020000000015898,VSM.PageCull,407808,1
28,593.901178,2.020000000015898,VSM.StaticRasterClear,0,1
28,593.901178,2.020000000015898,VSM.StaticRasterDraw,6912,1
28,593.901178,2.020000000015898,VSM.DynamicRasterClear,0,0
28,593.901178,2.020000000015898,VSM.DynamicRasterDraw,0,0
28,593.901178,2.020000000015898,VSM.StaticRaster,7168,1
28,593.901178,2.020000000015898,VSM.UnityCompatibilityRaster,0,0
28,593.901178,2.020000000015898,VSM.Resolve,6633216,1
28,593.901178,2.020000000015898,VSM.ResolveTrace,6406656,1
28,593.901178,2.020000000015898,VSM.FilterHorizontal,65536,1
28,593.901178,2.020000000015898,VSM.FilterVertical,0,0
28,593.901178,2.020000000015898,VSM.FilterTemporalVertical,160000,1
28,593.901178,2.020000000015898,VSM.ResetFeedback,0,1
29,593.9176984,1.8978000000515749,VSM.MarkReceiverPages,904448,1
29,593.9176984,1.8978000000515749,VSM.AllocationPrepare,9472,1
29,593.9176984,1.8978000000515749,VSM.AllocationCommit,1102080,1
29,593.9176984,1.8978000000515749,VSM.Allocate,1277952,1
29,593.9176984,1.8978000000515749,VSM.ClearPhysicalPages,344576,1
29,593.9176984,1.8978000000515749,VSM.PageOccupancy,88320,1
29,593.9176984,1.8978000000515749,VSM.FinalizePages,2304,1
29,593.9176984,1.8978000000515749,VSM.DynamicRaster,0,0
29,593.9176984,1.8978000000515749,VSM.LayoutRemap,0,1
29,593.9176984,1.8978000000515749,VSM.InvalidateStatic,0,0
29,593.9176984,1.8978000000515749,VSM.InvalidateDynamic,1792,1
29,593.9176984,1.8978000000515749,VSM.StaticCasterCull,428800,1
29,593.9176984,1.8978000000515749,VSM.DynamicCasterCull,0,1
29,593.9176984,1.8978000000515749,VSM.PageCull,410112,1
29,593.9176984,1.8978000000515749,VSM.StaticRasterClear,0,1
29,593.9176984,1.8978000000515749,VSM.StaticRasterDraw,7168,1
29,593.9176984,1.8978000000515749,VSM.DynamicRasterClear,0,0
29,593.9176984,1.8978000000515749,VSM.DynamicRasterDraw,0,0
29,593.9176984,1.8978000000515749,VSM.StaticRaster,7168,1
29,593.9176984,1.8978000000515749,VSM.UnityCompatibilityRaster,0,0
29,593.9176984,1.8978000000515749,VSM.Resolve,7197184,1
29,593.9176984,1.8978000000515749,VSM.ResolveTrace,6721792,1
29,593.9176984,1.8978000000515749,VSM.FilterHorizontal,65792,1
29,593.9176984,1.8978000000515749,VSM.FilterVertical,0,0
29,593.9176984,1.8978000000515749,VSM.FilterTemporalVertical,160000,1
29,593.9176984,1.8978000000515749,VSM.ResetFeedback,0,1
30,593.9350473,2.0627999999760505,VSM.MarkReceiverPages,905472,1
30,593.9350473,2.0627999999760505,VSM.AllocationPrepare,9472,1
30,593.9350473,2.0627999999760505,VSM.AllocationCommit,1101824,1
30,593.9350473,2.0627999999760505,VSM.Allocate,1111552,1
30,593.9350473,2.0627999999760505,VSM.ClearPhysicalPages,590080,1
30,593.9350473,2.0627999999760505,VSM.PageOccupancy,88320,1
30,593.9350473,2.0627999999760505,VSM.FinalizePages,2048,1
30,593.9350473,2.0627999999760505,VSM.DynamicRaster,0,0
30,593.9350473,2.0627999999760505,VSM.LayoutRemap,0,1
30,593.9350473,2.0627999999760505,VSM.InvalidateStatic,0,0
30,593.9350473,2.0627999999760505,VSM.InvalidateDynamic,1792,1
30,593.9350473,2.0627999999760505,VSM.StaticCasterCull,418048,1
30,593.9350473,2.0627999999760505,VSM.DynamicCasterCull,0,1
30,593.9350473,2.0627999999760505,VSM.PageCull,394240,1
30,593.9350473,2.0627999999760505,VSM.StaticRasterClear,0,1
30,593.9350473,2.0627999999760505,VSM.StaticRasterDraw,7168,1
30,593.9350473,2.0627999999760505,VSM.DynamicRasterClear,0,0
30,593.9350473,2.0627999999760505,VSM.DynamicRasterDraw,0,0
30,593.9350473,2.0627999999760505,VSM.StaticRaster,7168,1
30,593.9350473,2.0627999999760505,VSM.UnityCompatibilityRaster,0,0
30,593.9350473,2.0627999999760505,VSM.Resolve,7109120,1
30,593.9350473,2.0627999999760505,VSM.ResolveTrace,6881024,1
30,593.9350473,2.0627999999760505,VSM.FilterHorizontal,65280,1
30,593.9350473,2.0627999999760505,VSM.FilterVertical,0,0
30,593.9350473,2.0627999999760505,VSM.FilterTemporalVertical,161536,1
30,593.9350473,2.0627999999760505,VSM.ResetFeedback,0,1
31,593.95238,1.7940999999837004,VSM.MarkReceiverPages,906752,1
31,593.95238,1.7940999999837004,VSM.AllocationPrepare,9728,1
31,593.95238,1.7940999999837004,VSM.AllocationCommit,1102080,1
31,593.95238,1.7940999999837004,VSM.Allocate,1285376,1
31,593.95238,1.7940999999837004,VSM.ClearPhysicalPages,344576,1
31,593.95238,1.7940999999837004,VSM.PageOccupancy,88064,1
31,593.95238,1.7940999999837004,VSM.FinalizePages,2048,1
31,593.95238,1.7940999999837004,VSM.DynamicRaster,0,0
31,593.95238,1.7940999999837004,VSM.LayoutRemap,0,1
31,593.95238,1.7940999999837004,VSM.InvalidateStatic,0,0
31,593.95238,1.7940999999837004,VSM.InvalidateDynamic,2048,1
31,593.95238,1.7940999999837004,VSM.StaticCasterCull,419328,1
31,593.95238,1.7940999999837004,VSM.DynamicCasterCull,0,1
31,593.95238,1.7940999999837004,VSM.PageCull,399872,1
31,593.95238,1.7940999999837004,VSM.StaticRasterClear,256,1
31,593.95238,1.7940999999837004,VSM.StaticRasterDraw,6912,1
31,593.95238,1.7940999999837004,VSM.DynamicRasterClear,0,0
31,593.95238,1.7940999999837004,VSM.DynamicRasterDraw,0,0
31,593.95238,1.7940999999837004,VSM.StaticRaster,7168,1
31,593.95238,1.7940999999837004,VSM.UnityCompatibilityRaster,0,0
31,593.95238,1.7940999999837004,VSM.Resolve,7048960,1
31,593.95238,1.7940999999837004,VSM.ResolveTrace,6822144,1
31,593.95238,1.7940999999837004,VSM.FilterHorizontal,65536,1
31,593.95238,1.7940999999837004,VSM.FilterVertical,0,0
31,593.95238,1.7940999999837004,VSM.FilterTemporalVertical,160256,1
31,593.95238,1.7940999999837004,VSM.ResetFeedback,0,1
32,593.96875879999993,1.822999999944841,VSM.MarkReceiverPages,1293568,1
32,593.96875879999993,1.822999999944841,VSM.AllocationPrepare,9472,1
32,593.96875879999993,1.822999999944841,VSM.AllocationCommit,1101568,1
32,593.96875879999993,1.822999999944841,VSM.Allocate,1111808,1
32,593.96875879999993,1.822999999944841,VSM.ClearPhysicalPages,344064,1
32,593.96875879999993,1.822999999944841,VSM.PageOccupancy,90624,1
32,593.96875879999993,1.822999999944841,VSM.FinalizePages,2816,1
32,593.96875879999993,1.822999999944841,VSM.DynamicRaster,0,0
32,593.96875879999993,1.822999999944841,VSM.LayoutRemap,0,1
32,593.96875879999993,1.822999999944841,VSM.InvalidateStatic,0,0
32,593.96875879999993,1.822999999944841,VSM.InvalidateDynamic,1792,1
32,593.96875879999993,1.822999999944841,VSM.StaticCasterCull,727296,1
32,593.96875879999993,1.822999999944841,VSM.DynamicCasterCull,0,1
32,593.96875879999993,1.822999999944841,VSM.PageCull,416256,1
32,593.96875879999993,1.822999999944841,VSM.StaticRasterClear,256,1
32,593.96875879999993,1.822999999944841,VSM.StaticRasterDraw,8960,1
32,593.96875879999993,1.822999999944841,VSM.DynamicRasterClear,0,0
32,593.96875879999993,1.822999999944841,VSM.DynamicRasterDraw,0,0
32,593.96875879999993,1.822999999944841,VSM.StaticRaster,9472,1
32,593.96875879999993,1.822999999944841,VSM.UnityCompatibilityRaster,0,0
32,593.96875879999993,1.822999999944841,VSM.Resolve,6714624,1
32,593.96875879999993,1.822999999944841,VSM.ResolveTrace,6489088,1
32,593.96875879999993,1.822999999944841,VSM.FilterHorizontal,65024,1
32,593.96875879999993,1.822999999944841,VSM.FilterVertical,0,0
32,593.96875879999993,1.822999999944841,VSM.FilterTemporalVertical,158976,1
32,593.96875879999993,1.822999999944841,VSM.ResetFeedback,0,1
33,593.98509129999991,1.9003999999540611,VSM.MarkReceiverPages,906752,1
33,593.98509129999991,1.9003999999540611,VSM.AllocationPrepare,9472,1
33,593.98509129999991,1.9003999999540611,VSM.AllocationCommit,1101568,1
33,593.98509129999991,1.9003999999540611,VSM.Allocate,1686272,1
33,593.98509129999991,1.9003999999540611,VSM.ClearPhysicalPages,344320,1
33,593.98509129999991,1.9003999999540611,VSM.PageOccupancy,87808,1
33,593.98509129999991,1.9003999999540611,VSM.FinalizePages,2048,1
33,593.98509129999991,1.9003999999540611,VSM.DynamicRaster,0,0
33,593.98509129999991,1.9003999999540611,VSM.LayoutRemap,0,1
33,593.98509129999991,1.9003999999540611,VSM.InvalidateStatic,0,0
33,593.98509129999991,1.9003999999540611,VSM.InvalidateDynamic,3072,1
33,593.98509129999991,1.9003999999540611,VSM.StaticCasterCull,413952,1
33,593.98509129999991,1.9003999999540611,VSM.DynamicCasterCull,0,1
33,593.98509129999991,1.9003999999540611,VSM.PageCull,395008,1
33,593.98509129999991,1.9003999999540611,VSM.StaticRasterClear,0,1
33,593.98509129999991,1.9003999999540611,VSM.StaticRasterDraw,6912,1
33,593.98509129999991,1.9003999999540611,VSM.DynamicRasterClear,0,0
33,593.98509129999991,1.9003999999540611,VSM.DynamicRasterDraw,0,0
33,593.98509129999991,1.9003999999540611,VSM.StaticRaster,7168,1
33,593.98509129999991,1.9003999999540611,VSM.UnityCompatibilityRaster,0,0
33,593.98509129999991,1.9003999999540611,VSM.Resolve,7129344,1
33,593.98509129999991,1.9003999999540611,VSM.ResolveTrace,6900992,1
33,593.98509129999991,1.9003999999540611,VSM.FilterHorizontal,66048,1
33,593.98509129999991,1.9003999999540611,VSM.FilterVertical,0,0
33,593.98509129999991,1.9003999999540611,VSM.FilterTemporalVertical,161280,1
33,593.98509129999991,1.9003999999540611,VSM.ResetFeedback,0,1
34,594.0013719,1.9525999999814303,VSM.MarkReceiverPages,907008,1
34,594.0013719,1.9525999999814303,VSM.AllocationPrepare,9472,1
34,594.0013719,1.9525999999814303,VSM.AllocationCommit,1102080,1
34,594.0013719,1.9525999999814303,VSM.Allocate,1364224,1
34,594.0013719,1.9525999999814303,VSM.ClearPhysicalPages,344320,1
34,594.0013719,1.9525999999814303,VSM.PageOccupancy,87552,1
34,594.0013719,1.9525999999814303,VSM.FinalizePages,2048,1
34,594.0013719,1.9525999999814303,VSM.DynamicRaster,0,0
34,594.0013719,1.9525999999814303,VSM.LayoutRemap,0,1
34,594.0013719,1.9525999999814303,VSM.InvalidateStatic,0,0
34,594.0013719,1.9525999999814303,VSM.InvalidateDynamic,1792,1
34,594.0013719,1.9525999999814303,VSM.StaticCasterCull,438528,1
34,594.0013719,1.9525999999814303,VSM.DynamicCasterCull,0,1
34,594.0013719,1.9525999999814303,VSM.PageCull,419584,1
34,594.0013719,1.9525999999814303,VSM.StaticRasterClear,0,1
34,594.0013719,1.9525999999814303,VSM.StaticRasterDraw,7168,1
34,594.0013719,1.9525999999814303,VSM.DynamicRasterClear,0,0
34,594.0013719,1.9525999999814303,VSM.DynamicRasterDraw,0,0
34,594.0013719,1.9525999999814303,VSM.StaticRaster,7424,1
34,594.0013719,1.9525999999814303,VSM.UnityCompatibilityRaster,0,0
34,594.0013719,1.9525999999814303,VSM.Resolve,6798080,1
34,594.0013719,1.9525999999814303,VSM.ResolveTrace,6573312,1
34,594.0013719,1.9525999999814303,VSM.FilterHorizontal,65536,1
34,594.0013719,1.9525999999814303,VSM.FilterVertical,0,0
34,594.0013719,1.9525999999814303,VSM.FilterTemporalVertical,158208,1
34,594.0013719,1.9525999999814303,VSM.ResetFeedback,0,1
35,594.0188746,1.7920000000231084,VSM.MarkReceiverPages,1082880,1
35,594.0188746,1.7920000000231084,VSM.AllocationPrepare,9472,1
35,594.0188746,1.7920000000231084,VSM.AllocationCommit,1101568,1
35,594.0188746,1.7920000000231084,VSM.Allocate,1556736,1
35,594.0188746,1.7920000000231084,VSM.ClearPhysicalPages,344064,1
35,594.0188746,1.7920000000231084,VSM.PageOccupancy,81920,1
35,594.0188746,1.7920000000231084,VSM.FinalizePages,2304,1
35,594.0188746,1.7920000000231084,VSM.DynamicRaster,0,0
35,594.0188746,1.7920000000231084,VSM.LayoutRemap,0,1
35,594.0188746,1.7920000000231084,VSM.InvalidateStatic,0,0
35,594.0188746,1.7920000000231084,VSM.InvalidateDynamic,3072,1
35,594.0188746,1.7920000000231084,VSM.StaticCasterCull,422400,1
35,594.0188746,1.7920000000231084,VSM.DynamicCasterCull,0,1
35,594.0188746,1.7920000000231084,VSM.PageCull,403712,1
35,594.0188746,1.7920000000231084,VSM.StaticRasterClear,0,1
35,594.0188746,1.7920000000231084,VSM.StaticRasterDraw,7424,1
35,594.0188746,1.7920000000231084,VSM.DynamicRasterClear,0,0
35,594.0188746,1.7920000000231084,VSM.DynamicRasterDraw,0,0
35,594.0188746,1.7920000000231084,VSM.StaticRaster,7424,1
35,594.0188746,1.7920000000231084,VSM.UnityCompatibilityRaster,0,0
35,594.0188746,1.7920000000231084,VSM.Resolve,6692608,1
35,594.0188746,1.7920000000231084,VSM.ResolveTrace,6467584,1
35,594.0188746,1.7920000000231084,VSM.FilterHorizontal,65024,1
35,594.0188746,1.7920000000231084,VSM.FilterVertical,0,0
35,594.0188746,1.7920000000231084,VSM.FilterTemporalVertical,159232,1
35,594.0188746,1.7920000000231084,VSM.ResetFeedback,0,1
36,594.0350722,1.9786000000294734,VSM.MarkReceiverPages,907520,1
36,594.0350722,1.9786000000294734,VSM.AllocationPrepare,9728,1
36,594.0350722,1.9786000000294734,VSM.AllocationCommit,1101824,1
36,594.0350722,1.9786000000294734,VSM.Allocate,1364224,1
36,594.0350722,1.9786000000294734,VSM.ClearPhysicalPages,344576,1
36,594.0350722,1.9786000000294734,VSM.PageOccupancy,88320,1
36,594.0350722,1.9786000000294734,VSM.FinalizePages,1792,1
36,594.0350722,1.9786000000294734,VSM.DynamicRaster,0,0
36,594.0350722,1.9786000000294734,VSM.LayoutRemap,0,1
36,594.0350722,1.9786000000294734,VSM.InvalidateStatic,0,0
36,594.0350722,1.9786000000294734,VSM.InvalidateDynamic,1792,1
36,594.0350722,1.9786000000294734,VSM.StaticCasterCull,417280,1
36,594.0350722,1.9786000000294734,VSM.DynamicCasterCull,0,1
36,594.0350722,1.9786000000294734,VSM.PageCull,398336,1
36,594.0350722,1.9786000000294734,VSM.StaticRasterClear,0,1
36,594.0350722,1.9786000000294734,VSM.StaticRasterDraw,7168,1
36,594.0350722,1.9786000000294734,VSM.DynamicRasterClear,0,0
36,594.0350722,1.9786000000294734,VSM.DynamicRasterDraw,0,0
36,594.0350722,1.9786000000294734,VSM.StaticRaster,7424,1
36,594.0350722,1.9786000000294734,VSM.UnityCompatibilityRaster,0,0
36,594.0350722,1.9786000000294734,VSM.Resolve,6887936,1
36,594.0350722,1.9786000000294734,VSM.ResolveTrace,6659840,1
36,594.0350722,1.9786000000294734,VSM.FilterHorizontal,65792,1
36,594.0350722,1.9786000000294734,VSM.FilterVertical,0,0
36,594.0350722,1.9786000000294734,VSM.FilterTemporalVertical,161024,1
36,594.0350722,1.9786000000294734,VSM.ResetFeedback,0,1
37,594.05160289999992,1.7709999999624415,VSM.MarkReceiverPages,1224192,1
37,594.05160289999992,1.7709999999624415,VSM.AllocationPrepare,9472,1
37,594.05160289999992,1.7709999999624415,VSM.AllocationCommit,1102336,1
37,594.05160289999992,1.7709999999624415,VSM.Allocate,1112320,1
37,594.05160289999992,1.7709999999624415,VSM.ClearPhysicalPages,344576,1
37,594.05160289999992,1.7709999999624415,VSM.PageOccupancy,91136,1
37,594.05160289999992,1.7709999999624415,VSM.FinalizePages,2816,1
37,594.05160289999992,1.7709999999624415,VSM.DynamicRaster,0,0
37,594.05160289999992,1.7709999999624415,VSM.LayoutRemap,0,1
37,594.05160289999992,1.7709999999624415,VSM.InvalidateStatic,0,0
37,594.05160289999992,1.7709999999624415,VSM.InvalidateDynamic,1792,1
37,594.05160289999992,1.7709999999624415,VSM.StaticCasterCull,902400,1
37,594.05160289999992,1.7709999999624415,VSM.DynamicCasterCull,0,1
37,594.05160289999992,1.7709999999624415,VSM.PageCull,411136,1
37,594.05160289999992,1.7709999999624415,VSM.StaticRasterClear,512,1
37,594.05160289999992,1.7709999999624415,VSM.StaticRasterDraw,5120,1
37,594.05160289999992,1.7709999999624415,VSM.DynamicRasterClear,0,0
37,594.05160289999992,1.7709999999624415,VSM.DynamicRasterDraw,0,0
37,594.05160289999992,1.7709999999624415,VSM.StaticRaster,6144,1
37,594.05160289999992,1.7709999999624415,VSM.UnityCompatibilityRaster,0,0
37,594.05160289999992,1.7709999999624415,VSM.Resolve,6890752,1
37,594.05160289999992,1.7709999999624415,VSM.ResolveTrace,6665472,1
37,594.05160289999992,1.7709999999624415,VSM.FilterHorizontal,66048,1
37,594.05160289999992,1.7709999999624415,VSM.FilterVertical,0,0
37,594.05160289999992,1.7709999999624415,VSM.FilterTemporalVertical,157952,1
37,594.05160289999992,1.7709999999624415,VSM.ResetFeedback,0,1
38,594.06820959999993,1.7129999999951906,VSM.MarkReceiverPages,907264,1
38,594.06820959999993,1.7129999999951906,VSM.AllocationPrepare,9216,1
38,594.06820959999993,1.7129999999951906,VSM.AllocationCommit,1101568,1
38,594.06820959999993,1.7129999999951906,VSM.Allocate,1287680,1
38,594.06820959999993,1.7129999999951906,VSM.ClearPhysicalPages,526848,1
38,594.06820959999993,1.7129999999951906,VSM.PageOccupancy,90368,1
38,594.06820959999993,1.7129999999951906,VSM.FinalizePages,2304,1
38,594.06820959999993,1.7129999999951906,VSM.DynamicRaster,0,0
38,594.06820959999993,1.7129999999951906,VSM.LayoutRemap,0,1
38,594.06820959999993,1.7129999999951906,VSM.InvalidateStatic,0,0
38,594.06820959999993,1.7129999999951906,VSM.InvalidateDynamic,1792,1
38,594.06820959999993,1.7129999999951906,VSM.StaticCasterCull,428032,1
38,594.06820959999993,1.7129999999951906,VSM.DynamicCasterCull,0,1
38,594.06820959999993,1.7129999999951906,VSM.PageCull,409088,1
38,594.06820959999993,1.7129999999951906,VSM.StaticRasterClear,0,1
38,594.06820959999993,1.7129999999951906,VSM.StaticRasterDraw,6912,1
38,594.06820959999993,1.7129999999951906,VSM.DynamicRasterClear,0,0
38,594.06820959999993,1.7129999999951906,VSM.DynamicRasterDraw,0,0
38,594.06820959999993,1.7129999999951906,VSM.StaticRaster,7168,1
38,594.06820959999993,1.7129999999951906,VSM.UnityCompatibilityRaster,0,0
38,594.06820959999993,1.7129999999951906,VSM.Resolve,6770944,1
38,594.06820959999993,1.7129999999951906,VSM.ResolveTrace,6543104,1
38,594.06820959999993,1.7129999999951906,VSM.FilterHorizontal,65792,1
38,594.06820959999993,1.7129999999951906,VSM.FilterVertical,0,0
38,594.06820959999993,1.7129999999951906,VSM.FilterTemporalVertical,160768,1
38,594.06820959999993,1.7129999999951906,VSM.ResetFeedback,0,1
39,594.0851931,1.9305000000713335,VSM.MarkReceiverPages,904448,1
39,594.0851931,1.9305000000713335,VSM.AllocationPrepare,9216,1
39,594.0851931,1.9305000000713335,VSM.AllocationCommit,1102336,1
39,594.0851931,1.9305000000713335,VSM.Allocate,1381632,1
39,594.0851931,1.9305000000713335,VSM.ClearPhysicalPages,344320,1
39,594.0851931,1.9305000000713335,VSM.PageOccupancy,89088,1
39,594.0851931,1.9305000000713335,VSM.FinalizePages,2304,1
39,594.0851931,1.9305000000713335,VSM.DynamicRaster,0,0
39,594.0851931,1.9305000000713335,VSM.LayoutRemap,0,1
39,594.0851931,1.9305000000713335,VSM.InvalidateStatic,0,0
39,594.0851931,1.9305000000713335,VSM.InvalidateDynamic,2048,1
39,594.0851931,1.9305000000713335,VSM.StaticCasterCull,401408,1
39,594.0851931,1.9305000000713335,VSM.DynamicCasterCull,0,1
39,594.0851931,1.9305000000713335,VSM.PageCull,382464,1
39,594.0851931,1.9305000000713335,VSM.StaticRasterClear,0,1
39,594.0851931,1.9305000000713335,VSM.StaticRasterDraw,6912,1
39,594.0851931,1.9305000000713335,VSM.DynamicRasterClear,0,0
39,594.0851931,1.9305000000713335,VSM.DynamicRasterDraw,0,0
39,594.0851931,1.9305000000713335,VSM.StaticRaster,7168,1
39,594.0851931,1.9305000000713335,VSM.UnityCompatibilityRaster,0,0
39,594.0851931,1.9305000000713335,VSM.Resolve,7243264,1
39,594.0851931,1.9305000000713335,VSM.ResolveTrace,7016704,1
39,594.0851931,1.9305000000713335,VSM.FilterHorizontal,65024,1
39,594.0851931,1.9305000000713335,VSM.FilterVertical,0,0
39,594.0851931,1.9305000000713335,VSM.FilterTemporalVertical,160256,1
39,594.0851931,1.9305000000713335,VSM.ResetFeedback,0,1
40,594.1026683,1.9768000000794927,VSM.MarkReceiverPages,907776,1
40,594.1026683,1.9768000000794927,VSM.AllocationPrepare,9216,1
40,594.1026683,1.9768000000794927,VSM.AllocationCommit,1102336,1
40,594.1026683,1.9768000000794927,VSM.Allocate,1408512,1
40,594.1026683,1.9768000000794927,VSM.ClearPhysicalPages,345344,1
40,594.1026683,1.9768000000794927,VSM.PageOccupancy,89088,1
40,594.1026683,1.9768000000794927,VSM.FinalizePages,2048,1
40,594.1026683,1.9768000000794927,VSM.DynamicRaster,0,0
40,594.1026683,1.9768000000794927,VSM.LayoutRemap,0,1
40,594.1026683,1.9768000000794927,VSM.InvalidateStatic,0,0
40,594.1026683,1.9768000000794927,VSM.InvalidateDynamic,3072,1
40,594.1026683,1.9768000000794927,VSM.StaticCasterCull,450560,1
40,594.1026683,1.9768000000794927,VSM.DynamicCasterCull,0,1
40,594.1026683,1.9768000000794927,VSM.PageCull,431104,1
40,594.1026683,1.9768000000794927,VSM.StaticRasterClear,0,1
40,594.1026683,1.9768000000794927,VSM.StaticRasterDraw,3072,1
40,594.1026683,1.9768000000794927,VSM.DynamicRasterClear,0,0
40,594.1026683,1.9768000000794927,VSM.DynamicRasterDraw,0,0
40,594.1026683,1.9768000000794927,VSM.StaticRaster,3328,1
40,594.1026683,1.9768000000794927,VSM.UnityCompatibilityRaster,0,0
40,594.1026683,1.9768000000794927,VSM.Resolve,7027456,1
40,594.1026683,1.9768000000794927,VSM.ResolveTrace,6801664,1
40,594.1026683,1.9768000000794927,VSM.FilterHorizontal,65536,1
40,594.1026683,1.9768000000794927,VSM.FilterVertical,0,0
40,594.1026683,1.9768000000794927,VSM.FilterTemporalVertical,158976,1
40,594.1026683,1.9768000000794927,VSM.ResetFeedback,0,1
41,594.1204412,2.1567999999660969,VSM.MarkReceiverPages,1305088,1
41,594.1204412,2.1567999999660969,VSM.AllocationPrepare,9728,1
41,594.1204412,2.1567999999660969,VSM.AllocationCommit,1102080,1
41,594.1204412,2.1567999999660969,VSM.Allocate,1112064,1
41,594.1204412,2.1567999999660969,VSM.ClearPhysicalPages,344320,1
41,594.1204412,2.1567999999660969,VSM.PageOccupancy,89600,1
41,594.1204412,2.1567999999660969,VSM.FinalizePages,2816,1
41,594.1204412,2.1567999999660969,VSM.DynamicRaster,0,0
41,594.1204412,2.1567999999660969,VSM.LayoutRemap,0,1
41,594.1204412,2.1567999999660969,VSM.InvalidateStatic,0,0
41,594.1204412,2.1567999999660969,VSM.InvalidateDynamic,1792,1
41,594.1204412,2.1567999999660969,VSM.StaticCasterCull,884224,1
41,594.1204412,2.1567999999660969,VSM.DynamicCasterCull,0,1
41,594.1204412,2.1567999999660969,VSM.PageCull,418304,1
41,594.1204412,2.1567999999660969,VSM.StaticRasterClear,256,1
41,594.1204412,2.1567999999660969,VSM.StaticRasterDraw,8960,1
41,594.1204412,2.1567999999660969,VSM.DynamicRasterClear,0,0
41,594.1204412,2.1567999999660969,VSM.DynamicRasterDraw,0,0
41,594.1204412,2.1567999999660969,VSM.StaticRaster,9984,1
41,594.1204412,2.1567999999660969,VSM.UnityCompatibilityRaster,0,0
41,594.1204412,2.1567999999660969,VSM.Resolve,6705664,1
41,594.1204412,2.1567999999660969,VSM.ResolveTrace,6479360,1
41,594.1204412,2.1567999999660969,VSM.FilterHorizontal,65536,1
41,594.1204412,2.1567999999660969,VSM.FilterVertical,0,0
41,594.1204412,2.1567999999660969,VSM.FilterTemporalVertical,159744,1
41,594.1204412,2.1567999999660969,VSM.ResetFeedback,0,1
42,594.13698809999994,1.9035999999914566,VSM.MarkReceiverPages,904192,1
42,594.13698809999994,1.9035999999914566,VSM.AllocationPrepare,9216,1
42,594.13698809999994,1.9035999999914566,VSM.AllocationCommit,1101824,1
42,594.13698809999994,1.9035999999914566,VSM.Allocate,1479936,1
42,594.13698809999994,1.9035999999914566,VSM.ClearPhysicalPages,525824,1
42,594.13698809999994,1.9035999999914566,VSM.PageOccupancy,89344,1
42,594.13698809999994,1.9035999999914566,VSM.FinalizePages,2304,1
42,594.13698809999994,1.9035999999914566,VSM.DynamicRaster,0,0
42,594.13698809999994,1.9035999999914566,VSM.LayoutRemap,0,1
42,594.13698809999994,1.9035999999914566,VSM.InvalidateStatic,0,0
42,594.13698809999994,1.9035999999914566,VSM.InvalidateDynamic,2048,1
42,594.13698809999994,1.9035999999914566,VSM.StaticCasterCull,412928,1
42,594.13698809999994,1.9035999999914566,VSM.DynamicCasterCull,0,1
42,594.13698809999994,1.9035999999914566,VSM.PageCull,392192,1
42,594.13698809999994,1.9035999999914566,VSM.StaticRasterClear,0,1
42,594.13698809999994,1.9035999999914566,VSM.StaticRasterDraw,6912,1
42,594.13698809999994,1.9035999999914566,VSM.DynamicRasterClear,0,0
42,594.13698809999994,1.9035999999914566,VSM.DynamicRasterDraw,0,0
42,594.13698809999994,1.9035999999914566,VSM.StaticRaster,7168,1
42,594.13698809999994,1.9035999999914566,VSM.UnityCompatibilityRaster,0,0
42,594.13698809999994,1.9035999999914566,VSM.Resolve,7220736,1
42,594.13698809999994,1.9035999999914566,VSM.ResolveTrace,6993152,1
42,594.13698809999994,1.9035999999914566,VSM.FilterHorizontal,66304,1
42,594.13698809999994,1.9035999999914566,VSM.FilterVertical,0,0
42,594.13698809999994,1.9035999999914566,VSM.FilterTemporalVertical,160512,1
42,594.13698809999994,1.9035999999914566,VSM.ResetFeedback,0,1
43,594.1543945,2.0887000000584521,VSM.MarkReceiverPages,904960,1
43,594.1543945,2.0887000000584521,VSM.AllocationPrepare,9216,1
43,594.1543945,2.0887000000584521,VSM.AllocationCommit,1102080,1
43,594.1543945,2.0887000000584521,VSM.Allocate,1572352,1
43,594.1543945,2.0887000000584521,VSM.ClearPhysicalPages,344832,1
43,594.1543945,2.0887000000584521,VSM.PageOccupancy,88064,1
43,594.1543945,2.0887000000584521,VSM.FinalizePages,2048,1
43,594.1543945,2.0887000000584521,VSM.DynamicRaster,0,0
43,594.1543945,2.0887000000584521,VSM.LayoutRemap,0,1
43,594.1543945,2.0887000000584521,VSM.InvalidateStatic,0,0
43,594.1543945,2.0887000000584521,VSM.InvalidateDynamic,3072,1
43,594.1543945,2.0887000000584521,VSM.StaticCasterCull,430592,1
43,594.1543945,2.0887000000584521,VSM.DynamicCasterCull,0,1
43,594.1543945,2.0887000000584521,VSM.PageCull,411648,1
43,594.1543945,2.0887000000584521,VSM.StaticRasterClear,256,1
43,594.1543945,2.0887000000584521,VSM.StaticRasterDraw,8704,1
43,594.1543945,2.0887000000584521,VSM.DynamicRasterClear,0,0
43,594.1543945,2.0887000000584521,VSM.DynamicRasterDraw,0,0
43,594.1543945,2.0887000000584521,VSM.StaticRaster,8960,1
43,594.1543945,2.0887000000584521,VSM.UnityCompatibilityRaster,0,0
43,594.1543945,2.0887000000584521,VSM.Resolve,7062528,1
43,594.1543945,2.0887000000584521,VSM.ResolveTrace,6836224,1
43,594.1543945,2.0887000000584521,VSM.FilterHorizontal,65792,1
43,594.1543945,2.0887000000584521,VSM.FilterVertical,0,0
43,594.1543945,2.0887000000584521,VSM.FilterTemporalVertical,159488,1
43,594.1543945,2.0887000000584521,VSM.ResetFeedback,0,1
44,594.1724984,1.9103000000768589,VSM.MarkReceiverPages,907776,1
44,594.1724984,1.9103000000768589,VSM.AllocationPrepare,9472,1
44,594.1724984,1.9103000000768589,VSM.AllocationCommit,1101824,1
44,594.1724984,1.9103000000768589,VSM.Allocate,1112064,1
44,594.1724984,1.9103000000768589,VSM.ClearPhysicalPages,343808,1
44,594.1724984,1.9103000000768589,VSM.PageOccupancy,88320,1
44,594.1724984,1.9103000000768589,VSM.FinalizePages,2048,1
44,594.1724984,1.9103000000768589,VSM.DynamicRaster,0,0
44,594.1724984,1.9103000000768589,VSM.LayoutRemap,0,1
44,594.1724984,1.9103000000768589,VSM.InvalidateStatic,0,0
44,594.1724984,1.9103000000768589,VSM.InvalidateDynamic,2048,1
44,594.1724984,1.9103000000768589,VSM.StaticCasterCull,461568,1
44,594.1724984,1.9103000000768589,VSM.DynamicCasterCull,0,1
44,594.1724984,1.9103000000768589,VSM.PageCull,442880,1
44,594.1724984,1.9103000000768589,VSM.StaticRasterClear,0,1
44,594.1724984,1.9103000000768589,VSM.StaticRasterDraw,7168,1
44,594.1724984,1.9103000000768589,VSM.DynamicRasterClear,0,0
44,594.1724984,1.9103000000768589,VSM.DynamicRasterDraw,0,0
44,594.1724984,1.9103000000768589,VSM.StaticRaster,7424,1
44,594.1724984,1.9103000000768589,VSM.UnityCompatibilityRaster,0,0
44,594.1724984,1.9103000000768589,VSM.Resolve,6350848,1
44,594.1724984,1.9103000000768589,VSM.ResolveTrace,6126848,1
44,594.1724984,1.9103000000768589,VSM.FilterHorizontal,64768,1
44,594.1724984,1.9103000000768589,VSM.FilterVertical,0,0
44,594.1724984,1.9103000000768589,VSM.FilterTemporalVertical,158208,1
44,594.1724984,1.9103000000768589,VSM.ResetFeedback,0,1
45,594.1888677,1.7851000000064232,VSM.MarkReceiverPages,904960,1
45,594.1888677,1.7851000000064232,VSM.AllocationPrepare,9216,1
45,594.1888677,1.7851000000064232,VSM.AllocationCommit,1102080,1
45,594.1888677,1.7851000000064232,VSM.Allocate,1593600,1
45,594.1888677,1.7851000000064232,VSM.ClearPhysicalPages,345344,1
45,594.1888677,1.7851000000064232,VSM.PageOccupancy,87552,1
45,594.1888677,1.7851000000064232,VSM.FinalizePages,2048,1
45,594.1888677,1.7851000000064232,VSM.DynamicRaster,0,0
45,594.1888677,1.7851000000064232,VSM.LayoutRemap,0,1
45,594.1888677,1.7851000000064232,VSM.InvalidateStatic,0,0
45,594.1888677,1.7851000000064232,VSM.InvalidateDynamic,3072,1
45,594.1888677,1.7851000000064232,VSM.StaticCasterCull,410624,1
45,594.1888677,1.7851000000064232,VSM.DynamicCasterCull,0,1
45,594.1888677,1.7851000000064232,VSM.PageCull,391680,1
45,594.1888677,1.7851000000064232,VSM.StaticRasterClear,256,1
45,594.1888677,1.7851000000064232,VSM.StaticRasterDraw,7424,1
45,594.1888677,1.7851000000064232,VSM.DynamicRasterClear,0,0
45,594.1888677,1.7851000000064232,VSM.DynamicRasterDraw,0,0
45,594.1888677,1.7851000000064232,VSM.StaticRaster,7680,1
45,594.1888677,1.7851000000064232,VSM.UnityCompatibilityRaster,0,0
45,594.1888677,1.7851000000064232,VSM.Resolve,7347712,1
45,594.1888677,1.7851000000064232,VSM.ResolveTrace,7122176,1
45,594.1888677,1.7851000000064232,VSM.FilterHorizontal,65792,1
45,594.1888677,1.7851000000064232,VSM.FilterVertical,0,0
45,594.1888677,1.7851000000064232,VSM.FilterTemporalVertical,158464,1
45,594.1888677,1.7851000000064232,VSM.ResetFeedback,0,1
46,594.20598469999993,1.9770000000107757,VSM.MarkReceiverPages,907520,1
46,594.20598469999993,1.9770000000107757,VSM.AllocationPrepare,9472,1
46,594.20598469999993,1.9770000000107757,VSM.AllocationCommit,1102592,1
46,594.20598469999993,1.9770000000107757,VSM.Allocate,1519872,1
46,594.20598469999993,1.9770000000107757,VSM.ClearPhysicalPages,344576,1
46,594.20598469999993,1.9770000000107757,VSM.PageOccupancy,88576,1
46,594.20598469999993,1.9770000000107757,VSM.FinalizePages,1792,1
46,594.20598469999993,1.9770000000107757,VSM.DynamicRaster,0,0
46,594.20598469999993,1.9770000000107757,VSM.LayoutRemap,0,1
46,594.20598469999993,1.9770000000107757,VSM.InvalidateStatic,0,0
46,594.20598469999993,1.9770000000107757,VSM.InvalidateDynamic,1792,1
46,594.20598469999993,1.9770000000107757,VSM.StaticCasterCull,433408,1
46,594.20598469999993,1.9770000000107757,VSM.DynamicCasterCull,0,1
46,594.20598469999993,1.9770000000107757,VSM.PageCull,415232,1
46,594.20598469999993,1.9770000000107757,VSM.StaticRasterClear,0,1
46,594.20598469999993,1.9770000000107757,VSM.StaticRasterDraw,3072,1
46,594.20598469999993,1.9770000000107757,VSM.DynamicRasterClear,0,0
46,594.20598469999993,1.9770000000107757,VSM.DynamicRasterDraw,0,0
46,594.20598469999993,1.9770000000107757,VSM.StaticRaster,3584,1
46,594.20598469999993,1.9770000000107757,VSM.UnityCompatibilityRaster,0,0
46,594.20598469999993,1.9770000000107757,VSM.Resolve,7933696,1
46,594.20598469999993,1.9770000000107757,VSM.ResolveTrace,7707392,1
46,594.20598469999993,1.9770000000107757,VSM.FilterHorizontal,66304,1
46,594.20598469999993,1.9770000000107757,VSM.FilterVertical,0,0
46,594.20598469999993,1.9770000000107757,VSM.FilterTemporalVertical,158464,1
46,594.20598469999993,1.9770000000107757,VSM.ResetFeedback,0,1
47,594.22279199999991,1.90229999998337,VSM.MarkReceiverPages,904704,1
47,594.22279199999991,1.90229999998337,VSM.AllocationPrepare,9728,1
47,594.22279199999991,1.90229999998337,VSM.AllocationCommit,1101824,1
47,594.22279199999991,1.90229999998337,VSM.Allocate,1111552,1
47,594.22279199999991,1.90229999998337,VSM.ClearPhysicalPages,344320,1
47,594.22279199999991,1.90229999998337,VSM.PageOccupancy,88832,1
47,594.22279199999991,1.90229999998337,VSM.FinalizePages,2048,1
47,594.22279199999991,1.90229999998337,VSM.DynamicRaster,0,0
47,594.22279199999991,1.90229999998337,VSM.LayoutRemap,0,1
47,594.22279199999991,1.90229999998337,VSM.InvalidateStatic,0,0
47,594.22279199999991,1.90229999998337,VSM.InvalidateDynamic,1792,1
47,594.22279199999991,1.90229999998337,VSM.StaticCasterCull,579072,1
47,594.22279199999991,1.90229999998337,VSM.DynamicCasterCull,0,1
47,594.22279199999991,1.90229999998337,VSM.PageCull,413952,1
47,594.22279199999991,1.90229999998337,VSM.StaticRasterClear,256,1
47,594.22279199999991,1.90229999998337,VSM.StaticRasterDraw,6912,1
47,594.22279199999991,1.90229999998337,VSM.DynamicRasterClear,0,0
47,594.22279199999991,1.90229999998337,VSM.DynamicRasterDraw,0,0
47,594.22279199999991,1.90229999998337,VSM.StaticRaster,7424,1
47,594.22279199999991,1.90229999998337,VSM.UnityCompatibilityRaster,0,0
47,594.22279199999991,1.90229999998337,VSM.Resolve,6912512,1
47,594.22279199999991,1.90229999998337,VSM.ResolveTrace,6681344,1
47,594.22279199999991,1.90229999998337,VSM.FilterHorizontal,67584,1
47,594.22279199999991,1.90229999998337,VSM.FilterVertical,0,0
47,594.22279199999991,1.90229999998337,VSM.FilterTemporalVertical,162304,1
47,594.22279199999991,1.90229999998337,VSM.ResetFeedback,0,1
48,594.23853909999991,1.7386999999189356,VSM.MarkReceiverPages,1295872,1
48,594.23853909999991,1.7386999999189356,VSM.AllocationPrepare,9728,1
48,594.23853909999991,1.7386999999189356,VSM.AllocationCommit,1101312,1
48,594.23853909999991,1.7386999999189356,VSM.Allocate,1111552,1
48,594.23853909999991,1.7386999999189356,VSM.ClearPhysicalPages,344320,1
48,594.23853909999991,1.7386999999189356,VSM.PageOccupancy,88576,1
48,594.23853909999991,1.7386999999189356,VSM.FinalizePages,2048,1
48,594.23853909999991,1.7386999999189356,VSM.DynamicRaster,0,0
48,594.23853909999991,1.7386999999189356,VSM.LayoutRemap,0,1
48,594.23853909999991,1.7386999999189356,VSM.InvalidateStatic,0,0
48,594.23853909999991,1.7386999999189356,VSM.InvalidateDynamic,2048,1
48,594.23853909999991,1.7386999999189356,VSM.StaticCasterCull,421376,1
48,594.23853909999991,1.7386999999189356,VSM.DynamicCasterCull,0,1
48,594.23853909999991,1.7386999999189356,VSM.PageCull,402432,1
48,594.23853909999991,1.7386999999189356,VSM.StaticRasterClear,256,1
48,594.23853909999991,1.7386999999189356,VSM.StaticRasterDraw,7168,1
48,594.23853909999991,1.7386999999189356,VSM.DynamicRasterClear,0,0
48,594.23853909999991,1.7386999999189356,VSM.DynamicRasterDraw,0,0
48,594.23853909999991,1.7386999999189356,VSM.StaticRaster,7424,1
48,594.23853909999991,1.7386999999189356,VSM.UnityCompatibilityRaster,0,0
48,594.23853909999991,1.7386999999189356,VSM.Resolve,7199488,1
48,594.23853909999991,1.7386999999189356,VSM.ResolveTrace,6972672,1
48,594.23853909999991,1.7386999999189356,VSM.FilterHorizontal,65280,1
48,594.23853909999991,1.7386999999189356,VSM.FilterVertical,0,0
48,594.23853909999991,1.7386999999189356,VSM.FilterTemporalVertical,160256,1
48,594.23853909999991,1.7386999999189356,VSM.ResetFeedback,0,1
49,594.25532119999991,1.8837999999732347,VSM.MarkReceiverPages,903424,1
49,594.25532119999991,1.8837999999732347,VSM.AllocationPrepare,9728,1
49,594.25532119999991,1.8837999999732347,VSM.AllocationCommit,1101824,1
49,594.25532119999991,1.8837999999732347,VSM.Allocate,1112064,1
49,594.25532119999991,1.8837999999732347,VSM.ClearPhysicalPages,344064,1
49,594.25532119999991,1.8837999999732347,VSM.PageOccupancy,88576,1
49,594.25532119999991,1.8837999999732347,VSM.FinalizePages,2816,1
49,594.25532119999991,1.8837999999732347,VSM.DynamicRaster,0,0
49,594.25532119999991,1.8837999999732347,VSM.LayoutRemap,0,1
49,594.25532119999991,1.8837999999732347,VSM.InvalidateStatic,0,0
49,594.25532119999991,1.8837999999732347,VSM.InvalidateDynamic,1792,1
49,594.25532119999991,1.8837999999732347,VSM.StaticCasterCull,427008,1
49,594.25532119999991,1.8837999999732347,VSM.DynamicCasterCull,0,1
49,594.25532119999991,1.8837999999732347,VSM.PageCull,408064,1
49,594.25532119999991,1.8837999999732347,VSM.StaticRasterClear,0,1
49,594.25532119999991,1.8837999999732347,VSM.StaticRasterDraw,7168,1
49,594.25532119999991,1.8837999999732347,VSM.DynamicRasterClear,0,0
49,594.25532119999991,1.8837999999732347,VSM.DynamicRasterDraw,0,0
49,594.25532119999991,1.8837999999732347,VSM.StaticRaster,7168,1
49,594.25532119999991,1.8837999999732347,VSM.UnityCompatibilityRaster,0,0
49,594.25532119999991,1.8837999999732347,VSM.Resolve,6773248,1
49,594.25532119999991,1.8837999999732347,VSM.ResolveTrace,6544384,1
49,594.25532119999991,1.8837999999732347,VSM.FilterHorizontal,67072,1
49,594.25532119999991,1.8837999999732347,VSM.FilterVertical,0,0
49,594.25532119999991,1.8837999999732347,VSM.FilterTemporalVertical,161024,1
49,594.25532119999991,1.8837999999732347,VSM.ResetFeedback,0,1
50,594.2729111,1.7522000000553817,VSM.MarkReceiverPages,908288,1
50,594.2729111,1.7522000000553817,VSM.AllocationPrepare,9472,1
50,594.2729111,1.7522000000553817,VSM.AllocationCommit,1100288,1
50,594.2729111,1.7522000000553817,VSM.Allocate,1110016,1
50,594.2729111,1.7522000000553817,VSM.ClearPhysicalPages,344576,1
50,594.2729111,1.7522000000553817,VSM.PageOccupancy,89088,1
50,594.2729111,1.7522000000553817,VSM.FinalizePages,2048,1
50,594.2729111,1.7522000000553817,VSM.DynamicRaster,0,0
50,594.2729111,1.7522000000553817,VSM.LayoutRemap,0,1
50,594.2729111,1.7522000000553817,VSM.InvalidateStatic,0,0
50,594.2729111,1.7522000000553817,VSM.InvalidateDynamic,1536,1
50,594.2729111,1.7522000000553817,VSM.StaticCasterCull,595456,1
50,594.2729111,1.7522000000553817,VSM.DynamicCasterCull,0,1
50,594.2729111,1.7522000000553817,VSM.PageCull,401408,1
50,594.2729111,1.7522000000553817,VSM.StaticRasterClear,256,1
50,594.2729111,1.7522000000553817,VSM.StaticRasterDraw,8960,1
50,594.2729111,1.7522000000553817,VSM.DynamicRasterClear,0,0
50,594.2729111,1.7522000000553817,VSM.DynamicRasterDraw,0,0
50,594.2729111,1.7522000000553817,VSM.StaticRaster,9472,1
50,594.2729111,1.7522000000553817,VSM.UnityCompatibilityRaster,0,0
50,594.2729111,1.7522000000553817,VSM.Resolve,6651904,1
50,594.2729111,1.7522000000553817,VSM.ResolveTrace,6426368,1
50,594.2729111,1.7522000000553817,VSM.FilterHorizontal,66048,1
50,594.2729111,1.7522000000553817,VSM.FilterVertical,0,0
50,594.2729111,1.7522000000553817,VSM.FilterTemporalVertical,158208,1
50,594.2729111,1.7522000000553817,VSM.ResetFeedback,0,1
51,594.28886549999993,1.8798999999489752,VSM.MarkReceiverPages,904448,1
51,594.28886549999993,1.8798999999489752,VSM.AllocationPrepare,9728,1
51,594.28886549999993,1.8798999999489752,VSM.AllocationCommit,1102336,1
51,594.28886549999993,1.8798999999489752,VSM.Allocate,1288192,1
51,594.28886549999993,1.8798999999489752,VSM.ClearPhysicalPages,343808,1
51,594.28886549999993,1.8798999999489752,VSM.PageOccupancy,87808,1
51,594.28886549999993,1.8798999999489752,VSM.FinalizePages,2048,1
51,594.28886549999993,1.8798999999489752,VSM.DynamicRaster,0,0
51,594.28886549999993,1.8798999999489752,VSM.LayoutRemap,0,1
51,594.28886549999993,1.8798999999489752,VSM.InvalidateStatic,0,0
51,594.28886549999993,1.8798999999489752,VSM.InvalidateDynamic,1792,1
51,594.28886549999993,1.8798999999489752,VSM.StaticCasterCull,419072,1
51,594.28886549999993,1.8798999999489752,VSM.DynamicCasterCull,0,1
51,594.28886549999993,1.8798999999489752,VSM.PageCull,399616,1
51,594.28886549999993,1.8798999999489752,VSM.StaticRasterClear,0,1
51,594.28886549999993,1.8798999999489752,VSM.StaticRasterDraw,3328,1
51,594.28886549999993,1.8798999999489752,VSM.DynamicRasterClear,0,0
51,594.28886549999993,1.8798999999489752,VSM.DynamicRasterDraw,0,0
51,594.28886549999993,1.8798999999489752,VSM.StaticRaster,3584,1
51,594.28886549999993,1.8798999999489752,VSM.UnityCompatibilityRaster,0,0
51,594.28886549999993,1.8798999999489752,VSM.Resolve,7230208,1
51,594.28886549999993,1.8798999999489752,VSM.ResolveTrace,7000576,1
51,594.28886549999993,1.8798999999489752,VSM.FilterHorizontal,67584,1
51,594.28886549999993,1.8798999999489752,VSM.FilterVertical,0,0
51,594.28886549999993,1.8798999999489752,VSM.FilterTemporalVertical,161024,1
51,594.28886549999993,1.8798999999489752,VSM.ResetFeedback,0,1
52,594.306385,2.1685000000388754,VSM.MarkReceiverPages,905728,1
52,594.306385,2.1685000000388754,VSM.AllocationPrepare,9472,1
52,594.306385,2.1685000000388754,VSM.AllocationCommit,1101824,1
52,594.306385,2.1685000000388754,VSM.Allocate,1112064,1
52,594.306385,2.1685000000388754,VSM.ClearPhysicalPages,344064,1
52,594.306385,2.1685000000388754,VSM.PageOccupancy,89344,1
52,594.306385,2.1685000000388754,VSM.FinalizePages,2048,1
52,594.306385,2.1685000000388754,VSM.DynamicRaster,0,0
52,594.306385,2.1685000000388754,VSM.LayoutRemap,0,1
52,594.306385,2.1685000000388754,VSM.InvalidateStatic,0,0
52,594.306385,2.1685000000388754,VSM.InvalidateDynamic,2048,1
52,594.306385,2.1685000000388754,VSM.StaticCasterCull,450304,1
52,594.306385,2.1685000000388754,VSM.DynamicCasterCull,0,1
52,594.306385,2.1685000000388754,VSM.PageCull,431360,1
52,594.306385,2.1685000000388754,VSM.StaticRasterClear,256,1
52,594.306385,2.1685000000388754,VSM.StaticRasterDraw,6912,1
52,594.306385,2.1685000000388754,VSM.DynamicRasterClear,0,0
52,594.306385,2.1685000000388754,VSM.DynamicRasterDraw,0,0
52,594.306385,2.1685000000388754,VSM.StaticRaster,7168,1
52,594.306385,2.1685000000388754,VSM.UnityCompatibilityRaster,0,0
52,594.306385,2.1685000000388754,VSM.Resolve,7275008,1
52,594.306385,2.1685000000388754,VSM.ResolveTrace,7048192,1
52,594.306385,2.1685000000388754,VSM.FilterHorizontal,65792,1
52,594.306385,2.1685000000388754,VSM.FilterVertical,0,0
52,594.306385,2.1685000000388754,VSM.FilterTemporalVertical,159744,1
52,594.306385,2.1685000000388754,VSM.ResetFeedback,0,1
53,594.32336019999991,1.7934999999624779,VSM.MarkReceiverPages,901120,1
53,594.32336019999991,1.7934999999624779,VSM.AllocationPrepare,9472,1
53,594.32336019999991,1.7934999999624779,VSM.AllocationCommit,1102336,1
53,594.32336019999991,1.7934999999624779,VSM.Allocate,1111808,1
53,594.32336019999991,1.7934999999624779,VSM.ClearPhysicalPages,535296,1
53,594.32336019999991,1.7934999999624779,VSM.PageOccupancy,88832,1
53,594.32336019999991,1.7934999999624779,VSM.FinalizePages,2304,1
53,594.32336019999991,1.7934999999624779,VSM.DynamicRaster,0,0
53,594.32336019999991,1.7934999999624779,VSM.LayoutRemap,0,1
53,594.32336019999991,1.7934999999624779,VSM.InvalidateStatic,0,0
53,594.32336019999991,1.7934999999624779,VSM.InvalidateDynamic,1792,1
53,594.32336019999991,1.7934999999624779,VSM.StaticCasterCull,400640,1
53,594.32336019999991,1.7934999999624779,VSM.DynamicCasterCull,0,1
53,594.32336019999991,1.7934999999624779,VSM.PageCull,376320,1
53,594.32336019999991,1.7934999999624779,VSM.StaticRasterClear,0,1
53,594.32336019999991,1.7934999999624779,VSM.StaticRasterDraw,6912,1
53,594.32336019999991,1.7934999999624779,VSM.DynamicRasterClear,0,0
53,594.32336019999991,1.7934999999624779,VSM.DynamicRasterDraw,0,0
53,594.32336019999991,1.7934999999624779,VSM.StaticRaster,7168,1
53,594.32336019999991,1.7934999999624779,VSM.UnityCompatibilityRaster,0,0
53,594.32336019999991,1.7934999999624779,VSM.Resolve,6514944,1
53,594.32336019999991,1.7934999999624779,VSM.ResolveTrace,6287104,1
53,594.32336019999991,1.7934999999624779,VSM.FilterHorizontal,67072,1
53,594.32336019999991,1.7934999999624779,VSM.FilterVertical,0,0
53,594.32336019999991,1.7934999999624779,VSM.FilterTemporalVertical,159744,1
53,594.32336019999991,1.7934999999624779,VSM.ResetFeedback,0,1
54,594.3392249,1.8410999999787236,VSM.MarkReceiverPages,906752,1
54,594.3392249,1.8410999999787236,VSM.AllocationPrepare,9216,1
54,594.3392249,1.8410999999787236,VSM.AllocationCommit,1101568,1
54,594.3392249,1.8410999999787236,VSM.Allocate,1111040,1
54,594.3392249,1.8410999999787236,VSM.ClearPhysicalPages,344064,1
54,594.3392249,1.8410999999787236,VSM.PageOccupancy,88320,1
54,594.3392249,1.8410999999787236,VSM.FinalizePages,2048,1
54,594.3392249,1.8410999999787236,VSM.DynamicRaster,0,0
54,594.3392249,1.8410999999787236,VSM.LayoutRemap,0,1
54,594.3392249,1.8410999999787236,VSM.InvalidateStatic,0,0
54,594.3392249,1.8410999999787236,VSM.InvalidateDynamic,1792,1
54,594.3392249,1.8410999999787236,VSM.StaticCasterCull,665344,1
54,594.3392249,1.8410999999787236,VSM.DynamicCasterCull,0,1
54,594.3392249,1.8410999999787236,VSM.PageCull,391168,1
54,594.3392249,1.8410999999787236,VSM.StaticRasterClear,256,1
54,594.3392249,1.8410999999787236,VSM.StaticRasterDraw,8960,1
54,594.3392249,1.8410999999787236,VSM.DynamicRasterClear,0,0
54,594.3392249,1.8410999999787236,VSM.DynamicRasterDraw,0,0
54,594.3392249,1.8410999999787236,VSM.StaticRaster,9472,1
54,594.3392249,1.8410999999787236,VSM.UnityCompatibilityRaster,0,0
54,594.3392249,1.8410999999787236,VSM.Resolve,7121664,1
54,594.3392249,1.8410999999787236,VSM.ResolveTrace,6646016,1
54,594.3392249,1.8410999999787236,VSM.FilterHorizontal,315904,1
54,594.3392249,1.8410999999787236,VSM.FilterVertical,0,0
54,594.3392249,1.8410999999787236,VSM.FilterTemporalVertical,158464,1
54,594.3392249,1.8410999999787236,VSM.ResetFeedback,0,1
55,594.355692,1.9597000000430853,VSM.MarkReceiverPages,1083136,1
55,594.355692,1.9597000000430853,VSM.AllocationPrepare,9472,1
55,594.355692,1.9597000000430853,VSM.AllocationCommit,1101824,1
55,594.355692,1.9597000000430853,VSM.Allocate,1396736,1
55,594.355692,1.9597000000430853,VSM.ClearPhysicalPages,344832,1
55,594.355692,1.9597000000430853,VSM.PageOccupancy,88064,1
55,594.355692,1.9597000000430853,VSM.FinalizePages,2048,1
55,594.355692,1.9597000000430853,VSM.DynamicRaster,0,0
55,594.355692,1.9597000000430853,VSM.LayoutRemap,0,1
55,594.355692,1.9597000000430853,VSM.InvalidateStatic,0,0
55,594.355692,1.9597000000430853,VSM.InvalidateDynamic,2048,1
55,594.355692,1.9597000000430853,VSM.StaticCasterCull,429568,1
55,594.355692,1.9597000000430853,VSM.DynamicCasterCull,0,1
55,594.355692,1.9597000000430853,VSM.PageCull,410368,1
55,594.355692,1.9597000000430853,VSM.StaticRasterClear,0,1
55,594.355692,1.9597000000430853,VSM.StaticRasterDraw,7168,1
55,594.355692,1.9597000000430853,VSM.DynamicRasterClear,0,0
55,594.355692,1.9597000000430853,VSM.DynamicRasterDraw,0,0
55,594.355692,1.9597000000430853,VSM.StaticRaster,7424,1
55,594.355692,1.9597000000430853,VSM.UnityCompatibilityRaster,0,0
55,594.355692,1.9597000000430853,VSM.Resolve,6813440,1
55,594.355692,1.9597000000430853,VSM.ResolveTrace,6584832,1
55,594.355692,1.9597000000430853,VSM.FilterHorizontal,66560,1
55,594.355692,1.9597000000430853,VSM.FilterVertical,0,0
55,594.355692,1.9597000000430853,VSM.FilterTemporalVertical,160512,1
55,594.355692,1.9597000000430853,VSM.ResetFeedback,0,1
56,594.37304569999992,2.0485999999664273,VSM.MarkReceiverPages,907520,1
56,594.37304569999992,2.0485999999664273,VSM.AllocationPrepare,9472,1
56,594.37304569999992,2.0485999999664273,VSM.AllocationCommit,1101824,1
56,594.37304569999992,2.0485999999664273,VSM.Allocate,1277696,1
56,594.37304569999992,2.0485999999664273,VSM.ClearPhysicalPages,344064,1
56,594.37304569999992,2.0485999999664273,VSM.PageOccupancy,87808,1
56,594.37304569999992,2.0485999999664273,VSM.FinalizePages,2048,1
56,594.37304569999992,2.0485999999664273,VSM.DynamicRaster,0,0
56,594.37304569999992,2.0485999999664273,VSM.LayoutRemap,0,1
56,594.37304569999992,2.0485999999664273,VSM.InvalidateStatic,0,0
56,594.37304569999992,2.0485999999664273,VSM.InvalidateDynamic,2048,1
56,594.37304569999992,2.0485999999664273,VSM.StaticCasterCull,434944,1
56,594.37304569999992,2.0485999999664273,VSM.DynamicCasterCull,0,1
56,594.37304569999992,2.0485999999664273,VSM.PageCull,415744,1
56,594.37304569999992,2.0485999999664273,VSM.StaticRasterClear,256,1
56,594.37304569999992,2.0485999999664273,VSM.StaticRasterDraw,6912,1
56,594.37304569999992,2.0485999999664273,VSM.DynamicRasterClear,0,0
56,594.37304569999992,2.0485999999664273,VSM.DynamicRasterDraw,0,0
56,594.37304569999992,2.0485999999664273,VSM.StaticRaster,7168,1
56,594.37304569999992,2.0485999999664273,VSM.UnityCompatibilityRaster,0,0
56,594.37304569999992,2.0485999999664273,VSM.Resolve,6658816,1
56,594.37304569999992,2.0485999999664273,VSM.ResolveTrace,6432768,1
56,594.37304569999992,2.0485999999664273,VSM.FilterHorizontal,66304,1
56,594.37304569999992,2.0485999999664273,VSM.FilterVertical,0,0
56,594.37304569999992,2.0485999999664273,VSM.FilterTemporalVertical,158720,1
56,594.37304569999992,2.0485999999664273,VSM.ResetFeedback,0,1
57,594.3892843,1.9253000000389875,VSM.MarkReceiverPages,904448,1
57,594.3892843,1.9253000000389875,VSM.AllocationPrepare,9472,1
57,594.3892843,1.9253000000389875,VSM.AllocationCommit,1101824,1
57,594.3892843,1.9253000000389875,VSM.Allocate,1111296,1
57,594.3892843,1.9253000000389875,VSM.ClearPhysicalPages,344320,1
57,594.3892843,1.9253000000389875,VSM.PageOccupancy,88832,1
57,594.3892843,1.9253000000389875,VSM.FinalizePages,1792,1
57,594.3892843,1.9253000000389875,VSM.DynamicRaster,0,0
57,594.3892843,1.9253000000389875,VSM.LayoutRemap,0,1
57,594.3892843,1.9253000000389875,VSM.InvalidateStatic,0,0
57,594.3892843,1.9253000000389875,VSM.InvalidateDynamic,1792,1
57,594.3892843,1.9253000000389875,VSM.StaticCasterCull,416512,1
57,594.3892843,1.9253000000389875,VSM.DynamicCasterCull,0,1
57,594.3892843,1.9253000000389875,VSM.PageCull,397568,1
57,594.3892843,1.9253000000389875,VSM.StaticRasterClear,256,1
57,594.3892843,1.9253000000389875,VSM.StaticRasterDraw,7424,1
57,594.3892843,1.9253000000389875,VSM.DynamicRasterClear,0,0
57,594.3892843,1.9253000000389875,VSM.DynamicRasterDraw,0,0
57,594.3892843,1.9253000000389875,VSM.StaticRaster,7680,1
57,594.3892843,1.9253000000389875,VSM.UnityCompatibilityRaster,0,0
57,594.3892843,1.9253000000389875,VSM.Resolve,7109632,1
57,594.3892843,1.9253000000389875,VSM.ResolveTrace,6880768,1
57,594.3892843,1.9253000000389875,VSM.FilterHorizontal,67328,1
57,594.3892843,1.9253000000389875,VSM.FilterVertical,0,0
57,594.3892843,1.9253000000389875,VSM.FilterTemporalVertical,160256,1
57,594.3892843,1.9253000000389875,VSM.ResetFeedback,0,1
58,594.4062907,2.113900000040303,VSM.MarkReceiverPages,905984,1
58,594.4062907,2.113900000040303,VSM.AllocationPrepare,9472,1
58,594.4062907,2.113900000040303,VSM.AllocationCommit,1102080,1
58,594.4062907,2.113900000040303,VSM.Allocate,1472768,1
58,594.4062907,2.113900000040303,VSM.ClearPhysicalPages,344064,1
58,594.4062907,2.113900000040303,VSM.PageOccupancy,80896,1
58,594.4062907,2.113900000040303,VSM.FinalizePages,2048,1
58,594.4062907,2.113900000040303,VSM.DynamicRaster,0,0
58,594.4062907,2.113900000040303,VSM.LayoutRemap,0,1
58,594.4062907,2.113900000040303,VSM.InvalidateStatic,0,0
58,594.4062907,2.113900000040303,VSM.InvalidateDynamic,2048,1
58,594.4062907,2.113900000040303,VSM.StaticCasterCull,685568,1
58,594.4062907,2.113900000040303,VSM.DynamicCasterCull,0,1
58,594.4062907,2.113900000040303,VSM.PageCull,414208,1
58,594.4062907,2.113900000040303,VSM.StaticRasterClear,256,1
58,594.4062907,2.113900000040303,VSM.StaticRasterDraw,8960,1
58,594.4062907,2.113900000040303,VSM.DynamicRasterClear,0,0
58,594.4062907,2.113900000040303,VSM.DynamicRasterDraw,0,0
58,594.4062907,2.113900000040303,VSM.StaticRaster,9472,1
58,594.4062907,2.113900000040303,VSM.UnityCompatibilityRaster,0,0
58,594.4062907,2.113900000040303,VSM.Resolve,6834432,1
58,594.4062907,2.113900000040303,VSM.ResolveTrace,6608384,1
58,594.4062907,2.113900000040303,VSM.FilterHorizontal,66048,1
58,594.4062907,2.113900000040303,VSM.FilterVertical,0,0
58,594.4062907,2.113900000040303,VSM.FilterTemporalVertical,159232,1
58,594.4062907,2.113900000040303,VSM.ResetFeedback,0,1
59,594.42386779999993,2.5144999999611173,VSM.MarkReceiverPages,907008,1
59,594.42386779999993,2.5144999999611173,VSM.AllocationPrepare,9472,1
59,594.42386779999993,2.5144999999611173,VSM.AllocationCommit,1101824,1
59,594.42386779999993,2.5144999999611173,VSM.Allocate,1278464,1
59,594.42386779999993,2.5144999999611173,VSM.ClearPhysicalPages,344064,1
59,594.42386779999993,2.5144999999611173,VSM.PageOccupancy,88064,1
59,594.42386779999993,2.5144999999611173,VSM.FinalizePages,2048,1
59,594.42386779999993,2.5144999999611173,VSM.DynamicRaster,0,0
59,594.42386779999993,2.5144999999611173,VSM.LayoutRemap,0,1
59,594.42386779999993,2.5144999999611173,VSM.InvalidateStatic,0,0
59,594.42386779999993,2.5144999999611173,VSM.InvalidateDynamic,1792,1
59,594.42386779999993,2.5144999999611173,VSM.StaticCasterCull,417536,1
59,594.42386779999993,2.5144999999611173,VSM.DynamicCasterCull,0,1
59,594.42386779999993,2.5144999999611173,VSM.PageCull,398336,1
59,594.42386779999993,2.5144999999611173,VSM.StaticRasterClear,0,1
59,594.42386779999993,2.5144999999611173,VSM.StaticRasterDraw,7424,1
59,594.42386779999993,2.5144999999611173,VSM.DynamicRasterClear,0,0
59,594.42386779999993,2.5144999999611173,VSM.DynamicRasterDraw,0,0
59,594.42386779999993,2.5144999999611173,VSM.StaticRaster,7680,1
59,594.42386779999993,2.5144999999611173,VSM.UnityCompatibilityRaster,0,0
59,594.42386779999993,2.5144999999611173,VSM.Resolve,6583552,1
59,594.42386779999993,2.5144999999611173,VSM.ResolveTrace,6355200,1
59,594.42386779999993,2.5144999999611173,VSM.FilterHorizontal,67072,1
59,594.42386779999993,2.5144999999611173,VSM.FilterVertical,0,0
59,594.42386779999993,2.5144999999611173,VSM.FilterTemporalVertical,160000,1
59,594.42386779999993,2.5144999999611173,VSM.ResetFeedback,0,1
60,594.44038819999992,2.3779999999078427,VSM.MarkReceiverPages,903936,1
60,594.44038819999992,2.3779999999078427,VSM.AllocationPrepare,9472,1
60,594.44038819999992,2.3779999999078427,VSM.AllocationCommit,1100288,1
60,594.44038819999992,2.3779999999078427,VSM.Allocate,1109760,1
60,594.44038819999992,2.3779999999078427,VSM.ClearPhysicalPages,344832,1
60,594.44038819999992,2.3779999999078427,VSM.PageOccupancy,88832,1
60,594.44038819999992,2.3779999999078427,VSM.FinalizePages,2560,1
60,594.44038819999992,2.3779999999078427,VSM.DynamicRaster,0,0
60,594.44038819999992,2.3779999999078427,VSM.LayoutRemap,0,1
60,594.44038819999992,2.3779999999078427,VSM.InvalidateStatic,0,0
60,594.44038819999992,2.3779999999078427,VSM.InvalidateDynamic,1792,1
60,594.44038819999992,2.3779999999078427,VSM.StaticCasterCull,699648,1
60,594.44038819999992,2.3779999999078427,VSM.DynamicCasterCull,0,1
60,594.44038819999992,2.3779999999078427,VSM.PageCull,423424,1
60,594.44038819999992,2.3779999999078427,VSM.StaticRasterClear,256,1
60,594.44038819999992,2.3779999999078427,VSM.StaticRasterDraw,4352,1
60,594.44038819999992,2.3779999999078427,VSM.DynamicRasterClear,0,0
60,594.44038819999992,2.3779999999078427,VSM.DynamicRasterDraw,0,0
60,594.44038819999992,2.3779999999078427,VSM.StaticRaster,5120,1
60,594.44038819999992,2.3779999999078427,VSM.UnityCompatibilityRaster,0,0
60,594.44038819999992,2.3779999999078427,VSM.Resolve,6961920,1
60,594.44038819999992,2.3779999999078427,VSM.ResolveTrace,6488576,1
60,594.44038819999992,2.3779999999078427,VSM.FilterHorizontal,65280,1
60,594.44038819999992,2.3779999999078427,VSM.FilterVertical,0,0
60,594.44038819999992,2.3779999999078427,VSM.FilterTemporalVertical,159488,1
60,594.44038819999992,2.3779999999078427,VSM.ResetFeedback,0,1
61,594.45729569999992,2.4285999999165142,VSM.MarkReceiverPages,1175552,1
61,594.45729569999992,2.4285999999165142,VSM.AllocationPrepare,9472,1
61,594.45729569999992,2.4285999999165142,VSM.AllocationCommit,1102336,1
61,594.45729569999992,2.4285999999165142,VSM.Allocate,1112320,1
61,594.45729569999992,2.4285999999165142,VSM.ClearPhysicalPages,620800,1
61,594.45729569999992,2.4285999999165142,VSM.PageOccupancy,87552,1
61,594.45729569999992,2.4285999999165142,VSM.FinalizePages,2560,1
61,594.45729569999992,2.4285999999165142,VSM.DynamicRaster,0,0
61,594.45729569999992,2.4285999999165142,VSM.LayoutRemap,0,1
61,594.45729569999992,2.4285999999165142,VSM.InvalidateStatic,0,0
61,594.45729569999992,2.4285999999165142,VSM.InvalidateDynamic,1792,1
61,594.45729569999992,2.4285999999165142,VSM.StaticCasterCull,439808,1
61,594.45729569999992,2.4285999999165142,VSM.DynamicCasterCull,0,1
61,594.45729569999992,2.4285999999165142,VSM.PageCull,420608,1
61,594.45729569999992,2.4285999999165142,VSM.StaticRasterClear,0,1
61,594.45729569999992,2.4285999999165142,VSM.StaticRasterDraw,7424,1
61,594.45729569999992,2.4285999999165142,VSM.DynamicRasterClear,0,0
61,594.45729569999992,2.4285999999165142,VSM.DynamicRasterDraw,0,0
61,594.45729569999992,2.4285999999165142,VSM.StaticRaster,7680,1
61,594.45729569999992,2.4285999999165142,VSM.UnityCompatibilityRaster,0,0
61,594.45729569999992,2.4285999999165142,VSM.Resolve,6810880,1
61,594.45729569999992,2.4285999999165142,VSM.ResolveTrace,6582272,1
61,594.45729569999992,2.4285999999165142,VSM.FilterHorizontal,66816,1
61,594.45729569999992,2.4285999999165142,VSM.FilterVertical,0,0
61,594.45729569999992,2.4285999999165142,VSM.FilterTemporalVertical,160768,1
61,594.45729569999992,2.4285999999165142,VSM.ResetFeedback,0,1
62,594.4748052,1.8904000000929955,VSM.MarkReceiverPages,903168,1
62,594.4748052,1.8904000000929955,VSM.AllocationPrepare,9472,1
62,594.4748052,1.8904000000929955,VSM.AllocationCommit,1102080,1
62,594.4748052,1.8904000000929955,VSM.Allocate,1335552,1
62,594.4748052,1.8904000000929955,VSM.ClearPhysicalPages,344064,1
62,594.4748052,1.8904000000929955,VSM.PageOccupancy,88320,1
62,594.4748052,1.8904000000929955,VSM.FinalizePages,2304,1
62,594.4748052,1.8904000000929955,VSM.DynamicRaster,0,0
62,594.4748052,1.8904000000929955,VSM.LayoutRemap,0,1
62,594.4748052,1.8904000000929955,VSM.InvalidateStatic,0,0
62,594.4748052,1.8904000000929955,VSM.InvalidateDynamic,1792,1
62,594.4748052,1.8904000000929955,VSM.StaticCasterCull,424704,1
62,594.4748052,1.8904000000929955,VSM.DynamicCasterCull,0,1
62,594.4748052,1.8904000000929955,VSM.PageCull,405504,1
62,594.4748052,1.8904000000929955,VSM.StaticRasterClear,256,1
62,594.4748052,1.8904000000929955,VSM.StaticRasterDraw,6912,1
62,594.4748052,1.8904000000929955,VSM.DynamicRasterClear,0,0
62,594.4748052,1.8904000000929955,VSM.DynamicRasterDraw,0,0
62,594.4748052,1.8904000000929955,VSM.StaticRaster,7168,1
62,594.4748052,1.8904000000929955,VSM.UnityCompatibilityRaster,0,0
62,594.4748052,1.8904000000929955,VSM.Resolve,6476800,1
62,594.4748052,1.8904000000929955,VSM.ResolveTrace,6248960,1
62,594.4748052,1.8904000000929955,VSM.FilterHorizontal,66304,1
62,594.4748052,1.8904000000929955,VSM.FilterVertical,0,0
62,594.4748052,1.8904000000929955,VSM.FilterTemporalVertical,160000,1
62,594.4748052,1.8904000000929955,VSM.ResetFeedback,0,1
63,594.4907344,1.7947000000049229,VSM.MarkReceiverPages,905216,1
63,594.4907344,1.7947000000049229,VSM.AllocationPrepare,9472,1
63,594.4907344,1.7947000000049229,VSM.AllocationCommit,1102080,1
63,594.4907344,1.7947000000049229,VSM.Allocate,1397760,1
63,594.4907344,1.7947000000049229,VSM.ClearPhysicalPages,345600,1
63,594.4907344,1.7947000000049229,VSM.PageOccupancy,88064,1
63,594.4907344,1.7947000000049229,VSM.FinalizePages,1792,1
63,594.4907344,1.7947000000049229,VSM.DynamicRaster,0,0
63,594.4907344,1.7947000000049229,VSM.LayoutRemap,0,1
63,594.4907344,1.7947000000049229,VSM.InvalidateStatic,0,0
63,594.4907344,1.7947000000049229,VSM.InvalidateDynamic,2560,1
63,594.4907344,1.7947000000049229,VSM.StaticCasterCull,411904,1
63,594.4907344,1.7947000000049229,VSM.DynamicCasterCull,0,1
63,594.4907344,1.7947000000049229,VSM.PageCull,392704,1
63,594.4907344,1.7947000000049229,VSM.StaticRasterClear,256,1
63,594.4907344,1.7947000000049229,VSM.StaticRasterDraw,3328,1
63,594.4907344,1.7947000000049229,VSM.DynamicRasterClear,0,0
63,594.4907344,1.7947000000049229,VSM.DynamicRasterDraw,0,0
63,594.4907344,1.7947000000049229,VSM.StaticRaster,3584,1
63,594.4907344,1.7947000000049229,VSM.UnityCompatibilityRaster,0,0
63,594.4907344,1.7947000000049229,VSM.Resolve,7095552,1
63,594.4907344,1.7947000000049229,VSM.ResolveTrace,6865664,1
63,594.4907344,1.7947000000049229,VSM.FilterHorizontal,67584,1
63,594.4907344,1.7947000000049229,VSM.FilterVertical,0,0
63,594.4907344,1.7947000000049229,VSM.FilterTemporalVertical,161280,1
63,594.4907344,1.7947000000049229,VSM.ResetFeedback,0,1
64,594.50791299999992,1.821099999915532,VSM.MarkReceiverPages,1095424,1
64,594.50791299999992,1.821099999915532,VSM.AllocationPrepare,9472,1
64,594.50791299999992,1.821099999915532,VSM.AllocationCommit,1101824,1
64,594.50791299999992,1.821099999915532,VSM.Allocate,1112064,1
64,594.50791299999992,1.821099999915532,VSM.ClearPhysicalPages,344832,1
64,594.50791299999992,1.821099999915532,VSM.PageOccupancy,88320,1
64,594.50791299999992,1.821099999915532,VSM.FinalizePages,1792,1
64,594.50791299999992,1.821099999915532,VSM.DynamicRaster,0,0
64,594.50791299999992,1.821099999915532,VSM.LayoutRemap,0,1
64,594.50791299999992,1.821099999915532,VSM.InvalidateStatic,0,0
64,594.50791299999992,1.821099999915532,VSM.InvalidateDynamic,1792,1
64,594.50791299999992,1.821099999915532,VSM.StaticCasterCull,425728,1
64,594.50791299999992,1.821099999915532,VSM.DynamicCasterCull,0,1
64,594.50791299999992,1.821099999915532,VSM.PageCull,407040,1
64,594.50791299999992,1.821099999915532,VSM.StaticRasterClear,0,1
64,594.50791299999992,1.821099999915532,VSM.StaticRasterDraw,4352,1
64,594.50791299999992,1.821099999915532,VSM.DynamicRasterClear,0,0
64,594.50791299999992,1.821099999915532,VSM.DynamicRasterDraw,0,0
64,594.50791299999992,1.821099999915532,VSM.StaticRaster,4352,1
64,594.50791299999992,1.821099999915532,VSM.UnityCompatibilityRaster,0,0
64,594.50791299999992,1.821099999915532,VSM.Resolve,7080192,1
64,594.50791299999992,1.821099999915532,VSM.ResolveTrace,6853120,1
64,594.50791299999992,1.821099999915532,VSM.FilterHorizontal,65792,1
64,594.50791299999992,1.821099999915532,VSM.FilterVertical,0,0
64,594.50791299999992,1.821099999915532,VSM.FilterTemporalVertical,160000,1
64,594.50791299999992,1.821099999915532,VSM.ResetFeedback,0,1
65,594.5258848,2.0580999999992855,VSM.MarkReceiverPages,904448,1
65,594.5258848,2.0580999999992855,VSM.AllocationPrepare,9216,1
65,594.5258848,2.0580999999992855,VSM.AllocationCommit,1101568,1
65,594.5258848,2.0580999999992855,VSM.Allocate,1292800,1
65,594.5258848,2.0580999999992855,VSM.ClearPhysicalPages,344576,1
65,594.5258848,2.0580999999992855,VSM.PageOccupancy,88576,1
65,594.5258848,2.0580999999992855,VSM.FinalizePages,2048,1
65,594.5258848,2.0580999999992855,VSM.DynamicRaster,0,0
65,594.5258848,2.0580999999992855,VSM.LayoutRemap,0,1
65,594.5258848,2.0580999999992855,VSM.InvalidateStatic,0,0
65,594.5258848,2.0580999999992855,VSM.InvalidateDynamic,1792,1
65,594.5258848,2.0580999999992855,VSM.StaticCasterCull,420608,1
65,594.5258848,2.0580999999992855,VSM.DynamicCasterCull,0,1
65,594.5258848,2.0580999999992855,VSM.PageCull,401664,1
65,594.5258848,2.0580999999992855,VSM.StaticRasterClear,0,1
65,594.5258848,2.0580999999992855,VSM.StaticRasterDraw,7168,1
65,594.5258848,2.0580999999992855,VSM.DynamicRasterClear,0,0
65,594.5258848,2.0580999999992855,VSM.DynamicRasterDraw,0,0
65,594.5258848,2.0580999999992855,VSM.StaticRaster,7168,1
65,594.5258848,2.0580999999992855,VSM.UnityCompatibilityRaster,0,0
65,594.5258848,2.0580999999992855,VSM.Resolve,6514688,1
65,594.5258848,2.0580999999992855,VSM.ResolveTrace,6289152,1
65,594.5258848,2.0580999999992855,VSM.FilterHorizontal,65792,1
65,594.5258848,2.0580999999992855,VSM.FilterVertical,0,0
65,594.5258848,2.0580999999992855,VSM.FilterTemporalVertical,158464,1
65,594.5258848,2.0580999999992855,VSM.ResetFeedback,0,1
66,594.54300219999993,1.8966999999747713,VSM.MarkReceiverPages,903936,1
66,594.54300219999993,1.8966999999747713,VSM.AllocationPrepare,9216,1
66,594.54300219999993,1.8966999999747713,VSM.AllocationCommit,1101568,1
66,594.54300219999993,1.8966999999747713,VSM.Allocate,1377024,1
66,594.54300219999993,1.8966999999747713,VSM.ClearPhysicalPages,344064,1
66,594.54300219999993,1.8966999999747713,VSM.PageOccupancy,88064,1
66,594.54300219999993,1.8966999999747713,VSM.FinalizePages,2048,1
66,594.54300219999993,1.8966999999747713,VSM.DynamicRaster,0,0
66,594.54300219999993,1.8966999999747713,VSM.LayoutRemap,0,1
66,594.54300219999993,1.8966999999747713,VSM.InvalidateStatic,0,0
66,594.54300219999993,1.8966999999747713,VSM.InvalidateDynamic,1792,1
66,594.54300219999993,1.8966999999747713,VSM.StaticCasterCull,427776,1
66,594.54300219999993,1.8966999999747713,VSM.DynamicCasterCull,0,1
66,594.54300219999993,1.8966999999747713,VSM.PageCull,408576,1
66,594.54300219999993,1.8966999999747713,VSM.StaticRasterClear,0,1
66,594.54300219999993,1.8966999999747713,VSM.StaticRasterDraw,8960,1
66,594.54300219999993,1.8966999999747713,VSM.DynamicRasterClear,0,0
66,594.54300219999993,1.8966999999747713,VSM.DynamicRasterDraw,0,0
66,594.54300219999993,1.8966999999747713,VSM.StaticRaster,9216,1
66,594.54300219999993,1.8966999999747713,VSM.UnityCompatibilityRaster,0,0
66,594.54300219999993,1.8966999999747713,VSM.Resolve,7155456,1
66,594.54300219999993,1.8966999999747713,VSM.ResolveTrace,6927104,1
66,594.54300219999993,1.8966999999747713,VSM.FilterHorizontal,66304,1
66,594.54300219999993,1.8966999999747713,VSM.FilterVertical,0,0
66,594.54300219999993,1.8966999999747713,VSM.FilterTemporalVertical,161280,1
66,594.54300219999993,1.8966999999747713,VSM.ResetFeedback,0,1
67,594.5608052,2.4101000000200656,VSM.MarkReceiverPages,906240,1
67,594.5608052,2.4101000000200656,VSM.AllocationPrepare,9216,1
67,594.5608052,2.4101000000200656,VSM.AllocationCommit,1102080,1
67,594.5608052,2.4101000000200656,VSM.Allocate,1390848,1
67,594.5608052,2.4101000000200656,VSM.ClearPhysicalPages,344576,1
67,594.5608052,2.4101000000200656,VSM.PageOccupancy,89344,1
67,594.5608052,2.4101000000200656,VSM.FinalizePages,2048,1
67,594.5608052,2.4101000000200656,VSM.DynamicRaster,0,0
67,594.5608052,2.4101000000200656,VSM.LayoutRemap,0,1
67,594.5608052,2.4101000000200656,VSM.InvalidateStatic,0,0
67,594.5608052,2.4101000000200656,VSM.InvalidateDynamic,2048,1
67,594.5608052,2.4101000000200656,VSM.StaticCasterCull,428800,1
67,594.5608052,2.4101000000200656,VSM.DynamicCasterCull,0,1
67,594.5608052,2.4101000000200656,VSM.PageCull,409856,1
67,594.5608052,2.4101000000200656,VSM.StaticRasterClear,0,1
67,594.5608052,2.4101000000200656,VSM.StaticRasterDraw,7168,1
67,594.5608052,2.4101000000200656,VSM.DynamicRasterClear,0,0
67,594.5608052,2.4101000000200656,VSM.DynamicRasterDraw,0,0
67,594.5608052,2.4101000000200656,VSM.StaticRaster,7424,1
67,594.5608052,2.4101000000200656,VSM.UnityCompatibilityRaster,0,0
67,594.5608052,2.4101000000200656,VSM.Resolve,7155968,1
67,594.5608052,2.4101000000200656,VSM.ResolveTrace,6928640,1
67,594.5608052,2.4101000000200656,VSM.FilterHorizontal,65792,1
67,594.5608052,2.4101000000200656,VSM.FilterVertical,0,0
67,594.5608052,2.4101000000200656,VSM.FilterTemporalVertical,160512,1
67,594.5608052,2.4101000000200656,VSM.ResetFeedback,0,1
68,594.57760709999991,2.2318999999697553,VSM.MarkReceiverPages,904448,1
68,594.57760709999991,2.2318999999697553,VSM.AllocationPrepare,9472,1
68,594.57760709999991,2.2318999999697553,VSM.AllocationCommit,1102080,1
68,594.57760709999991,2.2318999999697553,VSM.Allocate,1368320,1
68,594.57760709999991,2.2318999999697553,VSM.ClearPhysicalPages,343808,1
68,594.57760709999991,2.2318999999697553,VSM.PageOccupancy,88320,1
68,594.57760709999991,2.2318999999697553,VSM.FinalizePages,2048,1
68,594.57760709999991,2.2318999999697553,VSM.DynamicRaster,0,0
68,594.57760709999991,2.2318999999697553,VSM.LayoutRemap,0,1
68,594.57760709999991,2.2318999999697553,VSM.InvalidateStatic,0,0
68,594.57760709999991,2.2318999999697553,VSM.InvalidateDynamic,1792,1
68,594.57760709999991,2.2318999999697553,VSM.StaticCasterCull,426752,1
68,594.57760709999991,2.2318999999697553,VSM.DynamicCasterCull,0,1
68,594.57760709999991,2.2318999999697553,VSM.PageCull,407808,1
68,594.57760709999991,2.2318999999697553,VSM.StaticRasterClear,0,1
68,594.57760709999991,2.2318999999697553,VSM.StaticRasterDraw,7168,1
68,594.57760709999991,2.2318999999697553,VSM.DynamicRasterClear,0,0
68,594.57760709999991,2.2318999999697553,VSM.DynamicRasterDraw,0,0
68,594.57760709999991,2.2318999999697553,VSM.StaticRaster,7424,1
68,594.57760709999991,2.2318999999697553,VSM.UnityCompatibilityRaster,0,0
68,594.57760709999991,2.2318999999697553,VSM.Resolve,6875392,1
68,594.57760709999991,2.2318999999697553,VSM.ResolveTrace,6648576,1
68,594.57760709999991,2.2318999999697553,VSM.FilterHorizontal,65792,1
68,594.57760709999991,2.2318999999697553,VSM.FilterVertical,0,0
68,594.57760709999991,2.2318999999697553,VSM.FilterTemporalVertical,159744,1
68,594.57760709999991,2.2318999999697553,VSM.ResetFeedback,0,1
69,594.5946911,2.3229000000810629,VSM.MarkReceiverPages,1101312,1
69,594.5946911,2.3229000000810629,VSM.AllocationPrepare,9472,1
69,594.5946911,2.3229000000810629,VSM.AllocationCommit,1102336,1
69,594.5946911,2.3229000000810629,VSM.Allocate,1112576,1
69,594.5946911,2.3229000000810629,VSM.ClearPhysicalPages,344064,1
69,594.5946911,2.3229000000810629,VSM.PageOccupancy,89344,1
69,594.5946911,2.3229000000810629,VSM.FinalizePages,2048,1
69,594.5946911,2.3229000000810629,VSM.DynamicRaster,0,0
69,594.5946911,2.3229000000810629,VSM.LayoutRemap,0,1
69,594.5946911,2.3229000000810629,VSM.InvalidateStatic,0,0
69,594.5946911,2.3229000000810629,VSM.InvalidateDynamic,2048,1
69,594.5946911,2.3229000000810629,VSM.StaticCasterCull,454144,1
69,594.5946911,2.3229000000810629,VSM.DynamicCasterCull,0,1
69,594.5946911,2.3229000000810629,VSM.PageCull,434944,1
69,594.5946911,2.3229000000810629,VSM.StaticRasterClear,0,1
69,594.5946911,2.3229000000810629,VSM.StaticRasterDraw,6912,1
69,594.5946911,2.3229000000810629,VSM.DynamicRasterClear,0,0
69,594.5946911,2.3229000000810629,VSM.DynamicRasterDraw,0,0
69,594.5946911,2.3229000000810629,VSM.StaticRaster,7168,1
69,594.5946911,2.3229000000810629,VSM.UnityCompatibilityRaster,0,0
69,594.5946911,2.3229000000810629,VSM.Resolve,7056128,1
69,594.5946911,2.3229000000810629,VSM.ResolveTrace,6830848,1
69,594.5946911,2.3229000000810629,VSM.FilterHorizontal,65792,1
69,594.5946911,2.3229000000810629,VSM.FilterVertical,0,0
69,594.5946911,2.3229000000810629,VSM.FilterTemporalVertical,158720,1
69,594.5946911,2.3229000000810629,VSM.ResetFeedback,0,1
70,594.61209209999993,2.0412999999734893,VSM.MarkReceiverPages,905984,1
70,594.61209209999993,2.0412999999734893,VSM.AllocationPrepare,9472,1
70,594.61209209999993,2.0412999999734893,VSM.AllocationCommit,1101312,1
70,594.61209209999993,2.0412999999734893,VSM.Allocate,1275392,1
70,594.61209209999993,2.0412999999734893,VSM.ClearPhysicalPages,344064,1
70,594.61209209999993,2.0412999999734893,VSM.PageOccupancy,87296,1
70,594.61209209999993,2.0412999999734893,VSM.FinalizePages,2048,1
70,594.61209209999993,2.0412999999734893,VSM.DynamicRaster,0,0
70,594.61209209999993,2.0412999999734893,VSM.LayoutRemap,0,1
70,594.61209209999993,2.0412999999734893,VSM.InvalidateStatic,0,0
70,594.61209209999993,2.0412999999734893,VSM.InvalidateDynamic,1792,1
70,594.61209209999993,2.0412999999734893,VSM.StaticCasterCull,416512,1
70,594.61209209999993,2.0412999999734893,VSM.DynamicCasterCull,0,1
70,594.61209209999993,2.0412999999734893,VSM.PageCull,398080,1
70,594.61209209999993,2.0412999999734893,VSM.StaticRasterClear,0,1
70,594.61209209999993,2.0412999999734893,VSM.StaticRasterDraw,6912,1
70,594.61209209999993,2.0412999999734893,VSM.DynamicRasterClear,0,0
70,594.61209209999993,2.0412999999734893,VSM.DynamicRasterDraw,0,0
70,594.61209209999993,2.0412999999734893,VSM.StaticRaster,7168,1
70,594.61209209999993,2.0412999999734893,VSM.UnityCompatibilityRaster,0,0
70,594.61209209999993,2.0412999999734893,VSM.Resolve,7109120,1
70,594.61209209999993,2.0412999999734893,VSM.ResolveTrace,6883584,1
70,594.61209209999993,2.0412999999734893,VSM.FilterHorizontal,64768,1
70,594.61209209999993,2.0412999999734893,VSM.FilterVertical,0,0
70,594.61209209999993,2.0412999999734893,VSM.FilterTemporalVertical,159744,1
70,594.61209209999993,2.0412999999734893,VSM.ResetFeedback,0,1
71,594.62806089999992,1.9239999999172142,VSM.MarkReceiverPages,907008,1
71,594.62806089999992,1.9239999999172142,VSM.AllocationPrepare,9216,1
71,594.62806089999992,1.9239999999172142,VSM.AllocationCommit,1102080,1
71,594.62806089999992,1.9239999999172142,VSM.Allocate,1111296,1
71,594.62806089999992,1.9239999999172142,VSM.ClearPhysicalPages,344064,1
71,594.62806089999992,1.9239999999172142,VSM.PageOccupancy,88064,1
71,594.62806089999992,1.9239999999172142,VSM.FinalizePages,2048,1
71,594.62806089999992,1.9239999999172142,VSM.DynamicRaster,0,0
71,594.62806089999992,1.9239999999172142,VSM.LayoutRemap,0,1
71,594.62806089999992,1.9239999999172142,VSM.InvalidateStatic,0,0
71,594.62806089999992,1.9239999999172142,VSM.InvalidateDynamic,1792,1
71,594.62806089999992,1.9239999999172142,VSM.StaticCasterCull,420352,1
71,594.62806089999992,1.9239999999172142,VSM.DynamicCasterCull,0,1
71,594.62806089999992,1.9239999999172142,VSM.PageCull,400896,1
71,594.62806089999992,1.9239999999172142,VSM.StaticRasterClear,0,1
71,594.62806089999992,1.9239999999172142,VSM.StaticRasterDraw,3840,1
71,594.62806089999992,1.9239999999172142,VSM.DynamicRasterClear,0,0
71,594.62806089999992,1.9239999999172142,VSM.DynamicRasterDraw,0,0
71,594.62806089999992,1.9239999999172142,VSM.StaticRaster,4096,1
71,594.62806089999992,1.9239999999172142,VSM.UnityCompatibilityRaster,0,0
71,594.62806089999992,1.9239999999172142,VSM.Resolve,6992896,1
71,594.62806089999992,1.9239999999172142,VSM.ResolveTrace,6763008,1
71,594.62806089999992,1.9239999999172142,VSM.FilterHorizontal,67328,1
71,594.62806089999992,1.9239999999172142,VSM.FilterVertical,0,0
71,594.62806089999992,1.9239999999172142,VSM.FilterTemporalVertical,161280,1
71,594.62806089999992,1.9239999999172142,VSM.ResetFeedback,0,1
72,594.64434929999993,1.8503999999666121,VSM.MarkReceiverPages,905216,1
72,594.64434929999993,1.8503999999666121,VSM.AllocationPrepare,9472,1
72,594.64434929999993,1.8503999999666121,VSM.AllocationCommit,1101568,1
72,594.64434929999993,1.8503999999666121,VSM.Allocate,1488896,1
72,594.64434929999993,1.8503999999666121,VSM.ClearPhysicalPages,344064,1
72,594.64434929999993,1.8503999999666121,VSM.PageOccupancy,87808,1
72,594.64434929999993,1.8503999999666121,VSM.FinalizePages,2048,1
72,594.64434929999993,1.8503999999666121,VSM.DynamicRaster,0,0
72,594.64434929999993,1.8503999999666121,VSM.LayoutRemap,0,1
72,594.64434929999993,1.8503999999666121,VSM.InvalidateStatic,0,0
72,594.64434929999993,1.8503999999666121,VSM.InvalidateDynamic,1792,1
72,594.64434929999993,1.8503999999666121,VSM.StaticCasterCull,681472,1
72,594.64434929999993,1.8503999999666121,VSM.DynamicCasterCull,0,1
72,594.64434929999993,1.8503999999666121,VSM.PageCull,413952,1
72,594.64434929999993,1.8503999999666121,VSM.StaticRasterClear,0,1
72,594.64434929999993,1.8503999999666121,VSM.StaticRasterDraw,9216,1
72,594.64434929999993,1.8503999999666121,VSM.DynamicRasterClear,0,0
72,594.64434929999993,1.8503999999666121,VSM.DynamicRasterDraw,0,0
72,594.64434929999993,1.8503999999666121,VSM.StaticRaster,9728,1
72,594.64434929999993,1.8503999999666121,VSM.UnityCompatibilityRaster,0,0
72,594.64434929999993,1.8503999999666121,VSM.Resolve,7027712,1
72,594.64434929999993,1.8503999999666121,VSM.ResolveTrace,6800640,1
72,594.64434929999993,1.8503999999666121,VSM.FilterHorizontal,67328,1
72,594.64434929999993,1.8503999999666121,VSM.FilterVertical,0,0
72,594.64434929999993,1.8503999999666121,VSM.FilterTemporalVertical,158720,1
72,594.64434929999993,1.8503999999666121,VSM.ResetFeedback,0,1
73,594.66183889999991,2.1585999999160776,VSM.MarkReceiverPages,907776,1
73,594.66183889999991,2.1585999999160776,VSM.AllocationPrepare,9216,1
73,594.66183889999991,2.1585999999160776,VSM.AllocationCommit,1101568,1
73,594.66183889999991,2.1585999999160776,VSM.Allocate,1269248,1
73,594.66183889999991,2.1585999999160776,VSM.ClearPhysicalPages,344320,1
73,594.66183889999991,2.1585999999160776,VSM.PageOccupancy,87296,1
73,594.66183889999991,2.1585999999160776,VSM.FinalizePages,2048,1
73,594.66183889999991,2.1585999999160776,VSM.DynamicRaster,0,0
73,594.66183889999991,2.1585999999160776,VSM.LayoutRemap,0,1
73,594.66183889999991,2.1585999999160776,VSM.InvalidateStatic,0,0
73,594.66183889999991,2.1585999999160776,VSM.InvalidateDynamic,2048,1
73,594.66183889999991,2.1585999999160776,VSM.StaticCasterCull,459264,1
73,594.66183889999991,2.1585999999160776,VSM.DynamicCasterCull,0,1
73,594.66183889999991,2.1585999999160776,VSM.PageCull,440576,1
73,594.66183889999991,2.1585999999160776,VSM.StaticRasterClear,0,1
73,594.66183889999991,2.1585999999160776,VSM.StaticRasterDraw,7168,1
73,594.66183889999991,2.1585999999160776,VSM.DynamicRasterClear,0,0
73,594.66183889999991,2.1585999999160776,VSM.DynamicRasterDraw,0,0
73,594.66183889999991,2.1585999999160776,VSM.StaticRaster,7424,1
73,594.66183889999991,2.1585999999160776,VSM.UnityCompatibilityRaster,0,0
73,594.66183889999991,2.1585999999160776,VSM.Resolve,6751232,1
73,594.66183889999991,2.1585999999160776,VSM.ResolveTrace,6245888,1
73,594.66183889999991,2.1585999999160776,VSM.FilterHorizontal,66048,1
73,594.66183889999991,2.1585999999160776,VSM.FilterVertical,0,0
73,594.66183889999991,2.1585999999160776,VSM.FilterTemporalVertical,438528,1
73,594.66183889999991,2.1585999999160776,VSM.ResetFeedback,0,1
74,594.6792668999999,2.0382999999810636,VSM.MarkReceiverPages,908800,1
74,594.6792668999999,2.0382999999810636,VSM.AllocationPrepare,9472,1
74,594.6792668999999,2.0382999999810636,VSM.AllocationCommit,1102080,1
74,594.6792668999999,2.0382999999810636,VSM.Allocate,1111552,1
74,594.6792668999999,2.0382999999810636,VSM.ClearPhysicalPages,344576,1
74,594.6792668999999,2.0382999999810636,VSM.PageOccupancy,87552,1
74,594.6792668999999,2.0382999999810636,VSM.FinalizePages,1792,1
74,594.6792668999999,2.0382999999810636,VSM.DynamicRaster,0,0
74,594.6792668999999,2.0382999999810636,VSM.LayoutRemap,0,1
74,594.6792668999999,2.0382999999810636,VSM.InvalidateStatic,0,0
74,594.6792668999999,2.0382999999810636,VSM.InvalidateDynamic,1792,1
74,594.6792668999999,2.0382999999810636,VSM.StaticCasterCull,399360,1
74,594.6792668999999,2.0382999999810636,VSM.DynamicCasterCull,0,1
74,594.6792668999999,2.0382999999810636,VSM.PageCull,380672,1
74,594.6792668999999,2.0382999999810636,VSM.StaticRasterClear,0,1
74,594.6792668999999,2.0382999999810636,VSM.StaticRasterDraw,7936,1
74,594.6792668999999,2.0382999999810636,VSM.DynamicRasterClear,0,0
74,594.6792668999999,2.0382999999810636,VSM.DynamicRasterDraw,0,0
74,594.6792668999999,2.0382999999810636,VSM.StaticRaster,7936,1
74,594.6792668999999,2.0382999999810636,VSM.UnityCompatibilityRaster,0,0
74,594.6792668999999,2.0382999999810636,VSM.Resolve,7311616,1
74,594.6792668999999,2.0382999999810636,VSM.ResolveTrace,7085568,1
74,594.6792668999999,2.0382999999810636,VSM.FilterHorizontal,65792,1
74,594.6792668999999,2.0382999999810636,VSM.FilterVertical,0,0
74,594.6792668999999,2.0382999999810636,VSM.FilterTemporalVertical,159232,1
74,594.6792668999999,2.0382999999810636,VSM.ResetFeedback,0,1
75,594.69613799999991,1.8754999999828215,VSM.MarkReceiverPages,907520,1
75,594.69613799999991,1.8754999999828215,VSM.AllocationPrepare,9472,1
75,594.69613799999991,1.8754999999828215,VSM.AllocationCommit,1101568,1
75,594.69613799999991,1.8754999999828215,VSM.Allocate,1111296,1
75,594.69613799999991,1.8754999999828215,VSM.ClearPhysicalPages,344064,1
75,594.69613799999991,1.8754999999828215,VSM.PageOccupancy,88576,1
75,594.69613799999991,1.8754999999828215,VSM.FinalizePages,1792,1
75,594.69613799999991,1.8754999999828215,VSM.DynamicRaster,0,0
75,594.69613799999991,1.8754999999828215,VSM.LayoutRemap,0,1
75,594.69613799999991,1.8754999999828215,VSM.InvalidateStatic,0,0
75,594.69613799999991,1.8754999999828215,VSM.InvalidateDynamic,1536,1
75,594.69613799999991,1.8754999999828215,VSM.StaticCasterCull,683520,1
75,594.69613799999991,1.8754999999828215,VSM.DynamicCasterCull,0,1
75,594.69613799999991,1.8754999999828215,VSM.PageCull,407808,1
75,594.69613799999991,1.8754999999828215,VSM.StaticRasterClear,256,1
75,594.69613799999991,1.8754999999828215,VSM.StaticRasterDraw,7168,1
75,594.69613799999991,1.8754999999828215,VSM.DynamicRasterClear,0,0
75,594.69613799999991,1.8754999999828215,VSM.DynamicRasterDraw,0,0
75,594.69613799999991,1.8754999999828215,VSM.StaticRaster,7936,1
75,594.69613799999991,1.8754999999828215,VSM.UnityCompatibilityRaster,0,0
75,594.69613799999991,1.8754999999828215,VSM.Resolve,6827008,1
75,594.69613799999991,1.8754999999828215,VSM.ResolveTrace,6599680,1
75,594.69613799999991,1.8754999999828215,VSM.FilterHorizontal,65536,1
75,594.69613799999991,1.8754999999828215,VSM.FilterVertical,0,0
75,594.69613799999991,1.8754999999828215,VSM.FilterTemporalVertical,160768,1
75,594.69613799999991,1.8754999999828215,VSM.ResetFeedback,0,1
76,594.71343129999991,1.86709999991308,VSM.MarkReceiverPages,904448,1
76,594.71343129999991,1.86709999991308,VSM.AllocationPrepare,9472,1
76,594.71343129999991,1.86709999991308,VSM.AllocationCommit,1101824,1
76,594.71343129999991,1.86709999991308,VSM.Allocate,1276416,1
76,594.71343129999991,1.86709999991308,VSM.ClearPhysicalPages,344576,1
76,594.71343129999991,1.86709999991308,VSM.PageOccupancy,88832,1
76,594.71343129999991,1.86709999991308,VSM.FinalizePages,2048,1
76,594.71343129999991,1.86709999991308,VSM.DynamicRaster,0,0
76,594.71343129999991,1.86709999991308,VSM.LayoutRemap,0,1
76,594.71343129999991,1.86709999991308,VSM.InvalidateStatic,0,0
76,594.71343129999991,1.86709999991308,VSM.InvalidateDynamic,1792,1
76,594.71343129999991,1.86709999991308,VSM.StaticCasterCull,596736,1
76,594.71343129999991,1.86709999991308,VSM.DynamicCasterCull,0,1
76,594.71343129999991,1.86709999991308,VSM.PageCull,408832,1
76,594.71343129999991,1.86709999991308,VSM.StaticRasterClear,256,1
76,594.71343129999991,1.86709999991308,VSM.StaticRasterDraw,7168,1
76,594.71343129999991,1.86709999991308,VSM.DynamicRasterClear,0,0
76,594.71343129999991,1.86709999991308,VSM.DynamicRasterDraw,0,0
76,594.71343129999991,1.86709999991308,VSM.StaticRaster,7680,1
76,594.71343129999991,1.86709999991308,VSM.UnityCompatibilityRaster,0,0
76,594.71343129999991,1.86709999991308,VSM.Resolve,7286784,1
76,594.71343129999991,1.86709999991308,VSM.ResolveTrace,7059200,1
76,594.71343129999991,1.86709999991308,VSM.FilterHorizontal,67584,1
76,594.71343129999991,1.86709999991308,VSM.FilterVertical,0,0
76,594.71343129999991,1.86709999991308,VSM.FilterTemporalVertical,158976,1
76,594.71343129999991,1.86709999991308,VSM.ResetFeedback,0,1
77,594.7298394,1.9084000000475498,VSM.MarkReceiverPages,901376,1
77,594.7298394,1.9084000000475498,VSM.AllocationPrepare,9216,1
77,594.7298394,1.9084000000475498,VSM.AllocationCommit,1102080,1
77,594.7298394,1.9084000000475498,VSM.Allocate,1479168,1
77,594.7298394,1.9084000000475498,VSM.ClearPhysicalPages,344576,1
77,594.7298394,1.9084000000475498,VSM.PageOccupancy,87296,1
77,594.7298394,1.9084000000475498,VSM.FinalizePages,2304,1
77,594.7298394,1.9084000000475498,VSM.DynamicRaster,0,0
77,594.7298394,1.9084000000475498,VSM.LayoutRemap,0,1
77,594.7298394,1.9084000000475498,VSM.InvalidateStatic,0,0
77,594.7298394,1.9084000000475498,VSM.InvalidateDynamic,2048,1
77,594.7298394,1.9084000000475498,VSM.StaticCasterCull,430336,1
77,594.7298394,1.9084000000475498,VSM.DynamicCasterCull,0,1
77,594.7298394,1.9084000000475498,VSM.PageCull,410880,1
77,594.7298394,1.9084000000475498,VSM.StaticRasterClear,0,1
77,594.7298394,1.9084000000475498,VSM.StaticRasterDraw,7168,1
77,594.7298394,1.9084000000475498,VSM.DynamicRasterClear,0,0
77,594.7298394,1.9084000000475498,VSM.DynamicRasterDraw,0,0
77,594.7298394,1.9084000000475498,VSM.StaticRaster,7168,1
77,594.7298394,1.9084000000475498,VSM.UnityCompatibilityRaster,0,0
77,594.7298394,1.9084000000475498,VSM.Resolve,6623232,1
77,594.7298394,1.9084000000475498,VSM.ResolveTrace,6214144,1
77,594.7298394,1.9084000000475498,VSM.FilterHorizontal,65536,1
77,594.7298394,1.9084000000475498,VSM.FilterVertical,0,0
77,594.7298394,1.9084000000475498,VSM.FilterTemporalVertical,162560,1
77,594.7298394,1.9084000000475498,VSM.ResetFeedback,0,1
78,594.7471591,2.1315000000186046,VSM.MarkReceiverPages,908800,1
78,594.7471591,2.1315000000186046,VSM.AllocationPrepare,9472,1
78,594.7471591,2.1315000000186046,VSM.AllocationCommit,1101824,1
78,594.7471591,2.1315000000186046,VSM.Allocate,1476608,1
78,594.7471591,2.1315000000186046,VSM.ClearPhysicalPages,344832,1
78,594.7471591,2.1315000000186046,VSM.PageOccupancy,88576,1
78,594.7471591,2.1315000000186046,VSM.FinalizePages,1792,1
78,594.7471591,2.1315000000186046,VSM.DynamicRaster,0,0
78,594.7471591,2.1315000000186046,VSM.LayoutRemap,0,1
78,594.7471591,2.1315000000186046,VSM.InvalidateStatic,0,0
78,594.7471591,2.1315000000186046,VSM.InvalidateDynamic,1792,1
78,594.7471591,2.1315000000186046,VSM.StaticCasterCull,409344,1
78,594.7471591,2.1315000000186046,VSM.DynamicCasterCull,0,1
78,594.7471591,2.1315000000186046,VSM.PageCull,390144,1
78,594.7471591,2.1315000000186046,VSM.StaticRasterClear,0,1
78,594.7471591,2.1315000000186046,VSM.StaticRasterDraw,5632,1
78,594.7471591,2.1315000000186046,VSM.DynamicRasterClear,0,0
78,594.7471591,2.1315000000186046,VSM.DynamicRasterDraw,0,0
78,594.7471591,2.1315000000186046,VSM.StaticRaster,5888,1
78,594.7471591,2.1315000000186046,VSM.UnityCompatibilityRaster,0,0
78,594.7471591,2.1315000000186046,VSM.Resolve,7284992,1
78,594.7471591,2.1315000000186046,VSM.ResolveTrace,7056896,1
78,594.7471591,2.1315000000186046,VSM.FilterHorizontal,66048,1
78,594.7471591,2.1315000000186046,VSM.FilterVertical,0,0
78,594.7471591,2.1315000000186046,VSM.FilterTemporalVertical,160768,1
78,594.7471591,2.1315000000186046,VSM.ResetFeedback,0,1
79,594.76369289999991,2.06649999995534,VSM.MarkReceiverPages,904448,1
79,594.76369289999991,2.06649999995534,VSM.AllocationPrepare,9216,1
79,594.76369289999991,2.06649999995534,VSM.AllocationCommit,1102336,1
79,594.76369289999991,2.06649999995534,VSM.Allocate,1281024,1
79,594.76369289999991,2.06649999995534,VSM.ClearPhysicalPages,343808,1
79,594.76369289999991,2.06649999995534,VSM.PageOccupancy,88320,1
79,594.76369289999991,2.06649999995534,VSM.FinalizePages,2048,1
79,594.76369289999991,2.06649999995534,VSM.DynamicRaster,0,0
79,594.76369289999991,2.06649999995534,VSM.LayoutRemap,0,1
79,594.76369289999991,2.06649999995534,VSM.InvalidateStatic,0,0
79,594.76369289999991,2.06649999995534,VSM.InvalidateDynamic,1792,1
79,594.76369289999991,2.06649999995534,VSM.StaticCasterCull,436992,1
79,594.76369289999991,2.06649999995534,VSM.DynamicCasterCull,0,1
79,594.76369289999991,2.06649999995534,VSM.PageCull,418560,1
79,594.76369289999991,2.06649999995534,VSM.StaticRasterClear,0,1
79,594.76369289999991,2.06649999995534,VSM.StaticRasterDraw,7168,1
79,594.76369289999991,2.06649999995534,VSM.DynamicRasterClear,0,0
79,594.76369289999991,2.06649999995534,VSM.DynamicRasterDraw,0,0
79,594.76369289999991,2.06649999995534,VSM.StaticRaster,7168,1
79,594.76369289999991,2.06649999995534,VSM.UnityCompatibilityRaster,0,0
79,594.76369289999991,2.06649999995534,VSM.Resolve,6948352,1
79,594.76369289999991,2.06649999995534,VSM.ResolveTrace,6720512,1
79,594.76369289999991,2.06649999995534,VSM.FilterHorizontal,66816,1
79,594.76369289999991,2.06649999995534,VSM.FilterVertical,0,0
79,594.76369289999991,2.06649999995534,VSM.FilterTemporalVertical,159488,1
79,594.76369289999991,2.06649999995534,VSM.ResetFeedback,0,1
80,594.78119399999991,1.8354999999701249,VSM.MarkReceiverPages,905984,1
80,594.78119399999991,1.8354999999701249,VSM.AllocationPrepare,9472,1
80,594.78119399999991,1.8354999999701249,VSM.AllocationCommit,1102848,1
80,594.78119399999991,1.8354999999701249,VSM.Allocate,1550336,1
80,594.78119399999991,1.8354999999701249,VSM.ClearPhysicalPages,344576,1
80,594.78119399999991,1.8354999999701249,VSM.PageOccupancy,88064,1
80,594.78119399999991,1.8354999999701249,VSM.FinalizePages,2048,1
80,594.78119399999991,1.8354999999701249,VSM.DynamicRaster,0,0
80,594.78119399999991,1.8354999999701249,VSM.LayoutRemap,0,1
80,594.78119399999991,1.8354999999701249,VSM.InvalidateStatic,0,0
80,594.78119399999991,1.8354999999701249,VSM.InvalidateDynamic,1792,1
80,594.78119399999991,1.8354999999701249,VSM.StaticCasterCull,417280,1
80,594.78119399999991,1.8354999999701249,VSM.DynamicCasterCull,0,1
80,594.78119399999991,1.8354999999701249,VSM.PageCull,398336,1
80,594.78119399999991,1.8354999999701249,VSM.StaticRasterClear,0,1
80,594.78119399999991,1.8354999999701249,VSM.StaticRasterDraw,7168,1
80,594.78119399999991,1.8354999999701249,VSM.DynamicRasterClear,0,0
80,594.78119399999991,1.8354999999701249,VSM.DynamicRasterDraw,0,0
80,594.78119399999991,1.8354999999701249,VSM.StaticRaster,7168,1
80,594.78119399999991,1.8354999999701249,VSM.UnityCompatibilityRaster,0,0
80,594.78119399999991,1.8354999999701249,VSM.Resolve,6975488,1
80,594.78119399999991,1.8354999999701249,VSM.ResolveTrace,6745600,1
80,594.78119399999991,1.8354999999701249,VSM.FilterHorizontal,67584,1
80,594.78119399999991,1.8354999999701249,VSM.FilterVertical,0,0
80,594.78119399999991,1.8354999999701249,VSM.FilterTemporalVertical,161024,1
80,594.78119399999991,1.8354999999701249,VSM.ResetFeedback,0,1
81,594.7982553999999,1.9769999998970889,VSM.MarkReceiverPages,908800,1
81,594.7982553999999,1.9769999998970889,VSM.AllocationPrepare,9216,1
81,594.7982553999999,1.9769999998970889,VSM.AllocationCommit,1102336,1
81,594.7982553999999,1.9769999998970889,VSM.Allocate,1378816,1
81,594.7982553999999,1.9769999998970889,VSM.ClearPhysicalPages,344576,1
81,594.7982553999999,1.9769999998970889,VSM.PageOccupancy,88576,1
81,594.7982553999999,1.9769999998970889,VSM.FinalizePages,1792,1
81,594.7982553999999,1.9769999998970889,VSM.DynamicRaster,0,0
81,594.7982553999999,1.9769999998970889,VSM.LayoutRemap,0,1
81,594.7982553999999,1.9769999998970889,VSM.InvalidateStatic,0,0
81,594.7982553999999,1.9769999998970889,VSM.InvalidateDynamic,1792,1
81,594.7982553999999,1.9769999998970889,VSM.StaticCasterCull,409088,1
81,594.7982553999999,1.9769999998970889,VSM.DynamicCasterCull,0,1
81,594.7982553999999,1.9769999998970889,VSM.PageCull,390144,1
81,594.7982553999999,1.9769999998970889,VSM.StaticRasterClear,0,1
81,594.7982553999999,1.9769999998970889,VSM.StaticRasterDraw,7168,1
81,594.7982553999999,1.9769999998970889,VSM.DynamicRasterClear,0,0
81,594.7982553999999,1.9769999998970889,VSM.DynamicRasterDraw,0,0
81,594.7982553999999,1.9769999998970889,VSM.StaticRaster,7168,1
81,594.7982553999999,1.9769999998970889,VSM.UnityCompatibilityRaster,0,0
81,594.7982553999999,1.9769999998970889,VSM.Resolve,7046912,1
81,594.7982553999999,1.9769999998970889,VSM.ResolveTrace,6816512,1
81,594.7982553999999,1.9769999998970889,VSM.FilterHorizontal,65792,1
81,594.7982553999999,1.9769999998970889,VSM.FilterVertical,0,0
81,594.7982553999999,1.9769999998970889,VSM.FilterTemporalVertical,163328,1
81,594.7982553999999,1.9769999998970889,VSM.ResetFeedback,0,1
82,594.81583749999993,2.0933999999215303,VSM.MarkReceiverPages,1170688,1
82,594.81583749999993,2.0933999999215303,VSM.AllocationPrepare,9472,1
82,594.81583749999993,2.0933999999215303,VSM.AllocationCommit,1101824,1
82,594.81583749999993,2.0933999999215303,VSM.Allocate,1111808,1
82,594.81583749999993,2.0933999999215303,VSM.ClearPhysicalPages,344576,1
82,594.81583749999993,2.0933999999215303,VSM.PageOccupancy,88832,1
82,594.81583749999993,2.0933999999215303,VSM.FinalizePages,1792,1
82,594.81583749999993,2.0933999999215303,VSM.DynamicRaster,0,0
82,594.81583749999993,2.0933999999215303,VSM.LayoutRemap,0,1
82,594.81583749999993,2.0933999999215303,VSM.InvalidateStatic,0,0
82,594.81583749999993,2.0933999999215303,VSM.InvalidateDynamic,1792,1
82,594.81583749999993,2.0933999999215303,VSM.StaticCasterCull,424960,1
82,594.81583749999993,2.0933999999215303,VSM.DynamicCasterCull,0,1
82,594.81583749999993,2.0933999999215303,VSM.PageCull,406016,1
82,594.81583749999993,2.0933999999215303,VSM.StaticRasterClear,0,1
82,594.81583749999993,2.0933999999215303,VSM.StaticRasterDraw,6912,1
82,594.81583749999993,2.0933999999215303,VSM.DynamicRasterClear,0,0
82,594.81583749999993,2.0933999999215303,VSM.DynamicRasterDraw,0,0
82,594.81583749999993,2.0933999999215303,VSM.StaticRaster,7168,1
82,594.81583749999993,2.0933999999215303,VSM.UnityCompatibilityRaster,0,0
82,594.81583749999993,2.0933999999215303,VSM.Resolve,7449088,1
82,594.81583749999993,2.0933999999215303,VSM.ResolveTrace,7220736,1
82,594.81583749999993,2.0933999999215303,VSM.FilterHorizontal,66304,1
82,594.81583749999993,2.0933999999215303,VSM.FilterVertical,0,0
82,594.81583749999993,2.0933999999215303,VSM.FilterTemporalVertical,161024,1
82,594.81583749999993,2.0933999999215303,VSM.ResetFeedback,0,1
83,594.8328234999999,1.9331999999394611,VSM.MarkReceiverPages,904960,1
83,594.8328234999999,1.9331999999394611,VSM.AllocationPrepare,9472,1
83,594.8328234999999,1.9331999999394611,VSM.AllocationCommit,1101824,1
83,594.8328234999999,1.9331999999394611,VSM.Allocate,1586432,1
83,594.8328234999999,1.9331999999394611,VSM.ClearPhysicalPages,344832,1
83,594.8328234999999,1.9331999999394611,VSM.PageOccupancy,88064,1
83,594.8328234999999,1.9331999999394611,VSM.FinalizePages,2048,1
83,594.8328234999999,1.9331999999394611,VSM.DynamicRaster,0,0
83,594.8328234999999,1.9331999999394611,VSM.LayoutRemap,0,1
83,594.8328234999999,1.9331999999394611,VSM.InvalidateStatic,0,0
83,594.8328234999999,1.9331999999394611,VSM.InvalidateDynamic,1792,1
83,594.8328234999999,1.9331999999394611,VSM.StaticCasterCull,455168,1
83,594.8328234999999,1.9331999999394611,VSM.DynamicCasterCull,0,1
83,594.8328234999999,1.9331999999394611,VSM.PageCull,435968,1
83,594.8328234999999,1.9331999999394611,VSM.StaticRasterClear,0,1
83,594.8328234999999,1.9331999999394611,VSM.StaticRasterDraw,7168,1
83,594.8328234999999,1.9331999999394611,VSM.DynamicRasterClear,0,0
83,594.8328234999999,1.9331999999394611,VSM.DynamicRasterDraw,0,0
83,594.8328234999999,1.9331999999394611,VSM.StaticRaster,7168,1
83,594.8328234999999,1.9331999999394611,VSM.UnityCompatibilityRaster,0,0
83,594.8328234999999,1.9331999999394611,VSM.Resolve,6909696,1
83,594.8328234999999,1.9331999999394611,VSM.ResolveTrace,6682112,1
83,594.8328234999999,1.9331999999394611,VSM.FilterHorizontal,65792,1
83,594.8328234999999,1.9331999999394611,VSM.FilterVertical,0,0
83,594.8328234999999,1.9331999999394611,VSM.FilterTemporalVertical,160512,1
83,594.8328234999999,1.9331999999394611,VSM.ResetFeedback,0,1
84,594.8497729,1.779400000032183,VSM.MarkReceiverPages,909568,1
84,594.8497729,1.779400000032183,VSM.AllocationPrepare,9216,1
84,594.8497729,1.779400000032183,VSM.AllocationCommit,1102080,1
84,594.8497729,1.779400000032183,VSM.Allocate,1382400,1
84,594.8497729,1.779400000032183,VSM.ClearPhysicalPages,629248,1
84,594.8497729,1.779400000032183,VSM.PageOccupancy,88320,1
84,594.8497729,1.779400000032183,VSM.FinalizePages,2048,1
84,594.8497729,1.779400000032183,VSM.DynamicRaster,0,0
84,594.8497729,1.779400000032183,VSM.LayoutRemap,0,1
84,594.8497729,1.779400000032183,VSM.InvalidateStatic,0,0
84,594.8497729,1.779400000032183,VSM.InvalidateDynamic,2048,1
84,594.8497729,1.779400000032183,VSM.StaticCasterCull,431872,1
84,594.8497729,1.779400000032183,VSM.DynamicCasterCull,0,1
84,594.8497729,1.779400000032183,VSM.PageCull,408320,1
84,594.8497729,1.779400000032183,VSM.StaticRasterClear,256,1
84,594.8497729,1.779400000032183,VSM.StaticRasterDraw,3072,1
84,594.8497729,1.779400000032183,VSM.DynamicRasterClear,0,0
84,594.8497729,1.779400000032183,VSM.DynamicRasterDraw,0,0
84,594.8497729,1.779400000032183,VSM.StaticRaster,3328,1
84,594.8497729,1.779400000032183,VSM.UnityCompatibilityRaster,0,0
84,594.8497729,1.779400000032183,VSM.Resolve,7221248,1
84,594.8497729,1.779400000032183,VSM.ResolveTrace,6995968,1
84,594.8497729,1.779400000032183,VSM.FilterHorizontal,65024,1
84,594.8497729,1.779400000032183,VSM.FilterVertical,0,0
84,594.8497729,1.779400000032183,VSM.FilterTemporalVertical,159488,1
84,594.8497729,1.779400000032183,VSM.ResetFeedback,0,1
85,594.8662327,1.7936000000418062,VSM.MarkReceiverPages,904192,1
85,594.8662327,1.7936000000418062,VSM.AllocationPrepare,9216,1
85,594.8662327,1.7936000000418062,VSM.AllocationCommit,1101568,1
85,594.8662327,1.7936000000418062,VSM.Allocate,1111296,1
85,594.8662327,1.7936000000418062,VSM.ClearPhysicalPages,343552,1
85,594.8662327,1.7936000000418062,VSM.PageOccupancy,89088,1
85,594.8662327,1.7936000000418062,VSM.FinalizePages,2304,1
85,594.8662327,1.7936000000418062,VSM.DynamicRaster,0,0
85,594.8662327,1.7936000000418062,VSM.LayoutRemap,0,1
85,594.8662327,1.7936000000418062,VSM.InvalidateStatic,0,0
85,594.8662327,1.7936000000418062,VSM.InvalidateDynamic,1792,1
85,594.8662327,1.7936000000418062,VSM.StaticCasterCull,608000,1
85,594.8662327,1.7936000000418062,VSM.DynamicCasterCull,0,1
85,594.8662327,1.7936000000418062,VSM.PageCull,406784,1
85,594.8662327,1.7936000000418062,VSM.StaticRasterClear,256,1
85,594.8662327,1.7936000000418062,VSM.StaticRasterDraw,8960,1
85,594.8662327,1.7936000000418062,VSM.DynamicRasterClear,0,0
85,594.8662327,1.7936000000418062,VSM.DynamicRasterDraw,0,0
85,594.8662327,1.7936000000418062,VSM.StaticRaster,9472,1
85,594.8662327,1.7936000000418062,VSM.UnityCompatibilityRaster,0,0
85,594.8662327,1.7936000000418062,VSM.Resolve,6990848,1
85,594.8662327,1.7936000000418062,VSM.ResolveTrace,6510336,1
85,594.8662327,1.7936000000418062,VSM.FilterHorizontal,65024,1
85,594.8662327,1.7936000000418062,VSM.FilterVertical,0,0
85,594.8662327,1.7936000000418062,VSM.FilterTemporalVertical,159232,1
85,594.8662327,1.7936000000418062,VSM.ResetFeedback,0,1
86,594.8829627,1.9122000001061679,VSM.MarkReceiverPages,906240,1
86,594.8829627,1.9122000001061679,VSM.AllocationPrepare,9472,1
86,594.8829627,1.9122000001061679,VSM.AllocationCommit,1102080,1
86,594.8829627,1.9122000001061679,VSM.Allocate,1111808,1
86,594.8829627,1.9122000001061679,VSM.ClearPhysicalPages,344320,1
86,594.8829627,1.9122000001061679,VSM.PageOccupancy,88576,1
86,594.8829627,1.9122000001061679,VSM.FinalizePages,2304,1
86,594.8829627,1.9122000001061679,VSM.DynamicRaster,0,0
86,594.8829627,1.9122000001061679,VSM.LayoutRemap,0,1
86,594.8829627,1.9122000001061679,VSM.InvalidateStatic,0,0
86,594.8829627,1.9122000001061679,VSM.InvalidateDynamic,1536,1
86,594.8829627,1.9122000001061679,VSM.StaticCasterCull,443136,1
86,594.8829627,1.9122000001061679,VSM.DynamicCasterCull,0,1
86,594.8829627,1.9122000001061679,VSM.PageCull,424448,1
86,594.8829627,1.9122000001061679,VSM.StaticRasterClear,0,1
86,594.8829627,1.9122000001061679,VSM.StaticRasterDraw,7680,1
86,594.8829627,1.9122000001061679,VSM.DynamicRasterClear,0,0
86,594.8829627,1.9122000001061679,VSM.DynamicRasterDraw,0,0
86,594.8829627,1.9122000001061679,VSM.StaticRaster,7680,1
86,594.8829627,1.9122000001061679,VSM.UnityCompatibilityRaster,0,0
86,594.8829627,1.9122000001061679,VSM.Resolve,7445760,1
86,594.8829627,1.9122000001061679,VSM.ResolveTrace,7217408,1
86,594.8829627,1.9122000001061679,VSM.FilterHorizontal,65792,1
86,594.8829627,1.9122000001061679,VSM.FilterVertical,0,0
86,594.8829627,1.9122000001061679,VSM.FilterTemporalVertical,161280,1
86,594.8829627,1.9122000001061679,VSM.ResetFeedback,0,1
87,594.90007689999993,1.8946999999798209,VSM.MarkReceiverPages,922880,1
87,594.90007689999993,1.8946999999798209,VSM.AllocationPrepare,9216,1
87,594.90007689999993,1.8946999999798209,VSM.AllocationCommit,1280768,1
87,594.90007689999993,1.8946999999798209,VSM.Allocate,1290496,1
87,594.90007689999993,1.8946999999798209,VSM.ClearPhysicalPages,344832,1
87,594.90007689999993,1.8946999999798209,VSM.PageOccupancy,86528,1
87,594.90007689999993,1.8946999999798209,VSM.FinalizePages,2304,1
87,594.90007689999993,1.8946999999798209,VSM.DynamicRaster,0,0
87,594.90007689999993,1.8946999999798209,VSM.LayoutRemap,0,1
87,594.90007689999993,1.8946999999798209,VSM.InvalidateStatic,0,0
87,594.90007689999993,1.8946999999798209,VSM.InvalidateDynamic,1792,1
87,594.90007689999993,1.8946999999798209,VSM.StaticCasterCull,399360,1
87,594.90007689999993,1.8946999999798209,VSM.DynamicCasterCull,0,1
87,594.90007689999993,1.8946999999798209,VSM.PageCull,380160,1
87,594.90007689999993,1.8946999999798209,VSM.StaticRasterClear,0,1
87,594.90007689999993,1.8946999999798209,VSM.StaticRasterDraw,3328,1
87,594.90007689999993,1.8946999999798209,VSM.DynamicRasterClear,0,0
87,594.90007689999993,1.8946999999798209,VSM.DynamicRasterDraw,0,0
87,594.90007689999993,1.8946999999798209,VSM.StaticRaster,3584,1
87,594.90007689999993,1.8946999999798209,VSM.UnityCompatibilityRaster,0,0
87,594.90007689999993,1.8946999999798209,VSM.Resolve,7223552,1
87,594.90007689999993,1.8946999999798209,VSM.ResolveTrace,6993920,1
87,594.90007689999993,1.8946999999798209,VSM.FilterHorizontal,66048,1
87,594.90007689999993,1.8946999999798209,VSM.FilterVertical,0,0
87,594.90007689999993,1.8946999999798209,VSM.FilterTemporalVertical,162304,1
87,594.90007689999993,1.8946999999798209,VSM.ResetFeedback,0,1
88,594.9178422,2.0582000000786138,VSM.MarkReceiverPages,907520,1
88,594.9178422,2.0582000000786138,VSM.AllocationPrepare,9728,1
88,594.9178422,2.0582000000786138,VSM.AllocationCommit,1102080,1
88,594.9178422,2.0582000000786138,VSM.Allocate,1111808,1
88,594.9178422,2.0582000000786138,VSM.ClearPhysicalPages,344064,1
88,594.9178422,2.0582000000786138,VSM.PageOccupancy,88576,1
88,594.9178422,2.0582000000786138,VSM.FinalizePages,2304,1
88,594.9178422,2.0582000000786138,VSM.DynamicRaster,0,0
88,594.9178422,2.0582000000786138,VSM.LayoutRemap,0,1
88,594.9178422,2.0582000000786138,VSM.InvalidateStatic,0,0
88,594.9178422,2.0582000000786138,VSM.InvalidateDynamic,1792,1
88,594.9178422,2.0582000000786138,VSM.StaticCasterCull,576512,1
88,594.9178422,2.0582000000786138,VSM.DynamicCasterCull,0,1
88,594.9178422,2.0582000000786138,VSM.PageCull,402944,1
88,594.9178422,2.0582000000786138,VSM.StaticRasterClear,256,1
88,594.9178422,2.0582000000786138,VSM.StaticRasterDraw,4608,1
88,594.9178422,2.0582000000786138,VSM.DynamicRasterClear,0,0
88,594.9178422,2.0582000000786138,VSM.DynamicRasterDraw,0,0
88,594.9178422,2.0582000000786138,VSM.StaticRaster,5120,1
88,594.9178422,2.0582000000786138,VSM.UnityCompatibilityRaster,0,0
88,594.9178422,2.0582000000786138,VSM.Resolve,7075840,1
88,594.9178422,2.0582000000786138,VSM.ResolveTrace,6673664,1
88,594.9178422,2.0582000000786138,VSM.FilterHorizontal,65280,1
88,594.9178422,2.0582000000786138,VSM.FilterVertical,0,0
88,594.9178422,2.0582000000786138,VSM.FilterTemporalVertical,335872,1
88,594.9178422,2.0582000000786138,VSM.ResetFeedback,0,1
89,594.93535109999993,2.3211999999830368,VSM.MarkReceiverPages,904448,1
89,594.93535109999993,2.3211999999830368,VSM.AllocationPrepare,9216,1
89,594.93535109999993,2.3211999999830368,VSM.AllocationCommit,1102080,1
89,594.93535109999993,2.3211999999830368,VSM.Allocate,1111552,1
89,594.93535109999993,2.3211999999830368,VSM.ClearPhysicalPages,343808,1
89,594.93535109999993,2.3211999999830368,VSM.PageOccupancy,88832,1
89,594.93535109999993,2.3211999999830368,VSM.FinalizePages,2048,1
89,594.93535109999993,2.3211999999830368,VSM.DynamicRaster,0,0
89,594.93535109999993,2.3211999999830368,VSM.LayoutRemap,0,1
89,594.93535109999993,2.3211999999830368,VSM.InvalidateStatic,0,0
89,594.93535109999993,2.3211999999830368,VSM.InvalidateDynamic,1792,1
89,594.93535109999993,2.3211999999830368,VSM.StaticCasterCull,412160,1
89,594.93535109999993,2.3211999999830368,VSM.DynamicCasterCull,0,1
89,594.93535109999993,2.3211999999830368,VSM.PageCull,393216,1
89,594.93535109999993,2.3211999999830368,VSM.StaticRasterClear,0,1
89,594.93535109999993,2.3211999999830368,VSM.StaticRasterDraw,6912,1
89,594.93535109999993,2.3211999999830368,VSM.DynamicRasterClear,0,0
89,594.93535109999993,2.3211999999830368,VSM.DynamicRasterDraw,0,0
89,594.93535109999993,2.3211999999830368,VSM.StaticRaster,7168,1
89,594.93535109999993,2.3211999999830368,VSM.UnityCompatibilityRaster,0,0
89,594.93535109999993,2.3211999999830368,VSM.Resolve,7079936,1
89,594.93535109999993,2.3211999999830368,VSM.ResolveTrace,6853888,1
89,594.93535109999993,2.3211999999830368,VSM.FilterHorizontal,65792,1
89,594.93535109999993,2.3211999999830368,VSM.FilterVertical,0,0
89,594.93535109999993,2.3211999999830368,VSM.FilterTemporalVertical,158976,1
89,594.93535109999993,2.3211999999830368,VSM.ResetFeedback,0,1
90,594.9530436,2.2357000000283733,VSM.MarkReceiverPages,907520,1
90,594.9530436,2.2357000000283733,VSM.AllocationPrepare,9216,1
90,594.9530436,2.2357000000283733,VSM.AllocationCommit,1101824,1
90,594.9530436,2.2357000000283733,VSM.Allocate,1486336,1
90,594.9530436,2.2357000000283733,VSM.ClearPhysicalPages,344064,1
90,594.9530436,2.2357000000283733,VSM.PageOccupancy,88576,1
90,594.9530436,2.2357000000283733,VSM.FinalizePages,1792,1
90,594.9530436,2.2357000000283733,VSM.DynamicRaster,0,0
90,594.9530436,2.2357000000283733,VSM.LayoutRemap,0,1
90,594.9530436,2.2357000000283733,VSM.InvalidateStatic,0,0
90,594.9530436,2.2357000000283733,VSM.InvalidateDynamic,1792,1
90,594.9530436,2.2357000000283733,VSM.StaticCasterCull,420352,1
90,594.9530436,2.2357000000283733,VSM.DynamicCasterCull,0,1
90,594.9530436,2.2357000000283733,VSM.PageCull,401920,1
90,594.9530436,2.2357000000283733,VSM.StaticRasterClear,0,1
90,594.9530436,2.2357000000283733,VSM.StaticRasterDraw,7168,1
90,594.9530436,2.2357000000283733,VSM.DynamicRasterClear,0,0
90,594.9530436,2.2357000000283733,VSM.DynamicRasterDraw,0,0
90,594.9530436,2.2357000000283733,VSM.StaticRaster,7424,1
90,594.9530436,2.2357000000283733,VSM.UnityCompatibilityRaster,0,0
90,594.9530436,2.2357000000283733,VSM.Resolve,7482624,1
90,594.9530436,2.2357000000283733,VSM.ResolveTrace,7252736,1
90,594.9530436,2.2357000000283733,VSM.FilterHorizontal,67584,1
90,594.9530436,2.2357000000283733,VSM.FilterVertical,0,0
90,594.9530436,2.2357000000283733,VSM.FilterTemporalVertical,161280,1
90,594.9530436,2.2357000000283733,VSM.ResetFeedback,0,1
91,594.97060089999991,1.9677999999885287,VSM.MarkReceiverPages,1297152,1
91,594.97060089999991,1.9677999999885287,VSM.AllocationPrepare,9216,1
91,594.97060089999991,1.9677999999885287,VSM.AllocationCommit,1102080,1
91,594.97060089999991,1.9677999999885287,VSM.Allocate,1112064,1
91,594.97060089999991,1.9677999999885287,VSM.ClearPhysicalPages,344320,1
91,594.97060089999991,1.9677999999885287,VSM.PageOccupancy,89088,1
91,594.97060089999991,1.9677999999885287,VSM.FinalizePages,2304,1
91,594.97060089999991,1.9677999999885287,VSM.DynamicRaster,0,0
91,594.97060089999991,1.9677999999885287,VSM.LayoutRemap,0,1
91,594.97060089999991,1.9677999999885287,VSM.InvalidateStatic,0,0
91,594.97060089999991,1.9677999999885287,VSM.InvalidateDynamic,1792,1
91,594.97060089999991,1.9677999999885287,VSM.StaticCasterCull,682752,1
91,594.97060089999991,1.9677999999885287,VSM.DynamicCasterCull,0,1
91,594.97060089999991,1.9677999999885287,VSM.PageCull,403200,1
91,594.97060089999991,1.9677999999885287,VSM.StaticRasterClear,256,1
91,594.97060089999991,1.9677999999885287,VSM.StaticRasterDraw,8960,1
91,594.97060089999991,1.9677999999885287,VSM.DynamicRasterClear,0,0
91,594.97060089999991,1.9677999999885287,VSM.DynamicRasterDraw,0,0
91,594.97060089999991,1.9677999999885287,VSM.StaticRaster,9472,1
91,594.97060089999991,1.9677999999885287,VSM.UnityCompatibilityRaster,0,0
91,594.97060089999991,1.9677999999885287,VSM.Resolve,6476032,1
91,594.97060089999991,1.9677999999885287,VSM.ResolveTrace,6251264,1
91,594.97060089999991,1.9677999999885287,VSM.FilterHorizontal,65280,1
91,594.97060089999991,1.9677999999885287,VSM.FilterVertical,0,0
91,594.97060089999991,1.9677999999885287,VSM.FilterTemporalVertical,158464,1
91,594.97060089999991,1.9677999999885287,VSM.ResetFeedback,0,1
92,594.98733929999992,1.9734999999627689,VSM.MarkReceiverPages,908032,1
92,594.98733929999992,1.9734999999627689,VSM.AllocationPrepare,9472,1
92,594.98733929999992,1.9734999999627689,VSM.AllocationCommit,1100032,1
92,594.98733929999992,1.9734999999627689,VSM.Allocate,1623808,1
92,594.98733929999992,1.9734999999627689,VSM.ClearPhysicalPages,344832,1
92,594.98733929999992,1.9734999999627689,VSM.PageOccupancy,88320,1
92,594.98733929999992,1.9734999999627689,VSM.FinalizePages,2048,1
92,594.98733929999992,1.9734999999627689,VSM.DynamicRaster,0,0
92,594.98733929999992,1.9734999999627689,VSM.LayoutRemap,0,1
92,594.98733929999992,1.9734999999627689,VSM.InvalidateStatic,0,0
92,594.98733929999992,1.9734999999627689,VSM.InvalidateDynamic,3328,1
92,594.98733929999992,1.9734999999627689,VSM.StaticCasterCull,420352,1
92,594.98733929999992,1.9734999999627689,VSM.DynamicCasterCull,0,1
92,594.98733929999992,1.9734999999627689,VSM.PageCull,401920,1
92,594.98733929999992,1.9734999999627689,VSM.StaticRasterClear,256,1
92,594.98733929999992,1.9734999999627689,VSM.StaticRasterDraw,3072,1
92,594.98733929999992,1.9734999999627689,VSM.DynamicRasterClear,0,0
92,594.98733929999992,1.9734999999627689,VSM.DynamicRasterDraw,0,0
92,594.98733929999992,1.9734999999627689,VSM.StaticRaster,3328,1
92,594.98733929999992,1.9734999999627689,VSM.UnityCompatibilityRaster,0,0
92,594.98733929999992,1.9734999999627689,VSM.Resolve,7156992,1
92,594.98733929999992,1.9734999999627689,VSM.ResolveTrace,6929408,1
92,594.98733929999992,1.9734999999627689,VSM.FilterHorizontal,65792,1
92,594.98733929999992,1.9734999999627689,VSM.FilterVertical,0,0
92,594.98733929999992,1.9734999999627689,VSM.FilterTemporalVertical,160512,1
92,594.98733929999992,1.9734999999627689,VSM.ResetFeedback,0,1
93,595.0051132,2.36250000000382,VSM.MarkReceiverPages,903168,1
93,595.0051132,2.36250000000382,VSM.AllocationPrepare,9216,1
93,595.0051132,2.36250000000382,VSM.AllocationCommit,1101824,1
93,595.0051132,2.36250000000382,VSM.Allocate,1348608,1
93,595.0051132,2.36250000000382,VSM.ClearPhysicalPages,344576,1
93,595.0051132,2.36250000000382,VSM.PageOccupancy,85504,1
93,595.0051132,2.36250000000382,VSM.FinalizePages,2304,1
93,595.0051132,2.36250000000382,VSM.DynamicRaster,0,0
93,595.0051132,2.36250000000382,VSM.LayoutRemap,0,1
93,595.0051132,2.36250000000382,VSM.InvalidateStatic,0,0
93,595.0051132,2.36250000000382,VSM.InvalidateDynamic,1792,1
93,595.0051132,2.36250000000382,VSM.StaticCasterCull,461824,1
93,595.0051132,2.36250000000382,VSM.DynamicCasterCull,0,1
93,595.0051132,2.36250000000382,VSM.PageCull,442880,1
93,595.0051132,2.36250000000382,VSM.StaticRasterClear,0,1
93,595.0051132,2.36250000000382,VSM.StaticRasterDraw,6912,1
93,595.0051132,2.36250000000382,VSM.DynamicRasterClear,0,0
93,595.0051132,2.36250000000382,VSM.DynamicRasterDraw,0,0
93,595.0051132,2.36250000000382,VSM.StaticRaster,7168,1
93,595.0051132,2.36250000000382,VSM.UnityCompatibilityRaster,0,0
93,595.0051132,2.36250000000382,VSM.Resolve,7205888,1
93,595.0051132,2.36250000000382,VSM.ResolveTrace,6980096,1
93,595.0051132,2.36250000000382,VSM.FilterHorizontal,65792,1
93,595.0051132,2.36250000000382,VSM.FilterVertical,0,0
93,595.0051132,2.36250000000382,VSM.FilterTemporalVertical,158976,1
93,595.0051132,2.36250000000382,VSM.ResetFeedback,0,1
94,595.0220843,2.1233999999594744,VSM.MarkReceiverPages,904448,1
94,595.0220843,2.1233999999594744,VSM.AllocationPrepare,9472,1
94,595.0220843,2.1233999999594744,VSM.AllocationCommit,1101312,1
94,595.0220843,2.1233999999594744,VSM.Allocate,1591552,1
94,595.0220843,2.1233999999594744,VSM.ClearPhysicalPages,344576,1
94,595.0220843,2.1233999999594744,VSM.PageOccupancy,88832,1
94,595.0220843,2.1233999999594744,VSM.FinalizePages,1792,1
94,595.0220843,2.1233999999594744,VSM.DynamicRaster,0,0
94,595.0220843,2.1233999999594744,VSM.LayoutRemap,0,1
94,595.0220843,2.1233999999594744,VSM.InvalidateStatic,0,0
94,595.0220843,2.1233999999594744,VSM.InvalidateDynamic,3072,1
94,595.0220843,2.1233999999594744,VSM.StaticCasterCull,429312,1
94,595.0220843,2.1233999999594744,VSM.DynamicCasterCull,0,1
94,595.0220843,2.1233999999594744,VSM.PageCull,410368,1
94,595.0220843,2.1233999999594744,VSM.StaticRasterClear,256,1
94,595.0220843,2.1233999999594744,VSM.StaticRasterDraw,7168,1
94,595.0220843,2.1233999999594744,VSM.DynamicRasterClear,0,0
94,595.0220843,2.1233999999594744,VSM.DynamicRasterDraw,0,0
94,595.0220843,2.1233999999594744,VSM.StaticRaster,7424,1
94,595.0220843,2.1233999999594744,VSM.UnityCompatibilityRaster,0,0
94,595.0220843,2.1233999999594744,VSM.Resolve,6415360,1
94,595.0220843,2.1233999999594744,VSM.ResolveTrace,6190592,1
94,595.0220843,2.1233999999594744,VSM.FilterHorizontal,64768,1
94,595.0220843,2.1233999999594744,VSM.FilterVertical,0,0
94,595.0220843,2.1233999999594744,VSM.FilterTemporalVertical,158720,1
94,595.0220843,2.1233999999594744,VSM.ResetFeedback,0,1
95,595.0386307,1.8546000000014828,VSM.MarkReceiverPages,911872,1
95,595.0386307,1.8546000000014828,VSM.AllocationPrepare,9472,1
95,595.0386307,1.8546000000014828,VSM.AllocationCommit,1101312,1
95,595.0386307,1.8546000000014828,VSM.Allocate,1388288,1
95,595.0386307,1.8546000000014828,VSM.ClearPhysicalPages,523776,1
95,595.0386307,1.8546000000014828,VSM.PageOccupancy,88576,1
95,595.0386307,1.8546000000014828,VSM.FinalizePages,2048,1
95,595.0386307,1.8546000000014828,VSM.DynamicRaster,0,0
95,595.0386307,1.8546000000014828,VSM.LayoutRemap,0,1
95,595.0386307,1.8546000000014828,VSM.InvalidateStatic,0,0
95,595.0386307,1.8546000000014828,VSM.InvalidateDynamic,2560,1
95,595.0386307,1.8546000000014828,VSM.StaticCasterCull,449024,1
95,595.0386307,1.8546000000014828,VSM.DynamicCasterCull,0,1
95,595.0386307,1.8546000000014828,VSM.PageCull,430336,1
95,595.0386307,1.8546000000014828,VSM.StaticRasterClear,256,1
95,595.0386307,1.8546000000014828,VSM.StaticRasterDraw,6912,1
95,595.0386307,1.8546000000014828,VSM.DynamicRasterClear,0,0
95,595.0386307,1.8546000000014828,VSM.DynamicRasterDraw,0,0
95,595.0386307,1.8546000000014828,VSM.StaticRaster,7168,1
95,595.0386307,1.8546000000014828,VSM.UnityCompatibilityRaster,0,0
95,595.0386307,1.8546000000014828,VSM.Resolve,6799104,1
95,595.0386307,1.8546000000014828,VSM.ResolveTrace,6574592,1
95,595.0386307,1.8546000000014828,VSM.FilterHorizontal,65280,1
95,595.0386307,1.8546000000014828,VSM.FilterVertical,0,0
95,595.0386307,1.8546000000014828,VSM.FilterTemporalVertical,158208,1
95,595.0386307,1.8546000000014828,VSM.ResetFeedback,0,1
