observation,editor_time,camera_cpu_ms,marker,gpu_ns,gpu_sample_count
0,596.20638309999993,2.0783999999594016,VSM.MarkReceiverPages,896768,1
0,596.20638309999993,2.0783999999594016,VSM.AllocationPrepare,9472,1
0,596.20638309999993,2.0783999999594016,VSM.AllocationCommit,1084672,1
0,596.20638309999993,2.0783999999594016,VSM.Allocate,1372160,1
0,596.20638309999993,2.0783999999594016,VSM.ClearPhysicalPages,345600,1
0,596.20638309999993,2.0783999999594016,VSM.PageOccupancy,87296,1
0,596.20638309999993,2.0783999999594016,VSM.FinalizePages,2304,1
0,596.20638309999993,2.0783999999594016,VSM.DynamicRaster,19712,1
0,596.20638309999993,2.0783999999594016,VSM.LayoutRemap,0,1
0,596.20638309999993,2.0783999999594016,VSM.InvalidateStatic,0,0
0,596.20638309999993,2.0783999999594016,VSM.InvalidateDynamic,2304,1
0,596.20638309999993,2.0783999999594016,VSM.StaticCasterCull,431360,1
0,596.20638309999993,2.0783999999594016,VSM.DynamicCasterCull,148992,1
0,596.20638309999993,2.0783999999594016,VSM.PageCull,546048,2
0,596.20638309999993,2.0783999999594016,VSM.StaticRasterClear,0,1
0,596.20638309999993,2.0783999999594016,VSM.StaticRasterDraw,4864,1
0,596.20638309999993,2.0783999999594016,VSM.DynamicRasterClear,0,1
0,596.20638309999993,2.0783999999594016,VSM.DynamicRasterDraw,19456,1
0,596.20638309999993,2.0783999999594016,VSM.StaticRaster,4864,1
0,596.20638309999993,2.0783999999594016,VSM.UnityCompatibilityRaster,0,0
0,596.20638309999993,2.0783999999594016,VSM.Resolve,7475456,1
0,596.20638309999993,2.0783999999594016,VSM.ResolveTrace,7249408,1
0,596.20638309999993,2.0783999999594016,VSM.FilterHorizontal,66048,1
0,596.20638309999993,2.0783999999594016,VSM.FilterVertical,0,0
0,596.20638309999993,2.0783999999594016,VSM.FilterTemporalVertical,158720,1
0,596.20638309999993,2.0783999999594016,VSM.ResetFeedback,0,1
1,596.2237104,1.9051000000445129,VSM.MarkReceiverPages,893696,1
1,596.2237104,1.9051000000445129,VSM.AllocationPrepare,9216,1
1,596.2237104,1.9051000000445129,VSM.AllocationCommit,1083904,1
1,596.2237104,1.9051000000445129,VSM.Allocate,1351168,1
1,596.2237104,1.9051000000445129,VSM.ClearPhysicalPages,344320,1
1,596.2237104,1.9051000000445129,VSM.PageOccupancy,87552,1
1,596.2237104,1.9051000000445129,VSM.FinalizePages,2048,1
1,596.2237104,1.9051000000445129,VSM.DynamicRaster,22784,1
1,596.2237104,1.9051000000445129,VSM.LayoutRemap,0,1
1,596.2237104,1.9051000000445129,VSM.InvalidateStatic,0,0
1,596.2237104,1.9051000000445129,VSM.InvalidateDynamic,1792,1
1,596.2237104,1.9051000000445129,VSM.StaticCasterCull,425728,1
1,596.2237104,1.9051000000445129,VSM.DynamicCasterCull,142336,1
1,596.2237104,1.9051000000445129,VSM.PageCull,533504,2
1,596.2237104,1.9051000000445129,VSM.StaticRasterClear,256,1
1,596.2237104,1.9051000000445129,VSM.StaticRasterDraw,7168,1
1,596.2237104,1.9051000000445129,VSM.DynamicRasterClear,0,1
1,596.2237104,1.9051000000445129,VSM.DynamicRasterDraw,22784,1
1,596.2237104,1.9051000000445129,VSM.StaticRaster,7424,1
1,596.2237104,1.9051000000445129,VSM.UnityCompatibilityRaster,0,0
1,596.2237104,1.9051000000445129,VSM.Resolve,7650816,1
1,596.2237104,1.9051000000445129,VSM.ResolveTrace,7068160,1
1,596.2237104,1.9051000000445129,VSM.FilterHorizontal,66048,1
1,596.2237104,1.9051000000445129,VSM.FilterVertical,0,0
1,596.2237104,1.9051000000445129,VSM.FilterTemporalVertical,159232,1
1,596.2237104,1.9051000000445129,VSM.ResetFeedback,0,1
2,596.24139199999991,1.8467999999529638,VSM.MarkReceiverPages,897024,1
2,596.24139199999991,1.8467999999529638,VSM.AllocationPrepare,9728,1
2,596.24139199999991,1.8467999999529638,VSM.AllocationCommit,1084416,1
2,596.24139199999991,1.8467999999529638,VSM.Allocate,1265920,1
2,596.24139199999991,1.8467999999529638,VSM.ClearPhysicalPages,343808,1
2,596.24139199999991,1.8467999999529638,VSM.PageOccupancy,87040,1
2,596.24139199999991,1.8467999999529638,VSM.FinalizePages,2048,1
2,596.24139199999991,1.8467999999529638,VSM.DynamicRaster,19712,1
2,596.24139199999991,1.8467999999529638,VSM.LayoutRemap,0,1
2,596.24139199999991,1.8467999999529638,VSM.InvalidateStatic,0,0
2,596.24139199999991,1.8467999999529638,VSM.InvalidateDynamic,1792,1
2,596.24139199999991,1.8467999999529638,VSM.StaticCasterCull,420096,1
2,596.24139199999991,1.8467999999529638,VSM.DynamicCasterCull,149248,1
2,596.24139199999991,1.8467999999529638,VSM.PageCull,535552,2
2,596.24139199999991,1.8467999999529638,VSM.StaticRasterClear,0,1
2,596.24139199999991,1.8467999999529638,VSM.StaticRasterDraw,3072,1
2,596.24139199999991,1.8467999999529638,VSM.DynamicRasterClear,0,1
2,596.24139199999991,1.8467999999529638,VSM.DynamicRasterDraw,19456,1
2,596.24139199999991,1.8467999999529638,VSM.StaticRaster,3328,1
2,596.24139199999991,1.8467999999529638,VSM.UnityCompatibilityRaster,0,0
2,596.24139199999991,1.8467999999529638,VSM.Resolve,7802624,1
2,596.24139199999991,1.8467999999529638,VSM.ResolveTrace,7575552,1
2,596.24139199999991,1.8467999999529638,VSM.FilterHorizontal,66048,1
2,596.24139199999991,1.8467999999529638,VSM.FilterVertical,0,0
2,596.24139199999991,1.8467999999529638,VSM.FilterTemporalVertical,159744,1
2,596.24139199999991,1.8467999999529638,VSM.ResetFeedback,0,1
3,596.2586302,1.8400000000156069,VSM.MarkReceiverPages,1066240,1
3,596.2586302,1.8400000000156069,VSM.AllocationPrepare,9472,1
3,596.2586302,1.8400000000156069,VSM.AllocationCommit,1084672,1
3,596.2586302,1.8400000000156069,VSM.Allocate,1094400,1
3,596.2586302,1.8400000000156069,VSM.ClearPhysicalPages,344832,1
3,596.2586302,1.8400000000156069,VSM.PageOccupancy,89344,1
3,596.2586302,1.8400000000156069,VSM.FinalizePages,2816,1
3,596.2586302,1.8400000000156069,VSM.DynamicRaster,24576,1
3,596.2586302,1.8400000000156069,VSM.LayoutRemap,0,1
3,596.2586302,1.8400000000156069,VSM.InvalidateStatic,0,0
3,596.2586302,1.8400000000156069,VSM.InvalidateDynamic,1792,1
3,596.2586302,1.8400000000156069,VSM.StaticCasterCull,416768,1
3,596.2586302,1.8400000000156069,VSM.DynamicCasterCull,164096,1
3,596.2586302,1.8400000000156069,VSM.PageCull,546304,2
3,596.2586302,1.8400000000156069,VSM.StaticRasterClear,0,1
3,596.2586302,1.8400000000156069,VSM.StaticRasterDraw,463872,1
3,596.2586302,1.8400000000156069,VSM.DynamicRasterClear,256,1
3,596.2586302,1.8400000000156069,VSM.DynamicRasterDraw,24320,1
3,596.2586302,1.8400000000156069,VSM.StaticRaster,463872,1
3,596.2586302,1.8400000000156069,VSM.UnityCompatibilityRaster,0,0
3,596.2586302,1.8400000000156069,VSM.Resolve,7107072,1
3,596.2586302,1.8400000000156069,VSM.ResolveTrace,6881280,1
3,596.2586302,1.8400000000156069,VSM.FilterHorizontal,65024,1
3,596.2586302,1.8400000000156069,VSM.FilterVertical,0,0
3,596.2586302,1.8400000000156069,VSM.FilterTemporalVertical,159232,1
3,596.2586302,1.8400000000156069,VSM.ResetFeedback,0,1
4,596.27580389999991,1.9312999999101521,VSM.MarkReceiverPages,892928,1
4,596.27580389999991,1.9312999999101521,VSM.AllocationPrepare,9472,1
4,596.27580389999991,1.9312999999101521,VSM.AllocationCommit,1087232,1
4,596.27580389999991,1.9312999999101521,VSM.Allocate,1277952,1
4,596.27580389999991,1.9312999999101521,VSM.ClearPhysicalPages,344576,1
4,596.27580389999991,1.9312999999101521,VSM.PageOccupancy,86272,1
4,596.27580389999991,1.9312999999101521,VSM.FinalizePages,2048,1
4,596.27580389999991,1.9312999999101521,VSM.DynamicRaster,19968,1
4,596.27580389999991,1.9312999999101521,VSM.LayoutRemap,0,1
4,596.27580389999991,1.9312999999101521,VSM.InvalidateStatic,0,0
4,596.27580389999991,1.9312999999101521,VSM.InvalidateDynamic,1792,1
4,596.27580389999991,1.9312999999101521,VSM.StaticCasterCull,441600,1
4,596.27580389999991,1.9312999999101521,VSM.DynamicCasterCull,144640,1
4,596.27580389999991,1.9312999999101521,VSM.PageCull,552448,2
4,596.27580389999991,1.9312999999101521,VSM.StaticRasterClear,0,1
4,596.27580389999991,1.9312999999101521,VSM.StaticRasterDraw,7168,1
4,596.27580389999991,1.9312999999101521,VSM.DynamicRasterClear,256,1
4,596.27580389999991,1.9312999999101521,VSM.DynamicRasterDraw,19712,1
4,596.27580389999991,1.9312999999101521,VSM.StaticRaster,7424,1
4,596.27580389999991,1.9312999999101521,VSM.UnityCompatibilityRaster,0,0
4,596.27580389999991,1.9312999999101521,VSM.Resolve,7507200,1
4,596.27580389999991,1.9312999999101521,VSM.ResolveTrace,7279104,1
4,596.27580389999991,1.9312999999101521,VSM.FilterHorizontal,66048,1
4,596.27580389999991,1.9312999999101521,VSM.FilterVertical,0,0
4,596.27580389999991,1.9312999999101521,VSM.FilterTemporalVertical,161024,1
4,596.27580389999991,1.9312999999101521,VSM.ResetFeedback,0,1
5,596.29366429999993,1.9846999999799664,VSM.MarkReceiverPages,893952,1
5,596.29366429999993,1.9846999999799664,VSM.AllocationPrepare,9472,1
5,596.29366429999993,1.9846999999799664,VSM.AllocationCommit,1084416,1
5,596.29366429999993,1.9846999999799664,VSM.Allocate,1382656,1
5,596.29366429999993,1.9846999999799664,VSM.ClearPhysicalPages,344064,1
5,596.29366429999993,1.9846999999799664,VSM.PageOccupancy,88320,1
5,596.29366429999993,1.9846999999799664,VSM.FinalizePages,2048,1
5,596.29366429999993,1.9846999999799664,VSM.DynamicRaster,19712,1
5,596.29366429999993,1.9846999999799664,VSM.LayoutRemap,0,1
5,596.29366429999993,1.9846999999799664,VSM.InvalidateStatic,0,0
5,596.29366429999993,1.9846999999799664,VSM.InvalidateDynamic,2816,1
5,596.29366429999993,1.9846999999799664,VSM.StaticCasterCull,417024,1
5,596.29366429999993,1.9846999999799664,VSM.DynamicCasterCull,146688,1
5,596.29366429999993,1.9846999999799664,VSM.PageCull,529408,2
5,596.29366429999993,1.9846999999799664,VSM.StaticRasterClear,0,1
5,596.29366429999993,1.9846999999799664,VSM.StaticRasterDraw,6912,1
5,596.29366429999993,1.9846999999799664,VSM.DynamicRasterClear,0,1
5,596.29366429999993,1.9846999999799664,VSM.DynamicRasterDraw,19456,1
5,596.29366429999993,1.9846999999799664,VSM.StaticRaster,7168,1
5,596.29366429999993,1.9846999999799664,VSM.UnityCompatibilityRaster,0,0
5,596.29366429999993,1.9846999999799664,VSM.Resolve,7447040,1
5,596.29366429999993,1.9846999999799664,VSM.ResolveTrace,7221504,1
5,596.29366429999993,1.9846999999799664,VSM.FilterHorizontal,65280,1
5,596.29366429999993,1.9846999999799664,VSM.FilterVertical,0,0
5,596.29366429999993,1.9846999999799664,VSM.FilterTemporalVertical,158464,1
5,596.29366429999993,1.9846999999799664,VSM.ResetFeedback,0,1
6,596.3115528,1.8690000000560758,VSM.MarkReceiverPages,893696,1
6,596.3115528,1.8690000000560758,VSM.AllocationPrepare,9472,1
6,596.3115528,1.8690000000560758,VSM.AllocationCommit,1085184,1
6,596.3115528,1.8690000000560758,VSM.Allocate,1348096,1
6,596.3115528,1.8690000000560758,VSM.ClearPhysicalPages,343808,1
6,596.3115528,1.8690000000560758,VSM.PageOccupancy,86528,1
6,596.3115528,1.8690000000560758,VSM.FinalizePages,1792,1
6,596.3115528,1.8690000000560758,VSM.DynamicRaster,19968,1
6,596.3115528,1.8690000000560758,VSM.LayoutRemap,0,1
6,596.3115528,1.8690000000560758,VSM.InvalidateStatic,0,0
6,596.3115528,1.8690000000560758,VSM.InvalidateDynamic,1792,1
6,596.3115528,1.8690000000560758,VSM.StaticCasterCull,420352,1
6,596.3115528,1.8690000000560758,VSM.DynamicCasterCull,138240,1
6,596.3115528,1.8690000000560758,VSM.PageCull,524800,2
6,596.3115528,1.8690000000560758,VSM.StaticRasterClear,0,1
6,596.3115528,1.8690000000560758,VSM.StaticRasterDraw,6912,1
6,596.3115528,1.8690000000560758,VSM.DynamicRasterClear,0,1
6,596.3115528,1.8690000000560758,VSM.DynamicRasterDraw,19712,1
6,596.3115528,1.8690000000560758,VSM.StaticRaster,7168,1
6,596.3115528,1.8690000000560758,VSM.UnityCompatibilityRaster,0,0
6,596.3115528,1.8690000000560758,VSM.Resolve,7258112,1
6,596.3115528,1.8690000000560758,VSM.ResolveTrace,6858496,1
6,596.3115528,1.8690000000560758,VSM.FilterHorizontal,65280,1
6,596.3115528,1.8690000000560758,VSM.FilterVertical,0,0
6,596.3115528,1.8690000000560758,VSM.FilterTemporalVertical,159232,1
6,596.3115528,1.8690000000560758,VSM.ResetFeedback,256,1
7,596.3289632,2.1117000000003827,VSM.MarkReceiverPages,894720,1
7,596.3289632,2.1117000000003827,VSM.AllocationPrepare,9472,1
7,596.3289632,2.1117000000003827,VSM.AllocationCommit,1084672,1
7,596.3289632,2.1117000000003827,VSM.Allocate,1513472,1
7,596.3289632,2.1117000000003827,VSM.ClearPhysicalPages,344576,1
7,596.3289632,2.1117000000003827,VSM.PageOccupancy,88320,1
7,596.3289632,2.1117000000003827,VSM.FinalizePages,2048,1
7,596.3289632,2.1117000000003827,VSM.DynamicRaster,19712,1
7,596.3289632,2.1117000000003827,VSM.LayoutRemap,0,1
7,596.3289632,2.1117000000003827,VSM.InvalidateStatic,0,0
7,596.3289632,2.1117000000003827,VSM.InvalidateDynamic,3328,1
7,596.3289632,2.1117000000003827,VSM.StaticCasterCull,413696,1
7,596.3289632,2.1117000000003827,VSM.DynamicCasterCull,148992,1
7,596.3289632,2.1117000000003827,VSM.PageCull,528640,2
7,596.3289632,2.1117000000003827,VSM.StaticRasterClear,0,1
7,596.3289632,2.1117000000003827,VSM.StaticRasterDraw,7168,1
7,596.3289632,2.1117000000003827,VSM.DynamicRasterClear,0,1
7,596.3289632,2.1117000000003827,VSM.DynamicRasterDraw,19712,1
7,596.3289632,2.1117000000003827,VSM.StaticRaster,7424,1
7,596.3289632,2.1117000000003827,VSM.UnityCompatibilityRaster,0,0
7,596.3289632,2.1117000000003827,VSM.Resolve,7252480,1
7,596.3289632,2.1117000000003827,VSM.ResolveTrace,6775808,1
7,596.3289632,2.1117000000003827,VSM.FilterHorizontal,314880,1
7,596.3289632,2.1117000000003827,VSM.FilterVertical,0,0
7,596.3289632,2.1117000000003827,VSM.FilterTemporalVertical,160512,1
7,596.3289632,2.1117000000003827,VSM.ResetFeedback,0,1
8,596.3457271,1.9345000000612345,VSM.MarkReceiverPages,1275648,1
8,596.3457271,1.9345000000612345,VSM.AllocationPrepare,9472,1
8,596.3457271,1.9345000000612345,VSM.AllocationCommit,1084416,1
8,596.3457271,1.9345000000612345,VSM.Allocate,1094656,1
8,596.3457271,1.9345000000612345,VSM.ClearPhysicalPages,344320,1
8,596.3457271,1.9345000000612345,VSM.PageOccupancy,87808,1
8,596.3457271,1.9345000000612345,VSM.FinalizePages,2304,1
8,596.3457271,1.9345000000612345,VSM.DynamicRaster,19712,1
8,596.3457271,1.9345000000612345,VSM.LayoutRemap,0,1
8,596.3457271,1.9345000000612345,VSM.InvalidateStatic,0,0
8,596.3457271,1.9345000000612345,VSM.InvalidateDynamic,2048,1
8,596.3457271,1.9345000000612345,VSM.StaticCasterCull,599040,1
8,596.3457271,1.9345000000612345,VSM.DynamicCasterCull,151296,1
8,596.3457271,1.9345000000612345,VSM.PageCull,555008,2
8,596.3457271,1.9345000000612345,VSM.StaticRasterClear,256,1
8,596.3457271,1.9345000000612345,VSM.StaticRasterDraw,6144,1
8,596.3457271,1.9345000000612345,VSM.DynamicRasterClear,0,1
8,596.3457271,1.9345000000612345,VSM.DynamicRasterDraw,19456,1
8,596.3457271,1.9345000000612345,VSM.StaticRaster,6656,1
8,596.3457271,1.9345000000612345,VSM.UnityCompatibilityRaster,0,0
8,596.3457271,1.9345000000612345,VSM.Resolve,7449856,1
8,596.3457271,1.9345000000612345,VSM.ResolveTrace,6645504,1
8,596.3457271,1.9345000000612345,VSM.FilterHorizontal,353280,1
8,596.3457271,1.9345000000612345,VSM.FilterVertical,0,0
8,596.3457271,1.9345000000612345,VSM.FilterTemporalVertical,160000,1
8,596.3457271,1.9345000000612345,VSM.ResetFeedback,0,1
9,596.3630003,1.7794999999978245,VSM.MarkReceiverPages,890368,1
9,596.3630003,1.7794999999978245,VSM.AllocationPrepare,9216,1
9,596.3630003,1.7794999999978245,VSM.AllocationCommit,1084672,1
9,596.3630003,1.7794999999978245,VSM.Allocate,1266432,1
9,596.3630003,1.7794999999978245,VSM.ClearPhysicalPages,344320,1
9,596.3630003,1.7794999999978245,VSM.PageOccupancy,84992,1
9,596.3630003,1.7794999999978245,VSM.FinalizePages,2304,1
9,596.3630003,1.7794999999978245,VSM.DynamicRaster,19968,1
9,596.3630003,1.7794999999978245,VSM.LayoutRemap,0,1
9,596.3630003,1.7794999999978245,VSM.InvalidateStatic,0,0
9,596.3630003,1.7794999999978245,VSM.InvalidateDynamic,2048,1
9,596.3630003,1.7794999999978245,VSM.StaticCasterCull,440576,1
9,596.3630003,1.7794999999978245,VSM.DynamicCasterCull,144384,1
9,596.3630003,1.7794999999978245,VSM.PageCull,551680,2
9,596.3630003,1.7794999999978245,VSM.StaticRasterClear,256,1
9,596.3630003,1.7794999999978245,VSM.StaticRasterDraw,7424,1
9,596.3630003,1.7794999999978245,VSM.DynamicRasterClear,256,1
9,596.3630003,1.7794999999978245,VSM.DynamicRasterDraw,19712,1
9,596.3630003,1.7794999999978245,VSM.StaticRaster,7680,1
9,596.3630003,1.7794999999978245,VSM.UnityCompatibilityRaster,0,0
9,596.3630003,1.7794999999978245,VSM.Resolve,7586560,1
9,596.3630003,1.7794999999978245,VSM.ResolveTrace,7357696,1
9,596.3630003,1.7794999999978245,VSM.FilterHorizontal,66304,1
9,596.3630003,1.7794999999978245,VSM.FilterVertical,0,0
9,596.3630003,1.7794999999978245,VSM.FilterTemporalVertical,161536,1
9,596.3630003,1.7794999999978245,VSM.ResetFeedback,0,1
10,596.3798531,1.7770000000609798,VSM.MarkReceiverPages,891648,1
10,596.3798531,1.7770000000609798,VSM.AllocationPrepare,9472,1
10,596.3798531,1.7770000000609798,VSM.AllocationCommit,1084160,1
10,596.3798531,1.7770000000609798,VSM.Allocate,1458688,1
10,596.3798531,1.7770000000609798,VSM.ClearPhysicalPages,345088,1
10,596.3798531,1.7770000000609798,VSM.PageOccupancy,86784,1
10,596.3798531,1.7770000000609798,VSM.FinalizePages,2048,1
10,596.3798531,1.7770000000609798,VSM.DynamicRaster,19712,1
10,596.3798531,1.7770000000609798,VSM.LayoutRemap,0,1
10,596.3798531,1.7770000000609798,VSM.InvalidateStatic,0,0
10,596.3798531,1.7770000000609798,VSM.InvalidateDynamic,1792,1
10,596.3798531,1.7770000000609798,VSM.StaticCasterCull,423680,1
10,596.3798531,1.7770000000609798,VSM.DynamicCasterCull,145152,1
10,596.3798531,1.7770000000609798,VSM.PageCull,535552,2
10,596.3798531,1.7770000000609798,VSM.StaticRasterClear,0,1
10,596.3798531,1.7770000000609798,VSM.StaticRasterDraw,4352,1
10,596.3798531,1.7770000000609798,VSM.DynamicRasterClear,256,1
10,596.3798531,1.7770000000609798,VSM.DynamicRasterDraw,19456,1
10,596.3798531,1.7770000000609798,VSM.StaticRaster,4608,1
10,596.3798531,1.7770000000609798,VSM.UnityCompatibilityRaster,0,0
10,596.3798531,1.7770000000609798,VSM.Resolve,6949376,1
10,596.3798531,1.7770000000609798,VSM.ResolveTrace,6548224,1
10,596.3798531,1.7770000000609798,VSM.FilterHorizontal,65536,1
10,596.3798531,1.7770000000609798,VSM.FilterVertical,0,0
10,596.3798531,1.7770000000609798,VSM.FilterTemporalVertical,159488,1
10,596.3798531,1.7770000000609798,VSM.ResetFeedback,0,1
11,596.39688419999993,1.9096999999419495,VSM.MarkReceiverPages,893440,1
11,596.39688419999993,1.9096999999419495,VSM.AllocationPrepare,9472,1
11,596.39688419999993,1.9096999999419495,VSM.AllocationCommit,1084160,1
11,596.39688419999993,1.9096999999419495,VSM.Allocate,1379840,1
11,596.39688419999993,1.9096999999419495,VSM.ClearPhysicalPages,344832,1
11,596.39688419999993,1.9096999999419495,VSM.PageOccupancy,88320,1
11,596.39688419999993,1.9096999999419495,VSM.FinalizePages,2304,1
11,596.39688419999993,1.9096999999419495,VSM.DynamicRaster,19712,1
11,596.39688419999993,1.9096999999419495,VSM.LayoutRemap,0,1
11,596.39688419999993,1.9096999999419495,VSM.InvalidateStatic,0,0
11,596.39688419999993,1.9096999999419495,VSM.InvalidateDynamic,2048,1
11,596.39688419999993,1.9096999999419495,VSM.StaticCasterCull,418048,1
11,596.39688419999993,1.9096999999419495,VSM.DynamicCasterCull,141312,1
11,596.39688419999993,1.9096999999419495,VSM.PageCull,525312,2
11,596.39688419999993,1.9096999999419495,VSM.StaticRasterClear,256,1
11,596.39688419999993,1.9096999999419495,VSM.StaticRasterDraw,7168,1
11,596.39688419999993,1.9096999999419495,VSM.DynamicRasterClear,0,1
11,596.39688419999993,1.9096999999419495,VSM.DynamicRasterDraw,19456,1
11,596.39688419999993,1.9096999999419495,VSM.StaticRaster,7424,1
11,596.39688419999993,1.9096999999419495,VSM.UnityCompatibilityRaster,0,0
11,596.39688419999993,1.9096999999419495,VSM.Resolve,7198720,1
11,596.39688419999993,1.9096999999419495,VSM.ResolveTrace,6794240,1
11,596.39688419999993,1.9096999999419495,VSM.FilterHorizontal,242944,1
11,596.39688419999993,1.9096999999419495,VSM.FilterVertical,0,0
11,596.39688419999993,1.9096999999419495,VSM.FilterTemporalVertical,160512,1
11,596.39688419999993,1.9096999999419495,VSM.ResetFeedback,0,1
12,596.4142309,1.8597000000681874,VSM.MarkReceiverPages,1074176,1
12,596.4142309,1.8597000000681874,VSM.AllocationPrepare,9472,1
12,596.4142309,1.8597000000681874,VSM.AllocationCommit,1083904,1
12,596.4142309,1.8597000000681874,VSM.Allocate,1346560,1
12,596.4142309,1.8597000000681874,VSM.ClearPhysicalPages,344832,1
12,596.4142309,1.8597000000681874,VSM.PageOccupancy,88064,1
12,596.4142309,1.8597000000681874,VSM.FinalizePages,2304,1
12,596.4142309,1.8597000000681874,VSM.DynamicRaster,19712,1
12,596.4142309,1.8597000000681874,VSM.LayoutRemap,0,1
12,596.4142309,1.8597000000681874,VSM.InvalidateStatic,0,0
12,596.4142309,1.8597000000681874,VSM.InvalidateDynamic,2048,1
12,596.4142309,1.8597000000681874,VSM.StaticCasterCull,425984,1
12,596.4142309,1.8597000000681874,VSM.DynamicCasterCull,144640,1
12,596.4142309,1.8597000000681874,VSM.PageCull,537600,2
12,596.4142309,1.8597000000681874,VSM.StaticRasterClear,0,1
12,596.4142309,1.8597000000681874,VSM.StaticRasterDraw,7168,1
12,596.4142309,1.8597000000681874,VSM.DynamicRasterClear,256,1
12,596.4142309,1.8597000000681874,VSM.DynamicRasterDraw,19456,1
12,596.4142309,1.8597000000681874,VSM.StaticRaster,7168,1
12,596.4142309,1.8597000000681874,VSM.UnityCompatibilityRaster,0,0
12,596.4142309,1.8597000000681874,VSM.Resolve,6984192,1
12,596.4142309,1.8597000000681874,VSM.ResolveTrace,6758144,1
12,596.4142309,1.8597000000681874,VSM.FilterHorizontal,65536,1
12,596.4142309,1.8597000000681874,VSM.FilterVertical,0,0
12,596.4142309,1.8597000000681874,VSM.FilterTemporalVertical,159232,1
12,596.4142309,1.8597000000681874,VSM.ResetFeedback,0,1
13,596.43374199999994,2.0557999999937238,VSM.MarkReceiverPages,895232,1
13,596.43374199999994,2.0557999999937238,VSM.AllocationPrepare,9216,1
13,596.43374199999994,2.0557999999937238,VSM.AllocationCommit,1084672,1
13,596.43374199999994,2.0557999999937238,VSM.Allocate,1573888,1
13,596.43374199999994,2.0557999999937238,VSM.ClearPhysicalPages,344320,1
13,596.43374199999994,2.0557999999937238,VSM.PageOccupancy,88576,1
13,596.43374199999994,2.0557999999937238,VSM.FinalizePages,1792,1
13,596.43374199999994,2.0557999999937238,VSM.DynamicRaster,19712,1
13,596.43374199999994,2.0557999999937238,VSM.LayoutRemap,0,1
13,596.43374199999994,2.0557999999937238,VSM.InvalidateStatic,0,0
13,596.43374199999994,2.0557999999937238,VSM.InvalidateDynamic,1792,1
13,596.43374199999994,2.0557999999937238,VSM.StaticCasterCull,419840,1
13,596.43374199999994,2.0557999999937238,VSM.DynamicCasterCull,142592,1
13,596.43374199999994,2.0557999999937238,VSM.PageCull,528128,2
13,596.43374199999994,2.0557999999937238,VSM.StaticRasterClear,0,1
13,596.43374199999994,2.0557999999937238,VSM.StaticRasterDraw,3584,1
13,596.43374199999994,2.0557999999937238,VSM.DynamicRasterClear,256,1
13,596.43374199999994,2.0557999999937238,VSM.DynamicRasterDraw,19456,1
13,596.43374199999994,2.0557999999937238,VSM.StaticRaster,3584,1
13,596.43374199999994,2.0557999999937238,VSM.UnityCompatibilityRaster,0,0
13,596.43374199999994,2.0557999999937238,VSM.Resolve,6967552,1
13,596.43374199999994,2.0557999999937238,VSM.ResolveTrace,6739968,1
13,596.43374199999994,2.0557999999937238,VSM.FilterHorizontal,65792,1
13,596.43374199999994,2.0557999999937238,VSM.FilterVertical,0,0
13,596.43374199999994,2.0557999999937238,VSM.FilterTemporalVertical,160768,1
13,596.43374199999994,2.0557999999937238,VSM.ResetFeedback,0,1
14,596.4509644,1.9962999999734166,VSM.MarkReceiverPages,895744,1
14,596.4509644,1.9962999999734166,VSM.AllocationPrepare,9216,1
14,596.4509644,1.9962999999734166,VSM.AllocationCommit,1084672,1
14,596.4509644,1.9962999999734166,VSM.Allocate,1338624,1
14,596.4509644,1.9962999999734166,VSM.ClearPhysicalPages,344832,1
14,596.4509644,1.9962999999734166,VSM.PageOccupancy,87808,1
14,596.4509644,1.9962999999734166,VSM.FinalizePages,1792,1
14,596.4509644,1.9962999999734166,VSM.DynamicRaster,19456,1
14,596.4509644,1.9962999999734166,VSM.LayoutRemap,0,1
14,596.4509644,1.9962999999734166,VSM.InvalidateStatic,0,0
14,596.4509644,1.9962999999734166,VSM.InvalidateDynamic,2048,1
14,596.4509644,1.9962999999734166,VSM.StaticCasterCull,428288,1
14,596.4509644,1.9962999999734166,VSM.DynamicCasterCull,148992,1
14,596.4509644,1.9962999999734166,VSM.PageCull,544256,2
14,596.4509644,1.9962999999734166,VSM.StaticRasterClear,0,1
14,596.4509644,1.9962999999734166,VSM.StaticRasterDraw,10496,1
14,596.4509644,1.9962999999734166,VSM.DynamicRasterClear,0,1
14,596.4509644,1.9962999999734166,VSM.DynamicRasterDraw,19456,1
14,596.4509644,1.9962999999734166,VSM.StaticRaster,10752,1
14,596.4509644,1.9962999999734166,VSM.UnityCompatibilityRaster,0,0
14,596.4509644,1.9962999999734166,VSM.Resolve,7645184,1
14,596.4509644,1.9962999999734166,VSM.ResolveTrace,7418624,1
14,596.4509644,1.9962999999734166,VSM.FilterHorizontal,65792,1
14,596.4509644,1.9962999999734166,VSM.FilterVertical,0,0
14,596.4509644,1.9962999999734166,VSM.FilterTemporalVertical,159232,1
14,596.4509644,1.9962999999734166,VSM.ResetFeedback,0,1
15,596.4686287,1.9727000000102635,VSM.MarkReceiverPages,895744,1
15,596.4686287,1.9727000000102635,VSM.AllocationPrepare,9216,1
15,596.4686287,1.9727000000102635,VSM.AllocationCommit,1084416,1
15,596.4686287,1.9727000000102635,VSM.Allocate,1093888,1
15,596.4686287,1.9727000000102635,VSM.ClearPhysicalPages,344064,1
15,596.4686287,1.9727000000102635,VSM.PageOccupancy,87296,1
15,596.4686287,1.9727000000102635,VSM.FinalizePages,2048,1
15,596.4686287,1.9727000000102635,VSM.DynamicRaster,19968,1
15,596.4686287,1.9727000000102635,VSM.LayoutRemap,0,1
15,596.4686287,1.9727000000102635,VSM.InvalidateStatic,0,0
15,596.4686287,1.9727000000102635,VSM.InvalidateDynamic,1792,1
15,596.4686287,1.9727000000102635,VSM.StaticCasterCull,603392,1
15,596.4686287,1.9727000000102635,VSM.DynamicCasterCull,140544,1
15,596.4686287,1.9727000000102635,VSM.PageCull,532224,2
15,596.4686287,1.9727000000102635,VSM.StaticRasterClear,0,1
15,596.4686287,1.9727000000102635,VSM.StaticRasterDraw,8960,1
15,596.4686287,1.9727000000102635,VSM.DynamicRasterClear,0,1
15,596.4686287,1.9727000000102635,VSM.DynamicRasterDraw,19456,1
15,596.4686287,1.9727000000102635,VSM.StaticRaster,9472,1
15,596.4686287,1.9727000000102635,VSM.UnityCompatibilityRaster,0,0
15,596.4686287,1.9727000000102635,VSM.Resolve,7566080,1
15,596.4686287,1.9727000000102635,VSM.ResolveTrace,7336704,1
15,596.4686287,1.9727000000102635,VSM.FilterHorizontal,66304,1
15,596.4686287,1.9727000000102635,VSM.FilterVertical,0,0
15,596.4686287,1.9727000000102635,VSM.FilterTemporalVertical,162048,1
15,596.4686287,1.9727000000102635,VSM.ResetFeedback,0,1
16,596.48561639999991,1.6957999999931417,VSM.MarkReceiverPages,894720,1
16,596.48561639999991,1.6957999999931417,VSM.AllocationPrepare,9472,1
16,596.48561639999991,1.6957999999931417,VSM.AllocationCommit,1084416,1
16,596.48561639999991,1.6957999999931417,VSM.Allocate,1093888,1
16,596.48561639999991,1.6957999999931417,VSM.ClearPhysicalPages,344320,1
16,596.48561639999991,1.6957999999931417,VSM.PageOccupancy,89088,1
16,596.48561639999991,1.6957999999931417,VSM.FinalizePages,2048,1
16,596.48561639999991,1.6957999999931417,VSM.DynamicRaster,19968,1
16,596.48561639999991,1.6957999999931417,VSM.LayoutRemap,0,1
16,596.48561639999991,1.6957999999931417,VSM.InvalidateStatic,0,0
16,596.48561639999991,1.6957999999931417,VSM.InvalidateDynamic,1792,1
16,596.48561639999991,1.6957999999931417,VSM.StaticCasterCull,671488,1
16,596.48561639999991,1.6957999999931417,VSM.DynamicCasterCull,150272,1
16,596.48561639999991,1.6957999999931417,VSM.PageCull,555776,2
16,596.48561639999991,1.6957999999931417,VSM.StaticRasterClear,256,1
16,596.48561639999991,1.6957999999931417,VSM.StaticRasterDraw,4096,1
16,596.48561639999991,1.6957999999931417,VSM.DynamicRasterClear,0,1
16,596.48561639999991,1.6957999999931417,VSM.DynamicRasterDraw,19712,1
16,596.48561639999991,1.6957999999931417,VSM.StaticRaster,4864,1
16,596.48561639999991,1.6957999999931417,VSM.UnityCompatibilityRaster,0,0
16,596.48561639999991,1.6957999999931417,VSM.Resolve,6969600,1
16,596.48561639999991,1.6957999999931417,VSM.ResolveTrace,6583296,1
16,596.48561639999991,1.6957999999931417,VSM.FilterHorizontal,65280,1
16,596.48561639999991,1.6957999999931417,VSM.FilterVertical,0,0
16,596.48561639999991,1.6957999999931417,VSM.FilterTemporalVertical,160000,1
16,596.48561639999991,1.6957999999931417,VSM.ResetFeedback,0,1
17,596.50277869999991,2.0195999999259584,VSM.MarkReceiverPages,888320,1
17,596.50277869999991,2.0195999999259584,VSM.AllocationPrepare,9216,1
17,596.50277869999991,2.0195999999259584,VSM.AllocationCommit,1084672,1
17,596.50277869999991,2.0195999999259584,VSM.Allocate,1094400,1
17,596.50277869999991,2.0195999999259584,VSM.ClearPhysicalPages,343808,1
17,596.50277869999991,2.0195999999259584,VSM.PageOccupancy,88064,1
17,596.50277869999991,2.0195999999259584,VSM.FinalizePages,3072,1
17,596.50277869999991,2.0195999999259584,VSM.DynamicRaster,19456,1
17,596.50277869999991,2.0195999999259584,VSM.LayoutRemap,0,1
17,596.50277869999991,2.0195999999259584,VSM.InvalidateStatic,0,0
17,596.50277869999991,2.0195999999259584,VSM.InvalidateDynamic,1536,1
17,596.50277869999991,2.0195999999259584,VSM.StaticCasterCull,825088,1
17,596.50277869999991,2.0195999999259584,VSM.DynamicCasterCull,146432,1
17,596.50277869999991,2.0195999999259584,VSM.PageCull,534784,2
17,596.50277869999991,2.0195999999259584,VSM.StaticRasterClear,0,1
17,596.50277869999991,2.0195999999259584,VSM.StaticRasterDraw,7168,1
17,596.50277869999991,2.0195999999259584,VSM.DynamicRasterClear,0,1
17,596.50277869999991,2.0195999999259584,VSM.DynamicRasterDraw,19200,1
17,596.50277869999991,2.0195999999259584,VSM.StaticRaster,7168,1
17,596.50277869999991,2.0195999999259584,VSM.UnityCompatibilityRaster,0,0
17,596.50277869999991,2.0195999999259584,VSM.Resolve,7365120,1
17,596.50277869999991,2.0195999999259584,VSM.ResolveTrace,7138304,1
17,596.50277869999991,2.0195999999259584,VSM.FilterHorizontal,65792,1
17,596.50277869999991,2.0195999999259584,VSM.FilterVertical,0,0
17,596.50277869999991,2.0195999999259584,VSM.FilterTemporalVertical,159744,1
17,596.50277869999991,2.0195999999259584,VSM.ResetFeedback,0,1
18,596.52051499999993,1.7963000000236207,VSM.MarkReceiverPages,1261568,1
18,596.52051499999993,1.7963000000236207,VSM.AllocationPrepare,9472,1
18,596.52051499999993,1.7963000000236207,VSM.AllocationCommit,1084160,1
18,596.52051499999993,1.7963000000236207,VSM.Allocate,1094400,1
18,596.52051499999993,1.7963000000236207,VSM.ClearPhysicalPages,344576,1
18,596.52051499999993,1.7963000000236207,VSM.PageOccupancy,88064,1
18,596.52051499999993,1.7963000000236207,VSM.FinalizePages,2304,1
18,596.52051499999993,1.7963000000236207,VSM.DynamicRaster,19968,1
18,596.52051499999993,1.7963000000236207,VSM.LayoutRemap,0,1
18,596.52051499999993,1.7963000000236207,VSM.InvalidateStatic,0,0
18,596.52051499999993,1.7963000000236207,VSM.InvalidateDynamic,1792,1
18,596.52051499999993,1.7963000000236207,VSM.StaticCasterCull,678912,1
18,596.52051499999993,1.7963000000236207,VSM.DynamicCasterCull,144128,1
18,596.52051499999993,1.7963000000236207,VSM.PageCull,541952,2
18,596.52051499999993,1.7963000000236207,VSM.StaticRasterClear,256,1
18,596.52051499999993,1.7963000000236207,VSM.StaticRasterDraw,8960,1
18,596.52051499999993,1.7963000000236207,VSM.DynamicRasterClear,0,1
18,596.52051499999993,1.7963000000236207,VSM.DynamicRasterDraw,19712,1
18,596.52051499999993,1.7963000000236207,VSM.StaticRaster,9472,1
18,596.52051499999993,1.7963000000236207,VSM.UnityCompatibilityRaster,0,0
18,596.52051499999993,1.7963000000236207,VSM.Resolve,7064576,1
18,596.52051499999993,1.7963000000236207,VSM.ResolveTrace,6835456,1
18,596.52051499999993,1.7963000000236207,VSM.FilterHorizontal,66816,1
18,596.52051499999993,1.7963000000236207,VSM.FilterVertical,0,0
18,596.52051499999993,1.7963000000236207,VSM.FilterTemporalVertical,160768,1
18,596.52051499999993,1.7963000000236207,VSM.ResetFeedback,0,1
19,596.5379621,2.0229000000426822,VSM.MarkReceiverPages,892160,1
19,596.5379621,2.0229000000426822,VSM.AllocationPrepare,9472,1
19,596.5379621,2.0229000000426822,VSM.AllocationCommit,1084416,1
19,596.5379621,2.0229000000426822,VSM.Allocate,1466880,1
19,596.5379621,2.0229000000426822,VSM.ClearPhysicalPages,344064,1
19,596.5379621,2.0229000000426822,VSM.PageOccupancy,88320,1
19,596.5379621,2.0229000000426822,VSM.FinalizePages,2048,1
19,596.5379621,2.0229000000426822,VSM.DynamicRaster,25600,1
19,596.5379621,2.0229000000426822,VSM.LayoutRemap,0,1
19,596.5379621,2.0229000000426822,VSM.InvalidateStatic,0,0
19,596.5379621,2.0229000000426822,VSM.InvalidateDynamic,1792,1
19,596.5379621,2.0229000000426822,VSM.StaticCasterCull,436736,1
19,596.5379621,2.0229000000426822,VSM.DynamicCasterCull,333312,1
19,596.5379621,2.0229000000426822,VSM.PageCull,548608,2
19,596.5379621,2.0229000000426822,VSM.StaticRasterClear,0,1
19,596.5379621,2.0229000000426822,VSM.StaticRasterDraw,7168,1
19,596.5379621,2.0229000000426822,VSM.DynamicRasterClear,512,1
19,596.5379621,2.0229000000426822,VSM.DynamicRasterDraw,24832,1
19,596.5379621,2.0229000000426822,VSM.StaticRaster,7168,1
19,596.5379621,2.0229000000426822,VSM.UnityCompatibilityRaster,0,0
19,596.5379621,2.0229000000426822,VSM.Resolve,6935552,1
19,596.5379621,2.0229000000426822,VSM.ResolveTrace,6708992,1
19,596.5379621,2.0229000000426822,VSM.FilterHorizontal,65792,1
19,596.5379621,2.0229000000426822,VSM.FilterVertical,0,0
19,596.5379621,2.0229000000426822,VSM.FilterTemporalVertical,159744,1
19,596.5379621,2.0229000000426822,VSM.ResetFeedback,0,1
20,596.5568358999999,2.420299999926101,VSM.MarkReceiverPages,890880,1
20,596.5568358999999,2.420299999926101,VSM.AllocationPrepare,9472,1
20,596.5568358999999,2.420299999926101,VSM.AllocationCommit,1084160,1
20,596.5568358999999,2.420299999926101,VSM.Allocate,1416704,1
20,596.5568358999999,2.420299999926101,VSM.ClearPhysicalPages,344832,1
20,596.5568358999999,2.420299999926101,VSM.PageOccupancy,88576,1
20,596.5568358999999,2.420299999926101,VSM.FinalizePages,2048,1
20,596.5568358999999,2.420299999926101,VSM.DynamicRaster,19968,1
20,596.5568358999999,2.420299999926101,VSM.LayoutRemap,0,1
20,596.5568358999999,2.420299999926101,VSM.InvalidateStatic,0,0
20,596.5568358999999,2.420299999926101,VSM.InvalidateDynamic,3072,1
20,596.5568358999999,2.420299999926101,VSM.StaticCasterCull,430080,1
20,596.5568358999999,2.420299999926101,VSM.DynamicCasterCull,145152,1
20,596.5568358999999,2.420299999926101,VSM.PageCull,540928,2
20,596.5568358999999,2.420299999926101,VSM.StaticRasterClear,0,1
20,596.5568358999999,2.420299999926101,VSM.StaticRasterDraw,3072,1
20,596.5568358999999,2.420299999926101,VSM.DynamicRasterClear,0,1
20,596.5568358999999,2.420299999926101,VSM.DynamicRasterDraw,19712,1
20,596.5568358999999,2.420299999926101,VSM.StaticRaster,3328,1
20,596.5568358999999,2.420299999926101,VSM.UnityCompatibilityRaster,0,0
20,596.5568358999999,2.420299999926101,VSM.Resolve,7697920,1
20,596.5568358999999,2.420299999926101,VSM.ResolveTrace,7470592,1
20,596.5568358999999,2.420299999926101,VSM.FilterHorizontal,65536,1
20,596.5568358999999,2.420299999926101,VSM.FilterVertical,0,0
20,596.5568358999999,2.420299999926101,VSM.FilterTemporalVertical,160512,1
20,596.5568358999999,2.420299999926101,VSM.ResetFeedback,0,1
21,596.57501059999993,2.0215999999209089,VSM.MarkReceiverPages,899840,1
21,596.57501059999993,2.0215999999209089,VSM.AllocationPrepare,9472,1
21,596.57501059999993,2.0215999999209089,VSM.AllocationCommit,1084416,1
21,596.57501059999993,2.0215999999209089,VSM.Allocate,1347328,1
21,596.57501059999993,2.0215999999209089,VSM.ClearPhysicalPages,344832,1
21,596.57501059999993,2.0215999999209089,VSM.PageOccupancy,87808,1
21,596.57501059999993,2.0215999999209089,VSM.FinalizePages,1792,1
21,596.57501059999993,2.0215999999209089,VSM.DynamicRaster,19712,1
21,596.57501059999993,2.0215999999209089,VSM.LayoutRemap,0,1
21,596.57501059999993,2.0215999999209089,VSM.InvalidateStatic,0,0
21,596.57501059999993,2.0215999999209089,VSM.InvalidateDynamic,1792,1
21,596.57501059999993,2.0215999999209089,VSM.StaticCasterCull,434944,1
21,596.57501059999993,2.0215999999209089,VSM.DynamicCasterCull,145408,1
21,596.57501059999993,2.0215999999209089,VSM.PageCull,546816,2
21,596.57501059999993,2.0215999999209089,VSM.StaticRasterClear,0,1
21,596.57501059999993,2.0215999999209089,VSM.StaticRasterDraw,7168,1
21,596.57501059999993,2.0215999999209089,VSM.DynamicRasterClear,256,1
21,596.57501059999993,2.0215999999209089,VSM.DynamicRasterDraw,19456,1
21,596.57501059999993,2.0215999999209089,VSM.StaticRaster,7424,1
21,596.57501059999993,2.0215999999209089,VSM.UnityCompatibilityRaster,0,0
21,596.57501059999993,2.0215999999209089,VSM.Resolve,6841088,1
21,596.57501059999993,2.0215999999209089,VSM.ResolveTrace,6616064,1
21,596.57501059999993,2.0215999999209089,VSM.FilterHorizontal,65024,1
21,596.57501059999993,2.0215999999209089,VSM.FilterVertical,0,0
21,596.57501059999993,2.0215999999209089,VSM.FilterTemporalVertical,158976,1
21,596.57501059999993,2.0215999999209089,VSM.ResetFeedback,0,1
22,596.5922475,1.9729000000552332,VSM.MarkReceiverPages,892160,1
22,596.5922475,1.9729000000552332,VSM.AllocationPrepare,9472,1
22,596.5922475,1.9729000000552332,VSM.AllocationCommit,1084672,1
22,596.5922475,1.9729000000552332,VSM.Allocate,1260800,1
22,596.5922475,1.9729000000552332,VSM.ClearPhysicalPages,344064,1
22,596.5922475,1.9729000000552332,VSM.PageOccupancy,87808,1
22,596.5922475,1.9729000000552332,VSM.FinalizePages,2048,1
22,596.5922475,1.9729000000552332,VSM.DynamicRaster,19712,1
22,596.5922475,1.9729000000552332,VSM.LayoutRemap,0,1
22,596.5922475,1.9729000000552332,VSM.InvalidateStatic,0,0
22,596.5922475,1.9729000000552332,VSM.InvalidateDynamic,1792,1
22,596.5922475,1.9729000000552332,VSM.StaticCasterCull,434176,1
22,596.5922475,1.9729000000552332,VSM.DynamicCasterCull,151296,1
22,596.5922475,1.9729000000552332,VSM.PageCull,551424,2
22,596.5922475,1.9729000000552332,VSM.StaticRasterClear,0,1
22,596.5922475,1.9729000000552332,VSM.StaticRasterDraw,3072,1
22,596.5922475,1.9729000000552332,VSM.DynamicRasterClear,0,1
22,596.5922475,1.9729000000552332,VSM.DynamicRasterDraw,19712,1
22,596.5922475,1.9729000000552332,VSM.StaticRaster,3328,1
22,596.5922475,1.9729000000552332,VSM.UnityCompatibilityRaster,0,0
22,596.5922475,1.9729000000552332,VSM.Resolve,7674624,1
22,596.5922475,1.9729000000552332,VSM.ResolveTrace,7448320,1
22,596.5922475,1.9729000000552332,VSM.FilterHorizontal,65536,1
22,596.5922475,1.9729000000552332,VSM.FilterVertical,0,0
22,596.5922475,1.9729000000552332,VSM.FilterTemporalVertical,159744,1
22,596.5922475,1.9729000000552332,VSM.ResetFeedback,0,1
23,596.60956379999993,1.9531000000370113,VSM.MarkReceiverPages,897280,1
23,596.60956379999993,1.9531000000370113,VSM.AllocationPrepare,9472,1
23,596.60956379999993,1.9531000000370113,VSM.AllocationCommit,1083904,1
23,596.60956379999993,1.9531000000370113,VSM.Allocate,1565440,1
23,596.60956379999993,1.9531000000370113,VSM.ClearPhysicalPages,528640,1
23,596.60956379999993,1.9531000000370113,VSM.PageOccupancy,87552,1
23,596.60956379999993,1.9531000000370113,VSM.FinalizePages,2304,1
23,596.60956379999993,1.9531000000370113,VSM.DynamicRaster,19968,1
23,596.60956379999993,1.9531000000370113,VSM.LayoutRemap,0,1
23,596.60956379999993,1.9531000000370113,VSM.InvalidateStatic,0,0
23,596.60956379999993,1.9531000000370113,VSM.InvalidateDynamic,1792,1
23,596.60956379999993,1.9531000000370113,VSM.StaticCasterCull,436224,1
23,596.60956379999993,1.9531000000370113,VSM.DynamicCasterCull,142848,1
23,596.60956379999993,1.9531000000370113,VSM.PageCull,544768,2
23,596.60956379999993,1.9531000000370113,VSM.StaticRasterClear,256,1
23,596.60956379999993,1.9531000000370113,VSM.StaticRasterDraw,6912,1
23,596.60956379999993,1.9531000000370113,VSM.DynamicRasterClear,256,1
23,596.60956379999993,1.9531000000370113,VSM.DynamicRasterDraw,19712,1
23,596.60956379999993,1.9531000000370113,VSM.StaticRaster,7168,1
23,596.60956379999993,1.9531000000370113,VSM.UnityCompatibilityRaster,0,0
23,596.60956379999993,1.9531000000370113,VSM.Resolve,7183616,1
23,596.60956379999993,1.9531000000370113,VSM.ResolveTrace,6957568,1
23,596.60956379999993,1.9531000000370113,VSM.FilterHorizontal,65536,1
23,596.60956379999993,1.9531000000370113,VSM.FilterVertical,0,0
23,596.60956379999993,1.9531000000370113,VSM.FilterTemporalVertical,159488,1
23,596.60956379999993,1.9531000000370113,VSM.ResetFeedback,0,1
24,596.6266926,1.8536999999696491,VSM.MarkReceiverPages,1531136,1
24,596.6266926,1.8536999999696491,VSM.AllocationPrepare,11776,1
24,596.6266926,1.8536999999696491,VSM.AllocationCommit,1084672,1
24,596.6266926,1.8536999999696491,VSM.Allocate,1097472,1
24,596.6266926,1.8536999999696491,VSM.ClearPhysicalPages,344064,1
24,596.6266926,1.8536999999696491,VSM.PageOccupancy,87552,1
24,596.6266926,1.8536999999696491,VSM.FinalizePages,1792,1
24,596.6266926,1.8536999999696491,VSM.DynamicRaster,19712,1
24,596.6266926,1.8536999999696491,VSM.LayoutRemap,0,1
24,596.6266926,1.8536999999696491,VSM.InvalidateStatic,0,0
24,596.6266926,1.8536999999696491,VSM.InvalidateDynamic,2048,1
24,596.6266926,1.8536999999696491,VSM.StaticCasterCull,582912,1
24,596.6266926,1.8536999999696491,VSM.DynamicCasterCull,144896,1
24,596.6266926,1.8536999999696491,VSM.PageCull,532736,2
24,596.6266926,1.8536999999696491,VSM.StaticRasterClear,256,1
24,596.6266926,1.8536999999696491,VSM.StaticRasterDraw,6912,1
24,596.6266926,1.8536999999696491,VSM.DynamicRasterClear,0,1
24,596.6266926,1.8536999999696491,VSM.DynamicRasterDraw,19456,1
24,596.6266926,1.8536999999696491,VSM.StaticRaster,7424,1
24,596.6266926,1.8536999999696491,VSM.UnityCompatibilityRaster,0,0
24,596.6266926,1.8536999999696491,VSM.Resolve,6785280,1
24,596.6266926,1.8536999999696491,VSM.ResolveTrace,6559488,1
24,596.6266926,1.8536999999696491,VSM.FilterHorizontal,65024,1
24,596.6266926,1.8536999999696491,VSM.FilterVertical,0,0
24,596.6266926,1.8536999999696491,VSM.FilterTemporalVertical,159232,1
24,596.6266926,1.8536999999696491,VSM.ResetFeedback,0,1
25,596.6439802,1.971200000070894,VSM.MarkReceiverPages,890368,1
25,596.6439802,1.971200000070894,VSM.AllocationPrepare,9216,1
25,596.6439802,1.971200000070894,VSM.AllocationCommit,1084160,1
25,596.6439802,1.971200000070894,VSM.Allocate,1447936,1
25,596.6439802,1.971200000070894,VSM.ClearPhysicalPages,344832,1
25,596.6439802,1.971200000070894,VSM.PageOccupancy,88320,1
25,596.6439802,1.971200000070894,VSM.FinalizePages,2048,1
25,596.6439802,1.971200000070894,VSM.DynamicRaster,19968,1
25,596.6439802,1.971200000070894,VSM.LayoutRemap,0,1
25,596.6439802,1.971200000070894,VSM.InvalidateStatic,0,0
25,596.6439802,1.971200000070894,VSM.InvalidateDynamic,1792,1
25,596.6439802,1.971200000070894,VSM.StaticCasterCull,427776,1
25,596.6439802,1.971200000070894,VSM.DynamicCasterCull,145664,1
25,596.6439802,1.971200000070894,VSM.PageCull,539648,2
25,596.6439802,1.971200000070894,VSM.StaticRasterClear,0,1
25,596.6439802,1.971200000070894,VSM.StaticRasterDraw,6912,1
25,596.6439802,1.971200000070894,VSM.DynamicRasterClear,0,1
25,596.6439802,1.971200000070894,VSM.DynamicRasterDraw,19712,1
25,596.6439802,1.971200000070894,VSM.StaticRaster,7168,1
25,596.6439802,1.971200000070894,VSM.UnityCompatibilityRaster,0,0
25,596.6439802,1.971200000070894,VSM.Resolve,7049728,1
25,596.6439802,1.971200000070894,VSM.ResolveTrace,6656256,1
25,596.6439802,1.971200000070894,VSM.FilterHorizontal,65280,1
25,596.6439802,1.971200000070894,VSM.FilterVertical,0,0
25,596.6439802,1.971200000070894,VSM.FilterTemporalVertical,157440,1
25,596.6439802,1.971200000070894,VSM.ResetFeedback,0,1
26,596.66172139999992,1.8913999999767839,VSM.MarkReceiverPages,888832,1
26,596.66172139999992,1.8913999999767839,VSM.AllocationPrepare,9216,1
26,596.66172139999992,1.8913999999767839,VSM.AllocationCommit,1084416,1
26,596.66172139999992,1.8913999999767839,VSM.Allocate,1573120,1
26,596.66172139999992,1.8913999999767839,VSM.ClearPhysicalPages,345088,1
26,596.66172139999992,1.8913999999767839,VSM.PageOccupancy,98560,1
26,596.66172139999992,1.8913999999767839,VSM.FinalizePages,2304,1
26,596.66172139999992,1.8913999999767839,VSM.DynamicRaster,19968,1
26,596.66172139999992,1.8913999999767839,VSM.LayoutRemap,0,1
26,596.66172139999992,1.8913999999767839,VSM.InvalidateStatic,0,0
26,596.66172139999992,1.8913999999767839,VSM.InvalidateDynamic,3328,1
26,596.66172139999992,1.8913999999767839,VSM.StaticCasterCull,456192,1
26,596.66172139999992,1.8913999999767839,VSM.DynamicCasterCull,148736,1
26,596.66172139999992,1.8913999999767839,VSM.PageCull,570624,2
26,596.66172139999992,1.8913999999767839,VSM.StaticRasterClear,0,1
26,596.66172139999992,1.8913999999767839,VSM.StaticRasterDraw,3328,1
26,596.66172139999992,1.8913999999767839,VSM.DynamicRasterClear,256,1
26,596.66172139999992,1.8913999999767839,VSM.DynamicRasterDraw,19712,1
26,596.66172139999992,1.8913999999767839,VSM.StaticRaster,3328,1
26,596.66172139999992,1.8913999999767839,VSM.UnityCompatibilityRaster,0,0
26,596.66172139999992,1.8913999999767839,VSM.Resolve,7518976,1
26,596.66172139999992,1.8913999999767839,VSM.ResolveTrace,7292160,1
26,596.66172139999992,1.8913999999767839,VSM.FilterHorizontal,65792,1
26,596.66172139999992,1.8913999999767839,VSM.FilterVertical,0,0
26,596.66172139999992,1.8913999999767839,VSM.FilterTemporalVertical,159744,1
26,596.66172139999992,1.8913999999767839,VSM.ResetFeedback,0,1
27,596.6789633,1.9419000000198139,VSM.MarkReceiverPages,894720,1
27,596.6789633,1.9419000000198139,VSM.AllocationPrepare,9472,1
27,596.6789633,1.9419000000198139,VSM.AllocationCommit,1084416,1
27,596.6789633,1.9419000000198139,VSM.Allocate,1093888,1
27,596.6789633,1.9419000000198139,VSM.ClearPhysicalPages,344064,1
27,596.6789633,1.9419000000198139,VSM.PageOccupancy,87808,1
27,596.6789633,1.9419000000198139,VSM.FinalizePages,2048,1
27,596.6789633,1.9419000000198139,VSM.DynamicRaster,24320,1
27,596.6789633,1.9419000000198139,VSM.LayoutRemap,0,1
27,596.6789633,1.9419000000198139,VSM.InvalidateStatic,0,0
27,596.6789633,1.9419000000198139,VSM.InvalidateDynamic,1792,1
27,596.6789633,1.9419000000198139,VSM.StaticCasterCull,445440,1
27,596.6789633,1.9419000000198139,VSM.DynamicCasterCull,140032,1
27,596.6789633,1.9419000000198139,VSM.PageCull,552448,2
27,596.6789633,1.9419000000198139,VSM.StaticRasterClear,256,1
27,596.6789633,1.9419000000198139,VSM.StaticRasterDraw,7424,1
27,596.6789633,1.9419000000198139,VSM.DynamicRasterClear,256,1
27,596.6789633,1.9419000000198139,VSM.DynamicRasterDraw,24064,1
27,596.6789633,1.9419000000198139,VSM.StaticRaster,7680,1
27,596.6789633,1.9419000000198139,VSM.UnityCompatibilityRaster,0,0
27,596.6789633,1.9419000000198139,VSM.Resolve,7465472,1
27,596.6789633,1.9419000000198139,VSM.ResolveTrace,7237632,1
27,596.6789633,1.9419000000198139,VSM.FilterHorizontal,66048,1
27,596.6789633,1.9419000000198139,VSM.FilterVertical,0,0
27,596.6789633,1.9419000000198139,VSM.FilterTemporalVertical,160256,1
27,596.6789633,1.9419000000198139,VSM.ResetFeedback,0,1
28,596.6970308,1.8866000000343774,VSM.MarkReceiverPages,890368,1
28,596.6970308,1.8866000000343774,VSM.AllocationPrepare,9472,1
28,596.6970308,1.8866000000343774,VSM.AllocationCommit,1084928,1
28,596.6970308,1.8866000000343774,VSM.Allocate,1385472,1
28,596.6970308,1.8866000000343774,VSM.ClearPhysicalPages,344064,1
28,596.6970308,1.8866000000343774,VSM.PageOccupancy,88320,1
28,596.6970308,1.8866000000343774,VSM.FinalizePages,2048,1
28,596.6970308,1.8866000000343774,VSM.DynamicRaster,19712,1
28,596.6970308,1.8866000000343774,VSM.LayoutRemap,0,1
28,596.6970308,1.8866000000343774,VSM.InvalidateStatic,0,0
28,596.6970308,1.8866000000343774,VSM.InvalidateDynamic,1792,1
28,596.6970308,1.8866000000343774,VSM.StaticCasterCull,429824,1
28,596.6970308,1.8866000000343774,VSM.DynamicCasterCull,146176,1
28,596.6970308,1.8866000000343774,VSM.PageCull,542464,2
28,596.6970308,1.8866000000343774,VSM.StaticRasterClear,0,1
28,596.6970308,1.8866000000343774,VSM.StaticRasterDraw,7168,1
28,596.6970308,1.8866000000343774,VSM.DynamicRasterClear,0,1
28,596.6970308,1.8866000000343774,VSM.DynamicRasterDraw,19712,1
28,596.6970308,1.8866000000343774,VSM.StaticRaster,7168,1
28,596.6970308,1.8866000000343774,VSM.UnityCompatibilityRaster,0,0
28,596.6970308,1.8866000000343774,VSM.Resolve,7543552,1
28,596.6970308,1.8866000000343774,VSM.ResolveTrace,7314944,1
28,596.6970308,1.8866000000343774,VSM.FilterHorizontal,66816,1
28,596.6970308,1.8866000000343774,VSM.FilterVertical,0,0
28,596.6970308,1.8866000000343774,VSM.FilterTemporalVertical,160512,1
28,596.6970308,1.8866000000343774,VSM.ResetFeedback,0,1
29,596.7161243999999,2.2230999999237611,VSM.MarkReceiverPages,894208,1
29,596.7161243999999,2.2230999999237611,VSM.AllocationPrepare,9472,1
29,596.7161243999999,2.2230999999237611,VSM.AllocationCommit,1084416,1
29,596.7161243999999,2.2230999999237611,VSM.Allocate,1261568,1
29,596.7161243999999,2.2230999999237611,VSM.ClearPhysicalPages,344064,1
29,596.7161243999999,2.2230999999237611,VSM.PageOccupancy,88832,1
29,596.7161243999999,2.2230999999237611,VSM.FinalizePages,2048,1
29,596.7161243999999,2.2230999999237611,VSM.DynamicRaster,19968,1
29,596.7161243999999,2.2230999999237611,VSM.LayoutRemap,0,1
29,596.7161243999999,2.2230999999237611,VSM.InvalidateStatic,0,0
29,596.7161243999999,2.2230999999237611,VSM.InvalidateDynamic,2048,1
29,596.7161243999999,2.2230999999237611,VSM.StaticCasterCull,430848,1
29,596.7161243999999,2.2230999999237611,VSM.DynamicCasterCull,145408,1
29,596.7161243999999,2.2230999999237611,VSM.PageCull,542464,2
29,596.7161243999999,2.2230999999237611,VSM.StaticRasterClear,0,1
29,596.7161243999999,2.2230999999237611,VSM.StaticRasterDraw,9472,1
29,596.7161243999999,2.2230999999237611,VSM.DynamicRasterClear,0,1
29,596.7161243999999,2.2230999999237611,VSM.DynamicRasterDraw,19712,1
29,596.7161243999999,2.2230999999237611,VSM.StaticRaster,9728,1
29,596.7161243999999,2.2230999999237611,VSM.UnityCompatibilityRaster,0,0
29,596.7161243999999,2.2230999999237611,VSM.Resolve,7245056,1
29,596.7161243999999,2.2230999999237611,VSM.ResolveTrace,7017472,1
29,596.7161243999999,2.2230999999237611,VSM.FilterHorizontal,66048,1
29,596.7161243999999,2.2230999999237611,VSM.FilterVertical,0,0
29,596.7161243999999,2.2230999999237611,VSM.FilterTemporalVertical,160256,1
29,596.7161243999999,2.2230999999237611,VSM.ResetFeedback,0,1
30,596.7329635,1.970000000028449,VSM.MarkReceiverPages,891136,1
30,596.7329635,1.970000000028449,VSM.AllocationPrepare,9472,1
30,596.7329635,1.970000000028449,VSM.AllocationCommit,1084416,1
30,596.7329635,1.970000000028449,VSM.Allocate,1459712,1
30,596.7329635,1.970000000028449,VSM.ClearPhysicalPages,344832,1
30,596.7329635,1.970000000028449,VSM.PageOccupancy,84736,1
30,596.7329635,1.970000000028449,VSM.FinalizePages,2304,1
30,596.7329635,1.970000000028449,VSM.DynamicRaster,19968,1
30,596.7329635,1.970000000028449,VSM.LayoutRemap,0,1
30,596.7329635,1.970000000028449,VSM.InvalidateStatic,0,0
30,596.7329635,1.970000000028449,VSM.InvalidateDynamic,1792,1
30,596.7329635,1.970000000028449,VSM.StaticCasterCull,421888,1
30,596.7329635,1.970000000028449,VSM.DynamicCasterCull,141824,1
30,596.7329635,1.970000000028449,VSM.PageCull,529408,2
30,596.7329635,1.970000000028449,VSM.StaticRasterClear,0,1
30,596.7329635,1.970000000028449,VSM.StaticRasterDraw,6912,1
30,596.7329635,1.970000000028449,VSM.DynamicRasterClear,0,1
30,596.7329635,1.970000000028449,VSM.DynamicRasterDraw,19712,1
30,596.7329635,1.970000000028449,VSM.StaticRaster,7168,1
30,596.7329635,1.970000000028449,VSM.UnityCompatibilityRaster,0,0
30,596.7329635,1.970000000028449,VSM.Resolve,7527168,1
30,596.7329635,1.970000000028449,VSM.ResolveTrace,7300608,1
30,596.7329635,1.970000000028449,VSM.FilterHorizontal,65536,1
30,596.7329635,1.970000000028449,VSM.FilterVertical,0,0
30,596.7329635,1.970000000028449,VSM.FilterTemporalVertical,159488,1
30,596.7329635,1.970000000028449,VSM.ResetFeedback,0,1
31,596.7505127,1.8500999999560008,VSM.MarkReceiverPages,1174784,1
31,596.7505127,1.8500999999560008,VSM.AllocationPrepare,9728,1
31,596.7505127,1.8500999999560008,VSM.AllocationCommit,1085184,1
31,596.7505127,1.8500999999560008,VSM.Allocate,1095424,1
31,596.7505127,1.8500999999560008,VSM.ClearPhysicalPages,345088,1
31,596.7505127,1.8500999999560008,VSM.PageOccupancy,87808,1
31,596.7505127,1.8500999999560008,VSM.FinalizePages,2304,1
31,596.7505127,1.8500999999560008,VSM.DynamicRaster,19968,1
31,596.7505127,1.8500999999560008,VSM.LayoutRemap,0,1
31,596.7505127,1.8500999999560008,VSM.InvalidateStatic,0,0
31,596.7505127,1.8500999999560008,VSM.InvalidateDynamic,2048,1
31,596.7505127,1.8500999999560008,VSM.StaticCasterCull,421120,1
31,596.7505127,1.8500999999560008,VSM.DynamicCasterCull,232704,1
31,596.7505127,1.8500999999560008,VSM.PageCull,528128,2
31,596.7505127,1.8500999999560008,VSM.StaticRasterClear,0,1
31,596.7505127,1.8500999999560008,VSM.StaticRasterDraw,7168,1
31,596.7505127,1.8500999999560008,VSM.DynamicRasterClear,0,1
31,596.7505127,1.8500999999560008,VSM.DynamicRasterDraw,19712,1
31,596.7505127,1.8500999999560008,VSM.StaticRaster,7424,1
31,596.7505127,1.8500999999560008,VSM.UnityCompatibilityRaster,0,0
31,596.7505127,1.8500999999560008,VSM.Resolve,7861248,1
31,596.7505127,1.8500999999560008,VSM.ResolveTrace,7636224,1
31,596.7505127,1.8500999999560008,VSM.FilterHorizontal,65280,1
31,596.7505127,1.8500999999560008,VSM.FilterVertical,0,0
31,596.7505127,1.8500999999560008,VSM.FilterTemporalVertical,158720,1
31,596.7505127,1.8500999999560008,VSM.ResetFeedback,0,1
32,596.7675343,1.7460000000255604,VSM.MarkReceiverPages,893440,1
32,596.7675343,1.7460000000255604,VSM.AllocationPrepare,9216,1
32,596.7675343,1.7460000000255604,VSM.AllocationCommit,1084672,1
32,596.7675343,1.7460000000255604,VSM.Allocate,1260288,1
32,596.7675343,1.7460000000255604,VSM.ClearPhysicalPages,343808,1
32,596.7675343,1.7460000000255604,VSM.PageOccupancy,88320,1
32,596.7675343,1.7460000000255604,VSM.FinalizePages,2048,1
32,596.7675343,1.7460000000255604,VSM.DynamicRaster,19968,1
32,596.7675343,1.7460000000255604,VSM.LayoutRemap,0,1
32,596.7675343,1.7460000000255604,VSM.InvalidateStatic,0,0
32,596.7675343,1.7460000000255604,VSM.InvalidateDynamic,1792,1
32,596.7675343,1.7460000000255604,VSM.StaticCasterCull,430080,1
32,596.7675343,1.7460000000255604,VSM.DynamicCasterCull,145920,1
32,596.7675343,1.7460000000255604,VSM.PageCull,542464,2
32,596.7675343,1.7460000000255604,VSM.StaticRasterClear,256,1
32,596.7675343,1.7460000000255604,VSM.StaticRasterDraw,3072,1
32,596.7675343,1.7460000000255604,VSM.DynamicRasterClear,0,1
32,596.7675343,1.7460000000255604,VSM.DynamicRasterDraw,19712,1
32,596.7675343,1.7460000000255604,VSM.StaticRaster,3328,1
32,596.7675343,1.7460000000255604,VSM.UnityCompatibilityRaster,0,0
32,596.7675343,1.7460000000255604,VSM.Resolve,7349248,1
32,596.7675343,1.7460000000255604,VSM.ResolveTrace,7123456,1
32,596.7675343,1.7460000000255604,VSM.FilterHorizontal,65280,1
32,596.7675343,1.7460000000255604,VSM.FilterVertical,0,0
32,596.7675343,1.7460000000255604,VSM.FilterTemporalVertical,159232,1
32,596.7675343,1.7460000000255604,VSM.ResetFeedback,0,1
33,596.7845199,1.9634999999880165,VSM.MarkReceiverPages,893440,1
33,596.7845199,1.9634999999880165,VSM.AllocationPrepare,9216,1
33,596.7845199,1.9634999999880165,VSM.AllocationCommit,1084928,1
33,596.7845199,1.9634999999880165,VSM.Allocate,1094656,1
33,596.7845199,1.9634999999880165,VSM.ClearPhysicalPages,344064,1
33,596.7845199,1.9634999999880165,VSM.PageOccupancy,84224,1
33,596.7845199,1.9634999999880165,VSM.FinalizePages,2048,1
33,596.7845199,1.9634999999880165,VSM.DynamicRaster,21760,1
33,596.7845199,1.9634999999880165,VSM.LayoutRemap,0,1
33,596.7845199,1.9634999999880165,VSM.InvalidateStatic,0,0
33,596.7845199,1.9634999999880165,VSM.InvalidateDynamic,1536,1
33,596.7845199,1.9634999999880165,VSM.StaticCasterCull,414464,1
33,596.7845199,1.9634999999880165,VSM.DynamicCasterCull,147712,1
33,596.7845199,1.9634999999880165,VSM.PageCull,528896,2
33,596.7845199,1.9634999999880165,VSM.StaticRasterClear,256,1
33,596.7845199,1.9634999999880165,VSM.StaticRasterDraw,6912,1
33,596.7845199,1.9634999999880165,VSM.DynamicRasterClear,0,1
33,596.7845199,1.9634999999880165,VSM.DynamicRasterDraw,21504,1
33,596.7845199,1.9634999999880165,VSM.StaticRaster,7168,1
33,596.7845199,1.9634999999880165,VSM.UnityCompatibilityRaster,0,0
33,596.7845199,1.9634999999880165,VSM.Resolve,7517184,1
33,596.7845199,1.9634999999880165,VSM.ResolveTrace,7290112,1
33,596.7845199,1.9634999999880165,VSM.FilterHorizontal,65536,1
33,596.7845199,1.9634999999880165,VSM.FilterVertical,0,0
33,596.7845199,1.9634999999880165,VSM.FilterTemporalVertical,160256,1
33,596.7845199,1.9634999999880165,VSM.ResetFeedback,0,1
34,596.8027751,2.5206999999909385,VSM.MarkReceiverPages,1071616,1
34,596.8027751,2.5206999999909385,VSM.AllocationPrepare,9472,1
34,596.8027751,2.5206999999909385,VSM.AllocationCommit,1084416,1
34,596.8027751,2.5206999999909385,VSM.Allocate,1094656,1
34,596.8027751,2.5206999999909385,VSM.ClearPhysicalPages,344064,1
34,596.8027751,2.5206999999909385,VSM.PageOccupancy,88064,1
34,596.8027751,2.5206999999909385,VSM.FinalizePages,2048,1
34,596.8027751,2.5206999999909385,VSM.DynamicRaster,19456,1
34,596.8027751,2.5206999999909385,VSM.LayoutRemap,0,1
34,596.8027751,2.5206999999909385,VSM.InvalidateStatic,0,0
34,596.8027751,2.5206999999909385,VSM.InvalidateDynamic,1792,1
34,596.8027751,2.5206999999909385,VSM.StaticCasterCull,450304,1
34,596.8027751,2.5206999999909385,VSM.DynamicCasterCull,147456,1
34,596.8027751,2.5206999999909385,VSM.PageCull,564224,2
34,596.8027751,2.5206999999909385,VSM.StaticRasterClear,0,1
34,596.8027751,2.5206999999909385,VSM.StaticRasterDraw,7168,1
34,596.8027751,2.5206999999909385,VSM.DynamicRasterClear,0,1
34,596.8027751,2.5206999999909385,VSM.DynamicRasterDraw,19200,1
34,596.8027751,2.5206999999909385,VSM.StaticRaster,7424,1
34,596.8027751,2.5206999999909385,VSM.UnityCompatibilityRaster,0,0
34,596.8027751,2.5206999999909385,VSM.Resolve,7736064,1
34,596.8027751,2.5206999999909385,VSM.ResolveTrace,7510016,1
34,596.8027751,2.5206999999909385,VSM.FilterHorizontal,65792,1
34,596.8027751,2.5206999999909385,VSM.FilterVertical,0,0
34,596.8027751,2.5206999999909385,VSM.FilterTemporalVertical,159488,1
34,596.8027751,2.5206999999909385,VSM.ResetFeedback,0,1
35,596.8210661999999,2.4305999999114647,VSM.MarkReceiverPages,893184,1
35,596.8210661999999,2.4305999999114647,VSM.AllocationPrepare,9216,1
35,596.8210661999999,2.4305999999114647,VSM.AllocationCommit,1084928,1
35,596.8210661999999,2.4305999999114647,VSM.Allocate,1360896,1
35,596.8210661999999,2.4305999999114647,VSM.ClearPhysicalPages,344576,1
35,596.8210661999999,2.4305999999114647,VSM.PageOccupancy,85760,1
35,596.8210661999999,2.4305999999114647,VSM.FinalizePages,2048,1
35,596.8210661999999,2.4305999999114647,VSM.DynamicRaster,19712,1
35,596.8210661999999,2.4305999999114647,VSM.LayoutRemap,0,1
35,596.8210661999999,2.4305999999114647,VSM.InvalidateStatic,0,0
35,596.8210661999999,2.4305999999114647,VSM.InvalidateDynamic,1792,1
35,596.8210661999999,2.4305999999114647,VSM.StaticCasterCull,421632,1
35,596.8210661999999,2.4305999999114647,VSM.DynamicCasterCull,146688,1
35,596.8210661999999,2.4305999999114647,VSM.PageCull,534528,2
35,596.8210661999999,2.4305999999114647,VSM.StaticRasterClear,0,1
35,596.8210661999999,2.4305999999114647,VSM.StaticRasterDraw,6912,1
35,596.8210661999999,2.4305999999114647,VSM.DynamicRasterClear,256,1
35,596.8210661999999,2.4305999999114647,VSM.DynamicRasterDraw,19456,1
35,596.8210661999999,2.4305999999114647,VSM.StaticRaster,7168,1
35,596.8210661999999,2.4305999999114647,VSM.UnityCompatibilityRaster,0,0
35,596.8210661999999,2.4305999999114647,VSM.Resolve,7499008,1
35,596.8210661999999,2.4305999999114647,VSM.ResolveTrace,6928896,1
35,596.8210661999999,2.4305999999114647,VSM.FilterHorizontal,67840,1
35,596.8210661999999,2.4305999999114647,VSM.FilterVertical,0,0
35,596.8210661999999,2.4305999999114647,VSM.FilterTemporalVertical,161024,1
35,596.8210661999999,2.4305999999114647,VSM.ResetFeedback,0,1
36,596.8391184,2.2658999999976004,VSM.MarkReceiverPages,895488,1
36,596.8391184,2.2658999999976004,VSM.AllocationPrepare,9472,1
36,596.8391184,2.2658999999976004,VSM.AllocationCommit,1083648,1
36,596.8391184,2.2658999999976004,VSM.Allocate,1343744,1
36,596.8391184,2.2658999999976004,VSM.ClearPhysicalPages,344064,1
36,596.8391184,2.2658999999976004,VSM.PageOccupancy,88576,1
36,596.8391184,2.2658999999976004,VSM.FinalizePages,2048,1
36,596.8391184,2.2658999999976004,VSM.DynamicRaster,19968,1
36,596.8391184,2.2658999999976004,VSM.LayoutRemap,0,1
36,596.8391184,2.2658999999976004,VSM.InvalidateStatic,0,0
36,596.8391184,2.2658999999976004,VSM.InvalidateDynamic,1792,1
36,596.8391184,2.2658999999976004,VSM.StaticCasterCull,426240,1
36,596.8391184,2.2658999999976004,VSM.DynamicCasterCull,141824,1
36,596.8391184,2.2658999999976004,VSM.PageCull,533760,2
36,596.8391184,2.2658999999976004,VSM.StaticRasterClear,0,1
36,596.8391184,2.2658999999976004,VSM.StaticRasterDraw,7168,1
36,596.8391184,2.2658999999976004,VSM.DynamicRasterClear,0,1
36,596.8391184,2.2658999999976004,VSM.DynamicRasterDraw,19712,1
36,596.8391184,2.2658999999976004,VSM.StaticRaster,7168,1
36,596.8391184,2.2658999999976004,VSM.UnityCompatibilityRaster,0,0
36,596.8391184,2.2658999999976004,VSM.Resolve,7427840,1
36,596.8391184,2.2658999999976004,VSM.ResolveTrace,7202048,1
36,596.8391184,2.2658999999976004,VSM.FilterHorizontal,65536,1
36,596.8391184,2.2658999999976004,VSM.FilterVertical,0,0
36,596.8391184,2.2658999999976004,VSM.FilterTemporalVertical,159488,1
36,596.8391184,2.2658999999976004,VSM.ResetFeedback,0,1
37,596.8566602,1.9068000000288521,VSM.MarkReceiverPages,894464,1
37,596.8566602,1.9068000000288521,VSM.AllocationPrepare,9472,1
37,596.8566602,1.9068000000288521,VSM.AllocationCommit,1084416,1
37,596.8566602,1.9068000000288521,VSM.Allocate,1437696,1
37,596.8566602,1.9068000000288521,VSM.ClearPhysicalPages,344576,1
37,596.8566602,1.9068000000288521,VSM.PageOccupancy,88320,1
37,596.8566602,1.9068000000288521,VSM.FinalizePages,2048,1
37,596.8566602,1.9068000000288521,VSM.DynamicRaster,19456,1
37,596.8566602,1.9068000000288521,VSM.LayoutRemap,0,1
37,596.8566602,1.9068000000288521,VSM.InvalidateStatic,0,0
37,596.8566602,1.9068000000288521,VSM.InvalidateDynamic,3328,1
37,596.8566602,1.9068000000288521,VSM.StaticCasterCull,431104,1
37,596.8566602,1.9068000000288521,VSM.DynamicCasterCull,139264,1
37,596.8566602,1.9068000000288521,VSM.PageCull,536320,2
37,596.8566602,1.9068000000288521,VSM.StaticRasterClear,0,1
37,596.8566602,1.9068000000288521,VSM.StaticRasterDraw,7424,1
37,596.8566602,1.9068000000288521,VSM.DynamicRasterClear,0,1
37,596.8566602,1.9068000000288521,VSM.DynamicRasterDraw,19456,1
37,596.8566602,1.9068000000288521,VSM.StaticRaster,7424,1
37,596.8566602,1.9068000000288521,VSM.UnityCompatibilityRaster,0,0
37,596.8566602,1.9068000000288521,VSM.Resolve,7632640,1
37,596.8566602,1.9068000000288521,VSM.ResolveTrace,7409152,1
37,596.8566602,1.9068000000288521,VSM.FilterHorizontal,64768,1
37,596.8566602,1.9068000000288521,VSM.FilterVertical,0,0
37,596.8566602,1.9068000000288521,VSM.FilterTemporalVertical,157440,1
37,596.8566602,1.9068000000288521,VSM.ResetFeedback,0,1
38,596.8737652,1.9848000000592947,VSM.MarkReceiverPages,894464,1
38,596.8737652,1.9848000000592947,VSM.AllocationPrepare,9472,1
38,596.8737652,1.9848000000592947,VSM.AllocationCommit,1084928,1
38,596.8737652,1.9848000000592947,VSM.Allocate,1094656,1
38,596.8737652,1.9848000000592947,VSM.ClearPhysicalPages,344320,1
38,596.8737652,1.9848000000592947,VSM.PageOccupancy,87552,1
38,596.8737652,1.9848000000592947,VSM.FinalizePages,2304,1
38,596.8737652,1.9848000000592947,VSM.DynamicRaster,19712,1
38,596.8737652,1.9848000000592947,VSM.LayoutRemap,0,1
38,596.8737652,1.9848000000592947,VSM.InvalidateStatic,0,0
38,596.8737652,1.9848000000592947,VSM.InvalidateDynamic,1792,1
38,596.8737652,1.9848000000592947,VSM.StaticCasterCull,426496,1
38,596.8737652,1.9848000000592947,VSM.DynamicCasterCull,147456,1
38,596.8737652,1.9848000000592947,VSM.PageCull,540672,2
38,596.8737652,1.9848000000592947,VSM.StaticRasterClear,0,1
38,596.8737652,1.9848000000592947,VSM.StaticRasterDraw,4096,1
38,596.8737652,1.9848000000592947,VSM.DynamicRasterClear,0,1
38,596.8737652,1.9848000000592947,VSM.DynamicRasterDraw,19712,1
38,596.8737652,1.9848000000592947,VSM.StaticRaster,4096,1
38,596.8737652,1.9848000000592947,VSM.UnityCompatibilityRaster,0,0
38,596.8737652,1.9848000000592947,VSM.Resolve,7254784,1
38,596.8737652,1.9848000000592947,VSM.ResolveTrace,7025920,1
38,596.8737652,1.9848000000592947,VSM.FilterHorizontal,67328,1
38,596.8737652,1.9848000000592947,VSM.FilterVertical,0,0
38,596.8737652,1.9848000000592947,VSM.FilterTemporalVertical,160512,1
38,596.8737652,1.9848000000592947,VSM.ResetFeedback,0,1
39,596.8906316,1.8507000000909102,VSM.MarkReceiverPages,893952,1
39,596.8906316,1.8507000000909102,VSM.AllocationPrepare,9472,1
39,596.8906316,1.8507000000909102,VSM.AllocationCommit,1084672,1
39,596.8906316,1.8507000000909102,VSM.Allocate,1094400,1
39,596.8906316,1.8507000000909102,VSM.ClearPhysicalPages,343808,1
39,596.8906316,1.8507000000909102,VSM.PageOccupancy,88064,1
39,596.8906316,1.8507000000909102,VSM.FinalizePages,2816,1
39,596.8906316,1.8507000000909102,VSM.DynamicRaster,19968,1
39,596.8906316,1.8507000000909102,VSM.LayoutRemap,0,1
39,596.8906316,1.8507000000909102,VSM.InvalidateStatic,0,0
39,596.8906316,1.8507000000909102,VSM.InvalidateDynamic,1792,1
39,596.8906316,1.8507000000909102,VSM.StaticCasterCull,444160,1
39,596.8906316,1.8507000000909102,VSM.DynamicCasterCull,446720,1
39,596.8906316,1.8507000000909102,VSM.PageCull,556032,2
39,596.8906316,1.8507000000909102,VSM.StaticRasterClear,0,1
39,596.8906316,1.8507000000909102,VSM.StaticRasterDraw,7680,1
39,596.8906316,1.8507000000909102,VSM.DynamicRasterClear,0,1
39,596.8906316,1.8507000000909102,VSM.DynamicRasterDraw,19712,1
39,596.8906316,1.8507000000909102,VSM.StaticRaster,7680,1
39,596.8906316,1.8507000000909102,VSM.UnityCompatibilityRaster,0,0
39,596.8906316,1.8507000000909102,VSM.Resolve,7388160,1
39,596.8906316,1.8507000000909102,VSM.ResolveTrace,6979840,1
39,596.8906316,1.8507000000909102,VSM.FilterHorizontal,65024,1
39,596.8906316,1.8507000000909102,VSM.FilterVertical,0,0
39,596.8906316,1.8507000000909102,VSM.FilterTemporalVertical,160000,1
39,596.8906316,1.8507000000909102,VSM.ResetFeedback,0,1
40,596.9080124,1.9438000000491229,VSM.MarkReceiverPages,1287936,1
40,596.9080124,1.9438000000491229,VSM.AllocationPrepare,9472,1
40,596.9080124,1.9438000000491229,VSM.AllocationCommit,1084672,1
40,596.9080124,1.9438000000491229,VSM.Allocate,1094656,1
40,596.9080124,1.9438000000491229,VSM.ClearPhysicalPages,344320,1
40,596.9080124,1.9438000000491229,VSM.PageOccupancy,88832,1
40,596.9080124,1.9438000000491229,VSM.FinalizePages,2816,1
40,596.9080124,1.9438000000491229,VSM.DynamicRaster,19968,1
40,596.9080124,1.9438000000491229,VSM.LayoutRemap,0,1
40,596.9080124,1.9438000000491229,VSM.InvalidateStatic,0,0
40,596.9080124,1.9438000000491229,VSM.InvalidateDynamic,1792,1
40,596.9080124,1.9438000000491229,VSM.StaticCasterCull,725504,1
40,596.9080124,1.9438000000491229,VSM.DynamicCasterCull,149760,1
40,596.9080124,1.9438000000491229,VSM.PageCull,549376,2
40,596.9080124,1.9438000000491229,VSM.StaticRasterClear,0,1
40,596.9080124,1.9438000000491229,VSM.StaticRasterDraw,8960,1
40,596.9080124,1.9438000000491229,VSM.DynamicRasterClear,0,1
40,596.9080124,1.9438000000491229,VSM.DynamicRasterDraw,19968,1
40,596.9080124,1.9438000000491229,VSM.StaticRaster,9472,1
40,596.9080124,1.9438000000491229,VSM.UnityCompatibilityRaster,0,0
40,596.9080124,1.9438000000491229,VSM.Resolve,7011584,1
40,596.9080124,1.9438000000491229,VSM.ResolveTrace,6780416,1
40,596.9080124,1.9438000000491229,VSM.FilterHorizontal,65792,1
40,596.9080124,1.9438000000491229,VSM.FilterVertical,0,0
40,596.9080124,1.9438000000491229,VSM.FilterTemporalVertical,163840,1
40,596.9080124,1.9438000000491229,VSM.ResetFeedback,0,1
41,596.9252849,1.7575000000533691,VSM.MarkReceiverPages,894464,1
41,596.9252849,1.7575000000533691,VSM.AllocationPrepare,9216,1
41,596.9252849,1.7575000000533691,VSM.AllocationCommit,1084928,1
41,596.9252849,1.7575000000533691,VSM.Allocate,1639936,1
41,596.9252849,1.7575000000533691,VSM.ClearPhysicalPages,344576,1
41,596.9252849,1.7575000000533691,VSM.PageOccupancy,88576,1
41,596.9252849,1.7575000000533691,VSM.FinalizePages,2048,1
41,596.9252849,1.7575000000533691,VSM.DynamicRaster,19712,1
41,596.9252849,1.7575000000533691,VSM.LayoutRemap,0,1
41,596.9252849,1.7575000000533691,VSM.InvalidateStatic,0,0
41,596.9252849,1.7575000000533691,VSM.InvalidateDynamic,3328,1
41,596.9252849,1.7575000000533691,VSM.StaticCasterCull,426496,1
41,596.9252849,1.7575000000533691,VSM.DynamicCasterCull,141824,1
41,596.9252849,1.7575000000533691,VSM.PageCull,534016,2
41,596.9252849,1.7575000000533691,VSM.StaticRasterClear,0,1
41,596.9252849,1.7575000000533691,VSM.StaticRasterDraw,3072,1
41,596.9252849,1.7575000000533691,VSM.DynamicRasterClear,0,1
41,596.9252849,1.7575000000533691,VSM.DynamicRasterDraw,19712,1
41,596.9252849,1.7575000000533691,VSM.StaticRaster,3328,1
41,596.9252849,1.7575000000533691,VSM.UnityCompatibilityRaster,0,0
41,596.9252849,1.7575000000533691,VSM.Resolve,6723584,1
41,596.9252849,1.7575000000533691,VSM.ResolveTrace,6497024,1
41,596.9252849,1.7575000000533691,VSM.FilterHorizontal,66048,1
41,596.9252849,1.7575000000533691,VSM.FilterVertical,0,0
41,596.9252849,1.7575000000533691,VSM.FilterTemporalVertical,159488,1
41,596.9252849,1.7575000000533691,VSM.ResetFeedback,256,1
42,596.94173449999994,1.7733999999336447,VSM.MarkReceiverPages,888576,1
42,596.94173449999994,1.7733999999336447,VSM.AllocationPrepare,9472,1
42,596.94173449999994,1.7733999999336447,VSM.AllocationCommit,1084672,1
42,596.94173449999994,1.7733999999336447,VSM.Allocate,1354496,1
42,596.94173449999994,1.7733999999336447,VSM.ClearPhysicalPages,344832,1
42,596.94173449999994,1.7733999999336447,VSM.PageOccupancy,89600,1
42,596.94173449999994,1.7733999999336447,VSM.FinalizePages,2048,1
42,596.94173449999994,1.7733999999336447,VSM.DynamicRaster,19968,1
42,596.94173449999994,1.7733999999336447,VSM.LayoutRemap,0,1
42,596.94173449999994,1.7733999999336447,VSM.InvalidateStatic,0,0
42,596.94173449999994,1.7733999999336447,VSM.InvalidateDynamic,2048,1
42,596.94173449999994,1.7733999999336447,VSM.StaticCasterCull,418816,1
42,596.94173449999994,1.7733999999336447,VSM.DynamicCasterCull,154368,1
42,596.94173449999994,1.7733999999336447,VSM.PageCull,539904,2
42,596.94173449999994,1.7733999999336447,VSM.StaticRasterClear,256,1
42,596.94173449999994,1.7733999999336447,VSM.StaticRasterDraw,4096,1
42,596.94173449999994,1.7733999999336447,VSM.DynamicRasterClear,0,1
42,596.94173449999994,1.7733999999336447,VSM.DynamicRasterDraw,19712,1
42,596.94173449999994,1.7733999999336447,VSM.StaticRaster,4352,1
42,596.94173449999994,1.7733999999336447,VSM.UnityCompatibilityRaster,0,0
42,596.94173449999994,1.7733999999336447,VSM.Resolve,7418624,1
42,596.94173449999994,1.7733999999336447,VSM.ResolveTrace,7191552,1
42,596.94173449999994,1.7733999999336447,VSM.FilterHorizontal,65536,1
42,596.94173449999994,1.7733999999336447,VSM.FilterVertical,0,0
42,596.94173449999994,1.7733999999336447,VSM.FilterTemporalVertical,160000,1
42,596.94173449999994,1.7733999999336447,VSM.ResetFeedback,0,1
43,596.9594139,2.0444000000452434,VSM.MarkReceiverPages,890624,1
43,596.9594139,2.0444000000452434,VSM.AllocationPrepare,9472,1
43,596.9594139,2.0444000000452434,VSM.AllocationCommit,1084416,1
43,596.9594139,2.0444000000452434,VSM.Allocate,1535232,1
43,596.9594139,2.0444000000452434,VSM.ClearPhysicalPages,344832,1
43,596.9594139,2.0444000000452434,VSM.PageOccupancy,88576,1
43,596.9594139,2.0444000000452434,VSM.FinalizePages,2048,1
43,596.9594139,2.0444000000452434,VSM.DynamicRaster,19712,1
43,596.9594139,2.0444000000452434,VSM.LayoutRemap,0,1
43,596.9594139,2.0444000000452434,VSM.InvalidateStatic,0,0
43,596.9594139,2.0444000000452434,VSM.InvalidateDynamic,2816,1
43,596.9594139,2.0444000000452434,VSM.StaticCasterCull,430336,1
43,596.9594139,2.0444000000452434,VSM.DynamicCasterCull,144128,1
43,596.9594139,2.0444000000452434,VSM.PageCull,540672,2
43,596.9594139,2.0444000000452434,VSM.StaticRasterClear,0,1
43,596.9594139,2.0444000000452434,VSM.StaticRasterDraw,6912,1
43,596.9594139,2.0444000000452434,VSM.DynamicRasterClear,0,1
43,596.9594139,2.0444000000452434,VSM.DynamicRasterDraw,19456,1
43,596.9594139,2.0444000000452434,VSM.StaticRaster,7168,1
43,596.9594139,2.0444000000452434,VSM.UnityCompatibilityRaster,0,0
43,596.9594139,2.0444000000452434,VSM.Resolve,6971904,1
43,596.9594139,2.0444000000452434,VSM.ResolveTrace,6745344,1
43,596.9594139,2.0444000000452434,VSM.FilterHorizontal,65280,1
43,596.9594139,2.0444000000452434,VSM.FilterVertical,0,0
43,596.9594139,2.0444000000452434,VSM.FilterTemporalVertical,160000,1
43,596.9594139,2.0444000000452434,VSM.ResetFeedback,0,1
44,596.977355,1.9484000000602464,VSM.MarkReceiverPages,1348864,1
44,596.977355,1.9484000000602464,VSM.AllocationPrepare,9472,1
44,596.977355,1.9484000000602464,VSM.AllocationCommit,1084672,1
44,596.977355,1.9484000000602464,VSM.Allocate,1094400,1
44,596.977355,1.9484000000602464,VSM.ClearPhysicalPages,344064,1
44,596.977355,1.9484000000602464,VSM.PageOccupancy,88576,1
44,596.977355,1.9484000000602464,VSM.FinalizePages,2048,1
44,596.977355,1.9484000000602464,VSM.DynamicRaster,19968,1
44,596.977355,1.9484000000602464,VSM.LayoutRemap,0,1
44,596.977355,1.9484000000602464,VSM.InvalidateStatic,0,0
44,596.977355,1.9484000000602464,VSM.InvalidateDynamic,1792,1
44,596.977355,1.9484000000602464,VSM.StaticCasterCull,433920,1
44,596.977355,1.9484000000602464,VSM.DynamicCasterCull,143360,1
44,596.977355,1.9484000000602464,VSM.PageCull,544000,2
44,596.977355,1.9484000000602464,VSM.StaticRasterClear,0,1
44,596.977355,1.9484000000602464,VSM.StaticRasterDraw,9472,1
44,596.977355,1.9484000000602464,VSM.DynamicRasterClear,0,1
44,596.977355,1.9484000000602464,VSM.DynamicRasterDraw,19712,1
44,596.977355,1.9484000000602464,VSM.StaticRaster,9728,1
44,596.977355,1.9484000000602464,VSM.UnityCompatibilityRaster,0,0
44,596.977355,1.9484000000602464,VSM.Resolve,6899200,1
44,596.977355,1.9484000000602464,VSM.ResolveTrace,6673920,1
44,596.977355,1.9484000000602464,VSM.FilterHorizontal,65024,1
44,596.977355,1.9484000000602464,VSM.FilterVertical,0,0
44,596.977355,1.9484000000602464,VSM.FilterTemporalVertical,158976,1
44,596.977355,1.9484000000602464,VSM.ResetFeedback,0,1
45,596.9946228,1.9265000000814325,VSM.MarkReceiverPages,898048,1
45,596.9946228,1.9265000000814325,VSM.AllocationPrepare,9216,1
45,596.9946228,1.9265000000814325,VSM.AllocationCommit,1084672,1
45,596.9946228,1.9265000000814325,VSM.Allocate,1672960,1
45,596.9946228,1.9265000000814325,VSM.ClearPhysicalPages,345344,1
45,596.9946228,1.9265000000814325,VSM.PageOccupancy,88320,1
45,596.9946228,1.9265000000814325,VSM.FinalizePages,2304,1
45,596.9946228,1.9265000000814325,VSM.DynamicRaster,19712,1
45,596.9946228,1.9265000000814325,VSM.LayoutRemap,0,1
45,596.9946228,1.9265000000814325,VSM.InvalidateStatic,0,0
45,596.9946228,1.9265000000814325,VSM.InvalidateDynamic,3328,1
45,596.9946228,1.9265000000814325,VSM.StaticCasterCull,418816,1
45,596.9946228,1.9265000000814325,VSM.DynamicCasterCull,143104,1
45,596.9946228,1.9265000000814325,VSM.PageCull,528640,2
45,596.9946228,1.9265000000814325,VSM.StaticRasterClear,0,1
45,596.9946228,1.9265000000814325,VSM.StaticRasterDraw,6912,1
45,596.9946228,1.9265000000814325,VSM.DynamicRasterClear,0,1
45,596.9946228,1.9265000000814325,VSM.DynamicRasterDraw,19456,1
45,596.9946228,1.9265000000814325,VSM.StaticRaster,7168,1
45,596.9946228,1.9265000000814325,VSM.UnityCompatibilityRaster,0,0
45,596.9946228,1.9265000000814325,VSM.Resolve,7457792,1
45,596.9946228,1.9265000000814325,VSM.ResolveTrace,7231744,1
45,596.9946228,1.9265000000814325,VSM.FilterHorizontal,65792,1
45,596.9946228,1.9265000000814325,VSM.FilterVertical,0,0
45,596.9946228,1.9265000000814325,VSM.FilterTemporalVertical,159232,1
45,596.9946228,1.9265000000814325,VSM.ResetFeedback,0,1
46,597.0122421,1.7665000000306463,VSM.MarkReceiverPages,895744,1
46,597.0122421,1.7665000000306463,VSM.AllocationPrepare,9472,1
46,597.0122421,1.7665000000306463,VSM.AllocationCommit,1084672,1
46,597.0122421,1.7665000000306463,VSM.Allocate,1094144,1
46,597.0122421,1.7665000000306463,VSM.ClearPhysicalPages,343808,1
46,597.0122421,1.7665000000306463,VSM.PageOccupancy,87552,1
46,597.0122421,1.7665000000306463,VSM.FinalizePages,2048,1
46,597.0122421,1.7665000000306463,VSM.DynamicRaster,19712,1
46,597.0122421,1.7665000000306463,VSM.LayoutRemap,0,1
46,597.0122421,1.7665000000306463,VSM.InvalidateStatic,0,0
46,597.0122421,1.7665000000306463,VSM.InvalidateDynamic,1792,1
46,597.0122421,1.7665000000306463,VSM.StaticCasterCull,607232,1
46,597.0122421,1.7665000000306463,VSM.DynamicCasterCull,142336,1
46,597.0122421,1.7665000000306463,VSM.PageCull,715776,2
46,597.0122421,1.7665000000306463,VSM.StaticRasterClear,0,1
46,597.0122421,1.7665000000306463,VSM.StaticRasterDraw,9984,1
46,597.0122421,1.7665000000306463,VSM.DynamicRasterClear,0,1
46,597.0122421,1.7665000000306463,VSM.DynamicRasterDraw,19456,1
46,597.0122421,1.7665000000306463,VSM.StaticRaster,10496,1
46,597.0122421,1.7665000000306463,VSM.UnityCompatibilityRaster,0,0
46,597.0122421,1.7665000000306463,VSM.Resolve,7286528,1
46,597.0122421,1.7665000000306463,VSM.ResolveTrace,7059712,1
46,597.0122421,1.7665000000306463,VSM.FilterHorizontal,65024,1
46,597.0122421,1.7665000000306463,VSM.FilterVertical,0,0
46,597.0122421,1.7665000000306463,VSM.FilterTemporalVertical,160256,1
46,597.0122421,1.7665000000306463,VSM.ResetFeedback,0,1
47,597.02917459999992,1.686899999981506,VSM.MarkReceiverPages,892928,1
47,597.02917459999992,1.686899999981506,VSM.AllocationPrepare,9472,1
47,597.02917459999992,1.686899999981506,VSM.AllocationCommit,1084416,1
47,597.02917459999992,1.686899999981506,VSM.Allocate,1093888,1
47,597.02917459999992,1.686899999981506,VSM.ClearPhysicalPages,343808,1
47,597.02917459999992,1.686899999981506,VSM.PageOccupancy,87552,1
47,597.02917459999992,1.686899999981506,VSM.FinalizePages,1792,1
47,597.02917459999992,1.686899999981506,VSM.DynamicRaster,19456,1
47,597.02917459999992,1.686899999981506,VSM.LayoutRemap,0,1
47,597.02917459999992,1.686899999981506,VSM.InvalidateStatic,0,0
47,597.02917459999992,1.686899999981506,VSM.InvalidateDynamic,2048,1
47,597.02917459999992,1.686899999981506,VSM.StaticCasterCull,423680,1
47,597.02917459999992,1.686899999981506,VSM.DynamicCasterCull,136960,1
47,597.02917459999992,1.686899999981506,VSM.PageCull,527104,2
47,597.02917459999992,1.686899999981506,VSM.StaticRasterClear,256,1
47,597.02917459999992,1.686899999981506,VSM.StaticRasterDraw,6912,1
47,597.02917459999992,1.686899999981506,VSM.DynamicRasterClear,0,1
47,597.02917459999992,1.686899999981506,VSM.DynamicRasterDraw,19456,1
47,597.02917459999992,1.686899999981506,VSM.StaticRaster,7168,1
47,597.02917459999992,1.686899999981506,VSM.UnityCompatibilityRaster,0,0
47,597.02917459999992,1.686899999981506,VSM.Resolve,7580672,1
47,597.02917459999992,1.686899999981506,VSM.ResolveTrace,7353600,1
47,597.02917459999992,1.686899999981506,VSM.FilterHorizontal,65536,1
47,597.02917459999992,1.686899999981506,VSM.FilterVertical,0,0
47,597.02917459999992,1.686899999981506,VSM.FilterTemporalVertical,160768,1
47,597.02917459999992,1.686899999981506,VSM.ResetFeedback,0,1
48,597.0462557,2.1185000000514265,VSM.MarkReceiverPages,891392,1
48,597.0462557,2.1185000000514265,VSM.AllocationPrepare,9728,1
48,597.0462557,2.1185000000514265,VSM.AllocationCommit,1084672,1
48,597.0462557,2.1185000000514265,VSM.Allocate,1380352,1
48,597.0462557,2.1185000000514265,VSM.ClearPhysicalPages,344064,1
48,597.0462557,2.1185000000514265,VSM.PageOccupancy,88320,1
48,597.0462557,2.1185000000514265,VSM.FinalizePages,2048,1
48,597.0462557,2.1185000000514265,VSM.DynamicRaster,19712,1
48,597.0462557,2.1185000000514265,VSM.LayoutRemap,0,1
48,597.0462557,2.1185000000514265,VSM.InvalidateStatic,0,0
48,597.0462557,2.1185000000514265,VSM.InvalidateDynamic,2048,1
48,597.0462557,2.1185000000514265,VSM.StaticCasterCull,430336,1
48,597.0462557,2.1185000000514265,VSM.DynamicCasterCull,146688,1
48,597.0462557,2.1185000000514265,VSM.PageCull,544000,2
48,597.0462557,2.1185000000514265,VSM.StaticRasterClear,256,1
48,597.0462557,2.1185000000514265,VSM.StaticRasterDraw,7424,1
48,597.0462557,2.1185000000514265,VSM.DynamicRasterClear,0,1
48,597.0462557,2.1185000000514265,VSM.DynamicRasterDraw,19712,1
48,597.0462557,2.1185000000514265,VSM.StaticRaster,7680,1
48,597.0462557,2.1185000000514265,VSM.UnityCompatibilityRaster,0,0
48,597.0462557,2.1185000000514265,VSM.Resolve,8011520,1
48,597.0462557,2.1185000000514265,VSM.ResolveTrace,7783936,1
48,597.0462557,2.1185000000514265,VSM.FilterHorizontal,66304,1
48,597.0462557,2.1185000000514265,VSM.FilterVertical,0,0
48,597.0462557,2.1185000000514265,VSM.FilterTemporalVertical,160000,1
48,597.0462557,2.1185000000514265,VSM.ResetFeedback,0,1
49,597.06308459999991,2.0025000000032378,VSM.MarkReceiverPages,893184,1
49,597.06308459999991,2.0025000000032378,VSM.AllocationPrepare,9472,1
49,597.06308459999991,2.0025000000032378,VSM.AllocationCommit,1084672,1
49,597.06308459999991,2.0025000000032378,VSM.Allocate,1244416,1
49,597.06308459999991,2.0025000000032378,VSM.ClearPhysicalPages,343808,1
49,597.06308459999991,2.0025000000032378,VSM.PageOccupancy,88320,1
49,597.06308459999991,2.0025000000032378,VSM.FinalizePages,2048,1
49,597.06308459999991,2.0025000000032378,VSM.DynamicRaster,21248,1
49,597.06308459999991,2.0025000000032378,VSM.LayoutRemap,0,1
49,597.06308459999991,2.0025000000032378,VSM.InvalidateStatic,0,0
49,597.06308459999991,2.0025000000032378,VSM.InvalidateDynamic,1792,1
49,597.06308459999991,2.0025000000032378,VSM.StaticCasterCull,427264,1
49,597.06308459999991,2.0025000000032378,VSM.DynamicCasterCull,327680,1
49,597.06308459999991,2.0025000000032378,VSM.PageCull,537600,2
49,597.06308459999991,2.0025000000032378,VSM.StaticRasterClear,0,1
49,597.06308459999991,2.0025000000032378,VSM.StaticRasterDraw,6912,1
49,597.06308459999991,2.0025000000032378,VSM.DynamicRasterClear,0,1
49,597.06308459999991,2.0025000000032378,VSM.DynamicRasterDraw,20736,1
49,597.06308459999991,2.0025000000032378,VSM.StaticRaster,7168,1
49,597.06308459999991,2.0025000000032378,VSM.UnityCompatibilityRaster,0,0
49,597.06308459999991,2.0025000000032378,VSM.Resolve,7367168,1
49,597.06308459999991,2.0025000000032378,VSM.ResolveTrace,7138560,1
49,597.06308459999991,2.0025000000032378,VSM.FilterHorizontal,67584,1
49,597.06308459999991,2.0025000000032378,VSM.FilterVertical,0,0
49,597.06308459999991,2.0025000000032378,VSM.FilterTemporalVertical,159744,1
49,597.06308459999991,2.0025000000032378,VSM.ResetFeedback,0,1
50,597.0805294999999,2.011499999980515,VSM.MarkReceiverPages,888064,1
50,597.0805294999999,2.011499999980515,VSM.AllocationPrepare,9472,1
50,597.0805294999999,2.011499999980515,VSM.AllocationCommit,1084416,1
50,597.0805294999999,2.011499999980515,VSM.Allocate,1094400,1
50,597.0805294999999,2.011499999980515,VSM.ClearPhysicalPages,717312,1
50,597.0805294999999,2.011499999980515,VSM.PageOccupancy,87552,1
50,597.0805294999999,2.011499999980515,VSM.FinalizePages,2048,1
50,597.0805294999999,2.011499999980515,VSM.DynamicRaster,19712,1
50,597.0805294999999,2.011499999980515,VSM.LayoutRemap,0,1
50,597.0805294999999,2.011499999980515,VSM.InvalidateStatic,0,0
50,597.0805294999999,2.011499999980515,VSM.InvalidateDynamic,1536,1
50,597.0805294999999,2.011499999980515,VSM.StaticCasterCull,433152,1
50,597.0805294999999,2.011499999980515,VSM.DynamicCasterCull,150272,1
50,597.0805294999999,2.011499999980515,VSM.PageCull,549376,2
50,597.0805294999999,2.011499999980515,VSM.StaticRasterClear,0,1
50,597.0805294999999,2.011499999980515,VSM.StaticRasterDraw,9216,1
50,597.0805294999999,2.011499999980515,VSM.DynamicRasterClear,0,1
50,597.0805294999999,2.011499999980515,VSM.DynamicRasterDraw,19712,1
50,597.0805294999999,2.011499999980515,VSM.StaticRaster,9216,1
50,597.0805294999999,2.011499999980515,VSM.UnityCompatibilityRaster,0,0
50,597.0805294999999,2.011499999980515,VSM.Resolve,7191808,1
50,597.0805294999999,2.011499999980515,VSM.ResolveTrace,6793216,1
50,597.0805294999999,2.011499999980515,VSM.FilterHorizontal,238080,1
50,597.0805294999999,2.011499999980515,VSM.FilterVertical,0,0
50,597.0805294999999,2.011499999980515,VSM.FilterTemporalVertical,159488,1
50,597.0805294999999,2.011499999980515,VSM.ResetFeedback,0,1
51,597.0980691,1.9399000000248634,VSM.MarkReceiverPages,889856,1
51,597.0980691,1.9399000000248634,VSM.AllocationPrepare,9216,1
51,597.0980691,1.9399000000248634,VSM.AllocationCommit,1083904,1
51,597.0980691,1.9399000000248634,VSM.Allocate,1378560,1
51,597.0980691,1.9399000000248634,VSM.ClearPhysicalPages,344576,1
51,597.0980691,1.9399000000248634,VSM.PageOccupancy,87808,1
51,597.0980691,1.9399000000248634,VSM.FinalizePages,2048,1
51,597.0980691,1.9399000000248634,VSM.DynamicRaster,19968,1
51,597.0980691,1.9399000000248634,VSM.LayoutRemap,0,1
51,597.0980691,1.9399000000248634,VSM.InvalidateStatic,0,0
51,597.0980691,1.9399000000248634,VSM.InvalidateDynamic,2048,1
51,597.0980691,1.9399000000248634,VSM.StaticCasterCull,424960,1
51,597.0980691,1.9399000000248634,VSM.DynamicCasterCull,141056,1
51,597.0980691,1.9399000000248634,VSM.PageCull,531200,2
51,597.0980691,1.9399000000248634,VSM.StaticRasterClear,256,1
51,597.0980691,1.9399000000248634,VSM.StaticRasterDraw,3840,1
51,597.0980691,1.9399000000248634,VSM.DynamicRasterClear,256,1
51,597.0980691,1.9399000000248634,VSM.DynamicRasterDraw,19712,1
51,597.0980691,1.9399000000248634,VSM.StaticRaster,4096,1
51,597.0980691,1.9399000000248634,VSM.UnityCompatibilityRaster,0,0
51,597.0980691,1.9399000000248634,VSM.Resolve,7347712,1
51,597.0980691,1.9399000000248634,VSM.ResolveTrace,6932480,1
51,597.0980691,1.9399000000248634,VSM.FilterHorizontal,65792,1
51,597.0980691,1.9399000000248634,VSM.FilterVertical,0,0
51,597.0980691,1.9399000000248634,VSM.FilterTemporalVertical,160000,1
51,597.0980691,1.9399000000248634,VSM.ResetFeedback,0,1
52,597.1158206,1.9352000000480984,VSM.MarkReceiverPages,1355776,1
52,597.1158206,1.9352000000480984,VSM.AllocationPrepare,9472,1
52,597.1158206,1.9352000000480984,VSM.AllocationCommit,1084672,1
52,597.1158206,1.9352000000480984,VSM.Allocate,1094656,1
52,597.1158206,1.9352000000480984,VSM.ClearPhysicalPages,344320,1
52,597.1158206,1.9352000000480984,VSM.PageOccupancy,87808,1
52,597.1158206,1.9352000000480984,VSM.FinalizePages,2560,1
52,597.1158206,1.9352000000480984,VSM.DynamicRaster,19712,1
52,597.1158206,1.9352000000480984,VSM.LayoutRemap,0,1
52,597.1158206,1.9352000000480984,VSM.InvalidateStatic,0,0
52,597.1158206,1.9352000000480984,VSM.InvalidateDynamic,1792,1
52,597.1158206,1.9352000000480984,VSM.StaticCasterCull,403712,1
52,597.1158206,1.9352000000480984,VSM.DynamicCasterCull,145664,1
52,597.1158206,1.9352000000480984,VSM.PageCull,515840,2
52,597.1158206,1.9352000000480984,VSM.StaticRasterClear,0,1
52,597.1158206,1.9352000000480984,VSM.StaticRasterDraw,6912,1
52,597.1158206,1.9352000000480984,VSM.DynamicRasterClear,0,1
52,597.1158206,1.9352000000480984,VSM.DynamicRasterDraw,19456,1
52,597.1158206,1.9352000000480984,VSM.StaticRaster,7168,1
52,597.1158206,1.9352000000480984,VSM.UnityCompatibilityRaster,0,0
52,597.1158206,1.9352000000480984,VSM.Resolve,7115776,1
52,597.1158206,1.9352000000480984,VSM.ResolveTrace,6720000,1
52,597.1158206,1.9352000000480984,VSM.FilterHorizontal,236800,1
52,597.1158206,1.9352000000480984,VSM.FilterVertical,0,0
52,597.1158206,1.9352000000480984,VSM.FilterTemporalVertical,157440,1
52,597.1158206,1.9352000000480984,VSM.ResetFeedback,0,1
53,597.1339774999999,2.0873999999366788,VSM.MarkReceiverPages,913920,1
53,597.1339774999999,2.0873999999366788,VSM.AllocationPrepare,9472,1
53,597.1339774999999,2.0873999999366788,VSM.AllocationCommit,1085184,1
53,597.1339774999999,2.0873999999366788,VSM.Allocate,1343232,1
53,597.1339774999999,2.0873999999366788,VSM.ClearPhysicalPages,344320,1
53,597.1339774999999,2.0873999999366788,VSM.PageOccupancy,86528,1
53,597.1339774999999,2.0873999999366788,VSM.FinalizePages,2048,1
53,597.1339774999999,2.0873999999366788,VSM.DynamicRaster,19968,1
53,597.1339774999999,2.0873999999366788,VSM.LayoutRemap,0,1
53,597.1339774999999,2.0873999999366788,VSM.InvalidateStatic,0,0
53,597.1339774999999,2.0873999999366788,VSM.InvalidateDynamic,1792,1
53,597.1339774999999,2.0873999999366788,VSM.StaticCasterCull,743424,1
53,597.1339774999999,2.0873999999366788,VSM.DynamicCasterCull,149248,1
53,597.1339774999999,2.0873999999366788,VSM.PageCull,538624,2
53,597.1339774999999,2.0873999999366788,VSM.StaticRasterClear,256,1
53,597.1339774999999,2.0873999999366788,VSM.StaticRasterDraw,8704,1
53,597.1339774999999,2.0873999999366788,VSM.DynamicRasterClear,0,1
53,597.1339774999999,2.0873999999366788,VSM.DynamicRasterDraw,19712,1
53,597.1339774999999,2.0873999999366788,VSM.StaticRaster,9216,1
53,597.1339774999999,2.0873999999366788,VSM.UnityCompatibilityRaster,0,0
53,597.1339774999999,2.0873999999366788,VSM.Resolve,7154944,1
53,597.1339774999999,2.0873999999366788,VSM.ResolveTrace,6748672,1
53,597.1339774999999,2.0873999999366788,VSM.FilterHorizontal,66048,1
53,597.1339774999999,2.0873999999366788,VSM.FilterVertical,0,0
53,597.1339774999999,2.0873999999366788,VSM.FilterTemporalVertical,158464,1
53,597.1339774999999,2.0873999999366788,VSM.ResetFeedback,0,1
54,597.152083,1.7994999999473293,VSM.MarkReceiverPages,894976,1
54,597.152083,1.7994999999473293,VSM.AllocationPrepare,9216,1
54,597.152083,1.7994999999473293,VSM.AllocationCommit,1084672,1
54,597.152083,1.7994999999473293,VSM.Allocate,1669632,1
54,597.152083,1.7994999999473293,VSM.ClearPhysicalPages,344832,1
54,597.152083,1.7994999999473293,VSM.PageOccupancy,88576,1
54,597.152083,1.7994999999473293,VSM.FinalizePages,2048,1
54,597.152083,1.7994999999473293,VSM.DynamicRaster,19456,1
54,597.152083,1.7994999999473293,VSM.LayoutRemap,0,1
54,597.152083,1.7994999999473293,VSM.InvalidateStatic,0,0
54,597.152083,1.7994999999473293,VSM.InvalidateDynamic,2048,1
54,597.152083,1.7994999999473293,VSM.StaticCasterCull,416000,1
54,597.152083,1.7994999999473293,VSM.DynamicCasterCull,147456,1
54,597.152083,1.7994999999473293,VSM.PageCull,529408,2
54,597.152083,1.7994999999473293,VSM.StaticRasterClear,0,1
54,597.152083,1.7994999999473293,VSM.StaticRasterDraw,7168,1
54,597.152083,1.7994999999473293,VSM.DynamicRasterClear,0,1
54,597.152083,1.7994999999473293,VSM.DynamicRasterDraw,19456,1
54,597.152083,1.7994999999473293,VSM.StaticRaster,7168,1
54,597.152083,1.7994999999473293,VSM.UnityCompatibilityRaster,0,0
54,597.152083,1.7994999999473293,VSM.Resolve,7458560,1
54,597.152083,1.7994999999473293,VSM.ResolveTrace,7230208,1
54,597.152083,1.7994999999473293,VSM.FilterHorizontal,65280,1
54,597.152083,1.7994999999473293,VSM.FilterVertical,0,0
54,597.152083,1.7994999999473293,VSM.FilterTemporalVertical,161792,1
54,597.152083,1.7994999999473293,VSM.ResetFeedback,0,1
55,597.16895979999993,1.9657000000279368,VSM.MarkReceiverPages,897792,1
55,597.16895979999993,1.9657000000279368,VSM.AllocationPrepare,9472,1
55,597.16895979999993,1.9657000000279368,VSM.AllocationCommit,1084416,1
55,597.16895979999993,1.9657000000279368,VSM.Allocate,1093888,1
55,597.16895979999993,1.9657000000279368,VSM.ClearPhysicalPages,527104,1
55,597.16895979999993,1.9657000000279368,VSM.PageOccupancy,87040,1
55,597.16895979999993,1.9657000000279368,VSM.FinalizePages,2048,1
55,597.16895979999993,1.9657000000279368,VSM.DynamicRaster,19712,1
55,597.16895979999993,1.9657000000279368,VSM.LayoutRemap,0,1
55,597.16895979999993,1.9657000000279368,VSM.InvalidateStatic,0,0
55,597.16895979999993,1.9657000000279368,VSM.InvalidateDynamic,1536,1
55,597.16895979999993,1.9657000000279368,VSM.StaticCasterCull,427264,1
55,597.16895979999993,1.9657000000279368,VSM.DynamicCasterCull,151552,1
55,597.16895979999993,1.9657000000279368,VSM.PageCull,544768,2
55,597.16895979999993,1.9657000000279368,VSM.StaticRasterClear,0,1
55,597.16895979999993,1.9657000000279368,VSM.StaticRasterDraw,7424,1
55,597.16895979999993,1.9657000000279368,VSM.DynamicRasterClear,256,1
55,597.16895979999993,1.9657000000279368,VSM.DynamicRasterDraw,19456,1
55,597.16895979999993,1.9657000000279368,VSM.StaticRaster,7424,1
55,597.16895979999993,1.9657000000279368,VSM.UnityCompatibilityRaster,0,0
55,597.16895979999993,1.9657000000279368,VSM.Resolve,7462400,1
55,597.16895979999993,1.9657000000279368,VSM.ResolveTrace,7235328,1
55,597.16895979999993,1.9657000000279368,VSM.FilterHorizontal,66048,1
55,597.16895979999993,1.9657000000279368,VSM.FilterVertical,0,0
55,597.16895979999993,1.9657000000279368,VSM.FilterTemporalVertical,159744,1
55,597.16895979999993,1.9657000000279368,VSM.ResetFeedback,0,1
56,597.1861028,1.7655000000331711,VSM.MarkReceiverPages,897280,1
56,597.1861028,1.7655000000331711,VSM.AllocationPrepare,9728,1
56,597.1861028,1.7655000000331711,VSM.AllocationCommit,1084416,1
56,597.1861028,1.7655000000331711,VSM.Allocate,1094144,1
56,597.1861028,1.7655000000331711,VSM.ClearPhysicalPages,594688,1
56,597.1861028,1.7655000000331711,VSM.PageOccupancy,87296,1
56,597.1861028,1.7655000000331711,VSM.FinalizePages,1792,1
56,597.1861028,1.7655000000331711,VSM.DynamicRaster,19712,1
56,597.1861028,1.7655000000331711,VSM.LayoutRemap,0,1
56,597.1861028,1.7655000000331711,VSM.InvalidateStatic,0,0
56,597.1861028,1.7655000000331711,VSM.InvalidateDynamic,1792,1
56,597.1861028,1.7655000000331711,VSM.StaticCasterCull,441088,1
56,597.1861028,1.7655000000331711,VSM.DynamicCasterCull,150272,1
56,597.1861028,1.7655000000331711,VSM.PageCull,554240,2
56,597.1861028,1.7655000000331711,VSM.StaticRasterClear,0,1
56,597.1861028,1.7655000000331711,VSM.StaticRasterDraw,6912,1
56,597.1861028,1.7655000000331711,VSM.DynamicRasterClear,0,1
56,597.1861028,1.7655000000331711,VSM.DynamicRasterDraw,19456,1
56,597.1861028,1.7655000000331711,VSM.StaticRaster,7168,1
56,597.1861028,1.7655000000331711,VSM.UnityCompatibilityRaster,0,0
56,597.1861028,1.7655000000331711,VSM.Resolve,7755776,1
56,597.1861028,1.7655000000331711,VSM.ResolveTrace,7526912,1
56,597.1861028,1.7655000000331711,VSM.FilterHorizontal,67072,1
56,597.1861028,1.7655000000331711,VSM.FilterVertical,0,0
56,597.1861028,1.7655000000331711,VSM.FilterTemporalVertical,160512,1
56,597.1861028,1.7655000000331711,VSM.ResetFeedback,0,1
57,597.20392099999992,1.7518999999310836,VSM.MarkReceiverPages,896256,1
57,597.20392099999992,1.7518999999310836,VSM.AllocationPrepare,9216,1
57,597.20392099999992,1.7518999999310836,VSM.AllocationCommit,1084672,1
57,597.20392099999992,1.7518999999310836,VSM.Allocate,1375232,1
57,597.20392099999992,1.7518999999310836,VSM.ClearPhysicalPages,344320,1
57,597.20392099999992,1.7518999999310836,VSM.PageOccupancy,89088,1
57,597.20392099999992,1.7518999999310836,VSM.FinalizePages,2048,1
57,597.20392099999992,1.7518999999310836,VSM.DynamicRaster,19712,1
57,597.20392099999992,1.7518999999310836,VSM.LayoutRemap,0,1
57,597.20392099999992,1.7518999999310836,VSM.InvalidateStatic,0,0
57,597.20392099999992,1.7518999999310836,VSM.InvalidateDynamic,2048,1
57,597.20392099999992,1.7518999999310836,VSM.StaticCasterCull,412928,1
57,597.20392099999992,1.7518999999310836,VSM.DynamicCasterCull,138752,1
57,597.20392099999992,1.7518999999310836,VSM.PageCull,517376,2
57,597.20392099999992,1.7518999999310836,VSM.StaticRasterClear,0,1
57,597.20392099999992,1.7518999999310836,VSM.StaticRasterDraw,3328,1
57,597.20392099999992,1.7518999999310836,VSM.DynamicRasterClear,0,1
57,597.20392099999992,1.7518999999310836,VSM.DynamicRasterDraw,19712,1
57,597.20392099999992,1.7518999999310836,VSM.StaticRaster,3328,1
57,597.20392099999992,1.7518999999310836,VSM.UnityCompatibilityRaster,0,0
57,597.20392099999992,1.7518999999310836,VSM.Resolve,7073536,1
57,597.20392099999992,1.7518999999310836,VSM.ResolveTrace,6847488,1
57,597.20392099999992,1.7518999999310836,VSM.FilterHorizontal,65024,1
57,597.20392099999992,1.7518999999310836,VSM.FilterVertical,0,0
57,597.20392099999992,1.7518999999310836,VSM.FilterTemporalVertical,159744,1
57,597.20392099999992,1.7518999999310836,VSM.ResetFeedback,0,1
58,597.2216249999999,1.8886999999949694,VSM.MarkReceiverPages,894720,1
58,597.2216249999999,1.8886999999949694,VSM.AllocationPrepare,9216,1
58,597.2216249999999,1.8886999999949694,VSM.AllocationCommit,1083904,1
58,597.2216249999999,1.8886999999949694,VSM.Allocate,1260288,1
58,597.2216249999999,1.8886999999949694,VSM.ClearPhysicalPages,629248,1
58,597.2216249999999,1.8886999999949694,VSM.PageOccupancy,87296,1
58,597.2216249999999,1.8886999999949694,VSM.FinalizePages,2048,1
58,597.2216249999999,1.8886999999949694,VSM.DynamicRaster,19968,1
58,597.2216249999999,1.8886999999949694,VSM.LayoutRemap,0,1
58,597.2216249999999,1.8886999999949694,VSM.InvalidateStatic,0,0
58,597.2216249999999,1.8886999999949694,VSM.InvalidateDynamic,1792,1
58,597.2216249999999,1.8886999999949694,VSM.StaticCasterCull,420864,1
58,597.2216249999999,1.8886999999949694,VSM.DynamicCasterCull,145920,1
58,597.2216249999999,1.8886999999949694,VSM.PageCull,533760,2
58,597.2216249999999,1.8886999999949694,VSM.StaticRasterClear,256,1
58,597.2216249999999,1.8886999999949694,VSM.StaticRasterDraw,3328,1
58,597.2216249999999,1.8886999999949694,VSM.DynamicRasterClear,0,1
58,597.2216249999999,1.8886999999949694,VSM.DynamicRasterDraw,19712,1
58,597.2216249999999,1.8886999999949694,VSM.StaticRaster,3584,1
58,597.2216249999999,1.8886999999949694,VSM.UnityCompatibilityRaster,0,0
58,597.2216249999999,1.8886999999949694,VSM.Resolve,7192320,1
58,597.2216249999999,1.8886999999949694,VSM.ResolveTrace,6965248,1
58,597.2216249999999,1.8886999999949694,VSM.FilterHorizontal,66304,1
58,597.2216249999999,1.8886999999949694,VSM.FilterVertical,0,0
58,597.2216249999999,1.8886999999949694,VSM.FilterTemporalVertical,159488,1
58,597.2216249999999,1.8886999999949694,VSM.ResetFeedback,0,1
59,597.2376643,1.8356000000494532,VSM.MarkReceiverPages,894720,1
59,597.2376643,1.8356000000494532,VSM.AllocationPrepare,9472,1
59,597.2376643,1.8356000000494532,VSM.AllocationCommit,1084160,1
59,597.2376643,1.8356000000494532,VSM.Allocate,1454848,1
59,597.2376643,1.8356000000494532,VSM.ClearPhysicalPages,344576,1
59,597.2376643,1.8356000000494532,VSM.PageOccupancy,87040,1
59,597.2376643,1.8356000000494532,VSM.FinalizePages,2048,1
59,597.2376643,1.8356000000494532,VSM.DynamicRaster,19968,1
59,597.2376643,1.8356000000494532,VSM.LayoutRemap,0,1
59,597.2376643,1.8356000000494532,VSM.InvalidateStatic,0,0
59,597.2376643,1.8356000000494532,VSM.InvalidateDynamic,1792,1
59,597.2376643,1.8356000000494532,VSM.StaticCasterCull,433664,1
59,597.2376643,1.8356000000494532,VSM.DynamicCasterCull,142080,1
59,597.2376643,1.8356000000494532,VSM.PageCull,541184,2
59,597.2376643,1.8356000000494532,VSM.StaticRasterClear,0,1
59,597.2376643,1.8356000000494532,VSM.StaticRasterDraw,10752,1
59,597.2376643,1.8356000000494532,VSM.DynamicRasterClear,0,1
59,597.2376643,1.8356000000494532,VSM.DynamicRasterDraw,19712,1
59,597.2376643,1.8356000000494532,VSM.StaticRaster,10752,1
59,597.2376643,1.8356000000494532,VSM.UnityCompatibilityRaster,0,0
59,597.2376643,1.8356000000494532,VSM.Resolve,8161280,1
59,597.2376643,1.8356000000494532,VSM.ResolveTrace,7936256,1
59,597.2376643,1.8356000000494532,VSM.FilterHorizontal,65536,1
59,597.2376643,1.8356000000494532,VSM.FilterVertical,0,0
59,597.2376643,1.8356000000494532,VSM.FilterTemporalVertical,158208,1
59,597.2376643,1.8356000000494532,VSM.ResetFeedback,0,1
60,597.25651929999992,2.0749000000250817,VSM.MarkReceiverPages,892672,1
60,597.25651929999992,2.0749000000250817,VSM.AllocationPrepare,9216,1
60,597.25651929999992,2.0749000000250817,VSM.AllocationCommit,1084416,1
60,597.25651929999992,2.0749000000250817,VSM.Allocate,1339648,1
60,597.25651929999992,2.0749000000250817,VSM.ClearPhysicalPages,343808,1
60,597.25651929999992,2.0749000000250817,VSM.PageOccupancy,88064,1
60,597.25651929999992,2.0749000000250817,VSM.FinalizePages,2304,1
60,597.25651929999992,2.0749000000250817,VSM.DynamicRaster,19712,1
60,597.25651929999992,2.0749000000250817,VSM.LayoutRemap,0,1
60,597.25651929999992,2.0749000000250817,VSM.InvalidateStatic,0,0
60,597.25651929999992,2.0749000000250817,VSM.InvalidateDynamic,1792,1
60,597.25651929999992,2.0749000000250817,VSM.StaticCasterCull,436736,1
60,597.25651929999992,2.0749000000250817,VSM.DynamicCasterCull,150784,1
60,597.25651929999992,2.0749000000250817,VSM.PageCull,553984,2
60,597.25651929999992,2.0749000000250817,VSM.StaticRasterClear,256,1
60,597.25651929999992,2.0749000000250817,VSM.StaticRasterDraw,11264,1
60,597.25651929999992,2.0749000000250817,VSM.DynamicRasterClear,0,1
60,597.25651929999992,2.0749000000250817,VSM.DynamicRasterDraw,19456,1
60,597.25651929999992,2.0749000000250817,VSM.StaticRaster,11520,1
60,597.25651929999992,2.0749000000250817,VSM.UnityCompatibilityRaster,0,0
60,597.25651929999992,2.0749000000250817,VSM.Resolve,7462912,1
60,597.25651929999992,2.0749000000250817,VSM.ResolveTrace,7236096,1
60,597.25651929999992,2.0749000000250817,VSM.FilterHorizontal,65792,1
60,597.25651929999992,2.0749000000250817,VSM.FilterVertical,0,0
60,597.25651929999992,2.0749000000250817,VSM.FilterTemporalVertical,160000,1
60,597.25651929999992,2.0749000000250817,VSM.ResetFeedback,0,1
61,597.2729738999999,2.0611999999573527,VSM.MarkReceiverPages,889600,1
61,597.2729738999999,2.0611999999573527,VSM.AllocationPrepare,9472,1
61,597.2729738999999,2.0611999999573527,VSM.AllocationCommit,1084672,1
61,597.2729738999999,2.0611999999573527,VSM.Allocate,1094144,1
61,597.2729738999999,2.0611999999573527,VSM.ClearPhysicalPages,344320,1
61,597.2729738999999,2.0611999999573527,VSM.PageOccupancy,86272,1
61,597.2729738999999,2.0611999999573527,VSM.FinalizePages,2048,1
61,597.2729738999999,2.0611999999573527,VSM.DynamicRaster,19712,1
61,597.2729738999999,2.0611999999573527,VSM.LayoutRemap,0,1
61,597.2729738999999,2.0611999999573527,VSM.InvalidateStatic,0,0
61,597.2729738999999,2.0611999999573527,VSM.InvalidateDynamic,1536,1
61,597.2729738999999,2.0611999999573527,VSM.StaticCasterCull,404736,1
61,597.2729738999999,2.0611999999573527,VSM.DynamicCasterCull,142592,1
61,597.2729738999999,2.0611999999573527,VSM.PageCull,513536,2
61,597.2729738999999,2.0611999999573527,VSM.StaticRasterClear,0,1
61,597.2729738999999,2.0611999999573527,VSM.StaticRasterDraw,7680,1
61,597.2729738999999,2.0611999999573527,VSM.DynamicRasterClear,0,1
61,597.2729738999999,2.0611999999573527,VSM.DynamicRasterDraw,19456,1
61,597.2729738999999,2.0611999999573527,VSM.StaticRaster,7936,1
61,597.2729738999999,2.0611999999573527,VSM.UnityCompatibilityRaster,0,0
61,597.2729738999999,2.0611999999573527,VSM.Resolve,6499072,1
61,597.2729738999999,2.0611999999573527,VSM.ResolveTrace,6275072,1
61,597.2729738999999,2.0611999999573527,VSM.FilterHorizontal,64512,1
61,597.2729738999999,2.0611999999573527,VSM.FilterVertical,0,0
61,597.2729738999999,2.0611999999573527,VSM.FilterTemporalVertical,158208,1
61,597.2729738999999,2.0611999999573527,VSM.ResetFeedback,0,1
62,597.29102349999994,1.9667999999910535,VSM.MarkReceiverPages,891392,1
62,597.29102349999994,1.9667999999910535,VSM.AllocationPrepare,9216,1
62,597.29102349999994,1.9667999999910535,VSM.AllocationCommit,1084416,1
62,597.29102349999994,1.9667999999910535,VSM.Allocate,1476096,1
62,597.29102349999994,1.9667999999910535,VSM.ClearPhysicalPages,344832,1
62,597.29102349999994,1.9667999999910535,VSM.PageOccupancy,87552,1
62,597.29102349999994,1.9667999999910535,VSM.FinalizePages,1792,1
62,597.29102349999994,1.9667999999910535,VSM.DynamicRaster,19968,1
62,597.29102349999994,1.9667999999910535,VSM.LayoutRemap,0,1
62,597.29102349999994,1.9667999999910535,VSM.InvalidateStatic,0,0
62,597.29102349999994,1.9667999999910535,VSM.InvalidateDynamic,1792,1
62,597.29102349999994,1.9667999999910535,VSM.StaticCasterCull,430080,1
62,597.29102349999994,1.9667999999910535,VSM.DynamicCasterCull,144384,1
62,597.29102349999994,1.9667999999910535,VSM.PageCull,540928,2
62,597.29102349999994,1.9667999999910535,VSM.StaticRasterClear,0,1
62,597.29102349999994,1.9667999999910535,VSM.StaticRasterDraw,6912,1
62,597.29102349999994,1.9667999999910535,VSM.DynamicRasterClear,0,1
62,597.29102349999994,1.9667999999910535,VSM.DynamicRasterDraw,19712,1
62,597.29102349999994,1.9667999999910535,VSM.StaticRaster,7168,1
62,597.29102349999994,1.9667999999910535,VSM.UnityCompatibilityRaster,0,0
62,597.29102349999994,1.9667999999910535,VSM.Resolve,8066048,1
62,597.29102349999994,1.9667999999910535,VSM.ResolveTrace,7463424,1
62,597.29102349999994,1.9667999999910535,VSM.FilterHorizontal,67840,1
62,597.29102349999994,1.9667999999910535,VSM.FilterVertical,0,0
62,597.29102349999994,1.9667999999910535,VSM.FilterTemporalVertical,160256,1
62,597.29102349999994,1.9667999999910535,VSM.ResetFeedback,0,1
63,597.3093454,2.2211000000424974,VSM.MarkReceiverPages,894464,1
63,597.3093454,2.2211000000424974,VSM.AllocationPrepare,9472,1
63,597.3093454,2.2211000000424974,VSM.AllocationCommit,1084416,1
63,597.3093454,2.2211000000424974,VSM.Allocate,1571584,1
63,597.3093454,2.2211000000424974,VSM.ClearPhysicalPages,344832,1
63,597.3093454,2.2211000000424974,VSM.PageOccupancy,87808,1
63,597.3093454,2.2211000000424974,VSM.FinalizePages,2048,1
63,597.3093454,2.2211000000424974,VSM.DynamicRaster,19712,1
63,597.3093454,2.2211000000424974,VSM.LayoutRemap,0,1
63,597.3093454,2.2211000000424974,VSM.InvalidateStatic,0,0
63,597.3093454,2.2211000000424974,VSM.InvalidateDynamic,3072,1
63,597.3093454,2.2211000000424974,VSM.StaticCasterCull,440064,1
63,597.3093454,2.2211000000424974,VSM.DynamicCasterCull,145408,1
63,597.3093454,2.2211000000424974,VSM.PageCull,551168,2
63,597.3093454,2.2211000000424974,VSM.StaticRasterClear,0,1
63,597.3093454,2.2211000000424974,VSM.StaticRasterDraw,6912,1
63,597.3093454,2.2211000000424974,VSM.DynamicRasterClear,0,1
63,597.3093454,2.2211000000424974,VSM.DynamicRasterDraw,19712,1
63,597.3093454,2.2211000000424974,VSM.StaticRaster,7168,1
63,597.3093454,2.2211000000424974,VSM.UnityCompatibilityRaster,0,0
63,597.3093454,2.2211000000424974,VSM.Resolve,6068224,1
63,597.3093454,2.2211000000424974,VSM.ResolveTrace,5846528,1
63,597.3093454,2.2211000000424974,VSM.FilterHorizontal,64256,1
63,597.3093454,2.2211000000424974,VSM.FilterVertical,0,0
63,597.3093454,2.2211000000424974,VSM.FilterTemporalVertical,157184,1
63,597.3093454,2.2211000000424974,VSM.ResetFeedback,0,1
64,597.3270653,1.9929000000047381,VSM.MarkReceiverPages,888832,1
64,597.3270653,1.9929000000047381,VSM.AllocationPrepare,9472,1
64,597.3270653,1.9929000000047381,VSM.AllocationCommit,1085184,1
64,597.3270653,1.9929000000047381,VSM.Allocate,1261056,1
64,597.3270653,1.9929000000047381,VSM.ClearPhysicalPages,345600,1
64,597.3270653,1.9929000000047381,VSM.PageOccupancy,86528,1
64,597.3270653,1.9929000000047381,VSM.FinalizePages,2048,1
64,597.3270653,1.9929000000047381,VSM.DynamicRaster,19456,1
64,597.3270653,1.9929000000047381,VSM.LayoutRemap,0,1
64,597.3270653,1.9929000000047381,VSM.InvalidateStatic,0,0
64,597.3270653,1.9929000000047381,VSM.InvalidateDynamic,1792,1
64,597.3270653,1.9929000000047381,VSM.StaticCasterCull,428544,1
64,597.3270653,1.9929000000047381,VSM.DynamicCasterCull,147200,1
64,597.3270653,1.9929000000047381,VSM.PageCull,542720,2
64,597.3270653,1.9929000000047381,VSM.StaticRasterClear,256,1
64,597.3270653,1.9929000000047381,VSM.StaticRasterDraw,6912,1
64,597.3270653,1.9929000000047381,VSM.DynamicRasterClear,0,1
64,597.3270653,1.9929000000047381,VSM.DynamicRasterDraw,19456,1
64,597.3270653,1.9929000000047381,VSM.StaticRaster,7168,1
64,597.3270653,1.9929000000047381,VSM.UnityCompatibilityRaster,0,0
64,597.3270653,1.9929000000047381,VSM.Resolve,7592192,1
64,597.3270653,1.9929000000047381,VSM.ResolveTrace,7366656,1
64,597.3270653,1.9929000000047381,VSM.FilterHorizontal,65536,1
64,597.3270653,1.9929000000047381,VSM.FilterVertical,0,0
64,597.3270653,1.9929000000047381,VSM.FilterTemporalVertical,158976,1
64,597.3270653,1.9929000000047381,VSM.ResetFeedback,0,1
65,597.3443258,1.9382000000405242,VSM.MarkReceiverPages,890112,1
65,597.3443258,1.9382000000405242,VSM.AllocationPrepare,9728,1
65,597.3443258,1.9382000000405242,VSM.AllocationCommit,1084672,1
65,597.3443258,1.9382000000405242,VSM.Allocate,1336576,1
65,597.3443258,1.9382000000405242,VSM.ClearPhysicalPages,344064,1
65,597.3443258,1.9382000000405242,VSM.PageOccupancy,88064,1
65,597.3443258,1.9382000000405242,VSM.FinalizePages,2048,1
65,597.3443258,1.9382000000405242,VSM.DynamicRaster,19968,1
65,597.3443258,1.9382000000405242,VSM.LayoutRemap,0,1
65,597.3443258,1.9382000000405242,VSM.InvalidateStatic,0,0
65,597.3443258,1.9382000000405242,VSM.InvalidateDynamic,1792,1
65,597.3443258,1.9382000000405242,VSM.StaticCasterCull,411392,1
65,597.3443258,1.9382000000405242,VSM.DynamicCasterCull,144384,1
65,597.3443258,1.9382000000405242,VSM.PageCull,520960,2
65,597.3443258,1.9382000000405242,VSM.StaticRasterClear,0,1
65,597.3443258,1.9382000000405242,VSM.StaticRasterDraw,6912,1
65,597.3443258,1.9382000000405242,VSM.DynamicRasterClear,0,1
65,597.3443258,1.9382000000405242,VSM.DynamicRasterDraw,19712,1
65,597.3443258,1.9382000000405242,VSM.StaticRaster,7168,1
65,597.3443258,1.9382000000405242,VSM.UnityCompatibilityRaster,0,0
65,597.3443258,1.9382000000405242,VSM.Resolve,7512064,1
65,597.3443258,1.9382000000405242,VSM.ResolveTrace,7286528,1
65,597.3443258,1.9382000000405242,VSM.FilterHorizontal,65280,1
65,597.3443258,1.9382000000405242,VSM.FilterVertical,0,0
65,597.3443258,1.9382000000405242,VSM.FilterTemporalVertical,158976,1
65,597.3443258,1.9382000000405242,VSM.ResetFeedback,0,1
66,597.3622719,1.873300000056588,VSM.MarkReceiverPages,897280,1
66,597.3622719,1.873300000056588,VSM.AllocationPrepare,9216,1
66,597.3622719,1.873300000056588,VSM.AllocationCommit,1084672,1
66,597.3622719,1.873300000056588,VSM.Allocate,1348352,1
66,597.3622719,1.873300000056588,VSM.ClearPhysicalPages,343808,1
66,597.3622719,1.873300000056588,VSM.PageOccupancy,87552,1
66,597.3622719,1.873300000056588,VSM.FinalizePages,2048,1
66,597.3622719,1.873300000056588,VSM.DynamicRaster,26368,1
66,597.3622719,1.873300000056588,VSM.LayoutRemap,0,1
66,597.3622719,1.873300000056588,VSM.InvalidateStatic,0,0
66,597.3622719,1.873300000056588,VSM.InvalidateDynamic,1792,1
66,597.3622719,1.873300000056588,VSM.StaticCasterCull,428544,1
66,597.3622719,1.873300000056588,VSM.DynamicCasterCull,325632,1
66,597.3622719,1.873300000056588,VSM.PageCull,533504,2
66,597.3622719,1.873300000056588,VSM.StaticRasterClear,0,1
66,597.3622719,1.873300000056588,VSM.StaticRasterDraw,3328,1
66,597.3622719,1.873300000056588,VSM.DynamicRasterClear,3584,1
66,597.3622719,1.873300000056588,VSM.DynamicRasterDraw,22016,1
66,597.3622719,1.873300000056588,VSM.StaticRaster,3328,1
66,597.3622719,1.873300000056588,VSM.UnityCompatibilityRaster,0,0
66,597.3622719,1.873300000056588,VSM.Resolve,7278080,1
66,597.3622719,1.873300000056588,VSM.ResolveTrace,7049216,1
66,597.3622719,1.873300000056588,VSM.FilterHorizontal,65536,1
66,597.3622719,1.873300000056588,VSM.FilterVertical,0,0
66,597.3622719,1.873300000056588,VSM.FilterTemporalVertical,162048,1
66,597.3622719,1.873300000056588,VSM.ResetFeedback,0,1
67,597.37900919999993,1.9516999999495965,VSM.MarkReceiverPages,892672,1
67,597.37900919999993,1.9516999999495965,VSM.AllocationPrepare,9472,1
67,597.37900919999993,1.9516999999495965,VSM.AllocationCommit,1083904,1
67,597.37900919999993,1.9516999999495965,VSM.Allocate,1093376,1
67,597.37900919999993,1.9516999999495965,VSM.ClearPhysicalPages,344064,1
67,597.37900919999993,1.9516999999495965,VSM.PageOccupancy,86528,1
67,597.37900919999993,1.9516999999495965,VSM.FinalizePages,2304,1
67,597.37900919999993,1.9516999999495965,VSM.DynamicRaster,19712,1
67,597.37900919999993,1.9516999999495965,VSM.LayoutRemap,0,1
67,597.37900919999993,1.9516999999495965,VSM.InvalidateStatic,0,0
67,597.37900919999993,1.9516999999495965,VSM.InvalidateDynamic,2048,1
67,597.37900919999993,1.9516999999495965,VSM.StaticCasterCull,434688,1
67,597.37900919999993,1.9516999999495965,VSM.DynamicCasterCull,138752,1
67,597.37900919999993,1.9516999999495965,VSM.PageCull,539904,2
67,597.37900919999993,1.9516999999495965,VSM.StaticRasterClear,0,1
67,597.37900919999993,1.9516999999495965,VSM.StaticRasterDraw,7424,1
67,597.37900919999993,1.9516999999495965,VSM.DynamicRasterClear,0,1
67,597.37900919999993,1.9516999999495965,VSM.DynamicRasterDraw,19712,1
67,597.37900919999993,1.9516999999495965,VSM.StaticRaster,7680,1
67,597.37900919999993,1.9516999999495965,VSM.UnityCompatibilityRaster,0,0
67,597.37900919999993,1.9516999999495965,VSM.Resolve,7499520,1
67,597.37900919999993,1.9516999999495965,VSM.ResolveTrace,7272960,1
67,597.37900919999993,1.9516999999495965,VSM.FilterHorizontal,65536,1
67,597.37900919999993,1.9516999999495965,VSM.FilterVertical,0,0
67,597.37900919999993,1.9516999999495965,VSM.FilterTemporalVertical,160000,1
67,597.37900919999993,1.9516999999495965,VSM.ResetFeedback,0,1
68,597.39604669999994,1.9561000000294371,VSM.MarkReceiverPages,893696,1
68,597.39604669999994,1.9561000000294371,VSM.AllocationPrepare,9472,1
68,597.39604669999994,1.9561000000294371,VSM.AllocationCommit,1084160,1
68,597.39604669999994,1.9561000000294371,VSM.Allocate,1263360,1
68,597.39604669999994,1.9561000000294371,VSM.ClearPhysicalPages,344064,1
68,597.39604669999994,1.9561000000294371,VSM.PageOccupancy,88064,1
68,597.39604669999994,1.9561000000294371,VSM.FinalizePages,2048,1
68,597.39604669999994,1.9561000000294371,VSM.DynamicRaster,19968,1
68,597.39604669999994,1.9561000000294371,VSM.LayoutRemap,0,1
68,597.39604669999994,1.9561000000294371,VSM.InvalidateStatic,0,0
68,597.39604669999994,1.9561000000294371,VSM.InvalidateDynamic,1792,1
68,597.39604669999994,1.9561000000294371,VSM.StaticCasterCull,415488,1
68,597.39604669999994,1.9561000000294371,VSM.DynamicCasterCull,146432,1
68,597.39604669999994,1.9561000000294371,VSM.PageCull,528384,2
68,597.39604669999994,1.9561000000294371,VSM.StaticRasterClear,256,1
68,597.39604669999994,1.9561000000294371,VSM.StaticRasterDraw,6912,1
68,597.39604669999994,1.9561000000294371,VSM.DynamicRasterClear,0,1
68,597.39604669999994,1.9561000000294371,VSM.DynamicRasterDraw,19968,1
68,597.39604669999994,1.9561000000294371,VSM.StaticRaster,7168,1
68,597.39604669999994,1.9561000000294371,VSM.UnityCompatibilityRaster,0,0
68,597.39604669999994,1.9561000000294371,VSM.Resolve,7652864,1
68,597.39604669999994,1.9561000000294371,VSM.ResolveTrace,7425536,1
68,597.39604669999994,1.9561000000294371,VSM.FilterHorizontal,66816,1
68,597.39604669999994,1.9561000000294371,VSM.FilterVertical,0,0
68,597.39604669999994,1.9561000000294371,VSM.FilterTemporalVertical,159232,1
68,597.39604669999994,1.9561000000294371,VSM.ResetFeedback,0,1
69,597.41385289999994,1.9995000000108121,VSM.MarkReceiverPages,1079808,1
69,597.41385289999994,1.9995000000108121,VSM.AllocationPrepare,9728,1
69,597.41385289999994,1.9995000000108121,VSM.AllocationCommit,1085184,1
69,597.41385289999994,1.9995000000108121,VSM.Allocate,1095424,1
69,597.41385289999994,1.9995000000108121,VSM.ClearPhysicalPages,621056,1
69,597.41385289999994,1.9995000000108121,VSM.PageOccupancy,89088,1
69,597.41385289999994,1.9995000000108121,VSM.FinalizePages,2048,1
69,597.41385289999994,1.9995000000108121,VSM.DynamicRaster,19456,1
69,597.41385289999994,1.9995000000108121,VSM.LayoutRemap,0,1
69,597.41385289999994,1.9995000000108121,VSM.InvalidateStatic,0,0
69,597.41385289999994,1.9995000000108121,VSM.InvalidateDynamic,2048,1
69,597.41385289999994,1.9995000000108121,VSM.StaticCasterCull,426240,1
69,597.41385289999994,1.9995000000108121,VSM.DynamicCasterCull,147200,1
69,597.41385289999994,1.9995000000108121,VSM.PageCull,534528,2
69,597.41385289999994,1.9995000000108121,VSM.StaticRasterClear,256,1
69,597.41385289999994,1.9995000000108121,VSM.StaticRasterDraw,7168,1
69,597.41385289999994,1.9995000000108121,VSM.DynamicRasterClear,0,1
69,597.41385289999994,1.9995000000108121,VSM.DynamicRasterDraw,19456,1
69,597.41385289999994,1.9995000000108121,VSM.StaticRaster,7424,1
69,597.41385289999994,1.9995000000108121,VSM.UnityCompatibilityRaster,0,0
69,597.41385289999994,1.9995000000108121,VSM.Resolve,7004672,1
69,597.41385289999994,1.9995000000108121,VSM.ResolveTrace,6777344,1
69,597.41385289999994,1.9995000000108121,VSM.FilterHorizontal,65536,1
69,597.41385289999994,1.9995000000108121,VSM.FilterVertical,0,0
69,597.41385289999994,1.9995000000108121,VSM.FilterTemporalVertical,160256,1
69,597.41385289999994,1.9995000000108121,VSM.ResetFeedback,0,1
70,597.4342819,2.1052000000736371,VSM.MarkReceiverPages,892928,1
70,597.4342819,2.1052000000736371,VSM.AllocationPrepare,9216,1
70,597.4342819,2.1052000000736371,VSM.AllocationCommit,1084672,1
70,597.4342819,2.1052000000736371,VSM.Allocate,1094144,1
70,597.4342819,2.1052000000736371,VSM.ClearPhysicalPages,589568,1
70,597.4342819,2.1052000000736371,VSM.PageOccupancy,88320,1
70,597.4342819,2.1052000000736371,VSM.FinalizePages,2304,1
70,597.4342819,2.1052000000736371,VSM.DynamicRaster,19968,1
70,597.4342819,2.1052000000736371,VSM.LayoutRemap,0,1
70,597.4342819,2.1052000000736371,VSM.InvalidateStatic,0,0
70,597.4342819,2.1052000000736371,VSM.InvalidateDynamic,1792,1
70,597.4342819,2.1052000000736371,VSM.StaticCasterCull,448512,1
70,597.4342819,2.1052000000736371,VSM.DynamicCasterCull,147200,1
70,597.4342819,2.1052000000736371,VSM.PageCull,559360,2
70,597.4342819,2.1052000000736371,VSM.StaticRasterClear,0,1
70,597.4342819,2.1052000000736371,VSM.StaticRasterDraw,7168,1
70,597.4342819,2.1052000000736371,VSM.DynamicRasterClear,256,1
70,597.4342819,2.1052000000736371,VSM.DynamicRasterDraw,19712,1
70,597.4342819,2.1052000000736371,VSM.StaticRaster,7424,1
70,597.4342819,2.1052000000736371,VSM.UnityCompatibilityRaster,0,0
70,597.4342819,2.1052000000736371,VSM.Resolve,7293696,1
70,597.4342819,2.1052000000736371,VSM.ResolveTrace,6889472,1
70,597.4342819,2.1052000000736371,VSM.FilterHorizontal,66048,1
70,597.4342819,2.1052000000736371,VSM.FilterVertical,0,0
70,597.4342819,2.1052000000736371,VSM.FilterTemporalVertical,159232,1
70,597.4342819,2.1052000000736371,VSM.ResetFeedback,0,1
71,597.45215769999993,1.9305999999232881,VSM.MarkReceiverPages,896000,1
71,597.45215769999993,1.9305999999232881,VSM.AllocationPrepare,9216,1
71,597.45215769999993,1.9305999999232881,VSM.AllocationCommit,1085184,1
71,597.45215769999993,1.9305999999232881,VSM.Allocate,1337856,1
71,597.45215769999993,1.9305999999232881,VSM.ClearPhysicalPages,344320,1
71,597.45215769999993,1.9305999999232881,VSM.PageOccupancy,87296,1
71,597.45215769999993,1.9305999999232881,VSM.FinalizePages,1792,1
71,597.45215769999993,1.9305999999232881,VSM.DynamicRaster,19456,1
71,597.45215769999993,1.9305999999232881,VSM.LayoutRemap,0,1
71,597.45215769999993,1.9305999999232881,VSM.InvalidateStatic,0,0
71,597.45215769999993,1.9305999999232881,VSM.InvalidateDynamic,1792,1
71,597.45215769999993,1.9305999999232881,VSM.StaticCasterCull,421888,1
71,597.45215769999993,1.9305999999232881,VSM.DynamicCasterCull,140288,1
71,597.45215769999993,1.9305999999232881,VSM.PageCull,527872,2
71,597.45215769999993,1.9305999999232881,VSM.StaticRasterClear,0,1
71,597.45215769999993,1.9305999999232881,VSM.StaticRasterDraw,7680,1
71,597.45215769999993,1.9305999999232881,VSM.DynamicRasterClear,0,1
71,597.45215769999993,1.9305999999232881,VSM.DynamicRasterDraw,19456,1
71,597.45215769999993,1.9305999999232881,VSM.StaticRaster,7936,1
71,597.45215769999993,1.9305999999232881,VSM.UnityCompatibilityRaster,0,0
71,597.45215769999993,1.9305999999232881,VSM.Resolve,7559680,1
71,597.45215769999993,1.9305999999232881,VSM.ResolveTrace,7331328,1
71,597.45215769999993,1.9305999999232881,VSM.FilterHorizontal,65792,1
71,597.45215769999993,1.9305999999232881,VSM.FilterVertical,0,0
71,597.45215769999993,1.9305999999232881,VSM.FilterTemporalVertical,161280,1
71,597.45215769999993,1.9305999999232881,VSM.ResetFeedback,0,1
72,597.46952219999991,1.8888999999262523,VSM.MarkReceiverPages,888832,1
72,597.46952219999991,1.8888999999262523,VSM.AllocationPrepare,9472,1
72,597.46952219999991,1.8888999999262523,VSM.AllocationCommit,1084672,1
72,597.46952219999991,1.8888999999262523,VSM.Allocate,1094400,1
72,597.46952219999991,1.8888999999262523,VSM.ClearPhysicalPages,545792,1
72,597.46952219999991,1.8888999999262523,VSM.PageOccupancy,87808,1
72,597.46952219999991,1.8888999999262523,VSM.FinalizePages,2048,1
72,597.46952219999991,1.8888999999262523,VSM.DynamicRaster,19968,1
72,597.46952219999991,1.8888999999262523,VSM.LayoutRemap,0,1
72,597.46952219999991,1.8888999999262523,VSM.InvalidateStatic,0,0
72,597.46952219999991,1.8888999999262523,VSM.InvalidateDynamic,1792,1
72,597.46952219999991,1.8888999999262523,VSM.StaticCasterCull,424448,1
72,597.46952219999991,1.8888999999262523,VSM.DynamicCasterCull,154368,1
72,597.46952219999991,1.8888999999262523,VSM.PageCull,544000,2
72,597.46952219999991,1.8888999999262523,VSM.StaticRasterClear,256,1
72,597.46952219999991,1.8888999999262523,VSM.StaticRasterDraw,6912,1
72,597.46952219999991,1.8888999999262523,VSM.DynamicRasterClear,0,1
72,597.46952219999991,1.8888999999262523,VSM.DynamicRasterDraw,19712,1
72,597.46952219999991,1.8888999999262523,VSM.StaticRaster,7168,1
72,597.46952219999991,1.8888999999262523,VSM.UnityCompatibilityRaster,0,0
72,597.46952219999991,1.8888999999262523,VSM.Resolve,7353856,1
72,597.46952219999991,1.8888999999262523,VSM.ResolveTrace,7126016,1
72,597.46952219999991,1.8888999999262523,VSM.FilterHorizontal,65792,1
72,597.46952219999991,1.8888999999262523,VSM.FilterVertical,0,0
72,597.46952219999991,1.8888999999262523,VSM.FilterTemporalVertical,160512,1
72,597.46952219999991,1.8888999999262523,VSM.ResetFeedback,0,1
73,597.4874725,2.1698000000469619,VSM.MarkReceiverPages,891392,1
73,597.4874725,2.1698000000469619,VSM.AllocationPrepare,9216,1
73,597.4874725,2.1698000000469619,VSM.AllocationCommit,1084672,1
73,597.4874725,2.1698000000469619,VSM.Allocate,1337856,1
73,597.4874725,2.1698000000469619,VSM.ClearPhysicalPages,343808,1
73,597.4874725,2.1698000000469619,VSM.PageOccupancy,93696,1
73,597.4874725,2.1698000000469619,VSM.FinalizePages,1792,1
73,597.4874725,2.1698000000469619,VSM.DynamicRaster,19712,1
73,597.4874725,2.1698000000469619,VSM.LayoutRemap,0,1
73,597.4874725,2.1698000000469619,VSM.InvalidateStatic,0,0
73,597.4874725,2.1698000000469619,VSM.InvalidateDynamic,1792,1
73,597.4874725,2.1698000000469619,VSM.StaticCasterCull,428288,1
73,597.4874725,2.1698000000469619,VSM.DynamicCasterCull,148224,1
73,597.4874725,2.1698000000469619,VSM.PageCull,542976,2
73,597.4874725,2.1698000000469619,VSM.StaticRasterClear,0,1
73,597.4874725,2.1698000000469619,VSM.StaticRasterDraw,7680,1
73,597.4874725,2.1698000000469619,VSM.DynamicRasterClear,256,1
73,597.4874725,2.1698000000469619,VSM.DynamicRasterDraw,19456,1
73,597.4874725,2.1698000000469619,VSM.StaticRaster,7936,1
73,597.4874725,2.1698000000469619,VSM.UnityCompatibilityRaster,0,0
73,597.4874725,2.1698000000469619,VSM.Resolve,7639296,1
73,597.4874725,2.1698000000469619,VSM.ResolveTrace,7411968,1
73,597.4874725,2.1698000000469619,VSM.FilterHorizontal,66816,1
73,597.4874725,2.1698000000469619,VSM.FilterVertical,0,0
73,597.4874725,2.1698000000469619,VSM.FilterTemporalVertical,159232,1
73,597.4874725,2.1698000000469619,VSM.ResetFeedback,0,1
74,597.5050708,2.2300000000541331,VSM.MarkReceiverPages,894208,1
74,597.5050708,2.2300000000541331,VSM.AllocationPrepare,9472,1
74,597.5050708,2.2300000000541331,VSM.AllocationCommit,1084416,1
74,597.5050708,2.2300000000541331,VSM.Allocate,1379328,1
74,597.5050708,2.2300000000541331,VSM.ClearPhysicalPages,344576,1
74,597.5050708,2.2300000000541331,VSM.PageOccupancy,88832,1
74,597.5050708,2.2300000000541331,VSM.FinalizePages,1792,1
74,597.5050708,2.2300000000541331,VSM.DynamicRaster,19968,1
74,597.5050708,2.2300000000541331,VSM.LayoutRemap,0,1
74,597.5050708,2.2300000000541331,VSM.InvalidateStatic,0,0
74,597.5050708,2.2300000000541331,VSM.InvalidateDynamic,1792,1
74,597.5050708,2.2300000000541331,VSM.StaticCasterCull,425216,1
74,597.5050708,2.2300000000541331,VSM.DynamicCasterCull,140288,1
74,597.5050708,2.2300000000541331,VSM.PageCull,530944,2
74,597.5050708,2.2300000000541331,VSM.StaticRasterClear,0,1
74,597.5050708,2.2300000000541331,VSM.StaticRasterDraw,7168,1
74,597.5050708,2.2300000000541331,VSM.DynamicRasterClear,256,1
74,597.5050708,2.2300000000541331,VSM.DynamicRasterDraw,19712,1
74,597.5050708,2.2300000000541331,VSM.StaticRaster,7168,1
74,597.5050708,2.2300000000541331,VSM.UnityCompatibilityRaster,0,0
74,597.5050708,2.2300000000541331,VSM.Resolve,6904064,1
74,597.5050708,2.2300000000541331,VSM.ResolveTrace,6679808,1
74,597.5050708,2.2300000000541331,VSM.FilterHorizontal,65536,1
74,597.5050708,2.2300000000541331,VSM.FilterVertical,0,0
74,597.5050708,2.2300000000541331,VSM.FilterTemporalVertical,157696,1
74,597.5050708,2.2300000000541331,VSM.ResetFeedback,0,1
75,597.52386619999993,2.2744999999986248,VSM.MarkReceiverPages,1171200,1
75,597.52386619999993,2.2744999999986248,VSM.AllocationPrepare,9472,1
75,597.52386619999993,2.2744999999986248,VSM.AllocationCommit,1083648,1
75,597.52386619999993,2.2744999999986248,VSM.Allocate,1093888,1
75,597.52386619999993,2.2744999999986248,VSM.ClearPhysicalPages,344320,1
75,597.52386619999993,2.2744999999986248,VSM.PageOccupancy,86784,1
75,597.52386619999993,2.2744999999986248,VSM.FinalizePages,2048,1
75,597.52386619999993,2.2744999999986248,VSM.DynamicRaster,20224,1
75,597.52386619999993,2.2744999999986248,VSM.LayoutRemap,0,1
75,597.52386619999993,2.2744999999986248,VSM.InvalidateStatic,0,0
75,597.52386619999993,2.2744999999986248,VSM.InvalidateDynamic,1792,1
75,597.52386619999993,2.2744999999986248,VSM.StaticCasterCull,588032,1
75,597.52386619999993,2.2744999999986248,VSM.DynamicCasterCull,145152,1
75,597.52386619999993,2.2744999999986248,VSM.PageCull,538368,2
75,597.52386619999993,2.2744999999986248,VSM.StaticRasterClear,256,1
75,597.52386619999993,2.2744999999986248,VSM.StaticRasterDraw,4352,1
75,597.52386619999993,2.2744999999986248,VSM.DynamicRasterClear,0,1
75,597.52386619999993,2.2744999999986248,VSM.DynamicRasterDraw,19712,1
75,597.52386619999993,2.2744999999986248,VSM.StaticRaster,4864,1
75,597.52386619999993,2.2744999999986248,VSM.UnityCompatibilityRaster,0,0
75,597.52386619999993,2.2744999999986248,VSM.Resolve,7264256,1
75,597.52386619999993,2.2744999999986248,VSM.ResolveTrace,7036416,1
75,597.52386619999993,2.2744999999986248,VSM.FilterHorizontal,66560,1
75,597.52386619999993,2.2744999999986248,VSM.FilterVertical,0,0
75,597.52386619999993,2.2744999999986248,VSM.FilterTemporalVertical,160256,1
75,597.52386619999993,2.2744999999986248,VSM.ResetFeedback,0,1
76,597.5416851,2.1575000000666478,VSM.MarkReceiverPages,920320,1
76,597.5416851,2.1575000000666478,VSM.AllocationPrepare,9216,1
76,597.5416851,2.1575000000666478,VSM.AllocationCommit,1084672,1
76,597.5416851,2.1575000000666478,VSM.Allocate,1351936,1
76,597.5416851,2.1575000000666478,VSM.ClearPhysicalPages,515328,1
76,597.5416851,2.1575000000666478,VSM.PageOccupancy,88064,1
76,597.5416851,2.1575000000666478,VSM.FinalizePages,2304,1
76,597.5416851,2.1575000000666478,VSM.DynamicRaster,19456,1
76,597.5416851,2.1575000000666478,VSM.LayoutRemap,0,1
76,597.5416851,2.1575000000666478,VSM.InvalidateStatic,0,0
76,597.5416851,2.1575000000666478,VSM.InvalidateDynamic,1792,1
76,597.5416851,2.1575000000666478,VSM.StaticCasterCull,440832,1
76,597.5416851,2.1575000000666478,VSM.DynamicCasterCull,150784,1
76,597.5416851,2.1575000000666478,VSM.PageCull,556800,2
76,597.5416851,2.1575000000666478,VSM.StaticRasterClear,0,1
76,597.5416851,2.1575000000666478,VSM.StaticRasterDraw,6912,1
76,597.5416851,2.1575000000666478,VSM.DynamicRasterClear,0,1
76,597.5416851,2.1575000000666478,VSM.DynamicRasterDraw,19200,1
76,597.5416851,2.1575000000666478,VSM.StaticRaster,7168,1
76,597.5416851,2.1575000000666478,VSM.UnityCompatibilityRaster,0,0
76,597.5416851,2.1575000000666478,VSM.Resolve,7153664,1
76,597.5416851,2.1575000000666478,VSM.ResolveTrace,6926848,1
76,597.5416851,2.1575000000666478,VSM.FilterHorizontal,65280,1
76,597.5416851,2.1575000000666478,VSM.FilterVertical,0,0
76,597.5416851,2.1575000000666478,VSM.FilterTemporalVertical,160256,1
76,597.5416851,2.1575000000666478,VSM.ResetFeedback,0,1
77,597.5606274999999,2.1217999999407766,VSM.MarkReceiverPages,892672,1
77,597.5606274999999,2.1217999999407766,VSM.AllocationPrepare,9472,1
77,597.5606274999999,2.1217999999407766,VSM.AllocationCommit,1084160,1
77,597.5606274999999,2.1217999999407766,VSM.Allocate,1357312,1
77,597.5606274999999,2.1217999999407766,VSM.ClearPhysicalPages,344576,1
77,597.5606274999999,2.1217999999407766,VSM.PageOccupancy,88320,1
77,597.5606274999999,2.1217999999407766,VSM.FinalizePages,2304,1
77,597.5606274999999,2.1217999999407766,VSM.DynamicRaster,19968,1
77,597.5606274999999,2.1217999999407766,VSM.LayoutRemap,0,1
77,597.5606274999999,2.1217999999407766,VSM.InvalidateStatic,0,0
77,597.5606274999999,2.1217999999407766,VSM.InvalidateDynamic,1792,1
77,597.5606274999999,2.1217999999407766,VSM.StaticCasterCull,422400,1
77,597.5606274999999,2.1217999999407766,VSM.DynamicCasterCull,150528,1
77,597.5606274999999,2.1217999999407766,VSM.PageCull,539136,2
77,597.5606274999999,2.1217999999407766,VSM.StaticRasterClear,0,1
77,597.5606274999999,2.1217999999407766,VSM.StaticRasterDraw,5632,1
77,597.5606274999999,2.1217999999407766,VSM.DynamicRasterClear,0,1
77,597.5606274999999,2.1217999999407766,VSM.DynamicRasterDraw,19712,1
77,597.5606274999999,2.1217999999407766,VSM.StaticRaster,5888,1
77,597.5606274999999,2.1217999999407766,VSM.UnityCompatibilityRaster,0,0
77,597.5606274999999,2.1217999999407766,VSM.Resolve,7656192,1
77,597.5606274999999,2.1217999999407766,VSM.ResolveTrace,7427584,1
77,597.5606274999999,2.1217999999407766,VSM.FilterHorizontal,67328,1
77,597.5606274999999,2.1217999999407766,VSM.FilterVertical,0,0
77,597.5606274999999,2.1217999999407766,VSM.FilterTemporalVertical,160000,1
77,597.5606274999999,2.1217999999407766,VSM.ResetFeedback,0,1
78,597.5782677,1.99499999996533,VSM.MarkReceiverPages,1067264,1
78,597.5782677,1.99499999996533,VSM.AllocationPrepare,9472,1
78,597.5782677,1.99499999996533,VSM.AllocationCommit,1084416,1
78,597.5782677,1.99499999996533,VSM.Allocate,1094656,1
78,597.5782677,1.99499999996533,VSM.ClearPhysicalPages,344320,1
78,597.5782677,1.99499999996533,VSM.PageOccupancy,87808,1
78,597.5782677,1.99499999996533,VSM.FinalizePages,2048,1
78,597.5782677,1.99499999996533,VSM.DynamicRaster,19968,1
78,597.5782677,1.99499999996533,VSM.LayoutRemap,0,1
78,597.5782677,1.99499999996533,VSM.InvalidateStatic,0,0
78,597.5782677,1.99499999996533,VSM.InvalidateDynamic,1792,1
78,597.5782677,1.99499999996533,VSM.StaticCasterCull,437504,1
78,597.5782677,1.99499999996533,VSM.DynamicCasterCull,144640,1
78,597.5782677,1.99499999996533,VSM.PageCull,548864,2
78,597.5782677,1.99499999996533,VSM.StaticRasterClear,0,1
78,597.5782677,1.99499999996533,VSM.StaticRasterDraw,3072,1
78,597.5782677,1.99499999996533,VSM.DynamicRasterClear,256,1
78,597.5782677,1.99499999996533,VSM.DynamicRasterDraw,19712,1
78,597.5782677,1.99499999996533,VSM.StaticRaster,3328,1
78,597.5782677,1.99499999996533,VSM.UnityCompatibilityRaster,0,0
78,597.5782677,1.99499999996533,VSM.Resolve,6975488,1
78,597.5782677,1.99499999996533,VSM.ResolveTrace,6748928,1
78,597.5782677,1.99499999996533,VSM.FilterHorizontal,65792,1
78,597.5782677,1.99499999996533,VSM.FilterVertical,0,0
78,597.5782677,1.99499999996533,VSM.FilterTemporalVertical,159744,1
78,597.5782677,1.99499999996533,VSM.ResetFeedback,0,1
79,597.5953019,1.9897000000810294,VSM.MarkReceiverPages,892672,1
79,597.5953019,1.9897000000810294,VSM.AllocationPrepare,9728,1
79,597.5953019,1.9897000000810294,VSM.AllocationCommit,1084928,1
79,597.5953019,1.9897000000810294,VSM.Allocate,1685248,1
79,597.5953019,1.9897000000810294,VSM.ClearPhysicalPages,345600,1
79,597.5953019,1.9897000000810294,VSM.PageOccupancy,88064,1
79,597.5953019,1.9897000000810294,VSM.FinalizePages,2048,1
79,597.5953019,1.9897000000810294,VSM.DynamicRaster,19456,1
79,597.5953019,1.9897000000810294,VSM.LayoutRemap,0,1
79,597.5953019,1.9897000000810294,VSM.InvalidateStatic,0,0
79,597.5953019,1.9897000000810294,VSM.InvalidateDynamic,3072,1
79,597.5953019,1.9897000000810294,VSM.StaticCasterCull,421888,1
79,597.5953019,1.9897000000810294,VSM.DynamicCasterCull,149504,1
79,597.5953019,1.9897000000810294,VSM.PageCull,536576,2
79,597.5953019,1.9897000000810294,VSM.StaticRasterClear,256,1
79,597.5953019,1.9897000000810294,VSM.StaticRasterDraw,6912,1
79,597.5953019,1.9897000000810294,VSM.DynamicRasterClear,256,1
79,597.5953019,1.9897000000810294,VSM.DynamicRasterDraw,19200,1
79,597.5953019,1.9897000000810294,VSM.StaticRaster,7168,1
79,597.5953019,1.9897000000810294,VSM.UnityCompatibilityRaster,0,0
79,597.5953019,1.9897000000810294,VSM.Resolve,7436544,1
79,597.5953019,1.9897000000810294,VSM.ResolveTrace,7212288,1
79,597.5953019,1.9897000000810294,VSM.FilterHorizontal,65536,1
79,597.5953019,1.9897000000810294,VSM.FilterVertical,0,0
79,597.5953019,1.9897000000810294,VSM.FilterTemporalVertical,157696,1
79,597.5953019,1.9897000000810294,VSM.ResetFeedback,0,1
80,597.61294209999994,2.0491000000220083,VSM.MarkReceiverPages,892416,1
80,597.61294209999994,2.0491000000220083,VSM.AllocationPrepare,9472,1
80,597.61294209999994,2.0491000000220083,VSM.AllocationCommit,1086720,1
80,597.61294209999994,2.0491000000220083,VSM.Allocate,1096192,1
80,597.61294209999994,2.0491000000220083,VSM.ClearPhysicalPages,516352,1
80,597.61294209999994,2.0491000000220083,VSM.PageOccupancy,86784,1
80,597.61294209999994,2.0491000000220083,VSM.FinalizePages,2560,1
80,597.61294209999994,2.0491000000220083,VSM.DynamicRaster,19968,1
80,597.61294209999994,2.0491000000220083,VSM.LayoutRemap,0,1
80,597.61294209999994,2.0491000000220083,VSM.InvalidateStatic,0,0
80,597.61294209999994,2.0491000000220083,VSM.InvalidateDynamic,1792,1
80,597.61294209999994,2.0491000000220083,VSM.StaticCasterCull,420608,1
80,597.61294209999994,2.0491000000220083,VSM.DynamicCasterCull,148224,1
80,597.61294209999994,2.0491000000220083,VSM.PageCull,530432,2
80,597.61294209999994,2.0491000000220083,VSM.StaticRasterClear,0,1
80,597.61294209999994,2.0491000000220083,VSM.StaticRasterDraw,3328,1
80,597.61294209999994,2.0491000000220083,VSM.DynamicRasterClear,0,1
80,597.61294209999994,2.0491000000220083,VSM.DynamicRasterDraw,19712,1
80,597.61294209999994,2.0491000000220083,VSM.StaticRaster,3584,1
80,597.61294209999994,2.0491000000220083,VSM.UnityCompatibilityRaster,0,0
80,597.61294209999994,2.0491000000220083,VSM.Resolve,7439616,1
80,597.61294209999994,2.0491000000220083,VSM.ResolveTrace,7213824,1
80,597.61294209999994,2.0491000000220083,VSM.FilterHorizontal,65280,1
80,597.61294209999994,2.0491000000220083,VSM.FilterVertical,0,0
80,597.61294209999994,2.0491000000220083,VSM.FilterTemporalVertical,159488,1
80,597.61294209999994,2.0491000000220083,VSM.ResetFeedback,0,1
81,597.63053589999993,2.0068999999693915,VSM.MarkReceiverPages,892160,1
81,597.63053589999993,2.0068999999693915,VSM.AllocationPrepare,9472,1
81,597.63053589999993,2.0068999999693915,VSM.AllocationCommit,1084672,1
81,597.63053589999993,2.0068999999693915,VSM.Allocate,1094400,1
81,597.63053589999993,2.0068999999693915,VSM.ClearPhysicalPages,344064,1
81,597.63053589999993,2.0068999999693915,VSM.PageOccupancy,87296,1
81,597.63053589999993,2.0068999999693915,VSM.FinalizePages,2048,1
81,597.63053589999993,2.0068999999693915,VSM.DynamicRaster,19968,1
81,597.63053589999993,2.0068999999693915,VSM.LayoutRemap,0,1
81,597.63053589999993,2.0068999999693915,VSM.InvalidateStatic,0,0
81,597.63053589999993,2.0068999999693915,VSM.InvalidateDynamic,2048,1
81,597.63053589999993,2.0068999999693915,VSM.StaticCasterCull,442880,1
81,597.63053589999993,2.0068999999693915,VSM.DynamicCasterCull,150784,1
81,597.63053589999993,2.0068999999693915,VSM.PageCull,560384,2
81,597.63053589999993,2.0068999999693915,VSM.StaticRasterClear,256,1
81,597.63053589999993,2.0068999999693915,VSM.StaticRasterDraw,3072,1
81,597.63053589999993,2.0068999999693915,VSM.DynamicRasterClear,256,1
81,597.63053589999993,2.0068999999693915,VSM.DynamicRasterDraw,19712,1
81,597.63053589999993,2.0068999999693915,VSM.StaticRaster,3328,1
81,597.63053589999993,2.0068999999693915,VSM.UnityCompatibilityRaster,0,0
81,597.63053589999993,2.0068999999693915,VSM.Resolve,7465984,1
81,597.63053589999993,2.0068999999693915,VSM.ResolveTrace,7239168,1
81,597.63053589999993,2.0068999999693915,VSM.FilterHorizontal,66816,1
81,597.63053589999993,2.0068999999693915,VSM.FilterVertical,0,0
81,597.63053589999993,2.0068999999693915,VSM.FilterTemporalVertical,158976,1
81,597.63053589999993,2.0068999999693915,VSM.ResetFeedback,0,1
82,597.6479407999999,2.0352999999886379,VSM.MarkReceiverPages,893440,1
82,597.6479407999999,2.0352999999886379,VSM.AllocationPrepare,9472,1
82,597.6479407999999,2.0352999999886379,VSM.AllocationCommit,1084160,1
82,597.6479407999999,2.0352999999886379,VSM.Allocate,1340928,1
82,597.6479407999999,2.0352999999886379,VSM.ClearPhysicalPages,343808,1
82,597.6479407999999,2.0352999999886379,VSM.PageOccupancy,86784,1
82,597.6479407999999,2.0352999999886379,VSM.FinalizePages,1792,1
82,597.6479407999999,2.0352999999886379,VSM.DynamicRaster,19456,1
82,597.6479407999999,2.0352999999886379,VSM.LayoutRemap,256,1
82,597.6479407999999,2.0352999999886379,VSM.InvalidateStatic,0,0
82,597.6479407999999,2.0352999999886379,VSM.InvalidateDynamic,1792,1
82,597.6479407999999,2.0352999999886379,VSM.StaticCasterCull,436224,1
82,597.6479407999999,2.0352999999886379,VSM.DynamicCasterCull,147200,1
82,597.6479407999999,2.0352999999886379,VSM.PageCull,549888,2
82,597.6479407999999,2.0352999999886379,VSM.StaticRasterClear,0,1
82,597.6479407999999,2.0352999999886379,VSM.StaticRasterDraw,6912,1
82,597.6479407999999,2.0352999999886379,VSM.DynamicRasterClear,0,1
82,597.6479407999999,2.0352999999886379,VSM.DynamicRasterDraw,19456,1
82,597.6479407999999,2.0352999999886379,VSM.StaticRaster,7168,1
82,597.6479407999999,2.0352999999886379,VSM.UnityCompatibilityRaster,0,0
82,597.6479407999999,2.0352999999886379,VSM.Resolve,7297792,1
82,597.6479407999999,2.0352999999886379,VSM.ResolveTrace,6899200,1
82,597.6479407999999,2.0352999999886379,VSM.FilterHorizontal,65792,1
82,597.6479407999999,2.0352999999886379,VSM.FilterVertical,0,0
82,597.6479407999999,2.0352999999886379,VSM.FilterTemporalVertical,158720,1
82,597.6479407999999,2.0352999999886379,VSM.ResetFeedback,0,1
83,597.6666918,2.3221999999805121,VSM.MarkReceiverPages,1202432,1
83,597.6666918,2.3221999999805121,VSM.AllocationPrepare,9472,1
83,597.6666918,2.3221999999805121,VSM.AllocationCommit,1084928,1
83,597.6666918,2.3221999999805121,VSM.Allocate,1537792,1
83,597.6666918,2.3221999999805121,VSM.ClearPhysicalPages,344832,1
83,597.6666918,2.3221999999805121,VSM.PageOccupancy,88064,1
83,597.6666918,2.3221999999805121,VSM.FinalizePages,2304,1
83,597.6666918,2.3221999999805121,VSM.DynamicRaster,19712,1
83,597.6666918,2.3221999999805121,VSM.LayoutRemap,0,1
83,597.6666918,2.3221999999805121,VSM.InvalidateStatic,0,0
83,597.6666918,2.3221999999805121,VSM.InvalidateDynamic,3072,1
83,597.6666918,2.3221999999805121,VSM.StaticCasterCull,432128,1
83,597.6666918,2.3221999999805121,VSM.DynamicCasterCull,149504,1
83,597.6666918,2.3221999999805121,VSM.PageCull,548352,2
83,597.6666918,2.3221999999805121,VSM.StaticRasterClear,0,1
83,597.6666918,2.3221999999805121,VSM.StaticRasterDraw,6912,1
83,597.6666918,2.3221999999805121,VSM.DynamicRasterClear,256,1
83,597.6666918,2.3221999999805121,VSM.DynamicRasterDraw,19456,1
83,597.6666918,2.3221999999805121,VSM.StaticRaster,7168,1
83,597.6666918,2.3221999999805121,VSM.UnityCompatibilityRaster,0,0
83,597.6666918,2.3221999999805121,VSM.Resolve,6772992,1
83,597.6666918,2.3221999999805121,VSM.ResolveTrace,6547712,1
83,597.6666918,2.3221999999805121,VSM.FilterHorizontal,65280,1
83,597.6666918,2.3221999999805121,VSM.FilterVertical,0,0
83,597.6666918,2.3221999999805121,VSM.FilterTemporalVertical,158976,1
83,597.6666918,2.3221999999805121,VSM.ResetFeedback,0,1
84,597.6850592,2.2228000000268366,VSM.MarkReceiverPages,890880,1
84,597.6850592,2.2228000000268366,VSM.AllocationPrepare,9216,1
84,597.6850592,2.2228000000268366,VSM.AllocationCommit,1084672,1
84,597.6850592,2.2228000000268366,VSM.Allocate,1457408,1
84,597.6850592,2.2228000000268366,VSM.ClearPhysicalPages,344832,1
84,597.6850592,2.2228000000268366,VSM.PageOccupancy,87296,1
84,597.6850592,2.2228000000268366,VSM.FinalizePages,1792,1
84,597.6850592,2.2228000000268366,VSM.DynamicRaster,19712,1
84,597.6850592,2.2228000000268366,VSM.LayoutRemap,0,1
84,597.6850592,2.2228000000268366,VSM.InvalidateStatic,0,0
84,597.6850592,2.2228000000268366,VSM.InvalidateDynamic,1792,1
84,597.6850592,2.2228000000268366,VSM.StaticCasterCull,429056,1
84,597.6850592,2.2228000000268366,VSM.DynamicCasterCull,143104,1
84,597.6850592,2.2228000000268366,VSM.PageCull,538368,2
84,597.6850592,2.2228000000268366,VSM.StaticRasterClear,256,1
84,597.6850592,2.2228000000268366,VSM.StaticRasterDraw,7168,1
84,597.6850592,2.2228000000268366,VSM.DynamicRasterClear,0,1
84,597.6850592,2.2228000000268366,VSM.DynamicRasterDraw,19456,1
84,597.6850592,2.2228000000268366,VSM.StaticRaster,7424,1
84,597.6850592,2.2228000000268366,VSM.UnityCompatibilityRaster,0,0
84,597.6850592,2.2228000000268366,VSM.Resolve,7283968,1
84,597.6850592,2.2228000000268366,VSM.ResolveTrace,7058432,1
84,597.6850592,2.2228000000268366,VSM.FilterHorizontal,65792,1
84,597.6850592,2.2228000000268366,VSM.FilterVertical,0,0
84,597.6850592,2.2228000000268366,VSM.FilterTemporalVertical,158464,1
84,597.6850592,2.2228000000268366,VSM.ResetFeedback,0,1
85,597.7024607,1.9806999999900654,VSM.MarkReceiverPages,896768,1
85,597.7024607,1.9806999999900654,VSM.AllocationPrepare,9472,1
85,597.7024607,1.9806999999900654,VSM.AllocationCommit,1084672,1
85,597.7024607,1.9806999999900654,VSM.Allocate,1618432,1
85,597.7024607,1.9806999999900654,VSM.ClearPhysicalPages,344832,1
85,597.7024607,1.9806999999900654,VSM.PageOccupancy,87040,1
85,597.7024607,1.9806999999900654,VSM.FinalizePages,2048,1
85,597.7024607,1.9806999999900654,VSM.DynamicRaster,19712,1
85,597.7024607,1.9806999999900654,VSM.LayoutRemap,0,1
85,597.7024607,1.9806999999900654,VSM.InvalidateStatic,0,0
85,597.7024607,1.9806999999900654,VSM.InvalidateDynamic,2816,1
85,597.7024607,1.9806999999900654,VSM.StaticCasterCull,423936,1
85,597.7024607,1.9806999999900654,VSM.DynamicCasterCull,140032,1
85,597.7024607,1.9806999999900654,VSM.PageCull,529920,2
85,597.7024607,1.9806999999900654,VSM.StaticRasterClear,0,1
85,597.7024607,1.9806999999900654,VSM.StaticRasterDraw,7168,1
85,597.7024607,1.9806999999900654,VSM.DynamicRasterClear,0,1
85,597.7024607,1.9806999999900654,VSM.DynamicRasterDraw,19712,1
85,597.7024607,1.9806999999900654,VSM.StaticRaster,7424,1
85,597.7024607,1.9806999999900654,VSM.UnityCompatibilityRaster,0,0
85,597.7024607,1.9806999999900654,VSM.Resolve,7646720,1
85,597.7024607,1.9806999999900654,VSM.ResolveTrace,7418880,1
85,597.7024607,1.9806999999900654,VSM.FilterHorizontal,66048,1
85,597.7024607,1.9806999999900654,VSM.FilterVertical,0,0
85,597.7024607,1.9806999999900654,VSM.FilterTemporalVertical,160768,1
85,597.7024607,1.9806999999900654,VSM.ResetFeedback,0,1
86,597.71895829999994,1.8537999999352905,VSM.MarkReceiverPages,887808,1
86,597.71895829999994,1.8537999999352905,VSM.AllocationPrepare,9472,1
86,597.71895829999994,1.8537999999352905,VSM.AllocationCommit,1084416,1
86,597.71895829999994,1.8537999999352905,VSM.Allocate,1353216,1
86,597.71895829999994,1.8537999999352905,VSM.ClearPhysicalPages,344576,1
86,597.71895829999994,1.8537999999352905,VSM.PageOccupancy,87296,1
86,597.71895829999994,1.8537999999352905,VSM.FinalizePages,2048,1
86,597.71895829999994,1.8537999999352905,VSM.DynamicRaster,19712,1
86,597.71895829999994,1.8537999999352905,VSM.LayoutRemap,0,1
86,597.71895829999994,1.8537999999352905,VSM.InvalidateStatic,0,0
86,597.71895829999994,1.8537999999352905,VSM.InvalidateDynamic,1792,1
86,597.71895829999994,1.8537999999352905,VSM.StaticCasterCull,425728,1
86,597.71895829999994,1.8537999999352905,VSM.DynamicCasterCull,148992,1
86,597.71895829999994,1.8537999999352905,VSM.PageCull,541184,2
86,597.71895829999994,1.8537999999352905,VSM.StaticRasterClear,256,1
86,597.71895829999994,1.8537999999352905,VSM.StaticRasterDraw,6912,1
86,597.71895829999994,1.8537999999352905,VSM.DynamicRasterClear,0,1
86,597.71895829999994,1.8537999999352905,VSM.DynamicRasterDraw,19456,1
86,597.71895829999994,1.8537999999352905,VSM.StaticRaster,7168,1
86,597.71895829999994,1.8537999999352905,VSM.UnityCompatibilityRaster,0,0
86,597.71895829999994,1.8537999999352905,VSM.Resolve,7578112,1
86,597.71895829999994,1.8537999999352905,VSM.ResolveTrace,6911232,1
86,597.71895829999994,1.8537999999352905,VSM.FilterHorizontal,68096,1
86,597.71895829999994,1.8537999999352905,VSM.FilterVertical,0,0
86,597.71895829999994,1.8537999999352905,VSM.FilterTemporalVertical,162560,1
86,597.71895829999994,1.8537999999352905,VSM.ResetFeedback,0,1
87,597.7359353999999,1.955599999973856,VSM.MarkReceiverPages,892416,1
87,597.7359353999999,1.955599999973856,VSM.AllocationPrepare,9216,1
87,597.7359353999999,1.955599999973856,VSM.AllocationCommit,1084672,1
87,597.7359353999999,1.955599999973856,VSM.Allocate,1327872,1
87,597.7359353999999,1.955599999973856,VSM.ClearPhysicalPages,344576,1
87,597.7359353999999,1.955599999973856,VSM.PageOccupancy,87040,1
87,597.7359353999999,1.955599999973856,VSM.FinalizePages,2048,1
87,597.7359353999999,1.955599999973856,VSM.DynamicRaster,19968,1
87,597.7359353999999,1.955599999973856,VSM.LayoutRemap,0,1
87,597.7359353999999,1.955599999973856,VSM.InvalidateStatic,0,0
87,597.7359353999999,1.955599999973856,VSM.InvalidateDynamic,2048,1
87,597.7359353999999,1.955599999973856,VSM.StaticCasterCull,421632,1
87,597.7359353999999,1.955599999973856,VSM.DynamicCasterCull,143104,1
87,597.7359353999999,1.955599999973856,VSM.PageCull,530944,2
87,597.7359353999999,1.955599999973856,VSM.StaticRasterClear,0,1
87,597.7359353999999,1.955599999973856,VSM.StaticRasterDraw,6912,1
87,597.7359353999999,1.955599999973856,VSM.DynamicRasterClear,0,1
87,597.7359353999999,1.955599999973856,VSM.DynamicRasterDraw,19968,1
87,597.7359353999999,1.955599999973856,VSM.StaticRaster,7168,1
87,597.7359353999999,1.955599999973856,VSM.UnityCompatibilityRaster,0,0
87,597.7359353999999,1.955599999973856,VSM.Resolve,7464448,1
87,597.7359353999999,1.955599999973856,VSM.ResolveTrace,7239168,1
87,597.7359353999999,1.955599999973856,VSM.FilterHorizontal,65024,1
87,597.7359353999999,1.955599999973856,VSM.FilterVertical,0,0
87,597.7359353999999,1.955599999973856,VSM.FilterTemporalVertical,159488,1
87,597.7359353999999,1.955599999973856,VSM.ResetFeedback,0,1
88,597.75402409999992,1.8709999999373395,VSM.MarkReceiverPages,893184,1
88,597.75402409999992,1.8709999999373395,VSM.AllocationPrepare,9472,1
88,597.75402409999992,1.8709999999373395,VSM.AllocationCommit,1084416,1
88,597.75402409999992,1.8709999999373395,VSM.Allocate,1468416,1
88,597.75402409999992,1.8709999999373395,VSM.ClearPhysicalPages,344320,1
88,597.75402409999992,1.8709999999373395,VSM.PageOccupancy,87296,1
88,597.75402409999992,1.8709999999373395,VSM.FinalizePages,2048,1
88,597.75402409999992,1.8709999999373395,VSM.DynamicRaster,19712,1
88,597.75402409999992,1.8709999999373395,VSM.LayoutRemap,0,1
88,597.75402409999992,1.8709999999373395,VSM.InvalidateStatic,0,0
88,597.75402409999992,1.8709999999373395,VSM.InvalidateDynamic,3072,1
88,597.75402409999992,1.8709999999373395,VSM.StaticCasterCull,416000,1
88,597.75402409999992,1.8709999999373395,VSM.DynamicCasterCull,139776,1
88,597.75402409999992,1.8709999999373395,VSM.PageCull,521216,2
88,597.75402409999992,1.8709999999373395,VSM.StaticRasterClear,0,1
88,597.75402409999992,1.8709999999373395,VSM.StaticRasterDraw,6912,1
88,597.75402409999992,1.8709999999373395,VSM.DynamicRasterClear,0,1
88,597.75402409999992,1.8709999999373395,VSM.DynamicRasterDraw,19712,1
88,597.75402409999992,1.8709999999373395,VSM.StaticRaster,7424,1
88,597.75402409999992,1.8709999999373395,VSM.UnityCompatibilityRaster,0,0
88,597.75402409999992,1.8709999999373395,VSM.Resolve,6920704,1
88,597.75402409999992,1.8709999999373395,VSM.ResolveTrace,6695168,1
88,597.75402409999992,1.8709999999373395,VSM.FilterHorizontal,65536,1
88,597.75402409999992,1.8709999999373395,VSM.FilterVertical,0,0
88,597.75402409999992,1.8709999999373395,VSM.FilterTemporalVertical,158976,1
88,597.75402409999992,1.8709999999373395,VSM.ResetFeedback,0,1
89,597.7723327,2.0380000000841392,VSM.MarkReceiverPages,1299456,1
89,597.7723327,2.0380000000841392,VSM.AllocationPrepare,9728,1
89,597.7723327,2.0380000000841392,VSM.AllocationCommit,1084416,1
89,597.7723327,2.0380000000841392,VSM.Allocate,1094656,1
89,597.7723327,2.0380000000841392,VSM.ClearPhysicalPages,344320,1
89,597.7723327,2.0380000000841392,VSM.PageOccupancy,88320,1
89,597.7723327,2.0380000000841392,VSM.FinalizePages,2304,1
89,597.7723327,2.0380000000841392,VSM.DynamicRaster,19968,1
89,597.7723327,2.0380000000841392,VSM.LayoutRemap,0,1
89,597.7723327,2.0380000000841392,VSM.InvalidateStatic,0,0
89,597.7723327,2.0380000000841392,VSM.InvalidateDynamic,1792,1
89,597.7723327,2.0380000000841392,VSM.StaticCasterCull,412672,1
89,597.7723327,2.0380000000841392,VSM.DynamicCasterCull,145664,1
89,597.7723327,2.0380000000841392,VSM.PageCull,524288,2
89,597.7723327,2.0380000000841392,VSM.StaticRasterClear,0,1
89,597.7723327,2.0380000000841392,VSM.StaticRasterDraw,7168,1
89,597.7723327,2.0380000000841392,VSM.DynamicRasterClear,0,1
89,597.7723327,2.0380000000841392,VSM.DynamicRasterDraw,19712,1
89,597.7723327,2.0380000000841392,VSM.StaticRaster,7424,1
89,597.7723327,2.0380000000841392,VSM.UnityCompatibilityRaster,0,0
89,597.7723327,2.0380000000841392,VSM.Resolve,7166464,1
89,597.7723327,2.0380000000841392,VSM.ResolveTrace,6937600,1
89,597.7723327,2.0380000000841392,VSM.FilterHorizontal,66560,1
89,597.7723327,2.0380000000841392,VSM.FilterVertical,0,0
89,597.7723327,2.0380000000841392,VSM.FilterTemporalVertical,161280,1
89,597.7723327,2.0380000000841392,VSM.ResetFeedback,0,1
90,597.78993159999993,1.9932000000153494,VSM.MarkReceiverPages,896000,1
90,597.78993159999993,1.9932000000153494,VSM.AllocationPrepare,9472,1
90,597.78993159999993,1.9932000000153494,VSM.AllocationCommit,1084672,1
90,597.78993159999993,1.9932000000153494,VSM.Allocate,1556992,1
90,597.78993159999993,1.9932000000153494,VSM.ClearPhysicalPages,343808,1
90,597.78993159999993,1.9932000000153494,VSM.PageOccupancy,87040,1
90,597.78993159999993,1.9932000000153494,VSM.FinalizePages,1792,1
90,597.78993159999993,1.9932000000153494,VSM.DynamicRaster,19712,1
90,597.78993159999993,1.9932000000153494,VSM.LayoutRemap,0,1
90,597.78993159999993,1.9932000000153494,VSM.InvalidateStatic,0,0
90,597.78993159999993,1.9932000000153494,VSM.InvalidateDynamic,1792,1
90,597.78993159999993,1.9932000000153494,VSM.StaticCasterCull,433920,1
90,597.78993159999993,1.9932000000153494,VSM.DynamicCasterCull,143104,1
90,597.78993159999993,1.9932000000153494,VSM.PageCull,543488,2
90,597.78993159999993,1.9932000000153494,VSM.StaticRasterClear,0,1
90,597.78993159999993,1.9932000000153494,VSM.StaticRasterDraw,3328,1
90,597.78993159999993,1.9932000000153494,VSM.DynamicRasterClear,0,1
90,597.78993159999993,1.9932000000153494,VSM.DynamicRasterDraw,19712,1
90,597.78993159999993,1.9932000000153494,VSM.StaticRaster,3328,1
90,597.78993159999993,1.9932000000153494,VSM.UnityCompatibilityRaster,0,0
90,597.78993159999993,1.9932000000153494,VSM.Resolve,7502592,1
90,597.78993159999993,1.9932000000153494,VSM.ResolveTrace,7274240,1
90,597.78993159999993,1.9932000000153494,VSM.FilterHorizontal,66816,1
90,597.78993159999993,1.9932000000153494,VSM.FilterVertical,0,0
90,597.78993159999993,1.9932000000153494,VSM.FilterTemporalVertical,160512,1
90,597.78993159999993,1.9932000000153494,VSM.ResetFeedback,0,1
91,597.80730269999992,2.0313999999643784,VSM.MarkReceiverPages,893952,1
91,597.80730269999992,2.0313999999643784,VSM.AllocationPrepare,9472,1
91,597.80730269999992,2.0313999999643784,VSM.AllocationCommit,1085696,1
91,597.80730269999992,2.0313999999643784,VSM.Allocate,1596928,1
91,597.80730269999992,2.0313999999643784,VSM.ClearPhysicalPages,344832,1
91,597.80730269999992,2.0313999999643784,VSM.PageOccupancy,87552,1
91,597.80730269999992,2.0313999999643784,VSM.FinalizePages,2304,1
91,597.80730269999992,2.0313999999643784,VSM.DynamicRaster,112640,1
91,597.80730269999992,2.0313999999643784,VSM.LayoutRemap,0,1
91,597.80730269999992,2.0313999999643784,VSM.InvalidateStatic,0,0
91,597.80730269999992,2.0313999999643784,VSM.InvalidateDynamic,3328,1
91,597.80730269999992,2.0313999999643784,VSM.StaticCasterCull,410880,1
91,597.80730269999992,2.0313999999643784,VSM.DynamicCasterCull,233984,1
91,597.80730269999992,2.0313999999643784,VSM.PageCull,440576,2
91,597.80730269999992,2.0313999999643784,VSM.StaticRasterClear,0,1
91,597.80730269999992,2.0313999999643784,VSM.StaticRasterDraw,3328,1
91,597.80730269999992,2.0313999999643784,VSM.DynamicRasterClear,91904,1
91,597.80730269999992,2.0313999999643784,VSM.DynamicRasterDraw,20480,1
91,597.80730269999992,2.0313999999643784,VSM.StaticRaster,3584,1
91,597.80730269999992,2.0313999999643784,VSM.UnityCompatibilityRaster,0,0
91,597.80730269999992,2.0313999999643784,VSM.Resolve,7735552,1
91,597.80730269999992,2.0313999999643784,VSM.ResolveTrace,7506176,1
91,597.80730269999992,2.0313999999643784,VSM.FilterHorizontal,67840,1
91,597.80730269999992,2.0313999999643784,VSM.FilterVertical,0,0
91,597.80730269999992,2.0313999999643784,VSM.FilterTemporalVertical,160256,1
91,597.80730269999992,2.0313999999643784,VSM.ResetFeedback,0,1
92,597.8255613,2.2086000000172135,VSM.MarkReceiverPages,887808,1
92,597.8255613,2.2086000000172135,VSM.AllocationPrepare,9472,1
92,597.8255613,2.2086000000172135,VSM.AllocationCommit,1084672,1
92,597.8255613,2.2086000000172135,VSM.Allocate,1094400,1
92,597.8255613,2.2086000000172135,VSM.ClearPhysicalPages,517120,1
92,597.8255613,2.2086000000172135,VSM.PageOccupancy,89344,1
92,597.8255613,2.2086000000172135,VSM.FinalizePages,2048,1
92,597.8255613,2.2086000000172135,VSM.DynamicRaster,19712,1
92,597.8255613,2.2086000000172135,VSM.LayoutRemap,0,1
92,597.8255613,2.2086000000172135,VSM.InvalidateStatic,0,0
92,597.8255613,2.2086000000172135,VSM.InvalidateDynamic,1536,1
92,597.8255613,2.2086000000172135,VSM.StaticCasterCull,414976,1
92,597.8255613,2.2086000000172135,VSM.DynamicCasterCull,144128,1
92,597.8255613,2.2086000000172135,VSM.PageCull,525056,2
92,597.8255613,2.2086000000172135,VSM.StaticRasterClear,256,1
92,597.8255613,2.2086000000172135,VSM.StaticRasterDraw,7168,1
92,597.8255613,2.2086000000172135,VSM.DynamicRasterClear,256,1
92,597.8255613,2.2086000000172135,VSM.DynamicRasterDraw,19456,1
92,597.8255613,2.2086000000172135,VSM.StaticRaster,7424,1
92,597.8255613,2.2086000000172135,VSM.UnityCompatibilityRaster,0,0
92,597.8255613,2.2086000000172135,VSM.Resolve,7518976,1
92,597.8255613,2.2086000000172135,VSM.ResolveTrace,7291904,1
92,597.8255613,2.2086000000172135,VSM.FilterHorizontal,65792,1
92,597.8255613,2.2086000000172135,VSM.FilterVertical,0,0
92,597.8255613,2.2086000000172135,VSM.FilterTemporalVertical,160000,1
92,597.8255613,2.2086000000172135,VSM.ResetFeedback,0,1
93,597.843712,2.2017000000005282,VSM.MarkReceiverPages,893440,1
93,597.843712,2.2017000000005282,VSM.AllocationPrepare,9728,1
93,597.843712,2.2017000000005282,VSM.AllocationCommit,1084672,1
93,597.843712,2.2017000000005282,VSM.Allocate,1094400,1
93,597.843712,2.2017000000005282,VSM.ClearPhysicalPages,343808,1
93,597.843712,2.2017000000005282,VSM.PageOccupancy,87296,1
93,597.843712,2.2017000000005282,VSM.FinalizePages,2560,1
93,597.843712,2.2017000000005282,VSM.DynamicRaster,19712,1
93,597.843712,2.2017000000005282,VSM.LayoutRemap,0,1
93,597.843712,2.2017000000005282,VSM.InvalidateStatic,0,0
93,597.843712,2.2017000000005282,VSM.InvalidateDynamic,1792,1
93,597.843712,2.2017000000005282,VSM.StaticCasterCull,703488,1
93,597.843712,2.2017000000005282,VSM.DynamicCasterCull,141568,1
93,597.843712,2.2017000000005282,VSM.PageCull,514048,2
93,597.843712,2.2017000000005282,VSM.StaticRasterClear,256,1
93,597.843712,2.2017000000005282,VSM.StaticRasterDraw,6912,1
93,597.843712,2.2017000000005282,VSM.DynamicRasterClear,0,1
93,597.843712,2.2017000000005282,VSM.DynamicRasterDraw,19712,1
93,597.843712,2.2017000000005282,VSM.StaticRaster,7168,1
93,597.843712,2.2017000000005282,VSM.UnityCompatibilityRaster,0,0
93,597.843712,2.2017000000005282,VSM.Resolve,7376640,1
93,597.843712,2.2017000000005282,VSM.ResolveTrace,7151616,1
93,597.843712,2.2017000000005282,VSM.FilterHorizontal,65792,1
93,597.843712,2.2017000000005282,VSM.FilterVertical,0,0
93,597.843712,2.2017000000005282,VSM.FilterTemporalVertical,158208,1
93,597.843712,2.2017000000005282,VSM.ResetFeedback,0,1
94,597.8613197,1.9978999999921143,VSM.MarkReceiverPages,892928,1
94,597.8613197,1.9978999999921143,VSM.AllocationPrepare,9472,1
94,597.8613197,1.9978999999921143,VSM.AllocationCommit,1085184,1
94,597.8613197,1.9978999999921143,VSM.Allocate,1356288,1
94,597.8613197,1.9978999999921143,VSM.ClearPhysicalPages,344320,1
94,597.8613197,1.9978999999921143,VSM.PageOccupancy,87552,1
94,597.8613197,1.9978999999921143,VSM.FinalizePages,2048,1
94,597.8613197,1.9978999999921143,VSM.DynamicRaster,19712,1
94,597.8613197,1.9978999999921143,VSM.LayoutRemap,0,1
94,597.8613197,1.9978999999921143,VSM.InvalidateStatic,0,0
94,597.8613197,1.9978999999921143,VSM.InvalidateDynamic,1792,1
94,597.8613197,1.9978999999921143,VSM.StaticCasterCull,423936,1
94,597.8613197,1.9978999999921143,VSM.DynamicCasterCull,142336,1
94,597.8613197,1.9978999999921143,VSM.PageCull,532480,2
94,597.8613197,1.9978999999921143,VSM.StaticRasterClear,0,1
94,597.8613197,1.9978999999921143,VSM.StaticRasterDraw,7168,1
94,597.8613197,1.9978999999921143,VSM.DynamicRasterClear,256,1
94,597.8613197,1.9978999999921143,VSM.DynamicRasterDraw,19456,1
94,597.8613197,1.9978999999921143,VSM.StaticRaster,7424,1
94,597.8613197,1.9978999999921143,VSM.UnityCompatibilityRaster,0,0
94,597.8613197,1.9978999999921143,VSM.Resolve,7437824,1
94,597.8613197,1.9978999999921143,VSM.ResolveTrace,7208192,1
94,597.8613197,1.9978999999921143,VSM.FilterHorizontal,65536,1
94,597.8613197,1.9978999999921143,VSM.FilterVertical,0,0
94,597.8613197,1.9978999999921143,VSM.FilterTemporalVertical,163072,1
94,597.8613197,1.9978999999921143,VSM.ResetFeedback,0,1
95,597.8783321,2.0852000000104454,VSM.MarkReceiverPages,915456,1
95,597.8783321,2.0852000000104454,VSM.AllocationPrepare,9216,1
95,597.8783321,2.0852000000104454,VSM.AllocationCommit,1084672,1
95,597.8783321,2.0852000000104454,VSM.Allocate,1532160,1
95,597.8783321,2.0852000000104454,VSM.ClearPhysicalPages,344832,1
95,597.8783321,2.0852000000104454,VSM.PageOccupancy,87040,1
95,597.8783321,2.0852000000104454,VSM.FinalizePages,2048,1
95,597.8783321,2.0852000000104454,VSM.DynamicRaster,19712,1
95,597.8783321,2.0852000000104454,VSM.LayoutRemap,0,1
95,597.8783321,2.0852000000104454,VSM.InvalidateStatic,0,0
95,597.8783321,2.0852000000104454,VSM.InvalidateDynamic,3328,1
95,597.8783321,2.0852000000104454,VSM.StaticCasterCull,432896,1
95,597.8783321,2.0852000000104454,VSM.DynamicCasterCull,148224,1
95,597.8783321,2.0852000000104454,VSM.PageCull,547072,2
95,597.8783321,2.0852000000104454,VSM.StaticRasterClear,0,1
95,597.8783321,2.0852000000104454,VSM.StaticRasterDraw,6912,1
95,597.8783321,2.0852000000104454,VSM.DynamicRasterClear,0,1
95,597.8783321,2.0852000000104454,VSM.DynamicRasterDraw,19456,1
95,597.8783321,2.0852000000104454,VSM.StaticRaster,7168,1
95,597.8783321,2.0852000000104454,VSM.UnityCompatibilityRaster,0,0
95,597.8783321,2.0852000000104454,VSM.Resolve,7232768,1
95,597.8783321,2.0852000000104454,VSM.ResolveTrace,7006976,1
95,597.8783321,2.0852000000104454,VSM.FilterHorizontal,65536,1
95,597.8783321,2.0852000000104454,VSM.FilterVertical,0,0
95,597.8783321,2.0852000000104454,VSM.FilterTemporalVertical,159232,1
95,597.8783321,2.0852000000104454,VSM.ResetFeedback,0,1
