observation,editor_time,camera_cpu_ms,marker,gpu_ns,gpu_sample_count
0,610.4877594,2.1656000000120912,VSM.MarkReceiverPages,891136,1
0,610.4877594,2.1656000000120912,VSM.AllocationPrepare,9216,1
0,610.4877594,2.1656000000120912,VSM.AllocationCommit,1084672,1
0,610.4877594,2.1656000000120912,VSM.Allocate,1722624,1
0,610.4877594,2.1656000000120912,VSM.ClearPhysicalPages,122112,1
0,610.4877594,2.1656000000120912,VSM.PageOccupancy,2816,1
0,610.4877594,2.1656000000120912,VSM.FinalizePages,2304,1
0,610.4877594,2.1656000000120912,VSM.DynamicRaster,8192,1
0,610.4877594,2.1656000000120912,VSM.LayoutRemap,0,1
0,610.4877594,2.1656000000120912,VSM.InvalidateStatic,0,0
0,610.4877594,2.1656000000120912,VSM.InvalidateDynamic,256,1
0,610.4877594,2.1656000000120912,VSM.StaticCasterCull,436224,1
0,610.4877594,2.1656000000120912,VSM.DynamicCasterCull,141056,1
0,610.4877594,2.1656000000120912,VSM.PageCull,543488,2
0,610.4877594,2.1656000000120912,VSM.StaticRasterClear,0,1
0,610.4877594,2.1656000000120912,VSM.StaticRasterDraw,6144,1
0,610.4877594,2.1656000000120912,VSM.DynamicRasterClear,256,1
0,610.4877594,2.1656000000120912,VSM.DynamicRasterDraw,7936,1
0,610.4877594,2.1656000000120912,VSM.StaticRaster,6400,1
0,610.4877594,2.1656000000120912,VSM.UnityCompatibilityRaster,0,0
0,610.4877594,2.1656000000120912,VSM.Resolve,7311104,1
0,610.4877594,2.1656000000120912,VSM.ResolveTrace,7081728,1
0,610.4877594,2.1656000000120912,VSM.FilterHorizontal,67584,1
0,610.4877594,2.1656000000120912,VSM.FilterVertical,0,0
0,610.4877594,2.1656000000120912,VSM.FilterTemporalVertical,160768,1
0,610.4877594,2.1656000000120912,VSM.ResetFeedback,0,1
1,610.505104,1.8853999999919324,VSM.MarkReceiverPages,894976,1
1,610.505104,1.8853999999919324,VSM.AllocationPrepare,9472,1
1,610.505104,1.8853999999919324,VSM.AllocationCommit,1084416,1
1,610.505104,1.8853999999919324,VSM.Allocate,1344256,1
1,610.505104,1.8853999999919324,VSM.ClearPhysicalPages,119296,1
1,610.505104,1.8853999999919324,VSM.PageOccupancy,2560,1
1,610.505104,1.8853999999919324,VSM.FinalizePages,1792,1
1,610.505104,1.8853999999919324,VSM.DynamicRaster,7680,1
1,610.505104,1.8853999999919324,VSM.LayoutRemap,0,1
1,610.505104,1.8853999999919324,VSM.InvalidateStatic,0,0
1,610.505104,1.8853999999919324,VSM.InvalidateDynamic,0,1
1,610.505104,1.8853999999919324,VSM.StaticCasterCull,420608,1
1,610.505104,1.8853999999919324,VSM.DynamicCasterCull,147200,1
1,610.505104,1.8853999999919324,VSM.PageCull,534784,2
1,610.505104,1.8853999999919324,VSM.StaticRasterClear,0,1
1,610.505104,1.8853999999919324,VSM.StaticRasterDraw,7168,1
1,610.505104,1.8853999999919324,VSM.DynamicRasterClear,256,1
1,610.505104,1.8853999999919324,VSM.DynamicRasterDraw,7424,1
1,610.505104,1.8853999999919324,VSM.StaticRaster,7424,1
1,610.505104,1.8853999999919324,VSM.UnityCompatibilityRaster,0,0
1,610.505104,1.8853999999919324,VSM.Resolve,7388672,1
1,610.505104,1.8853999999919324,VSM.ResolveTrace,7161856,1
1,610.505104,1.8853999999919324,VSM.FilterHorizontal,65280,1
1,610.505104,1.8853999999919324,VSM.FilterVertical,0,0
1,610.505104,1.8853999999919324,VSM.FilterTemporalVertical,160512,1
1,610.505104,1.8853999999919324,VSM.ResetFeedback,0,1
2,610.52282259999993,1.8993999999565858,VSM.MarkReceiverPages,894976,1
2,610.52282259999993,1.8993999999565858,VSM.AllocationPrepare,9472,1
2,610.52282259999993,1.8993999999565858,VSM.AllocationCommit,1083392,1
2,610.52282259999993,1.8993999999565858,VSM.Allocate,1329920,1
2,610.52282259999993,1.8993999999565858,VSM.ClearPhysicalPages,118784,1
2,610.52282259999993,1.8993999999565858,VSM.PageOccupancy,2560,1
2,610.52282259999993,1.8993999999565858,VSM.FinalizePages,1792,1
2,610.52282259999993,1.8993999999565858,VSM.DynamicRaster,7424,1
2,610.52282259999993,1.8993999999565858,VSM.LayoutRemap,0,1
2,610.52282259999993,1.8993999999565858,VSM.InvalidateStatic,0,0
2,610.52282259999993,1.8993999999565858,VSM.InvalidateDynamic,0,1
2,610.52282259999993,1.8993999999565858,VSM.StaticCasterCull,408064,1
2,610.52282259999993,1.8993999999565858,VSM.DynamicCasterCull,145920,1
2,610.52282259999993,1.8993999999565858,VSM.PageCull,520448,2
2,610.52282259999993,1.8993999999565858,VSM.StaticRasterClear,0,1
2,610.52282259999993,1.8993999999565858,VSM.StaticRasterDraw,3328,1
2,610.52282259999993,1.8993999999565858,VSM.DynamicRasterClear,256,1
2,610.52282259999993,1.8993999999565858,VSM.DynamicRasterDraw,7168,1
2,610.52282259999993,1.8993999999565858,VSM.StaticRaster,3328,1
2,610.52282259999993,1.8993999999565858,VSM.UnityCompatibilityRaster,0,0
2,610.52282259999993,1.8993999999565858,VSM.Resolve,7191808,1
2,610.52282259999993,1.8993999999565858,VSM.ResolveTrace,6965504,1
2,610.52282259999993,1.8993999999565858,VSM.FilterHorizontal,65792,1
2,610.52282259999993,1.8993999999565858,VSM.FilterVertical,0,0
2,610.52282259999993,1.8993999999565858,VSM.FilterTemporalVertical,159488,1
2,610.52282259999993,1.8993999999565858,VSM.ResetFeedback,0,1
3,610.54017279999994,2.0627999999760505,VSM.MarkReceiverPages,1088000,1
3,610.54017279999994,2.0627999999760505,VSM.AllocationPrepare,9728,1
3,610.54017279999994,2.0627999999760505,VSM.AllocationCommit,1084672,1
3,610.54017279999994,2.0627999999760505,VSM.Allocate,1095168,1
3,610.54017279999994,2.0627999999760505,VSM.ClearPhysicalPages,119040,1
3,610.54017279999994,2.0627999999760505,VSM.PageOccupancy,2816,1
3,610.54017279999994,2.0627999999760505,VSM.FinalizePages,1792,1
3,610.54017279999994,2.0627999999760505,VSM.DynamicRaster,7680,1
3,610.54017279999994,2.0627999999760505,VSM.LayoutRemap,0,1
3,610.54017279999994,2.0627999999760505,VSM.InvalidateStatic,0,0
3,610.54017279999994,2.0627999999760505,VSM.InvalidateDynamic,256,1
3,610.54017279999994,2.0627999999760505,VSM.StaticCasterCull,433920,1
3,610.54017279999994,2.0627999999760505,VSM.DynamicCasterCull,142336,1
3,610.54017279999994,2.0627999999760505,VSM.PageCull,543488,2
3,610.54017279999994,2.0627999999760505,VSM.StaticRasterClear,0,1
3,610.54017279999994,2.0627999999760505,VSM.StaticRasterDraw,7168,1
3,610.54017279999994,2.0627999999760505,VSM.DynamicRasterClear,0,1
3,610.54017279999994,2.0627999999760505,VSM.DynamicRasterDraw,7424,1
3,610.54017279999994,2.0627999999760505,VSM.StaticRaster,7168,1
3,610.54017279999994,2.0627999999760505,VSM.UnityCompatibilityRaster,0,0
3,610.54017279999994,2.0627999999760505,VSM.Resolve,7324416,1
3,610.54017279999994,2.0627999999760505,VSM.ResolveTrace,6855936,1
3,610.54017279999994,2.0627999999760505,VSM.FilterHorizontal,65280,1
3,610.54017279999994,2.0627999999760505,VSM.FilterVertical,0,0
3,610.54017279999994,2.0627999999760505,VSM.FilterTemporalVertical,158976,1
3,610.54017279999994,2.0627999999760505,VSM.ResetFeedback,0,1
4,610.5587925,2.4689000000535088,VSM.MarkReceiverPages,891904,1
4,610.5587925,2.4689000000535088,VSM.AllocationPrepare,9472,1
4,610.5587925,2.4689000000535088,VSM.AllocationCommit,1084672,1
4,610.5587925,2.4689000000535088,VSM.Allocate,1557504,1
4,610.5587925,2.4689000000535088,VSM.ClearPhysicalPages,119040,1
4,610.5587925,2.4689000000535088,VSM.PageOccupancy,2816,1
4,610.5587925,2.4689000000535088,VSM.FinalizePages,1792,1
4,610.5587925,2.4689000000535088,VSM.DynamicRaster,7168,1
4,610.5587925,2.4689000000535088,VSM.LayoutRemap,0,1
4,610.5587925,2.4689000000535088,VSM.InvalidateStatic,0,0
4,610.5587925,2.4689000000535088,VSM.InvalidateDynamic,0,1
4,610.5587925,2.4689000000535088,VSM.StaticCasterCull,442368,1
4,610.5587925,2.4689000000535088,VSM.DynamicCasterCull,140544,1
4,610.5587925,2.4689000000535088,VSM.PageCull,549376,2
4,610.5587925,2.4689000000535088,VSM.StaticRasterClear,0,1
4,610.5587925,2.4689000000535088,VSM.StaticRasterDraw,7168,1
4,610.5587925,2.4689000000535088,VSM.DynamicRasterClear,0,1
4,610.5587925,2.4689000000535088,VSM.DynamicRasterDraw,6912,1
4,610.5587925,2.4689000000535088,VSM.StaticRaster,7424,1
4,610.5587925,2.4689000000535088,VSM.UnityCompatibilityRaster,0,0
4,610.5587925,2.4689000000535088,VSM.Resolve,7970304,1
4,610.5587925,2.4689000000535088,VSM.ResolveTrace,7738624,1
4,610.5587925,2.4689000000535088,VSM.FilterHorizontal,67328,1
4,610.5587925,2.4689000000535088,VSM.FilterVertical,0,0
4,610.5587925,2.4689000000535088,VSM.FilterTemporalVertical,163328,1
4,610.5587925,2.4689000000535088,VSM.ResetFeedback,0,1
5,610.5763688,2.2774999999910506,VSM.MarkReceiverPages,891648,1
5,610.5763688,2.2774999999910506,VSM.AllocationPrepare,9728,1
5,610.5763688,2.2774999999910506,VSM.AllocationCommit,1084672,1
5,610.5763688,2.2774999999910506,VSM.Allocate,1254400,1
5,610.5763688,2.2774999999910506,VSM.ClearPhysicalPages,119040,1
5,610.5763688,2.2774999999910506,VSM.PageOccupancy,2816,1
5,610.5763688,2.2774999999910506,VSM.FinalizePages,1536,1
5,610.5763688,2.2774999999910506,VSM.DynamicRaster,5888,1
5,610.5763688,2.2774999999910506,VSM.LayoutRemap,0,1
5,610.5763688,2.2774999999910506,VSM.InvalidateStatic,0,0
5,610.5763688,2.2774999999910506,VSM.InvalidateDynamic,0,1
5,610.5763688,2.2774999999910506,VSM.StaticCasterCull,416768,1
5,610.5763688,2.2774999999910506,VSM.DynamicCasterCull,139008,1
5,610.5763688,2.2774999999910506,VSM.PageCull,522752,2
5,610.5763688,2.2774999999910506,VSM.StaticRasterClear,0,1
5,610.5763688,2.2774999999910506,VSM.StaticRasterDraw,7168,1
5,610.5763688,2.2774999999910506,VSM.DynamicRasterClear,0,1
5,610.5763688,2.2774999999910506,VSM.DynamicRasterDraw,5632,1
5,610.5763688,2.2774999999910506,VSM.StaticRaster,7424,1
5,610.5763688,2.2774999999910506,VSM.UnityCompatibilityRaster,0,0
5,610.5763688,2.2774999999910506,VSM.Resolve,7475456,1
5,610.5763688,2.2774999999910506,VSM.ResolveTrace,7246848,1
5,610.5763688,2.2774999999910506,VSM.FilterHorizontal,66560,1
5,610.5763688,2.2774999999910506,VSM.FilterVertical,0,0
5,610.5763688,2.2774999999910506,VSM.FilterTemporalVertical,160768,1
5,610.5763688,2.2774999999910506,VSM.ResetFeedback,0,1
6,610.59444539999993,2.2275000000036016,VSM.MarkReceiverPages,894976,1
6,610.59444539999993,2.2275000000036016,VSM.AllocationPrepare,9472,1
6,610.59444539999993,2.2275000000036016,VSM.AllocationCommit,1084928,1
6,610.59444539999993,2.2275000000036016,VSM.Allocate,1373952,1
6,610.59444539999993,2.2275000000036016,VSM.ClearPhysicalPages,119040,1
6,610.59444539999993,2.2275000000036016,VSM.PageOccupancy,2816,1
6,610.59444539999993,2.2275000000036016,VSM.FinalizePages,2304,1
6,610.59444539999993,2.2275000000036016,VSM.DynamicRaster,7424,1
6,610.59444539999993,2.2275000000036016,VSM.LayoutRemap,0,1
6,610.59444539999993,2.2275000000036016,VSM.InvalidateStatic,0,0
6,610.59444539999993,2.2275000000036016,VSM.InvalidateDynamic,0,1
6,610.59444539999993,2.2275000000036016,VSM.StaticCasterCull,417536,1
6,610.59444539999993,2.2275000000036016,VSM.DynamicCasterCull,146944,1
6,610.59444539999993,2.2275000000036016,VSM.PageCull,530688,2
6,610.59444539999993,2.2275000000036016,VSM.StaticRasterClear,256,1
6,610.59444539999993,2.2275000000036016,VSM.StaticRasterDraw,4608,1
6,610.59444539999993,2.2275000000036016,VSM.DynamicRasterClear,0,1
6,610.59444539999993,2.2275000000036016,VSM.DynamicRasterDraw,7168,1
6,610.59444539999993,2.2275000000036016,VSM.StaticRaster,4864,1
6,610.59444539999993,2.2275000000036016,VSM.UnityCompatibilityRaster,0,0
6,610.59444539999993,2.2275000000036016,VSM.Resolve,7790592,1
6,610.59444539999993,2.2275000000036016,VSM.ResolveTrace,7566080,1
6,610.59444539999993,2.2275000000036016,VSM.FilterHorizontal,65024,1
6,610.59444539999993,2.2275000000036016,VSM.FilterVertical,0,0
6,610.59444539999993,2.2275000000036016,VSM.FilterTemporalVertical,158464,1
6,610.59444539999993,2.2275000000036016,VSM.ResetFeedback,0,1
7,610.6122148,2.1941999999626205,VSM.MarkReceiverPages,899328,1
7,610.6122148,2.1941999999626205,VSM.AllocationPrepare,9472,1
7,610.6122148,2.1941999999626205,VSM.AllocationCommit,1084416,1
7,610.6122148,2.1941999999626205,VSM.Allocate,1365760,1
7,610.6122148,2.1941999999626205,VSM.ClearPhysicalPages,119040,1
7,610.6122148,2.1941999999626205,VSM.PageOccupancy,2560,1
7,610.6122148,2.1941999999626205,VSM.FinalizePages,2304,1
7,610.6122148,2.1941999999626205,VSM.DynamicRaster,7168,1
7,610.6122148,2.1941999999626205,VSM.LayoutRemap,0,1
7,610.6122148,2.1941999999626205,VSM.InvalidateStatic,0,0
7,610.6122148,2.1941999999626205,VSM.InvalidateDynamic,256,1
7,610.6122148,2.1941999999626205,VSM.StaticCasterCull,425728,1
7,610.6122148,2.1941999999626205,VSM.DynamicCasterCull,140544,1
7,610.6122148,2.1941999999626205,VSM.PageCull,532480,2
7,610.6122148,2.1941999999626205,VSM.StaticRasterClear,0,1
7,610.6122148,2.1941999999626205,VSM.StaticRasterDraw,6912,1
7,610.6122148,2.1941999999626205,VSM.DynamicRasterClear,256,1
7,610.6122148,2.1941999999626205,VSM.DynamicRasterDraw,6912,1
7,610.6122148,2.1941999999626205,VSM.StaticRaster,7168,1
7,610.6122148,2.1941999999626205,VSM.UnityCompatibilityRaster,0,0
7,610.6122148,2.1941999999626205,VSM.Resolve,7440640,1
7,610.6122148,2.1941999999626205,VSM.ResolveTrace,7039232,1
7,610.6122148,2.1941999999626205,VSM.FilterHorizontal,239872,1
7,610.6122148,2.1941999999626205,VSM.FilterVertical,0,0
7,610.6122148,2.1941999999626205,VSM.FilterTemporalVertical,160256,1
7,610.6122148,2.1941999999626205,VSM.ResetFeedback,0,1
8,610.6300230999999,2.3373999999876105,VSM.MarkReceiverPages,893184,1
8,610.6300230999999,2.3373999999876105,VSM.AllocationPrepare,9472,1
8,610.6300230999999,2.3373999999876105,VSM.AllocationCommit,1085184,1
8,610.6300230999999,2.3373999999876105,VSM.Allocate,1516032,1
8,610.6300230999999,2.3373999999876105,VSM.ClearPhysicalPages,122112,1
8,610.6300230999999,2.3373999999876105,VSM.PageOccupancy,2816,1
8,610.6300230999999,2.3373999999876105,VSM.FinalizePages,2560,1
8,610.6300230999999,2.3373999999876105,VSM.DynamicRaster,7168,1
8,610.6300230999999,2.3373999999876105,VSM.LayoutRemap,0,1
8,610.6300230999999,2.3373999999876105,VSM.InvalidateStatic,0,0
8,610.6300230999999,2.3373999999876105,VSM.InvalidateDynamic,256,1
8,610.6300230999999,2.3373999999876105,VSM.StaticCasterCull,427776,1
8,610.6300230999999,2.3373999999876105,VSM.DynamicCasterCull,145920,1
8,610.6300230999999,2.3373999999876105,VSM.PageCull,539904,2
8,610.6300230999999,2.3373999999876105,VSM.StaticRasterClear,0,1
8,610.6300230999999,2.3373999999876105,VSM.StaticRasterDraw,7424,1
8,610.6300230999999,2.3373999999876105,VSM.DynamicRasterClear,256,1
8,610.6300230999999,2.3373999999876105,VSM.DynamicRasterDraw,6912,1
8,610.6300230999999,2.3373999999876105,VSM.StaticRaster,7424,1
8,610.6300230999999,2.3373999999876105,VSM.UnityCompatibilityRaster,0,0
8,610.6300230999999,2.3373999999876105,VSM.Resolve,7704832,1
8,610.6300230999999,2.3373999999876105,VSM.ResolveTrace,7478784,1
8,610.6300230999999,2.3373999999876105,VSM.FilterHorizontal,65024,1
8,610.6300230999999,2.3373999999876105,VSM.FilterVertical,0,0
8,610.6300230999999,2.3373999999876105,VSM.FilterTemporalVertical,159744,1
8,610.6300230999999,2.3373999999876105,VSM.ResetFeedback,0,1
9,610.647424,2.1443000000545,VSM.MarkReceiverPages,1083136,1
9,610.647424,2.1443000000545,VSM.AllocationPrepare,9472,1
9,610.647424,2.1443000000545,VSM.AllocationCommit,1084928,1
9,610.647424,2.1443000000545,VSM.Allocate,1095168,1
9,610.647424,2.1443000000545,VSM.ClearPhysicalPages,119040,1
9,610.647424,2.1443000000545,VSM.PageOccupancy,2560,1
9,610.647424,2.1443000000545,VSM.FinalizePages,1792,1
9,610.647424,2.1443000000545,VSM.DynamicRaster,7168,1
9,610.647424,2.1443000000545,VSM.LayoutRemap,0,1
9,610.647424,2.1443000000545,VSM.InvalidateStatic,0,0
9,610.647424,2.1443000000545,VSM.InvalidateDynamic,256,1
9,610.647424,2.1443000000545,VSM.StaticCasterCull,425472,1
9,610.647424,2.1443000000545,VSM.DynamicCasterCull,145664,1
9,610.647424,2.1443000000545,VSM.PageCull,536832,2
9,610.647424,2.1443000000545,VSM.StaticRasterClear,0,1
9,610.647424,2.1443000000545,VSM.StaticRasterDraw,6912,1
9,610.647424,2.1443000000545,VSM.DynamicRasterClear,0,1
9,610.647424,2.1443000000545,VSM.DynamicRasterDraw,6912,1
9,610.647424,2.1443000000545,VSM.StaticRaster,7168,1
9,610.647424,2.1443000000545,VSM.UnityCompatibilityRaster,0,0
9,610.647424,2.1443000000545,VSM.Resolve,7351552,1
9,610.647424,2.1443000000545,VSM.ResolveTrace,7125504,1
9,610.647424,2.1443000000545,VSM.FilterHorizontal,65280,1
9,610.647424,2.1443000000545,VSM.FilterVertical,0,0
9,610.647424,2.1443000000545,VSM.FilterTemporalVertical,159744,1
9,610.647424,2.1443000000545,VSM.ResetFeedback,0,1
10,610.6644904,1.9606000000749191,VSM.MarkReceiverPages,893440,1
10,610.6644904,1.9606000000749191,VSM.AllocationPrepare,9216,1
10,610.6644904,1.9606000000749191,VSM.AllocationCommit,1084928,1
10,610.6644904,1.9606000000749191,VSM.Allocate,1250816,1
10,610.6644904,1.9606000000749191,VSM.ClearPhysicalPages,119040,1
10,610.6644904,1.9606000000749191,VSM.PageOccupancy,2560,1
10,610.6644904,1.9606000000749191,VSM.FinalizePages,1792,1
10,610.6644904,1.9606000000749191,VSM.DynamicRaster,7168,1
10,610.6644904,1.9606000000749191,VSM.LayoutRemap,0,1
10,610.6644904,1.9606000000749191,VSM.InvalidateStatic,0,0
10,610.6644904,1.9606000000749191,VSM.InvalidateDynamic,256,1
10,610.6644904,1.9606000000749191,VSM.StaticCasterCull,425728,1
10,610.6644904,1.9606000000749191,VSM.DynamicCasterCull,142336,1
10,610.6644904,1.9606000000749191,VSM.PageCull,535040,2
10,610.6644904,1.9606000000749191,VSM.StaticRasterClear,0,1
10,610.6644904,1.9606000000749191,VSM.StaticRasterDraw,3328,1
10,610.6644904,1.9606000000749191,VSM.DynamicRasterClear,256,1
10,610.6644904,1.9606000000749191,VSM.DynamicRasterDraw,6912,1
10,610.6644904,1.9606000000749191,VSM.StaticRaster,3584,1
10,610.6644904,1.9606000000749191,VSM.UnityCompatibilityRaster,0,0
10,610.6644904,1.9606000000749191,VSM.Resolve,7873536,1
10,610.6644904,1.9606000000749191,VSM.ResolveTrace,7645184,1
10,610.6644904,1.9606000000749191,VSM.FilterHorizontal,65792,1
10,610.6644904,1.9606000000749191,VSM.FilterVertical,0,0
10,610.6644904,1.9606000000749191,VSM.FilterTemporalVertical,161536,1
10,610.6644904,1.9606000000749191,VSM.ResetFeedback,0,1
11,610.6825418,2.4465999999847554,VSM.MarkReceiverPages,892928,1
11,610.6825418,2.4465999999847554,VSM.AllocationPrepare,9472,1
11,610.6825418,2.4465999999847554,VSM.AllocationCommit,1085184,1
11,610.6825418,2.4465999999847554,VSM.Allocate,1486336,1
11,610.6825418,2.4465999999847554,VSM.ClearPhysicalPages,119040,1
11,610.6825418,2.4465999999847554,VSM.PageOccupancy,2560,1
11,610.6825418,2.4465999999847554,VSM.FinalizePages,1792,1
11,610.6825418,2.4465999999847554,VSM.DynamicRaster,4096,1
11,610.6825418,2.4465999999847554,VSM.LayoutRemap,0,1
11,610.6825418,2.4465999999847554,VSM.InvalidateStatic,0,0
11,610.6825418,2.4465999999847554,VSM.InvalidateDynamic,256,1
11,610.6825418,2.4465999999847554,VSM.StaticCasterCull,423168,1
11,610.6825418,2.4465999999847554,VSM.DynamicCasterCull,137472,1
11,610.6825418,2.4465999999847554,VSM.PageCull,526592,2
11,610.6825418,2.4465999999847554,VSM.StaticRasterClear,0,1
11,610.6825418,2.4465999999847554,VSM.StaticRasterDraw,7168,1
11,610.6825418,2.4465999999847554,VSM.DynamicRasterClear,0,1
11,610.6825418,2.4465999999847554,VSM.DynamicRasterDraw,4096,1
11,610.6825418,2.4465999999847554,VSM.StaticRaster,7168,1
11,610.6825418,2.4465999999847554,VSM.UnityCompatibilityRaster,0,0
11,610.6825418,2.4465999999847554,VSM.Resolve,7106304,1
11,610.6825418,2.4465999999847554,VSM.ResolveTrace,6881536,1
11,610.6825418,2.4465999999847554,VSM.FilterHorizontal,65024,1
11,610.6825418,2.4465999999847554,VSM.FilterVertical,0,0
11,610.6825418,2.4465999999847554,VSM.FilterTemporalVertical,158976,1
11,610.6825418,2.4465999999847554,VSM.ResetFeedback,0,1
12,610.70111109999993,2.4836999999706677,VSM.MarkReceiverPages,890880,1
12,610.70111109999993,2.4836999999706677,VSM.AllocationPrepare,9472,1
12,610.70111109999993,2.4836999999706677,VSM.AllocationCommit,1084672,1
12,610.70111109999993,2.4836999999706677,VSM.Allocate,1372160,1
12,610.70111109999993,2.4836999999706677,VSM.ClearPhysicalPages,119552,1
12,610.70111109999993,2.4836999999706677,VSM.PageOccupancy,2816,1
12,610.70111109999993,2.4836999999706677,VSM.FinalizePages,1792,1
12,610.70111109999993,2.4836999999706677,VSM.DynamicRaster,7168,1
12,610.70111109999993,2.4836999999706677,VSM.LayoutRemap,0,1
12,610.70111109999993,2.4836999999706677,VSM.InvalidateStatic,0,0
12,610.70111109999993,2.4836999999706677,VSM.InvalidateDynamic,256,1
12,610.70111109999993,2.4836999999706677,VSM.StaticCasterCull,417792,1
12,610.70111109999993,2.4836999999706677,VSM.DynamicCasterCull,142848,1
12,610.70111109999993,2.4836999999706677,VSM.PageCull,527104,2
12,610.70111109999993,2.4836999999706677,VSM.StaticRasterClear,256,1
12,610.70111109999993,2.4836999999706677,VSM.StaticRasterDraw,7168,1
12,610.70111109999993,2.4836999999706677,VSM.DynamicRasterClear,256,1
12,610.70111109999993,2.4836999999706677,VSM.DynamicRasterDraw,6912,1
12,610.70111109999993,2.4836999999706677,VSM.StaticRaster,7424,1
12,610.70111109999993,2.4836999999706677,VSM.UnityCompatibilityRaster,0,0
12,610.70111109999993,2.4836999999706677,VSM.Resolve,7291904,1
12,610.70111109999993,2.4836999999706677,VSM.ResolveTrace,7065344,1
12,610.70111109999993,2.4836999999706677,VSM.FilterHorizontal,65536,1
12,610.70111109999993,2.4836999999706677,VSM.FilterVertical,0,0
12,610.70111109999993,2.4836999999706677,VSM.FilterTemporalVertical,160000,1
12,610.70111109999993,2.4836999999706677,VSM.ResetFeedback,0,1
13,610.7188805,2.1851999999853433,VSM.MarkReceiverPages,894976,1
13,610.7188805,2.1851999999853433,VSM.AllocationPrepare,9216,1
13,610.7188805,2.1851999999853433,VSM.AllocationCommit,1084672,1
13,610.7188805,2.1851999999853433,VSM.Allocate,1340416,1
13,610.7188805,2.1851999999853433,VSM.ClearPhysicalPages,118784,1
13,610.7188805,2.1851999999853433,VSM.PageOccupancy,2560,1
13,610.7188805,2.1851999999853433,VSM.FinalizePages,1792,1
13,610.7188805,2.1851999999853433,VSM.DynamicRaster,7168,1
13,610.7188805,2.1851999999853433,VSM.LayoutRemap,0,1
13,610.7188805,2.1851999999853433,VSM.InvalidateStatic,0,0
13,610.7188805,2.1851999999853433,VSM.InvalidateDynamic,256,1
13,610.7188805,2.1851999999853433,VSM.StaticCasterCull,443648,1
13,610.7188805,2.1851999999853433,VSM.DynamicCasterCull,138240,1
13,610.7188805,2.1851999999853433,VSM.PageCull,548096,2
13,610.7188805,2.1851999999853433,VSM.StaticRasterClear,0,1
13,610.7188805,2.1851999999853433,VSM.StaticRasterDraw,7168,1
13,610.7188805,2.1851999999853433,VSM.DynamicRasterClear,0,1
13,610.7188805,2.1851999999853433,VSM.DynamicRasterDraw,6912,1
13,610.7188805,2.1851999999853433,VSM.StaticRaster,7168,1
13,610.7188805,2.1851999999853433,VSM.UnityCompatibilityRaster,0,0
13,610.7188805,2.1851999999853433,VSM.Resolve,7497472,1
13,610.7188805,2.1851999999853433,VSM.ResolveTrace,7270656,1
13,610.7188805,2.1851999999853433,VSM.FilterHorizontal,65792,1
13,610.7188805,2.1851999999853433,VSM.FilterVertical,0,0
13,610.7188805,2.1851999999853433,VSM.FilterTemporalVertical,159488,1
13,610.7188805,2.1851999999853433,VSM.ResetFeedback,0,1
14,610.7357204,1.9170000000485743,VSM.MarkReceiverPages,892416,1
14,610.7357204,1.9170000000485743,VSM.AllocationPrepare,9472,1
14,610.7357204,1.9170000000485743,VSM.AllocationCommit,1085184,1
14,610.7357204,1.9170000000485743,VSM.Allocate,1094656,1
14,610.7357204,1.9170000000485743,VSM.ClearPhysicalPages,118784,1
14,610.7357204,1.9170000000485743,VSM.PageOccupancy,2560,1
14,610.7357204,1.9170000000485743,VSM.FinalizePages,1536,1
14,610.7357204,1.9170000000485743,VSM.DynamicRaster,7168,1
14,610.7357204,1.9170000000485743,VSM.LayoutRemap,0,1
14,610.7357204,1.9170000000485743,VSM.InvalidateStatic,0,0
14,610.7357204,1.9170000000485743,VSM.InvalidateDynamic,0,1
14,610.7357204,1.9170000000485743,VSM.StaticCasterCull,424704,1
14,610.7357204,1.9170000000485743,VSM.DynamicCasterCull,141824,1
14,610.7357204,1.9170000000485743,VSM.PageCull,532992,2
14,610.7357204,1.9170000000485743,VSM.StaticRasterClear,0,1
14,610.7357204,1.9170000000485743,VSM.StaticRasterDraw,7168,1
14,610.7357204,1.9170000000485743,VSM.DynamicRasterClear,0,1
14,610.7357204,1.9170000000485743,VSM.DynamicRasterDraw,7168,1
14,610.7357204,1.9170000000485743,VSM.StaticRaster,7168,1
14,610.7357204,1.9170000000485743,VSM.UnityCompatibilityRaster,0,0
14,610.7357204,1.9170000000485743,VSM.Resolve,7666432,1
14,610.7357204,1.9170000000485743,VSM.ResolveTrace,7438592,1
14,610.7357204,1.9170000000485743,VSM.FilterHorizontal,65536,1
14,610.7357204,1.9170000000485743,VSM.FilterVertical,0,0
14,610.7357204,1.9170000000485743,VSM.FilterTemporalVertical,161024,1
14,610.7357204,1.9170000000485743,VSM.ResetFeedback,0,1
15,610.7527047,1.9571000000269123,VSM.MarkReceiverPages,896768,1
15,610.7527047,1.9571000000269123,VSM.AllocationPrepare,9472,1
15,610.7527047,1.9571000000269123,VSM.AllocationCommit,1084672,1
15,610.7527047,1.9571000000269123,VSM.Allocate,1276416,1
15,610.7527047,1.9571000000269123,VSM.ClearPhysicalPages,119296,1
15,610.7527047,1.9571000000269123,VSM.PageOccupancy,2560,1
15,610.7527047,1.9571000000269123,VSM.FinalizePages,1792,1
15,610.7527047,1.9571000000269123,VSM.DynamicRaster,7680,1
15,610.7527047,1.9571000000269123,VSM.LayoutRemap,0,1
15,610.7527047,1.9571000000269123,VSM.InvalidateStatic,0,0
15,610.7527047,1.9571000000269123,VSM.InvalidateDynamic,256,1
15,610.7527047,1.9571000000269123,VSM.StaticCasterCull,433920,1
15,610.7527047,1.9571000000269123,VSM.DynamicCasterCull,146688,1
15,610.7527047,1.9571000000269123,VSM.PageCull,547584,2
15,610.7527047,1.9571000000269123,VSM.StaticRasterClear,0,1
15,610.7527047,1.9571000000269123,VSM.StaticRasterDraw,7168,1
15,610.7527047,1.9571000000269123,VSM.DynamicRasterClear,256,1
15,610.7527047,1.9571000000269123,VSM.DynamicRasterDraw,7424,1
15,610.7527047,1.9571000000269123,VSM.StaticRaster,7424,1
15,610.7527047,1.9571000000269123,VSM.UnityCompatibilityRaster,0,0
15,610.7527047,1.9571000000269123,VSM.Resolve,7565568,1
15,610.7527047,1.9571000000269123,VSM.ResolveTrace,7335936,1
15,610.7527047,1.9571000000269123,VSM.FilterHorizontal,65536,1
15,610.7527047,1.9571000000269123,VSM.FilterVertical,0,0
15,610.7527047,1.9571000000269123,VSM.FilterTemporalVertical,163328,1
15,610.7527047,1.9571000000269123,VSM.ResetFeedback,0,1
16,610.76933939999992,1.9546999999420223,VSM.MarkReceiverPages,893696,1
16,610.76933939999992,1.9546999999420223,VSM.AllocationPrepare,9472,1
16,610.76933939999992,1.9546999999420223,VSM.AllocationCommit,1084928,1
16,610.76933939999992,1.9546999999420223,VSM.Allocate,1450240,1
16,610.76933939999992,1.9546999999420223,VSM.ClearPhysicalPages,119552,1
16,610.76933939999992,1.9546999999420223,VSM.PageOccupancy,2560,1
16,610.76933939999992,1.9546999999420223,VSM.FinalizePages,2048,1
16,610.76933939999992,1.9546999999420223,VSM.DynamicRaster,7424,1
16,610.76933939999992,1.9546999999420223,VSM.LayoutRemap,0,1
16,610.76933939999992,1.9546999999420223,VSM.InvalidateStatic,0,0
16,610.76933939999992,1.9546999999420223,VSM.InvalidateDynamic,0,1
16,610.76933939999992,1.9546999999420223,VSM.StaticCasterCull,438016,1
16,610.76933939999992,1.9546999999420223,VSM.DynamicCasterCull,143104,1
16,610.76933939999992,1.9546999999420223,VSM.PageCull,547072,2
16,610.76933939999992,1.9546999999420223,VSM.StaticRasterClear,256,1
16,610.76933939999992,1.9546999999420223,VSM.StaticRasterDraw,6912,1
16,610.76933939999992,1.9546999999420223,VSM.DynamicRasterClear,256,1
16,610.76933939999992,1.9546999999420223,VSM.DynamicRasterDraw,7168,1
16,610.76933939999992,1.9546999999420223,VSM.StaticRaster,7168,1
16,610.76933939999992,1.9546999999420223,VSM.UnityCompatibilityRaster,0,0
16,610.76933939999992,1.9546999999420223,VSM.Resolve,7129600,1
16,610.76933939999992,1.9546999999420223,VSM.ResolveTrace,6900992,1
16,610.76933939999992,1.9546999999420223,VSM.FilterHorizontal,67072,1
16,610.76933939999992,1.9546999999420223,VSM.FilterVertical,0,0
16,610.76933939999992,1.9546999999420223,VSM.FilterTemporalVertical,160256,1
16,610.76933939999992,1.9546999999420223,VSM.ResetFeedback,0,1
17,610.78614099999993,1.8741000000090935,VSM.MarkReceiverPages,894464,1
17,610.78614099999993,1.8741000000090935,VSM.AllocationPrepare,9216,1
17,610.78614099999993,1.8741000000090935,VSM.AllocationCommit,1084416,1
17,610.78614099999993,1.8741000000090935,VSM.Allocate,1348352,1
17,610.78614099999993,1.8741000000090935,VSM.ClearPhysicalPages,119552,1
17,610.78614099999993,1.8741000000090935,VSM.PageOccupancy,2816,1
17,610.78614099999993,1.8741000000090935,VSM.FinalizePages,1792,1
17,610.78614099999993,1.8741000000090935,VSM.DynamicRaster,7680,1
17,610.78614099999993,1.8741000000090935,VSM.LayoutRemap,0,1
17,610.78614099999993,1.8741000000090935,VSM.InvalidateStatic,0,0
17,610.78614099999993,1.8741000000090935,VSM.InvalidateDynamic,256,1
17,610.78614099999993,1.8741000000090935,VSM.StaticCasterCull,431104,1
17,610.78614099999993,1.8741000000090935,VSM.DynamicCasterCull,142848,1
17,610.78614099999993,1.8741000000090935,VSM.PageCull,539648,2
17,610.78614099999993,1.8741000000090935,VSM.StaticRasterClear,0,1
17,610.78614099999993,1.8741000000090935,VSM.StaticRasterDraw,7168,1
17,610.78614099999993,1.8741000000090935,VSM.DynamicRasterClear,0,1
17,610.78614099999993,1.8741000000090935,VSM.DynamicRasterDraw,7680,1
17,610.78614099999993,1.8741000000090935,VSM.StaticRaster,7168,1
17,610.78614099999993,1.8741000000090935,VSM.UnityCompatibilityRaster,0,0
17,610.78614099999993,1.8741000000090935,VSM.Resolve,7571968,1
17,610.78614099999993,1.8741000000090935,VSM.ResolveTrace,7344640,1
17,610.78614099999993,1.8741000000090935,VSM.FilterHorizontal,65536,1
17,610.78614099999993,1.8741000000090935,VSM.FilterVertical,0,0
17,610.78614099999993,1.8741000000090935,VSM.FilterTemporalVertical,160512,1
17,610.78614099999993,1.8741000000090935,VSM.ResetFeedback,0,1
18,610.80337339999994,2.012899999954243,VSM.MarkReceiverPages,895488,1
18,610.80337339999994,2.012899999954243,VSM.AllocationPrepare,9216,1
18,610.80337339999994,2.012899999954243,VSM.AllocationCommit,1084416,1
18,610.80337339999994,2.012899999954243,VSM.Allocate,1570048,1
18,610.80337339999994,2.012899999954243,VSM.ClearPhysicalPages,122112,1
18,610.80337339999994,2.012899999954243,VSM.PageOccupancy,2560,1
18,610.80337339999994,2.012899999954243,VSM.FinalizePages,2560,1
18,610.80337339999994,2.012899999954243,VSM.DynamicRaster,7168,1
18,610.80337339999994,2.012899999954243,VSM.LayoutRemap,0,1
18,610.80337339999994,2.012899999954243,VSM.InvalidateStatic,0,0
18,610.80337339999994,2.012899999954243,VSM.InvalidateDynamic,512,1
18,610.80337339999994,2.012899999954243,VSM.StaticCasterCull,412160,1
18,610.80337339999994,2.012899999954243,VSM.DynamicCasterCull,136448,1
18,610.80337339999994,2.012899999954243,VSM.PageCull,513792,2
18,610.80337339999994,2.012899999954243,VSM.StaticRasterClear,0,1
18,610.80337339999994,2.012899999954243,VSM.StaticRasterDraw,6912,1
18,610.80337339999994,2.012899999954243,VSM.DynamicRasterClear,0,1
18,610.80337339999994,2.012899999954243,VSM.DynamicRasterDraw,6912,1
18,610.80337339999994,2.012899999954243,VSM.StaticRaster,7168,1
18,610.80337339999994,2.012899999954243,VSM.UnityCompatibilityRaster,0,0
18,610.80337339999994,2.012899999954243,VSM.Resolve,6922496,1
18,610.80337339999994,2.012899999954243,VSM.ResolveTrace,6698496,1
18,610.80337339999994,2.012899999954243,VSM.FilterHorizontal,65280,1
18,610.80337339999994,2.012899999954243,VSM.FilterVertical,0,0
18,610.80337339999994,2.012899999954243,VSM.FilterTemporalVertical,157696,1
18,610.80337339999994,2.012899999954243,VSM.ResetFeedback,0,1
19,610.8213493,2.1094999999604624,VSM.MarkReceiverPages,1166336,1
19,610.8213493,2.1094999999604624,VSM.AllocationPrepare,9472,1
19,610.8213493,2.1094999999604624,VSM.AllocationCommit,1084672,1
19,610.8213493,2.1094999999604624,VSM.Allocate,1094656,1
19,610.8213493,2.1094999999604624,VSM.ClearPhysicalPages,119296,1
19,610.8213493,2.1094999999604624,VSM.PageOccupancy,2560,1
19,610.8213493,2.1094999999604624,VSM.FinalizePages,2048,1
19,610.8213493,2.1094999999604624,VSM.DynamicRaster,3328,1
19,610.8213493,2.1094999999604624,VSM.LayoutRemap,0,1
19,610.8213493,2.1094999999604624,VSM.InvalidateStatic,0,0
19,610.8213493,2.1094999999604624,VSM.InvalidateDynamic,256,1
19,610.8213493,2.1094999999604624,VSM.StaticCasterCull,421632,1
19,610.8213493,2.1094999999604624,VSM.DynamicCasterCull,141824,1
19,610.8213493,2.1094999999604624,VSM.PageCull,529920,2
19,610.8213493,2.1094999999604624,VSM.StaticRasterClear,256,1
19,610.8213493,2.1094999999604624,VSM.StaticRasterDraw,6912,1
19,610.8213493,2.1094999999604624,VSM.DynamicRasterClear,0,1
19,610.8213493,2.1094999999604624,VSM.DynamicRasterDraw,3072,1
19,610.8213493,2.1094999999604624,VSM.StaticRaster,7168,1
19,610.8213493,2.1094999999604624,VSM.UnityCompatibilityRaster,0,0
19,610.8213493,2.1094999999604624,VSM.Resolve,7184640,1
19,610.8213493,2.1094999999604624,VSM.ResolveTrace,6958848,1
19,610.8213493,2.1094999999604624,VSM.FilterHorizontal,65280,1
19,610.8213493,2.1094999999604624,VSM.FilterVertical,0,0
19,610.8213493,2.1094999999604624,VSM.FilterTemporalVertical,159488,1
19,610.8213493,2.1094999999604624,VSM.ResetFeedback,0,1
20,610.8379857,1.8810999999914202,VSM.MarkReceiverPages,893952,1
20,610.8379857,1.8810999999914202,VSM.AllocationPrepare,9216,1
20,610.8379857,1.8810999999914202,VSM.AllocationCommit,1085184,1
20,610.8379857,1.8810999999914202,VSM.Allocate,1469440,1
20,610.8379857,1.8810999999914202,VSM.ClearPhysicalPages,119040,1
20,610.8379857,1.8810999999914202,VSM.PageOccupancy,2560,1
20,610.8379857,1.8810999999914202,VSM.FinalizePages,1792,1
20,610.8379857,1.8810999999914202,VSM.DynamicRaster,7168,1
20,610.8379857,1.8810999999914202,VSM.LayoutRemap,0,1
20,610.8379857,1.8810999999914202,VSM.InvalidateStatic,0,0
20,610.8379857,1.8810999999914202,VSM.InvalidateDynamic,0,1
20,610.8379857,1.8810999999914202,VSM.StaticCasterCull,445184,1
20,610.8379857,1.8810999999914202,VSM.DynamicCasterCull,139520,1
20,610.8379857,1.8810999999914202,VSM.PageCull,551168,2
20,610.8379857,1.8810999999914202,VSM.StaticRasterClear,0,1
20,610.8379857,1.8810999999914202,VSM.StaticRasterDraw,7424,1
20,610.8379857,1.8810999999914202,VSM.DynamicRasterClear,0,1
20,610.8379857,1.8810999999914202,VSM.DynamicRasterDraw,6912,1
20,610.8379857,1.8810999999914202,VSM.StaticRaster,7680,1
20,610.8379857,1.8810999999914202,VSM.UnityCompatibilityRaster,0,0
20,610.8379857,1.8810999999914202,VSM.Resolve,7367680,1
20,610.8379857,1.8810999999914202,VSM.ResolveTrace,7140608,1
20,610.8379857,1.8810999999914202,VSM.FilterHorizontal,65792,1
20,610.8379857,1.8810999999914202,VSM.FilterVertical,0,0
20,610.8379857,1.8810999999914202,VSM.FilterTemporalVertical,160256,1
20,610.8379857,1.8810999999914202,VSM.ResetFeedback,0,1
21,610.8557247,1.9620000000486471,VSM.MarkReceiverPages,1254912,1
21,610.8557247,1.9620000000486471,VSM.AllocationPrepare,11776,1
21,610.8557247,1.9620000000486471,VSM.AllocationCommit,1084928,1
21,610.8557247,1.9620000000486471,VSM.Allocate,1098240,1
21,610.8557247,1.9620000000486471,VSM.ClearPhysicalPages,119040,1
21,610.8557247,1.9620000000486471,VSM.PageOccupancy,2560,1
21,610.8557247,1.9620000000486471,VSM.FinalizePages,2048,1
21,610.8557247,1.9620000000486471,VSM.DynamicRaster,7680,1
21,610.8557247,1.9620000000486471,VSM.LayoutRemap,0,1
21,610.8557247,1.9620000000486471,VSM.InvalidateStatic,0,0
21,610.8557247,1.9620000000486471,VSM.InvalidateDynamic,768,1
21,610.8557247,1.9620000000486471,VSM.StaticCasterCull,440832,1
21,610.8557247,1.9620000000486471,VSM.DynamicCasterCull,140032,1
21,610.8557247,1.9620000000486471,VSM.PageCull,546816,2
21,610.8557247,1.9620000000486471,VSM.StaticRasterClear,0,1
21,610.8557247,1.9620000000486471,VSM.StaticRasterDraw,7424,1
21,610.8557247,1.9620000000486471,VSM.DynamicRasterClear,0,1
21,610.8557247,1.9620000000486471,VSM.DynamicRasterDraw,7168,1
21,610.8557247,1.9620000000486471,VSM.StaticRaster,7424,1
21,610.8557247,1.9620000000486471,VSM.UnityCompatibilityRaster,0,0
21,610.8557247,1.9620000000486471,VSM.Resolve,7604736,1
21,610.8557247,1.9620000000486471,VSM.ResolveTrace,7377920,1
21,610.8557247,1.9620000000486471,VSM.FilterHorizontal,65792,1
21,610.8557247,1.9620000000486471,VSM.FilterVertical,0,0
21,610.8557247,1.9620000000486471,VSM.FilterTemporalVertical,159744,1
21,610.8557247,1.9620000000486471,VSM.ResetFeedback,0,1
22,610.87354629999993,2.3936999999705222,VSM.MarkReceiverPages,889856,1
22,610.87354629999993,2.3936999999705222,VSM.AllocationPrepare,9472,1
22,610.87354629999993,2.3936999999705222,VSM.AllocationCommit,1084416,1
22,610.87354629999993,2.3936999999705222,VSM.Allocate,1093888,1
22,610.87354629999993,2.3936999999705222,VSM.ClearPhysicalPages,119296,1
22,610.87354629999993,2.3936999999705222,VSM.PageOccupancy,2304,1
22,610.87354629999993,2.3936999999705222,VSM.FinalizePages,1792,1
22,610.87354629999993,2.3936999999705222,VSM.DynamicRaster,5888,1
22,610.87354629999993,2.3936999999705222,VSM.LayoutRemap,0,1
22,610.87354629999993,2.3936999999705222,VSM.InvalidateStatic,0,0
22,610.87354629999993,2.3936999999705222,VSM.InvalidateDynamic,0,1
22,610.87354629999993,2.3936999999705222,VSM.StaticCasterCull,431360,1
22,610.87354629999993,2.3936999999705222,VSM.DynamicCasterCull,140800,1
22,610.87354629999993,2.3936999999705222,VSM.PageCull,538112,2
22,610.87354629999993,2.3936999999705222,VSM.StaticRasterClear,0,1
22,610.87354629999993,2.3936999999705222,VSM.StaticRasterDraw,7168,1
22,610.87354629999993,2.3936999999705222,VSM.DynamicRasterClear,0,1
22,610.87354629999993,2.3936999999705222,VSM.DynamicRasterDraw,5632,1
22,610.87354629999993,2.3936999999705222,VSM.StaticRaster,7168,1
22,610.87354629999993,2.3936999999705222,VSM.UnityCompatibilityRaster,0,0
22,610.87354629999993,2.3936999999705222,VSM.Resolve,6828544,1
22,610.87354629999993,2.3936999999705222,VSM.ResolveTrace,6605312,1
22,610.87354629999993,2.3936999999705222,VSM.FilterHorizontal,64768,1
22,610.87354629999993,2.3936999999705222,VSM.FilterVertical,0,0
22,610.87354629999993,2.3936999999705222,VSM.FilterTemporalVertical,157696,1
22,610.87354629999993,2.3936999999705222,VSM.ResetFeedback,0,1
23,610.89103879999993,2.1060000000261425,VSM.MarkReceiverPages,893952,1
23,610.89103879999993,2.1060000000261425,VSM.AllocationPrepare,9472,1
23,610.89103879999993,2.1060000000261425,VSM.AllocationCommit,1084672,1
23,610.89103879999993,2.1060000000261425,VSM.Allocate,1368064,1
23,610.89103879999993,2.1060000000261425,VSM.ClearPhysicalPages,119296,1
23,610.89103879999993,2.1060000000261425,VSM.PageOccupancy,2816,1
23,610.89103879999993,2.1060000000261425,VSM.FinalizePages,1792,1
23,610.89103879999993,2.1060000000261425,VSM.DynamicRaster,3328,1
23,610.89103879999993,2.1060000000261425,VSM.LayoutRemap,0,1
23,610.89103879999993,2.1060000000261425,VSM.InvalidateStatic,0,0
23,610.89103879999993,2.1060000000261425,VSM.InvalidateDynamic,256,1
23,610.89103879999993,2.1060000000261425,VSM.StaticCasterCull,423168,1
23,610.89103879999993,2.1060000000261425,VSM.DynamicCasterCull,141056,1
23,610.89103879999993,2.1060000000261425,VSM.PageCull,530176,2
23,610.89103879999993,2.1060000000261425,VSM.StaticRasterClear,0,1
23,610.89103879999993,2.1060000000261425,VSM.StaticRasterDraw,6912,1
23,610.89103879999993,2.1060000000261425,VSM.DynamicRasterClear,0,1
23,610.89103879999993,2.1060000000261425,VSM.DynamicRasterDraw,3328,1
23,610.89103879999993,2.1060000000261425,VSM.StaticRaster,7168,1
23,610.89103879999993,2.1060000000261425,VSM.UnityCompatibilityRaster,0,0
23,610.89103879999993,2.1060000000261425,VSM.Resolve,7827456,1
23,610.89103879999993,2.1060000000261425,VSM.ResolveTrace,7597312,1
23,610.89103879999993,2.1060000000261425,VSM.FilterHorizontal,67584,1
23,610.89103879999993,2.1060000000261425,VSM.FilterVertical,0,0
23,610.89103879999993,2.1060000000261425,VSM.FilterTemporalVertical,161536,1
23,610.89103879999993,2.1060000000261425,VSM.ResetFeedback,0,1
24,610.90776699999992,1.8724999999903957,VSM.MarkReceiverPages,1288192,1
24,610.90776699999992,1.8724999999903957,VSM.AllocationPrepare,9472,1
24,610.90776699999992,1.8724999999903957,VSM.AllocationCommit,1084928,1
24,610.90776699999992,1.8724999999903957,VSM.Allocate,1095168,1
24,610.90776699999992,1.8724999999903957,VSM.ClearPhysicalPages,119296,1
24,610.90776699999992,1.8724999999903957,VSM.PageOccupancy,2816,1
24,610.90776699999992,1.8724999999903957,VSM.FinalizePages,1792,1
24,610.90776699999992,1.8724999999903957,VSM.DynamicRaster,269568,1
24,610.90776699999992,1.8724999999903957,VSM.LayoutRemap,0,1
24,610.90776699999992,1.8724999999903957,VSM.InvalidateStatic,0,0
24,610.90776699999992,1.8724999999903957,VSM.InvalidateDynamic,256,1
24,610.90776699999992,1.8724999999903957,VSM.StaticCasterCull,430336,1
24,610.90776699999992,1.8724999999903957,VSM.DynamicCasterCull,147968,1
24,610.90776699999992,1.8724999999903957,VSM.PageCull,545024,2
24,610.90776699999992,1.8724999999903957,VSM.StaticRasterClear,0,1
24,610.90776699999992,1.8724999999903957,VSM.StaticRasterDraw,7424,1
24,610.90776699999992,1.8724999999903957,VSM.DynamicRasterClear,256,1
24,610.90776699999992,1.8724999999903957,VSM.DynamicRasterDraw,269312,1
24,610.90776699999992,1.8724999999903957,VSM.StaticRaster,7424,1
24,610.90776699999992,1.8724999999903957,VSM.UnityCompatibilityRaster,0,0
24,610.90776699999992,1.8724999999903957,VSM.Resolve,7179520,1
24,610.90776699999992,1.8724999999903957,VSM.ResolveTrace,6953472,1
24,610.90776699999992,1.8724999999903957,VSM.FilterHorizontal,65280,1
24,610.90776699999992,1.8724999999903957,VSM.FilterVertical,0,0
24,610.90776699999992,1.8724999999903957,VSM.FilterTemporalVertical,159488,1
24,610.90776699999992,1.8724999999903957,VSM.ResetFeedback,0,1
25,610.92527839999991,2.0366999999623658,VSM.MarkReceiverPages,888832,1
25,610.92527839999991,2.0366999999623658,VSM.AllocationPrepare,9472,1
25,610.92527839999991,2.0366999999623658,VSM.AllocationCommit,1084416,1
25,610.92527839999991,2.0366999999623658,VSM.Allocate,1373184,1
25,610.92527839999991,2.0366999999623658,VSM.ClearPhysicalPages,118784,1
25,610.92527839999991,2.0366999999623658,VSM.PageOccupancy,2560,1
25,610.92527839999991,2.0366999999623658,VSM.FinalizePages,1792,1
25,610.92527839999991,2.0366999999623658,VSM.DynamicRaster,7424,1
25,610.92527839999991,2.0366999999623658,VSM.LayoutRemap,0,1
25,610.92527839999991,2.0366999999623658,VSM.InvalidateStatic,0,0
25,610.92527839999991,2.0366999999623658,VSM.InvalidateDynamic,256,1
25,610.92527839999991,2.0366999999623658,VSM.StaticCasterCull,428032,1
25,610.92527839999991,2.0366999999623658,VSM.DynamicCasterCull,146176,1
25,610.92527839999991,2.0366999999623658,VSM.PageCull,540672,2
25,610.92527839999991,2.0366999999623658,VSM.StaticRasterClear,0,1
25,610.92527839999991,2.0366999999623658,VSM.StaticRasterDraw,7168,1
25,610.92527839999991,2.0366999999623658,VSM.DynamicRasterClear,0,1
25,610.92527839999991,2.0366999999623658,VSM.DynamicRasterDraw,7168,1
25,610.92527839999991,2.0366999999623658,VSM.StaticRaster,7424,1
25,610.92527839999991,2.0366999999623658,VSM.UnityCompatibilityRaster,0,0
25,610.92527839999991,2.0366999999623658,VSM.Resolve,7535872,1
25,610.92527839999991,2.0366999999623658,VSM.ResolveTrace,7309312,1
25,610.92527839999991,2.0366999999623658,VSM.FilterHorizontal,66048,1
25,610.92527839999991,2.0366999999623658,VSM.FilterVertical,0,0
25,610.92527839999991,2.0366999999623658,VSM.FilterTemporalVertical,159232,1
25,610.92527839999991,2.0366999999623658,VSM.ResetFeedback,0,1
26,610.9426344,2.621999999973923,VSM.MarkReceiverPages,887808,1
26,610.9426344,2.621999999973923,VSM.AllocationPrepare,9216,1
26,610.9426344,2.621999999973923,VSM.AllocationCommit,1084416,1
26,610.9426344,2.621999999973923,VSM.Allocate,1359104,1
26,610.9426344,2.621999999973923,VSM.ClearPhysicalPages,119040,1
26,610.9426344,2.621999999973923,VSM.PageOccupancy,2560,1
26,610.9426344,2.621999999973923,VSM.FinalizePages,2048,1
26,610.9426344,2.621999999973923,VSM.DynamicRaster,9216,1
26,610.9426344,2.621999999973923,VSM.LayoutRemap,0,1
26,610.9426344,2.621999999973923,VSM.InvalidateStatic,0,0
26,610.9426344,2.621999999973923,VSM.InvalidateDynamic,0,1
26,610.9426344,2.621999999973923,VSM.StaticCasterCull,414720,1
26,610.9426344,2.621999999973923,VSM.DynamicCasterCull,146944,1
26,610.9426344,2.621999999973923,VSM.PageCull,526848,2
26,610.9426344,2.621999999973923,VSM.StaticRasterClear,0,1
26,610.9426344,2.621999999973923,VSM.StaticRasterDraw,5632,1
26,610.9426344,2.621999999973923,VSM.DynamicRasterClear,0,1
26,610.9426344,2.621999999973923,VSM.DynamicRasterDraw,8960,1
26,610.9426344,2.621999999973923,VSM.StaticRaster,5888,1
26,610.9426344,2.621999999973923,VSM.UnityCompatibilityRaster,0,0
26,610.9426344,2.621999999973923,VSM.Resolve,7371264,1
26,610.9426344,2.621999999973923,VSM.ResolveTrace,7146752,1
26,610.9426344,2.621999999973923,VSM.FilterHorizontal,65024,1
26,610.9426344,2.621999999973923,VSM.FilterVertical,0,0
26,610.9426344,2.621999999973923,VSM.FilterTemporalVertical,158464,1
26,610.9426344,2.621999999973923,VSM.ResetFeedback,0,1
27,610.96025339999994,2.3753000000397151,VSM.MarkReceiverPages,890112,1
27,610.96025339999994,2.3753000000397151,VSM.AllocationPrepare,9472,1
27,610.96025339999994,2.3753000000397151,VSM.AllocationCommit,1083648,1
27,610.96025339999994,2.3753000000397151,VSM.Allocate,1370368,1
27,610.96025339999994,2.3753000000397151,VSM.ClearPhysicalPages,118272,1
27,610.96025339999994,2.3753000000397151,VSM.PageOccupancy,2560,1
27,610.96025339999994,2.3753000000397151,VSM.FinalizePages,1792,1
27,610.96025339999994,2.3753000000397151,VSM.DynamicRaster,7680,1
27,610.96025339999994,2.3753000000397151,VSM.LayoutRemap,0,1
27,610.96025339999994,2.3753000000397151,VSM.InvalidateStatic,0,0
27,610.96025339999994,2.3753000000397151,VSM.InvalidateDynamic,256,1
27,610.96025339999994,2.3753000000397151,VSM.StaticCasterCull,436480,1
27,610.96025339999994,2.3753000000397151,VSM.DynamicCasterCull,145920,1
27,610.96025339999994,2.3753000000397151,VSM.PageCull,548864,2
27,610.96025339999994,2.3753000000397151,VSM.StaticRasterClear,256,1
27,610.96025339999994,2.3753000000397151,VSM.StaticRasterDraw,3840,1
27,610.96025339999994,2.3753000000397151,VSM.DynamicRasterClear,0,1
27,610.96025339999994,2.3753000000397151,VSM.DynamicRasterDraw,7424,1
27,610.96025339999994,2.3753000000397151,VSM.StaticRaster,4096,1
27,610.96025339999994,2.3753000000397151,VSM.UnityCompatibilityRaster,0,0
27,610.96025339999994,2.3753000000397151,VSM.Resolve,7350528,1
27,610.96025339999994,2.3753000000397151,VSM.ResolveTrace,7123456,1
27,610.96025339999994,2.3753000000397151,VSM.FilterHorizontal,66048,1
27,610.96025339999994,2.3753000000397151,VSM.FilterVertical,0,0
27,610.96025339999994,2.3753000000397151,VSM.FilterTemporalVertical,160256,1
27,610.96025339999994,2.3753000000397151,VSM.ResetFeedback,0,1
28,610.9780978,2.28750000007949,VSM.MarkReceiverPages,896256,1
28,610.9780978,2.28750000007949,VSM.AllocationPrepare,9472,1
28,610.9780978,2.28750000007949,VSM.AllocationCommit,1084416,1
28,610.9780978,2.28750000007949,VSM.Allocate,1261568,1
28,610.9780978,2.28750000007949,VSM.ClearPhysicalPages,118784,1
28,610.9780978,2.28750000007949,VSM.PageOccupancy,2560,1
28,610.9780978,2.28750000007949,VSM.FinalizePages,1792,1
28,610.9780978,2.28750000007949,VSM.DynamicRaster,7424,1
28,610.9780978,2.28750000007949,VSM.LayoutRemap,0,1
28,610.9780978,2.28750000007949,VSM.InvalidateStatic,0,0
28,610.9780978,2.28750000007949,VSM.InvalidateDynamic,256,1
28,610.9780978,2.28750000007949,VSM.StaticCasterCull,624128,1
28,610.9780978,2.28750000007949,VSM.DynamicCasterCull,142848,1
28,610.9780978,2.28750000007949,VSM.PageCull,540160,2
28,610.9780978,2.28750000007949,VSM.StaticRasterClear,0,1
28,610.9780978,2.28750000007949,VSM.StaticRasterDraw,8960,1
28,610.9780978,2.28750000007949,VSM.DynamicRasterClear,0,1
28,610.9780978,2.28750000007949,VSM.DynamicRasterDraw,7424,1
28,610.9780978,2.28750000007949,VSM.StaticRaster,9472,1
28,610.9780978,2.28750000007949,VSM.UnityCompatibilityRaster,0,0
28,610.9780978,2.28750000007949,VSM.Resolve,7194368,1
28,610.9780978,2.28750000007949,VSM.ResolveTrace,6968320,1
28,610.9780978,2.28750000007949,VSM.FilterHorizontal,65792,1
28,610.9780978,2.28750000007949,VSM.FilterVertical,0,0
28,610.9780978,2.28750000007949,VSM.FilterTemporalVertical,159488,1
28,610.9780978,2.28750000007949,VSM.ResetFeedback,0,1
29,610.9956314,1.9918000000416214,VSM.MarkReceiverPages,893184,1
29,610.9956314,1.9918000000416214,VSM.AllocationPrepare,9472,1
29,610.9956314,1.9918000000416214,VSM.AllocationCommit,1084672,1
29,610.9956314,1.9918000000416214,VSM.Allocate,1664000,1
29,610.9956314,1.9918000000416214,VSM.ClearPhysicalPages,122112,1
29,610.9956314,1.9918000000416214,VSM.PageOccupancy,2560,1
29,610.9956314,1.9918000000416214,VSM.FinalizePages,2560,1
29,610.9956314,1.9918000000416214,VSM.DynamicRaster,7680,1
29,610.9956314,1.9918000000416214,VSM.LayoutRemap,0,1
29,610.9956314,1.9918000000416214,VSM.InvalidateStatic,0,0
29,610.9956314,1.9918000000416214,VSM.InvalidateDynamic,512,1
29,610.9956314,1.9918000000416214,VSM.StaticCasterCull,421632,1
29,610.9956314,1.9918000000416214,VSM.DynamicCasterCull,141056,1
29,610.9956314,1.9918000000416214,VSM.PageCull,528384,2
29,610.9956314,1.9918000000416214,VSM.StaticRasterClear,256,1
29,610.9956314,1.9918000000416214,VSM.StaticRasterDraw,7168,1
29,610.9956314,1.9918000000416214,VSM.DynamicRasterClear,0,1
29,610.9956314,1.9918000000416214,VSM.DynamicRasterDraw,7424,1
29,610.9956314,1.9918000000416214,VSM.StaticRaster,7424,1
29,610.9956314,1.9918000000416214,VSM.UnityCompatibilityRaster,0,0
29,610.9956314,1.9918000000416214,VSM.Resolve,7587328,1
29,610.9956314,1.9918000000416214,VSM.ResolveTrace,7362560,1
29,610.9956314,1.9918000000416214,VSM.FilterHorizontal,65792,1
29,610.9956314,1.9918000000416214,VSM.FilterVertical,0,0
29,610.9956314,1.9918000000416214,VSM.FilterTemporalVertical,158208,1
29,610.9956314,1.9918000000416214,VSM.ResetFeedback,0,1
30,611.01345829999991,2.6718999999957305,VSM.MarkReceiverPages,894208,1
30,611.01345829999991,2.6718999999957305,VSM.AllocationPrepare,9472,1
30,611.01345829999991,2.6718999999957305,VSM.AllocationCommit,1084928,1
30,611.01345829999991,2.6718999999957305,VSM.Allocate,1094656,1
30,611.01345829999991,2.6718999999957305,VSM.ClearPhysicalPages,119040,1
30,611.01345829999991,2.6718999999957305,VSM.PageOccupancy,2816,1
30,611.01345829999991,2.6718999999957305,VSM.FinalizePages,2048,1
30,611.01345829999991,2.6718999999957305,VSM.DynamicRaster,3328,1
30,611.01345829999991,2.6718999999957305,VSM.LayoutRemap,0,1
30,611.01345829999991,2.6718999999957305,VSM.InvalidateStatic,0,0
30,611.01345829999991,2.6718999999957305,VSM.InvalidateDynamic,0,1
30,611.01345829999991,2.6718999999957305,VSM.StaticCasterCull,616704,1
30,611.01345829999991,2.6718999999957305,VSM.DynamicCasterCull,137728,1
30,611.01345829999991,2.6718999999957305,VSM.PageCull,547584,2
30,611.01345829999991,2.6718999999957305,VSM.StaticRasterClear,0,1
30,611.01345829999991,2.6718999999957305,VSM.StaticRasterDraw,3328,1
30,611.01345829999991,2.6718999999957305,VSM.DynamicRasterClear,0,1
30,611.01345829999991,2.6718999999957305,VSM.DynamicRasterDraw,3072,1
30,611.01345829999991,2.6718999999957305,VSM.StaticRaster,3584,1
30,611.01345829999991,2.6718999999957305,VSM.UnityCompatibilityRaster,0,0
30,611.01345829999991,2.6718999999957305,VSM.Resolve,7422720,1
30,611.01345829999991,2.6718999999957305,VSM.ResolveTrace,7197184,1
30,611.01345829999991,2.6718999999957305,VSM.FilterHorizontal,65280,1
30,611.01345829999991,2.6718999999957305,VSM.FilterVertical,0,0
30,611.01345829999991,2.6718999999957305,VSM.FilterTemporalVertical,158976,1
30,611.01345829999991,2.6718999999957305,VSM.ResetFeedback,0,1
31,611.03164659999993,2.4531999999908294,VSM.MarkReceiverPages,892416,1
31,611.03164659999993,2.4531999999908294,VSM.AllocationPrepare,9472,1
31,611.03164659999993,2.4531999999908294,VSM.AllocationCommit,1084672,1
31,611.03164659999993,2.4531999999908294,VSM.Allocate,1094400,1
31,611.03164659999993,2.4531999999908294,VSM.ClearPhysicalPages,118528,1
31,611.03164659999993,2.4531999999908294,VSM.PageOccupancy,2560,1
31,611.03164659999993,2.4531999999908294,VSM.FinalizePages,1792,1
31,611.03164659999993,2.4531999999908294,VSM.DynamicRaster,3840,1
31,611.03164659999993,2.4531999999908294,VSM.LayoutRemap,0,1
31,611.03164659999993,2.4531999999908294,VSM.InvalidateStatic,0,0
31,611.03164659999993,2.4531999999908294,VSM.InvalidateDynamic,0,1
31,611.03164659999993,2.4531999999908294,VSM.StaticCasterCull,414720,1
31,611.03164659999993,2.4531999999908294,VSM.DynamicCasterCull,135168,1
31,611.03164659999993,2.4531999999908294,VSM.PageCull,516096,2
31,611.03164659999993,2.4531999999908294,VSM.StaticRasterClear,0,1
31,611.03164659999993,2.4531999999908294,VSM.StaticRasterDraw,7168,1
31,611.03164659999993,2.4531999999908294,VSM.DynamicRasterClear,0,1
31,611.03164659999993,2.4531999999908294,VSM.DynamicRasterDraw,3584,1
31,611.03164659999993,2.4531999999908294,VSM.StaticRaster,7424,1
31,611.03164659999993,2.4531999999908294,VSM.UnityCompatibilityRaster,0,0
31,611.03164659999993,2.4531999999908294,VSM.Resolve,7759104,1
31,611.03164659999993,2.4531999999908294,VSM.ResolveTrace,7531264,1
31,611.03164659999993,2.4531999999908294,VSM.FilterHorizontal,66816,1
31,611.03164659999993,2.4531999999908294,VSM.FilterVertical,0,0
31,611.03164659999993,2.4531999999908294,VSM.FilterTemporalVertical,160000,1
31,611.03164659999993,2.4531999999908294,VSM.ResetFeedback,0,1
32,611.04864509999993,2.0266999999876134,VSM.MarkReceiverPages,897024,1
32,611.04864509999993,2.0266999999876134,VSM.AllocationPrepare,9216,1
32,611.04864509999993,2.0266999999876134,VSM.AllocationCommit,1084416,1
32,611.04864509999993,2.0266999999876134,VSM.Allocate,1093888,1
32,611.04864509999993,2.0266999999876134,VSM.ClearPhysicalPages,118784,1
32,611.04864509999993,2.0266999999876134,VSM.PageOccupancy,2560,1
32,611.04864509999993,2.0266999999876134,VSM.FinalizePages,2048,1
32,611.04864509999993,2.0266999999876134,VSM.DynamicRaster,7168,1
32,611.04864509999993,2.0266999999876134,VSM.LayoutRemap,0,1
32,611.04864509999993,2.0266999999876134,VSM.InvalidateStatic,0,0
32,611.04864509999993,2.0266999999876134,VSM.InvalidateDynamic,256,1
32,611.04864509999993,2.0266999999876134,VSM.StaticCasterCull,685056,1
32,611.04864509999993,2.0266999999876134,VSM.DynamicCasterCull,147712,1
32,611.04864509999993,2.0266999999876134,VSM.PageCull,547072,2
32,611.04864509999993,2.0266999999876134,VSM.StaticRasterClear,0,1
32,611.04864509999993,2.0266999999876134,VSM.StaticRasterDraw,4608,1
32,611.04864509999993,2.0266999999876134,VSM.DynamicRasterClear,0,1
32,611.04864509999993,2.0266999999876134,VSM.DynamicRasterDraw,7168,1
32,611.04864509999993,2.0266999999876134,VSM.StaticRaster,5120,1
32,611.04864509999993,2.0266999999876134,VSM.UnityCompatibilityRaster,0,0
32,611.04864509999993,2.0266999999876134,VSM.Resolve,7597312,1
32,611.04864509999993,2.0266999999876134,VSM.ResolveTrace,7368192,1
32,611.04864509999993,2.0266999999876134,VSM.FilterHorizontal,68096,1
32,611.04864509999993,2.0266999999876134,VSM.FilterVertical,0,0
32,611.04864509999993,2.0266999999876134,VSM.FilterTemporalVertical,160256,1
32,611.04864509999993,2.0266999999876134,VSM.ResetFeedback,0,1
33,611.06629219999991,2.2207999999181993,VSM.MarkReceiverPages,897024,1
33,611.06629219999991,2.2207999999181993,VSM.AllocationPrepare,9472,1
33,611.06629219999991,2.2207999999181993,VSM.AllocationCommit,1084672,1
33,611.06629219999991,2.2207999999181993,VSM.Allocate,1636608,1
33,611.06629219999991,2.2207999999181993,VSM.ClearPhysicalPages,122112,1
33,611.06629219999991,2.2207999999181993,VSM.PageOccupancy,2560,1
33,611.06629219999991,2.2207999999181993,VSM.FinalizePages,2560,1
33,611.06629219999991,2.2207999999181993,VSM.DynamicRaster,7680,1
33,611.06629219999991,2.2207999999181993,VSM.LayoutRemap,0,1
33,611.06629219999991,2.2207999999181993,VSM.InvalidateStatic,0,0
33,611.06629219999991,2.2207999999181993,VSM.InvalidateDynamic,256,1
33,611.06629219999991,2.2207999999181993,VSM.StaticCasterCull,425984,1
33,611.06629219999991,2.2207999999181993,VSM.DynamicCasterCull,140544,1
33,611.06629219999991,2.2207999999181993,VSM.PageCull,532480,2
33,611.06629219999991,2.2207999999181993,VSM.StaticRasterClear,256,1
33,611.06629219999991,2.2207999999181993,VSM.StaticRasterDraw,10496,1
33,611.06629219999991,2.2207999999181993,VSM.DynamicRasterClear,256,1
33,611.06629219999991,2.2207999999181993,VSM.DynamicRasterDraw,7424,1
33,611.06629219999991,2.2207999999181993,VSM.StaticRaster,10752,1
33,611.06629219999991,2.2207999999181993,VSM.UnityCompatibilityRaster,0,0
33,611.06629219999991,2.2207999999181993,VSM.Resolve,7371264,1
33,611.06629219999991,2.2207999999181993,VSM.ResolveTrace,7144448,1
33,611.06629219999991,2.2207999999181993,VSM.FilterHorizontal,65792,1
33,611.06629219999991,2.2207999999181993,VSM.FilterVertical,0,0
33,611.06629219999991,2.2207999999181993,VSM.FilterTemporalVertical,159744,1
33,611.06629219999991,2.2207999999181993,VSM.ResetFeedback,0,1
34,611.0837661999999,2.2981999999274194,VSM.MarkReceiverPages,893184,1
34,611.0837661999999,2.2981999999274194,VSM.AllocationPrepare,9472,1
34,611.0837661999999,2.2981999999274194,VSM.AllocationCommit,1084672,1
34,611.0837661999999,2.2981999999274194,VSM.Allocate,1455872,1
34,611.0837661999999,2.2981999999274194,VSM.ClearPhysicalPages,118528,1
34,611.0837661999999,2.2981999999274194,VSM.PageOccupancy,2560,1
34,611.0837661999999,2.2981999999274194,VSM.FinalizePages,2048,1
34,611.0837661999999,2.2981999999274194,VSM.DynamicRaster,3328,1
34,611.0837661999999,2.2981999999274194,VSM.LayoutRemap,0,1
34,611.0837661999999,2.2981999999274194,VSM.InvalidateStatic,0,0
34,611.0837661999999,2.2981999999274194,VSM.InvalidateDynamic,256,1
34,611.0837661999999,2.2981999999274194,VSM.StaticCasterCull,435712,1
34,611.0837661999999,2.2981999999274194,VSM.DynamicCasterCull,139008,1
34,611.0837661999999,2.2981999999274194,VSM.PageCull,540928,2
34,611.0837661999999,2.2981999999274194,VSM.StaticRasterClear,0,1
34,611.0837661999999,2.2981999999274194,VSM.StaticRasterDraw,7168,1
34,611.0837661999999,2.2981999999274194,VSM.DynamicRasterClear,256,1
34,611.0837661999999,2.2981999999274194,VSM.DynamicRasterDraw,3072,1
34,611.0837661999999,2.2981999999274194,VSM.StaticRaster,7424,1
34,611.0837661999999,2.2981999999274194,VSM.UnityCompatibilityRaster,0,0
34,611.0837661999999,2.2981999999274194,VSM.Resolve,7224832,1
34,611.0837661999999,2.2981999999274194,VSM.ResolveTrace,7000576,1
34,611.0837661999999,2.2981999999274194,VSM.FilterHorizontal,65536,1
34,611.0837661999999,2.2981999999274194,VSM.FilterVertical,0,0
34,611.0837661999999,2.2981999999274194,VSM.FilterTemporalVertical,157696,1
34,611.0837661999999,2.2981999999274194,VSM.ResetFeedback,0,1
35,611.1012489,2.2737000000461194,VSM.MarkReceiverPages,895488,1
35,611.1012489,2.2737000000461194,VSM.AllocationPrepare,9472,1
35,611.1012489,2.2737000000461194,VSM.AllocationCommit,1085184,1
35,611.1012489,2.2737000000461194,VSM.Allocate,1364480,1
35,611.1012489,2.2737000000461194,VSM.ClearPhysicalPages,297216,1
35,611.1012489,2.2737000000461194,VSM.PageOccupancy,2304,1
35,611.1012489,2.2737000000461194,VSM.FinalizePages,2304,1
35,611.1012489,2.2737000000461194,VSM.DynamicRaster,9728,1
35,611.1012489,2.2737000000461194,VSM.LayoutRemap,0,1
35,611.1012489,2.2737000000461194,VSM.InvalidateStatic,0,0
35,611.1012489,2.2737000000461194,VSM.InvalidateDynamic,256,1
35,611.1012489,2.2737000000461194,VSM.StaticCasterCull,463360,1
35,611.1012489,2.2737000000461194,VSM.DynamicCasterCull,143104,1
35,611.1012489,2.2737000000461194,VSM.PageCull,572160,2
35,611.1012489,2.2737000000461194,VSM.StaticRasterClear,0,1
35,611.1012489,2.2737000000461194,VSM.StaticRasterDraw,7168,1
35,611.1012489,2.2737000000461194,VSM.DynamicRasterClear,256,1
35,611.1012489,2.2737000000461194,VSM.DynamicRasterDraw,9472,1
35,611.1012489,2.2737000000461194,VSM.StaticRaster,7168,1
35,611.1012489,2.2737000000461194,VSM.UnityCompatibilityRaster,0,0
35,611.1012489,2.2737000000461194,VSM.Resolve,7456256,1
35,611.1012489,2.2737000000461194,VSM.ResolveTrace,7050752,1
35,611.1012489,2.2737000000461194,VSM.FilterHorizontal,65792,1
35,611.1012489,2.2737000000461194,VSM.FilterVertical,0,0
35,611.1012489,2.2737000000461194,VSM.FilterTemporalVertical,158720,1
35,611.1012489,2.2737000000461194,VSM.ResetFeedback,0,1
36,611.1191236,1.9932000000153494,VSM.MarkReceiverPages,896512,1
36,611.1191236,1.9932000000153494,VSM.AllocationPrepare,9216,1
36,611.1191236,1.9932000000153494,VSM.AllocationCommit,1084160,1
36,611.1191236,1.9932000000153494,VSM.Allocate,1093632,1
36,611.1191236,1.9932000000153494,VSM.ClearPhysicalPages,119040,1
36,611.1191236,1.9932000000153494,VSM.PageOccupancy,2816,1
36,611.1191236,1.9932000000153494,VSM.FinalizePages,2048,1
36,611.1191236,1.9932000000153494,VSM.DynamicRaster,9984,1
36,611.1191236,1.9932000000153494,VSM.LayoutRemap,0,1
36,611.1191236,1.9932000000153494,VSM.InvalidateStatic,0,0
36,611.1191236,1.9932000000153494,VSM.InvalidateDynamic,256,1
36,611.1191236,1.9932000000153494,VSM.StaticCasterCull,409856,1
36,611.1191236,1.9932000000153494,VSM.DynamicCasterCull,334592,1
36,611.1191236,1.9932000000153494,VSM.PageCull,514048,2
36,611.1191236,1.9932000000153494,VSM.StaticRasterClear,0,1
36,611.1191236,1.9932000000153494,VSM.StaticRasterDraw,7424,1
36,611.1191236,1.9932000000153494,VSM.DynamicRasterClear,2048,1
36,611.1191236,1.9932000000153494,VSM.DynamicRasterDraw,6912,1
36,611.1191236,1.9932000000153494,VSM.StaticRaster,7680,1
36,611.1191236,1.9932000000153494,VSM.UnityCompatibilityRaster,0,0
36,611.1191236,1.9932000000153494,VSM.Resolve,7271168,1
36,611.1191236,1.9932000000153494,VSM.ResolveTrace,7046400,1
36,611.1191236,1.9932000000153494,VSM.FilterHorizontal,65280,1
36,611.1191236,1.9932000000153494,VSM.FilterVertical,0,0
36,611.1191236,1.9932000000153494,VSM.FilterTemporalVertical,158720,1
36,611.1191236,1.9932000000153494,VSM.ResetFeedback,0,1
37,611.1361384999999,1.9278999999414737,VSM.MarkReceiverPages,894208,1
37,611.1361384999999,1.9278999999414737,VSM.AllocationPrepare,9472,1
37,611.1361384999999,1.9278999999414737,VSM.AllocationCommit,1084416,1
37,611.1361384999999,1.9278999999414737,VSM.Allocate,1094144,1
37,611.1361384999999,1.9278999999414737,VSM.ClearPhysicalPages,118272,1
37,611.1361384999999,1.9278999999414737,VSM.PageOccupancy,2560,1
37,611.1361384999999,1.9278999999414737,VSM.FinalizePages,1792,1
37,611.1361384999999,1.9278999999414737,VSM.DynamicRaster,7424,1
37,611.1361384999999,1.9278999999414737,VSM.LayoutRemap,0,1
37,611.1361384999999,1.9278999999414737,VSM.InvalidateStatic,0,0
37,611.1361384999999,1.9278999999414737,VSM.InvalidateDynamic,0,1
37,611.1361384999999,1.9278999999414737,VSM.StaticCasterCull,427264,1
37,611.1361384999999,1.9278999999414737,VSM.DynamicCasterCull,144384,1
37,611.1361384999999,1.9278999999414737,VSM.PageCull,537856,2
37,611.1361384999999,1.9278999999414737,VSM.StaticRasterClear,0,1
37,611.1361384999999,1.9278999999414737,VSM.StaticRasterDraw,3072,1
37,611.1361384999999,1.9278999999414737,VSM.DynamicRasterClear,0,1
37,611.1361384999999,1.9278999999414737,VSM.DynamicRasterDraw,7168,1
37,611.1361384999999,1.9278999999414737,VSM.StaticRaster,3584,1
37,611.1361384999999,1.9278999999414737,VSM.UnityCompatibilityRaster,0,0
37,611.1361384999999,1.9278999999414737,VSM.Resolve,7696128,1
37,611.1361384999999,1.9278999999414737,VSM.ResolveTrace,7466752,1
37,611.1361384999999,1.9278999999414737,VSM.FilterHorizontal,67840,1
37,611.1361384999999,1.9278999999414737,VSM.FilterVertical,0,0
37,611.1361384999999,1.9278999999414737,VSM.FilterTemporalVertical,160512,1
37,611.1361384999999,1.9278999999414737,VSM.ResetFeedback,0,1
38,611.1535053,1.9859000000224114,VSM.MarkReceiverPages,891904,1
38,611.1535053,1.9859000000224114,VSM.AllocationPrepare,9472,1
38,611.1535053,1.9859000000224114,VSM.AllocationCommit,1084928,1
38,611.1535053,1.9859000000224114,VSM.Allocate,1484032,1
38,611.1535053,1.9859000000224114,VSM.ClearPhysicalPages,119296,1
38,611.1535053,1.9859000000224114,VSM.PageOccupancy,2816,1
38,611.1535053,1.9859000000224114,VSM.FinalizePages,1792,1
38,611.1535053,1.9859000000224114,VSM.DynamicRaster,7168,1
38,611.1535053,1.9859000000224114,VSM.LayoutRemap,0,1
38,611.1535053,1.9859000000224114,VSM.InvalidateStatic,0,0
38,611.1535053,1.9859000000224114,VSM.InvalidateDynamic,0,1
38,611.1535053,1.9859000000224114,VSM.StaticCasterCull,408832,1
38,611.1535053,1.9859000000224114,VSM.DynamicCasterCull,148992,1
38,611.1535053,1.9859000000224114,VSM.PageCull,524800,2
38,611.1535053,1.9859000000224114,VSM.StaticRasterClear,256,1
38,611.1535053,1.9859000000224114,VSM.StaticRasterDraw,6912,1
38,611.1535053,1.9859000000224114,VSM.DynamicRasterClear,0,1
38,611.1535053,1.9859000000224114,VSM.DynamicRasterDraw,6912,1
38,611.1535053,1.9859000000224114,VSM.StaticRaster,7424,1
38,611.1535053,1.9859000000224114,VSM.UnityCompatibilityRaster,0,0
38,611.1535053,1.9859000000224114,VSM.Resolve,7605504,1
38,611.1535053,1.9859000000224114,VSM.ResolveTrace,7376640,1
38,611.1535053,1.9859000000224114,VSM.FilterHorizontal,68096,1
38,611.1535053,1.9859000000224114,VSM.FilterVertical,0,0
38,611.1535053,1.9859000000224114,VSM.FilterTemporalVertical,159744,1
38,611.1535053,1.9859000000224114,VSM.ResetFeedback,0,1
39,611.17061189999993,2.0673999999871739,VSM.MarkReceiverPages,1085440,1
39,611.17061189999993,2.0673999999871739,VSM.AllocationPrepare,9472,1
39,611.17061189999993,2.0673999999871739,VSM.AllocationCommit,1084672,1
39,611.17061189999993,2.0673999999871739,VSM.Allocate,1094912,1
39,611.17061189999993,2.0673999999871739,VSM.ClearPhysicalPages,118784,1
39,611.17061189999993,2.0673999999871739,VSM.PageOccupancy,2816,1
39,611.17061189999993,2.0673999999871739,VSM.FinalizePages,2048,1
39,611.17061189999993,2.0673999999871739,VSM.DynamicRaster,3328,1
39,611.17061189999993,2.0673999999871739,VSM.LayoutRemap,0,1
39,611.17061189999993,2.0673999999871739,VSM.InvalidateStatic,0,0
39,611.17061189999993,2.0673999999871739,VSM.InvalidateDynamic,256,1
39,611.17061189999993,2.0673999999871739,VSM.StaticCasterCull,444928,1
39,611.17061189999993,2.0673999999871739,VSM.DynamicCasterCull,138752,1
39,611.17061189999993,2.0673999999871739,VSM.PageCull,550144,2
39,611.17061189999993,2.0673999999871739,VSM.StaticRasterClear,0,1
39,611.17061189999993,2.0673999999871739,VSM.StaticRasterDraw,6912,1
39,611.17061189999993,2.0673999999871739,VSM.DynamicRasterClear,0,1
39,611.17061189999993,2.0673999999871739,VSM.DynamicRasterDraw,3072,1
39,611.17061189999993,2.0673999999871739,VSM.StaticRaster,7168,1
39,611.17061189999993,2.0673999999871739,VSM.UnityCompatibilityRaster,0,0
39,611.17061189999993,2.0673999999871739,VSM.Resolve,6992128,1
39,611.17061189999993,2.0673999999871739,VSM.ResolveTrace,6764288,1
39,611.17061189999993,2.0673999999871739,VSM.FilterHorizontal,66816,1
39,611.17061189999993,2.0673999999871739,VSM.FilterVertical,0,0
39,611.17061189999993,2.0673999999871739,VSM.FilterTemporalVertical,159744,1
39,611.17061189999993,2.0673999999871739,VSM.ResetFeedback,0,1
40,611.1878352,2.1394999999984066,VSM.MarkReceiverPages,897792,1
40,611.1878352,2.1394999999984066,VSM.AllocationPrepare,9472,1
40,611.1878352,2.1394999999984066,VSM.AllocationCommit,1085184,1
40,611.1878352,2.1394999999984066,VSM.Allocate,1342464,1
40,611.1878352,2.1394999999984066,VSM.ClearPhysicalPages,119296,1
40,611.1878352,2.1394999999984066,VSM.PageOccupancy,2560,1
40,611.1878352,2.1394999999984066,VSM.FinalizePages,1792,1
40,611.1878352,2.1394999999984066,VSM.DynamicRaster,6144,1
40,611.1878352,2.1394999999984066,VSM.LayoutRemap,0,1
40,611.1878352,2.1394999999984066,VSM.InvalidateStatic,0,0
40,611.1878352,2.1394999999984066,VSM.InvalidateDynamic,256,1
40,611.1878352,2.1394999999984066,VSM.StaticCasterCull,436480,1
40,611.1878352,2.1394999999984066,VSM.DynamicCasterCull,142336,1
40,611.1878352,2.1394999999984066,VSM.PageCull,545024,2
40,611.1878352,2.1394999999984066,VSM.StaticRasterClear,0,1
40,611.1878352,2.1394999999984066,VSM.StaticRasterDraw,7424,1
40,611.1878352,2.1394999999984066,VSM.DynamicRasterClear,0,1
40,611.1878352,2.1394999999984066,VSM.DynamicRasterDraw,5888,1
40,611.1878352,2.1394999999984066,VSM.StaticRaster,7680,1
40,611.1878352,2.1394999999984066,VSM.UnityCompatibilityRaster,0,0
40,611.1878352,2.1394999999984066,VSM.Resolve,7863808,1
40,611.1878352,2.1394999999984066,VSM.ResolveTrace,7634432,1
40,611.1878352,2.1394999999984066,VSM.FilterHorizontal,67328,1
40,611.1878352,2.1394999999984066,VSM.FilterVertical,0,0
40,611.1878352,2.1394999999984066,VSM.FilterTemporalVertical,161024,1
40,611.1878352,2.1394999999984066,VSM.ResetFeedback,0,1
41,611.2053826,2.3148000000219326,VSM.MarkReceiverPages,891136,1
41,611.2053826,2.3148000000219326,VSM.AllocationPrepare,9728,1
41,611.2053826,2.3148000000219326,VSM.AllocationCommit,1084672,1
41,611.2053826,2.3148000000219326,VSM.Allocate,1367808,1
41,611.2053826,2.3148000000219326,VSM.ClearPhysicalPages,119040,1
41,611.2053826,2.3148000000219326,VSM.PageOccupancy,2560,1
41,611.2053826,2.3148000000219326,VSM.FinalizePages,2048,1
41,611.2053826,2.3148000000219326,VSM.DynamicRaster,5632,1
41,611.2053826,2.3148000000219326,VSM.LayoutRemap,0,1
41,611.2053826,2.3148000000219326,VSM.InvalidateStatic,0,0
41,611.2053826,2.3148000000219326,VSM.InvalidateDynamic,256,1
41,611.2053826,2.3148000000219326,VSM.StaticCasterCull,422912,1
41,611.2053826,2.3148000000219326,VSM.DynamicCasterCull,146688,1
41,611.2053826,2.3148000000219326,VSM.PageCull,535552,2
41,611.2053826,2.3148000000219326,VSM.StaticRasterClear,0,1
41,611.2053826,2.3148000000219326,VSM.StaticRasterDraw,6912,1
41,611.2053826,2.3148000000219326,VSM.DynamicRasterClear,0,1
41,611.2053826,2.3148000000219326,VSM.DynamicRasterDraw,5632,1
41,611.2053826,2.3148000000219326,VSM.StaticRaster,7168,1
41,611.2053826,2.3148000000219326,VSM.UnityCompatibilityRaster,0,0
41,611.2053826,2.3148000000219326,VSM.Resolve,7113472,1
41,611.2053826,2.3148000000219326,VSM.ResolveTrace,6655488,1
41,611.2053826,2.3148000000219326,VSM.FilterHorizontal,65280,1
41,611.2053826,2.3148000000219326,VSM.FilterVertical,0,0
41,611.2053826,2.3148000000219326,VSM.FilterTemporalVertical,157952,1
41,611.2053826,2.3148000000219326,VSM.ResetFeedback,0,1
42,611.2237996,2.8910000000905711,VSM.MarkReceiverPages,897536,1
42,611.2237996,2.8910000000905711,VSM.AllocationPrepare,9472,1
42,611.2237996,2.8910000000905711,VSM.AllocationCommit,1084160,1
42,611.2237996,2.8910000000905711,VSM.Allocate,1348352,1
42,611.2237996,2.8910000000905711,VSM.ClearPhysicalPages,118784,1
42,611.2237996,2.8910000000905711,VSM.PageOccupancy,2560,1
42,611.2237996,2.8910000000905711,VSM.FinalizePages,1792,1
42,611.2237996,2.8910000000905711,VSM.DynamicRaster,7168,1
42,611.2237996,2.8910000000905711,VSM.LayoutRemap,0,1
42,611.2237996,2.8910000000905711,VSM.InvalidateStatic,0,0
42,611.2237996,2.8910000000905711,VSM.InvalidateDynamic,256,1
42,611.2237996,2.8910000000905711,VSM.StaticCasterCull,429312,1
42,611.2237996,2.8910000000905711,VSM.DynamicCasterCull,145920,1
42,611.2237996,2.8910000000905711,VSM.PageCull,541952,2
42,611.2237996,2.8910000000905711,VSM.StaticRasterClear,0,1
42,611.2237996,2.8910000000905711,VSM.StaticRasterDraw,3328,1
42,611.2237996,2.8910000000905711,VSM.DynamicRasterClear,256,1
42,611.2237996,2.8910000000905711,VSM.DynamicRasterDraw,6912,1
42,611.2237996,2.8910000000905711,VSM.StaticRaster,3328,1
42,611.2237996,2.8910000000905711,VSM.UnityCompatibilityRaster,0,0
42,611.2237996,2.8910000000905711,VSM.Resolve,7378176,1
42,611.2237996,2.8910000000905711,VSM.ResolveTrace,7150336,1
42,611.2237996,2.8910000000905711,VSM.FilterHorizontal,65280,1
42,611.2237996,2.8910000000905711,VSM.FilterVertical,0,0
42,611.2237996,2.8910000000905711,VSM.FilterTemporalVertical,161536,1
42,611.2237996,2.8910000000905711,VSM.ResetFeedback,0,1
43,611.2416867,2.3532999999815729,VSM.MarkReceiverPages,895232,1
43,611.2416867,2.3532999999815729,VSM.AllocationPrepare,9472,1
43,611.2416867,2.3532999999815729,VSM.AllocationCommit,1084416,1
43,611.2416867,2.3532999999815729,VSM.Allocate,1564672,1
43,611.2416867,2.3532999999815729,VSM.ClearPhysicalPages,119296,1
43,611.2416867,2.3532999999815729,VSM.PageOccupancy,2560,1
43,611.2416867,2.3532999999815729,VSM.FinalizePages,2560,1
43,611.2416867,2.3532999999815729,VSM.DynamicRaster,7680,1
43,611.2416867,2.3532999999815729,VSM.LayoutRemap,0,1
43,611.2416867,2.3532999999815729,VSM.InvalidateStatic,0,0
43,611.2416867,2.3532999999815729,VSM.InvalidateDynamic,256,1
43,611.2416867,2.3532999999815729,VSM.StaticCasterCull,417536,1
43,611.2416867,2.3532999999815729,VSM.DynamicCasterCull,142848,1
43,611.2416867,2.3532999999815729,VSM.PageCull,527104,2
43,611.2416867,2.3532999999815729,VSM.StaticRasterClear,0,1
43,611.2416867,2.3532999999815729,VSM.StaticRasterDraw,11264,1
43,611.2416867,2.3532999999815729,VSM.DynamicRasterClear,0,1
43,611.2416867,2.3532999999815729,VSM.DynamicRasterDraw,7424,1
43,611.2416867,2.3532999999815729,VSM.StaticRaster,11264,1
43,611.2416867,2.3532999999815729,VSM.UnityCompatibilityRaster,0,0
43,611.2416867,2.3532999999815729,VSM.Resolve,7421952,1
43,611.2416867,2.3532999999815729,VSM.ResolveTrace,7195648,1
43,611.2416867,2.3532999999815729,VSM.FilterHorizontal,65024,1
43,611.2416867,2.3532999999815729,VSM.FilterVertical,0,0
43,611.2416867,2.3532999999815729,VSM.FilterTemporalVertical,159744,1
43,611.2416867,2.3532999999815729,VSM.ResetFeedback,0,1
44,611.2593930999999,2.1557000000029802,VSM.MarkReceiverPages,888576,1
44,611.2593930999999,2.1557000000029802,VSM.AllocationPrepare,9216,1
44,611.2593930999999,2.1557000000029802,VSM.AllocationCommit,1083904,1
44,611.2593930999999,2.1557000000029802,VSM.Allocate,1382912,1
44,611.2593930999999,2.1557000000029802,VSM.ClearPhysicalPages,118784,1
44,611.2593930999999,2.1557000000029802,VSM.PageOccupancy,2816,1
44,611.2593930999999,2.1557000000029802,VSM.FinalizePages,1792,1
44,611.2593930999999,2.1557000000029802,VSM.DynamicRaster,7168,1
44,611.2593930999999,2.1557000000029802,VSM.LayoutRemap,0,1
44,611.2593930999999,2.1557000000029802,VSM.InvalidateStatic,0,0
44,611.2593930999999,2.1557000000029802,VSM.InvalidateDynamic,0,1
44,611.2593930999999,2.1557000000029802,VSM.StaticCasterCull,433408,1
44,611.2593930999999,2.1557000000029802,VSM.DynamicCasterCull,141824,1
44,611.2593930999999,2.1557000000029802,VSM.PageCull,541440,2
44,611.2593930999999,2.1557000000029802,VSM.StaticRasterClear,0,1
44,611.2593930999999,2.1557000000029802,VSM.StaticRasterDraw,9728,1
44,611.2593930999999,2.1557000000029802,VSM.DynamicRasterClear,0,1
44,611.2593930999999,2.1557000000029802,VSM.DynamicRasterDraw,6912,1
44,611.2593930999999,2.1557000000029802,VSM.StaticRaster,9728,1
44,611.2593930999999,2.1557000000029802,VSM.UnityCompatibilityRaster,0,0
44,611.2593930999999,2.1557000000029802,VSM.Resolve,7657728,1
44,611.2593930999999,2.1557000000029802,VSM.ResolveTrace,6975488,1
44,611.2593930999999,2.1557000000029802,VSM.FilterHorizontal,67840,1
44,611.2593930999999,2.1557000000029802,VSM.FilterVertical,0,0
44,611.2593930999999,2.1557000000029802,VSM.FilterTemporalVertical,162048,1
44,611.2593930999999,2.1557000000029802,VSM.ResetFeedback,0,1
45,611.2766433999999,1.9223999998985164,VSM.MarkReceiverPages,893440,1
45,611.2766433999999,1.9223999998985164,VSM.AllocationPrepare,9216,1
45,611.2766433999999,1.9223999998985164,VSM.AllocationCommit,1086976,1
45,611.2766433999999,1.9223999998985164,VSM.Allocate,1393408,1
45,611.2766433999999,1.9223999998985164,VSM.ClearPhysicalPages,118784,1
45,611.2766433999999,1.9223999998985164,VSM.PageOccupancy,2560,1
45,611.2766433999999,1.9223999998985164,VSM.FinalizePages,1536,1
45,611.2766433999999,1.9223999998985164,VSM.DynamicRaster,7680,1
45,611.2766433999999,1.9223999998985164,VSM.LayoutRemap,0,1
45,611.2766433999999,1.9223999998985164,VSM.InvalidateStatic,0,0
45,611.2766433999999,1.9223999998985164,VSM.InvalidateDynamic,256,1
45,611.2766433999999,1.9223999998985164,VSM.StaticCasterCull,425216,1
45,611.2766433999999,1.9223999998985164,VSM.DynamicCasterCull,143872,1
45,611.2766433999999,1.9223999998985164,VSM.PageCull,535296,2
45,611.2766433999999,1.9223999998985164,VSM.StaticRasterClear,0,1
45,611.2766433999999,1.9223999998985164,VSM.StaticRasterDraw,7168,1
45,611.2766433999999,1.9223999998985164,VSM.DynamicRasterClear,256,1
45,611.2766433999999,1.9223999998985164,VSM.DynamicRasterDraw,7424,1
45,611.2766433999999,1.9223999998985164,VSM.StaticRaster,7424,1
45,611.2766433999999,1.9223999998985164,VSM.UnityCompatibilityRaster,0,0
45,611.2766433999999,1.9223999998985164,VSM.Resolve,6949120,1
45,611.2766433999999,1.9223999998985164,VSM.ResolveTrace,6723072,1
45,611.2766433999999,1.9223999998985164,VSM.FilterHorizontal,65792,1
45,611.2766433999999,1.9223999998985164,VSM.FilterVertical,0,0
45,611.2766433999999,1.9223999998985164,VSM.FilterTemporalVertical,159232,1
45,611.2766433999999,1.9223999998985164,VSM.ResetFeedback,0,1
46,611.2941841999999,1.9342999999025778,VSM.MarkReceiverPages,892672,1
46,611.2941841999999,1.9342999999025778,VSM.AllocationPrepare,9472,1
46,611.2941841999999,1.9342999999025778,VSM.AllocationCommit,1084672,1
46,611.2941841999999,1.9342999999025778,VSM.Allocate,1622784,1
46,611.2941841999999,1.9342999999025778,VSM.ClearPhysicalPages,123136,1
46,611.2941841999999,1.9342999999025778,VSM.PageOccupancy,2560,1
46,611.2941841999999,1.9342999999025778,VSM.FinalizePages,2304,1
46,611.2941841999999,1.9342999999025778,VSM.DynamicRaster,7424,1
46,611.2941841999999,1.9342999999025778,VSM.LayoutRemap,0,1
46,611.2941841999999,1.9342999999025778,VSM.InvalidateStatic,0,0
46,611.2941841999999,1.9342999999025778,VSM.InvalidateDynamic,256,1
46,611.2941841999999,1.9342999999025778,VSM.StaticCasterCull,434688,1
46,611.2941841999999,1.9342999999025778,VSM.DynamicCasterCull,145152,1
46,611.2941841999999,1.9342999999025778,VSM.PageCull,546048,2
46,611.2941841999999,1.9342999999025778,VSM.StaticRasterClear,0,1
46,611.2941841999999,1.9342999999025778,VSM.StaticRasterDraw,3328,1
46,611.2941841999999,1.9342999999025778,VSM.DynamicRasterClear,0,1
46,611.2941841999999,1.9342999999025778,VSM.DynamicRasterDraw,7168,1
46,611.2941841999999,1.9342999999025778,VSM.StaticRaster,3584,1
46,611.2941841999999,1.9342999999025778,VSM.UnityCompatibilityRaster,0,0
46,611.2941841999999,1.9342999999025778,VSM.Resolve,7500544,1
46,611.2941841999999,1.9342999999025778,VSM.ResolveTrace,7274496,1
46,611.2941841999999,1.9342999999025778,VSM.FilterHorizontal,65536,1
46,611.2941841999999,1.9342999999025778,VSM.FilterVertical,0,0
46,611.2941841999999,1.9342999999025778,VSM.FilterTemporalVertical,159744,1
46,611.2941841999999,1.9342999999025778,VSM.ResetFeedback,256,1
47,611.3114812,2.2433000000319225,VSM.MarkReceiverPages,896256,1
47,611.3114812,2.2433000000319225,VSM.AllocationPrepare,9472,1
47,611.3114812,2.2433000000319225,VSM.AllocationCommit,1084928,1
47,611.3114812,2.2433000000319225,VSM.Allocate,1344000,1
47,611.3114812,2.2433000000319225,VSM.ClearPhysicalPages,118528,1
47,611.3114812,2.2433000000319225,VSM.PageOccupancy,2560,1
47,611.3114812,2.2433000000319225,VSM.FinalizePages,1792,1
47,611.3114812,2.2433000000319225,VSM.DynamicRaster,3584,1
47,611.3114812,2.2433000000319225,VSM.LayoutRemap,0,1
47,611.3114812,2.2433000000319225,VSM.InvalidateStatic,0,0
47,611.3114812,2.2433000000319225,VSM.InvalidateDynamic,256,1
47,611.3114812,2.2433000000319225,VSM.StaticCasterCull,438528,1
47,611.3114812,2.2433000000319225,VSM.DynamicCasterCull,144384,1
47,611.3114812,2.2433000000319225,VSM.PageCull,549376,2
47,611.3114812,2.2433000000319225,VSM.StaticRasterClear,0,1
47,611.3114812,2.2433000000319225,VSM.StaticRasterDraw,7168,1
47,611.3114812,2.2433000000319225,VSM.DynamicRasterClear,0,1
47,611.3114812,2.2433000000319225,VSM.DynamicRasterDraw,3328,1
47,611.3114812,2.2433000000319225,VSM.StaticRaster,7424,1
47,611.3114812,2.2433000000319225,VSM.UnityCompatibilityRaster,0,0
47,611.3114812,2.2433000000319225,VSM.Resolve,7418112,1
47,611.3114812,2.2433000000319225,VSM.ResolveTrace,7191552,1
47,611.3114812,2.2433000000319225,VSM.FilterHorizontal,65792,1
47,611.3114812,2.2433000000319225,VSM.FilterVertical,0,0
47,611.3114812,2.2433000000319225,VSM.FilterTemporalVertical,160000,1
47,611.3114812,2.2433000000319225,VSM.ResetFeedback,0,1
48,611.32894809999993,2.2910000000138098,VSM.MarkReceiverPages,893696,1
48,611.32894809999993,2.2910000000138098,VSM.AllocationPrepare,9472,1
48,611.32894809999993,2.2910000000138098,VSM.AllocationCommit,1084672,1
48,611.32894809999993,2.2910000000138098,VSM.Allocate,1094400,1
48,611.32894809999993,2.2910000000138098,VSM.ClearPhysicalPages,119040,1
48,611.32894809999993,2.2910000000138098,VSM.PageOccupancy,2560,1
48,611.32894809999993,2.2910000000138098,VSM.FinalizePages,1792,1
48,611.32894809999993,2.2910000000138098,VSM.DynamicRaster,6912,1
48,611.32894809999993,2.2910000000138098,VSM.LayoutRemap,0,1
48,611.32894809999993,2.2910000000138098,VSM.InvalidateStatic,0,0
48,611.32894809999993,2.2910000000138098,VSM.InvalidateDynamic,0,1
48,611.32894809999993,2.2910000000138098,VSM.StaticCasterCull,431616,1
48,611.32894809999993,2.2910000000138098,VSM.DynamicCasterCull,144896,1
48,611.32894809999993,2.2910000000138098,VSM.PageCull,542976,2
48,611.32894809999993,2.2910000000138098,VSM.StaticRasterClear,0,1
48,611.32894809999993,2.2910000000138098,VSM.StaticRasterDraw,7168,1
48,611.32894809999993,2.2910000000138098,VSM.DynamicRasterClear,0,1
48,611.32894809999993,2.2910000000138098,VSM.DynamicRasterDraw,6912,1
48,611.32894809999993,2.2910000000138098,VSM.StaticRaster,7424,1
48,611.32894809999993,2.2910000000138098,VSM.UnityCompatibilityRaster,0,0
48,611.32894809999993,2.2910000000138098,VSM.Resolve,7775232,1
48,611.32894809999993,2.2910000000138098,VSM.ResolveTrace,7278080,1
48,611.32894809999993,2.2910000000138098,VSM.FilterHorizontal,68096,1
48,611.32894809999993,2.2910000000138098,VSM.FilterVertical,0,0
48,611.32894809999993,2.2910000000138098,VSM.FilterTemporalVertical,163328,1
48,611.32894809999993,2.2910000000138098,VSM.ResetFeedback,0,1
49,611.3459263,2.3337999999739623,VSM.MarkReceiverPages,894464,1
49,611.3459263,2.3337999999739623,VSM.AllocationPrepare,9216,1
49,611.3459263,2.3337999999739623,VSM.AllocationCommit,1084928,1
49,611.3459263,2.3337999999739623,VSM.Allocate,1261824,1
49,611.3459263,2.3337999999739623,VSM.ClearPhysicalPages,119040,1
49,611.3459263,2.3337999999739623,VSM.PageOccupancy,2560,1
49,611.3459263,2.3337999999739623,VSM.FinalizePages,2048,1
49,611.3459263,2.3337999999739623,VSM.DynamicRaster,7424,1
49,611.3459263,2.3337999999739623,VSM.LayoutRemap,0,1
49,611.3459263,2.3337999999739623,VSM.InvalidateStatic,0,0
49,611.3459263,2.3337999999739623,VSM.InvalidateDynamic,256,1
49,611.3459263,2.3337999999739623,VSM.StaticCasterCull,421888,1
49,611.3459263,2.3337999999739623,VSM.DynamicCasterCull,141568,1
49,611.3459263,2.3337999999739623,VSM.PageCull,529408,2
49,611.3459263,2.3337999999739623,VSM.StaticRasterClear,0,1
49,611.3459263,2.3337999999739623,VSM.StaticRasterDraw,7680,1
49,611.3459263,2.3337999999739623,VSM.DynamicRasterClear,0,1
49,611.3459263,2.3337999999739623,VSM.DynamicRasterDraw,7424,1
49,611.3459263,2.3337999999739623,VSM.StaticRaster,7936,1
49,611.3459263,2.3337999999739623,VSM.UnityCompatibilityRaster,0,0
49,611.3459263,2.3337999999739623,VSM.Resolve,7523072,1
49,611.3459263,2.3337999999739623,VSM.ResolveTrace,7296256,1
49,611.3459263,2.3337999999739623,VSM.FilterHorizontal,65280,1
49,611.3459263,2.3337999999739623,VSM.FilterVertical,0,0
49,611.3459263,2.3337999999739623,VSM.FilterTemporalVertical,160000,1
49,611.3459263,2.3337999999739623,VSM.ResetFeedback,0,1
50,611.3635023999999,2.4348999999119769,VSM.MarkReceiverPages,892416,1
50,611.3635023999999,2.4348999999119769,VSM.AllocationPrepare,9472,1
50,611.3635023999999,2.4348999999119769,VSM.AllocationCommit,1085184,1
50,611.3635023999999,2.4348999999119769,VSM.Allocate,1276416,1
50,611.3635023999999,2.4348999999119769,VSM.ClearPhysicalPages,118784,1
50,611.3635023999999,2.4348999999119769,VSM.PageOccupancy,2560,1
50,611.3635023999999,2.4348999999119769,VSM.FinalizePages,1792,1
50,611.3635023999999,2.4348999999119769,VSM.DynamicRaster,7680,1
50,611.3635023999999,2.4348999999119769,VSM.LayoutRemap,0,1
50,611.3635023999999,2.4348999999119769,VSM.InvalidateStatic,0,0
50,611.3635023999999,2.4348999999119769,VSM.InvalidateDynamic,256,1
50,611.3635023999999,2.4348999999119769,VSM.StaticCasterCull,420096,1
50,611.3635023999999,2.4348999999119769,VSM.DynamicCasterCull,142336,1
50,611.3635023999999,2.4348999999119769,VSM.PageCull,528896,2
50,611.3635023999999,2.4348999999119769,VSM.StaticRasterClear,0,1
50,611.3635023999999,2.4348999999119769,VSM.StaticRasterDraw,3328,1
50,611.3635023999999,2.4348999999119769,VSM.DynamicRasterClear,0,1
50,611.3635023999999,2.4348999999119769,VSM.DynamicRasterDraw,7424,1
50,611.3635023999999,2.4348999999119769,VSM.StaticRaster,3328,1
50,611.3635023999999,2.4348999999119769,VSM.UnityCompatibilityRaster,0,0
50,611.3635023999999,2.4348999999119769,VSM.Resolve,7664640,1
50,611.3635023999999,2.4348999999119769,VSM.ResolveTrace,7437056,1
50,611.3635023999999,2.4348999999119769,VSM.FilterHorizontal,65792,1
50,611.3635023999999,2.4348999999119769,VSM.FilterVertical,0,0
50,611.3635023999999,2.4348999999119769,VSM.FilterTemporalVertical,160512,1
50,611.3635023999999,2.4348999999119769,VSM.ResetFeedback,0,1
51,611.3801947,2.1689000000151282,VSM.MarkReceiverPages,890112,1
51,611.3801947,2.1689000000151282,VSM.AllocationPrepare,9728,1
51,611.3801947,2.1689000000151282,VSM.AllocationCommit,1084416,1
51,611.3801947,2.1689000000151282,VSM.Allocate,1094400,1
51,611.3801947,2.1689000000151282,VSM.ClearPhysicalPages,119296,1
51,611.3801947,2.1689000000151282,VSM.PageOccupancy,2816,1
51,611.3801947,2.1689000000151282,VSM.FinalizePages,2048,1
51,611.3801947,2.1689000000151282,VSM.DynamicRaster,103680,1
51,611.3801947,2.1689000000151282,VSM.LayoutRemap,0,1
51,611.3801947,2.1689000000151282,VSM.InvalidateStatic,0,0
51,611.3801947,2.1689000000151282,VSM.InvalidateDynamic,0,1
51,611.3801947,2.1689000000151282,VSM.StaticCasterCull,430592,1
51,611.3801947,2.1689000000151282,VSM.DynamicCasterCull,312320,1
51,611.3801947,2.1689000000151282,VSM.PageCull,709376,2
51,611.3801947,2.1689000000151282,VSM.StaticRasterClear,0,1
51,611.3801947,2.1689000000151282,VSM.StaticRasterDraw,7424,1
51,611.3801947,2.1689000000151282,VSM.DynamicRasterClear,96256,1
51,611.3801947,2.1689000000151282,VSM.DynamicRasterDraw,7168,1
51,611.3801947,2.1689000000151282,VSM.StaticRaster,7424,1
51,611.3801947,2.1689000000151282,VSM.UnityCompatibilityRaster,0,0
51,611.3801947,2.1689000000151282,VSM.Resolve,6933248,1
51,611.3801947,2.1689000000151282,VSM.ResolveTrace,6705152,1
51,611.3801947,2.1689000000151282,VSM.FilterHorizontal,65792,1
51,611.3801947,2.1689000000151282,VSM.FilterVertical,0,0
51,611.3801947,2.1689000000151282,VSM.FilterTemporalVertical,161024,1
51,611.3801947,2.1689000000151282,VSM.ResetFeedback,0,1
52,611.39761,2.1724000000631349,VSM.MarkReceiverPages,893440,1
52,611.39761,2.1724000000631349,VSM.AllocationPrepare,9216,1
52,611.39761,2.1724000000631349,VSM.AllocationCommit,1084928,1
52,611.39761,2.1724000000631349,VSM.Allocate,1094400,1
52,611.39761,2.1724000000631349,VSM.ClearPhysicalPages,118784,1
52,611.39761,2.1724000000631349,VSM.PageOccupancy,2560,1
52,611.39761,2.1724000000631349,VSM.FinalizePages,2304,1
52,611.39761,2.1724000000631349,VSM.DynamicRaster,7168,1
52,611.39761,2.1724000000631349,VSM.LayoutRemap,0,1
52,611.39761,2.1724000000631349,VSM.InvalidateStatic,0,0
52,611.39761,2.1724000000631349,VSM.InvalidateDynamic,0,1
52,611.39761,2.1724000000631349,VSM.StaticCasterCull,726272,1
52,611.39761,2.1724000000631349,VSM.DynamicCasterCull,148224,1
52,611.39761,2.1724000000631349,VSM.PageCull,551424,2
52,611.39761,2.1724000000631349,VSM.StaticRasterClear,0,1
52,611.39761,2.1724000000631349,VSM.StaticRasterDraw,7168,1
52,611.39761,2.1724000000631349,VSM.DynamicRasterClear,256,1
52,611.39761,2.1724000000631349,VSM.DynamicRasterDraw,6912,1
52,611.39761,2.1724000000631349,VSM.StaticRaster,7168,1
52,611.39761,2.1724000000631349,VSM.UnityCompatibilityRaster,0,0
52,611.39761,2.1724000000631349,VSM.Resolve,7305216,1
52,611.39761,2.1724000000631349,VSM.ResolveTrace,7077376,1
52,611.39761,2.1724000000631349,VSM.FilterHorizontal,66048,1
52,611.39761,2.1724000000631349,VSM.FilterVertical,0,0
52,611.39761,2.1724000000631349,VSM.FilterTemporalVertical,160256,1
52,611.39761,2.1724000000631349,VSM.ResetFeedback,0,1
53,611.41540379999992,2.4558999999726439,VSM.MarkReceiverPages,1071360,1
53,611.41540379999992,2.4558999999726439,VSM.AllocationPrepare,9472,1
53,611.41540379999992,2.4558999999726439,VSM.AllocationCommit,1084672,1
53,611.41540379999992,2.4558999999726439,VSM.Allocate,1094912,1
53,611.41540379999992,2.4558999999726439,VSM.ClearPhysicalPages,119296,1
53,611.41540379999992,2.4558999999726439,VSM.PageOccupancy,2560,1
53,611.41540379999992,2.4558999999726439,VSM.FinalizePages,1792,1
53,611.41540379999992,2.4558999999726439,VSM.DynamicRaster,7680,1
53,611.41540379999992,2.4558999999726439,VSM.LayoutRemap,0,1
53,611.41540379999992,2.4558999999726439,VSM.InvalidateStatic,0,0
53,611.41540379999992,2.4558999999726439,VSM.InvalidateDynamic,256,1
53,611.41540379999992,2.4558999999726439,VSM.StaticCasterCull,440576,1
53,611.41540379999992,2.4558999999726439,VSM.DynamicCasterCull,139776,1
53,611.41540379999992,2.4558999999726439,VSM.PageCull,546304,2
53,611.41540379999992,2.4558999999726439,VSM.StaticRasterClear,256,1
53,611.41540379999992,2.4558999999726439,VSM.StaticRasterDraw,3072,1
53,611.41540379999992,2.4558999999726439,VSM.DynamicRasterClear,256,1
53,611.41540379999992,2.4558999999726439,VSM.DynamicRasterDraw,7424,1
53,611.41540379999992,2.4558999999726439,VSM.StaticRaster,3328,1
53,611.41540379999992,2.4558999999726439,VSM.UnityCompatibilityRaster,0,0
53,611.41540379999992,2.4558999999726439,VSM.Resolve,6904320,1
53,611.41540379999992,2.4558999999726439,VSM.ResolveTrace,6676224,1
53,611.41540379999992,2.4558999999726439,VSM.FilterHorizontal,66304,1
53,611.41540379999992,2.4558999999726439,VSM.FilterVertical,0,0
53,611.41540379999992,2.4558999999726439,VSM.FilterTemporalVertical,161024,1
53,611.41540379999992,2.4558999999726439,VSM.ResetFeedback,0,1
54,611.4355664,2.4882999999817912,VSM.MarkReceiverPages,893696,1
54,611.4355664,2.4882999999817912,VSM.AllocationPrepare,9472,1
54,611.4355664,2.4882999999817912,VSM.AllocationCommit,1084672,1
54,611.4355664,2.4882999999817912,VSM.Allocate,1668864,1
54,611.4355664,2.4882999999817912,VSM.ClearPhysicalPages,122624,1
54,611.4355664,2.4882999999817912,VSM.PageOccupancy,2560,1
54,611.4355664,2.4882999999817912,VSM.FinalizePages,2560,1
54,611.4355664,2.4882999999817912,VSM.DynamicRaster,7168,1
54,611.4355664,2.4882999999817912,VSM.LayoutRemap,0,1
54,611.4355664,2.4882999999817912,VSM.InvalidateStatic,0,0
54,611.4355664,2.4882999999817912,VSM.InvalidateDynamic,512,1
54,611.4355664,2.4882999999817912,VSM.StaticCasterCull,419840,1
54,611.4355664,2.4882999999817912,VSM.DynamicCasterCull,140288,1
54,611.4355664,2.4882999999817912,VSM.PageCull,526592,2
54,611.4355664,2.4882999999817912,VSM.StaticRasterClear,0,1
54,611.4355664,2.4882999999817912,VSM.StaticRasterDraw,7168,1
54,611.4355664,2.4882999999817912,VSM.DynamicRasterClear,256,1
54,611.4355664,2.4882999999817912,VSM.DynamicRasterDraw,6912,1
54,611.4355664,2.4882999999817912,VSM.StaticRaster,7168,1
54,611.4355664,2.4882999999817912,VSM.UnityCompatibilityRaster,0,0
54,611.4355664,2.4882999999817912,VSM.Resolve,7143424,1
54,611.4355664,2.4882999999817912,VSM.ResolveTrace,6914048,1
54,611.4355664,2.4882999999817912,VSM.FilterHorizontal,65792,1
54,611.4355664,2.4882999999817912,VSM.FilterVertical,0,0
54,611.4355664,2.4882999999817912,VSM.FilterTemporalVertical,162304,1
54,611.4355664,2.4882999999817912,VSM.ResetFeedback,0,1
55,611.4535403,2.3626000000831482,VSM.MarkReceiverPages,893952,1
55,611.4535403,2.3626000000831482,VSM.AllocationPrepare,9216,1
55,611.4535403,2.3626000000831482,VSM.AllocationCommit,1085440,1
55,611.4535403,2.3626000000831482,VSM.Allocate,1346816,1
55,611.4535403,2.3626000000831482,VSM.ClearPhysicalPages,118784,1
55,611.4535403,2.3626000000831482,VSM.PageOccupancy,2560,1
55,611.4535403,2.3626000000831482,VSM.FinalizePages,1792,1
55,611.4535403,2.3626000000831482,VSM.DynamicRaster,7424,1
55,611.4535403,2.3626000000831482,VSM.LayoutRemap,0,1
55,611.4535403,2.3626000000831482,VSM.InvalidateStatic,0,0
55,611.4535403,2.3626000000831482,VSM.InvalidateDynamic,256,1
55,611.4535403,2.3626000000831482,VSM.StaticCasterCull,439552,1
55,611.4535403,2.3626000000831482,VSM.DynamicCasterCull,137728,1
55,611.4535403,2.3626000000831482,VSM.PageCull,543744,2
55,611.4535403,2.3626000000831482,VSM.StaticRasterClear,0,1
55,611.4535403,2.3626000000831482,VSM.StaticRasterDraw,9472,1
55,611.4535403,2.3626000000831482,VSM.DynamicRasterClear,0,1
55,611.4535403,2.3626000000831482,VSM.DynamicRasterDraw,7424,1
55,611.4535403,2.3626000000831482,VSM.StaticRaster,9472,1
55,611.4535403,2.3626000000831482,VSM.UnityCompatibilityRaster,0,0
55,611.4535403,2.3626000000831482,VSM.Resolve,7472896,1
55,611.4535403,2.3626000000831482,VSM.ResolveTrace,7247872,1
55,611.4535403,2.3626000000831482,VSM.FilterHorizontal,65536,1
55,611.4535403,2.3626000000831482,VSM.FilterVertical,0,0
55,611.4535403,2.3626000000831482,VSM.FilterTemporalVertical,158464,1
55,611.4535403,2.3626000000831482,VSM.ResetFeedback,0,1
56,611.4708201,1.9885000000385844,VSM.MarkReceiverPages,892672,1
56,611.4708201,1.9885000000385844,VSM.AllocationPrepare,9472,1
56,611.4708201,1.9885000000385844,VSM.AllocationCommit,1084416,1
56,611.4708201,1.9885000000385844,VSM.Allocate,1277184,1
56,611.4708201,1.9885000000385844,VSM.ClearPhysicalPages,119040,1
56,611.4708201,1.9885000000385844,VSM.PageOccupancy,2560,1
56,611.4708201,1.9885000000385844,VSM.FinalizePages,1792,1
56,611.4708201,1.9885000000385844,VSM.DynamicRaster,7168,1
56,611.4708201,1.9885000000385844,VSM.LayoutRemap,0,1
56,611.4708201,1.9885000000385844,VSM.InvalidateStatic,0,0
56,611.4708201,1.9885000000385844,VSM.InvalidateDynamic,256,1
56,611.4708201,1.9885000000385844,VSM.StaticCasterCull,438784,1
56,611.4708201,1.9885000000385844,VSM.DynamicCasterCull,140800,1
56,611.4708201,1.9885000000385844,VSM.PageCull,545536,2
56,611.4708201,1.9885000000385844,VSM.StaticRasterClear,0,1
56,611.4708201,1.9885000000385844,VSM.StaticRasterDraw,7168,1
56,611.4708201,1.9885000000385844,VSM.DynamicRasterClear,0,1
56,611.4708201,1.9885000000385844,VSM.DynamicRasterDraw,7168,1
56,611.4708201,1.9885000000385844,VSM.StaticRaster,7168,1
56,611.4708201,1.9885000000385844,VSM.UnityCompatibilityRaster,0,0
56,611.4708201,1.9885000000385844,VSM.Resolve,7300352,1
56,611.4708201,1.9885000000385844,VSM.ResolveTrace,7074560,1
56,611.4708201,1.9885000000385844,VSM.FilterHorizontal,65280,1
56,611.4708201,1.9885000000385844,VSM.FilterVertical,0,0
56,611.4708201,1.9885000000385844,VSM.FilterTemporalVertical,159488,1
56,611.4708201,1.9885000000385844,VSM.ResetFeedback,0,1
57,611.4873534,1.9058000000313768,VSM.MarkReceiverPages,892672,1
57,611.4873534,1.9058000000313768,VSM.AllocationPrepare,9472,1
57,611.4873534,1.9058000000313768,VSM.AllocationCommit,1084672,1
57,611.4873534,1.9058000000313768,VSM.Allocate,1470976,1
57,611.4873534,1.9058000000313768,VSM.ClearPhysicalPages,118784,1
57,611.4873534,1.9058000000313768,VSM.PageOccupancy,2560,1
57,611.4873534,1.9058000000313768,VSM.FinalizePages,1792,1
57,611.4873534,1.9058000000313768,VSM.DynamicRaster,7680,1
57,611.4873534,1.9058000000313768,VSM.LayoutRemap,0,1
57,611.4873534,1.9058000000313768,VSM.InvalidateStatic,0,0
57,611.4873534,1.9058000000313768,VSM.InvalidateDynamic,256,1
57,611.4873534,1.9058000000313768,VSM.StaticCasterCull,428800,1
57,611.4873534,1.9058000000313768,VSM.DynamicCasterCull,145920,1
57,611.4873534,1.9058000000313768,VSM.PageCull,540928,2
57,611.4873534,1.9058000000313768,VSM.StaticRasterClear,0,1
57,611.4873534,1.9058000000313768,VSM.StaticRasterDraw,7168,1
57,611.4873534,1.9058000000313768,VSM.DynamicRasterClear,0,1
57,611.4873534,1.9058000000313768,VSM.DynamicRasterDraw,7424,1
57,611.4873534,1.9058000000313768,VSM.StaticRaster,7424,1
57,611.4873534,1.9058000000313768,VSM.UnityCompatibilityRaster,0,0
57,611.4873534,1.9058000000313768,VSM.Resolve,7704576,1
57,611.4873534,1.9058000000313768,VSM.ResolveTrace,7474688,1
57,611.4873534,1.9058000000313768,VSM.FilterHorizontal,67328,1
57,611.4873534,1.9058000000313768,VSM.FilterVertical,0,0
57,611.4873534,1.9058000000313768,VSM.FilterTemporalVertical,161280,1
57,611.4873534,1.9058000000313768,VSM.ResetFeedback,0,1
58,611.5048197,2.1477000000231783,VSM.MarkReceiverPages,891904,1
58,611.5048197,2.1477000000231783,VSM.AllocationPrepare,9216,1
58,611.5048197,2.1477000000231783,VSM.AllocationCommit,1084416,1
58,611.5048197,2.1477000000231783,VSM.Allocate,1336320,1
58,611.5048197,2.1477000000231783,VSM.ClearPhysicalPages,118784,1
58,611.5048197,2.1477000000231783,VSM.PageOccupancy,2560,1
58,611.5048197,2.1477000000231783,VSM.FinalizePages,1792,1
58,611.5048197,2.1477000000231783,VSM.DynamicRaster,7424,1
58,611.5048197,2.1477000000231783,VSM.LayoutRemap,0,1
58,611.5048197,2.1477000000231783,VSM.InvalidateStatic,0,0
58,611.5048197,2.1477000000231783,VSM.InvalidateDynamic,0,1
58,611.5048197,2.1477000000231783,VSM.StaticCasterCull,413440,1
58,611.5048197,2.1477000000231783,VSM.DynamicCasterCull,145152,1
58,611.5048197,2.1477000000231783,VSM.PageCull,525312,2
58,611.5048197,2.1477000000231783,VSM.StaticRasterClear,0,1
58,611.5048197,2.1477000000231783,VSM.StaticRasterDraw,3584,1
58,611.5048197,2.1477000000231783,VSM.DynamicRasterClear,0,1
58,611.5048197,2.1477000000231783,VSM.DynamicRasterDraw,7168,1
58,611.5048197,2.1477000000231783,VSM.StaticRaster,3584,1
58,611.5048197,2.1477000000231783,VSM.UnityCompatibilityRaster,0,0
58,611.5048197,2.1477000000231783,VSM.Resolve,7350528,1
58,611.5048197,2.1477000000231783,VSM.ResolveTrace,7124224,1
58,611.5048197,2.1477000000231783,VSM.FilterHorizontal,65536,1
58,611.5048197,2.1477000000231783,VSM.FilterVertical,0,0
58,611.5048197,2.1477000000231783,VSM.FilterTemporalVertical,159744,1
58,611.5048197,2.1477000000231783,VSM.ResetFeedback,0,1
59,611.5225693,2.0411000000422064,VSM.MarkReceiverPages,898816,1
59,611.5225693,2.0411000000422064,VSM.AllocationPrepare,9472,1
59,611.5225693,2.0411000000422064,VSM.AllocationCommit,1084672,1
59,611.5225693,2.0411000000422064,VSM.Allocate,1347072,1
59,611.5225693,2.0411000000422064,VSM.ClearPhysicalPages,119296,1
59,611.5225693,2.0411000000422064,VSM.PageOccupancy,2560,1
59,611.5225693,2.0411000000422064,VSM.FinalizePages,1792,1
59,611.5225693,2.0411000000422064,VSM.DynamicRaster,7680,1
59,611.5225693,2.0411000000422064,VSM.LayoutRemap,0,1
59,611.5225693,2.0411000000422064,VSM.InvalidateStatic,0,0
59,611.5225693,2.0411000000422064,VSM.InvalidateDynamic,256,1
59,611.5225693,2.0411000000422064,VSM.StaticCasterCull,416000,1
59,611.5225693,2.0411000000422064,VSM.DynamicCasterCull,144896,1
59,611.5225693,2.0411000000422064,VSM.PageCull,527872,2
59,611.5225693,2.0411000000422064,VSM.StaticRasterClear,0,1
59,611.5225693,2.0411000000422064,VSM.StaticRasterDraw,7168,1
59,611.5225693,2.0411000000422064,VSM.DynamicRasterClear,256,1
59,611.5225693,2.0411000000422064,VSM.DynamicRasterDraw,7424,1
59,611.5225693,2.0411000000422064,VSM.StaticRaster,7168,1
59,611.5225693,2.0411000000422064,VSM.UnityCompatibilityRaster,0,0
59,611.5225693,2.0411000000422064,VSM.Resolve,6867968,1
59,611.5225693,2.0411000000422064,VSM.ResolveTrace,6641664,1
59,611.5225693,2.0411000000422064,VSM.FilterHorizontal,65536,1
59,611.5225693,2.0411000000422064,VSM.FilterVertical,0,0
59,611.5225693,2.0411000000422064,VSM.FilterTemporalVertical,159744,1
59,611.5225693,2.0411000000422064,VSM.ResetFeedback,0,1
60,611.54062019999992,2.5647999999591775,VSM.MarkReceiverPages,898560,1
60,611.54062019999992,2.5647999999591775,VSM.AllocationPrepare,9728,1
60,611.54062019999992,2.5647999999591775,VSM.AllocationCommit,1083904,1
60,611.54062019999992,2.5647999999591775,VSM.Allocate,1608192,1
60,611.54062019999992,2.5647999999591775,VSM.ClearPhysicalPages,119552,1
60,611.54062019999992,2.5647999999591775,VSM.PageOccupancy,2560,1
60,611.54062019999992,2.5647999999591775,VSM.FinalizePages,2816,1
60,611.54062019999992,2.5647999999591775,VSM.DynamicRaster,7168,1
60,611.54062019999992,2.5647999999591775,VSM.LayoutRemap,0,1
60,611.54062019999992,2.5647999999591775,VSM.InvalidateStatic,0,0
60,611.54062019999992,2.5647999999591775,VSM.InvalidateDynamic,256,1
60,611.54062019999992,2.5647999999591775,VSM.StaticCasterCull,435712,1
60,611.54062019999992,2.5647999999591775,VSM.DynamicCasterCull,145920,1
60,611.54062019999992,2.5647999999591775,VSM.PageCull,547328,2
60,611.54062019999992,2.5647999999591775,VSM.StaticRasterClear,0,1
60,611.54062019999992,2.5647999999591775,VSM.StaticRasterDraw,7168,1
60,611.54062019999992,2.5647999999591775,VSM.DynamicRasterClear,0,1
60,611.54062019999992,2.5647999999591775,VSM.DynamicRasterDraw,6912,1
60,611.54062019999992,2.5647999999591775,VSM.StaticRaster,7168,1
60,611.54062019999992,2.5647999999591775,VSM.UnityCompatibilityRaster,0,0
60,611.54062019999992,2.5647999999591775,VSM.Resolve,7465984,1
60,611.54062019999992,2.5647999999591775,VSM.ResolveTrace,7239680,1
60,611.54062019999992,2.5647999999591775,VSM.FilterHorizontal,66048,1
60,611.54062019999992,2.5647999999591775,VSM.FilterVertical,0,0
60,611.54062019999992,2.5647999999591775,VSM.FilterTemporalVertical,158976,1
60,611.54062019999992,2.5647999999591775,VSM.ResetFeedback,0,1
61,611.5582114,1.9878000000517204,VSM.MarkReceiverPages,890624,1
61,611.5582114,1.9878000000517204,VSM.AllocationPrepare,9472,1
61,611.5582114,1.9878000000517204,VSM.AllocationCommit,1084672,1
61,611.5582114,1.9878000000517204,VSM.Allocate,1594624,1
61,611.5582114,1.9878000000517204,VSM.ClearPhysicalPages,119040,1
61,611.5582114,1.9878000000517204,VSM.PageOccupancy,2560,1
61,611.5582114,1.9878000000517204,VSM.FinalizePages,1792,1
61,611.5582114,1.9878000000517204,VSM.DynamicRaster,7680,1
61,611.5582114,1.9878000000517204,VSM.LayoutRemap,0,1
61,611.5582114,1.9878000000517204,VSM.InvalidateStatic,0,0
61,611.5582114,1.9878000000517204,VSM.InvalidateDynamic,0,1
61,611.5582114,1.9878000000517204,VSM.StaticCasterCull,442880,1
61,611.5582114,1.9878000000517204,VSM.DynamicCasterCull,139008,1
61,611.5582114,1.9878000000517204,VSM.PageCull,547840,2
61,611.5582114,1.9878000000517204,VSM.StaticRasterClear,0,1
61,611.5582114,1.9878000000517204,VSM.StaticRasterDraw,9984,1
61,611.5582114,1.9878000000517204,VSM.DynamicRasterClear,256,1
61,611.5582114,1.9878000000517204,VSM.DynamicRasterDraw,7424,1
61,611.5582114,1.9878000000517204,VSM.StaticRaster,9984,1
61,611.5582114,1.9878000000517204,VSM.UnityCompatibilityRaster,0,0
61,611.5582114,1.9878000000517204,VSM.Resolve,7525120,1
61,611.5582114,1.9878000000517204,VSM.ResolveTrace,6863360,1
61,611.5582114,1.9878000000517204,VSM.FilterHorizontal,68352,1
61,611.5582114,1.9878000000517204,VSM.FilterVertical,0,0
61,611.5582114,1.9878000000517204,VSM.FilterTemporalVertical,161280,1
61,611.5582114,1.9878000000517204,VSM.ResetFeedback,0,1
62,611.57592809999994,1.8816000000470012,VSM.MarkReceiverPages,895232,1
62,611.57592809999994,1.8816000000470012,VSM.AllocationPrepare,9472,1
62,611.57592809999994,1.8816000000470012,VSM.AllocationCommit,1084416,1
62,611.57592809999994,1.8816000000470012,VSM.Allocate,1247232,1
62,611.57592809999994,1.8816000000470012,VSM.ClearPhysicalPages,119040,1
62,611.57592809999994,1.8816000000470012,VSM.PageOccupancy,2560,1
62,611.57592809999994,1.8816000000470012,VSM.FinalizePages,1536,1
62,611.57592809999994,1.8816000000470012,VSM.DynamicRaster,6912,1
62,611.57592809999994,1.8816000000470012,VSM.LayoutRemap,0,1
62,611.57592809999994,1.8816000000470012,VSM.InvalidateStatic,0,0
62,611.57592809999994,1.8816000000470012,VSM.InvalidateDynamic,256,1
62,611.57592809999994,1.8816000000470012,VSM.StaticCasterCull,444160,1
62,611.57592809999994,1.8816000000470012,VSM.DynamicCasterCull,143616,1
62,611.57592809999994,1.8816000000470012,VSM.PageCull,553472,2
62,611.57592809999994,1.8816000000470012,VSM.StaticRasterClear,0,1
62,611.57592809999994,1.8816000000470012,VSM.StaticRasterDraw,5120,1
62,611.57592809999994,1.8816000000470012,VSM.DynamicRasterClear,0,1
62,611.57592809999994,1.8816000000470012,VSM.DynamicRasterDraw,6912,1
62,611.57592809999994,1.8816000000470012,VSM.StaticRaster,5376,1
62,611.57592809999994,1.8816000000470012,VSM.UnityCompatibilityRaster,0,0
62,611.57592809999994,1.8816000000470012,VSM.Resolve,7443456,1
62,611.57592809999994,1.8816000000470012,VSM.ResolveTrace,7216128,1
62,611.57592809999994,1.8816000000470012,VSM.FilterHorizontal,65792,1
62,611.57592809999994,1.8816000000470012,VSM.FilterVertical,0,0
62,611.57592809999994,1.8816000000470012,VSM.FilterTemporalVertical,160768,1
62,611.57592809999994,1.8816000000470012,VSM.ResetFeedback,0,1
63,611.5936061,1.9071000000394633,VSM.MarkReceiverPages,894464,1
63,611.5936061,1.9071000000394633,VSM.AllocationPrepare,9472,1
63,611.5936061,1.9071000000394633,VSM.AllocationCommit,1084416,1
63,611.5936061,1.9071000000394633,VSM.Allocate,1374208,1
63,611.5936061,1.9071000000394633,VSM.ClearPhysicalPages,119296,1
63,611.5936061,1.9071000000394633,VSM.PageOccupancy,2560,1
63,611.5936061,1.9071000000394633,VSM.FinalizePages,2048,1
63,611.5936061,1.9071000000394633,VSM.DynamicRaster,3584,1
63,611.5936061,1.9071000000394633,VSM.LayoutRemap,0,1
63,611.5936061,1.9071000000394633,VSM.InvalidateStatic,0,0
63,611.5936061,1.9071000000394633,VSM.InvalidateDynamic,256,1
63,611.5936061,1.9071000000394633,VSM.StaticCasterCull,428800,1
63,611.5936061,1.9071000000394633,VSM.DynamicCasterCull,142848,1
63,611.5936061,1.9071000000394633,VSM.PageCull,537344,2
63,611.5936061,1.9071000000394633,VSM.StaticRasterClear,256,1
63,611.5936061,1.9071000000394633,VSM.StaticRasterDraw,7424,1
63,611.5936061,1.9071000000394633,VSM.DynamicRasterClear,0,1
63,611.5936061,1.9071000000394633,VSM.DynamicRasterDraw,3328,1
63,611.5936061,1.9071000000394633,VSM.StaticRaster,7680,1
63,611.5936061,1.9071000000394633,VSM.UnityCompatibilityRaster,0,0
63,611.5936061,1.9071000000394633,VSM.Resolve,7771136,1
63,611.5936061,1.9071000000394633,VSM.ResolveTrace,7543552,1
63,611.5936061,1.9071000000394633,VSM.FilterHorizontal,65024,1
63,611.5936061,1.9071000000394633,VSM.FilterVertical,0,0
63,611.5936061,1.9071000000394633,VSM.FilterTemporalVertical,161536,1
63,611.5936061,1.9071000000394633,VSM.ResetFeedback,0,1
64,611.61113449999993,2.1735000000262517,VSM.MarkReceiverPages,1188352,1
64,611.61113449999993,2.1735000000262517,VSM.AllocationPrepare,11520,1
64,611.61113449999993,2.1735000000262517,VSM.AllocationCommit,1084928,1
64,611.61113449999993,2.1735000000262517,VSM.Allocate,1097216,1
64,611.61113449999993,2.1735000000262517,VSM.ClearPhysicalPages,119296,1
64,611.61113449999993,2.1735000000262517,VSM.PageOccupancy,2816,1
64,611.61113449999993,2.1735000000262517,VSM.FinalizePages,1792,1
64,611.61113449999993,2.1735000000262517,VSM.DynamicRaster,6912,1
64,611.61113449999993,2.1735000000262517,VSM.LayoutRemap,0,1
64,611.61113449999993,2.1735000000262517,VSM.InvalidateStatic,0,0
64,611.61113449999993,2.1735000000262517,VSM.InvalidateDynamic,256,1
64,611.61113449999993,2.1735000000262517,VSM.StaticCasterCull,430336,1
64,611.61113449999993,2.1735000000262517,VSM.DynamicCasterCull,134912,1
64,611.61113449999993,2.1735000000262517,VSM.PageCull,531200,2
64,611.61113449999993,2.1735000000262517,VSM.StaticRasterClear,0,1
64,611.61113449999993,2.1735000000262517,VSM.StaticRasterDraw,7168,1
64,611.61113449999993,2.1735000000262517,VSM.DynamicRasterClear,0,1
64,611.61113449999993,2.1735000000262517,VSM.DynamicRasterDraw,6912,1
64,611.61113449999993,2.1735000000262517,VSM.StaticRaster,7168,1
64,611.61113449999993,2.1735000000262517,VSM.UnityCompatibilityRaster,0,0
64,611.61113449999993,2.1735000000262517,VSM.Resolve,7654400,1
64,611.61113449999993,2.1735000000262517,VSM.ResolveTrace,7243520,1
64,611.61113449999993,2.1735000000262517,VSM.FilterHorizontal,233472,1
64,611.61113449999993,2.1735000000262517,VSM.FilterVertical,0,0
64,611.61113449999993,2.1735000000262517,VSM.FilterTemporalVertical,176128,1
64,611.61113449999993,2.1735000000262517,VSM.ResetFeedback,0,1
65,611.62898369999994,1.8999999999778083,VSM.MarkReceiverPages,897280,1
65,611.62898369999994,1.8999999999778083,VSM.AllocationPrepare,9472,1
65,611.62898369999994,1.8999999999778083,VSM.AllocationCommit,1084928,1
65,611.62898369999994,1.8999999999778083,VSM.Allocate,1379840,1
65,611.62898369999994,1.8999999999778083,VSM.ClearPhysicalPages,119040,1
65,611.62898369999994,1.8999999999778083,VSM.PageOccupancy,2560,1
65,611.62898369999994,1.8999999999778083,VSM.FinalizePages,1792,1
65,611.62898369999994,1.8999999999778083,VSM.DynamicRaster,7680,1
65,611.62898369999994,1.8999999999778083,VSM.LayoutRemap,0,1
65,611.62898369999994,1.8999999999778083,VSM.InvalidateStatic,0,0
65,611.62898369999994,1.8999999999778083,VSM.InvalidateDynamic,0,1
65,611.62898369999994,1.8999999999778083,VSM.StaticCasterCull,425216,1
65,611.62898369999994,1.8999999999778083,VSM.DynamicCasterCull,143104,1
65,611.62898369999994,1.8999999999778083,VSM.PageCull,534272,2
65,611.62898369999994,1.8999999999778083,VSM.StaticRasterClear,256,1
65,611.62898369999994,1.8999999999778083,VSM.StaticRasterDraw,6912,1
65,611.62898369999994,1.8999999999778083,VSM.DynamicRasterClear,0,1
65,611.62898369999994,1.8999999999778083,VSM.DynamicRasterDraw,7424,1
65,611.62898369999994,1.8999999999778083,VSM.StaticRaster,7168,1
65,611.62898369999994,1.8999999999778083,VSM.UnityCompatibilityRaster,0,0
65,611.62898369999994,1.8999999999778083,VSM.Resolve,7778560,1
65,611.62898369999994,1.8999999999778083,VSM.ResolveTrace,7312896,1
65,611.62898369999994,1.8999999999778083,VSM.FilterHorizontal,66048,1
65,611.62898369999994,1.8999999999778083,VSM.FilterVertical,0,0
65,611.62898369999994,1.8999999999778083,VSM.FilterTemporalVertical,398336,1
65,611.62898369999994,1.8999999999778083,VSM.ResetFeedback,0,1
66,611.64594579999994,1.9565999999713313,VSM.MarkReceiverPages,916224,1
66,611.64594579999994,1.9565999999713313,VSM.AllocationPrepare,9728,1
66,611.64594579999994,1.9565999999713313,VSM.AllocationCommit,1084672,1
66,611.64594579999994,1.9565999999713313,VSM.Allocate,1484544,1
66,611.64594579999994,1.9565999999713313,VSM.ClearPhysicalPages,119808,1
66,611.64594579999994,1.9565999999713313,VSM.PageOccupancy,2560,1
66,611.64594579999994,1.9565999999713313,VSM.FinalizePages,2816,1
66,611.64594579999994,1.9565999999713313,VSM.DynamicRaster,7168,1
66,611.64594579999994,1.9565999999713313,VSM.LayoutRemap,0,1
66,611.64594579999994,1.9565999999713313,VSM.InvalidateStatic,0,0
66,611.64594579999994,1.9565999999713313,VSM.InvalidateDynamic,0,1
66,611.64594579999994,1.9565999999713313,VSM.StaticCasterCull,441344,1
66,611.64594579999994,1.9565999999713313,VSM.DynamicCasterCull,143616,1
66,611.64594579999994,1.9565999999713313,VSM.PageCull,550656,2
66,611.64594579999994,1.9565999999713313,VSM.StaticRasterClear,256,1
66,611.64594579999994,1.9565999999713313,VSM.StaticRasterDraw,6912,1
66,611.64594579999994,1.9565999999713313,VSM.DynamicRasterClear,0,1
66,611.64594579999994,1.9565999999713313,VSM.DynamicRasterDraw,6912,1
66,611.64594579999994,1.9565999999713313,VSM.StaticRaster,7168,1
66,611.64594579999994,1.9565999999713313,VSM.UnityCompatibilityRaster,0,0
66,611.64594579999994,1.9565999999713313,VSM.Resolve,7470848,1
66,611.64594579999994,1.9565999999713313,VSM.ResolveTrace,7243520,1
66,611.64594579999994,1.9565999999713313,VSM.FilterHorizontal,65280,1
66,611.64594579999994,1.9565999999713313,VSM.FilterVertical,0,0
66,611.64594579999994,1.9565999999713313,VSM.FilterTemporalVertical,160768,1
66,611.64594579999994,1.9565999999713313,VSM.ResetFeedback,0,1
67,611.6633121,2.2079999999959909,VSM.MarkReceiverPages,892416,1
67,611.6633121,2.2079999999959909,VSM.AllocationPrepare,9216,1
67,611.6633121,2.2079999999959909,VSM.AllocationCommit,1084160,1
67,611.6633121,2.2079999999959909,VSM.Allocate,1564416,1
67,611.6633121,2.2079999999959909,VSM.ClearPhysicalPages,119552,1
67,611.6633121,2.2079999999959909,VSM.PageOccupancy,2560,1
67,611.6633121,2.2079999999959909,VSM.FinalizePages,2560,1
67,611.6633121,2.2079999999959909,VSM.DynamicRaster,7424,1
67,611.6633121,2.2079999999959909,VSM.LayoutRemap,0,1
67,611.6633121,2.2079999999959909,VSM.InvalidateStatic,0,0
67,611.6633121,2.2079999999959909,VSM.InvalidateDynamic,0,1
67,611.6633121,2.2079999999959909,VSM.StaticCasterCull,415744,1
67,611.6633121,2.2079999999959909,VSM.DynamicCasterCull,145664,1
67,611.6633121,2.2079999999959909,VSM.PageCull,526848,2
67,611.6633121,2.2079999999959909,VSM.StaticRasterClear,0,1
67,611.6633121,2.2079999999959909,VSM.StaticRasterDraw,3072,1
67,611.6633121,2.2079999999959909,VSM.DynamicRasterClear,0,1
67,611.6633121,2.2079999999959909,VSM.DynamicRasterDraw,7424,1
67,611.6633121,2.2079999999959909,VSM.StaticRaster,3328,1
67,611.6633121,2.2079999999959909,VSM.UnityCompatibilityRaster,0,0
67,611.6633121,2.2079999999959909,VSM.Resolve,7932416,1
67,611.6633121,2.2079999999959909,VSM.ResolveTrace,7706368,1
67,611.6633121,2.2079999999959909,VSM.FilterHorizontal,66048,1
67,611.6633121,2.2079999999959909,VSM.FilterVertical,0,0
67,611.6633121,2.2079999999959909,VSM.FilterTemporalVertical,158976,1
67,611.6633121,2.2079999999959909,VSM.ResetFeedback,0,1
68,611.681197,2.3776000000452768,VSM.MarkReceiverPages,894208,1
68,611.681197,2.3776000000452768,VSM.AllocationPrepare,9216,1
68,611.681197,2.3776000000452768,VSM.AllocationCommit,1085184,1
68,611.681197,2.3776000000452768,VSM.Allocate,1094656,1
68,611.681197,2.3776000000452768,VSM.ClearPhysicalPages,119040,1
68,611.681197,2.3776000000452768,VSM.PageOccupancy,2816,1
68,611.681197,2.3776000000452768,VSM.FinalizePages,1536,1
68,611.681197,2.3776000000452768,VSM.DynamicRaster,7168,1
68,611.681197,2.3776000000452768,VSM.LayoutRemap,0,1
68,611.681197,2.3776000000452768,VSM.InvalidateStatic,0,0
68,611.681197,2.3776000000452768,VSM.InvalidateDynamic,256,1
68,611.681197,2.3776000000452768,VSM.StaticCasterCull,809728,1
68,611.681197,2.3776000000452768,VSM.DynamicCasterCull,144128,1
68,611.681197,2.3776000000452768,VSM.PageCull,551936,2
68,611.681197,2.3776000000452768,VSM.StaticRasterClear,0,1
68,611.681197,2.3776000000452768,VSM.StaticRasterDraw,9216,1
68,611.681197,2.3776000000452768,VSM.DynamicRasterClear,256,1
68,611.681197,2.3776000000452768,VSM.DynamicRasterDraw,6912,1
68,611.681197,2.3776000000452768,VSM.StaticRaster,9728,1
68,611.681197,2.3776000000452768,VSM.UnityCompatibilityRaster,0,0
68,611.681197,2.3776000000452768,VSM.Resolve,6947840,1
68,611.681197,2.3776000000452768,VSM.ResolveTrace,6721792,1
68,611.681197,2.3776000000452768,VSM.FilterHorizontal,66048,1
68,611.681197,2.3776000000452768,VSM.FilterVertical,0,0
68,611.681197,2.3776000000452768,VSM.FilterTemporalVertical,158976,1
68,611.681197,2.3776000000452768,VSM.ResetFeedback,0,1
69,611.6996352,2.4156000000630229,VSM.MarkReceiverPages,896768,1
69,611.6996352,2.4156000000630229,VSM.AllocationPrepare,9472,1
69,611.6996352,2.4156000000630229,VSM.AllocationCommit,1084928,1
69,611.6996352,2.4156000000630229,VSM.Allocate,1377024,1
69,611.6996352,2.4156000000630229,VSM.ClearPhysicalPages,119040,1
69,611.6996352,2.4156000000630229,VSM.PageOccupancy,2560,1
69,611.6996352,2.4156000000630229,VSM.FinalizePages,2304,1
69,611.6996352,2.4156000000630229,VSM.DynamicRaster,7424,1
69,611.6996352,2.4156000000630229,VSM.LayoutRemap,0,1
69,611.6996352,2.4156000000630229,VSM.InvalidateStatic,0,0
69,611.6996352,2.4156000000630229,VSM.InvalidateDynamic,256,1
69,611.6996352,2.4156000000630229,VSM.StaticCasterCull,426752,1
69,611.6996352,2.4156000000630229,VSM.DynamicCasterCull,136704,1
69,611.6996352,2.4156000000630229,VSM.PageCull,528384,2
69,611.6996352,2.4156000000630229,VSM.StaticRasterClear,0,1
69,611.6996352,2.4156000000630229,VSM.StaticRasterDraw,6912,1
69,611.6996352,2.4156000000630229,VSM.DynamicRasterClear,0,1
69,611.6996352,2.4156000000630229,VSM.DynamicRasterDraw,7424,1
69,611.6996352,2.4156000000630229,VSM.StaticRaster,7168,1
69,611.6996352,2.4156000000630229,VSM.UnityCompatibilityRaster,0,0
69,611.6996352,2.4156000000630229,VSM.Resolve,7289344,1
69,611.6996352,2.4156000000630229,VSM.ResolveTrace,7061504,1
69,611.6996352,2.4156000000630229,VSM.FilterHorizontal,65792,1
69,611.6996352,2.4156000000630229,VSM.FilterVertical,0,0
69,611.6996352,2.4156000000630229,VSM.FilterTemporalVertical,160768,1
69,611.6996352,2.4156000000630229,VSM.ResetFeedback,0,1
70,611.7170623,2.052299999945717,VSM.MarkReceiverPages,1065216,1
70,611.7170623,2.052299999945717,VSM.AllocationPrepare,9472,1
70,611.7170623,2.052299999945717,VSM.AllocationCommit,1084928,1
70,611.7170623,2.052299999945717,VSM.Allocate,1347072,1
70,611.7170623,2.052299999945717,VSM.ClearPhysicalPages,119296,1
70,611.7170623,2.052299999945717,VSM.PageOccupancy,2560,1
70,611.7170623,2.052299999945717,VSM.FinalizePages,1792,1
70,611.7170623,2.052299999945717,VSM.DynamicRaster,6912,1
70,611.7170623,2.052299999945717,VSM.LayoutRemap,0,1
70,611.7170623,2.052299999945717,VSM.InvalidateStatic,0,0
70,611.7170623,2.052299999945717,VSM.InvalidateDynamic,256,1
70,611.7170623,2.052299999945717,VSM.StaticCasterCull,432128,1
70,611.7170623,2.052299999945717,VSM.DynamicCasterCull,141568,1
70,611.7170623,2.052299999945717,VSM.PageCull,539648,2
70,611.7170623,2.052299999945717,VSM.StaticRasterClear,0,1
70,611.7170623,2.052299999945717,VSM.StaticRasterDraw,9728,1
70,611.7170623,2.052299999945717,VSM.DynamicRasterClear,0,1
70,611.7170623,2.052299999945717,VSM.DynamicRasterDraw,6912,1
70,611.7170623,2.052299999945717,VSM.StaticRaster,9984,1
70,611.7170623,2.052299999945717,VSM.UnityCompatibilityRaster,0,0
70,611.7170623,2.052299999945717,VSM.Resolve,7133696,1
70,611.7170623,2.052299999945717,VSM.ResolveTrace,6908416,1
70,611.7170623,2.052299999945717,VSM.FilterHorizontal,65280,1
70,611.7170623,2.052299999945717,VSM.FilterVertical,0,0
70,611.7170623,2.052299999945717,VSM.FilterTemporalVertical,158720,1
70,611.7170623,2.052299999945717,VSM.ResetFeedback,0,1
71,611.7341653,2.1289999999680731,VSM.MarkReceiverPages,890112,1
71,611.7341653,2.1289999999680731,VSM.AllocationPrepare,9472,1
71,611.7341653,2.1289999999680731,VSM.AllocationCommit,1084672,1
71,611.7341653,2.1289999999680731,VSM.Allocate,1571072,1
71,611.7341653,2.1289999999680731,VSM.ClearPhysicalPages,121600,1
71,611.7341653,2.1289999999680731,VSM.PageOccupancy,2560,1
71,611.7341653,2.1289999999680731,VSM.FinalizePages,2560,1
71,611.7341653,2.1289999999680731,VSM.DynamicRaster,4096,1
71,611.7341653,2.1289999999680731,VSM.LayoutRemap,0,1
71,611.7341653,2.1289999999680731,VSM.InvalidateStatic,0,0
71,611.7341653,2.1289999999680731,VSM.InvalidateDynamic,256,1
71,611.7341653,2.1289999999680731,VSM.StaticCasterCull,605184,1
71,611.7341653,2.1289999999680731,VSM.DynamicCasterCull,147456,1
71,611.7341653,2.1289999999680731,VSM.PageCull,548608,2
71,611.7341653,2.1289999999680731,VSM.StaticRasterClear,256,1
71,611.7341653,2.1289999999680731,VSM.StaticRasterDraw,7168,1
71,611.7341653,2.1289999999680731,VSM.DynamicRasterClear,256,1
71,611.7341653,2.1289999999680731,VSM.DynamicRasterDraw,3840,1
71,611.7341653,2.1289999999680731,VSM.StaticRaster,7680,1
71,611.7341653,2.1289999999680731,VSM.UnityCompatibilityRaster,0,0
71,611.7341653,2.1289999999680731,VSM.Resolve,7145728,1
71,611.7341653,2.1289999999680731,VSM.ResolveTrace,6718720,1
71,611.7341653,2.1289999999680731,VSM.FilterHorizontal,65024,1
71,611.7341653,2.1289999999680731,VSM.FilterVertical,0,0
71,611.7341653,2.1289999999680731,VSM.FilterTemporalVertical,157440,1
71,611.7341653,2.1289999999680731,VSM.ResetFeedback,0,1
72,611.7514129,1.9068999999944936,VSM.MarkReceiverPages,1091328,1
72,611.7514129,1.9068999999944936,VSM.AllocationPrepare,9472,1
72,611.7514129,1.9068999999944936,VSM.AllocationCommit,1084928,1
72,611.7514129,1.9068999999944936,VSM.Allocate,1095168,1
72,611.7514129,1.9068999999944936,VSM.ClearPhysicalPages,119040,1
72,611.7514129,1.9068999999944936,VSM.PageOccupancy,2816,1
72,611.7514129,1.9068999999944936,VSM.FinalizePages,1792,1
72,611.7514129,1.9068999999944936,VSM.DynamicRaster,6912,1
72,611.7514129,1.9068999999944936,VSM.LayoutRemap,0,1
72,611.7514129,1.9068999999944936,VSM.InvalidateStatic,0,0
72,611.7514129,1.9068999999944936,VSM.InvalidateDynamic,256,1
72,611.7514129,1.9068999999944936,VSM.StaticCasterCull,437504,1
72,611.7514129,1.9068999999944936,VSM.DynamicCasterCull,143872,1
72,611.7514129,1.9068999999944936,VSM.PageCull,547584,2
72,611.7514129,1.9068999999944936,VSM.StaticRasterClear,256,1
72,611.7514129,1.9068999999944936,VSM.StaticRasterDraw,7424,1
72,611.7514129,1.9068999999944936,VSM.DynamicRasterClear,0,1
72,611.7514129,1.9068999999944936,VSM.DynamicRasterDraw,6912,1
72,611.7514129,1.9068999999944936,VSM.StaticRaster,7680,1
72,611.7514129,1.9068999999944936,VSM.UnityCompatibilityRaster,0,0
72,611.7514129,1.9068999999944936,VSM.Resolve,7732736,1
72,611.7514129,1.9068999999944936,VSM.ResolveTrace,7504384,1
72,611.7514129,1.9068999999944936,VSM.FilterHorizontal,67328,1
72,611.7514129,1.9068999999944936,VSM.FilterVertical,0,0
72,611.7514129,1.9068999999944936,VSM.FilterTemporalVertical,159744,1
72,611.7514129,1.9068999999944936,VSM.ResetFeedback,0,1
73,611.7690232,1.9277000000101907,VSM.MarkReceiverPages,896512,1
73,611.7690232,1.9277000000101907,VSM.AllocationPrepare,9472,1
73,611.7690232,1.9277000000101907,VSM.AllocationCommit,1084672,1
73,611.7690232,1.9277000000101907,VSM.Allocate,1094400,1
73,611.7690232,1.9277000000101907,VSM.ClearPhysicalPages,119040,1
73,611.7690232,1.9277000000101907,VSM.PageOccupancy,2816,1
73,611.7690232,1.9277000000101907,VSM.FinalizePages,1536,1
73,611.7690232,1.9277000000101907,VSM.DynamicRaster,7424,1
73,611.7690232,1.9277000000101907,VSM.LayoutRemap,0,1
73,611.7690232,1.9277000000101907,VSM.InvalidateStatic,0,0
73,611.7690232,1.9277000000101907,VSM.InvalidateDynamic,0,1
73,611.7690232,1.9277000000101907,VSM.StaticCasterCull,636416,1
73,611.7690232,1.9277000000101907,VSM.DynamicCasterCull,145408,1
73,611.7690232,1.9277000000101907,VSM.PageCull,542208,2
73,611.7690232,1.9277000000101907,VSM.StaticRasterClear,256,1
73,611.7690232,1.9277000000101907,VSM.StaticRasterDraw,7168,1
73,611.7690232,1.9277000000101907,VSM.DynamicRasterClear,0,1
73,611.7690232,1.9277000000101907,VSM.DynamicRasterDraw,7168,1
73,611.7690232,1.9277000000101907,VSM.StaticRaster,7680,1
73,611.7690232,1.9277000000101907,VSM.UnityCompatibilityRaster,0,0
73,611.7690232,1.9277000000101907,VSM.Resolve,7188480,1
73,611.7690232,1.9277000000101907,VSM.ResolveTrace,6959104,1
73,611.7690232,1.9277000000101907,VSM.FilterHorizontal,65536,1
73,611.7690232,1.9277000000101907,VSM.FilterVertical,0,0
73,611.7690232,1.9277000000101907,VSM.FilterTemporalVertical,162304,1
73,611.7690232,1.9277000000101907,VSM.ResetFeedback,0,1
74,611.7858156,2.159900000037851,VSM.MarkReceiverPages,892160,1
74,611.7858156,2.159900000037851,VSM.AllocationPrepare,9472,1
74,611.7858156,2.159900000037851,VSM.AllocationCommit,1084672,1
74,611.7858156,2.159900000037851,VSM.Allocate,1406720,1
74,611.7858156,2.159900000037851,VSM.ClearPhysicalPages,122112,1
74,611.7858156,2.159900000037851,VSM.PageOccupancy,2560,1
74,611.7858156,2.159900000037851,VSM.FinalizePages,2560,1
74,611.7858156,2.159900000037851,VSM.DynamicRaster,3328,1
74,611.7858156,2.159900000037851,VSM.LayoutRemap,256,1
74,611.7858156,2.159900000037851,VSM.InvalidateStatic,0,0
74,611.7858156,2.159900000037851,VSM.InvalidateDynamic,512,1
74,611.7858156,2.159900000037851,VSM.StaticCasterCull,420352,1
74,611.7858156,2.159900000037851,VSM.DynamicCasterCull,137216,1
74,611.7858156,2.159900000037851,VSM.PageCull,522752,2
74,611.7858156,2.159900000037851,VSM.StaticRasterClear,0,1
74,611.7858156,2.159900000037851,VSM.StaticRasterDraw,7424,1
74,611.7858156,2.159900000037851,VSM.DynamicRasterClear,256,1
74,611.7858156,2.159900000037851,VSM.DynamicRasterDraw,3072,1
74,611.7858156,2.159900000037851,VSM.StaticRaster,7424,1
74,611.7858156,2.159900000037851,VSM.UnityCompatibilityRaster,0,0
74,611.7858156,2.159900000037851,VSM.Resolve,7611136,1
74,611.7858156,2.159900000037851,VSM.ResolveTrace,7382016,1
74,611.7858156,2.159900000037851,VSM.FilterHorizontal,67840,1
74,611.7858156,2.159900000037851,VSM.FilterVertical,0,0
74,611.7858156,2.159900000037851,VSM.FilterTemporalVertical,160000,1
74,611.7858156,2.159900000037851,VSM.ResetFeedback,0,1
75,611.8029011,2.0891000000347049,VSM.MarkReceiverPages,890624,1
75,611.8029011,2.0891000000347049,VSM.AllocationPrepare,9216,1
75,611.8029011,2.0891000000347049,VSM.AllocationCommit,1084160,1
75,611.8029011,2.0891000000347049,VSM.Allocate,1093632,1
75,611.8029011,2.0891000000347049,VSM.ClearPhysicalPages,118784,1
75,611.8029011,2.0891000000347049,VSM.PageOccupancy,2560,1
75,611.8029011,2.0891000000347049,VSM.FinalizePages,2560,1
75,611.8029011,2.0891000000347049,VSM.DynamicRaster,3584,1
75,611.8029011,2.0891000000347049,VSM.LayoutRemap,0,1
75,611.8029011,2.0891000000347049,VSM.InvalidateStatic,0,0
75,611.8029011,2.0891000000347049,VSM.InvalidateDynamic,0,1
75,611.8029011,2.0891000000347049,VSM.StaticCasterCull,847360,1
75,611.8029011,2.0891000000347049,VSM.DynamicCasterCull,161280,1
75,611.8029011,2.0891000000347049,VSM.PageCull,534784,2
75,611.8029011,2.0891000000347049,VSM.StaticRasterClear,512,1
75,611.8029011,2.0891000000347049,VSM.StaticRasterDraw,4352,1
75,611.8029011,2.0891000000347049,VSM.DynamicRasterClear,0,1
75,611.8029011,2.0891000000347049,VSM.DynamicRasterDraw,3328,1
75,611.8029011,2.0891000000347049,VSM.StaticRaster,6400,1
75,611.8029011,2.0891000000347049,VSM.UnityCompatibilityRaster,0,0
75,611.8029011,2.0891000000347049,VSM.Resolve,7596288,1
75,611.8029011,2.0891000000347049,VSM.ResolveTrace,7368448,1
75,611.8029011,2.0891000000347049,VSM.FilterHorizontal,66560,1
75,611.8029011,2.0891000000347049,VSM.FilterVertical,0,0
75,611.8029011,2.0891000000347049,VSM.FilterTemporalVertical,160256,1
75,611.8029011,2.0891000000347049,VSM.ResetFeedback,0,1
76,611.8197914,1.8633000000818356,VSM.MarkReceiverPages,1086464,1
76,611.8197914,1.8633000000818356,VSM.AllocationPrepare,9472,1
76,611.8197914,1.8633000000818356,VSM.AllocationCommit,1084672,1
76,611.8197914,1.8633000000818356,VSM.Allocate,1355264,1
76,611.8197914,1.8633000000818356,VSM.ClearPhysicalPages,118528,1
76,611.8197914,1.8633000000818356,VSM.PageOccupancy,2560,1
76,611.8197914,1.8633000000818356,VSM.FinalizePages,1792,1
76,611.8197914,1.8633000000818356,VSM.DynamicRaster,7168,1
76,611.8197914,1.8633000000818356,VSM.LayoutRemap,0,1
76,611.8197914,1.8633000000818356,VSM.InvalidateStatic,0,0
76,611.8197914,1.8633000000818356,VSM.InvalidateDynamic,256,1
76,611.8197914,1.8633000000818356,VSM.StaticCasterCull,438016,1
76,611.8197914,1.8633000000818356,VSM.DynamicCasterCull,140032,1
76,611.8197914,1.8633000000818356,VSM.PageCull,544768,2
76,611.8197914,1.8633000000818356,VSM.StaticRasterClear,0,1
76,611.8197914,1.8633000000818356,VSM.StaticRasterDraw,6912,1
76,611.8197914,1.8633000000818356,VSM.DynamicRasterClear,256,1
76,611.8197914,1.8633000000818356,VSM.DynamicRasterDraw,6912,1
76,611.8197914,1.8633000000818356,VSM.StaticRaster,7168,1
76,611.8197914,1.8633000000818356,VSM.UnityCompatibilityRaster,0,0
76,611.8197914,1.8633000000818356,VSM.Resolve,7029760,1
76,611.8197914,1.8633000000818356,VSM.ResolveTrace,6803968,1
76,611.8197914,1.8633000000818356,VSM.FilterHorizontal,65536,1
76,611.8197914,1.8633000000818356,VSM.FilterVertical,0,0
76,611.8197914,1.8633000000818356,VSM.FilterTemporalVertical,159232,1
76,611.8197914,1.8633000000818356,VSM.ResetFeedback,0,1
77,611.8369961,1.915499999995518,VSM.MarkReceiverPages,890624,1
77,611.8369961,1.915499999995518,VSM.AllocationPrepare,9472,1
77,611.8369961,1.915499999995518,VSM.AllocationCommit,1084928,1
77,611.8369961,1.915499999995518,VSM.Allocate,1367552,1
77,611.8369961,1.915499999995518,VSM.ClearPhysicalPages,120576,1
77,611.8369961,1.915499999995518,VSM.PageOccupancy,2816,1
77,611.8369961,1.915499999995518,VSM.FinalizePages,2048,1
77,611.8369961,1.915499999995518,VSM.DynamicRaster,11008,1
77,611.8369961,1.915499999995518,VSM.LayoutRemap,0,1
77,611.8369961,1.915499999995518,VSM.InvalidateStatic,0,0
77,611.8369961,1.915499999995518,VSM.InvalidateDynamic,256,1
77,611.8369961,1.915499999995518,VSM.StaticCasterCull,424704,1
77,611.8369961,1.915499999995518,VSM.DynamicCasterCull,142080,1
77,611.8369961,1.915499999995518,VSM.PageCull,531968,2
77,611.8369961,1.915499999995518,VSM.StaticRasterClear,0,1
77,611.8369961,1.915499999995518,VSM.StaticRasterDraw,6912,1
77,611.8369961,1.915499999995518,VSM.DynamicRasterClear,0,1
77,611.8369961,1.915499999995518,VSM.DynamicRasterDraw,10752,1
77,611.8369961,1.915499999995518,VSM.StaticRaster,7168,1
77,611.8369961,1.915499999995518,VSM.UnityCompatibilityRaster,0,0
77,611.8369961,1.915499999995518,VSM.Resolve,7444736,1
77,611.8369961,1.915499999995518,VSM.ResolveTrace,7217664,1
77,611.8369961,1.915499999995518,VSM.FilterHorizontal,65792,1
77,611.8369961,1.915499999995518,VSM.FilterVertical,0,0
77,611.8369961,1.915499999995518,VSM.FilterTemporalVertical,160256,1
77,611.8369961,1.915499999995518,VSM.ResetFeedback,0,1
78,611.8542612,1.9525000000157888,VSM.MarkReceiverPages,890880,1
78,611.8542612,1.9525000000157888,VSM.AllocationPrepare,9216,1
78,611.8542612,1.9525000000157888,VSM.AllocationCommit,1084672,1
78,611.8542612,1.9525000000157888,VSM.Allocate,1433344,1
78,611.8542612,1.9525000000157888,VSM.ClearPhysicalPages,122112,1
78,611.8542612,1.9525000000157888,VSM.PageOccupancy,2560,1
78,611.8542612,1.9525000000157888,VSM.FinalizePages,2560,1
78,611.8542612,1.9525000000157888,VSM.DynamicRaster,3328,1
78,611.8542612,1.9525000000157888,VSM.LayoutRemap,0,1
78,611.8542612,1.9525000000157888,VSM.InvalidateStatic,0,0
78,611.8542612,1.9525000000157888,VSM.InvalidateDynamic,512,1
78,611.8542612,1.9525000000157888,VSM.StaticCasterCull,425984,1
78,611.8542612,1.9525000000157888,VSM.DynamicCasterCull,138240,1
78,611.8542612,1.9525000000157888,VSM.PageCull,529664,2
78,611.8542612,1.9525000000157888,VSM.StaticRasterClear,0,1
78,611.8542612,1.9525000000157888,VSM.StaticRasterDraw,6912,1
78,611.8542612,1.9525000000157888,VSM.DynamicRasterClear,0,1
78,611.8542612,1.9525000000157888,VSM.DynamicRasterDraw,3072,1
78,611.8542612,1.9525000000157888,VSM.StaticRaster,7168,1
78,611.8542612,1.9525000000157888,VSM.UnityCompatibilityRaster,0,0
78,611.8542612,1.9525000000157888,VSM.Resolve,7230208,1
78,611.8542612,1.9525000000157888,VSM.ResolveTrace,6842880,1
78,611.8542612,1.9525000000157888,VSM.FilterHorizontal,65792,1
78,611.8542612,1.9525000000157888,VSM.FilterVertical,0,0
78,611.8542612,1.9525000000157888,VSM.FilterTemporalVertical,158976,1
78,611.8542612,1.9525000000157888,VSM.ResetFeedback,0,1
79,611.8727015,2.244099999984428,VSM.MarkReceiverPages,1095424,1
79,611.8727015,2.244099999984428,VSM.AllocationPrepare,9472,1
79,611.8727015,2.244099999984428,VSM.AllocationCommit,1084928,1
79,611.8727015,2.244099999984428,VSM.Allocate,1095168,1
79,611.8727015,2.244099999984428,VSM.ClearPhysicalPages,118784,1
79,611.8727015,2.244099999984428,VSM.PageOccupancy,2816,1
79,611.8727015,2.244099999984428,VSM.FinalizePages,1792,1
79,611.8727015,2.244099999984428,VSM.DynamicRaster,7424,1
79,611.8727015,2.244099999984428,VSM.LayoutRemap,0,1
79,611.8727015,2.244099999984428,VSM.InvalidateStatic,0,0
79,611.8727015,2.244099999984428,VSM.InvalidateDynamic,256,1
79,611.8727015,2.244099999984428,VSM.StaticCasterCull,441088,1
79,611.8727015,2.244099999984428,VSM.DynamicCasterCull,144128,1
79,611.8727015,2.244099999984428,VSM.PageCull,551168,2
79,611.8727015,2.244099999984428,VSM.StaticRasterClear,0,1
79,611.8727015,2.244099999984428,VSM.StaticRasterDraw,6912,1
79,611.8727015,2.244099999984428,VSM.DynamicRasterClear,0,1
79,611.8727015,2.244099999984428,VSM.DynamicRasterDraw,7168,1
79,611.8727015,2.244099999984428,VSM.StaticRaster,7168,1
79,611.8727015,2.244099999984428,VSM.UnityCompatibilityRaster,0,0
79,611.8727015,2.244099999984428,VSM.Resolve,7165952,1
79,611.8727015,2.244099999984428,VSM.ResolveTrace,6940416,1
79,611.8727015,2.244099999984428,VSM.FilterHorizontal,66304,1
79,611.8727015,2.244099999984428,VSM.FilterVertical,0,0
79,611.8727015,2.244099999984428,VSM.FilterTemporalVertical,158464,1
79,611.8727015,2.244099999984428,VSM.ResetFeedback,0,1
80,611.8897207,2.0557999999937238,VSM.MarkReceiverPages,892928,1
80,611.8897207,2.0557999999937238,VSM.AllocationPrepare,9472,1
80,611.8897207,2.0557999999937238,VSM.AllocationCommit,1085184,1
80,611.8897207,2.0557999999937238,VSM.Allocate,1460224,1
80,611.8897207,2.0557999999937238,VSM.ClearPhysicalPages,118784,1
80,611.8897207,2.0557999999937238,VSM.PageOccupancy,2560,1
80,611.8897207,2.0557999999937238,VSM.FinalizePages,1792,1
80,611.8897207,2.0557999999937238,VSM.DynamicRaster,7168,1
80,611.8897207,2.0557999999937238,VSM.LayoutRemap,0,1
80,611.8897207,2.0557999999937238,VSM.InvalidateStatic,0,0
80,611.8897207,2.0557999999937238,VSM.InvalidateDynamic,256,1
80,611.8897207,2.0557999999937238,VSM.StaticCasterCull,428544,1
80,611.8897207,2.0557999999937238,VSM.DynamicCasterCull,144384,1
80,611.8897207,2.0557999999937238,VSM.PageCull,539136,2
80,611.8897207,2.0557999999937238,VSM.StaticRasterClear,0,1
80,611.8897207,2.0557999999937238,VSM.StaticRasterDraw,7168,1
80,611.8897207,2.0557999999937238,VSM.DynamicRasterClear,256,1
80,611.8897207,2.0557999999937238,VSM.DynamicRasterDraw,6912,1
80,611.8897207,2.0557999999937238,VSM.StaticRaster,7168,1
80,611.8897207,2.0557999999937238,VSM.UnityCompatibilityRaster,0,0
80,611.8897207,2.0557999999937238,VSM.Resolve,7321600,1
80,611.8897207,2.0557999999937238,VSM.ResolveTrace,7094016,1
80,611.8897207,2.0557999999937238,VSM.FilterHorizontal,65280,1
80,611.8897207,2.0557999999937238,VSM.FilterVertical,0,0
80,611.8897207,2.0557999999937238,VSM.FilterTemporalVertical,161024,1
80,611.8897207,2.0557999999937238,VSM.ResetFeedback,0,1
81,611.9068126,2.0233999999845764,VSM.MarkReceiverPages,893440,1
81,611.9068126,2.0233999999845764,VSM.AllocationPrepare,9216,1
81,611.9068126,2.0233999999845764,VSM.AllocationCommit,1084416,1
81,611.9068126,2.0233999999845764,VSM.Allocate,1696000,1
81,611.9068126,2.0233999999845764,VSM.ClearPhysicalPages,122112,1
81,611.9068126,2.0233999999845764,VSM.PageOccupancy,2816,1
81,611.9068126,2.0233999999845764,VSM.FinalizePages,2304,1
81,611.9068126,2.0233999999845764,VSM.DynamicRaster,7680,1
81,611.9068126,2.0233999999845764,VSM.LayoutRemap,0,1
81,611.9068126,2.0233999999845764,VSM.InvalidateStatic,0,0
81,611.9068126,2.0233999999845764,VSM.InvalidateDynamic,256,1
81,611.9068126,2.0233999999845764,VSM.StaticCasterCull,403200,1
81,611.9068126,2.0233999999845764,VSM.DynamicCasterCull,142592,1
81,611.9068126,2.0233999999845764,VSM.PageCull,511232,2
81,611.9068126,2.0233999999845764,VSM.StaticRasterClear,256,1
81,611.9068126,2.0233999999845764,VSM.StaticRasterDraw,6912,1
81,611.9068126,2.0233999999845764,VSM.DynamicRasterClear,0,1
81,611.9068126,2.0233999999845764,VSM.DynamicRasterDraw,7424,1
81,611.9068126,2.0233999999845764,VSM.StaticRaster,7168,1
81,611.9068126,2.0233999999845764,VSM.UnityCompatibilityRaster,0,0
81,611.9068126,2.0233999999845764,VSM.Resolve,7983104,1
81,611.9068126,2.0233999999845764,VSM.ResolveTrace,7751936,1
81,611.9068126,2.0233999999845764,VSM.FilterHorizontal,67584,1
81,611.9068126,2.0233999999845764,VSM.FilterVertical,0,0
81,611.9068126,2.0233999999845764,VSM.FilterTemporalVertical,162048,1
81,611.9068126,2.0233999999845764,VSM.ResetFeedback,0,1
82,611.9240788,2.0944000000326923,VSM.MarkReceiverPages,893184,1
82,611.9240788,2.0944000000326923,VSM.AllocationPrepare,9472,1
82,611.9240788,2.0944000000326923,VSM.AllocationCommit,1084160,1
82,611.9240788,2.0944000000326923,VSM.Allocate,1093632,1
82,611.9240788,2.0944000000326923,VSM.ClearPhysicalPages,118528,1
82,611.9240788,2.0944000000326923,VSM.PageOccupancy,2560,1
82,611.9240788,2.0944000000326923,VSM.FinalizePages,1792,1
82,611.9240788,2.0944000000326923,VSM.DynamicRaster,3328,1
82,611.9240788,2.0944000000326923,VSM.LayoutRemap,0,1
82,611.9240788,2.0944000000326923,VSM.InvalidateStatic,0,0
82,611.9240788,2.0944000000326923,VSM.InvalidateDynamic,256,1
82,611.9240788,2.0944000000326923,VSM.StaticCasterCull,620288,1
82,611.9240788,2.0944000000326923,VSM.DynamicCasterCull,144896,1
82,611.9240788,2.0944000000326923,VSM.PageCull,556288,2
82,611.9240788,2.0944000000326923,VSM.StaticRasterClear,256,1
82,611.9240788,2.0944000000326923,VSM.StaticRasterDraw,4608,1
82,611.9240788,2.0944000000326923,VSM.DynamicRasterClear,0,1
82,611.9240788,2.0944000000326923,VSM.DynamicRasterDraw,3328,1
82,611.9240788,2.0944000000326923,VSM.StaticRaster,5120,1
82,611.9240788,2.0944000000326923,VSM.UnityCompatibilityRaster,0,0
82,611.9240788,2.0944000000326923,VSM.Resolve,7243776,1
82,611.9240788,2.0944000000326923,VSM.ResolveTrace,7016192,1
82,611.9240788,2.0944000000326923,VSM.FilterHorizontal,66048,1
82,611.9240788,2.0944000000326923,VSM.FilterVertical,0,0
82,611.9240788,2.0944000000326923,VSM.FilterTemporalVertical,160256,1
82,611.9240788,2.0944000000326923,VSM.ResetFeedback,0,1
83,611.9408009,1.9485999999915293,VSM.MarkReceiverPages,1070848,1
83,611.9408009,1.9485999999915293,VSM.AllocationPrepare,9728,1
83,611.9408009,1.9485999999915293,VSM.AllocationCommit,1084928,1
83,611.9408009,1.9485999999915293,VSM.Allocate,1095168,1
83,611.9408009,1.9485999999915293,VSM.ClearPhysicalPages,119040,1
83,611.9408009,1.9485999999915293,VSM.PageOccupancy,2816,1
83,611.9408009,1.9485999999915293,VSM.FinalizePages,1792,1
83,611.9408009,1.9485999999915293,VSM.DynamicRaster,7424,1
83,611.9408009,1.9485999999915293,VSM.LayoutRemap,0,1
83,611.9408009,1.9485999999915293,VSM.InvalidateStatic,0,0
83,611.9408009,1.9485999999915293,VSM.InvalidateDynamic,256,1
83,611.9408009,1.9485999999915293,VSM.StaticCasterCull,442624,1
83,611.9408009,1.9485999999915293,VSM.DynamicCasterCull,146176,1
83,611.9408009,1.9485999999915293,VSM.PageCull,555008,2
83,611.9408009,1.9485999999915293,VSM.StaticRasterClear,0,1
83,611.9408009,1.9485999999915293,VSM.StaticRasterDraw,7168,1
83,611.9408009,1.9485999999915293,VSM.DynamicRasterClear,0,1
83,611.9408009,1.9485999999915293,VSM.DynamicRasterDraw,7424,1
83,611.9408009,1.9485999999915293,VSM.StaticRaster,7168,1
83,611.9408009,1.9485999999915293,VSM.UnityCompatibilityRaster,0,0
83,611.9408009,1.9485999999915293,VSM.Resolve,7414016,1
83,611.9408009,1.9485999999915293,VSM.ResolveTrace,7187200,1
83,611.9408009,1.9485999999915293,VSM.FilterHorizontal,65792,1
83,611.9408009,1.9485999999915293,VSM.FilterVertical,0,0
83,611.9408009,1.9485999999915293,VSM.FilterTemporalVertical,160256,1
83,611.9408009,1.9485999999915293,VSM.ResetFeedback,0,1
84,611.95791439999994,1.9953999999415828,VSM.MarkReceiverPages,894720,1
84,611.95791439999994,1.9953999999415828,VSM.AllocationPrepare,9216,1
84,611.95791439999994,1.9953999999415828,VSM.AllocationCommit,1083904,1
84,611.95791439999994,1.9953999999415828,VSM.Allocate,1252096,1
84,611.95791439999994,1.9953999999415828,VSM.ClearPhysicalPages,280320,1
84,611.95791439999994,1.9953999999415828,VSM.PageOccupancy,2304,1
84,611.95791439999994,1.9953999999415828,VSM.FinalizePages,1792,1
84,611.95791439999994,1.9953999999415828,VSM.DynamicRaster,7168,1
84,611.95791439999994,1.9953999999415828,VSM.LayoutRemap,0,1
84,611.95791439999994,1.9953999999415828,VSM.InvalidateStatic,0,0
84,611.95791439999994,1.9953999999415828,VSM.InvalidateDynamic,0,1
84,611.95791439999994,1.9953999999415828,VSM.StaticCasterCull,412672,1
84,611.95791439999994,1.9953999999415828,VSM.DynamicCasterCull,140800,1
84,611.95791439999994,1.9953999999415828,VSM.PageCull,519424,2
84,611.95791439999994,1.9953999999415828,VSM.StaticRasterClear,0,1
84,611.95791439999994,1.9953999999415828,VSM.StaticRasterDraw,7168,1
84,611.95791439999994,1.9953999999415828,VSM.DynamicRasterClear,0,1
84,611.95791439999994,1.9953999999415828,VSM.DynamicRasterDraw,6912,1
84,611.95791439999994,1.9953999999415828,VSM.StaticRaster,7168,1
84,611.95791439999994,1.9953999999415828,VSM.UnityCompatibilityRaster,0,0
84,611.95791439999994,1.9953999999415828,VSM.Resolve,7695104,1
84,611.95791439999994,1.9953999999415828,VSM.ResolveTrace,7468032,1
84,611.95791439999994,1.9953999999415828,VSM.FilterHorizontal,66816,1
84,611.95791439999994,1.9953999999415828,VSM.FilterVertical,0,0
84,611.95791439999994,1.9953999999415828,VSM.FilterTemporalVertical,158720,1
84,611.95791439999994,1.9953999999415828,VSM.ResetFeedback,0,1
85,611.9746401,2.1189999999933207,VSM.MarkReceiverPages,889856,1
85,611.9746401,2.1189999999933207,VSM.AllocationPrepare,9472,1
85,611.9746401,2.1189999999933207,VSM.AllocationCommit,1084928,1
85,611.9746401,2.1189999999933207,VSM.Allocate,1269248,1
85,611.9746401,2.1189999999933207,VSM.ClearPhysicalPages,119040,1
85,611.9746401,2.1189999999933207,VSM.PageOccupancy,2816,1
85,611.9746401,2.1189999999933207,VSM.FinalizePages,1792,1
85,611.9746401,2.1189999999933207,VSM.DynamicRaster,7680,1
85,611.9746401,2.1189999999933207,VSM.LayoutRemap,0,1
85,611.9746401,2.1189999999933207,VSM.InvalidateStatic,0,0
85,611.9746401,2.1189999999933207,VSM.InvalidateDynamic,0,1
85,611.9746401,2.1189999999933207,VSM.StaticCasterCull,433152,1
85,611.9746401,2.1189999999933207,VSM.DynamicCasterCull,144640,1
85,611.9746401,2.1189999999933207,VSM.PageCull,544256,2
85,611.9746401,2.1189999999933207,VSM.StaticRasterClear,0,1
85,611.9746401,2.1189999999933207,VSM.StaticRasterDraw,6144,1
85,611.9746401,2.1189999999933207,VSM.DynamicRasterClear,0,1
85,611.9746401,2.1189999999933207,VSM.DynamicRasterDraw,7424,1
85,611.9746401,2.1189999999933207,VSM.StaticRaster,6144,1
85,611.9746401,2.1189999999933207,VSM.UnityCompatibilityRaster,0,0
85,611.9746401,2.1189999999933207,VSM.Resolve,7030016,1
85,611.9746401,2.1189999999933207,VSM.ResolveTrace,6633728,1
85,611.9746401,2.1189999999933207,VSM.FilterHorizontal,65792,1
85,611.9746401,2.1189999999933207,VSM.FilterVertical,0,0
85,611.9746401,2.1189999999933207,VSM.FilterTemporalVertical,160000,1
85,611.9746401,2.1189999999933207,VSM.ResetFeedback,0,1
86,611.9915851,1.8933999999717344,VSM.MarkReceiverPages,890624,1
86,611.9915851,1.8933999999717344,VSM.AllocationPrepare,9472,1
86,611.9915851,1.8933999999717344,VSM.AllocationCommit,1085184,1
86,611.9915851,1.8933999999717344,VSM.Allocate,1344768,1
86,611.9915851,1.8933999999717344,VSM.ClearPhysicalPages,119040,1
86,611.9915851,1.8933999999717344,VSM.PageOccupancy,2560,1
86,611.9915851,1.8933999999717344,VSM.FinalizePages,1536,1
86,611.9915851,1.8933999999717344,VSM.DynamicRaster,4864,1
86,611.9915851,1.8933999999717344,VSM.LayoutRemap,0,1
86,611.9915851,1.8933999999717344,VSM.InvalidateStatic,0,0
86,611.9915851,1.8933999999717344,VSM.InvalidateDynamic,256,1
86,611.9915851,1.8933999999717344,VSM.StaticCasterCull,436736,1
86,611.9915851,1.8933999999717344,VSM.DynamicCasterCull,145408,1
86,611.9915851,1.8933999999717344,VSM.PageCull,548096,2
86,611.9915851,1.8933999999717344,VSM.StaticRasterClear,0,1
86,611.9915851,1.8933999999717344,VSM.StaticRasterDraw,7168,1
86,611.9915851,1.8933999999717344,VSM.DynamicRasterClear,0,1
86,611.9915851,1.8933999999717344,VSM.DynamicRasterDraw,4864,1
86,611.9915851,1.8933999999717344,VSM.StaticRaster,7424,1
86,611.9915851,1.8933999999717344,VSM.UnityCompatibilityRaster,0,0
86,611.9915851,1.8933999999717344,VSM.Resolve,7451904,1
86,611.9915851,1.8933999999717344,VSM.ResolveTrace,7224576,1
86,611.9915851,1.8933999999717344,VSM.FilterHorizontal,65536,1
86,611.9915851,1.8933999999717344,VSM.FilterVertical,0,0
86,611.9915851,1.8933999999717344,VSM.FilterTemporalVertical,160000,1
86,611.9915851,1.8933999999717344,VSM.ResetFeedback,0,1
87,612.0085773,1.8284999999877982,VSM.MarkReceiverPages,1136896,1
87,612.0085773,1.8284999999877982,VSM.AllocationPrepare,9472,1
87,612.0085773,1.8284999999877982,VSM.AllocationCommit,1085440,1
87,612.0085773,1.8284999999877982,VSM.Allocate,1095424,1
87,612.0085773,1.8284999999877982,VSM.ClearPhysicalPages,119296,1
87,612.0085773,1.8284999999877982,VSM.PageOccupancy,2560,1
87,612.0085773,1.8284999999877982,VSM.FinalizePages,1792,1
87,612.0085773,1.8284999999877982,VSM.DynamicRaster,7424,1
87,612.0085773,1.8284999999877982,VSM.LayoutRemap,0,1
87,612.0085773,1.8284999999877982,VSM.InvalidateStatic,0,0
87,612.0085773,1.8284999999877982,VSM.InvalidateDynamic,256,1
87,612.0085773,1.8284999999877982,VSM.StaticCasterCull,411904,1
87,612.0085773,1.8284999999877982,VSM.DynamicCasterCull,148480,1
87,612.0085773,1.8284999999877982,VSM.PageCull,526336,2
87,612.0085773,1.8284999999877982,VSM.StaticRasterClear,256,1
87,612.0085773,1.8284999999877982,VSM.StaticRasterDraw,6912,1
87,612.0085773,1.8284999999877982,VSM.DynamicRasterClear,0,1
87,612.0085773,1.8284999999877982,VSM.DynamicRasterDraw,7168,1
87,612.0085773,1.8284999999877982,VSM.StaticRaster,7168,1
87,612.0085773,1.8284999999877982,VSM.UnityCompatibilityRaster,0,0
87,612.0085773,1.8284999999877982,VSM.Resolve,6925568,1
87,612.0085773,1.8284999999877982,VSM.ResolveTrace,6697216,1
87,612.0085773,1.8284999999877982,VSM.FilterHorizontal,66048,1
87,612.0085773,1.8284999999877982,VSM.FilterVertical,0,0
87,612.0085773,1.8284999999877982,VSM.FilterTemporalVertical,160768,1
87,612.0085773,1.8284999999877982,VSM.ResetFeedback,0,1
88,612.0261853,2.002999999945132,VSM.MarkReceiverPages,1081856,1
88,612.0261853,2.002999999945132,VSM.AllocationPrepare,9728,1
88,612.0261853,2.002999999945132,VSM.AllocationCommit,1084160,1
88,612.0261853,2.002999999945132,VSM.Allocate,1094656,1
88,612.0261853,2.002999999945132,VSM.ClearPhysicalPages,119552,1
88,612.0261853,2.002999999945132,VSM.PageOccupancy,2560,1
88,612.0261853,2.002999999945132,VSM.FinalizePages,1792,1
88,612.0261853,2.002999999945132,VSM.DynamicRaster,7168,1
88,612.0261853,2.002999999945132,VSM.LayoutRemap,0,1
88,612.0261853,2.002999999945132,VSM.InvalidateStatic,0,0
88,612.0261853,2.002999999945132,VSM.InvalidateDynamic,0,1
88,612.0261853,2.002999999945132,VSM.StaticCasterCull,429056,1
88,612.0261853,2.002999999945132,VSM.DynamicCasterCull,145152,1
88,612.0261853,2.002999999945132,VSM.PageCull,539648,2
88,612.0261853,2.002999999945132,VSM.StaticRasterClear,0,1
88,612.0261853,2.002999999945132,VSM.StaticRasterDraw,7424,1
88,612.0261853,2.002999999945132,VSM.DynamicRasterClear,0,1
88,612.0261853,2.002999999945132,VSM.DynamicRasterDraw,6912,1
88,612.0261853,2.002999999945132,VSM.StaticRaster,7424,1
88,612.0261853,2.002999999945132,VSM.UnityCompatibilityRaster,0,0
88,612.0261853,2.002999999945132,VSM.Resolve,7492096,1
88,612.0261853,2.002999999945132,VSM.ResolveTrace,7264768,1
88,612.0261853,2.002999999945132,VSM.FilterHorizontal,65792,1
88,612.0261853,2.002999999945132,VSM.FilterVertical,0,0
88,612.0261853,2.002999999945132,VSM.FilterTemporalVertical,160000,1
88,612.0261853,2.002999999945132,VSM.ResetFeedback,0,1
89,612.04319119999991,1.9003999999540611,VSM.MarkReceiverPages,893440,1
89,612.04319119999991,1.9003999999540611,VSM.AllocationPrepare,9472,1
89,612.04319119999991,1.9003999999540611,VSM.AllocationCommit,1085440,1
89,612.04319119999991,1.9003999999540611,VSM.Allocate,1377280,1
89,612.04319119999991,1.9003999999540611,VSM.ClearPhysicalPages,119552,1
89,612.04319119999991,1.9003999999540611,VSM.PageOccupancy,2560,1
89,612.04319119999991,1.9003999999540611,VSM.FinalizePages,2048,1
89,612.04319119999991,1.9003999999540611,VSM.DynamicRaster,7680,1
89,612.04319119999991,1.9003999999540611,VSM.LayoutRemap,0,1
89,612.04319119999991,1.9003999999540611,VSM.InvalidateStatic,0,0
89,612.04319119999991,1.9003999999540611,VSM.InvalidateDynamic,256,1
89,612.04319119999991,1.9003999999540611,VSM.StaticCasterCull,429312,1
89,612.04319119999991,1.9003999999540611,VSM.DynamicCasterCull,134656,1
89,612.04319119999991,1.9003999999540611,VSM.PageCull,530688,2
89,612.04319119999991,1.9003999999540611,VSM.StaticRasterClear,0,1
89,612.04319119999991,1.9003999999540611,VSM.StaticRasterDraw,3072,1
89,612.04319119999991,1.9003999999540611,VSM.DynamicRasterClear,256,1
89,612.04319119999991,1.9003999999540611,VSM.DynamicRasterDraw,7424,1
89,612.04319119999991,1.9003999999540611,VSM.StaticRaster,3328,1
89,612.04319119999991,1.9003999999540611,VSM.UnityCompatibilityRaster,0,0
89,612.04319119999991,1.9003999999540611,VSM.Resolve,7390464,1
89,612.04319119999991,1.9003999999540611,VSM.ResolveTrace,7008512,1
89,612.04319119999991,1.9003999999540611,VSM.FilterHorizontal,65536,1
89,612.04319119999991,1.9003999999540611,VSM.FilterVertical,0,0
89,612.04319119999991,1.9003999999540611,VSM.FilterTemporalVertical,315392,1
89,612.04319119999991,1.9003999999540611,VSM.ResetFeedback,0,1
90,612.0601614,2.2897999999713647,VSM.MarkReceiverPages,893952,1
90,612.0601614,2.2897999999713647,VSM.AllocationPrepare,9728,1
90,612.0601614,2.2897999999713647,VSM.AllocationCommit,1084672,1
90,612.0601614,2.2897999999713647,VSM.Allocate,1345792,1
90,612.0601614,2.2897999999713647,VSM.ClearPhysicalPages,119040,1
90,612.0601614,2.2897999999713647,VSM.PageOccupancy,2560,1
90,612.0601614,2.2897999999713647,VSM.FinalizePages,1792,1
90,612.0601614,2.2897999999713647,VSM.DynamicRaster,6912,1
90,612.0601614,2.2897999999713647,VSM.LayoutRemap,0,1
90,612.0601614,2.2897999999713647,VSM.InvalidateStatic,0,0
90,612.0601614,2.2897999999713647,VSM.InvalidateDynamic,256,1
90,612.0601614,2.2897999999713647,VSM.StaticCasterCull,430592,1
90,612.0601614,2.2897999999713647,VSM.DynamicCasterCull,136192,1
90,612.0601614,2.2897999999713647,VSM.PageCull,533248,2
90,612.0601614,2.2897999999713647,VSM.StaticRasterClear,256,1
90,612.0601614,2.2897999999713647,VSM.StaticRasterDraw,7168,1
90,612.0601614,2.2897999999713647,VSM.DynamicRasterClear,0,1
90,612.0601614,2.2897999999713647,VSM.DynamicRasterDraw,6912,1
90,612.0601614,2.2897999999713647,VSM.StaticRaster,7424,1
90,612.0601614,2.2897999999713647,VSM.UnityCompatibilityRaster,0,0
90,612.0601614,2.2897999999713647,VSM.Resolve,7686912,1
90,612.0601614,2.2897999999713647,VSM.ResolveTrace,7273728,1
90,612.0601614,2.2897999999713647,VSM.FilterHorizontal,65536,1
90,612.0601614,2.2897999999713647,VSM.FilterVertical,0,0
90,612.0601614,2.2897999999713647,VSM.FilterTemporalVertical,158720,1
90,612.0601614,2.2897999999713647,VSM.ResetFeedback,0,1
91,612.07695979999994,2.0809000000099331,VSM.MarkReceiverPages,893952,1
91,612.07695979999994,2.0809000000099331,VSM.AllocationPrepare,9216,1
91,612.07695979999994,2.0809000000099331,VSM.AllocationCommit,1084672,1
91,612.07695979999994,2.0809000000099331,VSM.Allocate,1093888,1
91,612.07695979999994,2.0809000000099331,VSM.ClearPhysicalPages,118528,1
91,612.07695979999994,2.0809000000099331,VSM.PageOccupancy,2560,1
91,612.07695979999994,2.0809000000099331,VSM.FinalizePages,1792,1
91,612.07695979999994,2.0809000000099331,VSM.DynamicRaster,7680,1
91,612.07695979999994,2.0809000000099331,VSM.LayoutRemap,0,1
91,612.07695979999994,2.0809000000099331,VSM.InvalidateStatic,0,0
91,612.07695979999994,2.0809000000099331,VSM.InvalidateDynamic,0,1
91,612.07695979999994,2.0809000000099331,VSM.StaticCasterCull,436736,1
91,612.07695979999994,2.0809000000099331,VSM.DynamicCasterCull,145664,1
91,612.07695979999994,2.0809000000099331,VSM.PageCull,548864,2
91,612.07695979999994,2.0809000000099331,VSM.StaticRasterClear,0,1
91,612.07695979999994,2.0809000000099331,VSM.StaticRasterDraw,7168,1
91,612.07695979999994,2.0809000000099331,VSM.DynamicRasterClear,0,1
91,612.07695979999994,2.0809000000099331,VSM.DynamicRasterDraw,7424,1
91,612.07695979999994,2.0809000000099331,VSM.StaticRaster,7424,1
91,612.07695979999994,2.0809000000099331,VSM.UnityCompatibilityRaster,0,0
91,612.07695979999994,2.0809000000099331,VSM.Resolve,7076096,1
91,612.07695979999994,2.0809000000099331,VSM.ResolveTrace,6849536,1
91,612.07695979999994,2.0809000000099331,VSM.FilterHorizontal,65024,1
91,612.07695979999994,2.0809000000099331,VSM.FilterVertical,0,0
91,612.07695979999994,2.0809000000099331,VSM.FilterTemporalVertical,160256,1
91,612.07695979999994,2.0809000000099331,VSM.ResetFeedback,0,1
92,612.09465059999991,2.8783999999859589,VSM.MarkReceiverPages,892672,1
92,612.09465059999991,2.8783999999859589,VSM.AllocationPrepare,9472,1
92,612.09465059999991,2.8783999999859589,VSM.AllocationCommit,1084160,1
92,612.09465059999991,2.8783999999859589,VSM.Allocate,1350144,1
92,612.09465059999991,2.8783999999859589,VSM.ClearPhysicalPages,401408,1
92,612.09465059999991,2.8783999999859589,VSM.PageOccupancy,2816,1
92,612.09465059999991,2.8783999999859589,VSM.FinalizePages,2048,1
92,612.09465059999991,2.8783999999859589,VSM.DynamicRaster,6912,1
92,612.09465059999991,2.8783999999859589,VSM.LayoutRemap,0,1
92,612.09465059999991,2.8783999999859589,VSM.InvalidateStatic,0,0
92,612.09465059999991,2.8783999999859589,VSM.InvalidateDynamic,256,1
92,612.09465059999991,2.8783999999859589,VSM.StaticCasterCull,431360,1
92,612.09465059999991,2.8783999999859589,VSM.DynamicCasterCull,141056,1
92,612.09465059999991,2.8783999999859589,VSM.PageCull,538880,2
92,612.09465059999991,2.8783999999859589,VSM.StaticRasterClear,0,1
92,612.09465059999991,2.8783999999859589,VSM.StaticRasterDraw,6912,1
92,612.09465059999991,2.8783999999859589,VSM.DynamicRasterClear,0,1
92,612.09465059999991,2.8783999999859589,VSM.DynamicRasterDraw,6912,1
92,612.09465059999991,2.8783999999859589,VSM.StaticRaster,7168,1
92,612.09465059999991,2.8783999999859589,VSM.UnityCompatibilityRaster,0,0
92,612.09465059999991,2.8783999999859589,VSM.Resolve,7114240,1
92,612.09465059999991,2.8783999999859589,VSM.ResolveTrace,6888704,1
92,612.09465059999991,2.8783999999859589,VSM.FilterHorizontal,65536,1
92,612.09465059999991,2.8783999999859589,VSM.FilterVertical,0,0
92,612.09465059999991,2.8783999999859589,VSM.FilterTemporalVertical,158464,1
92,612.09465059999991,2.8783999999859589,VSM.ResetFeedback,0,1
93,612.1128255,2.160600000024715,VSM.MarkReceiverPages,890624,1
93,612.1128255,2.160600000024715,VSM.AllocationPrepare,9472,1
93,612.1128255,2.160600000024715,VSM.AllocationCommit,1085184,1
93,612.1128255,2.160600000024715,VSM.Allocate,1372928,1
93,612.1128255,2.160600000024715,VSM.ClearPhysicalPages,119552,1
93,612.1128255,2.160600000024715,VSM.PageOccupancy,2560,1
93,612.1128255,2.160600000024715,VSM.FinalizePages,2304,1
93,612.1128255,2.160600000024715,VSM.DynamicRaster,3328,1
93,612.1128255,2.160600000024715,VSM.LayoutRemap,0,1
93,612.1128255,2.160600000024715,VSM.InvalidateStatic,0,0
93,612.1128255,2.160600000024715,VSM.InvalidateDynamic,0,1
93,612.1128255,2.160600000024715,VSM.StaticCasterCull,436224,1
93,612.1128255,2.160600000024715,VSM.DynamicCasterCull,145152,1
93,612.1128255,2.160600000024715,VSM.PageCull,547584,2
93,612.1128255,2.160600000024715,VSM.StaticRasterClear,0,1
93,612.1128255,2.160600000024715,VSM.StaticRasterDraw,7168,1
93,612.1128255,2.160600000024715,VSM.DynamicRasterClear,256,1
93,612.1128255,2.160600000024715,VSM.DynamicRasterDraw,3072,1
93,612.1128255,2.160600000024715,VSM.StaticRaster,7168,1
93,612.1128255,2.160600000024715,VSM.UnityCompatibilityRaster,0,0
93,612.1128255,2.160600000024715,VSM.Resolve,7062528,1
93,612.1128255,2.160600000024715,VSM.ResolveTrace,6836992,1
93,612.1128255,2.160600000024715,VSM.FilterHorizontal,65536,1
93,612.1128255,2.160600000024715,VSM.FilterVertical,0,0
93,612.1128255,2.160600000024715,VSM.FilterTemporalVertical,158976,1
93,612.1128255,2.160600000024715,VSM.ResetFeedback,0,1
94,612.1299696,2.1235000000388027,VSM.MarkReceiverPages,896000,1
94,612.1299696,2.1235000000388027,VSM.AllocationPrepare,9472,1
94,612.1299696,2.1235000000388027,VSM.AllocationCommit,1084672,1
94,612.1299696,2.1235000000388027,VSM.Allocate,1094400,1
94,612.1299696,2.1235000000388027,VSM.ClearPhysicalPages,118784,1
94,612.1299696,2.1235000000388027,VSM.PageOccupancy,2816,1
94,612.1299696,2.1235000000388027,VSM.FinalizePages,1536,1
94,612.1299696,2.1235000000388027,VSM.DynamicRaster,6912,1
94,612.1299696,2.1235000000388027,VSM.LayoutRemap,0,1
94,612.1299696,2.1235000000388027,VSM.InvalidateStatic,0,0
94,612.1299696,2.1235000000388027,VSM.InvalidateDynamic,0,1
94,612.1299696,2.1235000000388027,VSM.StaticCasterCull,427264,1
94,612.1299696,2.1235000000388027,VSM.DynamicCasterCull,144128,1
94,612.1299696,2.1235000000388027,VSM.PageCull,537856,2
94,612.1299696,2.1235000000388027,VSM.StaticRasterClear,256,1
94,612.1299696,2.1235000000388027,VSM.StaticRasterDraw,7424,1
94,612.1299696,2.1235000000388027,VSM.DynamicRasterClear,0,1
94,612.1299696,2.1235000000388027,VSM.DynamicRasterDraw,6912,1
94,612.1299696,2.1235000000388027,VSM.StaticRaster,7680,1
94,612.1299696,2.1235000000388027,VSM.UnityCompatibilityRaster,0,0
94,612.1299696,2.1235000000388027,VSM.Resolve,7385600,1
94,612.1299696,2.1235000000388027,VSM.ResolveTrace,6872576,1
94,612.1299696,2.1235000000388027,VSM.FilterHorizontal,64768,1
94,612.1299696,2.1235000000388027,VSM.FilterVertical,0,0
94,612.1299696,2.1235000000388027,VSM.FilterTemporalVertical,446720,1
94,612.1299696,2.1235000000388027,VSM.ResetFeedback,0,1
95,612.14739709999992,2.3413999999775115,VSM.MarkReceiverPages,893696,1
95,612.14739709999992,2.3413999999775115,VSM.AllocationPrepare,9216,1
95,612.14739709999992,2.3413999999775115,VSM.AllocationCommit,1084672,1
95,612.14739709999992,2.3413999999775115,VSM.Allocate,1094144,1
95,612.14739709999992,2.3413999999775115,VSM.ClearPhysicalPages,118528,1
95,612.14739709999992,2.3413999999775115,VSM.PageOccupancy,2560,1
95,612.14739709999992,2.3413999999775115,VSM.FinalizePages,1792,1
95,612.14739709999992,2.3413999999775115,VSM.DynamicRaster,36096,1
95,612.14739709999992,2.3413999999775115,VSM.LayoutRemap,0,1
95,612.14739709999992,2.3413999999775115,VSM.InvalidateStatic,0,0
95,612.14739709999992,2.3413999999775115,VSM.InvalidateDynamic,256,1
95,612.14739709999992,2.3413999999775115,VSM.StaticCasterCull,439040,1
95,612.14739709999992,2.3413999999775115,VSM.DynamicCasterCull,396800,1
95,612.14739709999992,2.3413999999775115,VSM.PageCull,513024,2
95,612.14739709999992,2.3413999999775115,VSM.StaticRasterClear,0,1
95,612.14739709999992,2.3413999999775115,VSM.StaticRasterDraw,7168,1
95,612.14739709999992,2.3413999999775115,VSM.DynamicRasterClear,26112,1
95,612.14739709999992,2.3413999999775115,VSM.DynamicRasterDraw,8448,1
95,612.14739709999992,2.3413999999775115,VSM.StaticRaster,7168,1
95,612.14739709999992,2.3413999999775115,VSM.UnityCompatibilityRaster,0,0
95,612.14739709999992,2.3413999999775115,VSM.Resolve,7294976,1
95,612.14739709999992,2.3413999999775115,VSM.ResolveTrace,7066880,1
95,612.14739709999992,2.3413999999775115,VSM.FilterHorizontal,66048,1
95,612.14739709999992,2.3413999999775115,VSM.FilterVertical,0,0
95,612.14739709999992,2.3413999999775115,VSM.FilterTemporalVertical,160512,1
95,612.14739709999992,2.3413999999775115,VSM.ResetFeedback,0,1
