observation,editor_time,camera_cpu_ms,marker,gpu_ns,gpu_sample_count
0,613.3240483,2.3102999999764506,VSM.MarkReceiverPages,890624,1
0,613.3240483,2.3102999999764506,VSM.AllocationPrepare,9472,1
0,613.3240483,2.3102999999764506,VSM.AllocationCommit,1084928,1
0,613.3240483,2.3102999999764506,VSM.Allocate,1345792,1
0,613.3240483,2.3102999999764506,VSM.ClearPhysicalPages,118784,1
0,613.3240483,2.3102999999764506,VSM.PageOccupancy,2560,1
0,613.3240483,2.3102999999764506,VSM.FinalizePages,1792,1
0,613.3240483,2.3102999999764506,VSM.DynamicRaster,7168,1
0,613.3240483,2.3102999999764506,VSM.LayoutRemap,0,1
0,613.3240483,2.3102999999764506,VSM.InvalidateStatic,0,0
0,613.3240483,2.3102999999764506,VSM.InvalidateDynamic,256,1
0,613.3240483,2.3102999999764506,VSM.StaticCasterCull,438784,1
0,613.3240483,2.3102999999764506,VSM.DynamicCasterCull,140800,1
0,613.3240483,2.3102999999764506,VSM.PageCull,546304,2
0,613.3240483,2.3102999999764506,VSM.StaticRasterClear,0,1
0,613.3240483,2.3102999999764506,VSM.StaticRasterDraw,7168,1
0,613.3240483,2.3102999999764506,VSM.DynamicRasterClear,0,1
0,613.3240483,2.3102999999764506,VSM.DynamicRasterDraw,6912,1
0,613.3240483,2.3102999999764506,VSM.StaticRaster,7168,1
0,613.3240483,2.3102999999764506,VSM.UnityCompatibilityRaster,0,0
0,613.3240483,2.3102999999764506,VSM.Resolve,7165440,1
0,613.3240483,2.3102999999764506,VSM.ResolveTrace,6940672,1
0,613.3240483,2.3102999999764506,VSM.FilterHorizontal,65280,1
0,613.3240483,2.3102999999764506,VSM.FilterVertical,0,0
0,613.3240483,2.3102999999764506,VSM.FilterTemporalVertical,157952,1
0,613.3240483,2.3102999999764506,VSM.ResetFeedback,0,1
1,613.3404643,2.2224000000505839,VSM.MarkReceiverPages,1137408,1
1,613.3404643,2.2224000000505839,VSM.AllocationPrepare,9472,1
1,613.3404643,2.2224000000505839,VSM.AllocationCommit,1084416,1
1,613.3404643,2.2224000000505839,VSM.Allocate,1094656,1
1,613.3404643,2.2224000000505839,VSM.ClearPhysicalPages,119296,1
1,613.3404643,2.2224000000505839,VSM.PageOccupancy,2560,1
1,613.3404643,2.2224000000505839,VSM.FinalizePages,1536,1
1,613.3404643,2.2224000000505839,VSM.DynamicRaster,3328,1
1,613.3404643,2.2224000000505839,VSM.LayoutRemap,0,1
1,613.3404643,2.2224000000505839,VSM.InvalidateStatic,0,0
1,613.3404643,2.2224000000505839,VSM.InvalidateDynamic,256,1
1,613.3404643,2.2224000000505839,VSM.StaticCasterCull,415232,1
1,613.3404643,2.2224000000505839,VSM.DynamicCasterCull,142080,1
1,613.3404643,2.2224000000505839,VSM.PageCull,523520,2
1,613.3404643,2.2224000000505839,VSM.StaticRasterClear,256,1
1,613.3404643,2.2224000000505839,VSM.StaticRasterDraw,6912,1
1,613.3404643,2.2224000000505839,VSM.DynamicRasterClear,0,1
1,613.3404643,2.2224000000505839,VSM.DynamicRasterDraw,3328,1
1,613.3404643,2.2224000000505839,VSM.StaticRaster,7168,1
1,613.3404643,2.2224000000505839,VSM.UnityCompatibilityRaster,0,0
1,613.3404643,2.2224000000505839,VSM.Resolve,7343104,1
1,613.3404643,2.2224000000505839,VSM.ResolveTrace,7115008,1
1,613.3404643,2.2224000000505839,VSM.FilterHorizontal,65792,1
1,613.3404643,2.2224000000505839,VSM.FilterVertical,0,0
1,613.3404643,2.2224000000505839,VSM.FilterTemporalVertical,161280,1
1,613.3404643,2.2224000000505839,VSM.ResetFeedback,0,1
2,613.35874549999994,2.5183999999853768,VSM.MarkReceiverPages,892672,1
2,613.35874549999994,2.5183999999853768,VSM.AllocationPrepare,9472,1
2,613.35874549999994,2.5183999999853768,VSM.AllocationCommit,1084672,1
2,613.35874549999994,2.5183999999853768,VSM.Allocate,1261824,1
2,613.35874549999994,2.5183999999853768,VSM.ClearPhysicalPages,118272,1
2,613.35874549999994,2.5183999999853768,VSM.PageOccupancy,2560,1
2,613.35874549999994,2.5183999999853768,VSM.FinalizePages,1792,1
2,613.35874549999994,2.5183999999853768,VSM.DynamicRaster,6912,1
2,613.35874549999994,2.5183999999853768,VSM.LayoutRemap,0,1
2,613.35874549999994,2.5183999999853768,VSM.InvalidateStatic,0,0
2,613.35874549999994,2.5183999999853768,VSM.InvalidateDynamic,256,1
2,613.35874549999994,2.5183999999853768,VSM.StaticCasterCull,435968,1
2,613.35874549999994,2.5183999999853768,VSM.DynamicCasterCull,142080,1
2,613.35874549999994,2.5183999999853768,VSM.PageCull,544512,2
2,613.35874549999994,2.5183999999853768,VSM.StaticRasterClear,0,1
2,613.35874549999994,2.5183999999853768,VSM.StaticRasterDraw,7168,1
2,613.35874549999994,2.5183999999853768,VSM.DynamicRasterClear,0,1
2,613.35874549999994,2.5183999999853768,VSM.DynamicRasterDraw,6912,1
2,613.35874549999994,2.5183999999853768,VSM.StaticRaster,7424,1
2,613.35874549999994,2.5183999999853768,VSM.UnityCompatibilityRaster,0,0
2,613.35874549999994,2.5183999999853768,VSM.Resolve,7681280,1
2,613.35874549999994,2.5183999999853768,VSM.ResolveTrace,7450624,1
2,613.35874549999994,2.5183999999853768,VSM.FilterHorizontal,66304,1
2,613.35874549999994,2.5183999999853768,VSM.FilterVertical,0,0
2,613.35874549999994,2.5183999999853768,VSM.FilterTemporalVertical,163328,1
2,613.35874549999994,2.5183999999853768,VSM.ResetFeedback,0,1
3,613.3768544,2.481399999965106,VSM.MarkReceiverPages,891648,1
3,613.3768544,2.481399999965106,VSM.AllocationPrepare,9472,1
3,613.3768544,2.481399999965106,VSM.AllocationCommit,1084416,1
3,613.3768544,2.481399999965106,VSM.Allocate,1261568,1
3,613.3768544,2.481399999965106,VSM.ClearPhysicalPages,118784,1
3,613.3768544,2.481399999965106,VSM.PageOccupancy,2560,1
3,613.3768544,2.481399999965106,VSM.FinalizePages,1792,1
3,613.3768544,2.481399999965106,VSM.DynamicRaster,10240,1
3,613.3768544,2.481399999965106,VSM.LayoutRemap,0,1
3,613.3768544,2.481399999965106,VSM.InvalidateStatic,0,0
3,613.3768544,2.481399999965106,VSM.InvalidateDynamic,256,1
3,613.3768544,2.481399999965106,VSM.StaticCasterCull,422656,1
3,613.3768544,2.481399999965106,VSM.DynamicCasterCull,138752,1
3,613.3768544,2.481399999965106,VSM.PageCull,527872,2
3,613.3768544,2.481399999965106,VSM.StaticRasterClear,0,1
3,613.3768544,2.481399999965106,VSM.StaticRasterDraw,3328,1
3,613.3768544,2.481399999965106,VSM.DynamicRasterClear,0,1
3,613.3768544,2.481399999965106,VSM.DynamicRasterDraw,9984,1
3,613.3768544,2.481399999965106,VSM.StaticRaster,3328,1
3,613.3768544,2.481399999965106,VSM.UnityCompatibilityRaster,0,0
3,613.3768544,2.481399999965106,VSM.Resolve,7048192,1
3,613.3768544,2.481399999965106,VSM.ResolveTrace,6820864,1
3,613.3768544,2.481399999965106,VSM.FilterHorizontal,67072,1
3,613.3768544,2.481399999965106,VSM.FilterVertical,0,0
3,613.3768544,2.481399999965106,VSM.FilterTemporalVertical,159232,1
3,613.3768544,2.481399999965106,VSM.ResetFeedback,0,1
4,613.395356,3.053500000078202,VSM.MarkReceiverPages,894464,1
4,613.395356,3.053500000078202,VSM.AllocationPrepare,9216,1
4,613.395356,3.053500000078202,VSM.AllocationCommit,1084416,1
4,613.395356,3.053500000078202,VSM.Allocate,1341952,1
4,613.395356,3.053500000078202,VSM.ClearPhysicalPages,119296,1
4,613.395356,3.053500000078202,VSM.PageOccupancy,2560,1
4,613.395356,3.053500000078202,VSM.FinalizePages,2048,1
4,613.395356,3.053500000078202,VSM.DynamicRaster,7168,1
4,613.395356,3.053500000078202,VSM.LayoutRemap,0,1
4,613.395356,3.053500000078202,VSM.InvalidateStatic,0,0
4,613.395356,3.053500000078202,VSM.InvalidateDynamic,0,1
4,613.395356,3.053500000078202,VSM.StaticCasterCull,416256,1
4,613.395356,3.053500000078202,VSM.DynamicCasterCull,147456,1
4,613.395356,3.053500000078202,VSM.PageCull,529664,2
4,613.395356,3.053500000078202,VSM.StaticRasterClear,0,1
4,613.395356,3.053500000078202,VSM.StaticRasterDraw,7424,1
4,613.395356,3.053500000078202,VSM.DynamicRasterClear,0,1
4,613.395356,3.053500000078202,VSM.DynamicRasterDraw,6912,1
4,613.395356,3.053500000078202,VSM.StaticRaster,7680,1
4,613.395356,3.053500000078202,VSM.UnityCompatibilityRaster,0,0
4,613.395356,3.053500000078202,VSM.Resolve,7451136,1
4,613.395356,3.053500000078202,VSM.ResolveTrace,7222528,1
4,613.395356,3.053500000078202,VSM.FilterHorizontal,66304,1
4,613.395356,3.053500000078202,VSM.FilterVertical,0,0
4,613.395356,3.053500000078202,VSM.FilterTemporalVertical,161024,1
4,613.395356,3.053500000078202,VSM.ResetFeedback,0,1
5,613.4143264999999,2.9766999999765176,VSM.MarkReceiverPages,894464,1
5,613.4143264999999,2.9766999999765176,VSM.AllocationPrepare,9216,1
5,613.4143264999999,2.9766999999765176,VSM.AllocationCommit,1083904,1
5,613.4143264999999,2.9766999999765176,VSM.Allocate,1377280,1
5,613.4143264999999,2.9766999999765176,VSM.ClearPhysicalPages,119040,1
5,613.4143264999999,2.9766999999765176,VSM.PageOccupancy,2560,1
5,613.4143264999999,2.9766999999765176,VSM.FinalizePages,2560,1
5,613.4143264999999,2.9766999999765176,VSM.DynamicRaster,7680,1
5,613.4143264999999,2.9766999999765176,VSM.LayoutRemap,0,1
5,613.4143264999999,2.9766999999765176,VSM.InvalidateStatic,0,0
5,613.4143264999999,2.9766999999765176,VSM.InvalidateDynamic,256,1
5,613.4143264999999,2.9766999999765176,VSM.StaticCasterCull,422400,1
5,613.4143264999999,2.9766999999765176,VSM.DynamicCasterCull,137472,1
5,613.4143264999999,2.9766999999765176,VSM.PageCull,525568,2
5,613.4143264999999,2.9766999999765176,VSM.StaticRasterClear,0,1
5,613.4143264999999,2.9766999999765176,VSM.StaticRasterDraw,7424,1
5,613.4143264999999,2.9766999999765176,VSM.DynamicRasterClear,0,1
5,613.4143264999999,2.9766999999765176,VSM.DynamicRasterDraw,7424,1
5,613.4143264999999,2.9766999999765176,VSM.StaticRaster,7424,1
5,613.4143264999999,2.9766999999765176,VSM.UnityCompatibilityRaster,0,0
5,613.4143264999999,2.9766999999765176,VSM.Resolve,7423232,1
5,613.4143264999999,2.9766999999765176,VSM.ResolveTrace,7024896,1
5,613.4143264999999,2.9766999999765176,VSM.FilterHorizontal,238080,1
5,613.4143264999999,2.9766999999765176,VSM.FilterVertical,0,0
5,613.4143264999999,2.9766999999765176,VSM.FilterTemporalVertical,158976,1
5,613.4143264999999,2.9766999999765176,VSM.ResetFeedback,0,1
6,613.4336288,2.7373000000352476,VSM.MarkReceiverPages,892672,1
6,613.4336288,2.7373000000352476,VSM.AllocationPrepare,9216,1
6,613.4336288,2.7373000000352476,VSM.AllocationCommit,1084160,1
6,613.4336288,2.7373000000352476,VSM.Allocate,1352192,1
6,613.4336288,2.7373000000352476,VSM.ClearPhysicalPages,119296,1
6,613.4336288,2.7373000000352476,VSM.PageOccupancy,2560,1
6,613.4336288,2.7373000000352476,VSM.FinalizePages,1792,1
6,613.4336288,2.7373000000352476,VSM.DynamicRaster,7168,1
6,613.4336288,2.7373000000352476,VSM.LayoutRemap,0,1
6,613.4336288,2.7373000000352476,VSM.InvalidateStatic,0,0
6,613.4336288,2.7373000000352476,VSM.InvalidateDynamic,256,1
6,613.4336288,2.7373000000352476,VSM.StaticCasterCull,403712,1
6,613.4336288,2.7373000000352476,VSM.DynamicCasterCull,147712,1
6,613.4336288,2.7373000000352476,VSM.PageCull,517120,2
6,613.4336288,2.7373000000352476,VSM.StaticRasterClear,0,1
6,613.4336288,2.7373000000352476,VSM.StaticRasterDraw,5632,1
6,613.4336288,2.7373000000352476,VSM.DynamicRasterClear,256,1
6,613.4336288,2.7373000000352476,VSM.DynamicRasterDraw,6912,1
6,613.4336288,2.7373000000352476,VSM.StaticRaster,5888,1
6,613.4336288,2.7373000000352476,VSM.UnityCompatibilityRaster,0,0
6,613.4336288,2.7373000000352476,VSM.Resolve,7090944,1
6,613.4336288,2.7373000000352476,VSM.ResolveTrace,6864640,1
6,613.4336288,2.7373000000352476,VSM.FilterHorizontal,64768,1
6,613.4336288,2.7373000000352476,VSM.FilterVertical,0,0
6,613.4336288,2.7373000000352476,VSM.FilterTemporalVertical,160256,1
6,613.4336288,2.7373000000352476,VSM.ResetFeedback,0,1
7,613.45242809999991,2.7864999999565043,VSM.MarkReceiverPages,894208,1
7,613.45242809999991,2.7864999999565043,VSM.AllocationPrepare,9472,1
7,613.45242809999991,2.7864999999565043,VSM.AllocationCommit,1084672,1
7,613.45242809999991,2.7864999999565043,VSM.Allocate,1094144,1
7,613.45242809999991,2.7864999999565043,VSM.ClearPhysicalPages,119296,1
7,613.45242809999991,2.7864999999565043,VSM.PageOccupancy,2816,1
7,613.45242809999991,2.7864999999565043,VSM.FinalizePages,2304,1
7,613.45242809999991,2.7864999999565043,VSM.DynamicRaster,7936,1
7,613.45242809999991,2.7864999999565043,VSM.LayoutRemap,0,1
7,613.45242809999991,2.7864999999565043,VSM.InvalidateStatic,0,0
7,613.45242809999991,2.7864999999565043,VSM.InvalidateDynamic,0,1
7,613.45242809999991,2.7864999999565043,VSM.StaticCasterCull,703744,1
7,613.45242809999991,2.7864999999565043,VSM.DynamicCasterCull,152832,1
7,613.45242809999991,2.7864999999565043,VSM.PageCull,538624,2
7,613.45242809999991,2.7864999999565043,VSM.StaticRasterClear,0,1
7,613.45242809999991,2.7864999999565043,VSM.StaticRasterDraw,5120,1
7,613.45242809999991,2.7864999999565043,VSM.DynamicRasterClear,0,1
7,613.45242809999991,2.7864999999565043,VSM.DynamicRasterDraw,7680,1
7,613.45242809999991,2.7864999999565043,VSM.StaticRaster,5632,1
7,613.45242809999991,2.7864999999565043,VSM.UnityCompatibilityRaster,0,0
7,613.45242809999991,2.7864999999565043,VSM.Resolve,7112960,1
7,613.45242809999991,2.7864999999565043,VSM.ResolveTrace,6886144,1
7,613.45242809999991,2.7864999999565043,VSM.FilterHorizontal,66816,1
7,613.45242809999991,2.7864999999565043,VSM.FilterVertical,0,0
7,613.45242809999991,2.7864999999565043,VSM.FilterTemporalVertical,159232,1
7,613.45242809999991,2.7864999999565043,VSM.ResetFeedback,256,1
8,613.47039839999991,2.6090999999723863,VSM.MarkReceiverPages,893440,1
8,613.47039839999991,2.6090999999723863,VSM.AllocationPrepare,9472,1
8,613.47039839999991,2.6090999999723863,VSM.AllocationCommit,1083648,1
8,613.47039839999991,2.6090999999723863,VSM.Allocate,1325568,1
8,613.47039839999991,2.6090999999723863,VSM.ClearPhysicalPages,119040,1
8,613.47039839999991,2.6090999999723863,VSM.PageOccupancy,2560,1
8,613.47039839999991,2.6090999999723863,VSM.FinalizePages,1792,1
8,613.47039839999991,2.6090999999723863,VSM.DynamicRaster,7168,1
8,613.47039839999991,2.6090999999723863,VSM.LayoutRemap,0,1
8,613.47039839999991,2.6090999999723863,VSM.InvalidateStatic,0,0
8,613.47039839999991,2.6090999999723863,VSM.InvalidateDynamic,0,1
8,613.47039839999991,2.6090999999723863,VSM.StaticCasterCull,427520,1
8,613.47039839999991,2.6090999999723863,VSM.DynamicCasterCull,141824,1
8,613.47039839999991,2.6090999999723863,VSM.PageCull,535296,2
8,613.47039839999991,2.6090999999723863,VSM.StaticRasterClear,0,1
8,613.47039839999991,2.6090999999723863,VSM.StaticRasterDraw,8704,1
8,613.47039839999991,2.6090999999723863,VSM.DynamicRasterClear,0,1
8,613.47039839999991,2.6090999999723863,VSM.DynamicRasterDraw,6912,1
8,613.47039839999991,2.6090999999723863,VSM.StaticRaster,8704,1
8,613.47039839999991,2.6090999999723863,VSM.UnityCompatibilityRaster,0,0
8,613.47039839999991,2.6090999999723863,VSM.Resolve,7540736,1
8,613.47039839999991,2.6090999999723863,VSM.ResolveTrace,7138560,1
8,613.47039839999991,2.6090999999723863,VSM.FilterHorizontal,65536,1
8,613.47039839999991,2.6090999999723863,VSM.FilterVertical,0,0
8,613.47039839999991,2.6090999999723863,VSM.FilterTemporalVertical,335616,1
8,613.47039839999991,2.6090999999723863,VSM.ResetFeedback,0,1
9,613.4882206,2.3593000000801112,VSM.MarkReceiverPages,892160,1
9,613.4882206,2.3593000000801112,VSM.AllocationPrepare,9472,1
9,613.4882206,2.3593000000801112,VSM.AllocationCommit,1084672,1
9,613.4882206,2.3593000000801112,VSM.Allocate,1094400,1
9,613.4882206,2.3593000000801112,VSM.ClearPhysicalPages,118528,1
9,613.4882206,2.3593000000801112,VSM.PageOccupancy,2560,1
9,613.4882206,2.3593000000801112,VSM.FinalizePages,1536,1
9,613.4882206,2.3593000000801112,VSM.DynamicRaster,3584,1
9,613.4882206,2.3593000000801112,VSM.LayoutRemap,0,1
9,613.4882206,2.3593000000801112,VSM.InvalidateStatic,0,0
9,613.4882206,2.3593000000801112,VSM.InvalidateDynamic,0,1
9,613.4882206,2.3593000000801112,VSM.StaticCasterCull,414976,1
9,613.4882206,2.3593000000801112,VSM.DynamicCasterCull,141312,1
9,613.4882206,2.3593000000801112,VSM.PageCull,522496,2
9,613.4882206,2.3593000000801112,VSM.StaticRasterClear,256,1
9,613.4882206,2.3593000000801112,VSM.StaticRasterDraw,7168,1
9,613.4882206,2.3593000000801112,VSM.DynamicRasterClear,0,1
9,613.4882206,2.3593000000801112,VSM.DynamicRasterDraw,3328,1
9,613.4882206,2.3593000000801112,VSM.StaticRaster,7424,1
9,613.4882206,2.3593000000801112,VSM.UnityCompatibilityRaster,0,0
9,613.4882206,2.3593000000801112,VSM.Resolve,7366400,1
9,613.4882206,2.3593000000801112,VSM.ResolveTrace,7140096,1
9,613.4882206,2.3593000000801112,VSM.FilterHorizontal,65536,1
9,613.4882206,2.3593000000801112,VSM.FilterVertical,0,0
9,613.4882206,2.3593000000801112,VSM.FilterTemporalVertical,159744,1
9,613.4882206,2.3593000000801112,VSM.ResetFeedback,0,1
10,613.5065979,2.4316000000226268,VSM.MarkReceiverPages,896000,1
10,613.5065979,2.4316000000226268,VSM.AllocationPrepare,9472,1
10,613.5065979,2.4316000000226268,VSM.AllocationCommit,1084672,1
10,613.5065979,2.4316000000226268,VSM.Allocate,1581824,1
10,613.5065979,2.4316000000226268,VSM.ClearPhysicalPages,121088,1
10,613.5065979,2.4316000000226268,VSM.PageOccupancy,2816,1
10,613.5065979,2.4316000000226268,VSM.FinalizePages,2304,1
10,613.5065979,2.4316000000226268,VSM.DynamicRaster,7168,1
10,613.5065979,2.4316000000226268,VSM.LayoutRemap,0,1
10,613.5065979,2.4316000000226268,VSM.InvalidateStatic,0,0
10,613.5065979,2.4316000000226268,VSM.InvalidateDynamic,512,1
10,613.5065979,2.4316000000226268,VSM.StaticCasterCull,431616,1
10,613.5065979,2.4316000000226268,VSM.DynamicCasterCull,138240,1
10,613.5065979,2.4316000000226268,VSM.PageCull,535552,2
10,613.5065979,2.4316000000226268,VSM.StaticRasterClear,0,1
10,613.5065979,2.4316000000226268,VSM.StaticRasterDraw,6912,1
10,613.5065979,2.4316000000226268,VSM.DynamicRasterClear,0,1
10,613.5065979,2.4316000000226268,VSM.DynamicRasterDraw,6912,1
10,613.5065979,2.4316000000226268,VSM.StaticRaster,7168,1
10,613.5065979,2.4316000000226268,VSM.UnityCompatibilityRaster,0,0
10,613.5065979,2.4316000000226268,VSM.Resolve,7315968,1
10,613.5065979,2.4316000000226268,VSM.ResolveTrace,7087104,1
10,613.5065979,2.4316000000226268,VSM.FilterHorizontal,65792,1
10,613.5065979,2.4316000000226268,VSM.FilterVertical,0,0
10,613.5065979,2.4316000000226268,VSM.FilterTemporalVertical,162048,1
10,613.5065979,2.4316000000226268,VSM.ResetFeedback,0,1
11,613.5250628,2.4179000000685846,VSM.MarkReceiverPages,1196288,1
11,613.5250628,2.4179000000685846,VSM.AllocationPrepare,11776,1
11,613.5250628,2.4179000000685846,VSM.AllocationCommit,1085440,1
11,613.5250628,2.4179000000685846,VSM.Allocate,1097472,1
11,613.5250628,2.4179000000685846,VSM.ClearPhysicalPages,119296,1
11,613.5250628,2.4179000000685846,VSM.PageOccupancy,2560,1
11,613.5250628,2.4179000000685846,VSM.FinalizePages,1792,1
11,613.5250628,2.4179000000685846,VSM.DynamicRaster,6656,1
11,613.5250628,2.4179000000685846,VSM.LayoutRemap,0,1
11,613.5250628,2.4179000000685846,VSM.InvalidateStatic,0,0
11,613.5250628,2.4179000000685846,VSM.InvalidateDynamic,0,1
11,613.5250628,2.4179000000685846,VSM.StaticCasterCull,429312,1
11,613.5250628,2.4179000000685846,VSM.DynamicCasterCull,145920,1
11,613.5250628,2.4179000000685846,VSM.PageCull,541440,2
11,613.5250628,2.4179000000685846,VSM.StaticRasterClear,0,1
11,613.5250628,2.4179000000685846,VSM.StaticRasterDraw,7168,1
11,613.5250628,2.4179000000685846,VSM.DynamicRasterClear,0,1
11,613.5250628,2.4179000000685846,VSM.DynamicRasterDraw,6400,1
11,613.5250628,2.4179000000685846,VSM.StaticRaster,7424,1
11,613.5250628,2.4179000000685846,VSM.UnityCompatibilityRaster,0,0
11,613.5250628,2.4179000000685846,VSM.Resolve,7171072,1
11,613.5250628,2.4179000000685846,VSM.ResolveTrace,6945024,1
11,613.5250628,2.4179000000685846,VSM.FilterHorizontal,65024,1
11,613.5250628,2.4179000000685846,VSM.FilterVertical,0,0
11,613.5250628,2.4179000000685846,VSM.FilterTemporalVertical,159488,1
11,613.5250628,2.4179000000685846,VSM.ResetFeedback,0,1
12,613.5428794,2.3959999999760839,VSM.MarkReceiverPages,895232,1
12,613.5428794,2.3959999999760839,VSM.AllocationPrepare,9216,1
12,613.5428794,2.3959999999760839,VSM.AllocationCommit,1084672,1
12,613.5428794,2.3959999999760839,VSM.Allocate,1586432,1
12,613.5428794,2.3959999999760839,VSM.ClearPhysicalPages,122112,1
12,613.5428794,2.3959999999760839,VSM.PageOccupancy,2560,1
12,613.5428794,2.3959999999760839,VSM.FinalizePages,2560,1
12,613.5428794,2.3959999999760839,VSM.DynamicRaster,6912,1
12,613.5428794,2.3959999999760839,VSM.LayoutRemap,0,1
12,613.5428794,2.3959999999760839,VSM.InvalidateStatic,0,0
12,613.5428794,2.3959999999760839,VSM.InvalidateDynamic,512,1
12,613.5428794,2.3959999999760839,VSM.StaticCasterCull,425472,1
12,613.5428794,2.3959999999760839,VSM.DynamicCasterCull,143360,1
12,613.5428794,2.3959999999760839,VSM.PageCull,534528,2
12,613.5428794,2.3959999999760839,VSM.StaticRasterClear,0,1
12,613.5428794,2.3959999999760839,VSM.StaticRasterDraw,6912,1
12,613.5428794,2.3959999999760839,VSM.DynamicRasterClear,0,1
12,613.5428794,2.3959999999760839,VSM.DynamicRasterDraw,6912,1
12,613.5428794,2.3959999999760839,VSM.StaticRaster,7168,1
12,613.5428794,2.3959999999760839,VSM.UnityCompatibilityRaster,0,0
12,613.5428794,2.3959999999760839,VSM.Resolve,7907584,1
12,613.5428794,2.3959999999760839,VSM.ResolveTrace,7675904,1
12,613.5428794,2.3959999999760839,VSM.FilterHorizontal,67584,1
12,613.5428794,2.3959999999760839,VSM.FilterVertical,0,0
12,613.5428794,2.3959999999760839,VSM.FilterTemporalVertical,163072,1
12,613.5428794,2.3959999999760839,VSM.ResetFeedback,0,1
13,613.5620696,3.267899999968904,VSM.MarkReceiverPages,1096192,1
13,613.5620696,3.267899999968904,VSM.AllocationPrepare,9728,1
13,613.5620696,3.267899999968904,VSM.AllocationCommit,1084672,1
13,613.5620696,3.267899999968904,VSM.Allocate,1094656,1
13,613.5620696,3.267899999968904,VSM.ClearPhysicalPages,118784,1
13,613.5620696,3.267899999968904,VSM.PageOccupancy,2560,1
13,613.5620696,3.267899999968904,VSM.FinalizePages,1792,1
13,613.5620696,3.267899999968904,VSM.DynamicRaster,25856,1
13,613.5620696,3.267899999968904,VSM.LayoutRemap,0,1
13,613.5620696,3.267899999968904,VSM.InvalidateStatic,0,0
13,613.5620696,3.267899999968904,VSM.InvalidateDynamic,256,1
13,613.5620696,3.267899999968904,VSM.StaticCasterCull,427776,1
13,613.5620696,3.267899999968904,VSM.DynamicCasterCull,413952,1
13,613.5620696,3.267899999968904,VSM.PageCull,516864,2
13,613.5620696,3.267899999968904,VSM.StaticRasterClear,0,1
13,613.5620696,3.267899999968904,VSM.StaticRasterDraw,6656,1
13,613.5620696,3.267899999968904,VSM.DynamicRasterClear,15616,1
13,613.5620696,3.267899999968904,VSM.DynamicRasterDraw,8704,1
13,613.5620696,3.267899999968904,VSM.StaticRaster,6912,1
13,613.5620696,3.267899999968904,VSM.UnityCompatibilityRaster,0,0
13,613.5620696,3.267899999968904,VSM.Resolve,7114496,1
13,613.5620696,3.267899999968904,VSM.ResolveTrace,6887680,1
13,613.5620696,3.267899999968904,VSM.FilterHorizontal,66048,1
13,613.5620696,3.267899999968904,VSM.FilterVertical,0,0
13,613.5620696,3.267899999968904,VSM.FilterTemporalVertical,160000,1
13,613.5620696,3.267899999968904,VSM.ResetFeedback,0,1
14,613.57936839999991,2.3467999999411404,VSM.MarkReceiverPages,895488,1
14,613.57936839999991,2.3467999999411404,VSM.AllocationPrepare,9216,1
14,613.57936839999991,2.3467999999411404,VSM.AllocationCommit,1084160,1
14,613.57936839999991,2.3467999999411404,VSM.Allocate,1337344,1
14,613.57936839999991,2.3467999999411404,VSM.ClearPhysicalPages,119296,1
14,613.57936839999991,2.3467999999411404,VSM.PageOccupancy,3072,1
14,613.57936839999991,2.3467999999411404,VSM.FinalizePages,1792,1
14,613.57936839999991,2.3467999999411404,VSM.DynamicRaster,40960,1
14,613.57936839999991,2.3467999999411404,VSM.LayoutRemap,0,1
14,613.57936839999991,2.3467999999411404,VSM.InvalidateStatic,0,0
14,613.57936839999991,2.3467999999411404,VSM.InvalidateDynamic,256,1
14,613.57936839999991,2.3467999999411404,VSM.StaticCasterCull,416000,1
14,613.57936839999991,2.3467999999411404,VSM.DynamicCasterCull,289024,1
14,613.57936839999991,2.3467999999411404,VSM.PageCull,479744,2
14,613.57936839999991,2.3467999999411404,VSM.StaticRasterClear,0,1
14,613.57936839999991,2.3467999999411404,VSM.StaticRasterDraw,7168,1
14,613.57936839999991,2.3467999999411404,VSM.DynamicRasterClear,32512,1
14,613.57936839999991,2.3467999999411404,VSM.DynamicRasterDraw,6656,1
14,613.57936839999991,2.3467999999411404,VSM.StaticRaster,7424,1
14,613.57936839999991,2.3467999999411404,VSM.UnityCompatibilityRaster,0,0
14,613.57936839999991,2.3467999999411404,VSM.Resolve,7085056,1
14,613.57936839999991,2.3467999999411404,VSM.ResolveTrace,6855168,1
14,613.57936839999991,2.3467999999411404,VSM.FilterHorizontal,65536,1
14,613.57936839999991,2.3467999999411404,VSM.FilterVertical,0,0
14,613.57936839999991,2.3467999999411404,VSM.FilterTemporalVertical,163072,1
14,613.57936839999991,2.3467999999411404,VSM.ResetFeedback,0,1
15,613.59711659999994,2.7064999999311112,VSM.MarkReceiverPages,894208,1
15,613.59711659999994,2.7064999999311112,VSM.AllocationPrepare,9216,1
15,613.59711659999994,2.7064999999311112,VSM.AllocationCommit,1084928,1
15,613.59711659999994,2.7064999999311112,VSM.Allocate,1677568,1
15,613.59711659999994,2.7064999999311112,VSM.ClearPhysicalPages,118784,1
15,613.59711659999994,2.7064999999311112,VSM.PageOccupancy,2560,1
15,613.59711659999994,2.7064999999311112,VSM.FinalizePages,2048,1
15,613.59711659999994,2.7064999999311112,VSM.DynamicRaster,7680,1
15,613.59711659999994,2.7064999999311112,VSM.LayoutRemap,0,1
15,613.59711659999994,2.7064999999311112,VSM.InvalidateStatic,0,0
15,613.59711659999994,2.7064999999311112,VSM.InvalidateDynamic,256,1
15,613.59711659999994,2.7064999999311112,VSM.StaticCasterCull,430848,1
15,613.59711659999994,2.7064999999311112,VSM.DynamicCasterCull,142848,1
15,613.59711659999994,2.7064999999311112,VSM.PageCull,540672,2
15,613.59711659999994,2.7064999999311112,VSM.StaticRasterClear,0,1
15,613.59711659999994,2.7064999999311112,VSM.StaticRasterDraw,5632,1
15,613.59711659999994,2.7064999999311112,VSM.DynamicRasterClear,256,1
15,613.59711659999994,2.7064999999311112,VSM.DynamicRasterDraw,7424,1
15,613.59711659999994,2.7064999999311112,VSM.StaticRaster,5888,1
15,613.59711659999994,2.7064999999311112,VSM.UnityCompatibilityRaster,0,0
15,613.59711659999994,2.7064999999311112,VSM.Resolve,7524352,1
15,613.59711659999994,2.7064999999311112,VSM.ResolveTrace,7297792,1
15,613.59711659999994,2.7064999999311112,VSM.FilterHorizontal,65792,1
15,613.59711659999994,2.7064999999311112,VSM.FilterVertical,0,0
15,613.59711659999994,2.7064999999311112,VSM.FilterTemporalVertical,159488,1
15,613.59711659999994,2.7064999999311112,VSM.ResetFeedback,0,1
16,613.6149532,2.4264999999559222,VSM.MarkReceiverPages,1078528,1
16,613.6149532,2.4264999999559222,VSM.AllocationPrepare,9472,1
16,613.6149532,2.4264999999559222,VSM.AllocationCommit,1084672,1
16,613.6149532,2.4264999999559222,VSM.Allocate,1094912,1
16,613.6149532,2.4264999999559222,VSM.ClearPhysicalPages,119552,1
16,613.6149532,2.4264999999559222,VSM.PageOccupancy,2560,1
16,613.6149532,2.4264999999559222,VSM.FinalizePages,1536,1
16,613.6149532,2.4264999999559222,VSM.DynamicRaster,27392,1
16,613.6149532,2.4264999999559222,VSM.LayoutRemap,0,1
16,613.6149532,2.4264999999559222,VSM.InvalidateStatic,0,0
16,613.6149532,2.4264999999559222,VSM.InvalidateDynamic,256,1
16,613.6149532,2.4264999999559222,VSM.StaticCasterCull,430592,1
16,613.6149532,2.4264999999559222,VSM.DynamicCasterCull,394496,1
16,613.6149532,2.4264999999559222,VSM.PageCull,509952,2
16,613.6149532,2.4264999999559222,VSM.StaticRasterClear,256,1
16,613.6149532,2.4264999999559222,VSM.StaticRasterDraw,3072,1
16,613.6149532,2.4264999999559222,VSM.DynamicRasterClear,17152,1
16,613.6149532,2.4264999999559222,VSM.DynamicRasterDraw,8704,1
16,613.6149532,2.4264999999559222,VSM.StaticRaster,3328,1
16,613.6149532,2.4264999999559222,VSM.UnityCompatibilityRaster,0,0
16,613.6149532,2.4264999999559222,VSM.Resolve,7153664,1
16,613.6149532,2.4264999999559222,VSM.ResolveTrace,6927616,1
16,613.6149532,2.4264999999559222,VSM.FilterHorizontal,65536,1
16,613.6149532,2.4264999999559222,VSM.FilterVertical,0,0
16,613.6149532,2.4264999999559222,VSM.FilterTemporalVertical,159232,1
16,613.6149532,2.4264999999559222,VSM.ResetFeedback,0,1
17,613.6331186,2.1813000000747707,VSM.MarkReceiverPages,896512,1
17,613.6331186,2.1813000000747707,VSM.AllocationPrepare,9472,1
17,613.6331186,2.1813000000747707,VSM.AllocationCommit,1084672,1
17,613.6331186,2.1813000000747707,VSM.Allocate,1094400,1
17,613.6331186,2.1813000000747707,VSM.ClearPhysicalPages,375040,1
17,613.6331186,2.1813000000747707,VSM.PageOccupancy,2816,1
17,613.6331186,2.1813000000747707,VSM.FinalizePages,1792,1
17,613.6331186,2.1813000000747707,VSM.DynamicRaster,7680,1
17,613.6331186,2.1813000000747707,VSM.LayoutRemap,0,1
17,613.6331186,2.1813000000747707,VSM.InvalidateStatic,0,0
17,613.6331186,2.1813000000747707,VSM.InvalidateDynamic,0,1
17,613.6331186,2.1813000000747707,VSM.StaticCasterCull,423936,1
17,613.6331186,2.1813000000747707,VSM.DynamicCasterCull,143104,1
17,613.6331186,2.1813000000747707,VSM.PageCull,528384,2
17,613.6331186,2.1813000000747707,VSM.StaticRasterClear,0,1
17,613.6331186,2.1813000000747707,VSM.StaticRasterDraw,3328,1
17,613.6331186,2.1813000000747707,VSM.DynamicRasterClear,0,1
17,613.6331186,2.1813000000747707,VSM.DynamicRasterDraw,7424,1
17,613.6331186,2.1813000000747707,VSM.StaticRaster,3584,1
17,613.6331186,2.1813000000747707,VSM.UnityCompatibilityRaster,0,0
17,613.6331186,2.1813000000747707,VSM.Resolve,7404800,1
17,613.6331186,2.1813000000747707,VSM.ResolveTrace,7176448,1
17,613.6331186,2.1813000000747707,VSM.FilterHorizontal,66048,1
17,613.6331186,2.1813000000747707,VSM.FilterVertical,0,0
17,613.6331186,2.1813000000747707,VSM.FilterTemporalVertical,161536,1
17,613.6331186,2.1813000000747707,VSM.ResetFeedback,0,1
18,613.65093289999993,2.3214999999936481,VSM.MarkReceiverPages,896512,1
18,613.65093289999993,2.3214999999936481,VSM.AllocationPrepare,9472,1
18,613.65093289999993,2.3214999999936481,VSM.AllocationCommit,1085696,1
18,613.65093289999993,2.3214999999936481,VSM.Allocate,1380096,1
18,613.65093289999993,2.3214999999936481,VSM.ClearPhysicalPages,120064,1
18,613.65093289999993,2.3214999999936481,VSM.PageOccupancy,2560,1
18,613.65093289999993,2.3214999999936481,VSM.FinalizePages,2304,1
18,613.65093289999993,2.3214999999936481,VSM.DynamicRaster,6912,1
18,613.65093289999993,2.3214999999936481,VSM.LayoutRemap,0,1
18,613.65093289999993,2.3214999999936481,VSM.InvalidateStatic,0,0
18,613.65093289999993,2.3214999999936481,VSM.InvalidateDynamic,512,1
18,613.65093289999993,2.3214999999936481,VSM.StaticCasterCull,399872,1
18,613.65093289999993,2.3214999999936481,VSM.DynamicCasterCull,134912,1
18,613.65093289999993,2.3214999999936481,VSM.PageCull,501248,2
18,613.65093289999993,2.3214999999936481,VSM.StaticRasterClear,0,1
18,613.65093289999993,2.3214999999936481,VSM.StaticRasterDraw,8960,1
18,613.65093289999993,2.3214999999936481,VSM.DynamicRasterClear,0,1
18,613.65093289999993,2.3214999999936481,VSM.DynamicRasterDraw,6656,1
18,613.65093289999993,2.3214999999936481,VSM.StaticRaster,8960,1
18,613.65093289999993,2.3214999999936481,VSM.UnityCompatibilityRaster,0,0
18,613.65093289999993,2.3214999999936481,VSM.Resolve,7305728,1
18,613.65093289999993,2.3214999999936481,VSM.ResolveTrace,6908416,1
18,613.65093289999993,2.3214999999936481,VSM.FilterHorizontal,65536,1
18,613.65093289999993,2.3214999999936481,VSM.FilterVertical,0,0
18,613.65093289999993,2.3214999999936481,VSM.FilterTemporalVertical,160256,1
18,613.65093289999993,2.3214999999936481,VSM.ResetFeedback,0,1
19,613.671038,3.0371000000286585,VSM.MarkReceiverPages,889344,1
19,613.671038,3.0371000000286585,VSM.AllocationPrepare,9472,1
19,613.671038,3.0371000000286585,VSM.AllocationCommit,1084928,1
19,613.671038,3.0371000000286585,VSM.Allocate,1353472,1
19,613.671038,3.0371000000286585,VSM.ClearPhysicalPages,118784,1
19,613.671038,3.0371000000286585,VSM.PageOccupancy,2816,1
19,613.671038,3.0371000000286585,VSM.FinalizePages,1792,1
19,613.671038,3.0371000000286585,VSM.DynamicRaster,3328,1
19,613.671038,3.0371000000286585,VSM.LayoutRemap,0,1
19,613.671038,3.0371000000286585,VSM.InvalidateStatic,0,0
19,613.671038,3.0371000000286585,VSM.InvalidateDynamic,256,1
19,613.671038,3.0371000000286585,VSM.StaticCasterCull,429568,1
19,613.671038,3.0371000000286585,VSM.DynamicCasterCull,139776,1
19,613.671038,3.0371000000286585,VSM.PageCull,535296,2
19,613.671038,3.0371000000286585,VSM.StaticRasterClear,0,1
19,613.671038,3.0371000000286585,VSM.StaticRasterDraw,7168,1
19,613.671038,3.0371000000286585,VSM.DynamicRasterClear,256,1
19,613.671038,3.0371000000286585,VSM.DynamicRasterDraw,3072,1
19,613.671038,3.0371000000286585,VSM.StaticRaster,7424,1
19,613.671038,3.0371000000286585,VSM.UnityCompatibilityRaster,0,0
19,613.671038,3.0371000000286585,VSM.Resolve,7576832,1
19,613.671038,3.0371000000286585,VSM.ResolveTrace,7173632,1
19,613.671038,3.0371000000286585,VSM.FilterHorizontal,242432,1
19,613.671038,3.0371000000286585,VSM.FilterVertical,0,0
19,613.671038,3.0371000000286585,VSM.FilterTemporalVertical,159744,1
19,613.671038,3.0371000000286585,VSM.ResetFeedback,0,1
20,613.68921619999992,2.8798999999253283,VSM.MarkReceiverPages,892160,1
20,613.68921619999992,2.8798999999253283,VSM.AllocationPrepare,9216,1
20,613.68921619999992,2.8798999999253283,VSM.AllocationCommit,1084928,1
20,613.68921619999992,2.8798999999253283,VSM.Allocate,1094400,1
20,613.68921619999992,2.8798999999253283,VSM.ClearPhysicalPages,118784,1
20,613.68921619999992,2.8798999999253283,VSM.PageOccupancy,2560,1
20,613.68921619999992,2.8798999999253283,VSM.FinalizePages,1792,1
20,613.68921619999992,2.8798999999253283,VSM.DynamicRaster,7168,1
20,613.68921619999992,2.8798999999253283,VSM.LayoutRemap,0,1
20,613.68921619999992,2.8798999999253283,VSM.InvalidateStatic,0,0
20,613.68921619999992,2.8798999999253283,VSM.InvalidateDynamic,0,1
20,613.68921619999992,2.8798999999253283,VSM.StaticCasterCull,421120,1
20,613.68921619999992,2.8798999999253283,VSM.DynamicCasterCull,141568,1
20,613.68921619999992,2.8798999999253283,VSM.PageCull,528640,2
20,613.68921619999992,2.8798999999253283,VSM.StaticRasterClear,0,1
20,613.68921619999992,2.8798999999253283,VSM.StaticRasterDraw,6912,1
20,613.68921619999992,2.8798999999253283,VSM.DynamicRasterClear,0,1
20,613.68921619999992,2.8798999999253283,VSM.DynamicRasterDraw,6912,1
20,613.68921619999992,2.8798999999253283,VSM.StaticRaster,7168,1
20,613.68921619999992,2.8798999999253283,VSM.UnityCompatibilityRaster,0,0
20,613.68921619999992,2.8798999999253283,VSM.Resolve,7518720,1
20,613.68921619999992,2.8798999999253283,VSM.ResolveTrace,7289088,1
20,613.68921619999992,2.8798999999253283,VSM.FilterHorizontal,65792,1
20,613.68921619999992,2.8798999999253283,VSM.FilterVertical,0,0
20,613.68921619999992,2.8798999999253283,VSM.FilterTemporalVertical,162560,1
20,613.68921619999992,2.8798999999253283,VSM.ResetFeedback,0,1
21,613.7066573,2.0157999999810272,VSM.MarkReceiverPages,894464,1
21,613.7066573,2.0157999999810272,VSM.AllocationPrepare,9472,1
21,613.7066573,2.0157999999810272,VSM.AllocationCommit,1083904,1
21,613.7066573,2.0157999999810272,VSM.Allocate,1093632,1
21,613.7066573,2.0157999999810272,VSM.ClearPhysicalPages,118528,1
21,613.7066573,2.0157999999810272,VSM.PageOccupancy,3584,1
21,613.7066573,2.0157999999810272,VSM.FinalizePages,3072,1
21,613.7066573,2.0157999999810272,VSM.DynamicRaster,21504,1
21,613.7066573,2.0157999999810272,VSM.LayoutRemap,0,1
21,613.7066573,2.0157999999810272,VSM.InvalidateStatic,0,0
21,613.7066573,2.0157999999810272,VSM.InvalidateDynamic,0,1
21,613.7066573,2.0157999999810272,VSM.StaticCasterCull,429824,1
21,613.7066573,2.0157999999810272,VSM.DynamicCasterCull,644096,1
21,613.7066573,2.0157999999810272,VSM.PageCull,518656,2
21,613.7066573,2.0157999999810272,VSM.StaticRasterClear,0,1
21,613.7066573,2.0157999999810272,VSM.StaticRasterDraw,7168,1
21,613.7066573,2.0157999999810272,VSM.DynamicRasterClear,9216,1
21,613.7066573,2.0157999999810272,VSM.DynamicRasterDraw,10240,1
21,613.7066573,2.0157999999810272,VSM.StaticRaster,7168,1
21,613.7066573,2.0157999999810272,VSM.UnityCompatibilityRaster,0,0
21,613.7066573,2.0157999999810272,VSM.Resolve,7240192,1
21,613.7066573,2.0157999999810272,VSM.ResolveTrace,7015168,1
21,613.7066573,2.0157999999810272,VSM.FilterHorizontal,65536,1
21,613.7066573,2.0157999999810272,VSM.FilterVertical,0,0
21,613.7066573,2.0157999999810272,VSM.FilterTemporalVertical,158464,1
21,613.7066573,2.0157999999810272,VSM.ResetFeedback,0,1
22,613.72394669999994,1.9433999999591833,VSM.MarkReceiverPages,895744,1
22,613.72394669999994,1.9433999999591833,VSM.AllocationPrepare,9216,1
22,613.72394669999994,1.9433999999591833,VSM.AllocationCommit,1084416,1
22,613.72394669999994,1.9433999999591833,VSM.Allocate,1479680,1
22,613.72394669999994,1.9433999999591833,VSM.ClearPhysicalPages,119552,1
22,613.72394669999994,1.9433999999591833,VSM.PageOccupancy,2560,1
22,613.72394669999994,1.9433999999591833,VSM.FinalizePages,2560,1
22,613.72394669999994,1.9433999999591833,VSM.DynamicRaster,6912,1
22,613.72394669999994,1.9433999999591833,VSM.LayoutRemap,0,1
22,613.72394669999994,1.9433999999591833,VSM.InvalidateStatic,0,0
22,613.72394669999994,1.9433999999591833,VSM.InvalidateDynamic,512,1
22,613.72394669999994,1.9433999999591833,VSM.StaticCasterCull,436480,1
22,613.72394669999994,1.9433999999591833,VSM.DynamicCasterCull,143104,1
22,613.72394669999994,1.9433999999591833,VSM.PageCull,545792,2
22,613.72394669999994,1.9433999999591833,VSM.StaticRasterClear,0,1
22,613.72394669999994,1.9433999999591833,VSM.StaticRasterDraw,6912,1
22,613.72394669999994,1.9433999999591833,VSM.DynamicRasterClear,0,1
22,613.72394669999994,1.9433999999591833,VSM.DynamicRasterDraw,6912,1
22,613.72394669999994,1.9433999999591833,VSM.StaticRaster,7424,1
22,613.72394669999994,1.9433999999591833,VSM.UnityCompatibilityRaster,0,0
22,613.72394669999994,1.9433999999591833,VSM.Resolve,7176704,1
22,613.72394669999994,1.9433999999591833,VSM.ResolveTrace,6952704,1
22,613.72394669999994,1.9433999999591833,VSM.FilterHorizontal,65024,1
22,613.72394669999994,1.9433999999591833,VSM.FilterVertical,0,0
22,613.72394669999994,1.9433999999591833,VSM.FilterTemporalVertical,157440,1
22,613.72394669999994,1.9433999999591833,VSM.ResetFeedback,0,1
23,613.74083779999989,1.9633999999086882,VSM.MarkReceiverPages,889856,1
23,613.74083779999989,1.9633999999086882,VSM.AllocationPrepare,9216,1
23,613.74083779999989,1.9633999999086882,VSM.AllocationCommit,1084672,1
23,613.74083779999989,1.9633999999086882,VSM.Allocate,1094144,1
23,613.74083779999989,1.9633999999086882,VSM.ClearPhysicalPages,118784,1
23,613.74083779999989,1.9633999999086882,VSM.PageOccupancy,2560,1
23,613.74083779999989,1.9633999999086882,VSM.FinalizePages,1792,1
23,613.74083779999989,1.9633999999086882,VSM.DynamicRaster,12032,1
23,613.74083779999989,1.9633999999086882,VSM.LayoutRemap,0,1
23,613.74083779999989,1.9633999999086882,VSM.InvalidateStatic,0,0
23,613.74083779999989,1.9633999999086882,VSM.InvalidateDynamic,256,1
23,613.74083779999989,1.9633999999086882,VSM.StaticCasterCull,409856,1
23,613.74083779999989,1.9633999999086882,VSM.DynamicCasterCull,149504,1
23,613.74083779999989,1.9633999999086882,VSM.PageCull,525568,2
23,613.74083779999989,1.9633999999086882,VSM.StaticRasterClear,0,1
23,613.74083779999989,1.9633999999086882,VSM.StaticRasterDraw,8192,1
23,613.74083779999989,1.9633999999086882,VSM.DynamicRasterClear,256,1
23,613.74083779999989,1.9633999999086882,VSM.DynamicRasterDraw,11776,1
23,613.74083779999989,1.9633999999086882,VSM.StaticRaster,8192,1
23,613.74083779999989,1.9633999999086882,VSM.UnityCompatibilityRaster,0,0
23,613.74083779999989,1.9633999999086882,VSM.Resolve,7281664,1
23,613.74083779999989,1.9633999999086882,VSM.ResolveTrace,7056640,1
23,613.74083779999989,1.9633999999086882,VSM.FilterHorizontal,65536,1
23,613.74083779999989,1.9633999999086882,VSM.FilterVertical,0,0
23,613.74083779999989,1.9633999999086882,VSM.FilterTemporalVertical,158464,1
23,613.74083779999989,1.9633999999086882,VSM.ResetFeedback,0,1
24,613.7582487,1.8953999999666848,VSM.MarkReceiverPages,897536,1
24,613.7582487,1.8953999999666848,VSM.AllocationPrepare,9472,1
24,613.7582487,1.8953999999666848,VSM.AllocationCommit,1084672,1
24,613.7582487,1.8953999999666848,VSM.Allocate,1094656,1
24,613.7582487,1.8953999999666848,VSM.ClearPhysicalPages,119296,1
24,613.7582487,1.8953999999666848,VSM.PageOccupancy,2304,1
24,613.7582487,1.8953999999666848,VSM.FinalizePages,1792,1
24,613.7582487,1.8953999999666848,VSM.DynamicRaster,7168,1
24,613.7582487,1.8953999999666848,VSM.LayoutRemap,0,1
24,613.7582487,1.8953999999666848,VSM.InvalidateStatic,0,0
24,613.7582487,1.8953999999666848,VSM.InvalidateDynamic,256,1
24,613.7582487,1.8953999999666848,VSM.StaticCasterCull,420608,1
24,613.7582487,1.8953999999666848,VSM.DynamicCasterCull,143360,1
24,613.7582487,1.8953999999666848,VSM.PageCull,529920,2
24,613.7582487,1.8953999999666848,VSM.StaticRasterClear,0,1
24,613.7582487,1.8953999999666848,VSM.StaticRasterDraw,7168,1
24,613.7582487,1.8953999999666848,VSM.DynamicRasterClear,0,1
24,613.7582487,1.8953999999666848,VSM.DynamicRasterDraw,6912,1
24,613.7582487,1.8953999999666848,VSM.StaticRaster,7168,1
24,613.7582487,1.8953999999666848,VSM.UnityCompatibilityRaster,0,0
24,613.7582487,1.8953999999666848,VSM.Resolve,7561216,1
24,613.7582487,1.8953999999666848,VSM.ResolveTrace,7333376,1
24,613.7582487,1.8953999999666848,VSM.FilterHorizontal,66304,1
24,613.7582487,1.8953999999666848,VSM.FilterVertical,0,0
24,613.7582487,1.8953999999666848,VSM.FilterTemporalVertical,160768,1
24,613.7582487,1.8953999999666848,VSM.ResetFeedback,0,1
25,613.775688,2.1179999999958454,VSM.MarkReceiverPages,893440,1
25,613.775688,2.1179999999958454,VSM.AllocationPrepare,9472,1
25,613.775688,2.1179999999958454,VSM.AllocationCommit,1083904,1
25,613.775688,2.1179999999958454,VSM.Allocate,1261056,1
25,613.775688,2.1179999999958454,VSM.ClearPhysicalPages,118784,1
25,613.775688,2.1179999999958454,VSM.PageOccupancy,2560,1
25,613.775688,2.1179999999958454,VSM.FinalizePages,1792,1
25,613.775688,2.1179999999958454,VSM.DynamicRaster,7680,1
25,613.775688,2.1179999999958454,VSM.LayoutRemap,0,1
25,613.775688,2.1179999999958454,VSM.InvalidateStatic,0,0
25,613.775688,2.1179999999958454,VSM.InvalidateDynamic,256,1
25,613.775688,2.1179999999958454,VSM.StaticCasterCull,406272,1
25,613.775688,2.1179999999958454,VSM.DynamicCasterCull,144640,1
25,613.775688,2.1179999999958454,VSM.PageCull,517376,2
25,613.775688,2.1179999999958454,VSM.StaticRasterClear,256,1
25,613.775688,2.1179999999958454,VSM.StaticRasterDraw,7168,1
25,613.775688,2.1179999999958454,VSM.DynamicRasterClear,0,1
25,613.775688,2.1179999999958454,VSM.DynamicRasterDraw,7424,1
25,613.775688,2.1179999999958454,VSM.StaticRaster,7424,1
25,613.775688,2.1179999999958454,VSM.UnityCompatibilityRaster,0,0
25,613.775688,2.1179999999958454,VSM.Resolve,7258624,1
25,613.775688,2.1179999999958454,VSM.ResolveTrace,6845952,1
25,613.775688,2.1179999999958454,VSM.FilterHorizontal,66304,1
25,613.775688,2.1179999999958454,VSM.FilterVertical,0,0
25,613.775688,2.1179999999958454,VSM.FilterTemporalVertical,345088,1
25,613.775688,2.1179999999958454,VSM.ResetFeedback,0,1
26,613.7934233,2.0838000000367174,VSM.MarkReceiverPages,1072640,1
26,613.7934233,2.0838000000367174,VSM.AllocationPrepare,9472,1
26,613.7934233,2.0838000000367174,VSM.AllocationCommit,1084672,1
26,613.7934233,2.0838000000367174,VSM.Allocate,1350912,1
26,613.7934233,2.0838000000367174,VSM.ClearPhysicalPages,118784,1
26,613.7934233,2.0838000000367174,VSM.PageOccupancy,2560,1
26,613.7934233,2.0838000000367174,VSM.FinalizePages,2048,1
26,613.7934233,2.0838000000367174,VSM.DynamicRaster,7168,1
26,613.7934233,2.0838000000367174,VSM.LayoutRemap,0,1
26,613.7934233,2.0838000000367174,VSM.InvalidateStatic,0,0
26,613.7934233,2.0838000000367174,VSM.InvalidateDynamic,256,1
26,613.7934233,2.0838000000367174,VSM.StaticCasterCull,429568,1
26,613.7934233,2.0838000000367174,VSM.DynamicCasterCull,143104,1
26,613.7934233,2.0838000000367174,VSM.PageCull,539136,2
26,613.7934233,2.0838000000367174,VSM.StaticRasterClear,0,1
26,613.7934233,2.0838000000367174,VSM.StaticRasterDraw,3072,1
26,613.7934233,2.0838000000367174,VSM.DynamicRasterClear,0,1
26,613.7934233,2.0838000000367174,VSM.DynamicRasterDraw,7168,1
26,613.7934233,2.0838000000367174,VSM.StaticRaster,3328,1
26,613.7934233,2.0838000000367174,VSM.UnityCompatibilityRaster,0,0
26,613.7934233,2.0838000000367174,VSM.Resolve,7345152,1
26,613.7934233,2.0838000000367174,VSM.ResolveTrace,7118336,1
26,613.7934233,2.0838000000367174,VSM.FilterHorizontal,65024,1
26,613.7934233,2.0838000000367174,VSM.FilterVertical,0,0
26,613.7934233,2.0838000000367174,VSM.FilterTemporalVertical,160512,1
26,613.7934233,2.0838000000367174,VSM.ResetFeedback,0,1
27,613.81154529999992,2.7104999999210122,VSM.MarkReceiverPages,897024,1
27,613.81154529999992,2.7104999999210122,VSM.AllocationPrepare,9472,1
27,613.81154529999992,2.7104999999210122,VSM.AllocationCommit,1084672,1
27,613.81154529999992,2.7104999999210122,VSM.Allocate,1390592,1
27,613.81154529999992,2.7104999999210122,VSM.ClearPhysicalPages,119296,1
27,613.81154529999992,2.7104999999210122,VSM.PageOccupancy,2560,1
27,613.81154529999992,2.7104999999210122,VSM.FinalizePages,2304,1
27,613.81154529999992,2.7104999999210122,VSM.DynamicRaster,3328,1
27,613.81154529999992,2.7104999999210122,VSM.LayoutRemap,0,1
27,613.81154529999992,2.7104999999210122,VSM.InvalidateStatic,0,0
27,613.81154529999992,2.7104999999210122,VSM.InvalidateDynamic,256,1
27,613.81154529999992,2.7104999999210122,VSM.StaticCasterCull,438784,1
27,613.81154529999992,2.7104999999210122,VSM.DynamicCasterCull,143872,1
27,613.81154529999992,2.7104999999210122,VSM.PageCull,547840,2
27,613.81154529999992,2.7104999999210122,VSM.StaticRasterClear,256,1
27,613.81154529999992,2.7104999999210122,VSM.StaticRasterDraw,7168,1
27,613.81154529999992,2.7104999999210122,VSM.DynamicRasterClear,0,1
27,613.81154529999992,2.7104999999210122,VSM.DynamicRasterDraw,3072,1
27,613.81154529999992,2.7104999999210122,VSM.StaticRaster,7424,1
27,613.81154529999992,2.7104999999210122,VSM.UnityCompatibilityRaster,0,0
27,613.81154529999992,2.7104999999210122,VSM.Resolve,7223040,1
27,613.81154529999992,2.7104999999210122,VSM.ResolveTrace,6996224,1
27,613.81154529999992,2.7104999999210122,VSM.FilterHorizontal,65792,1
27,613.81154529999992,2.7104999999210122,VSM.FilterVertical,0,0
27,613.81154529999992,2.7104999999210122,VSM.FilterTemporalVertical,160000,1
27,613.81154529999992,2.7104999999210122,VSM.ResetFeedback,0,1
28,613.83000599999991,2.5588999999399675,VSM.MarkReceiverPages,1080832,1
28,613.83000599999991,2.5588999999399675,VSM.AllocationPrepare,9472,1
28,613.83000599999991,2.5588999999399675,VSM.AllocationCommit,1084928,1
28,613.83000599999991,2.5588999999399675,VSM.Allocate,1094656,1
28,613.83000599999991,2.5588999999399675,VSM.ClearPhysicalPages,119296,1
28,613.83000599999991,2.5588999999399675,VSM.PageOccupancy,2816,1
28,613.83000599999991,2.5588999999399675,VSM.FinalizePages,1536,1
28,613.83000599999991,2.5588999999399675,VSM.DynamicRaster,7168,1
28,613.83000599999991,2.5588999999399675,VSM.LayoutRemap,0,1
28,613.83000599999991,2.5588999999399675,VSM.InvalidateStatic,0,0
28,613.83000599999991,2.5588999999399675,VSM.InvalidateDynamic,256,1
28,613.83000599999991,2.5588999999399675,VSM.StaticCasterCull,432896,1
28,613.83000599999991,2.5588999999399675,VSM.DynamicCasterCull,139520,1
28,613.83000599999991,2.5588999999399675,VSM.PageCull,538880,2
28,613.83000599999991,2.5588999999399675,VSM.StaticRasterClear,0,1
28,613.83000599999991,2.5588999999399675,VSM.StaticRasterDraw,3328,1
28,613.83000599999991,2.5588999999399675,VSM.DynamicRasterClear,256,1
28,613.83000599999991,2.5588999999399675,VSM.DynamicRasterDraw,6912,1
28,613.83000599999991,2.5588999999399675,VSM.StaticRaster,3584,1
28,613.83000599999991,2.5588999999399675,VSM.UnityCompatibilityRaster,0,0
28,613.83000599999991,2.5588999999399675,VSM.Resolve,7330304,1
28,613.83000599999991,2.5588999999399675,VSM.ResolveTrace,7101440,1
28,613.83000599999991,2.5588999999399675,VSM.FilterHorizontal,66560,1
28,613.83000599999991,2.5588999999399675,VSM.FilterVertical,0,0
28,613.83000599999991,2.5588999999399675,VSM.FilterTemporalVertical,161024,1
28,613.83000599999991,2.5588999999399675,VSM.ResetFeedback,0,1
29,613.8476478,2.5615000000698274,VSM.MarkReceiverPages,894464,1
29,613.8476478,2.5615000000698274,VSM.AllocationPrepare,9472,1
29,613.8476478,2.5615000000698274,VSM.AllocationCommit,1084928,1
29,613.8476478,2.5615000000698274,VSM.Allocate,1337344,1
29,613.8476478,2.5615000000698274,VSM.ClearPhysicalPages,119040,1
29,613.8476478,2.5615000000698274,VSM.PageOccupancy,2560,1
29,613.8476478,2.5615000000698274,VSM.FinalizePages,2048,1
29,613.8476478,2.5615000000698274,VSM.DynamicRaster,7168,1
29,613.8476478,2.5615000000698274,VSM.LayoutRemap,0,1
29,613.8476478,2.5615000000698274,VSM.InvalidateStatic,0,0
29,613.8476478,2.5615000000698274,VSM.InvalidateDynamic,256,1
29,613.8476478,2.5615000000698274,VSM.StaticCasterCull,601600,1
29,613.8476478,2.5615000000698274,VSM.DynamicCasterCull,143616,1
29,613.8476478,2.5615000000698274,VSM.PageCull,539904,2
29,613.8476478,2.5615000000698274,VSM.StaticRasterClear,256,1
29,613.8476478,2.5615000000698274,VSM.StaticRasterDraw,8448,1
29,613.8476478,2.5615000000698274,VSM.DynamicRasterClear,0,1
29,613.8476478,2.5615000000698274,VSM.DynamicRasterDraw,6912,1
29,613.8476478,2.5615000000698274,VSM.StaticRaster,8960,1
29,613.8476478,2.5615000000698274,VSM.UnityCompatibilityRaster,0,0
29,613.8476478,2.5615000000698274,VSM.Resolve,7335936,1
29,613.8476478,2.5615000000698274,VSM.ResolveTrace,6938368,1
29,613.8476478,2.5615000000698274,VSM.FilterHorizontal,65280,1
29,613.8476478,2.5615000000698274,VSM.FilterVertical,0,0
29,613.8476478,2.5615000000698274,VSM.FilterTemporalVertical,158464,1
29,613.8476478,2.5615000000698274,VSM.ResetFeedback,0,1
30,613.86505809999994,2.247900000043046,VSM.MarkReceiverPages,892160,1
30,613.86505809999994,2.247900000043046,VSM.AllocationPrepare,9472,1
30,613.86505809999994,2.247900000043046,VSM.AllocationCommit,1084160,1
30,613.86505809999994,2.247900000043046,VSM.Allocate,1394944,1
30,613.86505809999994,2.247900000043046,VSM.ClearPhysicalPages,118784,1
30,613.86505809999994,2.247900000043046,VSM.PageOccupancy,2560,1
30,613.86505809999994,2.247900000043046,VSM.FinalizePages,1792,1
30,613.86505809999994,2.247900000043046,VSM.DynamicRaster,7168,1
30,613.86505809999994,2.247900000043046,VSM.LayoutRemap,0,1
30,613.86505809999994,2.247900000043046,VSM.InvalidateStatic,0,0
30,613.86505809999994,2.247900000043046,VSM.InvalidateDynamic,256,1
30,613.86505809999994,2.247900000043046,VSM.StaticCasterCull,431360,1
30,613.86505809999994,2.247900000043046,VSM.DynamicCasterCull,140032,1
30,613.86505809999994,2.247900000043046,VSM.PageCull,537856,2
30,613.86505809999994,2.247900000043046,VSM.StaticRasterClear,0,1
30,613.86505809999994,2.247900000043046,VSM.StaticRasterDraw,7168,1
30,613.86505809999994,2.247900000043046,VSM.DynamicRasterClear,0,1
30,613.86505809999994,2.247900000043046,VSM.DynamicRasterDraw,6912,1
30,613.86505809999994,2.247900000043046,VSM.StaticRaster,7424,1
30,613.86505809999994,2.247900000043046,VSM.UnityCompatibilityRaster,0,0
30,613.86505809999994,2.247900000043046,VSM.Resolve,7709952,1
30,613.86505809999994,2.247900000043046,VSM.ResolveTrace,6901248,1
30,613.86505809999994,2.247900000043046,VSM.FilterHorizontal,65792,1
30,613.86505809999994,2.247900000043046,VSM.FilterVertical,0,0
30,613.86505809999994,2.247900000043046,VSM.FilterTemporalVertical,741632,1
30,613.86505809999994,2.247900000043046,VSM.ResetFeedback,0,1
31,613.8827786999999,2.472899999929723,VSM.MarkReceiverPages,892928,1
31,613.8827786999999,2.472899999929723,VSM.AllocationPrepare,9472,1
31,613.8827786999999,2.472899999929723,VSM.AllocationCommit,1084160,1
31,613.8827786999999,2.472899999929723,VSM.Allocate,1464064,1
31,613.8827786999999,2.472899999929723,VSM.ClearPhysicalPages,118784,1
31,613.8827786999999,2.472899999929723,VSM.PageOccupancy,2816,1
31,613.8827786999999,2.472899999929723,VSM.FinalizePages,2048,1
31,613.8827786999999,2.472899999929723,VSM.DynamicRaster,7168,1
31,613.8827786999999,2.472899999929723,VSM.LayoutRemap,0,1
31,613.8827786999999,2.472899999929723,VSM.InvalidateStatic,0,0
31,613.8827786999999,2.472899999929723,VSM.InvalidateDynamic,0,1
31,613.8827786999999,2.472899999929723,VSM.StaticCasterCull,408320,1
31,613.8827786999999,2.472899999929723,VSM.DynamicCasterCull,141568,1
31,613.8827786999999,2.472899999929723,VSM.PageCull,517120,2
31,613.8827786999999,2.472899999929723,VSM.StaticRasterClear,256,1
31,613.8827786999999,2.472899999929723,VSM.StaticRasterDraw,6912,1
31,613.8827786999999,2.472899999929723,VSM.DynamicRasterClear,0,1
31,613.8827786999999,2.472899999929723,VSM.DynamicRasterDraw,6912,1
31,613.8827786999999,2.472899999929723,VSM.StaticRaster,7168,1
31,613.8827786999999,2.472899999929723,VSM.UnityCompatibilityRaster,0,0
31,613.8827786999999,2.472899999929723,VSM.Resolve,6954240,1
31,613.8827786999999,2.472899999929723,VSM.ResolveTrace,6729216,1
31,613.8827786999999,2.472899999929723,VSM.FilterHorizontal,66048,1
31,613.8827786999999,2.472899999929723,VSM.FilterVertical,0,0
31,613.8827786999999,2.472899999929723,VSM.FilterTemporalVertical,158208,1
31,613.8827786999999,2.472899999929723,VSM.ResetFeedback,0,1
32,613.9020134,2.774900000076741,VSM.MarkReceiverPages,892416,1
32,613.9020134,2.774900000076741,VSM.AllocationPrepare,9472,1
32,613.9020134,2.774900000076741,VSM.AllocationCommit,1084416,1
32,613.9020134,2.774900000076741,VSM.Allocate,1339648,1
32,613.9020134,2.774900000076741,VSM.ClearPhysicalPages,119296,1
32,613.9020134,2.774900000076741,VSM.PageOccupancy,2560,1
32,613.9020134,2.774900000076741,VSM.FinalizePages,1792,1
32,613.9020134,2.774900000076741,VSM.DynamicRaster,7168,1
32,613.9020134,2.774900000076741,VSM.LayoutRemap,0,1
32,613.9020134,2.774900000076741,VSM.InvalidateStatic,0,0
32,613.9020134,2.774900000076741,VSM.InvalidateDynamic,256,1
32,613.9020134,2.774900000076741,VSM.StaticCasterCull,418816,1
32,613.9020134,2.774900000076741,VSM.DynamicCasterCull,147712,1
32,613.9020134,2.774900000076741,VSM.PageCull,531968,2
32,613.9020134,2.774900000076741,VSM.StaticRasterClear,0,1
32,613.9020134,2.774900000076741,VSM.StaticRasterDraw,7424,1
32,613.9020134,2.774900000076741,VSM.DynamicRasterClear,0,1
32,613.9020134,2.774900000076741,VSM.DynamicRasterDraw,6912,1
32,613.9020134,2.774900000076741,VSM.StaticRaster,7680,1
32,613.9020134,2.774900000076741,VSM.UnityCompatibilityRaster,0,0
32,613.9020134,2.774900000076741,VSM.Resolve,7533568,1
32,613.9020134,2.774900000076741,VSM.ResolveTrace,7306752,1
32,613.9020134,2.774900000076741,VSM.FilterHorizontal,65792,1
32,613.9020134,2.774900000076741,VSM.FilterVertical,0,0
32,613.9020134,2.774900000076741,VSM.FilterTemporalVertical,159744,1
32,613.9020134,2.774900000076741,VSM.ResetFeedback,0,1
33,613.9196363,2.2859000000607921,VSM.MarkReceiverPages,894208,1
33,613.9196363,2.2859000000607921,VSM.AllocationPrepare,9728,1
33,613.9196363,2.2859000000607921,VSM.AllocationCommit,1084416,1
33,613.9196363,2.2859000000607921,VSM.Allocate,1370112,1
33,613.9196363,2.2859000000607921,VSM.ClearPhysicalPages,119296,1
33,613.9196363,2.2859000000607921,VSM.PageOccupancy,2560,1
33,613.9196363,2.2859000000607921,VSM.FinalizePages,2560,1
33,613.9196363,2.2859000000607921,VSM.DynamicRaster,7168,1
33,613.9196363,2.2859000000607921,VSM.LayoutRemap,0,1
33,613.9196363,2.2859000000607921,VSM.InvalidateStatic,0,0
33,613.9196363,2.2859000000607921,VSM.InvalidateDynamic,256,1
33,613.9196363,2.2859000000607921,VSM.StaticCasterCull,421632,1
33,613.9196363,2.2859000000607921,VSM.DynamicCasterCull,136960,1
33,613.9196363,2.2859000000607921,VSM.PageCull,524544,2
33,613.9196363,2.2859000000607921,VSM.StaticRasterClear,0,1
33,613.9196363,2.2859000000607921,VSM.StaticRasterDraw,7168,1
33,613.9196363,2.2859000000607921,VSM.DynamicRasterClear,0,1
33,613.9196363,2.2859000000607921,VSM.DynamicRasterDraw,6912,1
33,613.9196363,2.2859000000607921,VSM.StaticRaster,7424,1
33,613.9196363,2.2859000000607921,VSM.UnityCompatibilityRaster,0,0
33,613.9196363,2.2859000000607921,VSM.Resolve,7155712,1
33,613.9196363,2.2859000000607921,VSM.ResolveTrace,6929664,1
33,613.9196363,2.2859000000607921,VSM.FilterHorizontal,65536,1
33,613.9196363,2.2859000000607921,VSM.FilterVertical,0,0
33,613.9196363,2.2859000000607921,VSM.FilterTemporalVertical,158976,1
33,613.9196363,2.2859000000607921,VSM.ResetFeedback,0,1
34,613.9377297,2.1537999999736712,VSM.MarkReceiverPages,891904,1
34,613.9377297,2.1537999999736712,VSM.AllocationPrepare,9216,1
34,613.9377297,2.1537999999736712,VSM.AllocationCommit,1083648,1
34,613.9377297,2.1537999999736712,VSM.Allocate,1093376,1
34,613.9377297,2.1537999999736712,VSM.ClearPhysicalPages,118784,1
34,613.9377297,2.1537999999736712,VSM.PageOccupancy,2560,1
34,613.9377297,2.1537999999736712,VSM.FinalizePages,1792,1
34,613.9377297,2.1537999999736712,VSM.DynamicRaster,11008,1
34,613.9377297,2.1537999999736712,VSM.LayoutRemap,0,1
34,613.9377297,2.1537999999736712,VSM.InvalidateStatic,0,0
34,613.9377297,2.1537999999736712,VSM.InvalidateDynamic,0,1
34,613.9377297,2.1537999999736712,VSM.StaticCasterCull,412672,1
34,613.9377297,2.1537999999736712,VSM.DynamicCasterCull,143360,1
34,613.9377297,2.1537999999736712,VSM.PageCull,522240,2
34,613.9377297,2.1537999999736712,VSM.StaticRasterClear,256,1
34,613.9377297,2.1537999999736712,VSM.StaticRasterDraw,7168,1
34,613.9377297,2.1537999999736712,VSM.DynamicRasterClear,0,1
34,613.9377297,2.1537999999736712,VSM.DynamicRasterDraw,10752,1
34,613.9377297,2.1537999999736712,VSM.StaticRaster,7424,1
34,613.9377297,2.1537999999736712,VSM.UnityCompatibilityRaster,0,0
34,613.9377297,2.1537999999736712,VSM.Resolve,7493120,1
34,613.9377297,2.1537999999736712,VSM.ResolveTrace,7265280,1
34,613.9377297,2.1537999999736712,VSM.FilterHorizontal,66048,1
34,613.9377297,2.1537999999736712,VSM.FilterVertical,0,0
34,613.9377297,2.1537999999736712,VSM.FilterTemporalVertical,161024,1
34,613.9377297,2.1537999999736712,VSM.ResetFeedback,0,1
35,613.9549909,2.0203999999921507,VSM.MarkReceiverPages,893440,1
35,613.9549909,2.0203999999921507,VSM.AllocationPrepare,9472,1
35,613.9549909,2.0203999999921507,VSM.AllocationCommit,1083648,1
35,613.9549909,2.0203999999921507,VSM.Allocate,1453312,1
35,613.9549909,2.0203999999921507,VSM.ClearPhysicalPages,121856,1
35,613.9549909,2.0203999999921507,VSM.PageOccupancy,2560,1
35,613.9549909,2.0203999999921507,VSM.FinalizePages,2560,1
35,613.9549909,2.0203999999921507,VSM.DynamicRaster,7168,1
35,613.9549909,2.0203999999921507,VSM.LayoutRemap,0,1
35,613.9549909,2.0203999999921507,VSM.InvalidateStatic,0,0
35,613.9549909,2.0203999999921507,VSM.InvalidateDynamic,512,1
35,613.9549909,2.0203999999921507,VSM.StaticCasterCull,423424,1
35,613.9549909,2.0203999999921507,VSM.DynamicCasterCull,145152,1
35,613.9549909,2.0203999999921507,VSM.PageCull,535296,2
35,613.9549909,2.0203999999921507,VSM.StaticRasterClear,0,1
35,613.9549909,2.0203999999921507,VSM.StaticRasterDraw,3328,1
35,613.9549909,2.0203999999921507,VSM.DynamicRasterClear,0,1
35,613.9549909,2.0203999999921507,VSM.DynamicRasterDraw,6912,1
35,613.9549909,2.0203999999921507,VSM.StaticRaster,3328,1
35,613.9549909,2.0203999999921507,VSM.UnityCompatibilityRaster,0,0
35,613.9549909,2.0203999999921507,VSM.Resolve,7280896,1
35,613.9549909,2.0203999999921507,VSM.ResolveTrace,7055616,1
35,613.9549909,2.0203999999921507,VSM.FilterHorizontal,66048,1
35,613.9549909,2.0203999999921507,VSM.FilterVertical,0,0
35,613.9549909,2.0203999999921507,VSM.FilterTemporalVertical,157952,1
35,613.9549909,2.0203999999921507,VSM.ResetFeedback,0,1
36,613.9721248,1.9054000000551241,VSM.MarkReceiverPages,1336064,1
36,613.9721248,1.9054000000551241,VSM.AllocationPrepare,11520,1
36,613.9721248,1.9054000000551241,VSM.AllocationCommit,1084928,1
36,613.9721248,1.9054000000551241,VSM.Allocate,1097472,1
36,613.9721248,1.9054000000551241,VSM.ClearPhysicalPages,119040,1
36,613.9721248,1.9054000000551241,VSM.PageOccupancy,2304,1
36,613.9721248,1.9054000000551241,VSM.FinalizePages,1792,1
36,613.9721248,1.9054000000551241,VSM.DynamicRaster,7680,1
36,613.9721248,1.9054000000551241,VSM.LayoutRemap,0,1
36,613.9721248,1.9054000000551241,VSM.InvalidateStatic,0,0
36,613.9721248,1.9054000000551241,VSM.InvalidateDynamic,512,1
36,613.9721248,1.9054000000551241,VSM.StaticCasterCull,425728,1
36,613.9721248,1.9054000000551241,VSM.DynamicCasterCull,144896,1
36,613.9721248,1.9054000000551241,VSM.PageCull,536320,2
36,613.9721248,1.9054000000551241,VSM.StaticRasterClear,0,1
36,613.9721248,1.9054000000551241,VSM.StaticRasterDraw,7168,1
36,613.9721248,1.9054000000551241,VSM.DynamicRasterClear,0,1
36,613.9721248,1.9054000000551241,VSM.DynamicRasterDraw,7424,1
36,613.9721248,1.9054000000551241,VSM.StaticRaster,7424,1
36,613.9721248,1.9054000000551241,VSM.UnityCompatibilityRaster,0,0
36,613.9721248,1.9054000000551241,VSM.Resolve,7207168,1
36,613.9721248,1.9054000000551241,VSM.ResolveTrace,6980352,1
36,613.9721248,1.9054000000551241,VSM.FilterHorizontal,65792,1
36,613.9721248,1.9054000000551241,VSM.FilterVertical,0,0
36,613.9721248,1.9054000000551241,VSM.FilterTemporalVertical,160000,1
36,613.9721248,1.9054000000551241,VSM.ResetFeedback,0,1
37,613.9883934,1.8919000000323649,VSM.MarkReceiverPages,894720,1
37,613.9883934,1.8919000000323649,VSM.AllocationPrepare,9472,1
37,613.9883934,1.8919000000323649,VSM.AllocationCommit,1084672,1
37,613.9883934,1.8919000000323649,VSM.Allocate,1340160,1
37,613.9883934,1.8919000000323649,VSM.ClearPhysicalPages,118784,1
37,613.9883934,1.8919000000323649,VSM.PageOccupancy,2560,1
37,613.9883934,1.8919000000323649,VSM.FinalizePages,1792,1
37,613.9883934,1.8919000000323649,VSM.DynamicRaster,7168,1
37,613.9883934,1.8919000000323649,VSM.LayoutRemap,0,1
37,613.9883934,1.8919000000323649,VSM.InvalidateStatic,0,0
37,613.9883934,1.8919000000323649,VSM.InvalidateDynamic,256,1
37,613.9883934,1.8919000000323649,VSM.StaticCasterCull,604928,1
37,613.9883934,1.8919000000323649,VSM.DynamicCasterCull,146688,1
37,613.9883934,1.8919000000323649,VSM.PageCull,545280,2
37,613.9883934,1.8919000000323649,VSM.StaticRasterClear,256,1
37,613.9883934,1.8919000000323649,VSM.StaticRasterDraw,7424,1
37,613.9883934,1.8919000000323649,VSM.DynamicRasterClear,0,1
37,613.9883934,1.8919000000323649,VSM.DynamicRasterDraw,6912,1
37,613.9883934,1.8919000000323649,VSM.StaticRaster,7936,1
37,613.9883934,1.8919000000323649,VSM.UnityCompatibilityRaster,0,0
37,613.9883934,1.8919000000323649,VSM.Resolve,7092736,1
37,613.9883934,1.8919000000323649,VSM.ResolveTrace,6866688,1
37,613.9883934,1.8919000000323649,VSM.FilterHorizontal,65536,1
37,613.9883934,1.8919000000323649,VSM.FilterVertical,0,0
37,613.9883934,1.8919000000323649,VSM.FilterTemporalVertical,159744,1
37,613.9883934,1.8919000000323649,VSM.ResetFeedback,0,1
38,614.0066069,2.2185999999919659,VSM.MarkReceiverPages,887296,1
38,614.0066069,2.2185999999919659,VSM.AllocationPrepare,9472,1
38,614.0066069,2.2185999999919659,VSM.AllocationCommit,1084416,1
38,614.0066069,2.2185999999919659,VSM.Allocate,1398272,1
38,614.0066069,2.2185999999919659,VSM.ClearPhysicalPages,119296,1
38,614.0066069,2.2185999999919659,VSM.PageOccupancy,2560,1
38,614.0066069,2.2185999999919659,VSM.FinalizePages,2048,1
38,614.0066069,2.2185999999919659,VSM.DynamicRaster,3584,1
38,614.0066069,2.2185999999919659,VSM.LayoutRemap,0,1
38,614.0066069,2.2185999999919659,VSM.InvalidateStatic,0,0
38,614.0066069,2.2185999999919659,VSM.InvalidateDynamic,0,1
38,614.0066069,2.2185999999919659,VSM.StaticCasterCull,406272,1
38,614.0066069,2.2185999999919659,VSM.DynamicCasterCull,141568,1
38,614.0066069,2.2185999999919659,VSM.PageCull,514304,2
38,614.0066069,2.2185999999919659,VSM.StaticRasterClear,0,1
38,614.0066069,2.2185999999919659,VSM.StaticRasterDraw,7424,1
38,614.0066069,2.2185999999919659,VSM.DynamicRasterClear,0,1
38,614.0066069,2.2185999999919659,VSM.DynamicRasterDraw,3328,1
38,614.0066069,2.2185999999919659,VSM.StaticRaster,7680,1
38,614.0066069,2.2185999999919659,VSM.UnityCompatibilityRaster,0,0
38,614.0066069,2.2185999999919659,VSM.Resolve,7223808,1
38,614.0066069,2.2185999999919659,VSM.ResolveTrace,6716416,1
38,614.0066069,2.2185999999919659,VSM.FilterHorizontal,65024,1
38,614.0066069,2.2185999999919659,VSM.FilterVertical,0,0
38,614.0066069,2.2185999999919659,VSM.FilterTemporalVertical,441088,1
38,614.0066069,2.2185999999919659,VSM.ResetFeedback,0,1
39,614.0239206,2.2026999999980035,VSM.MarkReceiverPages,892672,1
39,614.0239206,2.2026999999980035,VSM.AllocationPrepare,9472,1
39,614.0239206,2.2026999999980035,VSM.AllocationCommit,1084416,1
39,614.0239206,2.2026999999980035,VSM.Allocate,1093888,1
39,614.0239206,2.2026999999980035,VSM.ClearPhysicalPages,118784,1
39,614.0239206,2.2026999999980035,VSM.PageOccupancy,2560,1
39,614.0239206,2.2026999999980035,VSM.FinalizePages,1792,1
39,614.0239206,2.2026999999980035,VSM.DynamicRaster,11520,1
39,614.0239206,2.2026999999980035,VSM.LayoutRemap,0,1
39,614.0239206,2.2026999999980035,VSM.InvalidateStatic,0,0
39,614.0239206,2.2026999999980035,VSM.InvalidateDynamic,0,1
39,614.0239206,2.2026999999980035,VSM.StaticCasterCull,432896,1
39,614.0239206,2.2026999999980035,VSM.DynamicCasterCull,137728,1
39,614.0239206,2.2026999999980035,VSM.PageCull,536832,2
39,614.0239206,2.2026999999980035,VSM.StaticRasterClear,0,1
39,614.0239206,2.2026999999980035,VSM.StaticRasterDraw,3072,1
39,614.0239206,2.2026999999980035,VSM.DynamicRasterClear,0,1
39,614.0239206,2.2026999999980035,VSM.DynamicRasterDraw,11264,1
39,614.0239206,2.2026999999980035,VSM.StaticRaster,3328,1
39,614.0239206,2.2026999999980035,VSM.UnityCompatibilityRaster,0,0
39,614.0239206,2.2026999999980035,VSM.Resolve,7168768,1
39,614.0239206,2.2026999999980035,VSM.ResolveTrace,6701824,1
39,614.0239206,2.2026999999980035,VSM.FilterHorizontal,65536,1
39,614.0239206,2.2026999999980035,VSM.FilterVertical,0,0
39,614.0239206,2.2026999999980035,VSM.FilterTemporalVertical,157440,1
39,614.0239206,2.2026999999980035,VSM.ResetFeedback,0,1
40,614.0406496999999,1.8976000000066051,VSM.MarkReceiverPages,889088,1
40,614.0406496999999,1.8976000000066051,VSM.AllocationPrepare,9472,1
40,614.0406496999999,1.8976000000066051,VSM.AllocationCommit,1083904,1
40,614.0406496999999,1.8976000000066051,VSM.Allocate,1371648,1
40,614.0406496999999,1.8976000000066051,VSM.ClearPhysicalPages,118784,1
40,614.0406496999999,1.8976000000066051,VSM.PageOccupancy,3072,1
40,614.0406496999999,1.8976000000066051,VSM.FinalizePages,1792,1
40,614.0406496999999,1.8976000000066051,VSM.DynamicRaster,10496,1
40,614.0406496999999,1.8976000000066051,VSM.LayoutRemap,0,1
40,614.0406496999999,1.8976000000066051,VSM.InvalidateStatic,0,0
40,614.0406496999999,1.8976000000066051,VSM.InvalidateDynamic,256,1
40,614.0406496999999,1.8976000000066051,VSM.StaticCasterCull,433664,1
40,614.0406496999999,1.8976000000066051,VSM.DynamicCasterCull,135936,1
40,614.0406496999999,1.8976000000066051,VSM.PageCull,536064,2
40,614.0406496999999,1.8976000000066051,VSM.StaticRasterClear,0,1
40,614.0406496999999,1.8976000000066051,VSM.StaticRasterDraw,6912,1
40,614.0406496999999,1.8976000000066051,VSM.DynamicRasterClear,0,1
40,614.0406496999999,1.8976000000066051,VSM.DynamicRasterDraw,10496,1
40,614.0406496999999,1.8976000000066051,VSM.StaticRaster,7168,1
40,614.0406496999999,1.8976000000066051,VSM.UnityCompatibilityRaster,0,0
40,614.0406496999999,1.8976000000066051,VSM.Resolve,7539968,1
40,614.0406496999999,1.8976000000066051,VSM.ResolveTrace,7310592,1
40,614.0406496999999,1.8976000000066051,VSM.FilterHorizontal,67328,1
40,614.0406496999999,1.8976000000066051,VSM.FilterVertical,0,0
40,614.0406496999999,1.8976000000066051,VSM.FilterTemporalVertical,160768,1
40,614.0406496999999,1.8976000000066051,VSM.ResetFeedback,0,1
41,614.0580226,2.0237999999608292,VSM.MarkReceiverPages,897024,1
41,614.0580226,2.0237999999608292,VSM.AllocationPrepare,9472,1
41,614.0580226,2.0237999999608292,VSM.AllocationCommit,1084672,1
41,614.0580226,2.0237999999608292,VSM.Allocate,1260544,1
41,614.0580226,2.0237999999608292,VSM.ClearPhysicalPages,118784,1
41,614.0580226,2.0237999999608292,VSM.PageOccupancy,2560,1
41,614.0580226,2.0237999999608292,VSM.FinalizePages,1536,1
41,614.0580226,2.0237999999608292,VSM.DynamicRaster,7168,1
41,614.0580226,2.0237999999608292,VSM.LayoutRemap,0,1
41,614.0580226,2.0237999999608292,VSM.InvalidateStatic,0,0
41,614.0580226,2.0237999999608292,VSM.InvalidateDynamic,256,1
41,614.0580226,2.0237999999608292,VSM.StaticCasterCull,415232,1
41,614.0580226,2.0237999999608292,VSM.DynamicCasterCull,145920,1
41,614.0580226,2.0237999999608292,VSM.PageCull,527616,2
41,614.0580226,2.0237999999608292,VSM.StaticRasterClear,256,1
41,614.0580226,2.0237999999608292,VSM.StaticRasterDraw,6912,1
41,614.0580226,2.0237999999608292,VSM.DynamicRasterClear,0,1
41,614.0580226,2.0237999999608292,VSM.DynamicRasterDraw,7168,1
41,614.0580226,2.0237999999608292,VSM.StaticRaster,7168,1
41,614.0580226,2.0237999999608292,VSM.UnityCompatibilityRaster,0,0
41,614.0580226,2.0237999999608292,VSM.Resolve,6914048,1
41,614.0580226,2.0237999999608292,VSM.ResolveTrace,6686720,1
41,614.0580226,2.0237999999608292,VSM.FilterHorizontal,66048,1
41,614.0580226,2.0237999999608292,VSM.FilterVertical,0,0
41,614.0580226,2.0237999999608292,VSM.FilterTemporalVertical,160256,1
41,614.0580226,2.0237999999608292,VSM.ResetFeedback,0,1
42,614.0748649,2.0904000000427914,VSM.MarkReceiverPages,893952,1
42,614.0748649,2.0904000000427914,VSM.AllocationPrepare,9472,1
42,614.0748649,2.0904000000427914,VSM.AllocationCommit,1084416,1
42,614.0748649,2.0904000000427914,VSM.Allocate,1241344,1
42,614.0748649,2.0904000000427914,VSM.ClearPhysicalPages,119040,1
42,614.0748649,2.0904000000427914,VSM.PageOccupancy,2560,1
42,614.0748649,2.0904000000427914,VSM.FinalizePages,1792,1
42,614.0748649,2.0904000000427914,VSM.DynamicRaster,7168,1
42,614.0748649,2.0904000000427914,VSM.LayoutRemap,0,1
42,614.0748649,2.0904000000427914,VSM.InvalidateStatic,0,0
42,614.0748649,2.0904000000427914,VSM.InvalidateDynamic,256,1
42,614.0748649,2.0904000000427914,VSM.StaticCasterCull,426496,1
42,614.0748649,2.0904000000427914,VSM.DynamicCasterCull,147968,1
42,614.0748649,2.0904000000427914,VSM.PageCull,540160,2
42,614.0748649,2.0904000000427914,VSM.StaticRasterClear,0,1
42,614.0748649,2.0904000000427914,VSM.StaticRasterDraw,6912,1
42,614.0748649,2.0904000000427914,VSM.DynamicRasterClear,0,1
42,614.0748649,2.0904000000427914,VSM.DynamicRasterDraw,7168,1
42,614.0748649,2.0904000000427914,VSM.StaticRaster,7168,1
42,614.0748649,2.0904000000427914,VSM.UnityCompatibilityRaster,0,0
42,614.0748649,2.0904000000427914,VSM.Resolve,7191552,1
42,614.0748649,2.0904000000427914,VSM.ResolveTrace,6963968,1
42,614.0748649,2.0904000000427914,VSM.FilterHorizontal,66048,1
42,614.0748649,2.0904000000427914,VSM.FilterVertical,0,0
42,614.0748649,2.0904000000427914,VSM.FilterTemporalVertical,160512,1
42,614.0748649,2.0904000000427914,VSM.ResetFeedback,0,1
43,614.09245879999992,2.2100999999565829,VSM.MarkReceiverPages,891904,1
43,614.09245879999992,2.2100999999565829,VSM.AllocationPrepare,9472,1
43,614.09245879999992,2.2100999999565829,VSM.AllocationCommit,1084416,1
43,614.09245879999992,2.2100999999565829,VSM.Allocate,1340160,1
43,614.09245879999992,2.2100999999565829,VSM.ClearPhysicalPages,119296,1
43,614.09245879999992,2.2100999999565829,VSM.PageOccupancy,2816,1
43,614.09245879999992,2.2100999999565829,VSM.FinalizePages,1792,1
43,614.09245879999992,2.2100999999565829,VSM.DynamicRaster,7168,1
43,614.09245879999992,2.2100999999565829,VSM.LayoutRemap,0,1
43,614.09245879999992,2.2100999999565829,VSM.InvalidateStatic,0,0
43,614.09245879999992,2.2100999999565829,VSM.InvalidateDynamic,256,1
43,614.09245879999992,2.2100999999565829,VSM.StaticCasterCull,412416,1
43,614.09245879999992,2.2100999999565829,VSM.DynamicCasterCull,143616,1
43,614.09245879999992,2.2100999999565829,VSM.PageCull,522240,2
43,614.09245879999992,2.2100999999565829,VSM.StaticRasterClear,0,1
43,614.09245879999992,2.2100999999565829,VSM.StaticRasterDraw,5888,1
43,614.09245879999992,2.2100999999565829,VSM.DynamicRasterClear,256,1
43,614.09245879999992,2.2100999999565829,VSM.DynamicRasterDraw,6912,1
43,614.09245879999992,2.2100999999565829,VSM.StaticRaster,6144,1
43,614.09245879999992,2.2100999999565829,VSM.UnityCompatibilityRaster,0,0
43,614.09245879999992,2.2100999999565829,VSM.Resolve,7567872,1
43,614.09245879999992,2.2100999999565829,VSM.ResolveTrace,7342080,1
43,614.09245879999992,2.2100999999565829,VSM.FilterHorizontal,66048,1
43,614.09245879999992,2.2100999999565829,VSM.FilterVertical,0,0
43,614.09245879999992,2.2100999999565829,VSM.FilterTemporalVertical,158720,1
43,614.09245879999992,2.2100999999565829,VSM.ResetFeedback,0,1
44,614.10967529999994,2.0263000000113607,VSM.MarkReceiverPages,892672,1
44,614.10967529999994,2.0263000000113607,VSM.AllocationPrepare,9216,1
44,614.10967529999994,2.0263000000113607,VSM.AllocationCommit,1083904,1
44,614.10967529999994,2.0263000000113607,VSM.Allocate,1384960,1
44,614.10967529999994,2.0263000000113607,VSM.ClearPhysicalPages,119296,1
44,614.10967529999994,2.0263000000113607,VSM.PageOccupancy,2560,1
44,614.10967529999994,2.0263000000113607,VSM.FinalizePages,2304,1
44,614.10967529999994,2.0263000000113607,VSM.DynamicRaster,10752,1
44,614.10967529999994,2.0263000000113607,VSM.LayoutRemap,0,1
44,614.10967529999994,2.0263000000113607,VSM.InvalidateStatic,0,0
44,614.10967529999994,2.0263000000113607,VSM.InvalidateDynamic,256,1
44,614.10967529999994,2.0263000000113607,VSM.StaticCasterCull,407552,1
44,614.10967529999994,2.0263000000113607,VSM.DynamicCasterCull,144128,1
44,614.10967529999994,2.0263000000113607,VSM.PageCull,517888,2
44,614.10967529999994,2.0263000000113607,VSM.StaticRasterClear,0,1
44,614.10967529999994,2.0263000000113607,VSM.StaticRasterDraw,7168,1
44,614.10967529999994,2.0263000000113607,VSM.DynamicRasterClear,0,1
44,614.10967529999994,2.0263000000113607,VSM.DynamicRasterDraw,10496,1
44,614.10967529999994,2.0263000000113607,VSM.StaticRaster,7168,1
44,614.10967529999994,2.0263000000113607,VSM.UnityCompatibilityRaster,0,0
44,614.10967529999994,2.0263000000113607,VSM.Resolve,6968832,1
44,614.10967529999994,2.0263000000113607,VSM.ResolveTrace,6742528,1
44,614.10967529999994,2.0263000000113607,VSM.FilterHorizontal,65536,1
44,614.10967529999994,2.0263000000113607,VSM.FilterVertical,0,0
44,614.10967529999994,2.0263000000113607,VSM.FilterTemporalVertical,159232,1
44,614.10967529999994,2.0263000000113607,VSM.ResetFeedback,0,1
45,614.12696699999992,1.9730999999865162,VSM.MarkReceiverPages,1085696,1
45,614.12696699999992,1.9730999999865162,VSM.AllocationPrepare,9472,1
45,614.12696699999992,1.9730999999865162,VSM.AllocationCommit,1086720,1
45,614.12696699999992,1.9730999999865162,VSM.Allocate,1096704,1
45,614.12696699999992,1.9730999999865162,VSM.ClearPhysicalPages,119040,1
45,614.12696699999992,1.9730999999865162,VSM.PageOccupancy,2816,1
45,614.12696699999992,1.9730999999865162,VSM.FinalizePages,1792,1
45,614.12696699999992,1.9730999999865162,VSM.DynamicRaster,3328,1
45,614.12696699999992,1.9730999999865162,VSM.LayoutRemap,0,1
45,614.12696699999992,1.9730999999865162,VSM.InvalidateStatic,0,0
45,614.12696699999992,1.9730999999865162,VSM.InvalidateDynamic,0,1
45,614.12696699999992,1.9730999999865162,VSM.StaticCasterCull,422656,1
45,614.12696699999992,1.9730999999865162,VSM.DynamicCasterCull,141824,1
45,614.12696699999992,1.9730999999865162,VSM.PageCull,530944,2
45,614.12696699999992,1.9730999999865162,VSM.StaticRasterClear,256,1
45,614.12696699999992,1.9730999999865162,VSM.StaticRasterDraw,6912,1
45,614.12696699999992,1.9730999999865162,VSM.DynamicRasterClear,256,1
45,614.12696699999992,1.9730999999865162,VSM.DynamicRasterDraw,3072,1
45,614.12696699999992,1.9730999999865162,VSM.StaticRaster,7168,1
45,614.12696699999992,1.9730999999865162,VSM.UnityCompatibilityRaster,0,0
45,614.12696699999992,1.9730999999865162,VSM.Resolve,7491328,1
45,614.12696699999992,1.9730999999865162,VSM.ResolveTrace,7264768,1
45,614.12696699999992,1.9730999999865162,VSM.FilterHorizontal,65536,1
45,614.12696699999992,1.9730999999865162,VSM.FilterVertical,0,0
45,614.12696699999992,1.9730999999865162,VSM.FilterTemporalVertical,159744,1
45,614.12696699999992,1.9730999999865162,VSM.ResetFeedback,0,1
46,614.1438313,1.8604000000550514,VSM.MarkReceiverPages,890880,1
46,614.1438313,1.8604000000550514,VSM.AllocationPrepare,9216,1
46,614.1438313,1.8604000000550514,VSM.AllocationCommit,1084416,1
46,614.1438313,1.8604000000550514,VSM.Allocate,1516032,1
46,614.1438313,1.8604000000550514,VSM.ClearPhysicalPages,122112,1
46,614.1438313,1.8604000000550514,VSM.PageOccupancy,2560,1
46,614.1438313,1.8604000000550514,VSM.FinalizePages,2560,1
46,614.1438313,1.8604000000550514,VSM.DynamicRaster,7168,1
46,614.1438313,1.8604000000550514,VSM.LayoutRemap,0,1
46,614.1438313,1.8604000000550514,VSM.InvalidateStatic,0,0
46,614.1438313,1.8604000000550514,VSM.InvalidateDynamic,512,1
46,614.1438313,1.8604000000550514,VSM.StaticCasterCull,429568,1
46,614.1438313,1.8604000000550514,VSM.DynamicCasterCull,141568,1
46,614.1438313,1.8604000000550514,VSM.PageCull,537344,2
46,614.1438313,1.8604000000550514,VSM.StaticRasterClear,0,1
46,614.1438313,1.8604000000550514,VSM.StaticRasterDraw,8192,1
46,614.1438313,1.8604000000550514,VSM.DynamicRasterClear,0,1
46,614.1438313,1.8604000000550514,VSM.DynamicRasterDraw,6912,1
46,614.1438313,1.8604000000550514,VSM.StaticRaster,8448,1
46,614.1438313,1.8604000000550514,VSM.UnityCompatibilityRaster,0,0
46,614.1438313,1.8604000000550514,VSM.Resolve,7093760,1
46,614.1438313,1.8604000000550514,VSM.ResolveTrace,6866688,1
46,614.1438313,1.8604000000550514,VSM.FilterHorizontal,65536,1
46,614.1438313,1.8604000000550514,VSM.FilterVertical,0,0
46,614.1438313,1.8604000000550514,VSM.FilterTemporalVertical,160256,1
46,614.1438313,1.8604000000550514,VSM.ResetFeedback,0,1
47,614.161437,2.2399000000632441,VSM.MarkReceiverPages,894720,1
47,614.161437,2.2399000000632441,VSM.AllocationPrepare,9472,1
47,614.161437,2.2399000000632441,VSM.AllocationCommit,1084416,1
47,614.161437,2.2399000000632441,VSM.Allocate,1357824,1
47,614.161437,2.2399000000632441,VSM.ClearPhysicalPages,118784,1
47,614.161437,2.2399000000632441,VSM.PageOccupancy,2560,1
47,614.161437,2.2399000000632441,VSM.FinalizePages,2048,1
47,614.161437,2.2399000000632441,VSM.DynamicRaster,3328,1
47,614.161437,2.2399000000632441,VSM.LayoutRemap,0,1
47,614.161437,2.2399000000632441,VSM.InvalidateStatic,0,0
47,614.161437,2.2399000000632441,VSM.InvalidateDynamic,256,1
47,614.161437,2.2399000000632441,VSM.StaticCasterCull,420096,1
47,614.161437,2.2399000000632441,VSM.DynamicCasterCull,147968,1
47,614.161437,2.2399000000632441,VSM.PageCull,534784,2
47,614.161437,2.2399000000632441,VSM.StaticRasterClear,0,1
47,614.161437,2.2399000000632441,VSM.StaticRasterDraw,3072,1
47,614.161437,2.2399000000632441,VSM.DynamicRasterClear,0,1
47,614.161437,2.2399000000632441,VSM.DynamicRasterDraw,3072,1
47,614.161437,2.2399000000632441,VSM.StaticRaster,3328,1
47,614.161437,2.2399000000632441,VSM.UnityCompatibilityRaster,0,0
47,614.161437,2.2399000000632441,VSM.Resolve,7673088,1
47,614.161437,2.2399000000632441,VSM.ResolveTrace,7444480,1
47,614.161437,2.2399000000632441,VSM.FilterHorizontal,65792,1
47,614.161437,2.2399000000632441,VSM.FilterVertical,0,0
47,614.161437,2.2399000000632441,VSM.FilterTemporalVertical,162048,1
47,614.161437,2.2399000000632441,VSM.ResetFeedback,0,1
48,614.1781788,1.8737000000328408,VSM.MarkReceiverPages,890624,1
48,614.1781788,1.8737000000328408,VSM.AllocationPrepare,9472,1
48,614.1781788,1.8737000000328408,VSM.AllocationCommit,1084928,1
48,614.1781788,1.8737000000328408,VSM.Allocate,1094400,1
48,614.1781788,1.8737000000328408,VSM.ClearPhysicalPages,118784,1
48,614.1781788,1.8737000000328408,VSM.PageOccupancy,2560,1
48,614.1781788,1.8737000000328408,VSM.FinalizePages,1792,1
48,614.1781788,1.8737000000328408,VSM.DynamicRaster,3584,1
48,614.1781788,1.8737000000328408,VSM.LayoutRemap,0,1
48,614.1781788,1.8737000000328408,VSM.InvalidateStatic,0,0
48,614.1781788,1.8737000000328408,VSM.InvalidateDynamic,256,1
48,614.1781788,1.8737000000328408,VSM.StaticCasterCull,430592,1
48,614.1781788,1.8737000000328408,VSM.DynamicCasterCull,145408,1
48,614.1781788,1.8737000000328408,VSM.PageCull,542976,2
48,614.1781788,1.8737000000328408,VSM.StaticRasterClear,256,1
48,614.1781788,1.8737000000328408,VSM.StaticRasterDraw,3072,1
48,614.1781788,1.8737000000328408,VSM.DynamicRasterClear,0,1
48,614.1781788,1.8737000000328408,VSM.DynamicRasterDraw,3328,1
48,614.1781788,1.8737000000328408,VSM.StaticRaster,3328,1
48,614.1781788,1.8737000000328408,VSM.UnityCompatibilityRaster,0,0
48,614.1781788,1.8737000000328408,VSM.Resolve,7499264,1
48,614.1781788,1.8737000000328408,VSM.ResolveTrace,7005184,1
48,614.1781788,1.8737000000328408,VSM.FilterHorizontal,65024,1
48,614.1781788,1.8737000000328408,VSM.FilterVertical,0,0
48,614.1781788,1.8737000000328408,VSM.FilterTemporalVertical,427520,1
48,614.1781788,1.8737000000328408,VSM.ResetFeedback,0,1
49,614.19559029999994,2.0770999999513151,VSM.MarkReceiverPages,892416,1
49,614.19559029999994,2.0770999999513151,VSM.AllocationPrepare,9472,1
49,614.19559029999994,2.0770999999513151,VSM.AllocationCommit,1084672,1
49,614.19559029999994,2.0770999999513151,VSM.Allocate,1372928,1
49,614.19559029999994,2.0770999999513151,VSM.ClearPhysicalPages,119040,1
49,614.19559029999994,2.0770999999513151,VSM.PageOccupancy,2816,1
49,614.19559029999994,2.0770999999513151,VSM.FinalizePages,1792,1
49,614.19559029999994,2.0770999999513151,VSM.DynamicRaster,6912,1
49,614.19559029999994,2.0770999999513151,VSM.LayoutRemap,0,1
49,614.19559029999994,2.0770999999513151,VSM.InvalidateStatic,0,0
49,614.19559029999994,2.0770999999513151,VSM.InvalidateDynamic,256,1
49,614.19559029999994,2.0770999999513151,VSM.StaticCasterCull,436736,1
49,614.19559029999994,2.0770999999513151,VSM.DynamicCasterCull,142080,1
49,614.19559029999994,2.0770999999513151,VSM.PageCull,544512,2
49,614.19559029999994,2.0770999999513151,VSM.StaticRasterClear,0,1
49,614.19559029999994,2.0770999999513151,VSM.StaticRasterDraw,10752,1
49,614.19559029999994,2.0770999999513151,VSM.DynamicRasterClear,0,1
49,614.19559029999994,2.0770999999513151,VSM.DynamicRasterDraw,6912,1
49,614.19559029999994,2.0770999999513151,VSM.StaticRaster,11008,1
49,614.19559029999994,2.0770999999513151,VSM.UnityCompatibilityRaster,0,0
49,614.19559029999994,2.0770999999513151,VSM.Resolve,7574528,1
49,614.19559029999994,2.0770999999513151,VSM.ResolveTrace,7347968,1
49,614.19559029999994,2.0770999999513151,VSM.FilterHorizontal,65536,1
49,614.19559029999994,2.0770999999513151,VSM.FilterVertical,0,0
49,614.19559029999994,2.0770999999513151,VSM.FilterTemporalVertical,159744,1
49,614.19559029999994,2.0770999999513151,VSM.ResetFeedback,0,1
50,614.213122,1.8575000000282671,VSM.MarkReceiverPages,891904,1
50,614.213122,1.8575000000282671,VSM.AllocationPrepare,9216,1
50,614.213122,1.8575000000282671,VSM.AllocationCommit,1086208,1
50,614.213122,1.8575000000282671,VSM.Allocate,1271040,1
50,614.213122,1.8575000000282671,VSM.ClearPhysicalPages,118528,1
50,614.213122,1.8575000000282671,VSM.PageOccupancy,2560,1
50,614.213122,1.8575000000282671,VSM.FinalizePages,1792,1
50,614.213122,1.8575000000282671,VSM.DynamicRaster,3584,1
50,614.213122,1.8575000000282671,VSM.LayoutRemap,0,1
50,614.213122,1.8575000000282671,VSM.InvalidateStatic,0,0
50,614.213122,1.8575000000282671,VSM.InvalidateDynamic,256,1
50,614.213122,1.8575000000282671,VSM.StaticCasterCull,420608,1
50,614.213122,1.8575000000282671,VSM.DynamicCasterCull,141312,1
50,614.213122,1.8575000000282671,VSM.PageCull,528384,2
50,614.213122,1.8575000000282671,VSM.StaticRasterClear,0,1
50,614.213122,1.8575000000282671,VSM.StaticRasterDraw,7168,1
50,614.213122,1.8575000000282671,VSM.DynamicRasterClear,0,1
50,614.213122,1.8575000000282671,VSM.DynamicRasterDraw,3328,1
50,614.213122,1.8575000000282671,VSM.StaticRaster,7168,1
50,614.213122,1.8575000000282671,VSM.UnityCompatibilityRaster,0,0
50,614.213122,1.8575000000282671,VSM.Resolve,7097856,1
50,614.213122,1.8575000000282671,VSM.ResolveTrace,6873088,1
50,614.213122,1.8575000000282671,VSM.FilterHorizontal,65536,1
50,614.213122,1.8575000000282671,VSM.FilterVertical,0,0
50,614.213122,1.8575000000282671,VSM.FilterTemporalVertical,157952,1
50,614.213122,1.8575000000282671,VSM.ResetFeedback,0,1
51,614.2311921999999,2.3012999999991735,VSM.MarkReceiverPages,896256,1
51,614.2311921999999,2.3012999999991735,VSM.AllocationPrepare,9216,1
51,614.2311921999999,2.3012999999991735,VSM.AllocationCommit,1083904,1
51,614.2311921999999,2.3012999999991735,VSM.Allocate,1093120,1
51,614.2311921999999,2.3012999999991735,VSM.ClearPhysicalPages,119296,1
51,614.2311921999999,2.3012999999991735,VSM.PageOccupancy,2816,1
51,614.2311921999999,2.3012999999991735,VSM.FinalizePages,1792,1
51,614.2311921999999,2.3012999999991735,VSM.DynamicRaster,7168,1
51,614.2311921999999,2.3012999999991735,VSM.LayoutRemap,0,1
51,614.2311921999999,2.3012999999991735,VSM.InvalidateStatic,0,0
51,614.2311921999999,2.3012999999991735,VSM.InvalidateDynamic,0,1
51,614.2311921999999,2.3012999999991735,VSM.StaticCasterCull,433152,1
51,614.2311921999999,2.3012999999991735,VSM.DynamicCasterCull,142848,1
51,614.2311921999999,2.3012999999991735,VSM.PageCull,542208,2
51,614.2311921999999,2.3012999999991735,VSM.StaticRasterClear,256,1
51,614.2311921999999,2.3012999999991735,VSM.StaticRasterDraw,7168,1
51,614.2311921999999,2.3012999999991735,VSM.DynamicRasterClear,256,1
51,614.2311921999999,2.3012999999991735,VSM.DynamicRasterDraw,6912,1
51,614.2311921999999,2.3012999999991735,VSM.StaticRaster,7424,1
51,614.2311921999999,2.3012999999991735,VSM.UnityCompatibilityRaster,0,0
51,614.2311921999999,2.3012999999991735,VSM.Resolve,7698688,1
51,614.2311921999999,2.3012999999991735,VSM.ResolveTrace,7219456,1
51,614.2311921999999,2.3012999999991735,VSM.FilterHorizontal,65536,1
51,614.2311921999999,2.3012999999991735,VSM.FilterVertical,0,0
51,614.2311921999999,2.3012999999991735,VSM.FilterTemporalVertical,412672,1
51,614.2311921999999,2.3012999999991735,VSM.ResetFeedback,0,1
52,614.24823489999994,2.0848999999998341,VSM.MarkReceiverPages,893184,1
52,614.24823489999994,2.0848999999998341,VSM.AllocationPrepare,9472,1
52,614.24823489999994,2.0848999999998341,VSM.AllocationCommit,1085952,1
52,614.24823489999994,2.0848999999998341,VSM.Allocate,1404416,1
52,614.24823489999994,2.0848999999998341,VSM.ClearPhysicalPages,119552,1
52,614.24823489999994,2.0848999999998341,VSM.PageOccupancy,2560,1
52,614.24823489999994,2.0848999999998341,VSM.FinalizePages,2304,1
52,614.24823489999994,2.0848999999998341,VSM.DynamicRaster,7168,1
52,614.24823489999994,2.0848999999998341,VSM.LayoutRemap,0,1
52,614.24823489999994,2.0848999999998341,VSM.InvalidateStatic,0,0
52,614.24823489999994,2.0848999999998341,VSM.InvalidateDynamic,512,1
52,614.24823489999994,2.0848999999998341,VSM.StaticCasterCull,437504,1
52,614.24823489999994,2.0848999999998341,VSM.DynamicCasterCull,141056,1
52,614.24823489999994,2.0848999999998341,VSM.PageCull,544000,2
52,614.24823489999994,2.0848999999998341,VSM.StaticRasterClear,0,1
52,614.24823489999994,2.0848999999998341,VSM.StaticRasterDraw,6912,1
52,614.24823489999994,2.0848999999998341,VSM.DynamicRasterClear,256,1
52,614.24823489999994,2.0848999999998341,VSM.DynamicRasterDraw,6912,1
52,614.24823489999994,2.0848999999998341,VSM.StaticRaster,7168,1
52,614.24823489999994,2.0848999999998341,VSM.UnityCompatibilityRaster,0,0
52,614.24823489999994,2.0848999999998341,VSM.Resolve,7500032,1
52,614.24823489999994,2.0848999999998341,VSM.ResolveTrace,7266816,1
52,614.24823489999994,2.0848999999998341,VSM.FilterHorizontal,67328,1
52,614.24823489999994,2.0848999999998341,VSM.FilterVertical,0,0
52,614.24823489999994,2.0848999999998341,VSM.FilterTemporalVertical,164608,1
52,614.24823489999994,2.0848999999998341,VSM.ResetFeedback,0,1
53,614.26715889999991,2.7923000000100728,VSM.MarkReceiverPages,1079040,1
53,614.26715889999991,2.7923000000100728,VSM.AllocationPrepare,9472,1
53,614.26715889999991,2.7923000000100728,VSM.AllocationCommit,1084160,1
53,614.26715889999991,2.7923000000100728,VSM.Allocate,1094400,1
53,614.26715889999991,2.7923000000100728,VSM.ClearPhysicalPages,119296,1
53,614.26715889999991,2.7923000000100728,VSM.PageOccupancy,2816,1
53,614.26715889999991,2.7923000000100728,VSM.FinalizePages,1792,1
53,614.26715889999991,2.7923000000100728,VSM.DynamicRaster,10752,1
53,614.26715889999991,2.7923000000100728,VSM.LayoutRemap,0,1
53,614.26715889999991,2.7923000000100728,VSM.InvalidateStatic,0,0
53,614.26715889999991,2.7923000000100728,VSM.InvalidateDynamic,256,1
53,614.26715889999991,2.7923000000100728,VSM.StaticCasterCull,431872,1
53,614.26715889999991,2.7923000000100728,VSM.DynamicCasterCull,407552,1
53,614.26715889999991,2.7923000000100728,VSM.PageCull,530432,2
53,614.26715889999991,2.7923000000100728,VSM.StaticRasterClear,0,1
53,614.26715889999991,2.7923000000100728,VSM.StaticRasterDraw,7680,1
53,614.26715889999991,2.7923000000100728,VSM.DynamicRasterClear,2816,1
53,614.26715889999991,2.7923000000100728,VSM.DynamicRasterDraw,6144,1
53,614.26715889999991,2.7923000000100728,VSM.StaticRaster,7936,1
53,614.26715889999991,2.7923000000100728,VSM.UnityCompatibilityRaster,0,0
53,614.26715889999991,2.7923000000100728,VSM.Resolve,7524352,1
53,614.26715889999991,2.7923000000100728,VSM.ResolveTrace,7294464,1
53,614.26715889999991,2.7923000000100728,VSM.FilterHorizontal,67072,1
53,614.26715889999991,2.7923000000100728,VSM.FilterVertical,0,0
53,614.26715889999991,2.7923000000100728,VSM.FilterTemporalVertical,162048,1
53,614.26715889999991,2.7923000000100728,VSM.ResetFeedback,0,1
54,614.2843736,1.9110000000637228,VSM.MarkReceiverPages,887552,1
54,614.2843736,1.9110000000637228,VSM.AllocationPrepare,9472,1
54,614.2843736,1.9110000000637228,VSM.AllocationCommit,1084160,1
54,614.2843736,1.9110000000637228,VSM.Allocate,1457664,1
54,614.2843736,1.9110000000637228,VSM.ClearPhysicalPages,119040,1
54,614.2843736,1.9110000000637228,VSM.PageOccupancy,2560,1
54,614.2843736,1.9110000000637228,VSM.FinalizePages,1792,1
54,614.2843736,1.9110000000637228,VSM.DynamicRaster,7168,1
54,614.2843736,1.9110000000637228,VSM.LayoutRemap,0,1
54,614.2843736,1.9110000000637228,VSM.InvalidateStatic,0,0
54,614.2843736,1.9110000000637228,VSM.InvalidateDynamic,256,1
54,614.2843736,1.9110000000637228,VSM.StaticCasterCull,429312,1
54,614.2843736,1.9110000000637228,VSM.DynamicCasterCull,141824,1
54,614.2843736,1.9110000000637228,VSM.PageCull,537600,2
54,614.2843736,1.9110000000637228,VSM.StaticRasterClear,0,1
54,614.2843736,1.9110000000637228,VSM.StaticRasterDraw,7168,1
54,614.2843736,1.9110000000637228,VSM.DynamicRasterClear,0,1
54,614.2843736,1.9110000000637228,VSM.DynamicRasterDraw,7168,1
54,614.2843736,1.9110000000637228,VSM.StaticRaster,7168,1
54,614.2843736,1.9110000000637228,VSM.UnityCompatibilityRaster,0,0
54,614.2843736,1.9110000000637228,VSM.Resolve,7049728,1
54,614.2843736,1.9110000000637228,VSM.ResolveTrace,6823424,1
54,614.2843736,1.9110000000637228,VSM.FilterHorizontal,65280,1
54,614.2843736,1.9110000000637228,VSM.FilterVertical,0,0
54,614.2843736,1.9110000000637228,VSM.FilterTemporalVertical,160256,1
54,614.2843736,1.9110000000637228,VSM.ResetFeedback,0,1
55,614.30181829999992,2.1256999999650361,VSM.MarkReceiverPages,891904,1
55,614.30181829999992,2.1256999999650361,VSM.AllocationPrepare,9472,1
55,614.30181829999992,2.1256999999650361,VSM.AllocationCommit,1085184,1
55,614.30181829999992,2.1256999999650361,VSM.Allocate,1558528,1
55,614.30181829999992,2.1256999999650361,VSM.ClearPhysicalPages,119040,1
55,614.30181829999992,2.1256999999650361,VSM.PageOccupancy,2560,1
55,614.30181829999992,2.1256999999650361,VSM.FinalizePages,2048,1
55,614.30181829999992,2.1256999999650361,VSM.DynamicRaster,7168,1
55,614.30181829999992,2.1256999999650361,VSM.LayoutRemap,0,1
55,614.30181829999992,2.1256999999650361,VSM.InvalidateStatic,0,0
55,614.30181829999992,2.1256999999650361,VSM.InvalidateDynamic,256,1
55,614.30181829999992,2.1256999999650361,VSM.StaticCasterCull,409088,1
55,614.30181829999992,2.1256999999650361,VSM.DynamicCasterCull,142336,1
55,614.30181829999992,2.1256999999650361,VSM.PageCull,518144,2
55,614.30181829999992,2.1256999999650361,VSM.StaticRasterClear,0,1
55,614.30181829999992,2.1256999999650361,VSM.StaticRasterDraw,7424,1
55,614.30181829999992,2.1256999999650361,VSM.DynamicRasterClear,0,1
55,614.30181829999992,2.1256999999650361,VSM.DynamicRasterDraw,6912,1
55,614.30181829999992,2.1256999999650361,VSM.StaticRaster,7680,1
55,614.30181829999992,2.1256999999650361,VSM.UnityCompatibilityRaster,0,0
55,614.30181829999992,2.1256999999650361,VSM.Resolve,7276544,1
55,614.30181829999992,2.1256999999650361,VSM.ResolveTrace,6729216,1
55,614.30181829999992,2.1256999999650361,VSM.FilterHorizontal,66048,1
55,614.30181829999992,2.1256999999650361,VSM.FilterVertical,0,0
55,614.30181829999992,2.1256999999650361,VSM.FilterTemporalVertical,480000,1
55,614.30181829999992,2.1256999999650361,VSM.ResetFeedback,0,1
56,614.3188247999999,1.9195999999510605,VSM.MarkReceiverPages,892160,1
56,614.3188247999999,1.9195999999510605,VSM.AllocationPrepare,9472,1
56,614.3188247999999,1.9195999999510605,VSM.AllocationCommit,1084416,1
56,614.3188247999999,1.9195999999510605,VSM.Allocate,1277440,1
56,614.3188247999999,1.9195999999510605,VSM.ClearPhysicalPages,118784,1
56,614.3188247999999,1.9195999999510605,VSM.PageOccupancy,2816,1
56,614.3188247999999,1.9195999999510605,VSM.FinalizePages,1792,1
56,614.3188247999999,1.9195999999510605,VSM.DynamicRaster,7168,1
56,614.3188247999999,1.9195999999510605,VSM.LayoutRemap,0,1
56,614.3188247999999,1.9195999999510605,VSM.InvalidateStatic,0,0
56,614.3188247999999,1.9195999999510605,VSM.InvalidateDynamic,256,1
56,614.3188247999999,1.9195999999510605,VSM.StaticCasterCull,443392,1
56,614.3188247999999,1.9195999999510605,VSM.DynamicCasterCull,144640,1
56,614.3188247999999,1.9195999999510605,VSM.PageCull,555008,2
56,614.3188247999999,1.9195999999510605,VSM.StaticRasterClear,0,1
56,614.3188247999999,1.9195999999510605,VSM.StaticRasterDraw,7168,1
56,614.3188247999999,1.9195999999510605,VSM.DynamicRasterClear,256,1
56,614.3188247999999,1.9195999999510605,VSM.DynamicRasterDraw,6912,1
56,614.3188247999999,1.9195999999510605,VSM.StaticRaster,7168,1
56,614.3188247999999,1.9195999999510605,VSM.UnityCompatibilityRaster,0,0
56,614.3188247999999,1.9195999999510605,VSM.Resolve,7297280,1
56,614.3188247999999,1.9195999999510605,VSM.ResolveTrace,7071232,1
56,614.3188247999999,1.9195999999510605,VSM.FilterHorizontal,65024,1
56,614.3188247999999,1.9195999999510605,VSM.FilterVertical,0,0
56,614.3188247999999,1.9195999999510605,VSM.FilterTemporalVertical,159744,1
56,614.3188247999999,1.9195999999510605,VSM.ResetFeedback,0,1
57,614.3367264,2.0570000000361688,VSM.MarkReceiverPages,890624,1
57,614.3367264,2.0570000000361688,VSM.AllocationPrepare,9472,1
57,614.3367264,2.0570000000361688,VSM.AllocationCommit,1083904,1
57,614.3367264,2.0570000000361688,VSM.Allocate,1093376,1
57,614.3367264,2.0570000000361688,VSM.ClearPhysicalPages,119040,1
57,614.3367264,2.0570000000361688,VSM.PageOccupancy,3072,1
57,614.3367264,2.0570000000361688,VSM.FinalizePages,248064,1
57,614.3367264,2.0570000000361688,VSM.DynamicRaster,7168,1
57,614.3367264,2.0570000000361688,VSM.LayoutRemap,0,1
57,614.3367264,2.0570000000361688,VSM.InvalidateStatic,0,0
57,614.3367264,2.0570000000361688,VSM.InvalidateDynamic,256,1
57,614.3367264,2.0570000000361688,VSM.StaticCasterCull,424192,1
57,614.3367264,2.0570000000361688,VSM.DynamicCasterCull,141824,1
57,614.3367264,2.0570000000361688,VSM.PageCull,531712,2
57,614.3367264,2.0570000000361688,VSM.StaticRasterClear,0,1
57,614.3367264,2.0570000000361688,VSM.StaticRasterDraw,7424,1
57,614.3367264,2.0570000000361688,VSM.DynamicRasterClear,256,1
57,614.3367264,2.0570000000361688,VSM.DynamicRasterDraw,6912,1
57,614.3367264,2.0570000000361688,VSM.StaticRaster,7680,1
57,614.3367264,2.0570000000361688,VSM.UnityCompatibilityRaster,0,0
57,614.3367264,2.0570000000361688,VSM.Resolve,7617792,1
57,614.3367264,2.0570000000361688,VSM.ResolveTrace,7189248,1
57,614.3367264,2.0570000000361688,VSM.FilterHorizontal,66560,1
57,614.3367264,2.0570000000361688,VSM.FilterVertical,0,0
57,614.3367264,2.0570000000361688,VSM.FilterTemporalVertical,158976,1
57,614.3367264,2.0570000000361688,VSM.ResetFeedback,0,1
58,614.35382459999994,2.2844999999733773,VSM.MarkReceiverPages,897536,1
58,614.35382459999994,2.2844999999733773,VSM.AllocationPrepare,9216,1
58,614.35382459999994,2.2844999999733773,VSM.AllocationCommit,1084928,1
58,614.35382459999994,2.2844999999733773,VSM.Allocate,1094656,1
58,614.35382459999994,2.2844999999733773,VSM.ClearPhysicalPages,119040,1
58,614.35382459999994,2.2844999999733773,VSM.PageOccupancy,2816,1
58,614.35382459999994,2.2844999999733773,VSM.FinalizePages,2304,1
58,614.35382459999994,2.2844999999733773,VSM.DynamicRaster,7168,1
58,614.35382459999994,2.2844999999733773,VSM.LayoutRemap,0,1
58,614.35382459999994,2.2844999999733773,VSM.InvalidateStatic,0,0
58,614.35382459999994,2.2844999999733773,VSM.InvalidateDynamic,256,1
58,614.35382459999994,2.2844999999733773,VSM.StaticCasterCull,756480,1
58,614.35382459999994,2.2844999999733773,VSM.DynamicCasterCull,165120,1
58,614.35382459999994,2.2844999999733773,VSM.PageCull,548608,2
58,614.35382459999994,2.2844999999733773,VSM.StaticRasterClear,512,1
58,614.35382459999994,2.2844999999733773,VSM.StaticRasterDraw,8960,1
58,614.35382459999994,2.2844999999733773,VSM.DynamicRasterClear,0,1
58,614.35382459999994,2.2844999999733773,VSM.DynamicRasterDraw,7168,1
58,614.35382459999994,2.2844999999733773,VSM.StaticRaster,11520,1
58,614.35382459999994,2.2844999999733773,VSM.UnityCompatibilityRaster,0,0
58,614.35382459999994,2.2844999999733773,VSM.Resolve,7127040,1
58,614.35382459999994,2.2844999999733773,VSM.ResolveTrace,6900480,1
58,614.35382459999994,2.2844999999733773,VSM.FilterHorizontal,65536,1
58,614.35382459999994,2.2844999999733773,VSM.FilterVertical,0,0
58,614.35382459999994,2.2844999999733773,VSM.FilterTemporalVertical,159744,1
58,614.35382459999994,2.2844999999733773,VSM.ResetFeedback,0,1
59,614.3722528,2.6798000000098909,VSM.MarkReceiverPages,1261312,1
59,614.3722528,2.6798000000098909,VSM.AllocationPrepare,9472,1
59,614.3722528,2.6798000000098909,VSM.AllocationCommit,1084672,1
59,614.3722528,2.6798000000098909,VSM.Allocate,1094656,1
59,614.3722528,2.6798000000098909,VSM.ClearPhysicalPages,119552,1
59,614.3722528,2.6798000000098909,VSM.PageOccupancy,2816,1
59,614.3722528,2.6798000000098909,VSM.FinalizePages,2560,1
59,614.3722528,2.6798000000098909,VSM.DynamicRaster,9984,1
59,614.3722528,2.6798000000098909,VSM.LayoutRemap,0,1
59,614.3722528,2.6798000000098909,VSM.InvalidateStatic,0,0
59,614.3722528,2.6798000000098909,VSM.InvalidateDynamic,256,1
59,614.3722528,2.6798000000098909,VSM.StaticCasterCull,439296,1
59,614.3722528,2.6798000000098909,VSM.DynamicCasterCull,555776,1
59,614.3722528,2.6798000000098909,VSM.PageCull,549376,2
59,614.3722528,2.6798000000098909,VSM.StaticRasterClear,0,1
59,614.3722528,2.6798000000098909,VSM.StaticRasterDraw,3328,1
59,614.3722528,2.6798000000098909,VSM.DynamicRasterClear,256,1
59,614.3722528,2.6798000000098909,VSM.DynamicRasterDraw,8960,1
59,614.3722528,2.6798000000098909,VSM.StaticRaster,3328,1
59,614.3722528,2.6798000000098909,VSM.UnityCompatibilityRaster,0,0
59,614.3722528,2.6798000000098909,VSM.Resolve,7348736,1
59,614.3722528,2.6798000000098909,VSM.ResolveTrace,6953728,1
59,614.3722528,2.6798000000098909,VSM.FilterHorizontal,65792,1
59,614.3722528,2.6798000000098909,VSM.FilterVertical,0,0
59,614.3722528,2.6798000000098909,VSM.FilterTemporalVertical,161792,1
59,614.3722528,2.6798000000098909,VSM.ResetFeedback,0,1
60,614.3894671999999,2.1946999999045147,VSM.MarkReceiverPages,894208,1
60,614.3894671999999,2.1946999999045147,VSM.AllocationPrepare,9216,1
60,614.3894671999999,2.1946999999045147,VSM.AllocationCommit,1084160,1
60,614.3894671999999,2.1946999999045147,VSM.Allocate,1348096,1
60,614.3894671999999,2.1946999999045147,VSM.ClearPhysicalPages,119296,1
60,614.3894671999999,2.1946999999045147,VSM.PageOccupancy,2560,1
60,614.3894671999999,2.1946999999045147,VSM.FinalizePages,1792,1
60,614.3894671999999,2.1946999999045147,VSM.DynamicRaster,3840,1
60,614.3894671999999,2.1946999999045147,VSM.LayoutRemap,0,1
60,614.3894671999999,2.1946999999045147,VSM.InvalidateStatic,0,0
60,614.3894671999999,2.1946999999045147,VSM.InvalidateDynamic,256,1
60,614.3894671999999,2.1946999999045147,VSM.StaticCasterCull,417280,1
60,614.3894671999999,2.1946999999045147,VSM.DynamicCasterCull,142592,1
60,614.3894671999999,2.1946999999045147,VSM.PageCull,526336,2
60,614.3894671999999,2.1946999999045147,VSM.StaticRasterClear,256,1
60,614.3894671999999,2.1946999999045147,VSM.StaticRasterDraw,3328,1
60,614.3894671999999,2.1946999999045147,VSM.DynamicRasterClear,256,1
60,614.3894671999999,2.1946999999045147,VSM.DynamicRasterDraw,3584,1
60,614.3894671999999,2.1946999999045147,VSM.StaticRaster,3584,1
60,614.3894671999999,2.1946999999045147,VSM.UnityCompatibilityRaster,0,0
60,614.3894671999999,2.1946999999045147,VSM.Resolve,6861824,1
60,614.3894671999999,2.1946999999045147,VSM.ResolveTrace,6625792,1
60,614.3894671999999,2.1946999999045147,VSM.FilterHorizontal,64768,1
60,614.3894671999999,2.1946999999045147,VSM.FilterVertical,0,0
60,614.3894671999999,2.1946999999045147,VSM.FilterTemporalVertical,169984,1
60,614.3894671999999,2.1946999999045147,VSM.ResetFeedback,0,1
61,614.4070238999999,2.1718999998938671,VSM.MarkReceiverPages,898560,1
61,614.4070238999999,2.1718999998938671,VSM.AllocationPrepare,9472,1
61,614.4070238999999,2.1718999998938671,VSM.AllocationCommit,1084928,1
61,614.4070238999999,2.1718999998938671,VSM.Allocate,1335296,1
61,614.4070238999999,2.1718999998938671,VSM.ClearPhysicalPages,118528,1
61,614.4070238999999,2.1718999998938671,VSM.PageOccupancy,2560,1
61,614.4070238999999,2.1718999998938671,VSM.FinalizePages,1792,1
61,614.4070238999999,2.1718999998938671,VSM.DynamicRaster,7168,1
61,614.4070238999999,2.1718999998938671,VSM.LayoutRemap,0,1
61,614.4070238999999,2.1718999998938671,VSM.InvalidateStatic,0,0
61,614.4070238999999,2.1718999998938671,VSM.InvalidateDynamic,256,1
61,614.4070238999999,2.1718999998938671,VSM.StaticCasterCull,423680,1
61,614.4070238999999,2.1718999998938671,VSM.DynamicCasterCull,141568,1
61,614.4070238999999,2.1718999998938671,VSM.PageCull,531712,2
61,614.4070238999999,2.1718999998938671,VSM.StaticRasterClear,0,1
61,614.4070238999999,2.1718999998938671,VSM.StaticRasterDraw,7168,1
61,614.4070238999999,2.1718999998938671,VSM.DynamicRasterClear,0,1
61,614.4070238999999,2.1718999998938671,VSM.DynamicRasterDraw,6912,1
61,614.4070238999999,2.1718999998938671,VSM.StaticRaster,7168,1
61,614.4070238999999,2.1718999998938671,VSM.UnityCompatibilityRaster,0,0
61,614.4070238999999,2.1718999998938671,VSM.Resolve,7826432,1
61,614.4070238999999,2.1718999998938671,VSM.ResolveTrace,7599104,1
61,614.4070238999999,2.1718999998938671,VSM.FilterHorizontal,65536,1
61,614.4070238999999,2.1718999998938671,VSM.FilterVertical,0,0
61,614.4070238999999,2.1718999998938671,VSM.FilterTemporalVertical,160256,1
61,614.4070238999999,2.1718999998938671,VSM.ResetFeedback,0,1
62,614.4247416,2.5355000000217842,VSM.MarkReceiverPages,890368,1
62,614.4247416,2.5355000000217842,VSM.AllocationPrepare,9216,1
62,614.4247416,2.5355000000217842,VSM.AllocationCommit,1083904,1
62,614.4247416,2.5355000000217842,VSM.Allocate,1093632,1
62,614.4247416,2.5355000000217842,VSM.ClearPhysicalPages,118784,1
62,614.4247416,2.5355000000217842,VSM.PageOccupancy,2560,1
62,614.4247416,2.5355000000217842,VSM.FinalizePages,1792,1
62,614.4247416,2.5355000000217842,VSM.DynamicRaster,7680,1
62,614.4247416,2.5355000000217842,VSM.LayoutRemap,0,1
62,614.4247416,2.5355000000217842,VSM.InvalidateStatic,0,0
62,614.4247416,2.5355000000217842,VSM.InvalidateDynamic,0,1
62,614.4247416,2.5355000000217842,VSM.StaticCasterCull,428032,1
62,614.4247416,2.5355000000217842,VSM.DynamicCasterCull,143616,1
62,614.4247416,2.5355000000217842,VSM.PageCull,538112,2
62,614.4247416,2.5355000000217842,VSM.StaticRasterClear,0,1
62,614.4247416,2.5355000000217842,VSM.StaticRasterDraw,3072,1
62,614.4247416,2.5355000000217842,VSM.DynamicRasterClear,256,1
62,614.4247416,2.5355000000217842,VSM.DynamicRasterDraw,7424,1
62,614.4247416,2.5355000000217842,VSM.StaticRaster,3328,1
62,614.4247416,2.5355000000217842,VSM.UnityCompatibilityRaster,0,0
62,614.4247416,2.5355000000217842,VSM.Resolve,7436800,1
62,614.4247416,2.5355000000217842,VSM.ResolveTrace,7207424,1
62,614.4247416,2.5355000000217842,VSM.FilterHorizontal,66304,1
62,614.4247416,2.5355000000217842,VSM.FilterVertical,0,0
62,614.4247416,2.5355000000217842,VSM.FilterTemporalVertical,162048,1
62,614.4247416,2.5355000000217842,VSM.ResetFeedback,0,1
63,614.4412572,2.0268000000669417,VSM.MarkReceiverPages,891648,1
63,614.4412572,2.0268000000669417,VSM.AllocationPrepare,9216,1
63,614.4412572,2.0268000000669417,VSM.AllocationCommit,1084160,1
63,614.4412572,2.0268000000669417,VSM.Allocate,1093888,1
63,614.4412572,2.0268000000669417,VSM.ClearPhysicalPages,118528,1
63,614.4412572,2.0268000000669417,VSM.PageOccupancy,2560,1
63,614.4412572,2.0268000000669417,VSM.FinalizePages,1792,1
63,614.4412572,2.0268000000669417,VSM.DynamicRaster,7168,1
63,614.4412572,2.0268000000669417,VSM.LayoutRemap,0,1
63,614.4412572,2.0268000000669417,VSM.InvalidateStatic,0,0
63,614.4412572,2.0268000000669417,VSM.InvalidateDynamic,0,1
63,614.4412572,2.0268000000669417,VSM.StaticCasterCull,404736,1
63,614.4412572,2.0268000000669417,VSM.DynamicCasterCull,149248,1
63,614.4412572,2.0268000000669417,VSM.PageCull,520448,2
63,614.4412572,2.0268000000669417,VSM.StaticRasterClear,0,1
63,614.4412572,2.0268000000669417,VSM.StaticRasterDraw,6912,1
63,614.4412572,2.0268000000669417,VSM.DynamicRasterClear,256,1
63,614.4412572,2.0268000000669417,VSM.DynamicRasterDraw,6912,1
63,614.4412572,2.0268000000669417,VSM.StaticRaster,7168,1
63,614.4412572,2.0268000000669417,VSM.UnityCompatibilityRaster,0,0
63,614.4412572,2.0268000000669417,VSM.Resolve,7515136,1
63,614.4412572,2.0268000000669417,VSM.ResolveTrace,7286784,1
63,614.4412572,2.0268000000669417,VSM.FilterHorizontal,67072,1
63,614.4412572,2.0268000000669417,VSM.FilterVertical,0,0
63,614.4412572,2.0268000000669417,VSM.FilterTemporalVertical,160256,1
63,614.4412572,2.0268000000669417,VSM.ResetFeedback,0,1
64,614.45836639999993,2.1242999999913081,VSM.MarkReceiverPages,896768,1
64,614.45836639999993,2.1242999999913081,VSM.AllocationPrepare,9472,1
64,614.45836639999993,2.1242999999913081,VSM.AllocationCommit,1084672,1
64,614.45836639999993,2.1242999999913081,VSM.Allocate,1333248,1
64,614.45836639999993,2.1242999999913081,VSM.ClearPhysicalPages,119296,1
64,614.45836639999993,2.1242999999913081,VSM.PageOccupancy,2560,1
64,614.45836639999993,2.1242999999913081,VSM.FinalizePages,1792,1
64,614.45836639999993,2.1242999999913081,VSM.DynamicRaster,3328,1
64,614.45836639999993,2.1242999999913081,VSM.LayoutRemap,0,1
64,614.45836639999993,2.1242999999913081,VSM.InvalidateStatic,0,0
64,614.45836639999993,2.1242999999913081,VSM.InvalidateDynamic,256,1
64,614.45836639999993,2.1242999999913081,VSM.StaticCasterCull,414464,1
64,614.45836639999993,2.1242999999913081,VSM.DynamicCasterCull,147200,1
64,614.45836639999993,2.1242999999913081,VSM.PageCull,528384,2
64,614.45836639999993,2.1242999999913081,VSM.StaticRasterClear,0,1
64,614.45836639999993,2.1242999999913081,VSM.StaticRasterDraw,3328,1
64,614.45836639999993,2.1242999999913081,VSM.DynamicRasterClear,256,1
64,614.45836639999993,2.1242999999913081,VSM.DynamicRasterDraw,3072,1
64,614.45836639999993,2.1242999999913081,VSM.StaticRaster,3328,1
64,614.45836639999993,2.1242999999913081,VSM.UnityCompatibilityRaster,0,0
64,614.45836639999993,2.1242999999913081,VSM.Resolve,7314176,1
64,614.45836639999993,2.1242999999913081,VSM.ResolveTrace,7088384,1
64,614.45836639999993,2.1242999999913081,VSM.FilterHorizontal,65536,1
64,614.45836639999993,2.1242999999913081,VSM.FilterVertical,0,0
64,614.45836639999993,2.1242999999913081,VSM.FilterTemporalVertical,159232,1
64,614.45836639999993,2.1242999999913081,VSM.ResetFeedback,0,1
65,614.47554559999992,1.9287999999733074,VSM.MarkReceiverPages,890624,1
65,614.47554559999992,1.9287999999733074,VSM.AllocationPrepare,9472,1
65,614.47554559999992,1.9287999999733074,VSM.AllocationCommit,1084416,1
65,614.47554559999992,1.9287999999733074,VSM.Allocate,1266688,1
65,614.47554559999992,1.9287999999733074,VSM.ClearPhysicalPages,119808,1
65,614.47554559999992,1.9287999999733074,VSM.PageOccupancy,2560,1
65,614.47554559999992,1.9287999999733074,VSM.FinalizePages,1792,1
65,614.47554559999992,1.9287999999733074,VSM.DynamicRaster,11008,1
65,614.47554559999992,1.9287999999733074,VSM.LayoutRemap,0,1
65,614.47554559999992,1.9287999999733074,VSM.InvalidateStatic,0,0
65,614.47554559999992,1.9287999999733074,VSM.InvalidateDynamic,256,1
65,614.47554559999992,1.9287999999733074,VSM.StaticCasterCull,410880,1
65,614.47554559999992,1.9287999999733074,VSM.DynamicCasterCull,143872,1
65,614.47554559999992,1.9287999999733074,VSM.PageCull,520704,2
65,614.47554559999992,1.9287999999733074,VSM.StaticRasterClear,0,1
65,614.47554559999992,1.9287999999733074,VSM.StaticRasterDraw,7168,1
65,614.47554559999992,1.9287999999733074,VSM.DynamicRasterClear,0,1
65,614.47554559999992,1.9287999999733074,VSM.DynamicRasterDraw,10752,1
65,614.47554559999992,1.9287999999733074,VSM.StaticRaster,7168,1
65,614.47554559999992,1.9287999999733074,VSM.UnityCompatibilityRaster,0,0
65,614.47554559999992,1.9287999999733074,VSM.Resolve,6961152,1
65,614.47554559999992,1.9287999999733074,VSM.ResolveTrace,6733824,1
65,614.47554559999992,1.9287999999733074,VSM.FilterHorizontal,66048,1
65,614.47554559999992,1.9287999999733074,VSM.FilterVertical,0,0
65,614.47554559999992,1.9287999999733074,VSM.FilterTemporalVertical,160512,1
65,614.47554559999992,1.9287999999733074,VSM.ResetFeedback,0,1
66,614.4924385999999,1.904399999943962,VSM.MarkReceiverPages,891904,1
66,614.4924385999999,1.904399999943962,VSM.AllocationPrepare,9472,1
66,614.4924385999999,1.904399999943962,VSM.AllocationCommit,1084928,1
66,614.4924385999999,1.904399999943962,VSM.Allocate,1433856,1
66,614.4924385999999,1.904399999943962,VSM.ClearPhysicalPages,119296,1
66,614.4924385999999,1.904399999943962,VSM.PageOccupancy,2816,1
66,614.4924385999999,1.904399999943962,VSM.FinalizePages,1792,1
66,614.4924385999999,1.904399999943962,VSM.DynamicRaster,4608,1
66,614.4924385999999,1.904399999943962,VSM.LayoutRemap,0,1
66,614.4924385999999,1.904399999943962,VSM.InvalidateStatic,0,0
66,614.4924385999999,1.904399999943962,VSM.InvalidateDynamic,0,1
66,614.4924385999999,1.904399999943962,VSM.StaticCasterCull,419328,1
66,614.4924385999999,1.904399999943962,VSM.DynamicCasterCull,149504,1
66,614.4924385999999,1.904399999943962,VSM.PageCull,535296,2
66,614.4924385999999,1.904399999943962,VSM.StaticRasterClear,0,1
66,614.4924385999999,1.904399999943962,VSM.StaticRasterDraw,3328,1
66,614.4924385999999,1.904399999943962,VSM.DynamicRasterClear,0,1
66,614.4924385999999,1.904399999943962,VSM.DynamicRasterDraw,4608,1
66,614.4924385999999,1.904399999943962,VSM.StaticRaster,3328,1
66,614.4924385999999,1.904399999943962,VSM.UnityCompatibilityRaster,0,0
66,614.4924385999999,1.904399999943962,VSM.Resolve,7438592,1
66,614.4924385999999,1.904399999943962,VSM.ResolveTrace,7211776,1
66,614.4924385999999,1.904399999943962,VSM.FilterHorizontal,65536,1
66,614.4924385999999,1.904399999943962,VSM.FilterVertical,0,0
66,614.4924385999999,1.904399999943962,VSM.FilterTemporalVertical,159744,1
66,614.4924385999999,1.904399999943962,VSM.ResetFeedback,0,1
67,614.5097622,2.1789999999555221,VSM.MarkReceiverPages,896768,1
67,614.5097622,2.1789999999555221,VSM.AllocationPrepare,9472,1
67,614.5097622,2.1789999999555221,VSM.AllocationCommit,1084416,1
67,614.5097622,2.1789999999555221,VSM.Allocate,1569280,1
67,614.5097622,2.1789999999555221,VSM.ClearPhysicalPages,121600,1
67,614.5097622,2.1789999999555221,VSM.PageOccupancy,2304,1
67,614.5097622,2.1789999999555221,VSM.FinalizePages,2560,1
67,614.5097622,2.1789999999555221,VSM.DynamicRaster,7168,1
67,614.5097622,2.1789999999555221,VSM.LayoutRemap,0,1
67,614.5097622,2.1789999999555221,VSM.InvalidateStatic,0,0
67,614.5097622,2.1789999999555221,VSM.InvalidateDynamic,256,1
67,614.5097622,2.1789999999555221,VSM.StaticCasterCull,438016,1
67,614.5097622,2.1789999999555221,VSM.DynamicCasterCull,135680,1
67,614.5097622,2.1789999999555221,VSM.PageCull,539392,2
67,614.5097622,2.1789999999555221,VSM.StaticRasterClear,0,1
67,614.5097622,2.1789999999555221,VSM.StaticRasterDraw,7168,1
67,614.5097622,2.1789999999555221,VSM.DynamicRasterClear,0,1
67,614.5097622,2.1789999999555221,VSM.DynamicRasterDraw,6912,1
67,614.5097622,2.1789999999555221,VSM.StaticRaster,7168,1
67,614.5097622,2.1789999999555221,VSM.UnityCompatibilityRaster,0,0
67,614.5097622,2.1789999999555221,VSM.Resolve,7154432,1
67,614.5097622,2.1789999999555221,VSM.ResolveTrace,6929408,1
67,614.5097622,2.1789999999555221,VSM.FilterHorizontal,65280,1
67,614.5097622,2.1789999999555221,VSM.FilterVertical,0,0
67,614.5097622,2.1789999999555221,VSM.FilterTemporalVertical,158720,1
67,614.5097622,2.1789999999555221,VSM.ResetFeedback,0,1
68,614.5284719,2.3171000000274944,VSM.MarkReceiverPages,890880,1
68,614.5284719,2.3171000000274944,VSM.AllocationPrepare,9216,1
68,614.5284719,2.3171000000274944,VSM.AllocationCommit,1084416,1
68,614.5284719,2.3171000000274944,VSM.Allocate,1093632,1
68,614.5284719,2.3171000000274944,VSM.ClearPhysicalPages,119040,1
68,614.5284719,2.3171000000274944,VSM.PageOccupancy,2560,1
68,614.5284719,2.3171000000274944,VSM.FinalizePages,1792,1
68,614.5284719,2.3171000000274944,VSM.DynamicRaster,7168,1
68,614.5284719,2.3171000000274944,VSM.LayoutRemap,0,1
68,614.5284719,2.3171000000274944,VSM.InvalidateStatic,0,0
68,614.5284719,2.3171000000274944,VSM.InvalidateDynamic,256,1
68,614.5284719,2.3171000000274944,VSM.StaticCasterCull,437760,1
68,614.5284719,2.3171000000274944,VSM.DynamicCasterCull,143872,1
68,614.5284719,2.3171000000274944,VSM.PageCull,548096,2
68,614.5284719,2.3171000000274944,VSM.StaticRasterClear,0,1
68,614.5284719,2.3171000000274944,VSM.StaticRasterDraw,7936,1
68,614.5284719,2.3171000000274944,VSM.DynamicRasterClear,0,1
68,614.5284719,2.3171000000274944,VSM.DynamicRasterDraw,6912,1
68,614.5284719,2.3171000000274944,VSM.StaticRaster,8192,1
68,614.5284719,2.3171000000274944,VSM.UnityCompatibilityRaster,0,0
68,614.5284719,2.3171000000274944,VSM.Resolve,7247616,1
68,614.5284719,2.3171000000274944,VSM.ResolveTrace,6841600,1
68,614.5284719,2.3171000000274944,VSM.FilterHorizontal,65792,1
68,614.5284719,2.3171000000274944,VSM.FilterVertical,0,0
68,614.5284719,2.3171000000274944,VSM.FilterTemporalVertical,158976,1
68,614.5284719,2.3171000000274944,VSM.ResetFeedback,0,1
69,614.54502289999994,2.0041000000219356,VSM.MarkReceiverPages,891392,1
69,614.54502289999994,2.0041000000219356,VSM.AllocationPrepare,9216,1
69,614.54502289999994,2.0041000000219356,VSM.AllocationCommit,1084160,1
69,614.54502289999994,2.0041000000219356,VSM.Allocate,1443584,1
69,614.54502289999994,2.0041000000219356,VSM.ClearPhysicalPages,119296,1
69,614.54502289999994,2.0041000000219356,VSM.PageOccupancy,2560,1
69,614.54502289999994,2.0041000000219356,VSM.FinalizePages,1792,1
69,614.54502289999994,2.0041000000219356,VSM.DynamicRaster,7168,1
69,614.54502289999994,2.0041000000219356,VSM.LayoutRemap,0,1
69,614.54502289999994,2.0041000000219356,VSM.InvalidateStatic,0,0
69,614.54502289999994,2.0041000000219356,VSM.InvalidateDynamic,256,1
69,614.54502289999994,2.0041000000219356,VSM.StaticCasterCull,437760,1
69,614.54502289999994,2.0041000000219356,VSM.DynamicCasterCull,142336,1
69,614.54502289999994,2.0041000000219356,VSM.PageCull,546560,2
69,614.54502289999994,2.0041000000219356,VSM.StaticRasterClear,0,1
69,614.54502289999994,2.0041000000219356,VSM.StaticRasterDraw,3328,1
69,614.54502289999994,2.0041000000219356,VSM.DynamicRasterClear,256,1
69,614.54502289999994,2.0041000000219356,VSM.DynamicRasterDraw,6912,1
69,614.54502289999994,2.0041000000219356,VSM.StaticRaster,3328,1
69,614.54502289999994,2.0041000000219356,VSM.UnityCompatibilityRaster,0,0
69,614.54502289999994,2.0041000000219356,VSM.Resolve,7217408,1
69,614.54502289999994,2.0041000000219356,VSM.ResolveTrace,6821632,1
69,614.54502289999994,2.0041000000219356,VSM.FilterHorizontal,65536,1
69,614.54502289999994,2.0041000000219356,VSM.FilterVertical,0,0
69,614.54502289999994,2.0041000000219356,VSM.FilterTemporalVertical,329216,1
69,614.54502289999994,2.0041000000219356,VSM.ResetFeedback,0,1
70,614.5625805,2.3400000000037835,VSM.MarkReceiverPages,898304,1
70,614.5625805,2.3400000000037835,VSM.AllocationPrepare,9472,1
70,614.5625805,2.3400000000037835,VSM.AllocationCommit,1084672,1
70,614.5625805,2.3400000000037835,VSM.Allocate,1440512,1
70,614.5625805,2.3400000000037835,VSM.ClearPhysicalPages,118272,1
70,614.5625805,2.3400000000037835,VSM.PageOccupancy,2560,1
70,614.5625805,2.3400000000037835,VSM.FinalizePages,2048,1
70,614.5625805,2.3400000000037835,VSM.DynamicRaster,7424,1
70,614.5625805,2.3400000000037835,VSM.LayoutRemap,0,1
70,614.5625805,2.3400000000037835,VSM.InvalidateStatic,0,0
70,614.5625805,2.3400000000037835,VSM.InvalidateDynamic,256,1
70,614.5625805,2.3400000000037835,VSM.StaticCasterCull,428288,1
70,614.5625805,2.3400000000037835,VSM.DynamicCasterCull,143104,1
70,614.5625805,2.3400000000037835,VSM.PageCull,538368,2
70,614.5625805,2.3400000000037835,VSM.StaticRasterClear,0,1
70,614.5625805,2.3400000000037835,VSM.StaticRasterDraw,7424,1
70,614.5625805,2.3400000000037835,VSM.DynamicRasterClear,0,1
70,614.5625805,2.3400000000037835,VSM.DynamicRasterDraw,7168,1
70,614.5625805,2.3400000000037835,VSM.StaticRaster,7680,1
70,614.5625805,2.3400000000037835,VSM.UnityCompatibilityRaster,0,0
70,614.5625805,2.3400000000037835,VSM.Resolve,7653120,1
70,614.5625805,2.3400000000037835,VSM.ResolveTrace,7425280,1
70,614.5625805,2.3400000000037835,VSM.FilterHorizontal,66048,1
70,614.5625805,2.3400000000037835,VSM.FilterVertical,0,0
70,614.5625805,2.3400000000037835,VSM.FilterTemporalVertical,160512,1
70,614.5625805,2.3400000000037835,VSM.ResetFeedback,0,1
71,614.57983659999991,2.0447999999078093,VSM.MarkReceiverPages,894464,1
71,614.57983659999991,2.0447999999078093,VSM.AllocationPrepare,9216,1
71,614.57983659999991,2.0447999999078093,VSM.AllocationCommit,1084160,1
71,614.57983659999991,2.0447999999078093,VSM.Allocate,1093888,1
71,614.57983659999991,2.0447999999078093,VSM.ClearPhysicalPages,119040,1
71,614.57983659999991,2.0447999999078093,VSM.PageOccupancy,2560,1
71,614.57983659999991,2.0447999999078093,VSM.FinalizePages,1792,1
71,614.57983659999991,2.0447999999078093,VSM.DynamicRaster,3840,1
71,614.57983659999991,2.0447999999078093,VSM.LayoutRemap,0,1
71,614.57983659999991,2.0447999999078093,VSM.InvalidateStatic,0,0
71,614.57983659999991,2.0447999999078093,VSM.InvalidateDynamic,0,1
71,614.57983659999991,2.0447999999078093,VSM.StaticCasterCull,436224,1
71,614.57983659999991,2.0447999999078093,VSM.DynamicCasterCull,145408,1
71,614.57983659999991,2.0447999999078093,VSM.PageCull,548352,2
71,614.57983659999991,2.0447999999078093,VSM.StaticRasterClear,0,1
71,614.57983659999991,2.0447999999078093,VSM.StaticRasterDraw,5120,1
71,614.57983659999991,2.0447999999078093,VSM.DynamicRasterClear,0,1
71,614.57983659999991,2.0447999999078093,VSM.DynamicRasterDraw,3584,1
71,614.57983659999991,2.0447999999078093,VSM.StaticRaster,5376,1
71,614.57983659999991,2.0447999999078093,VSM.UnityCompatibilityRaster,0,0
71,614.57983659999991,2.0447999999078093,VSM.Resolve,7117824,1
71,614.57983659999991,2.0447999999078093,VSM.ResolveTrace,6890496,1
71,614.57983659999991,2.0447999999078093,VSM.FilterHorizontal,65280,1
71,614.57983659999991,2.0447999999078093,VSM.FilterVertical,0,0
71,614.57983659999991,2.0447999999078093,VSM.FilterTemporalVertical,160512,1
71,614.57983659999991,2.0447999999078093,VSM.ResetFeedback,0,1
72,614.597576,2.0762999999988097,VSM.MarkReceiverPages,892160,1
72,614.597576,2.0762999999988097,VSM.AllocationPrepare,9472,1
72,614.597576,2.0762999999988097,VSM.AllocationCommit,1084416,1
72,614.597576,2.0762999999988097,VSM.Allocate,1093888,1
72,614.597576,2.0762999999988097,VSM.ClearPhysicalPages,118784,1
72,614.597576,2.0762999999988097,VSM.PageOccupancy,2560,1
72,614.597576,2.0762999999988097,VSM.FinalizePages,1792,1
72,614.597576,2.0762999999988097,VSM.DynamicRaster,3328,1
72,614.597576,2.0762999999988097,VSM.LayoutRemap,0,1
72,614.597576,2.0762999999988097,VSM.InvalidateStatic,0,0
72,614.597576,2.0762999999988097,VSM.InvalidateDynamic,256,1
72,614.597576,2.0762999999988097,VSM.StaticCasterCull,430336,1
72,614.597576,2.0762999999988097,VSM.DynamicCasterCull,143616,1
72,614.597576,2.0762999999988097,VSM.PageCull,540160,2
72,614.597576,2.0762999999988097,VSM.StaticRasterClear,256,1
72,614.597576,2.0762999999988097,VSM.StaticRasterDraw,3072,1
72,614.597576,2.0762999999988097,VSM.DynamicRasterClear,256,1
72,614.597576,2.0762999999988097,VSM.DynamicRasterDraw,3072,1
72,614.597576,2.0762999999988097,VSM.StaticRaster,3328,1
72,614.597576,2.0762999999988097,VSM.UnityCompatibilityRaster,0,0
72,614.597576,2.0762999999988097,VSM.Resolve,7258880,1
72,614.597576,2.0762999999988097,VSM.ResolveTrace,7031296,1
72,614.597576,2.0762999999988097,VSM.FilterHorizontal,65024,1
72,614.597576,2.0762999999988097,VSM.FilterVertical,0,0
72,614.597576,2.0762999999988097,VSM.FilterTemporalVertical,161280,1
72,614.597576,2.0762999999988097,VSM.ResetFeedback,0,1
73,614.6152069,2.0430000000715154,VSM.MarkReceiverPages,1087232,1
73,614.6152069,2.0430000000715154,VSM.AllocationPrepare,9472,1
73,614.6152069,2.0430000000715154,VSM.AllocationCommit,1084928,1
73,614.6152069,2.0430000000715154,VSM.Allocate,1365504,1
73,614.6152069,2.0430000000715154,VSM.ClearPhysicalPages,118784,1
73,614.6152069,2.0430000000715154,VSM.PageOccupancy,2560,1
73,614.6152069,2.0430000000715154,VSM.FinalizePages,2560,1
73,614.6152069,2.0430000000715154,VSM.DynamicRaster,7168,1
73,614.6152069,2.0430000000715154,VSM.LayoutRemap,0,1
73,614.6152069,2.0430000000715154,VSM.InvalidateStatic,0,0
73,614.6152069,2.0430000000715154,VSM.InvalidateDynamic,256,1
73,614.6152069,2.0430000000715154,VSM.StaticCasterCull,421888,1
73,614.6152069,2.0430000000715154,VSM.DynamicCasterCull,143104,1
73,614.6152069,2.0430000000715154,VSM.PageCull,531712,2
73,614.6152069,2.0430000000715154,VSM.StaticRasterClear,0,1
73,614.6152069,2.0430000000715154,VSM.StaticRasterDraw,7168,1
73,614.6152069,2.0430000000715154,VSM.DynamicRasterClear,0,1
73,614.6152069,2.0430000000715154,VSM.DynamicRasterDraw,6912,1
73,614.6152069,2.0430000000715154,VSM.StaticRaster,7168,1
73,614.6152069,2.0430000000715154,VSM.UnityCompatibilityRaster,0,0
73,614.6152069,2.0430000000715154,VSM.Resolve,7004672,1
73,614.6152069,2.0430000000715154,VSM.ResolveTrace,6777600,1
73,614.6152069,2.0430000000715154,VSM.FilterHorizontal,67328,1
73,614.6152069,2.0430000000715154,VSM.FilterVertical,0,0
73,614.6152069,2.0430000000715154,VSM.FilterTemporalVertical,158720,1
73,614.6152069,2.0430000000715154,VSM.ResetFeedback,0,1
74,614.6324942,1.8640000000686996,VSM.MarkReceiverPages,889600,1
74,614.6324942,1.8640000000686996,VSM.AllocationPrepare,9216,1
74,614.6324942,1.8640000000686996,VSM.AllocationCommit,1084672,1
74,614.6324942,1.8640000000686996,VSM.Allocate,1453312,1
74,614.6324942,1.8640000000686996,VSM.ClearPhysicalPages,119040,1
74,614.6324942,1.8640000000686996,VSM.PageOccupancy,2560,1
74,614.6324942,1.8640000000686996,VSM.FinalizePages,1536,1
74,614.6324942,1.8640000000686996,VSM.DynamicRaster,6912,1
74,614.6324942,1.8640000000686996,VSM.LayoutRemap,0,1
74,614.6324942,1.8640000000686996,VSM.InvalidateStatic,0,0
74,614.6324942,1.8640000000686996,VSM.InvalidateDynamic,256,1
74,614.6324942,1.8640000000686996,VSM.StaticCasterCull,414464,1
74,614.6324942,1.8640000000686996,VSM.DynamicCasterCull,145664,1
74,614.6324942,1.8640000000686996,VSM.PageCull,526080,2
74,614.6324942,1.8640000000686996,VSM.StaticRasterClear,256,1
74,614.6324942,1.8640000000686996,VSM.StaticRasterDraw,7168,1
74,614.6324942,1.8640000000686996,VSM.DynamicRasterClear,0,1
74,614.6324942,1.8640000000686996,VSM.DynamicRasterDraw,6912,1
74,614.6324942,1.8640000000686996,VSM.StaticRaster,7424,1
74,614.6324942,1.8640000000686996,VSM.UnityCompatibilityRaster,0,0
74,614.6324942,1.8640000000686996,VSM.Resolve,8067072,1
74,614.6324942,1.8640000000686996,VSM.ResolveTrace,7838464,1
74,614.6324942,1.8640000000686996,VSM.FilterHorizontal,67840,1
74,614.6324942,1.8640000000686996,VSM.FilterVertical,0,0
74,614.6324942,1.8640000000686996,VSM.FilterTemporalVertical,159488,1
74,614.6324942,1.8640000000686996,VSM.ResetFeedback,0,1
75,614.64990549999993,2.1124999999528882,VSM.MarkReceiverPages,891648,1
75,614.64990549999993,2.1124999999528882,VSM.AllocationPrepare,9216,1
75,614.64990549999993,2.1124999999528882,VSM.AllocationCommit,1084160,1
75,614.64990549999993,2.1124999999528882,VSM.Allocate,1352448,1
75,614.64990549999993,2.1124999999528882,VSM.ClearPhysicalPages,119040,1
75,614.64990549999993,2.1124999999528882,VSM.PageOccupancy,2816,1
75,614.64990549999993,2.1124999999528882,VSM.FinalizePages,1792,1
75,614.64990549999993,2.1124999999528882,VSM.DynamicRaster,7168,1
75,614.64990549999993,2.1124999999528882,VSM.LayoutRemap,0,1
75,614.64990549999993,2.1124999999528882,VSM.InvalidateStatic,0,0
75,614.64990549999993,2.1124999999528882,VSM.InvalidateDynamic,256,1
75,614.64990549999993,2.1124999999528882,VSM.StaticCasterCull,423168,1
75,614.64990549999993,2.1124999999528882,VSM.DynamicCasterCull,144896,1
75,614.64990549999993,2.1124999999528882,VSM.PageCull,534528,2
75,614.64990549999993,2.1124999999528882,VSM.StaticRasterClear,0,1
75,614.64990549999993,2.1124999999528882,VSM.StaticRasterDraw,7168,1
75,614.64990549999993,2.1124999999528882,VSM.DynamicRasterClear,256,1
75,614.64990549999993,2.1124999999528882,VSM.DynamicRasterDraw,6912,1
75,614.64990549999993,2.1124999999528882,VSM.StaticRaster,7424,1
75,614.64990549999993,2.1124999999528882,VSM.UnityCompatibilityRaster,0,0
75,614.64990549999993,2.1124999999528882,VSM.Resolve,7777280,1
75,614.64990549999993,2.1124999999528882,VSM.ResolveTrace,7550976,1
75,614.64990549999993,2.1124999999528882,VSM.FilterHorizontal,65536,1
75,614.64990549999993,2.1124999999528882,VSM.FilterVertical,0,0
75,614.64990549999993,2.1124999999528882,VSM.FilterTemporalVertical,159744,1
75,614.64990549999993,2.1124999999528882,VSM.ResetFeedback,0,1
76,614.6674238999999,2.189599999951497,VSM.MarkReceiverPages,893696,1
76,614.6674238999999,2.189599999951497,VSM.AllocationPrepare,9472,1
76,614.6674238999999,2.189599999951497,VSM.AllocationCommit,1084672,1
76,614.6674238999999,2.189599999951497,VSM.Allocate,1350144,1
76,614.6674238999999,2.189599999951497,VSM.ClearPhysicalPages,119040,1
76,614.6674238999999,2.189599999951497,VSM.PageOccupancy,2560,1
76,614.6674238999999,2.189599999951497,VSM.FinalizePages,1792,1
76,614.6674238999999,2.189599999951497,VSM.DynamicRaster,6656,1
76,614.6674238999999,2.189599999951497,VSM.LayoutRemap,0,1
76,614.6674238999999,2.189599999951497,VSM.InvalidateStatic,0,0
76,614.6674238999999,2.189599999951497,VSM.InvalidateDynamic,256,1
76,614.6674238999999,2.189599999951497,VSM.StaticCasterCull,416256,1
76,614.6674238999999,2.189599999951497,VSM.DynamicCasterCull,140032,1
76,614.6674238999999,2.189599999951497,VSM.PageCull,521984,2
76,614.6674238999999,2.189599999951497,VSM.StaticRasterClear,0,1
76,614.6674238999999,2.189599999951497,VSM.StaticRasterDraw,6912,1
76,614.6674238999999,2.189599999951497,VSM.DynamicRasterClear,256,1
76,614.6674238999999,2.189599999951497,VSM.DynamicRasterDraw,6400,1
76,614.6674238999999,2.189599999951497,VSM.StaticRaster,7168,1
76,614.6674238999999,2.189599999951497,VSM.UnityCompatibilityRaster,0,0
76,614.6674238999999,2.189599999951497,VSM.Resolve,7758592,1
76,614.6674238999999,2.189599999951497,VSM.ResolveTrace,7531776,1
76,614.6674238999999,2.189599999951497,VSM.FilterHorizontal,65792,1
76,614.6674238999999,2.189599999951497,VSM.FilterVertical,0,0
76,614.6674238999999,2.189599999951497,VSM.FilterTemporalVertical,160256,1
76,614.6674238999999,2.189599999951497,VSM.ResetFeedback,0,1
77,614.6852487,2.5977999999895474,VSM.MarkReceiverPages,1097984,1
77,614.6852487,2.5977999999895474,VSM.AllocationPrepare,9472,1
77,614.6852487,2.5977999999895474,VSM.AllocationCommit,1084416,1
77,614.6852487,2.5977999999895474,VSM.Allocate,1094144,1
77,614.6852487,2.5977999999895474,VSM.ClearPhysicalPages,119040,1
77,614.6852487,2.5977999999895474,VSM.PageOccupancy,2560,1
77,614.6852487,2.5977999999895474,VSM.FinalizePages,2048,1
77,614.6852487,2.5977999999895474,VSM.DynamicRaster,7168,1
77,614.6852487,2.5977999999895474,VSM.LayoutRemap,0,1
77,614.6852487,2.5977999999895474,VSM.InvalidateStatic,0,0
77,614.6852487,2.5977999999895474,VSM.InvalidateDynamic,256,1
77,614.6852487,2.5977999999895474,VSM.StaticCasterCull,420096,1
77,614.6852487,2.5977999999895474,VSM.DynamicCasterCull,141824,1
77,614.6852487,2.5977999999895474,VSM.PageCull,527616,2
77,614.6852487,2.5977999999895474,VSM.StaticRasterClear,0,1
77,614.6852487,2.5977999999895474,VSM.StaticRasterDraw,7168,1
77,614.6852487,2.5977999999895474,VSM.DynamicRasterClear,0,1
77,614.6852487,2.5977999999895474,VSM.DynamicRasterDraw,7168,1
77,614.6852487,2.5977999999895474,VSM.StaticRaster,7424,1
77,614.6852487,2.5977999999895474,VSM.UnityCompatibilityRaster,0,0
77,614.6852487,2.5977999999895474,VSM.Resolve,7243264,1
77,614.6852487,2.5977999999895474,VSM.ResolveTrace,6765056,1
77,614.6852487,2.5977999999895474,VSM.FilterHorizontal,65792,1
77,614.6852487,2.5977999999895474,VSM.FilterVertical,0,0
77,614.6852487,2.5977999999895474,VSM.FilterTemporalVertical,160000,1
77,614.6852487,2.5977999999895474,VSM.ResetFeedback,0,1
78,614.70335549999993,2.479499999935797,VSM.MarkReceiverPages,897536,1
78,614.70335549999993,2.479499999935797,VSM.AllocationPrepare,9216,1
78,614.70335549999993,2.479499999935797,VSM.AllocationCommit,1083904,1
78,614.70335549999993,2.479499999935797,VSM.Allocate,1360640,1
78,614.70335549999993,2.479499999935797,VSM.ClearPhysicalPages,119552,1
78,614.70335549999993,2.479499999935797,VSM.PageOccupancy,2560,1
78,614.70335549999993,2.479499999935797,VSM.FinalizePages,1792,1
78,614.70335549999993,2.479499999935797,VSM.DynamicRaster,3328,1
78,614.70335549999993,2.479499999935797,VSM.LayoutRemap,0,1
78,614.70335549999993,2.479499999935797,VSM.InvalidateStatic,0,0
78,614.70335549999993,2.479499999935797,VSM.InvalidateDynamic,256,1
78,614.70335549999993,2.479499999935797,VSM.StaticCasterCull,440832,1
78,614.70335549999993,2.479499999935797,VSM.DynamicCasterCull,139776,1
78,614.70335549999993,2.479499999935797,VSM.PageCull,546560,2
78,614.70335549999993,2.479499999935797,VSM.StaticRasterClear,0,1
78,614.70335549999993,2.479499999935797,VSM.StaticRasterDraw,3328,1
78,614.70335549999993,2.479499999935797,VSM.DynamicRasterClear,0,1
78,614.70335549999993,2.479499999935797,VSM.DynamicRasterDraw,3328,1
78,614.70335549999993,2.479499999935797,VSM.StaticRaster,3584,1
78,614.70335549999993,2.479499999935797,VSM.UnityCompatibilityRaster,0,0
78,614.70335549999993,2.479499999935797,VSM.Resolve,7542784,1
78,614.70335549999993,2.479499999935797,VSM.ResolveTrace,7316224,1
78,614.70335549999993,2.479499999935797,VSM.FilterHorizontal,65536,1
78,614.70335549999993,2.479499999935797,VSM.FilterVertical,0,0
78,614.70335549999993,2.479499999935797,VSM.FilterTemporalVertical,159744,1
78,614.70335549999993,2.479499999935797,VSM.ResetFeedback,0,1
79,614.72049199999992,1.8857999999681851,VSM.MarkReceiverPages,893440,1
79,614.72049199999992,1.8857999999681851,VSM.AllocationPrepare,9216,1
79,614.72049199999992,1.8857999999681851,VSM.AllocationCommit,1084928,1
79,614.72049199999992,1.8857999999681851,VSM.Allocate,1368832,1
79,614.72049199999992,1.8857999999681851,VSM.ClearPhysicalPages,118784,1
79,614.72049199999992,1.8857999999681851,VSM.PageOccupancy,2560,1
79,614.72049199999992,1.8857999999681851,VSM.FinalizePages,1536,1
79,614.72049199999992,1.8857999999681851,VSM.DynamicRaster,7168,1
79,614.72049199999992,1.8857999999681851,VSM.LayoutRemap,0,1
79,614.72049199999992,1.8857999999681851,VSM.InvalidateStatic,0,0
79,614.72049199999992,1.8857999999681851,VSM.InvalidateDynamic,256,1
79,614.72049199999992,1.8857999999681851,VSM.StaticCasterCull,443648,1
79,614.72049199999992,1.8857999999681851,VSM.DynamicCasterCull,139264,1
79,614.72049199999992,1.8857999999681851,VSM.PageCull,548352,2
79,614.72049199999992,1.8857999999681851,VSM.StaticRasterClear,0,1
79,614.72049199999992,1.8857999999681851,VSM.StaticRasterDraw,5120,1
79,614.72049199999992,1.8857999999681851,VSM.DynamicRasterClear,256,1
79,614.72049199999992,1.8857999999681851,VSM.DynamicRasterDraw,6912,1
79,614.72049199999992,1.8857999999681851,VSM.StaticRaster,5376,1
79,614.72049199999992,1.8857999999681851,VSM.UnityCompatibilityRaster,0,0
79,614.72049199999992,1.8857999999681851,VSM.Resolve,6820608,1
79,614.72049199999992,1.8857999999681851,VSM.ResolveTrace,6593280,1
79,614.72049199999992,1.8857999999681851,VSM.FilterHorizontal,65280,1
79,614.72049199999992,1.8857999999681851,VSM.FilterVertical,0,0
79,614.72049199999992,1.8857999999681851,VSM.FilterTemporalVertical,161024,1
79,614.72049199999992,1.8857999999681851,VSM.ResetFeedback,0,1
80,614.73776149999992,2.0762999999988097,VSM.MarkReceiverPages,894464,1
80,614.73776149999992,2.0762999999988097,VSM.AllocationPrepare,9472,1
80,614.73776149999992,2.0762999999988097,VSM.AllocationCommit,1084160,1
80,614.73776149999992,2.0762999999988097,VSM.Allocate,1338624,1
80,614.73776149999992,2.0762999999988097,VSM.ClearPhysicalPages,119296,1
80,614.73776149999992,2.0762999999988097,VSM.PageOccupancy,2560,1
80,614.73776149999992,2.0762999999988097,VSM.FinalizePages,1792,1
80,614.73776149999992,2.0762999999988097,VSM.DynamicRaster,7424,1
80,614.73776149999992,2.0762999999988097,VSM.LayoutRemap,0,1
80,614.73776149999992,2.0762999999988097,VSM.InvalidateStatic,0,0
80,614.73776149999992,2.0762999999988097,VSM.InvalidateDynamic,256,1
80,614.73776149999992,2.0762999999988097,VSM.StaticCasterCull,429056,1
80,614.73776149999992,2.0762999999988097,VSM.DynamicCasterCull,142080,1
80,614.73776149999992,2.0762999999988097,VSM.PageCull,538112,2
80,614.73776149999992,2.0762999999988097,VSM.StaticRasterClear,256,1
80,614.73776149999992,2.0762999999988097,VSM.StaticRasterDraw,7936,1
80,614.73776149999992,2.0762999999988097,VSM.DynamicRasterClear,0,1
80,614.73776149999992,2.0762999999988097,VSM.DynamicRasterDraw,7168,1
80,614.73776149999992,2.0762999999988097,VSM.StaticRaster,8192,1
80,614.73776149999992,2.0762999999988097,VSM.UnityCompatibilityRaster,0,0
80,614.73776149999992,2.0762999999988097,VSM.Resolve,7771392,1
80,614.73776149999992,2.0762999999988097,VSM.ResolveTrace,7544832,1
80,614.73776149999992,2.0762999999988097,VSM.FilterHorizontal,65280,1
80,614.73776149999992,2.0762999999988097,VSM.FilterVertical,0,0
80,614.73776149999992,2.0762999999988097,VSM.FilterTemporalVertical,160000,1
80,614.73776149999992,2.0762999999988097,VSM.ResetFeedback,256,1
81,614.7553484,2.0571000000018103,VSM.MarkReceiverPages,894976,1
81,614.7553484,2.0571000000018103,VSM.AllocationPrepare,9472,1
81,614.7553484,2.0571000000018103,VSM.AllocationCommit,1084416,1
81,614.7553484,2.0571000000018103,VSM.Allocate,1528576,1
81,614.7553484,2.0571000000018103,VSM.ClearPhysicalPages,122624,1
81,614.7553484,2.0571000000018103,VSM.PageOccupancy,2560,1
81,614.7553484,2.0571000000018103,VSM.FinalizePages,2560,1
81,614.7553484,2.0571000000018103,VSM.DynamicRaster,7168,1
81,614.7553484,2.0571000000018103,VSM.LayoutRemap,0,1
81,614.7553484,2.0571000000018103,VSM.InvalidateStatic,0,0
81,614.7553484,2.0571000000018103,VSM.InvalidateDynamic,256,1
81,614.7553484,2.0571000000018103,VSM.StaticCasterCull,418816,1
81,614.7553484,2.0571000000018103,VSM.DynamicCasterCull,144896,1
81,614.7553484,2.0571000000018103,VSM.PageCull,529408,2
81,614.7553484,2.0571000000018103,VSM.StaticRasterClear,0,1
81,614.7553484,2.0571000000018103,VSM.StaticRasterDraw,6912,1
81,614.7553484,2.0571000000018103,VSM.DynamicRasterClear,0,1
81,614.7553484,2.0571000000018103,VSM.DynamicRasterDraw,6912,1
81,614.7553484,2.0571000000018103,VSM.StaticRaster,7168,1
81,614.7553484,2.0571000000018103,VSM.UnityCompatibilityRaster,0,0
81,614.7553484,2.0571000000018103,VSM.Resolve,7348736,1
81,614.7553484,2.0571000000018103,VSM.ResolveTrace,7122688,1
81,614.7553484,2.0571000000018103,VSM.FilterHorizontal,66048,1
81,614.7553484,2.0571000000018103,VSM.FilterVertical,0,0
81,614.7553484,2.0571000000018103,VSM.FilterTemporalVertical,159232,1
81,614.7553484,2.0571000000018103,VSM.ResetFeedback,0,1
82,614.7724234,1.974500000073931,VSM.MarkReceiverPages,893952,1
82,614.7724234,1.974500000073931,VSM.AllocationPrepare,9216,1
82,614.7724234,1.974500000073931,VSM.AllocationCommit,1084416,1
82,614.7724234,1.974500000073931,VSM.Allocate,1586176,1
82,614.7724234,1.974500000073931,VSM.ClearPhysicalPages,122112,1
82,614.7724234,1.974500000073931,VSM.PageOccupancy,2560,1
82,614.7724234,1.974500000073931,VSM.FinalizePages,2560,1
82,614.7724234,1.974500000073931,VSM.DynamicRaster,7424,1
82,614.7724234,1.974500000073931,VSM.LayoutRemap,0,1
82,614.7724234,1.974500000073931,VSM.InvalidateStatic,0,0
82,614.7724234,1.974500000073931,VSM.InvalidateDynamic,512,1
82,614.7724234,1.974500000073931,VSM.StaticCasterCull,428544,1
82,614.7724234,1.974500000073931,VSM.DynamicCasterCull,140544,1
82,614.7724234,1.974500000073931,VSM.PageCull,534528,2
82,614.7724234,1.974500000073931,VSM.StaticRasterClear,0,1
82,614.7724234,1.974500000073931,VSM.StaticRasterDraw,3328,1
82,614.7724234,1.974500000073931,VSM.DynamicRasterClear,0,1
82,614.7724234,1.974500000073931,VSM.DynamicRasterDraw,7424,1
82,614.7724234,1.974500000073931,VSM.StaticRaster,3328,1
82,614.7724234,1.974500000073931,VSM.UnityCompatibilityRaster,0,0
82,614.7724234,1.974500000073931,VSM.Resolve,6845952,1
82,614.7724234,1.974500000073931,VSM.ResolveTrace,6620416,1
82,614.7724234,1.974500000073931,VSM.FilterHorizontal,65024,1
82,614.7724234,1.974500000073931,VSM.FilterVertical,0,0
82,614.7724234,1.974500000073931,VSM.FilterTemporalVertical,159488,1
82,614.7724234,1.974500000073931,VSM.ResetFeedback,0,1
83,614.7897107,2.1289000000024316,VSM.MarkReceiverPages,891904,1
83,614.7897107,2.1289000000024316,VSM.AllocationPrepare,9216,1
83,614.7897107,2.1289000000024316,VSM.AllocationCommit,1084672,1
83,614.7897107,2.1289000000024316,VSM.Allocate,1271296,1
83,614.7897107,2.1289000000024316,VSM.ClearPhysicalPages,118528,1
83,614.7897107,2.1289000000024316,VSM.PageOccupancy,2560,1
83,614.7897107,2.1289000000024316,VSM.FinalizePages,1536,1
83,614.7897107,2.1289000000024316,VSM.DynamicRaster,3840,1
83,614.7897107,2.1289000000024316,VSM.LayoutRemap,0,1
83,614.7897107,2.1289000000024316,VSM.InvalidateStatic,0,0
83,614.7897107,2.1289000000024316,VSM.InvalidateDynamic,256,1
83,614.7897107,2.1289000000024316,VSM.StaticCasterCull,624640,1
83,614.7897107,2.1289000000024316,VSM.DynamicCasterCull,140032,1
83,614.7897107,2.1289000000024316,VSM.PageCull,540672,2
83,614.7897107,2.1289000000024316,VSM.StaticRasterClear,0,1
83,614.7897107,2.1289000000024316,VSM.StaticRasterDraw,6912,1
83,614.7897107,2.1289000000024316,VSM.DynamicRasterClear,0,1
83,614.7897107,2.1289000000024316,VSM.DynamicRasterDraw,3584,1
83,614.7897107,2.1289000000024316,VSM.StaticRaster,7168,1
83,614.7897107,2.1289000000024316,VSM.UnityCompatibilityRaster,0,0
83,614.7897107,2.1289000000024316,VSM.Resolve,7291648,1
83,614.7897107,2.1289000000024316,VSM.ResolveTrace,6822912,1
83,614.7897107,2.1289000000024316,VSM.FilterHorizontal,66048,1
83,614.7897107,2.1289000000024316,VSM.FilterVertical,0,0
83,614.7897107,2.1289000000024316,VSM.FilterTemporalVertical,159232,1
83,614.7897107,2.1289000000024316,VSM.ResetFeedback,0,1
84,614.8068755999999,1.9331999999394611,VSM.MarkReceiverPages,895232,1
84,614.8068755999999,1.9331999999394611,VSM.AllocationPrepare,9472,1
84,614.8068755999999,1.9331999999394611,VSM.AllocationCommit,1085440,1
84,614.8068755999999,1.9331999999394611,VSM.Allocate,1284864,1
84,614.8068755999999,1.9331999999394611,VSM.ClearPhysicalPages,119040,1
84,614.8068755999999,1.9331999999394611,VSM.PageOccupancy,2560,1
84,614.8068755999999,1.9331999999394611,VSM.FinalizePages,1792,1
84,614.8068755999999,1.9331999999394611,VSM.DynamicRaster,8192,1
84,614.8068755999999,1.9331999999394611,VSM.LayoutRemap,0,1
84,614.8068755999999,1.9331999999394611,VSM.InvalidateStatic,0,0
84,614.8068755999999,1.9331999999394611,VSM.InvalidateDynamic,0,1
84,614.8068755999999,1.9331999999394611,VSM.StaticCasterCull,410368,1
84,614.8068755999999,1.9331999999394611,VSM.DynamicCasterCull,139520,1
84,614.8068755999999,1.9331999999394611,VSM.PageCull,514560,2
84,614.8068755999999,1.9331999999394611,VSM.StaticRasterClear,0,1
84,614.8068755999999,1.9331999999394611,VSM.StaticRasterDraw,3328,1
84,614.8068755999999,1.9331999999394611,VSM.DynamicRasterClear,0,1
84,614.8068755999999,1.9331999999394611,VSM.DynamicRasterDraw,7936,1
84,614.8068755999999,1.9331999999394611,VSM.StaticRaster,3328,1
84,614.8068755999999,1.9331999999394611,VSM.UnityCompatibilityRaster,0,0
84,614.8068755999999,1.9331999999394611,VSM.Resolve,7466496,1
84,614.8068755999999,1.9331999999394611,VSM.ResolveTrace,6995456,1
84,614.8068755999999,1.9331999999394611,VSM.FilterHorizontal,66304,1
84,614.8068755999999,1.9331999999394611,VSM.FilterVertical,0,0
84,614.8068755999999,1.9331999999394611,VSM.FilterTemporalVertical,158976,1
84,614.8068755999999,1.9331999999394611,VSM.ResetFeedback,0,1
85,614.8239046,1.9257000000152402,VSM.MarkReceiverPages,893440,1
85,614.8239046,1.9257000000152402,VSM.AllocationPrepare,9472,1
85,614.8239046,1.9257000000152402,VSM.AllocationCommit,1084928,1
85,614.8239046,1.9257000000152402,VSM.Allocate,1094400,1
85,614.8239046,1.9257000000152402,VSM.ClearPhysicalPages,118784,1
85,614.8239046,1.9257000000152402,VSM.PageOccupancy,2560,1
85,614.8239046,1.9257000000152402,VSM.FinalizePages,1792,1
85,614.8239046,1.9257000000152402,VSM.DynamicRaster,9728,1
85,614.8239046,1.9257000000152402,VSM.LayoutRemap,0,1
85,614.8239046,1.9257000000152402,VSM.InvalidateStatic,0,0
85,614.8239046,1.9257000000152402,VSM.InvalidateDynamic,0,1
85,614.8239046,1.9257000000152402,VSM.StaticCasterCull,397312,1
85,614.8239046,1.9257000000152402,VSM.DynamicCasterCull,338944,1
85,614.8239046,1.9257000000152402,VSM.PageCull,511232,2
85,614.8239046,1.9257000000152402,VSM.StaticRasterClear,0,1
85,614.8239046,1.9257000000152402,VSM.StaticRasterDraw,3328,1
85,614.8239046,1.9257000000152402,VSM.DynamicRasterClear,256,1
85,614.8239046,1.9257000000152402,VSM.DynamicRasterDraw,8448,1
85,614.8239046,1.9257000000152402,VSM.StaticRaster,3584,1
85,614.8239046,1.9257000000152402,VSM.UnityCompatibilityRaster,0,0
85,614.8239046,1.9257000000152402,VSM.Resolve,7329024,1
85,614.8239046,1.9257000000152402,VSM.ResolveTrace,7100928,1
85,614.8239046,1.9257000000152402,VSM.FilterHorizontal,65792,1
85,614.8239046,1.9257000000152402,VSM.FilterVertical,0,0
85,614.8239046,1.9257000000152402,VSM.FilterTemporalVertical,161280,1
85,614.8239046,1.9257000000152402,VSM.ResetFeedback,0,1
86,614.84060119999992,1.879400000007081,VSM.MarkReceiverPages,895744,1
86,614.84060119999992,1.879400000007081,VSM.AllocationPrepare,9216,1
86,614.84060119999992,1.879400000007081,VSM.AllocationCommit,1084160,1
86,614.84060119999992,1.879400000007081,VSM.Allocate,1093888,1
86,614.84060119999992,1.879400000007081,VSM.ClearPhysicalPages,119040,1
86,614.84060119999992,1.879400000007081,VSM.PageOccupancy,2816,1
86,614.84060119999992,1.879400000007081,VSM.FinalizePages,2304,1
86,614.84060119999992,1.879400000007081,VSM.DynamicRaster,7168,1
86,614.84060119999992,1.879400000007081,VSM.LayoutRemap,0,1
86,614.84060119999992,1.879400000007081,VSM.InvalidateStatic,0,0
86,614.84060119999992,1.879400000007081,VSM.InvalidateDynamic,0,1
86,614.84060119999992,1.879400000007081,VSM.StaticCasterCull,717824,1
86,614.84060119999992,1.879400000007081,VSM.DynamicCasterCull,153088,1
86,614.84060119999992,1.879400000007081,VSM.PageCull,553984,2
86,614.84060119999992,1.879400000007081,VSM.StaticRasterClear,256,1
86,614.84060119999992,1.879400000007081,VSM.StaticRasterDraw,8960,1
86,614.84060119999992,1.879400000007081,VSM.DynamicRasterClear,0,1
86,614.84060119999992,1.879400000007081,VSM.DynamicRasterDraw,6912,1
86,614.84060119999992,1.879400000007081,VSM.StaticRaster,9728,1
86,614.84060119999992,1.879400000007081,VSM.UnityCompatibilityRaster,0,0
86,614.84060119999992,1.879400000007081,VSM.Resolve,7026176,1
86,614.84060119999992,1.879400000007081,VSM.ResolveTrace,6799872,1
86,614.84060119999992,1.879400000007081,VSM.FilterHorizontal,66816,1
86,614.84060119999992,1.879400000007081,VSM.FilterVertical,0,0
86,614.84060119999992,1.879400000007081,VSM.FilterTemporalVertical,158720,1
86,614.84060119999992,1.879400000007081,VSM.ResetFeedback,0,1
87,614.8572911,1.9117000000505868,VSM.MarkReceiverPages,889856,1
87,614.8572911,1.9117000000505868,VSM.AllocationPrepare,9472,1
87,614.8572911,1.9117000000505868,VSM.AllocationCommit,1084160,1
87,614.8572911,1.9117000000505868,VSM.Allocate,1259520,1
87,614.8572911,1.9117000000505868,VSM.ClearPhysicalPages,119296,1
87,614.8572911,1.9117000000505868,VSM.PageOccupancy,2560,1
87,614.8572911,1.9117000000505868,VSM.FinalizePages,1792,1
87,614.8572911,1.9117000000505868,VSM.DynamicRaster,7168,1
87,614.8572911,1.9117000000505868,VSM.LayoutRemap,0,1
87,614.8572911,1.9117000000505868,VSM.InvalidateStatic,0,0
87,614.8572911,1.9117000000505868,VSM.InvalidateDynamic,256,1
87,614.8572911,1.9117000000505868,VSM.StaticCasterCull,405504,1
87,614.8572911,1.9117000000505868,VSM.DynamicCasterCull,145920,1
87,614.8572911,1.9117000000505868,VSM.PageCull,516608,2
87,614.8572911,1.9117000000505868,VSM.StaticRasterClear,0,1
87,614.8572911,1.9117000000505868,VSM.StaticRasterDraw,6912,1
87,614.8572911,1.9117000000505868,VSM.DynamicRasterClear,0,1
87,614.8572911,1.9117000000505868,VSM.DynamicRasterDraw,6912,1
87,614.8572911,1.9117000000505868,VSM.StaticRaster,7168,1
87,614.8572911,1.9117000000505868,VSM.UnityCompatibilityRaster,0,0
87,614.8572911,1.9117000000505868,VSM.Resolve,7345664,1
87,614.8572911,1.9117000000505868,VSM.ResolveTrace,7117312,1
87,614.8572911,1.9117000000505868,VSM.FilterHorizontal,66560,1
87,614.8572911,1.9117000000505868,VSM.FilterVertical,0,0
87,614.8572911,1.9117000000505868,VSM.FilterTemporalVertical,160768,1
87,614.8572911,1.9117000000505868,VSM.ResetFeedback,0,1
88,614.8744835,1.9035000000258151,VSM.MarkReceiverPages,892160,1
88,614.8744835,1.9035000000258151,VSM.AllocationPrepare,9472,1
88,614.8744835,1.9035000000258151,VSM.AllocationCommit,1086208,1
88,614.8744835,1.9035000000258151,VSM.Allocate,1283840,1
88,614.8744835,1.9035000000258151,VSM.ClearPhysicalPages,119040,1
88,614.8744835,1.9035000000258151,VSM.PageOccupancy,2816,1
88,614.8744835,1.9035000000258151,VSM.FinalizePages,1792,1
88,614.8744835,1.9035000000258151,VSM.DynamicRaster,7936,1
88,614.8744835,1.9035000000258151,VSM.LayoutRemap,0,1
88,614.8744835,1.9035000000258151,VSM.InvalidateStatic,0,0
88,614.8744835,1.9035000000258151,VSM.InvalidateDynamic,256,1
88,614.8744835,1.9035000000258151,VSM.StaticCasterCull,415488,1
88,614.8744835,1.9035000000258151,VSM.DynamicCasterCull,142080,1
88,614.8744835,1.9035000000258151,VSM.PageCull,523520,2
88,614.8744835,1.9035000000258151,VSM.StaticRasterClear,0,1
88,614.8744835,1.9035000000258151,VSM.StaticRasterDraw,7168,1
88,614.8744835,1.9035000000258151,VSM.DynamicRasterClear,0,1
88,614.8744835,1.9035000000258151,VSM.DynamicRasterDraw,7680,1
88,614.8744835,1.9035000000258151,VSM.StaticRaster,7424,1
88,614.8744835,1.9035000000258151,VSM.UnityCompatibilityRaster,0,0
88,614.8744835,1.9035000000258151,VSM.Resolve,7070720,1
88,614.8744835,1.9035000000258151,VSM.ResolveTrace,6843392,1
88,614.8744835,1.9035000000258151,VSM.FilterHorizontal,66816,1
88,614.8744835,1.9035000000258151,VSM.FilterVertical,0,0
88,614.8744835,1.9035000000258151,VSM.FilterTemporalVertical,159488,1
88,614.8744835,1.9035000000258151,VSM.ResetFeedback,0,1
89,614.8921307999999,2.3004999999329812,VSM.MarkReceiverPages,893696,1
89,614.8921307999999,2.3004999999329812,VSM.AllocationPrepare,9472,1
89,614.8921307999999,2.3004999999329812,VSM.AllocationCommit,1084160,1
89,614.8921307999999,2.3004999999329812,VSM.Allocate,1348352,1
89,614.8921307999999,2.3004999999329812,VSM.ClearPhysicalPages,119296,1
89,614.8921307999999,2.3004999999329812,VSM.PageOccupancy,2560,1
89,614.8921307999999,2.3004999999329812,VSM.FinalizePages,1792,1
89,614.8921307999999,2.3004999999329812,VSM.DynamicRaster,7168,1
89,614.8921307999999,2.3004999999329812,VSM.LayoutRemap,0,1
89,614.8921307999999,2.3004999999329812,VSM.InvalidateStatic,0,0
89,614.8921307999999,2.3004999999329812,VSM.InvalidateDynamic,0,1
89,614.8921307999999,2.3004999999329812,VSM.StaticCasterCull,409344,1
89,614.8921307999999,2.3004999999329812,VSM.DynamicCasterCull,138240,1
89,614.8921307999999,2.3004999999329812,VSM.PageCull,513536,2
89,614.8921307999999,2.3004999999329812,VSM.StaticRasterClear,0,1
89,614.8921307999999,2.3004999999329812,VSM.StaticRasterDraw,7168,1
89,614.8921307999999,2.3004999999329812,VSM.DynamicRasterClear,0,1
89,614.8921307999999,2.3004999999329812,VSM.DynamicRasterDraw,6912,1
89,614.8921307999999,2.3004999999329812,VSM.StaticRaster,7168,1
89,614.8921307999999,2.3004999999329812,VSM.UnityCompatibilityRaster,0,0
89,614.8921307999999,2.3004999999329812,VSM.Resolve,7031296,1
89,614.8921307999999,2.3004999999329812,VSM.ResolveTrace,6802688,1
89,614.8921307999999,2.3004999999329812,VSM.FilterHorizontal,65792,1
89,614.8921307999999,2.3004999999329812,VSM.FilterVertical,0,0
89,614.8921307999999,2.3004999999329812,VSM.FilterTemporalVertical,161536,1
89,614.8921307999999,2.3004999999329812,VSM.ResetFeedback,0,1
90,614.91061089999994,2.3711999999704858,VSM.MarkReceiverPages,1298432,1
90,614.91061089999994,2.3711999999704858,VSM.AllocationPrepare,9472,1
90,614.91061089999994,2.3711999999704858,VSM.AllocationCommit,1084416,1
90,614.91061089999994,2.3711999999704858,VSM.Allocate,1094656,1
90,614.91061089999994,2.3711999999704858,VSM.ClearPhysicalPages,118784,1
90,614.91061089999994,2.3711999999704858,VSM.PageOccupancy,510720,1
90,614.91061089999994,2.3711999999704858,VSM.FinalizePages,2560,1
90,614.91061089999994,2.3711999999704858,VSM.DynamicRaster,7168,1
90,614.91061089999994,2.3711999999704858,VSM.LayoutRemap,0,1
90,614.91061089999994,2.3711999999704858,VSM.InvalidateStatic,0,0
90,614.91061089999994,2.3711999999704858,VSM.InvalidateDynamic,0,1
90,614.91061089999994,2.3711999999704858,VSM.StaticCasterCull,435968,1
90,614.91061089999994,2.3711999999704858,VSM.DynamicCasterCull,146688,1
90,614.91061089999994,2.3711999999704858,VSM.PageCull,548864,2
90,614.91061089999994,2.3711999999704858,VSM.StaticRasterClear,256,1
90,614.91061089999994,2.3711999999704858,VSM.StaticRasterDraw,3072,1
90,614.91061089999994,2.3711999999704858,VSM.DynamicRasterClear,0,1
90,614.91061089999994,2.3711999999704858,VSM.DynamicRasterDraw,6912,1
90,614.91061089999994,2.3711999999704858,VSM.StaticRaster,3328,1
90,614.91061089999994,2.3711999999704858,VSM.UnityCompatibilityRaster,0,0
90,614.91061089999994,2.3711999999704858,VSM.Resolve,7188224,1
90,614.91061089999994,2.3711999999704858,VSM.ResolveTrace,6960384,1
90,614.91061089999994,2.3711999999704858,VSM.FilterHorizontal,66304,1
90,614.91061089999994,2.3711999999704858,VSM.FilterVertical,0,0
90,614.91061089999994,2.3711999999704858,VSM.FilterTemporalVertical,160000,1
90,614.91061089999994,2.3711999999704858,VSM.ResetFeedback,0,1
91,614.9281235,2.0892999999659878,VSM.MarkReceiverPages,1084672,1
91,614.9281235,2.0892999999659878,VSM.AllocationPrepare,9472,1
91,614.9281235,2.0892999999659878,VSM.AllocationCommit,1084672,1
91,614.9281235,2.0892999999659878,VSM.Allocate,1094912,1
91,614.9281235,2.0892999999659878,VSM.ClearPhysicalPages,119296,1
91,614.9281235,2.0892999999659878,VSM.PageOccupancy,2560,1
91,614.9281235,2.0892999999659878,VSM.FinalizePages,1792,1
91,614.9281235,2.0892999999659878,VSM.DynamicRaster,6912,1
91,614.9281235,2.0892999999659878,VSM.LayoutRemap,0,1
91,614.9281235,2.0892999999659878,VSM.InvalidateStatic,0,0
91,614.9281235,2.0892999999659878,VSM.InvalidateDynamic,256,1
91,614.9281235,2.0892999999659878,VSM.StaticCasterCull,425728,1
91,614.9281235,2.0892999999659878,VSM.DynamicCasterCull,143104,1
91,614.9281235,2.0892999999659878,VSM.PageCull,535296,2
91,614.9281235,2.0892999999659878,VSM.StaticRasterClear,0,1
91,614.9281235,2.0892999999659878,VSM.StaticRasterDraw,3584,1
91,614.9281235,2.0892999999659878,VSM.DynamicRasterClear,0,1
91,614.9281235,2.0892999999659878,VSM.DynamicRasterDraw,6656,1
91,614.9281235,2.0892999999659878,VSM.StaticRaster,3584,1
91,614.9281235,2.0892999999659878,VSM.UnityCompatibilityRaster,0,0
91,614.9281235,2.0892999999659878,VSM.Resolve,7388672,1
91,614.9281235,2.0892999999659878,VSM.ResolveTrace,7160064,1
91,614.9281235,2.0892999999659878,VSM.FilterHorizontal,66048,1
91,614.9281235,2.0892999999659878,VSM.FilterVertical,0,0
91,614.9281235,2.0892999999659878,VSM.FilterTemporalVertical,161024,1
91,614.9281235,2.0892999999659878,VSM.ResetFeedback,0,1
92,614.94458409999993,1.8274000000246815,VSM.MarkReceiverPages,1193984,1
92,614.94458409999993,1.8274000000246815,VSM.AllocationPrepare,11776,1
92,614.94458409999993,1.8274000000246815,VSM.AllocationCommit,1084160,1
92,614.94458409999993,1.8274000000246815,VSM.Allocate,1096704,1
92,614.94458409999993,1.8274000000246815,VSM.ClearPhysicalPages,119040,1
92,614.94458409999993,1.8274000000246815,VSM.PageOccupancy,2560,1
92,614.94458409999993,1.8274000000246815,VSM.FinalizePages,1792,1
92,614.94458409999993,1.8274000000246815,VSM.DynamicRaster,3328,1
92,614.94458409999993,1.8274000000246815,VSM.LayoutRemap,0,1
92,614.94458409999993,1.8274000000246815,VSM.InvalidateStatic,0,0
92,614.94458409999993,1.8274000000246815,VSM.InvalidateDynamic,256,1
92,614.94458409999993,1.8274000000246815,VSM.StaticCasterCull,437504,1
92,614.94458409999993,1.8274000000246815,VSM.DynamicCasterCull,137472,1
92,614.94458409999993,1.8274000000246815,VSM.PageCull,541184,2
92,614.94458409999993,1.8274000000246815,VSM.StaticRasterClear,0,1
92,614.94458409999993,1.8274000000246815,VSM.StaticRasterDraw,7168,1
92,614.94458409999993,1.8274000000246815,VSM.DynamicRasterClear,0,1
92,614.94458409999993,1.8274000000246815,VSM.DynamicRasterDraw,3328,1
92,614.94458409999993,1.8274000000246815,VSM.StaticRaster,7168,1
92,614.94458409999993,1.8274000000246815,VSM.UnityCompatibilityRaster,0,0
92,614.94458409999993,1.8274000000246815,VSM.Resolve,7777536,1
92,614.94458409999993,1.8274000000246815,VSM.ResolveTrace,7551744,1
92,614.94458409999993,1.8274000000246815,VSM.FilterHorizontal,65536,1
92,614.94458409999993,1.8274000000246815,VSM.FilterVertical,0,0
92,614.94458409999993,1.8274000000246815,VSM.FilterTemporalVertical,159232,1
92,614.94458409999993,1.8274000000246815,VSM.ResetFeedback,0,1
93,614.9625599,2.5888999999779116,VSM.MarkReceiverPages,893952,1
93,614.9625599,2.5888999999779116,VSM.AllocationPrepare,9472,1
93,614.9625599,2.5888999999779116,VSM.AllocationCommit,1084672,1
93,614.9625599,2.5888999999779116,VSM.Allocate,1094144,1
93,614.9625599,2.5888999999779116,VSM.ClearPhysicalPages,119552,1
93,614.9625599,2.5888999999779116,VSM.PageOccupancy,2560,1
93,614.9625599,2.5888999999779116,VSM.FinalizePages,2048,1
93,614.9625599,2.5888999999779116,VSM.DynamicRaster,5376,1
93,614.9625599,2.5888999999779116,VSM.LayoutRemap,0,1
93,614.9625599,2.5888999999779116,VSM.InvalidateStatic,0,0
93,614.9625599,2.5888999999779116,VSM.InvalidateDynamic,0,1
93,614.9625599,2.5888999999779116,VSM.StaticCasterCull,597760,1
93,614.9625599,2.5888999999779116,VSM.DynamicCasterCull,144896,1
93,614.9625599,2.5888999999779116,VSM.PageCull,537344,2
93,614.9625599,2.5888999999779116,VSM.StaticRasterClear,256,1
93,614.9625599,2.5888999999779116,VSM.StaticRasterDraw,9728,1
93,614.9625599,2.5888999999779116,VSM.DynamicRasterClear,0,1
93,614.9625599,2.5888999999779116,VSM.DynamicRasterDraw,5120,1
93,614.9625599,2.5888999999779116,VSM.StaticRaster,10240,1
93,614.9625599,2.5888999999779116,VSM.UnityCompatibilityRaster,0,0
93,614.9625599,2.5888999999779116,VSM.Resolve,7646208,1
93,614.9625599,2.5888999999779116,VSM.ResolveTrace,7420160,1
93,614.9625599,2.5888999999779116,VSM.FilterHorizontal,66048,1
93,614.9625599,2.5888999999779116,VSM.FilterVertical,0,0
93,614.9625599,2.5888999999779116,VSM.FilterTemporalVertical,158720,1
93,614.9625599,2.5888999999779116,VSM.ResetFeedback,0,1
94,614.9796051,1.8207000000529661,VSM.MarkReceiverPages,898816,1
94,614.9796051,1.8207000000529661,VSM.AllocationPrepare,9216,1
94,614.9796051,1.8207000000529661,VSM.AllocationCommit,1084416,1
94,614.9796051,1.8207000000529661,VSM.Allocate,1094144,1
94,614.9796051,1.8207000000529661,VSM.ClearPhysicalPages,119040,1
94,614.9796051,1.8207000000529661,VSM.PageOccupancy,2560,1
94,614.9796051,1.8207000000529661,VSM.FinalizePages,1792,1
94,614.9796051,1.8207000000529661,VSM.DynamicRaster,7168,1
94,614.9796051,1.8207000000529661,VSM.LayoutRemap,0,1
94,614.9796051,1.8207000000529661,VSM.InvalidateStatic,0,0
94,614.9796051,1.8207000000529661,VSM.InvalidateDynamic,0,1
94,614.9796051,1.8207000000529661,VSM.StaticCasterCull,416000,1
94,614.9796051,1.8207000000529661,VSM.DynamicCasterCull,137472,1
94,614.9796051,1.8207000000529661,VSM.PageCull,519936,2
94,614.9796051,1.8207000000529661,VSM.StaticRasterClear,256,1
94,614.9796051,1.8207000000529661,VSM.StaticRasterDraw,7424,1
94,614.9796051,1.8207000000529661,VSM.DynamicRasterClear,0,1
94,614.9796051,1.8207000000529661,VSM.DynamicRasterDraw,6912,1
94,614.9796051,1.8207000000529661,VSM.StaticRaster,7680,1
94,614.9796051,1.8207000000529661,VSM.UnityCompatibilityRaster,0,0
94,614.9796051,1.8207000000529661,VSM.Resolve,7374592,1
94,614.9796051,1.8207000000529661,VSM.ResolveTrace,7147776,1
94,614.9796051,1.8207000000529661,VSM.FilterHorizontal,64768,1
94,614.9796051,1.8207000000529661,VSM.FilterVertical,0,0
94,614.9796051,1.8207000000529661,VSM.FilterTemporalVertical,160512,1
94,614.9796051,1.8207000000529661,VSM.ResetFeedback,0,1
95,614.99651969999991,1.918299999942974,VSM.MarkReceiverPages,895744,1
95,614.99651969999991,1.918299999942974,VSM.AllocationPrepare,9216,1
95,614.99651969999991,1.918299999942974,VSM.AllocationCommit,1083904,1
95,614.99651969999991,1.918299999942974,VSM.Allocate,1266688,1
95,614.99651969999991,1.918299999942974,VSM.ClearPhysicalPages,119040,1
95,614.99651969999991,1.918299999942974,VSM.PageOccupancy,2560,1
95,614.99651969999991,1.918299999942974,VSM.FinalizePages,1792,1
95,614.99651969999991,1.918299999942974,VSM.DynamicRaster,7168,1
95,614.99651969999991,1.918299999942974,VSM.LayoutRemap,0,1
95,614.99651969999991,1.918299999942974,VSM.InvalidateStatic,0,0
95,614.99651969999991,1.918299999942974,VSM.InvalidateDynamic,0,1
95,614.99651969999991,1.918299999942974,VSM.StaticCasterCull,396032,1
95,614.99651969999991,1.918299999942974,VSM.DynamicCasterCull,138752,1
95,614.99651969999991,1.918299999942974,VSM.PageCull,500480,2
95,614.99651969999991,1.918299999942974,VSM.StaticRasterClear,0,1
95,614.99651969999991,1.918299999942974,VSM.StaticRasterDraw,3328,1
95,614.99651969999991,1.918299999942974,VSM.DynamicRasterClear,0,1
95,614.99651969999991,1.918299999942974,VSM.DynamicRasterDraw,6912,1
95,614.99651969999991,1.918299999942974,VSM.StaticRaster,3584,1
95,614.99651969999991,1.918299999942974,VSM.UnityCompatibilityRaster,0,0
95,614.99651969999991,1.918299999942974,VSM.Resolve,7696896,1
95,614.99651969999991,1.918299999942974,VSM.ResolveTrace,7469824,1
95,614.99651969999991,1.918299999942974,VSM.FilterHorizontal,65792,1
95,614.99651969999991,1.918299999942974,VSM.FilterVertical,0,0
95,614.99651969999991,1.918299999942974,VSM.FilterTemporalVertical,160512,1
95,614.99651969999991,1.918299999942974,VSM.ResetFeedback,0,1
