observation_frame,unscaled_time,frame_timing_timestamp,segment,"frame_interval_ms","cpu_frame_ms","gpu_frame_ms","cpu_render_thread_ms","gc_allocated_in_editor_frame_bytes","VSM.LayoutRemap_gpu_ms","VSM.Allocate_gpu_ms","VSM.InvalidateStatic_gpu_ms","VSM.ClearPhysicalPages_gpu_ms","VSM.StaticCasterCull_gpu_ms","VSM.DynamicCasterCull_gpu_ms","VSM.PageCull_gpu_ms","VSM.StaticRaster_gpu_ms","VSM.DynamicRaster_gpu_ms","VSM.UnityCompatibilityRaster_gpu_ms","VSM.FinalizePages_gpu_ms","VSM.ResetFeedback_gpu_ms","VSM.ResolveAndFeedback_gpu_ms",observed_camera_frame,observed_camera_serial,window_repaint_count,seconds_since_window_repaint
9432,67.670030902777782,1307161899327,1,5.8122025802731514,5.9639,6.22592,1.8816,14551,0.001024,0.40371199999999996,,0.069887999999999992,0.26239999999999997,0.000256,0.24192,0.006144,0.040959999999999996,,0.0038399999999999997,,1.8421759999999998,9432,839,0,
9433,67.676062400793654,1307161958966,1,6.031497847288847,6.1393,5.796096,1.894,14551,0.001024,0.4032,,0.061952,0.258816,0,0.24064,0.0076799999999999993,0.040192,,0.0038399999999999997,,1.6166399999999999,9433,840,0,
9434,67.681835501700675,1307162020359,1,5.7731010019779205,6.3051,6.01856,2.5503,14551,0.001024,0.40371199999999996,,0.069632,0.257024,0,0.23782399999999998,0.007424,0.037632,,0.0025599999999999998,,1.829376,9434,841,0,
9435,67.687985402494334,1307162083410,1,6.1499006114900112,5.943,5.74592,1.8696,14551,0.001024,0.39833599999999997,,0.062208,0.258048,0.000256,0.24012799999999998,0.008192,0.038655999999999996,,0.003328,,1.631232,9435,842,0,
9436,67.6943538052721,1307162142840,1,6.3684028573334217,6.0015,6.12864,1.8666,14551,0.001024,0.40038399999999996,,0.062208,0.45055999999999996,0,0.431872,0.0076799999999999993,0.0384,,0.003584,,1.809664,9436,843,0,
9437,67.700507001133786,1307162202855,1,6.1531956307590008,5.8706,6.343168,1.8691,14551,0.001024,0.402176,,0.068352,0.261376,0,0.242176,0.007424,0.039168,,0.003072,,2.187776,9437,844,0,
9438,67.707119706632653,1307162261561,1,6.6127055324614048,6.0273,6.131456,1.923,14551,0.0012799999999999999,0.403968,,0.068352,0.709376,0.000256,0.690176,0.003328,0.038144,,0.003328,,1.7768959999999998,9438,845,0,
9439,67.712956200396818,1307162321834,1,5.83649380132556,6.5164,6.596608,2.071,14551,0.001024,0.40371199999999996,,0.068352,0.66867199999999993,0.000256,0.244224,0.0076799999999999993,0.039424,,0.004096,,2.004736,9439,846,0,
9440,67.719576799886624,1307162386998,1,6.6205994226038456,6.0508,5.806592,1.9576,14753,0.001024,0.40422399999999997,,0.062208,0.256,0,0.23782399999999998,0.0076799999999999993,0.040448,,0.0038399999999999997,,1.621248,9440,847,0,
9441,67.725262606292517,1307162447506,1,5.6858062744140625,6.6553,6.604288,2.1202,14551,0.001024,0.40422399999999997,,0.638208,0.278784,0,0.252416,0.0076799999999999993,0.039168,,0.0025599999999999998,,1.8158079999999999,9441,848,0,
9442,67.730341206065759,1307162514059,1,5.078599788248539,5.6956,5.660416,1.9162,14551,0.001024,0.48768,,0.062208,0.260096,0,0.24192,0.006144,0.040959999999999996,,0.0038399999999999997,,2.3104,9442,849,0,
9443,67.73665590277777,1307162571015,1,6.3146967440843582,6.6612,5.058304,2.1331,14551,0.001024,0.401152,,0.061952,0.25907199999999997,0,0.240896,0.007424,0.040448,,0.003072,,1.8306559999999998,9443,850,0,
9444,67.742510806405889,1307162637627,1,5.8549037203192711,5.4709,6.295552,1.851,14551,0.001024,0.40422399999999997,,0.066304,0.261632,0,0.24243199999999998,0.0076799999999999993,0.040448,,0.002304,,2.08384,9444,851,0,
9445,67.748259700963715,1307162692336,1,5.7488945312798023,5.0923,5.833472,1.8869,14551,0.001024,0.40166399999999997,,0.062208,0.259584,0.000256,0.24140799999999998,0.007424,0.041215999999999996,,0.003072,,1.626368,9445,852,0,
9446,67.754323200113376,1307162743259,1,6.0634990222752094,6.4607,5.73184,1.9999,14551,0.001024,0.40371199999999996,,0.062208,0.68377599999999994,0,0.6656,0.011776,0.038911999999999995,,0.0038399999999999997,,2.0290559999999997,9446,853,0,
9447,67.760101006235828,1307162807866,1,5.7778060436248779,5.7522,6.033408,2.0026,14551,0.001024,0.401152,,0.067583999999999991,0.258048,0,0.239616,0.011776,0.037888,,0.0025599999999999998,,2.408192,9447,854,0,
9448,67.765669600340132,1307162865388,1,5.5685942061245441,5.7147,5.759744,1.9459,14551,0.001024,0.40448,,0.061952,0.257024,0,0.23884799999999998,0.003328,0.038144,,0.003072,,1.628928,9448,855,0,
9449,67.771548604024943,1307162922535,1,5.8790035545825958,6.1288,5.53472,1.7819,14746,0.001024,0.40038399999999996,,0.061952,0.45824,0.000256,0.44032,0.003328,0.038144,,0.003584,,2.098944,9449,856,0,
9450,67.777480300453519,1307162983823,1,5.9316963888704777,5.7721,5.880832,1.8737,14551,0.001024,0.40294399999999997,,0.063744,0.255232,0,0.237056,0.0076799999999999993,0.038144,,0.004352,,2.084608,9450,857,0,
9451,67.783562705498866,1307163041544,1,6.0824048705399036,5.8702,5.911808,1.9598,14551,0.001024,0.40371199999999996,,0.062208,0.44595199999999996,0,0.427776,0.007424,0.038911999999999995,,0.002816,,1.632512,9451,858,0,
9452,67.788982504251692,1307163100246,1,5.4197986610233784,5.8085,6.055424,2.0517,14551,0.001024,0.4032,,0.062208,0.257536,0.000256,0.23936,0.007424,0.036351999999999995,,0.003328,,2.03648,9452,859,0,
9453,67.795043105158726,1307163158331,1,6.0606007464230061,6.1506,5.403904,2.1589,14603,0.001024,0.40166399999999997,,0.064767999999999992,0.253696,0,0.235264,0.007424,0.039936,,0.003328,,1.6192,9453,860,0,
9454,67.800503401360544,1307163219837,1,5.4602962918579578,5.8786,6.047744,1.9438,14551,0.001024,0.490496,,0.062208,0.255232,0,0.23679999999999998,0.007424,0.036864,,0.002816,,1.63456,9454,861,0,
9455,67.806652501417233,1307163278623,1,6.1491001397371292,5.4607,5.432064,1.9649,14551,0.001024,0.48895999999999995,,0.062208,0.260352,0,0.242176,0.0076799999999999993,0.041471999999999995,,0.002048,,1.947136,9455,862,0,
9456,67.812502600623574,1307163333230,1,5.85009902715683,5.8361,6.13504,2.0134,14551,0.001024,0.401408,,0.071424,0.260864,0,0.241664,0.0076799999999999993,0.041471999999999995,,0.003072,,2.295296,9456,863,0,
9457,67.818231802721087,1307163391591,1,5.7292021811008453,5.9659,5.835264,2.0272,14753,0.001024,0.401408,,0.061952,0.6272,0,0.244224,0.00896,0.040704,,0.0038399999999999997,,1.828352,9457,864,0,
9458,67.823816206065757,1307163451250,1,5.5844034068286419,5.9209,5.699584,2.2134,14551,0.001024,0.40371199999999996,,0.062208,0.260352,0.000256,0.242944,0.0076799999999999993,0.039424,,0.002816,,1.8324479999999999,9458,865,0,
9459,67.830014101473921,1307163510459,1,6.1978953890502453,5.7884,5.558272,2.0259,14551,0.001024,0.487168,,0.069376,0.261376,0.000256,0.24243199999999998,0.007424,0.040959999999999996,,0.003584,,1.8222079999999998,9459,866,0,
9460,67.835944501133781,1307163568343,1,5.9303995221853256,5.6953,6.18112,1.9938,14551,0.001024,0.402688,,0.43263999999999997,0.27264,0,0.247808,0.007424,0.039936,,0.003328,,2.329856,9460,867,0,
9461,67.84207730300453,1307163625296,1,6.1328019946813583,5.7052,5.90208,1.953,14551,0.001024,0.4032,,0.062208,0.25984,0,0.241664,0.0076799999999999993,0.038911999999999995,,0.0038399999999999997,,2.06848,9461,868,0,
9462,67.848002600623573,1307163682348,1,5.925297737121582,6.1557,6.125056,1.9934,14551,0.001024,0.489216,,0.06272,0.258304,0,0.240384,0.0076799999999999993,0.039936,,0.004096,,1.6299519999999998,9462,869,0,
9463,67.853940603741492,1307163743905,1,5.9380033053457737,5.9626,5.889024,2.0634,14551,0.001024,0.403456,,0.062208,0.258816,0.000256,0.24064,0.007424,0.041215999999999996,,0.003072,,1.983488,9463,870,0,
9464,67.8594258999433,1307163803531,1,5.4852962493896484,5.9159,5.9264,1.8454,14551,0.001024,0.4032,,0.064,0.25651199999999996,0,0.23782399999999998,0.003328,0.0384,,0.003328,,2.017792,9464,871,0,
9465,67.86546380385488,1307163862690,1,6.0379039496183395,5.8653,5.465088,1.8399,14551,0.001024,0.403456,,0.070912,0.25779199999999997,0.000256,0.239616,0.0076799999999999993,0.038655999999999996,,0.003328,,1.6368639999999999,9465,872,0,
9466,67.871128599773243,1307163921343,1,5.6647961027920246,5.8193,6.036224,1.8356,14551,0.000768,0.40038399999999996,,0.064,0.25651199999999996,0.000256,0.238336,0.0076799999999999993,0.037888,,0.003584,,2.027008,9466,873,0,
9467,67.877089803004537,1307163979536,1,5.9612030163407326,5.5208,5.632512,1.9566,14551,0.001024,0.39936,,0.067583999999999991,0.25651199999999996,0,0.238336,0.006912,0.036864,,0.0038399999999999997,,2.0889599999999997,9467,874,0,
9468,67.8826616000567,1307164034744,1,5.5717970244586468,6.1319,5.94176,2.0017,14551,0.001024,0.400896,,0.062208,0.260608,0,0.242176,0.007424,0.039424,,0.002816,,1.62944,9468,875,0,
9469,67.888147803287978,1307164096063,1,5.4862033575773239,5.6233,5.563392,1.8182,14551,0.001024,0.402688,,0.062208,0.25344,0,0.23551999999999998,0.007424,0.03584,,0.004096,,1.618688,9469,876,0,
9470,67.894347704081625,1307164152296,1,6.19990099221468,6.0164,5.467136,1.9025,14551,0.001024,0.400128,,0.062464,0.259328,0,0.24115199999999998,0.003328,0.038655999999999996,,0.002816,,1.8304,9470,877,0,
9471,67.899758701814051,1307164212460,1,5.4109976626932621,5.6666,6.17984,1.9154,14551,0.000768,0.403456,,0.062208,0.25728,0.000256,0.239616,0.003584,0.037888,,0.0038399999999999997,,2.5006079999999997,9471,878,0,
9472,67.905484502551019,1307164269126,1,5.7258005253970623,5.3512,5.377792,2.0116,14551,0.001024,0.4032,,0.062208,0.258304,0.000256,0.24012799999999998,0.0076799999999999993,0.03968,,0.002816,,1.619456,9472,879,0,
9473,67.911658000283438,1307164322638,1,6.1734975315630436,6.5234,5.711872,1.8744,14551,0.001024,0.402688,,0.062208,0.444928,0,0.238336,0.009216,0.038911999999999995,,0.004352,,1.829376,9473,880,0,
9474,67.917536500850332,1307164387872,1,5.8785006403923035,5.1573,6.145792,1.9766,14753,0.0012799999999999999,0.406016,,0.075776,0.260864,0.000256,0.24064,0.003328,0.0384,,0.004096,,2.194432,9474,881,0,
9475,67.924218601190475,1307164439445,1,6.6821002401411533,5.6776,5.856512,1.7882,14746,0.001024,0.495872,,0.068096,0.26444799999999996,0,0.245504,0.007424,0.040704,,0.004352,,1.7807359999999999,9475,882,0,
9476,67.929963506235822,1307164496221,1,5.7449052110314369,6.0602,6.666752,1.7942,14551,0.001024,0.40422399999999997,,0.534528,0.283648,0.000256,0.25779199999999997,0.0076799999999999993,0.041215999999999996,,0.002816,,2.186752,9476,883,0,
9477,67.935543700396821,1307164556823,1,5.5801942944526672,5.9223,5.721344,1.7639,14551,0.001024,0.49279999999999996,,0.068352,0.262144,0,0.242944,0.0076799999999999993,0.038144,,0.004352,,1.771776,9477,884,0,
9478,67.941414101473924,1307164616046,1,5.8704009279608727,6.6239,5.551616,1.7735,14551,0.001024,0.402688,,0.494336,0.30259199999999997,0,0.276736,0.010752,0.040448,,0.004096,,1.63456,9478,885,0,
9479,67.947694805839,1307164682285,1,6.2807044014334679,5.8529,5.851904,1.8572,14551,0.001024,0.40192,,0.062464,0.257024,0,0.23884799999999998,0.007936,0.037888,,0.002816,,1.6317439999999999,9479,886,0,
9480,67.953652303004532,1307164740814,1,5.9574972838163376,5.4852,6.26816,1.8039,14551,0.001024,0.40294399999999997,,0.062464,0.63488,0.000256,0.616448,0.007424,0.039936,,0.002816,,2.260736,9480,887,0,
9481,67.9591742063492,1307164795666,1,5.5219032801687717,5.9043,5.925376,1.872,20961,0.001024,0.40448,,0.062208,0.257536,0,0.239872,0.007424,0.040959999999999996,,0.003328,,2.467072,9481,888,0,
9482,67.965197101757369,1307164854709,1,6.0228952206671238,6.2251,5.520128,1.8405,14551,0.001024,0.4032,,0.068096,0.25574399999999997,0.000256,0.237056,0.0076799999999999993,0.037888,,0.002816,,2.09408,9482,889,0,
9483,67.97105690192744,1307164916960,1,5.859800148755312,5.9727,5.99296,1.9889,14551,0.001024,0.401152,,0.254976,0.263424,0,0.23910399999999998,0.007424,0.037376,,0.003072,,2.1632,9483,890,0,
9484,67.9768281037415,1307164976687,1,5.77120203524828,5.979,5.847808,1.9666,14551,0.001024,0.401152,,0.062208,0.253696,0,0.23577599999999999,0.0097279999999999988,0.037632,,0.003584,,1.6335359999999999,9484,891,0,
9485,67.982377104591833,1307165036477,1,5.5490010417997837,5.7858,5.73568,1.9263,14551,0.001024,0.402176,,0.06272,0.41881599999999997,0,0.401152,0.007424,0.03968,,0.003072,,1.632256,9485,892,0,
9486,67.988731306689346,1307165094335,1,6.3542020507156849,5.6642,5.521152,1.8523,14551,0.001024,0.40243199999999996,,0.062464,0.257024,0.000256,0.23884799999999998,0.0076799999999999993,0.037888,,0.0025599999999999998,,1.622272,9486,893,0,
9487,67.994229606009071,1307165150977,1,5.49829937517643,5.764,6.341376,1.9205,14551,0.001024,0.401408,,0.061952,0.68377599999999994,0,0.66611199999999993,0.003328,0.0384,,0.003584,,2.243328,9487,894,0,
9488,68.000433304988661,1307165208617,1,6.2036989256739616,5.7594,5.470976,1.9691,14603,0.001024,0.40166399999999997,,0.062208,0.256256,0,0.23807999999999999,0.0076799999999999993,0.0384,,0.0038399999999999997,,1.621248,9488,895,0,
9489,68.005869302721081,1307165266211,1,5.4359976202249527,6.3233,6.1824,2.2807,14551,0.001024,0.402688,,0.062208,0.258048,0.000256,0.240384,0.0076799999999999993,0.039424,,0.002816,,2.528512,9489,896,0,
9490,68.011432206632648,1307165329444,1,5.5629038251936436,5.2841,5.424384,1.9833,14551,0.001024,0.40038399999999996,,0.062208,0.257024,0,0.238592,0.0038399999999999997,0.042752,,0.002816,,1.6232959999999999,9490,897,0,
9491,68.017608900226762,1307165382285,1,6.1766933649778366,6.6984,5.54112,1.7517,14753,0.001024,0.400128,,0.062208,0.71936,0,0.70144,0.007424,0.04224,,0.002816,,1.845248,9491,898,0,
9492,68.023150106292519,1307165449269,1,5.5412058718502522,5.0485,6.14784,1.878,14551,0.001024,0.403968,,0.073984,0.262144,0,0.242688,0.007936,0.040704,,0.003072,,2.23872,9492,899,0,
9493,68.0291415036848,1307165499754,1,5.991397425532341,5.529,5.531136,1.7611,14551,0.000768,0.40192,,0.062208,0.257024,0,0.23910399999999998,0.0076799999999999993,0.040704,,0.003328,,1.6335359999999999,9493,900,0,
9494,68.035251204648517,1307165555044,1,6.1097010038793087,6.1612,5.960448,1.939,20479,0.001024,0.4032,,0.062208,0.259584,0.000256,0.241664,0.003584,0.040192,,0.003328,,2.1294079999999997,9494,901,0,
9495,68.04148760629252,1307165616656,1,6.2364018522202969,5.523,6.096384,2.014,14551,0.001024,0.40448,,0.062208,0.256,0.000256,0.23782399999999998,0.003072,0.038655999999999996,,0.002304,,2.022656,9495,902,0,
9496,68.047164803004534,1307165671886,1,5.67719666287303,6.099,6.21952,1.8358,14551,0.001024,0.4032,,0.061952,0.609024,0,0.242688,0.00896,0.041728,,0.0025599999999999998,,2.120192,9496,903,0,
9497,68.052899702380955,1307165732876,1,5.7348995469510555,6.048,5.641728,1.9462,14551,0.001024,0.400896,,0.061952,0.260352,0,0.24192,0.007424,0.040959999999999996,,0.002816,,1.61792,9497,904,0,
9498,68.058798901643982,1307165793356,1,5.8991992846131325,6.3251,5.732864,1.9834,14551,0.001024,0.40448,,0.062208,0.25856,0,0.240384,0.0076799999999999993,0.041215999999999996,,0.0025599999999999998,,1.622784,9498,905,0,
9499,68.064994501133782,1307165856607,1,6.1955996789038181,5.8874,5.865728,1.9959,14551,0.001024,0.403456,,0.21631999999999998,0.266496,0.000256,0.2432,0.007424,0.040704,,0.003584,,1.821696,9499,906,0,
9500,68.0705577026644,1307165915481,1,5.5632013827562332,5.5045,6.186496,1.8926,28002,0.001024,0.39936,,0.06297599999999999,0.258048,0,0.23936,0.003072,0.038144,,0.0038399999999999997,,2.2182399999999998,9500,907,0,
9501,68.076572406462589,1307165970526,1,6.0147037729620934,5.9941,5.533696,1.823,14746,0.001024,0.398848,,0.062208,0.258816,0,0.239872,0.20812799999999998,0.037376,,0.003584,,2.090496,9501,908,0,
9502,68.082550304705208,1307166030467,1,5.977898370474577,6.1505,5.991936,1.8371,14551,0.001024,0.40294399999999997,,0.061952,0.25651199999999996,0,0.238336,0.007936,0.037888,,0.003584,,2.486272,9502,909,0,
9503,68.088027104591831,1307166091972,1,5.4767997935414314,5.4486,5.964288,1.9192,14551,0.001024,0.40575999999999995,,0.062464,0.256,0.000256,0.23782399999999998,0.007424,0.037888,,0.004096,,2.09152,9503,910,0,
9504,68.094239406179142,1307166146458,1,6.2123015522956848,6.027,5.46176,2.0543,14551,0.001024,0.401408,,0.062464,0.256768,0,0.23936,0.007424,0.0384,,0.004352,,1.854464,9504,911,0,
9505,68.09956050170068,1307166206728,1,5.321095697581768,6.2079,5.760768,2.2723,14551,0.001024,0.402688,,0.062208,0.260608,0,0.24243199999999998,0.007424,0.039424,,0.002304,,2.3052799999999998,9505,912,0,
9506,68.1054213010204,1307166268807,1,5.8607994578778744,5.2068,5.294592,2.0768,14551,0.001024,0.401152,,0.062208,0.25651199999999996,0,0.23910399999999998,0.007424,0.03968,,0.002816,,1.800192,9506,913,0,
9507,68.11160760345804,1307166320875,1,6.1863022856414318,6.3637,5.8432,1.8931,14551,0.001024,0.398592,,0.062464,0.260096,0.000256,0.24243199999999998,0.0076799999999999993,0.03712,,0.003584,,1.843712,9507,914,0,
9508,68.117372406462579,1307166384512,1,5.7648029178380966,5.0755,6.159872,1.8231,14898,0.0012799999999999999,0.40448,,0.075264,0.261888,0.000256,0.241664,0.007936,0.038655999999999996,,0.004352,,2.185984,9508,915,0,
9509,68.1238200042517,1307166435267,1,6.4475978724658489,5.9294,5.743616,1.8126,14551,0.001024,0.401408,,0.068096,0.262912,0,0.244224,0.009984,0.040959999999999996,,0.004096,,1.779712,9509,916,0,
9510,68.129941000566888,1307166494561,1,6.1209960840642452,6.2288,6.427392,1.9049,14551,0.001024,0.404736,,0.068352,0.71424,0,0.694784,0.0076799999999999993,0.041984,,0.003584,,2.199296,9510,917,0,
9511,68.135842800453517,1307166556849,1,5.9018000029027462,5.6799,6.09792,1.8648,14551,0.001024,0.405248,,0.068352,0.261376,0.000256,0.242176,0.007424,0.039424,,0.004096,,2.21184,9511,918,0,
9512,68.141563399943308,1307166613648,1,5.7205995544791222,6.6637,5.51552,1.768,14551,0.001024,0.400896,,0.062464,0.260096,0.000256,0.24243199999999998,0.003072,0.040448,,0.002304,,2.092288,9512,919,0,
9513,68.147941206065752,1307166680285,1,6.3778059557080269,6.0979,5.700352,1.8525,14551,0.001024,0.403968,,0.062208,0.25856,0,0.240384,0.0076799999999999993,0.040448,,0.003584,,2.110976,9513,920,0,
9514,68.153716801303858,1307166741264,1,5.7755950838327408,5.7374,6.34368,1.7459,14551,0.001024,0.39936,,0.081152,0.25907199999999997,0,0.23654399999999998,0.012288,0.038911999999999995,,0.0038399999999999997,,1.750784,9514,921,0,
9515,68.159226601473918,1307166798638,1,5.5098002776503563,5.6735,5.74592,1.8278,14551,0.003584,0.399872,,0.062464,0.25446399999999997,0,0.236288,0.011264,0.037888,,0.0038399999999999997,,1.629696,9515,922,0,
9516,68.164876906179131,1307166855373,1,5.6503047235310078,6.433,5.501696,1.8509,14551,0.001024,0.403456,,0.062208,0.44646399999999997,0,0.42803199999999997,0.007424,0.039936,,0.003328,,2.080768,9516,923,0,
9517,68.17145550595238,1307166919703,1,6.5785995684564114,5.9183,5.629184,1.9332,14551,0.000768,0.402688,,0.253952,0.25574399999999997,0,0.23679999999999998,0.003328,0.03712,,0.003328,,1.8257919999999999,9517,924,0,
9518,68.177607603458043,1307166978886,1,6.1520976014435291,5.4998,6.115328,2.1157,14551,0.000768,0.40166399999999997,,0.075264,0.261888,0,0.241664,0.005632,0.038655999999999996,,0.002816,,2.1808639999999997,9518,925,0,
9519,68.183784906462577,1307167033884,1,6.1773029156029224,6.0827,6.12992,1.9059,14551,0.001024,0.404736,,0.068864,0.260352,0,0.24115199999999998,0.007424,0.036608,,0.002816,,2.0006399999999998,9519,926,0,
9520,68.189985204081637,1307167094711,1,6.2002977356314659,6.0868,6.143744,1.8921,14551,0.001024,0.403456,,0.068608,0.46566399999999997,0.000256,0.24371199999999998,0.009472,0.038144,,0.004352,,2.185728,9520,927,0,
9521,68.196122200963714,1307167155579,1,6.1369966715574265,6.3807,6.188032,1.9768,14551,0.0012799999999999999,0.402176,,0.068864,0.260864,0,0.24115199999999998,0.003328,0.039936,,0.004096,,2.658048,9521,928,0,
9522,68.2028042020975,1307167219386,1,6.6820010542869568,5.9489,6.110976,1.801,14603,0.001024,0.402688,,0.068608,0.687616,0,0.668416,0.0076799999999999993,0.040448,,0.004352,,2.384384,9522,929,0,
9523,68.2085038052721,1307167278875,1,5.6996033526957035,6.4159,6.668032,2.0204,14551,0.376832,0.40371199999999996,,0.068864,0.263168,0,0.242688,0.0076799999999999993,0.039424,,0.0038399999999999997,,2.583808,9523,930,0,
9524,68.214467106009067,1307167343034,1,5.9633008204400539,6.3848,5.669632,1.7615,14753,0.001024,0.405248,,0.068352,0.26444799999999996,0,0.245504,0.007936,0.040704,,0.004352,,1.691392,9524,931,0,
9525,68.220002005385481,1307167406882,1,5.5348994210362434,6.3333,5.941248,1.9923,14551,0.001024,0.40166399999999997,,0.061952,0.260864,0,0.24243199999999998,0.003584,0.040959999999999996,,0.004096,,1.627904,9525,932,0,
9526,68.226270705782312,1307167470215,1,6.268700584769249,5.7091,5.517824,1.8998,14551,0.001024,0.40192,,0.062464,0.258304,0.000256,0.24012799999999998,0.0076799999999999993,0.039424,,0.004096,,1.6197119999999998,9526,933,0,
9527,68.231803401360537,1307167527306,1,5.5326954461634159,6.3998,6.249472,1.8886,14746,0.001024,0.40243199999999996,,0.062208,0.43596799999999997,0,0.417024,0.0048639999999999994,0.03968,,0.003072,,2.31296,9527,934,0,
9528,68.236885005668938,1307167591304,1,5.0816042348742485,5.0154,5.519104,1.8412,14551,0.001024,0.403968,,0.062208,0.257024,0,0.238592,0.0076799999999999993,0.038144,,0.004096,,1.8342399999999999,9528,935,0,
9529,68.243272604875287,1307167641458,1,6.387599278241396,6.2837,5.05088,1.9826,14551,0.001024,0.40166399999999997,,0.062208,0.259328,0.000256,0.240896,0.011264,0.037888,,0.004096,,1.828352,9529,936,0,
9530,68.249035501700675,1307167704295,1,5.762896966189146,5.5015,6.364672,1.8122,14551,0.001024,0.39961599999999997,,0.062464,0.25907199999999997,0,0.240896,0.007424,0.038911999999999995,,0.003584,,2.2812159999999997,9530,937,0,
9531,68.255190901360535,1307167759310,1,6.1553996056318283,4.9517,5.747456,1.8699,14551,0.001024,0.401408,,0.062208,0.446976,0,0.238592,0.009216,0.039424,,0.0038399999999999997,,2.0072959999999997,9531,938,0,
9532,68.261071201814062,1307167808827,1,5.8803004212677479,6.5277,6.1312,1.9428,14551,0.001024,0.40243199999999996,,0.062208,0.25907199999999997,0,0.24012799999999998,0.007936,0.038144,,0.003584,,2.692608,9532,939,0,
9533,68.266988003117916,1307167874104,1,5.916801281273365,5.6154,5.861632,1.9003,14551,0.001024,0.48768,,0.067583999999999991,0.25984,0.000256,0.24192,0.0076799999999999993,0.037888,,0.004096,,1.626112,9533,940,0,
9534,68.27267410005669,1307167930258,1,5.6860968470573425,6.4337,5.907712,1.8105,14551,0.001024,0.40166399999999997,,0.062464,0.698112,0,0.239872,0.009472,0.041984,,0.003328,,2.03136,9534,941,0,
9535,68.278614299886613,1307167994595,1,5.9401998296380043,5.5921,5.652736,1.7545,14551,0.001024,0.48768,,0.062208,0.258048,0,0.24012799999999998,0.007424,0.041471999999999995,,0.003584,,1.6314879999999998,9535,942,0,
9536,68.284628904478453,1307168050516,1,6.0146045871078968,6.0256,5.926656,1.8885,14551,0.001024,0.404736,,0.062208,0.255232,0,0.237312,0.003072,0.042496,,0.0038399999999999997,,1.6317439999999999,9536,943,0,
9537,68.290591404478462,1307168110772,1,5.9624998830258846,5.5712,5.894912,1.9316,14551,0.001024,0.40448,,0.068352,0.258048,0,0.24012799999999998,0.008704,0.040448,,0.003328,,2.03008,9537,944,0,
9538,68.296899000850331,1307168166484,1,6.30759634077549,6.048,5.963776,1.8665,14551,0.001024,0.402688,,0.063744,0.25907199999999997,0,0.24115199999999998,0.003328,0.039936,,0.003328,,2.5006079999999997,9538,945,0,
9539,68.302734304138326,1307168226964,1,5.8353031054139137,6.2588,6.267904,1.7788,14551,0.001024,0.398592,,0.066048,0.260608,0.000256,0.24140799999999998,0.0076799999999999993,0.039936,,0.0025599999999999998,,2.280704,9539,946,0,
9540,68.308280902777781,1307168289552,1,5.5465986952185631,5.9172,5.922048,1.94,14551,0.001024,0.40038399999999996,,0.062464,0.257024,0,0.23910399999999998,0.006144,0.039424,,0.0025599999999999998,,2.106624,9540,947,0,
9541,68.3140669005102,1307168348724,1,5.7859979569911957,6.614,5.518336,1.8122,14551,0.001024,0.399872,,0.061952,0.257024,0.000256,0.238592,0.007424,0.038144,,0.004096,,2.071808,9541,948,0,
9542,68.32047780612244,1307168414864,1,6.4109056256711483,5.2242,5.764352,1.9531,14753,0.001024,0.403968,,0.062208,0.25856,0,0.239872,0.007424,0.037888,,0.003584,,1.632256,9542,949,0,
9543,68.325996804138313,1307168467106,1,5.5189980193972588,5.5581,6.387968,1.8227,14551,0.001024,0.400896,,0.43724799999999997,0.300544,0.000256,0.27955199999999997,0.0076799999999999993,0.038911999999999995,,0.004096,,2.1076479999999997,9543,950,0,
9544,68.332173504818584,1307168522687,1,6.1767008155584335,5.7602,5.510144,1.9537,14551,0.001024,0.400128,,0.062464,0.25728,0.000256,0.23884799999999998,0.0076799999999999993,0.037888,,0.004096,,1.6184319999999999,9544,951,0,
9545,68.337592602040814,1307168580289,1,5.4190973751246929,6.8418,5.722112,1.8397,14551,0.001024,0.48563199999999995,,0.061952,0.35276799999999997,0,0.33408,0.003584,0.039424,,0.0025599999999999998,,2.3162879999999997,9545,952,0,
9546,68.343902806122443,1307168648707,1,6.3102040439844131,5.1419,5.456128,1.8525,14551,0.001024,0.403456,,0.062208,0.258304,0,0.239872,0.003328,0.03968,,0.002816,,1.833216,9546,953,0,
9547,68.349399100056687,1307168700126,1,5.4962937720119953,6.7658,6.279424,1.8617,14551,0.001024,0.40166399999999997,,0.06297599999999999,0.25574399999999997,0,0.23782399999999998,0.007424,0.039168,,0.0025599999999999998,,1.630976,9547,954,0,
9548,68.355172505668932,1307168767784,1,5.77340554445982,5.2985,5.476352,1.8147,14551,0.001024,0.402176,,0.062208,0.25728,0,0.239616,0.007424,0.038911999999999995,,0.003328,,2.038528,9548,955,0,
9549,68.361124000850339,1307168820769,1,5.9514953754842281,5.744,5.757952,1.8193,14551,0.001024,0.40294399999999997,,0.062208,0.257024,0,0.23910399999999998,0.007936,0.038144,,0.0038399999999999997,,2.311168,9549,956,0,
9550,68.3671404053288,1307168878209,1,6.0164043679833412,5.4854,5.9264,1.8545,14551,0.001024,0.403456,,0.067328,0.26111999999999996,0,0.241664,0.007424,0.037632,,0.0038399999999999997,,2.029568,9550,957,0,
9551,68.372861302437641,1307168933063,1,5.7208971120417118,5.7865,5.9264,1.8118,14551,0.001024,0.402688,,0.061952,0.25651199999999996,0,0.23807999999999999,0.0076799999999999993,0.037632,,0.0038399999999999997,,2.19392,9551,958,0,
9552,68.378657901077091,1307168990928,1,5.7965987361967564,5.9585,5.774848,1.8078,14551,0.001024,0.40064,,0.07168,0.258816,0.000256,0.24064,0.0076799999999999993,0.040192,,0.004096,,1.632,9552,959,0,
9553,68.384350304705208,1307169050513,1,5.6924037635326385,6.423,5.5936,1.749,14746,0.001024,0.401152,,0.062208,0.258304,0,0.240384,0.0076799999999999993,0.040448,,0.0025599999999999998,,1.627648,9553,960,0,
9554,68.390277600623577,1307169114743,1,5.9272958897054195,5.5818,5.636096,1.7723,14551,0.001024,0.40064,,0.061695999999999994,0.260608,0,0.24243199999999998,0.003328,0.039424,,0.002816,,2.3869439999999997,9554,961,0,
9555,68.396277600623577,1307169170561,1,6.0000000521540642,5.7888,5.943296,2.0713,14551,0.001024,0.401152,,0.06784,0.25728,0,0.23910399999999998,0.003328,0.040192,,0.0025599999999999998,,2.499584,9555,962,0,
9556,68.402216206065759,1307169228449,1,5.9386054053902626,5.7347,5.969152,1.93,14551,0.001024,0.489984,,0.062464,0.79872,0,0.285184,0.007424,0.043264,,0.007936,,2.088704,9556,963,0,
9557,68.407865901360537,1307169285796,1,5.6496951729059219,5.756,5.928704,1.8436,14603,0.001024,0.48691199999999996,,0.066816,0.25984,0,0.240384,0.007424,0.040704,,0.0025599999999999998,,1.851136,9557,964,0,
9558,68.414438102324254,1307169343356,1,6.5722009167075157,5.995,5.626368,1.8716,14753,0.001024,0.399872,,0.062208,0.253952,0.000256,0.236032,0.0097279999999999988,0.035072,,0.002816,,1.67424,9558,965,0,
9559,68.420338506235822,1307169403306,1,5.9004039503633976,6.0356,6.562816,1.8831,14551,0.001024,0.40371199999999996,,0.449024,0.280576,0,0.254208,0.007936,0.038655999999999996,,0.003072,,2.242816,9559,966,0,
9560,68.426322803287974,1307169463662,1,5.9842970222234726,5.7901,5.803008,1.8738,14551,0.001024,0.40627199999999997,,0.068608,0.262912,0,0.243968,0.007936,0.039936,,0.002816,,1.76,9560,967,0,
9561,68.43270520124716,1307169521563,1,6.3823978416621685,6.9053,5.973248,1.9537,14551,0.001024,0.40499199999999996,,0.076544,0.259584,0,0.24064,0.0076799999999999993,0.0384,,0.0038399999999999997,,1.987328,9561,968,0,
9562,68.438158404195008,1307169590616,1,5.453202873468399,5.5182,5.995776,1.8459,14551,0.001024,0.405248,,0.068352,0.25984,0.000256,0.240896,0.0076799999999999993,0.038144,,0.0038399999999999997,,2.063616,9562,969,0,
9563,68.444393005952378,1307169645798,1,6.2346016056835651,5.9702,5.42976,1.9931,14551,0.000768,0.400896,,0.062208,0.25728,0,0.23936,0.0076799999999999993,0.037632,,0.004608,,1.8455039999999998,9563,970,0,
9564,68.449756802721083,1307169705500,1,5.3637968376278877,6.1092,6.148096,1.9383,14551,0.001024,0.40243199999999996,,0.062464,0.256256,0,0.23782399999999998,0.007424,0.037376,,0.0025599999999999998,,2.502912,9564,971,0,
9565,68.455690306122449,1307169766592,1,5.933503620326519,5.4395,5.408512,2.1201,14551,0.001024,0.399872,,0.061952,0.258816,0,0.24115199999999998,0.0076799999999999993,0.0384,,0.002816,,1.619456,9565,972,0,
9566,68.461468601190475,1307169820987,1,5.7782949879765511,6.2933,5.919744,1.8828,20961,0.001024,0.40064,,0.062208,0.256256,0,0.23807999999999999,0.443136,0.040192,,0.003328,,2.032896,9566,973,0,
9567,68.467755201247158,1307169883920,1,6.2866001389920712,5.3461,5.687808,1.7937,14551,0.001024,0.40038399999999996,,0.062208,0.25728,0,0.23936,0.0076799999999999993,0.037632,,0.004096,,1.627648,9567,974,0,
9568,68.473259304138324,1307169937381,1,5.5041029118001461,5.8695,6.32832,2.0687,14551,0.001024,0.40448,,0.062208,0.677376,0.000256,0.658944,0.0076799999999999993,0.041215999999999996,,0.0038399999999999997,,2.023936,9568,975,0,
9569,68.478562903911566,1307169996076,1,5.3035998716950417,6.3012,5.4784,1.8554,14551,0.001024,0.40371199999999996,,0.062464,0.25856,0,0.24012799999999998,0.0076799999999999993,0.040192,,0.002816,,1.6281599999999998,9569,976,0,
9570,68.484635303287973,1307170059088,1,6.0723992064595222,5.8304,5.286656,1.8874,14551,0.001024,0.40166399999999997,,0.062464,0.257536,0,0.239616,0.007424,0.03968,,0.0038399999999999997,,1.64096,9570,977,0,
9571,68.490601105442181,1307170117392,1,5.9658023528754711,5.4712,6.05952,1.9213,14551,0.001024,0.400896,,0.061952,0.258048,0.000256,0.24012799999999998,0.0076799999999999993,0.040192,,0.004096,,2.04032,9571,978,0,
9572,68.496894302721088,1307170172104,1,6.29319716244936,5.3362,5.879808,1.8787,14551,0.001024,0.402176,,0.06297599999999999,0.61337599999999992,0,0.24012799999999998,0.009472,0.040959999999999996,,0.0038399999999999997,,1.860352,9572,979,0,
9573,68.502883000283447,1307170225466,1,5.9886975213885307,6.1367,6.247168,1.8569,14551,0.001024,0.398848,,0.070912,0.25984,0.000256,0.24064,0.0076799999999999993,0.040192,,0.0025599999999999998,,1.837824,9573,980,0,
9574,68.508462903911564,1307170286833,1,5.5799037218093872,6.062,6.074624,1.8927,14551,0.001024,0.40192,,0.061952,0.255232,0,0.237568,0.005888,0.038911999999999995,,0.0038399999999999997,,1.618944,9574,981,0,
9575,68.5142121031746,1307170347453,1,5.7491990737617016,6.2111,5.54368,1.9631,14551,0.001024,0.401408,,0.061952,0.257024,0,0.23910399999999998,0.007936,0.040192,,0.002816,,2.085376,9575,982,0,
9576,68.520447604875287,1307170409564,1,6.235501728951931,6.2828,5.674752,2.07,14753,0.001024,0.4032,,0.062464,0.256,0.000256,0.237568,0.007424,0.037888,,0.004352,,2.171648,9576,983,0,
9577,68.526287705498859,1307170472392,1,5.8401008136570454,5.9299,6.214144,2.1004,14551,0.001024,0.40371199999999996,,0.06656,0.260864,0,0.240896,0.007424,0.036864,,0.0038399999999999997,,2.2164479999999998,9577,984,0,
9578,68.531848200113373,1307170531691,1,5.5604944936931133,5.2433,5.877504,2.0232,14551,0.001024,0.40294399999999997,,0.062208,0.258048,0,0.24012799999999998,0.0076799999999999993,0.0384,,0.002048,,2.088448,9578,985,0,
9579,68.537362804705211,1307170584124,1,5.51460450515151,6.1874,5.551616,1.7855,14746,0.001024,0.39910399999999996,,0.062208,0.256256,0.000256,0.238336,0.0084479999999999989,0.037888,,0.002816,,1.867008,9579,986,0,
9580,68.54309460034014,1307170645998,1,5.7317954488098621,5.6184,5.055232,2.1518,14551,0.001024,0.40192,,0.062208,0.25907199999999997,0,0.240896,0.007424,0.038655999999999996,,0.0038399999999999997,,1.8327039999999999,9580,987,0,
9581,68.548920500283444,1307170702182,1,5.8259000070393085,5.5858,5.766912,2.181,14551,0.001024,0.40192,,0.061952,0.257024,0,0.23884799999999998,0.006144,0.038655999999999996,,0.004096,,2.277632,9581,988,0,
9582,68.554803904478462,1307170758040,1,5.883404053747654,5.6726,5.7482239999999996,1.7489,14551,0.001024,0.40294399999999997,,0.062208,0.676864,0,0.658176,0.0076799999999999993,0.038655999999999996,,0.0025599999999999998,,1.809664,9582,989,0,
9583,68.560735303287984,1307170814766,1,5.931398831307888,5.5883,5.847296,1.7836,14551,0.001024,0.402688,,0.061952,0.255488,0.000256,0.23782399999999998,0.0076799999999999993,0.038144,,0.003584,,2.2016,9583,990,0,
9584,68.565850205498862,1307170870649,1,5.114902276545763,6.1634,5.923072,1.8204,14551,0.001024,0.400896,,0.062208,0.25907199999999997,0,0.240896,0.0076799999999999993,0.46847999999999995,,0.003584,,2.0308479999999998,9584,991,0,
9585,68.573530902777776,1307170932283,1,7.6806973665952682,5.5685,5.164288,5.5685,14551,0.001024,0.400128,,0.062464,0.256256,0,0.23782399999999998,0.003072,0.037632,,0.004096,,1.618688,9585,992,0,
9586,68.57948560090702,1307170987968,1,5.9546981938183308,6.0966,5.47968,1.5957,14551,0.001024,0.40499199999999996,,0.063488,0.260096,0,0.24140799999999998,0.003328,0.039424,,0.003072,,2.013696,9586,993,0,
9587,68.585333503401358,1307171048934,1,5.8479025028645992,5.3168,5.89056,1.9109,14551,0.001024,0.401152,,0.062464,0.263168,0,0.243968,0.0076799999999999993,0.040704,,0.002048,,1.622528,9587,994,0,
9588,68.591536500850339,1307171102102,1,6.2029976397752762,7.494,5.896448,1.7496,14551,0.001024,0.40499199999999996,,0.062208,0.258304,0,0.239616,0.007424,0.0384,,0.0025599999999999998,,1.63712,9588,995,0,
9589,68.597577203798181,1307171177042,1,6.0407030396163464,5.8397,6.170368,1.7134,14551,0.001024,0.403456,,0.062208,0.267264,0.000256,0.248576,0.007424,0.039424,,0.002304,,1.6184319999999999,9589,996,0,
9590,68.603875701530612,1307171235439,1,6.2984977848827839,5.8786,6.020096,1.8481,14551,0.001024,0.401408,,0.625664,0.291072,0,0.265984,0.0063999999999999994,0.038911999999999995,,0.004096,,1.62944,9590,997,0,
9591,68.60965,1307171294225,1,5.774298682808876,6.1123,6.283264,1.8713,14603,0.001024,0.40192,,0.070656,0.258048,0.004352,0.238592,0.003328,0.015616,,0.0038399999999999997,,1.6314879999999998,9591,998,0,
9592,68.6159883999433,1307171355348,1,6.3383998349308968,6.0279,5.73952,2.0005,14753,0.001024,0.399872,,0.070912,0.258304,0.000256,0.23910399999999998,0.003328,0.0384,,0.003072,,1.878016,9592,999,0,
9593,68.6221461026077,1307171415627,1,6.1577027663588524,6.3951,6.256384,1.9719,14551,0.001024,0.40294399999999997,,0.073984,0.260864,0,0.242176,0.0076799999999999993,0.037632,,0.0025599999999999998,,2.2382079999999998,9593,1000,0,
9594,68.628337202380948,1307171479578,1,6.1910999938845634,5.93,6.139136,1.9345,14551,0.0012799999999999999,0.494336,,0.068352,0.25984,0,0.24064,0.0076799999999999993,0.038655999999999996,,0.002304,,2.556928,9594,1001,0,
9595,68.63434850481859,1307171538878,1,6.0113025829195976,6.3058,6.174976,2.0662,14551,0.0012799999999999999,0.40064,,0.073984,0.26111999999999996,0,0.242176,0.007936,0.037632,,0.0025599999999999998,,2.68416,9595,1002,0,
9596,68.640647300170059,1307171601936,1,6.2987953424453735,6.2729,6.049792,2.093,14551,0.001024,0.4032,,0.070144,0.265216,0.000256,0.246272,0.007936,0.040959999999999996,,0.003328,,2.53824,9596,1003,0,
9597,68.646582603458043,1307171664665,1,5.9353034012019634,6.1792,6.285568,2.0056,14551,0.001024,0.402176,,0.073728,0.261376,0,0.24243199999999998,0.007936,0.039936,,0.003072,,2.55872,9597,1004,0,
9598,68.65322510629251,1307171726457,1,6.64250273257494,5.9563,5.917184,1.7624,14551,0.001024,0.403968,,0.068352,0.262144,0.000256,0.242688,0.007936,0.038655999999999996,,0.002304,,1.771776,9598,1005,0,
9599,68.659010303287985,1307171786020,1,5.7851970195770264,6.0555,6.618112,1.8771,14551,0.001024,0.405248,,0.071424,0.263424,0.000256,0.244224,0.0097279999999999988,0.038655999999999996,,0.0038399999999999997,,2.0756479999999997,9599,1006,0,
9600,68.664948100907026,1307171846575,1,5.9377974830567837,6.062,5.762304,1.7874,14551,0.001024,0.40294399999999997,,0.061952,0.258048,0,0.239616,0.0076799999999999993,0.040959999999999996,,0.002816,,1.618944,9600,1007,0,
9601,68.670549702380953,1307171907195,1,5.6016016751527786,6.6004,5.926656,1.8117,14551,0.001024,0.40448,,0.062464,0.454656,0,0.43648,0.007424,0.039936,,0.003584,,2.0876799999999998,9601,1008,0,
9602,68.676001006235822,1307171973199,1,5.4513039067387581,5.7909,5.576448,2.0491,14551,0.001024,0.40166399999999997,,0.062464,0.263424,0,0.24473599999999998,0.0076799999999999993,0.040448,,0.004096,,1.622016,9602,1009,0,
9603,68.68251930272109,1307172031108,1,6.5182964317500591,5.9486,5.439488,1.8107,14551,0.001024,0.40294399999999997,,0.062208,0.255488,0,0.237312,0.0038399999999999997,0.037888,,0.0025599999999999998,,1.6197119999999998,9603,1010,0,
9604,68.688039703798182,1307172090594,1,5.520401056855917,5.5593,6.436864,1.8078,14746,0.001024,0.489984,,0.062208,0.6976,0.000256,0.67942399999999992,0.007424,0.037888,,0.004352,,2.2830079999999997,9604,1011,0,
9605,68.693859601757367,1307172146187,1,5.8198980987071991,5.7399,5.563392,1.8822,14551,0.001024,0.48870399999999997,,0.061952,0.258048,0,0.239872,0.006144,0.038911999999999995,,0.002304,,1.8406399999999998,9605,1012,0,
9606,68.699728904478462,1307172203586,1,5.869302898645401,6.7316,5.710336,1.8451,14551,0.001024,0.40192,,0.06272,0.261888,0,0.24371199999999998,0.012032,0.038655999999999996,,0.0038399999999999997,,2.28992,9606,1013,0,
9607,68.705556405895692,1307172270902,1,5.82750141620636,4.8759,5.85344,1.9484,14551,0.001024,0.404736,,0.061952,0.259328,0,0.24115199999999998,0.0076799999999999993,0.03968,,0.002304,,2.034176,9607,1014,0,
9608,68.711439200680275,1307172319661,1,5.8827949687838554,6.2041,5.72288,1.7946,14551,0.001024,0.404736,,0.062208,0.255488,0,0.237312,0.0076799999999999993,0.037888,,0.003328,,1.8424319999999998,9608,1015,0,
9609,68.7174963010204,1307172381702,1,6.0571003705263138,5.5284,5.84192,1.8738,14753,0.001024,0.402688,,0.062464,0.256768,0,0.238336,0.0076799999999999993,0.0384,,0.002304,,1.628672,9609,1016,0,
9610,68.723387903911558,1307172436986,1,5.8916029520332813,5.8001,5.99168,1.8556,14551,0.001024,0.401408,,0.062208,0.69119999999999993,0,0.67328,0.007424,0.040959999999999996,,0.0025599999999999998,,2.045696,9610,1017,0,
9611,68.729504102891156,1307172494987,1,6.1161988414824009,5.9188,5.91488,1.9937,14551,0.001024,0.40038399999999996,,0.061695999999999994,0.25651199999999996,0,0.23884799999999998,0.003328,0.040959999999999996,,0.003328,,2.1058559999999997,9611,1018,0,
9612,68.73562320011338,1307172554175,1,6.1190971173346043,6.222,6.034432,1.9568,14551,0.001024,0.40166399999999997,,0.061952,0.256768,0,0.23884799999999998,0.007424,0.041471999999999995,,0.003584,,1.630976,9612,1019,0,
9613,68.741871400226756,1307172616395,1,6.248200312256813,6.2066,6.166784,1.7559,14551,0.001024,0.40448,,0.062208,0.256768,0,0.238336,0.008192,0.0384,,0.003328,,1.806848,9613,1020,0,
9614,68.747344905045352,1307172678461,1,5.4735047742724419,5.9333,6.152192,1.7938,14551,0.001024,0.4032,,0.062464,0.254208,0.000256,0.23654399999999998,0.0076799999999999993,0.038911999999999995,,0.003072,,1.6281599999999998,9614,1021,0,
9615,68.75357670068027,1307172737794,1,6.2317955307662487,6.1319,5.522688,1.8964,14551,0.001024,0.401408,,0.062208,0.454144,0,0.242944,0.009216,0.040448,,0.002304,,2.082816,9615,1022,0,
9616,68.759119706632646,1307172799113,1,5.5430061183869839,6.3429,6.20672,1.9779,14551,0.001024,0.40422399999999997,,0.658176,0.26111999999999996,0.000256,0.24140799999999998,0.011519999999999999,0.037632,,0.0038399999999999997,,1.995776,9616,1023,0,
9617,68.765103202947842,1307172862542,1,5.9834960848093033,5.4681,5.529088,1.8627,14551,0.001024,0.400896,,0.26444799999999996,0.26367999999999997,0.000256,0.23910399999999998,0.007424,0.038655999999999996,,0.0038399999999999997,,2.098688,9617,1024,0,
9618,68.770830803571428,1307172917223,1,5.727600771933794,6.0318,5.95712,1.8238,14551,0.001024,0.400896,,0.26444799999999996,0.26367999999999997,0.000256,0.23910399999999998,0.007424,0.038655999999999996,,0.0038399999999999997,,2.098688,9618,1025,0,
9619,68.776345103458041,1307172977541,1,5.514299962669611,5.4337,5.716992,1.8886,14551,0.001024,0.40166399999999997,,0.06784,0.25728,0.000256,0.23884799999999998,0.003328,0.037888,,0.0038399999999999997,,2.091776,9619,1026,0,
9620,68.782659800170066,1307173031878,1,6.3146967440843582,6.5758,5.490944,2.066,14551,0.001024,0.4032,,0.062208,0.257024,0,0.23910399999999998,0.007936,0.03584,,0.003584,,1.6192,9620,1027,0,
9621,68.788134403344671,1307173097636,1,5.4746032692492008,5.1313,6.293504,1.9189,14551,0.001024,0.40192,,0.062208,0.68787199999999993,0,0.669696,0.007424,0.0384,,0.003328,,2.42304,9621,1028,0,
9622,68.7941233064059,1307173148949,1,5.9889028780162334,5.47,5.462272,1.9818,14551,0.001024,0.4032,,0.06272,0.25907199999999997,0,0.240384,0.007424,0.0384,,0.002816,,1.840128,9622,1029,0,
9623,68.800056604308381,1307173203649,1,5.933297798037529,6.6009,5.875968,2.0084,14551,0.001024,0.402176,,0.062208,0.25651199999999996,0,0.238592,0.0076799999999999993,0.039168,,0.003072,,2.242816,9623,1030,0,
9624,68.8057737032313,1307173269658,1,5.7170987129211426,5.2561,5.929472,2.0839,14551,0.001024,0.40243199999999996,,0.07168,0.260352,0,0.24064,0.0076799999999999993,0.038655999999999996,,0.0025599999999999998,,2.00832,9624,1031,0,
9625,68.811723604024934,1307173322219,1,5.9499009512364864,6.5294,5.762304,2.0838,14603,0.001024,0.40166399999999997,,0.062208,0.256256,0,0.23807999999999999,0.007424,0.038655999999999996,,0.002304,,2.29376,9625,1032,0,
9626,68.817325403911568,1307173387513,1,5.6018000468611717,5.4388,5.937408,1.8547,14753,0.001024,0.399872,,0.070912,0.260864,0,0.24115199999999998,0.007936,0.041728,,0.003328,,2.031616,9626,1033,0,
9627,68.823656703514743,1307173441901,1,6.3312994316220284,5.8153,5.499392,1.8092,14551,0.001024,0.398848,,0.062208,0.260096,0.000256,0.24192,0.0076799999999999993,0.039936,,0.0038399999999999997,,1.627136,9627,1034,0,
9628,68.829147803287981,1307173500054,1,5.4910997860133648,5.6939,6.395648,1.8519,14551,0.001024,0.40038399999999996,,0.062464,0.70118399999999992,0.000256,0.24115199999999998,0.009216,0.044288,,0.003328,,2.03776,9628,1035,0,
9629,68.834499999999991,1307173556993,1,5.3521967492997646,5.8481,5.470976,1.8369,14551,0.001024,0.402688,,0.062464,0.25907199999999997,0,0.240896,0.007936,0.038655999999999996,,0.0025599999999999998,,1.629184,9629,1036,0,
9630,68.840197902494324,1307173615474,1,5.6979022920131683,6.0978,5.322752,1.8671,14746,0.001024,0.400896,,0.06272,0.25779199999999997,0,0.24064,0.007424,0.039168,,0.003328,,1.63456,9630,1037,0,
9631,68.846273802437636,1307173676452,1,6.0759000480175018,5.5744,5.666048,1.9188,14551,0.001024,0.40294399999999997,,0.06784,0.256,0,0.23807999999999999,0.007424,0.040959999999999996,,0.003584,,2.028032,9631,1038,0,
9632,68.851878302154191,1307173732196,1,5.6044994853436947,5.7177,6.002944,1.8898,14551,0.001024,0.400896,,0.07039999999999999,0.262144,0.000256,0.242688,0.007424,0.039168,,0.002816,,2.09792,9632,1039,0,
9633,68.857901303854874,1307173789373,1,6.0230018571019173,5.4018,5.6512,1.8907,14551,0.001024,0.486656,,0.075776,0.26111999999999996,0,0.24115199999999998,0.007424,0.03968,,0.002304,,1.8055679999999998,9633,1040,0,
9634,68.863403599773235,1307173843391,1,5.5022961460053921,6.0292,6.002944,1.8367,14551,0.001024,0.40422399999999997,,0.070656,0.256768,0.000256,0.237568,0.005376,0.040448,,0.0025599999999999998,,2.092032,9634,1041,0,
9635,68.869852699829934,1307173903683,1,6.4491000957787037,5.4993,5.485056,1.8433,14551,0.001024,0.40064,,0.061952,0.25651199999999996,0,0.238336,0.007424,0.038655999999999996,,0.002304,,1.6168959999999999,9635,1042,0,
9636,68.875067205215416,1307173958676,1,5.2145053632557392,6.0916,6.375424,2.1566,14551,0.001024,0.48384,,0.061952,0.61772799999999994,0,0.59904,0.007936,0.041215999999999996,,0.002816,,2.286848,9636,1043,0,
9637,68.881136104024947,1307174019592,1,6.06889883056283,5.6715,5.252352,1.8184,14551,0.001024,0.399872,,0.062208,0.260608,0.000256,0.242688,0.005632,0.039936,,0.002304,,1.819648,9637,1044,0,
9638,68.886541602891157,1307174076307,1,5.405498668551445,6.5414,5.981696,1.9362,14551,0.001024,0.40243199999999996,,0.062464,0.258048,0,0.239872,0.007424,0.041471999999999995,,0.003584,,2.265344,9638,1045,0,
9639,68.8926332057823,1307174141721,1,6.0916030779480934,4.862,5.447168,1.9303,14551,0.001024,0.4032,,0.071936,0.263936,0,0.24473599999999998,0.007424,0.03968,,0.003328,,1.861888,9639,1046,0,
9640,68.898519805839,1307174190341,1,5.886599887162447,6.238,6.068992,1.8148,14551,0.000768,0.400128,,0.07168,0.25856,0,0.239616,0.007424,0.037888,,0.0025599999999999998,,2.2336,9640,1047,0,
9641,68.9044279053288,1307174252721,1,5.9080994687974453,5.2185,5.79968,1.7632,14551,0.001024,0.491008,,0.062208,0.25728,0,0.23936,0.007424,0.039424,,0.003584,,2.012928,9641,1048,0,
9642,68.910138803854878,1307174304906,1,5.71089843288064,6.1004,5.8816,1.7541,14551,0.001024,0.401408,,0.065536,0.257536,0,0.23936,0.007424,0.037632,,0.0025599999999999998,,2.29376,9642,1049,0,
9643,68.9159575042517,1307174365910,1,5.8187004178762436,5.9584,5.759232,1.9675,14753,0.001024,0.39782399999999996,,0.062208,0.259584,0,0.24140799999999998,0.003584,0.038144,,0.003072,,1.620736,9643,1050,0,
9644,68.92187110260771,1307174425494,1,5.9135984629392624,6.0604,5.732096,1.8534,14551,0.001024,0.401152,,0.061952,0.452864,0.000256,0.4352,0.008704,0.038655999999999996,,0.0038399999999999997,,2.285824,9644,1051,0,
9645,68.927707206632647,1307174486098,1,5.836104042828083,6.1903,5.916672,1.8125,14551,0.001024,0.40038399999999996,,0.06784,0.257024,0,0.23884799999999998,0.0076799999999999993,0.038144,,0.002048,,2.473216,9645,1052,0,
9646,68.933528302154187,1307174548001,1,5.8210953138768673,5.2098,5.876224,1.9038,14551,0.003328,0.39782399999999996,,0.267264,0.256,0.000256,0.23782399999999998,0.007424,0.037632,,0.002816,,2.3948799999999997,9646,1053,0,
9647,68.939435905612243,1307174600099,1,5.9076035395264626,6.1992,5.809664,2.0188,14551,0.001024,0.403456,,0.062208,0.45952,0,0.23423999999999998,0.0097279999999999988,0.0384,,0.003328,,2.355712,9647,1054,0,
9648,68.944689604591829,1307174662091,1,5.253699142485857,5.7808,5.817088,1.9974,14551,0.001024,0.401408,,0.062208,0.25190399999999996,0.000256,0.23321599999999998,0.007168,0.038655999999999996,,0.003584,,2.3851519999999997,9648,1055,0,
9649,68.95078010204081,1307174719899,1,6.0904975980520248,5.5635,5.229824,1.8275,14551,0.000768,0.404736,,0.061695999999999994,0.256256,0,0.238592,0.0076799999999999993,0.039424,,0.004096,,1.62048,9649,1056,0,
9650,68.9566160005669,1307174775534,1,5.83589868620038,6.3529,6.042112,1.7711,14551,0.001024,0.403456,,0.06272,0.255232,0.000256,0.237312,0.003328,0.039168,,0.002304,,2.781952,9650,1057,0,
9651,68.961690504535142,1307174839063,1,5.07450383156538,5.743,5.902848,1.8409,20961,0.001024,0.40294399999999997,,0.062464,0.261888,0,0.24345599999999998,0.003072,0.040192,,0.004096,,2.51648,9651,1058,0,
9652,68.968025304705208,1307174896493,1,6.3348002731800079,5.7332,5.049856,1.9757,14551,0.001024,0.40064,,0.062208,0.260608,0,0.242688,0.007424,0.040448,,0.003072,,1.78944,9652,1059,0,
9653,68.9742700042517,1307174953825,1,6.2446994706988335,5.3074,6.312192,1.9762,14551,0.001024,0.402176,,0.063488,0.264192,0.000256,0.246272,0.0076799999999999993,0.040448,,0.002816,,2.6245119999999997,9653,1060,0,
9654,68.980510806405889,1307175006899,1,6.240802351385355,5.0131,6.164224,1.9617,14551,0.001024,0.40422399999999997,,0.068352,0.26239999999999997,0,0.2432,0.007936,0.039936,,0.003584,,2.4775679999999998,9654,1061,0,
9655,68.986952303004529,1307175057030,1,6.4414967782795429,6.2805,6.218752,1.9243,14551,0.001024,0.40294399999999997,,0.070912,0.262656,0,0.24192,0.0076799999999999993,0.038911999999999995,,0.003584,,1.774336,9655,1062,0,
9656,68.9938702026644,1307175119835,1,6.91789947450161,6.4928,6.3936,1.8587,14746,0.001024,0.49612799999999996,,0.45183999999999996,0.31001599999999996,0,0.283904,0.0076799999999999993,0.041984,,0.003328,,2.004992,9656,1063,0,
9657,69.000032100340135,1307175184763,1,6.1618974432349205,6.2093,7.005184,1.7555,14551,0.001024,0.407296,,0.075264,0.2688,0,0.24806399999999998,0.0084479999999999989,0.037888,,0.0038399999999999997,,2.194432,9657,1064,0,
9658,69.006124100056681,1307175246856,1,6.09199982136488,6.4999,6.073088,2.0938,14551,0.0012799999999999999,0.403456,,0.068352,0.262912,0,0.24345599999999998,0.008192,0.038144,,0.002816,,2.1862399999999997,9658,1065,0,
9659,69.011310005668932,1307175311855,1,5.18590584397316,6.689,6.133504,2.0472,14603,0.001024,0.40422399999999997,,0.068096,0.258816,0.000256,0.24064,0.0076799999999999993,0.039424,,0.003328,,1.766144,9659,1066,0,
9660,69.017829301303848,1307175378745,1,6.5192957408726215,6.6447,5.096448,1.9141,14753,0.001024,0.40192,,0.062208,0.26367999999999997,0,0.245248,0.0038399999999999997,0.040192,,0.0025599999999999998,,1.62048,9660,1067,0,
9661,69.023279301303859,1307175445192,1,5.4500000551342964,5.6396,6.504448,1.7942,14551,0.001024,0.487168,,0.52147199999999994,0.279808,0,0.252672,0.0038399999999999997,0.041728,,0.003328,,2.0290559999999997,9661,1068,0,
9662,69.029132801870745,1307175501588,1,5.8535006828606129,5.3397,5.491968,1.7763,14551,0.001024,0.399872,,0.062464,0.259584,0,0.24140799999999998,0.0076799999999999993,0.040704,,0.002304,,1.621248,9662,1069,0,
9663,69.035223405612243,1307175554985,1,6.090603768825531,6.6729,5.797632,1.8097,14551,0.001024,0.402688,,0.06272,0.260096,0,0.242176,0.007424,0.040704,,0.0038399999999999997,,1.8521599999999998,9663,1070,0,
9664,69.041438704648527,1307175621714,1,6.2152990140020847,5.142,6.098944,1.8973,14551,0.001024,0.40064,,0.062208,0.259328,0.000256,0.24140799999999998,0.007424,0.038144,,0.004096,,2.481664,9664,1071,0,
9665,69.047336401643989,1307175673134,1,5.8976970613002777,5.8482,6.129408,2.0753,14551,0.001024,0.40243199999999996,,0.061952,0.253696,0,0.23551999999999998,0.005888,0.039936,,0.003328,,2.1184,9665,1072,0,
9666,69.053231101190477,1307175731616,1,5.8946995995938778,6.2377,5.875712,1.823,14551,0.001024,0.402176,,0.062208,0.258048,0.000256,0.239872,0.003328,0.038911999999999995,,0.003072,,2.084864,9666,1073,0,
9667,69.058889101473923,1307175793993,1,5.6580002419650555,6.1959,5.946368,1.9185,14551,0.001024,0.39910399999999996,,0.061952,0.25779199999999997,0.000256,0.239872,0.006912,0.039424,,0.003072,,2.123008,9667,1074,0,
9668,69.065117205215415,1307175855952,1,6.2281037680804729,5.9158,5.639424,1.9377,14551,0.001024,0.402176,,0.062208,0.25907199999999997,0,0.24115199999999998,0.201984,0.03968,,0.002304,,2.1808639999999997,9668,1075,0,
9669,69.071040802154187,1307175915110,1,5.9235971421003342,6.3428,6.152192,1.9714,14551,0.001024,0.401408,,0.062208,0.258304,0,0.24012799999999998,0.007424,0.037632,,0.004096,,1.7303039999999998,9669,1076,0,
9670,69.076657001133782,1307175978538,1,5.6161987595260143,5.5489,5.963264,2.0407,14551,0.001024,0.40422399999999997,,0.06272,0.258304,0.000256,0.24012799999999998,0.005376,0.036864,,0.003584,,1.6230399999999998,9670,1077,0,
9671,69.082101204648524,1307176034027,1,5.44420350342989,5.9345,5.587712,1.9713,14551,0.001024,0.40064,,0.062208,0.255232,0.000256,0.23654399999999998,0.010752,0.039424,,0.003584,,2.1378559999999998,9671,1078,0,
9672,69.0887154053288,1307176093372,1,6.61420077085495,5.7224,5.4208,2.0862,14551,0.001024,0.40243199999999996,,0.062464,0.256,0,0.23782399999999998,0.007424,0.037888,,0.0025599999999999998,,1.622528,9672,1079,0,
9673,69.0948689058957,1307176150596,1,6.1535006389021873,5.7158,6.529792,2.2172,14551,0.001024,0.402176,,0.061952,0.69299199999999994,0,0.240384,0.00896,0.041471999999999995,,0.004096,,2.3232,9673,1080,0,
9674,69.10060030470521,1307176207754,1,5.7313987053930759,5.5767,6.197504,1.948,14551,0.0012799999999999999,0.49535999999999997,,0.068352,0.259328,0,0.24064,0.0076799999999999993,0.038911999999999995,,0.002816,,2.3216639999999997,9674,1081,0,
9675,69.107088399943308,1307176263521,1,6.4880950376391411,6.823,5.70624,2.2148,14551,0.001024,0.401408,,0.068096,0.259584,0,0.240896,0.008192,0.040959999999999996,,0.003584,,1.9944959999999998,9675,1082,0,
9676,69.112478904478451,1307176331751,1,5.3905043751001358,6.0305,6.38208,1.8945,14551,0.001024,0.40575999999999995,,0.07039999999999999,0.263168,0,0.244224,0.007936,0.041471999999999995,,0.004096,,2.004992,9676,1083,0,
9677,69.1180494047619,1307176392056,1,5.5705001577734947,5.3471,5.4464,1.8784,14753,0.001024,0.400896,,0.062208,0.260352,0.000256,0.242944,0.0076799999999999993,0.038911999999999995,,0.0038399999999999997,,1.831168,9677,1084,0,
9678,69.124015199829927,1307176445527,1,5.9657949022948742,6.9286,5.567232,1.8485,14551,0.001024,0.487168,,0.07039999999999999,0.260608,0,0.240896,0.007424,0.041728,,0.0038399999999999997,,1.8424319999999998,9678,1085,0,
9679,69.129983701814055,1307176514813,1,5.9685017913579941,5.0438,5.944064,1.7353,14551,0.44851199999999997,0.403456,,0.061952,0.262144,0,0.242176,0.007424,0.039424,,0.003072,,2.023168,9679,1086,0,
9680,69.135848802437636,1307176565251,1,5.865100771188736,5.626,5.879808,1.929,14551,0.001024,0.403968,,0.062208,0.25856,0,0.240896,0.0076799999999999993,0.039424,,0.002304,,1.624064,9680,1087,0,
9681,69.142241305272108,1307176621511,1,6.3925026915967464,5.878,5.90848,1.8232,14551,0.001024,0.401408,,0.061952,0.633856,0,0.615424,0.0076799999999999993,0.039168,,0.0025599999999999998,,1.6256,9681,1088,0,
9682,69.148031306689333,1307176680291,1,5.79000124707818,6.0138,6.307072,1.9459,14746,0.001024,0.401408,,0.062464,0.25779199999999997,0,0.239872,0.007424,0.03968,,0.002816,,1.629696,9682,1089,0,
9683,69.1538610048186,1307176740429,1,5.8296979404985905,6.3243,5.76384,1.8815,14551,0.001024,0.39936,,0.061952,0.260096,0,0.24192,0.004608,0.041215999999999996,,0.002816,,1.637376,9683,1090,0,
9684,69.159422505668928,1307176803672,1,5.5615007877349854,6.0086,5.80992,1.8199,14551,0.001024,0.40192,,0.071168,0.258048,0,0.238336,0.0076799999999999993,0.038655999999999996,,0.0038399999999999997,,2.0236799999999997,9684,1091,0,
9685,69.165408900226751,1307176863758,1,5.9863943606615067,5.9562,5.62688,1.8443,14551,0.001024,0.40243199999999996,,0.06784,0.25728,0,0.23936,0.0076799999999999993,0.038655999999999996,,0.003328,,2.01856,9685,1092,0,
9686,69.171361203231285,1307176923320,1,5.95230283215642,5.6965,5.90848,1.9402,14551,0.001024,0.40294399999999997,,0.064,0.257024,0.000256,0.23910399999999998,0.007936,0.0384,,0.004096,,2.0725759999999998,9686,1093,0,
9687,69.177199702380946,1307176980285,1,5.8384989388287067,5.4087,5.982464,1.9471,14551,0.001024,0.49075199999999997,,0.064,0.25907199999999997,0,0.24115199999999998,0.007424,0.037632,,0.002304,,1.6317439999999999,9687,1094,0,
9688,69.18267859977324,1307177034372,1,5.4788975976407528,6.106,5.32992,2.0499,14551,0.001024,0.489216,,0.06272,0.45260799999999995,0,0.23654399999999998,0.009216,0.038655999999999996,,0.002304,,1.8496,9688,1095,0,
9689,69.189073001700677,1307177095432,1,6.3944021239876747,5.9481,5.450752,1.8147,14551,0.001024,0.401152,,0.062208,0.256,0,0.237568,0.007424,0.03584,,0.003584,,1.6202239999999999,9689,1096,0,
9690,69.194499000850342,1307177154913,1,5.4259989410638809,5.8954,6.378496,1.8625,14551,0.001024,0.4032,,0.061439999999999995,0.697344,0,0.678912,0.010496,0.037632,,0.002816,,2.026496,9690,1097,0,
9691,69.200809601757371,1307177213867,1,6.3106007874011993,5.9656,5.469952,1.9044,14551,0.001024,0.400896,,0.061952,0.259328,0.000256,0.24140799999999998,0.007424,0.036351999999999995,,0.004096,,1.6217599999999999,9691,1098,0,
9692,69.2063125,1307177273523,1,5.502898246049881,6.1394,6.287616,2.1356,14551,0.001024,0.4032,,0.062208,0.683264,0,0.665088,0.003328,0.040959999999999996,,0.003328,,2.165504,9692,1099,0,
9693,69.211856101190477,1307177334917,1,5.5436012335121632,5.0044,5.435904,2.1447,14603,0.001024,0.40243199999999996,,0.062464,0.257536,0,0.239616,0.005888,0.040192,,0.002304,,1.6197119999999998,9693,1100,0,
9694,69.21797769982993,1307177384961,1,6.1215986497700214,6.3036,5.49888,1.9749,14753,0.001024,0.401408,,0.06272,0.686592,0.000256,0.669184,0.012032,0.042496,,0.0025599999999999998,,1.854464,9694,1101,0,
9695,69.223891206065758,1307177447997,1,5.9135062620043755,5.524,6.100736,1.9531,14551,0.001024,0.40038399999999996,,0.063744,0.257536,0.000256,0.23884799999999998,0.0076799999999999993,0.039936,,0.003328,,2.4855039999999997,9695,1102,0,
9696,69.229820401077092,1307177503237,1,5.9291948564350605,5.734,5.969152,1.8227,14551,0.001024,0.403456,,0.06272,0.257536,0.000256,0.23936,0.0076799999999999993,0.040192,,0.003072,,2.344448,9696,1103,0,
9697,69.235731505102038,1307177560577,1,5.9111039154231548,6.1131,5.902592,1.7675,14551,0.001024,0.40166399999999997,,0.071168,0.25984,0,0.240384,0.007424,0.039936,,0.002816,,2.0938239999999997,9697,1104,0,
9698,69.242164200680264,1307177621708,1,6.4326957799494267,5.7822,5.890304,1.7995,14551,0.001024,0.40243199999999996,,0.062208,0.61593599999999993,0.000256,0.237568,0.004608,0.041984,,0.003072,,1.633024,9698,1105,0,
9699,69.247854102891154,1307177679530,1,5.6899022310972214,6.1877,6.409984,2.39,14551,0.001024,0.40243199999999996,,0.062208,0.25779199999999997,0,0.23936,0.007424,0.03968,,0.0038399999999999997,,1.848064,9699,1106,0,
9700,69.254662400793649,1307177741407,1,6.8082977086305618,6.0108,5.671424,2.0112,14551,0.001024,0.402176,,0.061952,0.258048,0,0.24064,0.0076799999999999993,0.040959999999999996,,0.003072,,1.630464,9700,1107,0,
9701,69.260186302437646,1307177801515,1,5.5239014327526093,6.315,6.788608,1.9089,14551,0.000768,0.39808,,0.061952,1.5999999999999999,0,1.581824,0.003584,0.038655999999999996,,0.0025599999999999998,,2.048,9701,1108,0,
9702,69.266214703798184,1307177864665,1,6.0284011997282505,5.8776,5.499904,1.821,14551,0.001024,0.40371199999999996,,0.070656,0.259584,0,0.239872,0.0076799999999999993,0.038655999999999996,,0.004096,,1.6419839999999999,9702,1109,0,
9703,69.271641404478459,1307177923441,1,5.4267006926238537,6.3429,5.821952,1.7834,14551,0.001024,0.400896,,0.071168,0.260864,0,0.240896,0.007424,0.037632,,0.002816,,2.043904,9703,1110,0,
9704,69.277630102040817,1307177986870,1,5.9886975213885307,5.5946,5.3184,2.034,14551,0.001024,0.40371199999999996,,0.061952,0.257024,0,0.23910399999999998,0.0076799999999999993,0.037632,,0.0038399999999999997,,2.0823039999999997,9704,1111,0,
9705,69.283554301303852,1307178042816,1,5.9241992421448231,6.0181,6.050816,1.8283,32122,0.001024,0.491264,,0.062208,0.457472,0,0.24140799999999998,0.007424,0.038655999999999996,,0.0025599999999999998,,2.0339199999999997,9705,1112,0,
9706,69.289034601757365,1307178102997,1,5.480300635099411,5.5397,5.828352,2.0391,28936,0.001024,0.40038399999999996,,0.062208,0.25779199999999997,0.000256,0.23936,0.0076799999999999993,0.03584,,0.003584,,1.638912,9706,1113,0,
9707,69.295234502551011,1307178158394,1,6.19990099221468,5.9525,5.530112,1.943,14551,0.001024,0.401152,,0.062208,0.254976,0,0.236288,0.011264,0.036095999999999996,,0.003328,,2.018304,9707,1114,0,
9708,69.3007233064059,1307178217919,1,5.4888040758669376,6.1349,6.184192,1.852,14746,0.001024,0.4032,,0.067583999999999991,0.709888,0,0.691712,0.006144,0.03712,,0.0038399999999999997,,1.8539519999999998,9708,1115,0,
9709,69.306923100907028,1307178279268,1,6.1997943557798862,5.2062,5.3885439999999996,2.0143,14551,0.001024,0.40166399999999997,,0.061952,0.258816,0.000256,0.24064,0.0076799999999999993,0.039936,,0.002816,,1.619456,9709,1116,0,
9710,69.312435600907023,1307178331330,1,5.5125001817941666,6.372,6.163456,1.9091,14551,0.001024,0.40166399999999997,,0.062464,0.448256,0,0.43007999999999996,0.007424,0.040959999999999996,,0.0038399999999999997,,1.846784,9710,1117,0,
9711,69.318163704648526,1307178395050,1,5.7281036861240864,5.5547,5.097984,2.0817,14753,0.001024,0.40166399999999997,,0.06272,0.25856,0,0.240384,0.007424,0.040959999999999996,,0.003328,,1.828608,9711,1118,0,
9712,69.323637003968244,1307178450597,1,5.4732994176447392,6.132,5.755136,1.9159,14551,0.001024,0.40294399999999997,,0.06272,0.259584,0.000256,0.241664,0.007424,0.040704,,0.0038399999999999997,,1.852928,9712,1119,0,
9713,69.329694401927441,1307178511917,1,6.0573979280889034,5.4454,5.454848,1.7842,49693,0.001024,0.403456,,0.062208,0.62182399999999993,0.000256,0.60339199999999993,0.007424,0.03968,,0.004096,,1.635328,9713,1120,0,
9714,69.335858304988662,1307178566371,1,6.1639030463993549,5.5206,6.034688,2.0043,44699,0.001024,0.39936,,0.062464,0.6272,0.000256,0.608768,0.007424,0.040959999999999996,,0.004096,,2.313472,9714,1121,0,
9715,69.342049305555548,1307178621577,1,6.19100034236908,5.5642,6.154496,1.9439,14551,0.001024,0.48691199999999996,,0.061952,0.259584,0.000256,0.24140799999999998,0.0076799999999999993,0.03968,,0.002816,,2.187264,9715,1122,0,
9716,69.347899000850333,1307178677219,1,5.849695298820734,6.1376,6.092288,1.9239,14551,0.001024,0.400896,,0.062208,0.25856,0,0.24064,0.007424,0.040704,,0.0038399999999999997,,2.105344,9716,1123,0,
9717,69.353830505952374,1307178738595,1,5.9315050020813942,6.1595,5.898496,1.8371,14551,0.001024,0.401152,,0.061695999999999994,0.258048,0,0.239616,0.0076799999999999993,0.039936,,0.003072,,2.099456,9717,1124,0,
9718,69.3593758999433,1307178800190,1,5.545394029468298,6.056,5.903104,1.7978,14551,0.000768,0.40192,,0.252672,0.262144,0.000256,0.239616,0.0076799999999999993,0.037888,,0.002304,,2.471168,9718,1125,0,
9719,69.365455902777768,1307178860750,1,6.08000298961997,5.9352,5.50656,1.9712,14551,0.001024,0.4032,,0.064256,0.25984,0.000256,0.241664,0.0076799999999999993,0.038911999999999995,,0.004352,,1.628928,9719,1126,0,
9720,69.371426700680274,1307178920102,1,5.9707979671657085,5.9104,6.10048,1.872,14551,0.001024,0.40371199999999996,,0.067583999999999991,0.257024,0.000256,0.238592,0.007936,0.0384,,0.002816,,2.0436479999999997,9720,1127,0,
9721,69.37701160005669,1307178979206,1,5.5848993360996246,5.6339,5.874176,1.8646,14551,0.001024,0.400896,,0.064,0.256256,0.000256,0.238592,0.007936,0.03712,,0.002816,,2.0339199999999997,9721,1128,0,
9722,69.38245290532879,1307179035545,1,5.4413052275776863,6.0056,5.555712,1.8746,14551,0.001024,0.40064,,0.062208,0.257024,0,0.23910399999999998,0.0051199999999999996,0.037632,,0.003328,,1.622528,9722,1129,0,
9723,69.388834105725621,1307179095601,1,6.3812006264925,6.3548,5.49376,1.8583,14551,0.001024,0.40064,,0.062208,0.257024,0,0.23910399999999998,0.0051199999999999996,0.037632,,0.003328,,1.622528,9723,1130,0,
9724,69.394288903061224,1307179159149,1,5.4547972977161407,5.4757,6.35904,1.7711,14551,0.001024,0.40371199999999996,,0.062464,0.70528,0,0.68710399999999994,0.0076799999999999993,0.038911999999999995,,0.003328,,2.02496,9724,1131,0,
9725,69.4007367063492,1307179213906,1,6.4478032290935516,5.5445,5.439488,1.8637,14551,0.001024,0.399872,,0.062208,0.256768,0.000256,0.23884799999999998,0.007424,0.0384,,0.003072,,1.619456,9725,1132,0,
9726,69.4062617063492,1307179269351,1,5.5249999277293682,6.0184,6.372608,2.2288,14551,0.001024,0.401408,,0.062464,0.677376,0,0.24064,0.00896,0.040192,,0.003328,,2.287104,9726,1133,0,
9727,69.411629400510208,1307179329535,1,5.3676939569413662,5.6364,5.39776,1.8202,14603,0.001024,0.4032,,0.061952,0.258816,0,0.24064,0.003328,0.039936,,0.002304,,1.622272,9727,1134,0,
9728,69.418161805555556,1307179385899,1,6.532405037432909,6.9984,5.5168,2.1274,14753,0.001024,0.40166399999999997,,0.062464,0.689152,0,0.238592,0.00896,0.044288,,0.003328,,1.834752,9728,1135,0,
9729,69.423629499716554,1307179455883,1,5.4676942527294159,5.0261,6.505984,1.788,14551,0.001024,0.49075199999999997,,0.07168,0.262144,0,0.242176,0.007424,0.041471999999999995,,0.004096,,2.247168,9729,1136,0,
9730,69.429741099773238,1307179506144,1,6.11159997060895,5.0236,5.356032,1.9488,14551,0.001024,0.401408,,0.062464,0.25779199999999997,0,0.23936,0.007424,0.038144,,0.002816,,1.7587199999999998,9730,1137,0,
9731,69.43523860544218,1307179556380,1,5.4975058883428574,6.6435,5.756928,1.8121,14551,0.001024,0.40064,,0.067583999999999991,0.255488,0.000256,0.237312,0.007424,0.039424,,0.002304,,2.10304,9731,1138,0,
9732,69.441179606009072,1307179622815,1,5.9410007670521736,5.4442,5.467392,1.807,14551,0.001024,0.399872,,0.062208,0.258304,0,0.240384,0.007424,0.040448,,0.0025599999999999998,,2.024448,9732,1139,0,
9733,69.446928706065762,1307179677257,1,5.749099887907505,6.0098,5.920768,1.8138,14551,0.001024,0.39961599999999997,,0.06297599999999999,0.258048,0,0.239872,0.0076799999999999993,0.039168,,0.002304,,1.62944,9733,1140,0,
9734,69.452853904478459,1307179737355,1,5.9251985512673855,5.6472,5.718016,1.8069,14746,0.001024,0.39961599999999997,,0.068096,0.25779199999999997,0.000256,0.239616,0.007424,0.038655999999999996,,0.0038399999999999997,,2.107392,9734,1141,0,
9735,69.458686805555558,1307179793827,1,5.83290122449398,5.9119,5.84704,1.974,14551,0.001024,0.40422399999999997,,0.063232,0.44544,0,0.427264,0.0076799999999999993,0.040959999999999996,,0.0038399999999999997,,2.08384,9735,1142,0,
9736,69.464252402210874,1307179852946,1,5.5655967444181442,6.758,5.88928,1.9212,20961,0.001024,0.40422399999999997,,0.063232,0.44544,0,0.427264,0.0076799999999999993,0.040959999999999996,,0.0038399999999999997,,2.08384,9736,1143,0,
9737,69.46977890447846,1307179920526,1,5.526502151042223,5.1697,5.545728,1.8545,14551,0.001024,0.40166399999999997,,0.062464,0.25856,0.000256,0.240384,0.0051199999999999996,0.040704,,0.003072,,1.617408,9737,1144,0,
9738,69.475837903911568,1307179972223,1,6.0589993372559547,5.8337,5.507584,2.031,14551,0.001024,0.401408,,0.061952,0.262144,0,0.243968,0.007424,0.039424,,0.0025599999999999998,,1.622016,9738,1145,0,
9739,69.48161850198413,1307180030560,1,5.7805981487035751,5.557,6.041856,2.3913,14551,0.001024,0.39705599999999996,,0.061952,0.623104,0.000256,0.24140799999999998,0.009216,0.039936,,0.004352,,2.041344,9739,1146,0,
9740,69.487738704648521,1307180086130,1,6.1202025972306728,5.4488,5.756416,1.8644,14551,0.000768,0.400896,,0.061952,0.257024,0,0.23936,0.007424,0.038655999999999996,,0.004096,,1.632512,9740,1147,0,
9741,69.493494302721089,1307180140618,1,5.7555981911718845,5.999,6.10048,2.0717,14551,0.001024,0.401408,,0.062208,0.454912,0,0.43648,0.003584,0.039424,,0.0025599999999999998,,1.8424319999999998,9741,1148,0,
9742,69.499255505952377,1307180200608,1,5.7612033560872078,5.5875,5.731328,2.0201,14551,0.001024,0.40166399999999997,,0.062464,0.25651199999999996,0.000256,0.238336,0.0076799999999999993,0.0384,,0.003328,,1.632768,9742,1149,0,
9743,69.505248802437634,1307180256483,1,5.993296392261982,6.0257,5.737984,1.734,14551,0.001024,0.402176,,0.062208,0.45311999999999997,0,0.434432,0.007424,0.038144,,0.004096,,1.831424,9743,1150,0,
9744,69.510923100907021,1307180316740,1,5.6742983870208263,5.7309,5.905408,1.7861,14551,0.001024,0.40422399999999997,,0.070912,0.260608,0,0.240896,0.007424,0.039168,,0.002816,,2.037248,9744,1151,0,
9745,69.517340901360541,1307180374049,1,6.417800672352314,5.823,5.72928,1.8505,14753,0.001024,0.40243199999999996,,0.062208,0.254976,0.000256,0.237056,0.006656,0.038911999999999995,,0.003072,,2.0810239999999998,9745,1152,0,
9746,69.523165100623586,1307180432279,1,5.8241994120180607,6.6813,6.391808,2.0084,14551,0.001024,0.402688,,0.062464,0.25779199999999997,0,0.239872,0.007936,0.037376,,0.004352,,2.034432,9746,1153,0,
9747,69.529315504535148,1307180499092,1,6.1504039913415909,5.122,5.79712,2.0343,14551,0.001024,0.402688,,0.062208,0.259584,0,0.24192,0.007424,0.039936,,0.0025599999999999998,,1.617152,9747,1154,0,
9748,69.53558200113379,1307180550312,1,6.2664966098964214,6.508,6.14144,2.1058,20335,0.001024,0.40294399999999997,,0.062208,0.45183999999999996,0,0.43392,0.007424,0.040192,,0.002816,,2.419968,9748,1155,0,
9749,69.541959304138317,1307180615392,1,6.3773030415177345,5.6959,6.164736,2.0295,14551,0.0012799999999999999,0.48947199999999996,,0.068352,0.26111999999999996,0.000256,0.242688,0.005888,0.038655999999999996,,0.0025599999999999998,,1.7689599999999999,9749,1156,0,
9750,69.5477838010204,1307180672351,1,5.82449696958065,6.1369,6.361856,2.001,14551,0.001024,0.403968,,0.068608,0.26239999999999997,0.000256,0.2432,0.0076799999999999993,0.038911999999999995,,0.002816,,1.7738239999999998,9750,1157,0,
9751,69.553754903628118,1307180733720,1,5.9711025096476078,6.3266,5.865216,1.9027,14551,0.001024,0.401152,,0.068096,0.265472,0,0.24575999999999998,0.0076799999999999993,0.040704,,0.003072,,1.7768959999999998,9751,1158,0,
9752,69.559421704931964,1307180796986,1,5.6668012402951717,6.3902,5.784064,1.9405,14551,0.001024,0.400128,,0.061952,0.261632,0,0.242944,0.007424,0.040704,,0.003328,,2.313472,9752,1159,0,
9753,69.564835501700671,1307180860888,1,5.4137967526912689,6.4669,5.64992,1.932,14551,0.001024,0.40038399999999996,,0.06272,0.255232,0,0.237312,0.003072,0.0384,,0.003072,,2.06208,9753,1160,0,
9754,69.57281920351474,1307180925557,1,7.98370223492384,5.2536,5.399552,5.2536,28002,0.001024,0.399872,,0.062208,0.256256,0.000256,0.238336,0.003328,0.03712,,0.002304,,2.04288,9754,1161,0,
9755,69.578793005952377,1307180978093,1,5.9738024137914181,6.0639,5.412352,1.6097,14551,0.001024,0.402688,,0.063744,0.25574399999999997,0,0.237312,0.0076799999999999993,0.040448,,0.002816,,2.020096,9755,1162,0,
9756,69.584379606009065,1307181038732,1,5.5865999311208725,5.1359,5.712128,1.8932,14551,0.001024,0.40243199999999996,,0.061952,0.260352,0,0.242688,0.003072,0.040704,,0.002304,,1.626368,9756,1163,0,
9757,69.590700602324262,1307181090091,1,6.3209962099790573,8.1136,5.587712,2.0206,14551,0.001024,0.400128,,0.062208,0.257536,0.000256,0.239616,0.0076799999999999993,0.040448,,0.003072,,2.345984,9757,1164,0,
9758,69.596856802721092,1307181171227,1,6.1562005430459976,6.2996,6.340096,1.75,14551,0.002048,0.39936,,0.068608,0.255232,0.000256,0.23679999999999998,0.003584,0.039936,,0.002048,,2.47168,9758,1165,0,
9759,69.603345301870746,1307181234223,1,6.4884992316365242,5.2358,6.071552,1.9255,14551,0.001024,0.40064,,0.062208,0.262144,0,0.244224,0.007936,0.038655999999999996,,0.002304,,1.622272,9759,1166,0,
9760,69.609216999716551,1307181286581,1,5.8716977946460247,6.0913,6.530048,2.0091,14746,0.001024,0.48563199999999995,,0.070144,0.265984,0,0.246272,0.0076799999999999993,0.040959999999999996,,0.0025599999999999998,,2.0738559999999997,9760,1167,0,
9761,69.6151371031746,1307181347494,1,5.9201032854616642,6.1583,5.85344,1.9248,14603,0.001024,0.403456,,0.061952,0.25779199999999997,0,0.23936,0.007424,0.040448,,0.003584,,2.077696,9761,1168,0,
9762,69.6211207057823,1307181409077,1,5.9836027212440968,6.7121,5.910016,1.95,14898,0.001024,0.402688,,0.062208,0.45055999999999996,0,0.43263999999999997,0.007424,0.037376,,0.003328,,2.071808,9762,1169,0,
9763,69.627164200680269,1307181476198,1,6.0434946790337563,5.9791,5.958144,1.9372,14551,0.001024,0.39961599999999997,,0.062464,0.25856,0.000256,0.239872,0.007424,0.036351999999999995,,0.003328,,1.618944,9763,1170,0,
9764,69.6331086026077,1307181535989,1,5.9444019570946693,5.7449,6.015488,1.9111,14551,0.001024,0.402688,,0.062464,0.254976,0,0.23654399999999998,0.0076799999999999993,0.03968,,0.003328,,2.0236799999999997,9764,1171,0,
9765,69.63914320436507,1307181593438,1,6.03460194543004,6.0635,5.93024,1.7952,14551,0.001024,0.40166399999999997,,0.062208,0.257024,0,0.238336,0.003328,0.035328,,0.004096,,1.6199679999999999,9765,1172,0,
9766,69.645020904195007,1307181654073,1,5.8776997029781342,5.8313,6.0032,1.8731,14551,0.001024,0.40371199999999996,,0.06272,0.25446399999999997,0.000256,0.23654399999999998,0.007424,0.037888,,0.004352,,1.639424,9766,1173,0,
9767,69.651025304705215,1307181712386,1,6.0044005513191223,5.8667,5.855488,2.1074,14551,0.000768,0.40371199999999996,,0.062208,0.255488,0.000256,0.237568,0.007424,0.03712,,0.002304,,2.204672,9767,1174,0,
9768,69.657039101473927,1307181771053,1,6.0137966647744179,6.5227,5.988096,1.8934,14551,0.001024,0.40294399999999997,,0.062208,0.258816,0.000256,0.240896,0.0076799999999999993,0.040448,,0.002304,,2.302464,9768,1175,0,
9769,69.662696102607711,1307181836280,1,5.6570009328424931,5.9107,5.996288,2.0602,14551,0.001024,0.48870399999999997,,0.062464,0.637184,0,0.618752,0.007424,0.039168,,0.003328,,2.3052799999999998,9769,1176,0,
9770,69.668401204648518,1307181895387,1,5.7051018811762333,5.5839,5.63712,2.1643,14551,0.001024,0.48691199999999996,,0.062464,0.260352,0.000256,0.24243199999999998,0.0076799999999999993,0.039424,,0.003328,,1.8421759999999998,9770,1177,0,
9771,69.6740358064059,1307181951226,1,5.6346016936004162,6.1052,5.682944,2.0104,14551,0.001024,0.398848,,0.061695999999999994,0.26239999999999997,0,0.24345599999999998,0.008192,0.039168,,0.003584,,2.0321279999999997,9771,1178,0,
9772,69.680369805838993,1307182012278,1,6.3339993357658386,5.4609,5.54752,1.7771,14551,0.001024,0.40448,,0.070912,0.260352,0.000256,0.24115199999999998,0.0076799999999999993,0.040448,,0.004096,,1.839872,9772,1179,0,
9773,69.685848802437633,1307182066887,1,5.4789967834949493,5.7608,6.384128,1.7607,14551,0.001024,0.398848,,0.070912,0.259328,0,0.239872,0.0076799999999999993,0.039168,,0.0025599999999999998,,2.089216,9773,1180,0,
9774,69.691583106575962,1307182124495,1,5.7343039661645889,5.5649,5.446656,1.9192,14551,0.001024,0.40371199999999996,,0.061952,0.258816,0,0.240896,0.0051199999999999996,0.03968,,0.002304,,1.6217599999999999,9774,1181,0,
9775,69.697689902210882,1307182180144,1,6.1067957431077957,7.1153,5.725952,1.9599,14551,0.001024,0.402176,,0.06297599999999999,0.257024,0,0.238592,0.007424,0.039168,,0.003328,,2.103552,9775,1182,0,
9776,69.703569104308386,1307182251297,1,5.8792019262909889,4.9409,6.084608,1.9307,14551,0.001024,0.40422399999999997,,0.078336,0.25651199999999996,0,0.235264,0.011519999999999999,0.037888,,0.003584,,1.63456,9776,1183,0,
9777,69.709505704365071,1307182300706,1,5.9366002678871155,5.4887,5.857536,1.9704,49365,0.001024,0.401408,,0.061952,0.44672,0.000256,0.24012799999999998,0.009216,0.0384,,0.003328,,2.290432,9777,1184,0,
9778,69.7154463010204,1307182355593,1,5.9405965730547905,6.1665,5.919232,2.0202,14551,0.001024,0.403456,,0.062208,0.25907199999999997,0.000256,0.240896,0.007424,0.038144,,0.004352,,2.46272,9778,1185,0,
9779,69.721391999716545,1307182417258,1,5.9456988237798214,5.9047,5.91872,1.8862,14753,0.001024,0.40064,,0.06784,0.258048,0,0.239872,0.007424,0.039936,,0.002304,,2.0858879999999997,9779,1186,0,
9780,69.727539299886615,1307182476305,1,6.1473003588616848,6.0697,5.927424,2.0145,14551,0.001024,0.40192,,0.062208,0.258304,0,0.24012799999999998,0.003328,0.039168,,0.002304,,1.6217599999999999,9780,1187,0,
9781,69.733351601473913,1307182537002,1,5.8123017661273479,5.728,6.065152,1.9877,14551,0.000768,0.402176,,0.062464,0.44979199999999997,0,0.239616,0.009472,0.0384,,0.004096,,2.5538559999999997,9781,1188,0,
9782,69.739301799886618,1307182594282,1,5.9501985087990761,6.0646,5.855488,1.852,14551,0.001024,0.403968,,0.062464,0.25907199999999997,0,0.24064,0.0076799999999999993,0.039424,,0.003328,,2.384384,9782,1189,0,
9783,69.745242502834458,1307182654928,1,5.9407027438282967,6.5877,5.927936,2.1238,14551,0.001024,0.4032,,0.062208,0.257024,0.000256,0.238592,0.007424,0.036095999999999996,,0.0025599999999999998,,1.620992,9783,1190,0,
9784,69.751144104308381,1307182720805,1,5.9016016311943531,5.6121,5.882624,1.9152,14551,0.001024,0.40371199999999996,,0.061952,0.257536,0.000256,0.239872,0.003328,0.036351999999999995,,0.004096,,2.219264,9784,1191,0,
9785,69.7572586026077,1307182776926,1,6.114498246461153,5.7236,5.91872,1.866,14551,0.001024,0.403456,,0.062464,0.259584,0,0.24115199999999998,0.0076799999999999993,0.041215999999999996,,0.003072,,2.3083519999999997,9785,1192,0,
9786,69.762718501984125,1307182834162,1,5.4598995484411716,6.2281,6.093312,1.8497,14948,0.001024,0.40064,,0.062208,0.623872,0,0.605696,0.007424,0.038655999999999996,,0.0025599999999999998,,2.3313919999999997,9786,1193,0,
9787,69.769132206632648,1307182896443,1,6.4137047156691551,5.7649,5.443328,1.854,14551,0.001024,0.398592,,0.062208,0.25856,0,0.24064,0.0076799999999999993,0.039168,,0.003328,,1.62944,9787,1194,0,
9788,69.77471720521541,1307182954092,1,5.5849985219538212,5.9549,6.395136,1.9019,14551,0.001024,0.399872,,0.062208,0.680192,0,0.66201599999999994,0.008192,0.041984,,0.003328,,1.834752,9788,1195,0,
9789,69.781177501417233,1307183013641,1,6.4602959901094437,5.479,5.557248,2.0047,14551,0.001024,0.488448,,0.062208,0.26239999999999997,0,0.24473599999999998,0.0076799999999999993,0.040448,,0.002304,,1.63072,9789,1196,0,
9790,69.786870904195013,1307183068431,1,5.6934026069939137,6.3288,6.015232,2.0078,14551,0.001024,0.403456,,0.062464,0.6464,0,0.628224,0.007424,0.041728,,0.004352,,1.8273279999999998,9790,1197,0,
9791,69.793148405612243,1307183131719,1,6.2775015830993652,5.4989,5.663488,1.8887,14551,0.001024,0.486656,,0.061952,0.74752,0.000256,0.28876799999999997,0.010496,0.039936,,0.003072,,1.8472959999999998,9791,1198,0,
9792,69.799461104024942,1307183186708,1,6.3126985915005207,6.5778,6.321408,1.9558,14551,0.001024,0.40243199999999996,,0.071424,0.25907199999999997,0,0.239872,0.00896,0.039168,,0.003328,,2.028032,9792,1199,0,
9793,69.805400403911563,1307183252486,1,5.9392997063696384,5.9921,6.296064,1.8097,14551,0.433664,0.403968,,0.062208,0.25984,0.000256,0.24064,0.0076799999999999993,0.039168,,0.002816,,2.03264,9793,1200,0,
9794,69.8105288052721,1307183312407,1,5.1284013316035271,6.2353,5.9328,1.8133,14551,0.001024,0.4032,,0.061952,0.259328,0.000256,0.241664,0.0076799999999999993,0.037632,,0.002304,,2.041088,9794,1201,0,
9795,69.816430102040812,1307183374760,1,5.9012966230511665,5.9495,5.090816,2.0074,14603,0.001024,0.40294399999999997,,0.062208,0.25574399999999997,0,0.237568,0.0051199999999999996,0.039168,,0.002304,,1.62048,9795,1202,0,
9796,69.82260620039682,1307183434255,1,6.1760982498526573,6.0006,5.883392,1.8612,14753,0.001024,0.39910399999999996,,0.06272,0.25779199999999997,0.000256,0.239616,0.007424,0.037376,,0.004096,,1.621248,9796,1203,0,
9797,69.828311104024934,1307183494261,1,5.70490350946784,5.1068,6.161152,2.0393,14551,0.001024,0.39936,,0.260864,0.261632,0.000256,0.238336,0.0076799999999999993,0.038144,,0.003328,,2.4775679999999998,9797,1204,0,
9798,69.8342367063492,1307183545329,1,5.9256022796034813,6.0487,5.695232,1.8626,14551,0.001024,0.400896,,0.062464,0.254976,0,0.237056,0.007424,0.037376,,0.004352,,2.1027839999999998,9798,1205,0,
9799,69.840077600623573,1307183605816,1,5.8408943004906178,6.218,5.90592,1.9608,14551,0.001024,0.404736,,0.063744,0.258048,0,0.239872,0.007936,0.041728,,0.0025599999999999998,,2.484992,9799,1206,0,
9800,69.845977005385478,1307183667996,1,5.8994046412408352,5.6393,5.815552,1.9999,14551,0.001024,0.404736,,0.067583999999999991,0.258048,0.000256,0.239616,0.00896,0.039168,,0.002304,,2.3802879999999997,9800,1207,0,
9801,69.852565199829925,1307183724389,1,6.5881945192813873,5.8696,5.877504,1.8957,14551,0.001024,0.403456,,0.06272,0.635904,0,0.617472,0.0076799999999999993,0.039424,,0.003328,,2.2297599999999997,9801,1208,0,
9802,69.8583075042517,1307183783085,1,5.7423044927418232,5.8695,6.566144,1.9864,14551,0.0012799999999999999,0.40294399999999997,,0.458752,0.271872,0.000256,0.251392,0.006656,0.0384,,0.003328,,2.499584,9802,1209,0,
9803,69.864030605158732,1307183841780,1,5.7231010869145393,5.9653,5.650944,1.9491,14551,0.0012799999999999999,0.40294399999999997,,0.068608,0.262656,0,0.243968,0.0076799999999999993,0.037632,,0.0025599999999999998,,1.77152,9803,1210,0,
9804,69.870483000283443,1307183901433,1,6.4523951150476933,6.451,5.771776,2.007,14551,0.0012799999999999999,0.404736,,0.068608,0.262144,0,0.24371199999999998,0.007424,0.039168,,0.0025599999999999998,,1.761792,9804,1211,0,
9805,69.876020606575963,1307183965943,1,5.5376063100993633,5.9022,6.359552,2.0543,14551,0.001024,0.39961599999999997,,0.076288,0.265472,0,0.245248,0.0063999999999999994,0.040959999999999996,,0.004352,,2.0805119999999997,9805,1212,0,
9806,69.881459502551024,1307184024965,1,5.4388958960771561,5.5132,5.587712,1.8804,14551,0.001024,0.48691199999999996,,0.062208,0.257024,0,0.23884799999999998,0.0076799999999999993,0.03712,,0.002304,,1.624576,9806,1213,0,
9807,69.887313300736963,1307184080097,1,5.8537982404232025,6.5721,5.41824,1.794,14551,0.001024,0.402688,,0.062208,0.259584,0,0.241664,0.0076799999999999993,0.039168,,0.0025599999999999998,,1.818624,9807,1214,0,
9808,69.893736805555548,1307184145818,1,6.4235050231218338,5.8262,5.836032,1.8952,14551,0.001024,0.401408,,0.062208,0.25651199999999996,0.000256,0.23807999999999999,0.0076799999999999993,0.038655999999999996,,0.003072,,2.09792,9808,1215,0,
9809,69.899430300453517,1307184204080,1,5.6934948079288006,4.9799,6.328832,1.9532,14551,0.001024,0.40448,,0.064,0.259328,0,0.24115199999999998,0.0076799999999999993,0.038144,,0.003328,,2.03136,9809,1216,0,
9810,69.90519630102041,1307184253879,1,5.7660005986690521,5.9098,5.746944,2.1701,14551,0.001024,0.40064,,0.062208,0.258816,0.000256,0.24064,0.007424,0.037888,,0.0025599999999999998,,1.6232959999999999,9810,1217,0,
9811,69.911326601473917,1307184312977,1,6.1303004622459412,6.5622,5.752576,1.9056,14551,0.001024,0.400896,,0.062464,0.451072,0,0.43263999999999997,0.0076799999999999993,0.037888,,0.0038399999999999997,,1.8426879999999999,9811,1218,0,
9812,69.91686910430839,1307184378599,1,5.5425027385354042,5.5312,6.03264,1.9032,14746,0.001024,0.4864,,0.067328,0.258048,0,0.23910399999999998,0.008192,0.038144,,0.0025599999999999998,,2.021376,9812,1219,0,
9813,69.92282080498866,1307184433911,1,5.9517007321119308,6.7371,5.57952,1.8177,14753,0.001024,0.40038399999999996,,0.061952,0.256,0.000256,0.237568,0.0076799999999999993,0.0384,,0.003072,,1.6299519999999998,9813,1220,0,
9814,69.928947101757373,1307184501282,1,6.1262967064976692,5.4549,5.934336,1.8652,14551,0.001024,0.400128,,0.061439999999999995,0.256768,0,0.23807999999999999,0.007424,0.037376,,0.003584,,2.0441599999999998,9814,1221,0,
9815,69.934993303571432,1307184555831,1,6.0462020337581635,5.3663,6.112,1.8281,14551,0.196096,0.40703999999999996,,0.062208,0.25907199999999997,0,0.240896,0.0076799999999999993,0.040448,,0.0038399999999999997,,2.03648,9815,1222,0,
9816,69.940722406462584,1307184609494,1,5.7291029952466488,5.9855,5.831936,1.8423,14551,0.001024,0.4864,,0.061952,0.624128,0,0.24064,0.00896,0.040959999999999996,,0.002816,,2.10176,9816,1223,0,
9817,69.946931901927428,1307184669349,1,6.2094954773783684,6.1928,5.703168,1.8447,14551,0.001024,0.4032,,0.061952,0.255232,0,0.237312,0.007424,0.038911999999999995,,0.003072,,1.995008,9817,1224,0,
9818,69.9524211026077,1307184731277,1,5.4892008192837238,6.1175,5.71776,1.9178,14551,0.001024,0.399872,,0.062208,0.258816,0.000256,0.240896,0.00896,0.037888,,0.004096,,1.635328,9818,1225,0,
9819,69.958285905612243,1307184792452,1,5.8648032136261463,5.7301,5.55904,1.8462,14551,0.001024,0.40064,,0.06272,0.258048,0.000256,0.24012799999999998,0.007424,0.039424,,0.002304,,1.6197119999999998,9819,1226,0,
9820,69.963800701530616,1307184849753,1,5.5147958919405937,6.1294,5.849344,2.0313,14551,0.001024,0.39910399999999996,,0.06272,0.258304,0.000256,0.240384,0.004608,0.040192,,0.002816,,2.1022719999999997,9820,1227,0,
9821,69.970304903628119,1307184911047,1,6.5042022615671158,5.4022,5.505792,1.8828,20961,0.001024,0.402176,,0.061952,0.25779199999999997,0.000256,0.239616,0.007424,0.030719999999999997,,0.002816,,1.6184319999999999,9821,1228,0,
9822,69.975722200963716,1307184965069,1,5.4172971285879612,5.9743,6.486528,2.1117,14551,0.001024,0.40166399999999997,,0.062208,0.62771199999999994,0,0.61004799999999992,0.0076799999999999993,0.040959999999999996,,0.0038399999999999997,,2.112768,9822,1229,0,
9823,69.9817498015873,1307185024812,1,6.0276007279753685,5.4761,5.402112,1.8655,14551,0.001024,0.488448,,0.062208,0.256256,0,0.238592,0.0076799999999999993,0.037888,,0.0038399999999999997,,1.636096,9823,1230,0,
9824,69.987494905045352,1307185079573,1,5.74510358273983,6.4325,5.927424,2.1613,14551,0.001024,0.40371199999999996,,0.062208,0.25779199999999997,0.000256,0.239616,0.371712,0.040448,,0.004352,,2.321408,9824,1231,0,
9825,69.9934496031746,1307185143898,1,5.9546981938183308,5.3746,5.42464,2.1044,14551,0.001024,0.401408,,0.062208,0.257536,0,0.239872,0.007424,0.038655999999999996,,0.003584,,1.803264,9825,1232,0,
9826,69.999646102607713,1307185197644,1,6.1964993365108967,6.3131,5.929216,1.8998,14551,0.001024,0.39910399999999996,,0.062208,0.256,0,0.237568,0.007424,0.038144,,0.003328,,1.99552,9826,1233,0,
9827,70.005330002834469,1307185260775,1,5.6839003227651119,5.4231,6.110976,1.9925,14551,0.001024,0.39961599999999997,,0.063744,0.258048,0.000256,0.24012799999999998,0.0076799999999999993,0.038144,,0.004096,,2.015488,9827,1234,0,
9828,70.01129050453514,1307185315006,1,5.9605017304420471,5.9558,5.741312,1.9588,14551,0.001024,0.40192,,0.062208,0.258048,0,0.24012799999999998,0.007424,0.037632,,0.002304,,1.837824,9828,1235,0,
9829,70.016842106009065,1307185374564,1,5.55160129442811,6.4361,5.934592,1.9885,14603,0.000768,0.4032,,0.067071999999999993,0.259328,0,0.23936,0.006912,0.038144,,0.0038399999999999997,,2.029824,9829,1236,0,
9830,70.022824503968252,1307185438925,1,5.9823980554938316,5.4687,5.530624,1.832,14753,0.001024,0.40448,,0.062464,0.255488,0.000256,0.237568,0.007424,0.037376,,0.002304,,1.625344,9830,1237,0,
9831,70.028580902777776,1307185493612,1,5.7563986629247665,6.3951,5.95584,1.8029,14551,0.001024,0.400128,,0.061952,0.256,0,0.23782399999999998,0.0076799999999999993,0.037376,,0.004096,,2.0175359999999998,9831,1238,0,
9832,70.034142701247163,1307185557563,1,5.561798345297575,5.2111,5.752064,1.8265,14551,0.001024,0.400896,,0.061952,0.26444799999999996,0.000256,0.24473599999999998,0.007936,0.040959999999999996,,0.0038399999999999997,,2.044928,9832,1239,0,
9833,70.039859800170063,1307185609674,1,5.7170987129211426,5.8612,5.543936,2.0745,14551,0.001024,0.402688,,0.061952,0.259328,0,0.24140799999999998,0.0076799999999999993,0.03968,,0.002304,,2.127872,9833,1240,0,
9834,70.045890405328791,1307185668286,1,6.030605174601078,5.9306,5.677824,1.9954,14551,0.001024,0.4032,,0.062464,0.44799999999999995,0.000256,0.429824,0.007424,0.040192,,0.003328,,2.04928,9834,1241,0,
9835,70.05151390306122,1307185727592,1,5.6234975345432758,5.5232,6.02624,1.9479,14551,0.001024,0.40243199999999996,,0.070656,0.260864,0.000256,0.241664,0.003072,0.038655999999999996,,0.003584,,1.636096,9835,1242,0,
9836,70.0576785005669,1307185782824,1,6.1645973473787308,5.575,5.6,1.949,14551,0.001024,0.40192,,0.061952,0.61670399999999992,0.000256,0.59904,0.0076799999999999993,0.040959999999999996,,0.003328,,1.807616,9836,1243,0,
9837,70.06326910430839,1307185838574,1,5.5906036868691444,6.5256,6.06848,1.8567,14551,0.001024,0.40243199999999996,,0.071424,0.26700799999999997,0.000256,0.24703999999999998,0.007424,0.039936,,0.004096,,1.632256,9837,1244,0,
9838,70.069232603458047,1307185903830,1,5.963499192148447,5.2824,5.6448,2.0275,14746,0.001024,0.402688,,0.062464,0.621312,0,0.603136,0.007424,0.039936,,0.004096,,1.8355199999999998,9838,1245,0,
9839,70.074752501417237,1307185956654,1,5.5198981426656246,6.7096,5.950976,1.8991,14551,0.001024,0.40243199999999996,,0.071168,0.261632,0.000256,0.242688,0.011776,0.040192,,0.002304,,1.836288,9839,1246,0,
9840,70.081414101473925,1307186023750,1,6.6615999676287174,5.0572,5.489152,2.0741,14551,0.001024,0.48819199999999996,,0.061952,0.69043199999999993,0,0.286464,0.007936,0.04224,,0.004096,,1.812992,9840,1247,0,
9841,70.0875077026644,1307186074322,1,6.0936012305319309,6.0048,6.586112,1.9938,14551,0.001024,0.48819199999999996,,0.061952,0.69043199999999993,0,0.286464,0.007936,0.04224,,0.004096,,1.812992,9841,1248,0,
9842,70.093883404195012,1307186134370,1,6.3757016323506832,5.6046,6.07104,2.0406,14551,0.001024,0.40294399999999997,,0.071168,0.258816,0,0.239872,0.003328,0.038911999999999995,,0.003328,,1.831168,9842,1249,0,
9843,70.099736203231288,1307186190416,1,5.85279893130064,7.3689,6.364416,1.8786,14551,0.001024,0.39910399999999996,,0.062208,0.257024,0,0.23936,0.007936,0.038655999999999996,,0.003072,,2.05056,9843,1250,0,
9844,70.105719501133791,1307186264105,1,5.98329771310091,5.1969,5.890048,1.9188,14551,0.001024,0.40243199999999996,,0.061952,0.26111999999999996,0,0.242176,0.007424,0.038655999999999996,,0.002304,,1.9980799999999999,9844,1251,0,
9845,70.110805704365077,1307186316074,1,5.0862031057477,6.5619,5.9328,2.0113,14551,0.001024,0.40243199999999996,,0.062464,0.257024,0,0.23884799999999998,0.007424,0.0384,,0.0025599999999999998,,2.003968,9845,1252,0,
9846,70.116865001417224,1307186381693,1,6.0592968948185444,5.6257,5.090816,1.9612,14551,0.001024,0.401408,,0.062464,0.256768,0,0.23884799999999998,0.0097279999999999988,0.036608,,0.003584,,1.6230399999999998,9846,1253,0,
9847,70.1226404053288,1307186437950,1,5.7754036970436573,6.3642,5.96992,1.9362,14753,0.001024,0.4032,,0.06297599999999999,0.258048,0,0.24012799999999998,0.003072,0.03712,,0.002304,,2.056704,9847,1254,0,
9848,70.128297505668925,1307186501592,1,5.65710011869669,4.7277,5.561344,1.7814,14551,0.001024,0.40038399999999996,,0.062208,0.257024,0,0.239616,0.0076799999999999993,0.03712,,0.0038399999999999997,,2.104832,9848,1255,0,
9849,70.1342621031746,1307186548869,1,5.964597687125206,6.0802,5.688064,1.9308,14551,0.001024,0.40166399999999997,,0.062208,0.254976,0,0.23654399999999998,0.007424,0.037632,,0.0038399999999999997,,1.9965439999999999,9849,1256,0,
9850,70.140228706065756,1307186609671,1,5.9666028246283531,5.8723,5.95968,1.7789,14551,0.001024,0.402176,,0.067328,0.68352,0.000256,0.66534399999999994,0.007936,0.040448,,0.004096,,2.034432,9850,1257,0,
9851,70.146084601757366,1307186668394,1,5.8558955788612366,5.4602,5.924864,1.8249,14551,0.001024,0.39961599999999997,,0.252928,0.260096,0.000256,0.24140799999999998,0.008192,0.03968,,0.002816,,2.032896,9851,1258,0,
9852,70.151842906746026,1307186722996,1,5.7583050802350044,6.1203,5.862656,1.9725,14551,0.001024,0.403968,,0.062464,0.258304,0,0.24012799999999998,0.010496,0.040448,,0.0038399999999999997,,1.627392,9852,1259,0,
9853,70.157851204648523,1307186784199,1,6.0082976706326008,5.9835,5.666048,1.9712,14551,0.001024,0.403456,,0.062208,0.623104,0,0.60518399999999994,0.007936,0.040448,,0.003072,,1.8542079999999999,9853,1260,0,
9854,70.163988903061224,1307186844034,1,6.1376984231173992,5.7832,6.056448,1.8598,14551,0.001024,0.40294399999999997,,0.07168,0.259328,0.000256,0.239872,0.003584,0.036095999999999996,,0.003584,,1.637632,9854,1261,0,
9855,70.169526105442174,1307186901866,1,5.5372025817632675,5.9363,6.060032,1.9892,14551,0.001024,0.400128,,0.061952,0.775168,0,0.756992,0.007936,0.039168,,0.004096,,1.8488319999999998,9855,1262,0,
9856,70.175876601473917,1307186961229,1,6.3504958525300026,5.7509,5.518848,1.8469,14551,0.001024,0.403968,,0.061952,0.258816,0,0.24115199999999998,0.003072,0.040959999999999996,,0.004352,,1.841408,9856,1263,0,
9857,70.181423703231289,1307187018738,1,5.5471016094088554,6.3799,5.968896,1.7854,14551,0.001024,0.48614399999999997,,0.061952,0.25907199999999997,0,0.24064,0.004608,0.040448,,0.003072,,2.2727679999999997,9857,1264,0,
9858,70.1865202026644,1307187082537,1,5.0964993424713612,5.6537,5.510912,1.9617,14551,0.001024,0.398848,,0.061952,0.256,0,0.23807999999999999,0.0076799999999999993,0.038655999999999996,,0.003328,,1.838336,9858,1265,0,
9859,70.192773504818589,1307187139074,1,6.2533020973205566,5.9445,5.12256,1.9188,14551,0.001024,0.40038399999999996,,0.062208,0.256256,0,0.238336,0.007424,0.0384,,0.002816,,1.846784,9859,1266,0,
9860,70.198478706065757,1307187198519,1,5.70520106703043,5.562,6.176256,1.8219,14551,0.001024,0.403456,,0.071936,0.25779199999999997,0,0.238336,0.007936,0.038655999999999996,,0.0038399999999999997,,2.30784,9860,1267,0,
9861,70.204429003684808,1307187254139,1,5.9502976946532726,5.0604,5.744128,1.9527,14551,0.001024,0.398592,,0.061952,0.262144,0,0.24447999999999998,0.007936,0.038911999999999995,,0.003072,,1.632256,9861,1268,0,
9862,70.21002360402494,1307187304743,1,5.5946004576981068,6.3105,5.929216,1.8436,14551,0.001024,0.40243199999999996,,0.062208,0.40499199999999996,0,0.386048,0.007424,0.038911999999999995,,0.003072,,2.304256,9862,1269,0,
9863,70.2157533021542,1307187367848,1,5.7296981103718281,5.704,5.383168,1.9388,14551,0.001024,0.48563199999999995,,0.062464,0.257536,0,0.239616,0.003072,0.03712,,0.002816,,1.629184,9863,1270,0,
9864,70.221718303571421,1307187424888,1,5.9650014154613018,5.9001,5.701888,1.8214,15000,0.001024,0.403456,,0.062208,0.258048,0,0.24012799999999998,0.0076799999999999993,0.037888,,0.0038399999999999997,,2.0858879999999997,9864,1271,0,
9865,70.227408000283447,1307187483889,1,5.6896968744695187,5.8294,5.938944,1.9818,14551,0.001024,0.40192,,0.06784,0.696832,0.000256,0.678912,0.007424,0.039936,,0.0038399999999999997,,2.02496,9865,1272,0,
9866,70.23361730442177,1307187542183,1,6.2093040905892849,5.8461,5.680384,1.935,14551,0.000768,0.401408,,0.061952,0.447744,0.000256,0.43007999999999996,0.007424,0.037632,,0.004352,,1.8191359999999999,9866,1273,0,
9867,70.239790306122444,1307187600644,1,6.1730016022920609,6.734,6.174208,2.1261,14551,0.001024,0.39961599999999997,,0.06272,0.25984,0,0.24140799999999998,0.004096,0.039936,,0.0038399999999999997,,2.187008,9867,1274,0,
9868,70.245592602040816,1307187667984,1,5.8022961020469666,4.7094,5.707264,1.9434,14551,0.001024,0.40371199999999996,,0.07168,0.25984,0.000256,0.24115199999999998,0.0076799999999999993,0.039936,,0.0038399999999999997,,2.200832,9868,1275,0,
9869,70.251695804988657,1307187715078,1,6.1032031662762165,6.2699,5.772544,1.9769,14551,0.001024,0.400896,,0.068352,0.36403199999999997,0,0.278016,0.008192,0.041215999999999996,,0.003584,,1.769984,9869,1276,0,
9870,70.2574633999433,1307187777777,1,5.7675950229167938,6.3473,6.093568,2.1683,14551,0.001024,0.404736,,0.071168,0.256256,0.000256,0.236288,0.003584,0.041471999999999995,,0.0025599999999999998,,1.840128,9870,1277,0,
9871,70.263280406746034,1307187841250,1,5.8170068077743053,5.7271,5.741312,1.9965,14551,0.001024,0.400896,,0.070912,0.257536,0,0.23782399999999998,0.0038399999999999997,0.036864,,0.002816,,1.84192,9871,1278,0,
9872,70.269862400793642,1307187898521,1,6.5819942392408848,5.887,5.794304,1.8698,14551,0.001024,0.40371199999999996,,0.062208,0.260096,0.000256,0.241664,0.010496,0.039424,,0.003072,,1.6281599999999998,9872,1279,0,
9873,70.275747200963721,1307187957391,1,5.8848001062870026,5.8047,6.57024,1.9826,14551,0.001024,0.40371199999999996,,0.062208,0.9963519999999999,0.000256,0.241664,0.008704,0.043264,,0.003328,,1.8496,9873,1280,0,
9874,70.281561203231291,1307188015438,1,5.8140023611485958,6.0451,5.858048,1.9349,14551,0.001024,0.40243199999999996,,0.062208,0.257024,0.000256,0.23910399999999998,0.0076799999999999993,0.03968,,0.004096,,1.851392,9874,1281,0,
9875,70.286712804705218,1307188075889,1,5.1516015082597733,6.3366,5.797888,2.115,14551,0.001024,0.40064,,0.061695999999999994,0.260096,0.000256,0.242176,0.0076799999999999993,0.038655999999999996,,0.002816,,1.828608,9875,1282,0,
9876,70.292527600623586,1307188139255,1,5.8147958479821682,5.9946,5.06496,2.2172,14551,0.001024,0.402688,,0.062464,0.256768,0.000256,0.23884799999999998,0.006144,0.0384,,0.0038399999999999997,,1.83168,9876,1283,0,
9877,70.298818303571423,1307188199201,1,6.29070308059454,5.7586,5.860608,1.866,14551,0.001024,0.39808,,0.07168,0.258048,0,0.238592,0.0076799999999999993,0.066304,,0.003328,,1.635328,9877,1284,0,
9878,70.304693105158734,1307188256787,1,5.8748014271259308,5.2795,6.272768,2.0172,14551,0.001024,0.397312,,0.06297599999999999,0.783616,0.000256,0.76544,0.007936,0.066304,,0.0038399999999999997,,2.096384,9878,1285,0,
9879,70.310629606009073,1307188309582,1,5.9365010820329189,5.5436,5.84832,1.8003,14551,0.001024,0.48691199999999996,,0.061952,0.257536,0.000256,0.23910399999999998,0.007424,0.0384,,0.004096,,1.632256,9879,1286,0,
9880,70.315997505668932,1307188365018,1,5.3678997792303562,6.3971,5.914368,1.7973,14551,0.001024,0.40064,,0.062208,0.406528,0.000256,0.388096,0.007424,0.037888,,0.002816,,2.290944,9880,1287,0,
9881,70.321952501417229,1307188428989,1,5.95499575138092,5.7203,5.348352,1.7826,14753,0.001024,0.40294399999999997,,0.062208,0.25574399999999997,0,0.237568,0.0076799999999999993,0.037888,,0.002816,,1.629696,9881,1288,0,
9882,70.328150800736964,1307188486192,1,6.1982991173863411,5.9325,5.942528,1.8644,14551,0.001024,0.4032,,0.062464,0.25651199999999996,0,0.238336,0.0076799999999999993,0.036864,,0.0025599999999999998,,2.10688,9882,1289,0,
9883,70.334242800453509,1307188545517,1,6.09199982136488,5.867,6.17216,2.0892,14551,0.001024,0.48691199999999996,,0.068608,0.43468799999999996,0,0.41676799999999997,0.007424,0.036864,,0.0038399999999999997,,2.032896,9883,1290,0,
9884,70.340359105725625,1307188604187,1,6.1163054779171944,5.8483,6.080768,1.9507,14551,0.001024,0.40192,,0.062464,0.256,0,0.238592,0.008192,0.039424,,0.003328,,1.634304,9884,1291,0,
9885,70.346637903911557,1307188662670,1,6.27879798412323,6.0129,6.086912,2.0861,14551,0.001024,0.48358399999999996,,0.063744,0.258816,0,0.240896,0.0076799999999999993,0.03968,,0.004096,,2.0236799999999997,9885,1292,0,
9886,70.352956200396818,1307188722799,1,6.318296305835247,6.2201,5.978112,1.8787,14551,0.001024,0.39961599999999997,,0.06272,0.620288,0.000256,0.602368,0.007424,0.039424,,0.004096,,2.306816,9886,1293,0,
9887,70.358042502834465,1307188785000,1,5.0863022916018963,6.0801,6.28864,1.9145,14551,0.001024,0.402176,,0.068608,0.260096,0,0.24115199999999998,0.0076799999999999993,0.03968,,0.0038399999999999997,,2.382848,9887,1294,0,
9888,70.363223703231284,1307188845801,1,5.1812003366649151,6.0968,5.067776,1.8279,14551,0.001024,0.406528,,0.068096,0.262912,0.000256,0.244224,0.0076799999999999993,0.040959999999999996,,0.004352,,1.762816,9888,1295,0,
9889,70.3681292020975,1307188906769,1,4.9054990522563457,6.3758,5.083904,1.8581,14551,0.001024,0.40499199999999996,,0.068352,0.25907199999999997,0.000256,0.239872,0.006656,0.038655999999999996,,0.002816,,1.7623039999999999,9889,1296,0,
9890,70.374216099773236,1307188970527,1,6.0868975706398487,5.2372,4.967168,1.8655,14746,0.001024,0.40448,,0.068352,0.263424,0,0.243968,0.0076799999999999993,0.040959999999999996,,0.003328,,1.7254399999999999,9890,1297,0,
9891,70.380524999999992,1307189022899,1,6.3089001923799515,4.935,6.052352,1.8673,14551,0.001024,0.399872,,0.062464,0.260096,0,0.24192,0.007424,0.037888,,0.0025599999999999998,,1.620736,9891,1298,0,
9892,70.386859006519273,1307189072249,1,6.3340063206851482,4.8892,6.28992,1.7418,14551,0.001024,0.40192,,0.061952,0.257024,0.000256,0.23884799999999998,0.007424,0.039936,,0.002816,,1.6335359999999999,9892,1299,0,
9893,70.392814505385488,1307189121141,1,5.9554986655712128,6.0554,6.254848,1.7839,14551,0.001024,0.39936,,0.438528,0.260096,0.000256,0.24012799999999998,0.007424,0.040192,,0.0038399999999999997,,2.2412799999999997,9893,1300,0,
9894,70.398892602040817,1307189181695,1,6.0780965723097324,6.3556,5.928448,1.8079,14551,0.001024,0.403968,,0.062464,0.259584,0,0.24140799999999998,0.007424,0.038144,,0.003072,,2.199296,9894,1301,0,
9895,70.40475050311791,1307189245251,1,5.857901182025671,6.4952,6.06848,1.9917,14551,0.001024,0.48819199999999996,,0.067583999999999991,0.260352,0.000256,0.242176,0.007424,0.037888,,0.003584,,2.109184,9895,1302,0,
9896,70.410481703514733,1307189310203,1,5.7312003336846828,5.7929,5.892864,1.991,14551,0.001024,0.40371199999999996,,0.062208,0.25856,0,0.240896,0.007424,0.038655999999999996,,0.0025599999999999998,,1.987584,9896,1303,0,
9897,70.416306703514735,1307189368132,1,5.8249998837709427,6.1471,5.709568,1.8599,14551,0.001024,0.403456,,0.24371199999999998,0.257536,0.000256,0.23910399999999998,0.0076799999999999993,0.038911999999999995,,0.002816,,1.627904,9897,1304,0,
9898,70.422746003401357,1307189429603,1,6.439299788326025,5.9339,5.810432,1.8132,14805,0.001024,0.399872,,0.062208,0.451328,0.000256,0.433664,0.007424,0.039936,,0.0038399999999999997,,2.020352,9898,1305,0,
9899,70.428735501700672,1307189488942,1,5.9894984588027,5.7391,6.040064,2.0604,14551,0.001024,0.399872,,0.062208,0.451328,0.000256,0.433664,0.007424,0.039936,,0.0038399999999999997,,2.020352,9899,1306,0,
9900,70.434541099773242,1307189546333,1,5.8055981062352657,5.745,5.955072,2.5819,14551,0.001024,0.40371199999999996,,0.062208,0.258048,0,0.240384,0.204544,0.037632,,0.004096,,1.6368639999999999,9900,1307,0,
9901,70.440476799886625,1307189603783,1,5.93570014461875,7.6488,5.978112,2.0613,14551,0.001024,0.496384,,0.064256,0.256256,0.000256,0.237312,0.003584,0.039936,,0.0025599999999999998,,1.6181759999999998,9901,1308,0,
9902,70.4469533021542,1307189680271,1,6.4765023998916149,5.1788,5.918208,1.9232,14551,0.001024,0.40294399999999997,,0.068096,0.25728,0.000256,0.239616,0.0076799999999999993,0.040959999999999996,,0.004352,,1.9993599999999998,9902,1309,0,
9903,70.453153302154192,1307189732059,1,6.2000001780688763,5.8738,6.373888,1.9407,14551,0.000768,0.40166399999999997,,0.062208,0.261376,0,0.242944,0.0076799999999999993,0.039936,,0.002048,,1.621248,9903,1310,0,
9904,70.459554606009064,1307189790797,1,6.4013036899268627,5.4349,6.260992,1.8799,14551,0.001024,0.494336,,0.068608,0.2688,0.000256,0.24934399999999998,0.0076799999999999993,0.037632,,0.002304,,1.754624,9904,1311,0,
9905,70.465639299886618,1307189845146,1,6.0846940614283085,6.7529,6.385408,1.8985,14551,0.001024,0.405248,,0.074495999999999993,0.26239999999999997,0,0.242944,0.0076799999999999993,0.041215999999999996,,0.002304,,2.2612479999999997,9905,1312,0,
9906,70.471870202664391,1307189912675,1,6.23090285807848,6.0881,6.007552,1.9638,20961,0.001024,0.40448,,0.068096,0.26444799999999996,0,0.24447999999999998,0.003328,0.040704,,0.002304,,2.2661119999999997,9906,1313,0,
9907,70.477838903061226,1307189973556,1,5.9687006287276745,6.4816,6.206208,2.1206,14551,0.001536,0.402688,,0.270848,0.26444799999999996,0,0.23910399999999998,0.005888,0.037888,,0.0025599999999999998,,2.089216,9907,1314,0,
9908,70.483285303287985,1307190038372,1,5.44640002772212,6.5234,5.929472,1.8473,14551,0.001792,0.401408,,0.069632,0.257536,0,0.23910399999999998,0.0076799999999999993,0.037632,,0.0038399999999999997,,2.016768,9908,1315,0,
9909,70.488804499716551,1307190103606,1,5.5191963911056519,5.5877,5.498112,1.8188,14551,0.001024,0.40192,,0.062464,0.425216,0,0.234752,0.006656,0.038144,,0.003584,,2.095872,9909,1316,0,
9910,70.495064002267569,1307190159483,1,6.2595023773610592,6.2971,5.499904,1.904,14551,0.001024,0.403456,,0.062208,0.256768,0,0.23807999999999999,0.007424,0.036608,,0.004608,,1.6248319999999998,9910,1317,0,
9911,70.50090179988662,1307190222454,1,5.8377976529300213,5.1258,6.173952,1.9209,14551,0.001024,0.40192,,0.061952,0.44595199999999996,0.000256,0.42803199999999997,0.007424,0.037888,,0.003328,,1.8170879999999998,9911,1318,0,
9912,70.50688900226757,1307190273712,1,5.9872022829949856,6.2037,5.87264,1.9901,14551,0.001024,0.400128,,0.061952,0.25779199999999997,0.000256,0.239616,0.003072,0.040959999999999996,,0.0038399999999999997,,2.472704,9912,1319,0,
9913,70.5128910005669,1307190335749,1,6.0019982047379017,6.0617,5.901056,1.8384,14551,0.001024,0.487168,,0.062208,0.617984,0,0.24192,0.008704,0.04224,,0.004352,,1.9827199999999998,9913,1320,0,
9914,70.518815306122448,1307190396366,1,5.9243054129183292,5.9097,5.98784,1.875,14753,0.001024,0.4032,,0.062464,0.25984,0.000256,0.24140799999999998,0.010752,0.040959999999999996,,0.004096,,2.29376,9914,1321,0,
9915,70.523808106575956,1307190455463,1,4.9928002990782261,5.6628,5.913344,1.9404,14746,0.001024,0.40064,,0.07168,0.26111999999999996,0.000256,0.242176,0.007424,0.040448,,0.0038399999999999997,,1.8368,9915,1322,0,
9916,70.530086004818585,1307190512091,1,6.2778983265161514,6.1146,5.028352,1.8362,14551,0.001024,0.40371199999999996,,0.062208,0.259328,0,0.24140799999999998,0.0076799999999999993,0.038911999999999995,,0.002816,,1.62048,9916,1323,0,
9917,70.535778004535146,1307190573237,1,5.6919995695352554,5.5417,6.184448,1.7616,14551,0.001024,0.40064,,0.062464,0.31052799999999997,0,0.28415999999999997,0.0076799999999999993,0.040192,,0.003328,,2.2799359999999997,9917,1324,0,
9918,70.542106306689334,1307190628654,1,6.3283019699156284,4.9043,5.736192,1.8804,14551,0.001024,0.400128,,0.062464,0.258816,0,0.24115199999999998,0.007424,0.039424,,0.004096,,2.0943359999999998,9918,1325,0,
9919,70.548089505385491,1307190677697,1,5.9831985272467136,6.2811,6.306304,1.8084,14551,0.001024,0.39961599999999997,,0.062208,0.260864,0,0.242944,0.0076799999999999993,0.040959999999999996,,0.002816,,2.3034879999999998,9919,1326,0,
9920,70.553972300170059,1307190740508,1,5.8827949687838554,5.73,5.92896,1.7997,14551,0.001024,0.40294399999999997,,0.062208,0.258304,0.000256,0.240384,0.007424,0.040704,,0.004096,,2.467584,9920,1327,0,
9921,70.559573100907031,1307190797808,1,5.6008007377386093,6.3199,5.906176,1.912,14551,0.002048,0.402688,,0.06784,0.256768,0,0.23807999999999999,0.0076799999999999993,0.037376,,0.002816,,2.481664,9921,1328,0,
9922,70.565734304138317,1307190861007,1,6.1612031422555447,5.9542,5.573888,1.7731,14551,0.001024,0.401152,,0.067328,0.258816,0,0.24012799999999998,0.007424,0.038655999999999996,,0.003072,,1.632512,9922,1329,0,
9923,70.5713746031746,1307190920549,1,5.6402990594506264,6.01,6.02624,1.9209,14551,0.001024,0.400896,,0.063744,0.258048,0,0.23936,0.0076799999999999993,0.040192,,0.003072,,2.02752,9923,1330,0,
9924,70.5768088010204,1307190980649,1,5.4341978393495083,6.2135,5.67936,1.933,14551,0.001024,0.40294399999999997,,0.065024,0.255488,0.000256,0.23782399999999998,0.003584,0.037632,,0.002816,,2.003456,9924,1331,0,
9925,70.583184105725621,1307191042784,1,6.375304888933897,6.2804,5.485056,1.8858,14551,0.001024,0.401408,,0.062464,0.258304,0.000256,0.24012799999999998,0.004608,0.039424,,0.002816,,2.0019199999999997,9925,1332,0,
9926,70.588745804988662,1307191105588,1,5.5616991594433784,5.1145,6.36032,1.973,14551,0.001024,0.40294399999999997,,0.067583999999999991,0.25728,0,0.23782399999999998,0.003584,0.035072,,0.0025599999999999998,,2.099968,9926,1333,0,
9927,70.5951207057823,1307191156733,1,6.3749006949365139,5.1372,5.47712,2.1202,14551,0.001024,0.402688,,0.061952,0.255488,0,0.23782399999999998,0.004096,0.037888,,0.003328,,1.622784,9927,1334,0,
9928,70.600436104024936,1307191208105,1,5.3153983317315578,6.3923,6.30656,1.8873,14551,0.001024,0.403456,,0.062464,0.686592,0.000256,0.66867199999999993,0.0076799999999999993,0.03712,,0.003328,,2.50752,9928,1335,0,
9929,70.606385104875287,1307191272028,1,5.9490008279681206,5.6638,5.401088,1.9245,14551,0.001024,0.40243199999999996,,0.061952,0.256768,0,0.238592,0.007936,0.040959999999999996,,0.0025599999999999998,,1.62048,9929,1336,0,
9930,70.612313300736957,1307191328666,1,5.9281960129737854,6.9834,5.91488,2.2603,14551,0.001024,0.402176,,0.062464,0.447744,0.000256,0.429568,0.0076799999999999993,0.040448,,0.004096,,1.846528,9930,1337,0,
9931,70.618149305555548,1307191398500,1,5.8360048569738865,4.5782,5.847296,1.8503,14753,0.001024,0.39961599999999997,,0.061952,0.257024,0,0.23884799999999998,0.0076799999999999993,0.041215999999999996,,0.003584,,1.63072,9931,1338,0,
9932,70.62411620606575,1307191444282,1,5.9669003821909428,5.9409,5.88032,2.1909,14603,0.001024,0.40422399999999997,,0.061952,1.0613759999999999,0,0.604416,0.004608,0.043264,,0.003584,,1.848064,9932,1339,0,
9933,70.630123306405892,1307191503691,1,6.0071004554629326,6.3296,5.948416,1.9596,14551,0.001024,0.397312,,0.062208,0.25779199999999997,0,0.24012799999999998,0.0076799999999999993,0.03968,,0.0025599999999999998,,2.0472319999999997,9933,1340,0,
9934,70.635978004535147,1307191566987,1,5.8546978980302811,5.6093,5.921536,2.0772,14551,0.001024,0.401408,,0.062208,0.25651199999999996,0,0.238592,0.0076799999999999993,0.038911999999999995,,0.002304,,1.6284159999999999,9934,1341,0,
9935,70.6421917020975,1307191623080,1,6.2136976048350334,5.7985,5.892608,1.8309,14551,0.001024,0.402688,,0.061952,0.619776,0,0.6016,0.003328,0.040959999999999996,,0.003328,,1.622528,9935,1342,0,
9936,70.6482906037415,1307191681065,1,6.0989018529653549,6.2494,6.122752,1.8139,14551,0.001024,0.40371199999999996,,0.062464,0.256,0.000256,0.23782399999999998,0.0076799999999999993,0.041728,,0.0038399999999999997,,1.6366079999999998,9936,1343,0,
9937,70.654131505102043,1307191743559,1,5.8409012854099274,5.7933,6.148864,1.7872,14551,0.001024,0.40166399999999997,,0.062208,0.258048,0,0.239872,0.007424,0.040704,,0.003328,,2.00576,9937,1344,0,
9938,70.6596082057823,1307191801492,1,5.4767006076872349,6.3714,5.822464,1.9753,14551,0.001024,0.40294399999999997,,0.071168,0.259328,0,0.24012799999999998,0.011007999999999999,0.06016,,0.0051199999999999996,,2.020352,9938,1345,0,
9939,70.66566240079365,1307191865206,1,6.0541951097548008,5.7579,5.459456,1.7899,14551,0.001024,0.401152,,0.062464,0.260352,0,0.241664,0.005888,0.037376,,0.003584,,1.63712,9939,1346,0,
9940,70.671618005952382,1307191922785,1,5.9556053020060062,5.9617,5.928192,1.9495,14551,0.001024,0.403968,,0.06784,0.25779199999999997,0,0.23936,0.0076799999999999993,0.0384,,0.002816,,2.082816,9940,1347,0,
9941,70.67795910572562,1307191982402,1,6.341099739074707,5.3827,5.62304,2.0198,14746,0.001024,0.40038399999999996,,0.22016,0.25907199999999997,0,0.23936,0.007936,0.037376,,0.0038399999999999997,,1.6197119999999998,9941,1348,0,
9942,70.683906001984127,1307192036229,1,5.94689603894949,6.2134,6.318592,2.1116,14551,0.001024,0.40243199999999996,,0.062464,0.45311999999999997,0,0.23936,0.0051199999999999996,0.038911999999999995,,0.003328,,2.03776,9942,1349,0,
9943,70.690343806689341,1307192098363,1,6.43780454993248,5.9813,5.916416,1.8644,14551,0.001024,0.40294399999999997,,0.062208,0.255488,0,0.237568,0.007168,0.037632,,0.0038399999999999997,,1.6202239999999999,9943,1350,0,
9944,70.6966700042517,1307192158176,1,6.3261976465582848,6.8834,6.21568,1.8925,14551,0.001024,0.401408,,0.062464,0.258816,0.000256,0.24012799999999998,0.00896,0.0384,,0.0038399999999999997,,2.63808,9944,1351,0,
9945,70.7028919005102,1307192227010,1,6.2218960374593735,5.6346,6.130176,1.8575,14551,0.001024,0.406528,,0.068608,0.263168,0,0.24371199999999998,0.007936,0.038655999999999996,,0.002816,,2.396416,9945,1352,0,
9946,70.708636104024947,1307192283356,1,5.7442034594714642,6.3482,6.188288,2.1099,14551,0.001024,0.40627199999999997,,0.068352,0.261888,0,0.2432,0.007936,0.039424,,0.003584,,2.231808,9946,1353,0,
9947,70.7146908021542,1307192346838,1,6.0546980239450932,6.1288,5.72288,1.886,14551,0.001024,0.40166399999999997,,0.068096,0.26572799999999996,0,0.24678399999999998,0.0076799999999999993,0.040704,,0.003584,,2.207488,9947,1354,0,
9948,70.720264505385487,1307192408126,1,5.5737034417688847,6.5042,6.021632,1.852,14753,0.001024,0.40294399999999997,,0.068096,0.25779199999999997,0,0.239616,0.007424,0.040959999999999996,,0.002304,,1.632768,9948,1355,0,
9949,70.725740100623582,1307192473168,1,5.4755951277911663,5.3425,5.570304,1.8586,14551,0.000768,0.401152,,0.062464,0.253952,0.000256,0.23551999999999998,0.005376,0.035584,,0.002816,,1.619456,9949,1356,0,
9950,70.731818005952377,1307192526593,1,6.077905185520649,6.063,5.44896,1.9001,14551,0.001024,0.403456,,0.062464,0.256256,0.000256,0.23807999999999999,0.0076799999999999993,0.037632,,0.003328,,1.833216,9950,1357,0,
9951,70.7377292020975,1307192587223,1,5.9111961163580418,5.533,6.053632,1.9892,14551,0.001024,0.4864,,0.062208,0.25779199999999997,0,0.239872,0.012032,0.0384,,0.002304,,2.2896639999999997,9951,1358,0,
9952,70.7439029053288,1307192642553,1,6.1737033538520336,5.5138,5.81888,1.8966,14551,0.001024,0.402176,,0.061952,0.257536,0,0.23910399999999998,0.004608,0.040192,,0.003072,,1.851392,9952,1359,0,
9953,70.749413605442172,1307192697691,1,5.5106999352574348,6.0214,6.223616,1.9542,14551,0.001024,0.40371199999999996,,0.061695999999999994,0.25856,0,0.240384,0.0076799999999999993,0.038144,,0.002816,,1.6199679999999999,9953,1360,0,
9954,70.755174100056692,1307192757905,1,5.7604946196079254,6.0215,5.492224,1.9892,14551,0.001024,0.40243199999999996,,0.062208,0.258304,0,0.239872,0.007424,0.0384,,0.004352,,2.012928,9954,1361,0,
9955,70.761158900226761,1307192818120,1,5.9848004020750523,6.402,5.74208,1.9116,14551,0.001024,0.48614399999999997,,0.062208,0.259328,0,0.241664,0.007424,0.037632,,0.003328,,1.627136,9955,1362,0,
9956,70.766923504818593,1307192882140,1,5.7646045461297035,5.1254,5.964288,1.7695,14551,0.001024,0.403456,,0.062464,0.708096,0,0.689408,0.0076799999999999993,0.040704,,0.003328,,2.039808,9956,1363,0,
9957,70.772750403911559,1307192933394,1,5.826899316161871,5.8506,5.668352,1.7673,14551,0.001024,0.486656,,0.061695999999999994,0.256256,0,0.238336,0.0076799999999999993,0.038655999999999996,,0.003328,,1.629696,9957,1364,0,
9958,70.7788042020975,1307192991900,1,6.0537983663380146,5.9801,5.872896,1.8398,14551,0.001024,0.4032,,0.062208,0.258816,0.000256,0.24064,0.007424,0.037376,,0.003584,,1.6350719999999999,9958,1365,0,
9959,70.785122406462577,1307193051701,1,6.3182045705616474,6.007,5.858304,1.9799,14551,0.001024,0.48819199999999996,,0.061952,0.262144,0,0.243968,0.003328,0.040448,,0.003072,,1.632512,9959,1366,0,
9960,70.7912882015306,1307193111771,1,6.1657950282096863,5.6556,6.286592,2.0139,14551,0.002816,0.41087999999999997,,0.062208,0.607232,0.000256,0.239616,0.004352,0.03968,,0.004096,,1.864704,9960,1367,0,
9961,70.797895904195,1307193168327,1,6.6077024675905704,6.2481,6.145024,1.8615,14551,0.001024,0.40294399999999997,,0.061952,0.258048,0,0.239616,0.007424,0.038144,,0.003584,,1.627136,9961,1368,0,
9962,70.803973100907029,1307193230808,1,6.0771969147026539,6.214,6.585344,2.047,14551,0.001024,0.402688,,0.062208,0.81075199999999992,0,0.288,0.0076799999999999993,0.041728,,0.003328,,1.857024,9962,1369,0,
9963,70.809519501133778,1307193292948,1,5.54640032351017,6.2356,6.063616,1.8873,14551,0.001024,0.400896,,0.062208,0.259328,0.000256,0.240896,0.0076799999999999993,0.0384,,0.002304,,2.5943039999999997,9963,1370,0,
9964,70.815126601473921,1307193355304,1,5.6071002036333084,6.5825,5.523968,2.0395,14551,0.001024,0.400896,,0.068864,0.259328,0,0.24140799999999998,0.0076799999999999993,0.038144,,0.0025599999999999998,,2.103808,9964,1371,0,
9965,70.821198200113372,1307193421129,1,6.07159873470664,6.1031,5.583872,2.1006,14753,0.000768,0.401152,,0.064,0.256,0,0.23782399999999998,0.010239999999999999,0.037376,,0.0025599999999999998,,1.826048,9965,1372,0,
9966,70.828159304138325,1307193482160,1,6.9611039943993092,5.2947,6.049792,1.8874,14603,0.001024,0.402688,,0.07168,0.25907199999999997,0.000256,0.23936,0.003328,0.038144,,0.003328,,2.00448,9966,1373,0,
9967,70.834184800170064,1307193535107,1,6.0254959389567375,5.7009,6.836736,2.3156,14746,0.001024,0.40371199999999996,,0.25779199999999997,0.26444799999999996,0.0048639999999999994,0.24012799999999998,0.008192,0.018688,,0.009984,,2.035456,9967,1374,0,
9968,70.8402612032313,1307193592116,1,6.0764029622077942,6.3748,6.1312,1.928,14551,0.001024,0.489216,,0.062208,0.25779199999999997,0,0.23910399999999998,0.007936,0.038144,,0.003072,,2.011136,9968,1375,0,
9969,70.846292502834459,1307193655864,1,6.0312994755804539,7.0616,6.036224,1.9741,14551,0.001024,0.4032,,0.256,0.26752,0,0.24345599999999998,0.0076799999999999993,0.039936,,0.003328,,2.010112,9969,1376,0,
9970,70.8526258999433,1307193726480,1,6.33339723572135,5.941,6.038272,2.058,14551,0.000768,0.401152,,0.062464,0.62464,0,0.60671999999999993,0.007424,0.03968,,0.0025599999999999998,,2.42176,9970,1377,0,
9971,70.858607206632655,1307193785890,1,5.9813065454363823,5.7934,6.231296,2.0115,14551,0.001024,0.40166399999999997,,0.071424,0.25907199999999997,0.000256,0.24012799999999998,0.010496,0.039424,,0.002816,,2.203648,9971,1378,0,
9972,70.864731505102043,1307193843824,1,6.1242985539138317,6.0043,6.032128,2.0057,14551,0.001024,0.403968,,0.06272,0.259584,0.000256,0.24140799999999998,0.010496,0.040448,,0.004096,,2.207488,9972,1379,0,
9973,70.870377104591839,1307193903867,1,5.64559968188405,6.5907,6.104576,1.943,14551,0.001024,0.39961599999999997,,0.062208,0.256256,0,0.23807999999999999,0.003072,0.040959999999999996,,0.003328,,1.6248319999999998,9973,1380,0,
9974,70.8758202026644,1307193969774,1,5.4430980235338211,6.0418,5.618688,2.0803,14551,0.001024,0.399872,,0.062208,0.255488,0,0.237312,0.003072,0.035328,,0.0038399999999999997,,1.6202239999999999,9974,1381,0,
9975,70.882422002551024,1307194030192,1,6.6017997451126575,6.1779,5.42208,1.8871,14551,0.000768,0.395264,,0.061952,0.25651199999999996,0,0.23884799999999998,0.007424,0.037632,,0.0025599999999999998,,1.826304,9975,1382,0,
9976,70.887877005385491,1307194091971,1,5.4550026543438435,5.2261,6.579456,1.8661,14551,0.001024,0.40064,,0.062208,0.256,0,0.23782399999999998,0.008192,0.038144,,0.003328,,2.7584,9976,1383,0,
9977,70.894387705498858,1307194144232,1,6.510700099170208,5.6284,5.453312,1.9166,14551,0.001024,0.4032,,0.062208,0.257024,0,0.238336,0.007424,0.038144,,0.002304,,1.8493439999999999,9977,1384,0,
9978,70.899878706065763,1307194200516,1,5.4910006001591682,6.6215,6.487296,2.0359,14551,0.001024,0.40294399999999997,,0.06272,0.257024,0.000256,0.238592,0.007424,0.037888,,0.0025599999999999998,,1.6314879999999998,9978,1385,0,
9979,70.905894706632651,1307194266731,1,6.0160006396472454,5.1925,5.458176,2.4015,14551,0.000768,0.40192,,0.061952,0.259584,0.000256,0.24140799999999998,0.011776,0.038911999999999995,,0.003328,,1.6217599999999999,9979,1386,0,
9980,70.9119158021542,1307194318656,1,6.0210954397916794,6.575,5.804544,2.4271,14551,0.001024,0.403968,,0.06272,0.256768,0,0.238592,0.20019199999999998,0.038911999999999995,,0.002304,,1.829376,9980,1387,0,
9981,70.918041305272112,1307194384406,1,6.1255032196640968,6.513,5.983232,1.8487,14753,0.001024,0.399872,,0.062208,0.257024,0,0.238592,0.007424,0.036864,,0.0025599999999999998,,1.6317439999999999,9981,1388,0,
9982,70.924078302154186,1307194449536,1,6.0369968414306641,4.997,6.052608,1.8914,14551,0.001024,0.4032,,0.06272,0.83968,0,0.822272,0.007936,0.040192,,0.004096,,2.033408,9982,1389,0,
9983,70.930444203514739,1307194499506,1,6.3659013248980045,6.0005,6.077696,1.788,14551,0.001024,0.40038399999999996,,0.062464,0.25907199999999997,0,0.24064,0.007424,0.040448,,0.003328,,2.383104,9983,1390,0,
9984,70.936367304421765,1307194559511,1,5.9231007471680641,6.1847,6.268928,1.8349,14551,0.001024,0.487168,,0.070912,0.25907199999999997,0.000256,0.239872,0.007936,0.038655999999999996,,0.003072,,1.83808,9984,1391,0,
9985,70.942805505952379,1307194621358,1,6.4382017590105534,6.0817,5.980928,1.9476,14551,0.001024,0.40422399999999997,,0.071168,0.261632,0.000256,0.24192,0.007424,0.040448,,0.0025599999999999998,,1.6302079999999999,9985,1392,0,
9986,70.949466404478457,1307194682175,1,6.660898681730032,6.3484,6.41152,1.9211,14551,0.001024,0.401408,,0.438272,0.296192,0,0.27033599999999997,0.0076799999999999993,0.039424,,0.0038399999999999997,,2.011904,9986,1393,0,
9987,70.955627600623586,1307194745659,1,6.161196157336235,5.8588,6.649856,2.0872,14551,0.001024,0.40064,,0.071168,0.258816,0,0.23936,0.0051199999999999996,0.056832,,0.0063999999999999994,,2.0308479999999998,9987,1394,0,
9988,70.961298200113376,1307194804247,1,5.670599639415741,6.5061,6.140928,1.7684,14551,0.000768,0.48947199999999996,,0.062208,0.25728,0,0.23910399999999998,0.007424,0.037376,,0.003328,,2.0288,9988,1395,0,
9989,70.967025701530616,1307194869308,1,5.7275015860795975,6.4972,5.649152,1.7741,14551,0.001024,0.40243199999999996,,0.062208,0.256768,0,0.23884799999999998,0.007424,0.038911999999999995,,0.0025599999999999998,,1.622016,9989,1396,0,
9990,70.9730380031179,1307194934280,1,6.0123014263808727,6.2169,5.692672,1.9083,20961,0.001024,0.40038399999999996,,0.062464,0.258304,0,0.24012799999999998,0.007424,0.037888,,0.004096,,2.055936,9990,1397,0,
9991,70.978961302437639,1307194996449,1,5.9232991188764572,5.793,6.009088,1.9426,14551,0.001024,0.39961599999999997,,0.062464,0.25907199999999997,0,0.24064,0.007424,0.040959999999999996,,0.0025599999999999998,,2.034688,9991,1398,0,
9992,70.985043601190469,1307195054379,1,6.0822986997663975,5.6407,5.905152,1.7703,14746,0.001024,0.40166399999999997,,0.061952,0.256,0,0.237568,0.007424,0.041215999999999996,,0.004096,,1.639168,9992,1399,0,
9993,70.990987804705213,1307195110786,1,5.9442035853862762,5.9532,5.86496,1.958,14551,0.001024,0.40448,,0.63513599999999992,0.260096,0,0.24064,0.0076799999999999993,0.039424,,0.002816,,2.036736,9993,1400,0,
9994,70.997195804988664,1307195170318,1,6.2080002389848232,5.9865,5.907968,1.9378,14551,0.001024,0.40243199999999996,,0.061952,0.255488,0.000256,0.237056,0.0076799999999999993,0.038911999999999995,,0.002816,,1.991936,9994,1401,0,
9995,71.0028908021542,1307195230183,1,5.6949970312416553,6.0812,5.843968,2.0631,14551,0.001024,0.40064,,0.061952,0.26239999999999997,0,0.24371199999999998,0.007424,0.040959999999999996,,0.002304,,2.190848,9995,1402,0,
9996,71.008661600056683,1307195290995,1,5.7707978412508965,6.2817,5.680896,1.8141,14551,0.001024,0.39936,,0.062208,0.260352,0,0.242688,0.011519999999999999,0.040704,,0.002304,,1.7922559999999998,9996,1403,0,
9997,71.014734601757368,1307195353812,1,6.0730017721652985,5.9474,5.666304,1.9077,14551,0.001024,0.40192,,0.062208,0.45568,0,0.24115199999999998,0.009472,0.040704,,0.002304,,2.193664,9997,1404,0,
9998,71.020789803004533,1307195413286,1,6.0552014037966728,5.8731,6.128896,2.0745,14753,0.001024,0.402176,,0.062208,0.25651199999999996,0,0.238336,0.011519999999999999,0.041215999999999996,,0.003072,,2.2310399999999997,9998,1405,0,
9999,71.02648540249433,1307195472017,1,5.6955995969474316,5.9786,6.046208,1.8942,14551,0.001024,0.399872,,0.062208,0.25344,0.000256,0.23551999999999998,0.007424,0.034304,,0.0025599999999999998,,2.560768,9999,1406,0,
10000,71.032133106575955,1307195531803,1,5.647704005241394,5.5912,5.66912,2.1763,14603,0.001024,0.40448,,0.061952,0.25728,0,0.23910399999999998,0.0076799999999999993,0.036351999999999995,,0.002816,,2.226944,10000,1407,0,
10001,71.038754301303854,1307195587715,1,6.6211945377290249,6.0823,5.627648,1.9196,20335,0.001024,0.40038399999999996,,0.062208,0.25651199999999996,0,0.238336,0.0076799999999999993,0.0384,,0.002816,,2.0405759999999997,10001,1408,0,
10002,71.044237202380955,1307195648538,1,5.4829008877277374,5.8093,6.039296,2.227,14551,0.001024,0.405248,,0.061695999999999994,0.25779199999999997,0.000256,0.239616,0.007424,0.0384,,0.0038399999999999997,,2.2599679999999998,10002,1409,0,
10003,71.050095904195,1307195706631,1,5.858701653778553,5.5746,5.452032,1.9426,14551,0.001024,0.400896,,0.062464,0.258304,0.000256,0.239616,0.0076799999999999993,0.038655999999999996,,0.002304,,2.010624,10003,1410,0,
10004,71.056384700963719,1307195762377,1,6.2887966632843018,6.6906,5.834752,2.2009,14551,0.001024,0.48768,,0.061695999999999994,0.259328,0,0.24140799999999998,0.003328,0.03968,,0.003072,,2.0405759999999997,10004,1411,0,
10005,71.062639200680266,1307195829283,1,6.2544997781515121,5.3656,6.262016,1.9377,14551,0.001024,0.483328,,0.061952,0.260608,0,0.242688,0.0076799999999999993,0.040704,,0.003328,,2.210048,10005,1412,0,
10006,71.068687903911567,1307195882939,1,6.0487031005322933,6.5297,5.653248,1.9646,28147,0.001024,0.408576,,0.062464,0.833024,0,0.235008,0.009216,0.04224,,0.004096,,1.847808,10006,1413,0,
10007,71.074197704081627,1307195948236,1,5.5098002776503563,5.6653,6.022144,2.1713,14551,0.001024,0.40192,,0.062464,0.258816,0,0.24115199999999998,0.0076799999999999993,0.039936,,0.0038399999999999997,,2.214144,10007,1414,0,
10008,71.079946605725624,1307196004889,1,5.7489015161991119,6.1994,5.482752,1.818,14551,0.001024,0.403456,,0.062208,0.628736,0,0.61056,0.006912,0.038655999999999996,,0.002816,,1.841408,10008,1415,0,
10009,71.086373604024942,1307196066883,1,6.4269984140992165,6.04,5.72928,1.9437,14551,0.001024,0.488448,,0.070656,0.27033599999999997,0.000256,0.249856,0.00896,0.039424,,0.003584,,1.6314879999999998,10009,1416,0,
10010,71.0924586026077,1307196127283,1,6.0849986039102077,5.4597,6.414592,1.8474,14551,0.001024,0.40064,,0.061952,0.62771199999999994,0,0.60927999999999993,0.005632,0.040448,,0.004096,,2.2110719999999997,10010,1417,0,
10011,71.097977005385488,1307196181880,1,5.5184029042720795,5.7064,5.9776,1.9846,14551,0.001024,0.39910399999999996,,0.061952,0.25907199999999997,0,0.240896,0.0076799999999999993,0.040448,,0.0025599999999999998,,2.299392,10011,1418,0,
10012,71.104228103741491,1307196238944,1,6.2510985881090164,6.7154,5.572096,1.8736,14551,0.001024,0.404736,,0.062208,0.80896,0,0.24678399999999998,0.004608,0.041215999999999996,,0.002816,,1.819392,10012,1419,0,
10013,71.110109204931973,1307196306098,1,5.8811013586819172,6.1375,6.231552,1.793,14551,0.001024,0.40038399999999996,,0.06656,0.258816,0,0.23936,0.007424,0.037632,,0.003072,,2.4819199999999997,10013,1420,0,
10014,71.115875106292521,1307196367473,1,5.7659014128148556,5.3212,5.85728,1.9487,14551,0.001024,0.40064,,0.062208,0.25728,0,0.23910399999999998,0.007424,0.039168,,0.003328,,1.6348159999999998,10014,1421,0,
10015,71.121913506235828,1307196420685,1,6.0383998788893223,6.3855,5.730304,1.8377,14898,0.001024,0.403456,,0.061952,0.44672,0,0.42879999999999996,0.009984,0.037632,,0.004096,,2.24768,10015,1422,0,
10016,71.127618700396823,1307196484540,1,5.70519408211112,5.6956,5.99424,1.8903,14551,0.001024,0.40294399999999997,,0.068096,0.25984,0,0.24115199999999998,0.003328,0.0384,,0.003072,,2.539008,10016,1423,0,
10017,71.133914902210876,1307196541496,1,6.2962016090750694,6.0236,5.73568,1.9597,14551,0.001024,0.486656,,0.064256,0.25472,0.000256,0.237312,0.007936,0.038144,,0.002304,,2.013696,10017,1424,0,
10018,71.139935700113369,1307196601732,1,6.02079788222909,6.1697,6.2656,2.0039,14746,0.000768,0.40448,,0.064256,0.25907199999999997,0.000256,0.240896,0.007424,0.036864,,0.002816,,1.8539519999999998,10018,1425,0,
10019,71.145839604591828,1307196663429,1,5.90390432626009,5.7493,6.007552,1.9424,14551,0.001024,0.40166399999999997,,0.062464,0.44646399999999997,0,0.240896,0.009472,0.040448,,0.003584,,2.020864,10019,1426,0,
10020,71.151840901360544,1307196720922,1,6.0012969188392162,5.8855,5.843456,1.9995,14551,0.000768,0.401152,,0.06272,0.260352,0.000256,0.24243199999999998,0.003328,0.041728,,0.0038399999999999997,,1.6332799999999998,10020,1427,0,
10021,71.1581452026644,1307196779777,1,6.3043013215065,6.0351,6.0224,1.878,14551,0.001024,0.399872,,0.42931199999999997,0.286976,0,0.26700799999999997,0.0084479999999999989,0.040704,,0.0025599999999999998,,1.8432,10021,1428,0,
10022,71.163747406462576,1307196840128,1,5.6022037751972675,6.1244,6.213376,1.9066,14551,0.001024,0.399872,,0.06272,0.256,0.000256,0.238336,0.008192,0.0384,,0.003328,,1.6302079999999999,10022,1429,0,
10023,71.169667304421765,1307196901372,1,5.9198979288339615,5.8538,5.641984,1.929,14551,0.001024,0.4032,,0.061695999999999994,0.25574399999999997,0,0.23807999999999999,0.007424,0.037888,,0.0038399999999999997,,1.618944,10023,1430,0,
10024,71.175110905612243,1307196959910,1,5.4436014033854008,6.3132,5.899776,1.8658,14551,0.001024,0.40166399999999997,,0.062464,0.627968,0,0.609792,0.007424,0.040704,,0.004096,,1.8406399999999998,10024,1431,0,
10025,71.181160402494328,1307197023042,1,6.049497053027153,5.4151,5.432832,2.0579,14551,0.001024,0.400896,,0.062208,0.25856,0,0.240384,0.0076799999999999993,0.041215999999999996,,0.002816,,1.8291199999999999,10025,1432,0,
10026,71.1866542020975,1307197077193,1,5.4937996901571751,5.9046,6.018304,1.7476,14551,0.001024,0.403456,,0.062208,0.257536,0,0.239872,0.0076799999999999993,0.040959999999999996,,0.002304,,2.283776,10026,1433,0,
10027,71.193535204081627,1307197136239,1,6.8810018710792065,5.5099,5.477376,2.0834,14551,0.001024,0.39833599999999997,,0.074752,0.259328,0,0.23936,0.007424,0.03968,,0.003072,,1.8304,10027,1434,0,
10028,71.199013704648522,1307197191338,1,5.4785003885626793,6.1204,6.858752,1.9929,14551,0.000768,0.401152,,0.068864,0.257536,0.000256,0.238592,0.007424,0.038655999999999996,,0.004096,,2.111488,10028,1435,0,
10029,71.204736401643984,1307197252542,1,5.7226968929171562,5.3304,5.457664,1.9735,14551,0.001024,0.397568,,0.061952,0.256256,0.000256,0.23807999999999999,0.007936,0.038655999999999996,,0.003584,,2.009856,10029,1436,0,
10030,71.210489406179136,1307197305846,1,5.75300445780158,6.9828,5.70112,1.8156,14551,0.001024,0.40294399999999997,,0.062208,0.25472,0.000256,0.237056,0.0076799999999999993,0.0384,,0.0038399999999999997,,1.622528,10030,1437,0,
10031,71.2163075042517,1307197375674,1,5.8180978521704674,5.8844,5.727488,1.9661,14551,0.001024,0.40038399999999996,,0.062208,0.44416,0,0.238336,0.009216,0.038655999999999996,,0.003328,,2.093056,10031,1438,0,
10032,71.222242502834462,1307197434518,1,5.9349983930587769,5.3892,5.798912,1.8458,14753,0.001024,0.40422399999999997,,0.062464,0.25728,0,0.23936,0.0076799999999999993,0.037376,,0.003328,,1.6314879999999998,10032,1439,0,
10033,71.228227005385492,1307197488410,1,5.9845023788511753,5.8203,5.90848,1.9763,14551,0.001024,0.40371199999999996,,0.061695999999999994,0.44979199999999997,0,0.431616,0.0076799999999999993,0.040192,,0.0025599999999999998,,2.484736,10033,1440,0,
10034,71.234205704365081,1307197546613,1,5.978698842227459,5.6784,5.939456,1.8123,14901,0.001024,0.404736,,0.067583999999999991,0.255488,0.000256,0.23782399999999998,0.012032,0.037376,,0.003328,,2.489856,10034,1441,0,
10035,71.240058503401357,1307197603397,1,5.85279893130064,6.0535,5.971968,1.8928,14551,0.001024,0.398848,,0.069632,0.259584,0.000256,0.24115199999999998,0.0076799999999999993,0.039936,,0.002304,,2.4952319999999997,10035,1442,0,
10036,71.246181703514736,1307197663932,1,6.1232000589370728,6.1281,5.849856,1.8615,14551,0.001024,0.405504,,0.061695999999999994,0.46899199999999996,0,0.24831999999999999,0.003328,0.040192,,0.003072,,2.386688,10036,1443,0,
10037,71.252801601473919,1307197725213,1,6.61989813670516,5.79,6.10944,1.959,14551,0.001024,0.39936,,0.062208,0.634112,0.000256,0.61593599999999993,0.0076799999999999993,0.039936,,0.002816,,1.838336,10037,1444,0,
10038,71.25857200255102,1307197783113,1,5.77040109783411,5.8869,6.60352,1.8768,14551,0.001024,0.4032,,0.077311999999999992,0.466176,0.000256,0.2432,0.014591999999999999,0.043264,,0.006656,,2.296576,10038,1445,0,
10039,71.264458404195011,1307197841982,1,5.8864015154540539,6.0285,5.745152,1.8707,14551,0.001024,0.40422399999999997,,0.068352,0.262144,0,0.242688,0.215296,0.042496,,0.0038399999999999997,,1.769216,10039,1446,0,
10040,71.27052830215419,1307197902267,1,6.0698981396853924,6.6191,5.7984,2.0776,14551,0.0012799999999999999,0.40448,,0.068352,0.260864,0,0.24192,0.0076799999999999993,0.040959999999999996,,0.003328,,2.257408,10040,1447,0,
10041,71.275981901927437,1307197968458,1,5.4535996168851852,5.9914,6.125312,2.0521,14551,0.0012799999999999999,0.403968,,0.068352,0.264192,0,0.244224,0.004352,0.037888,,0.0038399999999999997,,1.619456,10041,1448,0,
10042,71.282405605158729,1307198028372,1,6.4237033948302269,6.0378,5.431552,1.8665,14551,0.001024,0.40294399999999997,,0.062208,0.256768,0.000256,0.23807999999999999,0.0076799999999999993,0.037376,,0.0038399999999999997,,1.6197119999999998,10042,1449,0,
10043,71.28791249999999,1307198088750,1,5.5068950168788433,5.7091,6.395648,2.1849,32122,0.000768,0.401408,,0.062208,0.701696,0,0.68352,0.004352,0.03968,,0.0038399999999999997,,2.3162879999999997,10043,1450,0,
10044,71.293784601757366,1307198145841,1,5.8721019886434078,5.4763,5.493248,1.8169,29131,0.001024,0.4032,,0.061952,0.255488,0.000256,0.237312,0.007424,0.037888,,0.003584,,1.8572799999999998,10044,1451,0,
10045,71.30008940617914,1307198200604,1,6.3048042356967926,6.345,5.84832,1.9633,14551,0.001024,0.39936,,0.061695999999999994,0.25856,0,0.24115199999999998,0.007936,0.0384,,0.003584,,1.632,10045,1452,0,
10046,71.305755300453512,1307198264054,1,5.6658941321074963,5.7035,6.286848,1.8459,14551,0.001024,0.4032,,0.253952,0.264704,0,0.240896,0.0076799999999999993,0.038655999999999996,,0.002304,,1.8496,10046,1453,0,
10047,71.312034502551015,1307198321089,1,6.2792021781206131,5.6524,5.643008,2.0144,14551,0.001024,0.403456,,0.062464,0.25651199999999996,0.000256,0.238336,0.0076799999999999993,0.038144,,0.0038399999999999997,,1.965824,10047,1454,0,
10048,71.317727203798185,1307198377613,1,5.6927013210952282,6.3262,6.18624,1.9171,14551,0.001024,0.40422399999999997,,0.068352,0.263168,0,0.244224,0.0076799999999999993,0.037632,,0.002816,,1.9944959999999998,10048,1455,0,
10049,71.32438010204082,1307198440875,1,6.6528981551527977,5.6231,5.737728,1.7763,14753,0.0012799999999999999,0.402176,,0.068352,0.267776,0,0.24806399999999998,0.003328,0.041215999999999996,,0.004096,,2.006528,10049,1456,0,
10050,71.330038102324266,1307198497106,1,5.6580002419650555,6.5575,6.637312,1.8821,14551,0.001024,0.403968,,0.075776,0.26572799999999996,0,0.24575999999999998,0.005632,0.03968,,0.003072,,2.193664,10050,1457,0,
10051,71.335625,1307198562681,1,5.5868974886834621,5.5178,5.637376,1.7847,49693,0.001024,0.4032,,0.068352,0.261632,0,0.242176,0.0076799999999999993,0.038911999999999995,,0.002816,,1.7607679999999999,10051,1458,0,
10052,71.341475,1307198617859,1,5.8499998413026333,6.5106,5.555712,1.8017,44699,0.001024,0.401408,,0.062208,0.74726399999999993,0.000256,0.72959999999999992,0.0076799999999999993,0.040704,,0.0025599999999999998,,1.632512,10052,1459,0,
10053,71.347922902494332,1307198682965,1,6.4479024149477482,5.756,5.828096,1.8523,14551,0.001024,0.48614399999999997,,0.062208,0.257024,0,0.23910399999999998,0.007424,0.039424,,0.0038399999999999997,,1.6268799999999999,10053,1460,0,
10054,71.353908503401357,1307198740525,1,5.9856008738279343,5.529,6.431744,1.8575,14551,0.001024,0.4032,,0.062464,0.63488,0.000256,0.61696,0.007424,0.041215999999999996,,0.004096,,2.3838719999999998,10054,1461,0,
10055,71.359490901360545,1307198795815,1,5.5823978036642075,6.0319,5.9648,2.003,14551,0.001024,0.40371199999999996,,0.062208,0.25984,0.000256,0.24192,0.007424,0.037888,,0.003328,,2.470144,10055,1462,0,
10056,71.36503850623582,1307198856134,1,5.5476049892604351,6.4307,5.571328,1.836,14551,0.001024,0.40371199999999996,,0.068096,0.260096,0,0.24192,0.007424,0.038911999999999995,,0.003584,,2.106624,10056,1463,0,
10057,71.370105002834464,1307198920441,1,5.0664967857301235,5.9931,5.513216,1.9367,14551,0.000768,0.401408,,0.06784,0.25728,0.000256,0.23936,0.007424,0.038144,,0.003584,,2.0369919999999997,10057,1464,0,
10058,71.3752742063492,1307198980372,1,5.1692035049200058,5.4487,5.057792,1.8295,14551,0.001024,0.40371199999999996,,0.062208,0.259328,0,0.24140799999999998,0.003328,0.039424,,0.004096,,1.6414719999999998,10058,1465,0,
10059,71.380961805555557,1307199034859,1,5.6875990703701973,5.5478,5.152512,1.7973,14551,0.001024,0.40166399999999997,,0.061952,0.259328,0.000256,0.24140799999999998,0.0076799999999999993,0.039168,,0.004096,,1.835008,10059,1466,0,
10060,71.387488605442172,1307199090337,1,6.5267998725175858,5.3362,5.65632,2.0449,14551,0.001024,0.40038399999999996,,0.062208,0.259328,0,0.241664,0.007424,0.039424,,0.0038399999999999997,,2.126336,10060,1467,0,
10061,71.392867906746034,1307199143699,1,5.3793014958500862,4.9605,6.513152,1.8386,14551,0.001024,0.40192,,0.061952,0.260864,0,0.242688,0.009984,0.038144,,0.003328,,1.635584,10061,1468,0,
10062,71.399247704081631,1307199193304,1,6.3797971233725548,5.8581,5.348096,1.9487,14551,0.001024,0.39936,,0.06272,0.45311999999999997,0.000256,0.242944,0.013056,0.038655999999999996,,0.002816,,1.8391039999999998,10062,1469,0,
10063,71.405419203514739,1307199251885,1,6.1714993789792061,6.5486,6.365696,2.0951,14551,0.001024,0.40422399999999997,,0.066048,0.259584,0,0.24115199999999998,0.007424,0.041984,,0.003072,,2.6844159999999997,10063,1470,0,
10064,71.411517602040817,1307199317371,1,6.0983984731137753,5.1831,6.165504,1.9085,14551,0.001024,0.405248,,0.062208,0.25984,0,0.241664,0.0076799999999999993,0.037376,,0.002304,,2.563584,10064,1471,0,
10065,71.417643204365078,1307199369202,1,6.1256024055182934,6.4029,6.004224,1.8595,14551,0.001024,0.402688,,0.063744,0.256768,0,0.238336,0.003072,0.038655999999999996,,0.003584,,2.6227199999999997,10065,1472,0,
10066,71.423863506235818,1307199433231,1,6.2203020788729191,6.3324,6.174976,1.8204,14753,0.001024,0.49023999999999995,,0.075264,0.260608,0.000256,0.24064,0.0076799999999999993,0.039936,,0.0038399999999999997,,2.029824,10066,1473,0,
10067,71.43007010345805,1307199496555,1,6.206597201526165,6.1785,6.195456,1.8005,14551,0.001024,0.397568,,0.062208,0.26111999999999996,0.000256,0.242944,0.0076799999999999993,0.040959999999999996,,0.003328,,2.360064,10067,1474,0,
10068,71.436154606009069,1307199558340,1,6.084502674639225,5.8351,6.1248,1.9412,14603,0.001024,0.401152,,0.42470399999999997,0.289792,0,0.265472,0.007424,0.040192,,0.0025599999999999998,,1.62944,10068,1475,0,
10069,71.442454301303854,1307199616691,1,6.2996954657137394,6.3285,6.125824,1.7854,14551,0.001024,0.48768,,0.061952,0.634624,0.000256,0.616448,0.007424,0.040959999999999996,,0.0038399999999999997,,1.632768,10069,1476,0,
10070,71.448632504251691,1307199679976,1,6.1782030388712883,6.3661,6.281216,1.8582,14746,0.001024,0.40294399999999997,,0.061952,0.625664,0,0.607744,0.010496,0.041984,,0.003584,,1.6348159999999998,10070,1477,0,
10071,71.454948604024935,1307199743637,1,6.3160997815430164,5.724,6.158848,1.9543,14551,0.001024,0.40064,,0.061952,0.45388799999999996,0.000256,0.435712,0.0076799999999999993,0.0384,,0.0025599999999999998,,1.736704,10071,1478,0,
10072,71.460773802437643,1307199800877,1,5.8251982554793358,6.4524,6.300672,1.79,14551,0.001024,0.487168,,0.061952,0.978688,0,0.237312,0.006144,0.038144,,0.0038399999999999997,,2.032384,10072,1479,0,
10073,71.466994706632647,1307199865401,1,6.220904178917408,6.1219,5.799168,1.8667,14551,0.001024,0.400896,,0.070912,0.263936,0,0.243968,0.010752,0.035584,,0.0038399999999999997,,1.633792,10073,1480,0,
10074,71.473123604024934,1307199926620,1,6.1288974247872829,6.3935,6.203904,1.812,14551,0.001024,0.40294399999999997,,0.062208,0.25651199999999996,0.000256,0.238592,0.003328,0.038911999999999995,,0.004096,,2.011904,10074,1481,0,
10075,71.478788399943312,1307199990555,1,5.6647961027920246,5.6908,6.098432,1.9733,20961,0.001024,0.39833599999999997,,0.072703999999999991,0.261632,0,0.242176,0.0048639999999999994,0.057088,,0.008192,,2.036224,10075,1482,0,
10076,71.484719104308382,1307200047463,1,5.9307045303285122,6.3015,5.47584,2.0934,14551,0.001024,0.403456,,0.061952,0.26239999999999997,0.000256,0.243968,0.007424,0.039936,,0.0025599999999999998,,1.6199679999999999,10076,1483,0,
10077,71.491154903628114,1307200110478,1,6.4357994124293327,6.7221,5.863168,1.8886,14551,0.001024,0.402688,,0.062464,0.256768,0,0.23884799999999998,0.0051199999999999996,0.040704,,0.003584,,1.9978239999999998,10077,1484,0,
10078,71.496914101473919,1307200177699,1,5.7591977529227734,5.0246,6.08,1.8227,14551,0.0048639999999999994,0.39808,,0.062208,0.633856,0,0.615424,0.014336,0.051712,,0.005376,,2.2346239999999997,10078,1485,0,
10079,71.503230300453509,1307200227945,1,6.316198967397213,5.9177,5.671424,1.935,14551,0.001024,0.4032,,0.062464,0.259328,0,0.241664,0.007424,0.039424,,0.002304,,1.828096,10079,1486,0,
10080,71.5090917020975,1307200287122,1,5.8614015579223633,6.6221,6.300928,1.8489,14551,0.001024,0.40192,,0.062208,0.256,0,0.23884799999999998,0.007424,0.038911999999999995,,0.002816,,1.6332799999999998,10080,1487,0,
10081,71.515291099773236,1307200353343,1,6.1993976123631,5.8691,5.908224,2.0662,14551,0.004096,0.49023999999999995,,0.06784,0.259328,0,0.24064,0.007424,0.038655999999999996,,0.0025599999999999998,,2.029568,10081,1488,0,
10082,71.521401799886618,1307200412034,1,6.1107003130018711,6.26,6.182656,1.8639,14753,0.001024,0.403456,,0.062464,0.451584,0.000256,0.43340799999999996,0.0076799999999999993,0.038655999999999996,,0.0025599999999999998,,2.243584,10082,1489,0,
10083,71.527508106575965,1307200474634,1,6.1063067987561226,5.5844,6.091008,1.9696,14551,0.001024,0.39833599999999997,,0.062464,0.256768,0.000256,0.23884799999999998,0.0076799999999999993,0.03712,,0.003328,,1.62048,10083,1490,0,
10084,71.533715306122446,1307200530478,1,6.2071997672319412,6.5138,6.100736,1.9551,14551,0.001024,0.484352,,0.06272,0.447744,0,0.237568,0.009216,0.038655999999999996,,0.002816,,2.025728,10084,1491,0,
10085,71.539640504535143,1307200595616,1,5.9251985512673855,5.9268,6.176,2.079,14551,0.001024,0.39833599999999997,,0.06272,0.257536,0,0.23936,0.0076799999999999993,0.039936,,0.0038399999999999997,,2.7146239999999997,10085,1492,0,
10086,71.545509105725614,1307200654884,1,5.8686011470854282,6.2886,5.911296,2.0299,14551,0.001024,0.39808,,0.062464,0.256256,0,0.23782399999999998,0.003072,0.038911999999999995,,0.002816,,2.4885759999999997,10086,1493,0,
10087,71.551480201247159,1307200717770,1,5.9710955247282982,6.3859,5.859584,1.9219,14551,0.001024,0.400896,,0.062208,0.259328,0,0.240896,0.007424,0.038144,,0.0025599999999999998,,2.20544,10087,1494,0,
10088,71.557378805272108,1307200781629,1,5.8986041694879532,5.5299,5.941504,2.0592,14551,0.001024,0.40166399999999997,,0.061952,0.25856,0,0.240384,0.007424,0.03968,,0.003584,,2.313472,10088,1495,0,
10089,71.562783701814055,1307200836928,1,5.4048965685069561,5.8074,,1.8868,14551,0.001024,0.40166399999999997,,0.061952,0.25856,0,0.240384,0.007424,0.03968,,0.003584,,2.313472,10089,1496,0,
10090,71.573602104591828,1307200895002,1,10.818403214216232,6.1226,5.386496,6.1226,14551,0.001024,0.401152,,0.062464,0.256,0.000256,0.23807999999999999,0.003328,0.038911999999999995,,0.002816,,1.8048,10090,1497,0,
10091,71.579159204931969,1307200956228,1,5.5571002885699272,5.8265,5.47072,1.5158,14551,0.001024,0.402176,,0.063744,0.25472,0.000256,0.23654399999999998,0.007936,0.0384,,0.003328,,1.988352,10091,1498,0,
10092,71.585029102891156,1307201014493,1,5.86989801377058,5.4278,5.474048,2.024,14551,0.001024,0.400128,,0.062464,0.258816,0,0.24064,0.0076799999999999993,0.040192,,0.0038399999999999997,,1.6202239999999999,10092,1499,0,
10093,71.591069401927442,1307201068771,1,6.0402988456189632,10.8986,5.734144,1.7992,14551,0.001024,0.400128,,0.061952,0.266496,0,0.247296,0.010752,0.039936,,0.002048,,1.631232,10093,1500,0,
10094,71.597108404195012,1307201177757,1,6.0390024445950985,5.4192,6.015488,1.6565,14551,0.001024,0.402688,,0.067583999999999991,0.261376,0,0.24192,0.007936,0.03968,,0.0025599999999999998,,2.1056,10094,1501,0,
10095,71.603710303287983,1307201231949,1,6.6018989309668541,6.0131,6.02368,1.8612,14746,0.001024,0.39782399999999996,,0.062464,0.253952,0,0.23577599999999999,0.0076799999999999993,0.039936,,0.002304,,1.6130559999999998,10095,1502,0,
10096,71.609527600623579,1307201292080,1,5.8172973804175854,6.0433,6.56512,1.9032,14551,0.001024,0.484352,,0.070912,0.259584,0,0.240384,0.003328,0.041984,,0.0038399999999999997,,2.0961279999999998,10096,1503,0,
10097,71.614857206632649,1307201352513,1,5.3296061232686043,6.0657,5.806336,2.1936,14551,0.001024,0.40499199999999996,,0.061952,0.260864,0.000256,0.24243199999999998,0.007424,0.037632,,0.004096,,1.79968,10097,1504,0,
10098,71.621178302154192,1307201413170,1,6.3210953958332539,6.6095,5.30304,1.88,14753,0.001024,0.40243199999999996,,0.068864,0.25651199999999996,0.000256,0.238592,0.0076799999999999993,0.038655999999999996,,0.003328,,1.8874879999999998,10098,1505,0,
10099,71.627124206349208,1307201479265,1,5.9459041804075241,5.597,6.29504,2.3326,14551,0.001024,0.402688,,0.075264,0.260352,0.000256,0.24012799999999998,0.0076799999999999993,0.040448,,0.004096,,2.376448,10099,1506,0,
10100,71.632631703514733,1307201535235,1,5.5074971169233322,5.714,5.925888,1.9691,14551,0.001024,0.401152,,0.06272,0.25472,0,0.23577599999999999,0.0076799999999999993,0.039424,,0.003584,,2.481152,10100,1507,0,
10101,71.63897820294784,1307201592375,1,6.3464995473623276,6.3669,5.489664,2.0396,14603,0.001024,0.490496,,0.062208,0.254976,0.000256,0.236288,0.003328,0.03584,,0.0025599999999999998,,1.617408,10101,1508,0,
10102,71.6447508999433,1307201656044,1,5.7726968079805374,5.7013,6.332416,1.9213,14551,0.001024,0.404736,,0.061952,0.693504,0,0.67584,0.003328,0.0384,,0.002816,,2.039552,10102,1509,0,
10103,71.651020606575955,1307201713057,1,6.2697064131498337,5.3823,5.746688,1.9293,14551,0.001024,0.403968,,0.061952,0.25728,0,0.23884799999999998,0.0076799999999999993,0.038144,,0.0038399999999999997,,1.6215039999999998,10103,1510,0,
10104,71.657021804138324,1307201766880,1,6.00119773298502,7.0561,6.253568,1.9156,14551,0.001024,0.40448,,0.062464,0.913152,0.000256,0.66201599999999994,0.0076799999999999993,0.038911999999999995,,0.003584,,2.15808,10104,1511,0,
10105,71.662540306122452,1307201837441,1,5.518502090126276,5.0251,5.978624,1.9038,14551,0.001024,0.404736,,0.49945599999999996,0.262656,0.000256,0.2432,0.0076799999999999993,0.039936,,0.003072,,1.840384,10105,1512,0,
10106,71.6680983064059,1307201887692,1,5.5580004118382931,6.7343,5.486336,1.953,14551,0.001024,0.39961599999999997,,0.062464,0.258816,0,0.240384,0.007424,0.038911999999999995,,0.002304,,1.8521599999999998,10106,1513,0,
10107,71.674039803004533,1307201955035,1,5.9414966963231564,5.7015,5.531392,1.9107,14551,0.001024,0.39910399999999996,,0.070912,0.260608,0,0.241664,0.0076799999999999993,0.040959999999999996,,0.003328,,1.8408959999999999,10107,1514,0,
10108,71.680292701247168,1307202012050,1,6.2528983689844608,5.2706,5.941504,1.9189,14551,0.001024,0.48768,,0.071168,0.263168,0,0.244224,0.007936,0.037632,,0.003584,,1.8490879999999998,10108,1515,0,
10109,71.685836600056689,1307202064756,1,5.5438987910747528,5.6962,6.2336,2.0417,14551,0.001024,0.485888,,0.071424,0.260352,0.000256,0.240896,0.007936,0.037888,,0.003072,,2.1112319999999998,10109,1516,0,
10110,71.692359006519268,1307202121718,1,6.5224063582718372,6.1549,5.523712,1.8378,14551,0.001024,0.4032,,0.062464,0.259584,0.000256,0.24140799999999998,0.007424,0.040959999999999996,,0.0038399999999999997,,1.630976,10110,1517,0,
10111,71.6982915036848,1307202183267,1,5.932497326284647,5.9782,6.49984,2.093,14551,0.001024,0.40192,,0.062464,0.708608,0,0.690688,0.007936,0.040192,,0.0038399999999999997,,2.3749119999999997,10111,1518,0,
10112,71.704911805555554,1307202243049,1,6.620301865041256,5.7495,5.908736,1.8106,14551,0.001024,0.402176,,0.062208,0.258304,0,0.24012799999999998,0.007424,0.038911999999999995,,0.003072,,2.099456,10112,1519,0,
10113,71.710491999716552,1307202300544,1,5.5801942944526672,6.416,6.608128,1.8881,14551,0.001024,0.402688,,0.062208,0.257024,0,0.23910399999999998,0.007936,0.037632,,0.002304,,2.008064,10113,1520,0,
10114,71.7159656037415,1307202364704,1,5.4736039601266384,5.8694,5.56416,1.882,14551,0.000768,0.40294399999999997,,0.061952,0.25651199999999996,0,0.23807999999999999,0.004608,0.037888,,0.004096,,1.625344,10114,1521,0,
10115,71.7222450042517,1307202423398,1,6.2794005498290062,6.8793,5.44768,1.8091,14753,0.001024,0.400896,,0.062464,0.25728,0.000256,0.23884799999999998,0.0076799999999999993,0.037632,,0.003072,,1.637632,10115,1522,0,
10116,71.727844104308389,1307202492191,1,5.5991001427173615,5.1982,6.26176,1.9672,14551,0.001024,0.402688,,0.062208,1.0048,0.000256,0.986624,0.0076799999999999993,0.037376,,0.0038399999999999997,,1.633024,10116,1523,0,
10117,71.733978202947839,1307202544173,1,6.13409886136651,5.5485,5.420544,1.8365,14551,0.001024,0.40243199999999996,,0.062208,0.260608,0.000256,0.24243199999999998,0.0076799999999999993,0.038144,,0.002304,,1.636096,10117,1524,0,
10118,71.739877203798187,1307202599658,1,5.8990009129047394,6.309,6.053888,2.0372,14551,0.001024,0.49023999999999995,,0.062208,0.452352,0,0.434176,0.007424,0.037376,,0.003584,,2.0254719999999997,10118,1525,0,
10119,71.7453742063492,1307202662748,1,5.4970025084912777,6.3979,5.936128,2.0275,14551,0.001024,0.401408,,0.06297599999999999,0.25728,0,0.23910399999999998,0.003328,0.038911999999999995,,0.003584,,2.1107199999999997,10119,1526,0,
10120,71.751633000283448,1307202726727,1,6.2587941065430641,5.5461,5.492224,1.8878,14551,0.001024,0.400896,,0.06272,0.25856,0,0.240384,0.29184,0.041984,,0.002816,,1.8112,10120,1527,0,
10121,71.757600800736952,1307202782188,1,5.9678005054593086,5.9784,6.235904,2.115,14746,0.001024,0.4032,,0.74905599999999994,0.317952,0,0.288256,0.0038399999999999997,0.039168,,0.003584,,1.639168,10121,1528,0,
10122,71.764036004818593,1307202841972,1,6.4352042973041534,5.2317,5.950976,1.9683,14551,0.001024,0.40192,,0.067328,0.257536,0,0.23807999999999999,0.003584,0.036095999999999996,,0.002816,,1.8439679999999998,10122,1529,0,
10123,71.769615901360538,1307202894289,1,5.5798967368900776,6.6611,6.41408,1.885,14551,0.001024,0.40243199999999996,,0.061952,0.257024,0.000256,0.23910399999999998,0.0076799999999999993,0.038911999999999995,,0.003584,,1.632,10123,1530,0,
10124,71.775080505952374,1307202960900,1,5.464604590088129,5.6227,5.551616,1.9137,14551,0.001024,0.40294399999999997,,0.062208,0.257536,0.000256,0.23936,0.007424,0.039424,,0.003072,,1.814528,10124,1531,0,
10125,71.781406306689334,1307203017127,1,6.3258009031414986,6.4991,5.442048,2.3795,14551,0.001024,0.399872,,0.061952,0.258048,0,0.239872,0.0076799999999999993,0.040448,,0.0038399999999999997,,1.84192,10125,1532,0,
10126,71.787017602040819,1307203082118,1,5.6112953461706638,5.4301,6.307072,1.9291,14551,0.001024,0.400128,,0.54528,0.275456,0,0.236032,0.007936,0.0384,,0.004352,,1.841664,10126,1533,0,
10127,71.793365001417229,1307203136419,1,6.3473992049694061,5.4685,5.590016,2.1041,14551,0.001024,0.40166399999999997,,0.07296,0.260096,0.000256,0.240896,0.0076799999999999993,0.038911999999999995,,0.002816,,1.8493439999999999,10127,1534,0,
10128,71.8000404053288,1307203191104,1,6.675404030829668,6.3265,5.788672,1.9284,14551,0.001024,0.48947199999999996,,0.070912,0.262912,0,0.2432,0.003584,0.037632,,0.004352,,2.024448,10128,1535,0,
10129,71.806109700963717,1307203254369,1,6.0692955739796162,5.6558,6.659072,1.8507,14551,0.001024,0.489728,,0.070912,0.262912,0.000256,0.2432,0.0084479999999999989,0.03712,,0.0025599999999999998,,2.053376,10129,1536,0,
10130,71.811744104308389,1307203310927,1,5.6344033218920231,6.2287,6.046208,2.0263,14551,0.001024,0.402176,,0.061439999999999995,0.256768,0,0.238336,0.007424,0.038144,,0.003072,,1.620736,10130,1537,0,
10131,71.818485402494332,1307203373214,1,6.7412983626127243,6.7741,5.599488,2.0241,14753,0.001024,0.402688,,0.062208,0.255232,0,0.23679999999999998,0.003328,0.040959999999999996,,0.003328,,1.62048,10131,1538,0,
10132,71.824132305839,1307203440955,1,5.646903533488512,6.1821,6.739968,1.9038,14551,0.001024,0.401152,,0.644096,0.27494399999999997,0.000256,0.24831999999999999,0.011007999999999999,0.040192,,0.003584,,2.082816,10132,1539,0,
10133,71.829953706065751,1307203502776,1,5.8214003220200539,5.4393,5.61664,1.9443,14551,0.001024,0.398592,,0.062208,0.256,0.000256,0.23807999999999999,0.0076799999999999993,0.0384,,0.003584,,1.829376,10133,1540,0,
10134,71.836074305555556,1307203557169,1,6.120599340647459,6.8516,5.803264,1.8558,14551,0.001024,0.400128,,0.512,0.302336,0.000256,0.281088,0.0076799999999999993,0.039936,,0.003328,,1.741056,10134,1541,0,
10135,71.84245350056689,1307203625685,1,6.3791950233280659,5.5605,6.097408,1.7959,14603,0.001024,0.401152,,0.062208,0.256256,0,0.23807999999999999,0.003328,0.0384,,0.004096,,2.23488,10135,1542,0,
10136,71.848295606575959,1307203681290,1,5.8421059511601925,5.8304,6.283776,1.784,14551,0.001024,0.402176,,0.062208,0.628224,0,0.242176,0.004608,0.043008,,0.004352,,2.2430719999999997,10136,1543,0,
10137,71.854380902777777,1307203739594,1,6.0852961614727974,6.2691,5.896448,1.8943,14551,0.001024,0.40192,,0.061952,0.26111999999999996,0.000256,0.242944,0.007424,0.0384,,0.0025599999999999998,,2.4128,10137,1544,0,
10138,71.860197604875282,1307203802285,1,5.8167022652924061,6.3213,6.064896,2.0346,14551,0.001024,0.39808,,0.06784,0.257024,0,0.23936,0.0076799999999999993,0.0384,,0.004096,,2.6391039999999997,10138,1545,0,
10139,71.866106200396828,1307203865498,1,5.908595398068428,5.8634,5.805568,1.8676,14551,0.001024,0.40294399999999997,,0.062208,0.25574399999999997,0,0.237568,0.003328,0.036351999999999995,,0.002816,,2.176256,10139,1546,0,
10140,71.871627600623583,1307203924132,1,5.5214003659784794,6.2371,5.875712,1.928,14551,0.001024,0.40448,,0.061952,0.260864,0,0.241664,0.011007999999999999,0.040704,,0.002048,,1.6317439999999999,10140,1547,0,
10141,71.87767100340136,1307203986503,1,6.0434029437601566,5.7565,5.506816,1.9274,14551,0.001024,0.39833599999999997,,0.251648,0.261632,0,0.238592,0.007424,0.037888,,0.0025599999999999998,,1.6256,10141,1548,0,
10142,71.883314200680275,1307204044068,1,5.64319733530283,5.781,6.017792,2.0627,14551,0.001024,0.40499199999999996,,0.062464,0.48358399999999996,0,0.465408,0.008704,0.038655999999999996,,0.0038399999999999997,,2.0206079999999997,10142,1549,0,
10143,71.889724801587292,1307204101878,1,6.410601083189249,5.7288,5.565184,1.8993,14551,0.001024,0.40166399999999997,,0.062464,0.257536,0.000256,0.23936,0.0076799999999999993,0.03584,,0.002304,,2.044672,10143,1550,0,
10144,71.895556101190479,1307204159166,1,5.8312998153269291,5.7782,6.446592,2.0542,14551,0.001024,0.40038399999999996,,0.071168,0.25984,0,0.240384,0.007424,0.03968,,0.003584,,2.0288,10144,1551,0,
10145,71.901205803571429,1307204216948,1,5.6497021578252316,5.8098,5.80992,1.8134,14551,0.001024,0.40422399999999997,,0.061952,0.256256,0,0.238336,0.0076799999999999993,0.037632,,0.002816,,1.629184,10145,1552,0,
10146,71.907259105725615,1307204275046,1,6.0533019714057446,6.3663,5.631488,1.9307,14551,0.001024,0.40371199999999996,,0.062208,0.628224,0,0.609536,0.006656,0.036351999999999995,,0.002816,,1.8472959999999998,10146,1553,0,
10147,71.913277600623573,1307204338709,1,6.0184947215020657,5.6814,5.968128,1.8532,14746,0.001024,0.39910399999999996,,0.066816,0.257024,0,0.23807999999999999,0.0076799999999999993,0.038911999999999995,,0.004352,,1.6366079999999998,10147,1554,0,
10148,71.91889550028344,1307204395523,1,5.6178998202085495,5.6833,6.06976,1.869,14753,0.001024,0.39910399999999996,,0.212992,0.25651199999999996,0,0.23577599999999999,0.007936,0.038911999999999995,,0.0038399999999999997,,1.851136,10148,1555,0,
10149,71.924935402494327,1307204452356,1,6.039902102202177,6.3491,5.592576,2.292,14551,0.001024,0.39833599999999997,,0.062464,0.254208,0,0.236032,0.007424,0.038144,,0.004096,,1.837824,10149,1556,0,
10150,71.930429804421763,1307204515847,1,5.494401790201664,5.6899,6.016256,1.8909,14551,0.001024,0.400896,,0.062464,0.25779199999999997,0.000256,0.240384,0.0076799999999999993,0.039168,,0.003328,,2.345472,10150,1557,0,
10151,71.936027600623575,1307204572746,1,5.5977962911129,5.5709,5.479168,1.7935,14551,0.001024,0.401152,,0.070912,0.263168,0,0.243968,0.007424,0.042496,,0.003072,,1.844992,10151,1558,0,
10152,71.942163399943311,1307204628455,1,6.1357994563877583,6.0362,5.567744,1.7764,14551,0.001024,0.40371199999999996,,0.070912,0.25984,0,0.240384,0.0038399999999999997,0.063488,,0.003584,,1.632,10152,1559,0,
10153,71.947958503401352,1307204688817,1,5.7951034978032112,5.4818,5.93536,1.9017,14551,0.001024,0.40371199999999996,,0.061952,0.262144,0,0.24371199999999998,0.0076799999999999993,0.040704,,0.003072,,2.3265279999999997,10153,1560,0,
10154,71.953906802721079,1307204743635,1,5.9482995420694351,5.732,5.761792,1.8002,14551,0.001024,0.40038399999999996,,0.062208,0.259584,0,0.24140799999999998,0.0076799999999999993,0.041215999999999996,,0.002816,,1.6202239999999999,10154,1561,0,
10155,71.959656802721085,1307204800955,1,5.7500000111758709,6.6042,5.941248,1.8078,14551,0.001024,0.40038399999999996,,0.062464,0.409088,0,0.240384,0.006144,0.0384,,0.003328,,1.8590719999999998,10155,1562,0,
10156,71.965676403061224,1307204866997,1,6.0196002013981342,5.3484,5.721088,1.9369,14551,0.001024,0.40371199999999996,,0.061952,0.256,0,0.23782399999999998,0.007424,0.0384,,0.004096,,1.628928,10156,1563,0,
10157,71.971692701247164,1307204920481,1,6.0162981972098351,5.8748,5.89824,1.8874,14551,0.001024,0.4032,,0.061952,0.44723199999999996,0,0.428544,0.0076799999999999993,0.038144,,0.003328,,2.456576,10157,1564,0,
10158,71.9776621031746,1307204979229,1,5.96940191462636,6.2979,6.10816,2.1147,14551,0.001024,0.40294399999999997,,0.068864,0.256768,0.000256,0.238336,0.007424,0.036864,,0.003072,,1.845248,10158,1565,0,
10159,71.983573703231286,1307205042208,1,5.9115998446941376,6.8539,5.948416,1.7918,20961,0.001024,0.403968,,0.06272,0.254208,0,0.23654399999999998,0.007424,0.037632,,0.003584,,1.6199679999999999,10159,1566,0,
10160,71.989018905895691,1307205110747,1,5.4452028125524521,4.768,5.887232,1.9798,14551,0.001024,0.402688,,0.06272,0.256768,0.000256,0.238592,0.0076799999999999993,0.03584,,0.003328,,2.4304639999999997,10160,1567,0,
10161,71.995031802721087,1307205158427,1,6.0128970071673393,5.7997,5.361152,2.0532,14551,0.001024,0.4032,,0.062208,0.25344,0,0.23551999999999998,0.0076799999999999993,0.03584,,0.002304,,1.6197119999999998,10161,1568,0,
10162,72.000995500283437,1307205216424,1,5.96369756385684,6.6504,6.06592,1.8851,14551,0.001024,0.40371199999999996,,0.062464,0.25728,0,0.23910399999999998,0.0076799999999999993,0.038655999999999996,,0.004096,,2.3349759999999997,10162,1569,0,
10163,72.006978904478459,1307205282928,1,5.9834043495357037,5.4072,5.931264,1.8302,14551,0.001024,0.398592,,0.061952,0.257024,0.000256,0.238592,0.0097279999999999988,0.040448,,0.002816,,2.500864,10163,1570,0,
10164,72.012287903911556,1307205337000,1,5.3089992143213749,5.3194,5.983488,1.8041,14551,0.001024,0.405248,,0.068864,0.25907199999999997,0.000256,0.240896,0.007168,0.040704,,0.0025599999999999998,,2.14656,10164,1571,0,
10165,72.018235204081634,1307205390194,1,5.9473002329468727,5.9678,5.282304,1.86,14551,0.001024,0.397568,,0.061952,0.260608,0,0.242176,0.007424,0.039168,,0.002816,,1.851392,10165,1572,0,
10166,72.024372200963711,1307205449872,1,6.1369966715574265,5.9105,5.925376,1.9111,14753,0.001024,0.400896,,0.062464,0.25574399999999997,0,0.237056,0.007424,0.040448,,0.0038399999999999997,,2.09152,10166,1573,0,
10167,72.03022679988662,1307205508977,1,5.8545987121760845,5.2959,6.034688,1.7397,14551,0.001024,0.4864,,0.071424,0.260864,0,0.241664,0.0076799999999999993,0.039936,,0.002816,,2.3047679999999997,10167,1574,0,
10168,72.036142106009066,1307205561936,1,5.91530604287982,6.0123,5.91744,1.8553,14551,0.001024,0.4032,,0.070912,0.258816,0.000256,0.239616,0.0076799999999999993,0.038911999999999995,,0.003328,,1.8521599999999998,10168,1575,0,
10169,72.042241801303845,1307205622059,1,6.0996953397989273,6.4403,5.886208,1.8057,14551,0.001024,0.400128,,0.438528,0.273152,0.000256,0.24908799999999998,0.007424,0.041728,,0.004096,,1.625856,10169,1576,0,
10170,72.048142701247158,1307205686462,1,5.90089987963438,5.8447,6.074624,1.8495,14603,0.001024,0.40192,,0.062208,0.635904,0,0.61772799999999994,0.007424,0.041728,,0.003584,,1.633792,10170,1577,0,
10171,72.054152600623581,1307205744909,1,6.0098995454609394,5.655,5.884928,1.7603,14551,0.001024,0.40038399999999996,,0.062208,0.25856,0,0.24012799999999998,0.007424,0.040448,,0.0025599999999999998,,2.001664,10171,1578,0,
10172,72.059707001133788,1307205801459,1,5.5544003844261169,6.1452,5.988096,1.7364,14551,0.001024,0.4032,,0.06784,0.259328,0,0.24064,0.007424,0.038144,,0.003584,,1.999104,10172,1579,0,
10173,72.065672704081635,1307205862911,1,5.9657031670212746,5.9176,5.536512,1.9047,14746,0.001024,0.40166399999999997,,0.071424,0.263168,0,0.24371199999999998,0.008192,0.03712,,0.003328,,1.63584,10173,1580,0,
10174,72.0716663052721,1307205922087,1,5.9936014004051685,5.9533,5.916416,2.3056,16769,0.000768,0.402688,,0.06272,0.259584,0.000256,0.24115199999999998,0.007936,0.038655999999999996,,0.002304,,2.10176,10174,1581,0,
10175,72.077394905045352,1307205981620,1,5.7285996153950691,5.9446,6.000896,2.0679,14551,0.001024,0.401408,,0.26111999999999996,0.255232,0,0.23654399999999998,0.009216,0.038144,,0.004096,,1.6199679999999999,10175,1582,0,
10176,72.083322604875278,1307206041066,1,5.9276996180415154,6.4619,5.714688,1.9884,14551,0.001024,0.40575999999999995,,0.062464,0.457472,0.000256,0.43929599999999996,0.007936,0.0384,,0.003328,,1.8577919999999999,10176,1583,0,
10177,72.089113201530608,1307206105685,1,5.7905968278646469,5.4277,5.90464,2.3901,14551,0.001024,0.403456,,0.061952,0.252672,0,0.235264,0.003328,0.03968,,0.003072,,1.622016,10177,1584,0,
10178,72.09555040391156,1307206159962,1,6.437202449887991,6.0017,5.707008,1.9544,14551,0.001024,0.4032,,0.062208,0.258304,0,0.239872,0.0076799999999999993,0.03584,,0.0038399999999999997,,1.758208,10178,1585,0,
10179,72.101939604591834,1307206219979,1,6.3892006874084473,5.5299,6.422528,2.0576,14551,0.001024,0.40166399999999997,,0.07039999999999999,0.259584,0.000256,0.240896,0.007936,0.037376,,0.003328,,2.0103679999999997,10179,1586,0,
10180,72.107705605158728,1307206275278,1,5.7660005986690521,5.6867,5.8304,1.9901,14551,0.001024,0.40166399999999997,,0.068352,0.44339199999999995,0.000256,0.42470399999999997,0.006656,0.040192,,0.003328,,1.96992,10180,1587,0,
10181,72.113200503117909,1307206332145,1,5.494898185133934,6.8781,5.737984,1.9031,14551,0.0012799999999999999,0.401408,,0.068352,0.262912,0,0.244224,0.0076799999999999993,0.039936,,0.003584,,1.7602559999999998,10181,1588,0,
10182,72.119118005952373,1307206400926,1,5.9175030328333378,6.0905,5.531136,2.0363,14753,0.001024,0.400128,,0.062208,0.256768,0,0.238592,0.007424,0.038911999999999995,,0.0025599999999999998,,1.8393599999999999,10182,1589,0,
10183,72.124744706632654,1307206461831,1,5.6267008185386658,5.9032,5.898496,2.5754,14551,0.001024,0.40192,,0.063232,0.261376,0,0.242688,0.00896,0.040959999999999996,,0.004352,,2.281472,10183,1590,0,
10184,72.130718204365081,1307206520863,1,5.9734978713095188,5.2522,5.050112,1.815,14551,0.001024,0.40243199999999996,,0.062464,0.26111999999999996,0,0.242688,0.0076799999999999993,0.039424,,0.0038399999999999997,,1.851648,10184,1591,0,
10185,72.136242502834463,1307206573385,1,5.5242986418306828,5.734,5.949696,2.0957,14551,0.000768,0.403456,,0.062208,0.262656,0,0.24371199999999998,0.007424,0.041728,,0.002304,,2.282752,10185,1592,0,
10186,72.1430529053288,1307206630725,1,6.8104024976491928,5.6282,5.493504,1.7534,14551,0.001024,0.48614399999999997,,0.062208,0.633856,0,0.240384,0.005376,0.042752,,0.003584,,1.634304,10186,1593,0,
10187,72.14836940192744,1307206687007,1,5.3164968267083168,6.0211,6.792192,1.9061,14551,0.001024,0.40166399999999997,,0.062208,0.63744,0,0.61952,0.0076799999999999993,0.041728,,0.002304,,2.085632,10187,1594,0,
10188,72.154129606009064,1307206747218,1,5.7602040469646454,5.4866,5.298432,1.7942,14551,0.001024,0.40243199999999996,,0.06272,0.25651199999999996,0,0.238336,0.0076799999999999993,0.038144,,0.0038399999999999997,,2.043392,10188,1595,0,
10189,72.1600612032313,1307206802084,1,5.9315972030162811,6.8327,5.737216,1.8619,14551,0.001024,0.39961599999999997,,0.068608,0.257536,0.000256,0.23884799999999998,0.004352,0.038911999999999995,,0.0038399999999999997,,2.065152,10189,1596,0,
10190,72.16559310515872,1307206870411,1,5.5319019593298435,5.6091,5.713152,1.8372,14551,0.001024,0.402688,,0.062464,0.256768,0.000256,0.238592,0.007424,0.039424,,0.0038399999999999997,,1.630976,10190,1597,0,
10191,72.171193105158721,1307206926502,1,5.59999980032444,5.5003,5.526272,1.8511,14551,0.001024,0.40294399999999997,,0.065279999999999991,0.255488,0.000256,0.23679999999999998,0.0076799999999999993,0.040192,,0.003072,,2.108672,10191,1598,0,
10192,72.177162705498858,1307206981505,1,5.969600286334753,6.0381,5.572096,1.8155,14551,0.001024,0.399872,,0.061952,0.44595199999999996,0,0.237568,0.0076799999999999993,0.036608,,0.002816,,1.791488,10192,1599,0,
10193,72.183197406462583,1307207041886,1,6.0347011312842369,5.6822,5.940736,1.8841,14551,0.001024,0.40371199999999996,,0.066816,0.26111999999999996,0,0.241664,0.0076799999999999993,0.038655999999999996,,0.0025599999999999998,,2.028544,10193,1600,0,
10194,72.189245301870741,1307207098708,1,6.0478951781988144,6.2918,6.02112,1.7973,14551,0.001024,0.489984,,0.06784,0.261376,0,0.241664,0.0076799999999999993,0.036351999999999995,,0.002816,,2.042624,10194,1601,0,
10195,72.195269401927433,1307207161626,1,6.0240998864173889,5.0036,5.941248,2.0894,14551,0.001024,0.402688,,0.073984,0.256,0,0.236288,0.003584,0.040704,,0.002816,,2.039808,10195,1602,0,
10196,72.2009873015873,1307207211662,1,5.7178996503353119,6.6338,6.017024,2.0779,14551,0.001024,0.489216,,0.071168,0.261376,0,0.24192,0.00896,0.038911999999999995,,0.003072,,2.017792,10196,1603,0,
10197,72.206839703798181,1307207278000,1,5.8524021878838539,5.9553,5.757184,1.9633,14551,0.001024,0.39833599999999997,,0.067328,0.26239999999999997,0.000256,0.242688,0.0076799999999999993,0.040959999999999996,,0.0025599999999999998,,1.6199679999999999,10197,1604,0,
10198,72.213268601190478,1307207337553,1,6.4288973808288574,5.9363,5.839872,2.0063,14551,0.001024,0.40243199999999996,,0.07168,0.260864,0.000256,0.24064,0.0076799999999999993,0.041215999999999996,,0.002304,,2.000384,10198,1605,0,
10199,72.21834640022675,1307207396916,1,5.07779885083437,5.8458,6.405632,1.8878,14948,0.001024,0.396544,,0.068608,0.258816,0.000256,0.239616,0.007424,0.039424,,0.003584,,1.8406399999999998,10199,1606,0,
10200,72.224778302154192,1307207455374,1,6.431901827454567,5.8036,5.053184,1.9507,14551,0.001024,0.39961599999999997,,0.061952,0.25856,0,0.24064,0.0076799999999999993,0.038911999999999995,,0.002048,,1.821696,10200,1607,0,
10201,72.230282405045344,1307207513410,1,5.5041029118001461,6.3656,6.349312,1.9595,14551,0.001024,0.39910399999999996,,0.06272,0.260096,0,0.24064,0.007936,0.040704,,0.003584,,2.041344,10201,1608,0,
10202,72.236209800170059,1307207577066,1,5.9273950755596161,4.8483,5.449984,1.9702,14551,0.001024,0.40192,,0.062208,0.259328,0.000256,0.240896,0.0076799999999999993,0.039424,,0.002304,,1.82528,10202,1609,0,
10203,72.241917106009069,1307207625549,1,5.7073058560490608,6.5567,5.988096,2.1958,14551,0.001024,0.40166399999999997,,0.066816,0.260608,0,0.240896,0.003328,0.040192,,0.0025599999999999998,,1.6148479999999998,10203,1610,0,
10204,72.248079705215417,1307207691116,1,6.1625991947948933,5.9772,5.69472,2.179,14603,0.001024,0.402688,,0.063232,0.262656,0,0.244224,0.009216,0.040704,,0.003072,,2.0743679999999998,10204,1611,0,
10205,72.254079606009071,1307207750888,1,5.9999008662998676,5.5102,6.141952,1.9762,14551,0.001024,0.402688,,0.070912,0.2688,0,0.24908799999999998,0.009216,0.038655999999999996,,0.003584,,1.6350719999999999,10205,1612,0,
10206,72.259923901643987,1307207805990,1,5.8442954905331135,5.7399,5.978112,2.1146,14551,0.001024,0.39961599999999997,,0.062208,0.44185599999999997,0,0.238336,0.009216,0.038911999999999995,,0.0038399999999999997,,2.339328,10206,1613,0,
10207,72.265707305839,1307207863389,1,5.7834042236208916,6.3995,5.82912,1.9874,14551,0.001024,0.40192,,0.062208,0.25574399999999997,0.000256,0.237056,0.003328,0.0384,,0.002816,,1.7118719999999998,10207,1614,0,
10208,72.2717165036848,1307207927384,1,6.0091977939009666,5.8233,5.774848,2.2165,14551,0.001024,0.4032,,0.260608,0.262144,0,0.23807999999999999,0.0076799999999999993,0.0384,,0.002304,,2.080256,10208,1615,0,
10209,72.277393905895693,1307207985617,1,5.6774020195007324,5.8737,5.918208,2.0171,14551,0.001024,0.403968,,0.06784,0.254976,0,0.236288,0.008704,0.037376,,0.003328,,2.0671999999999997,10209,1616,0,
10210,72.283802806122452,1307208044354,1,6.4089000225067139,5.7521,5.716736,1.981,14551,0.001024,0.402688,,0.062464,0.45183999999999996,0.000256,0.43392,0.0076799999999999993,0.039168,,0.003072,,1.6230399999999998,10210,1617,0,
10211,72.289734304138321,1307208101875,1,5.9314980171620846,6.0669,6.408192,2.0086,14551,0.001024,0.48768,,0.06272,0.43904,0,0.42086399999999996,0.011007999999999999,0.039936,,0.003328,,2.043392,10211,1618,0,
10212,72.295687606292518,1307208162544,1,5.9533021412789822,5.4186,5.906176,1.9482,14551,0.001024,0.404736,,0.06272,0.257536,0.000256,0.23936,0.003072,0.038911999999999995,,0.003328,,2.011648,10212,1619,0,
10213,72.301627005385484,1307208216730,1,5.939398892223835,6.8548,5.927936,2.1752,14551,0.001024,0.4032,,0.06272,0.255488,0.000256,0.237312,0.007424,0.037632,,0.002816,,1.8288639999999998,10213,1620,0,
10214,72.307581802721089,1307208285278,1,5.9547973796725273,5.3469,5.921792,1.9265,14551,0.001024,0.40192,,0.06272,0.62438399999999994,0.000256,0.60595199999999994,0.0038399999999999997,0.036608,,0.0038399999999999997,,2.290688,10214,1621,0,
10215,72.313413506235818,1307208338747,1,5.8317035436630249,5.969,5.939456,2.0626,14551,0.001024,0.402176,,0.070912,0.258304,0,0.23936,0.0076799999999999993,0.040192,,0.002816,,2.306304,10215,1622,0,
10216,72.319942800453518,1307208398437,1,6.5292944200336933,6.2983,5.72416,2.3084,14753,0.001024,0.40192,,0.062208,0.25779199999999997,0,0.23936,0.007424,0.040448,,0.002304,,2.284032,10216,1623,0,
10217,72.325467502834471,1307208461420,1,5.5247023701667786,5.6512,6.052096,1.9069,14551,0.001024,0.40422399999999997,,0.062208,0.257536,0,0.239616,0.007424,0.038911999999999995,,0.0038399999999999997,,2.402816,10217,1624,0,
10218,72.330562606292517,1307208517932,1,5.0951032899320126,6.0469,5.527808,1.9174,14551,0.001024,0.401408,,0.061952,0.257024,0,0.23936,0.007936,0.040448,,0.003328,,1.8306559999999998,10218,1625,0,
10219,72.336993806689335,1307208578401,1,6.4312005415558815,6.1302,5.068032,1.9426,14551,0.001024,0.401152,,0.062208,0.26111999999999996,0.000256,0.242688,0.007424,0.040704,,0.002816,,1.838592,10219,1626,0,
10220,72.3428838010204,1307208639703,1,5.88999455794692,5.4486,6.346496,1.9299,14551,0.001024,0.49075199999999997,,0.068864,0.25984,0.000256,0.24064,0.007424,0.041471999999999995,,0.004352,,2.267136,10220,1627,0,
10221,72.348876601473918,1307208694189,1,5.9928004629909992,5.1073,5.85344,2.0054,14551,0.001024,0.40243199999999996,,0.061952,0.257536,0,0.239872,0.0076799999999999993,0.039424,,0.003584,,1.6192,10221,1628,0,
10222,72.354879499716546,1307208745262,1,6.0028983280062675,6.5887,5.843456,1.976,14799,0.001024,0.40192,,0.062464,0.69708799999999993,0,0.67865599999999993,0.007936,0.038144,,0.002816,,2.106624,10222,1629,0,
10223,72.361280704365072,1307208811149,1,6.4012045040726662,5.7859,6.038016,1.9362,14551,0.001024,0.40499199999999996,,0.068096,0.260608,0.000256,0.242176,0.003328,0.038655999999999996,,0.004352,,2.6547199999999997,10223,1630,0,
10224,72.3674588010204,1307208869008,1,6.1780968680977821,6.0037,6.387712,1.8798,14551,0.001024,0.40499199999999996,,0.275712,0.266496,0,0.242688,0.0076799999999999993,0.038911999999999995,,0.0025599999999999998,,2.6475519999999997,10224,1631,0,
10225,72.373849100056688,1307208929045,1,6.3902991823852062,6.0853,6.161152,1.8113,14746,0.001024,0.405504,,0.06784,0.260608,0,0.24192,0.003328,0.038144,,0.004096,,2.166016,10225,1632,0,
10226,72.379888102324259,1307208989898,1,6.0390024445950985,6.3012,6.160384,1.9662,14551,0.001024,0.40448,,0.061952,0.25856,0.000256,0.240384,0.007424,0.040959999999999996,,0.004096,,2.664704,10226,1633,0,
10227,72.386006101190475,1307209052910,1,6.1179990880191326,6.1419,6.012416,1.9694,14551,0.001024,0.403456,,0.061952,0.63872,0,0.620288,0.004352,0.040448,,0.003072,,2.154752,10227,1634,0,
10228,72.392394401927433,1307209114329,1,6.3883005641400814,6.4323,6.098944,1.85,14551,0.001024,0.40422399999999997,,0.062464,0.630528,0,0.24064,0.00896,0.043008,,0.002816,,2.24384,10228,1635,0,
10229,72.398476906179141,1307209178652,1,6.0825040563941,6.1844,6.363392,1.8328,14551,0.001024,0.40166399999999997,,0.064,0.25472,0,0.237056,0.007424,0.039168,,0.002816,,1.6266239999999998,10229,1636,0,
10230,72.40471150085034,1307209240496,1,6.2345946207642555,6.301,6.061056,1.7893,14551,0.001024,0.402688,,0.062464,0.451072,0,0.433152,0.007424,0.0384,,0.0038399999999999997,,2.005248,10230,1637,0,
10231,72.410397002551022,1307209303506,1,5.6855017319321632,6.0202,6.223872,1.9467,14551,0.001024,0.40038399999999996,,0.064,0.25907199999999997,0,0.240384,0.007424,0.038144,,0.0038399999999999997,,2.024704,10231,1638,0,
10232,72.416512903911567,1307209363708,1,6.1159012839198112,6.151,5.658368,1.846,14551,0.001024,0.40192,,0.062208,0.846592,0.000256,0.238592,0.010239999999999999,0.039168,,0.004096,,1.636096,10232,1639,0,
10233,72.4223788052721,1307209425218,1,5.865901242941618,6.2014,6.09152,1.8284,14753,0.001024,0.403968,,0.062208,0.87091199999999991,0,0.23884799999999998,0.012032,0.03712,,0.004096,,2.0387839999999997,10233,1640,0,
10234,72.428568700396823,1307209487232,1,6.1898953281342983,5.6868,5.849088,2.0027,14551,0.000768,0.40192,,0.061952,0.256256,0,0.23807999999999999,0.0076799999999999993,0.040192,,0.003072,,1.624576,10234,1641,0,
10235,72.434619203514742,1307209544100,1,6.050503347069025,6.2099,6.15936,1.8514,14551,0.001024,0.39936,,0.062208,0.567552,0,0.549632,0.003584,0.037376,,0.0038399999999999997,,2.04032,10235,1642,0,
10236,72.440693402777768,1307209606199,1,6.074199452996254,5.9186,6.037248,1.9067,14551,0.194048,0.40294399999999997,,0.061695999999999994,0.257536,0.000256,0.23936,0.0076799999999999993,0.038655999999999996,,0.004352,,1.62048,10236,1643,0,
10237,72.446802699829931,1307209665385,1,6.1092972755432129,6.5883,6.025216,1.9518,14551,0.001024,0.39910399999999996,,0.063488,0.257536,0.000256,0.239616,0.0076799999999999993,0.040959999999999996,,0.002816,,2.025728,10237,1644,0,
10238,72.4530832057823,1307209731268,1,6.2805060297250748,5.6933,6.051328,1.9066,14603,0.001024,0.39808,,0.06272,0.259328,0.000256,0.24064,0.0076799999999999993,0.038911999999999995,,0.002816,,1.63584,10238,1645,0,
10239,72.458794600340127,1307209788201,1,5.7113943621516228,6.0511,6.33984,2.073,14551,0.001024,0.40166399999999997,,0.062208,0.74649599999999994,0,0.72883199999999992,0.007936,0.039936,,0.002816,,2.254336,10239,1646,0,
10240,72.464507001133782,1307209848712,1,5.7124006561934948,6.447,5.692416,1.8712,14551,0.001024,0.40243199999999996,,0.062464,0.25907199999999997,0,0.241664,0.0076799999999999993,0.041471999999999995,,0.0038399999999999997,,1.62048,10240,1647,0,
10241,72.470482405045345,1307209913182,1,5.9754038229584694,5.9732,5.691136,1.8821,14551,0.001024,0.403456,,0.06272,0.260864,0.000256,0.242176,0.0076799999999999993,0.040704,,0.0025599999999999998,,2.235392,10241,1648,0,
10242,72.476583404195011,1307209972914,1,6.100999191403389,5.891,5.958144,1.8785,14551,0.001024,0.398848,,0.070656,0.25779199999999997,0,0.23807999999999999,0.003584,0.035072,,0.002816,,2.030592,10242,1649,0,
10243,72.48268390022676,1307210031824,1,6.1004958115518093,5.5922,6.07872,1.9783,14551,0.001024,0.398848,,0.070656,0.25779199999999997,0,0.23807999999999999,0.003584,0.035072,,0.002816,,2.030592,10243,1650,0,
10244,72.488927806122447,1307210087746,1,6.2439059838652611,6.0315,6.01344,2.7455,20961,0.001024,0.40448,,0.071424,0.260352,0,0.240896,0.007936,0.056063999999999996,,0.002816,,2.159872,10244,1651,0,
10245,72.494305102040812,1307210148061,1,5.3772958926856518,5.9731,6.290432,1.9246,14551,0.001024,0.487936,,0.062464,0.256768,0,0.238336,0.010239999999999999,0.037632,,0.003072,,2.1022719999999997,10245,1652,0,
10246,72.500497604875278,1307210207792,1,6.1925030313432217,6.4599,5.345536,1.8827,14551,0.001024,0.401408,,0.062208,0.260352,0,0.241664,0.003328,0.038144,,0.0038399999999999997,,1.6232959999999999,10246,1653,0,
10247,72.506628706065754,1307210272391,1,6.1311013996601105,5.8346,6.17472,2.6548,14551,0.001024,0.402176,,0.061952,0.41087999999999997,0,0.392704,0.003328,0.0384,,0.002304,,1.849856,10247,1654,0,
10248,72.5128373015873,1307210330737,1,6.2085953541100025,5.3248,6.047232,2.0552,14551,0.001024,0.403456,,0.062208,0.82662399999999991,0,0.23679999999999998,0.0048639999999999994,0.04224,,0.003072,,1.84832,10248,1655,0,
10249,72.5183086026077,1307210383985,1,5.4713007993996143,6.1149,6.265856,2.627,14753,0.001024,0.406528,,0.070912,0.259584,0.000256,0.240384,0.0076799999999999993,0.039424,,0.002816,,1.833216,10249,1656,0,
10250,72.524367906746022,1307210445134,1,6.0593043453991413,6.5275,5.444096,1.8305,14746,0.001024,0.40294399999999997,,0.063232,0.258304,0,0.240384,0.0076799999999999993,0.038911999999999995,,0.003328,,1.634304,10250,1657,0,
10251,72.530463605442179,1307210510409,1,6.095698568969965,5.7985,6.034432,1.935,14551,0.001024,0.39936,,0.061952,0.624128,0,0.606208,0.007424,0.040192,,0.003584,,1.835008,10251,1658,0,
10252,72.536340802154186,1307210568394,1,5.8771967887878418,5.6569,6.073344,1.9687,20335,0.001024,0.400896,,0.066304,0.25984,0,0.240384,0.007424,0.040192,,0.003328,,1.8611199999999999,10252,1659,0,
10253,72.542495804988661,1307210624963,1,6.1550028622150421,5.8767,5.85728,1.7926,14551,0.001024,0.40294399999999997,,0.070912,0.704768,0,0.685056,0.007936,0.03712,,0.0025599999999999998,,1.63456,10253,1660,0,
10254,72.548856405895691,1307210683730,1,6.3606007024645805,6.0284,6.125824,1.9681,14551,0.001024,0.401152,,0.062464,1.1064319999999999,0,1.087744,0.0038399999999999997,0.036864,,0.003072,,1.63456,10254,1661,0,
10255,72.554903302154187,1307210744014,1,6.0468963347375393,6.0214,5.823232,1.9015,14551,0.001024,0.40294399999999997,,0.070656,0.259328,0,0.24012799999999998,0.007936,0.038911999999999995,,0.003072,,2.011136,10255,1662,0,
10256,72.55980410289115,1307210804228,1,4.9008005298674107,6.0884,6.01984,1.79,14551,0.001024,0.40448,,0.068864,0.260096,0,0.242176,0.007936,0.0384,,0.002304,,2.036224,10256,1663,0,
10257,72.565560501700674,1307210865112,1,5.7563986629247665,6.3075,4.8768,1.8647,14696,0.001024,0.40294399999999997,,0.061952,0.25472,0,0.23654399999999998,0.007936,0.037888,,0.002304,,1.620736,10257,1664,0,
10258,72.573334906462577,1307210928187,1,7.7744047157466412,6.4298,5.753856,6.4298,27712,0.001024,0.404736,,0.06297599999999999,0.25651199999999996,0,0.23884799999999998,0.003328,0.037632,,0.0038399999999999997,,2.024448,10258,1665,0,
10259,72.579264604591827,1307210992485,1,5.92969823628664,4.8303,5.48608,1.6528,14551,0.001024,0.401408,,0.06297599999999999,0.25651199999999996,0.000256,0.238336,0.007936,0.039424,,0.004096,,1.6168959999999999,10259,1666,0,
10260,72.585113704648521,1307211040788,1,5.8491001836955547,5.5422,5.912832,1.9764,14551,0.001024,0.40294399999999997,,0.061952,0.25728,0,0.23910399999999998,0.007424,0.03968,,0.003328,,1.622272,10260,1667,0,
10261,72.591358602607713,1307211096210,1,6.2448978424072266,7.8105,5.630208,1.7328,14551,0.001024,0.39961599999999997,,0.062464,0.258816,0,0.24064,0.007936,0.038655999999999996,,0.0025599999999999998,,1.6281599999999998,10261,1668,0,
10262,72.59766990504535,1307211174315,1,6.3113025389611721,5.9799,5.837568,1.7107,14551,0.001024,0.40243199999999996,,0.061952,0.262656,0,0.243968,0.0076799999999999993,0.040448,,0.002048,,2.363904,10262,1669,0,
10263,72.603961600056692,1307211234114,1,6.2916949391365051,5.8773,6.30528,1.9022,14551,0.001024,0.40243199999999996,,0.065279999999999991,0.260864,0,0.24192,0.007424,0.043008,,0.002048,,1.6250879999999999,10263,1670,0,
10264,72.609516999716547,1307211292887,1,5.5553996935486794,6.1897,5.700352,1.7976,14551,0.001024,0.40294399999999997,,0.062464,0.266752,0,0.247296,0.007424,0.039936,,0.002048,,1.818368,10264,1671,0,
10265,72.615193105158724,1307211354784,1,5.6761056184768677,6.2206,5.533952,1.8091,14551,0.001024,0.403968,,0.062208,0.258048,0,0.239616,0.0076799999999999993,0.0384,,0.003328,,2.072832,10265,1672,0,
10266,72.621201906179138,1307211416990,1,6.0088010504841805,6.2989,5.658112,1.8864,14898,0.001024,0.403456,,0.064,0.256,0,0.23807999999999999,0.0076799999999999993,0.037632,,0.003072,,1.824768,10266,1673,0,
10267,72.627467304421771,1307211479979,1,6.2653981149196625,5.9319,5.914624,2.0153,14551,0.001024,0.40192,,0.071168,0.25984,0,0.240384,0.007424,0.039424,,0.003584,,2.0032,10267,1674,0,
10268,72.633643204365072,1307211539298,1,6.1758998781442642,5.2906,5.883392,1.8295,14551,0.001024,0.403968,,0.062464,0.450304,0,0.24192,0.009216,0.038655999999999996,,0.003584,,2.034176,10268,1675,0,
10269,72.639913704648521,1307211592204,1,6.2705003656446934,6.5085,6.152704,2.0086,14551,0.001024,0.40192,,0.062464,0.261376,0.000256,0.24243199999999998,0.003328,0.040192,,0.003584,,2.1941759999999997,10269,1676,0,
10270,72.646229705215418,1307211657289,1,6.31600059568882,5.9053,6.256384,1.8702,14551,0.0012799999999999999,0.405248,,0.068352,0.25856,0,0.23936,0.003584,0.040448,,0.002304,,2.764032,10270,1677,0,
10271,72.65272610544217,1307211716342,1,6.4964001066982746,6.0702,6.30016,1.8313,14551,0.001024,0.489216,,0.068608,0.26367999999999997,0,0.24473599999999998,0.0076799999999999993,0.040959999999999996,,0.002816,,2.667008,10271,1678,0,
10272,72.658375899943309,1307211777044,1,5.6497943587601185,6.3247,6.47168,1.9041,14603,0.001024,0.40422399999999997,,0.06297599999999999,0.25779199999999997,0.000256,0.239616,0.008192,0.040192,,0.003328,,2.7110399999999997,10272,1679,0,
10273,72.663965001417225,1307211840291,1,5.58910146355629,6.2793,5.634048,1.9455,14551,0.001024,0.40371199999999996,,0.062464,0.258816,0,0.240896,0.007424,0.0384,,0.002816,,1.6266239999999998,10273,1680,0,
10274,72.670272101757362,1307211903084,1,6.3071004115045071,6.4647,5.564416,1.8327,14551,0.001024,0.400896,,0.062208,0.25728,0.000256,0.23884799999999998,0.007424,0.037632,,0.003584,,1.636096,10274,1681,0,
