observation_frame,unscaled_time,frame_timing_timestamp,segment,"frame_interval_ms","cpu_frame_ms","gpu_frame_ms","cpu_render_thread_ms","gc_allocated_in_editor_frame_bytes","VSM.LayoutRemap_gpu_ms","VSM.Allocate_gpu_ms","VSM.InvalidateStatic_gpu_ms","VSM.ClearPhysicalPages_gpu_ms","VSM.StaticCasterCull_gpu_ms","VSM.DynamicCasterCull_gpu_ms","VSM.PageCull_gpu_ms","VSM.StaticRaster_gpu_ms","VSM.DynamicRaster_gpu_ms","VSM.UnityCompatibilityRaster_gpu_ms","VSM.FinalizePages_gpu_ms","VSM.ResetFeedback_gpu_ms","VSM.ResolveAndFeedback_gpu_ms",observed_camera_frame,observed_camera_serial,window_repaint_count,seconds_since_window_repaint
5467,46.738717694161,2176592197007,1,7.0549957454204559,7.687,6.574592,1.9873,14539,0.001024,0.363008,,0.034816,0.16947199999999998,0,0.150272,0.021759999999999998,0.014079999999999999,,0.0038399999999999997,,2.4192,5467,752,0,
5468,46.746041794217682,2176592273877,1,7.3241000063717365,7.056,7.033344,2.0069,14563,0.001024,0.3328,,0.034816,0.167936,0,0.14848,0.007424,0.013056,,0.004096,,2.7811839999999997,5468,753,0,
5469,46.753066595804988,2176592344437,1,7.0248018018901348,6.4478,7.2512,1.9311,14539,0.001024,0.33228799999999997,,0.034816,0.164352,0,0.14540799999999998,0.003584,0.013312,,0.002816,,3.1795199999999997,5469,754,0,
5470,46.760615894274373,2176592408915,1,7.5492984615266323,7.0576,7.06432,2.2085,14563,0.001024,0.33152,,0.034816,0.165632,0,0.14668799999999999,0.0076799999999999993,0.013824,,0.002304,,3.34848,5470,755,0,
5471,46.767924000850336,2176592479491,1,7.3081064037978649,7.4159,7.448576,2.0707,14539,0.001024,0.36224,,0.035072,0.1664,0,0.1472,0.021759999999999998,0.013568,,0.003584,,3.351296,5471,756,0,
5472,46.774808198696142,2176592553650,1,6.8841977044939995,7.0993,7.133184,1.9399,14563,0.001024,0.362496,,0.035072,0.159744,0.000256,0.14079999999999998,0.022784,0.013824,,0.002816,,3.048704,5472,757,0,
5473,46.782076296768707,2176592624643,1,7.2680981829762459,7.8128,7.086336,1.941,14539,0.001024,0.45516799999999996,,0.034816,0.165376,0,0.14592,0.036864,0.013568,,0.004096,,2.732032,5473,758,0,
5474,46.789322895408162,2176592702771,1,7.2465986013412476,6.7727,7.244288,2.1635,14563,0.001024,0.484608,,0.041215999999999996,0.166656,0,0.14771199999999998,0.040192,0.014336,,0.003584,,2.769408,5474,759,0,
5475,46.796738499149654,2176592770498,1,7.4156038463115692,6.8557,7.235328,1.8647,14741,0.0012799999999999999,0.363264,,0.035072,0.169216,0.000256,0.150784,0.020992,0.014079999999999999,,0.003584,,2.950656,5475,760,0,
5476,46.804114399092967,2176592839055,1,7.3759001679718494,7.3361,7.383552,2.0069,14563,0.001024,0.330752,,0.035072,0.164608,0,0.14540799999999998,0.308992,0.017408,,0.002816,,3.3154559999999997,5476,761,0,
5477,46.811059495464853,2176592912416,1,6.9450964219868183,7.1868,7.29088,1.9314,14539,0.001024,0.330752,,0.035072,0.593152,0,0.146176,0.010239999999999999,0.015616,,0.004096,,2.666752,5477,762,0,
5478,46.818050800736962,2176592984284,1,6.9913053885102272,7.5073,6.929664,2.3206,14563,0.001024,0.416,,0.035328,0.16512,0,0.146176,0.010752,0.013056,,0.003328,,3.227648,5478,763,0,
5479,46.825692594954646,2176593059357,1,7.6417941600084305,7.4662,7.041792,2.0173,14539,0.001024,0.36070399999999997,,0.035072,0.428288,0,0.15103999999999998,0.029183999999999998,0.015872,,0.002816,,3.0489599999999997,5479,764,0,
5480,46.832395500283447,2176593134019,1,6.7029055207967758,7.7018,7.620864,2.1683,14563,0.001024,0.363264,,0.035072,0.46694399999999997,0,0.13747199999999998,0.028672,0.015359999999999999,,0.003072,,2.753024,5480,765,0,
5481,46.839664200680268,2176593211037,1,7.2687002830207348,6.1789,6.677504,1.8952,14758,0.001024,0.453376,,0.041984,0.164352,0,0.14540799999999998,0.037888,0.013312,,0.0025599999999999998,,2.428928,5481,766,0,
5482,46.846622498582768,2176593272826,1,6.9582979194819927,7.6356,7.250688,1.9279,14563,0.001024,0.483328,,0.036864,0.17049599999999998,0,0.15129599999999999,0.037888,0.015359999999999999,,0.003584,,3.041792,5482,767,0,
5483,46.85355209750567,2176593349182,1,6.9295987486839294,6.6593,6.87488,1.9289,14539,0.0012799999999999999,0.36224,,0.041471999999999995,0.172032,0.000256,0.152832,0.022272,0.013312,,0.004096,,2.672384,5483,768,0,
5484,46.861225595238096,2176593415775,1,7.6734977774322033,7.1734,6.970112,2.095,14563,0.001024,0.33228799999999997,,0.034304,0.169728,0,0.15103999999999998,0.0076799999999999993,0.014591999999999999,,0.003584,,2.756608,5484,769,0,
5485,46.86833669926304,2176593487509,1,7.11110420525074,7.0936,7.58656,1.9052,14539,0.001024,0.331264,,0.036864,0.17024,0.000256,0.15001599999999998,0.0076799999999999993,0.011776,,0.004352,,2.770432,5485,770,0,
5486,46.875469600340132,2176593558445,1,7.1329008787870407,6.885,7.151104,2.0296,14563,0.001024,0.330496,,0.035328,0.16819199999999998,0,0.148736,0.0076799999999999993,0.014848,,0.002816,,2.9775359999999997,5486,771,0,
5487,46.882829095804986,2176593627295,1,7.3594953864812851,7.6885,7.052032,1.9431,14539,0.001024,0.36019199999999996,,0.034816,0.170752,0,0.152064,0.020992,0.012288,,0.0025599999999999998,,3.147776,5487,772,0,
5488,46.889780194161,2176593704180,1,6.9510983303189278,7.0233,7.398144,2.0922,14765,0.001024,0.364544,,0.034816,0.169984,0,0.15129599999999999,0.022528,0.013312,,0.002816,,2.6396159999999997,5488,773,0,
5489,46.897266198979587,2176593774413,1,7.48600484803319,7.3627,6.868224,2.0096,14539,0.001024,0.48486399999999996,,0.034816,0.16512,0,0.14592,0.036864,0.015104,,0.004096,,3.19616,5489,774,0,
5490,46.904790199829932,2176593848040,1,7.5240009464323521,7.3983,7.531776,2.1304,14563,0.001024,0.48486399999999996,,0.034816,0.16512,0,0.14592,0.036864,0.015104,,0.004096,,3.19616,5490,775,0,
5491,46.911244798752833,2176593922023,1,6.4545990899205208,7.2218,7.50464,2.7222,14591,0.001024,0.361984,,0.601344,0.16486399999999998,0,0.145664,0.021759999999999998,0.012799999999999999,,0.002816,,2.798848,5491,776,0,
5492,46.917866099773242,2176593994241,1,6.6213011741638184,7.2525,6.3488,2.798,14563,0.001024,0.332032,,0.035072,0.166912,0,0.14771199999999998,0.0076799999999999993,0.014848,,0.004096,,2.7594239999999997,5492,777,0,
5493,46.924996598639453,2176594066766,1,7.1304989978671074,8.7337,6.616064,2.1702,14539,0.0012799999999999999,0.330752,,0.035328,0.47564799999999996,0.000256,0.456704,0.007936,0.013312,,0.003584,,2.654464,5493,778,0,
5494,46.93180159438775,2176594154103,1,6.8049957044422626,5.4043,7.16032,2.8621,14563,0.001024,0.33305599999999996,,0.035072,0.170752,0,0.15129599999999999,0.005376,0.012799999999999999,,0.002816,,3.048448,5494,779,0,
5495,46.939431795634917,2176594208146,1,7.630201056599617,7.1184,6.789376,2.2829,14539,0.001024,0.36147199999999996,,0.034816,0.16614399999999999,0,0.1472,0.021759999999999998,0.013056,,0.002304,,2.9050879999999997,5495,780,0,
5496,46.947057695578231,2176594279330,1,7.6258997432887554,7.3703,7.622656,2.9084,14563,0.001024,0.36403199999999997,,0.035328,0.16947199999999998,0,0.150528,0.023039999999999998,0.014591999999999999,,0.004352,,2.774784,5496,781,0,
5497,46.954239597505669,2176594353033,1,7.1819019503891468,6.9245,7.510528,2.8029,14539,0.001024,0.45388799999999996,,0.034816,0.496896,0,0.47820799999999997,0.037888,0.013312,,0.002816,,3.2266239999999997,5497,782,0,
5498,46.961663194444441,2176594422278,1,7.4235969223082066,7.8772,7.24224,2.4084,14563,0.001024,0.483072,,0.034816,0.16614399999999999,0,0.14771199999999998,0.036864,0.014336,,0.004096,,3.504896,5498,783,0,
5499,46.969456894841265,2176594501050,1,7.793700322508812,6.7654,7.405056,2.1306,14539,0.001024,0.363008,,0.034816,0.16819199999999998,0.000256,0.148736,0.021248,0.013056,,0.0025599999999999998,,2.6626559999999997,5499,784,0,
5500,46.976536996882082,2176594568704,1,7.0801018737256527,7.4851,7.729152,2.7935,14563,0.001024,0.33177599999999996,,0.044031999999999995,0.164352,0,0.144896,0.007168,0.012288,,0.003584,,2.809088,5500,785,0,
5501,46.984308198696141,2176594643555,1,7.7712018974125385,6.7048,7.064064,2.7603,20949,0.001024,0.33228799999999997,,0.035328,0.382976,0,0.14848,0.008192,0.013312,,0.003584,,3.160576,5501,786,0,
5502,46.991453599773237,2176594710603,1,7.14540109038353,8.3208,7.79392,2.2591,14984,0.001024,0.413184,,0.037632,0.182528,0,0.163328,0.0076799999999999993,0.013568,,0.0025599999999999998,,2.7594239999999997,5502,787,0,
5503,46.998716794217685,2176594793811,1,7.2631943039596081,6.6635,7.113728,2.3671,14539,0.001024,0.364544,,0.035072,0.164608,0,0.14540799999999998,0.022528,0.013312,,0.003072,,2.651648,5503,788,0,
5504,47.00621330073696,2176594860446,1,7.4965064413845539,7.9433,7.249408,1.9899,14563,0.001024,0.363008,,0.035072,0.17740799999999998,0.000256,0.13977599999999998,0.022015999999999997,0.012032,,0.004096,,3.2803839999999997,5504,789,0,
5505,47.013470897108839,2176594939879,1,7.2575965896248817,6.9517,7.486976,2.0738,14539,0.001024,0.644608,,0.036095999999999996,0.16947199999999998,0,0.150272,0.037888,0.014848,,0.002304,,2.659328,5505,790,0,
5506,47.020022597789115,2176595009396,1,6.55170064419508,7.25,7.23072,1.989,14563,0.001024,0.48486399999999996,,0.034816,0.159488,0,0.141056,0.036608,0.014591999999999999,,0.003584,,2.638336,5506,791,0,
5507,47.026562797619043,2176595081896,1,6.5401997417211533,7.2027,6.523904,2.0779,14539,0.001024,0.36096,,0.03456,0.168448,0,0.14976,0.021248,0.015359999999999999,,0.0038399999999999997,,2.7581439999999997,5507,792,0,
5508,47.033544699546482,2176595153923,1,6.9819018244743347,7.6761,6.513152,2.9029,14563,0.001024,0.333824,,0.035072,0.1664,0,0.146944,0.0076799999999999993,0.012544,,0.0025599999999999998,,2.898688,5508,793,0,
5509,47.040854294217688,2176595230684,1,7.3095946572721004,6.8057,6.967552,1.9608,14539,0.411904,0.334848,,0.035328,0.16512,0,0.14592,0.0076799999999999993,0.013312,,0.003328,,2.6608639999999997,5509,794,0,
5510,47.04814779620181,2176595298741,1,7.2935018688440323,5.9149,7.2832,2.1397,14563,0.001024,0.33100799999999997,,0.034816,0.49817599999999995,0,0.47872,0.0076799999999999993,0.012288,,0.003328,,2.874368,5510,795,0,
5511,47.055071194727887,2176595357890,1,6.9233984686434269,7.8365,7.271936,2.0972,14539,0.001024,0.36224,,0.042496,0.16768,0,0.14771199999999998,0.021759999999999998,0.013056,,0.004096,,3.373056,5511,796,0,
5512,47.062885700113377,2176595436255,1,7.8145051375031471,6.6518,6.902272,2.4489,14563,0.001024,0.362496,,0.034816,0.16947199999999998,0,0.150784,0.021759999999999998,0.012799999999999999,,0.003072,,3.03488,5512,797,0,
5513,47.069463399943309,2176595502773,1,6.5776999108493328,7.5529,7.764992,2.3655,14539,0.001024,0.454912,,0.035072,0.168448,0,0.14976,0.036608,0.014591999999999999,,0.002816,,2.659328,5513,798,0,
5514,47.076552898242632,2176595578302,1,7.0894984528422356,7.2127,6.513664,1.9326,14563,0.001024,0.485888,,0.035328,0.15564799999999998,0,0.137216,0.040448,0.014591999999999999,,0.003328,,2.705152,5514,799,0,
5515,47.084061798469385,2176595650429,1,7.5089000165462494,7.1527,7.15136,2.23,14539,0.001024,0.363776,,0.035072,0.165632,0,0.14668799999999999,0.024064,0.015104,,0.002816,,3.2629759999999997,5515,800,0,
5516,47.091538499149657,2176595721956,1,7.4767004698514938,6.4552,7.485952,2.0028,14765,0.001024,0.3328,,0.03456,0.168448,0,0.149504,0.0076799999999999993,0.013056,,0.004096,,2.782464,5516,801,0,
5517,47.098607199546485,2176595786508,1,7.06870062276721,7.2566,7.406592,2.0792,14539,0.001024,0.332544,,0.040704,0.171008,0.000256,0.152064,0.0076799999999999993,0.013568,,0.0025599999999999998,,3.2998399999999997,5517,802,0,
5518,47.105755598072562,2176595859074,1,7.14839855208993,7.3848,7.109888,2.7721,14563,0.001024,0.329984,,0.034816,0.168704,0,0.150272,0.0076799999999999993,0.013568,,0.003584,,3.292928,5518,803,0,
5519,47.112492800453516,2176595932922,1,6.7372024059295654,7.6135,6.989568,2.3326,14539,0.001024,0.363264,,0.035328,0.1664,0,0.14771199999999998,0.022015999999999997,0.015359999999999999,,0.004352,,2.63168,5519,804,0,
5520,47.119889399092969,2176596009057,1,7.3965988121926785,6.854,6.767872,2.1204,14615,0.001024,0.36275199999999996,,0.045824,0.16947199999999998,0,0.150784,0.022784,0.014336,,0.003328,,2.6511359999999997,5520,805,0,
5521,47.126796499433105,2176596077597,1,6.907100323587656,7.1278,7.376896,1.8476,14539,0.001024,0.45568,,0.034816,0.164608,0,0.14592,0.036351999999999995,0.014336,,0.003328,,3.30624,5521,806,0,
5522,47.133910700113375,2176596148875,1,7.1142008528113365,6.8681,6.956544,1.9848,14563,0.001024,0.48614399999999997,,0.034816,0.541952,0,0.522752,0.036864,0.018432,,0.0038399999999999997,,2.765824,5522,807,0,
5523,47.141024794501135,2176596217556,1,7.114094216376543,7.4064,7.09376,2.1494,14539,0.001024,0.362496,,0.035072,0.54655999999999993,0.000256,0.527872,0.021504,0.015104,,0.002816,,3.035136,5523,808,0,
5524,47.147776998299321,2176596291620,1,6.7522036843001842,6.6965,7.090176,1.9661,14782,0.001024,0.33228799999999997,,0.034816,0.16512,0,0.146432,0.008192,0.013312,,0.003584,,2.799616,5524,809,0,
5525,47.154616397392289,2176596358585,1,6.8393992260098457,7.3547,6.733824,2.3549,14539,0.001024,0.33228799999999997,,0.035072,0.16716799999999998,0,0.147968,0.007936,0.013568,,0.003584,,3.0446079999999998,5525,810,0,
5526,47.161782397959179,2176596432132,1,7.1660005487501621,7.0238,6.718464,1.9892,14563,0.001024,0.332032,,0.034816,0.16512,0,0.146176,0.0076799999999999993,0.012799999999999999,,0.004352,,3.321856,5526,811,0,
5527,47.16893939909297,2176596502370,1,7.1570011787116528,6.7659,7.245312,2.3495,14539,0.001024,0.36224,,0.035072,0.16896,0,0.15001599999999998,0.022015999999999997,0.012799999999999999,,0.004096,,2.7550719999999997,5527,812,0,
5528,47.176213194444443,2176596570029,1,7.2737955488264561,8.2293,7.067904,1.8899,14563,0.0012799999999999999,0.36070399999999997,,0.035072,0.166912,0,0.147968,0.024319999999999998,0.013056,,0.003328,,2.9383679999999996,5528,813,0,
5529,47.183206597222224,2176596652322,1,6.9934027269482613,5.695,7.269632,2.4274,14539,0.001024,0.45568,,0.035072,0.16512,0,0.14592,0.03712,0.015359999999999999,,0.003072,,3.143936,5529,814,0,
5530,47.190279195011335,2176596709272,1,7.0725977420806885,7.1188,6.968832,2.0294,14765,0.003584,0.48230399999999995,,0.035072,0.366848,0,0.347904,0.036095999999999996,0.015872,,0.0025599999999999998,,2.6795519999999997,5530,815,0,
5531,47.196743799603176,2176596780460,1,6.4646047540009022,7.2571,7.117312,1.9561,14539,0.001024,0.362496,,0.034816,0.170752,0,0.151808,0.299776,0.016128,,0.003328,,2.912768,5531,816,0,
5532,47.203994798752831,2176596853031,1,7.2509991005063057,7.2432,6.377728,1.9663,14563,0.001024,0.333312,,0.034816,0.16819199999999998,0,0.148736,0.003328,0.012288,,0.003328,,2.6590719999999997,5532,817,0,
5533,47.210895294784578,2176596925463,1,6.90049584954977,6.9004,7.286528,1.8585,14539,0.001024,0.331264,,0.034816,0.171008,0,0.152576,0.00896,0.013568,,0.002304,,3.1329279999999997,5533,818,0,
5534,47.2179514951814,2176596994467,1,7.0562004111707211,6.4461,6.88768,1.8297,14563,0.33510399999999996,0.333824,,0.035072,0.171008,0,0.151808,0.007424,0.012799999999999999,,0.003328,,2.713088,5534,819,0,
5535,47.224998299319729,2176597058928,1,7.0468042977154255,7.1784,6.981888,1.9732,14539,0.001024,0.364288,,0.034816,0.16512,0,0.146176,0.023552,0.017152,,0.0025599999999999998,,3.017728,5535,820,0,
5536,47.232059297052153,2176597130712,1,7.0609976537525654,7.0436,7.082752,1.926,14563,0.001536,0.361984,,0.035072,0.361216,0,0.14079999999999998,0.028928,0.014336,,0.003072,,2.658048,5536,821,0,
5537,47.238910600907026,2176597201148,1,6.8513038568198681,7.1186,7.047168,1.8691,14539,0.001024,0.455424,,0.041471999999999995,0.167936,0,0.147456,0.06272,0.012032,,0.0038399999999999997,,2.421248,5537,822,0,
5538,47.245742800453513,2176597272334,1,6.8321996368467808,6.833,6.7584,1.941,14563,0.001024,0.48358399999999996,,0.03456,0.163072,0,0.143872,0.035584,0.014591999999999999,,0.003072,,2.652672,5538,823,0,
5539,47.253044295634922,2176597340664,1,7.3014954105019569,7.2474,6.492928,2.1477,14539,0.0012799999999999999,0.36352,,0.040959999999999996,0.17279999999999998,0,0.154112,0.020992,0.014336,,0.004096,,2.665216,5539,824,0,
5540,47.260218700396827,2176597413138,1,7.1744048036634922,6.9434,7.332096,2.5375,14563,0.001024,0.33152,,0.034816,0.16588799999999998,0,0.14668799999999999,0.0076799999999999993,0.012032,,0.004096,,3.571968,5540,825,0,
5541,47.266814399092972,2176597482572,1,6.5956986509263515,6.5516,7.086848,1.916,14539,0.001024,0.33152,,0.035328,0.165376,0,0.146432,0.0048639999999999994,0.013312,,0.003328,,3.2701439999999997,5541,826,0,
5542,47.273812195294781,2176597548088,1,6.99779624119401,7.3899,6.619904,2.2102,14563,0.001024,0.333568,,0.034816,0.165376,0,0.1472,0.007424,0.012799999999999999,,0.004096,,2.67008,5542,827,0,
5543,47.280639795918368,2176597621987,1,6.8276007659733295,7.3042,6.9312,1.9921,14539,0.001024,0.361728,,0.041471999999999995,0.1664,0.000256,0.1472,0.024064,0.014848,,0.003328,,2.775808,5543,828,0,
5544,47.28793049886621,2176597695029,1,7.2907027788460255,6.4954,6.79808,1.9212,14563,0.001024,0.361984,,0.035328,0.16025599999999998,0,0.141312,0.022272,0.014336,,0.0025599999999999998,,3.029248,5544,829,0,
5545,47.294923200113374,2176597759983,1,6.9927014410495758,7.1897,7.275776,1.957,14741,0.001024,0.565504,,0.036095999999999996,0.174848,0,0.155392,0.036608,0.01664,,0.0025599999999999998,,3.1892479999999996,5545,830,0,
5546,47.301814200680269,2176597831880,1,6.8910005502402782,7.011,7.043328,1.8305,14782,0.001024,0.48563199999999995,,0.0448,0.166912,0,0.1472,0.03712,0.018688,,0.003072,,2.4202239999999997,5546,831,0,
5547,47.309260600907031,2176597901990,1,7.4464003555476665,7.1632999999999996,6.863104,1.8694,14539,0.001024,0.36275199999999996,,0.037376,0.168448,0,0.15001599999999998,0.021248,0.014336,,0.003584,,3.063808,5547,832,0,
5548,47.316384098639453,2176597973623,1,7.1234977804124355,6.5954,7.35104,1.9329,14563,0.001024,0.33177599999999996,,0.037376,0.168704,0,0.148224,0.0076799999999999993,0.012032,,0.0025599999999999998,,2.795776,5548,833,0,
5549,47.323586798469385,2176598039577,1,7.2026997804641724,7.0034,7.115264,1.9699,14591,0.0012799999999999999,0.33152,,0.041728,0.33664,0,0.14848,0.009216,0.014591999999999999,,0.0025599999999999998,,2.72768,5549,834,0,
5550,47.330197994614508,2176598109611,1,6.61119632422924,8.0159,7.159552,1.9419,14563,0.001024,0.33100799999999997,,0.034816,0.166912,0,0.14771199999999998,0.010752,0.014848,,0.0025599999999999998,,3.15392,5550,835,0,
5551,47.337376700680274,2176598189770,1,7.1787061169743538,7.4423,6.674688,2.2656,14539,0.001024,0.363264,,0.035584,0.16614399999999999,0,0.1472,0.020735999999999997,0.015616,,0.0038399999999999997,,2.409728,5551,836,0,
5552,47.344633694727889,2176598264193,1,7.2569940239191055,6.4157,7.155456,2.232,14563,0.001024,0.363264,,0.50380799999999992,0.17510399999999998,0,0.150272,0.023552,0.013568,,0.003072,,2.651392,5552,837,0,
5553,47.351433793934241,2176598328350,1,6.8000992760062218,6.6106,7.2384,2.0514,14539,0.001024,0.454144,,0.041471999999999995,0.16819199999999998,0.000256,0.149504,0.037376,0.013312,,0.0038399999999999997,,3.1534079999999998,5553,838,0,
5554,47.358467899659864,2176598394456,1,7.0341057144105434,7.2672,6.701056,1.8313,14563,0.001024,0.48563199999999995,,0.035328,0.168704,0,0.15001599999999998,0.035328,0.020735999999999997,,0.460288,,2.4153599999999997,5554,839,0,
5555,47.365715398242628,2176598467128,1,7.2474987246096134,6.9739,7.077888,2.3267,14539,0.001024,0.44262399999999996,,0.041471999999999995,0.166656,0.000256,0.146944,0.021759999999999998,0.013312,,0.003072,,2.861056,5555,840,0,
5556,47.372728698979593,2176598536867,1,7.0133008994162083,6.9276,7.172864,1.9067,14563,0.0012799999999999999,0.330752,,0.041728,0.170752,0,0.15129599999999999,0.0076799999999999993,0.013056,,0.002816,,2.784512,5556,841,0,
5557,47.379760997732426,2176598606143,1,7.0322989486157894,6.9566,7.054848,1.9926,14539,0.001024,0.33152,,0.041728,0.165376,0,0.14592,0.0076799999999999993,0.013824,,0.003584,,2.7399679999999997,5557,842,0,
5558,47.386606994047618,2176598675709,1,6.8459962494671345,7.3815,6.946304,2.2965,14563,0.001024,0.33152,,0.041471999999999995,0.16947199999999998,0,0.150528,0.0076799999999999993,0.012799999999999999,,0.003584,,3.0543359999999997,5558,843,0,
5559,47.393827494331063,2176598749524,1,7.220500148832798,7.5469,6.861824,2.2976,14741,0.0012799999999999999,0.363264,,0.035584,0.169728,0,0.15103999999999998,0.020224,0.014336,,0.0025599999999999998,,3.014144,5559,844,0,
5560,47.401486600056685,2176598824993,1,7.659105584025383,6.4269,7.15648,2.3421,14563,0.0012799999999999999,0.361984,,0.041215999999999996,0.15923199999999998,0,0.13977599999999998,0.022272,0.012799999999999999,,0.003072,,2.9509119999999998,5560,845,0,
5561,47.408144295634919,2176598889262,1,6.657695397734642,7.8291,7.626752,1.9565,14539,0.001024,0.45516799999999996,,0.034816,0.171264,0,0.151808,0.036864,0.015104,,0.002304,,2.8820479999999997,5561,846,0,
5562,47.415624100056689,2176598967553,1,7.4798045679926872,6.6858,6.71104,1.968,14563,0.001024,0.484608,,0.034816,0.160768,0,0.141568,0.036351999999999995,0.013824,,0.004096,,2.917376,5562,847,0,
5563,47.422605796485257,2176599034411,1,6.981696467846632,7.2493,7.468544,2.4471,14539,0.001024,0.361216,,0.034816,0.47359999999999997,0,0.14976,0.027136,0.012799999999999999,,0.002816,,2.795264,5563,848,0,
5564,47.429530194160996,2176599106904,1,6.9243977777659893,6.5166,6.957056,1.9633,14563,0.001024,0.332544,,0.034816,0.17024,0,0.15129599999999999,0.007424,0.013312,,0.004096,,2.7581439999999997,5564,849,0,
5565,47.436364597505666,2176599172070,1,6.834403146058321,7.8783,6.877184,1.9658,14539,0.001024,0.41344,,0.035072,0.166912,0.000256,0.14771199999999998,0.007424,0.012799999999999999,,0.004096,,2.914816,5565,850,0,
5566,47.442937400793646,2176599250853,1,6.5728034824132919,6.6782,6.785536,2.144,14563,0.001024,0.33228799999999997,,0.034816,0.16614399999999999,0,0.1472,0.0076799999999999993,0.012544,,0.0025599999999999998,,2.77248,5566,851,0,
5567,47.450895500283444,2176599317635,1,7.9580992460250854,6.9435,6.594816,2.6624,14539,0.001024,0.361216,,0.03584,0.32511999999999996,0,0.30668799999999996,0.021759999999999998,0.013312,,0.003584,,2.774016,5567,852,0,
5568,47.457991999716555,2176599387070,1,7.09649920463562,7.8704,7.86944,2.0963,14782,0.001024,0.36224,,0.041728,0.162048,0,0.14310399999999998,0.023039999999999998,0.013056,,0.0025599999999999998,,2.74944,5568,853,0,
5569,47.465183496315191,2176599465774,1,7.1914964355528355,6.1409,7.074304,1.9731,14539,0.001024,0.45721599999999996,,0.035072,0.16896,0,0.149248,0.037376,0.014336,,0.0038399999999999997,,3.1744,5569,854,0,
5570,47.472245996315188,2176599527183,1,7.06249987706542,7.5904,7.244544,2.513,14563,0.001024,0.364288,,0.041728,0.16716799999999998,0,0.1472,0.023295999999999997,0.014079999999999999,,0.004096,,2.6590719999999997,5570,855,0,
5571,47.479113499149655,2176599603087,1,6.8675028160214424,6.9062,7.03872,2.0701,14539,0.001024,0.364288,,0.041728,0.16716799999999998,0,0.1472,0.023295999999999997,0.014079999999999999,,0.004096,,2.6590719999999997,5571,856,0,
5572,47.486155094954647,2176599672149,1,7.0415958762168884,7.1054,6.763008,1.8199,20973,0.001024,0.33305599999999996,,0.03456,0.431616,0,0.149248,0.009472,0.015872,,0.003584,,3.065344,5572,857,0,
5573,47.49293609693877,2176599743203,1,6.7810020409524441,7.6284,7.030528,2.2169,14741,0.001024,0.33152,,0.035072,0.171008,0,0.152064,0.0076799999999999993,0.012032,,0.003584,,3.0743039999999997,5573,858,0,
5574,47.4998220946712,2176599819487,1,6.8859979510307312,6.6657,6.621696,2.0355,14563,0.001024,0.33024,,0.035328,0.16588799999999998,0,0.1472,0.0076799999999999993,0.014591999999999999,,0.004352,,2.8554239999999997,5574,859,0,
5575,47.506662599206351,2176599886144,1,6.8405047059059143,7.1595,7.03488,2.367,14539,0.001024,0.36275199999999996,,0.034816,0.363776,0,0.14592,0.028672,0.015872,,0.0025599999999999998,,2.762752,5575,860,0,
5576,47.513840199829929,2176599957739,1,7.1776006370782852,6.5339,6.82624,1.8358,14563,0.001024,0.36403199999999997,,0.041471999999999995,0.164608,0,0.14540799999999998,0.023039999999999998,0.012799999999999999,,0.003584,,2.787328,5576,861,0,
5577,47.5216295989229,2176600023078,1,7.78939900919795,6.6564,7.154432,1.8499,14539,0.001536,0.548352,,0.041471999999999995,0.162816,0.000256,0.143872,0.036608,0.012032,,0.003072,,2.9219839999999997,5577,862,0,
5578,47.5287810941043,2176600089642,1,7.151495199650526,6.9055,7.77856,1.8621,14615,0.001024,0.483328,,0.041215999999999996,0.165632,0,0.146432,0.036095999999999996,0.014336,,0.0038399999999999997,,2.7799039999999997,5578,863,0,
5579,47.535687698412694,2176600158697,1,6.9066043943166733,7.0524,7.04768,2.5095,14539,0.001024,0.361216,,0.035072,0.168704,0,0.14976,0.021504,0.015359999999999999,,0.003328,,2.928896,5579,864,0,
5580,47.542212400793652,2176600229221,1,6.5247025340795517,7.7846,6.967808,2.0865,14563,0.001024,0.33305599999999996,,0.035072,0.16716799999999998,0,0.14848,0.007936,0.013312,,0.004096,,3.237376,5580,865,0,
5581,47.549128500566894,2176600307067,1,6.9160996936261654,7.4051,6.493952,1.8522,14539,0.001024,0.330496,,0.035072,0.165632,0,0.14668799999999999,0.005632,0.012288,,0.003072,,2.7302399999999998,5581,866,0,
5582,47.555669494047621,2176600381118,1,6.540993694216013,6.7288,6.791168,2.0011,14563,0.001024,0.33024,,0.034816,0.165632,0,0.146432,0.0097279999999999988,0.014591999999999999,,0.004352,,2.752,5582,867,0,
5583,47.563155498866209,2176600448406,1,7.48600484803319,6.5781,6.541056,2.1995,14539,0.001024,0.36096,,0.034816,0.16358399999999998,0.000256,0.144896,0.234752,0.012288,,0.002816,,2.418688,5583,868,0,
5584,47.570223299319728,2176600514187,1,7.0678004994988441,7.1712,7.553536,1.8586,14563,0.001024,0.363008,,0.035072,0.16588799999999998,0,0.1472,0.026879999999999998,0.012288,,0.004352,,3.289856,5584,869,0,
5585,47.577429095804987,2176600585899,1,7.2057964280247688,6.1983,7.049216,1.8722,14539,0.001024,0.45593599999999995,,0.034816,0.16512,0,0.145664,0.036608,0.014079999999999999,,0.003584,,3.083264,5585,870,0,
5586,47.584251700680269,2176600647882,1,6.8226046860218048,7.6784,7.18464,1.8694,14563,0.001024,0.48384,,0.035072,0.156672,0,0.137984,0.036351999999999995,0.015104,,0.30976,,2.9744639999999998,5586,871,0,
5587,47.59069319727891,2176600724666,1,6.4414967782795429,6.7673,6.728448,2.3554,14741,0.0012799999999999999,0.36147199999999996,,0.034816,0.169728,0,0.150528,0.020992,0.014848,,0.003072,,2.872576,5587,872,0,
5588,47.597736600056685,2176600792339,1,7.0434026420116425,7.192,6.48704,1.9881,14563,0.001024,0.33305599999999996,,0.035072,0.169728,0,0.150528,0.011776,0.012799999999999999,,0.003072,,2.65984,5588,873,0,
5589,47.605023596938771,2176600864259,1,7.2869970463216305,7.114,6.940672,2.4163,14539,0.001024,0.33228799999999997,,0.03456,0.16947199999999998,0,0.150272,0.0038399999999999997,0.012799999999999999,,0.003072,,2.889728,5589,874,0,
5590,47.611680697278906,2176600935399,1,6.6571002826094627,6.5554,7.285504,2.404,14782,0.0012799999999999999,0.330752,,0.035072,0.17279999999999998,0.000256,0.154368,0.0076799999999999993,0.013568,,0.002816,,2.788096,5590,875,0,
5591,47.61880409580499,2176601000953,1,7.123398594558239,7.2515,6.690816,2.0793,14539,0.001024,0.362496,,0.035584,0.16614399999999999,0.000256,0.14668799999999999,0.021504,0.014848,,0.003584,,3.0694399999999997,5591,876,0,
5592,47.626192396541946,2176601073468,1,7.3883007280528545,7.5982,7.102976,1.8294,14563,0.001024,0.363776,,0.040959999999999996,0.171264,0,0.152064,0.027392,0.014336,,0.002816,,2.989568,5592,877,0,
5593,47.632657397959179,2176601149450,1,6.4650014974176884,5.915,7.29984,1.843,14539,0.001024,0.54143999999999992,,0.040448,0.51328,0,0.152832,0.047104,0.012544,,0.003584,,2.774784,5593,878,0,
5594,47.639711798469385,2176601208600,1,7.0544006302952766,6.9996,6.517504,2.0496,27869,0.001024,0.48486399999999996,,0.034304,0.169216,0,0.150272,0.037376,0.014336,,0.003584,,2.417664,5594,879,0,
5595,47.646412294501133,2176601278596,1,6.7004961892962456,7.7197,7.03616,1.7933,14539,0.001024,0.361984,,0.036608,0.17177599999999998,0,0.152576,0.020992,0.013568,,0.0038399999999999997,,3.037696,5595,880,0,
5596,47.653482100340135,2176601355793,1,7.0698056370019913,6.1221,6.675712,2.4042,14563,0.0012799999999999999,0.332032,,0.038911999999999995,0.17024,0.000256,0.15103999999999998,0.007936,0.012799999999999999,,0.0025599999999999998,,2.678784,5596,881,0,
5597,47.660753599773244,2176601417014,1,7.2714993730187416,7.3814,7.004416,2.2814,14539,0.001024,0.331264,,0.034816,0.164352,0,0.145152,0.0076799999999999993,0.014336,,0.003584,,2.67264,5597,882,0,
5598,47.6679093962585,2176601490828,1,7.1557965129613876,6.6919,7.212032,1.9141,14563,0.001024,0.33305599999999996,,0.044544,0.16947199999999998,0,0.149504,0.0076799999999999993,0.013568,,0.004096,,3.017216,5598,883,0,
5599,47.67463129960317,2176601557747,1,6.721903569996357,7.4827,7.11296,2.1941,20468,0.001024,0.36070399999999997,,0.035072,0.165376,0,0.14668799999999999,0.021504,0.013312,,0.0025599999999999998,,3.020032,5599,884,0,
5600,47.681575198412695,2176601632574,1,6.9438987411558628,7.1212,6.797312,2.1051,14563,0.0012799999999999999,0.361984,,0.035072,0.16025599999999998,0.000256,0.141312,0.022784,0.012032,,0.003584,,2.8899839999999997,5600,885,0,
5601,47.688597193877548,2176601703786,1,7.0219952613115311,6.9242,6.921472,1.8794,27940,0.001024,0.45516799999999996,,0.23347199999999999,0.171264,0,0.14592,0.037632,0.014079999999999999,,0.0038399999999999997,,2.7430399999999997,5601,886,0,
5602,47.695453996598637,2176601773028,1,6.8568028509616852,6.6715,7.003392,1.8761,22336,0.001024,0.485376,,0.03456,0.170752,0,0.151808,0.03712,0.014591999999999999,,0.004096,,2.716928,5602,887,0,
5603,47.7029330994898,2176601839743,1,7.4791028164327145,6.7266,6.850304,2.1315,14539,0.001024,0.333312,,0.034816,0.16614399999999999,0,0.146944,0.007424,0.012032,,0.003072,,2.667264,5603,888,0,
5604,47.709573299319729,2176601907009,1,6.640200037509203,8.1139,7.377664,1.8396,14563,0.001024,0.333312,,0.034816,0.16614399999999999,0,0.146944,0.007424,0.012032,,0.003072,,2.667264,5604,889,0,
5605,47.716849900793648,2176601988148,1,7.2766016237437725,5.695,6.687232,2.0267,14539,0.001024,0.332032,,0.034816,0.168704,0,0.150272,0.007936,0.012288,,0.0025599999999999998,,2.661632,5605,890,0,
5606,47.723873497732427,2176602045098,1,7.02359713613987,8.1448,7.049472,1.8829,14563,0.001024,0.41215999999999997,,0.034816,0.17024,0,0.15103999999999998,0.007936,0.013312,,0.004096,,3.550464,5606,891,0,
5607,47.73037400085034,2176602126546,1,6.5005030483007431,6.0736,7.1424,1.9417,14591,0.001024,0.363264,,0.034816,0.482048,0.000256,0.152576,0.021759999999999998,0.012288,,0.003072,,2.806272,5607,892,0,
5608,47.73736979875283,2176602187282,1,6.9957980886101723,7.5059,6.418176,2.1791,14563,0.0012799999999999999,0.362496,,0.035072,0.37452799999999997,0,0.152576,0.028159999999999998,0.015104,,0.003072,,2.408448,5608,893,0,
5609,47.744216999716549,2176602262341,1,6.8472009152174,7.1457,7.093248,1.8752,14539,0.0012799999999999999,0.454912,,0.03456,0.375552,0,0.35712,0.036608,0.013568,,0.003328,,2.7568639999999998,5609,894,0,
5610,47.75126519982993,2176602333798,1,7.0481998845934868,6.2678,6.825728,1.8297,14563,0.001024,0.571392,,0.036351999999999995,0.161792,0,0.142848,0.038911999999999995,0.014591999999999999,,0.004352,,2.752256,5610,895,0,
5611,47.758440398242627,2176602396476,1,7.1751982904970646,6.9122,7.032576,1.9083,14539,0.001024,0.36275199999999996,,0.03456,0.170752,0,0.151552,0.021504,0.015616,,0.0038399999999999997,,3.0760959999999997,5611,896,0,
5612,47.765543197278909,2176602465598,1,7.1027991361916065,6.7708,7.159552,1.8501,14782,0.001024,0.33152,,0.035328,0.164352,0,0.145664,0.0076799999999999993,0.012288,,0.002816,,3.04384,5612,897,0,
5613,47.772557695578229,2176602533306,1,7.0144981145858765,6.9392,7.079168,2.3014,14539,0.001024,0.33177599999999996,,0.034816,0.16768,0,0.148736,0.0076799999999999993,0.014848,,0.307712,,2.7847679999999997,5613,898,0,
5614,47.77938809523809,2176602602698,1,6.8303998559713364,7.5485,6.986496,2.1049,14563,0.001024,0.41420799999999997,,0.034816,0.164352,0,0.144896,0.0076799999999999993,0.014079999999999999,,0.002816,,2.962944,5614,899,0,
5615,47.786244997165532,2176602678183,1,6.8569020368158817,6.7434,6.734848,1.9926,14539,0.0012799999999999999,0.36352,,0.035328,0.172032,0,0.153088,0.022015999999999997,0.012799999999999999,,0.004096,,2.994944,5615,900,0,
5616,47.793208297902495,2176602745617,1,6.96330051869154,7.0551,6.854656,1.9198,14765,0.001024,0.361984,,0.035328,0.167424,0,0.14848,0.022528,0.012032,,0.004352,,2.854144,5616,901,0,
5617,47.800293799603175,2176602816168,1,7.0855016820132732,7.1979,6.993152,2.251,14539,0.001024,0.546816,,0.036351999999999995,0.326912,0,0.148736,0.038911999999999995,0.015359999999999999,,0.003328,,2.672384,5617,902,0,
5618,47.807328798185942,2176602888147,1,7.0349983870983124,6.8496,7.070464,1.9179,14563,0.001024,0.48614399999999997,,0.041215999999999996,0.171008,0,0.151808,0.036608,0.014079999999999999,,0.004352,,2.7998719999999997,5618,903,0,
5619,47.814206795634917,2176602956643,1,6.8779974244534969,6.6754,7.002368,2.1262,14539,0.001024,0.363264,,0.042496,0.16819199999999998,0,0.148736,0.022528,0.012544,,0.0025599999999999998,,3.0054399999999997,5619,904,0,
5620,47.821517800453513,2176603023397,1,7.3110046796500683,6.9917,6.669568,1.8658,14563,0.001024,0.332544,,0.034816,0.423168,0,0.40448,0.008192,0.013056,,0.0025599999999999998,,2.71744,5620,905,0,
5621,47.8282966978458,2176603093314,1,6.7788972519338131,7.1668,7.28704,2.6233,14539,0.001024,0.33100799999999997,,0.036864,0.168448,0.000256,0.148736,0.003328,0.015104,,0.003072,,2.7786239999999998,5621,906,0,
5622,47.83482269699546,2176603164982,1,6.5259989351034164,6.773,6.7456,2.2509,14563,0.001024,0.33177599999999996,,0.035072,0.16486399999999998,0,0.14592,0.0076799999999999993,0.013056,,0.003328,,2.67264,5622,907,0,
5623,47.841817694160994,2176603232712,1,6.994997151196003,7.346,6.435072,1.8869,14539,0.001024,0.363008,,0.03456,0.16512,0,0.146176,0.020992,0.013056,,0.003584,,2.664704,5623,908,0,
5624,47.848768296485261,2176603306172,1,6.950602401047945,6.8737,6.974976,2.725,14563,0.001024,0.36352,,0.042496,0.16,0,0.13977599999999998,0.023808,0.012799999999999999,,0.004096,,2.85952,5624,909,0,
5625,47.856034998582764,2176603374909,1,7.2667021304368973,6.7338,6.934784,1.9028,14539,0.001024,0.454656,,0.034816,0.163328,0,0.14438399999999998,0.037632,0.013568,,0.003072,,2.7417599999999998,5625,910,0,
5626,47.863214200680268,2176603442247,1,7.1792020462453365,6.7542,7.112704,2.2302,14563,0.001024,0.485888,,0.035328,0.162304,0,0.14310399999999998,0.035328,0.016128,,0.0038399999999999997,,2.7816959999999997,5626,911,0,
5627,47.869897895408158,2176603509789,1,6.683694664388895,7.4208,7.140864,1.9826,14539,0.0012799999999999999,0.36275199999999996,,0.035328,0.165632,0,0.146944,0.020992,0.014336,,0.002816,,2.672128,5627,912,0,
5628,47.8769169005102,2176603583997,1,7.0190052501857281,6.7569,6.6688,1.925,14563,0.001024,0.3328,,0.034816,0.16768,0,0.14848,0.007936,0.014591999999999999,,0.003328,,2.774272,5628,913,0,
5629,47.8836669005102,2176603651566,1,6.750000175088644,7.279,6.929152,1.8838,14539,0.001024,0.33152,,0.035072,0.17152,0,0.152832,0.007424,0.013568,,0.004096,,2.7461119999999997,5629,914,0,
5630,47.890792594954647,2176603724356,1,7.1256943047046661,6.575,6.806272,2.1621,14731,0.001024,0.332544,,0.041471999999999995,0.169984,0,0.150528,0.0076799999999999993,0.013312,,0.003584,,2.6897919999999997,5630,915,0,
5631,47.898186996882082,2176603790106,1,7.3944018222391605,6.9953,7.099904,2.1442,14573,0.001024,0.36275199999999996,,0.036351999999999995,0.16614399999999999,0,0.146176,0.022528,0.012544,,0.004096,,2.9877759999999998,5631,916,0,
5632,47.905574900793646,2176603860059,1,7.3879039846360683,6.745,7.303936,1.9228,14563,0.001024,0.36352,,0.035328,0.164096,0,0.144896,0.021504,0.013568,,0.004096,,2.6716159999999998,5632,917,0,
5633,47.912655094954644,2176603927509,1,7.08019407466054,7.2254,7.4304,2.2957,14539,0.001024,0.456192,,0.039168,0.16512,0,0.146432,0.036864,0.014848,,0.0025599999999999998,,2.801152,5633,918,0,
5634,47.919446995464853,2176603999763,1,6.7919003777205944,7.985,6.993408,1.8756,14782,0.001024,0.4864,,0.034816,0.160768,0,0.141568,0.036095999999999996,0.016895999999999998,,0.004096,,2.87872,5634,919,0,
5635,47.926754400510205,2176604079613,1,7.3074051178991795,6.7344,6.838016,2.2868,14539,0.001024,0.361216,,0.035072,0.16768,0.000256,0.14899199999999999,0.021759999999999998,0.013824,,0.002816,,2.7315199999999997,5635,920,0,
5636,47.932961798469385,2176604146957,1,6.2073981389403343,7.013,7.285248,1.8631,14615,0.001024,0.33228799999999997,,0.041984,0.16819199999999998,0.000256,0.14848,0.0076799999999999993,0.013056,,0.002816,,2.790656,5636,921,0,
5637,47.940321995464849,2176604217087,1,7.3601971380412579,6.7904,6.184704,2.2015,14539,0.001024,0.33152,,0.034816,0.17177599999999998,0.000256,0.15334399999999998,0.0076799999999999993,0.012544,,0.003584,,2.7665919999999997,5637,922,0,
5638,47.946705300453516,2176604284991,1,6.383304949849844,7.2736,7.288064,2.3018,14563,0.001024,0.332032,,0.035328,0.173056,0.000256,0.154112,0.007936,0.013568,,0.004352,,3.2962559999999996,5638,923,0,
5639,47.953876700680269,2176604357727,1,7.1714003570377827,6.1852,6.419456,2.2506,14539,0.0025599999999999998,0.36019199999999996,,0.035328,0.164352,0,0.14540799999999998,0.021504,0.012544,,0.0038399999999999997,,2.668288,5639,924,0,
5640,47.961111996882082,2176604419579,1,7.2352960705757141,7.3818,7.073536,1.9166,14563,0.001024,0.361984,,0.034816,0.16486399999999998,0,0.145152,0.022784,0.016384,,0.004352,,2.912768,5640,925,0,
5641,47.968284197845804,2176604493397,1,7.1722008287906647,6.5618,7.218688,1.9122,14539,0.001024,0.45516799999999996,,0.035072,0.16819199999999998,0,0.149248,0.037376,0.013312,,0.002816,,2.806016,5641,926,0,
5642,47.975372597789111,2176604559015,1,7.0883999578654766,7.4032,7.20768,2.0054,14563,0.001024,0.48614399999999997,,0.035072,0.499712,0,0.150272,0.044031999999999995,0.016384,,0.003072,,2.994688,5642,927,0,
5643,47.9819889951814,2176604633047,1,6.6163972951471806,7.7926,7.085568,1.9165,14539,0.001024,0.361216,,0.034816,0.16588799999999998,0,0.146944,0.020479999999999998,0.014591999999999999,,0.002816,,3.198464,5643,928,0,
5644,47.98904910005669,2176604710973,1,7.0601049810647964,6.5576,6.592512,1.9044,20973,0.001024,0.332544,,0.034816,0.165632,0.000256,0.146944,0.0038399999999999997,0.012288,,0.003328,,2.430208,5644,929,0,
5645,47.995939795918368,2176604776549,1,6.890696007758379,7.0626,7.048192,2.1215,14741,0.001024,0.33177599999999996,,0.034816,0.16486399999999998,0,0.146176,0.0076799999999999993,0.013312,,0.004096,,2.792448,5645,930,0,
5646,48.002683900226756,2176604847175,1,6.7441044375300407,6.2952,6.532352,1.8129,14563,0.001024,0.36147199999999996,,0.035072,0.168704,0,0.14976,0.021759999999999998,0.012288,,0.003072,,2.656768,5646,931,0,
5647,48.009915199829933,2176604910127,1,7.2312997654080391,7.1077,6.718208,1.9984,14539,0.001024,0.36147199999999996,,0.035072,0.168704,0,0.14976,0.021759999999999998,0.012288,,0.003072,,2.656768,5647,932,0,
5648,48.016822597789115,2176604981204,1,6.9073978811502457,6.9797,7.209216,1.9793,14563,0.001024,0.363264,,0.041471999999999995,0.162816,0,0.143616,0.022272,0.013824,,0.0025599999999999998,,2.6608639999999997,5648,933,0,
5649,48.024221194727886,2176605051001,1,7.398596964776516,6.8922,6.822912,1.95,14539,0.001024,0.45593599999999995,,0.035072,0.169216,0,0.150528,0.036864,0.014591999999999999,,0.0038399999999999997,,2.9952,5649,934,0,
5650,48.03047269699546,2176605119923,1,6.2515023164451122,7.0852,7.34976,2.2124,14563,0.0012799999999999999,0.48512,,0.042752,0.15692799999999998,0,0.136192,0.03712,0.015359999999999999,,0.003584,,3.063296,5650,935,0,
5651,48.037485600907026,2176605190775,1,7.0129036903381348,7.3913,6.317824,1.873,14539,0.001024,0.36070399999999997,,0.041215999999999996,0.17024,0.000256,0.150784,0.021504,0.014079999999999999,,0.003328,,2.420992,5651,936,0,
5652,48.043930598072563,2176605264688,1,6.4449971541762352,6.863,6.90816,1.8983,14563,0.001024,0.332032,,0.041471999999999995,0.169216,0,0.15001599999999998,0.005632,0.013056,,0.004096,,2.761984,5652,937,0,
5653,48.0509470946712,2176605333318,1,7.0164967328310013,6.2899,6.501888,2.0113,14539,0.0012799999999999999,0.330752,,0.037632,0.16716799999999998,0,0.147456,0.003328,0.013312,,0.002816,,2.7110399999999997,5653,938,0,
5654,48.0577964994331,2176605396217,1,6.8494048900902271,7.1283,6.997248,1.8727,14563,0.0076799999999999993,0.33664,,0.035072,0.170752,0,0.151808,0.003328,0.012288,,0.003328,,2.6365439999999998,5654,939,0,
5655,48.064985898526075,2176605467500,1,7.1893990971148014,6.3526,6.828032,2.1097,14539,0.001024,0.36070399999999997,,0.035072,0.164608,0.000256,0.146176,0.020479999999999998,0.012288,,0.004096,,3.026944,5655,940,0,
5656,48.07242400085034,2176605531026,1,7.4381022714078426,6.8969,7.178496,2.4244,14782,0.001024,0.36224,,0.035584,0.161024,0,0.14207999999999998,0.023039999999999998,0.012799999999999999,,0.003584,,2.814208,5656,941,0,
5657,48.079064597505671,2176605599995,1,6.6405967809259892,6.9406,7.204608,2.2166,14539,0.001024,0.54323199999999994,,0.036608,0.167424,0,0.14848,0.036864,0.013312,,0.003328,,2.720768,5657,942,0,
5658,48.086339795918363,2176605669401,1,7.2751985862851143,7.1193,6.812928,2.2885,14563,0.001024,0.48512,,0.036095999999999996,0.17024,0,0.15103999999999998,0.035328,0.014079999999999999,,0.004096,,2.9606399999999997,5658,943,0,
5659,48.093100595238091,2176605740594,1,6.7607993260025978,8.2045,7.196672,2.4456,14741,0.0012799999999999999,0.36403199999999997,,0.034816,0.16588799999999998,0.000256,0.146944,0.021248,0.013056,,0.0025599999999999998,,3.16544,5659,944,0,
5660,48.099435494614511,2176605822639,1,6.3348994590342045,6.4011,6.730496,2.235,14563,0.001024,0.33228799999999997,,0.035072,0.169216,0,0.150784,0.0076799999999999993,0.013824,,0.003328,,2.752512,5660,945,0,
5661,48.106415894274377,2176605886650,1,6.98039960116148,7.8039,6.374656,1.9988,14539,0.001024,0.33228799999999997,,0.041471999999999995,0.16896,0.000256,0.149504,0.0076799999999999993,0.013312,,0.004096,,2.7368959999999998,5661,946,0,
5662,48.113275496031747,2176605964689,1,6.859601940959692,6.0149,6.966784,2.1597,14563,0.001024,0.33024,,0.046079999999999996,0.17024,0,0.15129599999999999,0.007424,0.015359999999999999,,0.0038399999999999997,,2.788096,5662,947,0,
5663,48.120163499149655,2176606024838,1,6.8880030885338783,6.0894,6.834176,1.8902,14539,0.001024,0.361984,,0.041215999999999996,0.164352,0,0.144896,0.022015999999999997,0.013056,,0.004096,,2.7333119999999997,5663,948,0,
5664,48.127324794501135,2176606085732,1,7.1612955071032047,6.9893,6.87104,2.2509,14563,0.0012799999999999999,0.363776,,0.034816,0.16716799999999998,0,0.14848,0.023039999999999998,0.013056,,0.0038399999999999997,,2.7937279999999998,5664,949,0,
5665,48.133857893990928,2176606155625,1,6.5330993384122849,6.7507,7.149568,1.9545,14591,0.001024,0.45388799999999996,,0.035072,0.169216,0,0.150272,0.037376,0.014848,,0.003072,,3.020288,5665,950,0,
5666,48.141114994331062,2176606223132,1,7.2571001946926117,6.9136,6.5216,2.2249,14563,0.001024,0.485376,,0.034816,0.163328,0,0.143616,0.034816,0.015616,,0.003328,,2.661888,5666,951,0,
5667,48.147730796485256,2176606292268,1,6.6158021800220013,7.1013,7.231488,2.4498,14539,0.001024,0.44927999999999996,,0.035072,0.17177599999999998,0,0.15231999999999998,0.020992,0.012799999999999999,,0.003584,,2.985728,5667,952,0,
5668,48.154505300453515,2176606363281,1,6.7745037376880646,6.6089,6.51776,1.9031,14563,0.001024,0.332544,,0.034816,0.17024,0,0.15103999999999998,0.007936,0.013568,,0.003328,,2.678784,5668,953,0,
5669,48.161000999149657,2176606429370,1,6.4956988207995892,7.2979,6.768128,2.1059,14539,0.001024,0.33228799999999997,,0.034816,0.16486399999999998,0.000256,0.146176,0.007936,0.012544,,0.0025599999999999998,,2.9872639999999997,5669,954,0,
5670,48.167912996031745,2176606502349,1,6.9119967520236969,7.2223,6.463744,1.9941,14563,0.001024,0.33100799999999997,,0.034816,0.169984,0,0.15129599999999999,0.003328,0.011776,,0.002816,,2.405376,5670,955,0,
5671,48.174761897675737,2176606574572,1,6.8489015102386475,6.8214,6.791936,2.032,14539,0.0012799999999999999,0.36275199999999996,,0.035072,0.16614399999999999,0,0.146944,0.020992,0.015104,,0.003328,,2.7653119999999998,5671,956,0,
5672,48.181464895124712,2176606642786,1,6.7029972560703754,7.4804,6.924032,1.9948,14563,0.001024,0.363008,,0.034816,0.15872,0,0.13977599999999998,0.022784,0.012799999999999999,,0.002816,,2.620672,5672,957,0,
5673,48.18848859835601,2176606717590,1,7.0237033069133759,5.4896,6.76096,2.2034,14539,0.001024,0.45439999999999997,,0.034816,0.1664,0,0.147968,0.036351999999999995,0.014591999999999999,,0.004096,,2.74432,5673,958,0,
5674,48.195651395975055,2176606772486,1,7.1627977304160595,6.704,6.934272,1.889,14765,0.001024,0.484352,,0.035072,0.170752,0,0.151808,0.036608,0.014336,,0.004096,,2.744064,5674,959,0,
5675,48.202344798752833,2176606839526,1,6.6934027709066868,6.7769,7.086336,1.9319,14539,0.001024,0.361728,,0.041471999999999995,0.17279999999999998,0,0.152832,0.022015999999999997,0.013056,,0.002816,,2.658048,5675,960,0,
5676,48.208685898526078,2176606907295,1,6.341099739074707,7.3691,6.740224,2.4344,14563,0.001024,0.334592,,0.034816,0.17279999999999998,0,0.153088,0.0076799999999999993,0.012288,,0.003072,,2.647808,5676,961,0,
5677,48.215483099489795,2176606980986,1,6.7972010001540184,6.8566,6.385152,2.0013,14539,0.001024,0.332032,,0.03456,0.164096,0,0.14540799999999998,0.007936,0.013568,,0.003584,,2.642944,5677,962,0,
5678,48.222626197562356,2176607049552,1,7.1430979296565056,6.5139,6.760448,2.0598,14782,0.001024,0.3328,,0.034816,0.16947199999999998,0.000256,0.15103999999999998,0.007936,0.013056,,0.0038399999999999997,,2.6475519999999997,5678,963,0,
5679,48.229659197845805,2176607114691,1,7.0330002345144749,6.396,7.064576,2.418,14539,0.001024,0.363776,,0.034816,0.165376,0.000256,0.146432,0.021504,0.012799999999999999,,0.0025599999999999998,,2.747392,5679,964,0,
5680,48.236982497165528,2176607178651,1,7.3232995346188545,7.5587,7.078656,2.1408,14563,0.001024,0.36403199999999997,,0.03584,0.15692799999999998,0,0.137984,0.022528,0.015104,,0.003328,,3.047936,5680,965,0,
5681,48.24407179705215,2176607254238,1,7.0893000811338425,6.6891,7.282432,2.2847,14539,0.001024,0.455424,,0.035072,0.16614399999999999,0.000256,0.14771199999999998,0.036351999999999995,0.015104,,0.003328,,3.1129599999999997,5681,966,0,
5682,48.251431597222222,2176607321129,1,7.3598003946244717,6.8706,7.079936,1.9297,14563,0.0012799999999999999,0.484608,,0.034816,0.169728,0,0.15103999999999998,0.035584,0.015616,,0.003584,,2.8305919999999998,5682,967,0,
5683,48.258074000850335,2176607389835,1,6.6424035467207432,7.5397,7.340032,2.0377,14539,0.001024,0.363264,,0.035072,0.169984,0.000256,0.15103999999999998,0.021248,0.013824,,0.002816,,2.6178559999999997,5683,968,0,
5684,48.26496609977324,2176607465232,1,6.8920990452170372,7.0606,6.634496,1.9143,14563,0.001024,0.333312,,0.03456,0.166912,0,0.147968,0.004096,0.011776,,0.003072,,3.1808,5684,969,0,
5685,48.271925899943305,2176607535838,1,6.9598001427948475,7.0761,6.78912,2.0036,14539,0.001024,0.33305599999999996,,0.035328,0.169728,0,0.15103999999999998,0.007936,0.012032,,0.002816,,2.663936,5685,970,0,
5686,48.2790169005102,2176607606599,1,7.09100067615509,6.7121,6.94528,2.44,14563,0.001024,0.331264,,0.034816,0.1664,0.000256,0.146944,0.0076799999999999993,0.012799999999999999,,0.002816,,2.6698239999999998,5686,971,0,
5687,48.2860262967687,2176607673720,1,7.0093963295221329,6.9198,7.066368,2.1093,14539,0.001024,0.36070399999999997,,0.041471999999999995,0.165632,0,0.146432,0.022015999999999997,0.014079999999999999,,0.003328,,2.621696,5687,972,0,
5688,48.293196293934237,2176607742918,1,7.1699973195791245,7.06,6.994432,2.3038,14765,0.001024,0.36096,,0.034816,0.16896,0,0.15001599999999998,0.023039999999999998,0.013056,,0.003328,,3.004928,5688,973,0,
5689,48.300710799319724,2176607813518,1,7.5145051814615726,7.1071,7.211776,2.2825,14539,0.001024,0.45516799999999996,,0.035584,0.34048,0,0.321024,0.037632,0.014336,,0.004096,,3.076352,5689,974,0,
5690,48.307443197278907,2176607884589,1,6.7323981784284115,6.9155,7.497984,1.8962,51825,0.001024,0.485888,,0.044544,0.159488,0,0.13977599999999998,0.036864,0.017152,,0.003328,,2.824448,5690,975,0,
5691,48.3146880952381,2176607953744,1,7.24489800632,7.0471,6.650112,2.0596,44687,0.001024,0.36096,,0.042496,0.169984,0,0.149504,0.022272,0.012799999999999999,,0.002816,,2.66112,5691,976,0,
5692,48.321085196995462,2176608024215,1,6.3971015624701977,7.4006,7.210752,1.9996,14563,0.001024,0.332544,,0.035072,0.367872,0,0.349184,0.007936,0.013824,,0.003328,,2.7919359999999998,5692,977,0,
5693,48.328035196995465,2176608098221,1,6.9499998353421688,6.9323,6.45504,2.2111,14539,0.001024,0.33152,,0.035072,0.17049599999999998,0,0.15129599999999999,0.011776,0.012799999999999999,,0.0038399999999999997,,2.64192,5693,978,0,
5694,48.334226998299314,2176608167544,1,6.1918012797832489,7.4408,6.734336,2.0971,14615,0.001024,0.332544,,0.035072,0.166912,0,0.14848,0.0076799999999999993,0.012288,,0.004352,,3.329536,5694,979,0,
5695,48.341369798752829,2176608241952,1,7.1428003720939159,6.2002,6.359808,1.9525,14539,0.001024,0.363008,,0.035328,0.164352,0,0.14540799999999998,0.021504,0.014079999999999999,,0.0025599999999999998,,2.646784,5695,980,0,
5696,48.348777898242631,2176608303954,1,7.408099714666605,6.9449,7.1168,1.9727,14563,0.001024,0.363776,,0.035072,0.165632,0.000256,0.14668799999999999,0.023552,0.013312,,0.004352,,2.7212799999999997,5696,981,0,
5697,48.355542594954649,2176608373403,1,6.7646969109773636,6.2998,7.329792,2.3683,32110,0.41676799999999997,0.456704,,0.034816,0.165632,0,0.14668799999999999,0.038144,0.013568,,0.004352,,2.7194879999999997,5697,982,0,
5698,48.361938499149659,2176608436401,1,6.3959043473005295,6.8844,6.80704,1.9532,28948,0.001024,0.48384,,0.035328,0.167424,0,0.148736,0.036351999999999995,0.014848,,0.18534399999999998,,2.824448,5698,983,0,
5699,48.368485898526075,2176608505245,1,6.5473993308842182,7.4108,6.365696,1.9591,67252,0.001024,0.363008,,0.034816,0.611072,0,0.14771199999999998,0.027903999999999998,0.014079999999999999,,0.003584,,2.417664,5699,984,0,
5700,48.375763300736956,2176608579353,1,7.2774020954966545,6.7551,6.520576,1.8571,60693,0.001024,0.333312,,0.041728,0.168448,0,0.147968,0.007424,0.012288,,0.004096,,2.429184,5700,985,0,
5701,48.3821220946712,2176608646904,1,6.3587939366698265,6.5787,7.265792,2.1077,14539,0.0012799999999999999,0.33177599999999996,,0.034816,0.171008,0,0.151552,0.007936,0.015104,,0.003584,,2.9744639999999998,5701,986,0,
5702,48.389058900226757,2176608712691,1,6.936805322766304,6.8296,6.323968,2.009,14563,0.001024,0.33100799999999997,,0.03456,0.167936,0.000256,0.14899199999999999,0.0076799999999999993,0.013056,,0.002816,,2.39104,5702,987,0,
5703,48.395850999149658,2176608780987,1,6.7920987494289875,7.3752,6.87744,1.8679,14741,0.001024,0.361728,,0.034816,0.16819199999999998,0,0.149248,0.020735999999999997,0.013568,,0.0038399999999999997,,2.99648,5703,988,0,
5704,48.402974397675735,2176608854739,1,7.123398594558239,5.8547,6.506752,1.8446,14563,0.0012799999999999999,0.362496,,0.035584,0.525824,0,0.140288,0.028672,0.019455999999999998,,0.003328,,2.6662399999999997,5704,989,0,
5705,48.409537195294781,2176608913286,1,6.5627978183329105,6.7944,7.092224,2.3525,14539,0.001024,0.456192,,0.035328,0.16512,0.000256,0.146432,0.036351999999999995,0.012799999999999999,,0.004096,,3.488256,5705,990,0,
5706,48.41623359552154,2176608981230,1,6.6964002326130867,6.8074,6.54592,1.9671,14563,0.001024,0.48614399999999997,,0.034816,0.165632,0,0.146944,0.035584,0.013824,,0.003584,,2.663936,5706,991,0,
5707,48.422731696428571,2176609049304,1,6.4981007017195225,7.2542,6.641408,1.9948,14539,0.0012799999999999999,0.363008,,0.034816,0.16716799999999998,0,0.148224,0.020735999999999997,0.014336,,0.004096,,2.9624319999999997,5707,992,0,
5708,48.429767998866211,2176609121846,1,7.036302238702774,7.03,6.519296,2.0288,14563,0.001024,0.3328,,0.035072,0.1664,0,0.147456,0.003328,0.013824,,0.004096,,2.6306559999999997,5708,993,0,
5709,48.436497994614513,2176609192146,1,6.7299958318471909,6.2223,7.010816,2.031,14539,0.0012799999999999999,0.33024,,0.041215999999999996,0.17024,0,0.150528,0.008192,0.014079999999999999,,0.0038399999999999997,,2.7479039999999997,5709,994,0,
5710,48.442993799603173,2176609254369,1,6.4958049915730953,6.9902,6.6944,2.0333,14563,0.001024,0.409088,,0.034816,0.169984,0,0.15103999999999998,0.007936,0.014079999999999999,,0.003328,,2.719744,5710,995,0,
5711,48.449957596371881,2176609324271,1,6.96379691362381,6.6191,6.479104,2.3934,14539,0.001024,0.36275199999999996,,0.035072,0.167424,0,0.148736,0.022272,0.012032,,0.003584,,2.848512,5711,996,0,
5712,48.456481398809522,2176609390462,1,6.5238024108111858,7.4523,6.870272,2.6969,14563,0.001024,0.363776,,0.036864,0.17024,0,0.151552,0.022528,0.015359999999999999,,0.004096,,2.893312,5712,997,0,
5713,48.463973497732425,2176609464985,1,7.4920989573001862,6.3105,6.586112,2.0922,14539,0.001024,0.45439999999999997,,0.035072,0.167424,0.000256,0.148736,0.036608,0.012032,,0.004352,,2.4033279999999997,5713,998,0,
5714,48.470491900510204,2176609528090,1,6.5184026025235653,7.2383,7.394048,3.0012,14563,0.001024,0.599808,,0.036608,0.171264,0,0.152064,0.03712,0.015359999999999999,,0.002304,,2.402304,5714,999,0,
5715,48.477955697278908,2176609600473,1,7.4637969955801964,6.7604,6.38976,3.3745,14539,0.001024,0.362496,,0.034816,0.169216,0,0.150528,0.020992,0.014848,,0.0025599999999999998,,2.7568639999999998,5715,1000,0,
5716,48.484739795918365,2176609668077,1,6.7840986885130405,8.6709,6.785024,2.6188,14563,0.001024,0.32972799999999997,,0.034816,0.166912,0.000256,0.14771199999999998,0.003584,0.013312,,0.0025599999999999998,,2.672128,5716,1001,0,
5717,48.493537096088431,2176609754786,1,8.7973000481724739,5.1609,6.554112,4.1062,21151,0.001024,0.32972799999999997,,0.034816,0.166912,0.000256,0.14771199999999998,0.003584,0.013312,,0.0025599999999999998,,2.672128,5717,1002,0,
5718,48.501262996031741,2176609806395,1,7.7259000390768051,9.2294,7.374848,2.6506,14563,0.001024,0.41881599999999997,,0.037376,0.17279999999999998,0,0.153088,0.004608,0.013312,,0.002048,,2.8203519999999997,5718,1003,0,
5719,48.508411798469389,2176609898689,1,7.1488022804260254,5.7393,7.706112,2.2742,14539,0.003328,0.449536,,0.035584,0.172032,0,0.153088,0.022015999999999997,0.013056,,0.002304,,2.997248,5719,1004,0,
5720,48.516171499433106,2176609956082,1,7.759700994938612,8.2932,6.751232,1.957,14563,0.001024,0.453632,,0.03584,0.17407999999999998,0.000256,0.15488,0.023295999999999997,0.013568,,0.002048,,2.392832,5720,1005,0,
5721,48.523836897675736,2176610039014,1,7.6653980650007725,6.8848,7.7888,2.0468,14539,0.001024,0.564224,,0.03584,0.17382399999999998,0,0.15488,0.038144,0.013056,,0.002304,,3.089152,5721,1006,0,
5722,48.531319600340133,2176610107862,1,7.4827028438448906,7.2799,7.64032,3.2056,14782,0.001024,0.600576,,0.03584,0.16383999999999999,0,0.144896,0.03712,0.015359999999999999,,0.002048,,2.651392,5722,1007,0,
5723,48.53914039824263,2176610180661,1,7.8207980841398239,7.8745,7.398144,2.6366,14591,0.001024,0.453632,,0.041984,0.180992,0,0.160768,0.022272,0.014079999999999999,,0.0025599999999999998,,2.3971839999999998,5723,1008,0,
5724,48.54619779620181,2176610259406,1,7.0573980920016766,8.2265,7.880448,2.2007,14563,0.0012799999999999999,0.416512,,0.041728,0.1792,0.000256,0.16025599999999998,0.0076799999999999993,0.013056,,0.002304,,3.196672,5724,1009,0,
5725,48.552903195861674,2176610341671,1,6.7053996026515961,6.6119,6.716416,1.9884,14539,0.001024,0.41497599999999996,,0.03584,0.170752,0,0.15129599999999999,0.007936,0.012032,,0.002048,,3.0277119999999997,5725,1010,0,
5726,48.559462400793649,2176610407790,1,6.559204775840044,7.7282,6.616576,2.0512,14563,0.001024,0.331264,,0.03456,0.169984,0,0.150784,0.0076799999999999993,0.013056,,0.004096,,2.69696,5726,1011,0,
5727,48.5662639951814,2176610485072,1,6.8015945143997669,6.9129,6.587136,2.5435,14539,0.001024,0.361728,,0.041728,0.16512,0.000256,0.146176,0.022015999999999997,0.013824,,0.003072,,2.6964479999999997,5727,1012,0,
5728,48.573331299603176,2176610554201,1,7.0673045702278614,7.0166,6.718976,1.9956,14563,0.001024,0.363776,,0.035072,0.164096,0.000256,0.144896,0.022784,0.013056,,0.0038399999999999997,,3.232256,5728,1013,0,
5729,48.579986500850339,2176610624367,1,6.6552013158798218,6.2644,7.038976,2.43,14539,0.001024,0.454656,,0.034816,0.16358399999999998,0,0.145152,0.03712,0.016895999999999998,,0.004352,,2.951936,5729,1014,0,
5730,48.587064795918366,2176610687011,1,7.0782951079308987,7.3473,6.637824,2.2621,14563,0.001024,0.48512,,0.035328,0.15923199999999998,0,0.140288,0.036608,0.013824,,0.0025599999999999998,,2.43328,5730,1015,0,
5731,48.594118898809519,2176610760484,1,7.054103072732687,7.0704,7.131648,1.9922,14741,0.001024,0.362496,,0.035328,0.169216,0,0.150272,0.021759999999999998,0.014591999999999999,,0.002816,,2.8247039999999997,5731,1016,0,
5732,48.601106200396821,2176610831188,1,6.9873016327619553,6.2023,7.023616,1.9634,14563,0.001024,0.410112,,0.035072,0.1664,0.000256,0.147456,0.007936,0.013312,,0.003072,,3.12064,5732,1017,0,
5733,48.607527097505667,2176610893211,1,6.4208973199129105,7.2887,6.889216,1.9509,14539,0.0012799999999999999,0.33100799999999997,,0.034816,0.165376,0,0.146432,0.0076799999999999993,0.014079999999999999,,0.003328,,2.919936,5733,1018,0,
5734,48.61474129818594,2176610966098,1,7.2142006829380989,6.6976,6.475264,1.8705,14563,0.001024,0.33305599999999996,,0.035072,0.1664,0,0.1472,0.0076799999999999993,0.012799999999999999,,0.002816,,2.4153599999999997,5734,1019,0,
5735,48.6214172973356,2176611033074,1,6.6759991459548473,7.1205,7.18592,2.067,14539,0.001024,0.36275199999999996,,0.03712,0.164608,0,0.145664,0.021504,0.013824,,0.0025599999999999998,,3.1383039999999998,5735,1020,0,
5736,48.628232298752835,2176611104279,1,6.815001368522644,6.124,6.585856,2.3238,14563,0.001024,0.36224,,0.036095999999999996,0.16819199999999998,0,0.149504,0.023039999999999998,0.012288,,0.002816,,2.7182079999999997,5736,1021,0,
5737,48.63526559665533,2176611165519,1,7.0332977920770645,7.6772,6.871296,3.2097,14539,0.0012799999999999999,0.45516799999999996,,0.04224,0.17177599999999998,0,0.151552,0.036608,0.018944,,0.003584,,2.74432,5737,1022,0,
5738,48.64216809807256,2176611242291,1,6.9025014527142048,6.4049,7.011072,1.9439,14563,0.001024,0.485376,,0.041471999999999995,0.166656,0,0.145664,0.036864,0.015616,,0.0025599999999999998,,2.93632,5738,1023,0,
5739,48.649008198696144,2176611306340,1,6.8401005119085312,6.7912,6.80704,2.4568,14539,0.001024,0.446208,,0.04224,0.168448,0,0.148736,0.021759999999999998,0.007936,,0.003584,,2.649088,5739,1024,0,
5740,48.655740299036282,2176611374252,1,6.7321001552045345,7.082,6.88896,2.3997,14563,0.001024,0.33177599999999996,,0.034816,0.169728,0,0.150784,0.0076799999999999993,0.012544,,0.0038399999999999997,,3.166976,5740,1025,0,
5741,48.66249979450113,2176611445072,1,6.7594954743981361,7.1401,6.649344,2.2474,14539,0.001024,0.329984,,0.036351999999999995,0.166912,0.000256,0.147456,0.003328,0.012032,,0.002816,,3.059456,5741,1026,0,
5742,48.668840795068029,2176611516473,1,6.3410005532205105,6.7204,6.809344,2.0472,14563,0.0012799999999999999,0.412416,,0.041984,0.17279999999999998,0,0.153088,0.0076799999999999993,0.011776,,0.0025599999999999998,,2.423552,5742,1027,0,
5743,48.675986295351471,2176611583677,1,7.1455002762377262,6.4193,6.308096,1.9875,14539,0.001024,0.36352,,0.034816,0.163328,0,0.14438399999999998,0.020992,0.014079999999999999,,0.0038399999999999997,,2.710784,5743,1028,0,
5744,48.682839895124715,2176611647870,1,6.8535995669662952,6.7749,7.062272,1.9178,14782,0.001024,0.363008,,0.034816,0.807936,0,0.162048,0.024319999999999998,0.012544,,0.002816,,2.643968,5744,1029,0,
5745,48.689717396541951,2176611715619,1,6.8775014951825142,6.2852,6.894592,1.8298,14539,0.001024,0.453632,,0.035072,0.392704,0,0.150528,0.037632,0.013824,,0.004096,,2.6808319999999997,5745,1030,0,
5746,48.696861699263039,2176611778471,1,7.1443025954067707,7.3811,6.85568,1.8728,14765,0.001024,0.485888,,0.041215999999999996,0.17177599999999998,0,0.15231999999999998,0.037888,0.018688,,0.003072,,2.73792,5746,1031,0,
5747,48.70367899659864,2176611852282,1,6.8172975443303585,6.6215,7.079936,2.1357,14539,0.001024,0.363008,,0.041215999999999996,0.16486399999999998,0,0.14540799999999998,0.021759999999999998,0.012544,,0.004352,,2.6752,5747,1032,0,
5748,48.710158397108842,2176611918497,1,6.4794006757438183,7.2663,6.776832,1.8748,14563,0.002304,0.331264,,0.03712,0.16947199999999998,0,0.150272,0.003584,0.014848,,0.004096,,2.6777599999999997,5748,1033,0,
5749,48.717084800170063,2176611991160,1,6.9264029152691364,7.2996,6.459904,1.956,14539,0.001024,0.330752,,0.035072,0.17024,0,0.15103999999999998,0.0076799999999999993,0.014336,,0.004096,,2.650624,5749,1034,0,
5750,48.724184098639455,2176612064156,1,7.0992982946336269,6.77,6.97344,1.9791,14563,0.001024,0.3328,,0.040448,0.168704,0.000256,0.148224,0.0076799999999999993,0.011776,,0.002816,,3.250688,5750,1035,0,
5751,48.7305466978458,2176612131856,1,6.3625993207097054,6.6231,7.055104,1.9045,14539,0.0012799999999999999,0.361216,,0.043519999999999996,0.171264,0,0.150784,0.022015999999999997,0.013056,,0.002816,,2.6239999999999997,5751,1036,0,
5752,48.737486295351474,2176612198087,1,6.9395974278450012,6.6439,6.35392,1.8618,14563,0.001024,0.36275199999999996,,0.041471999999999995,0.16896,0,0.15001599999999998,0.022528,0.012032,,0.003584,,2.728192,5752,1037,0,
5753,48.743946995464853,2176612264526,1,6.4607001841068268,6.8675,6.924032,1.9358,14591,0.001024,0.453632,,0.045056,0.16255999999999998,0,0.14336,0.037376,0.012032,,0.003584,,2.785792,5753,1038,0,
5754,48.751123398526076,2176612333201,1,7.17640295624733,6.6726,6.442496,2.1921,14563,0.001024,0.486656,,0.034816,0.168448,0,0.149248,0.03712,0.012032,,0.002816,,2.4117759999999997,5754,1039,0,
5755,48.757744295634922,2176612399927,1,6.6208969801664352,7.0035,7.084032,1.9297,14539,0.001024,0.36147199999999996,,0.034816,0.16588799999999998,0.000256,0.1472,0.022528,0.014591999999999999,,0.004096,,2.8029439999999997,5755,1040,0,
5756,48.764794897959185,2176612469962,1,7.0506022311747074,6.4953,6.670592,2.1225,14563,0.001024,0.33305599999999996,,0.034816,0.168448,0,0.149248,0.007424,0.013824,,0.0025599999999999998,,2.610944,5756,1041,0,
5757,48.771733900226756,2176612534915,1,6.9390023127198219,6.778,7.03616,2.6921,14539,0.001024,0.33177599999999996,,0.03456,0.166656,0,0.147456,0.0076799999999999993,0.014336,,0.003584,,3.203328,5757,1042,0,
5758,48.778507497165528,2176612602695,1,6.7735970951616764,6.698,6.846464,2.3248,14563,0.001024,0.332544,,0.035072,0.41087999999999997,0,0.14668799999999999,0.007936,0.015104,,0.004352,,2.747392,5758,1043,0,
5759,48.785004294217686,2176612669675,1,6.4967968501150608,6.9338,6.741248,1.8952,14539,0.001024,0.363008,,0.034816,0.16383999999999999,0,0.145152,0.021504,0.014591999999999999,,0.0025599999999999998,,3.020288,5759,1044,0,
5760,48.792189994331061,2176612739013,1,7.1856998838484287,7.396,6.4896,1.8846,14765,0.001024,0.361216,,0.035072,0.162048,0.000256,0.14336,0.022784,0.014079999999999999,,0.003584,,2.669056,5760,1045,0,
5761,48.798914200680272,2176612812973,1,6.7242062650620937,6.5314,7.158528,2.2278,14539,0.001024,0.45516799999999996,,0.04224,0.16358399999999998,0,0.144128,0.037888,0.012288,,0.003584,,2.7128319999999997,5761,1046,0,
5762,48.805553394274376,2176612878287,1,6.6391937434673309,6.4575,6.718464,1.9954,14563,0.0012799999999999999,0.48486399999999996,,0.035328,0.16716799999999998,0.000256,0.147968,0.035584,0.015616,,0.003584,,2.650368,5762,1047,0,
5763,48.812159297052155,2176612942862,1,6.605902686715126,7.487,6.673408,1.9775,14539,0.001024,0.361984,,0.034816,0.37401599999999996,0,0.151808,0.027136,0.015104,,0.004352,,2.80064,5763,1048,0,
5764,48.819876899092968,2176613017732,1,7.7176019549369812,6.4778,6.295552,1.9782,14563,0.001024,0.33177599999999996,,0.03968,0.1664,0,0.146944,0.0076799999999999993,0.013056,,0.003584,,2.6595839999999997,5764,1049,0,
5765,48.826242495748296,2176613082510,1,6.3655967824161053,6.7709,7.628288,1.872,14539,0.001024,0.330496,,0.035072,0.16768,0,0.14848,0.0076799999999999993,0.013312,,0.003072,,2.9721599999999997,5765,1050,0,
5766,48.832596400226755,2176613150219,1,6.3539044931530952,6.3544,6.41536,1.857,14563,0.001024,0.330752,,0.035328,0.168704,0,0.150272,0.003584,0.013056,,0.0038399999999999997,,2.7745279999999997,5766,1051,0,
5767,48.839554095804985,2176613213763,1,6.9576953537762165,7.8658,6.3296,1.9066,14758,0.001024,0.442112,,0.035072,0.168448,0,0.15001599999999998,0.022015999999999997,0.014848,,0.003072,,2.411264,5767,1052,0,
5768,48.846340398242631,2176613292421,1,6.7863026633858681,5.9868,6.94016,2.105,14563,0.0012799999999999999,0.36275199999999996,,0.041471999999999995,0.15795199999999998,0,0.139008,0.023039999999999998,0.014079999999999999,,0.0038399999999999997,,3.0405119999999997,5768,1053,0,
5769,48.853551998299316,2176613352289,1,7.2115999646484852,6.5249,6.684672,2.507,14539,0.0012799999999999999,0.454912,,0.037632,0.165376,0,0.146176,0.03712,0.015616,,0.003328,,2.654976,5769,1054,0,
5770,48.859994394841266,2176613417538,1,6.4423964358866215,7.1354,7.206144,1.9424,14563,0.001024,0.48691199999999996,,0.035072,0.16588799999999998,0,0.146944,0.03584,0.015359999999999999,,0.004096,,2.9086719999999997,5770,1055,0,
5771,48.866604499716551,2176613488892,1,6.6101048141717911,6.5497,6.415872,1.9821,14539,0.001024,0.36224,,0.03456,0.168448,0,0.15001599999999998,0.021504,0.013056,,0.0025599999999999998,,2.6559999999999997,5771,1056,0,
5772,48.873456200396824,2176613554389,1,6.8517006002366543,7.6904,6.6496,2.1191,14563,0.001024,0.333824,,0.041984,0.17152,0.000256,0.152576,0.0076799999999999993,0.013056,,0.003072,,3.004928,5772,1057,0,
5773,48.879657298752832,2176613631293,1,6.2010982073843479,7.0931,6.768128,2.1859,14539,0.001024,0.33177599999999996,,0.035072,0.16614399999999999,0,0.146944,0.0076799999999999993,0.013568,,0.004096,,2.67008,5773,1058,0,
5774,48.886489498299319,2176613702224,1,6.8321996368467808,5.7537,6.236928,2.2627,14563,0.001024,0.331264,,0.035072,0.169216,0,0.14976,0.007936,0.012032,,0.002816,,2.642944,5774,1059,0,
5775,48.893202395124717,2176613759761,1,6.7128967493772507,6.7256,6.758656,1.8889,14741,0.001024,0.363008,,0.035328,0.16383999999999999,0,0.145152,0.021248,0.013312,,0.003328,,2.7586559999999998,5775,1060,0,
5776,48.900181200396823,2176613827017,1,6.9788051769137383,6.1612,6.731264,2.2238,14563,0.001024,0.361216,,0.034816,0.364544,0,0.147456,0.029439999999999997,0.013824,,0.0038399999999999997,,2.819584,5776,1061,0,
5777,48.906611394557821,2176613888629,1,6.4301942475140095,7.2088,6.904832,1.8937,14539,0.001024,0.456192,,0.0384,0.167936,0,0.148736,0.037632,0.013824,,0.002816,,2.7847679999999997,5777,1062,0,
5778,48.91351240079365,2176613960717,1,6.90100621432066,6.384,6.47296,1.7977,14563,0.001024,0.48512,,0.035584,0.15795199999999998,0,0.139264,0.036864,0.015359999999999999,,0.0025599999999999998,,2.418176,5778,1063,0,
5779,48.92048199404762,2176614024557,1,6.9695934653282166,6.7271,6.88256,2.0596,14539,0.001024,0.363776,,0.035072,0.170752,0,0.151808,0.020479999999999998,0.013056,,0.0025599999999999998,,2.8856319999999998,5779,1064,0,
5780,48.927140100623582,2176614091828,1,6.6581065766513348,6.5177,6.949632,1.8652,14563,0.001024,0.33433599999999997,,0.035072,0.17049599999999998,0,0.151808,0.007424,0.013568,,0.004352,,3.08736,5780,1065,0,
5781,48.933645500283447,2176614157005,1,6.505399476736784,7.2652,6.629632,1.795,14539,0.001024,0.33228799999999997,,0.034816,0.166656,0,0.14771199999999998,0.007424,0.013568,,0.0025599999999999998,,2.7962879999999997,5781,1066,0,
5782,48.940574496882085,2176614229657,1,6.9289966486394405,6.4883,6.490368,2.2949,14563,0.20224,0.334592,,0.034816,0.165376,0,0.146432,0.003328,0.013056,,0.0038399999999999997,,2.6613759999999997,5782,1067,0,
5783,48.94701160005669,2176614294540,1,6.4371032640337944,6.7076,6.895104,2.1897,14591,0.001024,0.363008,,0.039936,0.166912,0,0.146944,0.022272,0.012032,,0.003072,,2.889728,5783,1068,0,
5784,48.954160296201813,2176614361616,1,7.1486961096525192,6.5023,6.357504,2.0426,14563,0.001024,0.361216,,0.035328,0.172032,0,0.1536,0.022272,0.013312,,0.0038399999999999997,,2.6649599999999998,5784,1069,0,
5785,48.960644798752831,2176614426639,1,6.4845024608075619,7.3105,7.122176,1.833,14539,0.001024,0.454656,,0.034816,0.44927999999999996,0,0.150528,0.043008,0.020479999999999998,,0.002304,,2.94144,5785,1070,0,
5786,48.967397994614508,2176614499744,1,6.753196008503437,6.3633,6.463488,1.9523,14563,0.001024,0.48614399999999997,,0.035072,0.157184,0,0.13849599999999998,0.03584,0.014336,,0.004352,,2.658048,5786,1071,0,
5787,48.974281094104306,2176614563377,1,6.8830996751785278,7.1332,6.73664,1.9764,14539,0.001024,0.361216,,0.034816,0.168448,0,0.14899199999999999,0.020735999999999997,0.013824,,0.004096,,2.6196479999999998,5787,1072,0,
5788,48.980485600907031,2176614634709,1,6.2045068480074406,7.2641,6.691072,2.2349,14563,0.001024,0.33228799999999997,,0.035584,0.17049599999999998,0.000256,0.15129599999999999,0.009984,0.013568,,0.003072,,2.6816,5788,1073,0,
5789,48.987458000283446,2176614707350,1,6.972399540245533,6.1037,6.23872,1.9841,15102,0.0012799999999999999,0.330752,,0.034816,0.16588799999999998,0.000256,0.146944,0.0076799999999999993,0.014079999999999999,,0.002304,,2.6577919999999997,5789,1074,0,
5790,48.994156894841268,2176614768387,1,6.6988947801291943,7.1145,7.132416,1.8547,55645,0.005632,0.326656,,0.035328,0.35148799999999997,0.000256,0.152064,0.0097279999999999988,0.014848,,0.004352,,2.782464,5790,1075,0,
5791,49.000911394557818,2176614839532,1,6.7544998601078987,5.8244,6.6816,1.9559,14539,0.001024,0.362496,,0.041984,0.170752,0,0.150784,0.021504,0.013568,,0.003584,,2.779648,5791,1076,0,
5792,49.007522300170066,2176614897776,1,6.61090575158596,6.8662,6.730752,1.8256,14563,0.001024,0.363264,,0.034816,0.162816,0,0.143616,0.025599999999999998,0.014591999999999999,,0.0025599999999999998,,2.648832,5792,1077,0,
5793,49.014069600340136,2176614966438,1,6.5473001450300217,6.6095,6.51648,2.0317,14539,0.001024,0.453632,,0.035072,0.171008,0,0.151552,0.036608,0.015616,,0.0038399999999999997,,2.409728,5793,1078,0,
5794,49.021130994897959,2176615032533,1,7.0613943971693516,6.7685,6.427904,1.9789,14563,0.001024,0.484352,,0.040704,0.15488,0,0.135936,0.036608,0.015616,,0.0025599999999999998,,2.612224,5794,1079,0,
5795,49.027836699263034,2176615100218,1,6.7057041451334953,6.5856,6.964224,1.8823,14539,0.001024,0.36275199999999996,,0.034816,0.16512,0,0.146176,0.020992,0.014591999999999999,,0.0038399999999999997,,3.3185279999999997,5795,1080,0,
5796,49.034520599489795,2176615166074,1,6.6839000210165977,6.4762,6.764032,1.9557,14563,0.001024,0.33228799999999997,,0.03456,0.166912,0.000256,0.14771199999999998,0.003584,0.012544,,0.002304,,2.6559999999999997,5796,1081,0,
5797,49.041173299319723,2176615230836,1,6.6526997834444046,7.6459,6.5856,1.9534,14741,0.001024,0.330752,,0.035072,0.1664,0,0.14771199999999998,0.0076799999999999993,0.014591999999999999,,0.003072,,2.652672,5797,1082,0,
5798,49.047598696145123,2176615307295,1,6.4253970049321651,6.3048,6.632704,1.9119,14563,0.001024,0.33152,,0.035072,0.164608,0,0.146176,0.006656,0.012544,,0.003584,,2.883072,5798,1083,0,
5799,49.0542919005102,2176615370343,1,6.6932043991982937,6.7753,6.404096,1.8791,14539,0.001024,0.363264,,0.03456,0.165376,0,0.146944,0.020992,0.014336,,0.0038399999999999997,,2.6728959999999997,5799,1084,0,
5800,49.061387797619048,2176615438096,1,7.0958971045911312,6.5984,6.433536,2.0826,14563,0.001024,0.36275199999999996,,0.035328,0.166656,0,0.14771199999999998,0.022015999999999997,0.014336,,0.002816,,3.0090239999999997,5800,1085,0,
5801,49.068074397675737,2176615504080,1,6.686599925160408,6.6107,6.929408,1.8625,14539,0.001024,0.454144,,0.035328,0.169728,0,0.15103999999999998,0.03712,0.013312,,0.002816,,2.6493439999999997,5801,1086,0,
5802,49.074874000850336,2176615570187,1,6.799603346735239,6.9164,6.892288,2.1086,14563,0.0012799999999999999,0.483328,,0.035584,0.168704,0,0.150272,0.038144,0.016384,,0.003328,,2.413312,5802,1087,0,
5803,49.081430895691611,2176615639351,1,6.55689463019371,6.912,6.776832,1.9428,14539,0.001024,0.36352,,0.035072,0.171008,0,0.15231999999999998,0.020479999999999998,0.013312,,0.003072,,2.88768,5803,1088,0,
5804,49.0881919005102,2176615708471,1,6.7610046826303005,6.3429,6.535168,1.965,14563,0.0012799999999999999,0.33228799999999997,,0.034816,0.166912,0,0.147968,0.003328,0.014336,,0.004352,,2.7581439999999997,5804,1089,0,
5805,49.09515080073696,2176615771900,1,6.9589000195264816,6.7822,6.740992,2.1051,14741,0.001024,0.332032,,0.035072,0.168448,0,0.149248,0.007936,0.013824,,0.003328,,2.771712,5805,1090,0,
5806,49.10165319586168,2176615839722,1,6.5023950301110744,6.619,6.94912,2.0512,14563,0.001024,0.33152,,0.042496,0.168704,0,0.14848,0.004352,0.014336,,0.004096,,2.4135679999999997,5806,1091,0,
5807,49.108246995464853,2176615905912,1,6.5937996841967106,6.644,6.473984,1.8479,14539,0.001024,0.363264,,0.034816,0.513536,0,0.164352,0.021759999999999998,0.012288,,0.002816,,2.65216,5807,1092,0,
5808,49.115320897108845,2176615972352,1,7.07390159368515,7.0688,6.317824,1.9407,14563,0.001024,0.363776,,0.034816,0.167424,0,0.148736,0.022272,0.012799999999999999,,0.003328,,2.6559999999999997,5808,1093,0,
5809,49.122215398242631,2176616043040,1,6.8945009261369705,6.3557,6.947584,1.8985,14539,0.001024,0.454144,,0.035328,0.164608,0,0.14540799999999998,0.03712,0.013824,,0.004096,,3.072256,5809,1094,0,
5810,49.128794600340136,2176616106597,1,6.5792021341621876,6.8801,6.921472,2.9784,14563,0.001024,0.57087999999999994,,0.035072,0.165632,0,0.146944,0.040448,0.014591999999999999,,0.004096,,2.950656,5810,1095,0,
5811,49.135163697562355,2176616175398,1,6.3690971583127975,7.0998,6.619904,2.0549,14539,0.0012799999999999999,0.362496,,0.035072,0.165632,0,0.146176,0.021248,0.013824,,0.002816,,3.0016,5811,1096,0,
5812,49.141943395691605,2176616246396,1,6.7796981893479824,7.0753,6.269696,2.1237,27869,0.001024,0.332032,,0.035072,0.165632,0,0.14668799999999999,0.0076799999999999993,0.012288,,0.003072,,2.896896,5812,1097,0,
5813,49.148591298185941,2176616317149,1,6.64790254086256,6.1163,6.822656,2.243,14810,0.001024,0.33152,,0.035072,0.165632,0.000256,0.146432,0.0076799999999999993,0.011776,,0.003072,,2.6475519999999997,5813,1098,0,
5814,49.155252997448976,2176616378312,1,6.661699153482914,6.4909,6.639616,2.0693,14563,0.001024,0.332544,,0.034816,0.17049599999999998,0,0.15103999999999998,0.003328,0.012032,,0.002816,,2.730496,5814,1099,0,
5815,49.161985097789113,2176616443221,1,6.7321001552045345,7.0737,6.650368,2.3983,14539,0.001024,0.362496,,0.035328,0.17049599999999998,0,0.151552,0.020735999999999997,0.014336,,0.003328,,2.749952,5815,1100,0,
5816,49.169741695011339,2176616513958,1,7.7565973624587059,6.848,6.695936,1.8645,14563,0.001024,0.36352,,0.03456,0.37632,0,0.152064,0.028928,0.015616,,0.0038399999999999997,,2.802432,5816,1101,0,
5817,49.176815695861677,2176616582438,1,7.0740007795393467,6.3735,7.539968,1.8246,20612,0.001024,0.564224,,0.040192,0.17740799999999998,0,0.157696,0.042752,0.011776,,0.002816,,2.4099839999999997,5817,1102,0,
5818,49.183563095238092,2176616646173,1,6.74739945679903,6.4552,6.989056,1.8299,14563,0.001024,0.48384,,0.034816,0.168448,0.000256,0.14976,0.03712,0.014591999999999999,,0.002304,,3.1933439999999997,5818,1103,0,
5819,49.190424496882088,2176616710725,1,6.8614017218351364,7.9343,6.611712,2.2385,35947,0.0012799999999999999,0.361216,,0.034816,0.172544,0,0.1536,0.021248,0.013824,,0.003328,,2.669568,5819,1104,0,
5820,49.1971875,2176616790068,1,6.7630033008754253,6.9728,6.962176,2.3377,14910,0.001024,0.333312,,0.034816,0.167424,0,0.14899199999999999,0.010752,0.013568,,0.002816,,2.97984,5820,1105,0,
5821,49.207203295068027,2176616859796,1,10.015795007348061,6.6673,6.742528,2.1387,14539,0.001024,0.41497599999999996,,0.03584,0.173312,0,0.154112,0.007936,0.013312,,0.002304,,2.88128,5821,1106,0,
5822,49.213578295068025,2176616926469,1,6.3749998807907104,7.113,6.056448,1.8842,14563,0.001024,0.330752,,0.035072,0.16588799999999998,0,0.14668799999999999,0.007936,0.014079999999999999,,0.004096,,2.6590719999999997,5822,1107,0,
5823,49.220165100623582,2176616997599,1,6.5868054516613483,9.7496,6.541568,1.8698,14539,0.0012799999999999999,0.37401599999999996,,0.036095999999999996,0.167424,0,0.14771199999999998,0.023552,0.013056,,0.003328,,2.671872,5823,1108,0,
5824,49.234264498299318,2176617095095,1,14.099397696554661,6.836,7.720448,2.114,14563,0.001024,0.374784,,0.036608,0.168704,0,0.14899199999999999,0.023039999999999998,0.012288,,0.003328,,3.038208,5824,1109,0,
5825,49.23788109410431,2176617163455,1,3.6165958736091852,6.6515,6.961152,2.2233,14563,0.001024,0.540928,,0.034816,0.16716799999999998,0,0.14848,0.037376,0.016128,,0.003072,,2.7310079999999997,5825,1110,0,
5826,49.246126296768708,2176617229970,1,8.2452027127146721,6.3141,6.37952,1.7669,14539,0.001024,0.48358399999999996,,0.034816,0.169984,0,0.15103999999999998,0.036608,0.015104,,0.004096,,2.3966719999999997,5826,1111,0,
5827,49.253560799319729,2176617293111,1,7.4345027096569538,14.4143,7.784448,1.9044,14563,0.001024,0.456192,,0.036095999999999996,0.17536,0.000256,0.157696,0.023552,0.012799999999999999,,0.002304,,3.087104,5827,1112,0,
5828,49.26035659722222,2176617437254,1,6.79579796269536,3.8659,7.426304,1.5607,14539,0.001024,0.41625599999999996,,0.036095999999999996,0.175872,0,0.156416,0.0076799999999999993,0.013824,,0.002304,,2.6414079999999998,5828,1113,0,
5829,49.267091496598638,2176617475913,1,6.7348992452025414,7.4411,6.754048,1.7187,14563,0.0012799999999999999,0.41344,,0.035584,0.17971199999999998,0,0.16025599999999998,0.0076799999999999993,0.013568,,0.002048,,2.645248,5829,1114,0,
5830,49.273883297902493,2176617550324,1,6.7918011918663979,8.1247,6.71488,1.8349,14539,0.001024,0.41497599999999996,,0.03584,0.174592,0,0.155136,0.007424,0.013056,,0.002304,,2.4104959999999997,5830,1115,0,
5831,49.28068120039682,2176617631571,1,6.7979022860527039,6.6475,6.765056,1.7519,14563,0.001024,0.450816,,0.036351999999999995,0.17638399999999999,0.000256,0.157184,0.021759999999999998,0.013312,,0.002048,,2.41024,5831,1116,0,
5832,49.28824299886621,2176617698046,1,7.5617986731231213,6.3237,6.752256,2.1005,14539,0.001024,0.452864,,0.03584,0.38118399999999997,0,0.158464,0.029183999999999998,0.016128,,0.0025599999999999998,,2.395136,5832,1117,0,
5833,49.294523795351473,2176617761283,1,6.2807966023683548,6.9639,7.5776,1.9047,14765,0.001024,0.454912,,0.041471999999999995,0.166912,0.000256,0.147456,0.037632,0.014336,,0.004096,,2.7284479999999998,5833,1118,0,
5834,49.300563300736961,2176617830922,1,6.0395053587853909,6.674,6.245888,1.9484,14758,0.001024,0.486656,,0.035072,0.155136,0.000256,0.13644799999999999,0.038655999999999996,0.014079999999999999,,0.002304,,2.4184319999999997,5834,1119,0,
5835,49.307219196428569,2176617897662,1,6.6558956168591976,7.5991,6.086656,1.8647,14563,0.001024,0.363776,,0.03456,0.168448,0,0.14848,0.020479999999999998,0.015616,,0.004352,,2.6176,5835,1120,0,
5836,49.313273894557824,2176617973653,1,6.0546980239450932,6.5772,6.568192,1.8953,14539,0.001024,0.330496,,0.034816,0.16614399999999999,0,0.147456,0.0076799999999999993,0.012544,,0.002816,,2.7333119999999997,5836,1121,0,
5837,49.320184396258504,2176618039425,1,6.9105015136301517,5.8116,6.020608,1.912,14563,0.001024,0.32972799999999997,,0.034816,0.164352,0,0.14540799999999998,0.0076799999999999993,0.013056,,0.003584,,2.413312,5837,1122,0,
5838,49.326310395408164,2176618097541,1,6.12599914893508,6.4541,6.901504,1.7712,14539,0.001024,0.33305599999999996,,0.03456,0.166656,0,0.14771199999999998,0.003584,0.014079999999999999,,0.003072,,2.69312,5838,1123,0,
5839,49.33234280045351,2176618162082,1,6.0324049554765224,6.1904,6.102016,1.7903,14563,0.001024,0.36275199999999996,,0.034816,0.167424,0,0.147968,0.022272,0.012799999999999999,,0.0025599999999999998,,2.415616,5839,1124,0,
5840,49.338637096088434,2176618223986,1,6.2942956574261189,6.7902,6.07616,1.834,14539,0.001024,0.363776,,0.035072,0.16896,0,0.150272,0.022528,0.013056,,0.004096,,2.413312,5840,1125,0,
5841,49.34496209608843,2176618291888,1,6.3249999657273293,6.2789,6.212096,1.9116,14563,0.001024,0.45311999999999997,,0.035072,0.16486399999999998,0,0.146432,0.036608,0.013568,,0.004352,,2.418176,5841,1126,0,
5842,49.351406094104306,2176618354677,1,6.4439978450536728,5.8153,6.3616,2.1098,14591,0.0012799999999999999,0.485376,,0.037888,0.17152,0,0.15231999999999998,0.035584,0.014591999999999999,,0.002816,,2.4002559999999997,5842,1127,0,
5843,49.357746095521541,2176618412830,1,6.3400012440979481,6.7514,6.35776,1.886,14563,0.001024,0.363776,,0.041471999999999995,0.166912,0.000256,0.147968,0.022272,0.013312,,0.002816,,2.415616,5843,1128,0,
5844,49.3642125,2176618480344,1,6.4664045348763466,5.8782,6.320896,1.9433,14539,0.0012799999999999999,0.333312,,0.041471999999999995,0.16819199999999998,0,0.14899199999999999,0.008192,0.014848,,0.0025599999999999998,,2.416896,5844,1129,0,
5845,49.370406299603175,2176618539126,1,6.1937994323670864,6.6249,6.4384,1.9696,14563,0.001024,0.33100799999999997,,0.037376,0.166656,0,0.147968,0.008192,0.013056,,0.004096,,2.907136,5845,1130,0,
5846,49.3765,2176618605375,1,6.0937004163861275,6.2426,6.181376,2.1216,14539,0.001024,0.40755199999999997,,0.034816,0.167424,0,0.14848,0.0076799999999999993,0.014336,,0.004352,,2.660608,5846,1131,0,
5847,49.382559693877546,2176618667801,1,6.0596941038966179,6.4747,6.065152,1.887,14563,0.001024,0.360448,,0.035072,0.165632,0,0.14668799999999999,0.020992,0.012799999999999999,,0.002304,,2.424064,5847,1132,0,
5848,49.389401594387756,2176618732548,1,6.8419002927839756,6.177,6.09792,1.784,14539,0.001024,0.36275199999999996,,0.035072,0.16255999999999998,0,0.14336,0.022015999999999997,0.013056,,0.002816,,2.426368,5848,1133,0,
5849,49.395955796485261,2176618794318,1,6.554202176630497,6.495,6.820608,2.0151,14765,0.0012799999999999999,0.45516799999999996,,0.040959999999999996,0.16512,0,0.146176,0.037376,0.015359999999999999,,0.003072,,2.9952,5849,1134,0,
5850,49.4019966978458,2176618859268,1,6.0409014113247395,5.6115,6.480384,1.8396,14539,0.0012799999999999999,0.48409599999999997,,0.034816,0.162304,0,0.14336,0.036608,0.014848,,0.002304,,2.6728959999999997,5850,1135,0,
5851,49.408159197845805,2176618915383,1,6.1625000089406967,6.903,6.081792,2.1617,14563,0.001024,0.363776,,0.034816,0.16512,0,0.14592,0.021248,0.013824,,0.0038399999999999997,,2.6480639999999998,5851,1136,0,
5852,49.414182695578226,2176618984413,1,6.0234977863729,6.7123,6.055936,2.3275,14539,0.001024,0.33177599999999996,,0.034816,0.165632,0,0.14668799999999999,0.0076799999999999993,0.013056,,0.003584,,2.65088,5852,1137,0,
5853,49.420638399943307,2176619051536,1,6.4557045698165894,5.9441,6.007808,1.7975,14563,0.0012799999999999999,0.329984,,0.035072,0.165632,0,0.14668799999999999,0.00896,0.014079999999999999,,0.002304,,2.635264,5853,1138,0,
5854,49.427300496031741,2176619110977,1,6.6620958968997,6.2065,6.511872,2.6106,14539,0.001024,0.332544,,0.035072,0.168704,0,0.15001599999999998,0.003328,0.012799999999999999,,0.0025599999999999998,,2.613504,5854,1139,0,
5855,49.433523696145123,2176619173042,1,6.2231998890638351,6.2057,6.56256,1.9051,14563,0.001024,0.44134399999999996,,0.03456,0.165632,0,0.14668799999999999,0.022015999999999997,0.012799999999999999,,0.0025599999999999998,,2.666496,5855,1140,0,
5856,49.43981889880952,2176619235099,1,6.2952027656137943,6.0205,6.290688,2.1692,14539,0.0012799999999999999,0.36275199999999996,,0.035328,0.15692799999999998,0,0.137728,0.023039999999999998,0.013312,,0.002816,,2.662144,5856,1141,0,
5857,49.446347994614513,2176619295304,1,6.5290955826640129,7.0644,6.244352,2.0545,14563,0.001024,0.454912,,0.035328,0.166912,0.000256,0.148224,0.03712,0.014848,,0.003328,,2.667776,5857,1142,0,
5858,49.453515596655329,2176619365948,1,7.1676019579172134,6.0121,6.458368,1.8847,14758,0.001024,0.484608,,0.03456,0.163328,0,0.144128,0.038144,0.014336,,0.002304,,2.660352,5858,1143,0,
5859,49.459603996598638,2176619426069,1,6.0883997939527035,6.1553,7.147776,2.0416,14563,0.001024,0.45260799999999995,,0.03584,0.174336,0.000256,0.15488,0.021248,0.014336,,0.002048,,2.673152,5859,1144,0,
5860,49.465722696995464,2176619487622,1,6.1187003739178181,6.5629,6.067456,2.2655,14539,0.001024,0.3328,,0.034816,0.169728,0.000256,0.150784,0.011519999999999999,0.013312,,0.002304,,2.669056,5860,1145,0,
5861,49.472047597789114,2176619553251,1,6.3249007798731327,7.6279,6.10048,1.9531,14563,0.001024,0.329984,,0.03456,0.17024,0.000256,0.15129599999999999,0.007424,0.013056,,0.0038399999999999997,,2.670848,5861,1146,0,
5862,49.478083297902494,2176619629530,1,6.035699974745512,5.6473,6.295808,1.926,14539,0.001024,0.3328,,0.035072,0.16486399999999998,0,0.145664,0.0076799999999999993,0.013312,,0.003584,,2.658816,5862,1147,0,
5863,49.484619295634921,2176619686003,1,6.5359976142644882,6.2095,6.083328,2.0228,14563,0.0012799999999999999,0.361216,,0.034816,0.16947199999999998,0,0.15001599999999998,0.021759999999999998,0.014079999999999999,,0.003072,,2.665728,5863,1148,0,
5864,49.491743898809524,2176619748098,1,7.1246032603085041,6.376,6.44096,2.2281,14539,0.001024,0.36224,,0.035072,0.172288,0,0.153088,0.023552,0.014848,,0.003328,,2.670336,5864,1149,0,
5865,49.497965795068026,2176619811858,1,6.2218960374593735,5.823,7.121408,2.1701,21175,0.001024,0.453632,,0.303872,0.16716799999999998,0,0.147456,0.036864,0.013824,,0.004352,,2.959872,5865,1150,0,
5866,49.505180697278909,2176619870088,1,7.2149024344980717,6.7413,6.251776,2.1132,14539,0.001024,0.48384,,0.035072,0.15872,0.000256,0.140032,0.036864,0.013824,,0.0025599999999999998,,2.416384,5866,1151,0,
5867,49.5123505952381,2176619937501,1,7.1698981337249279,7.1254,7.133952,1.8427,14563,0.001024,0.36224,,0.041215999999999996,0.167936,0,0.147456,0.022015999999999997,0.012288,,0.003328,,2.80064,5867,1152,0,
5868,49.518668296485259,2176620008755,1,6.3177011907100677,6.338,7.149568,2.0308,14539,0.001024,0.33305599999999996,,0.035328,0.166912,0,0.14771199999999998,0.003328,0.014079999999999999,,0.003584,,3.1613439999999997,5868,1153,0,
5869,49.5254295989229,2176620072135,1,6.76130224019289,7.387,6.35392,2.0756,14563,0.001024,0.330752,,0.03456,0.165376,0,0.146944,0.007936,0.014336,,0.003328,,2.677248,5869,1154,0,
5870,49.532146400226758,2176620146005,1,6.7168013192713261,7.1169,6.67136,2.0478,14539,0.001024,0.332032,,0.034816,0.16512,0,0.146176,0.007424,0.012544,,0.003072,,2.6915839999999998,5870,1155,0,
5871,49.538794196428569,2176620217174,1,6.6477963700890541,6.1437,6.714368,2.1977,14563,0.001024,0.361728,,0.034816,0.16614399999999999,0,0.1472,0.020992,0.013056,,0.003328,,2.8131839999999997,5871,1156,0,
5872,49.545528096655325,2176620278611,1,6.7339004017412663,6.5701,6.61888,1.9631,14539,0.001024,0.363008,,0.035072,0.167424,0,0.14848,0.022528,0.013568,,0.0025599999999999998,,2.424064,5872,1157,0,
5873,49.553065199829931,2176620344312,1,7.53710325807333,6.7973,6.772736,2.0148,14615,0.001024,0.456192,,0.034816,0.490496,0,0.146432,0.039424,0.015872,,0.002816,,2.659328,5873,1158,0,
5874,49.559532397959181,2176620412285,1,6.467198021709919,7.0054,7.251456,2.2173,14539,0.001024,0.48614399999999997,,0.034816,0.168448,0,0.149504,0.036351999999999995,0.013824,,0.003328,,3.279104,5874,1159,0,
5875,49.56630209750567,2176620482339,1,6.7696995101869106,6.3027,6.444032,2.3799,14563,0.001024,0.361728,,0.034816,0.167936,0,0.14976,0.021504,0.014079999999999999,,0.004096,,2.647808,5875,1160,0,
5876,49.573710395408163,2176620545366,1,7.4082980863749981,7.5737,6.739968,2.0165,14539,0.001024,0.3328,,0.034816,0.16896,0,0.150272,0.007936,0.013568,,0.003072,,3.085056,5876,1161,0,
5877,49.580469196428567,2176620621103,1,6.75880117341876,6.8406,7.373824,1.9992,14563,0.001024,0.407808,,0.034816,0.16768,0,0.14848,0.003584,0.013824,,0.003328,,2.675712,5877,1162,0,
5878,49.587298497732426,2176620689509,1,6.8293013609945774,6.786,6.62912,2.1169,14539,0.001024,0.33100799999999997,,0.041984,0.168704,0,0.148736,0.0076799999999999993,0.013056,,0.0038399999999999997,,2.662912,5878,1163,0,
5879,49.5943968962585,2176620757369,1,7.0983986370265484,7.4003,6.994688,2.1295,14765,0.001024,0.363776,,0.03456,0.366848,0,0.347904,0.027903999999999998,0.014591999999999999,,0.002304,,2.64064,5879,1164,0,
5880,49.601244699546484,2176620831372,1,6.8478034809231758,6.7272,7.01568,2.1864,14539,0.0012799999999999999,0.364288,,0.041471999999999995,0.15692799999999998,0,0.137728,0.022784,0.012799999999999999,,0.003584,,3.093504,5880,1165,0,
5881,49.607711500850336,2176620898644,1,6.4668012782931328,6.552,6.81216,1.7379,14782,0.001024,0.453376,,0.034816,0.1664,0,0.147456,0.037376,0.015104,,0.004352,,2.6915839999999998,5881,1166,0,
5882,49.614972696995466,2176620964164,1,7.2611961513757706,7.2646,6.447872,1.9539,14539,0.001024,0.48512,,0.038144,0.159488,0,0.140544,0.037376,0.017152,,0.0025599999999999998,,2.421504,5882,1167,0,
5883,49.621369798752831,2176621036810,1,6.3971015624701977,6.6514,7.197184,2.4115,14563,0.001024,0.363776,,0.041728,0.16819199999999998,0,0.14848,0.022272,0.012799999999999999,,0.0025599999999999998,,2.704128,5883,1168,0,
5884,49.628143197278909,2176621103324,1,6.7733987234532833,6.5082,6.422016,1.9637,14539,0.001024,0.33305599999999996,,0.035072,0.17024,0,0.15129599999999999,0.0076799999999999993,0.013312,,0.0038399999999999997,,2.7904,5884,1169,0,
5885,49.634568494897955,2176621168406,1,6.4252978190779686,7.4968,6.826752,2.2339,14563,0.001024,0.33228799999999997,,0.040959999999999996,0.169984,0,0.15103999999999998,0.007936,0.012544,,0.003072,,2.692608,5885,1170,0,
5886,49.6417262967687,2176621243374,1,7.1578016504645348,6.3704,6.324224,2.0675,14539,0.001024,0.3328,,0.035328,0.165632,0,0.146432,0.007936,0.014848,,0.004096,,2.65984,5886,1171,0,
5887,49.64821939484127,2176621307078,1,6.4930981025099754,6.4644,7.13728,2.2106,14563,0.001024,0.363264,,0.034816,0.503296,0,0.14540799999999998,0.028416,0.019455999999999998,,0.003328,,2.95552,5887,1172,0,
5888,49.655155598072561,2176621371722,1,6.9362032227218151,7.0447,6.469376,2.1979,14539,0.001024,0.363008,,0.034816,0.166912,0,0.147968,0.022528,0.013312,,0.0025599999999999998,,2.7714559999999997,5888,1173,0,
5889,49.662447300170065,2176621442169,1,7.2917020879685879,6.7722,6.910464,2.093,14563,0.001024,0.455424,,0.034816,0.17024,0.000256,0.15103999999999998,0.037376,0.012799999999999999,,0.004352,,2.806272,5889,1174,0,
5890,49.669286600056687,2176621509891,1,6.8393000401556492,6.6709,7.340032,1.8087,14539,0.001024,0.484608,,0.25651199999999996,0.163072,0,0.144128,0.036351999999999995,0.017152,,0.002816,,3.1685119999999998,5890,1175,0,
5891,49.676151700680272,2176621576600,1,6.8651004694402218,6.7918,6.757632,1.8228,14563,0.0012799999999999999,0.363264,,0.034816,0.164608,0,0.145664,0.021759999999999998,0.013824,,0.003584,,2.643712,5891,1176,0,
5892,49.682214299886617,2176621644518,1,6.0625993646681309,7.1669,6.842368,2.1711,14539,0.001024,0.330752,,0.041728,0.169728,0,0.150272,0.007936,0.013824,,0.003328,,2.789376,5892,1177,0,
5893,49.689136096938775,2176621716187,1,6.9217970594763756,6.7928,6.037248,2.0477,14563,0.001024,0.332032,,0.035072,0.16896,0,0.14976,0.0076799999999999993,0.014591999999999999,,0.004096,,2.3935999999999997,5893,1178,0,
5894,49.695078897392285,2176621784115,1,5.942800547927618,7.1056,6.739968,1.8378,14741,0.001024,0.331264,,0.035072,0.165632,0.000256,0.14668799999999999,0.0076799999999999993,0.012288,,0.0025599999999999998,,2.8034559999999997,5894,1179,0,
5895,49.701361096938776,2176621855171,1,6.282199639827013,6.0073,6.072064,1.9378,14563,0.001024,0.361984,,0.034816,0.16512,0,0.1472,0.020735999999999997,0.014079999999999999,,0.003072,,2.412544,5895,1180,0,
5896,49.707657497165528,2176621915244,1,6.29640044644475,6.7654,6.270976,1.7394,14539,0.001024,0.36147199999999996,,0.037632,0.164096,0,0.145152,0.022015999999999997,0.013312,,0.004096,,2.408192,5896,1181,0,
5897,49.71387109552154,2176621982898,1,6.2135984189808369,6.1437,6.26944,1.9442,14563,0.001024,0.541696,,0.034816,0.16947199999999998,0,0.150784,0.03712,0.013824,,0.003072,,2.425344,5897,1182,0,
5898,49.720379095804986,2176622044335,1,6.5080001950263977,5.9221,6.17856,1.9176,14539,0.001024,0.483328,,0.035072,0.166912,0,0.14848,0.03584,0.014848,,0.002816,,2.414336,5898,1183,0,
5899,49.726945698696142,2176622103556,1,6.5666027367115021,6.3084,6.575616,2.3016,14563,0.001024,0.36147199999999996,,0.041471999999999995,0.171264,0,0.15231999999999998,0.021759999999999998,0.013312,,0.004096,,2.626048,5899,1184,0,
5900,49.733030300453514,2176622166640,1,6.0846018604934216,6.626,6.455552,2.0614,14539,0.001024,0.33177599999999996,,0.03456,0.169728,0,0.150272,0.0076799999999999993,0.013568,,0.003584,,2.6496,5900,1185,0,
5901,49.739274397675736,2176622232900,1,6.2440973706543446,6.201,6.08256,2.0238,14563,0.001024,0.331264,,0.034816,0.172032,0,0.152832,0.007424,0.013056,,0.002816,,2.6808319999999997,5901,1186,0,
5902,49.745485799319724,2176622294910,1,6.211401429027319,6.8158,6.2784,1.891,14539,0.001024,0.33228799999999997,,0.03456,0.16947199999999998,0,0.15103999999999998,0.0076799999999999993,0.014079999999999999,,0.0025599999999999998,,2.6752,5902,1187,0,
5903,49.752142800453512,2176622363068,1,6.6570010967552662,5.9172,6.121728,2.0277,14615,0.001024,0.363008,,0.035584,0.168704,0,0.15001599999999998,0.021504,0.013312,,0.0038399999999999997,,2.6511359999999997,5903,1188,0,
5904,49.758397895408159,2176622422240,1,6.2550948932766914,6.1468,6.646784,1.7352,14758,0.001024,0.361728,,0.035072,0.15795199999999998,0,0.13824,0.022528,0.013824,,0.003584,,2.682112,5904,1189,0,
5905,49.764648894557823,2176622483708,1,6.2509989365935326,6.1726,6.225152,1.8269,14563,0.0012799999999999999,0.45439999999999997,,0.035072,0.168448,0,0.149248,0.036608,0.015104,,0.003584,,2.653952,5905,1190,0,
5906,49.770992998866213,2176622545434,1,6.3441041857004166,6.5831,6.234112,2.1172,14539,0.001024,0.483328,,0.035328,0.155904,0,0.13696,0.036608,0.015359999999999999,,0.004352,,2.677248,5906,1191,0,
5907,49.777075595238095,2176622611265,1,6.0825962573289871,6.2892,6.313216,1.7732,14563,0.001024,0.363008,,0.035072,0.165376,0,0.146944,0.021504,0.013568,,0.0025599999999999998,,2.678016,5907,1192,0,
5908,49.783403698979591,2176622674157,1,6.3281035982072353,6.3624,6.0672,2.3653,14539,0.001024,0.33228799999999997,,0.035072,0.16512,0,0.146176,0.003584,0.013056,,0.003328,,2.650112,5908,1193,0,
5909,49.789797300170065,2176622737781,1,6.3936011865735054,6.3268,6.309376,2.1233,14563,0.001024,0.33177599999999996,,0.034816,0.168448,0,0.14976,0.003584,0.014079999999999999,,0.003328,,2.653696,5909,1194,0,
5910,49.795924496882087,2176622801049,1,6.1271968297660351,6.3362,6.33216,1.8476,14741,0.001024,0.332032,,0.03456,0.165632,0.000256,0.14668799999999999,0.007936,0.013056,,0.003072,,2.949632,5910,1195,0,
5911,49.802055895691609,2176622864411,1,6.1313989572227,6.1863,6.136064,2.061,14563,0.001024,0.361216,,0.035072,0.163328,0,0.144896,0.021248,0.014079999999999999,,0.0025599999999999998,,2.683904,5911,1196,0,
5912,49.808370393990927,2176622926274,1,6.3144983723759651,6.2833,6.106368,1.8181,14539,0.001024,0.365056,,0.034816,0.161792,0,0.142336,0.022784,0.013312,,0.0025599999999999998,,2.6498559999999998,5912,1197,0,
5913,49.814854095804989,2176622989107,1,6.48370198905468,6.1526,6.299136,1.8985,14563,0.001024,0.456192,,0.035072,0.16358399999999998,0,0.145152,0.03712,0.013824,,0.0038399999999999997,,2.763776,5913,1198,0,
5914,49.821166298185936,2176623050633,1,6.3122021965682507,5.9894,6.4704,2.4621,14539,0.001024,0.483072,,0.034816,0.156672,0,0.137984,0.039168,0.015104,,0.003072,,2.650624,5914,1199,0,
5915,49.827714299886622,2176623110527,1,6.5480018965899944,6.8374,6.277888,1.9092,14563,0.001024,0.36275199999999996,,0.034816,0.171264,0.000256,0.152576,0.021504,0.013568,,0.0038399999999999997,,2.612224,5915,1200,0,
5916,49.833748596938776,2176623178901,1,6.0342969372868538,6.4122,6.52288,2.2051,14539,0.001024,0.331264,,0.041728,0.16588799999999998,0.000256,0.14668799999999999,0.0076799999999999993,0.013568,,0.002816,,2.6746879999999997,5916,1201,0,
5917,49.839846400226754,2176623243023,1,6.097803357988596,5.9324,6.087168,1.8584,14563,0.001024,0.33177599999999996,,0.035072,0.172032,0,0.152832,0.008192,0.012799999999999999,,0.004352,,2.667008,5917,1202,0,
5918,49.846237996031746,2176623302347,1,6.391595583409071,6.7452,6.080768,2.0569,14539,0.001024,0.331264,,0.035328,0.17177599999999998,0.000256,0.153088,0.007936,0.013568,,0.004096,,2.661888,5918,1203,0,
5919,49.852966595804986,2176623369799,1,6.7285997793078423,5.7794,6.303488,1.9501,14563,0.001024,0.361984,,0.03456,0.167936,0,0.149248,0.020479999999999998,0.013568,,0.0025599999999999998,,2.644992,5919,1204,0,
5920,49.859184899376416,2176623427593,1,6.2183034606277943,6.3793,6.701056,1.8666,14539,0.001024,0.36403199999999997,,0.035072,0.169984,0,0.150784,0.021759999999999998,0.015359999999999999,,0.004096,,2.956544,5920,1205,0,
5921,49.865497796201815,2176623491386,1,6.3128969632089138,6.167,6.212096,1.8522,14563,0.001024,0.45593599999999995,,0.034816,0.166656,0,0.14848,0.038144,0.013824,,0.003584,,2.6577919999999997,5921,1206,0,
5922,49.871585494614507,2176623553056,1,6.087698508054018,6.633,6.264576,2.1071,14539,0.001024,0.48742399999999997,,0.034816,0.167424,0.000256,0.147968,0.036608,0.014079999999999999,,0.003072,,2.674432,5922,1207,0,
5923,49.877640398242626,2176623619386,1,6.0549038462340832,6.2463,6.076672,1.9278,14563,0.001024,0.364288,,0.035072,0.16383999999999999,0,0.14464,0.021504,0.013824,,0.003328,,2.653184,5923,1208,0,
5924,49.883933000283442,2176623681849,1,6.2926020473241806,6.7138,6.086144,1.8045,14539,0.0012799999999999999,0.330752,,0.034816,0.16588799999999998,0,0.146944,0.0076799999999999993,0.011776,,0.004096,,2.653696,5924,1209,0,
5925,49.891081200396826,2176623748987,1,7.1482001803815365,6.0664,6.299392,2.0884,14563,0.001024,0.33024,,0.03456,0.169984,0,0.15103999999999998,0.007936,0.015616,,0.0025599999999999998,,2.6662399999999997,5925,1210,0,
5926,49.897744798752832,2176623809651,1,6.6635985858738422,6.1853,7.129088,1.9921,14741,0.001024,0.332032,,0.03456,0.16512,0,0.146432,0.004352,0.012799999999999999,,0.0025599999999999998,,2.922752,5926,1211,0,
5927,49.904345096371877,2176623871504,1,6.6002975217998028,6.9098,6.595328,1.9244,14563,0.001024,0.361728,,0.035072,0.17024,0,0.15129599999999999,0.021248,0.014079999999999999,,0.002816,,2.6826239999999997,5927,1212,0,
5928,49.911648795351475,2176623940602,1,7.3036989197134972,6.082,6.567936,2.2309,14758,0.0012799999999999999,0.36352,,0.035072,0.167936,0.000256,0.148736,0.022784,0.012288,,0.004352,,2.6529279999999997,5928,1213,0,
5929,49.918703195861674,2176624001422,1,7.0544006302952766,7.6961,7.275776,1.9053,14563,0.001024,0.45516799999999996,,0.039168,0.164608,0.000256,0.144896,0.037888,0.014848,,0.002816,,2.854144,5929,1214,0,
5930,49.925956398809525,2176624078383,1,7.2532030753791332,6.2071,7.091968,2.0005,14539,0.001024,0.48409599999999997,,0.035328,0.168448,0,0.149504,0.036095999999999996,0.014079999999999999,,0.003072,,2.907904,5930,1215,0,
5931,49.932424794501131,2176624140454,1,6.4683957025408745,6.7153,7.16928,2.313,14563,0.001024,0.36096,,0.034816,0.1664,0,0.1472,0.021759999999999998,0.012288,,0.0038399999999999997,,2.757632,5931,1216,0,
5932,49.938679995748295,2176624207607,1,6.2552010640501976,7.5984,6.445568,2.1842,14539,0.001024,0.33433599999999997,,0.041728,0.167424,0.000256,0.14771199999999998,0.007936,0.013568,,0.0038399999999999997,,2.4171519999999997,5932,1217,0,
5933,49.944940199829929,2176624283591,1,6.260204128921032,6.764,6.300928,2.0432,14563,0.001024,0.33152,,0.034816,0.16896,0,0.14976,0.0076799999999999993,0.014336,,0.004352,,2.414336,5933,1218,0,
5934,49.951904896541947,2176624351231,1,6.9646965712308884,6.4572,6.241024,1.9701,14539,0.001024,0.332032,,0.037376,0.171008,0.000256,0.152064,0.003328,0.013824,,0.003072,,2.423552,5934,1219,0,
5935,49.9586718962585,2176624415803,1,6.7669996060431,6.401,6.935552,2.0428,14615,0.001024,0.36352,,0.043264,0.169216,0,0.14848,0.022784,0.014079999999999999,,0.003584,,2.889728,5935,1220,0,
5936,49.96607949971655,2176624479813,1,7.4076033197343349,6.1101,6.759936,2.183,14539,0.001024,0.44416,,0.040704,0.16025599999999998,0,0.141056,0.022528,0.011776,,0.004096,,2.6577919999999997,5936,1221,0,
5937,49.9730375,2176624540914,1,6.9580003619194031,6.9923,7.322624,2.3881,14563,0.0012799999999999999,0.453632,,0.035072,0.16486399999999998,0,0.14592,0.037888,0.012288,,0.004096,,3.142912,5937,1222,0,
5938,49.979530697278911,2176624610837,1,6.493197288364172,6.7309,6.932992,1.9,14539,0.001024,0.485376,,0.035072,0.167424,0,0.149248,0.036095999999999996,0.015104,,0.002816,,2.6698239999999998,5938,1223,0,
5939,49.986328500566891,2176624678146,1,6.7978031001985073,7.5198,6.528256,2.3449,14563,0.001024,0.36352,,0.034816,0.169984,0,0.15103999999999998,0.022015999999999997,0.014079999999999999,,0.0025599999999999998,,2.4184319999999997,5939,1224,0,
5940,49.992936798469387,2176624753344,1,6.608298048377037,6.963,6.713856,2.048,14741,0.001024,0.331264,,0.034816,0.16614399999999999,0,0.147456,0.007936,0.012032,,0.002816,,2.772992,5940,1225,0,
5941,49.999587996031742,2176624822974,1,6.65119756013155,6.4064,6.468608,1.8177,20973,0.001024,0.33228799999999997,,0.035072,0.1664,0,0.14771199999999998,0.0076799999999999993,0.014079999999999999,,0.002816,,2.8203519999999997,5941,1226,0,
5942,50.0064295989229,2176624887038,1,6.841602735221386,6.6636,6.802944,2.0123,14539,0.001024,0.332544,,0.034816,0.353024,0,0.333824,0.004352,0.012032,,0.004096,,2.800128,5942,1227,0,
5943,50.013549298469385,2176624953674,1,7.1196993812918663,6.8495,6.834944,1.8242,14563,0.001024,0.36224,,0.041471999999999995,0.169728,0,0.150528,0.022015999999999997,0.015359999999999999,,0.003072,,2.8034559999999997,5943,1228,0,
5944,50.020108297902489,2176625022169,1,6.5589994192123413,6.606,7.043072,2.069,14539,0.0038399999999999997,0.374784,,0.034816,0.165376,0,0.146944,0.022272,0.012544,,0.0038399999999999997,,2.7315199999999997,5944,1229,0,
5945,50.0271799957483,2176625088229,1,7.0716976188123226,6.755,6.592256,1.8928,14563,0.001024,0.452864,,0.034816,0.1664,0,0.146944,0.037376,0.016384,,0.0038399999999999997,,2.794496,5945,1230,0,
5946,50.033824000850338,2176625155779,1,6.6440049558877945,7.2921,7.054592,1.8948,14539,0.001024,0.48512,,0.034816,0.17177599999999998,0,0.153088,0.037632,0.014591999999999999,,0.003584,,2.792704,5946,1231,0,
5947,50.04108759920635,2176625228700,1,7.2635984979569912,6.2991,6.617344,1.9179,14563,0.001024,0.361984,,0.034816,0.17024,0,0.15129599999999999,0.020992,0.013824,,0.004352,,2.660352,5947,1232,0,
5948,50.04812410005669,2176625291691,1,7.0365010760724545,7.1524,7.163648,2.1425,14539,0.001024,0.3328,,0.034816,0.168448,0,0.14976,0.008192,0.015104,,0.003584,,2.9888,5948,1233,0,
5949,50.054874695294785,2176625363215,1,6.7505952902138233,7.64,7.024384,2.0157,14563,0.001024,0.33177599999999996,,0.29798399999999997,0.183552,0.000256,0.158464,0.0076799999999999993,0.015872,,0.0025599999999999998,,3.0090239999999997,5949,1234,0,
5950,50.0614875,2176625439615,1,6.6128047183156013,6.1658,6.788864,1.9779,14758,0.001024,0.3328,,0.035072,0.16383999999999999,0,0.14540799999999998,0.0076799999999999993,0.012799999999999999,,0.0025599999999999998,,3.1600639999999998,5950,1235,0,
5951,50.068553096655329,2176625501273,1,7.0655965246260166,7.3054,6.601984,2.3324,14563,0.001024,0.36275199999999996,,0.035328,0.171264,0,0.15231999999999998,0.022272,0.014591999999999999,,0.004352,,2.9703679999999997,5951,1236,0,
5952,50.076020996315194,2176625574327,1,7.4678994715213776,6.9136,7.039232,2.0096,14539,0.001024,0.361984,,0.035072,0.68966399999999994,0,0.171264,0.023808,0.015104,,0.0025599999999999998,,2.412544,5952,1237,0,
5953,50.08225199829932,2176625643463,1,6.2310020439326763,6.2982,7.393792,1.8997,14563,0.001024,0.454656,,0.040959999999999996,0.44339199999999995,0,0.150528,0.044288,0.020735999999999997,,0.003328,,2.7617279999999997,5953,1238,0,
5954,50.089304294217683,2176625706445,1,7.0522958412766457,7.0924,6.197248,1.8959,14539,0.001024,0.48358399999999996,,0.035072,0.169216,0,0.15001599999999998,0.036864,0.016128,,0.0038399999999999997,,2.39744,5954,1239,0,
5955,50.095977097505667,2176625777369,1,6.6728033125400543,7.7291,7.105024,1.8376,14765,0.001024,0.36224,,0.035072,0.4864,0,0.15129599999999999,0.027648,0.022015999999999997,,0.003072,,2.79936,5955,1240,0,
5956,50.102605399659865,2176625854660,1,6.6283019259572029,5.9595,6.658048,1.9068,14539,0.001024,0.332032,,0.038144,0.169984,0,0.149248,0.007936,0.012032,,0.002816,,2.658048,5956,1241,0,
5957,50.108925496031745,2176625914255,1,6.3200965523719788,6.9567,6.601728,1.9,14563,0.001024,0.3328,,0.035072,0.16716799999999998,0,0.148736,0.0076799999999999993,0.013056,,0.002816,,2.83648,5957,1242,0,
5958,50.115901395975058,2176625983822,1,6.9758999161422253,6.7185,6.290432,2.4339,14539,0.001024,0.332032,,0.035072,0.169984,0,0.15103999999999998,0.0076799999999999993,0.014591999999999999,,0.002816,,2.6649599999999998,5958,1243,0,
5959,50.122264299886616,2176626051007,1,6.3629038631916046,7.0531,6.952704,2.0433,14563,0.001024,0.36352,,0.034816,0.16588799999999998,0,0.14668799999999999,0.021248,0.013312,,0.003328,,3.21536,5959,1244,0,
5960,50.129102699829929,2176626121538,1,6.8383999168872833,6.1307,6.337024,2.0347,14539,0.001024,0.36352,,0.034816,0.16358399999999998,0,0.14464,0.022272,0.014336,,0.002816,,2.6631679999999998,5960,1245,0,
5961,50.135984899376417,2176626182845,1,6.882199551910162,6.6712,6.817024,1.8938,14563,0.001024,0.45516799999999996,,0.034816,0.51481599999999994,0,0.495872,0.036864,0.012799999999999999,,0.0025599999999999998,,2.936832,5961,1246,0,
5962,50.142612797619044,2176626249557,1,6.6278981976211071,6.555,6.859264,1.8883,14539,0.001024,0.48358399999999996,,0.034816,0.17152,0.000256,0.152576,0.036351999999999995,0.013824,,0.004096,,2.6867199999999998,5962,1247,0,
5963,50.149164498299321,2176626315107,1,6.55170064419508,6.6411,6.60992,1.9802,14563,0.001024,0.360448,,0.035072,0.171008,0,0.152064,0.021504,0.015872,,0.0038399999999999997,,2.782208,5963,1248,0,
5964,50.155763399943311,2176626381518,1,6.5989014692604542,7.2651,6.500352,1.859,14539,0.001024,0.33177599999999996,,0.035584,0.1664,0,0.1472,0.007936,0.013824,,0.003072,,2.7745279999999997,5964,1249,0,
5965,50.162826197562353,2176626454169,1,7.06279743462801,6.2245,6.555648,2.0752,14615,0.001024,0.32972799999999997,,0.041471999999999995,0.16896,0,0.149504,0.007936,0.013824,,0.0038399999999999997,,2.9237759999999997,5965,1250,0,
5966,50.170163095238095,2176626516414,1,7.3368977755308151,6.9561,7.1168,2.1988,14539,0.001024,0.41164799999999996,,0.035584,0.17024,0,0.15129599999999999,0.0076799999999999993,0.014336,,0.002816,,3.0463999999999998,5966,1251,0,
5967,50.17700689484127,2176626585975,1,6.8437997251749039,6.7429,7.3152,2.1946,14563,0.0012799999999999999,0.362496,,0.035072,0.16255999999999998,0,0.143872,0.025088,0.012288,,0.004096,,2.875648,5967,1252,0,
5968,50.184010898526076,2176626653404,1,7.0040035061538219,6.8762,6.76224,2.7606,14539,0.001024,0.36275199999999996,,0.034816,0.15616,0,0.136704,0.022272,0.013824,,0.003328,,2.916608,5968,1253,0,
5969,50.191341794217685,2176626722166,1,7.3308958671987057,7.5765,6.964992,2.2214,14563,0.001024,0.455424,,0.034816,0.513536,0,0.150528,0.038911999999999995,0.017664,,0.004096,,2.645504,5969,1254,0,
5970,50.197987698412696,2176626797931,1,6.6459043882787228,6.7022,7.31008,2.1494,14741,0.38783999999999996,0.488448,,0.034816,0.15744,0,0.13747199999999998,0.035584,0.013568,,0.004096,,2.908928,5970,1255,0,
5971,50.204568296485256,2176626864953,1,6.5805981867015362,6.5956,6.697728,1.8515,14563,0.001024,0.36224,,0.034816,0.164608,0,0.14592,0.022015999999999997,0.013312,,0.003584,,3.235328,5971,1256,0,
5972,50.210901899092967,2176626930909,1,6.3336025923490524,7.5539,6.5024,1.8602,14539,0.001024,0.332544,,0.035328,0.168704,0.000256,0.14976,0.0076799999999999993,0.013824,,0.004352,,2.7310079999999997,5972,1257,0,
5973,50.217688399943306,2176627006448,1,6.7865010350942612,6.406,6.367744,2.0192,14782,0.001024,0.413952,,0.03456,0.164608,0,0.145152,0.0076799999999999993,0.012544,,0.003072,,2.647296,5973,1258,0,
5974,50.224793494897959,2176627070508,1,7.1050948463380337,6.8465,6.740736,2.1778,14539,0.001024,0.331264,,0.034816,0.16819199999999998,0,0.149248,0.007936,0.014079999999999999,,0.004096,,2.641664,5974,1259,0,
5975,50.231356200396824,2176627138973,1,6.5627056173980236,6.2233,7.0208,1.9096,14563,0.001024,0.36275199999999996,,0.035328,0.16768,0,0.148224,0.020992,0.015359999999999999,,0.003328,,2.977792,5975,1260,0,
5976,50.2380625,2176627201206,1,6.7062997259199619,6.6849,6.572288,1.8027,14539,0.001024,0.447744,,0.034816,0.35072,0,0.33100799999999997,0.023039999999999998,0.012032,,0.003584,,2.683392,5976,1261,0,
5977,50.244962400793646,2176627268055,1,6.8999007344245911,7.2675,6.75328,1.8021,14563,0.001024,0.45439999999999997,,0.035072,0.164608,0,0.14592,0.037888,0.015359999999999999,,0.0025599999999999998,,2.7550719999999997,5977,1262,0,
5978,50.251294699546484,2176627340730,1,6.3322987407445908,6.316,6.87104,1.8848,14539,0.001024,0.484352,,0.036608,0.16127999999999998,0,0.142336,0.03712,0.015616,,0.0025599999999999998,,2.414592,5978,1263,0,
5979,50.258312294501131,2176627403890,1,7.0175947621464729,6.7321,6.31168,1.9168,14563,0.001024,0.36275199999999996,,0.041215999999999996,0.168704,0,0.15001599999999998,0.021248,0.014079999999999999,,0.0025599999999999998,,2.415616,5979,1264,0,
5980,50.265090894274373,2176627471211,1,6.7785996943712234,6.8054,6.994432,1.9819,14539,0.001024,0.3328,,0.041471999999999995,0.171008,0,0.152064,0.0076799999999999993,0.012799999999999999,,0.004352,,3.091968,5980,1265,0,
5981,50.271463194444443,2176627539265,1,6.3722999766469,6.378,6.698496,1.9479,14563,0.001024,0.333568,,0.041471999999999995,0.171008,0,0.15129599999999999,0.004608,0.014591999999999999,,0.002304,,2.8748799999999997,5981,1266,0,
5982,50.278042396541949,2176627603045,1,6.5792021341621876,7.1277,6.407424,1.9477,14539,0.0012799999999999999,0.33177599999999996,,0.034816,0.164352,0,0.146176,0.0076799999999999993,0.012544,,0.003584,,2.7635199999999998,5982,1267,0,
5983,50.284784495464848,2176627674322,1,6.7420988343656063,7.1815,6.573568,1.9915,14563,0.001024,0.363008,,0.040192,0.16896,0,0.15001599999999998,0.025088,0.013056,,0.003328,,2.7327999999999997,5983,1268,0,
5984,50.29172279620181,2176627746137,1,6.9383005611598492,6.0095,6.635008,1.9179,14539,0.001024,0.363776,,0.041728,0.16153599999999999,0,0.14207999999999998,0.023295999999999997,0.013568,,0.003328,,2.689024,5984,1269,0,
5985,50.298737400793648,2176627806232,1,7.01460475102067,6.9875,6.989056,2.0902,14765,0.001024,0.453632,,0.041471999999999995,0.16486399999999998,0,0.145664,0.037888,0.014336,,0.003072,,3.112704,5985,1270,0,
5986,50.305034899376416,2176627876107,1,6.2974984757602215,6.3403,6.935552,2.1543,14539,0.001024,0.48563199999999995,,0.035328,0.17177599999999998,0,0.153088,0.036095999999999996,0.013824,,0.002816,,2.983168,5986,1271,0,
5987,50.311680194161,2176627939510,1,6.6452948376536369,6.8434,6.307328,2.0587,14563,0.0012799999999999999,0.361984,,0.035584,0.16896,0.000256,0.150272,0.020735999999999997,0.014079999999999999,,0.002816,,2.6462719999999997,5987,1272,0,
5988,50.318246797052154,2176628007944,1,6.5666027367115021,7.3258,6.563072,2.3839,14539,0.001024,0.3328,,0.034816,0.169984,0,0.150784,0.008192,0.013824,,0.0025599999999999998,,2.9708799999999997,5988,1273,0,
5989,50.324995294784578,2176628081202,1,6.7484979517757893,6.3568,6.625792,1.9667,49705,0.001024,0.332544,,0.041471999999999995,0.16819199999999998,0.000256,0.149248,0.0076799999999999993,0.013056,,0.002816,,2.667776,5989,1274,0,
5990,50.331529698129252,2176628144770,1,6.5344031900167465,6.4136,6.654976,2.2164,44687,0.001536,0.33228799999999997,,0.041471999999999995,0.17049599999999998,0,0.150528,0.007936,0.012032,,0.003328,,2.414592,5990,1275,0,
5991,50.338461996882081,2176628208906,1,6.93229865282774,6.4864,6.522368,1.8424,14563,0.0012799999999999999,0.361728,,0.041984,0.16512,0,0.146176,0.021248,0.014848,,0.003584,,2.6529279999999997,5991,1276,0,
5992,50.345308496315191,2176628273770,1,6.8464996293187141,6.8721,6.917632,2.0072,14539,0.001024,0.363264,,0.035072,0.16716799999999998,0,0.148224,0.022015999999999997,0.013824,,0.003584,,3.0090239999999997,5992,1277,0,
5993,50.352249496882081,2176628342491,1,6.9410004653036594,6.4386,6.814208,1.9038,14563,0.001024,0.45439999999999997,,0.03456,0.172544,0,0.153856,0.036351999999999995,0.014591999999999999,,0.004096,,2.765056,5993,1278,0,
5994,50.358845294784579,2176628406877,1,6.5957978367805481,7.4798,6.992128,1.852,14539,0.001024,0.484352,,0.041215999999999996,0.16127999999999998,0,0.142592,0.036864,0.017408,,0.0038399999999999997,,2.7829759999999997,5994,1279,0,
5995,50.36512799744898,2176628481675,1,6.2827025540173054,6.1508,6.498304,1.9609,14615,0.001024,0.36403199999999997,,0.035072,0.168704,0.000256,0.149504,0.021504,0.013312,,0.0025599999999999998,,2.631936,5995,1280,0,
5996,50.371465100623581,2176628543183,1,6.3371029682457447,7.1241,6.334208,2.1592,32329,0.001024,0.333568,,0.034816,0.164608,0,0.145664,0.0076799999999999993,0.013056,,0.0025599999999999998,,2.7816959999999997,5996,1281,0,
5997,50.378541000566891,2176628614424,1,7.0758997462689877,6.5992,6.241024,2.106,28948,0.0012799999999999999,0.32972799999999997,,0.034816,0.166912,0,0.147968,0.007936,0.012799999999999999,,0.0025599999999999998,,2.6498559999999998,5997,1282,0,
5998,50.385235600907031,2176628680416,1,6.6946004517376423,6.1277,7.128576,2.3472,67252,0.001024,0.333312,,0.040704,0.590336,0,0.151808,0.0097279999999999988,0.015616,,0.003328,,2.740224,5998,1283,0,
5999,50.392104195011335,2176628741693,1,6.8685943260788918,6.7443,6.659072,1.8796,60742,0.001024,0.36275199999999996,,0.034816,0.165632,0,0.146176,0.022784,0.013568,,0.002816,,2.89792,5999,1284,0,
6000,50.39867580073696,2176628809136,1,6.5716058015823364,6.6798,6.787072,2.3183,14539,0.001024,0.362496,,0.034816,0.16896,0,0.150528,0.022015999999999997,0.014336,,0.0038399999999999997,,3.292928,6000,1285,0,
6001,50.405472994614513,2176628875934,1,6.7971940152347088,6.8253,6.625024,2.1734,14563,0.001024,0.45644799999999996,,0.034816,0.16358399999999998,0.000256,0.14464,0.037376,0.013056,,0.002816,,2.757376,6001,1286,0,
6002,50.412352494331067,2176628944187,1,6.8794996477663517,7.0615,6.769152,2.144,14539,0.001024,0.484608,,0.035584,0.172032,0,0.15334399999999998,0.035072,0.013568,,0.19788799999999998,,2.7586559999999998,6002,1287,0,
6003,50.419389200680271,2176629014802,1,7.0367064327001572,6.3861,6.855936,2.047,14563,0.001024,0.450816,,0.039936,0.17152,0,0.151808,0.022015999999999997,0.01664,,0.001792,,2.665728,6003,1288,0,
6004,50.426032794784575,2176629078663,1,6.6435942426323891,6.8374,6.952704,1.971,14539,0.001024,0.33433599999999997,,0.036608,0.16358399999999998,0,0.14464,0.0076799999999999993,0.012032,,0.0025599999999999998,,3.101952,6004,1289,0,
6005,50.432561096938777,2176629147037,1,6.5283020958304405,6.8057,6.690048,2.0918,14563,0.0012799999999999999,0.33152,,0.035072,0.164608,0,0.14592,0.011776,0.014079999999999999,,0.003584,,2.752512,6005,1290,0,
6006,50.4391547973356,2176629215094,1,6.593700498342514,7.0484,6.445568,1.8295,14539,0.001024,0.330752,,0.035328,0.17177599999999998,0,0.152832,0.0076799999999999993,0.013312,,0.0025599999999999998,,2.660352,6006,1291,0,
6007,50.446081894841271,2176629285578,1,6.9270976819098,6.4976,6.638848,1.8098,14563,0.001024,0.36147199999999996,,0.041471999999999995,0.16947199999999998,0,0.150272,0.022015999999999997,0.013312,,0.0038399999999999997,,2.764032,6007,1292,0,
6008,50.4526089994331,2176629350554,1,6.527104414999485,6.8819,6.43584,2.025,14539,0.001024,0.363264,,0.038144,0.161024,0,0.142336,0.023295999999999997,0.013568,,0.002304,,2.7745279999999997,6008,1293,0,
6009,50.4591970946712,2176629419373,1,6.5880953334271908,6.4091,6.48064,2.0072,14563,0.0012799999999999999,0.452864,,0.034816,0.16614399999999999,0,0.147456,0.038144,0.013824,,0.002816,,2.633728,6009,1294,0,
6010,50.466077699829931,2176629483464,1,6.88060512766242,6.8634,6.634496,2.5814,14539,0.001024,0.57164799999999993,,0.034816,0.162048,0,0.142848,0.035328,0.014591999999999999,,0.002816,,2.6688,6010,1295,0,
6011,50.472591198979593,2176629552098,1,6.5134991891682148,6.4757,6.778624,2.1193,14563,0.001024,0.44979199999999997,,0.035072,0.168704,0,0.149248,0.021248,0.013568,,0.003584,,3.02208,6011,1296,0,
6012,50.479117694161,2176629616855,1,6.5264953300356865,6.7838,6.588416,1.998,14539,0.001024,0.332544,,0.034816,0.169728,0,0.150784,0.008192,0.013312,,0.0038399999999999997,,2.656768,6012,1297,0,
6013,50.4859919005102,2176629684693,1,6.8742064759135246,7.1929,6.5088,1.9305,14563,0.001024,0.330496,,0.035328,0.16896,0,0.15001599999999998,0.0076799999999999993,0.014848,,0.002304,,2.6595839999999997,6013,1298,0,
6014,50.492448596938772,2176629756622,1,6.4566964283585548,6.0064,6.778112,2.0369,14741,0.0012799999999999999,0.332544,,0.040704,0.17049599999999998,0,0.15129599999999999,0.0076799999999999993,0.012032,,0.003072,,2.651392,6014,1299,0,
6015,50.4989875,2176629816686,1,6.5389028750360012,6.6288,6.427904,1.9999,20973,0.001024,0.362496,,0.035328,0.165376,0,0.146432,0.022015999999999997,0.014079999999999999,,0.0025599999999999998,,2.7261439999999997,6015,1300,0,
6016,50.506116999716554,2176629882974,1,7.129499688744545,7.2303,6.595072,2.2796,14539,0.001024,0.36147199999999996,,0.034816,0.164352,0,0.14540799999999998,0.022272,0.014848,,0.0025599999999999998,,2.723328,6016,1301,0,
6017,50.513820393990926,2176629955277,1,7.7033941633999348,7.1357,6.897152,2.0294,14563,0.001024,0.454912,,0.041215999999999996,0.165632,0.000256,0.146432,0.03712,0.014848,,0.0038399999999999997,,2.7514879999999997,6017,1302,0,
6018,50.52034519557823,2176630026634,1,6.5248017199337482,5.5668,7.614464,2.0005,14539,0.001024,0.485888,,0.035584,0.16383999999999999,0,0.145152,0.035584,0.014848,,0.003072,,3.103488,6018,1303,0,
6019,50.526559899376416,2176630082302,1,6.2147038988769054,7.1688,6.495488,2.2152,14782,0.001024,0.36275199999999996,,0.035072,0.165376,0,0.146176,0.020735999999999997,0.015359999999999999,,0.003328,,2.841856,6019,1304,0,
6020,50.5326295989229,2176630153990,1,6.0696997679769993,7.4805,6.268416,2.4445,14539,0.001024,0.333568,,0.034816,0.168704,0.000256,0.149504,0.0076799999999999993,0.013056,,0.002816,,2.6214399999999998,6020,1305,0,
6021,50.53889599631519,2176630228795,1,6.2663974240422249,6.8597,6.036224,1.9769,14563,0.001024,0.33228799999999997,,0.034816,0.17024,0.000256,0.150784,0.0038399999999999997,0.012032,,0.0038399999999999997,,2.4069119999999997,6021,1306,0,
6022,50.545830399659863,2176630297392,1,6.9344034418463707,5.943,6.249728,2.126,14539,0.001024,0.33100799999999997,,0.034816,0.167424,0.000256,0.147968,0.0076799999999999993,0.013824,,0.0038399999999999997,,2.4273919999999998,6022,1307,0,
6023,50.552699695294784,2176630356822,1,6.8692956119775772,6.0206,6.82624,2.4513,14563,0.0012799999999999999,0.363008,,0.040704,0.171008,0.000256,0.151552,0.021759999999999998,0.015359999999999999,,0.0025599999999999998,,2.916608,6023,1308,0,
6024,50.559998398526076,2176630417028,1,7.29870330542326,7.0371,6.85824,2.2589,14539,0.001024,0.45260799999999995,,0.04224,0.16614399999999999,0,0.146432,0.023295999999999997,0.013312,,0.0025599999999999998,,2.7394559999999997,6024,1309,0,
6025,50.566962797619048,2176630487399,1,6.9643990136682987,6.479,7.289856,2.4994,14615,0.001024,0.45568,,0.041215999999999996,0.48512,0,0.149248,0.043008,0.015872,,0.002816,,2.6777599999999997,6025,1310,0,
6026,50.573576799886617,2176630552189,1,6.6140023991465569,6.7057,6.776832,2.1807,14539,0.001024,0.59750399999999992,,0.03584,0.17612799999999998,0,0.15744,0.039424,0.014848,,0.002304,,2.789888,6026,1311,0,
6027,50.57976339994331,2176630619246,1,6.1865998432040215,7.6103,6.756352,1.953,14563,0.001024,0.36275199999999996,,0.034816,0.169216,0,0.150528,0.287744,0.015104,,0.004096,,2.7617279999999997,6027,1312,0,
6028,50.586339895124716,2176630695349,1,6.5764952450990677,7.1865,6.158848,2.3066,14539,0.001024,0.33305599999999996,,0.035072,0.16512,0,0.14592,0.011776,0.014591999999999999,,0.002304,,2.394624,6028,1313,0,
6029,50.593136196145124,2176630767214,1,6.7963008768856525,6.2074,6.625792,1.9581,14765,0.0012799999999999999,0.331264,,0.034816,0.16486399999999998,0,0.145664,0.008704,0.011776,,0.002816,,2.72256,6029,1314,0,
6030,50.599418197278908,2176630829288,1,6.28200126811862,6.1096,6.755328,2.0705,14539,0.001024,0.332544,,0.035328,0.166912,0.000256,0.14771199999999998,0.003584,0.014591999999999999,,0.003584,,2.762752,6030,1315,0,
6031,50.606135600907031,2176630890384,1,6.717403419315815,6.8319,6.266368,2.1981,14563,0.001024,0.360448,,0.041728,0.166912,0,0.147968,0.021759999999999998,0.012544,,0.002304,,2.6368,6031,1316,0,
6032,50.612948795351471,2176630958703,1,6.81319460272789,6.4946,6.502144,2.1701,14539,0.0012799999999999999,0.362496,,0.036351999999999995,0.16512,0,0.146176,0.023552,0.014848,,0.002816,,2.7550719999999997,6032,1317,0,
6033,50.619619600340137,2176631023649,1,6.6708051599562168,6.6208,6.7136,1.8345,14563,0.0012799999999999999,0.55168,,0.034816,0.1664,0.000256,0.147456,0.037376,0.012032,,0.0038399999999999997,,2.416384,6033,1318,0,
6034,50.626258099489796,2176631089857,1,6.6384989768266678,6.2466,6.662912,2.3604,14539,0.001024,0.484608,,0.034816,0.160512,0,0.141824,0.036608,0.014591999999999999,,0.0025599999999999998,,2.710784,6034,1319,0,
6035,50.633203996598638,2176631152323,1,6.9458968937397,6.9234,6.66752,2.1472,14563,0.0012799999999999999,0.364544,,0.034816,0.167936,0,0.148736,0.021504,0.013568,,0.0038399999999999997,,2.9854719999999997,6035,1320,0,
6036,50.639607100340136,2176631221557,1,6.4031039364635944,6.5709,6.747648,1.9928,27989,0.001024,0.33408,,0.034816,0.169216,0,0.150272,0.007936,0.013056,,0.003328,,3.1147519999999997,6036,1321,0,
6037,50.646197597789111,2176631287266,1,6.5904976800084114,6.5947,6.381056,1.8087,14563,0.001024,0.33228799999999997,,0.035072,0.171264,0,0.152576,0.007936,0.014336,,0.004096,,2.971648,6037,1322,0,
6038,50.65319280045351,2176631353213,1,6.9952025078237057,7.0622,6.522624,2.0537,14539,0.001024,0.36352,,0.034816,0.164608,0.000256,0.145664,0.020735999999999997,0.013824,,0.002304,,2.9055999999999997,6038,1323,0,
6039,50.659539399092971,2176631423835,1,6.3465987332165241,6.3525,6.94528,2.1771,14563,0.001024,0.36352,,0.034816,0.164608,0.000256,0.145664,0.020735999999999997,0.013824,,0.002304,,2.9055999999999997,6039,1324,0,
6040,50.665927494331065,2176631487360,1,6.3880952075123787,6.669,6.287104,1.784,14539,0.001024,0.361728,,0.035328,0.16819199999999998,0,0.149504,0.022015999999999997,0.013568,,0.004096,,2.633984,6040,1325,0,
6041,50.67283229875283,2176631554050,1,6.9048046134412289,7.5158,6.38976,1.9293,20492,0.001024,0.45388799999999996,,0.03456,0.168448,0,0.14899199999999999,0.036608,0.014336,,0.0025599999999999998,,2.615808,6041,1326,0,
6042,50.679461500850337,2176631629208,1,6.6292020492255688,6.2064,6.958592,1.8998,14758,0.001024,0.483072,,0.040959999999999996,0.159744,0,0.14079999999999998,0.036095999999999996,0.014848,,0.004096,,2.66112,6042,1327,0,
6043,50.686178996598635,2176631691272,1,6.7174956202507019,6.497,6.608128,1.9626,14563,0.001024,0.36096,,0.03968,0.16768,0,0.147968,0.021759999999999998,0.012799999999999999,,0.003584,,2.6680319999999997,6043,1328,0,
6044,50.6927875,2176631756242,1,6.60850340500474,6.6042,6.643456,1.9338,35569,0.001024,0.333312,,0.034816,0.17177599999999998,0,0.152576,0.007424,0.012799999999999999,,0.004096,,2.726912,6044,1329,0,
6045,50.699056299603171,2176631822284,1,6.2687997706234455,6.5129,6.566144,1.9446,14563,0.0012799999999999999,0.33152,,0.035584,0.167936,0,0.149248,0.007936,0.015359999999999999,,0.0025599999999999998,,2.768128,6045,1330,0,
6046,50.705595698696143,2176631887413,1,6.5393992699682713,6.6985,6.252032,1.9899,14539,0.001024,0.33228799999999997,,0.035072,0.169216,0,0.150272,0.007936,0.014336,,0.0038399999999999997,,2.65984,6046,1331,0,
6047,50.712165497448979,2176631954398,1,6.5697985701262951,7.1263,6.587904,1.942,14563,0.001024,0.36275199999999996,,0.034816,0.168704,0.000256,0.150272,0.021759999999999998,0.012799999999999999,,0.004352,,2.753536,6047,1332,0,
6048,50.71918239795918,2176632025661,1,7.0169004611670971,6.2536,6.541312,2.0385,14539,0.001024,0.36403199999999997,,0.036608,0.168704,0,0.149504,0.023039999999999998,0.014591999999999999,,0.0025599999999999998,,2.6431999999999998,6048,1333,0,
6049,50.725894097222223,2176632088197,1,6.7116990685462952,6.5748,6.94272,1.8513,14563,0.001024,0.454144,,0.035072,0.16383999999999999,0.000256,0.144896,0.036608,0.014591999999999999,,0.003072,,2.611968,6049,1334,0,
6050,50.732251799886619,2176632153945,1,6.3577028922736645,5.9134,6.74816,2.2382,14539,0.001024,0.48230399999999995,,0.035072,0.16716799999999998,0,0.148736,0.036351999999999995,0.015104,,0.0025599999999999998,,2.7345919999999997,6050,1335,0,
6051,50.73911330073696,2176632213079,1,6.861500907689333,6.9699,6.269952,1.8908,14563,0.001024,0.36275199999999996,,0.034816,0.16614399999999999,0.000256,0.14668799999999999,0.021504,0.012544,,0.003328,,2.4232959999999997,6051,1336,0,
6052,50.745949000850338,2176632282778,1,6.8357000127434731,6.7598,6.891776,2.2063,14539,0.001024,0.416,,0.03584,0.35276799999999997,0,0.15231999999999998,0.012799999999999999,0.016895999999999998,,0.002304,,2.761984,6052,1337,0,
6053,50.752271499433107,2176632350376,1,6.3224984332919121,6.3482,6.765568,2.2844,14563,0.001024,0.332032,,0.479744,0.17407999999999998,0,0.148736,0.007936,0.012032,,0.003072,,2.656768,6053,1338,0,
6054,50.759232893990927,2176632413858,1,6.9613945670425892,7.147,6.362624,1.7877,14539,0.001024,0.33228799999999997,,0.035328,0.16512,0.000256,0.14540799999999998,0.007936,0.012544,,0.003584,,2.646528,6054,1339,0,
6055,50.765717899659862,2176632485328,1,6.4850058406591415,6.4289,6.86848,1.9908,14563,0.001024,0.363264,,0.035072,0.16768,0,0.148736,0.021248,0.013824,,0.0038399999999999997,,3.003136,6055,1340,0,
6056,50.772437996031741,2176632549617,1,6.7200963385403156,6.3777,6.457856,1.9128,14591,0.001024,0.36096,,0.035072,0.169216,0.000256,0.14976,0.026879999999999998,0.014336,,0.003072,,2.771712,6056,1341,0,
6057,50.779375297619048,2176632613394,1,6.9373017176985741,6.9966,6.702848,1.8552,14563,0.001024,0.45439999999999997,,0.040448,0.16486399999999998,0.000256,0.145664,0.037632,0.013056,,0.003584,,2.9570559999999997,6057,1342,0,
6058,50.786165100623577,2176632683360,1,6.78980303928256,6.5497,6.918912,2.1029,14539,0.001024,0.484608,,0.041728,0.16768,0,0.148736,0.036608,0.014336,,0.003584,,2.653696,6058,1343,0,
6059,50.79226939484127,2176632748857,1,6.1042942106723785,6.6068,6.788864,2.0405,14765,0.001024,0.362496,,0.034816,0.16819199999999998,0,0.149248,0.021248,0.012799999999999999,,0.002816,,2.787328,6059,1344,0,
6060,50.798806597222217,2176632814925,1,6.5372022800147533,7.16,6.06336,1.9804,14539,0.001024,0.33024,,0.035328,0.171264,0,0.153088,0.007936,0.014336,,0.003328,,2.415104,6060,1345,0,
6061,50.805490398242625,2176632886525,1,6.6838008351624012,6.7334,6.587136,1.9626,14563,0.0012799999999999999,0.333312,,0.034816,0.170752,0,0.15129599999999999,0.003328,0.013056,,0.004096,,2.8034559999999997,6061,1346,0,
6062,50.811891900510204,2176632953859,1,6.4015020616352558,6.1205,6.640384,1.8798,14539,0.001024,0.33100799999999997,,0.035328,0.17152,0,0.15231999999999998,0.011264,0.013568,,0.003584,,2.9340159999999997,6062,1347,0,
6063,50.819376700680273,2176633015064,1,7.4848001822829247,6.299,6.394624,1.9124,14563,0.001024,0.362496,,0.041471999999999995,0.459264,0,0.14899199999999999,0.027648,0.019968,,0.0038399999999999997,,2.42432,6063,1348,0,
6064,50.826233000283445,2176633078054,1,6.8562994711101055,6.9413,7.235584,1.9471,14539,0.43673599999999996,0.36479999999999996,,0.034816,0.164608,0.000256,0.143872,0.023552,0.012544,,0.0038399999999999997,,3.032832,6064,1349,0,
6065,50.83334900085034,2176633147467,1,7.1160006336867809,6.3637,6.80064,2.1194,14782,0.001024,0.45311999999999997,,0.035072,0.166912,0,0.147968,0.051968,0.012288,,0.003584,,3.038976,6065,1350,0,
6066,50.840055697278906,2176633211104,1,6.7066964693367481,7.5397,6.803456,2.0686,14539,0.001024,0.48512,,0.035072,0.168704,0.000256,0.149504,0.03712,0.014336,,0.004096,,2.999552,6066,1351,0,
6067,50.846490100623583,2176633286501,1,6.4344033598899841,6.7043,6.53696,1.9609,14563,0.0012799999999999999,0.36224,,0.034816,0.169728,0.000256,0.15103999999999998,0.021248,0.016128,,0.0025599999999999998,,3.058176,6067,1352,0,
6068,50.853641695011333,2176633353544,1,7.1515943855047226,7.5246,6.400768,2.14,14539,0.001024,0.33177599999999996,,0.034816,0.172288,0,0.15334399999999998,0.007936,0.014591999999999999,,0.0025599999999999998,,2.6063359999999998,6068,1353,0,
6069,50.860735494614509,2176633428790,1,7.0937997661530972,6.4929,7.05152,2.0278,14563,0.001024,0.331264,,0.035328,0.16588799999999998,0,0.14668799999999999,0.0076799999999999993,0.013824,,0.003072,,3.02208,6069,1354,0,
6070,50.867826799886622,2176633493719,1,7.09130521863699,6.1766,7.15392,1.9246,14539,0.001024,0.32972799999999997,,0.035328,0.556032,0,0.17049599999999998,0.009472,0.014079999999999999,,0.0038399999999999997,,3.070464,6070,1355,0,
6071,50.874638194444444,2176633555485,1,6.8113943561911583,7.9746,7.075072,2.0704,14563,0.001024,0.362496,,0.035072,0.16614399999999999,0,0.1472,0.021759999999999998,0.013568,,0.002816,,2.9521919999999997,6071,1356,0,
6072,50.881597498582764,2176633635231,1,6.9593042135238647,6.3491,6.769664,1.8991,14539,0.001024,0.363008,,0.034816,0.158464,0,0.13977599999999998,0.023552,0.012799999999999999,,0.002816,,2.719744,6072,1357,0,
6073,50.888211600056685,2176633698722,1,6.6141015850007534,7.2018,6.887936,1.8782,14563,0.001024,0.454144,,0.036608,0.17049599999999998,0,0.151552,0.036608,0.014591999999999999,,0.003072,,2.4317439999999997,6073,1358,0,
6074,50.894836196145121,2176633770740,1,6.6245961934328079,6.7059,6.590976,1.8783,14741,0.001024,0.485376,,0.035072,0.160768,0,0.141824,0.036608,0.014336,,0.002304,,2.7763199999999997,6074,1359,0,
6075,50.901546598639456,2176633837799,1,6.71040266752243,7.1526,6.667264,2.1236,14563,0.001024,0.363264,,0.035072,0.16486399999999998,0,0.14592,0.020992,0.014591999999999999,,0.0025599999999999998,,2.7799039999999997,6075,1360,0,
6076,50.907801594387756,2176633909325,1,6.2549957074224949,6.5566,6.614528,2.0289,14539,0.0012799999999999999,0.33177599999999996,,0.034816,0.16588799999999998,0,0.146944,0.003584,0.015359999999999999,,0.0025599999999999998,,2.661888,6076,1361,0,
6077,50.914847696995466,2176633974891,1,7.0461025461554527,6.6476,6.23488,1.8651,14563,0.0012799999999999999,0.330752,,0.040704,0.16716799999999998,0,0.147968,0.007936,0.013056,,0.002816,,2.42304,6077,1362,0,
6078,50.921310799319727,2176634041367,1,6.4631025306880474,6.5112,7.030528,2.0149,14539,0.0012799999999999999,0.411904,,0.041728,0.17177599999999998,0,0.151808,0.0076799999999999993,0.012288,,0.002816,,2.6583039999999998,6078,1363,0,
6079,50.928007695578231,2176634106479,1,6.6968961618840694,6.2583,6.434048,1.962,14563,0.001024,0.361984,,0.035328,0.16947199999999998,0,0.150272,0.021504,0.013824,,0.0038399999999999997,,2.730496,6079,1364,0,
6080,50.934861897675738,2176634169062,1,6.8542021326720715,7.8263,6.726912,2.1942,14539,0.001024,0.361216,,0.041215999999999996,0.158208,0,0.13952,0.023039999999999998,0.015104,,0.0038399999999999997,,2.740736,6080,1365,0,
6081,50.942031696428572,2176634247325,1,7.1697989478707314,5.6009,6.856448,2.2509,14563,0.001024,0.454912,,0.041471999999999995,0.166912,0,0.14771199999999998,0.037632,0.013568,,0.002816,,2.68416,6081,1366,0,
6082,50.948527600623578,2176634303334,1,6.4959041774272919,6.7469,7.086336,2.0608,14539,0.001024,0.48486399999999996,,0.040959999999999996,0.164608,0,0.145152,0.037376,0.014079999999999999,,0.003072,,2.6559999999999997,6082,1367,0,
6083,50.95487589994331,2176634370803,1,6.348299328237772,6.8208,6.47168,2.0079,14563,0.001024,0.36403199999999997,,0.035584,0.17152,0,0.152576,0.021248,0.013056,,0.002816,,2.84288,6083,1368,0,
6084,50.961425800736961,2176634439011,1,6.5499008633196354,7.2777,6.33472,2.0151,14539,0.001024,0.333568,,0.035328,0.165632,0,0.14668799999999999,0.0038399999999999997,0.012544,,0.004352,,2.737152,6084,1369,0,
6085,50.96820309665533,2176634511788,1,6.7772958427667618,6.6589,6.376448,2.0425,14563,0.001024,0.331264,,0.034816,0.169984,0,0.150528,0.003584,0.014079999999999999,,0.004352,,2.4038399999999998,6085,1370,0,
6086,50.974928394274372,2176634578377,1,6.7252977751195431,6.898,6.962688,1.8317,14591,0.0012799999999999999,0.33228799999999997,,0.035072,0.565248,0.000256,0.14771199999999998,0.0097279999999999988,0.014591999999999999,,0.0038399999999999997,,2.665984,6086,1371,0,
6087,50.981303096655324,2176634647357,1,6.3747023232281208,6.1736,6.609408,1.9321,14563,0.001024,0.361216,,0.034816,0.169984,0,0.15129599999999999,0.021248,0.013312,,0.003328,,2.643968,6087,1372,0,
6088,50.988385997732422,2176634709093,1,7.0829009637236595,6.4179,6.451968,1.885,14758,0.0012799999999999999,0.360448,,0.036608,0.159744,0.000256,0.14079999999999998,0.023808,0.014591999999999999,,0.003072,,2.4087039999999997,6088,1373,0,
6089,50.99486109693877,2176634773272,1,6.4750993624329567,6.9301,6.994688,1.8735,14765,0.001024,0.454912,,0.041728,0.167936,0,0.149248,0.036864,0.014591999999999999,,0.0038399999999999997,,2.755584,6089,1374,0,
6090,51.001753394274374,2176634842573,1,6.89229741692543,6.1397,6.516992,2.0165,20949,0.0012799999999999999,0.48512,,0.035328,0.169216,0,0.15001599999999998,0.03584,0.017408,,0.002816,,2.415104,6090,1375,0,
6091,51.008086600056686,2176634903970,1,6.3332058489322662,7.2439,6.795776,2.179,14563,0.001024,0.362496,,0.30668799999999996,0.16819199999999998,0,0.147456,0.021248,0.012288,,0.004096,,2.6693119999999997,6091,1376,0,
6092,51.014743098072557,2176634976409,1,6.6564981825649738,6.3033,6.322944,2.3441,14539,0.001024,0.333824,,0.041728,0.166656,0,0.14771199999999998,0.0076799999999999993,0.013056,,0.004096,,2.7479039999999997,6092,1377,0,
6093,51.021489200680271,2176635039442,1,6.7461025901138783,7.1193,6.692096,2.4275,14563,0.001024,0.411904,,0.034816,0.171008,0,0.15129599999999999,0.007424,0.014591999999999999,,0.003072,,2.72768,6093,1378,0,
6094,51.02815749716553,2176635110635,1,6.66829664260149,6.1475,6.706944,2.0729,14539,0.001024,0.33228799999999997,,0.034816,0.16819199999999998,0.000256,0.14848,0.003328,0.013312,,0.0025599999999999998,,2.9926399999999997,6094,1379,0,
6095,51.03449199971655,2176635172110,1,6.3345027156174183,6.8921,6.66752,1.9272,14563,0.001024,0.44672,,0.034816,0.169216,0,0.15001599999999998,0.021504,0.013312,,0.003072,,2.634496,6095,1380,0,
6096,51.041685296201813,2176635241031,1,7.1932966820895672,6.582,6.309376,2.1364,14539,0.0012799999999999999,0.36147199999999996,,0.035328,0.16127999999999998,0,0.142336,0.022015999999999997,0.014848,,0.0025599999999999998,,2.659328,6096,1381,0,
6097,51.0481625,2176635306851,1,6.4772036857903,6.5337,7.100416,2.1022,14563,0.001024,0.45260799999999995,,0.035072,0.46438399999999996,0,0.44544,0.037632,0.015104,,0.0038399999999999997,,2.9908479999999997,6097,1382,0,
6098,51.054739994331065,2176635372188,1,6.57749455422163,6.49,6.525952,2.2325,14539,0.0012799999999999999,0.48486399999999996,,0.034816,0.16819199999999998,0.000256,0.14899199999999999,0.034816,0.014591999999999999,,0.002304,,2.710784,6098,1383,0,
6099,51.061391695011338,2176635437088,1,6.6517004743218422,7.2817,6.561024,2.0848,14563,0.001024,0.36352,,0.035328,0.169216,0,0.150272,0.020735999999999997,0.012544,,0.004352,,2.759168,6099,1384,0,
6100,51.067669997165531,2176635509905,1,6.2783020548522472,6.508,6.554624,2.2253,14539,0.001024,0.333568,,0.035584,0.164608,0.000256,0.145664,0.009984,0.012544,,0.0025599999999999998,,2.745856,6100,1385,0,
6101,51.074536196145125,2176635574985,1,6.8661989644169807,6.4025,6.324992,1.94,14563,0.001024,0.329984,,0.034816,0.168448,0,0.15001599999999998,0.008704,0.014591999999999999,,0.0025599999999999998,,2.409472,6101,1386,0,
6102,51.081139895124714,2176635639010,1,6.6036991775035858,6.8441,6.844928,1.9867,14539,0.001024,0.3328,,0.034816,0.16588799999999998,0,0.1472,0.0076799999999999993,0.013312,,0.003328,,2.852096,6102,1387,0,
6103,51.0878422973356,2176635707451,1,6.7024021409451962,6.0482,6.583296,1.8131,14563,0.001024,0.36070399999999997,,0.035072,0.164096,0,0.14592,0.020992,0.013056,,0.0025599999999999998,,2.7665919999999997,6103,1388,0,
6104,51.094794600340137,2176635767933,1,6.9523029960691929,6.8392,6.611712,1.938,14741,0.001024,0.362496,,0.035072,0.1536,0,0.1344,0.022784,0.013568,,0.002816,,2.72768,6104,1389,0,
6105,51.10137099631519,2176635836325,1,6.5763960592448711,6.7876,6.999296,1.8116,14563,0.001024,0.45593599999999995,,0.044544,0.169728,0,0.15103999999999998,0.037632,0.016895999999999998,,0.003584,,2.4250879999999997,6105,1390,0,
6106,51.108252196712016,2176635904201,1,6.8812002427876,6.8444,6.47808,1.9636,14539,0.001024,0.484352,,0.324608,0.16716799999999998,0,0.146176,0.037376,0.014848,,0.0038399999999999997,,2.412032,6106,1391,0,
6107,51.114614895124717,2176635972645,1,6.3626985065639019,7.1491,6.87104,1.7914,14563,0.001024,0.36096,,0.041215999999999996,0.16819199999999998,0,0.147968,0.022015999999999997,0.012799999999999999,,0.003072,,2.913024,6107,1392,0,
6108,51.1216544005102,2176636044136,1,7.039505522698164,6.1493,6.32832,2.1737,14539,0.001024,0.411392,,0.034816,0.171008,0,0.152576,0.0076799999999999993,0.013824,,0.002816,,2.6493439999999997,6108,1393,0,
6109,51.128171598639454,2176636105629,1,6.5171979367733,6.7335,7.005696,2.2374,14563,0.0012799999999999999,0.330752,,0.035072,0.172032,0,0.152832,0.0076799999999999993,0.013824,,0.003072,,3.1377919999999997,6109,1394,0,
6110,51.134788895975056,2176636172964,1,6.6172974184155464,7.1569,6.58816,2.0323,14539,0.001024,0.33228799999999997,,0.034816,0.16512,0,0.14592,0.007424,0.012544,,0.003328,,2.653184,6110,1395,0,
6111,51.14116049461451,2176636244533,1,6.3715986907482147,6.6865,6.540288,1.8475,14782,0.001024,0.36403199999999997,,0.035328,0.16383999999999999,0,0.144896,0.020735999999999997,0.014079999999999999,,0.002816,,2.79424,6111,1396,0,
6112,51.148101998299317,2176636311398,1,6.9415038451552391,6.2198,6.407168,1.8987,14539,0.001024,0.36147199999999996,,0.035328,0.16588799999999998,0,0.1472,0.022272,0.014079999999999999,,0.003584,,2.616576,6112,1397,0,
6113,51.154869097222218,2176636373596,1,6.7670987918972969,6.6482,6.916352,1.7962,14563,0.001024,0.45439999999999997,,0.04224,0.16819199999999998,0,0.147968,0.03712,0.014336,,0.0025599999999999998,,2.770432,6113,1398,0,
6114,51.161401899092965,2176636440078,1,6.5328017808496952,6.2106,6.646016,2.2677,14539,0.001024,0.48486399999999996,,0.035072,0.16896,0.000256,0.14976,0.036608,0.013056,,0.003072,,2.721536,6114,1399,0,
6115,51.168013399943305,2176636502184,1,6.61150086671114,7.1523,6.4128,2.0424,14563,0.001024,0.36403199999999997,,0.035072,0.169984,0,0.15001599999999998,0.020735999999999997,0.015872,,0.002816,,2.4056319999999998,6115,1400,0,
6116,51.174475396825393,2176636573707,1,6.4619970507919788,7.1806,6.689024,1.9123,14591,0.001024,0.333312,,0.035328,0.168704,0,0.14976,0.0076799999999999993,0.015359999999999999,,0.002816,,2.419968,6116,1401,0,
6117,51.18103560090703,2176636645513,1,6.5602040849626064,6.1955,6.539008,1.8889,14563,0.001024,0.331264,,0.035584,0.16896,0,0.150272,0.0076799999999999993,0.012799999999999999,,0.003328,,2.886144,6117,1402,0,
6118,51.187914200680268,2176636707468,1,6.8785999901592731,6.6634,6.279936,2.1853,14539,0.001024,0.33177599999999996,,0.035328,0.17049599999999998,0,0.151552,0.007424,0.013056,,0.0025599999999999998,,2.855936,6118,1403,0,
6119,51.194475496031743,2176636774102,1,6.5612951293587685,6.1239,6.86848,1.889,14765,0.001024,0.36224,,0.034816,0.169216,0,0.150272,0.022015999999999997,0.014079999999999999,,0.004096,,2.9788159999999997,6119,1404,0,
6120,51.201070096371879,2176636835341,1,6.5946001559495926,6.8954,6.555904,1.9093,14539,0.001024,0.44595199999999996,,0.035072,0.171264,0,0.15231999999999998,0.022015999999999997,0.012799999999999999,,0.004608,,2.416896,6120,1405,0,
6121,51.2074375,2176636904295,1,6.3674035482108593,6.607,6.560256,2.2241,14563,0.001024,0.546048,,0.035328,0.165376,0,0.1472,0.03712,0.014591999999999999,,0.0025599999999999998,,2.422784,6121,1406,0,
6122,51.214414696712019,2176636970365,1,6.9771967828273773,6.6889,6.42048,1.9987,14539,0.001024,0.48358399999999996,,0.03456,0.363776,0,0.14592,0.042752,0.014591999999999999,,0.003328,,2.4189439999999998,6122,1407,0,
6123,51.220728096655328,2176637037254,1,6.3133998773992062,6.3856,6.95808,2.0394,14563,0.001024,0.363264,,0.040704,0.167936,0,0.147968,0.021759999999999998,0.014079999999999999,,0.003328,,2.8833279999999997,6123,1408,0,
6124,51.22757679988662,2176637101110,1,6.8487031385302544,6.4198,6.220032,1.8244,14539,0.001024,0.33305599999999996,,0.035072,0.167936,0,0.148736,0.007936,0.013824,,0.0025599999999999998,,2.6263039999999997,6124,1409,0,
6125,51.234540199829929,2176637165308,1,6.9634001702070236,6.9978,6.829824,2.1268,14563,0.001024,0.331264,,0.035072,0.168704,0,0.15001599999999998,0.0076799999999999993,0.012799999999999999,,0.002816,,3.070464,6125,1410,0,
6126,51.241131094104304,2176637235286,1,6.5908944234251976,6.5132,7.015936,2.0679,14539,0.001024,0.41497599999999996,,0.036351999999999995,0.169728,0,0.150528,0.0076799999999999993,0.013824,,0.002304,,2.6808319999999997,6126,1411,0,
6127,51.2475797973356,2176637300418,1,6.4487033523619175,6.8687,6.50496,2.0416,14563,0.0012799999999999999,0.361728,,0.035328,0.16716799999999998,0,0.14848,0.021504,0.013312,,0.002304,,2.864128,6127,1412,0,
6128,51.254538697562353,2176637369105,1,6.9589000195264816,7.1334,6.417152,2.0297,14539,0.0012799999999999999,0.36352,,0.035072,0.17024,0,0.150784,0.022528,0.014591999999999999,,0.003072,,2.6777599999999997,6128,1413,0,
6129,51.261353599773237,2176637440439,1,6.8149021826684475,6.4285,7.006464,2.3607,14563,0.001024,0.45388799999999996,,0.040704,0.17177599999999998,0,0.152832,0.03712,0.015104,,0.003072,,2.6511359999999997,6129,1414,0,
6130,51.268213095238096,2176637504724,1,6.8594953045248985,6.837,6.729472,2.539,14539,0.001024,0.48384,,0.034816,0.165632,0.000256,0.146944,0.036608,0.014079999999999999,,0.003584,,2.72256,6130,1415,0,
6131,51.274751296768706,2176637573094,1,6.5382015891373158,6.8031,6.905088,1.9201,14563,0.001024,0.361984,,0.035584,0.165376,0,0.146176,0.021504,0.016384,,0.0038399999999999997,,2.556672,6131,1416,0,
6132,51.281237096088432,2176637641125,1,6.4857993274927139,6.4832,6.50752,1.8765,14539,0.001024,0.33228799999999997,,0.035072,0.17177599999999998,0,0.153088,0.0076799999999999993,0.012288,,0.003328,,2.663424,6132,1417,0,
6133,51.2879049957483,2176637705957,1,6.6678994335234165,6.9789,6.409472,1.8679,14563,0.001024,0.330752,,0.035072,0.166656,0,0.146944,0.003328,0.014079999999999999,,0.002816,,2.637312,6133,1418,0,
6134,51.294430598072559,2176637775746,1,6.52560219168663,6.2496,6.717696,1.9792,14960,0.001024,0.331264,,0.035072,0.170752,0,0.151808,0.003584,0.013312,,0.003328,,2.9486079999999997,6134,1419,0,
6135,51.301211798469389,2176637838242,1,6.7812004126608372,6.7023,6.491392,1.8364,14563,0.001024,0.36070399999999997,,0.035328,0.164608,0.000256,0.14592,0.021504,0.012799999999999999,,0.004352,,2.788096,6135,1420,0,
6136,51.308780194160995,2176637905265,1,7.56839569658041,6.5182,6.775296,2.1675,14539,0.001024,0.362496,,0.034816,0.15872,0,0.140032,0.022272,0.016128,,0.002816,,2.7115519999999997,6136,1421,0,
6137,51.315722696995465,2176637970447,1,6.9425026886165142,6.4948,7.439872,2.051,14563,0.001024,0.45568,,0.035072,0.164096,0,0.144896,0.03712,0.014079999999999999,,0.0025599999999999998,,2.9987839999999997,6137,1422,0,
6138,51.322469798752834,2176638035395,1,6.7471018992364407,6.6904,6.984448,2.3679,14539,0.001024,0.48512,,0.036351999999999995,0.159744,0,0.140544,0.037376,0.014591999999999999,,0.0025599999999999998,,2.738432,6138,1423,0,
6139,51.329036600056689,2176638102299,1,6.5668011084198952,7.6756,6.721792,1.8592,14563,0.0012799999999999999,0.36352,,0.034816,0.166656,0,0.148224,0.021504,0.014848,,0.0025599999999999998,,3.07328,6139,1424,0,
6140,51.3356593962585,2176638179055,1,6.6227964125573635,7.3555,6.5216,1.8724,14539,0.001024,0.332544,,0.035328,0.456704,0,0.43724799999999997,0.0076799999999999993,0.012032,,0.004352,,2.7914239999999997,6140,1425,0,
6141,51.342432497165532,2176638252610,1,6.7731007002294064,6.3101,6.6112,2.0036,14563,0.001024,0.33024,,0.035072,0.16512,0,0.146176,0.010496,0.012288,,0.004096,,2.8935679999999997,6141,1426,0,
6142,51.349244196428572,2176638315711,1,6.8116993643343449,6.8511,6.74432,1.8925,14539,0.001024,0.33305599999999996,,0.034816,0.169216,0,0.150528,0.0076799999999999993,0.012799999999999999,,0.003584,,2.707456,6142,1427,0,
6143,51.3554218962585,2176638384222,1,6.1776996590197086,6.5721,6.673408,2.0543,14563,0.001024,0.362496,,0.035584,0.169984,0,0.15103999999999998,0.022015999999999997,0.014591999999999999,,0.003328,,2.752,6143,1428,0,
6144,51.362186897675734,2176638449943,1,6.7650014534592628,6.6702,6.328832,1.9438,14539,0.001024,0.364288,,0.034816,0.37529599999999996,0.000256,0.35609599999999997,0.022528,0.013312,,0.0025599999999999998,,2.654976,6144,1429,0,
6145,51.369052196712019,2176638516645,1,6.8652988411486149,7.1097,6.757632,1.9104,14563,0.001024,0.454144,,0.041471999999999995,0.165632,0,0.14592,0.037632,0.015359999999999999,,0.003584,,2.74432,6145,1430,0,
6146,51.375705994897956,2176638587742,1,6.6537982784211636,5.808,6.843392,2.0949,14591,0.001024,0.485376,,0.040959999999999996,0.160512,0,0.140032,0.036351999999999995,0.014336,,0.0025599999999999998,,2.423552,6146,1431,0,
6147,51.3824,2176638645822,1,6.6940048709511757,6.7745,6.571776,1.8156,14563,0.001024,0.361216,,0.239616,0.171264,0,0.146176,0.020992,0.014848,,0.003328,,2.650624,6147,1432,0,
6148,51.3891169005102,2176638713567,1,6.7169005051255226,6.7354,6.731776,1.9882,14539,0.001024,0.33152,,0.23910399999999998,0.169728,0,0.14464,0.003584,0.013568,,0.003584,,2.88896,6148,1433,0,
6149,51.395398299319723,2176638780921,1,6.2813987024128437,7.0849,6.65856,2.0595,14765,0.001024,0.330496,,0.034816,0.444416,0,0.425728,0.0076799999999999993,0.012288,,0.003072,,2.749952,6149,1434,0,
6150,51.402207199546481,2176638851770,1,6.808900274336338,6.2855,6.296576,1.9561,14539,0.001024,0.33152,,0.035328,0.36531199999999997,0,0.346368,0.0076799999999999993,0.013312,,0.002816,,2.6626559999999997,6150,1435,0,
6151,51.409025999149655,2176638914625,1,6.8187997676432133,6.6937,6.793728,1.8458,14563,0.0012799999999999999,0.36096,,0.040959999999999996,0.16819199999999998,0,0.147968,0.022528,0.012544,,0.003072,,2.880512,6151,1436,0,
6152,51.416062499999995,2176638981562,1,7.0365010760724545,6.4223,6.796544,2.3961,14539,0.001024,0.44057599999999997,,0.041728,0.16588799999999998,0,0.14540799999999998,0.023039999999999998,0.013824,,0.0038399999999999997,,2.668544,6152,1437,0,
6153,51.422779195011337,2176639045785,1,6.71669514849782,6.6132,6.962688,2.1082,14563,0.001024,0.452864,,0.035328,0.164352,0,0.145664,0.03712,0.014336,,0.004096,,2.9642239999999997,6153,1438,0,
6154,51.42949159580499,2176639111917,1,6.7124008201062679,6.9075,6.752,2.0985,14539,0.001024,0.48384,,0.035072,0.15744,0,0.138752,0.036095999999999996,0.013824,,0.0038399999999999997,,2.6711039999999997,6154,1439,0,
6155,51.436180697278907,2176639180992,1,6.6891014575958252,7.6862,6.62016,2.0628,14563,0.001024,0.363008,,0.034816,0.1664,0,0.1472,0.020992,0.014079999999999999,,0.003072,,2.65088,6155,1440,0,
6156,51.442431994047617,2176639257854,1,6.2512969598174095,6.1769,6.672896,2.184,14539,0.001024,0.330752,,0.039424,0.169216,0,0.150528,0.0076799999999999993,0.012799999999999999,,0.0038399999999999997,,2.643968,6156,1441,0,
6157,51.449231994047615,2176639319623,1,6.8000000901520252,6.9854,6.225152,2.4561,14782,0.001024,0.330496,,0.035328,0.17177599999999998,0,0.152832,0.010752,0.014079999999999999,,0.004352,,2.640384,6157,1442,0,
6158,51.455906398809525,2176639389477,1,6.6744047217071056,6.4573,6.649856,2.0313,14539,0.001024,0.33228799999999997,,0.035328,0.17152,0,0.152576,0.007424,0.014336,,0.003584,,2.732544,6158,1443,0,
6159,51.462887896825393,2176639454050,1,6.9814980961382389,6.1787,6.849024,2.0506,14563,0.001024,0.36096,,0.034816,0.355584,0,0.149248,0.025344,0.012288,,0.004096,,2.736128,6159,1444,0,
6160,51.4698295989229,2176639515837,1,6.9417022168636322,7.0016,6.954496,1.8188,14539,0.001024,0.363008,,0.035072,0.15795199999999998,0,0.13849599999999998,0.023552,0.014848,,0.002816,,2.891008,6160,1445,0,
6161,51.476750496031741,2176639585853,1,6.92089693620801,6.4897,6.719232,1.9853,14563,0.001024,0.45311999999999997,,0.034816,0.164096,0,0.144896,0.037632,0.014079999999999999,,0.003072,,2.711296,6161,1446,0,
6162,51.482964994331063,2176639650750,1,6.2144980765879154,6.8338,6.909696,1.8988,14539,0.001024,0.485888,,0.041471999999999995,0.15564799999999998,0.000256,0.13696,0.03584,0.014591999999999999,,0.003072,,2.733568,6162,1447,0,
6163,51.4902375,2176639719088,1,7.2725056670606136,7.085,6.188032,2.1006,14563,0.001024,0.449536,,0.034816,0.164608,0,0.145664,0.021759999999999998,0.014079999999999999,,0.002816,,2.65728,6163,1448,0,
6164,51.4970764951814,2176639789938,1,6.8389950320124626,7.0685,7.263488,2.0836,14741,0.001024,0.3328,,0.03456,0.169984,0.000256,0.150528,0.0076799999999999993,0.013568,,0.003328,,3.245824,6164,1449,0,
6165,51.50340649801587,2176639860623,1,6.3300030305981636,5.9007,6.813184,2.2011,20973,0.001024,0.33177599999999996,,0.034816,0.170752,0,0.151808,0.0076799999999999993,0.013056,,0.003584,,3.112704,6165,1450,0,
6166,51.509866900510204,2176639919630,1,6.4604026265442371,7.2707,6.304512,1.8691,14539,0.001024,0.332544,,0.034816,0.168448,0.000256,0.14976,0.005888,0.013056,,0.003584,,2.6624,6166,1451,0,
6167,51.516931696428571,2176639992337,1,7.0647960528731346,6.8558,6.369536,2.0297,14563,0.001024,0.361216,,0.034816,0.16512,0,0.146432,0.021504,0.014336,,0.0025599999999999998,,2.6631679999999998,6167,1452,0,
6168,51.523469196428572,2176640060895,1,6.537499837577343,6.4496,6.871552,1.9854,14539,0.001024,0.363008,,0.036608,0.16,0,0.140544,0.023295999999999997,0.013056,,0.0038399999999999997,,3.0712319999999997,6168,1453,0,
6169,51.530454698129248,2176640125391,1,6.9855018518865108,6.7905,6.751488,2.223,14563,0.001024,0.454656,,0.034816,0.439552,0,0.147456,0.043775999999999995,0.015872,,0.0025599999999999998,,2.6649599999999998,6169,1454,0,
6170,51.537134800170065,2176640193296,1,6.6801020875573158,6.9323,6.947072,2.1203,14539,0.001024,0.486656,,0.041215999999999996,0.1664,0.000256,0.146944,0.036608,0.015872,,0.002816,,2.651392,6170,1455,0,
6171,51.54344449404762,2176640262619,1,6.3096936792135239,6.396,6.603776,1.9723,14563,0.001024,0.364544,,0.040704,0.16896,0,0.150272,0.021504,0.013056,,0.003072,,2.6414079999999998,6171,1456,0,
6172,51.550448200113379,2176640326579,1,7.0037059485912323,6.9711,6.264576,1.8727,14539,0.001024,0.331264,,0.040959999999999996,0.16383999999999999,0,0.144896,0.004608,0.011776,,0.003584,,2.665984,6172,1457,0,
6173,51.556908297902496,2176640396290,1,6.4600976184010506,6.7824,6.876928,1.8269,14563,0.001024,0.33177599999999996,,0.034816,0.1664,0,0.1472,0.0076799999999999993,0.014848,,0.003072,,3.008256,6173,1458,0,
6174,51.563805994897955,2176640464114,1,6.8976972252130508,6.594,6.366464,2.0355,14539,0.001024,0.330752,,0.035328,0.16614399999999999,0,0.147456,0.003328,0.011776,,0.002816,,2.95808,6174,1459,0,
6175,51.570957397959184,2176640530054,1,7.1514029987156391,6.6956,6.946304,2.1418,14563,0.001024,0.361728,,0.035328,0.168448,0,0.149504,0.021504,0.012032,,0.003072,,2.8838399999999997,6175,1460,0,
6176,51.577579499716549,2176640597010,1,6.6221016459167,6.9302,7.133952,1.9365,14591,0.001024,0.362496,,0.037632,0.16486399999999998,0,0.14592,0.028416,0.013568,,0.003072,,2.741504,6176,1461,0,
6177,51.584227600623578,2176640666312,1,6.6481009125709534,6.3561,6.594048,2.352,14563,0.001024,0.455424,,0.034816,0.169984,0.000256,0.151552,0.03712,0.014591999999999999,,0.004096,,3.048448,6177,1462,0,
6178,51.5918920989229,2176640729873,1,7.6644984073936939,7.2273,6.556416,2.3269,14539,0.0012799999999999999,0.48512,,0.035072,0.171008,0,0.152064,0.035328,0.015104,,0.004096,,2.679808,6178,1463,0,
6179,51.5981341978458,2176640802146,1,6.24209875240922,6.5312,7.650048,2.3587,14765,0.001024,0.361984,,0.035072,0.17177599999999998,0,0.152832,0.021759999999999998,0.014079999999999999,,0.003072,,2.902272,6179,1464,0,
6180,51.604763399943309,2176640867458,1,6.6292020492255688,6.7115,6.231296,2.2242,14758,0.001024,0.33228799999999997,,0.035072,0.169216,0,0.150784,0.004352,0.013824,,0.0025599999999999998,,2.6475519999999997,6180,1465,0,
6181,51.611207100340131,2176640934573,1,6.4437002874910831,7.6267,6.573824,2.3861,14563,0.0012799999999999999,0.329984,,0.034816,0.172032,0.000256,0.153088,0.007424,0.012288,,0.003584,,2.772736,6181,1466,0,
6182,51.617941595804986,2176641010840,1,6.7344955168664455,6.3235,6.43712,1.9637,14539,0.001024,0.3328,,0.036864,0.165632,0,0.146176,0.0076799999999999993,0.014336,,0.003328,,2.406656,6182,1467,0,
6183,51.624594997165531,2176641074075,1,6.6534015350043774,7.1078,6.741248,1.8525,14563,0.001024,0.363008,,0.035328,0.166656,0,0.147968,0.020992,0.015616,,0.002816,,2.76992,6183,1468,0,
6184,51.631134098639457,2176641145153,1,6.5391012467443943,6.0305,6.60224,2.2156,14539,0.001024,0.36352,,0.034816,0.16716799999999998,0,0.14848,0.021504,0.013056,,0.0025599999999999998,,2.60608,6184,1469,0,
6185,51.6381589994331,2176641205458,1,7.0249009877443314,6.7469,6.391808,2.1711,14563,0.20812799999999998,0.45721599999999996,,0.035328,0.16512,0,0.146176,0.037376,0.014591999999999999,,0.003584,,2.6496,6185,1470,0,
6186,51.645022597789115,2176641272927,1,6.863598246127367,6.4491,6.934016,1.9019,14539,0.001024,0.485888,,0.035072,0.16588799999999998,0,0.146944,0.036608,0.015104,,0.002816,,2.9473279999999997,6186,1471,0,
6187,51.651398299319723,2176641337418,1,6.3757016323506832,6.4109,6.899712,2.1016,14563,0.001024,0.35968,,0.034816,0.16383999999999999,0,0.145152,0.020735999999999997,0.014591999999999999,,0.004096,,2.6391039999999997,6187,1472,0,
6188,51.657679400510204,2176641401527,1,6.2811011448502541,7.3415,6.361344,1.9159,14539,0.001024,0.332032,,0.035328,0.167936,0,0.148224,0.0076799999999999993,0.013824,,0.0025599999999999998,,2.419712,6188,1473,0,
6189,51.664606094104307,2176641474942,1,6.9266934879124165,6.7098,6.25152,1.9636,14563,0.001024,0.33177599999999996,,0.041471999999999995,0.1664,0,0.146944,0.0076799999999999993,0.012288,,0.0025599999999999998,,2.42304,6189,1474,0,
6190,51.671072193877549,2176641542040,1,6.4660999923944473,6.242,6.903808,2.2465,14539,0.001024,0.331264,,0.040959999999999996,0.16716799999999998,0,0.14771199999999998,0.0076799999999999993,0.012799999999999999,,0.003584,,2.641152,6190,1475,0,
6191,51.677749199263033,2176641604460,1,6.6770054399967194,6.2902,6.446848,1.9632,14563,0.001024,0.44416,,0.035072,0.17049599999999998,0,0.15129599999999999,0.022015999999999997,0.013568,,0.0025599999999999998,,2.716928,6191,1476,0,
6192,51.684687698412695,2176641667362,1,6.9384989328682423,6.8878,6.589696,2.323,14539,0.001024,0.36275199999999996,,0.034816,0.339456,0.000256,0.14310399999999998,0.029439999999999997,0.013824,,0.0038399999999999997,,2.72384,6192,1477,0,
6193,51.691469600340135,2176641736240,1,6.7819016985595226,6.7059,6.924544,1.9419,14563,0.007424,0.447744,,0.035328,0.354304,0,0.335872,0.036608,0.014591999999999999,,0.0025599999999999998,,2.662144,6193,1478,0,
6194,51.69813359552154,2176641803299,1,6.6639953292906284,6.8905,6.746112,1.8688,14741,0.001024,0.485376,,0.31744,0.16716799999999998,0,0.146944,0.036351999999999995,0.014336,,0.004096,,2.648576,6194,1479,0,
6195,51.704643296485258,2176641872204,1,6.5097007900476456,6.9475,6.649088,1.9946,14563,0.001024,0.361216,,0.035072,0.17152,0,0.152832,0.020224,0.013312,,0.0025599999999999998,,2.9890559999999997,6195,1480,0,
6196,51.711012698412695,2176641941679,1,6.3694017007946968,6.499,6.536192,2.1591,14539,0.001024,0.33100799999999997,,0.034816,0.165376,0,0.146944,0.0038399999999999997,0.013056,,0.0025599999999999998,,2.743296,6196,1481,0,
6197,51.717800694444442,2176642006669,1,6.787995807826519,6.6711,6.270976,1.9848,14563,0.001024,0.33152,,0.034816,0.1664,0,0.147456,0.007424,0.012288,,0.002816,,2.63168,6197,1482,0,
6198,51.724536897675733,2176642073380,1,6.736203096807003,6.4745,6.800128,2.3033,14539,0.001024,0.330752,,0.034816,0.16768,0,0.148736,0.0076799999999999993,0.012544,,0.002816,,2.6142719999999997,6198,1483,0,
6199,51.731364299886621,2176642138125,1,6.8274023942649364,6.9338,6.770432,2.1323,14563,0.0012799999999999999,0.442368,,0.035072,0.166656,0,0.147968,0.048128,0.012288,,0.003328,,2.67904,6199,1484,0,
6200,51.738296697845804,2176642207463,1,6.9323978386819363,6.6783,6.806272,2.298,14539,0.0012799999999999999,0.36275199999999996,,0.03456,0.165376,0,0.146432,0.021759999999999998,0.012032,,0.003072,,2.982656,6200,1485,0,
6201,51.744692998866213,2176642274246,1,6.3963010907173157,6.4718,6.793728,1.9473,14563,0.001024,0.45516799999999996,,0.034816,0.16512,0,0.145664,0.036864,0.015104,,0.004352,,2.744064,6201,1486,0,
