observation,camera_frame_observed,editor_time_observed,vsm_active_observed,marker,gpu_ns,gpu_sample_count
0,12863,3796.9470214,1,VSM.LayoutRemap,0,1
0,12863,3796.9470214,1,VSM.ResetFeedback,0,1
0,12863,3796.9470214,1,VSM.MarkReceiverPages,641536,1
0,12863,3796.9470214,1,VSM.Allocate,223488,1
0,12863,3796.9470214,1,VSM.InvalidateStatic,0,0
0,12863,3796.9470214,1,VSM.ClearPhysicalPages,89600,1
0,12863,3796.9470214,1,VSM.StaticCasterCull,67328,1
0,12863,3796.9470214,1,VSM.DynamicCasterCull,0,1
0,12863,3796.9470214,1,VSM.PageCull,48896,1
0,12863,3796.9470214,1,VSM.StaticRaster,7424,1
0,12863,3796.9470214,1,VSM.FinalizePages,2304,1
0,12863,3796.9470214,1,VSM.DynamicRaster,13312,1
0,12863,3796.9470214,1,VSM.UnityCompatibilityRaster,0,0
0,12863,3796.9470214,1,VSM.Resolve,11803648,1
0,12863,3796.9470214,1,VSM.ResolveTrace,11579392,1
0,12863,3796.9470214,1,VSM.FilterHorizontal,67072,1
0,12863,3796.9470214,1,VSM.FilterVertical,0,0
0,12863,3796.9470214,1,VSM.FilterTemporalVertical,156416,1
1,12864,3796.979569,1,VSM.LayoutRemap,0,1
1,12864,3796.979569,1,VSM.ResetFeedback,0,1
1,12864,3796.979569,1,VSM.MarkReceiverPages,647168,1
1,12864,3796.979569,1,VSM.Allocate,223232,1
1,12864,3796.979569,1,VSM.InvalidateStatic,0,0
1,12864,3796.979569,1,VSM.ClearPhysicalPages,90112,1
1,12864,3796.979569,1,VSM.StaticCasterCull,430592,1
1,12864,3796.979569,1,VSM.DynamicCasterCull,256,1
1,12864,3796.979569,1,VSM.PageCull,63232,1
1,12864,3796.979569,1,VSM.StaticRaster,7424,1
1,12864,3796.979569,1,VSM.FinalizePages,2560,1
1,12864,3796.979569,1,VSM.DynamicRaster,35840,1
1,12864,3796.979569,1,VSM.UnityCompatibilityRaster,0,0
1,12864,3796.979569,1,VSM.Resolve,10146560,1
1,12864,3796.979569,1,VSM.ResolveTrace,9921024,1
1,12864,3796.979569,1,VSM.FilterHorizontal,65792,1
1,12864,3796.979569,1,VSM.FilterVertical,0,0
1,12864,3796.979569,1,VSM.FilterTemporalVertical,158976,1
2,12865,3797.0021752,1,VSM.LayoutRemap,0,1
2,12865,3797.0021752,1,VSM.ResetFeedback,0,1
2,12865,3797.0021752,1,VSM.MarkReceiverPages,645376,1
2,12865,3797.0021752,1,VSM.Allocate,224000,1
2,12865,3797.0021752,1,VSM.InvalidateStatic,0,0
2,12865,3797.0021752,1,VSM.ClearPhysicalPages,90368,1
2,12865,3797.0021752,1,VSM.StaticCasterCull,62464,1
2,12865,3797.0021752,1,VSM.DynamicCasterCull,0,1
2,12865,3797.0021752,1,VSM.PageCull,43776,1
2,12865,3797.0021752,1,VSM.StaticRaster,7424,1
2,12865,3797.0021752,1,VSM.FinalizePages,2048,1
2,12865,3797.0021752,1,VSM.DynamicRaster,11264,1
2,12865,3797.0021752,1,VSM.UnityCompatibilityRaster,0,0
2,12865,3797.0021752,1,VSM.Resolve,10174976,1
2,12865,3797.0021752,1,VSM.ResolveTrace,9948160,1
2,12865,3797.0021752,1,VSM.FilterHorizontal,66560,1
2,12865,3797.0021752,1,VSM.FilterVertical,0,0
2,12865,3797.0021752,1,VSM.FilterTemporalVertical,158720,1
3,12866,3797.0237039,1,VSM.LayoutRemap,2304,1
3,12866,3797.0237039,1,VSM.ResetFeedback,1536,1
3,12866,3797.0237039,1,VSM.MarkReceiverPages,1061120,1
3,12866,3797.0237039,1,VSM.Allocate,1944832,1
3,12866,3797.0237039,1,VSM.InvalidateStatic,2304,1
3,12866,3797.0237039,1,VSM.ClearPhysicalPages,173824,1
3,12866,3797.0237039,1,VSM.StaticCasterCull,57088,1
3,12866,3797.0237039,1,VSM.DynamicCasterCull,0,1
3,12866,3797.0237039,1,VSM.PageCull,38144,1
3,12866,3797.0237039,1,VSM.StaticRaster,8191232,1
3,12866,3797.0237039,1,VSM.FinalizePages,3328,1
3,12866,3797.0237039,1,VSM.DynamicRaster,16640,1
3,12866,3797.0237039,1,VSM.UnityCompatibilityRaster,0,0
3,12866,3797.0237039,1,VSM.Resolve,11304192,1
3,12866,3797.0237039,1,VSM.ResolveTrace,11167488,1
3,12866,3797.0237039,1,VSM.FilterHorizontal,63744,1
3,12866,3797.0237039,1,VSM.FilterVertical,0,0
3,12866,3797.0237039,1,VSM.FilterTemporalVertical,71680,1
4,12867,3797.0432588999997,1,VSM.LayoutRemap,0,1
4,12867,3797.0432588999997,1,VSM.ResetFeedback,0,1
4,12867,3797.0432588999997,1,VSM.MarkReceiverPages,628224,1
4,12867,3797.0432588999997,1,VSM.Allocate,225536,1
4,12867,3797.0432588999997,1,VSM.InvalidateStatic,0,0
4,12867,3797.0432588999997,1,VSM.ClearPhysicalPages,350720,1
4,12867,3797.0432588999997,1,VSM.StaticCasterCull,72448,1
4,12867,3797.0432588999997,1,VSM.DynamicCasterCull,0,1
4,12867,3797.0432588999997,1,VSM.PageCull,48384,1
4,12867,3797.0432588999997,1,VSM.StaticRaster,7168,1
4,12867,3797.0432588999997,1,VSM.FinalizePages,2048,1
4,12867,3797.0432588999997,1,VSM.DynamicRaster,11520,1
4,12867,3797.0432588999997,1,VSM.UnityCompatibilityRaster,0,0
4,12867,3797.0432588999997,1,VSM.Resolve,11686912,1
4,12867,3797.0432588999997,1,VSM.ResolveTrace,11219712,1
4,12867,3797.0432588999997,1,VSM.FilterHorizontal,309248,1
4,12867,3797.0432588999997,1,VSM.FilterVertical,0,0
4,12867,3797.0432588999997,1,VSM.FilterTemporalVertical,156160,1
5,12868,3797.062679,1,VSM.LayoutRemap,0,1
5,12868,3797.062679,1,VSM.ResetFeedback,0,1
5,12868,3797.062679,1,VSM.MarkReceiverPages,632832,1
5,12868,3797.062679,1,VSM.Allocate,225280,1
5,12868,3797.062679,1,VSM.InvalidateStatic,0,0
5,12868,3797.062679,1,VSM.ClearPhysicalPages,90112,1
5,12868,3797.062679,1,VSM.StaticCasterCull,68352,1
5,12868,3797.062679,1,VSM.DynamicCasterCull,0,1
5,12868,3797.062679,1,VSM.PageCull,49664,1
5,12868,3797.062679,1,VSM.StaticRaster,7168,1
5,12868,3797.062679,1,VSM.FinalizePages,2048,1
5,12868,3797.062679,1,VSM.DynamicRaster,11776,1
5,12868,3797.062679,1,VSM.UnityCompatibilityRaster,0,0
5,12868,3797.062679,1,VSM.Resolve,11277312,1
5,12868,3797.062679,1,VSM.ResolveTrace,11053312,1
5,12868,3797.062679,1,VSM.FilterHorizontal,65280,1
5,12868,3797.062679,1,VSM.FilterVertical,0,0
5,12868,3797.062679,1,VSM.FilterTemporalVertical,157440,1
6,12869,3797.0951766,1,VSM.LayoutRemap,0,1
6,12869,3797.0951766,1,VSM.ResetFeedback,0,1
6,12869,3797.0951766,1,VSM.MarkReceiverPages,626432,1
6,12869,3797.0951766,1,VSM.Allocate,223744,1
6,12869,3797.0951766,1,VSM.InvalidateStatic,0,0
6,12869,3797.0951766,1,VSM.ClearPhysicalPages,89856,1
6,12869,3797.0951766,1,VSM.StaticCasterCull,339968,1
6,12869,3797.0951766,1,VSM.DynamicCasterCull,0,1
6,12869,3797.0951766,1,VSM.PageCull,48640,1
6,12869,3797.0951766,1,VSM.StaticRaster,9216,1
6,12869,3797.0951766,1,VSM.FinalizePages,2304,1
6,12869,3797.0951766,1,VSM.DynamicRaster,14336,1
6,12869,3797.0951766,1,VSM.UnityCompatibilityRaster,0,0
6,12869,3797.0951766,1,VSM.Resolve,9920512,1
6,12869,3797.0951766,1,VSM.ResolveTrace,9694464,1
6,12869,3797.0951766,1,VSM.FilterHorizontal,65792,1
6,12869,3797.0951766,1,VSM.FilterVertical,0,0
6,12869,3797.0951766,1,VSM.FilterTemporalVertical,158720,1
7,12870,3797.1281771,1,VSM.LayoutRemap,0,1
7,12870,3797.1281771,1,VSM.ResetFeedback,0,1
7,12870,3797.1281771,1,VSM.MarkReceiverPages,628224,1
7,12870,3797.1281771,1,VSM.Allocate,223488,1
7,12870,3797.1281771,1,VSM.InvalidateStatic,0,0
7,12870,3797.1281771,1,VSM.ClearPhysicalPages,89856,1
7,12870,3797.1281771,1,VSM.StaticCasterCull,67072,1
7,12870,3797.1281771,1,VSM.DynamicCasterCull,0,1
7,12870,3797.1281771,1,VSM.PageCull,48384,1
7,12870,3797.1281771,1,VSM.StaticRaster,7680,1
7,12870,3797.1281771,1,VSM.FinalizePages,2048,1
7,12870,3797.1281771,1,VSM.DynamicRaster,13568,1
7,12870,3797.1281771,1,VSM.UnityCompatibilityRaster,0,0
7,12870,3797.1281771,1,VSM.Resolve,10237184,1
7,12870,3797.1281771,1,VSM.ResolveTrace,10011648,1
7,12870,3797.1281771,1,VSM.FilterHorizontal,67072,1
7,12870,3797.1281771,1,VSM.FilterVertical,0,0
7,12870,3797.1281771,1,VSM.FilterTemporalVertical,157184,1
8,12871,3797.162911,1,VSM.LayoutRemap,2304,1
8,12871,3797.162911,1,VSM.ResetFeedback,2048,1
8,12871,3797.162911,1,VSM.MarkReceiverPages,909824,1
8,12871,3797.162911,1,VSM.Allocate,1934848,1
8,12871,3797.162911,1,VSM.InvalidateStatic,2048,1
8,12871,3797.162911,1,VSM.ClearPhysicalPages,173568,1
8,12871,3797.162911,1,VSM.StaticCasterCull,57088,1
8,12871,3797.162911,1,VSM.DynamicCasterCull,256,1
8,12871,3797.162911,1,VSM.PageCull,37632,1
8,12871,3797.162911,1,VSM.StaticRaster,7991552,1
8,12871,3797.162911,1,VSM.FinalizePages,8448,1
8,12871,3797.162911,1,VSM.DynamicRaster,15104,1
8,12871,3797.162911,1,VSM.UnityCompatibilityRaster,0,0
8,12871,3797.162911,1,VSM.Resolve,11224064,1
8,12871,3797.162911,1,VSM.ResolveTrace,11085824,1
8,12871,3797.162911,1,VSM.FilterHorizontal,64512,1
8,12871,3797.162911,1,VSM.FilterVertical,0,0
8,12871,3797.162911,1,VSM.FilterTemporalVertical,72960,1
9,12872,3797.1973801,1,VSM.LayoutRemap,2560,1
9,12872,3797.1973801,1,VSM.ResetFeedback,2048,1
9,12872,3797.1973801,1,VSM.MarkReceiverPages,1029888,1
9,12872,3797.1973801,1,VSM.Allocate,1934592,1
9,12872,3797.1973801,1,VSM.InvalidateStatic,2048,1
9,12872,3797.1973801,1,VSM.ClearPhysicalPages,173824,1
9,12872,3797.1973801,1,VSM.StaticCasterCull,58112,1
9,12872,3797.1973801,1,VSM.DynamicCasterCull,0,1
9,12872,3797.1973801,1,VSM.PageCull,39168,1
9,12872,3797.1973801,1,VSM.StaticRaster,8330496,1
9,12872,3797.1973801,1,VSM.FinalizePages,8448,1
9,12872,3797.1973801,1,VSM.DynamicRaster,15872,1
9,12872,3797.1973801,1,VSM.UnityCompatibilityRaster,0,0
9,12872,3797.1973801,1,VSM.Resolve,12382720,1
9,12872,3797.1973801,1,VSM.ResolveTrace,12244992,1
9,12872,3797.1973801,1,VSM.FilterHorizontal,63488,1
9,12872,3797.1973801,1,VSM.FilterVertical,0,0
9,12872,3797.1973801,1,VSM.FilterTemporalVertical,72960,1
10,12873,3797.2309683,1,VSM.LayoutRemap,2560,1
10,12873,3797.2309683,1,VSM.ResetFeedback,1792,1
10,12873,3797.2309683,1,VSM.MarkReceiverPages,856576,1
10,12873,3797.2309683,1,VSM.Allocate,1934592,1
10,12873,3797.2309683,1,VSM.InvalidateStatic,2048,1
10,12873,3797.2309683,1,VSM.ClearPhysicalPages,174080,1
10,12873,3797.2309683,1,VSM.StaticCasterCull,57856,1
10,12873,3797.2309683,1,VSM.DynamicCasterCull,0,1
10,12873,3797.2309683,1,VSM.PageCull,38400,1
10,12873,3797.2309683,1,VSM.StaticRaster,8253440,1
10,12873,3797.2309683,1,VSM.FinalizePages,8704,1
10,12873,3797.2309683,1,VSM.DynamicRaster,15872,1
10,12873,3797.2309683,1,VSM.UnityCompatibilityRaster,0,0
10,12873,3797.2309683,1,VSM.Resolve,13155328,1
10,12873,3797.2309683,1,VSM.ResolveTrace,13016320,1
10,12873,3797.2309683,1,VSM.FilterHorizontal,64768,1
10,12873,3797.2309683,1,VSM.FilterVertical,0,0
10,12873,3797.2309683,1,VSM.FilterTemporalVertical,73472,1
11,12874,3797.2634903999997,1,VSM.LayoutRemap,2560,1
11,12874,3797.2634903999997,1,VSM.ResetFeedback,2048,1
11,12874,3797.2634903999997,1,VSM.MarkReceiverPages,930560,1
11,12874,3797.2634903999997,1,VSM.Allocate,1932544,1
11,12874,3797.2634903999997,1,VSM.InvalidateStatic,2048,1
11,12874,3797.2634903999997,1,VSM.ClearPhysicalPages,173824,1
11,12874,3797.2634903999997,1,VSM.StaticCasterCull,55808,1
11,12874,3797.2634903999997,1,VSM.DynamicCasterCull,256,1
11,12874,3797.2634903999997,1,VSM.PageCull,36608,1
11,12874,3797.2634903999997,1,VSM.StaticRaster,8298240,1
11,12874,3797.2634903999997,1,VSM.FinalizePages,8704,1
11,12874,3797.2634903999997,1,VSM.DynamicRaster,16384,1
11,12874,3797.2634903999997,1,VSM.UnityCompatibilityRaster,0,0
11,12874,3797.2634903999997,1,VSM.Resolve,13232128,1
11,12874,3797.2634903999997,1,VSM.ResolveTrace,13093888,1
11,12874,3797.2634903999997,1,VSM.FilterHorizontal,64256,1
11,12874,3797.2634903999997,1,VSM.FilterVertical,0,0
11,12874,3797.2634903999997,1,VSM.FilterTemporalVertical,72704,1
12,12875,3797.2959877,1,VSM.LayoutRemap,2304,1
12,12875,3797.2959877,1,VSM.ResetFeedback,1792,1
12,12875,3797.2959877,1,VSM.MarkReceiverPages,652288,1
12,12875,3797.2959877,1,VSM.Allocate,1934336,1
12,12875,3797.2959877,1,VSM.InvalidateStatic,2048,1
12,12875,3797.2959877,1,VSM.ClearPhysicalPages,173824,1
12,12875,3797.2959877,1,VSM.StaticCasterCull,57856,1
12,12875,3797.2959877,1,VSM.DynamicCasterCull,256,1
12,12875,3797.2959877,1,VSM.PageCull,38912,1
12,12875,3797.2959877,1,VSM.StaticRaster,8101632,1
12,12875,3797.2959877,1,VSM.FinalizePages,12288,1
12,12875,3797.2959877,1,VSM.DynamicRaster,15872,1
12,12875,3797.2959877,1,VSM.UnityCompatibilityRaster,0,0
12,12875,3797.2959877,1,VSM.Resolve,12755456,1
12,12875,3797.2959877,1,VSM.ResolveTrace,12616960,1
12,12875,3797.2959877,1,VSM.FilterHorizontal,64768,1
12,12875,3797.2959877,1,VSM.FilterVertical,0,0
12,12875,3797.2959877,1,VSM.FilterTemporalVertical,72448,1
13,12876,3797.3294121,1,VSM.LayoutRemap,2304,1
13,12876,3797.3294121,1,VSM.ResetFeedback,2048,1
13,12876,3797.3294121,1,VSM.MarkReceiverPages,1017600,1
13,12876,3797.3294121,1,VSM.Allocate,1938176,1
13,12876,3797.3294121,1,VSM.InvalidateStatic,2304,1
13,12876,3797.3294121,1,VSM.ClearPhysicalPages,173824,1
13,12876,3797.3294121,1,VSM.StaticCasterCull,58368,1
13,12876,3797.3294121,1,VSM.DynamicCasterCull,0,1
13,12876,3797.3294121,1,VSM.PageCull,38912,1
13,12876,3797.3294121,1,VSM.StaticRaster,8256256,1
13,12876,3797.3294121,1,VSM.FinalizePages,8704,1
13,12876,3797.3294121,1,VSM.DynamicRaster,17664,1
13,12876,3797.3294121,1,VSM.UnityCompatibilityRaster,0,0
13,12876,3797.3294121,1,VSM.Resolve,11480064,1
13,12876,3797.3294121,1,VSM.ResolveTrace,11342592,1
13,12876,3797.3294121,1,VSM.FilterHorizontal,64256,1
13,12876,3797.3294121,1,VSM.FilterVertical,0,0
13,12876,3797.3294121,1,VSM.FilterTemporalVertical,71680,1
14,12877,3797.3636025,1,VSM.LayoutRemap,2560,1
14,12877,3797.3636025,1,VSM.ResetFeedback,1792,1
14,12877,3797.3636025,1,VSM.MarkReceiverPages,923904,1
14,12877,3797.3636025,1,VSM.Allocate,1933056,1
14,12877,3797.3636025,1,VSM.InvalidateStatic,2048,1
14,12877,3797.3636025,1,VSM.ClearPhysicalPages,173824,1
14,12877,3797.3636025,1,VSM.StaticCasterCull,57344,1
14,12877,3797.3636025,1,VSM.DynamicCasterCull,256,1
14,12877,3797.3636025,1,VSM.PageCull,37888,1
14,12877,3797.3636025,1,VSM.StaticRaster,8152576,1
14,12877,3797.3636025,1,VSM.FinalizePages,8704,1
14,12877,3797.3636025,1,VSM.DynamicRaster,16896,1
14,12877,3797.3636025,1,VSM.UnityCompatibilityRaster,0,0
14,12877,3797.3636025,1,VSM.Resolve,12839680,1
14,12877,3797.3636025,1,VSM.ResolveTrace,12700928,1
14,12877,3797.3636025,1,VSM.FilterHorizontal,64768,1
14,12877,3797.3636025,1,VSM.FilterVertical,0,0
14,12877,3797.3636025,1,VSM.FilterTemporalVertical,72704,1
15,12878,3797.3981283999997,1,VSM.LayoutRemap,2304,1
15,12878,3797.3981283999997,1,VSM.ResetFeedback,2048,1
15,12878,3797.3981283999997,1,VSM.MarkReceiverPages,839424,1
15,12878,3797.3981283999997,1,VSM.Allocate,1932800,1
15,12878,3797.3981283999997,1,VSM.InvalidateStatic,2048,1
15,12878,3797.3981283999997,1,VSM.ClearPhysicalPages,174080,1
15,12878,3797.3981283999997,1,VSM.StaticCasterCull,57088,1
15,12878,3797.3981283999997,1,VSM.DynamicCasterCull,256,1
15,12878,3797.3981283999997,1,VSM.PageCull,38400,1
15,12878,3797.3981283999997,1,VSM.StaticRaster,8268800,1
15,12878,3797.3981283999997,1,VSM.FinalizePages,7168,1
15,12878,3797.3981283999997,1,VSM.DynamicRaster,17152,1
15,12878,3797.3981283999997,1,VSM.UnityCompatibilityRaster,0,0
15,12878,3797.3981283999997,1,VSM.Resolve,12937472,1
15,12878,3797.3981283999997,1,VSM.ResolveTrace,12798976,1
15,12878,3797.3981283999997,1,VSM.FilterHorizontal,65024,1
15,12878,3797.3981283999997,1,VSM.FilterVertical,0,0
15,12878,3797.3981283999997,1,VSM.FilterTemporalVertical,72448,1
16,12879,3797.4316845999997,1,VSM.LayoutRemap,2304,1
16,12879,3797.4316845999997,1,VSM.ResetFeedback,1536,1
16,12879,3797.4316845999997,1,VSM.MarkReceiverPages,958464,1
16,12879,3797.4316845999997,1,VSM.Allocate,1942272,1
16,12879,3797.4316845999997,1,VSM.InvalidateStatic,2304,1
16,12879,3797.4316845999997,1,VSM.ClearPhysicalPages,173568,1
16,12879,3797.4316845999997,1,VSM.StaticCasterCull,59648,1
16,12879,3797.4316845999997,1,VSM.DynamicCasterCull,0,1
16,12879,3797.4316845999997,1,VSM.PageCull,40448,1
16,12879,3797.4316845999997,1,VSM.StaticRaster,8602112,1
16,12879,3797.4316845999997,1,VSM.FinalizePages,8704,1
16,12879,3797.4316845999997,1,VSM.DynamicRaster,16896,1
16,12879,3797.4316845999997,1,VSM.UnityCompatibilityRaster,0,0
16,12879,3797.4316845999997,1,VSM.Resolve,11521536,1
16,12879,3797.4316845999997,1,VSM.ResolveTrace,11380224,1
16,12879,3797.4316845999997,1,VSM.FilterHorizontal,66816,1
16,12879,3797.4316845999997,1,VSM.FilterVertical,0,0
16,12879,3797.4316845999997,1,VSM.FilterTemporalVertical,73216,1
17,12880,3797.4698909999997,1,VSM.LayoutRemap,2304,1
17,12880,3797.4698909999997,1,VSM.ResetFeedback,1536,1
17,12880,3797.4698909999997,1,VSM.MarkReceiverPages,972544,1
17,12880,3797.4698909999997,1,VSM.Allocate,1941760,1
17,12880,3797.4698909999997,1,VSM.InvalidateStatic,2304,1
17,12880,3797.4698909999997,1,VSM.ClearPhysicalPages,173568,1
17,12880,3797.4698909999997,1,VSM.StaticCasterCull,59136,1
17,12880,3797.4698909999997,1,VSM.DynamicCasterCull,0,1
17,12880,3797.4698909999997,1,VSM.PageCull,39424,1
17,12880,3797.4698909999997,1,VSM.StaticRaster,8198656,1
17,12880,3797.4698909999997,1,VSM.FinalizePages,8704,1
17,12880,3797.4698909999997,1,VSM.DynamicRaster,16896,1
17,12880,3797.4698909999997,1,VSM.UnityCompatibilityRaster,0,0
17,12880,3797.4698909999997,1,VSM.Resolve,13445888,1
17,12880,3797.4698909999997,1,VSM.ResolveTrace,13304832,1
17,12880,3797.4698909999997,1,VSM.FilterHorizontal,67328,1
17,12880,3797.4698909999997,1,VSM.FilterVertical,0,0
17,12880,3797.4698909999997,1,VSM.FilterTemporalVertical,72704,1
18,12881,3797.5055643,1,VSM.LayoutRemap,2304,1
18,12881,3797.5055643,1,VSM.ResetFeedback,1536,1
18,12881,3797.5055643,1,VSM.MarkReceiverPages,791808,1
18,12881,3797.5055643,1,VSM.Allocate,1931776,1
18,12881,3797.5055643,1,VSM.InvalidateStatic,2048,1
18,12881,3797.5055643,1,VSM.ClearPhysicalPages,174080,1
18,12881,3797.5055643,1,VSM.StaticCasterCull,57088,1
18,12881,3797.5055643,1,VSM.DynamicCasterCull,0,1
18,12881,3797.5055643,1,VSM.PageCull,38400,1
18,12881,3797.5055643,1,VSM.StaticRaster,8618496,1
18,12881,3797.5055643,1,VSM.FinalizePages,9728,1
18,12881,3797.5055643,1,VSM.DynamicRaster,16640,1
18,12881,3797.5055643,1,VSM.UnityCompatibilityRaster,0,0
18,12881,3797.5055643,1,VSM.Resolve,12707584,1
18,12881,3797.5055643,1,VSM.ResolveTrace,12568064,1
18,12881,3797.5055643,1,VSM.FilterHorizontal,65792,1
18,12881,3797.5055643,1,VSM.FilterVertical,0,0
18,12881,3797.5055643,1,VSM.FilterTemporalVertical,72704,1
19,12882,3797.5414968,1,VSM.LayoutRemap,2304,1
19,12882,3797.5414968,1,VSM.ResetFeedback,2048,1
19,12882,3797.5414968,1,VSM.MarkReceiverPages,616448,1
19,12882,3797.5414968,1,VSM.Allocate,1935360,1
19,12882,3797.5414968,1,VSM.InvalidateStatic,2048,1
19,12882,3797.5414968,1,VSM.ClearPhysicalPages,173824,1
19,12882,3797.5414968,1,VSM.StaticCasterCull,58624,1
19,12882,3797.5414968,1,VSM.DynamicCasterCull,256,1
19,12882,3797.5414968,1,VSM.PageCull,38912,1
19,12882,3797.5414968,1,VSM.StaticRaster,8479232,1
19,12882,3797.5414968,1,VSM.FinalizePages,4608,1
19,12882,3797.5414968,1,VSM.DynamicRaster,16384,1
19,12882,3797.5414968,1,VSM.UnityCompatibilityRaster,0,0
19,12882,3797.5414968,1,VSM.Resolve,16320256,1
19,12882,3797.5414968,1,VSM.ResolveTrace,15990016,1
19,12882,3797.5414968,1,VSM.FilterHorizontal,65536,1
19,12882,3797.5414968,1,VSM.FilterVertical,0,0
19,12882,3797.5414968,1,VSM.FilterTemporalVertical,263168,1
20,12883,3797.5790125,1,VSM.LayoutRemap,2304,1
20,12883,3797.5790125,1,VSM.ResetFeedback,1792,1
20,12883,3797.5790125,1,VSM.MarkReceiverPages,920832,1
20,12883,3797.5790125,1,VSM.Allocate,1943296,1
20,12883,3797.5790125,1,VSM.InvalidateStatic,2304,1
20,12883,3797.5790125,1,VSM.ClearPhysicalPages,174080,1
20,12883,3797.5790125,1,VSM.StaticCasterCull,57088,1
20,12883,3797.5790125,1,VSM.DynamicCasterCull,0,1
20,12883,3797.5790125,1,VSM.PageCull,38144,1
20,12883,3797.5790125,1,VSM.StaticRaster,8334080,1
20,12883,3797.5790125,1,VSM.FinalizePages,9216,1
20,12883,3797.5790125,1,VSM.DynamicRaster,16384,1
20,12883,3797.5790125,1,VSM.UnityCompatibilityRaster,0,0
20,12883,3797.5790125,1,VSM.Resolve,15281152,1
20,12883,3797.5790125,1,VSM.ResolveTrace,15142144,1
20,12883,3797.5790125,1,VSM.FilterHorizontal,65024,1
20,12883,3797.5790125,1,VSM.FilterVertical,0,0
20,12883,3797.5790125,1,VSM.FilterTemporalVertical,72960,1
21,12884,3797.6147768,1,VSM.LayoutRemap,2304,1
21,12884,3797.6147768,1,VSM.ResetFeedback,1792,1
21,12884,3797.6147768,1,VSM.MarkReceiverPages,619008,1
21,12884,3797.6147768,1,VSM.Allocate,1936384,1
21,12884,3797.6147768,1,VSM.InvalidateStatic,2304,1
21,12884,3797.6147768,1,VSM.ClearPhysicalPages,174080,1
21,12884,3797.6147768,1,VSM.StaticCasterCull,59392,1
21,12884,3797.6147768,1,VSM.DynamicCasterCull,0,1
21,12884,3797.6147768,1,VSM.PageCull,39680,1
21,12884,3797.6147768,1,VSM.StaticRaster,8189184,1
21,12884,3797.6147768,1,VSM.FinalizePages,8448,1
21,12884,3797.6147768,1,VSM.DynamicRaster,14336,1
21,12884,3797.6147768,1,VSM.UnityCompatibilityRaster,0,0
21,12884,3797.6147768,1,VSM.Resolve,16386560,1
21,12884,3797.6147768,1,VSM.ResolveTrace,16247296,1
21,12884,3797.6147768,1,VSM.FilterHorizontal,64768,1
21,12884,3797.6147768,1,VSM.FilterVertical,0,0
21,12884,3797.6147768,1,VSM.FilterTemporalVertical,73472,1
22,12885,3797.650792,1,VSM.LayoutRemap,2304,1
22,12885,3797.650792,1,VSM.ResetFeedback,1792,1
22,12885,3797.650792,1,VSM.MarkReceiverPages,937216,1
22,12885,3797.650792,1,VSM.Allocate,1944832,1
22,12885,3797.650792,1,VSM.InvalidateStatic,2304,1
22,12885,3797.650792,1,VSM.ClearPhysicalPages,346368,1
22,12885,3797.650792,1,VSM.StaticCasterCull,57856,1
22,12885,3797.650792,1,VSM.DynamicCasterCull,0,1
22,12885,3797.650792,1,VSM.PageCull,38144,1
22,12885,3797.650792,1,VSM.StaticRaster,8304384,1
22,12885,3797.650792,1,VSM.FinalizePages,3584,1
22,12885,3797.650792,1,VSM.DynamicRaster,14848,1
22,12885,3797.650792,1,VSM.UnityCompatibilityRaster,0,0
22,12885,3797.650792,1,VSM.Resolve,15540736,1
22,12885,3797.650792,1,VSM.ResolveTrace,15402496,1
22,12885,3797.650792,1,VSM.FilterHorizontal,64512,1
22,12885,3797.650792,1,VSM.FilterVertical,0,0
22,12885,3797.650792,1,VSM.FilterTemporalVertical,72704,1
23,12886,3797.6847481,1,VSM.LayoutRemap,2560,1
23,12886,3797.6847481,1,VSM.ResetFeedback,1792,1
23,12886,3797.6847481,1,VSM.MarkReceiverPages,940800,1
23,12886,3797.6847481,1,VSM.Allocate,1944576,1
23,12886,3797.6847481,1,VSM.InvalidateStatic,2560,1
23,12886,3797.6847481,1,VSM.ClearPhysicalPages,174080,1
23,12886,3797.6847481,1,VSM.StaticCasterCull,57344,1
23,12886,3797.6847481,1,VSM.DynamicCasterCull,256,1
23,12886,3797.6847481,1,VSM.PageCull,37888,1
23,12886,3797.6847481,1,VSM.StaticRaster,8028928,1
23,12886,3797.6847481,1,VSM.FinalizePages,8448,1
23,12886,3797.6847481,1,VSM.DynamicRaster,18176,1
23,12886,3797.6847481,1,VSM.UnityCompatibilityRaster,0,0
23,12886,3797.6847481,1,VSM.Resolve,14966016,1
23,12886,3797.6847481,1,VSM.ResolveTrace,14827520,1
23,12886,3797.6847481,1,VSM.FilterHorizontal,64256,1
23,12886,3797.6847481,1,VSM.FilterVertical,0,0
23,12886,3797.6847481,1,VSM.FilterTemporalVertical,72960,1
24,12887,3797.7187759,1,VSM.LayoutRemap,2304,1
24,12887,3797.7187759,1,VSM.ResetFeedback,1792,1
24,12887,3797.7187759,1,VSM.MarkReceiverPages,839424,1
24,12887,3797.7187759,1,VSM.Allocate,1935872,1
24,12887,3797.7187759,1,VSM.InvalidateStatic,2048,1
24,12887,3797.7187759,1,VSM.ClearPhysicalPages,173568,1
24,12887,3797.7187759,1,VSM.StaticCasterCull,59136,1
24,12887,3797.7187759,1,VSM.DynamicCasterCull,0,1
24,12887,3797.7187759,1,VSM.PageCull,39680,1
24,12887,3797.7187759,1,VSM.StaticRaster,8558336,1
24,12887,3797.7187759,1,VSM.FinalizePages,8704,1
24,12887,3797.7187759,1,VSM.DynamicRaster,17664,1
24,12887,3797.7187759,1,VSM.UnityCompatibilityRaster,0,0
24,12887,3797.7187759,1,VSM.Resolve,14220288,1
24,12887,3797.7187759,1,VSM.ResolveTrace,14084096,1
24,12887,3797.7187759,1,VSM.FilterHorizontal,64512,1
24,12887,3797.7187759,1,VSM.FilterVertical,0,0
24,12887,3797.7187759,1,VSM.FilterTemporalVertical,70400,1
25,12888,3797.7499405,1,VSM.LayoutRemap,2304,1
25,12888,3797.7499405,1,VSM.ResetFeedback,2048,1
25,12888,3797.7499405,1,VSM.MarkReceiverPages,641536,1
25,12888,3797.7499405,1,VSM.Allocate,1933312,1
25,12888,3797.7499405,1,VSM.InvalidateStatic,2304,1
25,12888,3797.7499405,1,VSM.ClearPhysicalPages,174080,1
25,12888,3797.7499405,1,VSM.StaticCasterCull,57344,1
25,12888,3797.7499405,1,VSM.DynamicCasterCull,0,1
25,12888,3797.7499405,1,VSM.PageCull,38144,1
25,12888,3797.7499405,1,VSM.StaticRaster,8453888,1
25,12888,3797.7499405,1,VSM.FinalizePages,3584,1
25,12888,3797.7499405,1,VSM.DynamicRaster,16640,1
25,12888,3797.7499405,1,VSM.UnityCompatibilityRaster,0,0
25,12888,3797.7499405,1,VSM.Resolve,13148672,1
25,12888,3797.7499405,1,VSM.ResolveTrace,13007360,1
25,12888,3797.7499405,1,VSM.FilterHorizontal,67840,1
25,12888,3797.7499405,1,VSM.FilterVertical,0,0
25,12888,3797.7499405,1,VSM.FilterTemporalVertical,72704,1
26,12889,3797.7813447,1,VSM.LayoutRemap,2304,1
26,12889,3797.7813447,1,VSM.ResetFeedback,1536,1
26,12889,3797.7813447,1,VSM.MarkReceiverPages,956672,1
26,12889,3797.7813447,1,VSM.Allocate,1936128,1
26,12889,3797.7813447,1,VSM.InvalidateStatic,2048,1
26,12889,3797.7813447,1,VSM.ClearPhysicalPages,173568,1
26,12889,3797.7813447,1,VSM.StaticCasterCull,59136,1
26,12889,3797.7813447,1,VSM.DynamicCasterCull,0,1
26,12889,3797.7813447,1,VSM.PageCull,40704,1
26,12889,3797.7813447,1,VSM.StaticRaster,7974912,1
26,12889,3797.7813447,1,VSM.FinalizePages,8960,1
26,12889,3797.7813447,1,VSM.DynamicRaster,15104,1
26,12889,3797.7813447,1,VSM.UnityCompatibilityRaster,0,0
26,12889,3797.7813447,1,VSM.Resolve,12419584,1
26,12889,3797.7813447,1,VSM.ResolveTrace,12278272,1
26,12889,3797.7813447,1,VSM.FilterHorizontal,66560,1
26,12889,3797.7813447,1,VSM.FilterVertical,0,0
26,12889,3797.7813447,1,VSM.FilterTemporalVertical,73472,1
27,12890,3797.811319,1,VSM.LayoutRemap,2304,1
27,12890,3797.811319,1,VSM.ResetFeedback,1792,1
27,12890,3797.811319,1,VSM.MarkReceiverPages,680448,1
27,12890,3797.811319,1,VSM.Allocate,1935872,1
27,12890,3797.811319,1,VSM.InvalidateStatic,2304,1
27,12890,3797.811319,1,VSM.ClearPhysicalPages,173568,1
27,12890,3797.811319,1,VSM.StaticCasterCull,57344,1
27,12890,3797.811319,1,VSM.DynamicCasterCull,0,1
27,12890,3797.811319,1,VSM.PageCull,37632,1
27,12890,3797.811319,1,VSM.StaticRaster,8147456,1
27,12890,3797.811319,1,VSM.FinalizePages,7936,1
27,12890,3797.811319,1,VSM.DynamicRaster,15616,1
27,12890,3797.811319,1,VSM.UnityCompatibilityRaster,0,0
27,12890,3797.811319,1,VSM.Resolve,10424576,1
27,12890,3797.811319,1,VSM.ResolveTrace,10284288,1
27,12890,3797.811319,1,VSM.FilterHorizontal,65536,1
27,12890,3797.811319,1,VSM.FilterVertical,0,0
27,12890,3797.811319,1,VSM.FilterTemporalVertical,73472,1
28,12891,3797.8432239999997,1,VSM.LayoutRemap,2304,1
28,12891,3797.8432239999997,1,VSM.ResetFeedback,1536,1
28,12891,3797.8432239999997,1,VSM.MarkReceiverPages,669696,1
28,12891,3797.8432239999997,1,VSM.Allocate,1935872,1
28,12891,3797.8432239999997,1,VSM.InvalidateStatic,2304,1
28,12891,3797.8432239999997,1,VSM.ClearPhysicalPages,174080,1
28,12891,3797.8432239999997,1,VSM.StaticCasterCull,57856,1
28,12891,3797.8432239999997,1,VSM.DynamicCasterCull,0,1
28,12891,3797.8432239999997,1,VSM.PageCull,38656,1
28,12891,3797.8432239999997,1,VSM.StaticRaster,8083456,1
28,12891,3797.8432239999997,1,VSM.FinalizePages,8448,1
28,12891,3797.8432239999997,1,VSM.DynamicRaster,16128,1
28,12891,3797.8432239999997,1,VSM.UnityCompatibilityRaster,0,0
28,12891,3797.8432239999997,1,VSM.Resolve,9849600,1
28,12891,3797.8432239999997,1,VSM.ResolveTrace,9712128,1
28,12891,3797.8432239999997,1,VSM.FilterHorizontal,63744,1
28,12891,3797.8432239999997,1,VSM.FilterVertical,0,0
28,12891,3797.8432239999997,1,VSM.FilterTemporalVertical,72448,1
29,12892,3797.863667,1,VSM.LayoutRemap,2304,1
29,12892,3797.863667,1,VSM.ResetFeedback,1536,1
29,12892,3797.863667,1,VSM.MarkReceiverPages,651264,1
29,12892,3797.863667,1,VSM.Allocate,1932032,1
29,12892,3797.863667,1,VSM.InvalidateStatic,2048,1
29,12892,3797.863667,1,VSM.ClearPhysicalPages,173824,1
29,12892,3797.863667,1,VSM.StaticCasterCull,57856,1
29,12892,3797.863667,1,VSM.DynamicCasterCull,0,1
29,12892,3797.863667,1,VSM.PageCull,38656,1
29,12892,3797.863667,1,VSM.StaticRaster,8131072,1
29,12892,3797.863667,1,VSM.FinalizePages,4096,1
29,12892,3797.863667,1,VSM.DynamicRaster,14336,1
29,12892,3797.863667,1,VSM.UnityCompatibilityRaster,0,0
29,12892,3797.863667,1,VSM.Resolve,9994752,1
29,12892,3797.863667,1,VSM.ResolveTrace,9855744,1
29,12892,3797.863667,1,VSM.FilterHorizontal,65024,1
29,12892,3797.863667,1,VSM.FilterVertical,0,0
29,12892,3797.863667,1,VSM.FilterTemporalVertical,73216,1
30,12893,3797.8841229,1,VSM.LayoutRemap,2560,1
30,12893,3797.8841229,1,VSM.ResetFeedback,1792,1
30,12893,3797.8841229,1,VSM.MarkReceiverPages,640768,1
30,12893,3797.8841229,1,VSM.Allocate,1933312,1
30,12893,3797.8841229,1,VSM.InvalidateStatic,2048,1
30,12893,3797.8841229,1,VSM.ClearPhysicalPages,174080,1
30,12893,3797.8841229,1,VSM.StaticCasterCull,58112,1
30,12893,3797.8841229,1,VSM.DynamicCasterCull,0,1
30,12893,3797.8841229,1,VSM.PageCull,39168,1
30,12893,3797.8841229,1,VSM.StaticRaster,7995648,1
30,12893,3797.8841229,1,VSM.FinalizePages,9216,1
30,12893,3797.8841229,1,VSM.DynamicRaster,15872,1
30,12893,3797.8841229,1,VSM.UnityCompatibilityRaster,0,0
30,12893,3797.8841229,1,VSM.Resolve,11279360,1
30,12893,3797.8841229,1,VSM.ResolveTrace,11138560,1
30,12893,3797.8841229,1,VSM.FilterHorizontal,66560,1
30,12893,3797.8841229,1,VSM.FilterVertical,0,0
30,12893,3797.8841229,1,VSM.FilterTemporalVertical,72960,1
31,12894,3797.9047645,1,VSM.LayoutRemap,0,1
31,12894,3797.9047645,1,VSM.ResetFeedback,0,1
31,12894,3797.9047645,1,VSM.MarkReceiverPages,642816,1
31,12894,3797.9047645,1,VSM.Allocate,221184,1
31,12894,3797.9047645,1,VSM.InvalidateStatic,0,0
31,12894,3797.9047645,1,VSM.ClearPhysicalPages,89856,1
31,12894,3797.9047645,1,VSM.StaticCasterCull,67840,1
31,12894,3797.9047645,1,VSM.DynamicCasterCull,0,1
31,12894,3797.9047645,1,VSM.PageCull,48896,1
31,12894,3797.9047645,1,VSM.StaticRaster,6912,1
31,12894,3797.9047645,1,VSM.FinalizePages,2048,1
31,12894,3797.9047645,1,VSM.DynamicRaster,13568,1
31,12894,3797.9047645,1,VSM.UnityCompatibilityRaster,0,0
31,12894,3797.9047645,1,VSM.Resolve,11560448,1
31,12894,3797.9047645,1,VSM.ResolveTrace,11063552,1
31,12894,3797.9047645,1,VSM.FilterHorizontal,65792,1
31,12894,3797.9047645,1,VSM.FilterVertical,0,0
31,12894,3797.9047645,1,VSM.FilterTemporalVertical,158720,1
32,12895,3797.9235533,1,VSM.LayoutRemap,0,1
32,12895,3797.9235533,1,VSM.ResetFeedback,0,1
32,12895,3797.9235533,1,VSM.MarkReceiverPages,642304,1
32,12895,3797.9235533,1,VSM.Allocate,223232,1
32,12895,3797.9235533,1,VSM.InvalidateStatic,0,0
32,12895,3797.9235533,1,VSM.ClearPhysicalPages,464384,1
32,12895,3797.9235533,1,VSM.StaticCasterCull,73984,1
32,12895,3797.9235533,1,VSM.DynamicCasterCull,0,1
32,12895,3797.9235533,1,VSM.PageCull,50176,1
32,12895,3797.9235533,1,VSM.StaticRaster,3328,1
32,12895,3797.9235533,1,VSM.FinalizePages,2304,1
32,12895,3797.9235533,1,VSM.DynamicRaster,14336,1
32,12895,3797.9235533,1,VSM.UnityCompatibilityRaster,0,0
32,12895,3797.9235533,1,VSM.Resolve,11040256,1
32,12895,3797.9235533,1,VSM.ResolveTrace,10815488,1
32,12895,3797.9235533,1,VSM.FilterHorizontal,64768,1
32,12895,3797.9235533,1,VSM.FilterVertical,0,0
32,12895,3797.9235533,1,VSM.FilterTemporalVertical,158720,1
33,12896,3797.954056,1,VSM.LayoutRemap,0,1
33,12896,3797.954056,1,VSM.ResetFeedback,0,1
33,12896,3797.954056,1,VSM.MarkReceiverPages,643584,1
33,12896,3797.954056,1,VSM.Allocate,220928,1
33,12896,3797.954056,1,VSM.InvalidateStatic,0,0
33,12896,3797.954056,1,VSM.ClearPhysicalPages,90880,1
33,12896,3797.954056,1,VSM.StaticCasterCull,70144,1
33,12896,3797.954056,1,VSM.DynamicCasterCull,0,1
33,12896,3797.954056,1,VSM.PageCull,51968,1
33,12896,3797.954056,1,VSM.StaticRaster,10752,1
33,12896,3797.954056,1,VSM.FinalizePages,1792,1
33,12896,3797.954056,1,VSM.DynamicRaster,14848,1
33,12896,3797.954056,1,VSM.UnityCompatibilityRaster,0,0
33,12896,3797.954056,1,VSM.Resolve,11167744,1
33,12896,3797.954056,1,VSM.ResolveTrace,10939904,1
33,12896,3797.954056,1,VSM.FilterHorizontal,66304,1
33,12896,3797.954056,1,VSM.FilterVertical,0,0
33,12896,3797.954056,1,VSM.FilterTemporalVertical,160768,1
34,12897,3797.9758801999997,1,VSM.LayoutRemap,0,1
34,12897,3797.9758801999997,1,VSM.ResetFeedback,0,1
34,12897,3797.9758801999997,1,VSM.MarkReceiverPages,643840,1
34,12897,3797.9758801999997,1,VSM.Allocate,223744,1
34,12897,3797.9758801999997,1,VSM.InvalidateStatic,0,0
34,12897,3797.9758801999997,1,VSM.ClearPhysicalPages,90112,1
34,12897,3797.9758801999997,1,VSM.StaticCasterCull,68608,1
34,12897,3797.9758801999997,1,VSM.DynamicCasterCull,256,1
34,12897,3797.9758801999997,1,VSM.PageCull,50432,1
34,12897,3797.9758801999997,1,VSM.StaticRaster,6400,1
34,12897,3797.9758801999997,1,VSM.FinalizePages,2048,1
34,12897,3797.9758801999997,1,VSM.DynamicRaster,13824,1
34,12897,3797.9758801999997,1,VSM.UnityCompatibilityRaster,0,0
34,12897,3797.9758801999997,1,VSM.Resolve,9888768,1
34,12897,3797.9758801999997,1,VSM.ResolveTrace,9664000,1
34,12897,3797.9758801999997,1,VSM.FilterHorizontal,65024,1
34,12897,3797.9758801999997,1,VSM.FilterVertical,0,0
34,12897,3797.9758801999997,1,VSM.FilterTemporalVertical,158464,1
35,12898,3797.9965453,1,VSM.LayoutRemap,2560,1
35,12898,3797.9965453,1,VSM.ResetFeedback,2048,1
35,12898,3797.9965453,1,VSM.MarkReceiverPages,632320,1
35,12898,3797.9965453,1,VSM.Allocate,1935616,1
35,12898,3797.9965453,1,VSM.InvalidateStatic,2048,1
35,12898,3797.9965453,1,VSM.ClearPhysicalPages,173824,1
35,12898,3797.9965453,1,VSM.StaticCasterCull,56576,1
35,12898,3797.9965453,1,VSM.DynamicCasterCull,0,1
35,12898,3797.9965453,1,VSM.PageCull,37376,1
35,12898,3797.9965453,1,VSM.StaticRaster,8024576,1
35,12898,3797.9965453,1,VSM.FinalizePages,8704,1
35,12898,3797.9965453,1,VSM.DynamicRaster,14848,1
35,12898,3797.9965453,1,VSM.UnityCompatibilityRaster,0,0
35,12898,3797.9965453,1,VSM.Resolve,10861824,1
35,12898,3797.9965453,1,VSM.ResolveTrace,10723584,1
35,12898,3797.9965453,1,VSM.FilterHorizontal,64768,1
35,12898,3797.9965453,1,VSM.FilterVertical,0,0
35,12898,3797.9965453,1,VSM.FilterTemporalVertical,72448,1
36,12899,3798.0179746999997,1,VSM.LayoutRemap,0,1
36,12899,3798.0179746999997,1,VSM.ResetFeedback,0,1
36,12899,3798.0179746999997,1,VSM.MarkReceiverPages,627712,1
36,12899,3798.0179746999997,1,VSM.Allocate,222208,1
36,12899,3798.0179746999997,1,VSM.InvalidateStatic,0,0
36,12899,3798.0179746999997,1,VSM.ClearPhysicalPages,89856,1
36,12899,3798.0179746999997,1,VSM.StaticCasterCull,652544,1
36,12899,3798.0179746999997,1,VSM.DynamicCasterCull,0,1
36,12899,3798.0179746999997,1,VSM.PageCull,49920,1
36,12899,3798.0179746999997,1,VSM.StaticRaster,7168,1
36,12899,3798.0179746999997,1,VSM.FinalizePages,2304,1
36,12899,3798.0179746999997,1,VSM.DynamicRaster,10496,1
36,12899,3798.0179746999997,1,VSM.UnityCompatibilityRaster,0,0
36,12899,3798.0179746999997,1,VSM.Resolve,12514816,1
36,12899,3798.0179746999997,1,VSM.ResolveTrace,12289280,1
36,12899,3798.0179746999997,1,VSM.FilterHorizontal,65536,1
36,12899,3798.0179746999997,1,VSM.FilterVertical,0,0
36,12899,3798.0179746999997,1,VSM.FilterTemporalVertical,159232,1
37,12900,3798.0358639,1,VSM.LayoutRemap,0,1
37,12900,3798.0358639,1,VSM.ResetFeedback,0,1
37,12900,3798.0358639,1,VSM.MarkReceiverPages,628480,1
37,12900,3798.0358639,1,VSM.Allocate,224768,1
37,12900,3798.0358639,1,VSM.InvalidateStatic,0,0
37,12900,3798.0358639,1,VSM.ClearPhysicalPages,382208,1
37,12900,3798.0358639,1,VSM.StaticCasterCull,67840,1
37,12900,3798.0358639,1,VSM.DynamicCasterCull,256,1
37,12900,3798.0358639,1,VSM.PageCull,48896,1
37,12900,3798.0358639,1,VSM.StaticRaster,7168,1
37,12900,3798.0358639,1,VSM.FinalizePages,2048,1
37,12900,3798.0358639,1,VSM.DynamicRaster,11776,1
37,12900,3798.0358639,1,VSM.UnityCompatibilityRaster,0,0
37,12900,3798.0358639,1,VSM.Resolve,11640064,1
37,12900,3798.0358639,1,VSM.ResolveTrace,11412224,1
37,12900,3798.0358639,1,VSM.FilterHorizontal,67328,1
37,12900,3798.0358639,1,VSM.FilterVertical,0,0
37,12900,3798.0358639,1,VSM.FilterTemporalVertical,159488,1
38,12901,3798.0664853,1,VSM.LayoutRemap,256,1
38,12901,3798.0664853,1,VSM.ResetFeedback,0,1
38,12901,3798.0664853,1,VSM.MarkReceiverPages,628736,1
38,12901,3798.0664853,1,VSM.Allocate,225280,1
38,12901,3798.0664853,1,VSM.InvalidateStatic,0,0
38,12901,3798.0664853,1,VSM.ClearPhysicalPages,90880,1
38,12901,3798.0664853,1,VSM.StaticCasterCull,67328,1
38,12901,3798.0664853,1,VSM.DynamicCasterCull,0,1
38,12901,3798.0664853,1,VSM.PageCull,48384,1
38,12901,3798.0664853,1,VSM.StaticRaster,6912,1
38,12901,3798.0664853,1,VSM.FinalizePages,2560,1
38,12901,3798.0664853,1,VSM.DynamicRaster,12544,1
38,12901,3798.0664853,1,VSM.UnityCompatibilityRaster,0,0
38,12901,3798.0664853,1,VSM.Resolve,11681280,1
38,12901,3798.0664853,1,VSM.ResolveTrace,11456768,1
38,12901,3798.0664853,1,VSM.FilterHorizontal,65536,1
38,12901,3798.0664853,1,VSM.FilterVertical,0,0
38,12901,3798.0664853,1,VSM.FilterTemporalVertical,157696,1
39,12902,3798.0998915,1,VSM.LayoutRemap,0,1
39,12902,3798.0998915,1,VSM.ResetFeedback,0,1
39,12902,3798.0998915,1,VSM.MarkReceiverPages,627712,1
39,12902,3798.0998915,1,VSM.Allocate,226304,1
39,12902,3798.0998915,1,VSM.InvalidateStatic,0,0
39,12902,3798.0998915,1,VSM.ClearPhysicalPages,90368,1
39,12902,3798.0998915,1,VSM.StaticCasterCull,67328,1
39,12902,3798.0998915,1,VSM.DynamicCasterCull,0,1
39,12902,3798.0998915,1,VSM.PageCull,48128,1
39,12902,3798.0998915,1,VSM.StaticRaster,7936,1
39,12902,3798.0998915,1,VSM.FinalizePages,2048,1
39,12902,3798.0998915,1,VSM.DynamicRaster,14080,1
39,12902,3798.0998915,1,VSM.UnityCompatibilityRaster,0,0
39,12902,3798.0998915,1,VSM.Resolve,9795328,1
39,12902,3798.0998915,1,VSM.ResolveTrace,9571584,1
39,12902,3798.0998915,1,VSM.FilterHorizontal,65024,1
39,12902,3798.0998915,1,VSM.FilterVertical,0,0
39,12902,3798.0998915,1,VSM.FilterTemporalVertical,157696,1
40,12903,3798.131762,1,VSM.LayoutRemap,2304,1
40,12903,3798.131762,1,VSM.ResetFeedback,1792,1
40,12903,3798.131762,1,VSM.MarkReceiverPages,1005568,1
40,12903,3798.131762,1,VSM.Allocate,1945856,1
40,12903,3798.131762,1,VSM.InvalidateStatic,2304,1
40,12903,3798.131762,1,VSM.ClearPhysicalPages,174336,1
40,12903,3798.131762,1,VSM.StaticCasterCull,58880,1
40,12903,3798.131762,1,VSM.DynamicCasterCull,0,1
40,12903,3798.131762,1,VSM.PageCull,39424,1
40,12903,3798.131762,1,VSM.StaticRaster,8041216,1
40,12903,3798.131762,1,VSM.FinalizePages,3328,1
40,12903,3798.131762,1,VSM.DynamicRaster,17152,1
40,12903,3798.131762,1,VSM.UnityCompatibilityRaster,0,0
40,12903,3798.131762,1,VSM.Resolve,11367936,1
40,12903,3798.131762,1,VSM.ResolveTrace,10898688,1
40,12903,3798.131762,1,VSM.FilterHorizontal,68096,1
40,12903,3798.131762,1,VSM.FilterVertical,0,0
40,12903,3798.131762,1,VSM.FilterTemporalVertical,72960,1
41,12904,3798.1630802,1,VSM.LayoutRemap,2560,1
41,12904,3798.1630802,1,VSM.ResetFeedback,1792,1
41,12904,3798.1630802,1,VSM.MarkReceiverPages,636416,1
41,12904,3798.1630802,1,VSM.Allocate,1936384,1
41,12904,3798.1630802,1,VSM.InvalidateStatic,2048,1
41,12904,3798.1630802,1,VSM.ClearPhysicalPages,173824,1
41,12904,3798.1630802,1,VSM.StaticCasterCull,60160,1
41,12904,3798.1630802,1,VSM.DynamicCasterCull,0,1
41,12904,3798.1630802,1,VSM.PageCull,41216,1
41,12904,3798.1630802,1,VSM.StaticRaster,8496640,1
41,12904,3798.1630802,1,VSM.FinalizePages,8704,1
41,12904,3798.1630802,1,VSM.DynamicRaster,17408,1
41,12904,3798.1630802,1,VSM.UnityCompatibilityRaster,0,0
41,12904,3798.1630802,1,VSM.Resolve,12702720,1
41,12904,3798.1630802,1,VSM.ResolveTrace,12562944,1
41,12904,3798.1630802,1,VSM.FilterHorizontal,64512,1
41,12904,3798.1630802,1,VSM.FilterVertical,0,0
41,12904,3798.1630802,1,VSM.FilterTemporalVertical,73728,1
42,12905,3798.1992032,1,VSM.LayoutRemap,2304,1
42,12905,3798.1992032,1,VSM.ResetFeedback,1536,1
42,12905,3798.1992032,1,VSM.MarkReceiverPages,643584,1
42,12905,3798.1992032,1,VSM.Allocate,1936128,1
42,12905,3798.1992032,1,VSM.InvalidateStatic,2304,1
42,12905,3798.1992032,1,VSM.ClearPhysicalPages,174080,1
42,12905,3798.1992032,1,VSM.StaticCasterCull,56576,1
42,12905,3798.1992032,1,VSM.DynamicCasterCull,0,1
42,12905,3798.1992032,1,VSM.PageCull,37632,1
42,12905,3798.1992032,1,VSM.StaticRaster,8461824,1
42,12905,3798.1992032,1,VSM.FinalizePages,12544,1
42,12905,3798.1992032,1,VSM.DynamicRaster,15872,1
42,12905,3798.1992032,1,VSM.UnityCompatibilityRaster,0,0
42,12905,3798.1992032,1,VSM.Resolve,11200512,1
42,12905,3798.1992032,1,VSM.ResolveTrace,11063040,1
42,12905,3798.1992032,1,VSM.FilterHorizontal,64000,1
42,12905,3798.1992032,1,VSM.FilterVertical,0,0
42,12905,3798.1992032,1,VSM.FilterTemporalVertical,72448,1
43,12906,3798.2322122,1,VSM.LayoutRemap,2304,1
43,12906,3798.2322122,1,VSM.ResetFeedback,1792,1
43,12906,3798.2322122,1,VSM.MarkReceiverPages,651520,1
43,12906,3798.2322122,1,VSM.Allocate,1933312,1
43,12906,3798.2322122,1,VSM.InvalidateStatic,2048,1
43,12906,3798.2322122,1,VSM.ClearPhysicalPages,173568,1
43,12906,3798.2322122,1,VSM.StaticCasterCull,59136,1
43,12906,3798.2322122,1,VSM.DynamicCasterCull,256,1
43,12906,3798.2322122,1,VSM.PageCull,39680,1
43,12906,3798.2322122,1,VSM.StaticRaster,8361472,1
43,12906,3798.2322122,1,VSM.FinalizePages,4096,1
43,12906,3798.2322122,1,VSM.DynamicRaster,16384,1
43,12906,3798.2322122,1,VSM.UnityCompatibilityRaster,0,0
43,12906,3798.2322122,1,VSM.Resolve,11329280,1
43,12906,3798.2322122,1,VSM.ResolveTrace,11016960,1
43,12906,3798.2322122,1,VSM.FilterHorizontal,66304,1
43,12906,3798.2322122,1,VSM.FilterVertical,0,0
43,12906,3798.2322122,1,VSM.FilterTemporalVertical,245248,1
44,12907,3798.2623335,1,VSM.LayoutRemap,2304,1
44,12907,3798.2623335,1,VSM.ResetFeedback,1792,1
44,12907,3798.2623335,1,VSM.MarkReceiverPages,1011712,1
44,12907,3798.2623335,1,VSM.Allocate,1939200,1
44,12907,3798.2623335,1,VSM.InvalidateStatic,2304,1
44,12907,3798.2623335,1,VSM.ClearPhysicalPages,174080,1
44,12907,3798.2623335,1,VSM.StaticCasterCull,58880,1
44,12907,3798.2623335,1,VSM.DynamicCasterCull,256,1
44,12907,3798.2623335,1,VSM.PageCull,39168,1
44,12907,3798.2623335,1,VSM.StaticRaster,8335616,1
44,12907,3798.2623335,1,VSM.FinalizePages,3328,1
44,12907,3798.2623335,1,VSM.DynamicRaster,16384,1
44,12907,3798.2623335,1,VSM.UnityCompatibilityRaster,0,0
44,12907,3798.2623335,1,VSM.Resolve,13218816,1
44,12907,3798.2623335,1,VSM.ResolveTrace,13079808,1
44,12907,3798.2623335,1,VSM.FilterHorizontal,65280,1
44,12907,3798.2623335,1,VSM.FilterVertical,0,0
44,12907,3798.2623335,1,VSM.FilterTemporalVertical,72704,1
45,12908,3798.2938968999997,1,VSM.LayoutRemap,2304,1
45,12908,3798.2938968999997,1,VSM.ResetFeedback,1792,1
45,12908,3798.2938968999997,1,VSM.MarkReceiverPages,647936,1
45,12908,3798.2938968999997,1,VSM.Allocate,1932800,1
45,12908,3798.2938968999997,1,VSM.InvalidateStatic,2304,1
45,12908,3798.2938968999997,1,VSM.ClearPhysicalPages,173824,1
45,12908,3798.2938968999997,1,VSM.StaticCasterCull,58880,1
45,12908,3798.2938968999997,1,VSM.DynamicCasterCull,0,1
45,12908,3798.2938968999997,1,VSM.PageCull,39680,1
45,12908,3798.2938968999997,1,VSM.StaticRaster,8159744,1
45,12908,3798.2938968999997,1,VSM.FinalizePages,8448,1
45,12908,3798.2938968999997,1,VSM.DynamicRaster,18176,1
45,12908,3798.2938968999997,1,VSM.UnityCompatibilityRaster,0,0
45,12908,3798.2938968999997,1,VSM.Resolve,12886016,1
45,12908,3798.2938968999997,1,VSM.ResolveTrace,12392192,1
45,12908,3798.2938968999997,1,VSM.FilterHorizontal,65280,1
45,12908,3798.2938968999997,1,VSM.FilterVertical,0,0
45,12908,3798.2938968999997,1,VSM.FilterTemporalVertical,72704,1
46,12909,3798.3254099,1,VSM.LayoutRemap,2560,1
46,12909,3798.3254099,1,VSM.ResetFeedback,1792,1
46,12909,3798.3254099,1,VSM.MarkReceiverPages,640256,1
46,12909,3798.3254099,1,VSM.Allocate,1929728,1
46,12909,3798.3254099,1,VSM.InvalidateStatic,2304,1
46,12909,3798.3254099,1,VSM.ClearPhysicalPages,174080,1
46,12909,3798.3254099,1,VSM.StaticCasterCull,58880,1
46,12909,3798.3254099,1,VSM.DynamicCasterCull,0,1
46,12909,3798.3254099,1,VSM.PageCull,39680,1
46,12909,3798.3254099,1,VSM.StaticRaster,8285696,1
46,12909,3798.3254099,1,VSM.FinalizePages,8704,1
46,12909,3798.3254099,1,VSM.DynamicRaster,17664,1
46,12909,3798.3254099,1,VSM.UnityCompatibilityRaster,0,0
46,12909,3798.3254099,1,VSM.Resolve,10397440,1
46,12909,3798.3254099,1,VSM.ResolveTrace,10258944,1
46,12909,3798.3254099,1,VSM.FilterHorizontal,64768,1
46,12909,3798.3254099,1,VSM.FilterVertical,0,0
46,12909,3798.3254099,1,VSM.FilterTemporalVertical,72448,1
47,12910,3798.3576599,1,VSM.LayoutRemap,2560,1
47,12910,3798.3576599,1,VSM.ResetFeedback,2048,1
47,12910,3798.3576599,1,VSM.MarkReceiverPages,898816,1
47,12910,3798.3576599,1,VSM.Allocate,1933056,1
47,12910,3798.3576599,1,VSM.InvalidateStatic,2048,1
47,12910,3798.3576599,1,VSM.ClearPhysicalPages,173824,1
47,12910,3798.3576599,1,VSM.StaticCasterCull,61440,1
47,12910,3798.3576599,1,VSM.DynamicCasterCull,0,1
47,12910,3798.3576599,1,VSM.PageCull,42496,1
47,12910,3798.3576599,1,VSM.StaticRaster,8132352,1
47,12910,3798.3576599,1,VSM.FinalizePages,9472,1
47,12910,3798.3576599,1,VSM.DynamicRaster,16896,1
47,12910,3798.3576599,1,VSM.UnityCompatibilityRaster,0,0
47,12910,3798.3576599,1,VSM.Resolve,11976448,1
47,12910,3798.3576599,1,VSM.ResolveTrace,11836928,1
47,12910,3798.3576599,1,VSM.FilterHorizontal,65280,1
47,12910,3798.3576599,1,VSM.FilterVertical,0,0
47,12910,3798.3576599,1,VSM.FilterTemporalVertical,73216,1
48,12911,3798.3899114,1,VSM.LayoutRemap,2560,1
48,12911,3798.3899114,1,VSM.ResetFeedback,1792,1
48,12911,3798.3899114,1,VSM.MarkReceiverPages,635392,1
48,12911,3798.3899114,1,VSM.Allocate,1934080,1
48,12911,3798.3899114,1,VSM.InvalidateStatic,2560,1
48,12911,3798.3899114,1,VSM.ClearPhysicalPages,173824,1
48,12911,3798.3899114,1,VSM.StaticCasterCull,58112,1
48,12911,3798.3899114,1,VSM.DynamicCasterCull,256,1
48,12911,3798.3899114,1,VSM.PageCull,39168,1
48,12911,3798.3899114,1,VSM.StaticRaster,8200960,1
48,12911,3798.3899114,1,VSM.FinalizePages,8192,1
48,12911,3798.3899114,1,VSM.DynamicRaster,14592,1
48,12911,3798.3899114,1,VSM.UnityCompatibilityRaster,0,0
48,12911,3798.3899114,1,VSM.Resolve,11578624,1
48,12911,3798.3899114,1,VSM.ResolveTrace,11440384,1
48,12911,3798.3899114,1,VSM.FilterHorizontal,64256,1
48,12911,3798.3899114,1,VSM.FilterVertical,0,0
48,12911,3798.3899114,1,VSM.FilterTemporalVertical,72448,1
49,12912,3798.4278231,1,VSM.LayoutRemap,2560,1
49,12912,3798.4278231,1,VSM.ResetFeedback,2048,1
49,12912,3798.4278231,1,VSM.MarkReceiverPages,1008640,1
49,12912,3798.4278231,1,VSM.Allocate,1942272,1
49,12912,3798.4278231,1,VSM.InvalidateStatic,2304,1
49,12912,3798.4278231,1,VSM.ClearPhysicalPages,173824,1
49,12912,3798.4278231,1,VSM.StaticCasterCull,56320,1
49,12912,3798.4278231,1,VSM.DynamicCasterCull,0,1
49,12912,3798.4278231,1,VSM.PageCull,36608,1
49,12912,3798.4278231,1,VSM.StaticRaster,8352256,1
49,12912,3798.4278231,1,VSM.FinalizePages,8192,1
49,12912,3798.4278231,1,VSM.DynamicRaster,16128,1
49,12912,3798.4278231,1,VSM.UnityCompatibilityRaster,0,0
49,12912,3798.4278231,1,VSM.Resolve,11860736,1
49,12912,3798.4278231,1,VSM.ResolveTrace,11721472,1
49,12912,3798.4278231,1,VSM.FilterHorizontal,65280,1
49,12912,3798.4278231,1,VSM.FilterVertical,0,0
49,12912,3798.4278231,1,VSM.FilterTemporalVertical,72704,1
50,12913,3798.465491,1,VSM.LayoutRemap,2304,1
50,12913,3798.465491,1,VSM.ResetFeedback,1536,1
50,12913,3798.465491,1,VSM.MarkReceiverPages,1035520,1
50,12913,3798.465491,1,VSM.Allocate,1942784,1
50,12913,3798.465491,1,VSM.InvalidateStatic,2304,1
50,12913,3798.465491,1,VSM.ClearPhysicalPages,174080,1
50,12913,3798.465491,1,VSM.StaticCasterCull,57088,1
50,12913,3798.465491,1,VSM.DynamicCasterCull,256,1
50,12913,3798.465491,1,VSM.PageCull,38144,1
50,12913,3798.465491,1,VSM.StaticRaster,8441344,1
50,12913,3798.465491,1,VSM.FinalizePages,8448,1
50,12913,3798.465491,1,VSM.DynamicRaster,16896,1
50,12913,3798.465491,1,VSM.UnityCompatibilityRaster,0,0
50,12913,3798.465491,1,VSM.Resolve,12141056,1
50,12913,3798.465491,1,VSM.ResolveTrace,12003584,1
50,12913,3798.465491,1,VSM.FilterHorizontal,64256,1
50,12913,3798.465491,1,VSM.FilterVertical,0,0
50,12913,3798.465491,1,VSM.FilterTemporalVertical,72448,1
51,12914,3798.5020697,1,VSM.LayoutRemap,2560,1
51,12914,3798.5020697,1,VSM.ResetFeedback,1792,1
51,12914,3798.5020697,1,VSM.MarkReceiverPages,616192,1
51,12914,3798.5020697,1,VSM.Allocate,1935872,1
51,12914,3798.5020697,1,VSM.InvalidateStatic,2048,1
51,12914,3798.5020697,1,VSM.ClearPhysicalPages,173824,1
51,12914,3798.5020697,1,VSM.StaticCasterCull,58368,1
51,12914,3798.5020697,1,VSM.DynamicCasterCull,0,1
51,12914,3798.5020697,1,VSM.PageCull,39168,1
51,12914,3798.5020697,1,VSM.StaticRaster,8222720,1
51,12914,3798.5020697,1,VSM.FinalizePages,8448,1
51,12914,3798.5020697,1,VSM.DynamicRaster,18944,1
51,12914,3798.5020697,1,VSM.UnityCompatibilityRaster,0,0
51,12914,3798.5020697,1,VSM.Resolve,17520640,1
51,12914,3798.5020697,1,VSM.ResolveTrace,17381376,1
51,12914,3798.5020697,1,VSM.FilterHorizontal,64768,1
51,12914,3798.5020697,1,VSM.FilterVertical,0,0
51,12914,3798.5020697,1,VSM.FilterTemporalVertical,72960,1
52,12915,3798.5390099,1,VSM.LayoutRemap,2304,1
52,12915,3798.5390099,1,VSM.ResetFeedback,1792,1
52,12915,3798.5390099,1,VSM.MarkReceiverPages,814592,1
52,12915,3798.5390099,1,VSM.Allocate,1937152,1
52,12915,3798.5390099,1,VSM.InvalidateStatic,2048,1
52,12915,3798.5390099,1,VSM.ClearPhysicalPages,174336,1
52,12915,3798.5390099,1,VSM.StaticCasterCull,58624,1
52,12915,3798.5390099,1,VSM.DynamicCasterCull,0,1
52,12915,3798.5390099,1,VSM.PageCull,39424,1
52,12915,3798.5390099,1,VSM.StaticRaster,8034560,1
52,12915,3798.5390099,1,VSM.FinalizePages,10752,1
52,12915,3798.5390099,1,VSM.DynamicRaster,15616,1
52,12915,3798.5390099,1,VSM.UnityCompatibilityRaster,0,0
52,12915,3798.5390099,1,VSM.Resolve,17057280,1
52,12915,3798.5390099,1,VSM.ResolveTrace,16918016,1
52,12915,3798.5390099,1,VSM.FilterHorizontal,64768,1
52,12915,3798.5390099,1,VSM.FilterVertical,0,0
52,12915,3798.5390099,1,VSM.FilterTemporalVertical,72960,1
53,12916,3798.5737911,1,VSM.LayoutRemap,2304,1
53,12916,3798.5737911,1,VSM.ResetFeedback,1792,1
53,12916,3798.5737911,1,VSM.MarkReceiverPages,808960,1
53,12916,3798.5737911,1,VSM.Allocate,1936640,1
53,12916,3798.5737911,1,VSM.InvalidateStatic,2048,1
53,12916,3798.5737911,1,VSM.ClearPhysicalPages,173568,1
53,12916,3798.5737911,1,VSM.StaticCasterCull,59648,1
53,12916,3798.5737911,1,VSM.DynamicCasterCull,256,1
53,12916,3798.5737911,1,VSM.PageCull,40448,1
53,12916,3798.5737911,1,VSM.StaticRaster,8273152,1
53,12916,3798.5737911,1,VSM.FinalizePages,8448,1
53,12916,3798.5737911,1,VSM.DynamicRaster,16896,1
53,12916,3798.5737911,1,VSM.UnityCompatibilityRaster,0,0
53,12916,3798.5737911,1,VSM.Resolve,16309760,1
53,12916,3798.5737911,1,VSM.ResolveTrace,15879680,1
53,12916,3798.5737911,1,VSM.FilterHorizontal,65280,1
53,12916,3798.5737911,1,VSM.FilterVertical,0,0
53,12916,3798.5737911,1,VSM.FilterTemporalVertical,72960,1
54,12917,3798.6105721999998,1,VSM.LayoutRemap,2304,1
54,12917,3798.6105721999998,1,VSM.ResetFeedback,1792,1
54,12917,3798.6105721999998,1,VSM.MarkReceiverPages,992000,1
54,12917,3798.6105721999998,1,VSM.Allocate,1942528,1
54,12917,3798.6105721999998,1,VSM.InvalidateStatic,2560,1
54,12917,3798.6105721999998,1,VSM.ClearPhysicalPages,174592,1
54,12917,3798.6105721999998,1,VSM.StaticCasterCull,56320,1
54,12917,3798.6105721999998,1,VSM.DynamicCasterCull,256,1
54,12917,3798.6105721999998,1,VSM.PageCull,37376,1
54,12917,3798.6105721999998,1,VSM.StaticRaster,7938816,1
54,12917,3798.6105721999998,1,VSM.FinalizePages,7680,1
54,12917,3798.6105721999998,1,VSM.DynamicRaster,14592,1
54,12917,3798.6105721999998,1,VSM.UnityCompatibilityRaster,0,0
54,12917,3798.6105721999998,1,VSM.Resolve,15773184,1
54,12917,3798.6105721999998,1,VSM.ResolveTrace,15634944,1
54,12917,3798.6105721999998,1,VSM.FilterHorizontal,64768,1
54,12917,3798.6105721999998,1,VSM.FilterVertical,0,0
54,12917,3798.6105721999998,1,VSM.FilterTemporalVertical,72448,1
55,12918,3798.6464652,1,VSM.LayoutRemap,2304,1
55,12918,3798.6464652,1,VSM.ResetFeedback,2048,1
55,12918,3798.6464652,1,VSM.MarkReceiverPages,817408,1
55,12918,3798.6464652,1,VSM.Allocate,1934336,1
55,12918,3798.6464652,1,VSM.InvalidateStatic,2304,1
55,12918,3798.6464652,1,VSM.ClearPhysicalPages,173824,1
55,12918,3798.6464652,1,VSM.StaticCasterCull,59136,1
55,12918,3798.6464652,1,VSM.DynamicCasterCull,0,1
55,12918,3798.6464652,1,VSM.PageCull,39936,1
55,12918,3798.6464652,1,VSM.StaticRaster,8212992,1
55,12918,3798.6464652,1,VSM.FinalizePages,8704,1
55,12918,3798.6464652,1,VSM.DynamicRaster,16640,1
55,12918,3798.6464652,1,VSM.UnityCompatibilityRaster,0,0
55,12918,3798.6464652,1,VSM.Resolve,13897216,1
55,12918,3798.6464652,1,VSM.ResolveTrace,13758208,1
55,12918,3798.6464652,1,VSM.FilterHorizontal,65024,1
55,12918,3798.6464652,1,VSM.FilterVertical,0,0
55,12918,3798.6464652,1,VSM.FilterTemporalVertical,72704,1
56,12919,3798.6812798,1,VSM.LayoutRemap,2304,1
56,12919,3798.6812798,1,VSM.ResetFeedback,1536,1
56,12919,3798.6812798,1,VSM.MarkReceiverPages,1026304,1
56,12919,3798.6812798,1,VSM.Allocate,1944576,1
56,12919,3798.6812798,1,VSM.InvalidateStatic,2048,1
56,12919,3798.6812798,1,VSM.ClearPhysicalPages,358400,1
56,12919,3798.6812798,1,VSM.StaticCasterCull,63232,1
56,12919,3798.6812798,1,VSM.DynamicCasterCull,0,1
56,12919,3798.6812798,1,VSM.PageCull,38656,1
56,12919,3798.6812798,1,VSM.StaticRaster,7971840,1
56,12919,3798.6812798,1,VSM.FinalizePages,8704,1
56,12919,3798.6812798,1,VSM.DynamicRaster,16128,1
56,12919,3798.6812798,1,VSM.UnityCompatibilityRaster,0,0
56,12919,3798.6812798,1,VSM.Resolve,14809856,1
56,12919,3798.6812798,1,VSM.ResolveTrace,14669824,1
56,12919,3798.6812798,1,VSM.FilterHorizontal,65536,1
56,12919,3798.6812798,1,VSM.FilterVertical,0,0
56,12919,3798.6812798,1,VSM.FilterTemporalVertical,73472,1
57,12920,3798.7151544,1,VSM.LayoutRemap,2560,1
57,12920,3798.7151544,1,VSM.ResetFeedback,1792,1
57,12920,3798.7151544,1,VSM.MarkReceiverPages,641280,1
57,12920,3798.7151544,1,VSM.Allocate,1936128,1
57,12920,3798.7151544,1,VSM.InvalidateStatic,2304,1
57,12920,3798.7151544,1,VSM.ClearPhysicalPages,174080,1
57,12920,3798.7151544,1,VSM.StaticCasterCull,57600,1
57,12920,3798.7151544,1,VSM.DynamicCasterCull,0,1
57,12920,3798.7151544,1,VSM.PageCull,38656,1
57,12920,3798.7151544,1,VSM.StaticRaster,8101120,1
57,12920,3798.7151544,1,VSM.FinalizePages,8960,1
57,12920,3798.7151544,1,VSM.DynamicRaster,16640,1
57,12920,3798.7151544,1,VSM.UnityCompatibilityRaster,0,0
57,12920,3798.7151544,1,VSM.Resolve,13038848,1
57,12920,3798.7151544,1,VSM.ResolveTrace,12656640,1
57,12920,3798.7151544,1,VSM.FilterHorizontal,65280,1
57,12920,3798.7151544,1,VSM.FilterVertical,0,0
57,12920,3798.7151544,1,VSM.FilterTemporalVertical,72704,1
58,12921,3798.7478373,1,VSM.LayoutRemap,2560,1
58,12921,3798.7478373,1,VSM.ResetFeedback,1792,1
58,12921,3798.7478373,1,VSM.MarkReceiverPages,977664,1
58,12921,3798.7478373,1,VSM.Allocate,1939712,1
58,12921,3798.7478373,1,VSM.InvalidateStatic,2048,1
58,12921,3798.7478373,1,VSM.ClearPhysicalPages,173824,1
58,12921,3798.7478373,1,VSM.StaticCasterCull,56576,1
58,12921,3798.7478373,1,VSM.DynamicCasterCull,256,1
58,12921,3798.7478373,1,VSM.PageCull,37376,1
58,12921,3798.7478373,1,VSM.StaticRaster,8156416,1
58,12921,3798.7478373,1,VSM.FinalizePages,9984,1
58,12921,3798.7478373,1,VSM.DynamicRaster,16384,1
58,12921,3798.7478373,1,VSM.UnityCompatibilityRaster,0,0
58,12921,3798.7478373,1,VSM.Resolve,12096512,1
58,12921,3798.7478373,1,VSM.ResolveTrace,11758848,1
58,12921,3798.7478373,1,VSM.FilterHorizontal,264960,1
58,12921,3798.7478373,1,VSM.FilterVertical,0,0
58,12921,3798.7478373,1,VSM.FilterTemporalVertical,71680,1
59,12922,3798.7799412,1,VSM.LayoutRemap,2560,1
59,12922,3798.7799412,1,VSM.ResetFeedback,1792,1
59,12922,3798.7799412,1,VSM.MarkReceiverPages,1069824,1
59,12922,3798.7799412,1,VSM.Allocate,1943808,1
59,12922,3798.7799412,1,VSM.InvalidateStatic,2560,1
59,12922,3798.7799412,1,VSM.ClearPhysicalPages,174080,1
59,12922,3798.7799412,1,VSM.StaticCasterCull,57088,1
59,12922,3798.7799412,1,VSM.DynamicCasterCull,0,1
59,12922,3798.7799412,1,VSM.PageCull,37632,1
59,12922,3798.7799412,1,VSM.StaticRaster,8298752,1
59,12922,3798.7799412,1,VSM.FinalizePages,8448,1
59,12922,3798.7799412,1,VSM.DynamicRaster,16640,1
59,12922,3798.7799412,1,VSM.UnityCompatibilityRaster,0,0
59,12922,3798.7799412,1,VSM.Resolve,11379200,1
59,12922,3798.7799412,1,VSM.ResolveTrace,11239424,1
59,12922,3798.7799412,1,VSM.FilterHorizontal,65792,1
59,12922,3798.7799412,1,VSM.FilterVertical,0,0
59,12922,3798.7799412,1,VSM.FilterTemporalVertical,72448,1
60,12923,3798.8130882,1,VSM.LayoutRemap,2560,1
60,12923,3798.8130882,1,VSM.ResetFeedback,1792,1
60,12923,3798.8130882,1,VSM.MarkReceiverPages,884992,1
60,12923,3798.8130882,1,VSM.Allocate,1935104,1
60,12923,3798.8130882,1,VSM.InvalidateStatic,2048,1
60,12923,3798.8130882,1,VSM.ClearPhysicalPages,173824,1
60,12923,3798.8130882,1,VSM.StaticCasterCull,59136,1
60,12923,3798.8130882,1,VSM.DynamicCasterCull,256,1
60,12923,3798.8130882,1,VSM.PageCull,39680,1
60,12923,3798.8130882,1,VSM.StaticRaster,8283136,1
60,12923,3798.8130882,1,VSM.FinalizePages,8448,1
60,12923,3798.8130882,1,VSM.DynamicRaster,16640,1
60,12923,3798.8130882,1,VSM.UnityCompatibilityRaster,0,0
60,12923,3798.8130882,1,VSM.Resolve,10778880,1
60,12923,3798.8130882,1,VSM.ResolveTrace,10639360,1
60,12923,3798.8130882,1,VSM.FilterHorizontal,65536,1
60,12923,3798.8130882,1,VSM.FilterVertical,0,0
60,12923,3798.8130882,1,VSM.FilterTemporalVertical,72960,1
61,12924,3798.8340845,1,VSM.LayoutRemap,2304,1
61,12924,3798.8340845,1,VSM.ResetFeedback,1792,1
61,12924,3798.8340845,1,VSM.MarkReceiverPages,651008,1
61,12924,3798.8340845,1,VSM.Allocate,1933056,1
61,12924,3798.8340845,1,VSM.InvalidateStatic,2048,1
61,12924,3798.8340845,1,VSM.ClearPhysicalPages,173824,1
61,12924,3798.8340845,1,VSM.StaticCasterCull,59392,1
61,12924,3798.8340845,1,VSM.DynamicCasterCull,256,1
61,12924,3798.8340845,1,VSM.PageCull,40448,1
61,12924,3798.8340845,1,VSM.StaticRaster,8064000,1
61,12924,3798.8340845,1,VSM.FinalizePages,8448,1
61,12924,3798.8340845,1,VSM.DynamicRaster,17664,1
61,12924,3798.8340845,1,VSM.UnityCompatibilityRaster,0,0
61,12924,3798.8340845,1,VSM.Resolve,10672640,1
61,12924,3798.8340845,1,VSM.ResolveTrace,10533632,1
61,12924,3798.8340845,1,VSM.FilterHorizontal,64768,1
61,12924,3798.8340845,1,VSM.FilterVertical,0,0
61,12924,3798.8340845,1,VSM.FilterTemporalVertical,73216,1
62,12925,3798.8540889,1,VSM.LayoutRemap,2560,1
62,12925,3798.8540889,1,VSM.ResetFeedback,1792,1
62,12925,3798.8540889,1,VSM.MarkReceiverPages,967680,1
62,12925,3798.8540889,1,VSM.Allocate,1943040,1
62,12925,3798.8540889,1,VSM.InvalidateStatic,2304,1
62,12925,3798.8540889,1,VSM.ClearPhysicalPages,174080,1
62,12925,3798.8540889,1,VSM.StaticCasterCull,59136,1
62,12925,3798.8540889,1,VSM.DynamicCasterCull,0,1
62,12925,3798.8540889,1,VSM.PageCull,39680,1
62,12925,3798.8540889,1,VSM.StaticRaster,7967488,1
62,12925,3798.8540889,1,VSM.FinalizePages,8960,1
62,12925,3798.8540889,1,VSM.DynamicRaster,16384,1
62,12925,3798.8540889,1,VSM.UnityCompatibilityRaster,0,0
62,12925,3798.8540889,1,VSM.Resolve,12214016,1
62,12925,3798.8540889,1,VSM.ResolveTrace,12075776,1
62,12925,3798.8540889,1,VSM.FilterHorizontal,64512,1
62,12925,3798.8540889,1,VSM.FilterVertical,0,0
62,12925,3798.8540889,1,VSM.FilterTemporalVertical,72704,1
63,12926,3798.8743863,1,VSM.LayoutRemap,0,1
63,12926,3798.8743863,1,VSM.ResetFeedback,0,1
63,12926,3798.8743863,1,VSM.MarkReceiverPages,639488,1
63,12926,3798.8743863,1,VSM.Allocate,219392,1
63,12926,3798.8743863,1,VSM.InvalidateStatic,0,0
63,12926,3798.8743863,1,VSM.ClearPhysicalPages,372480,1
63,12926,3798.8743863,1,VSM.StaticCasterCull,66048,1
63,12926,3798.8743863,1,VSM.DynamicCasterCull,0,1
63,12926,3798.8743863,1,VSM.PageCull,46592,1
63,12926,3798.8743863,1,VSM.StaticRaster,7680,1
63,12926,3798.8743863,1,VSM.FinalizePages,2048,1
63,12926,3798.8743863,1,VSM.DynamicRaster,11776,1
63,12926,3798.8743863,1,VSM.UnityCompatibilityRaster,0,0
63,12926,3798.8743863,1,VSM.Resolve,11918336,1
63,12926,3798.8743863,1,VSM.ResolveTrace,11692800,1
63,12926,3798.8743863,1,VSM.FilterHorizontal,67072,1
63,12926,3798.8743863,1,VSM.FilterVertical,0,0
63,12926,3798.8743863,1,VSM.FilterTemporalVertical,157440,1
64,12927,3798.8926633,1,VSM.LayoutRemap,0,1
64,12927,3798.8926633,1,VSM.ResetFeedback,0,1
64,12927,3798.8926633,1,VSM.MarkReceiverPages,642560,1
64,12927,3798.8926633,1,VSM.Allocate,222208,1
64,12927,3798.8926633,1,VSM.InvalidateStatic,0,0
64,12927,3798.8926633,1,VSM.ClearPhysicalPages,455936,1
64,12927,3798.8926633,1,VSM.StaticCasterCull,72448,1
64,12927,3798.8926633,1,VSM.DynamicCasterCull,0,1
64,12927,3798.8926633,1,VSM.PageCull,48384,1
64,12927,3798.8926633,1,VSM.StaticRaster,3072,1
64,12927,3798.8926633,1,VSM.FinalizePages,2048,1
64,12927,3798.8926633,1,VSM.DynamicRaster,11520,1
64,12927,3798.8926633,1,VSM.UnityCompatibilityRaster,0,0
64,12927,3798.8926633,1,VSM.Resolve,11024896,1
64,12927,3798.8926633,1,VSM.ResolveTrace,10799104,1
64,12927,3798.8926633,1,VSM.FilterHorizontal,65280,1
64,12927,3798.8926633,1,VSM.FilterVertical,0,0
64,12927,3798.8926633,1,VSM.FilterTemporalVertical,158976,1
65,12928,3798.9242928,1,VSM.LayoutRemap,0,1
65,12928,3798.9242928,1,VSM.ResetFeedback,0,1
65,12928,3798.9242928,1,VSM.MarkReceiverPages,645376,1
65,12928,3798.9242928,1,VSM.Allocate,223488,1
65,12928,3798.9242928,1,VSM.InvalidateStatic,0,0
65,12928,3798.9242928,1,VSM.ClearPhysicalPages,89856,1
65,12928,3798.9242928,1,VSM.StaticCasterCull,71168,1
65,12928,3798.9242928,1,VSM.DynamicCasterCull,0,1
65,12928,3798.9242928,1,VSM.PageCull,51968,1
65,12928,3798.9242928,1,VSM.StaticRaster,6912,1
65,12928,3798.9242928,1,VSM.FinalizePages,2048,1
65,12928,3798.9242928,1,VSM.DynamicRaster,14848,1
65,12928,3798.9242928,1,VSM.UnityCompatibilityRaster,0,0
65,12928,3798.9242928,1,VSM.Resolve,10413824,1
65,12928,3798.9242928,1,VSM.ResolveTrace,10003968,1
65,12928,3798.9242928,1,VSM.FilterHorizontal,65024,1
65,12928,3798.9242928,1,VSM.FilterVertical,0,0
65,12928,3798.9242928,1,VSM.FilterTemporalVertical,158464,1
66,12929,3798.9458053999997,1,VSM.LayoutRemap,0,1
66,12929,3798.9458053999997,1,VSM.ResetFeedback,0,1
66,12929,3798.9458053999997,1,VSM.MarkReceiverPages,642816,1
66,12929,3798.9458053999997,1,VSM.Allocate,222976,1
66,12929,3798.9458053999997,1,VSM.InvalidateStatic,0,0
66,12929,3798.9458053999997,1,VSM.ClearPhysicalPages,471808,1
66,12929,3798.9458053999997,1,VSM.StaticCasterCull,72960,1
66,12929,3798.9458053999997,1,VSM.DynamicCasterCull,0,1
66,12929,3798.9458053999997,1,VSM.PageCull,48640,1
66,12929,3798.9458053999997,1,VSM.StaticRaster,7168,1
66,12929,3798.9458053999997,1,VSM.FinalizePages,2304,1
66,12929,3798.9458053999997,1,VSM.DynamicRaster,12800,1
66,12929,3798.9458053999997,1,VSM.UnityCompatibilityRaster,0,0
66,12929,3798.9458053999997,1,VSM.Resolve,9560832,1
66,12929,3798.9458053999997,1,VSM.ResolveTrace,9336832,1
66,12929,3798.9458053999997,1,VSM.FilterHorizontal,64768,1
66,12929,3798.9458053999997,1,VSM.FilterVertical,0,0
66,12929,3798.9458053999997,1,VSM.FilterTemporalVertical,157952,1
67,12930,3798.9675549999997,1,VSM.LayoutRemap,2560,1
67,12930,3798.9675549999997,1,VSM.ResetFeedback,2048,1
67,12930,3798.9675549999997,1,VSM.MarkReceiverPages,626432,1
67,12930,3798.9675549999997,1,VSM.Allocate,1937152,1
67,12930,3798.9675549999997,1,VSM.InvalidateStatic,2048,1
67,12930,3798.9675549999997,1,VSM.ClearPhysicalPages,363008,1
67,12930,3798.9675549999997,1,VSM.StaticCasterCull,64512,1
67,12930,3798.9675549999997,1,VSM.DynamicCasterCull,0,1
67,12930,3798.9675549999997,1,VSM.PageCull,39680,1
67,12930,3798.9675549999997,1,VSM.StaticRaster,8512000,1
67,12930,3798.9675549999997,1,VSM.FinalizePages,8448,1
67,12930,3798.9675549999997,1,VSM.DynamicRaster,16640,1
67,12930,3798.9675549999997,1,VSM.UnityCompatibilityRaster,0,0
67,12930,3798.9675549999997,1,VSM.Resolve,10740480,1
67,12930,3798.9675549999997,1,VSM.ResolveTrace,10411520,1
67,12930,3798.9675549999997,1,VSM.FilterHorizontal,65280,1
67,12930,3798.9675549999997,1,VSM.FilterVertical,0,0
67,12930,3798.9675549999997,1,VSM.FilterTemporalVertical,262912,1
68,12931,3798.9874317999997,1,VSM.LayoutRemap,0,1
68,12931,3798.9874317999997,1,VSM.ResetFeedback,0,1
68,12931,3798.9874317999997,1,VSM.MarkReceiverPages,628480,1
68,12931,3798.9874317999997,1,VSM.Allocate,226048,1
68,12931,3798.9874317999997,1,VSM.InvalidateStatic,0,0
68,12931,3798.9874317999997,1,VSM.ClearPhysicalPages,380416,1
68,12931,3798.9874317999997,1,VSM.StaticCasterCull,69632,1
68,12931,3798.9874317999997,1,VSM.DynamicCasterCull,0,1
68,12931,3798.9874317999997,1,VSM.PageCull,48640,1
68,12931,3798.9874317999997,1,VSM.StaticRaster,7424,1
68,12931,3798.9874317999997,1,VSM.FinalizePages,2304,1
68,12931,3798.9874317999997,1,VSM.DynamicRaster,10496,1
68,12931,3798.9874317999997,1,VSM.UnityCompatibilityRaster,0,0
68,12931,3798.9874317999997,1,VSM.Resolve,12043520,1
68,12931,3798.9874317999997,1,VSM.ResolveTrace,11817984,1
68,12931,3798.9874317999997,1,VSM.FilterHorizontal,66816,1
68,12931,3798.9874317999997,1,VSM.FilterVertical,0,0
68,12931,3798.9874317999997,1,VSM.FilterTemporalVertical,157696,1
69,12932,3799.0072962,1,VSM.LayoutRemap,0,1
69,12932,3799.0072962,1,VSM.ResetFeedback,0,1
69,12932,3799.0072962,1,VSM.MarkReceiverPages,823552,1
69,12932,3799.0072962,1,VSM.Allocate,226304,1
69,12932,3799.0072962,1,VSM.InvalidateStatic,0,0
69,12932,3799.0072962,1,VSM.ClearPhysicalPages,307456,1
69,12932,3799.0072962,1,VSM.StaticCasterCull,68096,1
69,12932,3799.0072962,1,VSM.DynamicCasterCull,0,1
69,12932,3799.0072962,1,VSM.PageCull,48384,1
69,12932,3799.0072962,1,VSM.StaticRaster,3072,1
69,12932,3799.0072962,1,VSM.FinalizePages,2560,1
69,12932,3799.0072962,1,VSM.DynamicRaster,13312,1
69,12932,3799.0072962,1,VSM.UnityCompatibilityRaster,0,0
69,12932,3799.0072962,1,VSM.Resolve,11912960,1
69,12932,3799.0072962,1,VSM.ResolveTrace,11443712,1
69,12932,3799.0072962,1,VSM.FilterHorizontal,66048,1
69,12932,3799.0072962,1,VSM.FilterVertical,0,0
69,12932,3799.0072962,1,VSM.FilterTemporalVertical,158208,1
70,12933,3799.0408976,1,VSM.LayoutRemap,0,1
70,12933,3799.0408976,1,VSM.ResetFeedback,0,1
70,12933,3799.0408976,1,VSM.MarkReceiverPages,632064,1
70,12933,3799.0408976,1,VSM.Allocate,224768,1
70,12933,3799.0408976,1,VSM.InvalidateStatic,0,0
70,12933,3799.0408976,1,VSM.ClearPhysicalPages,89600,1
70,12933,3799.0408976,1,VSM.StaticCasterCull,68096,1
70,12933,3799.0408976,1,VSM.DynamicCasterCull,0,1
70,12933,3799.0408976,1,VSM.PageCull,49664,1
70,12933,3799.0408976,1,VSM.StaticRaster,6656,1
70,12933,3799.0408976,1,VSM.FinalizePages,2048,1
70,12933,3799.0408976,1,VSM.DynamicRaster,13056,1
70,12933,3799.0408976,1,VSM.UnityCompatibilityRaster,0,0
70,12933,3799.0408976,1,VSM.Resolve,10018560,1
70,12933,3799.0408976,1,VSM.ResolveTrace,9793280,1
70,12933,3799.0408976,1,VSM.FilterHorizontal,67328,1
70,12933,3799.0408976,1,VSM.FilterVertical,0,0
70,12933,3799.0408976,1,VSM.FilterTemporalVertical,156928,1
71,12934,3799.0764427,1,VSM.LayoutRemap,0,1
71,12934,3799.0764427,1,VSM.ResetFeedback,0,1
71,12934,3799.0764427,1,VSM.MarkReceiverPages,626688,1
71,12934,3799.0764427,1,VSM.Allocate,222720,1
71,12934,3799.0764427,1,VSM.InvalidateStatic,0,0
71,12934,3799.0764427,1,VSM.ClearPhysicalPages,379392,1
71,12934,3799.0764427,1,VSM.StaticCasterCull,67072,1
71,12934,3799.0764427,1,VSM.DynamicCasterCull,0,1
71,12934,3799.0764427,1,VSM.PageCull,47616,1
71,12934,3799.0764427,1,VSM.StaticRaster,9472,1
71,12934,3799.0764427,1,VSM.FinalizePages,2304,1
71,12934,3799.0764427,1,VSM.DynamicRaster,12800,1
71,12934,3799.0764427,1,VSM.UnityCompatibilityRaster,0,0
71,12934,3799.0764427,1,VSM.Resolve,9886464,1
71,12934,3799.0764427,1,VSM.ResolveTrace,9663488,1
71,12934,3799.0764427,1,VSM.FilterHorizontal,65024,1
71,12934,3799.0764427,1,VSM.FilterVertical,0,0
71,12934,3799.0764427,1,VSM.FilterTemporalVertical,156672,1
72,12935,3799.1119334,1,VSM.LayoutRemap,2304,1
72,12935,3799.1119334,1,VSM.ResetFeedback,2048,1
72,12935,3799.1119334,1,VSM.MarkReceiverPages,915968,1
72,12935,3799.1119334,1,VSM.Allocate,1936128,1
72,12935,3799.1119334,1,VSM.InvalidateStatic,2048,1
72,12935,3799.1119334,1,VSM.ClearPhysicalPages,173568,1
72,12935,3799.1119334,1,VSM.StaticCasterCull,58112,1
72,12935,3799.1119334,1,VSM.DynamicCasterCull,0,1
72,12935,3799.1119334,1,VSM.PageCull,38912,1
72,12935,3799.1119334,1,VSM.StaticRaster,8256768,1
72,12935,3799.1119334,1,VSM.FinalizePages,3328,1
72,12935,3799.1119334,1,VSM.DynamicRaster,17408,1
72,12935,3799.1119334,1,VSM.UnityCompatibilityRaster,0,0
72,12935,3799.1119334,1,VSM.Resolve,11785216,1
72,12935,3799.1119334,1,VSM.ResolveTrace,11645952,1
72,12935,3799.1119334,1,VSM.FilterHorizontal,64768,1
72,12935,3799.1119334,1,VSM.FilterVertical,0,0
72,12935,3799.1119334,1,VSM.FilterTemporalVertical,73216,1
73,12936,3799.1471739,1,VSM.LayoutRemap,2560,1
73,12936,3799.1471739,1,VSM.ResetFeedback,2048,1
73,12936,3799.1471739,1,VSM.MarkReceiverPages,807424,1
73,12936,3799.1471739,1,VSM.Allocate,1934848,1
73,12936,3799.1471739,1,VSM.InvalidateStatic,2048,1
73,12936,3799.1471739,1,VSM.ClearPhysicalPages,174080,1
73,12936,3799.1471739,1,VSM.StaticCasterCull,57088,1
73,12936,3799.1471739,1,VSM.DynamicCasterCull,256,1
73,12936,3799.1471739,1,VSM.PageCull,37888,1
73,12936,3799.1471739,1,VSM.StaticRaster,8453888,1
73,12936,3799.1471739,1,VSM.FinalizePages,8448,1
73,12936,3799.1471739,1,VSM.DynamicRaster,15872,1
73,12936,3799.1471739,1,VSM.UnityCompatibilityRaster,0,0
73,12936,3799.1471739,1,VSM.Resolve,13613312,1
73,12936,3799.1471739,1,VSM.ResolveTrace,13473280,1
73,12936,3799.1471739,1,VSM.FilterHorizontal,65792,1
73,12936,3799.1471739,1,VSM.FilterVertical,0,0
73,12936,3799.1471739,1,VSM.FilterTemporalVertical,72704,1
74,12937,3799.1828216,1,VSM.LayoutRemap,2560,1
74,12937,3799.1828216,1,VSM.ResetFeedback,1792,1
74,12937,3799.1828216,1,VSM.MarkReceiverPages,1076224,1
74,12937,3799.1828216,1,VSM.Allocate,1943808,1
74,12937,3799.1828216,1,VSM.InvalidateStatic,2048,1
74,12937,3799.1828216,1,VSM.ClearPhysicalPages,174080,1
74,12937,3799.1828216,1,VSM.StaticCasterCull,55808,1
74,12937,3799.1828216,1,VSM.DynamicCasterCull,256,1
74,12937,3799.1828216,1,VSM.PageCull,36864,1
74,12937,3799.1828216,1,VSM.StaticRaster,8328960,1
74,12937,3799.1828216,1,VSM.FinalizePages,3328,1
74,12937,3799.1828216,1,VSM.DynamicRaster,15104,1
74,12937,3799.1828216,1,VSM.UnityCompatibilityRaster,0,0
74,12937,3799.1828216,1,VSM.Resolve,12436992,1
74,12937,3799.1828216,1,VSM.ResolveTrace,12298496,1
74,12937,3799.1828216,1,VSM.FilterHorizontal,65280,1
74,12937,3799.1828216,1,VSM.FilterVertical,0,0
74,12937,3799.1828216,1,VSM.FilterTemporalVertical,72192,1
75,12938,3799.2195194,1,VSM.LayoutRemap,2304,1
75,12938,3799.2195194,1,VSM.ResetFeedback,1536,1
75,12938,3799.2195194,1,VSM.MarkReceiverPages,957440,1
75,12938,3799.2195194,1,VSM.Allocate,1938944,1
75,12938,3799.2195194,1,VSM.InvalidateStatic,2560,1
75,12938,3799.2195194,1,VSM.ClearPhysicalPages,174336,1
75,12938,3799.2195194,1,VSM.StaticCasterCull,56832,1
75,12938,3799.2195194,1,VSM.DynamicCasterCull,0,1
75,12938,3799.2195194,1,VSM.PageCull,38144,1
75,12938,3799.2195194,1,VSM.StaticRaster,8346112,1
75,12938,3799.2195194,1,VSM.FinalizePages,8704,1
75,12938,3799.2195194,1,VSM.DynamicRaster,17408,1
75,12938,3799.2195194,1,VSM.UnityCompatibilityRaster,0,0
75,12938,3799.2195194,1,VSM.Resolve,13227264,1
75,12938,3799.2195194,1,VSM.ResolveTrace,13089024,1
75,12938,3799.2195194,1,VSM.FilterHorizontal,64512,1
75,12938,3799.2195194,1,VSM.FilterVertical,0,0
75,12938,3799.2195194,1,VSM.FilterTemporalVertical,72704,1
76,12939,3799.2539156,1,VSM.LayoutRemap,2304,1
76,12939,3799.2539156,1,VSM.ResetFeedback,1536,1
76,12939,3799.2539156,1,VSM.MarkReceiverPages,1153024,1
76,12939,3799.2539156,1,VSM.Allocate,1943296,1
76,12939,3799.2539156,1,VSM.InvalidateStatic,2304,1
76,12939,3799.2539156,1,VSM.ClearPhysicalPages,174080,1
76,12939,3799.2539156,1,VSM.StaticCasterCull,57344,1
76,12939,3799.2539156,1,VSM.DynamicCasterCull,0,1
76,12939,3799.2539156,1,VSM.PageCull,37888,1
76,12939,3799.2539156,1,VSM.StaticRaster,8340480,1
76,12939,3799.2539156,1,VSM.FinalizePages,12032,1
76,12939,3799.2539156,1,VSM.DynamicRaster,16384,1
76,12939,3799.2539156,1,VSM.UnityCompatibilityRaster,0,0
76,12939,3799.2539156,1,VSM.Resolve,12976640,1
76,12939,3799.2539156,1,VSM.ResolveTrace,12838144,1
76,12939,3799.2539156,1,VSM.FilterHorizontal,64768,1
76,12939,3799.2539156,1,VSM.FilterVertical,0,0
76,12939,3799.2539156,1,VSM.FilterTemporalVertical,72704,1
77,12940,3799.2886644,1,VSM.LayoutRemap,2304,1
77,12940,3799.2886644,1,VSM.ResetFeedback,1792,1
77,12940,3799.2886644,1,VSM.MarkReceiverPages,1323008,1
77,12940,3799.2886644,1,VSM.Allocate,1932800,1
77,12940,3799.2886644,1,VSM.InvalidateStatic,2304,1
77,12940,3799.2886644,1,VSM.ClearPhysicalPages,173824,1
77,12940,3799.2886644,1,VSM.StaticCasterCull,56576,1
77,12940,3799.2886644,1,VSM.DynamicCasterCull,256,1
77,12940,3799.2886644,1,VSM.PageCull,37632,1
77,12940,3799.2886644,1,VSM.StaticRaster,8456960,1
77,12940,3799.2886644,1,VSM.FinalizePages,3840,1
77,12940,3799.2886644,1,VSM.DynamicRaster,16384,1
77,12940,3799.2886644,1,VSM.UnityCompatibilityRaster,0,0
77,12940,3799.2886644,1,VSM.Resolve,12456960,1
77,12940,3799.2886644,1,VSM.ResolveTrace,12314368,1
77,12940,3799.2886644,1,VSM.FilterHorizontal,68096,1
77,12940,3799.2886644,1,VSM.FilterVertical,0,0
77,12940,3799.2886644,1,VSM.FilterTemporalVertical,73216,1
78,12941,3799.3235571,1,VSM.LayoutRemap,2304,1
78,12941,3799.3235571,1,VSM.ResetFeedback,1792,1
78,12941,3799.3235571,1,VSM.MarkReceiverPages,641792,1
78,12941,3799.3235571,1,VSM.Allocate,1933056,1
78,12941,3799.3235571,1,VSM.InvalidateStatic,2304,1
78,12941,3799.3235571,1,VSM.ClearPhysicalPages,173824,1
78,12941,3799.3235571,1,VSM.StaticCasterCull,57344,1
78,12941,3799.3235571,1,VSM.DynamicCasterCull,0,1
78,12941,3799.3235571,1,VSM.PageCull,38400,1
78,12941,3799.3235571,1,VSM.StaticRaster,8251392,1
78,12941,3799.3235571,1,VSM.FinalizePages,8960,1
78,12941,3799.3235571,1,VSM.DynamicRaster,16128,1
78,12941,3799.3235571,1,VSM.UnityCompatibilityRaster,0,0
78,12941,3799.3235571,1,VSM.Resolve,12200960,1
78,12941,3799.3235571,1,VSM.ResolveTrace,12059648,1
78,12941,3799.3235571,1,VSM.FilterHorizontal,67840,1
78,12941,3799.3235571,1,VSM.FilterVertical,0,0
78,12941,3799.3235571,1,VSM.FilterTemporalVertical,72704,1
79,12942,3799.3584458,1,VSM.LayoutRemap,2304,1
79,12942,3799.3584458,1,VSM.ResetFeedback,1536,1
79,12942,3799.3584458,1,VSM.MarkReceiverPages,867328,1
79,12942,3799.3584458,1,VSM.Allocate,1933568,1
79,12942,3799.3584458,1,VSM.InvalidateStatic,2048,1
79,12942,3799.3584458,1,VSM.ClearPhysicalPages,380672,1
79,12942,3799.3584458,1,VSM.StaticCasterCull,59136,1
79,12942,3799.3584458,1,VSM.DynamicCasterCull,256,1
79,12942,3799.3584458,1,VSM.PageCull,39424,1
79,12942,3799.3584458,1,VSM.StaticRaster,8931072,1
79,12942,3799.3584458,1,VSM.FinalizePages,11008,1
79,12942,3799.3584458,1,VSM.DynamicRaster,15360,1
79,12942,3799.3584458,1,VSM.UnityCompatibilityRaster,0,0
79,12942,3799.3584458,1,VSM.Resolve,11175424,1
79,12942,3799.3584458,1,VSM.ResolveTrace,11037184,1
79,12942,3799.3584458,1,VSM.FilterHorizontal,65536,1
79,12942,3799.3584458,1,VSM.FilterVertical,0,0
79,12942,3799.3584458,1,VSM.FilterTemporalVertical,71680,1
80,12943,3799.3929794,1,VSM.LayoutRemap,2560,1
80,12943,3799.3929794,1,VSM.ResetFeedback,1536,1
80,12943,3799.3929794,1,VSM.MarkReceiverPages,824832,1
80,12943,3799.3929794,1,VSM.Allocate,1934080,1
80,12943,3799.3929794,1,VSM.InvalidateStatic,2304,1
80,12943,3799.3929794,1,VSM.ClearPhysicalPages,173312,1
80,12943,3799.3929794,1,VSM.StaticCasterCull,58368,1
80,12943,3799.3929794,1,VSM.DynamicCasterCull,0,1
80,12943,3799.3929794,1,VSM.PageCull,38912,1
80,12943,3799.3929794,1,VSM.StaticRaster,8282624,1
80,12943,3799.3929794,1,VSM.FinalizePages,3840,1
80,12943,3799.3929794,1,VSM.DynamicRaster,14592,1
80,12943,3799.3929794,1,VSM.UnityCompatibilityRaster,0,0
80,12943,3799.3929794,1,VSM.Resolve,12212736,1
80,12943,3799.3929794,1,VSM.ResolveTrace,11795712,1
80,12943,3799.3929794,1,VSM.FilterHorizontal,65536,1
80,12943,3799.3929794,1,VSM.FilterVertical,0,0
80,12943,3799.3929794,1,VSM.FilterTemporalVertical,71936,1
81,12944,3799.4328704,1,VSM.LayoutRemap,2304,1
81,12944,3799.4328704,1,VSM.ResetFeedback,1792,1
81,12944,3799.4328704,1,VSM.MarkReceiverPages,897024,1
81,12944,3799.4328704,1,VSM.Allocate,1931008,1
81,12944,3799.4328704,1,VSM.InvalidateStatic,2048,1
81,12944,3799.4328704,1,VSM.ClearPhysicalPages,173824,1
81,12944,3799.4328704,1,VSM.StaticCasterCull,60416,1
81,12944,3799.4328704,1,VSM.DynamicCasterCull,0,1
81,12944,3799.4328704,1,VSM.PageCull,41472,1
81,12944,3799.4328704,1,VSM.StaticRaster,8168192,1
81,12944,3799.4328704,1,VSM.FinalizePages,3584,1
81,12944,3799.4328704,1,VSM.DynamicRaster,17920,1
81,12944,3799.4328704,1,VSM.UnityCompatibilityRaster,0,0
81,12944,3799.4328704,1,VSM.Resolve,12308992,1
81,12944,3799.4328704,1,VSM.ResolveTrace,12169472,1
81,12944,3799.4328704,1,VSM.FilterHorizontal,65536,1
81,12944,3799.4328704,1,VSM.FilterVertical,0,0
81,12944,3799.4328704,1,VSM.FilterTemporalVertical,72704,1
82,12945,3799.4724625999997,1,VSM.LayoutRemap,2304,1
82,12945,3799.4724625999997,1,VSM.ResetFeedback,1792,1
82,12945,3799.4724625999997,1,VSM.MarkReceiverPages,897280,1
82,12945,3799.4724625999997,1,VSM.Allocate,1934592,1
82,12945,3799.4724625999997,1,VSM.InvalidateStatic,2304,1
82,12945,3799.4724625999997,1,VSM.ClearPhysicalPages,173824,1
82,12945,3799.4724625999997,1,VSM.StaticCasterCull,58624,1
82,12945,3799.4724625999997,1,VSM.DynamicCasterCull,0,1
82,12945,3799.4724625999997,1,VSM.PageCull,39424,1
82,12945,3799.4724625999997,1,VSM.StaticRaster,8307200,1
82,12945,3799.4724625999997,1,VSM.FinalizePages,12288,1
82,12945,3799.4724625999997,1,VSM.DynamicRaster,16640,1
82,12945,3799.4724625999997,1,VSM.UnityCompatibilityRaster,0,0
82,12945,3799.4724625999997,1,VSM.Resolve,12262400,1
82,12945,3799.4724625999997,1,VSM.ResolveTrace,12124416,1
82,12945,3799.4724625999997,1,VSM.FilterHorizontal,64768,1
82,12945,3799.4724625999997,1,VSM.FilterVertical,0,0
82,12945,3799.4724625999997,1,VSM.FilterTemporalVertical,71936,1
83,12946,3799.510899,1,VSM.LayoutRemap,2304,1
83,12946,3799.510899,1,VSM.ResetFeedback,2048,1
83,12946,3799.510899,1,VSM.MarkReceiverPages,780800,1
83,12946,3799.510899,1,VSM.Allocate,1936128,1
83,12946,3799.510899,1,VSM.InvalidateStatic,2048,1
83,12946,3799.510899,1,VSM.ClearPhysicalPages,173568,1
83,12946,3799.510899,1,VSM.StaticCasterCull,58368,1
83,12946,3799.510899,1,VSM.DynamicCasterCull,256,1
83,12946,3799.510899,1,VSM.PageCull,38656,1
83,12946,3799.510899,1,VSM.StaticRaster,8211200,1
83,12946,3799.510899,1,VSM.FinalizePages,3584,1
83,12946,3799.510899,1,VSM.DynamicRaster,15872,1
83,12946,3799.510899,1,VSM.UnityCompatibilityRaster,0,0
83,12946,3799.510899,1,VSM.Resolve,17821696,1
83,12946,3799.510899,1,VSM.ResolveTrace,17681920,1
83,12946,3799.510899,1,VSM.FilterHorizontal,65024,1
83,12946,3799.510899,1,VSM.FilterVertical,0,0
83,12946,3799.510899,1,VSM.FilterTemporalVertical,72960,1
84,12947,3799.5484109,1,VSM.LayoutRemap,2304,1
84,12947,3799.5484109,1,VSM.ResetFeedback,1536,1
84,12947,3799.5484109,1,VSM.MarkReceiverPages,774400,1
84,12947,3799.5484109,1,VSM.Allocate,1935360,1
84,12947,3799.5484109,1,VSM.InvalidateStatic,2304,1
84,12947,3799.5484109,1,VSM.ClearPhysicalPages,173824,1
84,12947,3799.5484109,1,VSM.StaticCasterCull,59648,1
84,12947,3799.5484109,1,VSM.DynamicCasterCull,0,1
84,12947,3799.5484109,1,VSM.PageCull,40448,1
84,12947,3799.5484109,1,VSM.StaticRaster,8153600,1
84,12947,3799.5484109,1,VSM.FinalizePages,8704,1
84,12947,3799.5484109,1,VSM.DynamicRaster,15616,1
84,12947,3799.5484109,1,VSM.UnityCompatibilityRaster,0,0
84,12947,3799.5484109,1,VSM.Resolve,17349120,1
84,12947,3799.5484109,1,VSM.ResolveTrace,17210112,1
84,12947,3799.5484109,1,VSM.FilterHorizontal,64768,1
84,12947,3799.5484109,1,VSM.FilterVertical,0,0
84,12947,3799.5484109,1,VSM.FilterTemporalVertical,73216,1
85,12948,3799.5854125,1,VSM.LayoutRemap,2304,1
85,12948,3799.5854125,1,VSM.ResetFeedback,1792,1
85,12948,3799.5854125,1,VSM.MarkReceiverPages,793344,1
85,12948,3799.5854125,1,VSM.Allocate,1933824,1
85,12948,3799.5854125,1,VSM.InvalidateStatic,2304,1
85,12948,3799.5854125,1,VSM.ClearPhysicalPages,174080,1
85,12948,3799.5854125,1,VSM.StaticCasterCull,56832,1
85,12948,3799.5854125,1,VSM.DynamicCasterCull,256,1
85,12948,3799.5854125,1,VSM.PageCull,37376,1
85,12948,3799.5854125,1,VSM.StaticRaster,8208896,1
85,12948,3799.5854125,1,VSM.FinalizePages,9216,1
85,12948,3799.5854125,1,VSM.DynamicRaster,17152,1
85,12948,3799.5854125,1,VSM.UnityCompatibilityRaster,0,0
85,12948,3799.5854125,1,VSM.Resolve,16308992,1
85,12948,3799.5854125,1,VSM.ResolveTrace,16171008,1
85,12948,3799.5854125,1,VSM.FilterHorizontal,64768,1
85,12948,3799.5854125,1,VSM.FilterVertical,0,0
85,12948,3799.5854125,1,VSM.FilterTemporalVertical,72192,1
86,12949,3799.6222336,1,VSM.LayoutRemap,2304,1
86,12949,3799.6222336,1,VSM.ResetFeedback,2048,1
86,12949,3799.6222336,1,VSM.MarkReceiverPages,617984,1
86,12949,3799.6222336,1,VSM.Allocate,1935104,1
86,12949,3799.6222336,1,VSM.InvalidateStatic,2304,1
86,12949,3799.6222336,1,VSM.ClearPhysicalPages,174336,1
86,12949,3799.6222336,1,VSM.StaticCasterCull,58112,1
86,12949,3799.6222336,1,VSM.DynamicCasterCull,0,1
86,12949,3799.6222336,1,VSM.PageCull,38656,1
86,12949,3799.6222336,1,VSM.StaticRaster,7963648,1
86,12949,3799.6222336,1,VSM.FinalizePages,8448,1
86,12949,3799.6222336,1,VSM.DynamicRaster,15360,1
86,12949,3799.6222336,1,VSM.UnityCompatibilityRaster,0,0
86,12949,3799.6222336,1,VSM.Resolve,16012288,1
86,12949,3799.6222336,1,VSM.ResolveTrace,15874816,1
86,12949,3799.6222336,1,VSM.FilterHorizontal,64000,1
86,12949,3799.6222336,1,VSM.FilterVertical,0,0
86,12949,3799.6222336,1,VSM.FilterTemporalVertical,72192,1
87,12950,3799.6578119,1,VSM.LayoutRemap,2304,1
87,12950,3799.6578119,1,VSM.ResetFeedback,1792,1
87,12950,3799.6578119,1,VSM.MarkReceiverPages,618240,1
87,12950,3799.6578119,1,VSM.Allocate,1936640,1
87,12950,3799.6578119,1,VSM.InvalidateStatic,2048,1
87,12950,3799.6578119,1,VSM.ClearPhysicalPages,563200,1
87,12950,3799.6578119,1,VSM.StaticCasterCull,66560,1
87,12950,3799.6578119,1,VSM.DynamicCasterCull,256,1
87,12950,3799.6578119,1,VSM.PageCull,38656,1
87,12950,3799.6578119,1,VSM.StaticRaster,7916288,1
87,12950,3799.6578119,1,VSM.FinalizePages,8448,1
87,12950,3799.6578119,1,VSM.DynamicRaster,17408,1
87,12950,3799.6578119,1,VSM.UnityCompatibilityRaster,0,0
87,12950,3799.6578119,1,VSM.Resolve,14695936,1
87,12950,3799.6578119,1,VSM.ResolveTrace,14556928,1
87,12950,3799.6578119,1,VSM.FilterHorizontal,64512,1
87,12950,3799.6578119,1,VSM.FilterVertical,0,0
87,12950,3799.6578119,1,VSM.FilterTemporalVertical,73216,1
88,12951,3799.6920311,1,VSM.LayoutRemap,2560,1
88,12951,3799.6920311,1,VSM.ResetFeedback,1792,1
88,12951,3799.6920311,1,VSM.MarkReceiverPages,1138176,1
88,12951,3799.6920311,1,VSM.Allocate,1944832,1
88,12951,3799.6920311,1,VSM.InvalidateStatic,2048,1
88,12951,3799.6920311,1,VSM.ClearPhysicalPages,173568,1
88,12951,3799.6920311,1,VSM.StaticCasterCull,58880,1
88,12951,3799.6920311,1,VSM.DynamicCasterCull,0,1
88,12951,3799.6920311,1,VSM.PageCull,39680,1
88,12951,3799.6920311,1,VSM.StaticRaster,8367104,1
88,12951,3799.6920311,1,VSM.FinalizePages,8448,1
88,12951,3799.6920311,1,VSM.DynamicRaster,16384,1
88,12951,3799.6920311,1,VSM.UnityCompatibilityRaster,0,0
88,12951,3799.6920311,1,VSM.Resolve,14302976,1
88,12951,3799.6920311,1,VSM.ResolveTrace,14163968,1
88,12951,3799.6920311,1,VSM.FilterHorizontal,65280,1
88,12951,3799.6920311,1,VSM.FilterVertical,0,0
88,12951,3799.6920311,1,VSM.FilterTemporalVertical,72704,1
89,12952,3799.7256225,1,VSM.LayoutRemap,2560,1
89,12952,3799.7256225,1,VSM.ResetFeedback,1792,1
89,12952,3799.7256225,1,VSM.MarkReceiverPages,819456,1
89,12952,3799.7256225,1,VSM.Allocate,1936896,1
89,12952,3799.7256225,1,VSM.InvalidateStatic,2048,1
89,12952,3799.7256225,1,VSM.ClearPhysicalPages,174080,1
89,12952,3799.7256225,1,VSM.StaticCasterCull,57344,1
89,12952,3799.7256225,1,VSM.DynamicCasterCull,0,1
89,12952,3799.7256225,1,VSM.PageCull,38144,1
89,12952,3799.7256225,1,VSM.StaticRaster,8028416,1
89,12952,3799.7256225,1,VSM.FinalizePages,5120,1
89,12952,3799.7256225,1,VSM.DynamicRaster,17664,1
89,12952,3799.7256225,1,VSM.UnityCompatibilityRaster,0,0
89,12952,3799.7256225,1,VSM.Resolve,13549824,1
89,12952,3799.7256225,1,VSM.ResolveTrace,13410304,1
89,12952,3799.7256225,1,VSM.FilterHorizontal,65280,1
89,12952,3799.7256225,1,VSM.FilterVertical,0,0
89,12952,3799.7256225,1,VSM.FilterTemporalVertical,73216,1
90,12953,3799.7590634999997,1,VSM.LayoutRemap,2304,1
90,12953,3799.7590634999997,1,VSM.ResetFeedback,1792,1
90,12953,3799.7590634999997,1,VSM.MarkReceiverPages,950272,1
90,12953,3799.7590634999997,1,VSM.Allocate,1936128,1
90,12953,3799.7590634999997,1,VSM.InvalidateStatic,2048,1
90,12953,3799.7590634999997,1,VSM.ClearPhysicalPages,173568,1
90,12953,3799.7590634999997,1,VSM.StaticCasterCull,58112,1
90,12953,3799.7590634999997,1,VSM.DynamicCasterCull,256,1
90,12953,3799.7590634999997,1,VSM.PageCull,39424,1
90,12953,3799.7590634999997,1,VSM.StaticRaster,8227584,1
90,12953,3799.7590634999997,1,VSM.FinalizePages,9216,1
90,12953,3799.7590634999997,1,VSM.DynamicRaster,14848,1
90,12953,3799.7590634999997,1,VSM.UnityCompatibilityRaster,0,0
90,12953,3799.7590634999997,1,VSM.Resolve,11942656,1
90,12953,3799.7590634999997,1,VSM.ResolveTrace,11803904,1
90,12953,3799.7590634999997,1,VSM.FilterHorizontal,65024,1
90,12953,3799.7590634999997,1,VSM.FilterVertical,0,0
90,12953,3799.7590634999997,1,VSM.FilterTemporalVertical,72960,1
91,12954,3799.7910638999997,1,VSM.LayoutRemap,2304,1
91,12954,3799.7910638999997,1,VSM.ResetFeedback,2048,1
91,12954,3799.7910638999997,1,VSM.MarkReceiverPages,683264,1
91,12954,3799.7910638999997,1,VSM.Allocate,1935616,1
91,12954,3799.7910638999997,1,VSM.InvalidateStatic,2304,1
91,12954,3799.7910638999997,1,VSM.ClearPhysicalPages,174080,1
91,12954,3799.7910638999997,1,VSM.StaticCasterCull,59648,1
91,12954,3799.7910638999997,1,VSM.DynamicCasterCull,0,1
91,12954,3799.7910638999997,1,VSM.PageCull,40704,1
91,12954,3799.7910638999997,1,VSM.StaticRaster,8298240,1
91,12954,3799.7910638999997,1,VSM.FinalizePages,3584,1
91,12954,3799.7910638999997,1,VSM.DynamicRaster,16896,1
91,12954,3799.7910638999997,1,VSM.UnityCompatibilityRaster,0,0
91,12954,3799.7910638999997,1,VSM.Resolve,10597888,1
91,12954,3799.7910638999997,1,VSM.ResolveTrace,10459136,1
91,12954,3799.7910638999997,1,VSM.FilterHorizontal,64768,1
91,12954,3799.7910638999997,1,VSM.FilterVertical,0,0
91,12954,3799.7910638999997,1,VSM.FilterTemporalVertical,72704,1
92,12955,3799.8275417,1,VSM.LayoutRemap,2560,1
92,12955,3799.8275417,1,VSM.ResetFeedback,1792,1
92,12955,3799.8275417,1,VSM.MarkReceiverPages,878080,1
92,12955,3799.8275417,1,VSM.Allocate,1935104,1
92,12955,3799.8275417,1,VSM.InvalidateStatic,2048,1
92,12955,3799.8275417,1,VSM.ClearPhysicalPages,173568,1
92,12955,3799.8275417,1,VSM.StaticCasterCull,58624,1
92,12955,3799.8275417,1,VSM.DynamicCasterCull,256,1
92,12955,3799.8275417,1,VSM.PageCull,39680,1
92,12955,3799.8275417,1,VSM.StaticRaster,8137472,1
92,12955,3799.8275417,1,VSM.FinalizePages,5120,1
92,12955,3799.8275417,1,VSM.DynamicRaster,19200,1
92,12955,3799.8275417,1,VSM.UnityCompatibilityRaster,0,0
92,12955,3799.8275417,1,VSM.Resolve,10282240,1
92,12955,3799.8275417,1,VSM.ResolveTrace,10142976,1
92,12955,3799.8275417,1,VSM.FilterHorizontal,65024,1
92,12955,3799.8275417,1,VSM.FilterVertical,0,0
92,12955,3799.8275417,1,VSM.FilterTemporalVertical,73216,1
93,12956,3799.851265,1,VSM.LayoutRemap,2304,1
93,12956,3799.851265,1,VSM.ResetFeedback,1792,1
93,12956,3799.851265,1,VSM.MarkReceiverPages,854784,1
93,12956,3799.851265,1,VSM.Allocate,1933056,1
93,12956,3799.851265,1,VSM.InvalidateStatic,2048,1
93,12956,3799.851265,1,VSM.ClearPhysicalPages,173824,1
93,12956,3799.851265,1,VSM.StaticCasterCull,57088,1
93,12956,3799.851265,1,VSM.DynamicCasterCull,0,1
93,12956,3799.851265,1,VSM.PageCull,38400,1
93,12956,3799.851265,1,VSM.StaticRaster,7877120,1
93,12956,3799.851265,1,VSM.FinalizePages,6144,1
93,12956,3799.851265,1,VSM.DynamicRaster,16896,1
93,12956,3799.851265,1,VSM.UnityCompatibilityRaster,0,0
93,12956,3799.851265,1,VSM.Resolve,10755840,1
93,12956,3799.851265,1,VSM.ResolveTrace,10615552,1
93,12956,3799.851265,1,VSM.FilterHorizontal,67072,1
93,12956,3799.851265,1,VSM.FilterVertical,0,0
93,12956,3799.851265,1,VSM.FilterTemporalVertical,72448,1
94,12957,3799.8730144,1,VSM.LayoutRemap,2560,1
94,12957,3799.8730144,1,VSM.ResetFeedback,1536,1
94,12957,3799.8730144,1,VSM.MarkReceiverPages,637440,1
94,12957,3799.8730144,1,VSM.Allocate,1933824,1
94,12957,3799.8730144,1,VSM.InvalidateStatic,2560,1
94,12957,3799.8730144,1,VSM.ClearPhysicalPages,174080,1
94,12957,3799.8730144,1,VSM.StaticCasterCull,57088,1
94,12957,3799.8730144,1,VSM.DynamicCasterCull,0,1
94,12957,3799.8730144,1,VSM.PageCull,38400,1
94,12957,3799.8730144,1,VSM.StaticRaster,8146432,1
94,12957,3799.8730144,1,VSM.FinalizePages,8704,1
94,12957,3799.8730144,1,VSM.DynamicRaster,16384,1
94,12957,3799.8730144,1,VSM.UnityCompatibilityRaster,0,0
94,12957,3799.8730144,1,VSM.Resolve,11688448,1
94,12957,3799.8730144,1,VSM.ResolveTrace,11548416,1
94,12957,3799.8730144,1,VSM.FilterHorizontal,65536,1
94,12957,3799.8730144,1,VSM.FilterVertical,0,0
94,12957,3799.8730144,1,VSM.FilterTemporalVertical,72960,1
95,12958,3799.8940023,1,VSM.LayoutRemap,0,1
95,12958,3799.8940023,1,VSM.ResetFeedback,0,1
95,12958,3799.8940023,1,VSM.MarkReceiverPages,641792,1
95,12958,3799.8940023,1,VSM.Allocate,222976,1
95,12958,3799.8940023,1,VSM.InvalidateStatic,0,0
95,12958,3799.8940023,1,VSM.ClearPhysicalPages,90112,1
95,12958,3799.8940023,1,VSM.StaticCasterCull,66304,1
95,12958,3799.8940023,1,VSM.DynamicCasterCull,0,1
95,12958,3799.8940023,1,VSM.PageCull,47360,1
95,12958,3799.8940023,1,VSM.StaticRaster,3072,1
95,12958,3799.8940023,1,VSM.FinalizePages,2048,1
95,12958,3799.8940023,1,VSM.DynamicRaster,12544,1
95,12958,3799.8940023,1,VSM.UnityCompatibilityRaster,0,0
95,12958,3799.8940023,1,VSM.Resolve,12110848,1
95,12958,3799.8940023,1,VSM.ResolveTrace,11886592,1
95,12958,3799.8940023,1,VSM.FilterHorizontal,65792,1
95,12958,3799.8940023,1,VSM.FilterVertical,0,0
95,12958,3799.8940023,1,VSM.FilterTemporalVertical,157440,1
96,12959,3799.9136408,1,VSM.LayoutRemap,0,1
96,12959,3799.9136408,1,VSM.ResetFeedback,0,1
96,12959,3799.9136408,1,VSM.MarkReceiverPages,640512,1
96,12959,3799.9136408,1,VSM.Allocate,223232,1
96,12959,3799.9136408,1,VSM.InvalidateStatic,0,0
96,12959,3799.9136408,1,VSM.ClearPhysicalPages,90112,1
96,12959,3799.9136408,1,VSM.StaticCasterCull,68864,1
96,12959,3799.9136408,1,VSM.DynamicCasterCull,0,1
96,12959,3799.9136408,1,VSM.PageCull,50432,1
96,12959,3799.9136408,1,VSM.StaticRaster,10496,1
96,12959,3799.9136408,1,VSM.FinalizePages,1792,1
96,12959,3799.9136408,1,VSM.DynamicRaster,14848,1
96,12959,3799.9136408,1,VSM.UnityCompatibilityRaster,0,0
96,12959,3799.9136408,1,VSM.Resolve,11764224,1
96,12959,3799.9136408,1,VSM.ResolveTrace,11287296,1
96,12959,3799.9136408,1,VSM.FilterHorizontal,67072,1
96,12959,3799.9136408,1,VSM.FilterVertical,0,0
96,12959,3799.9136408,1,VSM.FilterTemporalVertical,157184,1
97,12960,3799.9465385,1,VSM.LayoutRemap,0,1
97,12960,3799.9465385,1,VSM.ResetFeedback,0,1
97,12960,3799.9465385,1,VSM.MarkReceiverPages,641792,1
97,12960,3799.9465385,1,VSM.Allocate,223744,1
97,12960,3799.9465385,1,VSM.InvalidateStatic,0,0
97,12960,3799.9465385,1,VSM.ClearPhysicalPages,90112,1
97,12960,3799.9465385,1,VSM.StaticCasterCull,68608,1
97,12960,3799.9465385,1,VSM.DynamicCasterCull,0,1
97,12960,3799.9465385,1,VSM.PageCull,49920,1
97,12960,3799.9465385,1,VSM.StaticRaster,7168,1
97,12960,3799.9465385,1,VSM.FinalizePages,2048,1
97,12960,3799.9465385,1,VSM.DynamicRaster,15104,1
97,12960,3799.9465385,1,VSM.UnityCompatibilityRaster,0,0
97,12960,3799.9465385,1,VSM.Resolve,10304000,1
97,12960,3799.9465385,1,VSM.ResolveTrace,10079232,1
97,12960,3799.9465385,1,VSM.FilterHorizontal,66048,1
97,12960,3799.9465385,1,VSM.FilterVertical,0,0
97,12960,3799.9465385,1,VSM.FilterTemporalVertical,157952,1
98,12961,3799.9690204,1,VSM.LayoutRemap,0,1
98,12961,3799.9690204,1,VSM.ResetFeedback,0,1
98,12961,3799.9690204,1,VSM.MarkReceiverPages,643584,1
98,12961,3799.9690204,1,VSM.Allocate,223232,1
98,12961,3799.9690204,1,VSM.InvalidateStatic,0,0
98,12961,3799.9690204,1,VSM.ClearPhysicalPages,89856,1
98,12961,3799.9690204,1,VSM.StaticCasterCull,67072,1
98,12961,3799.9690204,1,VSM.DynamicCasterCull,0,1
98,12961,3799.9690204,1,VSM.PageCull,48896,1
98,12961,3799.9690204,1,VSM.StaticRaster,5632,1
98,12961,3799.9690204,1,VSM.FinalizePages,2048,1
98,12961,3799.9690204,1,VSM.DynamicRaster,13056,1
98,12961,3799.9690204,1,VSM.UnityCompatibilityRaster,0,0
98,12961,3799.9690204,1,VSM.Resolve,10239488,1
98,12961,3799.9690204,1,VSM.ResolveTrace,10014720,1
98,12961,3799.9690204,1,VSM.FilterHorizontal,65792,1
98,12961,3799.9690204,1,VSM.FilterVertical,0,0
98,12961,3799.9690204,1,VSM.FilterTemporalVertical,157952,1
99,12962,3799.9921672,1,VSM.LayoutRemap,2560,1
99,12962,3799.9921672,1,VSM.ResetFeedback,1792,1
99,12962,3799.9921672,1,VSM.MarkReceiverPages,947200,1
99,12962,3799.9921672,1,VSM.Allocate,1945344,1
99,12962,3799.9921672,1,VSM.InvalidateStatic,2048,1
99,12962,3799.9921672,1,VSM.ClearPhysicalPages,173824,1
99,12962,3799.9921672,1,VSM.StaticCasterCull,58112,1
99,12962,3799.9921672,1,VSM.DynamicCasterCull,0,1
99,12962,3799.9921672,1,VSM.PageCull,38400,1
99,12962,3799.9921672,1,VSM.StaticRaster,8304384,1
99,12962,3799.9921672,1,VSM.FinalizePages,3840,1
99,12962,3799.9921672,1,VSM.DynamicRaster,16384,1
99,12962,3799.9921672,1,VSM.UnityCompatibilityRaster,0,0
99,12962,3799.9921672,1,VSM.Resolve,11436288,1
99,12962,3799.9921672,1,VSM.ResolveTrace,10755328,1
99,12962,3799.9921672,1,VSM.FilterHorizontal,64000,1
99,12962,3799.9921672,1,VSM.FilterVertical,0,0
99,12962,3799.9921672,1,VSM.FilterTemporalVertical,345856,1
100,12963,3800.0124839,1,VSM.LayoutRemap,0,1
100,12963,3800.0124839,1,VSM.ResetFeedback,0,1
100,12963,3800.0124839,1,VSM.MarkReceiverPages,646656,1
100,12963,3800.0124839,1,VSM.Allocate,226048,1
100,12963,3800.0124839,1,VSM.InvalidateStatic,0,0
100,12963,3800.0124839,1,VSM.ClearPhysicalPages,259072,1
100,12963,3800.0124839,1,VSM.StaticCasterCull,66048,1
100,12963,3800.0124839,1,VSM.DynamicCasterCull,256,1
100,12963,3800.0124839,1,VSM.PageCull,42496,1
100,12963,3800.0124839,1,VSM.StaticRaster,7168,1
100,12963,3800.0124839,1,VSM.FinalizePages,2048,1
100,12963,3800.0124839,1,VSM.DynamicRaster,12032,1
100,12963,3800.0124839,1,VSM.UnityCompatibilityRaster,0,0
100,12963,3800.0124839,1,VSM.Resolve,11640064,1
100,12963,3800.0124839,1,VSM.ResolveTrace,11415808,1
100,12963,3800.0124839,1,VSM.FilterHorizontal,66048,1
100,12963,3800.0124839,1,VSM.FilterVertical,0,0
100,12963,3800.0124839,1,VSM.FilterTemporalVertical,157184,1
101,12964,3800.0347232999998,1,VSM.LayoutRemap,0,1
101,12964,3800.0347232999998,1,VSM.ResetFeedback,0,1
101,12964,3800.0347232999998,1,VSM.MarkReceiverPages,641792,1
101,12964,3800.0347232999998,1,VSM.Allocate,225280,1
101,12964,3800.0347232999998,1,VSM.InvalidateStatic,0,0
101,12964,3800.0347232999998,1,VSM.ClearPhysicalPages,89600,1
101,12964,3800.0347232999998,1,VSM.StaticCasterCull,61440,1
101,12964,3800.0347232999998,1,VSM.DynamicCasterCull,256,1
101,12964,3800.0347232999998,1,VSM.PageCull,43264,1
101,12964,3800.0347232999998,1,VSM.StaticRaster,3328,1
101,12964,3800.0347232999998,1,VSM.FinalizePages,2048,1
101,12964,3800.0347232999998,1,VSM.DynamicRaster,10752,1
101,12964,3800.0347232999998,1,VSM.UnityCompatibilityRaster,0,0
101,12964,3800.0347232999998,1,VSM.Resolve,12483840,1
101,12964,3800.0347232999998,1,VSM.ResolveTrace,12261632,1
101,12964,3800.0347232999998,1,VSM.FilterHorizontal,66304,1
101,12964,3800.0347232999998,1,VSM.FilterVertical,0,0
101,12964,3800.0347232999998,1,VSM.FilterTemporalVertical,155136,1
102,12965,3800.0689236,1,VSM.LayoutRemap,0,1
102,12965,3800.0689236,1,VSM.ResetFeedback,0,1
102,12965,3800.0689236,1,VSM.MarkReceiverPages,631808,1
102,12965,3800.0689236,1,VSM.Allocate,223488,1
102,12965,3800.0689236,1,VSM.InvalidateStatic,0,0
102,12965,3800.0689236,1,VSM.ClearPhysicalPages,420096,1
102,12965,3800.0689236,1,VSM.StaticCasterCull,70912,1
102,12965,3800.0689236,1,VSM.DynamicCasterCull,0,1
102,12965,3800.0689236,1,VSM.PageCull,46848,1
102,12965,3800.0689236,1,VSM.StaticRaster,3328,1
102,12965,3800.0689236,1,VSM.FinalizePages,2304,1
102,12965,3800.0689236,1,VSM.DynamicRaster,12288,1
102,12965,3800.0689236,1,VSM.UnityCompatibilityRaster,0,0
102,12965,3800.0689236,1,VSM.Resolve,10352128,1
102,12965,3800.0689236,1,VSM.ResolveTrace,10124800,1
102,12965,3800.0689236,1,VSM.FilterHorizontal,67840,1
102,12965,3800.0689236,1,VSM.FilterVertical,0,0
102,12965,3800.0689236,1,VSM.FilterTemporalVertical,158720,1
103,12966,3800.1029426,1,VSM.LayoutRemap,0,1
103,12966,3800.1029426,1,VSM.ResetFeedback,0,1
103,12966,3800.1029426,1,VSM.MarkReceiverPages,628224,1
103,12966,3800.1029426,1,VSM.Allocate,221952,1
103,12966,3800.1029426,1,VSM.InvalidateStatic,0,0
103,12966,3800.1029426,1,VSM.ClearPhysicalPages,376832,1
103,12966,3800.1029426,1,VSM.StaticCasterCull,75520,1
103,12966,3800.1029426,1,VSM.DynamicCasterCull,256,1
103,12966,3800.1029426,1,VSM.PageCull,46848,1
103,12966,3800.1029426,1,VSM.StaticRaster,3072,1
103,12966,3800.1029426,1,VSM.FinalizePages,2560,1
103,12966,3800.1029426,1,VSM.DynamicRaster,10496,1
103,12966,3800.1029426,1,VSM.UnityCompatibilityRaster,0,0
103,12966,3800.1029426,1,VSM.Resolve,10516736,1
103,12966,3800.1029426,1,VSM.ResolveTrace,9997824,1
103,12966,3800.1029426,1,VSM.FilterHorizontal,66304,1
103,12966,3800.1029426,1,VSM.FilterVertical,0,0
103,12966,3800.1029426,1,VSM.FilterTemporalVertical,451584,1
104,12967,3800.1390883,1,VSM.LayoutRemap,2304,1
104,12967,3800.1390883,1,VSM.ResetFeedback,1792,1
104,12967,3800.1390883,1,VSM.MarkReceiverPages,934912,1
104,12967,3800.1390883,1,VSM.Allocate,1939968,1
104,12967,3800.1390883,1,VSM.InvalidateStatic,2048,1
104,12967,3800.1390883,1,VSM.ClearPhysicalPages,174080,1
104,12967,3800.1390883,1,VSM.StaticCasterCull,57344,1
104,12967,3800.1390883,1,VSM.DynamicCasterCull,0,1
104,12967,3800.1390883,1,VSM.PageCull,38144,1
104,12967,3800.1390883,1,VSM.StaticRaster,8077056,1
104,12967,3800.1390883,1,VSM.FinalizePages,3328,1
104,12967,3800.1390883,1,VSM.DynamicRaster,17408,1
104,12967,3800.1390883,1,VSM.UnityCompatibilityRaster,0,0
104,12967,3800.1390883,1,VSM.Resolve,11459072,1
104,12967,3800.1390883,1,VSM.ResolveTrace,11076608,1
104,12967,3800.1390883,1,VSM.FilterHorizontal,66560,1
104,12967,3800.1390883,1,VSM.FilterVertical,0,0
104,12967,3800.1390883,1,VSM.FilterTemporalVertical,71936,1
105,12968,3800.1750018,1,VSM.LayoutRemap,2816,1
105,12968,3800.1750018,1,VSM.ResetFeedback,2048,1
105,12968,3800.1750018,1,VSM.MarkReceiverPages,637952,1
105,12968,3800.1750018,1,VSM.Allocate,1936640,1
105,12968,3800.1750018,1,VSM.InvalidateStatic,2048,1
105,12968,3800.1750018,1,VSM.ClearPhysicalPages,173824,1
105,12968,3800.1750018,1,VSM.StaticCasterCull,69120,1
105,12968,3800.1750018,1,VSM.DynamicCasterCull,0,1
105,12968,3800.1750018,1,VSM.PageCull,49664,1
105,12968,3800.1750018,1,VSM.StaticRaster,8500992,1
105,12968,3800.1750018,1,VSM.FinalizePages,3584,1
105,12968,3800.1750018,1,VSM.DynamicRaster,11264,1
105,12968,3800.1750018,1,VSM.UnityCompatibilityRaster,0,0
105,12968,3800.1750018,1,VSM.Resolve,11943680,1
105,12968,3800.1750018,1,VSM.ResolveTrace,11504896,1
105,12968,3800.1750018,1,VSM.FilterHorizontal,68352,1
105,12968,3800.1750018,1,VSM.FilterVertical,0,0
105,12968,3800.1750018,1,VSM.FilterTemporalVertical,72704,1
106,12969,3800.2099324,1,VSM.LayoutRemap,2304,1
106,12969,3800.2099324,1,VSM.ResetFeedback,2048,1
106,12969,3800.2099324,1,VSM.MarkReceiverPages,967680,1
106,12969,3800.2099324,1,VSM.Allocate,1944064,1
106,12969,3800.2099324,1,VSM.InvalidateStatic,2048,1
106,12969,3800.2099324,1,VSM.ClearPhysicalPages,173568,1
106,12969,3800.2099324,1,VSM.StaticCasterCull,57344,1
106,12969,3800.2099324,1,VSM.DynamicCasterCull,0,1
106,12969,3800.2099324,1,VSM.PageCull,38144,1
106,12969,3800.2099324,1,VSM.StaticRaster,8576512,1
106,12969,3800.2099324,1,VSM.FinalizePages,8704,1
106,12969,3800.2099324,1,VSM.DynamicRaster,16384,1
106,12969,3800.2099324,1,VSM.UnityCompatibilityRaster,0,0
106,12969,3800.2099324,1,VSM.Resolve,13358080,1
106,12969,3800.2099324,1,VSM.ResolveTrace,12939264,1
106,12969,3800.2099324,1,VSM.FilterHorizontal,67072,1
106,12969,3800.2099324,1,VSM.FilterVertical,0,0
106,12969,3800.2099324,1,VSM.FilterTemporalVertical,70912,1
107,12970,3800.2465489,1,VSM.LayoutRemap,3072,1
107,12970,3800.2465489,1,VSM.ResetFeedback,2304,1
107,12970,3800.2465489,1,VSM.MarkReceiverPages,854016,1
107,12970,3800.2465489,1,VSM.Allocate,1934080,1
107,12970,3800.2465489,1,VSM.InvalidateStatic,2048,1
107,12970,3800.2465489,1,VSM.ClearPhysicalPages,173312,1
107,12970,3800.2465489,1,VSM.StaticCasterCull,56576,1
107,12970,3800.2465489,1,VSM.DynamicCasterCull,0,1
107,12970,3800.2465489,1,VSM.PageCull,37376,1
107,12970,3800.2465489,1,VSM.StaticRaster,8487936,1
107,12970,3800.2465489,1,VSM.FinalizePages,9472,1
107,12970,3800.2465489,1,VSM.DynamicRaster,14592,1
107,12970,3800.2465489,1,VSM.UnityCompatibilityRaster,0,0
107,12970,3800.2465489,1,VSM.Resolve,13711360,1
107,12970,3800.2465489,1,VSM.ResolveTrace,13571072,1
107,12970,3800.2465489,1,VSM.FilterHorizontal,66560,1
107,12970,3800.2465489,1,VSM.FilterVertical,0,0
107,12970,3800.2465489,1,VSM.FilterTemporalVertical,72448,1
108,12971,3800.2838124,1,VSM.LayoutRemap,2560,1
108,12971,3800.2838124,1,VSM.ResetFeedback,1792,1
108,12971,3800.2838124,1,VSM.MarkReceiverPages,1046528,1
108,12971,3800.2838124,1,VSM.Allocate,1941760,1
108,12971,3800.2838124,1,VSM.InvalidateStatic,2304,1
108,12971,3800.2838124,1,VSM.ClearPhysicalPages,173824,1
108,12971,3800.2838124,1,VSM.StaticCasterCull,58880,1
108,12971,3800.2838124,1,VSM.DynamicCasterCull,0,1
108,12971,3800.2838124,1,VSM.PageCull,39936,1
108,12971,3800.2838124,1,VSM.StaticRaster,8489472,1
108,12971,3800.2838124,1,VSM.FinalizePages,8448,1
108,12971,3800.2838124,1,VSM.DynamicRaster,14848,1
108,12971,3800.2838124,1,VSM.UnityCompatibilityRaster,0,0
108,12971,3800.2838124,1,VSM.Resolve,12404224,1
108,12971,3800.2838124,1,VSM.ResolveTrace,12266496,1
108,12971,3800.2838124,1,VSM.FilterHorizontal,64000,1
108,12971,3800.2838124,1,VSM.FilterVertical,0,0
108,12971,3800.2838124,1,VSM.FilterTemporalVertical,72448,1
109,12972,3800.3207819,1,VSM.LayoutRemap,2560,1
109,12972,3800.3207819,1,VSM.ResetFeedback,1792,1
109,12972,3800.3207819,1,VSM.MarkReceiverPages,648448,1
109,12972,3800.3207819,1,VSM.Allocate,1932288,1
109,12972,3800.3207819,1,VSM.InvalidateStatic,2048,1
109,12972,3800.3207819,1,VSM.ClearPhysicalPages,373504,1
109,12972,3800.3207819,1,VSM.StaticCasterCull,59904,1
109,12972,3800.3207819,1,VSM.DynamicCasterCull,0,1
109,12972,3800.3207819,1,VSM.PageCull,39936,1
109,12972,3800.3207819,1,VSM.StaticRaster,8356608,1
109,12972,3800.3207819,1,VSM.FinalizePages,7936,1
109,12972,3800.3207819,1,VSM.DynamicRaster,17664,1
109,12972,3800.3207819,1,VSM.UnityCompatibilityRaster,0,0
109,12972,3800.3207819,1,VSM.Resolve,13091840,1
109,12972,3800.3207819,1,VSM.ResolveTrace,12775424,1
109,12972,3800.3207819,1,VSM.FilterHorizontal,66048,1
109,12972,3800.3207819,1,VSM.FilterVertical,0,0
109,12972,3800.3207819,1,VSM.FilterTemporalVertical,71680,1
110,12973,3800.3566327999997,1,VSM.LayoutRemap,2304,1
110,12973,3800.3566327999997,1,VSM.ResetFeedback,1792,1
110,12973,3800.3566327999997,1,VSM.MarkReceiverPages,915712,1
110,12973,3800.3566327999997,1,VSM.Allocate,1933312,1
110,12973,3800.3566327999997,1,VSM.InvalidateStatic,2048,1
110,12973,3800.3566327999997,1,VSM.ClearPhysicalPages,173312,1
110,12973,3800.3566327999997,1,VSM.StaticCasterCull,57600,1
110,12973,3800.3566327999997,1,VSM.DynamicCasterCull,256,1
110,12973,3800.3566327999997,1,VSM.PageCull,38400,1
110,12973,3800.3566327999997,1,VSM.StaticRaster,8264960,1
110,12973,3800.3566327999997,1,VSM.FinalizePages,8192,1
110,12973,3800.3566327999997,1,VSM.DynamicRaster,18944,1
110,12973,3800.3566327999997,1,VSM.UnityCompatibilityRaster,0,0
110,12973,3800.3566327999997,1,VSM.Resolve,11566336,1
110,12973,3800.3566327999997,1,VSM.ResolveTrace,11426560,1
110,12973,3800.3566327999997,1,VSM.FilterHorizontal,65024,1
110,12973,3800.3566327999997,1,VSM.FilterVertical,0,0
110,12973,3800.3566327999997,1,VSM.FilterTemporalVertical,73216,1
111,12974,3800.3940568999997,1,VSM.LayoutRemap,2304,1
111,12974,3800.3940568999997,1,VSM.ResetFeedback,2048,1
111,12974,3800.3940568999997,1,VSM.MarkReceiverPages,907264,1
111,12974,3800.3940568999997,1,VSM.Allocate,1944576,1
111,12974,3800.3940568999997,1,VSM.InvalidateStatic,2048,1
111,12974,3800.3940568999997,1,VSM.ClearPhysicalPages,174080,1
111,12974,3800.3940568999997,1,VSM.StaticCasterCull,59136,1
111,12974,3800.3940568999997,1,VSM.DynamicCasterCull,256,1
111,12974,3800.3940568999997,1,VSM.PageCull,40448,1
111,12974,3800.3940568999997,1,VSM.StaticRaster,8312832,1
111,12974,3800.3940568999997,1,VSM.FinalizePages,9984,1
111,12974,3800.3940568999997,1,VSM.DynamicRaster,17920,1
111,12974,3800.3940568999997,1,VSM.UnityCompatibilityRaster,0,0
111,12974,3800.3940568999997,1,VSM.Resolve,12484608,1
111,12974,3800.3940568999997,1,VSM.ResolveTrace,11806464,1
111,12974,3800.3940568999997,1,VSM.FilterHorizontal,235008,1
111,12974,3800.3940568999997,1,VSM.FilterVertical,0,0
111,12974,3800.3940568999997,1,VSM.FilterTemporalVertical,73216,1
112,12975,3800.4296224,1,VSM.LayoutRemap,2304,1
112,12975,3800.4296224,1,VSM.ResetFeedback,2048,1
112,12975,3800.4296224,1,VSM.MarkReceiverPages,814336,1
112,12975,3800.4296224,1,VSM.Allocate,1933568,1
112,12975,3800.4296224,1,VSM.InvalidateStatic,8448,1
112,12975,3800.4296224,1,VSM.ClearPhysicalPages,173824,1
112,12975,3800.4296224,1,VSM.StaticCasterCull,58112,1
112,12975,3800.4296224,1,VSM.DynamicCasterCull,0,1
112,12975,3800.4296224,1,VSM.PageCull,39168,1
112,12975,3800.4296224,1,VSM.StaticRaster,8351744,1
112,12975,3800.4296224,1,VSM.FinalizePages,11776,1
112,12975,3800.4296224,1,VSM.DynamicRaster,17408,1
112,12975,3800.4296224,1,VSM.UnityCompatibilityRaster,0,0
112,12975,3800.4296224,1,VSM.Resolve,11931136,1
112,12975,3800.4296224,1,VSM.ResolveTrace,11791872,1
112,12975,3800.4296224,1,VSM.FilterHorizontal,65792,1
112,12975,3800.4296224,1,VSM.FilterVertical,0,0
112,12975,3800.4296224,1,VSM.FilterTemporalVertical,72704,1
113,12976,3800.4703003,1,VSM.LayoutRemap,2816,1
113,12976,3800.4703003,1,VSM.ResetFeedback,1536,1
113,12976,3800.4703003,1,VSM.MarkReceiverPages,625664,1
113,12976,3800.4703003,1,VSM.Allocate,1933056,1
113,12976,3800.4703003,1,VSM.InvalidateStatic,2304,1
113,12976,3800.4703003,1,VSM.ClearPhysicalPages,174080,1
113,12976,3800.4703003,1,VSM.StaticCasterCull,59392,1
113,12976,3800.4703003,1,VSM.DynamicCasterCull,0,1
113,12976,3800.4703003,1,VSM.PageCull,40704,1
113,12976,3800.4703003,1,VSM.StaticRaster,8465920,1
113,12976,3800.4703003,1,VSM.FinalizePages,8960,1
113,12976,3800.4703003,1,VSM.DynamicRaster,17920,1
113,12976,3800.4703003,1,VSM.UnityCompatibilityRaster,0,0
113,12976,3800.4703003,1,VSM.Resolve,12508160,1
113,12976,3800.4703003,1,VSM.ResolveTrace,12367360,1
113,12976,3800.4703003,1,VSM.FilterHorizontal,66816,1
113,12976,3800.4703003,1,VSM.FilterVertical,0,0
113,12976,3800.4703003,1,VSM.FilterTemporalVertical,72704,1
114,12977,3800.5095168,1,VSM.LayoutRemap,2560,1
114,12977,3800.5095168,1,VSM.ResetFeedback,1792,1
114,12977,3800.5095168,1,VSM.MarkReceiverPages,628992,1
114,12977,3800.5095168,1,VSM.Allocate,1930752,1
114,12977,3800.5095168,1,VSM.InvalidateStatic,2048,1
114,12977,3800.5095168,1,VSM.ClearPhysicalPages,467968,1
114,12977,3800.5095168,1,VSM.StaticCasterCull,57344,1
114,12977,3800.5095168,1,VSM.DynamicCasterCull,0,1
114,12977,3800.5095168,1,VSM.PageCull,38400,1
114,12977,3800.5095168,1,VSM.StaticRaster,8553472,1
114,12977,3800.5095168,1,VSM.FinalizePages,3584,1
114,12977,3800.5095168,1,VSM.DynamicRaster,17408,1
114,12977,3800.5095168,1,VSM.UnityCompatibilityRaster,0,0
114,12977,3800.5095168,1,VSM.Resolve,12567040,1
114,12977,3800.5095168,1,VSM.ResolveTrace,12427520,1
114,12977,3800.5095168,1,VSM.FilterHorizontal,65536,1
114,12977,3800.5095168,1,VSM.FilterVertical,0,0
114,12977,3800.5095168,1,VSM.FilterTemporalVertical,72960,1
115,12978,3800.5498073,1,VSM.LayoutRemap,2560,1
115,12978,3800.5498073,1,VSM.ResetFeedback,1792,1
115,12978,3800.5498073,1,VSM.MarkReceiverPages,939264,1
115,12978,3800.5498073,1,VSM.Allocate,1944576,1
115,12978,3800.5498073,1,VSM.InvalidateStatic,2304,1
115,12978,3800.5498073,1,VSM.ClearPhysicalPages,174080,1
115,12978,3800.5498073,1,VSM.StaticCasterCull,58112,1
115,12978,3800.5498073,1,VSM.DynamicCasterCull,0,1
115,12978,3800.5498073,1,VSM.PageCull,38400,1
115,12978,3800.5498073,1,VSM.StaticRaster,8051712,1
115,12978,3800.5498073,1,VSM.FinalizePages,5888,1
115,12978,3800.5498073,1,VSM.DynamicRaster,15360,1
115,12978,3800.5498073,1,VSM.UnityCompatibilityRaster,0,0
115,12978,3800.5498073,1,VSM.Resolve,17610240,1
115,12978,3800.5498073,1,VSM.ResolveTrace,17470208,1
115,12978,3800.5498073,1,VSM.FilterHorizontal,66048,1
115,12978,3800.5498073,1,VSM.FilterVertical,0,0
115,12978,3800.5498073,1,VSM.FilterTemporalVertical,72960,1
116,12979,3800.5898177,1,VSM.LayoutRemap,2560,1
116,12979,3800.5898177,1,VSM.ResetFeedback,1792,1
116,12979,3800.5898177,1,VSM.MarkReceiverPages,806144,1
116,12979,3800.5898177,1,VSM.Allocate,1935104,1
116,12979,3800.5898177,1,VSM.InvalidateStatic,2304,1
116,12979,3800.5898177,1,VSM.ClearPhysicalPages,173312,1
116,12979,3800.5898177,1,VSM.StaticCasterCull,58880,1
116,12979,3800.5898177,1,VSM.DynamicCasterCull,0,1
116,12979,3800.5898177,1,VSM.PageCull,39680,1
116,12979,3800.5898177,1,VSM.StaticRaster,8128512,1
116,12979,3800.5898177,1,VSM.FinalizePages,3584,1
116,12979,3800.5898177,1,VSM.DynamicRaster,15104,1
116,12979,3800.5898177,1,VSM.UnityCompatibilityRaster,0,0
116,12979,3800.5898177,1,VSM.Resolve,15762944,1
116,12979,3800.5898177,1,VSM.ResolveTrace,15624192,1
116,12979,3800.5898177,1,VSM.FilterHorizontal,64512,1
116,12979,3800.5898177,1,VSM.FilterVertical,0,0
116,12979,3800.5898177,1,VSM.FilterTemporalVertical,72704,1
117,12980,3800.6294152,1,VSM.LayoutRemap,2304,1
117,12980,3800.6294152,1,VSM.ResetFeedback,1792,1
117,12980,3800.6294152,1,VSM.MarkReceiverPages,854272,1
117,12980,3800.6294152,1,VSM.Allocate,1937408,1
117,12980,3800.6294152,1,VSM.InvalidateStatic,2048,1
117,12980,3800.6294152,1,VSM.ClearPhysicalPages,173568,1
117,12980,3800.6294152,1,VSM.StaticCasterCull,63232,1
117,12980,3800.6294152,1,VSM.DynamicCasterCull,256,1
117,12980,3800.6294152,1,VSM.PageCull,41216,1
117,12980,3800.6294152,1,VSM.StaticRaster,8063488,1
117,12980,3800.6294152,1,VSM.FinalizePages,8704,1
117,12980,3800.6294152,1,VSM.DynamicRaster,16896,1
117,12980,3800.6294152,1,VSM.UnityCompatibilityRaster,0,0
117,12980,3800.6294152,1,VSM.Resolve,16448768,1
117,12980,3800.6294152,1,VSM.ResolveTrace,16308480,1
117,12980,3800.6294152,1,VSM.FilterHorizontal,65792,1
117,12980,3800.6294152,1,VSM.FilterVertical,0,0
117,12980,3800.6294152,1,VSM.FilterTemporalVertical,73216,1
118,12981,3800.6702477,1,VSM.LayoutRemap,2560,1
118,12981,3800.6702477,1,VSM.ResetFeedback,1792,1
118,12981,3800.6702477,1,VSM.MarkReceiverPages,815616,1
118,12981,3800.6702477,1,VSM.Allocate,1936640,1
118,12981,3800.6702477,1,VSM.InvalidateStatic,2048,1
118,12981,3800.6702477,1,VSM.ClearPhysicalPages,174080,1
118,12981,3800.6702477,1,VSM.StaticCasterCull,57600,1
118,12981,3800.6702477,1,VSM.DynamicCasterCull,0,1
118,12981,3800.6702477,1,VSM.PageCull,38144,1
118,12981,3800.6702477,1,VSM.StaticRaster,8462080,1
118,12981,3800.6702477,1,VSM.FinalizePages,7680,1
118,12981,3800.6702477,1,VSM.DynamicRaster,17408,1
118,12981,3800.6702477,1,VSM.UnityCompatibilityRaster,0,0
118,12981,3800.6702477,1,VSM.Resolve,15291904,1
118,12981,3800.6702477,1,VSM.ResolveTrace,15152640,1
118,12981,3800.6702477,1,VSM.FilterHorizontal,66304,1
118,12981,3800.6702477,1,VSM.FilterVertical,0,0
118,12981,3800.6702477,1,VSM.FilterTemporalVertical,72192,1
119,12982,3800.7088992,1,VSM.LayoutRemap,2304,1
119,12982,3800.7088992,1,VSM.ResetFeedback,1792,1
119,12982,3800.7088992,1,VSM.MarkReceiverPages,1065472,1
119,12982,3800.7088992,1,VSM.Allocate,1935104,1
119,12982,3800.7088992,1,VSM.InvalidateStatic,2048,1
119,12982,3800.7088992,1,VSM.ClearPhysicalPages,173056,1
119,12982,3800.7088992,1,VSM.StaticCasterCull,59904,1
119,12982,3800.7088992,1,VSM.DynamicCasterCull,0,1
119,12982,3800.7088992,1,VSM.PageCull,40448,1
119,12982,3800.7088992,1,VSM.StaticRaster,8534016,1
119,12982,3800.7088992,1,VSM.FinalizePages,3584,1
119,12982,3800.7088992,1,VSM.DynamicRaster,17664,1
119,12982,3800.7088992,1,VSM.UnityCompatibilityRaster,0,0
119,12982,3800.7088992,1,VSM.Resolve,15788544,1
119,12982,3800.7088992,1,VSM.ResolveTrace,15648512,1
119,12982,3800.7088992,1,VSM.FilterHorizontal,66560,1
119,12982,3800.7088992,1,VSM.FilterVertical,0,0
119,12982,3800.7088992,1,VSM.FilterTemporalVertical,72448,1
120,12983,3800.7569919,1,VSM.LayoutRemap,2304,1
120,12983,3800.7569919,1,VSM.ResetFeedback,1792,1
120,12983,3800.7569919,1,VSM.MarkReceiverPages,945408,1
120,12983,3800.7569919,1,VSM.Allocate,1943040,1
120,12983,3800.7569919,1,VSM.InvalidateStatic,2304,1
120,12983,3800.7569919,1,VSM.ClearPhysicalPages,174080,1
120,12983,3800.7569919,1,VSM.StaticCasterCull,56832,1
120,12983,3800.7569919,1,VSM.DynamicCasterCull,0,1
120,12983,3800.7569919,1,VSM.PageCull,37376,1
120,12983,3800.7569919,1,VSM.StaticRaster,8029184,1
120,12983,3800.7569919,1,VSM.FinalizePages,8960,1
120,12983,3800.7569919,1,VSM.DynamicRaster,16128,1
120,12983,3800.7569919,1,VSM.UnityCompatibilityRaster,0,0
120,12983,3800.7569919,1,VSM.Resolve,14502912,1
120,12983,3800.7569919,1,VSM.ResolveTrace,14363136,1
120,12983,3800.7569919,1,VSM.FilterHorizontal,65792,1
120,12983,3800.7569919,1,VSM.FilterVertical,0,0
120,12983,3800.7569919,1,VSM.FilterTemporalVertical,72960,1
121,12984,3800.7938397,1,VSM.LayoutRemap,2304,1
121,12984,3800.7938397,1,VSM.ResetFeedback,1792,1
121,12984,3800.7938397,1,VSM.MarkReceiverPages,930048,1
121,12984,3800.7938397,1,VSM.Allocate,1933824,1
121,12984,3800.7938397,1,VSM.InvalidateStatic,2048,1
121,12984,3800.7938397,1,VSM.ClearPhysicalPages,173568,1
121,12984,3800.7938397,1,VSM.StaticCasterCull,57600,1
121,12984,3800.7938397,1,VSM.DynamicCasterCull,0,1
121,12984,3800.7938397,1,VSM.PageCull,38144,1
121,12984,3800.7938397,1,VSM.StaticRaster,8208128,1
121,12984,3800.7938397,1,VSM.FinalizePages,7168,1
121,12984,3800.7938397,1,VSM.DynamicRaster,16896,1
121,12984,3800.7938397,1,VSM.UnityCompatibilityRaster,0,0
121,12984,3800.7938397,1,VSM.Resolve,12869120,1
121,12984,3800.7938397,1,VSM.ResolveTrace,12731392,1
121,12984,3800.7938397,1,VSM.FilterHorizontal,64256,1
121,12984,3800.7938397,1,VSM.FilterVertical,0,0
121,12984,3800.7938397,1,VSM.FilterTemporalVertical,72192,1
122,12985,3800.832705,1,VSM.LayoutRemap,2304,1
122,12985,3800.832705,1,VSM.ResetFeedback,1792,1
122,12985,3800.832705,1,VSM.MarkReceiverPages,864768,1
122,12985,3800.832705,1,VSM.Allocate,1935872,1
122,12985,3800.832705,1,VSM.InvalidateStatic,7936,1
122,12985,3800.832705,1,VSM.ClearPhysicalPages,173312,1
122,12985,3800.832705,1,VSM.StaticCasterCull,58880,1
122,12985,3800.832705,1,VSM.DynamicCasterCull,256,1
122,12985,3800.832705,1,VSM.PageCull,39680,1
122,12985,3800.832705,1,VSM.StaticRaster,8275200,1
122,12985,3800.832705,1,VSM.FinalizePages,8704,1
122,12985,3800.832705,1,VSM.DynamicRaster,17664,1
122,12985,3800.832705,1,VSM.UnityCompatibilityRaster,0,0
122,12985,3800.832705,1,VSM.Resolve,12796672,1
122,12985,3800.832705,1,VSM.ResolveTrace,12657408,1
122,12985,3800.832705,1,VSM.FilterHorizontal,65792,1
122,12985,3800.832705,1,VSM.FilterVertical,0,0
122,12985,3800.832705,1,VSM.FilterTemporalVertical,72192,1
123,12986,3800.8752639,1,VSM.LayoutRemap,2560,1
123,12986,3800.8752639,1,VSM.ResetFeedback,1792,1
123,12986,3800.8752639,1,VSM.MarkReceiverPages,1354752,1
123,12986,3800.8752639,1,VSM.Allocate,1956352,1
123,12986,3800.8752639,1,VSM.InvalidateStatic,2048,1
123,12986,3800.8752639,1,VSM.ClearPhysicalPages,173824,1
123,12986,3800.8752639,1,VSM.StaticCasterCull,57600,1
123,12986,3800.8752639,1,VSM.DynamicCasterCull,0,1
123,12986,3800.8752639,1,VSM.PageCull,38656,1
123,12986,3800.8752639,1,VSM.StaticRaster,8242176,1
123,12986,3800.8752639,1,VSM.FinalizePages,10240,1
123,12986,3800.8752639,1,VSM.DynamicRaster,17408,1
123,12986,3800.8752639,1,VSM.UnityCompatibilityRaster,0,0
123,12986,3800.8752639,1,VSM.Resolve,10509312,1
123,12986,3800.8752639,1,VSM.ResolveTrace,10370816,1
123,12986,3800.8752639,1,VSM.FilterHorizontal,64768,1
123,12986,3800.8752639,1,VSM.FilterVertical,0,0
123,12986,3800.8752639,1,VSM.FilterTemporalVertical,72192,1
124,12987,3800.9116007,1,VSM.LayoutRemap,2304,1
124,12987,3800.9116007,1,VSM.ResetFeedback,2048,1
124,12987,3800.9116007,1,VSM.MarkReceiverPages,670208,1
124,12987,3800.9116007,1,VSM.Allocate,1935104,1
124,12987,3800.9116007,1,VSM.InvalidateStatic,2048,1
124,12987,3800.9116007,1,VSM.ClearPhysicalPages,173824,1
124,12987,3800.9116007,1,VSM.StaticCasterCull,58368,1
124,12987,3800.9116007,1,VSM.DynamicCasterCull,0,1
124,12987,3800.9116007,1,VSM.PageCull,39424,1
124,12987,3800.9116007,1,VSM.StaticRaster,8130560,1
124,12987,3800.9116007,1,VSM.FinalizePages,4608,1
124,12987,3800.9116007,1,VSM.DynamicRaster,15360,1
124,12987,3800.9116007,1,VSM.UnityCompatibilityRaster,0,0
124,12987,3800.9116007,1,VSM.Resolve,10571008,1
124,12987,3800.9116007,1,VSM.ResolveTrace,10431488,1
124,12987,3800.9116007,1,VSM.FilterHorizontal,65792,1
124,12987,3800.9116007,1,VSM.FilterVertical,0,0
124,12987,3800.9116007,1,VSM.FilterTemporalVertical,72704,1
125,12988,3800.9362431,1,VSM.LayoutRemap,2304,1
125,12988,3800.9362431,1,VSM.ResetFeedback,2048,1
125,12988,3800.9362431,1,VSM.MarkReceiverPages,919808,1
125,12988,3800.9362431,1,VSM.Allocate,1933824,1
125,12988,3800.9362431,1,VSM.InvalidateStatic,2048,1
125,12988,3800.9362431,1,VSM.ClearPhysicalPages,173568,1
125,12988,3800.9362431,1,VSM.StaticCasterCull,59904,1
125,12988,3800.9362431,1,VSM.DynamicCasterCull,256,1
125,12988,3800.9362431,1,VSM.PageCull,40960,1
125,12988,3800.9362431,1,VSM.StaticRaster,7945472,1
125,12988,3800.9362431,1,VSM.FinalizePages,8704,1
125,12988,3800.9362431,1,VSM.DynamicRaster,18176,1
125,12988,3800.9362431,1,VSM.UnityCompatibilityRaster,0,0
125,12988,3800.9362431,1,VSM.Resolve,11195904,1
125,12988,3800.9362431,1,VSM.ResolveTrace,10890496,1
125,12988,3800.9362431,1,VSM.FilterHorizontal,66304,1
125,12988,3800.9362431,1,VSM.FilterVertical,0,0
125,12988,3800.9362431,1,VSM.FilterTemporalVertical,71936,1
126,12989,3800.9658863,1,VSM.LayoutRemap,2304,1
126,12989,3800.9658863,1,VSM.ResetFeedback,1792,1
126,12989,3800.9658863,1,VSM.MarkReceiverPages,809472,1
126,12989,3800.9658863,1,VSM.Allocate,1945600,1
126,12989,3800.9658863,1,VSM.InvalidateStatic,2048,1
126,12989,3800.9658863,1,VSM.ClearPhysicalPages,173568,1
126,12989,3800.9658863,1,VSM.StaticCasterCull,57600,1
126,12989,3800.9658863,1,VSM.DynamicCasterCull,0,1
126,12989,3800.9658863,1,VSM.PageCull,38400,1
126,12989,3800.9658863,1,VSM.StaticRaster,8300544,1
126,12989,3800.9658863,1,VSM.FinalizePages,9728,1
126,12989,3800.9658863,1,VSM.DynamicRaster,17664,1
126,12989,3800.9658863,1,VSM.UnityCompatibilityRaster,0,0
126,12989,3800.9658863,1,VSM.Resolve,11491584,1
126,12989,3800.9658863,1,VSM.ResolveTrace,11352064,1
126,12989,3800.9658863,1,VSM.FilterHorizontal,65024,1
126,12989,3800.9658863,1,VSM.FilterVertical,0,0
126,12989,3800.9658863,1,VSM.FilterTemporalVertical,73216,1
127,12990,3800.9882752,1,VSM.LayoutRemap,0,1
127,12990,3800.9882752,1,VSM.ResetFeedback,0,1
127,12990,3800.9882752,1,VSM.MarkReceiverPages,641536,1
127,12990,3800.9882752,1,VSM.Allocate,223232,1
127,12990,3800.9882752,1,VSM.InvalidateStatic,0,0
127,12990,3800.9882752,1,VSM.ClearPhysicalPages,89344,1
127,12990,3800.9882752,1,VSM.StaticCasterCull,67840,1
127,12990,3800.9882752,1,VSM.DynamicCasterCull,0,1
127,12990,3800.9882752,1,VSM.PageCull,49152,1
127,12990,3800.9882752,1,VSM.StaticRaster,3584,1
127,12990,3800.9882752,1,VSM.FinalizePages,2048,1
127,12990,3800.9882752,1,VSM.DynamicRaster,11776,1
127,12990,3800.9882752,1,VSM.UnityCompatibilityRaster,0,0
127,12990,3800.9882752,1,VSM.Resolve,12457728,1
127,12990,3800.9882752,1,VSM.ResolveTrace,12228352,1
127,12990,3800.9882752,1,VSM.FilterHorizontal,66304,1
127,12990,3800.9882752,1,VSM.FilterVertical,0,0
127,12990,3800.9882752,1,VSM.FilterTemporalVertical,162304,1
