observation_frame,unscaled_time,frame_timing_timestamp,segment,"frame_interval_ms","cpu_frame_ms","gpu_frame_ms","cpu_render_thread_ms","gc_allocated_in_editor_frame_bytes","VSM.LayoutRemap_gpu_ms","VSM.Allocate_gpu_ms","VSM.InvalidateStatic_gpu_ms","VSM.ClearPhysicalPages_gpu_ms","VSM.StaticCasterCull_gpu_ms","VSM.DynamicCasterCull_gpu_ms","VSM.PageCull_gpu_ms","VSM.StaticRaster_gpu_ms","VSM.DynamicRaster_gpu_ms","VSM.UnityCompatibilityRaster_gpu_ms","VSM.FinalizePages_gpu_ms","VSM.ResetFeedback_gpu_ms","VSM.ResolveAndFeedback_gpu_ms",observed_camera_frame,observed_camera_serial,window_repaint_count,seconds_since_window_repaint
6478,80.7878713010204,75997937878,1,7.2760060429573059,7.4633,6.581248,3.5249,18203,0.001024,0.505088,,0.122112,0.358912,0,0.34099199999999996,0.008192,0.088832,,0.002304,,2.063104,6478,748,0,
6479,80.795749794501134,75998012511,1,7.8784935176372528,7.4463,6.260992,3.0339,15763,0.001024,0.506624,,0.12236799999999999,0.546304,0.000256,0.33228799999999997,0.0097279999999999988,0.09036799999999999,,0.003072,,1.833216,6479,749,0,
6480,80.8030169005102,75998086974,1,7.2671058587729931,5.8631,6.953984,4.4722,18203,0.001024,0.505088,,0.122112,0.35456,0.000256,0.33664,0.007936,0.089088,,0.002048,,1.6703999999999999,6480,750,0,
6481,80.810538194444447,75998145605,1,7.5212940573692322,9.2052,5.971968,3.3612,15815,0.001024,0.505088,,0.122112,0.35456,0.000256,0.33664,0.007936,0.089088,,0.002048,,1.6703999999999999,6481,751,0,
6482,80.818842198129246,75998237657,1,8.30400362610817,6.6819,6.442752,3.0321,18405,0.001024,0.503552,,0.122112,0.35148799999999997,0,0.333824,0.007936,0.091392,,0.002304,,1.683968,6482,752,0,
6483,80.829252494331058,75998304476,1,10.41029579937458,7.6378,6.390528,3.1817,18203,0.001024,0.503552,,0.122112,0.35148799999999997,0,0.333824,0.007936,0.091392,,0.002304,,1.683968,6483,753,0,
6484,80.83656099773242,75998380854,1,7.3085036128759384,7.6665,6.146304,3.2738,15763,0.001024,0.504832,,0.12236799999999999,0.35968,0,0.34176,0.0076799999999999993,0.085504,,0.002304,,1.671424,6484,754,0,
6485,80.843841595804989,75998457519,1,7.2805979289114475,10.6807,6.430208,3.5525,18203,0.001024,0.502528,,0.121344,0.36147199999999996,0,0.34355199999999997,0.007936,0.0896,,0.002048,,2.210048,6485,755,0,
6486,80.851206299603177,75998564326,1,7.3647038079798222,8.1477,6.389504,3.2264,15763,0.001024,0.50559999999999994,,0.12185599999999999,0.35481599999999996,0,0.337152,0.005376,0.093183999999999989,,0.002048,,1.6752639999999999,6486,756,0,
6487,80.858586295351472,75998645803,1,7.379995658993721,6.0117,6.633984,3.408,18203,0.001024,0.50176,,0.12595199999999998,0.355328,0,0.336128,0.007936,0.090112,,0.0025599999999999998,,1.874944,6487,757,0,
6488,80.864899100056689,75998705920,1,6.3128047622740269,8.4996,6.562304,3.2449,15763,0.001024,0.507392,,0.122112,0.352512,0,0.334592,0.0076799999999999993,0.08832,,0.002304,,2.06848,6488,758,0,
6489,80.87181249999999,75998790916,1,6.9133997894823551,6.1303,6.2912,3.3236,18203,0.001024,0.50176,,0.120832,0.355584,0,0.33766399999999996,0.007424,0.089343999999999993,,0.002304,,2.0175359999999998,6489,759,0,
6490,80.878385600907023,75998852219,1,6.5731010399758816,7.2343,6.383872,3.4905,15763,0.001024,0.502784,,0.123136,0.347136,0,0.329216,0.007936,0.089343999999999993,,0.002048,,2.230784,6490,760,0,
6491,80.885482794784579,75998924562,1,7.0971939712762833,6.1959,6.56384,3.1077,18203,0.001024,0.617472,,0.127744,0.357632,0,0.3392,0.0076799999999999993,0.090624,,0.002816,,1.836288,6491,761,0,
6492,80.8923709963152,75998986521,1,6.8882014602422714,7.648,7.069952,2.9964,15763,0.001024,0.50432,,0.128512,0.361984,0.000256,0.34227199999999997,0.0076799999999999993,0.09344,,0.0025599999999999998,,2.051584,6492,762,0,
6493,80.899363095238087,75999063001,1,6.9920988753438,6.5352,6.849024,3.1599,18574,0.003072,0.507392,,0.121088,0.814592,0,0.796416,0.0076799999999999993,0.090112,,0.003072,,2.2727679999999997,6493,763,0,
6494,80.905943494897954,75999128353,1,6.5803998149931431,7.5475,6.539776,2.9072,15763,0.000768,0.61670399999999992,,0.125184,0.360448,0,0.34355199999999997,0.009472,0.089088,,0.002304,,1.8752,6494,764,0,
6495,80.91301649659863,75999203828,1,7.0730014704167843,6.3255,6.556672,3.1684,18203,0.001024,0.500736,,0.120832,0.648704,0,0.269824,0.065792,0.082688,,0.002816,,1.8488319999999998,6495,765,0,
6496,80.920052295918367,75999267083,1,7.0357993245124817,6.386,6.549248,3.6396,16230,0.001024,0.626176,,0.12236799999999999,0.35609599999999997,0,0.33792,0.005632,0.096,,0.002304,,2.084352,6496,766,0,
6497,80.927442998866212,75999330943,1,7.3907030746340752,7.7951,6.27456,2.9048,18203,0.001024,0.51712,,0.128768,0.355328,0.000256,0.336896,0.0076799999999999993,0.089855999999999991,,0.002304,,2.0339199999999997,6497,767,0,
6498,80.935030994897957,75999408894,1,7.58799584582448,6.3986,6.699776,3.2086,15763,0.001024,0.508416,,0.127744,0.36147199999999996,0,0.34355199999999997,0.003584,0.091648,,0.002304,,2.430976,6498,768,0,
6499,80.9419924957483,75999472880,1,6.9615007378160954,6.6763,6.5408,3.2336,18203,0.001024,0.50688,,0.120832,0.36019199999999996,0,0.342016,0.00896,0.091904,,0.002304,,2.119936,6499,769,0,
6500,80.948539094387755,75999539643,1,6.5465988591313362,9.1739,6.198272,3.0401,15763,0.001024,0.509184,,0.122624,0.35686399999999996,0,0.3392,0.0076799999999999993,0.087551999999999991,,0.002304,,1.67552,6500,770,0,
6501,80.955248596938773,75999631382,1,6.7095025442540646,5.8173,6.526464,3.3367,18203,0.000768,0.50892799999999994,,0.129024,0.694016,0,0.675584,0.0084479999999999989,0.09472,,0.0025599999999999998,,2.04672,6501,771,0,
6502,80.9618560941043,75999689555,1,6.6074971109628677,7.1421,5.792,3.1707,15763,0.001024,0.50944,,0.12236799999999999,0.361216,0.000256,0.34355199999999997,0.008192,0.089088,,0.002048,,1.8792959999999999,6502,772,0,
6503,80.968974397675737,75999760976,1,7.118303794413805,6.2134,5.846784,3.3781,18203,0.001024,0.504064,,0.121344,0.361216,0.000256,0.343296,0.0076799999999999993,0.09548799999999999,,0.002048,,1.900288,6503,773,0,
6504,80.97610069444444,75999823110,1,7.1262968704104424,7.6315,6.213888,2.5701,15763,0.001024,0.51712,,0.12287999999999999,0.351744,0,0.33408,0.006912,0.084992,,0.002048,,1.856256,6504,774,0,
6505,80.983619997165533,75999899425,1,7.5193028897047043,5.6743,6.93888,4.0361,18203,0.001024,0.508672,,0.122624,0.35020799999999996,0.000256,0.332544,0.008192,0.089343999999999993,,0.002304,,1.682944,6505,775,0,
6506,80.990693296485261,75999956168,1,7.0732994936406612,7.7754,6.430464,3.3598,15763,0.001024,0.508672,,0.122624,0.35020799999999996,0.000256,0.332544,0.008192,0.089343999999999993,,0.002304,,1.682944,6506,776,0,
6507,80.9983185941043,76000033922,1,7.6252976432442665,8.1437,6.361088,3.4982,21295,0.000768,0.511232,,0.122624,0.35584,0.000256,0.338176,0.008192,0.09344,,0.002048,,2.242816,6507,777,0,
6508,81.005816695011333,76000115359,1,7.4981008656322956,6.7066,5.946368,3.4432,15763,0.001024,0.51148799999999994,,0.122112,0.355328,0.000256,0.337152,0.008192,0.091136,,0.0025599999999999998,,1.891584,6508,778,0,
6509,81.015502699829923,76000182425,1,9.6860043704509735,7.6754,6.06848,3.4061,18255,0.001024,0.51148799999999994,,0.122112,0.355328,0.000256,0.337152,0.008192,0.091136,,0.0025599999999999998,,1.891584,6509,779,0,
6510,81.0219008999433,76000259179,1,6.3982000574469566,7.9677,6.418176,3.4201,15965,0.001024,0.506624,,0.123136,0.36070399999999997,0.000256,0.34099199999999996,0.008192,0.092159999999999992,,0.002048,,2.3966719999999997,6510,780,0,
6511,81.029066999716548,76000338856,1,7.1660997346043587,9.169,6.214656,3.289,18203,0.001024,0.50636799999999993,,0.122112,0.35481599999999996,0,0.336896,0.0076799999999999993,0.08832,,0.002304,,1.6816639999999998,6511,781,0,
6512,81.036031994047619,76000430546,1,6.964994128793478,6.9519,6.324992,3.0521,15763,0.001024,0.50559999999999994,,0.122112,0.358912,0,0.341248,0.0076799999999999993,0.093183999999999989,,0.0025599999999999998,,1.8711039999999999,6512,782,0,
6513,81.043324695294785,76000500065,1,7.29270139709115,4.6438,6.522624,3.5519,18203,0.000768,0.499712,,0.121344,0.353792,0.000256,0.335872,0.003328,0.089343999999999993,,0.002304,,2.069504,6513,783,0,
6514,81.050765795068017,76000546503,1,7.4410997331142426,9.1546,6.554112,3.2432,15763,0.001024,0.50688,,0.12236799999999999,0.35942399999999997,0,0.34176,0.003584,0.0896,,0.002048,,1.699584,6514,784,0,
6515,81.059434899376413,76000638049,1,8.6691044270992279,7.3709,6.69952,4.0693,18203,0.001024,0.618752,,0.122112,0.342528,0,0.324864,0.009984,0.086784,,0.0025599999999999998,,1.9898879999999999,6515,785,0,
6516,81.07664649943311,76000711758,1,17.21159927546978,7.2214,6.434304,4.1691,18323,0.001024,0.61952,,0.122112,0.352512,0.000256,0.33433599999999997,0.0063999999999999994,0.091392,,0.002304,,2.0321279999999997,6516,786,0,
6517,81.085746301020407,76000783972,1,9.0998020023107529,8.7698,5.996032,3.8467,18203,0.001024,0.505856,,0.122624,0.352,0.000256,0.33408,0.007936,0.090624,,0.002304,,1.8611199999999999,6517,787,0,
6518,81.093738499149651,76000871670,1,7.992197759449482,15.878,6.207488,4.2505,15763,0.001024,0.509952,,0.12236799999999999,0.359168,0,0.34176,0.009472,0.089343999999999993,,0.002304,,1.677568,6518,788,0,
6519,81.100691099773243,76001030450,1,6.9526005536317825,10.225,6.198528,3.4942,18203,0.001024,0.50892799999999994,,0.122624,0.349952,0,0.332544,0.003584,0.085504,,0.002304,,1.8895359999999999,6519,789,0,
6520,81.107575800736953,76001132700,1,6.8847010843455791,8.3784,6.268928,2.8575,15763,0.001024,0.50227199999999994,,0.12236799999999999,0.355328,0.000256,0.33766399999999996,0.0084479999999999989,0.087551999999999991,,0.002048,,1.671168,6520,790,0,
6521,81.113764696712011,76001216484,1,6.1888960190117359,6.5302,6.642688,2.5032,18203,0.001024,0.50380799999999992,,0.315648,0.36147199999999996,0,0.33766399999999996,0.008192,0.089088,,0.002048,,1.8959359999999998,6521,791,0,
6522,81.120154896541948,76001281786,1,6.39019999653101,5.7682,6.382848,2.6478,15965,0.001024,0.503552,,0.120832,0.54655999999999993,0.000256,0.52812799999999993,0.009216,0.092416,,0.002048,,1.985536,6522,792,0,
6523,81.126887195294785,76001339468,1,6.7322985269129276,7.0929,6.378752,2.6195,18203,0.001024,0.50380799999999992,,0.121088,0.355072,0,0.33766399999999996,0.0076799999999999993,0.090624,,0.002048,,2.3598079999999997,6523,793,0,
6524,81.133661897675736,76001410397,1,6.774702575057745,5.9762,6.628864,3.3775,15763,0.001024,0.49945599999999996,,0.122624,0.35686399999999996,0,0.339456,0.0076799999999999993,0.089343999999999993,,0.002304,,1.6849919999999998,6524,794,0,
6525,81.140050999149651,76001470159,1,6.3891015015542507,7.3248,6.184448,3.3551,18203,0.001024,0.49945599999999996,,0.122624,0.35686399999999996,0,0.339456,0.0076799999999999993,0.089343999999999993,,0.002304,,1.6849919999999998,6525,795,0,
6526,81.146632100340128,76001543407,1,6.5811011008918285,7.4673,5.711104,3.0816,15763,0.001024,0.50559999999999994,,0.122112,0.357888,0,0.339968,0.007936,0.091136,,0.002048,,1.678848,6526,796,0,
6527,81.152805399659854,76001618080,1,6.1732991598546505,5.5003,6.56128,2.619,18203,0.001024,0.502784,,0.120832,0.522496,0.000256,0.504832,0.0076799999999999993,0.089855999999999991,,0.002048,,2.2656,6527,797,0,
6528,81.1591626984127,76001673083,1,6.3572986982762814,5.4096,6.152192,3.2298,15763,0.001024,0.508672,,0.121344,0.61849599999999993,0,0.34048,0.011007999999999999,0.09036799999999999,,0.002048,,1.8424319999999998,6528,798,0,
6529,81.1654970946712,76001727179,1,6.3343960791826248,7.0014,6.328832,2.6741,18203,0.001024,0.50892799999999994,,0.121344,0.360448,0,0.342528,0.007424,0.088832,,0.0025599999999999998,,2.1396479999999998,6529,799,0,
6530,81.172145897108834,76001797193,1,6.6488026641309261,5.8736,6.331648,2.7332,15763,0.001024,0.50816,,0.1216,0.639232,0,0.6208,0.0076799999999999993,0.091136,,0.0025599999999999998,,2.034688,6530,800,0,
6531,81.17842499999999,76001855929,1,6.2791029922664165,7.0648,6.626048,2.3422,18203,0.001024,0.508672,,0.1216,0.348416,0,0.330752,0.007424,0.089343999999999993,,0.002304,,1.89312,6531,801,0,
6532,81.185636394557818,76001926577,1,7.2113946080207825,7.0139,6.254336,3.2536,15763,0.001024,0.508672,,0.1216,0.348416,0,0.330752,0.007424,0.089343999999999993,,0.002304,,1.89312,6532,802,0,
6533,81.192087797619038,76001996716,1,6.4514032565057278,5.9021,6.383104,2.9575,18203,0.001024,0.62208,,0.131584,0.354048,0,0.334848,0.007936,0.09036799999999999,,0.0025599999999999998,,1.833728,6533,803,0,
6534,81.198841695011339,76002055737,1,6.7538972944021225,6.9009,6.25152,3.0244,15763,0.000768,0.507648,,0.121344,0.359936,0.000256,0.341504,0.003328,0.09088,,0.002048,,1.67552,6534,804,0,
6535,81.205436600056686,76002124746,1,6.5949051640927792,7.5435,6.369024,2.0629,18203,0.001024,0.511232,,0.12287999999999999,0.36352,0,0.345344,0.007936,0.096,,0.002048,,1.873664,6535,805,0,
6536,81.211764399092971,76002200181,1,6.3277990557253361,5.0661,6.573056,3.1039,15763,0.001024,0.506112,,0.121088,0.738304,0,0.71961599999999992,0.0076799999999999993,0.09036799999999999,,0.0025599999999999998,,1.903872,6536,806,0,
6537,81.220052600623575,76002250842,1,8.2882018759846687,7.858,5.841408,2.9535,18457,0.001024,0.50892799999999994,,0.123136,0.35072,0,0.330496,0.008192,0.087039999999999992,,0.002304,,1.6983039999999998,6537,807,0,
6538,81.2263251984127,76002329422,1,6.2725977040827274,6.9894,6.190592,3.2114,18609,0.001024,0.517632,,0.122624,0.35328,0,0.33536,0.006912,0.085504,,0.001792,,1.85856,6538,808,0,
6539,81.232961500850337,76002399316,1,6.6363024525344372,7.791,6.28992,3.2193,18203,0.001024,0.507648,,0.128768,0.35481599999999996,0,0.33664,0.0076799999999999993,0.091136,,0.002304,,1.689088,6539,809,0,
6540,81.2401545989229,76002477226,1,7.1930978447198868,6.3199,6.102016,3.2233,15763,0.0025599999999999998,0.510208,,0.1216,0.35712,0,0.339456,0.004352,0.088576,,0.0025599999999999998,,1.6737279999999999,6540,810,0,
6541,81.246845393990924,76002540425,1,6.6907950676977634,5.6369,6.570496,4.0613,18203,0.001024,0.505856,,0.125696,0.557056,0,0.53888,0.007936,0.089343999999999993,,0.002816,,2.0357119999999997,6541,811,0,
6542,81.252835196995463,76002596794,1,5.9898030012845993,8.2598,5.626112,2.8917,15763,0.001024,0.510464,,0.122624,0.35609599999999997,0,0.338176,0.010496,0.089855999999999991,,0.002048,,1.673984,6542,812,0,
6543,81.258511295351468,76002679392,1,5.6760981678962708,6.906,5.830144,2.5601,18203,0.001024,0.630016,,0.122624,0.356352,0,0.338432,0.0076799999999999993,0.088832,,0.002048,,1.6732159999999998,6543,813,0,
6544,81.265217694161,76002748452,1,6.7063989117741585,5.0931,5.64096,2.7395,15763,0.001024,0.506624,,0.12185599999999999,0.351744,0.000256,0.333568,0.007424,0.088832,,0.002048,,1.689344,6544,814,0,
6545,81.271197300170058,76002799383,1,5.9796059504151344,6.4382,5.728512,2.986,18203,0.001024,0.622848,,0.12236799999999999,0.350976,0,0.3328,0.004096,0.096256,,0.002048,,1.6919039999999999,6545,815,0,
6546,81.276985196995469,76002863765,1,5.7878969237208366,6.6715,5.651968,2.8447,15763,0.001024,0.506624,,0.122624,0.35814399999999996,0,0.34048,0.0076799999999999993,0.089343999999999993,,0.002048,,1.6934399999999998,6546,816,0,
6547,81.282837195294775,76002930480,1,5.8519984595477581,5.7966,5.617152,2.7767,18203,0.001024,0.503552,,0.12287999999999999,0.35942399999999997,0,0.339456,0.0076799999999999993,0.092159999999999992,,0.002048,,1.6737279999999999,6547,817,0,
6548,81.289494699546481,76002988446,1,6.6575044766068459,5.2103,5.451264,3.3956,15763,0.000768,0.507904,,0.12185599999999999,0.364288,0,0.34687999999999997,0.0076799999999999993,0.09267199999999999,,0.002048,,1.674752,6548,818,0,
6549,81.29598869756235,76003040549,1,6.4939982257783413,6.7157,5.656832,5.4133,18203,0.001024,0.505344,,0.122112,0.35968,0,0.34227199999999997,0.003584,0.092416,,0.002304,,1.672704,6549,819,0,
6550,81.301609899376416,76003107706,1,5.6212018243968487,4.9891,5.59744,2.6012,15763,0.000768,0.507136,,0.122112,0.349696,0.000256,0.332032,0.008192,0.0896,,0.002048,,1.672704,6550,820,0,
6551,81.3073350977891,76003157597,1,5.7251984253525734,7.614,5.60896,2.397,18203,0.001024,0.507392,,0.121088,0.360448,0,0.34227199999999997,0.007936,0.089855999999999991,,0.002048,,1.6701439999999999,6551,821,0,
6552,81.313377699829928,76003233737,1,6.0426020063459873,5.1455,5.689088,3.0174,15763,0.001024,0.50816,,0.121088,0.357632,0,0.339456,0.003328,0.0896,,0.002048,,1.6852479999999999,6552,822,0,
6553,81.319069196428572,76003285192,1,5.6914966553449631,6.5039,5.457152,2.532,18203,0.001024,0.516864,,0.12287999999999999,0.3584,0,0.34048,0.0076799999999999993,0.092928,,0.002304,,1.6752639999999999,6553,823,0,
6554,81.324966298185942,76003350231,1,5.8971019461750984,5.2582,5.747712,2.3846,15965,0.001024,0.62259199999999992,,0.128,0.351232,0,0.333312,0.0076799999999999993,0.08832,,0.002048,,1.672192,6554,824,0,
6555,81.330699496882076,76003402813,1,5.73319848626852,5.7439,5.864192,2.4587,18203,0.001024,0.506624,,0.12185599999999999,0.553728,0.000256,0.535808,0.007936,0.090112,,0.002048,,1.8859519999999999,6555,825,0,
6556,81.336415497448982,76003460252,1,5.7160006836056709,6.1732,5.721856,2.4823,15763,0.001024,0.505856,,0.12185599999999999,0.363264,0.000256,0.34559999999999996,0.0076799999999999993,0.09267199999999999,,0.002304,,1.6767999999999998,6556,826,0,
6557,81.342275496031746,76003521984,1,5.8599985204637051,5.3176,5.68832,2.3603,18203,0.001024,0.504576,,0.121088,0.346368,0,0.327936,0.0076799999999999993,0.087039999999999992,,0.002304,,1.6767999999999998,6557,827,0,
6558,81.349072597789117,76003575160,1,6.7971018142998219,5.9073,5.848576,2.3892,15763,0.001024,0.505344,,0.121344,0.357632,0,0.339968,0.0051199999999999996,0.088832,,0.002304,,1.8928639999999999,6558,828,0,
6559,81.35531699971655,76003634233,1,6.2444019131362438,5.9294,6.68288,2.6055,18203,0.001024,0.506624,,0.121344,0.74982399999999994,0,0.731904,0.007168,0.09088,,0.002048,,2.236928,6559,829,0,
6560,81.362722796201808,76003693527,1,7.4057965539395809,5.6852,6.281984,2.9317,15763,0.001024,0.622848,,0.121344,0.71372799999999992,0,0.695552,0.007936,0.086784,,0.0025599999999999998,,1.843712,6560,830,0,
6561,81.369655598072555,76003750379,1,6.9328020326793194,7.2702,7.395072,2.5857,18203,0.001024,0.509952,,0.12185599999999999,0.358656,0.000256,0.3392,0.007936,0.087551999999999991,,0.002304,,1.9110399999999998,6561,831,0,
6562,81.376061394557823,76003823081,1,6.4057963900268078,6.4494,6.784,3.5221,15763,0.001024,0.504832,,0.121344,0.344064,0,0.326144,0.007936,0.086784,,0.002048,,2.46528,6562,832,0,
6563,81.382627997448978,76003887575,1,6.5666027367115021,7.4797,6.459904,2.2091,18323,0.001024,0.506624,,0.121344,0.35814399999999996,0.000256,0.34022399999999997,0.0076799999999999993,0.088832,,0.002048,,2.410752,6563,833,0,
6564,81.389199794501124,76003962372,1,6.57179718837142,6.7217,6.57536,3.2921,15763,0.001024,0.61849599999999993,,0.126464,0.364288,0,0.346624,0.003328,0.095232,,0.002048,,2.165248,6564,834,0,
6565,81.396065795068026,76004029589,1,6.8660005927085876,5.8003,6.576384,3.0687,18574,0.001024,0.503552,,0.129792,0.367616,0.000256,0.34892799999999996,0.007936,0.093696,,0.002304,,1.672448,6565,835,0,
6566,81.402483000283439,76004087592,1,6.4172050915658474,7.7196,6.311424,2.2256,15763,0.001024,0.507136,,0.121088,0.351744,0,0.333824,0.0076799999999999993,0.09344,,0.002048,,1.676544,6566,836,0,
6567,81.408907497165529,76004164788,1,6.4244968816637993,5.9778,6.401536,3.2242,18203,0.001024,0.620544,,0.12595199999999998,0.354304,0.000256,0.336128,0.007936,0.0896,,0.0025599999999999998,,1.8726399999999999,6567,837,0,
6568,81.41618089569161,76004224566,1,7.2733983397483826,7.0118,6.412032,3.0124,15763,0.001024,0.510208,,0.122112,0.562688,0,0.332032,0.009984,0.089088,,0.002048,,2.0520959999999997,6568,838,0,
6569,81.4225975977891,76004294684,1,6.416702177375555,5.9176,6.80448,2.7295,18602,0.001024,0.622336,,0.121088,0.77567999999999993,0,0.33510399999999996,0.009472,0.0896,,0.002816,,2.0641279999999997,6569,839,0,
6570,81.429238095238091,76004353860,1,6.6404975950717926,6.5035,6.409728,2.9563,15763,0.001024,0.505856,,0.1216,0.360448,0.000256,0.342784,0.007936,0.092928,,0.002048,,1.8506239999999998,6570,840,0,
6571,81.436131299603176,76004418895,1,6.8932045251131058,8.4902,6.04928,3.6154,18203,0.001024,0.516096,,0.122624,0.358912,0,0.340736,0.005888,0.089343999999999993,,0.002048,,1.8908159999999998,6571,841,0,
6572,81.442610600907031,76004503797,1,6.4793014898896217,5.9618,6.884096,2.5684,15763,0.001024,0.50816,,0.121344,0.359936,0,0.342528,0.003328,0.092159999999999992,,0.002304,,2.598912,6572,842,0,
6573,81.4499227962018,76004563415,1,7.3121953755617142,6.9171,6.439424,3.1458,18203,0.000768,0.507648,,0.1216,0.35481599999999996,0.000256,0.336896,0.007936,0.0896,,0.002048,,1.875456,6573,843,0,
6574,81.456186798469389,76004632586,1,6.2640020623803139,5.6781,7.276288,3.1756,15763,0.001024,0.508672,,0.64281599999999994,0.40755199999999997,0,0.386304,0.003584,0.0832,,0.0025599999999999998,,1.8493439999999999,6574,844,0,
6575,81.462836897675729,76004689367,1,6.6500990651547909,8.0124,6.261248,2.6711,18203,0.001024,0.50559999999999994,,0.121088,0.35353599999999996,0,0.33561599999999997,0.003072,0.096256,,0.002048,,1.858816,6575,845,0,
6576,81.469211096938778,76004769491,1,6.3741994090378284,7.0823,6.618112,2.6694,15763,0.000768,0.62208,,0.12236799999999999,0.36070399999999997,0.000256,0.342784,0.0063999999999999994,0.083968,,0.002048,,2.152704,6576,846,0,
6577,81.4760503968254,76004840314,1,6.8393000401556492,5.6136,6.372096,2.398,18203,0.001024,0.507648,,0.12185599999999999,0.35712,0.000256,0.339456,0.0076799999999999993,0.09267199999999999,,0.002048,,2.372864,6577,847,0,
6578,81.482393494897963,76004896450,1,6.3430978916585445,6.1444,6.77504,2.567,15763,0.001024,0.509952,,0.121088,0.504832,0,0.268544,0.087296,0.089343999999999993,,0.002304,,2.084608,6578,848,0,
6579,81.489079797335592,76004957894,1,6.6863023675978184,7.3671,6.305792,2.2418,18203,0.001024,0.50944,,0.129024,0.889088,0,0.32639999999999997,0.020735999999999997,0.091648,,0.0025599999999999998,,1.672448,6579,849,0,
6580,81.495442495748293,76005031565,1,6.3626985065639019,6.3436,6.729216,2.1855,15763,0.001024,0.508672,,0.123648,0.35737599999999997,0,0.339456,0.005888,0.091904,,0.002304,,2.0188159999999997,6580,850,0,
6581,81.50194199971655,76005095001,1,6.4995037391781807,5.7231,6.346496,2.4152,21295,0.001024,0.50380799999999992,,0.12057599999999999,0.553728,0,0.535552,0.0076799999999999993,0.09088,,0.002048,,1.9793919999999998,6581,851,0,
6582,81.508583595521543,76005152232,1,6.6415956243872643,5.8752,6.479616,3.1141,15763,0.001024,0.507904,,0.120832,0.349184,0.000256,0.331264,0.0076799999999999993,0.091392,,0.002304,,1.878016,6582,852,0,
6583,81.51505069444444,76005210984,1,6.4670988358557224,7.3651,6.610176,3.7789,18203,0.002048,0.628736,,0.1216,0.79334399999999994,0.000256,0.775168,0.0076799999999999993,0.09088,,0.002816,,1.6834559999999998,6583,853,0,
6584,81.521331094104312,76005284635,1,6.2803998589515686,7.2138,6.383872,2.7461,15965,0.001024,0.62591999999999992,,0.12287999999999999,0.35456,0,0.33664,0.007936,0.091904,,0.002304,,1.6952319999999999,6584,854,0,
6585,81.528208496315187,76005356773,1,6.8774023093283176,6.4574,6.256896,2.7359,18203,0.001024,0.514304,,0.126976,0.360448,0,0.342784,0.007936,0.09088,,0.0025599999999999998,,2.1056,6585,855,0,
6586,81.535410395408164,76005421347,1,7.20189930871129,5.95,6.848768,2.9837,15883,0.001024,0.506624,,0.1216,0.72140799999999994,0,0.70297599999999993,0.007936,0.092928,,0.0025599999999999998,,2.049792,6586,856,0,
6587,81.54163199404762,76005480847,1,6.2215984798967838,6.8642,7.196416,2.6063,18203,0.001024,0.507136,,0.120832,0.350464,0.000256,0.33305599999999996,0.0076799999999999993,0.0896,,0.002048,,2.10816,6587,857,0,
6588,81.548467396541952,76005549489,1,6.8354024551808834,5.8446,6.197248,2.5736,15763,0.001024,0.507648,,0.1216,0.34559999999999996,0,0.32767999999999997,0.007936,0.08832,,0.002048,,2.200576,6588,858,0,
6589,81.555075297619041,76005607935,1,6.6079013049602509,8.5328,6.811648,2.7343,18203,0.001024,0.508416,,0.121344,0.36070399999999997,0,0.342784,0.0076799999999999993,0.087551999999999991,,0.002304,,2.094592,6589,859,0,
6590,81.561541000566891,76005693263,1,6.4657027833163738,5.2232,6.601728,3.1843,44203,0.001024,0.50892799999999994,,0.128512,0.36147199999999996,0,0.34227199999999997,0.0076799999999999993,0.093183999999999989,,0.0025599999999999998,,2.2346239999999997,6590,860,0,
6591,81.5680185941043,76005745495,1,6.4775934442877769,7.8039,6.444544,2.7489,18203,0.001024,0.507648,,0.130304,0.367104,0.000256,0.34815999999999997,0.007936,0.088576,,0.002304,,1.884672,6591,861,0,
6592,81.574058595521535,76005823534,1,6.0400012880563736,6.112,6.46528,2.8757,15763,0.001024,0.505856,,0.1216,0.70220799999999994,0.000256,0.333824,0.0076799999999999993,0.086528,,0.0025599999999999998,,1.880576,6592,862,0,
6593,81.580397399376409,76005884654,1,6.33880402892828,5.9484,6.016512,2.711,18203,0.001024,0.50816,,0.121088,0.35737599999999997,0,0.33971199999999996,0.003072,0.0896,,0.002048,,1.695744,6593,863,0,
6594,81.587306894841262,76005944138,1,6.909495685249567,7.1921,6.309632,2.754,15763,0.001024,0.636672,,0.12287999999999999,0.368896,0,0.351232,0.007936,0.08832,,0.002048,,1.6834559999999998,6594,864,0,
6595,81.594054095804992,76006016059,1,6.7472010850906372,5.8968,6.906368,3.2862,18203,0.001024,0.503552,,0.12953599999999998,0.34944,0.000256,0.331264,0.007424,0.085504,,0.0025599999999999998,,2.067456,6595,865,0,
6596,81.600569699546483,76006075027,1,6.5156035125255585,6.9992,6.529024,2.4217,15763,0.001024,0.504832,,0.47231999999999996,0.428544,0,0.403456,0.007936,0.0896,,0.002304,,1.8926079999999998,6596,866,0,
6597,81.608439299886612,76006145019,1,7.86960031837225,6.2473,6.277888,3.4347,18203,0.001024,0.504832,,0.47231999999999996,0.428544,0,0.403456,0.007936,0.0896,,0.002304,,1.8926079999999998,6597,867,0,
6598,81.614731498015871,76006207492,1,6.2921983189880848,7.7555,6.244864,3.3123,15763,0.001024,0.510208,,0.123136,0.350976,0.000256,0.333312,0.007936,0.092159999999999992,,0.002048,,2.279424,6598,868,0,
6599,81.621439299886617,76006285047,1,6.7078019492328167,6.9987,6.245632,2.5576,18550,0.001024,0.510464,,0.122624,0.358912,0,0.34099199999999996,0.008192,0.0896,,0.002304,,1.669632,6599,869,0,
6600,81.628596095521544,76006355034,1,7.15679582208395,6.0451,6.69184,2.912,15815,0.001024,0.505088,,0.121344,0.740864,0,0.398592,0.008192,0.088576,,0.0025599999999999998,,1.8844159999999999,6600,870,0,
6601,81.636179195011337,76006415485,1,7.5830994173884392,7.1317,7.133696,2.9713,18203,0.001024,0.50816,,0.1216,0.363776,0,0.346112,0.0076799999999999993,0.089855999999999991,,0.002048,,1.87648,6601,871,0,
6602,81.646088796768709,76006486802,1,9.9096018821001053,6.1474,7.560704,3.0706,21547,0.001024,0.50816,,0.1216,0.363776,0,0.346112,0.0076799999999999993,0.089855999999999991,,0.002048,,1.87648,6602,872,0,
6603,81.653983297902485,76006548276,1,7.8945010900497437,7.9896,6.494464,3.2681,18203,0.001024,0.50892799999999994,,0.121344,0.35737599999999997,0,0.339968,0.003328,0.090112,,0.002048,,1.6770559999999999,6603,873,0,
6604,81.660936798469379,76006628172,1,6.9535006769001484,10.3779,5.890304,3.1412,15763,0.001024,0.509184,,0.12287999999999999,0.36147199999999996,0,0.343808,0.010239999999999999,0.099072,,0.002048,,1.671168,6604,874,0,
6605,81.667399496882084,76006731951,1,6.4626983366906643,8.6484,6.601216,2.8932,18203,0.001024,0.504576,,0.12287999999999999,0.3584,0,0.34022399999999997,0.003328,0.089088,,0.002304,,1.675776,6605,875,0,
6606,81.6740205994898,76006818435,1,6.6211028024554253,6.1726,6.390272,3.0948,15763,0.001024,0.509952,,0.12723199999999998,0.35686399999999996,0,0.337152,0.003328,0.090112,,0.0025599999999999998,,1.8744319999999999,6606,876,0,
6607,81.680918700396816,76006880161,1,6.8981009535491467,7.4117,5.995776,2.7255,18203,0.001024,0.510464,,0.122112,0.363008,0.000256,0.34559999999999996,0.008192,0.087808,,0.002048,,1.673984,6607,877,0,
6608,81.687693799603167,76006954278,1,6.7750993184745312,5.6966,6.885376,2.6307,21812,0.001024,0.6208,,0.128512,0.707584,0.000256,0.337152,0.0063999999999999994,0.088576,,0.004608,,2.078464,6608,878,0,
6609,81.695348596938771,76007011244,1,7.6547972857952118,6.1449,6.764032,3.2434,18203,0.000768,0.62182399999999993,,0.121344,0.357888,0.000256,0.33971199999999996,0.007424,0.09779199999999999,,0.002048,,1.8977279999999999,6609,879,0,
6610,81.701678295068021,76007072693,1,6.329698022454977,8.1085,6.583552,2.8797,15763,0.001024,0.50688,,0.12185599999999999,0.35737599999999997,0,0.339456,0.007936,0.089855999999999991,,0.002304,,1.676544,6610,880,0,
6611,81.709094196428566,76007153778,1,7.4159014038741589,6.7535,6.376448,2.9721,18203,0.001024,0.500992,,0.126464,0.36275199999999996,0,0.34227199999999997,0.003584,0.0896,,0.0025599999999999998,,2.075904,6611,881,0,
6612,81.716884998582756,76007221313,1,7.7908020466566086,7.4775,6.640896,3.0674,15763,0.001024,0.51148799999999994,,0.122624,0.358656,0,0.34099199999999996,0.003584,0.088576,,0.002304,,2.070016,6612,882,0,
6613,81.72355679563492,76007296088,1,6.6717970184981823,5.78,6.704128,3.5405,18550,0.001024,0.51225599999999993,,0.12236799999999999,0.3584,0,0.34048,0.009216,0.091392,,0.002304,,1.888,6613,883,0,
6614,81.730657596371884,76007353888,1,7.1008005179464817,9.0814,6.253568,3.1277,18489,0.001024,0.51225599999999993,,0.12236799999999999,0.3584,0,0.34048,0.009216,0.091392,,0.002304,,1.888,6614,884,0,
6615,81.737448200113377,76007444702,1,6.7906035110354424,6.8908,6.133504,2.5494,31509,0.001024,0.507904,,0.1216,0.351744,0,0.33433599999999997,0.007424,0.08524799999999999,,0.002304,,1.691392,6615,885,0,
6616,81.744102494331059,76007513610,1,6.6542942076921463,6.8869,6.784256,3.1292,15763,0.001024,0.508672,,0.123136,0.357888,0,0.338688,0.010239999999999999,0.09267199999999999,,0.002304,,1.690624,6616,886,0,
6617,81.751559594671193,76007582479,1,7.4571003206074238,6.5336,6.345728,3.066,18203,0.001024,0.508672,,0.123136,0.357888,0,0.338688,0.010239999999999999,0.09267199999999999,,0.002304,,1.690624,6617,887,0,
6618,81.757724100056691,76007647815,1,6.1645056121051311,7.5892,6.471936,2.3772,21692,0.001024,0.51148799999999994,,0.123648,0.35942399999999997,0.000256,0.34099199999999996,0.007936,0.08806399999999999,,0.002304,,1.6734719999999998,6618,888,0,
6619,81.764848795351469,76007723707,1,7.124695461243391,5.6834,6.132224,3.4491,18203,0.001024,0.506112,,0.12057599999999999,0.35712,0,0.339968,0.007424,0.09088,,0.002304,,2.0024319999999998,6619,889,0,
6620,81.772334998582764,76007780541,1,7.4862032197415829,6.9948,6.443776,2.7781,15763,0.001024,0.508672,,0.12185599999999999,0.50892799999999994,0,0.49023999999999995,0.003328,0.0896,,0.002048,,1.67296,6620,890,0,
6621,81.778922696995465,76007850489,1,6.5876985900104046,6.0606,6.6496,3.1394,18203,0.001024,0.619776,,0.12006399999999999,0.348416,0,0.33100799999999997,0.0076799999999999993,0.08806399999999999,,0.002048,,1.976832,6621,891,0,
6622,81.786101395975052,76007911095,1,7.1786991320550442,6.8931,6.691584,3.4876,15763,0.001024,0.514304,,0.132096,0.354048,0,0.33536,0.0076799999999999993,0.091648,,0.0025599999999999998,,2.32064,6622,892,0,
6623,81.792917594954645,76007980026,1,6.8161990493535995,8.7565,6.453504,2.9975,18203,0.001024,0.510464,,0.122112,0.35712,0.000256,0.3392,0.008192,0.093952,,0.002048,,1.878784,6623,893,0,
6624,81.799169798752828,76008067591,1,6.2522036023437977,6.4959,6.813696,3.031,15763,0.001024,0.50892799999999994,,0.125696,0.358912,0.000256,0.34048,0.0076799999999999993,0.08832,,0.0025599999999999998,,2.31552,6624,894,0,
6625,81.805722994614513,76008132550,1,6.553195882588625,7.0591,6.237952,3.0136,18203,0.0038399999999999997,0.515072,,0.12185599999999999,0.364288,0,0.345856,0.003328,0.087808,,0.002304,,2.05312,6625,895,0,
6626,81.811842899659865,76008203141,1,6.1199050396680832,5.3636,6.523136,3.3745,15763,0.001024,0.507904,,0.13516799999999998,0.355328,0,0.33638399999999996,0.0076799999999999993,0.083712,,0.002304,,1.8752,6626,896,0,
6627,81.819048299319718,76008256777,1,7.2053996846079826,7.5169,6.091008,2.9797,18203,0.001024,0.510208,,0.12287999999999999,0.70783999999999991,0,0.33305599999999996,0.005888,0.097279999999999991,,0.003328,,1.856512,6627,897,0,
6628,81.826214094387751,76008331946,1,7.1657951921224594,6.6698,6.26944,2.9639,16110,0.001024,0.50816,,0.121344,0.353024,0,0.334848,0.007424,0.08576,,0.002304,,1.6716799999999998,6628,898,0,
6629,81.833090894274378,76008398644,1,6.8767997436225414,5.5289,7.132416,2.875,18255,0.001024,0.50432,,0.12595199999999998,0.361216,0.000256,0.342528,0.0063999999999999994,0.088832,,0.0025599999999999998,,2.03136,6629,899,0,
6630,81.840032199546485,76008453933,1,6.941305473446846,7.9314,6.824448,2.8295,15883,0.001024,0.632832,,0.122624,0.532224,0,0.51481599999999994,0.003584,0.088832,,0.002304,,2.550272,6630,900,0,
6631,81.847660799319726,76008533247,1,7.6285996474325657,6.9024,6.472192,3.3974,18203,0.001024,0.517632,,0.122112,0.354304,0,0.33638399999999996,0.008192,0.09088,,0.002048,,2.05952,6631,901,0,
6632,81.854213598356012,76008602271,1,6.5527991391718388,7.7087,6.235392,2.9565,15763,0.001024,0.62515199999999993,,0.12236799999999999,0.348416,0,0.330496,0.003584,0.08806399999999999,,0.002048,,1.8792959999999999,6632,902,0,
6633,81.860968998015863,76008679358,1,6.7553995177149773,6.3457,6.531584,3.0614,18203,0.001024,0.50816,,0.123904,0.349696,0,0.332032,0.003328,0.09472,,0.002048,,2.105088,6633,903,0,
6634,81.867497796201818,76008742815,1,6.5287980251014233,7.9246,5.969664,3.1162,15763,0.001024,0.512,,0.122112,0.35609599999999997,0,0.33792,0.0038399999999999997,0.096,,0.002048,,1.677824,6634,904,0,
6635,81.874380697278909,76008822061,1,6.8829013034701347,5.4973,6.46528,2.8296,18203,0.001024,0.505344,,0.12287999999999999,0.55244799999999994,0,0.53478399999999993,0.0076799999999999993,0.09088,,0.002048,,2.063872,6635,905,0,
6636,81.881423100907028,76008877034,1,7.0424037985503674,7.8678,6.09408,2.9455,15763,0.001024,0.50688,,0.121344,0.35276799999999997,0,0.334848,0.007936,0.08576,,0.002048,,1.671168,6636,906,0,
6637,81.888761600056682,76008955712,1,7.3384991846978664,5.6088,6.962944,3.2774,18203,0.001024,0.507648,,0.122112,0.73062399999999994,0,0.712704,0.010752,0.085504,,0.0025599999999999998,,2.173952,6637,907,0,
6638,81.896337400793641,76009011800,1,7.5758006423711777,7.1777,7.058432,4.243,16134,0.001024,0.50432,,0.1216,0.557568,0,0.341248,0.005376,0.092416,,0.002304,,2.155776,6638,908,0,
6639,81.90266749574829,76009083577,1,6.3300947658717632,7.4723,6.675968,2.1412,18203,0.001024,0.512512,,0.123136,0.35456,0,0.336896,0.008192,0.090624,,0.002048,,1.6734719999999998,6639,909,0,
6640,81.909004896541944,76009158300,1,6.3374009914696217,5.9124,6.310144,2.8483,15763,0.001024,0.507392,,0.12057599999999999,0.348672,0,0.330496,0.007936,0.09472,,0.002048,,1.674496,6640,910,0,
6641,81.915724199263039,76009217424,1,6.7193028517067432,8.3804,6.26176,2.0702,18203,0.001024,0.507136,,0.12825599999999998,0.347904,0,0.32972799999999997,0.0076799999999999993,0.09036799999999999,,0.002048,,2.088704,6641,911,0,
6642,81.922456200396823,76009301228,1,6.732000969350338,4.8727,6.739712,2.8261,16110,0.001024,0.507648,,0.12057599999999999,0.35737599999999997,0.000256,0.33971199999999996,0.003328,0.092416,,0.002048,,2.117632,6642,912,0,
6643,81.929393898809522,76009349955,1,6.93769846111536,8.1677,6.322432,2.6825,18203,0.001024,0.504064,,0.121344,0.357632,0,0.339456,0.006912,0.092928,,0.002304,,2.089216,6643,913,0,
6644,81.935990497448969,76009431632,1,6.5965987741947174,4.9352,6.922752,3.6005,15763,0.001024,0.507904,,0.130304,0.350976,0.000256,0.33177599999999996,0.007424,0.091136,,0.0025599999999999998,,2.2865919999999997,6644,914,0,
6645,81.942880796485255,76009480984,1,6.8902992643415928,8.2219,6.564352,2.9125,18203,0.001024,0.510208,,0.12236799999999999,0.363776,0,0.34559999999999996,0.0084479999999999989,0.089855999999999991,,0.002048,,1.8859519999999999,6645,915,0,
6646,81.949676594387753,76009563203,1,6.79579796269536,6.9491,6.88256,3.2218,15763,0.001024,0.51072,,0.133888,0.3584,0,0.33971199999999996,0.007936,0.09036799999999999,,0.002304,,1.8711039999999999,6646,916,0,
6647,81.956177295918366,76009632694,1,6.5007014200091362,5.6551,6.777088,2.9267,18203,0.001024,0.62259199999999992,,0.12185599999999999,0.35968,0,0.342016,0.003328,0.087551999999999991,,0.002304,,2.060032,6647,917,0,
6648,81.964689299886615,76009689245,1,8.5120042786002159,7.8481,6.414592,4.5713,15763,0.000768,0.51225599999999993,,0.12287999999999999,0.349696,0,0.33152,0.004352,0.082688,,0.002304,,2.1022719999999997,6648,918,0,
6649,81.971525099206346,76009767726,1,6.83579919859767,7.3975,6.487552,2.689,18203,0.001024,0.51148799999999994,,0.12287999999999999,0.35686399999999996,0,0.338432,0.0038399999999999997,0.087808,,0.002048,,2.07872,6649,919,0,
6650,81.978433397108844,76009841701,1,6.9082980044186115,5.7809,6.542336,3.3038,15763,0.001024,0.506112,,0.122112,0.35072,0,0.33305599999999996,0.008192,0.091904,,0.002048,,1.6852479999999999,6650,920,0,
6651,81.985743700396824,76009899510,1,7.3103033937513828,9.0162,6.061056,3.3024,18203,0.001024,0.506112,,0.122112,0.35072,0,0.33305599999999996,0.008192,0.091904,,0.002048,,1.6852479999999999,6651,921,0,
6652,81.9930047973356,76009989672,1,7.261096965521574,7.5458,6.195456,2.5922,15883,0.001024,0.507648,,0.124416,0.35072,0,0.3328,0.005632,0.091136,,0.002304,,2.0037119999999997,6652,922,0,
6653,82.0005832979025,76010065130,1,7.5785005465149879,4.5554,6.84416,3.4532,18203,0.001024,0.507648,,0.124416,0.35072,0,0.3328,0.005632,0.091136,,0.002304,,2.0037119999999997,6653,923,0,
6654,82.007448795351465,76010110684,1,6.8654976785182953,9.8129,6.317568,2.8296,18855,0.001024,0.50303999999999993,,0.12236799999999999,0.352512,0,0.33510399999999996,0.011264,0.08806399999999999,,0.002048,,1.6816639999999998,6654,924,0,
6655,82.014498596938779,76010208813,1,7.0498017594218254,6.8118,6.159616,3.3399,18203,0.000768,0.500224,,0.120832,0.35686399999999996,0,0.33971199999999996,0.0076799999999999993,0.09088,,0.002048,,2.162176,6655,925,0,
6656,82.024375999149655,76010276931,1,9.87740233540535,7.4514,6.412288,2.8454,15965,0.001024,0.50176,,0.127744,0.347136,0.000256,0.328704,0.003328,0.093696,,0.002048,,2.036224,6656,926,0,
6657,82.033995698696145,76010351445,1,9.6196997910738,6.4661,7.058432,3.061,18255,0.001024,0.50176,,0.127744,0.347136,0.000256,0.328704,0.003328,0.093696,,0.002048,,2.036224,6657,927,0,
6658,82.0417470946712,76010416106,1,7.7513959258794785,8.0144,6.426112,3.2576,15763,0.001024,0.62182399999999993,,0.12185599999999999,0.361728,0.000256,0.343296,0.0038399999999999997,0.093696,,0.002048,,1.8995199999999999,6658,928,0,
6659,82.049615596655329,76010496250,1,7.868502289056778,11.4806,6.555648,3.5841,18203,0.001024,0.62182399999999993,,0.12185599999999999,0.361728,0.000256,0.343296,0.0038399999999999997,0.093696,,0.002048,,1.8995199999999999,6659,929,0,
6660,82.0578093962585,76010611056,1,8.1937992945313454,8.5586,6.515968,3.6876,15763,0.001024,0.505344,,0.122624,0.354304,0.000256,0.33638399999999996,0.008192,0.084224,,0.002048,,1.6785919999999999,6660,930,0,
6661,82.0665625,76010696642,1,8.7531041353940964,7.4828,5.801728,3.1931,18203,0.001024,0.505344,,0.122624,0.354304,0.000256,0.33638399999999996,0.008192,0.084224,,0.002048,,1.6785919999999999,6661,931,0,
6662,82.073659297052146,76010771470,1,7.0967972278594971,8.5902,6.370048,3.4638,17981,0.001024,0.509952,,0.12236799999999999,0.35148799999999997,0,0.333824,0.003584,0.089343999999999993,,0.002304,,2.163712,6662,932,0,
6663,82.081379995748293,76010857372,1,7.7206986024975777,8.5201,6.154752,3.3316,18203,0.001024,0.506112,,0.122112,0.34304,0.000256,0.324608,0.010496,0.086784,,0.002304,,1.6734719999999998,6663,933,0,
6664,82.090617800453515,76010942573,1,9.2378044500947,7.3441,6.055936,3.3429,15763,0.000768,0.503552,,0.12185599999999999,0.357888,0.000256,0.33971199999999996,0.007936,0.08832,,0.002048,,2.142976,6664,934,0,
6665,82.098156299603176,76011016014,1,7.5384993106126785,7.6276,6.615552,3.4642,18203,0.000768,0.503552,,0.12185599999999999,0.357888,0.000256,0.33971199999999996,0.007936,0.08832,,0.002048,,2.142976,6665,935,0,
6666,82.106279095804979,76011092290,1,8.1227961927652359,7.4734,6.085632,3.045,15763,0.004608,0.505344,,0.121088,0.356608,0.000256,0.33894399999999997,0.0076799999999999993,0.09036799999999999,,0.002304,,1.691392,6666,936,0,
6667,82.11363989512472,76011167024,1,7.3607992380857468,8.4701,6.649344,3.0122,18203,0.001024,0.61926399999999993,,0.12185599999999999,0.351232,0,0.333312,0.003328,0.092416,,0.002304,,2.22592,6667,937,0,
6668,82.121364200680276,76011251725,1,7.7243056148290634,8.9142,6.65344,3.427,15763,0.001024,0.498432,,0.120832,0.347136,0.000256,0.329472,0.003328,0.091648,,0.002048,,2.73408,6668,938,0,
6669,82.128763499149656,76011340867,1,7.3992982506752014,7.4479,6.324224,4.2322,18405,0.000768,0.50227199999999994,,0.122112,0.35686399999999996,0,0.338688,0.003328,0.088832,,0.002304,,1.686528,6669,939,0,
6670,82.134847597789118,76011415346,1,6.0840984806418419,7.9246,6.19264,2.8126,15763,0.001024,0.514048,,0.122112,0.35814399999999996,0,0.34048,0.005632,0.088832,,0.002048,,2.038016,6670,940,0,
6671,82.141809998582758,76011494592,1,6.9624008610844612,5.6372,6.032896,2.943,18203,0.001024,0.50432,,0.131328,0.35968,0,0.340736,0.011007999999999999,0.090624,,0.0025599999999999998,,1.878016,6671,941,0,
6672,82.149436798469381,76011550964,1,7.6267998665571213,6.8795,6.97472,3.0495,15883,0.001024,0.50303999999999993,,0.120832,0.357632,0,0.34022399999999997,0.003328,0.088576,,0.002304,,2.3336959999999998,6672,942,0,
6673,82.158332497165532,76011619759,1,8.8956989347934723,7.0491,6.46144,4.1506,18203,0.000768,0.50432,,0.129024,0.35328,0,0.33433599999999997,0.003328,0.0896,,0.002304,,2.21312,6673,943,0,
6674,82.165044798752831,76011690250,1,6.7123016342520714,8.3429,6.441216,3.1507,15763,0.001024,0.50636799999999993,,0.12236799999999999,0.34355199999999997,0,0.325632,0.007936,0.080639999999999989,,0.002304,,1.682944,6674,944,0,
6675,82.171646995464855,76011773679,1,6.6021964885294437,8.5427,6.214912,3.3218,18203,0.001024,0.503296,,0.12185599999999999,0.35609599999999997,0,0.338432,0.008192,0.088576,,0.002048,,1.673984,6675,945,0,
6676,82.178194097222217,76011859106,1,6.5471017733216286,6.4309,6.185984,3.786,15763,0.001024,0.62924799999999992,,0.122112,0.358656,0,0.340736,0.004608,0.090112,,0.002304,,2.042112,6676,946,0,
6677,82.184842297335592,76011923415,1,6.64820009842515,6.3027,5.732096,2.9215,18203,0.001024,0.616192,,0.121088,0.348416,0,0.330752,0.0076799999999999993,0.088576,,0.002048,,1.6716799999999998,6677,947,0,
6678,82.1919005952381,76011986442,1,7.0582977496087551,6.6666,6.62272,3.2069,16061,0.001024,0.50176,,0.12544,0.35584,0,0.33664,0.0076799999999999993,0.08806399999999999,,0.002816,,2.252288,6678,948,0,
6679,82.198627898242634,76012053108,1,6.72730291262269,5.8354,7.040768,3.1175,18203,0.000768,0.499712,,0.121088,0.785152,0,0.767488,0.007424,0.089343999999999993,,0.002304,,1.867008,6679,949,0,
6680,82.205314795918369,76012111462,1,6.6868974827229977,8.3982,6.1376,3.1539,15763,0.001024,0.504576,,0.122112,0.361984,0,0.344064,0.007936,0.096,,0.002048,,1.6867839999999998,6680,950,0,
6681,82.211937599206351,76012195444,1,6.6228033974766731,6.1175,6.660864,2.8947,18203,0.001024,0.509952,,0.129792,0.3584,0.000256,0.34048,0.003328,0.09088,,0.002048,,1.899776,6681,951,0,
6682,82.218266397392284,76012256619,1,6.3287983648478985,6.4702,6.6112,2.882,15763,0.001024,0.508416,,0.121344,0.877056,0,0.39552,0.0076799999999999993,0.086272,,0.0025599999999999998,,1.85984,6682,952,0,
6683,82.224993395691612,76012321321,1,6.7269983701407909,6.6787,6.302976,3.2836,18405,0.001024,0.620544,,0.121344,0.34815999999999997,0,0.330752,0.003328,0.084735999999999992,,0.002304,,1.68448,6683,953,0,
6684,82.232223795351473,76012388108,1,7.2303996421396732,6.0259,6.719232,2.3368,15763,0.000768,0.50432,,0.1344,0.354048,0.000256,0.334848,0.003584,0.09344,,0.002304,,1.862912,6684,954,0,
6685,82.239106894841271,76012448367,1,6.8830996751785278,6.1641,7.131648,3.0015,20981,0.001024,0.504064,,0.50227199999999994,0.541184,0.000256,0.516864,0.003328,0.087296,,0.0025599999999999998,,2.123008,6685,955,0,
6686,82.245835494614511,76012510008,1,6.7285997793078423,6.8978,6.933504,2.5846,86047,0.001024,0.50688,,0.120832,0.54016,0.000256,0.31872,0.023552,0.094463999999999992,,0.002304,,2.1632,6686,956,0,
6687,82.252421400226751,76012578986,1,6.58590579405427,7.8967,6.709248,3.3998,79894,0.001024,0.50688,,0.1216,0.35456,0,0.33664,0.007424,0.091136,,0.002048,,2.2182399999999998,6687,957,0,
6688,82.259318898809525,76012657953,1,6.89749838784337,6.319,6.415616,3.3002,15763,0.001024,0.504064,,0.1216,0.546304,0,0.33664,0.009216,0.091392,,0.002048,,1.689856,6688,958,0,
6689,82.265992198129254,76012721143,1,6.6732992418110371,7.8263,6.041088,3.0526,18203,0.001024,0.51072,,0.12236799999999999,0.35814399999999996,0,0.34022399999999997,0.007936,0.09036799999999999,,0.002304,,2.002944,6689,959,0,
6690,82.273217800453509,76012799406,1,7.2256023995578289,6.4367,6.644992,2.8784,15763,0.001024,0.623872,,0.121344,0.728576,0,0.710144,0.0076799999999999993,0.088832,,0.002816,,2.154496,6690,960,0,
6691,82.279779400510208,76012863773,1,6.561600137501955,6.2495,7.215872,2.2914,18203,0.001024,0.62105599999999994,,0.12185599999999999,0.357888,0,0.33971199999999996,0.0076799999999999993,0.090112,,0.002304,,1.8856959999999998,6691,961,0,
6692,82.286568998015866,76012926268,1,6.7895976826548576,5.6071,6.481408,2.4232,15763,0.000768,0.508416,,0.12032,0.35276799999999997,0,0.33510399999999996,0.0076799999999999993,0.089088,,0.002304,,1.88544,6692,962,0,
6693,82.2932251984127,76012982339,1,6.6562006250023842,7.3142,6.772224,2.8124,18203,0.001024,0.508672,,0.122112,0.356352,0.000256,0.338688,0.007936,0.090624,,0.002048,,2.309888,6693,963,0,
6694,82.299967899659862,76013055481,1,6.7427014000713825,8.9746,6.421248,2.8682,15763,0.001024,0.50969599999999993,,0.122624,0.361984,0,0.34431999999999996,0.012032,0.092928,,0.002048,,1.6919039999999999,6694,964,0,
6695,82.306672597789117,76013145227,1,6.7046983167529106,6.0434,6.761984,2.9798,18323,0.001024,0.517632,,0.12236799999999999,0.353792,0,0.335872,0.008192,0.08576,,0.002048,,1.87136,6695,965,0,
6696,82.312972498582766,76013205661,1,6.2999008223414421,6.6468,6.692096,3.3478,15763,0.001024,0.509184,,0.122112,0.36531199999999997,0,0.347136,0.007936,0.089088,,0.002048,,1.8675199999999998,6696,966,0,
6697,82.319675396825389,76013272129,1,6.7028980702161789,5.8895,6.269184,2.5477,18203,0.001024,0.506624,,0.123136,0.357632,0,0.34022399999999997,0.008192,0.08832,,0.002816,,2.100224,6697,967,0,
6698,82.326366496598638,76013331024,1,6.6910996101796627,6.473,6.619136,2.5632,15965,0.001024,0.50892799999999994,,0.121344,0.507648,0,0.292864,0.038144,0.09548799999999999,,0.002816,,2.0894719999999998,6698,968,0,
6699,82.333449100056683,76013395754,1,7.08260340616107,6.6558,6.7328,2.9548,18203,0.001024,0.50636799999999993,,0.122624,0.35686399999999996,0,0.33894399999999997,0.003328,0.091392,,0.002048,,2.1463039999999998,6699,969,0,
6700,82.340107298752827,76013462312,1,6.6581987775862217,6.0977,7.073792,3.0963,15763,0.001024,0.6208,,0.1216,0.35814399999999996,0,0.339968,0.003328,0.089343999999999993,,0.002048,,1.98528,6700,970,0,
6701,82.346930796485253,76013523289,1,6.8234978243708611,7.1669,6.6368,3.4569,18203,0.001024,0.502784,,0.121344,0.350976,0,0.333568,0.003072,0.091648,,0.002304,,2.085632,6701,971,0,
6702,82.35370599489795,76013594958,1,6.7751985043287277,6.2679,6.808832,2.684,15763,0.001024,0.6208,,0.123136,0.356352,0,0.338176,0.0076799999999999993,0.091904,,0.002304,,2.07104,6702,972,0,
6703,82.359799596088436,76013657637,1,6.0936012305319309,6.891,6.756864,3.895,18203,0.000768,0.50636799999999993,,0.12928,0.35942399999999997,0.000256,0.34099199999999996,0.0076799999999999993,0.087296,,0.0025599999999999998,,2.022144,6703,973,0,
6704,82.367305598072562,76013726547,1,7.5060022063553333,7.1473,6.075136,3.3587,15763,0.001024,0.509952,,0.1216,0.358912,0,0.34099199999999996,0.003328,0.09344,,0.002304,,1.9028479999999999,6704,974,0,
6705,82.373555994897956,76013798020,1,6.2503968365490437,7.5876,6.839808,3.1594,18203,0.001024,0.51814399999999994,,0.122624,0.36352,0,0.34559999999999996,0.011776,0.0896,,0.002048,,2.1058559999999997,6705,975,0,
6706,82.380273100907033,76013873896,1,6.7171058617532253,5.9758,6.224128,2.7646,15763,0.001024,0.508672,,0.121344,0.35225599999999996,0,0.333824,0.004352,0.094208,,0.002304,,2.0121599999999997,6706,976,0,
6707,82.386456696428567,76013933654,1,6.1835953965783119,7.4622,6.699776,2.4029,18203,0.001024,0.617216,,0.121344,0.35456,0,0.337152,0.003328,0.0896,,0.002304,,1.88032,6707,977,0,
6708,82.393062195294775,76014008276,1,6.60549895837903,5.3427,6.161152,2.7646,16011,0.001024,0.50559999999999994,,0.121344,0.360448,0,0.34304,0.0076799999999999993,0.094975999999999991,,0.002048,,1.882112,6708,978,0,
6709,82.399571194727883,76014061703,1,6.50899950414896,6.7855,6.592768,2.9439,36145,0.001024,0.50559999999999994,,0.395264,0.420352,0,0.39961599999999997,0.003584,0.092416,,0.0025599999999999998,,2.463488,6709,979,0,
6710,82.406118494897953,76014129558,1,6.5473001450300217,6.6535,6.482176,2.7506,29658,0.001024,0.506624,,0.121088,0.717312,0,0.34022399999999997,0.008704,0.087039999999999992,,0.003072,,1.8828799999999999,6710,980,0,
6711,82.412131094104311,76014196093,1,6.0125989839434624,6.4601,6.537472,3.0788,18203,0.001024,0.622336,,0.121344,0.35686399999999996,0,0.338432,0.0076799999999999993,0.083456,,0.002048,,1.8752,6711,981,0,
6712,82.41950319586168,76014260694,1,7.37210176885128,6.6402,5.991168,3.0169,15763,0.001024,0.50892799999999994,,0.1216,0.355584,0,0.336896,0.003328,0.09472,,0.002048,,1.875456,6712,982,0,
6713,82.425959700963716,76014327096,1,6.4565050415694714,6.1981,7.356928,3.179,18550,0.001024,0.62259199999999992,,0.12723199999999998,0.37324799999999997,0,0.35456,0.00896,0.086784,,0.003328,,1.8542079999999999,6713,983,0,
6714,82.432352295918363,76014389077,1,6.3925948925316334,5.7043,6.408704,2.9206,15763,0.001024,0.50969599999999993,,0.12057599999999999,0.59136,0,0.35737599999999997,0.0076799999999999993,0.09088,,0.002048,,2.3984639999999997,6714,984,0,
6715,82.438870096371872,76014446120,1,6.5178005024790764,8.1431,6.276352,2.5153,18203,0.001024,0.505344,,0.12287999999999999,0.36403199999999997,0,0.346368,0.003328,0.089343999999999993,,0.002048,,2.2545919999999997,6715,985,0,
6716,82.444977699829934,76014527551,1,6.1076036654412746,6.7415,6.619136,2.1322,33386,0.001024,0.50636799999999993,,0.128,0.353792,0.000256,0.335872,0.003584,0.094463999999999992,,0.002304,,2.212096,6716,986,0,
6717,82.451556795634914,76014594966,1,6.5790959633886814,6.0133,6.056448,3.0082,32588,0.001024,0.507136,,0.121344,0.351744,0,0.333824,0.007424,0.091392,,0.002304,,1.679616,6717,987,0,
6718,82.4585093962585,76014655099,1,6.9526005536317825,6.4951,6.582784,3.1496,15883,0.001024,0.50816,,0.126976,0.35225599999999996,0.000256,0.334848,0.011519999999999999,0.093183999999999989,,0.002048,,2.2146559999999997,6718,988,0,
6719,82.465148795351467,76014720050,1,6.6393991000950336,6.9277,6.501888,2.4368,18203,0.001024,0.508672,,0.12185599999999999,0.35968,0,0.34227199999999997,0.0063999999999999994,0.091648,,0.002048,,2.0738559999999997,6719,989,0,
6720,82.471660600907029,76014789327,1,6.5118055790662766,5.5189,6.597632,3.2815,15763,0.001024,0.505088,,0.120832,0.35968,0.000256,0.342016,0.003328,0.091648,,0.002048,,2.096896,6720,990,0,
6721,82.478272895408153,76014844516,1,6.6122943535447121,7.541,6.487552,3.0999,18203,0.001024,0.508416,,0.127488,0.694272,0,0.325376,0.008192,0.118016,,0.003584,,2.029568,6721,991,0,
6722,82.4851088010204,76014919926,1,6.8359058350324631,6.0972,6.593536,2.6717,15763,0.001024,0.50892799999999994,,0.121344,0.361984,0,0.343808,0.00896,0.091136,,0.002304,,1.6732159999999998,6722,992,0,
6723,82.492192998866216,76014980898,1,7.0841978304088116,6.0818,6.80192,2.8455,35774,0.001024,0.508416,,0.12467199999999999,0.363776,0.000256,0.34483199999999997,0.007936,0.091904,,0.002304,,1.9814399999999999,6723,993,0,
6724,82.498488095238088,76015041716,1,6.2950965948402882,9.0489,6.459904,2.9706,30148,0.001024,0.50969599999999993,,0.12236799999999999,0.355072,0.000256,0.337152,0.007936,0.0896,,0.002048,,2.269952,6724,994,0,
6725,82.505111996882079,76015132205,1,6.6239014267921448,4.1922,6.285568,2.9062,18203,0.001024,0.504832,,0.12057599999999999,0.358656,0,0.34022399999999997,0.008192,0.089855999999999991,,0.002048,,1.8928639999999999,6725,995,0,
6726,82.51183069727891,76015174127,1,6.718700286000967,8.2486,6.594048,2.75,50811,0.001024,0.504576,,0.124928,0.364288,0.000256,0.34483199999999997,0.0076799999999999993,0.087296,,0.002816,,2.025216,6726,996,0,
6727,82.518760700113376,76015256613,1,6.9300029426813126,5.8312,6.705408,2.8056,18203,0.001024,0.507904,,0.121344,0.664832,0,0.261888,0.093183999999999989,0.088576,,0.0025599999999999998,,2.119936,6727,997,0,
6728,82.525278394274366,76015314925,1,6.51769433170557,6.4633,6.906368,2.8614,15965,0.001024,0.507136,,0.125184,0.34559999999999996,0,0.326912,0.003328,0.091648,,0.002304,,1.88544,6728,998,0,
6729,82.531639094387756,76015379558,1,6.3606998883187771,6.3908,6.50496,3.0306,18203,0.001024,0.507136,,0.121344,0.36070399999999997,0,0.342528,0.0051199999999999996,0.08832,,0.002048,,1.674752,6729,999,0,
6730,82.538091794217678,76015443466,1,6.4526996575295925,7.868,6.33344,2.4763,15763,0.001024,0.61952,,0.121344,0.544512,0,0.526848,0.006656,0.091136,,0.002304,,2.2376959999999997,6730,1000,0,
6731,82.544948696145127,76015522146,1,6.8569020368158817,6.1749,6.432,3.354,18203,0.001024,0.507904,,0.121344,0.555008,0,0.33177599999999996,0.010752,0.089343999999999993,,0.002304,,2.0961279999999998,6731,1001,0,
6732,82.5516130952381,76015583895,1,6.6643990576267242,6.4702,6.835456,2.7429,15763,0.001024,0.50892799999999994,,0.122624,0.365056,0,0.347136,0.010496,0.090624,,0.002304,,2.044416,6732,1002,0,
6733,82.557882794784575,76015648597,1,6.2696994282305241,7.4914,6.660352,2.5277,18203,0.001024,0.51814399999999994,,0.12236799999999999,0.358912,0.000256,0.340736,0.007936,0.091648,,0.002048,,2.017792,6733,1003,0,
6734,82.564136096938768,76015723511,1,6.2533020973205566,5.7776,6.234624,2.3798,15763,0.000768,0.50636799999999993,,0.1216,0.35456,0,0.336896,0.0076799999999999993,0.0896,,0.002048,,2.051328,6734,1004,0,
6735,82.5704919005102,76015781287,1,6.3558034598827362,6.2141,6.236416,2.4732,35774,0.001024,0.508672,,0.12185599999999999,0.349952,0,0.332032,0.0076799999999999993,0.091136,,0.002304,,1.673984,6735,1005,0,
6736,82.577196598639446,76015843428,1,6.7046983167529106,6.4779,6.344192,2.6143,30165,0.001024,0.50944,,0.121088,0.361216,0,0.343296,0.008192,0.09267199999999999,,0.002048,,2.042112,6736,1006,0,
6737,82.583516496598634,76015908207,1,6.3198981806635857,6.7749,6.662912,3.0666,18203,0.000768,0.622848,,0.12287999999999999,0.35020799999999996,0,0.332544,0.003584,0.0896,,0.002304,,2.03264,6737,1007,0,
6738,82.590118998015868,76015975956,1,6.60250149667263,5.6936,6.323968,3.0256,15763,0.001024,0.509184,,0.121344,0.69248,0,0.674816,0.0076799999999999993,0.089855999999999991,,0.0025599999999999998,,1.971712,6738,1008,0,
6739,82.59749640022676,76016032892,1,7.3774023912847042,6.3622,6.548736,3.4522,18203,0.001024,0.503296,,0.12185599999999999,0.358656,0.000256,0.34022399999999997,0.008192,0.093952,,0.002048,,1.921792,6739,1009,0,
6740,82.6041137967687,76016096514,1,6.617396604269743,8.5084,6.37952,2.9102,15763,0.001024,0.510976,,0.12236799999999999,0.35353599999999996,0,0.33510399999999996,0.006656,0.08806399999999999,,0.002048,,1.6703999999999999,6740,1010,0,
6741,82.610894295634921,76016181598,1,6.7804986611008644,4.8896,6.596864,3.2446,18323,0.001024,0.507136,,0.12236799999999999,0.35072,0,0.33305599999999996,0.003584,0.09036799999999999,,0.002048,,1.9046399999999999,6741,1011,0,
6742,82.617344798752825,76016230494,1,6.4505031332373619,7.7189,6.766592,3.0092,15763,0.001024,0.50636799999999993,,0.121344,0.540416,0,0.52223999999999993,0.00896,0.089088,,0.002304,,1.9228159999999999,6742,1012,0,
6743,82.623939299886615,76016307683,1,6.594500970095396,6.0384,6.417408,3.1806,18405,0.001024,0.61952,,0.1216,0.35814399999999996,0.000256,0.34022399999999997,0.006656,0.093183999999999989,,0.002048,,1.881344,6743,1013,0,
6744,82.630804896541946,76016368067,1,6.8655968643724918,6.6301,6.577408,2.4795,15763,0.001024,0.509184,,0.121344,0.355584,0,0.33766399999999996,0.38988799999999996,0.09267199999999999,,0.002816,,2.036224,6744,1014,0,
6745,82.637875496031739,76016434368,1,7.070599589496851,7.571,6.717184,3.2354,18203,0.001024,0.507392,,0.1216,0.36096,0,0.342784,0.00896,0.091136,,0.002304,,2.22464,6745,1015,0,
6746,82.6455308956916,76016510078,1,7.655399851500988,5.703,6.642688,3.377,15763,0.001024,0.621568,,0.120832,0.35020799999999996,0,0.332544,0.0048639999999999994,0.08448,,0.002304,,2.047488,6746,1016,0,
6747,82.652179698129245,76016567108,1,6.6488026641309261,9.2437,6.402816,2.6617,18255,0.001024,0.511744,,0.12236799999999999,0.633856,0,0.61568,0.008192,0.091136,,0.002304,,1.861888,6747,1017,0,
6748,82.658400297619039,76016659545,1,6.2205996364355087,5.8379,6.623488,2.5609,15763,0.001024,0.50636799999999993,,0.131584,0.362496,0,0.34355199999999997,0.003584,0.089343999999999993,,0.0025599999999999998,,2.121728,6748,1018,0,
6749,82.664617594954649,76016717924,1,6.2172971665859222,7.0405,6.20416,1.8731,18203,0.001024,0.507392,,0.121088,0.35942399999999997,0,0.341248,0.003328,0.091648,,0.002304,,1.89056,6749,1019,0,
6750,82.671079294217677,76016788329,1,6.4616994932293892,5.4474,6.195456,2.0449,15763,0.001024,0.50969599999999993,,0.12057599999999999,0.35968,0,0.34227199999999997,0.003328,0.090112,,0.002048,,2.072832,6750,1020,0,
6751,82.677783801020411,76016842803,1,6.7045069299638271,6.3282,6.400512,1.9523,18203,0.001024,0.505088,,0.12672,0.361984,0,0.344064,0.0076799999999999993,0.094208,,0.002304,,2.23872,6751,1021,0,
6752,82.684098596938767,76016906085,1,6.3147959299385548,6.317,6.706944,2.2095,15763,0.001024,0.50047999999999992,,0.12057599999999999,0.75264,0,0.33510399999999996,0.005888,0.094975999999999991,,0.002816,,1.6737279999999999,6752,1022,0,
6753,82.691441595804989,76016969255,1,7.3429988697171211,6.6435,6.317568,2.8447,18203,0.000768,0.61824,,0.65023999999999993,0.39961599999999997,0,0.374272,0.008704,0.087551999999999991,,0.005632,,1.6716799999999998,6753,1023,0,
6754,82.697718898809526,76017035690,1,6.2773032113909721,6.3122,7.328512,2.247,15763,0.001024,0.507648,,0.88064,0.416512,0,0.390912,0.008704,0.0896,,0.002816,,2.0508159999999998,6754,1024,0,
6755,82.704942594954645,76017098812,1,7.223695982247591,6.2663,6.247168,3.7947,18203,0.001024,0.50892799999999994,,0.12057599999999999,0.352,0,0.33408,0.0076799999999999993,0.089855999999999991,,0.002048,,2.25024,6755,1025,0,
6756,82.711261196145117,76017161475,1,6.3186013139784336,9.1276,6.25792,2.6142,15763,0.001024,0.51712,,0.12236799999999999,0.355584,0,0.33792,0.008192,0.091904,,0.002048,,2.070272,6756,1026,0,
6757,82.71787329931972,76017252751,1,6.6121029667556286,5.4129,6.299136,3.7706,18203,0.001024,0.503296,,0.125184,0.35737599999999997,0,0.338688,0.0076799999999999993,0.09472,,0.0025599999999999998,,2.0774399999999997,6757,1027,0,
6758,82.725185997732424,76017306880,1,7.3126982897520065,7.8646,6.555904,3.0214,15965,0.001024,0.505856,,0.1216,0.35609599999999997,0,0.338176,0.004096,0.091904,,0.002048,,1.83808,6758,1028,0,
6759,82.731465100623581,76017385526,1,6.2791029922664165,6.4943,7.3024,2.4099,18203,0.001024,0.612096,,0.131328,0.35353599999999996,0,0.33408,0.007168,0.08448,,0.0025599999999999998,,2.080256,6759,1029,0,
6760,82.7376919005102,76017450469,1,6.2267999164760113,5.7143,6.24256,2.1545,15763,0.001024,0.508672,,0.120832,0.34559999999999996,0,0.327424,0.007424,0.085504,,0.002304,,1.6737279999999999,6760,1030,0,
6761,82.74453199404762,76017507612,1,6.8400935269892216,7.5838,6.221056,2.0819,20929,0.001024,0.50969599999999993,,0.120832,0.34892799999999996,0,0.33152,0.007424,0.089343999999999993,,0.002304,,2.2049279999999998,6761,1031,0,
6762,82.751067396541941,76017583450,1,6.5354024991393089,5.6184,6.822144,2.6581,15763,0.001024,0.50380799999999992,,0.121088,0.706048,0.000256,0.68787199999999993,0.011519999999999999,0.093952,,0.0025599999999999998,,2.273024,6762,1032,0,
6763,82.758061196145121,76017639634,1,6.9937994703650475,6.7756,6.345216,3.3646,18203,0.001024,0.507648,,0.120832,0.361216,0,0.34355199999999997,0.003072,0.090624,,0.002304,,1.673984,6763,1033,0,
6764,82.764502295918362,76017707390,1,6.4410995692014694,7.6004,6.637312,3.2687,15883,0.000768,0.510976,,0.128,0.35020799999999996,0.000256,0.332032,0.0076799999999999993,0.087808,,0.002304,,2.098176,6764,1034,0,
6765,82.771139299886613,76017783394,1,6.6370037384331226,5.0928,6.42176,2.5956,18203,0.001024,0.50432,,0.1216,0.35353599999999996,0,0.33561599999999997,0.0076799999999999993,0.09088,,0.002048,,1.869568,6765,1035,0,
6766,82.7775843962585,76017834322,1,6.4450963400304317,7.6368,6.53696,2.3964,15763,0.001024,0.50816,,0.1216,0.36147199999999996,0,0.34355199999999997,0.003328,0.092416,,0.002304,,2.035456,6766,1036,0,
6767,82.784000396825391,76017910690,1,6.4160004258155823,6.059,6.5024,3.1422,18203,0.001024,0.507136,,0.1216,0.359936,0,0.342016,0.010496,0.091648,,0.002304,,2.2932479999999997,6767,1037,0,
6768,82.790272994614512,76017971280,1,6.2725977040827274,7.3121,6.411776,2.25,15763,0.001024,0.505344,,0.121088,0.350464,0,0.33228799999999997,0.011007999999999999,0.093696,,0.002048,,1.6719359999999999,6768,1038,0,
6769,82.797372895408159,76018044401,1,7.0999008603394032,5.9943,6.21568,3.3695,18203,0.001024,0.505856,,0.60927999999999993,0.41215999999999997,0,0.38783999999999996,0.005888,0.087551999999999991,,0.002304,,1.672448,6769,1039,0,
6770,82.803644699546481,76018104344,1,6.271804217249155,6.8446,7.090688,2.4679,15763,0.001024,0.50969599999999993,,0.125696,0.35712,0.000256,0.33792,0.007936,0.089343999999999993,,0.0025599999999999998,,2.045184,6770,1040,0,
6771,82.810400099206348,76018172790,1,6.7553995177149773,5.7775,6.25152,2.9523,18203,0.001024,0.507648,,0.12057599999999999,0.354304,0,0.33664,0.007936,0.09036799999999999,,0.002304,,2.249472,6771,1041,0,
6772,82.816964399092967,76018230565,1,6.5643000416457653,7.5334,6.746624,2.325,15763,0.001024,0.509184,,0.13055999999999998,0.361216,0,0.34227199999999997,0.008192,0.112896,,0.002304,,1.891584,6772,1042,0,
6773,82.823465497448979,76018305899,1,6.5010981634259224,5.2515,6.532608,2.7814,18405,0.001024,0.504576,,0.120832,0.358912,0.000256,0.34099199999999996,0.0076799999999999993,0.092416,,0.002048,,1.873152,6773,1043,0,
6774,82.829947796201807,76018358414,1,6.4822989515960217,7.2164,6.491136,2.942,15763,0.001024,0.50559999999999994,,0.126208,0.365056,0,0.345344,0.0076799999999999993,0.09344,,0.0025599999999999998,,1.875456,6774,1044,0,
6775,82.836858900226758,76018430578,1,6.911104079335928,6.772,6.464768,2.9691,18203,0.001024,0.50816,,0.121344,0.737792,0.000256,0.31385599999999997,0.026624,0.09088,,0.002816,,1.8705919999999998,6775,1045,0,
6776,82.843478195861678,76018498298,1,6.6192955709993839,6.5498,6.893056,3.6979,15763,0.001024,0.50892799999999994,,0.12953599999999998,0.35814399999999996,0,0.338688,0.0076799999999999993,0.093696,,0.0025599999999999998,,1.884672,6776,1046,0,
6777,82.850106994047621,76018563796,1,6.628798320889473,6.8793,6.539776,3.009,18203,0.001024,0.508416,,0.121088,0.357632,0,0.339456,0.007936,0.091392,,0.002304,,1.8711039999999999,6777,1047,0,
6778,82.856572796201817,76018632589,1,6.46580196917057,6.3875,6.66112,2.8449,15815,0.001024,0.504832,,0.46899199999999996,0.38988799999999996,0,0.362496,0.007936,0.08576,,0.0025599999999999998,,2.071296,6778,1048,0,
6779,82.863433900226752,76018696464,1,6.8611041642725468,7.0695,6.44352,3.0437,18203,0.001024,0.505856,,0.1216,0.703232,0,0.6848,0.0076799999999999993,0.095744,,0.0025599999999999998,,1.9074559999999998,6779,1049,0,
6780,82.870989299886617,76018767159,1,7.5553995557129383,7.1387,6.747904,3.1879,15763,0.000768,0.51072,,0.12236799999999999,0.35276799999999997,0,0.33510399999999996,0.007936,0.28953599999999996,,0.002048,,2.086656,6780,1050,0,
6781,82.877361699263034,76018838546,1,6.3723991625010967,6.5241,6.276352,2.91,18203,0.001024,0.50559999999999994,,0.41292799999999996,0.369152,0,0.34176,0.003328,0.088832,,0.002304,,1.886976,6781,1051,0,
6782,82.884271095521541,76018903787,1,6.9093960337340832,8.1494,6.185216,2.8992,15763,0.001024,0.50944,,0.12544,0.35328,0,0.333312,0.003328,0.090112,,0.0025599999999999998,,1.679104,6782,1052,0,
6783,82.891978295068029,76018985281,1,7.7071995474398136,6.9549,6.104832,3.4841,18203,0.001024,0.50944,,0.12236799999999999,0.360448,0,0.34304,0.011264,0.090112,,0.002304,,1.676288,6783,1053,0,
6784,82.901033297902487,76019054830,1,9.0550025925040245,6.4601,7.258112,3.546,16134,0.001024,0.50944,,0.12236799999999999,0.360448,0,0.34304,0.011264,0.090112,,0.002304,,1.676288,6784,1054,0,
6785,82.9073964994331,76019119431,1,6.3632014207541943,6.547,6.657024,3.5306,18203,0.001024,0.504832,,0.130304,0.350464,0,0.33177599999999996,0.007936,0.089855999999999991,,0.0025599999999999998,,2.359552,6785,1055,0,
6786,82.915266000566888,76019184901,1,7.86950159817934,9.9762,6.062848,4.4525,15883,0.0012799999999999999,0.509952,,0.12236799999999999,0.359168,0.000256,0.34176,0.0076799999999999993,0.09267199999999999,,0.002304,,2.074112,6786,1056,0,
6787,82.921874100056684,76019284663,1,6.608099676668644,6.5652,6.363136,3.5314,18348,0.001024,0.50636799999999993,,0.122624,0.35328,0,0.33536,0.009984,0.09036799999999999,,0.002048,,1.6750079999999998,6787,1057,0,
6788,82.9285376984127,76019350315,1,6.6635985858738422,7.033,6.587392,3.0686,15965,0.001024,0.517376,,0.128768,0.3584,0.000256,0.34022399999999997,0.0076799999999999993,0.0896,,0.002304,,2.084608,6788,1058,0,
6789,82.935785296201814,76019420645,1,7.24759791046381,6.4519,6.53952,3.3443,18203,0.001024,0.6208,,0.121344,1.154048,0,1.1366399999999999,0.0076799999999999993,0.091136,,0.0025599999999999998,,1.8977279999999999,6789,1059,0,
6790,82.942276098356,76019485164,1,6.490801926702261,7.8011,6.829824,2.7006,15763,0.000768,0.510464,,0.126464,0.35712,0,0.338176,0.0038399999999999997,0.089855999999999991,,0.0025599999999999998,,1.8923519999999998,6790,1060,0,
6791,82.948565894274367,76019563175,1,6.2897959724068642,6.2897,6.468352,3.0203,18203,0.001024,0.504576,,0.1216,0.353024,0,0.33510399999999996,0.0076799999999999993,0.089343999999999993,,0.002304,,2.016,6791,1061,0,
6792,82.955168799603172,76019626072,1,6.6029052250087261,6.3599,6.271232,2.5537,15763,0.001024,0.508416,,0.1216,0.354048,0,0.33638399999999996,0.004096,0.094208,,0.002304,,1.879808,6792,1062,0,
6793,82.961187096088437,76019689671,1,6.0182963497936726,6.6196,6.58688,2.7077,18203,0.001024,0.507648,,0.125696,0.363264,0.000256,0.34431999999999996,0.007424,0.096,,0.0025599999999999998,,1.888,6793,1063,0,
6794,82.967822399376416,76019755867,1,6.6353031434118748,5.6906,5.9968,3.2526,15763,0.001024,0.509184,,0.12185599999999999,0.352512,0,0.334848,0.003328,0.089855999999999991,,0.002048,,1.888256,6794,1064,0,
6795,82.974734098639459,76019812773,1,6.9116991944611073,6.985,6.595584,2.731,18203,0.001024,0.50892799999999994,,0.50227199999999994,0.43007999999999996,0,0.40371199999999996,0.003328,0.089088,,0.002816,,1.9007999999999998,6795,1065,0,
6796,82.981128996598642,76019882623,1,6.3948980532586575,6.215,6.91968,2.576,15763,0.001024,0.508416,,0.12185599999999999,0.85094399999999992,0,0.832768,0.003328,0.08576,,0.0025599999999999998,,1.884928,6796,1066,0,
6797,82.987689994331063,76019944773,1,6.5609975717961788,7.2833,6.360576,2.3863,18203,0.000768,0.506624,,0.12185599999999999,0.35148799999999997,0,0.333824,0.008192,0.082688,,0.002048,,2.338816,6797,1067,0,
6798,82.994263499149653,76020017606,1,6.5735047683119774,5.8741,6.539008,2.7073,15763,0.001024,0.509184,,0.121088,0.34099199999999996,0.000256,0.32307199999999997,0.003072,0.095744,,0.002304,,2.175232,6798,1068,0,
6799,83.000746598639452,76020076347,1,6.4830994233489037,6.821,6.564352,2.717,18203,0.001024,0.62105599999999994,,0.1216,0.35020799999999996,0,0.332544,0.003328,0.084992,,0.002048,,2.121984,6799,1069,0,
6800,83.007929499716553,76020144557,1,7.1829012595117092,7.1109,6.420992,3.0338,15763,0.001024,0.509184,,0.131328,0.352512,0,0.333568,0.0076799999999999993,0.091136,,0.0025599999999999998,,1.903616,6800,1070,0,
6801,83.015395897108846,76020215666,1,7.4663972482085228,7.2718,6.546944,3.2154,21295,0.001024,0.51328,,0.122112,0.35328,0,0.33561599999999997,0.0038399999999999997,0.09036799999999999,,0.002304,,1.9330559999999999,6801,1071,0,
6802,83.023060494614512,76020288384,1,7.6645975932478905,6.4079,6.069248,3.9376,15763,0.000768,0.507648,,0.122624,0.356352,0,0.338432,0.012032,0.0896,,0.002304,,2.021632,6802,1072,0,
6803,83.0298560941043,76020352463,1,6.7955995909869671,7.7415,6.555136,3.4537,18405,0.001024,0.61696,,0.12236799999999999,0.356608,0,0.338688,0.007936,0.091136,,0.002048,,1.8859519999999999,6803,1073,0,
6804,83.036317396541946,76020429878,1,6.4613022841513157,6.7659,6.655488,2.5827,15763,0.001024,0.50432,,0.121344,0.35942399999999997,0,0.34176,0.0038399999999999997,0.09267199999999999,,0.002304,,2.0587519999999997,6804,1074,0,
6805,83.042677600623577,76020497537,1,6.3602039590477943,6.4209,6.578432,2.7742,18203,0.001024,0.50688,,0.1216,0.355072,0,0.337152,0.0076799999999999993,0.091136,,0.002304,,2.197248,6805,1075,0,
6806,83.049426899092964,76020561746,1,6.7492984235286713,7.5312,6.336768,2.3699,15763,0.001024,0.509184,,0.12185599999999999,0.347904,0,0.33024,0.0076799999999999993,0.091392,,0.002048,,2.258688,6806,1076,0,
6807,83.0561464994331,76020637058,1,6.7196004092693329,5.9478,6.73024,3.0473,23000,0.205056,0.50559999999999994,,0.121344,0.546816,0,0.529152,0.0076799999999999993,0.086272,,0.002304,,1.83808,6807,1077,0,
6808,83.0628804988662,76020696536,1,6.7339995875954628,7.1181,6.697728,2.6542,38355,0.007936,0.51148799999999994,,0.121344,0.349696,0,0.331264,0.0076799999999999993,0.080639999999999989,,0.0025599999999999998,,1.677312,6808,1078,0,
6809,83.06946559665532,76020767717,1,6.5850978717207909,5.377,6.71744,2.6219,18323,0.001024,0.615424,,0.120832,0.36735999999999996,0,0.349696,0.0076799999999999993,0.09267199999999999,,0.002048,,2.2177279999999997,6809,1079,0,
6810,83.076103599773234,76020821487,1,6.638003047555685,6.9405,6.530816,2.484,15763,0.000768,0.507904,,0.121344,0.35609599999999997,0.000256,0.338432,0.0076799999999999993,0.092416,,0.002048,,2.243328,6810,1080,0,
6811,83.082376799886617,76020890892,1,6.2732002697885036,7.0982,6.47552,2.2259,18203,0.000768,0.507904,,0.12185599999999999,0.358656,0.000256,0.340736,0.011519999999999999,0.09036799999999999,,0.002048,,2.0592639999999998,6811,1081,0,
6812,83.088908198696146,76020961874,1,6.531398743391037,6.163,6.36928,2.6163,15763,0.001024,0.504064,,0.1216,0.352512,0,0.334592,0.003328,0.090112,,0.002048,,2.077952,6812,1082,0,
6813,83.095645698696146,76021023504,1,6.7374999634921551,6.9795,6.509568,2.3397,18203,0.001024,0.50636799999999993,,0.478464,0.375552,0,0.349952,0.0076799999999999993,0.089855999999999991,,0.002304,,1.95712,6813,1083,0,
6814,83.102178599773239,76021093299,1,6.5329009667038918,5.6395,6.764032,2.5046,15763,0.001024,0.509184,,0.12057599999999999,0.960768,0,0.31872,0.025344,0.122112,,0.002816,,2.039552,6814,1084,0,
6815,83.108463895975049,76021149694,1,6.2852962873876095,6.6632,6.526208,2.8128,18203,0.001024,0.617984,,0.12032,0.359168,0.000256,0.341248,0.0076799999999999993,0.094463999999999992,,0.002048,,1.97248,6815,1085,0,
6816,83.114719394841273,76021216326,1,6.2554990872740746,6.9356,6.267136,2.2123,15763,0.001024,0.505856,,0.1216,0.353024,0.000256,0.334848,0.008704,0.090112,,0.0025599999999999998,,2.089216,6816,1086,0,
6817,83.121277494331068,76021285682,1,6.5580992959439754,5.8835,6.235392,2.7296,18203,0.001024,0.508416,,0.12057599999999999,0.53990399999999994,0,0.52223999999999993,0.0076799999999999993,0.088576,,0.0025599999999999998,,2.0352,6817,1087,0,
6818,83.127788399943313,76021344517,1,6.5109054557979107,7.0045,6.52032,2.7928,16110,0.001024,0.50892799999999994,,0.121344,0.36735999999999996,0,0.349696,0.007936,0.09267199999999999,,0.002048,,2.043904,6818,1088,0,
6819,83.134214399092969,76021414562,1,6.4259991049766541,5.5755,6.505472,3.3956,18203,0.001024,0.506624,,0.1216,0.350976,0,0.333312,0.0076799999999999993,0.091392,,0.002304,,1.8626559999999999,6819,1089,0,
6820,83.140609899376415,76021470317,1,6.3955001533031464,7.1656,6.418432,2.8334,15763,0.001024,0.50636799999999993,,0.12236799999999999,0.350976,0,0.3328,0.008192,0.088576,,0.002048,,1.958912,6820,1090,0,
6821,83.147065497448978,76021541973,1,6.4555979333817959,6.2004,6.367232,3.4,23987,0.001024,0.505088,,0.126208,0.358912,0,0.339968,0.0076799999999999993,0.089343999999999993,,0.002816,,1.6770559999999999,6821,1091,0,
6822,83.153319196428569,76021603977,1,6.2536988407373428,7.1123,6.424576,2.9073,15763,0.002304,0.51225599999999993,,0.123136,0.519168,0,0.301568,0.03456,0.089855999999999991,,0.003328,,2.00832,6822,1092,0,
6823,83.15996479591837,76021675100,1,6.6455993801355362,6.587,6.150912,3.3274,18203,0.001024,0.507648,,0.12544,0.35942399999999997,0,0.340736,0.007936,0.08832,,0.002304,,1.8506239999999998,6823,1093,0,
6824,83.166395599489789,76021740970,1,6.4308037981390953,6.4596,6.174208,2.6524,15763,0.001024,0.508672,,0.123648,0.362496,0.000256,0.344064,0.007936,0.09036799999999999,,0.002304,,1.89824,6824,1094,0,
6825,83.173057199546477,76021805566,1,6.6615999676287174,7.0555,6.404352,2.9523,18203,0.001024,0.507136,,0.122624,0.688896,0.000256,0.670464,0.003584,0.091136,,0.003072,,1.848576,6825,1095,0,
6826,83.180199596088428,76021876121,1,7.14239664375782,5.9372,6.62912,2.7872,15763,0.001024,0.622848,,0.13516799999999998,0.361216,0.000256,0.34176,0.003584,0.09036799999999999,,0.0025599999999999998,,1.865216,6826,1096,0,
6827,83.18820129676871,76021935493,1,8.0017009750008583,6.4171,7.048192,3.1464,24149,0.001024,0.622848,,0.13516799999999998,0.361216,0.000256,0.34176,0.003584,0.09036799999999999,,0.0025599999999999998,,1.865216,6827,1097,0,
6828,83.194378599773245,76021999664,1,6.1773029156029224,7.694,6.7776,3.0074,15763,0.001024,0.50688,,0.12287999999999999,0.64614399999999994,0.000256,0.628224,0.007936,0.088576,,0.0025599999999999998,,2.322432,6828,1098,0,
6829,83.201024199263031,76022076604,1,6.6455993801355362,7.3864,6.294784,3.1646,18203,0.000768,0.505344,,0.123136,0.349952,0,0.332032,0.008192,0.083456,,0.002048,,1.684736,6829,1099,0,
6830,83.2077375,76022150468,1,6.7133009433746338,6.7821,6.491136,2.9414,15763,0.001024,0.50944,,0.12723199999999998,0.349952,0.000256,0.33177599999999996,0.009472,0.090112,,0.002048,,1.8808319999999998,6830,1100,0,
6831,83.2153049957483,76022218289,1,7.5674955733120441,6.1775,6.212608,3.1316,18203,0.001024,0.50944,,0.12723199999999998,0.349952,0.000256,0.33177599999999996,0.009472,0.090112,,0.002048,,1.8808319999999998,6831,1101,0,
6832,83.222786798469386,76022280064,1,7.4818027205765247,7.1355,6.14144,3.2169,15883,0.001024,0.51302399999999992,,0.12236799999999999,0.358912,0,0.34048,0.003328,0.091648,,0.002304,,1.689856,6832,1102,0,
6833,83.2312216978458,76022351419,1,8.4348991513252258,7.0665,6.109696,2.9061,18550,0.001024,0.514304,,0.122624,0.360448,0.000256,0.34304,0.0076799999999999993,0.0896,,0.002304,,1.900544,6833,1103,0,
6834,83.237643898809523,76022422084,1,6.4222011715173721,8.5961,6.42944,2.8676,29069,0.001024,0.504064,,0.127488,0.368128,0,0.349184,0.007424,0.090624,,0.002304,,1.906688,6834,1104,0,
6835,83.244764498299318,76022508045,1,7.1205995045602322,6.3338,6.328832,3.1167,20929,0.001024,0.504064,,0.127488,0.368128,0,0.349184,0.007424,0.090624,,0.002304,,1.906688,6835,1105,0,
6836,83.251097895408165,76022571383,1,6.33339723572135,8.472,6.565376,2.3853,15763,0.001024,0.507648,,0.12287999999999999,0.361216,0,0.341504,0.0084479999999999989,0.091648,,0.002048,,1.672704,6836,1106,0,
6837,83.256899695294777,76022656103,1,5.8017997071146965,5.8997,6.25024,2.5775,18203,0.001024,0.507904,,0.12185599999999999,0.367104,0,0.34944,0.0076799999999999993,0.096,,0.002304,,1.672704,6837,1107,0,
6838,83.263870599489792,76022715100,1,6.9709043018519878,6.6126,5.857536,2.464,21744,0.001024,0.50559999999999994,,0.121088,0.77900799999999992,0,0.34227199999999997,0.012288,0.090624,,0.002304,,1.6734719999999998,6838,1108,0,
6839,83.270407397959175,76022781226,1,6.5367985516786575,5.8865,6.631936,3.0003,18203,0.001024,0.508672,,0.13183999999999998,0.35481599999999996,0,0.33638399999999996,0.009472,0.090112,,0.002304,,1.8739199999999998,6839,1109,0,
6840,83.276806299603166,76022840091,1,6.3989018090069294,6.6596,6.822656,2.6699,15763,0.001024,0.50944,,0.122112,0.539136,0.000256,0.52096,0.007936,0.089855999999999991,,0.002048,,2.048512,6840,1110,0,
6841,83.28565469812925,76022906687,1,8.8483989238739014,6.9919,6.327808,2.6453,18203,0.001024,0.50227199999999994,,0.120832,0.53657599999999994,0.000256,0.338432,0.009472,0.091392,,0.002048,,1.9445759999999999,6841,1111,0,
6842,83.2921104946145,76022976606,1,6.455796305090189,6.0203,7.422208,2.9613,15763,0.001024,0.505088,,0.121088,0.349696,0,0.332032,0.004096,0.087808,,0.002048,,2.876928,6842,1112,0,
6843,83.299937294501134,76023036809,1,7.8267995268106461,9.4518,6.386176,3.461,18203,0.001024,0.509952,,0.12236799999999999,0.358656,0.000256,0.34048,0.006656,0.090112,,0.002048,,1.692416,6843,1113,0,
6844,83.3066795989229,76023131327,1,6.742304190993309,6.5851,6.495232,3.0762,15763,0.001024,0.50969599999999993,,0.128768,0.36275199999999996,0,0.345088,0.007168,0.091904,,0.002304,,2.055168,6844,1114,0,
6845,83.31369559948979,76023197178,1,7.0160003378987312,8.2013,6.41536,3.4254,18203,0.001024,0.50636799999999993,,0.122112,0.343808,0,0.326656,0.007936,0.088832,,0.002048,,2.016,6845,1115,0,
6846,83.320116099773244,76023279191,1,6.420500110834837,5.6922,6.732544,3.1411,15763,0.001024,0.507392,,0.121088,0.54399999999999993,0,0.330496,0.01664,0.09267199999999999,,0.002304,,2.3180799999999997,6846,1116,0,
6847,83.326873200113369,76023336113,1,6.7571001127362251,7.8088,6.10432,3.0216,18550,0.001024,0.50944,,0.128,0.363008,0,0.345344,0.007936,0.121344,,0.002048,,2.093312,6847,1117,0,
6848,83.344064994331063,76023414201,1,17.191793769598007,5.7185,6.708992,2.8982,15763,0.000768,0.506112,,0.121344,0.707584,0,0.688896,0.009472,0.091904,,0.002816,,2.042112,6848,1118,0,
6849,83.359045500283443,76023471386,1,14.980506151914597,6.4652,6.321408,3.1228,18203,0.001024,0.507136,,0.12236799999999999,0.35481599999999996,0,0.33664,0.003328,0.094208,,0.002304,,1.6701439999999999,6849,1119,0,
6850,83.375037400793644,76023536038,1,15.991900116205215,7.4501,6.102272,3.273,18323,0.001024,0.507136,,0.12236799999999999,0.35481599999999996,0,0.33664,0.003328,0.094208,,0.002304,,1.6701439999999999,6850,1120,0,
6851,83.396061096938766,76023610539,1,21.023696288466454,24.8463,6.78784,3.7843,18574,0.001024,0.50892799999999994,,0.12185599999999999,0.356352,0,0.33971199999999996,0.0076799999999999993,0.088576,,0.002304,,1.684224,6851,1121,0,
6852,83.403614696712012,76023859002,1,7.5535997748374939,12.6186,6.13376,2.91,18203,0.0012799999999999999,0.504832,,0.121088,0.345856,0,0.32896,0.008192,0.087808,,0.002304,,2.0055039999999997,6852,1122,0,
6853,83.410455094954642,76023985188,1,6.8403980694711208,16.567,6.62784,3.1567,15763,0.001024,0.50303999999999993,,0.12185599999999999,0.34764799999999996,0,0.332032,0.008192,0.084992,,0.002048,,1.67296,6853,1123,0,
6854,83.4184633999433,76024150858,1,8.0083049833774567,16.2459,5.812992,3.363,18203,0.001024,0.502016,,0.121088,0.349952,0.000256,0.33228799999999997,0.0076799999999999993,0.094975999999999991,,0.002304,,1.8977279999999999,6854,1124,0,
6855,83.425698795351465,76024313317,1,7.2353952564299107,7.0259,6.783232,2.9724,16110,0.001024,0.504064,,0.122112,0.350464,0,0.332544,0.0038399999999999997,0.094208,,0.002304,,1.692672,6855,1125,0,
6856,83.432659700963711,76024383576,1,6.9609056226909161,7.7183,6.589184,3.2561,18203,0.001024,0.504064,,0.122112,0.350464,0,0.332544,0.0038399999999999997,0.094208,,0.002304,,1.692672,6856,1126,0,
6857,83.439261500850336,76024460759,1,6.6017997451126575,7.6359,6.29504,2.1763,16326,0.001024,0.502016,,0.12057599999999999,0.355072,0,0.337152,0.003584,0.091904,,0.002048,,2.09408,6857,1127,0,
6858,83.445814399092967,76024537118,1,6.5528983250260353,6.3267,6.612736,3.0645,52437,0.001024,0.502016,,0.1216,0.357632,0,0.34022399999999997,0.0063999999999999994,0.092928,,0.002048,,1.6785919999999999,6858,1128,0,
6859,83.452770195578225,76024600385,1,6.9557963870465755,5.4224,6.538752,3.5961,15780,0.001024,0.500736,,0.121088,0.35609599999999997,0,0.33792,0.0076799999999999993,0.095232,,0.002048,,2.0188159999999997,6859,1129,0,
6860,83.459174298469378,76024654609,1,6.4041027799248695,6.9985,6.926592,2.5098,18203,0.001024,0.498944,,0.31052799999999997,0.357888,0,0.33510399999999996,0.0076799999999999993,0.089088,,0.002304,,2.056704,6860,1130,0,
6861,83.465771598639449,76024724594,1,6.5973000600934029,6.8673,6.388992,2.8675,15815,0.001024,0.498944,,0.31052799999999997,0.357888,0,0.33510399999999996,0.0076799999999999993,0.089088,,0.002304,,2.056704,6861,1131,0,
6862,83.471968700396829,76024793267,1,6.1971019022166729,6.1506,6.518784,2.7237,18203,0.001024,0.50227199999999994,,0.120832,0.619776,0,0.601856,0.0076799999999999993,0.092159999999999992,,0.0025599999999999998,,2.238464,6862,1132,0,
6863,83.47833210034014,76024854773,1,6.3633997924625874,7.9541,6.228224,2.853,15763,0.001024,0.503552,,0.120832,0.721152,0.000256,0.338176,0.007424,0.092928,,0.002816,,1.9136,6863,1133,0,
6864,83.484624695294784,76024934314,1,6.292595062404871,6.0617,6.344192,2.3219,18203,0.001024,0.507648,,0.127488,0.35276799999999997,0,0.333568,0.0076799999999999993,0.092159999999999992,,0.0025599999999999998,,1.8775039999999998,6864,1134,0,
6865,83.491281696428572,76024994931,1,6.6570010967552662,4.9224,6.269696,2.5415,15763,0.001024,0.501248,,0.130304,0.350976,0,0.33228799999999997,0.008192,0.089855999999999991,,0.0025599999999999998,,1.889792,6865,1135,0,
6866,83.498251098356008,76025044155,1,6.9694020785391331,7.1184,6.642944,3.1246,18203,0.001024,0.50227199999999994,,0.130048,0.356608,0,0.337152,0.008192,0.091392,,0.0025599999999999998,,2.048256,6866,1136,0,
6867,83.504158900226756,76025115339,1,5.9078019112348557,5.2646,6.556416,2.9893,15763,0.001024,0.61772799999999994,,0.127744,0.350464,0,0.33177599999999996,0.0076799999999999993,0.091648,,0.0025599999999999998,,2.2079999999999997,6867,1137,0,
6868,83.511437195294775,76025167985,1,7.2782952338457108,7.9072,6.272768,3.2582,18203,0.000768,0.502016,,0.12057599999999999,0.53657599999999994,0,0.51891199999999993,0.0076799999999999993,0.091648,,0.002304,,2.1824,6868,1138,0,
6869,83.517170195578231,76025247057,1,5.7330001145601273,7.1131,6.009088,3.1446,18855,0.001024,0.50227199999999994,,0.122112,0.351744,0,0.33408,0.003328,0.09036799999999999,,0.002304,,2.001152,6869,1139,0,
6870,83.524327196712008,76025318188,1,7.1570011787116528,5.9861,6.111488,3.1847,18405,0.001024,0.50432,,0.12236799999999999,0.608,0,0.59007999999999994,0.003584,0.089855999999999991,,0.002304,,1.905664,6870,1140,0,
6871,83.530913697562355,76025378049,1,6.5865009091794491,7.3502,6.216448,3.3091,15883,0.003072,0.50892799999999994,,0.121344,0.35584,0,0.33792,0.0084479999999999989,0.086272,,0.002304,,1.6734719999999998,6871,1141,0,
6872,83.539559800170068,76025451551,1,8.6461026221513748,5.316,6.569472,3.0025,18203,0.001024,0.50380799999999992,,0.131072,0.347392,0,0.32844799999999996,0.0076799999999999993,0.083968,,0.0025599999999999998,,2.0526079999999998,6872,1142,0,
6873,83.547416999716546,76025504711,1,7.8571997582912445,7.8078,6.471424,3.4306,15763,0.0012799999999999999,0.50432,,0.12185599999999999,0.35481599999999996,0,0.337408,0.007936,0.0896,,0.002048,,1.6770559999999999,6873,1143,0,
6874,83.556580498866211,76025582789,1,9.1634988784790039,8.7585,6.120704,3.3939,18203,0.0012799999999999999,0.50432,,0.12185599999999999,0.35481599999999996,0,0.337408,0.007936,0.0896,,0.002048,,1.6770559999999999,6874,1144,0,
6875,83.562989795918369,76025670374,1,6.4092972315847874,8.1948,7.018496,3.5232,15763,0.001024,0.502528,,0.124416,0.358912,0.000256,0.340736,0.004096,0.089088,,0.002304,,1.975552,6875,1145,0,
6876,83.57025419501133,76025752322,1,7.2643989697098732,8.281,6.400256,2.6253,18203,0.001024,0.50380799999999992,,0.12236799999999999,0.352,0.000256,0.33433599999999997,0.010496,0.086016,,0.002304,,1.6785919999999999,6876,1146,0,
6877,83.5769420989229,76025835132,1,6.68790377676487,7.7149,6.646784,2.8471,15763,0.001024,0.504832,,0.12236799999999999,0.34892799999999996,0.000256,0.330496,0.0048639999999999994,0.099328,,0.0025599999999999998,,1.675776,6877,1147,0,
6878,83.5839,76025912281,1,6.9579011760652065,6.1083,6.75712,3.4278,18203,0.001024,0.500992,,0.122624,0.360448,0.000256,0.342016,0.0076799999999999993,0.09088,,0.002304,,2.624256,6878,1148,0,
6879,83.5913838010204,76025973364,1,7.4838008731603622,7.2016,6.29248,2.2137,15763,0.001024,0.619008,,0.122112,0.348672,0,0.33100799999999997,0.007936,0.091392,,0.002304,,1.672704,6879,1149,0,
6880,83.59818729450113,76026045380,1,6.8034934811294079,5.3747,7.46752,3.1862,18203,0.001024,0.501248,,0.12032,0.91699199999999992,0,0.898816,0.007936,0.091648,,0.0025599999999999998,,2.198784,6880,1150,0,
6881,83.6047003968254,76026099127,1,6.5131024457514286,7.552,6.780928,2.6554,15763,0.001024,0.501248,,0.1216,0.713216,0,0.337152,0.008704,0.092416,,0.003072,,2.3900159999999997,6881,1151,0,
6882,83.610669600340131,76026174647,1,5.9692035429179668,6.513,6.493184,2.5057,18203,0.000768,0.503296,,0.12032,0.358656,0.000256,0.34048,0.0076799999999999993,0.092928,,0.002304,,2.086912,6882,1152,0,
6883,83.617317396541949,76026239777,1,6.6477963700890541,6.9522,5.942528,3.0135,15763,0.001024,0.50176,,0.121344,0.346368,0,0.328704,0.0097279999999999988,0.094208,,0.002048,,2.00832,6883,1153,0,
6884,83.62413679846938,76026309299,1,6.8194018676877022,7.0441,6.330112,3.0675,18203,0.001024,0.61337599999999992,,0.120832,0.350976,0.000256,0.333568,0.007936,0.09088,,0.002048,,1.9596799999999999,6884,1154,0,
6885,83.6303514951814,76026379740,1,6.2146969139575958,4.9923,6.804736,2.2057,16167,0.001024,0.502784,,0.12953599999999998,0.35814399999999996,0,0.339968,0.007936,0.095232,,0.0025599999999999998,,1.8928639999999999,6885,1155,0,
6886,83.6366558956916,76026429663,1,6.3044005073606968,7.1554,6.194688,2.657,18203,0.001024,0.504064,,0.12057599999999999,0.359168,0,0.341248,0.007936,0.09088,,0.002048,,1.89056,6886,1156,0,
6887,83.643462195294788,76026501217,1,6.8062995560467243,6.4932,6.279936,2.365,15763,0.001024,0.503296,,0.121088,0.358656,0,0.340736,0.0076799999999999993,0.093952,,0.002048,,1.695744,6887,1157,0,
6888,83.650161295351467,76026566149,1,6.699100136756897,6.8074,6.711296,2.6945,18203,0.001024,0.50227199999999994,,0.12006399999999999,0.358656,0.000256,0.34022399999999997,0.007936,0.092416,,0.002304,,2.09152,6888,1158,0,
6889,83.656490795068024,76026634223,1,6.3294996507465839,5.7331,6.760192,2.4543,15763,0.001024,0.507648,,0.369664,0.425728,0,0.40627199999999997,0.007936,0.096767999999999993,,0.0025599999999999998,,2.209536,6889,1159,0,
6890,83.663456398809515,76026691554,1,6.9656036794185638,7.9624,6.310144,2.4488,18203,0.001024,0.504576,,0.121344,0.35353599999999996,0,0.335872,0.011007999999999999,0.086016,,0.002304,,1.889792,6890,1160,0,
6891,83.669889696712019,76026771178,1,6.4332978799939156,5.6195,6.905344,3.4699,15815,0.001024,0.507904,,0.133376,0.564224,0,0.33228799999999997,0.008704,0.116224,,0.0025599999999999998,,1.998336,6891,1161,0,
6892,83.676475297619049,76026827373,1,6.5856007859110832,6.3127,6.4576,2.6279,18203,0.001024,0.507904,,0.12339199999999999,0.349184,0,0.33152,0.005376,0.089343999999999993,,0.002304,,1.691136,6892,1162,0,
6893,83.6831214994331,76026890500,1,6.6462019458413124,7.7129,6.392832,2.3984,15883,0.001024,0.50688,,0.12287999999999999,0.35712,0,0.339456,0.011264,0.09344,,0.002304,,2.450176,6893,1163,0,
6894,83.6894470946712,76026967629,1,6.3255950808525085,6.3162,6.62784,2.8386,18203,0.001024,0.505344,,0.121088,0.353792,0,0.33561599999999997,0.0076799999999999993,0.091136,,0.002304,,2.099712,6894,1164,0,
6895,83.69564889455782,76027030791,1,6.2017999589443207,6.6075,6.314496,2.8135,15763,0.001024,0.50816,,0.121344,0.663808,0,0.644864,0.0076799999999999993,0.092928,,0.002048,,1.670656,6895,1165,0,
6896,83.702092495748289,76027096866,1,6.4436011016368866,6.2748,6.14272,2.7683,18203,0.001024,0.50688,,0.121344,0.35814399999999996,0.000256,0.340736,0.0076799999999999993,0.09344,,0.002048,,1.677824,6896,1166,0,
6897,83.708449199263029,76027159614,1,6.3567035831511021,6.0678,6.46016,2.1768,15763,0.0012799999999999999,0.506112,,0.120832,0.35481599999999996,0.000256,0.336128,0.0076799999999999993,0.089088,,0.002048,,2.19264,6897,1167,0,
6898,83.7146875,76027220292,1,6.2383008189499378,5.9858,6.34368,2.1741,18203,0.0012799999999999999,0.506112,,0.120832,0.35481599999999996,0.000256,0.336128,0.0076799999999999993,0.089088,,0.002048,,2.19264,6898,1168,0,
6899,83.7210213010204,76027280150,1,6.3338009640574455,6.2921,6.2144,2.0805,15763,0.001024,0.507904,,0.12032,0.35686399999999996,0,0.339456,0.007936,0.091392,,0.002048,,1.672704,6899,1169,0,
6900,83.727526899092965,76027343071,1,6.5055978484451771,7.3452,6.316544,2.2675,18405,0.001024,0.50892799999999994,,0.121344,0.63616,0.000256,0.338688,0.00896,0.097536,,0.002816,,1.6737279999999999,6900,1170,0,
6901,83.734344600340137,76027416523,1,6.8177012726664543,5.418,6.49088,2.6166,15763,0.001024,0.507392,,0.49203199999999997,0.41856,0,0.39372799999999997,0.0076799999999999993,0.091904,,0.002304,,1.6719359999999999,6901,1171,0,
6902,83.74067419926304,76027470703,1,6.3295988366007805,6.386,6.79296,3.1321,18203,0.001024,0.50432,,0.120832,0.71424,0,0.341248,0.012799999999999999,0.09472,,0.002816,,2.0308479999999998,6902,1172,0,
6903,83.746982497165533,76027534563,1,6.3082980923354626,7.0186,6.297856,2.4604,18489,0.001024,0.504832,,0.1216,0.359936,0,0.34227199999999997,0.0076799999999999993,0.09088,,0.002304,,1.9007999999999998,6903,1173,0,
6904,83.754004095804987,76027604749,1,7.0215985178947449,6.3673,6.29632,2.592,18203,0.001024,0.50969599999999993,,0.121344,0.35814399999999996,0,0.34048,0.008192,0.092928,,0.002048,,2.220544,6904,1174,0,
6905,83.760826197562352,76027668422,1,6.8221017718315125,6.6306,7.001088,2.6602,15763,0.001024,0.50688,,0.121344,0.34892799999999996,0,0.330752,0.0076799999999999993,0.089343999999999993,,0.002304,,1.8744319999999999,6905,1175,0,
6906,83.7670751984127,76027734728,1,6.2490007840096951,6.2075,6.806528,3.6315,18203,0.000768,0.504576,,0.12825599999999998,0.356352,0,0.337152,0.007936,0.087808,,0.002304,,1.833216,6906,1176,0,
6907,83.774141397392285,76027796803,1,7.0661990903317928,6.8596,6.233344,2.6296,15763,0.001024,0.505856,,0.121344,0.35814399999999996,0.000256,0.34048,0.0076799999999999993,0.092416,,0.002048,,1.975552,6907,1177,0,
6908,83.781294097222215,76027865399,1,7.1526998654007912,7.6777,7.051008,2.798,18203,0.001024,0.506112,,0.12185599999999999,0.345856,0,0.327936,0.0076799999999999993,0.087808,,0.002304,,2.352384,6908,1178,0,
6909,83.788039094387756,76027942176,1,6.74499711021781,5.1648,7.13344,2.6701,15763,0.000768,0.50559999999999994,,0.12032,0.365824,0,0.347904,0.003328,0.08806399999999999,,0.002048,,2.049536,6909,1179,0,
6910,83.800269897959183,76027993824,1,12.23080325871706,7.3318,6.733824,2.7432,18203,0.000768,0.50559999999999994,,0.12032,0.365824,0,0.347904,0.003328,0.08806399999999999,,0.002048,,2.049536,6910,1180,0,
6911,83.8054466978458,76028067142,1,5.1767998374998569,6.8914,6.701056,3.0304,18203,0.001024,0.504576,,0.120832,0.350976,0,0.3328,0.003328,0.094208,,0.002048,,2.182144,6911,1181,0,
6912,83.812619097222225,76028136056,1,7.1723992004990578,7.1849,6.354688,3.0194,15763,0.001024,0.507904,,0.121344,0.352512,0,0.334592,0.0076799999999999993,0.09036799999999999,,0.002304,,1.998592,6912,1182,0,
6913,83.818971797052157,76028207905,1,6.35269982740283,12.9609,6.116608,2.3278,18203,0.001024,0.6208,,0.120832,0.543744,0,0.338176,0.006656,0.09548799999999999,,0.002304,,1.894656,6913,1183,0,
6914,83.826001998299319,76028337514,1,7.030201144516468,4.2766,6.339328,2.9124,15965,0.001024,0.6208,,0.120832,0.543744,0,0.338176,0.006656,0.09548799999999999,,0.002304,,1.894656,6914,1184,0,
6915,83.833130498866211,76028380280,1,7.1285003796219826,7.1836,6.966272,2.196,18203,0.001024,0.50636799999999993,,0.130816,0.539136,0,0.519936,0.007936,0.089855999999999991,,0.0025599999999999998,,2.0574719999999997,6915,1185,0,
6916,83.8396179988662,76028452116,1,6.4874999225139618,7.8575,6.394112,2.7716,15883,0.000768,0.507136,,0.121344,0.36096,0.000256,0.34304,0.0076799999999999993,0.091904,,0.177664,,2.0272639999999997,6916,1186,0,
6917,83.846416496598636,76028530691,1,6.7984978668391705,5.8063,6.893824,2.2351,18203,0.000768,0.50380799999999992,,0.12236799999999999,0.358912,0,0.34099199999999996,0.007168,0.093696,,0.002048,,2.670592,6917,1187,0,
6918,83.855684800170067,76028588754,1,9.2683034017682076,7.3802,6.429696,3.5713,15763,0.001024,0.50559999999999994,,0.121344,0.353792,0.000256,0.336128,0.0076799999999999993,0.091904,,0.002048,,1.692416,6918,1188,0,
6919,83.8622422973356,76028662556,1,6.5574971958994865,7.8034,6.327552,3.3118,18203,0.001024,0.508416,,0.123136,0.760832,0,0.74112,0.007936,0.090112,,0.002304,,1.6921599999999999,6919,1189,0,
6920,83.869186996882078,76028740590,1,6.9446996785700321,9.2935,6.281728,2.9394,15763,0.001024,0.623104,,0.12236799999999999,0.34099199999999996,0,0.323328,0.0038399999999999997,0.082431999999999991,,0.002304,,2.074624,6920,1190,0,
6921,83.876111196145118,76028833525,1,6.9241994060575962,6.395,6.912256,2.9193,18255,0.001024,0.50688,,0.122624,0.365056,0,0.347392,0.007936,0.089343999999999993,,0.002048,,1.6883199999999998,6921,1191,0,
6922,83.88460719954648,76028897475,1,8.4960032254457474,6.9837,6.708992,2.2965,15763,0.001024,0.50688,,0.122624,0.365056,0,0.347392,0.007936,0.089343999999999993,,0.002048,,1.6883199999999998,6922,1192,0,
6923,83.891512599206351,76028967312,1,6.9053997285664082,6.1948,6.906112,3.7478,18203,0.001024,0.507136,,0.12415999999999999,0.358656,0,0.34048,0.007936,0.09036799999999999,,0.002304,,2.3096319999999997,6923,1193,0,
6924,83.898421995464844,76029029260,1,6.9093960337340832,9.285,6.110464,3.1695,16134,0.000768,0.507392,,0.12236799999999999,0.35737599999999997,0,0.3392,0.0084479999999999989,0.09088,,0.002304,,1.687552,6924,1194,0,
6925,83.906481398809518,76029122110,1,8.05940292775631,7.1079,6.353664,3.5534,18203,0.001024,0.50176,,0.12236799999999999,0.355584,0.000256,0.338176,0.008192,0.088576,,0.002048,,1.684736,6925,1195,0,
6926,83.919639895124718,76029193189,1,13.158496469259262,6.8134,7.567104,3.5195,18203,0.001024,0.505856,,0.131584,0.369664,0.000256,0.349696,0.007936,0.090112,,0.0025599999999999998,,1.6752639999999999,6926,1196,0,
6927,83.927460395408161,76029261323,1,7.820500060915947,6.1102,6.719232,2.9566,16110,0.001024,0.50816,,0.1216,0.349696,0.000256,0.332032,0.009984,0.086272,,0.002048,,1.8823679999999998,6927,1197,0,
6928,83.933593898809519,76029322425,1,6.1335032805800438,15.3397,6.491392,3.07,18203,0.0012799999999999999,0.5184,,0.122112,0.354048,0.000256,0.33638399999999996,0.007936,0.091136,,0.002048,,2.0392959999999998,6928,1198,0,
6929,83.940208198696141,76029475822,1,6.6142999567091465,6.2121,6.455808,2.8202,15763,0.000768,0.50380799999999992,,0.12236799999999999,0.354304,0,0.33664,0.011007999999999999,0.091904,,0.0025599999999999998,,2.166784,6929,1199,0,
6930,83.94765729875283,76029537943,1,7.4491002596914768,7.9229,6.095104,2.778,18203,0.001024,0.50559999999999994,,0.12236799999999999,0.348672,0,0.33100799999999997,0.007936,0.088576,,0.002304,,1.67424,6930,1200,0,
6931,83.9548160005669,76029617172,1,7.1587017737329006,5.3422,7.447552,3.671,15763,0.001024,0.612864,,0.41625599999999996,0.361216,0,0.338176,0.008192,0.092159999999999992,,0.002048,,2.046464,6931,1201,0,
6932,83.961430994897952,76029670594,1,6.6149942576885223,6.8246,6.954496,2.9544,18203,0.001024,0.503296,,0.492288,0.420608,0,0.40038399999999996,0.0076799999999999993,0.093952,,0.0025599999999999998,,2.026496,6932,1202,0,
6933,83.9678625,76029738840,1,6.4315050840377808,7.5585,6.769664,3.1377,15763,0.001024,0.50176,,0.121088,0.817152,0.000256,0.32896,0.004608,0.096767999999999993,,0.002816,,2.18112,6933,1203,0,
6934,83.974487797619048,76029814425,1,6.6252974793314934,7.3886,6.415872,2.5902,18203,0.001024,0.50559999999999994,,0.121344,0.357888,0.000256,0.339968,0.007936,0.095232,,0.002048,,2.05696,6934,1204,0,
6935,83.981542800453511,76029888311,1,7.0550027303397655,5.4834,6.597888,3.0709,15763,0.001024,0.50559999999999994,,0.121344,0.357888,0.000256,0.339968,0.007936,0.095232,,0.002048,,2.05696,6935,1205,0,
6936,83.988127699829931,76029943145,1,6.5848995000123978,7.1588,7.035904,2.2194,18203,0.001024,0.50944,,0.136704,0.34815999999999997,0,0.329216,0.00896,0.093952,,0.002304,,2.243328,6936,1206,0,
6937,83.994910600907019,76030014733,1,6.782901007682085,6.892,6.565888,2.752,15883,0.001024,0.507392,,0.12185599999999999,0.53990399999999994,0.000256,0.33433599999999997,0.005376,0.093696,,0.002304,,2.041344,6937,1207,0,
6938,84.001479698129245,76030083653,1,6.56909728422761,5.7794,6.763008,2.2139,18203,0.001024,0.499712,,0.124928,0.36070399999999997,0,0.341504,0.010496,0.091904,,0.0025599999999999998,,2.252032,6938,1208,0,
6939,84.007832794784576,76030141447,1,6.3530965708196163,7.0653,6.553344,2.2345,15763,0.001024,0.49945599999999996,,0.12032,0.351744,0,0.33408,0.0076799999999999993,0.09088,,0.002048,,2.15552,6939,1209,0,
6940,84.014592594954649,76030212100,1,6.7598000168800354,6.386,6.339584,2.4789,18203,0.001024,0.504832,,0.12339199999999999,0.352,0,0.33408,0.0076799999999999993,0.089088,,0.002304,,1.675776,6940,1210,0,
6941,84.020698795351464,76030275960,1,6.1062006279826164,6.7869,6.73792,2.4471,18855,0.001024,0.503296,,0.12185599999999999,0.35737599999999997,0.000256,0.33971199999999996,0.003584,0.091392,,0.002048,,2.068736,6941,1211,0,
6942,84.027691298185943,76030343829,1,6.9925026036798954,6.0847,6.08256,3.2841,18405,0.001024,0.508416,,0.12057599999999999,0.358912,0,0.34048,0.007168,0.096,,0.002048,,1.676288,6942,1212,0,
6943,84.034313499149661,76030404676,1,6.6222008317708969,7.4242,6.49344,2.1546,15763,0.001024,0.51814399999999994,,0.122624,0.345344,0,0.32767999999999997,0.007936,0.089855999999999991,,0.002048,,1.682688,6943,1213,0,
6944,84.0411419005102,76030478918,1,6.8284012377262115,5.0783,6.601216,2.1485,18203,0.001024,0.504832,,0.12953599999999998,0.354304,0,0.33536,0.007424,0.091904,,0.0025599999999999998,,2.261504,6944,1214,0,
6945,84.047627699829931,76030529701,1,6.4857993274927139,6.9921,6.802176,2.6972,15763,0.001024,0.50969599999999993,,0.12287999999999999,0.708352,0,0.689408,0.0076799999999999993,0.0896,,0.0025599999999999998,,2.0254719999999997,6945,1215,0,
6946,84.054590596655331,76030599622,1,6.962896790355444,6.8491,6.47936,2.181,18203,0.001024,0.507904,,0.120832,0.739072,0,0.338688,0.0076799999999999993,0.11545599999999999,,0.0025599999999999998,,2.081792,6946,1216,0,
6947,84.061195195578222,76030668113,1,6.6045988351106644,6.6952,6.87488,2.9533,15763,0.000768,0.507648,,0.13055999999999998,0.36275199999999996,0,0.343808,0.0076799999999999993,0.091136,,0.0025599999999999998,,2.019584,6947,1217,0,
6948,84.0678758999433,76030735065,1,6.6807041876018047,7.832,6.648064,2.8363,18203,0.001024,0.508672,,0.121344,0.720896,0,0.34227199999999997,0.008704,0.096767999999999993,,0.002816,,2.070016,6948,1218,0,
6949,84.0743338010204,76030813385,1,6.45790109410882,5.9742,6.669568,2.9574,15763,0.001024,0.505856,,0.1216,0.351744,0,0.333824,0.007936,0.091648,,0.002048,,2.100224,6949,1219,0,
6950,84.081218395691607,76030873127,1,6.8845944479107857,7.0501,6.432768,2.2728,18255,0.001024,0.512768,,0.1216,0.348416,0,0.330752,0.007936,0.093183999999999989,,0.002048,,1.676544,6950,1220,0,
6951,84.087695096371874,76030943628,1,6.476700771600008,6.5981,6.854912,3.0587,15763,0.000768,0.508672,,0.129792,0.354048,0,0.335872,0.007936,0.087808,,0.002816,,2.18368,6951,1221,0,
6952,84.09456839569161,76031009609,1,6.8732993677258492,7.3396,6.46912,2.2803,18203,0.001024,0.510208,,0.122112,0.348672,0,0.330752,0.011519999999999999,0.09856,,0.002048,,2.435072,6952,1222,0,
6953,84.100799397675729,76031083005,1,6.2310020439326763,6.1705,6.848768,2.1463,15763,0.000768,0.505856,,0.121344,0.738304,0,0.720128,0.007936,0.090112,,0.0025599999999999998,,2.302464,6953,1223,0,
6954,84.107368296485262,76031144710,1,6.5688989125192165,5.8427,6.207744,2.6295,18203,0.001024,0.50944,,0.121088,0.36224,0.000256,0.344064,0.009984,0.097279999999999991,,0.002048,,1.9578879999999999,6954,1224,0,
6955,84.113776700680262,76031203137,1,6.4084040932357311,7.2803,6.467072,2.4105,15763,0.001024,0.504832,,0.42419199999999996,0.363264,0,0.34022399999999997,0.007936,0.093183999999999989,,0.002048,,2.038272,6955,1225,0,
6956,84.1200625,76031275940,1,6.2857992015779018,6.4076,6.432256,2.6679,18203,0.001024,0.505344,,0.1216,0.36147199999999996,0,0.34355199999999997,0.007936,0.090624,,0.002304,,1.901824,6956,1226,0,
6957,84.127036500850338,76031340016,1,6.9740009494125843,7.0558,6.304768,3.4684,15965,0.001024,0.516096,,0.12236799999999999,0.356352,0,0.338688,0.007424,0.091648,,0.002048,,2.27584,6957,1227,0,
6958,84.133988895975051,76031410574,1,6.95239519700408,5.8818,6.655744,3.2527,18203,0.0012799999999999999,0.507136,,0.120832,0.361728,0.000256,0.343296,0.007936,0.091648,,0.002048,,2.2182399999999998,6958,1228,0,
6959,84.140132298752832,76031469392,1,6.143402773886919,6.8487,6.925824,2.6887,15763,0.001024,0.62182399999999993,,0.1216,0.354304,0,0.336128,0.011776,0.094208,,0.002304,,1.953792,6959,1229,0,
6960,84.146778798185935,76031537879,1,6.6464995034039021,6.5119,6.117376,2.9801,18323,0.001024,0.507136,,0.126976,0.361216,0,0.34355199999999997,0.007936,0.091648,,0.002304,,1.671424,6960,1230,0,
6961,84.153383198696147,76031602998,1,6.6044004634022713,6.6812,6.627584,2.0105,15763,0.001024,0.508672,,0.52992,0.361728,0,0.34304,0.004352,0.092416,,0.002048,,2.03264,6961,1231,0,
6962,84.160904698129244,76031669810,1,7.5214994139969349,5.8691,6.584832,2.3814,18203,0.001024,0.622848,,0.12057599999999999,0.599808,0,0.57753599999999994,0.0076799999999999993,0.0896,,0.0025599999999999998,,2.021376,6962,1232,0,
6963,84.168230895691607,76031728501,1,7.3261973448097706,6.6767,6.3872,3.6919,15763,0.001024,0.625664,,0.122624,0.348416,0,0.33024,0.007936,0.087296,,0.002304,,1.6934399999999998,6963,1233,0,
6964,84.178749695294783,76031795268,1,10.518799535930157,9.3284,6.129408,2.9609,18203,0.001024,0.625664,,0.122624,0.348416,0,0.33024,0.007936,0.087296,,0.002304,,1.6934399999999998,6964,1234,0,
6965,84.186800496031736,76031888552,1,8.0508003011345863,6.063,6.043904,3.5091,15763,0.001024,0.50969599999999993,,0.12236799999999999,0.347136,0,0.329216,0.008192,0.089855999999999991,,0.002304,,1.686272,6965,1235,0,
6966,84.194308198696149,76031949182,1,7.5077028013765812,10.7628,5.891328,3.0009,18203,0.001024,0.50969599999999993,,0.12236799999999999,0.347136,0,0.329216,0.008192,0.089855999999999991,,0.002304,,1.686272,6966,1236,0,
6967,84.200643197278907,76032056810,1,6.334998644888401,9.0407,6.290176,3.2362,15763,0.001024,0.510464,,0.122112,0.352512,0,0.33536,0.007936,0.08524799999999999,,0.002816,,1.860352,6967,1237,0,
6968,84.207368098072564,76032147217,1,6.72490056604147,7.2276,6.287872,3.1824,18203,0.001024,0.50892799999999994,,0.12236799999999999,0.351744,0,0.333824,0.007936,0.086528,,0.0025599999999999998,,1.67296,6968,1238,0,
6969,84.213730194160988,76032219493,1,6.3620959408581257,5.8355,6.593536,2.724,15763,0.001024,0.508672,,0.125696,0.35942399999999997,0,0.34099199999999996,0.003584,0.091392,,0.0025599999999999998,,1.8623999999999998,6969,1239,0,
6970,84.221195897108842,76032277848,1,7.465702947229147,6.4899,6.268672,2.8608,18203,0.001024,0.501248,,0.12185599999999999,0.358656,0,0.34048,0.007936,0.0896,,0.002048,,2.1898239999999998,6970,1240,0,
6971,84.228182397959173,76032342747,1,6.9865006953477859,6.6475,6.355456,3.0694,15965,0.001024,0.501248,,0.12185599999999999,0.358656,0,0.34048,0.007936,0.0896,,0.002048,,2.1898239999999998,6971,1241,0,
6972,84.23464679705215,76032409222,1,6.4643989317119122,7.5456,6.571776,3.1245,18203,0.001024,0.507392,,0.122112,0.35225599999999996,0,0.33433599999999997,0.0076799999999999993,0.092159999999999992,,0.002048,,1.67424,6972,1242,0,
6973,84.241702600623583,76032484678,1,7.0558036677539349,6.1954,6.40512,3.1491,15763,0.001024,0.504832,,0.12236799999999999,0.35276799999999997,0,0.334848,0.0076799999999999993,0.091904,,0.002304,,2.048256,6973,1243,0,
6974,84.2485014951814,76032546632,1,6.7988946102559566,7.9621,6.445568,2.6968,20929,0.001024,0.504832,,0.12236799999999999,0.35276799999999997,0,0.334848,0.0076799999999999993,0.091904,,0.002304,,2.048256,6974,1244,0,
6975,84.255360898526078,76032626253,1,6.8594035692512989,5.683,6.670848,3.2102,15763,0.001024,0.505344,,0.12185599999999999,0.36147199999999996,0.000256,0.34355199999999997,0.0076799999999999993,0.089343999999999993,,0.002048,,1.8741759999999998,6975,1245,0,
6976,84.261818098072553,76032683083,1,6.4571993425488472,6.4331,6.686976,3.0994,88487,0.001024,0.505344,,0.12185599999999999,0.36147199999999996,0.000256,0.34355199999999997,0.0076799999999999993,0.089343999999999993,,0.002048,,1.8741759999999998,6976,1246,0,
6977,84.2681970946712,76032747414,1,6.3789966516196728,8.7238,6.146304,2.6712,77437,0.001024,0.510464,,0.122624,0.349184,0.000256,0.33177599999999996,0.004608,0.090112,,0.002048,,1.8990079999999998,6977,1247,0,
6978,84.2742878968254,76032834652,1,6.0908021405339241,5.3577,6.579712,2.9997,18203,0.001024,0.50892799999999994,,0.12595199999999998,0.35481599999999996,0,0.33638399999999996,0.008192,0.09036799999999999,,0.002304,,1.84192,6978,1248,0,
6979,84.2814560941043,76032888229,1,7.1681970730423927,6.5779,6.059008,3.409,15815,0.001024,0.50816,,0.12236799999999999,0.69452799999999992,0,0.336896,0.005376,0.089088,,0.002816,,2.018048,6979,1249,0,
6980,84.298177699829935,76032954008,1,16.721606254577637,6.8224,6.382848,2.8949,18323,0.001024,0.50816,,0.12236799999999999,0.69452799999999992,0,0.336896,0.005376,0.089088,,0.002816,,2.018048,6980,1250,0,
6981,84.307208595521544,76033022232,1,9.0308953076601028,6.8781,6.356224,4.9208,18203,0.001024,0.506112,,0.1216,0.653824,0,0.635904,0.0076799999999999993,0.088576,,0.002304,,1.900544,6981,1251,0,
6982,84.3165970946712,76033091013,1,9.3884989619255066,13.7547,6.419968,3.6033,15763,0.0012799999999999999,0.507648,,0.122624,0.34892799999999996,0,0.331264,0.0076799999999999993,0.08832,,0.002304,,1.9041279999999998,6982,1252,0,
6983,84.323626594387747,76033228560,1,7.0294998586177826,11.6115,5.97888,3.4411,18405,0.001024,0.507904,,0.128,0.3584,0,0.340736,0.003328,0.087296,,0.002304,,1.9745279999999998,6983,1253,0,
6984,84.331351594387755,76033344675,1,7.7249999158084393,9.8405,6.216192,4.0462,15763,0.000768,0.509952,,0.12236799999999999,0.353024,0,0.33510399999999996,0.0084479999999999989,0.085504,,0.002304,,1.674496,6984,1254,0,
6985,84.3433389951814,76033443080,1,11.98740117251873,7.0038,6.08256,3.8007,18203,0.000768,0.509952,,0.12236799999999999,0.353024,0,0.33510399999999996,0.0084479999999999989,0.085504,,0.002304,,1.674496,6985,1255,0,
6986,84.3495258999433,76033513118,1,6.186904851347208,7.7193,6.456064,3.1844,15763,0.001024,0.505856,,0.12185599999999999,0.361216,0,0.34304,0.007936,0.094975999999999991,,0.002048,,1.682944,6986,1256,0,
6987,84.365955498866214,76033590311,1,16.4295993745327,11.6387,6.671616,2.8692,18203,0.001024,0.505856,,0.12185599999999999,0.361216,0,0.34304,0.007936,0.094975999999999991,,0.002048,,1.682944,6987,1257,0,
6988,84.373399100056687,76033706698,1,7.44360126554966,7.0957,5.99808,3.5455,15763,0.001024,0.50432,,0.122112,0.341504,0.000256,0.32383999999999996,0.007936,0.086016,,0.002048,,2.039808,6988,1258,0,
6989,84.380357199546481,76033777655,1,6.9580995477736,15.7291,6.273536,3.433,18203,0.001024,0.62336,,0.12236799999999999,0.35353599999999996,0,0.33561599999999997,0.0076799999999999993,0.086272,,0.002048,,1.679104,6989,1259,0,
6990,84.39035170068027,76033934946,1,9.9945012480020523,7.9272,6.105856,3.3804,15763,0.001024,0.62336,,0.12236799999999999,0.35353599999999996,0,0.33561599999999997,0.0076799999999999993,0.086272,,0.002048,,1.679104,6990,1260,0,
6991,84.397352494331059,76034014218,1,7.00079370290041,6.0828,6.636288,3.5389,18574,0.001024,0.505856,,0.123648,0.3584,0,0.34048,0.007936,0.087039999999999992,,0.002048,,1.892096,6991,1261,0,
6992,84.405003394274374,76034075046,1,7.6509001664817333,9.8083,6.727168,3.2544,15763,0.001024,0.501248,,0.12185599999999999,0.35481599999999996,0,0.337152,0.004096,0.088576,,0.002048,,1.67424,6992,1262,0,
6993,84.412635997732423,76034173129,1,7.6326034031808376,7.9973,6.656768,4.1566,18203,0.004096,0.500736,,0.12185599999999999,0.357888,0,0.340736,0.008192,0.093183999999999989,,0.002048,,1.682176,6993,1263,0,
6994,84.42091489512471,76034253102,1,8.2788970321416855,7.5789,6.271232,3.256,33334,0.001024,0.507136,,0.122112,0.354048,0,0.33561599999999997,0.007936,0.087551999999999991,,0.002304,,2.222336,6994,1264,0,
6995,84.428323497732421,76034328891,1,7.4086026288568974,6.6816,6.620672,3.2593,32935,0.001024,0.503296,,0.122112,0.355072,0,0.336896,0.0076799999999999993,0.09036799999999999,,0.002304,,1.991936,6995,1265,0,
6996,84.437934297052152,76034395707,1,9.610799141228199,8.9869,6.388992,4.1432,15763,0.001024,0.503296,,0.131328,0.35276799999999997,0,0.333824,0.007936,0.092928,,0.0025599999999999998,,1.9077119999999999,6996,1266,0,
6997,84.454275899943312,76034485576,1,16.341602429747581,7.1475,6.374144,3.924,18323,0.001024,0.503296,,0.131328,0.35276799999999997,0,0.333824,0.007936,0.092928,,0.0025599999999999998,,1.9077119999999999,6997,1267,0,
6998,84.461705300453517,76034557051,1,7.4294004589319229,9.8976,6.637568,3.1881,15763,0.001024,0.50559999999999994,,0.122112,0.35712,0.000256,0.3392,0.007936,0.084992,,0.002048,,1.676544,6998,1268,0,
6999,84.46896259920635,76034656027,1,7.2572985664010048,15.3862,6.218752,3.3849,35774,0.001024,0.50303999999999993,,0.12185599999999999,0.34687999999999997,0,0.32896,0.0076799999999999993,0.08832,,0.002304,,1.6716799999999998,6999,1269,0,
7000,84.4763878968254,76034809889,1,7.4252975173294544,8.7166,6.354688,3.2848,29658,0.001024,0.51148799999999994,,0.122112,0.359168,0.000256,0.341248,0.007936,0.087296,,0.002048,,1.6896,7000,1270,0,
7001,84.484812996031749,76034897055,1,8.4250988438725471,6.843,6.188544,4.549,18255,0.001024,0.51148799999999994,,0.122112,0.359168,0.000256,0.341248,0.007936,0.087296,,0.002048,,1.6896,7001,1271,0,
7002,84.494376799886624,76034965485,1,9.5638036727905273,7.6608,6.499584,2.9463,18203,0.001024,0.50303999999999993,,0.12953599999999998,0.35968,0,0.34022399999999997,0.0076799999999999993,0.092159999999999992,,0.0025599999999999998,,1.9079679999999999,7002,1272,0,
7003,84.5067457979025,76035042093,1,12.368997558951378,6.3442,6.828288,3.7634,35774,0.001024,0.50303999999999993,,0.12953599999999998,0.35968,0,0.34022399999999997,0.0076799999999999993,0.092159999999999992,,0.0025599999999999998,,1.9079679999999999,7003,1273,0,
7004,84.5136979946145,76035105535,1,6.9521968252956867,11.4211,6.653696,3.3499,30148,0.001024,0.61516799999999994,,0.1216,0.350976,0,0.333312,0.003328,0.082176,,0.002048,,2.179072,7004,1274,0,
7005,84.520987797619043,76035219746,1,7.2898031212389469,11.4796,6.408192,3.476,38866,0.001024,0.61516799999999994,,0.1216,0.350976,0,0.333312,0.003328,0.082176,,0.002048,,2.179072,7005,1275,0,
7006,84.530881795634912,76035334542,1,9.8939975723624229,8.1698,6.496256,3.2462,32918,0.001024,0.62591999999999992,,0.122112,0.35686399999999996,0.000256,0.3392,0.003584,0.093183999999999989,,0.002048,,2.097664,7006,1276,0,
7007,84.537694394841267,76035416240,1,6.8125990219414234,6.2292,6.808064,3.1554,15763,0.001024,0.505344,,0.12236799999999999,0.35148799999999997,0,0.333824,0.012032,0.083712,,0.002304,,1.692928,7007,1277,0,
7008,84.546083496315191,76035478532,1,8.38910136371851,10.477,6.176,3.6051,18203,0.001024,0.505344,,0.12236799999999999,0.35148799999999997,0,0.333824,0.012032,0.083712,,0.002304,,1.692928,7008,1278,0,
7009,84.554647994614513,76035583302,1,8.5644982755184174,7.0007,6.976512,3.4084,15763,0.000768,0.507136,,0.12185599999999999,0.35968,0,0.34227199999999997,0.008192,0.093696,,0.002304,,2.128896,7009,1279,0,
7010,84.561829195011327,76035653309,1,7.181200198829174,8.0369,6.324992,3.4524,46118,0.001024,0.50559999999999994,,0.121088,0.355072,0.000256,0.337152,0.003584,0.09088,,0.0025599999999999998,,2.238976,7010,1280,0,
7011,84.568860494614512,76035733678,1,7.031299639493227,9.2006,6.228224,3.3421,15763,0.003328,0.508416,,0.121088,0.35020799999999996,0,0.332032,0.0076799999999999993,0.089343999999999993,,0.002304,,1.672704,7011,1281,0,
7012,84.575534297052144,76035825684,1,6.6738026216626167,7.1796,5.950464,3.707,18203,0.001024,0.510208,,0.122112,0.354048,0,0.33561599999999997,0.003584,0.087808,,0.002304,,1.689856,7012,1282,0,
7013,84.582619394841259,76035897480,1,7.0850979536771774,6.2323,6.323968,2.9186,33334,0.001024,0.504064,,0.122112,0.521728,0.000256,0.324608,0.005888,0.089088,,0.002304,,2.2315519999999998,7013,1283,0,
7014,84.589719196428561,76035959803,1,7.0998016744852066,7.1616,6.54848,2.7438,32588,0.001024,0.502528,,0.127488,0.355584,0.000256,0.33766399999999996,0.009216,0.091392,,0.002304,,2.138624,7014,1284,0,
7015,84.5959922973356,76036031419,1,6.2731010839343071,7.1494,6.301952,3.061,15763,0.001024,0.49945599999999996,,0.12236799999999999,0.35968,0,0.340736,0.007936,0.091904,,0.002048,,1.67936,7015,1285,0,
7016,84.603002395124719,76036102913,1,7.0100976154208183,6.7895,5.96736,3.2089,18203,0.001024,0.511232,,0.12236799999999999,0.349184,0.000256,0.33152,0.007936,0.08806399999999999,,0.002048,,1.689088,7016,1286,0,
7017,84.609380498866216,76036170808,1,6.3781035132706165,6.5963,6.181888,3.1222,15883,0.001024,0.505088,,0.12236799999999999,0.345088,0,0.327424,0.007936,0.089343999999999993,,0.002304,,1.676544,7017,1287,0,
7018,84.61604959608843,76036236771,1,6.669097114354372,7.0268,6.187776,3.025,18203,0.001024,0.505088,,0.12236799999999999,0.345088,0,0.327424,0.007936,0.089343999999999993,,0.002304,,1.676544,7018,1288,0,
7019,84.623118296485259,76036307039,1,7.06870062276721,6.4569,6.23744,3.0583,15763,0.001024,0.506112,,0.12185599999999999,0.35020799999999996,0.000256,0.33228799999999997,0.010496,0.087551999999999991,,0.002048,,1.674752,7019,1289,0,
7020,84.630717198129247,76036371608,1,7.5989016331732273,5.9081,6.259712,3.1323,18550,0.001024,0.503296,,0.122112,0.348672,0.000256,0.33100799999999997,0.0076799999999999993,0.09036799999999999,,0.002048,,2.1409279999999997,7020,1290,0,
7021,84.6394464994331,76036430689,1,8.729301393032074,7.8626,6.440704,3.3464,21547,0.000768,0.501248,,0.12236799999999999,0.347904,0.000256,0.329984,0.00896,0.09088,,0.002048,,1.9061759999999999,7021,1291,0,
7022,84.669564299886616,76036509315,1,30.117800459265709,7.5084,6.089728,3.2516,18203,0.001024,0.50688,,0.12185599999999999,0.350976,0,0.33305599999999996,0.007936,0.089855999999999991,,0.002304,,2.031104,7022,1292,0,
7023,84.687500800736956,76036584399,1,17.936501652002335,8.867,,4.5876,24184,0.001024,0.50688,,0.12185599999999999,0.350976,0,0.33305599999999996,0.007936,0.089855999999999991,,0.002304,,2.031104,7023,1293,0,
7024,84.7003468962585,76036673069,1,12.846095487475395,29.4003,6.425344,4.6513,18203,0.001024,0.505856,,0.12185599999999999,0.35942399999999997,0,0.341504,0.007936,0.09088,,0.002304,,1.6701439999999999,7024,1294,0,
7025,84.710749900793644,76036967072,1,10.403004474937916,17.7571,6.3872,4.2072,18203,0.001024,0.505856,,0.12185599999999999,0.35942399999999997,0,0.341504,0.007936,0.09088,,0.002304,,1.6701439999999999,7025,1295,0,
7026,84.717688895975058,76037144643,1,6.9389953278005123,13.1189,6.418432,3.3968,15763,0.001024,0.504832,,0.121344,0.345088,0.000256,0.32767999999999997,0.0076799999999999993,0.091904,,0.002048,,1.683968,7026,1296,0,
7027,84.724123398526075,76037275832,1,6.4345025457441807,9.9843,6.491648,3.0586,18203,0.0012799999999999999,0.505856,,0.1216,0.35456,0.000256,0.337152,0.005632,0.092928,,0.002048,,2.07872,7027,1297,0,
7028,84.731315398242629,76037375675,1,7.1919998154044151,8.1274,5.976576,3.0283,29271,0.000768,0.502784,,0.12236799999999999,0.34483199999999997,0.000256,0.32716799999999996,0.003584,0.09267199999999999,,0.002304,,2.088448,7028,1298,0,
7029,84.7410955994898,76037456949,1,9.7802011296153069,6.2033,6.368768,3.0989,18203,0.000768,0.502784,,0.12236799999999999,0.34483199999999997,0.000256,0.32716799999999996,0.003584,0.09267199999999999,,0.002304,,2.088448,7029,1299,0,
7030,84.748383694727892,76037518982,1,7.2880950756371021,6.7249,6.488064,3.6093,18489,0.0025599999999999998,0.504832,,0.120832,0.36096,0,0.343296,0.010496,0.087551999999999991,,0.002048,,2.048256,7030,1300,0,
7031,84.755321499433109,76037586231,1,6.9378046318888664,10.031,7.008256,3.7655,18203,0.001024,0.619008,,0.28415999999999997,0.35020799999999996,0,0.331264,0.0076799999999999993,0.09036799999999999,,0.002304,,2.038016,7031,1301,0,
7032,84.7627755952381,76037686541,1,7.4540958739817142,7.102,6.06848,3.0036,21812,0.001024,0.504576,,0.13568,0.356608,0.000256,0.337152,0.0076799999999999993,0.091136,,0.0025599999999999998,,1.9479039999999999,7032,1302,0,
7033,84.774861897675734,76037757561,1,12.086302042007446,7.5869,6.301952,3.3207,18203,0.001024,0.504576,,0.13568,0.356608,0.000256,0.337152,0.0076799999999999993,0.091136,,0.0025599999999999998,,1.9479039999999999,7033,1303,0,
7034,84.793106200396821,76037833430,1,18.2443019002676,7.4029,6.207232,2.8787,18203,0.001024,0.506624,,0.127744,0.35276799999999997,0,0.334592,0.007936,0.091648,,0.002304,,2.047744,7034,1304,0,
7035,84.803560997732419,76037907459,1,10.454797185957432,6.4848,5.94304,3.3163,18203,0.001024,0.615424,,0.1216,0.350976,0.000256,0.333312,0.004352,0.08294399999999999,,0.002048,,1.876736,7035,1305,0,
7036,84.811477494331058,76037972307,1,7.9164961352944374,23.3843,6.492672,3.3356,15763,0.001024,0.615424,,0.1216,0.350976,0.000256,0.333312,0.004352,0.08294399999999999,,0.002048,,1.876736,7036,1306,0,
7037,84.822365299036278,76038206150,1,10.887804441154003,10.7177,6.399488,3.2255,18203,0.001024,0.504576,,0.122112,0.348416,0,0.330752,0.003328,0.090112,,0.002304,,2.076416,7037,1307,0,
7038,84.829464299886624,76038313327,1,7.0990007370710373,6.9093,6.184192,4.1965,16110,0.001024,0.504576,,0.122112,0.348416,0,0.330752,0.003328,0.090112,,0.002304,,2.076416,7038,1308,0,
7039,84.836137599206353,76038382420,1,6.6732992418110371,11.5033,5.91488,3.2291,18203,0.001024,0.50380799999999992,,0.122112,0.347136,0,0.329216,0.007936,0.093952,,0.002816,,1.8388479999999998,7039,1309,0,
7040,84.84277439767574,76038497453,1,6.63679838180542,7.153,6.489856,3.4233,15763,0.001024,0.513792,,0.122112,0.356352,0,0.338432,0.0076799999999999993,0.093952,,0.002304,,2.275584,7040,1310,0,
7041,84.850931299603175,76038568983,1,8.15690215677023,6.4675,6.616576,2.6521,18203,0.001024,0.50432,,0.128,0.34687999999999997,0.000256,0.32896,0.007936,0.09267199999999999,,0.002048,,1.895424,7041,1311,0,
7042,84.858066595804985,76038633658,1,7.1352962404489517,6.7264,6.108416,3.8009,15763,0.001024,0.505344,,0.120832,0.361984,0,0.34431999999999996,0.0076799999999999993,0.093183999999999989,,0.002304,,1.983744,7042,1312,0,
7043,84.864466298185931,76038700922,1,6.3997022807598114,8.4766,6.701312,2.9826,18203,0.001024,0.501248,,0.129024,0.35276799999999997,0,0.334848,0.007936,0.091136,,0.002048,,2.042112,7043,1313,0,
7044,84.871128295068019,76038785688,1,6.6619967110455036,5.999,6.195456,3.0229,15763,0.000768,0.50176,,0.121344,0.349184,0,0.33152,0.003328,0.09036799999999999,,0.002304,,2.048768,7044,1314,0,
7045,84.87850069444444,76038845678,1,7.37239932641387,7.5616,6.379776,3.8062,18203,0.001024,0.500224,,0.122112,0.35148799999999997,0,0.332544,0.008192,0.093183999999999989,,0.002048,,1.6888319999999999,7045,1315,0,
7046,84.8852479946145,76038921294,1,6.7473002709448338,6.644,6.467584,3.017,15763,0.000768,0.507648,,0.12185599999999999,0.358912,0,0.34099199999999996,0.008192,0.09036799999999999,,0.002304,,1.674752,7046,1316,0,
7047,84.892112996031742,76038987734,1,6.8650012835860252,6.6415,6.72768,3.1286,18255,0.001024,0.513536,,0.126464,0.35686399999999996,0,0.33766399999999996,0.007424,0.092416,,0.0025599999999999998,,2.26688,7047,1317,0,
7048,84.898427997448977,76039054149,1,6.3150012865662575,7.0865,6.299136,2.7982,16134,0.001024,0.504576,,0.122112,0.71807999999999994,0,0.699904,0.007936,0.08806399999999999,,0.0025599999999999998,,2.142208,7048,1318,0,
7049,84.9051468962585,76039125014,1,6.71889865770936,6.4467,6.424064,3.3638,18203,0.000768,0.50432,,0.120832,0.35712,0,0.339456,0.007936,0.0896,,0.002304,,2.054912,7049,1319,0,
7050,84.915465299036285,76039189481,1,10.318403132259846,7.5601,6.051584,2.9312,18323,0.001024,0.503296,,0.13055999999999998,0.36275199999999996,0,0.344064,0.0076799999999999993,0.089088,,0.0025599999999999998,,2.07872,7050,1320,0,
7051,84.923025,76039265082,1,7.5597008690238,5.6469,6.4,2.8826,15763,0.001024,0.503296,,0.13055999999999998,0.36275199999999996,0,0.344064,0.0076799999999999993,0.089088,,0.0025599999999999998,,2.07872,7051,1321,0,
7052,84.929000496031748,76039321551,1,5.9754960238933563,10.9054,6.295552,3.4417,18550,0.001024,0.505344,,0.12185599999999999,0.356352,0,0.338432,0.007936,0.088576,,0.002048,,1.686272,7052,1322,0,
7053,84.9361060941043,76039430605,1,7.1055982261896133,7.3523,5.642496,3.2846,15763,0.001024,0.504064,,0.122112,0.357888,0,0.34022399999999997,0.0038399999999999997,0.09036799999999999,,0.002048,,1.8990079999999998,7053,1323,0,
7054,84.942610097789114,76039504128,1,6.5040038898587227,6.6885,6.305024,2.9521,18203,0.001024,0.506112,,0.122112,0.355072,0,0.337408,0.008192,0.091392,,0.002048,,2.24896,7054,1324,0,
7055,84.94926849489795,76039571013,1,6.6583971492946148,5.8246,6.484992,2.8822,15763,0.001024,0.50303999999999993,,0.131328,0.358656,0,0.339456,0.0076799999999999993,0.089855999999999991,,0.0025599999999999998,,2.150656,7055,1325,0,
7056,84.95592050028344,76039629259,1,6.6520054824650288,6.2589,6.643968,2.8105,18203,0.001024,0.500992,,0.46975999999999996,0.427776,0.000256,0.403456,0.0076799999999999993,0.088576,,0.0025599999999999998,,1.67296,7056,1326,0,
7057,84.962213300736963,76039691848,1,6.2928004190325737,6.9974,6.629376,2.8242,15763,0.001024,0.61670399999999992,,0.12544,0.35353599999999996,0,0.33510399999999996,0.007424,0.082176,,0.002816,,1.850368,7057,1327,0,
7058,84.969122895408162,76039761822,1,6.9095948711037636,6.6791,6.26176,3.538,18203,0.000768,0.50303999999999993,,0.121344,0.347392,0,0.329472,0.007936,0.086016,,0.002048,,2.307584,7058,1328,0,
7059,84.975752196712008,76039828613,1,6.6293012350797653,6.99,6.349056,3.1945,15763,0.001024,0.61772799999999994,,0.122112,0.353792,0,0.335872,0.012032,0.084224,,0.002304,,2.207488,7059,1329,0,
7060,84.983812996031745,76039898513,1,8.0607989802956581,6.5094,6.615808,3.2524,18203,0.001024,0.501248,,0.120832,0.347904,0,0.329472,0.007936,0.09088,,0.002048,,1.6867839999999998,7060,1330,0,
7061,84.990833397108844,76039963607,1,7.0204013027250767,7.3897,6.435584,2.8529,15763,0.000768,0.504576,,0.12185599999999999,0.5568,0,0.33510399999999996,0.012544,0.089088,,0.002304,,2.054144,7061,1331,0,
7062,84.998926998299311,76040037504,1,8.09360109269619,5.6204,6.73408,3.46,18203,0.001024,0.504064,,0.125696,0.359936,0,0.34099199999999996,0.0076799999999999993,0.0896,,0.002304,,1.8956799999999998,7062,1332,0,
7063,85.005353295068019,76040093708,1,6.4262966625392437,9.1665,6.386176,3.6405,15763,0.001024,0.510464,,0.12185599999999999,0.35942399999999997,0.000256,0.34227199999999997,0.007936,0.091136,,0.002048,,1.908992,7063,1333,0,
7064,85.0123755952381,76040185373,1,7.0223002694547176,7.2398,6.114048,3.3434,18203,0.001024,0.510464,,0.12185599999999999,0.35942399999999997,0.000256,0.34227199999999997,0.007936,0.091136,,0.002048,,1.908992,7064,1334,0,
7065,85.019005194161,76040257771,1,6.629598792642355,7.6758,6.037248,2.8701,15763,0.001024,0.502528,,0.121088,0.92928,0,0.497152,0.00896,0.094975999999999991,,0.002816,,1.8926079999999998,7065,1335,0,
7066,85.026433496315192,76040334529,1,7.428301963955164,6.3755,6.620672,3.5454,21497,0.001024,0.502528,,0.121088,0.92928,0,0.497152,0.00896,0.094975999999999991,,0.002816,,1.8926079999999998,7066,1336,0,
7067,85.0329205994898,76040398284,1,6.4871031790971756,7.1459,6.728704,2.9431,15763,0.001024,0.499712,,0.28620799999999996,0.352,0.000256,0.33152,0.0076799999999999993,0.08832,,0.002304,,1.676288,7067,1337,0,
7068,85.0404258999433,76040469743,1,7.5053004547953606,6.5174,6.3296,3.2852,18203,0.001024,0.505856,,0.12339199999999999,0.35814399999999996,0,0.34048,0.0084479999999999989,0.094208,,0.002304,,2.2399999999999998,7068,1338,0,
7069,85.049874000850338,76040534917,1,9.4481008127331734,7.2426,6.28864,3.4728,15763,0.001024,0.505856,,0.12339199999999999,0.35814399999999996,0,0.34048,0.0084479999999999989,0.094208,,0.002304,,2.2399999999999998,7069,1339,0,
7070,85.056846194727882,76040607343,1,6.972193717956543,7.2983,6.266624,3.3753,18203,0.001024,0.503296,,0.12185599999999999,0.359168,0,0.341248,0.008192,0.0896,,0.002304,,1.676032,7070,1340,0,
7071,85.064738895975054,76040680326,1,7.8927008435130119,7.6887,6.52928,3.8707,15763,0.001024,0.50816,,0.12236799999999999,0.361728,0,0.343808,0.007936,0.092159999999999992,,0.002048,,2.2144,7071,1341,0,
7072,85.071791999716552,76040757213,1,7.0531037636101246,9.2504,6.377728,3.0372,18323,0.001024,0.51148799999999994,,0.12236799999999999,0.352512,0,0.334848,0.007936,0.087808,,0.002048,,2.0392959999999998,7072,1342,0,
7073,85.078535097789114,76040849717,1,6.7430981434881687,6.7263,7.035392,3.2829,15763,0.001024,0.508416,,0.314112,0.36275199999999996,0.000256,0.33894399999999997,0.007936,0.089855999999999991,,0.0025599999999999998,,2.046464,7073,1343,0,
7074,85.08496539824263,76040916980,1,6.4303004182875156,7.2794,6.722048,2.5322,18203,0.001024,0.50969599999999993,,0.45311999999999997,0.406016,0.000256,0.380416,0.008704,0.091904,,0.0025599999999999998,,2.062592,7074,1344,0,
7075,85.091560898526069,76040989774,1,6.5955002792179585,5.5065,6.411776,3.6692,15763,0.001024,0.504576,,0.120832,0.35609599999999997,0,0.338176,0.0076799999999999993,0.091136,,0.002304,,2.056448,7075,1345,0,
7076,85.097869699546479,76041044839,1,6.3088010065257549,7.9181,6.009088,2.9683,18255,0.001024,0.510464,,0.12236799999999999,0.363008,0,0.34559999999999996,0.007936,0.089088,,0.002048,,2.035456,7076,1346,0,
7077,85.104894699546477,76041124020,1,7.0250001735985279,5.5627,6.291968,3.0843,15763,0.001024,0.502016,,0.121344,0.355584,0,0.33766399999999996,0.00896,0.090112,,0.002048,,2.10048,7077,1347,0,
7078,85.111089299886615,76041179647,1,6.1946003697812557,7.8156,6.130688,2.8233,18203,0.001024,0.505856,,0.122112,0.34815999999999997,0,0.330752,0.008192,0.089855999999999991,,0.002048,,1.677568,7078,1348,0,
7079,85.11755620039682,76041257803,1,6.4669004641473293,5.7672,6.176512,3.2238,15763,0.001024,0.50176,,0.12057599999999999,0.521216,0,0.503296,0.011007999999999999,0.094463999999999992,,0.002304,,1.884928,7079,1349,0,
7080,85.123942998866212,76041315475,1,6.3867983408272266,7.2445,5.9008,3.1614,18203,0.001024,0.505856,,0.1216,0.354304,0,0.336896,0.007936,0.094208,,0.002304,,1.8772479999999998,7080,1350,0,
7081,85.130373100907022,76041387920,1,6.4301020465791225,6.1196,6.333696,3.4212,15965,0.001024,0.501248,,0.121344,0.689152,0,0.29696,0.050432,0.092416,,0.0025599999999999998,,1.9025919999999998,7081,1351,0,
7082,85.137643998015875,76041449116,1,7.2708972729742527,6.3969,5.982464,3.3079,18203,0.001024,0.511744,,0.122112,0.353792,0,0.336128,0.008192,0.086272,,0.002048,,1.673984,7082,1352,0,
7083,85.143939994331063,76041513085,1,6.2959962524473667,6.9776,6.286592,2.5406,15763,0.001024,0.507392,,0.122112,0.355072,0.000256,0.337152,0.007936,0.087296,,0.002048,,1.8708479999999998,7083,1353,0,
7084,85.1500845946712,76041582861,1,6.1446004547178745,6.1257,6.27968,2.9447,18203,0.001024,0.49945599999999996,,0.122112,0.344064,0,0.326912,0.003072,0.090112,,0.0025599999999999998,,1.89696,7084,1354,0,
7085,85.156570797902489,76041644118,1,6.48620305582881,7.1072,6.116608,2.4002,15763,0.001024,0.499712,,0.12287999999999999,0.679168,0,0.34431999999999996,0.007936,0.09548799999999999,,0.0025599999999999998,,1.8357759999999999,7085,1355,0,
7086,85.162436196145123,76041715190,1,5.8653983287513256,5.3008,6.469376,2.9045,18203,0.001024,0.50227199999999994,,0.133376,0.346112,0,0.327424,0.007936,0.08524799999999999,,0.0025599999999999998,,1.852928,7086,1356,0,
7087,85.169234700963713,76041768198,1,6.79850485175848,6.3859,5.849088,2.9485,15763,0.000768,0.503296,,0.121344,0.346368,0.000256,0.328192,0.005632,0.087039999999999992,,0.002048,,1.90208,7087,1357,0,
7088,85.176605194161,76041832057,1,7.3704933747649193,6.6747,6.775296,2.5782,18203,0.001024,0.507136,,0.126208,0.365056,0,0.345856,0.0076799999999999993,0.09779199999999999,,0.002304,,2.082816,7088,1358,0,
7089,85.183993494897962,76041898804,1,7.3883007280528545,6.7223,6.64064,3.4481,15763,0.001024,0.505344,,0.1216,0.546048,0,0.32255999999999996,0.0097279999999999988,0.088832,,0.002304,,2.0592639999999998,7089,1359,0,
7090,85.190676197562354,76041966027,1,6.6827028058469296,8.0697,5.879808,2.8848,18203,0.001024,0.50944,,0.12236799999999999,0.59084799999999993,0,0.34099199999999996,0.010496,0.096512,,0.003328,,1.672192,7090,1360,0,
7091,85.197123596938766,76042046724,1,6.4473995007574558,4.9245,6.673664,3.1305,15763,0.001024,0.509184,,0.12672,0.357632,0,0.337408,0.004608,0.089088,,0.0025599999999999998,,2.243584,7091,1361,0,
7092,85.203434998582765,76042095969,1,6.3114017248153687,8.2321,6.418432,2.8108,18203,0.001024,0.509184,,0.12672,0.357632,0,0.337408,0.004608,0.089088,,0.0025599999999999998,,2.243584,7092,1362,0,
7093,85.209289597505659,76042178290,1,5.8545987121760845,5.439,6.294272,3.2833,15763,0.001024,0.507648,,0.123648,0.355584,0,0.336896,0.003328,0.089343999999999993,,0.0025599999999999998,,2.26048,7093,1363,0,
7094,85.216419196428575,76042232680,1,7.1295988745987415,7.9283,5.72672,2.9802,18203,0.001024,0.507648,,0.1216,0.36224,0.000256,0.34483199999999997,0.003584,0.090624,,0.002048,,1.95712,7094,1364,0,
7095,85.222378996598636,76042311963,1,5.9597999788820744,6.1253,5.97632,3.3369,15883,0.001024,0.511232,,0.121344,0.348672,0,0.331264,0.0063999999999999994,0.088832,,0.002304,,1.668864,7095,1365,0,
7096,85.229519097222223,76042373216,1,7.1401004679501057,5.6755,6.041088,2.9493,18405,0.001024,0.503296,,0.135936,0.361216,0,0.341248,0.0076799999999999993,0.090112,,0.0025599999999999998,,1.6921599999999999,7096,1366,0,
7097,85.23587439767573,76042429971,1,6.3553005456924438,7.1837,6.734336,2.7641,15763,0.003328,0.515072,,0.122112,0.350976,0.000256,0.332544,0.008704,0.0896,,0.002304,,2.165248,7097,1367,0,
7098,85.242361196145126,76042501808,1,6.4867986366152763,5.9193,6.336768,2.8013,18203,0.001024,0.505856,,0.127744,0.3584,0.000256,0.340736,0.006656,0.0896,,0.002304,,2.025984,7098,1368,0,
7099,85.249052600623585,76042561001,1,6.6914046183228493,7.4806,6.215168,3.2326,15763,0.0012799999999999999,0.617472,,0.121088,0.359168,0,0.34099199999999996,0.008192,0.09036799999999999,,0.002048,,2.067968,7099,1369,0,
7100,85.255613300736954,76042635807,1,6.5607000142335892,6.126,6.602752,2.8717,20929,0.000768,0.505344,,0.1216,0.7168,0,0.698624,0.007936,0.09036799999999999,,0.002304,,2.059776,7100,1370,0,
7101,85.262175694444437,76042697067,1,6.5623936243355274,5.66,6.613504,3.0666,15763,0.001024,0.518656,,0.122624,0.34815999999999997,0,0.330496,0.008192,0.086016,,0.002048,,1.672448,7101,1371,0,
7102,85.270019295634924,76042753667,1,7.8436015173792839,7.4527,5.90592,3.2591,18203,0.001024,0.518656,,0.122624,0.34815999999999997,0,0.330496,0.008192,0.086016,,0.002048,,1.672448,7102,1372,0,
7103,85.277488399943309,76042828194,1,7.4691041372716427,6.2297,6.049792,3.4654,15763,0.001024,0.514048,,0.122624,0.35481599999999996,0,0.33638399999999996,0.004096,0.087039999999999992,,0.002048,,1.689088,7103,1373,0,
7104,85.2843803004535,76042890491,1,6.8919006735086441,8.3193,6.497536,2.4911,18203,0.001024,0.507136,,0.131328,0.35814399999999996,0,0.339968,0.011264,0.094208,,0.002048,,2.055936,7104,1374,0,
7105,85.291420897108836,76042973684,1,7.040596567094326,5.6365,6.468608,3.6406,15763,0.001024,0.507136,,0.131328,0.35814399999999996,0,0.339968,0.011264,0.094208,,0.002048,,2.055936,7105,1375,0,
7106,85.297783397108844,76043030049,1,6.3625001348555088,9.2504,6.021632,3.5389,18203,0.001024,0.510208,,0.12287999999999999,0.35456,0.000256,0.33664,0.005632,0.09088,,0.002048,,2.039552,7106,1376,0,
7107,85.304316794217684,76043122553,1,6.5333968959748745,5.8009,6.189312,2.9939,15815,0.001024,0.520704,,0.12236799999999999,0.357632,0,0.339456,0.003584,0.091904,,0.002304,,1.6686079999999999,7107,1377,0,
7108,85.310795797902486,76043180562,1,6.4790034666657448,7.4579,6.120192,3.3965,18203,0.001024,0.520704,,0.12236799999999999,0.357632,0,0.339456,0.003584,0.091904,,0.002304,,1.6686079999999999,7108,1378,0,
7109,85.317047696995459,76043255141,1,6.2518990598618984,5.7502,6.467072,2.971,15763,0.001024,0.50892799999999994,,0.130816,0.362496,0,0.343808,0.0076799999999999993,0.09267199999999999,,0.0025599999999999998,,1.8908159999999998,7109,1379,0,
7110,85.323284700963711,76043312643,1,6.2370039522647858,5.9968,6.224384,2.7423,18203,0.001024,0.507904,,0.121344,0.355072,0.000256,0.336896,0.004608,0.088832,,0.002048,,1.8862079999999999,7110,1380,0,
7111,85.329995897108844,76043372611,1,6.7111961543560028,7.4406,6.094592,2.8894,15965,0.001024,0.508672,,0.12287999999999999,0.357888,0.000256,0.33971199999999996,0.003584,0.09088,,0.002304,,1.8928639999999999,7111,1381,0,
7112,85.336293898809515,76043447017,1,6.2980018556118011,5.8751,6.688768,2.9628,18203,0.001024,0.621312,,0.1216,0.35353599999999996,0,0.335872,0.0076799999999999993,0.091136,,0.002048,,1.866496,7112,1382,0,
7113,85.34295569727891,76043505768,1,6.6617983393371105,6.2157,6.282496,3.1443,15763,0.001024,0.50047999999999992,,0.121088,0.356608,0.000256,0.3392,0.0076799999999999993,0.09036799999999999,,0.002048,,1.873664,7113,1383,0,
7114,85.349464895124711,76043567925,1,6.5091978758573532,6.1712,6.644736,2.7221,18203,0.001024,0.500992,,0.1216,0.361728,0,0.344576,0.007936,0.087296,,0.002304,,2.0290559999999997,7114,1384,0,
7115,85.355881200396823,76043629637,1,6.4163054339587688,6.6726,6.486528,3.0854,15763,0.001024,0.507904,,0.121344,0.35456,0.000256,0.33664,0.0076799999999999993,0.091648,,0.002048,,1.8808319999999998,7115,1385,0,
7116,85.36232310090702,76043696363,1,6.4419005066156387,6.8133,6.391808,2.9332,18203,0.001024,0.507648,,0.121344,0.35328,0,0.335872,0.0076799999999999993,0.088832,,0.002048,,1.869568,7116,1386,0,
7117,85.369426098356,76043764496,1,7.1029975079,6.3383,6.008064,3.3425,15763,0.001024,0.507648,,0.121344,0.357888,0,0.339968,0.007936,0.08524799999999999,,0.002048,,2.04928,7117,1387,0,
7118,85.3761387967687,76043827879,1,6.7126983776688576,7.5774,6.150144,2.399,18323,0.001024,0.507136,,0.122624,0.35584,0.000256,0.33766399999999996,0.007936,0.09267199999999999,,0.002304,,2.046464,7118,1388,0,
7119,85.383711798469378,76043903653,1,7.5730015523731709,5.5288,6.62784,3.339,15763,0.001024,0.505088,,0.12287999999999999,0.363008,0,0.344064,0.008192,0.089855999999999991,,0.002816,,2.074624,7119,1389,0,
7120,85.390331696428575,76043958941,1,6.61989813670516,8.2505,6.376704,2.8146,18203,0.001024,0.50636799999999993,,0.12287999999999999,0.365056,0.000256,0.34559999999999996,0.0076799999999999993,0.088576,,0.002304,,1.6750079999999998,7120,1390,0,
7121,85.39653689767573,76044041446,1,6.2052011489868164,6.4893,6.596608,2.8602,15763,0.001024,0.507904,,0.12544,0.35686399999999996,0.000256,0.33792,0.0063999999999999994,0.089855999999999991,,0.0025599999999999998,,1.99424,7121,1391,0,
7122,85.402909899376411,76044106339,1,6.3730017282068729,7.2974,6.164992,3.0271,18429,0.001024,0.50944,,0.122112,0.358912,0.000256,0.34099199999999996,0.008192,0.091648,,0.0025599999999999998,,1.6867839999999998,7122,1392,0,
7123,85.40921839569161,76044179313,1,6.3084964640438557,6.4837,5.920512,3.011,15763,0.001024,0.506112,,0.121088,0.35148799999999997,0,0.333824,0.007936,0.09088,,0.002304,,2.1184,7123,1393,0,
7124,85.417052699829924,76044244150,1,7.8343041241168976,4.9084,6.29504,3.6802,18203,0.001024,0.506112,,0.121088,0.35148799999999997,0,0.333824,0.007936,0.09088,,0.002304,,2.1184,7124,1394,0,
7125,85.42501799886621,76044293234,1,7.9652993008494377,6.5394,6.08,2.5558,15763,0.001024,0.506112,,0.122624,0.355584,0,0.33792,0.003584,0.092416,,0.002048,,1.674752,7125,1395,0,
7126,85.434521194727893,76044358628,1,9.5031959936022758,6.1557,6.733056,2.5576,18550,0.000768,0.623104,,0.12185599999999999,0.573184,0,0.55552,0.0076799999999999993,0.091392,,0.002048,,2.049536,7126,1396,0,
7127,85.444289696712019,76044420185,1,9.7685018554329872,8.2111,5.649664,3.1574,18203,0.001024,0.515072,,0.12236799999999999,0.354304,0,0.33638399999999996,0.0076799999999999993,0.08832,,0.002304,,1.886464,7127,1397,0,
7128,85.453929499716551,76044502296,1,9.6398033201694489,8.1861,6.366208,2.7404,15763,0.001024,0.507648,,0.12236799999999999,0.351744,0,0.33408,0.0084479999999999989,0.0832,,0.002048,,1.6770559999999999,7128,1398,0,
7129,85.462394600340133,76044584157,1,8.4651010110974312,10.6151,6.064384,3.1952,18203,0.001024,0.507904,,0.122112,0.354304,0.000256,0.336128,0.007936,0.086784,,0.002048,,2.03264,7129,1399,0,
7130,85.483060600907024,76044690308,1,20.666001364588737,9.4704,5.860608,3.2196,15763,0.001024,0.51072,,0.122112,0.355328,0,0.33792,0.0076799999999999993,0.09088,,0.002304,,1.67424,7130,1400,0,
7131,85.490212294501134,76044785012,1,7.1516935713589191,9.14,6.048512,2.7877,18203,0.001024,0.511232,,0.12236799999999999,0.35148799999999997,0,0.333568,0.008192,0.091392,,0.002048,,1.6734719999999998,7131,1401,0,
7132,85.496952494331069,76044876412,1,6.7401998676359653,8.4751,6.419456,3.3321,15763,0.001024,0.510208,,0.12236799999999999,0.349952,0,0.332032,0.0038399999999999997,0.083968,,0.0025599999999999998,,2.0290559999999997,7132,1402,0,
7133,85.503631498015864,76044961163,1,6.6790035925805569,22.1338,6.3104,3.7582,18203,0.0012799999999999999,0.503296,,0.121344,0.690944,0.000256,0.672512,0.0076799999999999993,0.0896,,0.0025599999999999998,,1.9978239999999998,7133,1403,0,
7134,85.509259197845807,76045182501,1,5.6276996619999409,5.4164,6.664704,3.0161,15815,0.001024,0.50688,,0.34892799999999996,0.379648,0,0.355072,0.007936,0.090112,,0.002816,,2.033664,7134,1404,0,
7135,85.516626700680263,76045236665,1,7.367502897977829,6.231,5.609984,3.0186,18203,0.001024,0.501504,,0.121344,0.350464,0,0.332544,0.003072,0.092159999999999992,,0.002304,,1.67296,7135,1405,0,
7136,85.523783694727882,76045298975,1,7.1569941937923431,6.7855,6.254336,2.9546,15763,0.001024,0.503552,,0.12006399999999999,0.352512,0,0.33510399999999996,0.00896,0.091648,,0.003584,,1.873152,7136,1406,0,
7137,85.5313303004535,76045366830,1,7.5466055423021317,6.3179,6.496256,3.2192,21617,0.001024,0.61593599999999993,,0.12595199999999998,0.35712,0,0.33792,0.009472,0.086528,,0.002304,,2.0436479999999997,7137,1407,0,
7138,85.537579195011332,76045430009,1,6.2488946132361889,7.0144,6.318848,3.0573,15763,0.001024,0.499712,,0.120832,0.35712,0,0.3392,0.003584,0.092928,,0.002304,,1.9092479999999998,7138,1408,0,
7139,85.545099496882088,76045500153,1,7.5203017331659794,8.7091,6.260224,3.3194,18203,0.001024,0.499712,,0.120832,0.35712,0,0.3392,0.003584,0.092928,,0.002304,,1.9092479999999998,7139,1409,0,
7140,85.552128599773241,76045587244,1,7.0291031152009964,6.5766,6.5472,3.5632,15763,0.001024,0.503296,,0.122112,0.35737599999999997,0,0.339968,0.008192,0.092159999999999992,,0.002048,,1.6703999999999999,7140,1410,0,
7141,85.558756696428574,76045653010,1,6.6280965693295,7.3828,6.877184,3.1567,18203,0.001024,0.502016,,0.128,0.35737599999999997,0,0.339456,0.007936,0.089088,,0.002048,,1.676544,7141,1411,0,
7142,85.565368494897953,76045726838,1,6.6117984242737293,5.9323,6.614016,2.8911,15763,0.001024,0.500992,,0.131328,0.35276799999999997,0.000256,0.33433599999999997,0.0076799999999999993,0.088576,,0.002816,,1.6734719999999998,7142,1412,0,
7143,85.571710296201815,76045786161,1,6.34180149063468,7.1955,6.58816,3.1464,18203,0.001024,0.50432,,0.121088,0.541952,0,0.338432,0.009472,0.0896,,0.002048,,2.4189439999999998,7143,1413,0,
7144,85.578107794784572,76045858116,1,6.3974987715482712,5.7441,6.322944,3.008,15763,0.000768,0.504576,,0.121344,0.34764799999999996,0,0.32972799999999997,0.007936,0.091136,,0.002048,,1.9409919999999998,7144,1414,0,
7145,85.584361699263042,76045915557,1,6.2539046630263329,6.9775,6.379776,2.6875,18203,0.001024,0.503296,,0.12544,0.35712,0,0.338432,0.0076799999999999993,0.091392,,0.002816,,1.67424,7145,1415,0,
7146,85.591096598639453,76045985332,1,6.7348992452025414,6.6104,6.205696,2.7478,15763,0.001024,0.503552,,0.125184,0.58675199999999994,0,0.33433599999999997,0.009216,0.099072,,0.003072,,1.6752639999999999,7146,1416,0,
7147,85.597777295918362,76046051436,1,6.6806972026824951,5.7758,6.738432,2.7956,18203,0.001024,0.613888,,0.130816,0.353792,0,0.33510399999999996,0.0076799999999999993,0.089343999999999993,,0.0025599999999999998,,2.038528,7147,1417,0,
7148,85.603819897959184,76046109194,1,6.0426020063459873,6.2856,6.65984,2.6877,15763,0.001024,0.50303999999999993,,0.130816,0.356608,0.000256,0.33792,0.0076799999999999993,0.089343999999999993,,0.0025599999999999998,,2.004992,7148,1418,0,
7149,85.6101716978458,76046172050,1,6.3517997041344643,7.3441,6.024704,3.0822,18203,0.001024,0.498944,,0.1216,0.356608,0,0.338688,0.0076799999999999993,0.089343999999999993,,0.002048,,2.142464,7149,1419,0,
7150,85.6164125,76046245491,1,6.240802351385355,6.7218,5.610496,3.2118,15763,0.001024,0.503552,,0.12236799999999999,0.354304,0,0.33664,0.007936,0.089343999999999993,,0.002304,,1.88032,7150,1420,0,
7151,85.623400694444442,76046312709,1,6.9881943054497242,5.4415,6.057472,3.3048,18203,0.001024,0.49945599999999996,,0.12057599999999999,0.356352,0,0.338432,0.011007999999999999,0.090624,,0.002304,,1.8759679999999999,7151,1421,0,
7152,85.630249199263034,76046367124,1,6.8485047668218613,6.7866,5.828096,3.1897,15965,0.001024,0.504576,,0.12339199999999999,0.352512,0,0.333824,0.0076799999999999993,0.0896,,0.0025599999999999998,,1.8959359999999998,7152,1422,0,
7153,85.63635,76046434990,1,6.1008008196949959,7.8405,6.176,3.1366,18203,0.001024,0.50892799999999994,,0.12236799999999999,0.350464,0,0.3328,0.003328,0.089343999999999993,,0.002304,,1.8792959999999999,7153,1423,0,
7154,85.643029095804991,76046513395,1,6.6790957935154438,5.6188,6.08,2.1519,15763,0.0025599999999999998,0.516608,,0.12236799999999999,0.35456,0,0.336896,0.008192,0.086784,,0.002048,,1.9095039999999999,7154,1424,0,
7155,85.649526700680269,76046569583,1,6.49760477244854,6.5817,6.666496,2.6707,18203,0.001024,0.505088,,0.37632,0.35942399999999997,0,0.336128,0.0076799999999999993,0.094463999999999992,,0.002304,,2.185472,7155,1425,0,
7156,85.656176594387745,76046635400,1,6.6498937085270882,5.7825,6.477824,2.8879,15763,0.000768,0.617984,,0.1216,0.700672,0.000256,0.31385599999999997,0.024319999999999998,0.084224,,0.002816,,1.88032,7156,1426,0,
7157,85.662618296485263,76046693225,1,6.4417021349072456,6.8753,6.630912,2.5796,18203,0.000768,0.503552,,0.12185599999999999,0.346624,0,0.329216,0.007936,0.087296,,0.002048,,1.883136,7157,1427,0,
7158,85.668708198696137,76046761978,1,6.0899020172655582,6.2587,6.428672,2.1447,15763,0.001024,0.50636799999999993,,0.121088,0.347136,0,0.32972799999999997,0.003328,0.094975999999999991,,0.002048,,2.034944,7158,1428,0,
7159,85.675185700113374,76046824565,1,6.47750124335289,6.2599,6.060544,2.6023,18203,0.000768,0.616192,,0.121344,0.35968,0.000256,0.341504,0.007936,0.087551999999999991,,0.002048,,1.9463679999999999,7159,1429,0,
7160,85.681513300736952,76046887164,1,6.327600684016943,7.1753,6.46912,2.7392,15763,0.001024,0.505088,,0.121344,0.358656,0.000256,0.340736,0.008192,0.096,,0.002048,,2.057728,7160,1430,0,
7161,85.68793999433106,76046958917,1,6.42669340595603,5.714,6.308608,3.1194,18323,0.001024,0.50816,,0.1216,0.360448,0,0.342784,0.0076799999999999993,0.084224,,0.002048,,1.670912,7161,1431,0,
7162,85.694080796485252,76047016057,1,6.1408020555973053,6.6626,6.325248,2.4358,15763,0.001024,0.506112,,0.131072,0.36096,0.000256,0.34176,0.0038399999999999997,0.092928,,0.0025599999999999998,,2.05952,7162,1432,0,
7163,85.7007595946712,76047082683,1,6.6787982359528542,6.3424,6.204416,2.9685,18203,0.001024,0.503296,,0.121088,0.544768,0,0.329984,0.009216,0.094463999999999992,,0.002048,,1.8772479999999998,7163,1433,0,
7164,85.706772200963712,76047146107,1,6.0126064345240593,6.2773,6.649856,2.4281,15763,0.001024,0.620544,,0.121088,0.347136,0,0.32896,0.0097279999999999988,0.096,,0.002304,,1.952,7164,1434,0,
7165,85.713143296485256,76047208880,1,6.3710953108966351,6.1463,6.00576,2.6419,18255,0.000768,0.50432,,0.314368,0.35814399999999996,0,0.33510399999999996,0.007936,0.088832,,0.002048,,2.033152,7165,1435,0,
7166,85.719044699546487,76047270343,1,5.90140325948596,6.2536,6.337536,2.0068,15763,0.001024,0.507136,,0.1216,0.5504,0,0.53248,0.003328,0.096,,0.002048,,1.940224,7166,1436,0,
7167,85.725482397959183,76047332879,1,6.4376983791589737,6.0001,5.890048,2.184,18203,0.001024,0.508416,,0.12032,0.54732799999999993,0.000256,0.529152,0.007936,0.090624,,0.002048,,1.89184,7167,1437,0,
7168,85.732005399659855,76047392880,1,6.5230014733970165,6.3097,6.414592,2.2145,15965,0.001024,0.507648,,0.12057599999999999,0.34892799999999996,0.000256,0.330752,0.010496,0.086272,,0.002048,,2.071296,7168,1438,0,
7169,85.738256696428564,76047455977,1,6.2512969598174095,6.9802,6.502912,3.237,18203,0.001024,0.509184,,0.1216,0.57574399999999992,0,0.33971199999999996,0.004608,0.094975999999999991,,0.002048,,2.019328,7169,1439,0,
7170,85.7448975977891,76047525779,1,6.6409013234078884,5.6651,6.223104,2.7997,15763,0.001024,0.509184,,0.122624,0.356608,0,0.338432,0.0076799999999999993,0.092416,,0.002304,,1.908736,7170,1440,0,
7171,85.75103019416099,76047582430,1,6.1325961723923683,6.2901,6.58304,2.4954,18203,0.001024,0.507392,,0.13055999999999998,0.363264,0.000256,0.343808,0.0076799999999999993,0.09088,,0.0025599999999999998,,2.017792,7171,1441,0,
7172,85.757589299886618,76047645331,1,6.5591055899858475,6.507,6.107648,2.7473,18489,0.001024,0.50432,,0.121088,0.349696,0,0.332032,0.007936,0.090112,,0.002304,,1.868288,7172,1442,0,
7173,85.764185997732426,76047710401,1,6.596697960048914,6.324,6.591744,3.1666,18203,0.001024,0.50176,,0.12723199999999998,0.348672,0,0.330752,0.0076799999999999993,0.091392,,0.002048,,2.26432,7173,1443,0,
7174,85.770449695294786,76047773641,1,6.2636975198984146,6.4113,6.372352,2.6055,15763,0.001024,0.505856,,0.121344,0.54655999999999993,0.000256,0.52812799999999993,0.0076799999999999993,0.091136,,0.002304,,2.38976,7174,1444,0,
7175,85.777044097222216,76047837754,1,6.5944017842411995,6.7017,6.248448,2.984,18203,0.001024,0.506624,,0.121344,0.355072,0,0.336896,0.0038399999999999997,0.089855999999999991,,0.002048,,2.051584,7175,1445,0,
7176,85.783988095238087,76047904771,1,6.9439979270100594,7.0432,6.5728,3.7912,15763,0.001024,0.512512,,0.13055999999999998,0.364544,0.000256,0.34431999999999996,0.0076799999999999993,0.092159999999999992,,0.0025599999999999998,,2.057984,7176,1446,0,
7177,85.7899679988662,76047975203,1,5.9799035079777241,6.4252,5.871872,2.0147,18203,0.001024,0.504064,,0.121344,0.364288,0.000256,0.346368,0.0084479999999999989,0.091904,,0.002048,,1.6916479999999998,7177,1447,0,
