observation,camera_frame_observed,editor_time_observed,vsm_active_observed,marker,gpu_ns,gpu_sample_count
0,9532,7776.2815622,1,VSM.PageOccupancy,62720,1
0,9532,7776.2815622,1,VSM.LayoutRemap,0,1
0,9532,7776.2815622,1,VSM.ResetFeedback,0,1
0,9532,7776.2815622,1,VSM.MarkReceiverPages,683776,1
0,9532,7776.2815622,1,VSM.Allocate,220928,1
0,9532,7776.2815622,1,VSM.InvalidateStatic,0,0
0,9532,7776.2815622,1,VSM.ClearPhysicalPages,89856,1
0,9532,7776.2815622,1,VSM.StaticCasterCull,66048,1
0,9532,7776.2815622,1,VSM.DynamicCasterCull,0,1
0,9532,7776.2815622,1,VSM.PageCull,47360,1
0,9532,7776.2815622,1,VSM.StaticRaster,6912,1
0,9532,7776.2815622,1,VSM.FinalizePages,1792,1
0,9532,7776.2815622,1,VSM.DynamicRaster,12032,1
0,9532,7776.2815622,1,VSM.UnityCompatibilityRaster,0,0
0,9532,7776.2815622,1,VSM.Resolve,7289856,1
0,9532,7776.2815622,1,VSM.ResolveTrace,7063552,1
0,9532,7776.2815622,1,VSM.FilterHorizontal,66816,1
0,9532,7776.2815622,1,VSM.FilterVertical,0,0
0,9532,7776.2815622,1,VSM.FilterTemporalVertical,157952,1
1,9533,7776.3088916,1,VSM.PageOccupancy,60416,1
1,9533,7776.3088916,1,VSM.LayoutRemap,0,1
1,9533,7776.3088916,1,VSM.ResetFeedback,0,1
1,9533,7776.3088916,1,VSM.MarkReceiverPages,684800,1
1,9533,7776.3088916,1,VSM.Allocate,220672,1
1,9533,7776.3088916,1,VSM.InvalidateStatic,0,0
1,9533,7776.3088916,1,VSM.ClearPhysicalPages,90112,1
1,9533,7776.3088916,1,VSM.StaticCasterCull,64768,1
1,9533,7776.3088916,1,VSM.DynamicCasterCull,0,1
1,9533,7776.3088916,1,VSM.PageCull,46592,1
1,9533,7776.3088916,1,VSM.StaticRaster,7424,1
1,9533,7776.3088916,1,VSM.FinalizePages,2560,1
1,9533,7776.3088916,1,VSM.DynamicRaster,13824,1
1,9533,7776.3088916,1,VSM.UnityCompatibilityRaster,0,0
1,9533,7776.3088916,1,VSM.Resolve,7025408,1
1,9533,7776.3088916,1,VSM.ResolveTrace,6801152,1
1,9533,7776.3088916,1,VSM.FilterHorizontal,66304,1
1,9533,7776.3088916,1,VSM.FilterVertical,0,0
1,9533,7776.3088916,1,VSM.FilterTemporalVertical,156672,1
2,9534,7776.3256451,1,VSM.PageOccupancy,61184,1
2,9534,7776.3256451,1,VSM.LayoutRemap,0,1
2,9534,7776.3256451,1,VSM.ResetFeedback,0,1
2,9534,7776.3256451,1,VSM.MarkReceiverPages,686848,1
2,9534,7776.3256451,1,VSM.Allocate,220672,1
2,9534,7776.3256451,1,VSM.InvalidateStatic,0,0
2,9534,7776.3256451,1,VSM.ClearPhysicalPages,90112,1
2,9534,7776.3256451,1,VSM.StaticCasterCull,65024,1
2,9534,7776.3256451,1,VSM.DynamicCasterCull,0,1
2,9534,7776.3256451,1,VSM.PageCull,45824,1
2,9534,7776.3256451,1,VSM.StaticRaster,3328,1
2,9534,7776.3256451,1,VSM.FinalizePages,2304,1
2,9534,7776.3256451,1,VSM.DynamicRaster,13824,1
2,9534,7776.3256451,1,VSM.UnityCompatibilityRaster,0,0
2,9534,7776.3256451,1,VSM.Resolve,6542080,1
2,9534,7776.3256451,1,VSM.ResolveTrace,6314240,1
2,9534,7776.3256451,1,VSM.FilterHorizontal,66816,1
2,9534,7776.3256451,1,VSM.FilterVertical,0,0
2,9534,7776.3256451,1,VSM.FilterTemporalVertical,159488,1
3,9535,7776.3425769,1,VSM.PageOccupancy,58112,1
3,9535,7776.3425769,1,VSM.LayoutRemap,2048,1
3,9535,7776.3425769,1,VSM.ResetFeedback,2048,1
3,9535,7776.3425769,1,VSM.MarkReceiverPages,679168,1
3,9535,7776.3425769,1,VSM.Allocate,1935616,1
3,9535,7776.3425769,1,VSM.InvalidateStatic,2048,1
3,9535,7776.3425769,1,VSM.ClearPhysicalPages,173568,1
3,9535,7776.3425769,1,VSM.StaticCasterCull,56320,1
3,9535,7776.3425769,1,VSM.DynamicCasterCull,0,1
3,9535,7776.3425769,1,VSM.PageCull,37376,1
3,9535,7776.3425769,1,VSM.StaticRaster,8055808,1
3,9535,7776.3425769,1,VSM.FinalizePages,2304,1
3,9535,7776.3425769,1,VSM.DynamicRaster,4352,1
3,9535,7776.3425769,1,VSM.UnityCompatibilityRaster,0,0
3,9535,7776.3425769,1,VSM.Resolve,6642432,1
3,9535,7776.3425769,1,VSM.ResolveTrace,6503680,1
3,9535,7776.3425769,1,VSM.FilterHorizontal,65536,1
3,9535,7776.3425769,1,VSM.FilterVertical,0,0
3,9535,7776.3425769,1,VSM.FilterTemporalVertical,72192,1
4,9536,7776.3586427,1,VSM.PageOccupancy,59392,1
4,9536,7776.3586427,1,VSM.LayoutRemap,0,1
4,9536,7776.3586427,1,VSM.ResetFeedback,0,1
4,9536,7776.3586427,1,VSM.MarkReceiverPages,1012224,1
4,9536,7776.3586427,1,VSM.Allocate,230144,1
4,9536,7776.3586427,1,VSM.InvalidateStatic,0,0
4,9536,7776.3586427,1,VSM.ClearPhysicalPages,89856,1
4,9536,7776.3586427,1,VSM.StaticCasterCull,68864,1
4,9536,7776.3586427,1,VSM.DynamicCasterCull,0,1
4,9536,7776.3586427,1,VSM.PageCull,49664,1
4,9536,7776.3586427,1,VSM.StaticRaster,7168,1
4,9536,7776.3586427,1,VSM.FinalizePages,1792,1
4,9536,7776.3586427,1,VSM.DynamicRaster,13312,1
4,9536,7776.3586427,1,VSM.UnityCompatibilityRaster,0,0
4,9536,7776.3586427,1,VSM.Resolve,6745600,1
4,9536,7776.3586427,1,VSM.ResolveTrace,6519552,1
4,9536,7776.3586427,1,VSM.FilterHorizontal,67072,1
4,9536,7776.3586427,1,VSM.FilterVertical,0,0
4,9536,7776.3586427,1,VSM.FilterTemporalVertical,157952,1
5,9537,7776.3755896999992,1,VSM.PageOccupancy,58624,1
5,9537,7776.3755896999992,1,VSM.LayoutRemap,0,1
5,9537,7776.3755896999992,1,VSM.ResetFeedback,0,1
5,9537,7776.3755896999992,1,VSM.MarkReceiverPages,681216,1
5,9537,7776.3755896999992,1,VSM.Allocate,224000,1
5,9537,7776.3755896999992,1,VSM.InvalidateStatic,0,0
5,9537,7776.3755896999992,1,VSM.ClearPhysicalPages,89600,1
5,9537,7776.3755896999992,1,VSM.StaticCasterCull,68096,1
5,9537,7776.3755896999992,1,VSM.DynamicCasterCull,0,1
5,9537,7776.3755896999992,1,VSM.PageCull,49408,1
5,9537,7776.3755896999992,1,VSM.StaticRaster,6912,1
5,9537,7776.3755896999992,1,VSM.FinalizePages,1792,1
5,9537,7776.3755896999992,1,VSM.DynamicRaster,13312,1
5,9537,7776.3755896999992,1,VSM.UnityCompatibilityRaster,0,0
5,9537,7776.3755896999992,1,VSM.Resolve,6856704,1
5,9537,7776.3755896999992,1,VSM.ResolveTrace,6635008,1
5,9537,7776.3755896999992,1,VSM.FilterHorizontal,64000,1
5,9537,7776.3755896999992,1,VSM.FilterVertical,0,0
5,9537,7776.3755896999992,1,VSM.FilterTemporalVertical,156928,1
6,9538,7776.4039736999994,1,VSM.PageOccupancy,59648,1
6,9538,7776.4039736999994,1,VSM.LayoutRemap,0,1
6,9538,7776.4039736999994,1,VSM.ResetFeedback,0,1
6,9538,7776.4039736999994,1,VSM.MarkReceiverPages,680448,1
6,9538,7776.4039736999994,1,VSM.Allocate,225280,1
6,9538,7776.4039736999994,1,VSM.InvalidateStatic,0,0
6,9538,7776.4039736999994,1,VSM.ClearPhysicalPages,90624,1
6,9538,7776.4039736999994,1,VSM.StaticCasterCull,68096,1
6,9538,7776.4039736999994,1,VSM.DynamicCasterCull,0,1
6,9538,7776.4039736999994,1,VSM.PageCull,49152,1
6,9538,7776.4039736999994,1,VSM.StaticRaster,3328,1
6,9538,7776.4039736999994,1,VSM.FinalizePages,2304,1
6,9538,7776.4039736999994,1,VSM.DynamicRaster,13824,1
6,9538,7776.4039736999994,1,VSM.UnityCompatibilityRaster,0,0
6,9538,7776.4039736999994,1,VSM.Resolve,6481152,1
6,9538,7776.4039736999994,1,VSM.ResolveTrace,6256896,1
6,9538,7776.4039736999994,1,VSM.FilterHorizontal,65280,1
6,9538,7776.4039736999994,1,VSM.FilterVertical,0,0
6,9538,7776.4039736999994,1,VSM.FilterTemporalVertical,157952,1
7,9539,7776.4321383,1,VSM.PageOccupancy,58112,1
7,9539,7776.4321383,1,VSM.LayoutRemap,0,1
7,9539,7776.4321383,1,VSM.ResetFeedback,0,1
7,9539,7776.4321383,1,VSM.MarkReceiverPages,681472,1
7,9539,7776.4321383,1,VSM.Allocate,225280,1
7,9539,7776.4321383,1,VSM.InvalidateStatic,0,0
7,9539,7776.4321383,1,VSM.ClearPhysicalPages,91136,1
7,9539,7776.4321383,1,VSM.StaticCasterCull,67840,1
7,9539,7776.4321383,1,VSM.DynamicCasterCull,0,1
7,9539,7776.4321383,1,VSM.PageCull,48896,1
7,9539,7776.4321383,1,VSM.StaticRaster,6400,1
7,9539,7776.4321383,1,VSM.FinalizePages,2560,1
7,9539,7776.4321383,1,VSM.DynamicRaster,13312,1
7,9539,7776.4321383,1,VSM.UnityCompatibilityRaster,0,0
7,9539,7776.4321383,1,VSM.Resolve,6860800,1
7,9539,7776.4321383,1,VSM.ResolveTrace,6636032,1
7,9539,7776.4321383,1,VSM.FilterHorizontal,64768,1
7,9539,7776.4321383,1,VSM.FilterVertical,0,0
7,9539,7776.4321383,1,VSM.FilterTemporalVertical,158976,1
8,9540,7776.4590165,1,VSM.PageOccupancy,59136,1
8,9540,7776.4590165,1,VSM.LayoutRemap,2304,1
8,9540,7776.4590165,1,VSM.ResetFeedback,1792,1
8,9540,7776.4590165,1,VSM.MarkReceiverPages,690432,1
8,9540,7776.4590165,1,VSM.Allocate,1955584,1
8,9540,7776.4590165,1,VSM.InvalidateStatic,2304,1
8,9540,7776.4590165,1,VSM.ClearPhysicalPages,176128,1
8,9540,7776.4590165,1,VSM.StaticCasterCull,57088,1
8,9540,7776.4590165,1,VSM.DynamicCasterCull,0,1
8,9540,7776.4590165,1,VSM.PageCull,38144,1
8,9540,7776.4590165,1,VSM.StaticRaster,8127232,1
8,9540,7776.4590165,1,VSM.FinalizePages,2560,1
8,9540,7776.4590165,1,VSM.DynamicRaster,15360,1
8,9540,7776.4590165,1,VSM.UnityCompatibilityRaster,0,0
8,9540,7776.4590165,1,VSM.Resolve,6760960,1
8,9540,7776.4590165,1,VSM.ResolveTrace,6622976,1
8,9540,7776.4590165,1,VSM.FilterHorizontal,64768,1
8,9540,7776.4590165,1,VSM.FilterVertical,0,0
8,9540,7776.4590165,1,VSM.FilterTemporalVertical,71936,1
9,9541,7776.4874549999995,1,VSM.PageOccupancy,58368,1
9,9541,7776.4874549999995,1,VSM.LayoutRemap,2304,1
9,9541,7776.4874549999995,1,VSM.ResetFeedback,2048,1
9,9541,7776.4874549999995,1,VSM.MarkReceiverPages,688896,1
9,9541,7776.4874549999995,1,VSM.Allocate,1935360,1
9,9541,7776.4874549999995,1,VSM.InvalidateStatic,1792,1
9,9541,7776.4874549999995,1,VSM.ClearPhysicalPages,173568,1
9,9541,7776.4874549999995,1,VSM.StaticCasterCull,56320,1
9,9541,7776.4874549999995,1,VSM.DynamicCasterCull,0,1
9,9541,7776.4874549999995,1,VSM.PageCull,37120,1
9,9541,7776.4874549999995,1,VSM.StaticRaster,8160000,1
9,9541,7776.4874549999995,1,VSM.FinalizePages,2048,1
9,9541,7776.4874549999995,1,VSM.DynamicRaster,15360,1
9,9541,7776.4874549999995,1,VSM.UnityCompatibilityRaster,0,0
9,9541,7776.4874549999995,1,VSM.Resolve,7198720,1
9,9541,7776.4874549999995,1,VSM.ResolveTrace,7060992,1
9,9541,7776.4874549999995,1,VSM.FilterHorizontal,65024,1
9,9541,7776.4874549999995,1,VSM.FilterVertical,0,0
9,9541,7776.4874549999995,1,VSM.FilterTemporalVertical,71936,1
10,9542,7776.5163914999994,1,VSM.PageOccupancy,58880,1
10,9542,7776.5163914999994,1,VSM.LayoutRemap,2304,1
10,9542,7776.5163914999994,1,VSM.ResetFeedback,1792,1
10,9542,7776.5163914999994,1,VSM.MarkReceiverPages,698880,1
10,9542,7776.5163914999994,1,VSM.Allocate,1951488,1
10,9542,7776.5163914999994,1,VSM.InvalidateStatic,2048,1
10,9542,7776.5163914999994,1,VSM.ClearPhysicalPages,174336,1
10,9542,7776.5163914999994,1,VSM.StaticCasterCull,57344,1
10,9542,7776.5163914999994,1,VSM.DynamicCasterCull,0,1
10,9542,7776.5163914999994,1,VSM.PageCull,38144,1
10,9542,7776.5163914999994,1,VSM.StaticRaster,8180224,1
10,9542,7776.5163914999994,1,VSM.FinalizePages,2048,1
10,9542,7776.5163914999994,1,VSM.DynamicRaster,16896,1
10,9542,7776.5163914999994,1,VSM.UnityCompatibilityRaster,0,0
10,9542,7776.5163914999994,1,VSM.Resolve,6668288,1
10,9542,7776.5163914999994,1,VSM.ResolveTrace,6530048,1
10,9542,7776.5163914999994,1,VSM.FilterHorizontal,65024,1
10,9542,7776.5163914999994,1,VSM.FilterVertical,0,0
10,9542,7776.5163914999994,1,VSM.FilterTemporalVertical,71936,1
11,9543,7776.5444843999994,1,VSM.PageOccupancy,56064,1
11,9543,7776.5444843999994,1,VSM.LayoutRemap,2304,1
11,9543,7776.5444843999994,1,VSM.ResetFeedback,2048,1
11,9543,7776.5444843999994,1,VSM.MarkReceiverPages,939776,1
11,9543,7776.5444843999994,1,VSM.Allocate,1936640,1
11,9543,7776.5444843999994,1,VSM.InvalidateStatic,2048,1
11,9543,7776.5444843999994,1,VSM.ClearPhysicalPages,173312,1
11,9543,7776.5444843999994,1,VSM.StaticCasterCull,57344,1
11,9543,7776.5444843999994,1,VSM.DynamicCasterCull,0,1
11,9543,7776.5444843999994,1,VSM.PageCull,37888,1
11,9543,7776.5444843999994,1,VSM.StaticRaster,8343296,1
11,9543,7776.5444843999994,1,VSM.FinalizePages,2048,1
11,9543,7776.5444843999994,1,VSM.DynamicRaster,4096,1
11,9543,7776.5444843999994,1,VSM.UnityCompatibilityRaster,0,0
11,9543,7776.5444843999994,1,VSM.Resolve,7238144,1
11,9543,7776.5444843999994,1,VSM.ResolveTrace,6891008,1
11,9543,7776.5444843999994,1,VSM.FilterHorizontal,66816,1
11,9543,7776.5444843999994,1,VSM.FilterVertical,0,0
11,9543,7776.5444843999994,1,VSM.FilterTemporalVertical,73216,1
12,9544,7776.5719794,1,VSM.PageOccupancy,59648,1
12,9544,7776.5719794,1,VSM.LayoutRemap,2304,1
12,9544,7776.5719794,1,VSM.ResetFeedback,2048,1
12,9544,7776.5719794,1,VSM.MarkReceiverPages,703232,1
12,9544,7776.5719794,1,VSM.Allocate,1954560,1
12,9544,7776.5719794,1,VSM.InvalidateStatic,1792,1
12,9544,7776.5719794,1,VSM.ClearPhysicalPages,175360,1
12,9544,7776.5719794,1,VSM.StaticCasterCull,57856,1
12,9544,7776.5719794,1,VSM.DynamicCasterCull,0,1
12,9544,7776.5719794,1,VSM.PageCull,38656,1
12,9544,7776.5719794,1,VSM.StaticRaster,8551168,1
12,9544,7776.5719794,1,VSM.FinalizePages,2304,1
12,9544,7776.5719794,1,VSM.DynamicRaster,4096,1
12,9544,7776.5719794,1,VSM.UnityCompatibilityRaster,0,0
12,9544,7776.5719794,1,VSM.Resolve,7628544,1
12,9544,7776.5719794,1,VSM.ResolveTrace,7486976,1
12,9544,7776.5719794,1,VSM.FilterHorizontal,67072,1
12,9544,7776.5719794,1,VSM.FilterVertical,0,0
12,9544,7776.5719794,1,VSM.FilterTemporalVertical,73728,1
13,9545,7776.6006737,1,VSM.PageOccupancy,55040,1
13,9545,7776.6006737,1,VSM.LayoutRemap,2304,1
13,9545,7776.6006737,1,VSM.ResetFeedback,2048,1
13,9545,7776.6006737,1,VSM.MarkReceiverPages,1008640,1
13,9545,7776.6006737,1,VSM.Allocate,1933056,1
13,9545,7776.6006737,1,VSM.InvalidateStatic,1792,1
13,9545,7776.6006737,1,VSM.ClearPhysicalPages,173824,1
13,9545,7776.6006737,1,VSM.StaticCasterCull,57088,1
13,9545,7776.6006737,1,VSM.DynamicCasterCull,0,1
13,9545,7776.6006737,1,VSM.PageCull,38144,1
13,9545,7776.6006737,1,VSM.StaticRaster,8151040,1
13,9545,7776.6006737,1,VSM.FinalizePages,2304,1
13,9545,7776.6006737,1,VSM.DynamicRaster,15872,1
13,9545,7776.6006737,1,VSM.UnityCompatibilityRaster,0,0
13,9545,7776.6006737,1,VSM.Resolve,7453696,1
13,9545,7776.6006737,1,VSM.ResolveTrace,7314176,1
13,9545,7776.6006737,1,VSM.FilterHorizontal,65280,1
13,9545,7776.6006737,1,VSM.FilterVertical,0,0
13,9545,7776.6006737,1,VSM.FilterTemporalVertical,73472,1
14,9546,7776.6290395,1,VSM.PageOccupancy,57088,1
14,9546,7776.6290395,1,VSM.LayoutRemap,2304,1
14,9546,7776.6290395,1,VSM.ResetFeedback,2048,1
14,9546,7776.6290395,1,VSM.MarkReceiverPages,1013760,1
14,9546,7776.6290395,1,VSM.Allocate,1952512,1
14,9546,7776.6290395,1,VSM.InvalidateStatic,1792,1
14,9546,7776.6290395,1,VSM.ClearPhysicalPages,175616,1
14,9546,7776.6290395,1,VSM.StaticCasterCull,56832,1
14,9546,7776.6290395,1,VSM.DynamicCasterCull,0,1
14,9546,7776.6290395,1,VSM.PageCull,37632,1
14,9546,7776.6290395,1,VSM.StaticRaster,8166656,1
14,9546,7776.6290395,1,VSM.FinalizePages,2304,1
14,9546,7776.6290395,1,VSM.DynamicRaster,14336,1
14,9546,7776.6290395,1,VSM.UnityCompatibilityRaster,0,0
14,9546,7776.6290395,1,VSM.Resolve,7234816,1
14,9546,7776.6290395,1,VSM.ResolveTrace,7092992,1
14,9546,7776.6290395,1,VSM.FilterHorizontal,67328,1
14,9546,7776.6290395,1,VSM.FilterVertical,0,0
14,9546,7776.6290395,1,VSM.FilterTemporalVertical,73728,1
15,9547,7776.6589883999995,1,VSM.PageOccupancy,53760,1
15,9547,7776.6589883999995,1,VSM.LayoutRemap,2816,1
15,9547,7776.6589883999995,1,VSM.ResetFeedback,1792,1
15,9547,7776.6589883999995,1,VSM.MarkReceiverPages,983296,1
15,9547,7776.6589883999995,1,VSM.Allocate,1947392,1
15,9547,7776.6589883999995,1,VSM.InvalidateStatic,2048,1
15,9547,7776.6589883999995,1,VSM.ClearPhysicalPages,173056,1
15,9547,7776.6589883999995,1,VSM.StaticCasterCull,59136,1
15,9547,7776.6589883999995,1,VSM.DynamicCasterCull,0,1
15,9547,7776.6589883999995,1,VSM.PageCull,40192,1
15,9547,7776.6589883999995,1,VSM.StaticRaster,8172288,1
15,9547,7776.6589883999995,1,VSM.FinalizePages,2816,1
15,9547,7776.6589883999995,1,VSM.DynamicRaster,4352,1
15,9547,7776.6589883999995,1,VSM.UnityCompatibilityRaster,0,0
15,9547,7776.6589883999995,1,VSM.Resolve,7377920,1
15,9547,7776.6589883999995,1,VSM.ResolveTrace,7240192,1
15,9547,7776.6589883999995,1,VSM.FilterHorizontal,64768,1
15,9547,7776.6589883999995,1,VSM.FilterVertical,0,0
15,9547,7776.6589883999995,1,VSM.FilterTemporalVertical,71680,1
16,9548,7776.6891728,1,VSM.PageOccupancy,125952,1
16,9548,7776.6891728,1,VSM.LayoutRemap,2304,1
16,9548,7776.6891728,1,VSM.ResetFeedback,2048,1
16,9548,7776.6891728,1,VSM.MarkReceiverPages,1001216,1
16,9548,7776.6891728,1,VSM.Allocate,1931520,1
16,9548,7776.6891728,1,VSM.InvalidateStatic,1792,1
16,9548,7776.6891728,1,VSM.ClearPhysicalPages,173568,1
16,9548,7776.6891728,1,VSM.StaticCasterCull,58368,1
16,9548,7776.6891728,1,VSM.DynamicCasterCull,0,1
16,9548,7776.6891728,1,VSM.PageCull,39424,1
16,9548,7776.6891728,1,VSM.StaticRaster,8222976,1
16,9548,7776.6891728,1,VSM.FinalizePages,2560,1
16,9548,7776.6891728,1,VSM.DynamicRaster,4096,1
16,9548,7776.6891728,1,VSM.UnityCompatibilityRaster,0,0
16,9548,7776.6891728,1,VSM.Resolve,7017472,1
16,9548,7776.6891728,1,VSM.ResolveTrace,6878464,1
16,9548,7776.6891728,1,VSM.FilterHorizontal,65024,1
16,9548,7776.6891728,1,VSM.FilterVertical,0,0
16,9548,7776.6891728,1,VSM.FilterTemporalVertical,72960,1
17,9549,7776.7188888,1,VSM.PageOccupancy,55040,1
17,9549,7776.7188888,1,VSM.LayoutRemap,2560,1
17,9549,7776.7188888,1,VSM.ResetFeedback,2048,1
17,9549,7776.7188888,1,VSM.MarkReceiverPages,677632,1
17,9549,7776.7188888,1,VSM.Allocate,1947904,1
17,9549,7776.7188888,1,VSM.InvalidateStatic,1792,1
17,9549,7776.7188888,1,VSM.ClearPhysicalPages,174336,1
17,9549,7776.7188888,1,VSM.StaticCasterCull,57600,1
17,9549,7776.7188888,1,VSM.DynamicCasterCull,0,1
17,9549,7776.7188888,1,VSM.PageCull,38400,1
17,9549,7776.7188888,1,VSM.StaticRaster,8371712,1
17,9549,7776.7188888,1,VSM.FinalizePages,2560,1
17,9549,7776.7188888,1,VSM.DynamicRaster,15872,1
17,9549,7776.7188888,1,VSM.UnityCompatibilityRaster,0,0
17,9549,7776.7188888,1,VSM.Resolve,7936000,1
17,9549,7776.7188888,1,VSM.ResolveTrace,7579648,1
17,9549,7776.7188888,1,VSM.FilterHorizontal,67072,1
17,9549,7776.7188888,1,VSM.FilterVertical,0,0
17,9549,7776.7188888,1,VSM.FilterTemporalVertical,72192,1
18,9550,7776.7509979999995,1,VSM.PageOccupancy,60928,1
18,9550,7776.7509979999995,1,VSM.LayoutRemap,2560,1
18,9550,7776.7509979999995,1,VSM.ResetFeedback,2048,1
18,9550,7776.7509979999995,1,VSM.MarkReceiverPages,888320,1
18,9550,7776.7509979999995,1,VSM.Allocate,1955072,1
18,9550,7776.7509979999995,1,VSM.InvalidateStatic,2560,1
18,9550,7776.7509979999995,1,VSM.ClearPhysicalPages,175872,1
18,9550,7776.7509979999995,1,VSM.StaticCasterCull,58368,1
18,9550,7776.7509979999995,1,VSM.DynamicCasterCull,0,1
18,9550,7776.7509979999995,1,VSM.PageCull,39168,1
18,9550,7776.7509979999995,1,VSM.StaticRaster,8256000,1
18,9550,7776.7509979999995,1,VSM.FinalizePages,2048,1
18,9550,7776.7509979999995,1,VSM.DynamicRaster,18176,1
18,9550,7776.7509979999995,1,VSM.UnityCompatibilityRaster,0,0
18,9550,7776.7509979999995,1,VSM.Resolve,7664640,1
18,9550,7776.7509979999995,1,VSM.ResolveTrace,7524096,1
18,9550,7776.7509979999995,1,VSM.FilterHorizontal,66304,1
18,9550,7776.7509979999995,1,VSM.FilterVertical,0,0
18,9550,7776.7509979999995,1,VSM.FilterTemporalVertical,73216,1
19,9551,7776.7805146,1,VSM.PageOccupancy,54784,1
19,9551,7776.7805146,1,VSM.LayoutRemap,2304,1
19,9551,7776.7805146,1,VSM.ResetFeedback,1792,1
19,9551,7776.7805146,1,VSM.MarkReceiverPages,878592,1
19,9551,7776.7805146,1,VSM.Allocate,1955840,1
19,9551,7776.7805146,1,VSM.InvalidateStatic,2048,1
19,9551,7776.7805146,1,VSM.ClearPhysicalPages,175360,1
19,9551,7776.7805146,1,VSM.StaticCasterCull,59392,1
19,9551,7776.7805146,1,VSM.DynamicCasterCull,0,1
19,9551,7776.7805146,1,VSM.PageCull,39936,1
19,9551,7776.7805146,1,VSM.StaticRaster,8116224,1
19,9551,7776.7805146,1,VSM.FinalizePages,2304,1
19,9551,7776.7805146,1,VSM.DynamicRaster,5888,1
19,9551,7776.7805146,1,VSM.UnityCompatibilityRaster,0,0
19,9551,7776.7805146,1,VSM.Resolve,7373056,1
19,9551,7776.7805146,1,VSM.ResolveTrace,7235072,1
19,9551,7776.7805146,1,VSM.FilterHorizontal,64512,1
19,9551,7776.7805146,1,VSM.FilterVertical,0,0
19,9551,7776.7805146,1,VSM.FilterTemporalVertical,72192,1
20,9552,7776.8104945999994,1,VSM.PageOccupancy,59392,1
20,9552,7776.8104945999994,1,VSM.LayoutRemap,2304,1
20,9552,7776.8104945999994,1,VSM.ResetFeedback,2048,1
20,9552,7776.8104945999994,1,VSM.MarkReceiverPages,893440,1
20,9552,7776.8104945999994,1,VSM.Allocate,1956864,1
20,9552,7776.8104945999994,1,VSM.InvalidateStatic,2048,1
20,9552,7776.8104945999994,1,VSM.ClearPhysicalPages,175360,1
20,9552,7776.8104945999994,1,VSM.StaticCasterCull,56320,1
20,9552,7776.8104945999994,1,VSM.DynamicCasterCull,0,1
20,9552,7776.8104945999994,1,VSM.PageCull,37632,1
20,9552,7776.8104945999994,1,VSM.StaticRaster,8185088,1
20,9552,7776.8104945999994,1,VSM.FinalizePages,2304,1
20,9552,7776.8104945999994,1,VSM.DynamicRaster,6656,1
20,9552,7776.8104945999994,1,VSM.UnityCompatibilityRaster,0,0
20,9552,7776.8104945999994,1,VSM.Resolve,7712768,1
20,9552,7776.8104945999994,1,VSM.ResolveTrace,7571712,1
20,9552,7776.8104945999994,1,VSM.FilterHorizontal,66560,1
20,9552,7776.8104945999994,1,VSM.FilterVertical,0,0
20,9552,7776.8104945999994,1,VSM.FilterTemporalVertical,73472,1
21,9553,7776.8395659,1,VSM.PageOccupancy,55552,1
21,9553,7776.8395659,1,VSM.LayoutRemap,2304,1
21,9553,7776.8395659,1,VSM.ResetFeedback,2048,1
21,9553,7776.8395659,1,VSM.MarkReceiverPages,668928,1
21,9553,7776.8395659,1,VSM.Allocate,1949184,1
21,9553,7776.8395659,1,VSM.InvalidateStatic,1792,1
21,9553,7776.8395659,1,VSM.ClearPhysicalPages,174080,1
21,9553,7776.8395659,1,VSM.StaticCasterCull,58880,1
21,9553,7776.8395659,1,VSM.DynamicCasterCull,256,1
21,9553,7776.8395659,1,VSM.PageCull,39936,1
21,9553,7776.8395659,1,VSM.StaticRaster,7999744,1
21,9553,7776.8395659,1,VSM.FinalizePages,2560,1
21,9553,7776.8395659,1,VSM.DynamicRaster,4096,1
21,9553,7776.8395659,1,VSM.UnityCompatibilityRaster,0,0
21,9553,7776.8395659,1,VSM.Resolve,7401984,1
21,9553,7776.8395659,1,VSM.ResolveTrace,7264512,1
21,9553,7776.8395659,1,VSM.FilterHorizontal,64256,1
21,9553,7776.8395659,1,VSM.FilterVertical,0,0
21,9553,7776.8395659,1,VSM.FilterTemporalVertical,72192,1
22,9554,7776.8694738999993,1,VSM.PageOccupancy,56320,1
22,9554,7776.8694738999993,1,VSM.LayoutRemap,2304,1
22,9554,7776.8694738999993,1,VSM.ResetFeedback,2048,1
22,9554,7776.8694738999993,1,VSM.MarkReceiverPages,898304,1
22,9554,7776.8694738999993,1,VSM.Allocate,1939200,1
22,9554,7776.8694738999993,1,VSM.InvalidateStatic,2048,1
22,9554,7776.8694738999993,1,VSM.ClearPhysicalPages,173312,1
22,9554,7776.8694738999993,1,VSM.StaticCasterCull,57600,1
22,9554,7776.8694738999993,1,VSM.DynamicCasterCull,0,1
22,9554,7776.8694738999993,1,VSM.PageCull,38400,1
22,9554,7776.8694738999993,1,VSM.StaticRaster,7994880,1
22,9554,7776.8694738999993,1,VSM.FinalizePages,1792,1
22,9554,7776.8694738999993,1,VSM.DynamicRaster,7168,1
22,9554,7776.8694738999993,1,VSM.UnityCompatibilityRaster,0,0
22,9554,7776.8694738999993,1,VSM.Resolve,7587840,1
22,9554,7776.8694738999993,1,VSM.ResolveTrace,7449344,1
22,9554,7776.8694738999993,1,VSM.FilterHorizontal,64256,1
22,9554,7776.8694738999993,1,VSM.FilterVertical,0,0
22,9554,7776.8694738999993,1,VSM.FilterTemporalVertical,73216,1
23,9555,7776.8972274,1,VSM.PageOccupancy,59648,1
23,9555,7776.8972274,1,VSM.LayoutRemap,2560,1
23,9555,7776.8972274,1,VSM.ResetFeedback,2048,1
23,9555,7776.8972274,1,VSM.MarkReceiverPages,668416,1
23,9555,7776.8972274,1,VSM.Allocate,1949952,1
23,9555,7776.8972274,1,VSM.InvalidateStatic,2048,1
23,9555,7776.8972274,1,VSM.ClearPhysicalPages,174080,1
23,9555,7776.8972274,1,VSM.StaticCasterCull,57088,1
23,9555,7776.8972274,1,VSM.DynamicCasterCull,0,1
23,9555,7776.8972274,1,VSM.PageCull,38656,1
23,9555,7776.8972274,1,VSM.StaticRaster,8015104,1
23,9555,7776.8972274,1,VSM.FinalizePages,2048,1
23,9555,7776.8972274,1,VSM.DynamicRaster,4352,1
23,9555,7776.8972274,1,VSM.UnityCompatibilityRaster,0,0
23,9555,7776.8972274,1,VSM.Resolve,7512832,1
23,9555,7776.8972274,1,VSM.ResolveTrace,7374336,1
23,9555,7776.8972274,1,VSM.FilterHorizontal,64512,1
23,9555,7776.8972274,1,VSM.FilterVertical,0,0
23,9555,7776.8972274,1,VSM.FilterTemporalVertical,72960,1
24,9556,7776.9263300999992,1,VSM.PageOccupancy,57600,1
24,9556,7776.9263300999992,1,VSM.LayoutRemap,2560,1
24,9556,7776.9263300999992,1,VSM.ResetFeedback,2048,1
24,9556,7776.9263300999992,1,VSM.MarkReceiverPages,1221632,1
24,9556,7776.9263300999992,1,VSM.Allocate,1935360,1
24,9556,7776.9263300999992,1,VSM.InvalidateStatic,2304,1
24,9556,7776.9263300999992,1,VSM.ClearPhysicalPages,174080,1
24,9556,7776.9263300999992,1,VSM.StaticCasterCull,56832,1
24,9556,7776.9263300999992,1,VSM.DynamicCasterCull,0,1
24,9556,7776.9263300999992,1,VSM.PageCull,37888,1
24,9556,7776.9263300999992,1,VSM.StaticRaster,8081152,1
24,9556,7776.9263300999992,1,VSM.FinalizePages,2816,1
24,9556,7776.9263300999992,1,VSM.DynamicRaster,4096,1
24,9556,7776.9263300999992,1,VSM.UnityCompatibilityRaster,0,0
24,9556,7776.9263300999992,1,VSM.Resolve,7765760,1
24,9556,7776.9263300999992,1,VSM.ResolveTrace,7626240,1
24,9556,7776.9263300999992,1,VSM.FilterHorizontal,65024,1
24,9556,7776.9263300999992,1,VSM.FilterVertical,0,0
24,9556,7776.9263300999992,1,VSM.FilterTemporalVertical,72960,1
25,9557,7776.9546280999994,1,VSM.PageOccupancy,56576,1
25,9557,7776.9546280999994,1,VSM.LayoutRemap,2304,1
25,9557,7776.9546280999994,1,VSM.ResetFeedback,2048,1
25,9557,7776.9546280999994,1,VSM.MarkReceiverPages,687616,1
25,9557,7776.9546280999994,1,VSM.Allocate,1949696,1
25,9557,7776.9546280999994,1,VSM.InvalidateStatic,1792,1
25,9557,7776.9546280999994,1,VSM.ClearPhysicalPages,174336,1
25,9557,7776.9546280999994,1,VSM.StaticCasterCull,57600,1
25,9557,7776.9546280999994,1,VSM.DynamicCasterCull,0,1
25,9557,7776.9546280999994,1,VSM.PageCull,38656,1
25,9557,7776.9546280999994,1,VSM.StaticRaster,8152320,1
25,9557,7776.9546280999994,1,VSM.FinalizePages,2304,1
25,9557,7776.9546280999994,1,VSM.DynamicRaster,5376,1
25,9557,7776.9546280999994,1,VSM.UnityCompatibilityRaster,0,0
25,9557,7776.9546280999994,1,VSM.Resolve,6809344,1
25,9557,7776.9546280999994,1,VSM.ResolveTrace,6671104,1
25,9557,7776.9546280999994,1,VSM.FilterHorizontal,64512,1
25,9557,7776.9546280999994,1,VSM.FilterVertical,0,0
25,9557,7776.9546280999994,1,VSM.FilterTemporalVertical,72448,1
26,9558,7776.9844944999995,1,VSM.PageOccupancy,59648,1
26,9558,7776.9844944999995,1,VSM.LayoutRemap,2560,1
26,9558,7776.9844944999995,1,VSM.ResetFeedback,2048,1
26,9558,7776.9844944999995,1,VSM.MarkReceiverPages,717312,1
26,9558,7776.9844944999995,1,VSM.Allocate,1956096,1
26,9558,7776.9844944999995,1,VSM.InvalidateStatic,1536,1
26,9558,7776.9844944999995,1,VSM.ClearPhysicalPages,174848,1
26,9558,7776.9844944999995,1,VSM.StaticCasterCull,56576,1
26,9558,7776.9844944999995,1,VSM.DynamicCasterCull,0,1
26,9558,7776.9844944999995,1,VSM.PageCull,37888,1
26,9558,7776.9844944999995,1,VSM.StaticRaster,8092672,1
26,9558,7776.9844944999995,1,VSM.FinalizePages,2560,1
26,9558,7776.9844944999995,1,VSM.DynamicRaster,4096,1
26,9558,7776.9844944999995,1,VSM.UnityCompatibilityRaster,0,0
26,9558,7776.9844944999995,1,VSM.Resolve,7642368,1
26,9558,7776.9844944999995,1,VSM.ResolveTrace,7502336,1
26,9558,7776.9844944999995,1,VSM.FilterHorizontal,65280,1
26,9558,7776.9844944999995,1,VSM.FilterVertical,0,0
26,9558,7776.9844944999995,1,VSM.FilterTemporalVertical,73216,1
27,9559,7777.0152742,1,VSM.PageOccupancy,58112,1
27,9559,7777.0152742,1,VSM.LayoutRemap,2304,1
27,9559,7777.0152742,1,VSM.ResetFeedback,1792,1
27,9559,7777.0152742,1,VSM.MarkReceiverPages,727808,1
27,9559,7777.0152742,1,VSM.Allocate,1954816,1
27,9559,7777.0152742,1,VSM.InvalidateStatic,1792,1
27,9559,7777.0152742,1,VSM.ClearPhysicalPages,175104,1
27,9559,7777.0152742,1,VSM.StaticCasterCull,57344,1
27,9559,7777.0152742,1,VSM.DynamicCasterCull,0,1
27,9559,7777.0152742,1,VSM.PageCull,38144,1
27,9559,7777.0152742,1,VSM.StaticRaster,7979264,1
27,9559,7777.0152742,1,VSM.FinalizePages,2560,1
27,9559,7777.0152742,1,VSM.DynamicRaster,4096,1
27,9559,7777.0152742,1,VSM.UnityCompatibilityRaster,0,0
27,9559,7777.0152742,1,VSM.Resolve,7691008,1
27,9559,7777.0152742,1,VSM.ResolveTrace,7550464,1
27,9559,7777.0152742,1,VSM.FilterHorizontal,66304,1
27,9559,7777.0152742,1,VSM.FilterVertical,0,0
27,9559,7777.0152742,1,VSM.FilterTemporalVertical,73216,1
28,9560,7777.0460258999992,1,VSM.PageOccupancy,57088,1
28,9560,7777.0460258999992,1,VSM.LayoutRemap,2304,1
28,9560,7777.0460258999992,1,VSM.ResetFeedback,2048,1
28,9560,7777.0460258999992,1,VSM.MarkReceiverPages,948224,1
28,9560,7777.0460258999992,1,VSM.Allocate,1936896,1
28,9560,7777.0460258999992,1,VSM.InvalidateStatic,1792,1
28,9560,7777.0460258999992,1,VSM.ClearPhysicalPages,173824,1
28,9560,7777.0460258999992,1,VSM.StaticCasterCull,56320,1
28,9560,7777.0460258999992,1,VSM.DynamicCasterCull,0,1
28,9560,7777.0460258999992,1,VSM.PageCull,37376,1
28,9560,7777.0460258999992,1,VSM.StaticRaster,7924992,1
28,9560,7777.0460258999992,1,VSM.FinalizePages,2048,1
28,9560,7777.0460258999992,1,VSM.DynamicRaster,4096,1
28,9560,7777.0460258999992,1,VSM.UnityCompatibilityRaster,0,0
28,9560,7777.0460258999992,1,VSM.Resolve,7723264,1
28,9560,7777.0460258999992,1,VSM.ResolveTrace,7585792,1
28,9560,7777.0460258999992,1,VSM.FilterHorizontal,63488,1
28,9560,7777.0460258999992,1,VSM.FilterVertical,0,0
28,9560,7777.0460258999992,1,VSM.FilterTemporalVertical,72704,1
29,9561,7777.0648079999992,1,VSM.PageOccupancy,59904,1
29,9561,7777.0648079999992,1,VSM.LayoutRemap,2304,1
29,9561,7777.0648079999992,1,VSM.ResetFeedback,2048,1
29,9561,7777.0648079999992,1,VSM.MarkReceiverPages,924928,1
29,9561,7777.0648079999992,1,VSM.Allocate,1933824,1
29,9561,7777.0648079999992,1,VSM.InvalidateStatic,1792,1
29,9561,7777.0648079999992,1,VSM.ClearPhysicalPages,173568,1
29,9561,7777.0648079999992,1,VSM.StaticCasterCull,57600,1
29,9561,7777.0648079999992,1,VSM.DynamicCasterCull,0,1
29,9561,7777.0648079999992,1,VSM.PageCull,38144,1
29,9561,7777.0648079999992,1,VSM.StaticRaster,8081664,1
29,9561,7777.0648079999992,1,VSM.FinalizePages,3072,1
29,9561,7777.0648079999992,1,VSM.DynamicRaster,14592,1
29,9561,7777.0648079999992,1,VSM.UnityCompatibilityRaster,0,0
29,9561,7777.0648079999992,1,VSM.Resolve,7963904,1
29,9561,7777.0648079999992,1,VSM.ResolveTrace,7614464,1
29,9561,7777.0648079999992,1,VSM.FilterHorizontal,67328,1
29,9561,7777.0648079999992,1,VSM.FilterVertical,0,0
29,9561,7777.0648079999992,1,VSM.FilterTemporalVertical,73216,1
30,9562,7777.0817117,1,VSM.PageOccupancy,55296,1
30,9562,7777.0817117,1,VSM.LayoutRemap,2304,1
30,9562,7777.0817117,1,VSM.ResetFeedback,1792,1
30,9562,7777.0817117,1,VSM.MarkReceiverPages,880128,1
30,9562,7777.0817117,1,VSM.Allocate,1934080,1
30,9562,7777.0817117,1,VSM.InvalidateStatic,2048,1
30,9562,7777.0817117,1,VSM.ClearPhysicalPages,174080,1
30,9562,7777.0817117,1,VSM.StaticCasterCull,57856,1
30,9562,7777.0817117,1,VSM.DynamicCasterCull,0,1
30,9562,7777.0817117,1,VSM.PageCull,38400,1
30,9562,7777.0817117,1,VSM.StaticRaster,7856128,1
30,9562,7777.0817117,1,VSM.FinalizePages,2560,1
30,9562,7777.0817117,1,VSM.DynamicRaster,15360,1
30,9562,7777.0817117,1,VSM.UnityCompatibilityRaster,0,0
30,9562,7777.0817117,1,VSM.Resolve,7535616,1
30,9562,7777.0817117,1,VSM.ResolveTrace,7396096,1
30,9562,7777.0817117,1,VSM.FilterHorizontal,65792,1
30,9562,7777.0817117,1,VSM.FilterVertical,0,0
30,9562,7777.0817117,1,VSM.FilterTemporalVertical,72448,1
31,9563,7777.0978037999994,1,VSM.PageOccupancy,59904,1
31,9563,7777.0978037999994,1,VSM.LayoutRemap,0,1
31,9563,7777.0978037999994,1,VSM.ResetFeedback,0,1
31,9563,7777.0978037999994,1,VSM.MarkReceiverPages,705536,1
31,9563,7777.0978037999994,1,VSM.Allocate,219904,1
31,9563,7777.0978037999994,1,VSM.InvalidateStatic,0,0
31,9563,7777.0978037999994,1,VSM.ClearPhysicalPages,90368,1
31,9563,7777.0978037999994,1,VSM.StaticCasterCull,60416,1
31,9563,7777.0978037999994,1,VSM.DynamicCasterCull,0,1
31,9563,7777.0978037999994,1,VSM.PageCull,41728,1
31,9563,7777.0978037999994,1,VSM.StaticRaster,6912,1
31,9563,7777.0978037999994,1,VSM.FinalizePages,2048,1
31,9563,7777.0978037999994,1,VSM.DynamicRaster,11008,1
31,9563,7777.0978037999994,1,VSM.UnityCompatibilityRaster,0,0
31,9563,7777.0978037999994,1,VSM.Resolve,7273472,1
31,9563,7777.0978037999994,1,VSM.ResolveTrace,7047936,1
31,9563,7777.0978037999994,1,VSM.FilterHorizontal,64512,1
31,9563,7777.0978037999994,1,VSM.FilterVertical,0,0
31,9563,7777.0978037999994,1,VSM.FilterTemporalVertical,160256,1
32,9564,7777.1146935,1,VSM.PageOccupancy,59904,1
32,9564,7777.1146935,1,VSM.LayoutRemap,0,1
32,9564,7777.1146935,1,VSM.ResetFeedback,0,1
32,9564,7777.1146935,1,VSM.MarkReceiverPages,686336,1
32,9564,7777.1146935,1,VSM.Allocate,228096,1
32,9564,7777.1146935,1,VSM.InvalidateStatic,0,0
32,9564,7777.1146935,1,VSM.ClearPhysicalPages,91648,1
32,9564,7777.1146935,1,VSM.StaticCasterCull,66304,1
32,9564,7777.1146935,1,VSM.DynamicCasterCull,0,1
32,9564,7777.1146935,1,VSM.PageCull,47616,1
32,9564,7777.1146935,1,VSM.StaticRaster,7168,1
32,9564,7777.1146935,1,VSM.FinalizePages,2304,1
32,9564,7777.1146935,1,VSM.DynamicRaster,13568,1
32,9564,7777.1146935,1,VSM.UnityCompatibilityRaster,0,0
32,9564,7777.1146935,1,VSM.Resolve,6749440,1
32,9564,7777.1146935,1,VSM.ResolveTrace,6520832,1
32,9564,7777.1146935,1,VSM.FilterHorizontal,67584,1
32,9564,7777.1146935,1,VSM.FilterVertical,0,0
32,9564,7777.1146935,1,VSM.FilterTemporalVertical,159744,1
33,9565,7777.1440017999994,1,VSM.PageOccupancy,61440,1
33,9565,7777.1440017999994,1,VSM.LayoutRemap,0,1
33,9565,7777.1440017999994,1,VSM.ResetFeedback,0,1
33,9565,7777.1440017999994,1,VSM.MarkReceiverPages,684288,1
33,9565,7777.1440017999994,1,VSM.Allocate,225536,1
33,9565,7777.1440017999994,1,VSM.InvalidateStatic,0,0
33,9565,7777.1440017999994,1,VSM.ClearPhysicalPages,90880,1
33,9565,7777.1440017999994,1,VSM.StaticCasterCull,68096,1
33,9565,7777.1440017999994,1,VSM.DynamicCasterCull,0,1
33,9565,7777.1440017999994,1,VSM.PageCull,49408,1
33,9565,7777.1440017999994,1,VSM.StaticRaster,6912,1
33,9565,7777.1440017999994,1,VSM.FinalizePages,1792,1
33,9565,7777.1440017999994,1,VSM.DynamicRaster,13312,1
33,9565,7777.1440017999994,1,VSM.UnityCompatibilityRaster,0,0
33,9565,7777.1440017999994,1,VSM.Resolve,6723584,1
33,9565,7777.1440017999994,1,VSM.ResolveTrace,6498816,1
33,9565,7777.1440017999994,1,VSM.FilterHorizontal,64768,1
33,9565,7777.1440017999994,1,VSM.FilterVertical,0,0
33,9565,7777.1440017999994,1,VSM.FilterTemporalVertical,158976,1
34,9566,7777.1610709,1,VSM.PageOccupancy,58368,1
34,9566,7777.1610709,1,VSM.LayoutRemap,0,1
34,9566,7777.1610709,1,VSM.ResetFeedback,0,1
34,9566,7777.1610709,1,VSM.MarkReceiverPages,684544,1
34,9566,7777.1610709,1,VSM.Allocate,223488,1
34,9566,7777.1610709,1,VSM.InvalidateStatic,0,0
34,9566,7777.1610709,1,VSM.ClearPhysicalPages,90112,1
34,9566,7777.1610709,1,VSM.StaticCasterCull,69632,1
34,9566,7777.1610709,1,VSM.DynamicCasterCull,0,1
34,9566,7777.1610709,1,VSM.PageCull,50944,1
34,9566,7777.1610709,1,VSM.StaticRaster,9472,1
34,9566,7777.1610709,1,VSM.FinalizePages,1536,1
34,9566,7777.1610709,1,VSM.DynamicRaster,15360,1
34,9566,7777.1610709,1,VSM.UnityCompatibilityRaster,0,0
34,9566,7777.1610709,1,VSM.Resolve,6969088,1
34,9566,7777.1610709,1,VSM.ResolveTrace,6589184,1
34,9566,7777.1610709,1,VSM.FilterHorizontal,221696,1
34,9566,7777.1610709,1,VSM.FilterVertical,0,0
34,9566,7777.1610709,1,VSM.FilterTemporalVertical,156928,1
35,9567,7777.1776654,1,VSM.PageOccupancy,56576,1
35,9567,7777.1776654,1,VSM.LayoutRemap,2304,1
35,9567,7777.1776654,1,VSM.ResetFeedback,1792,1
35,9567,7777.1776654,1,VSM.MarkReceiverPages,681728,1
35,9567,7777.1776654,1,VSM.Allocate,1955840,1
35,9567,7777.1776654,1,VSM.InvalidateStatic,1792,1
35,9567,7777.1776654,1,VSM.ClearPhysicalPages,175616,1
35,9567,7777.1776654,1,VSM.StaticCasterCull,55552,1
35,9567,7777.1776654,1,VSM.DynamicCasterCull,0,1
35,9567,7777.1776654,1,VSM.PageCull,36608,1
35,9567,7777.1776654,1,VSM.StaticRaster,8094720,1
35,9567,7777.1776654,1,VSM.FinalizePages,2304,1
35,9567,7777.1776654,1,VSM.DynamicRaster,4352,1
35,9567,7777.1776654,1,VSM.UnityCompatibilityRaster,0,0
35,9567,7777.1776654,1,VSM.Resolve,6854144,1
35,9567,7777.1776654,1,VSM.ResolveTrace,6716928,1
35,9567,7777.1776654,1,VSM.FilterHorizontal,64256,1
35,9567,7777.1776654,1,VSM.FilterVertical,0,0
35,9567,7777.1776654,1,VSM.FilterTemporalVertical,71424,1
36,9568,7777.1954189,1,VSM.PageOccupancy,60416,1
36,9568,7777.1954189,1,VSM.LayoutRemap,0,1
36,9568,7777.1954189,1,VSM.ResetFeedback,0,1
36,9568,7777.1954189,1,VSM.MarkReceiverPages,681472,1
36,9568,7777.1954189,1,VSM.Allocate,222464,1
36,9568,7777.1954189,1,VSM.InvalidateStatic,0,0
36,9568,7777.1954189,1,VSM.ClearPhysicalPages,89600,1
36,9568,7777.1954189,1,VSM.StaticCasterCull,67072,1
36,9568,7777.1954189,1,VSM.DynamicCasterCull,0,1
36,9568,7777.1954189,1,VSM.PageCull,48128,1
36,9568,7777.1954189,1,VSM.StaticRaster,7936,1
36,9568,7777.1954189,1,VSM.FinalizePages,2304,1
36,9568,7777.1954189,1,VSM.DynamicRaster,12032,1
36,9568,7777.1954189,1,VSM.UnityCompatibilityRaster,0,0
36,9568,7777.1954189,1,VSM.Resolve,6739712,1
36,9568,7777.1954189,1,VSM.ResolveTrace,6516992,1
36,9568,7777.1954189,1,VSM.FilterHorizontal,64768,1
36,9568,7777.1954189,1,VSM.FilterVertical,0,0
36,9568,7777.1954189,1,VSM.FilterTemporalVertical,156672,1
37,9569,7777.2128926,1,VSM.PageOccupancy,58368,1
37,9569,7777.2128926,1,VSM.LayoutRemap,0,1
37,9569,7777.2128926,1,VSM.ResetFeedback,0,1
37,9569,7777.2128926,1,VSM.MarkReceiverPages,686592,1
37,9569,7777.2128926,1,VSM.Allocate,226560,1
37,9569,7777.2128926,1,VSM.InvalidateStatic,0,0
37,9569,7777.2128926,1,VSM.ClearPhysicalPages,90880,1
37,9569,7777.2128926,1,VSM.StaticCasterCull,67840,1
37,9569,7777.2128926,1,VSM.DynamicCasterCull,0,1
37,9569,7777.2128926,1,VSM.PageCull,48896,1
37,9569,7777.2128926,1,VSM.StaticRaster,7168,1
37,9569,7777.2128926,1,VSM.FinalizePages,2560,1
37,9569,7777.2128926,1,VSM.DynamicRaster,12288,1
37,9569,7777.2128926,1,VSM.UnityCompatibilityRaster,0,0
37,9569,7777.2128926,1,VSM.Resolve,6716416,1
37,9569,7777.2128926,1,VSM.ResolveTrace,6492928,1
37,9569,7777.2128926,1,VSM.FilterHorizontal,65280,1
37,9569,7777.2128926,1,VSM.FilterVertical,0,0
37,9569,7777.2128926,1,VSM.FilterTemporalVertical,157184,1
38,9570,7777.2417447,1,VSM.PageOccupancy,59392,1
38,9570,7777.2417447,1,VSM.LayoutRemap,0,1
38,9570,7777.2417447,1,VSM.ResetFeedback,0,1
38,9570,7777.2417447,1,VSM.MarkReceiverPages,682496,1
38,9570,7777.2417447,1,VSM.Allocate,229632,1
38,9570,7777.2417447,1,VSM.InvalidateStatic,0,0
38,9570,7777.2417447,1,VSM.ClearPhysicalPages,401408,1
38,9570,7777.2417447,1,VSM.StaticCasterCull,66304,1
38,9570,7777.2417447,1,VSM.DynamicCasterCull,0,1
38,9570,7777.2417447,1,VSM.PageCull,42240,1
38,9570,7777.2417447,1,VSM.StaticRaster,4096,1
38,9570,7777.2417447,1,VSM.FinalizePages,1792,1
38,9570,7777.2417447,1,VSM.DynamicRaster,11008,1
38,9570,7777.2417447,1,VSM.UnityCompatibilityRaster,0,0
38,9570,7777.2417447,1,VSM.Resolve,7661568,1
38,9570,7777.2417447,1,VSM.ResolveTrace,7434496,1
38,9570,7777.2417447,1,VSM.FilterHorizontal,67072,1
38,9570,7777.2417447,1,VSM.FilterVertical,0,0
38,9570,7777.2417447,1,VSM.FilterTemporalVertical,158720,1
39,9571,7777.2722179999992,1,VSM.PageOccupancy,60672,1
39,9571,7777.2722179999992,1,VSM.LayoutRemap,0,1
39,9571,7777.2722179999992,1,VSM.ResetFeedback,0,1
39,9571,7777.2722179999992,1,VSM.MarkReceiverPages,679936,1
39,9571,7777.2722179999992,1,VSM.Allocate,226560,1
39,9571,7777.2722179999992,1,VSM.InvalidateStatic,0,0
39,9571,7777.2722179999992,1,VSM.ClearPhysicalPages,90880,1
39,9571,7777.2722179999992,1,VSM.StaticCasterCull,67840,1
39,9571,7777.2722179999992,1,VSM.DynamicCasterCull,0,1
39,9571,7777.2722179999992,1,VSM.PageCull,49152,1
39,9571,7777.2722179999992,1,VSM.StaticRaster,7168,1
39,9571,7777.2722179999992,1,VSM.FinalizePages,1792,1
39,9571,7777.2722179999992,1,VSM.DynamicRaster,14336,1
39,9571,7777.2722179999992,1,VSM.UnityCompatibilityRaster,0,0
39,9571,7777.2722179999992,1,VSM.Resolve,7095808,1
39,9571,7777.2722179999992,1,VSM.ResolveTrace,6697728,1
39,9571,7777.2722179999992,1,VSM.FilterHorizontal,64768,1
39,9571,7777.2722179999992,1,VSM.FilterVertical,0,0
39,9571,7777.2722179999992,1,VSM.FilterTemporalVertical,332288,1
40,9572,7777.3022131,1,VSM.PageOccupancy,57856,1
40,9572,7777.3022131,1,VSM.LayoutRemap,2304,1
40,9572,7777.3022131,1,VSM.ResetFeedback,2048,1
40,9572,7777.3022131,1,VSM.MarkReceiverPages,689152,1
40,9572,7777.3022131,1,VSM.Allocate,1943808,1
40,9572,7777.3022131,1,VSM.InvalidateStatic,2304,1
40,9572,7777.3022131,1,VSM.ClearPhysicalPages,174336,1
40,9572,7777.3022131,1,VSM.StaticCasterCull,57344,1
40,9572,7777.3022131,1,VSM.DynamicCasterCull,0,1
40,9572,7777.3022131,1,VSM.PageCull,37632,1
40,9572,7777.3022131,1,VSM.StaticRaster,8071424,1
40,9572,7777.3022131,1,VSM.FinalizePages,2560,1
40,9572,7777.3022131,1,VSM.DynamicRaster,9984,1
40,9572,7777.3022131,1,VSM.UnityCompatibilityRaster,0,0
40,9572,7777.3022131,1,VSM.Resolve,6501120,1
40,9572,7777.3022131,1,VSM.ResolveTrace,6362880,1
40,9572,7777.3022131,1,VSM.FilterHorizontal,64512,1
40,9572,7777.3022131,1,VSM.FilterVertical,0,0
40,9572,7777.3022131,1,VSM.FilterTemporalVertical,72704,1
41,9573,7777.3320661,1,VSM.PageOccupancy,57344,1
41,9573,7777.3320661,1,VSM.LayoutRemap,2304,1
41,9573,7777.3320661,1,VSM.ResetFeedback,2048,1
41,9573,7777.3320661,1,VSM.MarkReceiverPages,691968,1
41,9573,7777.3320661,1,VSM.Allocate,1935360,1
41,9573,7777.3320661,1,VSM.InvalidateStatic,1536,1
41,9573,7777.3320661,1,VSM.ClearPhysicalPages,173312,1
41,9573,7777.3320661,1,VSM.StaticCasterCull,56832,1
41,9573,7777.3320661,1,VSM.DynamicCasterCull,0,1
41,9573,7777.3320661,1,VSM.PageCull,38144,1
41,9573,7777.3320661,1,VSM.StaticRaster,8211968,1
41,9573,7777.3320661,1,VSM.FinalizePages,2048,1
41,9573,7777.3320661,1,VSM.DynamicRaster,4096,1
41,9573,7777.3320661,1,VSM.UnityCompatibilityRaster,0,0
41,9573,7777.3320661,1,VSM.Resolve,7346176,1
41,9573,7777.3320661,1,VSM.ResolveTrace,7206656,1
41,9573,7777.3320661,1,VSM.FilterHorizontal,65024,1
41,9573,7777.3320661,1,VSM.FilterVertical,0,0
41,9573,7777.3320661,1,VSM.FilterTemporalVertical,73216,1
42,9574,7777.3621042999994,1,VSM.PageOccupancy,52224,1
42,9574,7777.3621042999994,1,VSM.LayoutRemap,2304,1
42,9574,7777.3621042999994,1,VSM.ResetFeedback,1792,1
42,9574,7777.3621042999994,1,VSM.MarkReceiverPages,931584,1
42,9574,7777.3621042999994,1,VSM.Allocate,1945600,1
42,9574,7777.3621042999994,1,VSM.InvalidateStatic,1792,1
42,9574,7777.3621042999994,1,VSM.ClearPhysicalPages,174080,1
42,9574,7777.3621042999994,1,VSM.StaticCasterCull,57344,1
42,9574,7777.3621042999994,1,VSM.DynamicCasterCull,0,1
42,9574,7777.3621042999994,1,VSM.PageCull,38656,1
42,9574,7777.3621042999994,1,VSM.StaticRaster,8190208,1
42,9574,7777.3621042999994,1,VSM.FinalizePages,2048,1
42,9574,7777.3621042999994,1,VSM.DynamicRaster,4096,1
42,9574,7777.3621042999994,1,VSM.UnityCompatibilityRaster,0,0
42,9574,7777.3621042999994,1,VSM.Resolve,7280384,1
42,9574,7777.3621042999994,1,VSM.ResolveTrace,7142656,1
42,9574,7777.3621042999994,1,VSM.FilterHorizontal,64768,1
42,9574,7777.3621042999994,1,VSM.FilterVertical,0,0
42,9574,7777.3621042999994,1,VSM.FilterTemporalVertical,71936,1
43,9575,7777.3916024,1,VSM.PageOccupancy,58880,1
43,9575,7777.3916024,1,VSM.LayoutRemap,2304,1
43,9575,7777.3916024,1,VSM.ResetFeedback,1792,1
43,9575,7777.3916024,1,VSM.MarkReceiverPages,903680,1
43,9575,7777.3916024,1,VSM.Allocate,1933312,1
43,9575,7777.3916024,1,VSM.InvalidateStatic,1792,1
43,9575,7777.3916024,1,VSM.ClearPhysicalPages,173312,1
43,9575,7777.3916024,1,VSM.StaticCasterCull,57344,1
43,9575,7777.3916024,1,VSM.DynamicCasterCull,0,1
43,9575,7777.3916024,1,VSM.PageCull,38400,1
43,9575,7777.3916024,1,VSM.StaticRaster,8220160,1
43,9575,7777.3916024,1,VSM.FinalizePages,2048,1
43,9575,7777.3916024,1,VSM.DynamicRaster,4096,1
43,9575,7777.3916024,1,VSM.UnityCompatibilityRaster,0,0
43,9575,7777.3916024,1,VSM.Resolve,7280128,1
43,9575,7777.3916024,1,VSM.ResolveTrace,6960128,1
43,9575,7777.3916024,1,VSM.FilterHorizontal,63744,1
43,9575,7777.3916024,1,VSM.FilterVertical,0,0
43,9575,7777.3916024,1,VSM.FilterTemporalVertical,72704,1
44,9576,7777.4220749,1,VSM.PageOccupancy,53504,1
44,9576,7777.4220749,1,VSM.LayoutRemap,3584,1
44,9576,7777.4220749,1,VSM.ResetFeedback,2304,1
44,9576,7777.4220749,1,VSM.MarkReceiverPages,703232,1
44,9576,7777.4220749,1,VSM.Allocate,1948928,1
44,9576,7777.4220749,1,VSM.InvalidateStatic,2304,1
44,9576,7777.4220749,1,VSM.ClearPhysicalPages,174592,1
44,9576,7777.4220749,1,VSM.StaticCasterCull,57856,1
44,9576,7777.4220749,1,VSM.DynamicCasterCull,256,1
44,9576,7777.4220749,1,VSM.PageCull,38144,1
44,9576,7777.4220749,1,VSM.StaticRaster,8177664,1
44,9576,7777.4220749,1,VSM.FinalizePages,2304,1
44,9576,7777.4220749,1,VSM.DynamicRaster,3840,1
44,9576,7777.4220749,1,VSM.UnityCompatibilityRaster,0,0
44,9576,7777.4220749,1,VSM.Resolve,7238400,1
44,9576,7777.4220749,1,VSM.ResolveTrace,7099136,1
44,9576,7777.4220749,1,VSM.FilterHorizontal,65536,1
44,9576,7777.4220749,1,VSM.FilterVertical,0,0
44,9576,7777.4220749,1,VSM.FilterTemporalVertical,72448,1
45,9577,7777.4524604,1,VSM.PageOccupancy,57600,1
45,9577,7777.4524604,1,VSM.LayoutRemap,2304,1
45,9577,7777.4524604,1,VSM.ResetFeedback,1792,1
45,9577,7777.4524604,1,VSM.MarkReceiverPages,698880,1
45,9577,7777.4524604,1,VSM.Allocate,1933056,1
45,9577,7777.4524604,1,VSM.InvalidateStatic,2048,1
45,9577,7777.4524604,1,VSM.ClearPhysicalPages,173568,1
45,9577,7777.4524604,1,VSM.StaticCasterCull,56320,1
45,9577,7777.4524604,1,VSM.DynamicCasterCull,0,1
45,9577,7777.4524604,1,VSM.PageCull,37376,1
45,9577,7777.4524604,1,VSM.StaticRaster,8198656,1
45,9577,7777.4524604,1,VSM.FinalizePages,2048,1
45,9577,7777.4524604,1,VSM.DynamicRaster,4096,1
45,9577,7777.4524604,1,VSM.UnityCompatibilityRaster,0,0
45,9577,7777.4524604,1,VSM.Resolve,6970880,1
45,9577,7777.4524604,1,VSM.ResolveTrace,6831872,1
45,9577,7777.4524604,1,VSM.FilterHorizontal,65536,1
45,9577,7777.4524604,1,VSM.FilterVertical,0,0
45,9577,7777.4524604,1,VSM.FilterTemporalVertical,72192,1
46,9578,7777.4833046999993,1,VSM.PageOccupancy,122880,1
46,9578,7777.4833046999993,1,VSM.LayoutRemap,2560,1
46,9578,7777.4833046999993,1,VSM.ResetFeedback,2304,1
46,9578,7777.4833046999993,1,VSM.MarkReceiverPages,695296,1
46,9578,7777.4833046999993,1,VSM.Allocate,1947392,1
46,9578,7777.4833046999993,1,VSM.InvalidateStatic,1792,1
46,9578,7777.4833046999993,1,VSM.ClearPhysicalPages,174336,1
46,9578,7777.4833046999993,1,VSM.StaticCasterCull,55296,1
46,9578,7777.4833046999993,1,VSM.DynamicCasterCull,0,1
46,9578,7777.4833046999993,1,VSM.PageCull,37120,1
46,9578,7777.4833046999993,1,VSM.StaticRaster,8136704,1
46,9578,7777.4833046999993,1,VSM.FinalizePages,2560,1
46,9578,7777.4833046999993,1,VSM.DynamicRaster,7680,1
46,9578,7777.4833046999993,1,VSM.UnityCompatibilityRaster,0,0
46,9578,7777.4833046999993,1,VSM.Resolve,8039424,1
46,9578,7777.4833046999993,1,VSM.ResolveTrace,7899392,1
46,9578,7777.4833046999993,1,VSM.FilterHorizontal,67072,1
46,9578,7777.4833046999993,1,VSM.FilterVertical,0,0
46,9578,7777.4833046999993,1,VSM.FilterTemporalVertical,71936,1
47,9579,7777.5136077,1,VSM.PageOccupancy,55296,1
47,9579,7777.5136077,1,VSM.LayoutRemap,2304,1
47,9579,7777.5136077,1,VSM.ResetFeedback,1792,1
47,9579,7777.5136077,1,VSM.MarkReceiverPages,680448,1
47,9579,7777.5136077,1,VSM.Allocate,1930752,1
47,9579,7777.5136077,1,VSM.InvalidateStatic,1536,1
47,9579,7777.5136077,1,VSM.ClearPhysicalPages,173312,1
47,9579,7777.5136077,1,VSM.StaticCasterCull,56832,1
47,9579,7777.5136077,1,VSM.DynamicCasterCull,0,1
47,9579,7777.5136077,1,VSM.PageCull,38144,1
47,9579,7777.5136077,1,VSM.StaticRaster,8084480,1
47,9579,7777.5136077,1,VSM.FinalizePages,2048,1
47,9579,7777.5136077,1,VSM.DynamicRaster,16128,1
47,9579,7777.5136077,1,VSM.UnityCompatibilityRaster,0,0
47,9579,7777.5136077,1,VSM.Resolve,7542784,1
47,9579,7777.5136077,1,VSM.ResolveTrace,7403776,1
47,9579,7777.5136077,1,VSM.FilterHorizontal,65024,1
47,9579,7777.5136077,1,VSM.FilterVertical,0,0
47,9579,7777.5136077,1,VSM.FilterTemporalVertical,72960,1
48,9580,7777.5442663999993,1,VSM.PageOccupancy,55808,1
48,9580,7777.5442663999993,1,VSM.LayoutRemap,2304,1
48,9580,7777.5442663999993,1,VSM.ResetFeedback,2048,1
48,9580,7777.5442663999993,1,VSM.MarkReceiverPages,889856,1
48,9580,7777.5442663999993,1,VSM.Allocate,1935104,1
48,9580,7777.5442663999993,1,VSM.InvalidateStatic,1792,1
48,9580,7777.5442663999993,1,VSM.ClearPhysicalPages,173312,1
48,9580,7777.5442663999993,1,VSM.StaticCasterCull,56320,1
48,9580,7777.5442663999993,1,VSM.DynamicCasterCull,0,1
48,9580,7777.5442663999993,1,VSM.PageCull,37120,1
48,9580,7777.5442663999993,1,VSM.StaticRaster,8108544,1
48,9580,7777.5442663999993,1,VSM.FinalizePages,1792,1
48,9580,7777.5442663999993,1,VSM.DynamicRaster,4096,1
48,9580,7777.5442663999993,1,VSM.UnityCompatibilityRaster,0,0
48,9580,7777.5442663999993,1,VSM.Resolve,7443968,1
48,9580,7777.5442663999993,1,VSM.ResolveTrace,7305472,1
48,9580,7777.5442663999993,1,VSM.FilterHorizontal,64512,1
48,9580,7777.5442663999993,1,VSM.FilterVertical,0,0
48,9580,7777.5442663999993,1,VSM.FilterTemporalVertical,72960,1
49,9581,7777.5737769,1,VSM.PageOccupancy,54016,1
49,9581,7777.5737769,1,VSM.LayoutRemap,2560,1
49,9581,7777.5737769,1,VSM.ResetFeedback,1792,1
49,9581,7777.5737769,1,VSM.MarkReceiverPages,890880,1
49,9581,7777.5737769,1,VSM.Allocate,1933824,1
49,9581,7777.5737769,1,VSM.InvalidateStatic,1792,1
49,9581,7777.5737769,1,VSM.ClearPhysicalPages,173568,1
49,9581,7777.5737769,1,VSM.StaticCasterCull,58880,1
49,9581,7777.5737769,1,VSM.DynamicCasterCull,0,1
49,9581,7777.5737769,1,VSM.PageCull,39936,1
49,9581,7777.5737769,1,VSM.StaticRaster,8219904,1
49,9581,7777.5737769,1,VSM.FinalizePages,2048,1
49,9581,7777.5737769,1,VSM.DynamicRaster,4096,1
49,9581,7777.5737769,1,VSM.UnityCompatibilityRaster,0,0
49,9581,7777.5737769,1,VSM.Resolve,7521280,1
49,9581,7777.5737769,1,VSM.ResolveTrace,7381504,1
49,9581,7777.5737769,1,VSM.FilterHorizontal,65536,1
49,9581,7777.5737769,1,VSM.FilterVertical,0,0
49,9581,7777.5737769,1,VSM.FilterTemporalVertical,72960,1
50,9582,7777.6028811,1,VSM.PageOccupancy,60416,1
50,9582,7777.6028811,1,VSM.LayoutRemap,2560,1
50,9582,7777.6028811,1,VSM.ResetFeedback,2048,1
50,9582,7777.6028811,1,VSM.MarkReceiverPages,889088,1
50,9582,7777.6028811,1,VSM.Allocate,1930752,1
50,9582,7777.6028811,1,VSM.InvalidateStatic,1792,1
50,9582,7777.6028811,1,VSM.ClearPhysicalPages,173568,1
50,9582,7777.6028811,1,VSM.StaticCasterCull,57600,1
50,9582,7777.6028811,1,VSM.DynamicCasterCull,0,1
50,9582,7777.6028811,1,VSM.PageCull,38656,1
50,9582,7777.6028811,1,VSM.StaticRaster,8623104,1
50,9582,7777.6028811,1,VSM.FinalizePages,2304,1
50,9582,7777.6028811,1,VSM.DynamicRaster,4096,1
50,9582,7777.6028811,1,VSM.UnityCompatibilityRaster,0,0
50,9582,7777.6028811,1,VSM.Resolve,7198464,1
50,9582,7777.6028811,1,VSM.ResolveTrace,7058176,1
50,9582,7777.6028811,1,VSM.FilterHorizontal,66048,1
50,9582,7777.6028811,1,VSM.FilterVertical,0,0
50,9582,7777.6028811,1,VSM.FilterTemporalVertical,73472,1
51,9583,7777.6328214999994,1,VSM.PageOccupancy,59392,1
51,9583,7777.6328214999994,1,VSM.LayoutRemap,2304,1
51,9583,7777.6328214999994,1,VSM.ResetFeedback,1792,1
51,9583,7777.6328214999994,1,VSM.MarkReceiverPages,663552,1
51,9583,7777.6328214999994,1,VSM.Allocate,1934336,1
51,9583,7777.6328214999994,1,VSM.InvalidateStatic,1792,1
51,9583,7777.6328214999994,1,VSM.ClearPhysicalPages,173824,1
51,9583,7777.6328214999994,1,VSM.StaticCasterCull,57344,1
51,9583,7777.6328214999994,1,VSM.DynamicCasterCull,0,1
51,9583,7777.6328214999994,1,VSM.PageCull,38400,1
51,9583,7777.6328214999994,1,VSM.StaticRaster,8131840,1
51,9583,7777.6328214999994,1,VSM.FinalizePages,2048,1
51,9583,7777.6328214999994,1,VSM.DynamicRaster,15872,1
51,9583,7777.6328214999994,1,VSM.UnityCompatibilityRaster,0,0
51,9583,7777.6328214999994,1,VSM.Resolve,7322368,1
51,9583,7777.6328214999994,1,VSM.ResolveTrace,7184896,1
51,9583,7777.6328214999994,1,VSM.FilterHorizontal,64768,1
51,9583,7777.6328214999994,1,VSM.FilterVertical,0,0
51,9583,7777.6328214999994,1,VSM.FilterTemporalVertical,71936,1
52,9584,7777.6617174999992,1,VSM.PageOccupancy,55552,1
52,9584,7777.6617174999992,1,VSM.LayoutRemap,2560,1
52,9584,7777.6617174999992,1,VSM.ResetFeedback,2048,1
52,9584,7777.6617174999992,1,VSM.MarkReceiverPages,666112,1
52,9584,7777.6617174999992,1,VSM.Allocate,1934080,1
52,9584,7777.6617174999992,1,VSM.InvalidateStatic,1792,1
52,9584,7777.6617174999992,1,VSM.ClearPhysicalPages,173312,1
52,9584,7777.6617174999992,1,VSM.StaticCasterCull,57088,1
52,9584,7777.6617174999992,1,VSM.DynamicCasterCull,0,1
52,9584,7777.6617174999992,1,VSM.PageCull,38400,1
52,9584,7777.6617174999992,1,VSM.StaticRaster,7952128,1
52,9584,7777.6617174999992,1,VSM.FinalizePages,2816,1
52,9584,7777.6617174999992,1,VSM.DynamicRaster,5376,1
52,9584,7777.6617174999992,1,VSM.UnityCompatibilityRaster,0,0
52,9584,7777.6617174999992,1,VSM.Resolve,7713536,1
52,9584,7777.6617174999992,1,VSM.ResolveTrace,7575808,1
52,9584,7777.6617174999992,1,VSM.FilterHorizontal,64512,1
52,9584,7777.6617174999992,1,VSM.FilterVertical,0,0
52,9584,7777.6617174999992,1,VSM.FilterTemporalVertical,72192,1
53,9585,7777.6908224,1,VSM.PageOccupancy,55808,1
53,9585,7777.6908224,1,VSM.LayoutRemap,2304,1
53,9585,7777.6908224,1,VSM.ResetFeedback,2048,1
53,9585,7777.6908224,1,VSM.MarkReceiverPages,874752,1
53,9585,7777.6908224,1,VSM.Allocate,1937152,1
53,9585,7777.6908224,1,VSM.InvalidateStatic,2048,1
53,9585,7777.6908224,1,VSM.ClearPhysicalPages,173568,1
53,9585,7777.6908224,1,VSM.StaticCasterCull,57600,1
53,9585,7777.6908224,1,VSM.DynamicCasterCull,0,1
53,9585,7777.6908224,1,VSM.PageCull,38912,1
53,9585,7777.6908224,1,VSM.StaticRaster,8147200,1
53,9585,7777.6908224,1,VSM.FinalizePages,2816,1
53,9585,7777.6908224,1,VSM.DynamicRaster,17920,1
53,9585,7777.6908224,1,VSM.UnityCompatibilityRaster,0,0
53,9585,7777.6908224,1,VSM.Resolve,7525632,1
53,9585,7777.6908224,1,VSM.ResolveTrace,7385344,1
53,9585,7777.6908224,1,VSM.FilterHorizontal,66048,1
53,9585,7777.6908224,1,VSM.FilterVertical,0,0
53,9585,7777.6908224,1,VSM.FilterTemporalVertical,72960,1
54,9586,7777.7198413,1,VSM.PageOccupancy,125952,1
54,9586,7777.7198413,1,VSM.LayoutRemap,2560,1
54,9586,7777.7198413,1,VSM.ResetFeedback,2048,1
54,9586,7777.7198413,1,VSM.MarkReceiverPages,896256,1
54,9586,7777.7198413,1,VSM.Allocate,1956352,1
54,9586,7777.7198413,1,VSM.InvalidateStatic,2304,1
54,9586,7777.7198413,1,VSM.ClearPhysicalPages,175104,1
54,9586,7777.7198413,1,VSM.StaticCasterCull,57856,1
54,9586,7777.7198413,1,VSM.DynamicCasterCull,0,1
54,9586,7777.7198413,1,VSM.PageCull,38656,1
54,9586,7777.7198413,1,VSM.StaticRaster,8239872,1
54,9586,7777.7198413,1,VSM.FinalizePages,2048,1
54,9586,7777.7198413,1,VSM.DynamicRaster,7680,1
54,9586,7777.7198413,1,VSM.UnityCompatibilityRaster,0,0
54,9586,7777.7198413,1,VSM.Resolve,7296000,1
54,9586,7777.7198413,1,VSM.ResolveTrace,7157760,1
54,9586,7777.7198413,1,VSM.FilterHorizontal,64768,1
54,9586,7777.7198413,1,VSM.FilterVertical,0,0
54,9586,7777.7198413,1,VSM.FilterTemporalVertical,72192,1
55,9587,7777.7476398,1,VSM.PageOccupancy,55296,1
55,9587,7777.7476398,1,VSM.LayoutRemap,2304,1
55,9587,7777.7476398,1,VSM.ResetFeedback,2048,1
55,9587,7777.7476398,1,VSM.MarkReceiverPages,665600,1
55,9587,7777.7476398,1,VSM.Allocate,1934336,1
55,9587,7777.7476398,1,VSM.InvalidateStatic,1792,1
55,9587,7777.7476398,1,VSM.ClearPhysicalPages,173824,1
55,9587,7777.7476398,1,VSM.StaticCasterCull,57088,1
55,9587,7777.7476398,1,VSM.DynamicCasterCull,0,1
55,9587,7777.7476398,1,VSM.PageCull,38144,1
55,9587,7777.7476398,1,VSM.StaticRaster,8140032,1
55,9587,7777.7476398,1,VSM.FinalizePages,2048,1
55,9587,7777.7476398,1,VSM.DynamicRaster,5888,1
55,9587,7777.7476398,1,VSM.UnityCompatibilityRaster,0,0
55,9587,7777.7476398,1,VSM.Resolve,6932480,1
55,9587,7777.7476398,1,VSM.ResolveTrace,6793216,1
55,9587,7777.7476398,1,VSM.FilterHorizontal,65792,1
55,9587,7777.7476398,1,VSM.FilterVertical,0,0
55,9587,7777.7476398,1,VSM.FilterTemporalVertical,72704,1
56,9588,7777.777442,1,VSM.PageOccupancy,54784,1
56,9588,7777.777442,1,VSM.LayoutRemap,2304,1
56,9588,7777.777442,1,VSM.ResetFeedback,2048,1
56,9588,7777.777442,1,VSM.MarkReceiverPages,677888,1
56,9588,7777.777442,1,VSM.Allocate,1949696,1
56,9588,7777.777442,1,VSM.InvalidateStatic,1792,1
56,9588,7777.777442,1,VSM.ClearPhysicalPages,174336,1
56,9588,7777.777442,1,VSM.StaticCasterCull,57856,1
56,9588,7777.777442,1,VSM.DynamicCasterCull,0,1
56,9588,7777.777442,1,VSM.PageCull,38912,1
56,9588,7777.777442,1,VSM.StaticRaster,8036864,1
56,9588,7777.777442,1,VSM.FinalizePages,2304,1
56,9588,7777.777442,1,VSM.DynamicRaster,4096,1
56,9588,7777.777442,1,VSM.UnityCompatibilityRaster,0,0
56,9588,7777.777442,1,VSM.Resolve,7700992,1
56,9588,7777.777442,1,VSM.ResolveTrace,7563264,1
56,9588,7777.777442,1,VSM.FilterHorizontal,64512,1
56,9588,7777.777442,1,VSM.FilterVertical,0,0
56,9588,7777.777442,1,VSM.FilterTemporalVertical,72192,1
57,9589,7777.8064414,1,VSM.PageOccupancy,59648,1
57,9589,7777.8064414,1,VSM.LayoutRemap,2560,1
57,9589,7777.8064414,1,VSM.ResetFeedback,2048,1
57,9589,7777.8064414,1,VSM.MarkReceiverPages,688640,1
57,9589,7777.8064414,1,VSM.Allocate,1935616,1
57,9589,7777.8064414,1,VSM.InvalidateStatic,2048,1
57,9589,7777.8064414,1,VSM.ClearPhysicalPages,174080,1
57,9589,7777.8064414,1,VSM.StaticCasterCull,55808,1
57,9589,7777.8064414,1,VSM.DynamicCasterCull,0,1
57,9589,7777.8064414,1,VSM.PageCull,36864,1
57,9589,7777.8064414,1,VSM.StaticRaster,8035072,1
57,9589,7777.8064414,1,VSM.FinalizePages,2048,1
57,9589,7777.8064414,1,VSM.DynamicRaster,5376,1
57,9589,7777.8064414,1,VSM.UnityCompatibilityRaster,0,0
57,9589,7777.8064414,1,VSM.Resolve,7384576,1
57,9589,7777.8064414,1,VSM.ResolveTrace,7245568,1
57,9589,7777.8064414,1,VSM.FilterHorizontal,64768,1
57,9589,7777.8064414,1,VSM.FilterVertical,0,0
57,9589,7777.8064414,1,VSM.FilterTemporalVertical,73216,1
58,9590,7777.8345520999992,1,VSM.PageOccupancy,58112,1
58,9590,7777.8345520999992,1,VSM.LayoutRemap,2304,1
58,9590,7777.8345520999992,1,VSM.ResetFeedback,2048,1
58,9590,7777.8345520999992,1,VSM.MarkReceiverPages,907008,1
58,9590,7777.8345520999992,1,VSM.Allocate,1956096,1
58,9590,7777.8345520999992,1,VSM.InvalidateStatic,1792,1
58,9590,7777.8345520999992,1,VSM.ClearPhysicalPages,175616,1
58,9590,7777.8345520999992,1,VSM.StaticCasterCull,56832,1
58,9590,7777.8345520999992,1,VSM.DynamicCasterCull,0,1
58,9590,7777.8345520999992,1,VSM.PageCull,37632,1
58,9590,7777.8345520999992,1,VSM.StaticRaster,8119808,1
58,9590,7777.8345520999992,1,VSM.FinalizePages,2048,1
58,9590,7777.8345520999992,1,VSM.DynamicRaster,3840,1
58,9590,7777.8345520999992,1,VSM.UnityCompatibilityRaster,0,0
58,9590,7777.8345520999992,1,VSM.Resolve,7587840,1
58,9590,7777.8345520999992,1,VSM.ResolveTrace,7448832,1
58,9590,7777.8345520999992,1,VSM.FilterHorizontal,64768,1
58,9590,7777.8345520999992,1,VSM.FilterVertical,0,0
58,9590,7777.8345520999992,1,VSM.FilterTemporalVertical,72704,1
59,9591,7777.8633311999993,1,VSM.PageOccupancy,87296,1
59,9591,7777.8633311999993,1,VSM.LayoutRemap,2304,1
59,9591,7777.8633311999993,1,VSM.ResetFeedback,2048,1
59,9591,7777.8633311999993,1,VSM.MarkReceiverPages,929024,1
59,9591,7777.8633311999993,1,VSM.Allocate,1936128,1
59,9591,7777.8633311999993,1,VSM.InvalidateStatic,2048,1
59,9591,7777.8633311999993,1,VSM.ClearPhysicalPages,173824,1
59,9591,7777.8633311999993,1,VSM.StaticCasterCull,57856,1
59,9591,7777.8633311999993,1,VSM.DynamicCasterCull,0,1
59,9591,7777.8633311999993,1,VSM.PageCull,38144,1
59,9591,7777.8633311999993,1,VSM.StaticRaster,8038656,1
59,9591,7777.8633311999993,1,VSM.FinalizePages,2048,1
59,9591,7777.8633311999993,1,VSM.DynamicRaster,8192,1
59,9591,7777.8633311999993,1,VSM.UnityCompatibilityRaster,0,0
59,9591,7777.8633311999993,1,VSM.Resolve,7659520,1
59,9591,7777.8633311999993,1,VSM.ResolveTrace,7520000,1
59,9591,7777.8633311999993,1,VSM.FilterHorizontal,65024,1
59,9591,7777.8633311999993,1,VSM.FilterVertical,0,0
59,9591,7777.8633311999993,1,VSM.FilterTemporalVertical,72960,1
60,9592,7777.8917947,1,VSM.PageOccupancy,57088,1
60,9592,7777.8917947,1,VSM.LayoutRemap,2560,1
60,9592,7777.8917947,1,VSM.ResetFeedback,2304,1
60,9592,7777.8917947,1,VSM.MarkReceiverPages,716032,1
60,9592,7777.8917947,1,VSM.Allocate,1954048,1
60,9592,7777.8917947,1,VSM.InvalidateStatic,2304,1
60,9592,7777.8917947,1,VSM.ClearPhysicalPages,175360,1
60,9592,7777.8917947,1,VSM.StaticCasterCull,56832,1
60,9592,7777.8917947,1,VSM.DynamicCasterCull,0,1
60,9592,7777.8917947,1,VSM.PageCull,37888,1
60,9592,7777.8917947,1,VSM.StaticRaster,8172544,1
60,9592,7777.8917947,1,VSM.FinalizePages,2304,1
60,9592,7777.8917947,1,VSM.DynamicRaster,8448,1
60,9592,7777.8917947,1,VSM.UnityCompatibilityRaster,0,0
60,9592,7777.8917947,1,VSM.Resolve,6888192,1
60,9592,7777.8917947,1,VSM.ResolveTrace,6748672,1
60,9592,7777.8917947,1,VSM.FilterHorizontal,65280,1
60,9592,7777.8917947,1,VSM.FilterVertical,0,0
60,9592,7777.8917947,1,VSM.FilterTemporalVertical,73216,1
61,9593,7777.9102655,1,VSM.PageOccupancy,52992,1
61,9593,7777.9102655,1,VSM.LayoutRemap,2304,1
61,9593,7777.9102655,1,VSM.ResetFeedback,2048,1
61,9593,7777.9102655,1,VSM.MarkReceiverPages,690944,1
61,9593,7777.9102655,1,VSM.Allocate,1949952,1
61,9593,7777.9102655,1,VSM.InvalidateStatic,1792,1
61,9593,7777.9102655,1,VSM.ClearPhysicalPages,174080,1
61,9593,7777.9102655,1,VSM.StaticCasterCull,56320,1
61,9593,7777.9102655,1,VSM.DynamicCasterCull,0,1
61,9593,7777.9102655,1,VSM.PageCull,38144,1
61,9593,7777.9102655,1,VSM.StaticRaster,7980032,1
61,9593,7777.9102655,1,VSM.FinalizePages,2048,1
61,9593,7777.9102655,1,VSM.DynamicRaster,4352,1
61,9593,7777.9102655,1,VSM.UnityCompatibilityRaster,0,0
61,9593,7777.9102655,1,VSM.Resolve,7483648,1
61,9593,7777.9102655,1,VSM.ResolveTrace,7345152,1
61,9593,7777.9102655,1,VSM.FilterHorizontal,64768,1
61,9593,7777.9102655,1,VSM.FilterVertical,0,0
61,9593,7777.9102655,1,VSM.FilterTemporalVertical,72448,1
62,9594,7777.9280202,1,VSM.PageOccupancy,59648,1
62,9594,7777.9280202,1,VSM.LayoutRemap,2560,1
62,9594,7777.9280202,1,VSM.ResetFeedback,2048,1
62,9594,7777.9280202,1,VSM.MarkReceiverPages,681728,1
62,9594,7777.9280202,1,VSM.Allocate,1934336,1
62,9594,7777.9280202,1,VSM.InvalidateStatic,2048,1
62,9594,7777.9280202,1,VSM.ClearPhysicalPages,173568,1
62,9594,7777.9280202,1,VSM.StaticCasterCull,57600,1
62,9594,7777.9280202,1,VSM.DynamicCasterCull,0,1
62,9594,7777.9280202,1,VSM.PageCull,38400,1
62,9594,7777.9280202,1,VSM.StaticRaster,7931392,1
62,9594,7777.9280202,1,VSM.FinalizePages,2048,1
62,9594,7777.9280202,1,VSM.DynamicRaster,15360,1
62,9594,7777.9280202,1,VSM.UnityCompatibilityRaster,0,0
62,9594,7777.9280202,1,VSM.Resolve,6718464,1
62,9594,7777.9280202,1,VSM.ResolveTrace,6578944,1
62,9594,7777.9280202,1,VSM.FilterHorizontal,65024,1
62,9594,7777.9280202,1,VSM.FilterVertical,0,0
62,9594,7777.9280202,1,VSM.FilterTemporalVertical,73216,1
63,9595,7777.9459676,1,VSM.PageOccupancy,58112,1
63,9595,7777.9459676,1,VSM.LayoutRemap,256,1
63,9595,7777.9459676,1,VSM.ResetFeedback,0,1
63,9595,7777.9459676,1,VSM.MarkReceiverPages,684544,1
63,9595,7777.9459676,1,VSM.Allocate,223232,1
63,9595,7777.9459676,1,VSM.InvalidateStatic,0,0
63,9595,7777.9459676,1,VSM.ClearPhysicalPages,89856,1
63,9595,7777.9459676,1,VSM.StaticCasterCull,68352,1
63,9595,7777.9459676,1,VSM.DynamicCasterCull,0,1
63,9595,7777.9459676,1,VSM.PageCull,49664,1
63,9595,7777.9459676,1,VSM.StaticRaster,7168,1
63,9595,7777.9459676,1,VSM.FinalizePages,1792,1
63,9595,7777.9459676,1,VSM.DynamicRaster,15616,1
63,9595,7777.9459676,1,VSM.UnityCompatibilityRaster,0,0
63,9595,7777.9459676,1,VSM.Resolve,6972416,1
63,9595,7777.9459676,1,VSM.ResolveTrace,6748672,1
63,9595,7777.9459676,1,VSM.FilterHorizontal,65280,1
63,9595,7777.9459676,1,VSM.FilterVertical,0,0
63,9595,7777.9459676,1,VSM.FilterTemporalVertical,157440,1
64,9596,7777.9630036,1,VSM.PageOccupancy,61184,1
64,9596,7777.9630036,1,VSM.LayoutRemap,0,1
64,9596,7777.9630036,1,VSM.ResetFeedback,0,1
64,9596,7777.9630036,1,VSM.MarkReceiverPages,686848,1
64,9596,7777.9630036,1,VSM.Allocate,221952,1
64,9596,7777.9630036,1,VSM.InvalidateStatic,0,0
64,9596,7777.9630036,1,VSM.ClearPhysicalPages,89856,1
64,9596,7777.9630036,1,VSM.StaticCasterCull,67840,1
64,9596,7777.9630036,1,VSM.DynamicCasterCull,0,1
64,9596,7777.9630036,1,VSM.PageCull,49664,1
64,9596,7777.9630036,1,VSM.StaticRaster,5632,1
64,9596,7777.9630036,1,VSM.FinalizePages,1792,1
64,9596,7777.9630036,1,VSM.DynamicRaster,13568,1
64,9596,7777.9630036,1,VSM.UnityCompatibilityRaster,0,0
64,9596,7777.9630036,1,VSM.Resolve,6869504,1
64,9596,7777.9630036,1,VSM.ResolveTrace,6645760,1
64,9596,7777.9630036,1,VSM.FilterHorizontal,65536,1
64,9596,7777.9630036,1,VSM.FilterVertical,0,0
64,9596,7777.9630036,1,VSM.FilterTemporalVertical,156928,1
65,9597,7777.9905764999994,1,VSM.PageOccupancy,60928,1
65,9597,7777.9905764999994,1,VSM.LayoutRemap,0,1
65,9597,7777.9905764999994,1,VSM.ResetFeedback,0,1
65,9597,7777.9905764999994,1,VSM.MarkReceiverPages,684032,1
65,9597,7777.9905764999994,1,VSM.Allocate,221184,1
65,9597,7777.9905764999994,1,VSM.InvalidateStatic,0,0
65,9597,7777.9905764999994,1,VSM.ClearPhysicalPages,89856,1
65,9597,7777.9905764999994,1,VSM.StaticCasterCull,71168,1
65,9597,7777.9905764999994,1,VSM.DynamicCasterCull,0,1
65,9597,7777.9905764999994,1,VSM.PageCull,51968,1
65,9597,7777.9905764999994,1,VSM.StaticRaster,9728,1
65,9597,7777.9905764999994,1,VSM.FinalizePages,1792,1
65,9597,7777.9905764999994,1,VSM.DynamicRaster,14336,1
65,9597,7777.9905764999994,1,VSM.UnityCompatibilityRaster,0,0
65,9597,7777.9905764999994,1,VSM.Resolve,7183104,1
65,9597,7777.9905764999994,1,VSM.ResolveTrace,6769152,1
65,9597,7777.9905764999994,1,VSM.FilterHorizontal,65536,1
65,9597,7777.9905764999994,1,VSM.FilterVertical,0,0
65,9597,7777.9905764999994,1,VSM.FilterTemporalVertical,155648,1
66,9598,7778.0076989,1,VSM.PageOccupancy,63232,1
66,9598,7778.0076989,1,VSM.LayoutRemap,0,1
66,9598,7778.0076989,1,VSM.ResetFeedback,0,1
66,9598,7778.0076989,1,VSM.MarkReceiverPages,682752,1
66,9598,7778.0076989,1,VSM.Allocate,224256,1
66,9598,7778.0076989,1,VSM.InvalidateStatic,0,0
66,9598,7778.0076989,1,VSM.ClearPhysicalPages,90368,1
66,9598,7778.0076989,1,VSM.StaticCasterCull,65280,1
66,9598,7778.0076989,1,VSM.DynamicCasterCull,0,1
66,9598,7778.0076989,1,VSM.PageCull,46592,1
66,9598,7778.0076989,1,VSM.StaticRaster,5888,1
66,9598,7778.0076989,1,VSM.FinalizePages,2048,1
66,9598,7778.0076989,1,VSM.DynamicRaster,13312,1
66,9598,7778.0076989,1,VSM.UnityCompatibilityRaster,0,0
66,9598,7778.0076989,1,VSM.Resolve,7306240,1
66,9598,7778.0076989,1,VSM.ResolveTrace,7081472,1
66,9598,7778.0076989,1,VSM.FilterHorizontal,67584,1
66,9598,7778.0076989,1,VSM.FilterVertical,0,0
66,9598,7778.0076989,1,VSM.FilterTemporalVertical,156416,1
67,9599,7778.0240042999994,1,VSM.PageOccupancy,53504,1
67,9599,7778.0240042999994,1,VSM.LayoutRemap,2304,1
67,9599,7778.0240042999994,1,VSM.ResetFeedback,1792,1
67,9599,7778.0240042999994,1,VSM.MarkReceiverPages,679936,1
67,9599,7778.0240042999994,1,VSM.Allocate,1954816,1
67,9599,7778.0240042999994,1,VSM.InvalidateStatic,2304,1
67,9599,7778.0240042999994,1,VSM.ClearPhysicalPages,175616,1
67,9599,7778.0240042999994,1,VSM.StaticCasterCull,58112,1
67,9599,7778.0240042999994,1,VSM.DynamicCasterCull,0,1
67,9599,7778.0240042999994,1,VSM.PageCull,38656,1
67,9599,7778.0240042999994,1,VSM.StaticRaster,8055040,1
67,9599,7778.0240042999994,1,VSM.FinalizePages,2560,1
67,9599,7778.0240042999994,1,VSM.DynamicRaster,4352,1
67,9599,7778.0240042999994,1,VSM.UnityCompatibilityRaster,0,0
67,9599,7778.0240042999994,1,VSM.Resolve,6641664,1
67,9599,7778.0240042999994,1,VSM.ResolveTrace,6502144,1
67,9599,7778.0240042999994,1,VSM.FilterHorizontal,65280,1
67,9599,7778.0240042999994,1,VSM.FilterVertical,0,0
67,9599,7778.0240042999994,1,VSM.FilterTemporalVertical,73216,1
68,9600,7778.0403586999992,1,VSM.PageOccupancy,62720,1
68,9600,7778.0403586999992,1,VSM.LayoutRemap,0,1
68,9600,7778.0403586999992,1,VSM.ResetFeedback,0,1
68,9600,7778.0403586999992,1,VSM.MarkReceiverPages,683520,1
68,9600,7778.0403586999992,1,VSM.Allocate,225536,1
68,9600,7778.0403586999992,1,VSM.InvalidateStatic,0,0
68,9600,7778.0403586999992,1,VSM.ClearPhysicalPages,90368,1
68,9600,7778.0403586999992,1,VSM.StaticCasterCull,70400,1
68,9600,7778.0403586999992,1,VSM.DynamicCasterCull,0,1
68,9600,7778.0403586999992,1,VSM.PageCull,51712,1
68,9600,7778.0403586999992,1,VSM.StaticRaster,7424,1
68,9600,7778.0403586999992,1,VSM.FinalizePages,2304,1
68,9600,7778.0403586999992,1,VSM.DynamicRaster,13056,1
68,9600,7778.0403586999992,1,VSM.UnityCompatibilityRaster,0,0
68,9600,7778.0403586999992,1,VSM.Resolve,6607104,1
68,9600,7778.0403586999992,1,VSM.ResolveTrace,6383616,1
68,9600,7778.0403586999992,1,VSM.FilterHorizontal,66560,1
68,9600,7778.0403586999992,1,VSM.FilterVertical,0,0
68,9600,7778.0403586999992,1,VSM.FilterTemporalVertical,155392,1
69,9601,7778.0579482999992,1,VSM.PageOccupancy,62208,1
69,9601,7778.0579482999992,1,VSM.LayoutRemap,0,1
69,9601,7778.0579482999992,1,VSM.ResetFeedback,0,1
69,9601,7778.0579482999992,1,VSM.MarkReceiverPages,680448,1
69,9601,7778.0579482999992,1,VSM.Allocate,224512,1
69,9601,7778.0579482999992,1,VSM.InvalidateStatic,0,0
69,9601,7778.0579482999992,1,VSM.ClearPhysicalPages,89600,1
69,9601,7778.0579482999992,1,VSM.StaticCasterCull,66816,1
69,9601,7778.0579482999992,1,VSM.DynamicCasterCull,0,1
69,9601,7778.0579482999992,1,VSM.PageCull,47872,1
69,9601,7778.0579482999992,1,VSM.StaticRaster,7424,1
69,9601,7778.0579482999992,1,VSM.FinalizePages,2048,1
69,9601,7778.0579482999992,1,VSM.DynamicRaster,12800,1
69,9601,7778.0579482999992,1,VSM.UnityCompatibilityRaster,0,0
69,9601,7778.0579482999992,1,VSM.Resolve,7153664,1
69,9601,7778.0579482999992,1,VSM.ResolveTrace,6755584,1
69,9601,7778.0579482999992,1,VSM.FilterHorizontal,64256,1
69,9601,7778.0579482999992,1,VSM.FilterVertical,0,0
69,9601,7778.0579482999992,1,VSM.FilterTemporalVertical,332288,1
70,9602,7778.0877084999993,1,VSM.PageOccupancy,61184,1
70,9602,7778.0877084999993,1,VSM.LayoutRemap,0,1
70,9602,7778.0877084999993,1,VSM.ResetFeedback,0,1
70,9602,7778.0877084999993,1,VSM.MarkReceiverPages,680192,1
70,9602,7778.0877084999993,1,VSM.Allocate,222464,1
70,9602,7778.0877084999993,1,VSM.InvalidateStatic,0,0
70,9602,7778.0877084999993,1,VSM.ClearPhysicalPages,89856,1
70,9602,7778.0877084999993,1,VSM.StaticCasterCull,65536,1
70,9602,7778.0877084999993,1,VSM.DynamicCasterCull,0,1
70,9602,7778.0877084999993,1,VSM.PageCull,47360,1
70,9602,7778.0877084999993,1,VSM.StaticRaster,7680,1
70,9602,7778.0877084999993,1,VSM.FinalizePages,2048,1
70,9602,7778.0877084999993,1,VSM.DynamicRaster,11520,1
70,9602,7778.0877084999993,1,VSM.UnityCompatibilityRaster,0,0
70,9602,7778.0877084999993,1,VSM.Resolve,6410752,1
70,9602,7778.0877084999993,1,VSM.ResolveTrace,6188544,1
70,9602,7778.0877084999993,1,VSM.FilterHorizontal,65280,1
70,9602,7778.0877084999993,1,VSM.FilterVertical,0,0
70,9602,7778.0877084999993,1,VSM.FilterTemporalVertical,155648,1
71,9603,7778.1165777,1,VSM.PageOccupancy,62976,1
71,9603,7778.1165777,1,VSM.LayoutRemap,0,1
71,9603,7778.1165777,1,VSM.ResetFeedback,0,1
71,9603,7778.1165777,1,VSM.MarkReceiverPages,1024768,1
71,9603,7778.1165777,1,VSM.Allocate,229888,1
71,9603,7778.1165777,1,VSM.InvalidateStatic,0,0
71,9603,7778.1165777,1,VSM.ClearPhysicalPages,91136,1
71,9603,7778.1165777,1,VSM.StaticCasterCull,68096,1
71,9603,7778.1165777,1,VSM.DynamicCasterCull,0,1
71,9603,7778.1165777,1,VSM.PageCull,48896,1
71,9603,7778.1165777,1,VSM.StaticRaster,5632,1
71,9603,7778.1165777,1,VSM.FinalizePages,2048,1
71,9603,7778.1165777,1,VSM.DynamicRaster,12288,1
71,9603,7778.1165777,1,VSM.UnityCompatibilityRaster,0,0
71,9603,7778.1165777,1,VSM.Resolve,6847744,1
71,9603,7778.1165777,1,VSM.ResolveTrace,6624000,1
71,9603,7778.1165777,1,VSM.FilterHorizontal,64768,1
71,9603,7778.1165777,1,VSM.FilterVertical,0,0
71,9603,7778.1165777,1,VSM.FilterTemporalVertical,157952,1
72,9604,7778.1466049,1,VSM.PageOccupancy,53504,1
72,9604,7778.1466049,1,VSM.LayoutRemap,2560,1
72,9604,7778.1466049,1,VSM.ResetFeedback,2048,1
72,9604,7778.1466049,1,VSM.MarkReceiverPages,854784,1
72,9604,7778.1466049,1,VSM.Allocate,1954560,1
72,9604,7778.1466049,1,VSM.InvalidateStatic,2048,1
72,9604,7778.1466049,1,VSM.ClearPhysicalPages,175872,1
72,9604,7778.1466049,1,VSM.StaticCasterCull,57088,1
72,9604,7778.1466049,1,VSM.DynamicCasterCull,0,1
72,9604,7778.1466049,1,VSM.PageCull,38144,1
72,9604,7778.1466049,1,VSM.StaticRaster,8113408,1
72,9604,7778.1466049,1,VSM.FinalizePages,2560,1
72,9604,7778.1466049,1,VSM.DynamicRaster,4096,1
72,9604,7778.1466049,1,VSM.UnityCompatibilityRaster,0,0
72,9604,7778.1466049,1,VSM.Resolve,7769088,1
72,9604,7778.1466049,1,VSM.ResolveTrace,7433472,1
72,9604,7778.1466049,1,VSM.FilterHorizontal,64256,1
72,9604,7778.1466049,1,VSM.FilterVertical,0,0
72,9604,7778.1466049,1,VSM.FilterTemporalVertical,270336,1
73,9605,7778.1766818,1,VSM.PageOccupancy,58880,1
73,9605,7778.1766818,1,VSM.LayoutRemap,2304,1
73,9605,7778.1766818,1,VSM.ResetFeedback,2048,1
73,9605,7778.1766818,1,VSM.MarkReceiverPages,687360,1
73,9605,7778.1766818,1,VSM.Allocate,1956864,1
73,9605,7778.1766818,1,VSM.InvalidateStatic,1792,1
73,9605,7778.1766818,1,VSM.ClearPhysicalPages,175360,1
73,9605,7778.1766818,1,VSM.StaticCasterCull,55808,1
73,9605,7778.1766818,1,VSM.DynamicCasterCull,0,1
73,9605,7778.1766818,1,VSM.PageCull,36608,1
73,9605,7778.1766818,1,VSM.StaticRaster,8190464,1
73,9605,7778.1766818,1,VSM.FinalizePages,1792,1
73,9605,7778.1766818,1,VSM.DynamicRaster,15872,1
73,9605,7778.1766818,1,VSM.UnityCompatibilityRaster,0,0
73,9605,7778.1766818,1,VSM.Resolve,6862336,1
73,9605,7778.1766818,1,VSM.ResolveTrace,6721792,1
73,9605,7778.1766818,1,VSM.FilterHorizontal,66560,1
73,9605,7778.1766818,1,VSM.FilterVertical,0,0
73,9605,7778.1766818,1,VSM.FilterTemporalVertical,73216,1
74,9606,7778.2063732,1,VSM.PageOccupancy,60928,1
74,9606,7778.2063732,1,VSM.LayoutRemap,2560,1
74,9606,7778.2063732,1,VSM.ResetFeedback,2048,1
74,9606,7778.2063732,1,VSM.MarkReceiverPages,1027840,1
74,9606,7778.2063732,1,VSM.Allocate,1934336,1
74,9606,7778.2063732,1,VSM.InvalidateStatic,1792,1
74,9606,7778.2063732,1,VSM.ClearPhysicalPages,173824,1
74,9606,7778.2063732,1,VSM.StaticCasterCull,57344,1
74,9606,7778.2063732,1,VSM.DynamicCasterCull,0,1
74,9606,7778.2063732,1,VSM.PageCull,38144,1
74,9606,7778.2063732,1,VSM.StaticRaster,8178688,1
74,9606,7778.2063732,1,VSM.FinalizePages,2304,1
74,9606,7778.2063732,1,VSM.DynamicRaster,14592,1
74,9606,7778.2063732,1,VSM.UnityCompatibilityRaster,0,0
74,9606,7778.2063732,1,VSM.Resolve,7391488,1
74,9606,7778.2063732,1,VSM.ResolveTrace,7253248,1
74,9606,7778.2063732,1,VSM.FilterHorizontal,64512,1
74,9606,7778.2063732,1,VSM.FilterVertical,0,0
74,9606,7778.2063732,1,VSM.FilterTemporalVertical,72704,1
75,9607,7778.2363556,1,VSM.PageOccupancy,54784,1
75,9607,7778.2363556,1,VSM.LayoutRemap,2560,1
75,9607,7778.2363556,1,VSM.ResetFeedback,2048,1
75,9607,7778.2363556,1,VSM.MarkReceiverPages,903168,1
75,9607,7778.2363556,1,VSM.Allocate,1943296,1
75,9607,7778.2363556,1,VSM.InvalidateStatic,1792,1
75,9607,7778.2363556,1,VSM.ClearPhysicalPages,175360,1
75,9607,7778.2363556,1,VSM.StaticCasterCull,57856,1
75,9607,7778.2363556,1,VSM.DynamicCasterCull,0,1
75,9607,7778.2363556,1,VSM.PageCull,38400,1
75,9607,7778.2363556,1,VSM.StaticRaster,8441088,1
75,9607,7778.2363556,1,VSM.FinalizePages,2560,1
75,9607,7778.2363556,1,VSM.DynamicRaster,4096,1
75,9607,7778.2363556,1,VSM.UnityCompatibilityRaster,0,0
75,9607,7778.2363556,1,VSM.Resolve,7327232,1
75,9607,7778.2363556,1,VSM.ResolveTrace,7188224,1
75,9607,7778.2363556,1,VSM.FilterHorizontal,64768,1
75,9607,7778.2363556,1,VSM.FilterVertical,0,0
75,9607,7778.2363556,1,VSM.FilterTemporalVertical,73216,1
76,9608,7778.2656846,1,VSM.PageOccupancy,57088,1
76,9608,7778.2656846,1,VSM.LayoutRemap,2304,1
76,9608,7778.2656846,1,VSM.ResetFeedback,1792,1
76,9608,7778.2656846,1,VSM.MarkReceiverPages,900608,1
76,9608,7778.2656846,1,VSM.Allocate,1931264,1
76,9608,7778.2656846,1,VSM.InvalidateStatic,2048,1
76,9608,7778.2656846,1,VSM.ClearPhysicalPages,173056,1
76,9608,7778.2656846,1,VSM.StaticCasterCull,56576,1
76,9608,7778.2656846,1,VSM.DynamicCasterCull,0,1
76,9608,7778.2656846,1,VSM.PageCull,37632,1
76,9608,7778.2656846,1,VSM.StaticRaster,8280064,1
76,9608,7778.2656846,1,VSM.FinalizePages,2048,1
76,9608,7778.2656846,1,VSM.DynamicRaster,3840,1
76,9608,7778.2656846,1,VSM.UnityCompatibilityRaster,0,0
76,9608,7778.2656846,1,VSM.Resolve,7900928,1
76,9608,7778.2656846,1,VSM.ResolveTrace,7574272,1
76,9608,7778.2656846,1,VSM.FilterHorizontal,64768,1
76,9608,7778.2656846,1,VSM.FilterVertical,0,0
76,9608,7778.2656846,1,VSM.FilterTemporalVertical,72192,1
77,9609,7778.2966394,1,VSM.PageOccupancy,57344,1
77,9609,7778.2966394,1,VSM.LayoutRemap,2304,1
77,9609,7778.2966394,1,VSM.ResetFeedback,1792,1
77,9609,7778.2966394,1,VSM.MarkReceiverPages,697856,1
77,9609,7778.2966394,1,VSM.Allocate,1936896,1
77,9609,7778.2966394,1,VSM.InvalidateStatic,1792,1
77,9609,7778.2966394,1,VSM.ClearPhysicalPages,175104,1
77,9609,7778.2966394,1,VSM.StaticCasterCull,59392,1
77,9609,7778.2966394,1,VSM.DynamicCasterCull,0,1
77,9609,7778.2966394,1,VSM.PageCull,39936,1
77,9609,7778.2966394,1,VSM.StaticRaster,8199168,1
77,9609,7778.2966394,1,VSM.FinalizePages,2304,1
77,9609,7778.2966394,1,VSM.DynamicRaster,4096,1
77,9609,7778.2966394,1,VSM.UnityCompatibilityRaster,0,0
77,9609,7778.2966394,1,VSM.Resolve,6896384,1
77,9609,7778.2966394,1,VSM.ResolveTrace,6757120,1
77,9609,7778.2966394,1,VSM.FilterHorizontal,65024,1
77,9609,7778.2966394,1,VSM.FilterVertical,0,0
77,9609,7778.2966394,1,VSM.FilterTemporalVertical,73216,1
78,9610,7778.3268162999993,1,VSM.PageOccupancy,57088,1
78,9610,7778.3268162999993,1,VSM.LayoutRemap,2304,1
78,9610,7778.3268162999993,1,VSM.ResetFeedback,1792,1
78,9610,7778.3268162999993,1,VSM.MarkReceiverPages,690688,1
78,9610,7778.3268162999993,1,VSM.Allocate,1931264,1
78,9610,7778.3268162999993,1,VSM.InvalidateStatic,1536,1
78,9610,7778.3268162999993,1,VSM.ClearPhysicalPages,173312,1
78,9610,7778.3268162999993,1,VSM.StaticCasterCull,390400,1
78,9610,7778.3268162999993,1,VSM.DynamicCasterCull,0,1
78,9610,7778.3268162999993,1,VSM.PageCull,37376,1
78,9610,7778.3268162999993,1,VSM.StaticRaster,8162304,1
78,9610,7778.3268162999993,1,VSM.FinalizePages,2304,1
78,9610,7778.3268162999993,1,VSM.DynamicRaster,4352,1
78,9610,7778.3268162999993,1,VSM.UnityCompatibilityRaster,0,0
78,9610,7778.3268162999993,1,VSM.Resolve,6847488,1
78,9610,7778.3268162999993,1,VSM.ResolveTrace,6709248,1
78,9610,7778.3268162999993,1,VSM.FilterHorizontal,65280,1
78,9610,7778.3268162999993,1,VSM.FilterVertical,0,0
78,9610,7778.3268162999993,1,VSM.FilterTemporalVertical,71680,1
79,9611,7778.3566064999995,1,VSM.PageOccupancy,60672,1
79,9611,7778.3566064999995,1,VSM.LayoutRemap,2560,1
79,9611,7778.3566064999995,1,VSM.ResetFeedback,2048,1
79,9611,7778.3566064999995,1,VSM.MarkReceiverPages,911104,1
79,9611,7778.3566064999995,1,VSM.Allocate,1938432,1
79,9611,7778.3566064999995,1,VSM.InvalidateStatic,1792,1
79,9611,7778.3566064999995,1,VSM.ClearPhysicalPages,175616,1
79,9611,7778.3566064999995,1,VSM.StaticCasterCull,56576,1
79,9611,7778.3566064999995,1,VSM.DynamicCasterCull,0,1
79,9611,7778.3566064999995,1,VSM.PageCull,37376,1
79,9611,7778.3566064999995,1,VSM.StaticRaster,8108288,1
79,9611,7778.3566064999995,1,VSM.FinalizePages,2048,1
79,9611,7778.3566064999995,1,VSM.DynamicRaster,4096,1
79,9611,7778.3566064999995,1,VSM.UnityCompatibilityRaster,0,0
79,9611,7778.3566064999995,1,VSM.Resolve,7477504,1
79,9611,7778.3566064999995,1,VSM.ResolveTrace,7337984,1
79,9611,7778.3566064999995,1,VSM.FilterHorizontal,65280,1
79,9611,7778.3566064999995,1,VSM.FilterVertical,0,0
79,9611,7778.3566064999995,1,VSM.FilterTemporalVertical,72960,1
80,9612,7778.385714,1,VSM.PageOccupancy,56320,1
80,9612,7778.385714,1,VSM.LayoutRemap,2816,1
80,9612,7778.385714,1,VSM.ResetFeedback,2048,1
80,9612,7778.385714,1,VSM.MarkReceiverPages,688896,1
80,9612,7778.385714,1,VSM.Allocate,1932288,1
80,9612,7778.385714,1,VSM.InvalidateStatic,1792,1
80,9612,7778.385714,1,VSM.ClearPhysicalPages,173312,1
80,9612,7778.385714,1,VSM.StaticCasterCull,56832,1
80,9612,7778.385714,1,VSM.DynamicCasterCull,0,1
80,9612,7778.385714,1,VSM.PageCull,37632,1
80,9612,7778.385714,1,VSM.StaticRaster,8152064,1
80,9612,7778.385714,1,VSM.FinalizePages,2816,1
80,9612,7778.385714,1,VSM.DynamicRaster,15616,1
80,9612,7778.385714,1,VSM.UnityCompatibilityRaster,0,0
80,9612,7778.385714,1,VSM.Resolve,7479040,1
80,9612,7778.385714,1,VSM.ResolveTrace,7341312,1
80,9612,7778.385714,1,VSM.FilterHorizontal,64256,1
80,9612,7778.385714,1,VSM.FilterVertical,0,0
80,9612,7778.385714,1,VSM.FilterTemporalVertical,72448,1
81,9613,7778.4147875,1,VSM.PageOccupancy,56064,1
81,9613,7778.4147875,1,VSM.LayoutRemap,2304,1
81,9613,7778.4147875,1,VSM.ResetFeedback,1792,1
81,9613,7778.4147875,1,VSM.MarkReceiverPages,886528,1
81,9613,7778.4147875,1,VSM.Allocate,1942016,1
81,9613,7778.4147875,1,VSM.InvalidateStatic,2048,1
81,9613,7778.4147875,1,VSM.ClearPhysicalPages,175360,1
81,9613,7778.4147875,1,VSM.StaticCasterCull,56320,1
81,9613,7778.4147875,1,VSM.DynamicCasterCull,0,1
81,9613,7778.4147875,1,VSM.PageCull,37120,1
81,9613,7778.4147875,1,VSM.StaticRaster,8368384,1
81,9613,7778.4147875,1,VSM.FinalizePages,2304,1
81,9613,7778.4147875,1,VSM.DynamicRaster,4096,1
81,9613,7778.4147875,1,VSM.UnityCompatibilityRaster,0,0
81,9613,7778.4147875,1,VSM.Resolve,7663360,1
81,9613,7778.4147875,1,VSM.ResolveTrace,7328000,1
81,9613,7778.4147875,1,VSM.FilterHorizontal,65536,1
81,9613,7778.4147875,1,VSM.FilterVertical,0,0
81,9613,7778.4147875,1,VSM.FilterTemporalVertical,72448,1
82,9614,7778.4432726999994,1,VSM.PageOccupancy,113664,1
82,9614,7778.4432726999994,1,VSM.LayoutRemap,2560,1
82,9614,7778.4432726999994,1,VSM.ResetFeedback,2048,1
82,9614,7778.4432726999994,1,VSM.MarkReceiverPages,678656,1
82,9614,7778.4432726999994,1,VSM.Allocate,1931520,1
82,9614,7778.4432726999994,1,VSM.InvalidateStatic,2048,1
82,9614,7778.4432726999994,1,VSM.ClearPhysicalPages,173568,1
82,9614,7778.4432726999994,1,VSM.StaticCasterCull,57088,1
82,9614,7778.4432726999994,1,VSM.DynamicCasterCull,0,1
82,9614,7778.4432726999994,1,VSM.PageCull,38656,1
82,9614,7778.4432726999994,1,VSM.StaticRaster,8157696,1
82,9614,7778.4432726999994,1,VSM.FinalizePages,2048,1
82,9614,7778.4432726999994,1,VSM.DynamicRaster,15872,1
82,9614,7778.4432726999994,1,VSM.UnityCompatibilityRaster,0,0
82,9614,7778.4432726999994,1,VSM.Resolve,6853120,1
82,9614,7778.4432726999994,1,VSM.ResolveTrace,6715648,1
82,9614,7778.4432726999994,1,VSM.FilterHorizontal,64256,1
82,9614,7778.4432726999994,1,VSM.FilterVertical,0,0
82,9614,7778.4432726999994,1,VSM.FilterTemporalVertical,72192,1
83,9615,7778.4717587999994,1,VSM.PageOccupancy,58112,1
83,9615,7778.4717587999994,1,VSM.LayoutRemap,2560,1
83,9615,7778.4717587999994,1,VSM.ResetFeedback,1792,1
83,9615,7778.4717587999994,1,VSM.MarkReceiverPages,663808,1
83,9615,7778.4717587999994,1,VSM.Allocate,1935360,1
83,9615,7778.4717587999994,1,VSM.InvalidateStatic,1536,1
83,9615,7778.4717587999994,1,VSM.ClearPhysicalPages,173568,1
83,9615,7778.4717587999994,1,VSM.StaticCasterCull,57600,1
83,9615,7778.4717587999994,1,VSM.DynamicCasterCull,0,1
83,9615,7778.4717587999994,1,VSM.PageCull,38656,1
83,9615,7778.4717587999994,1,VSM.StaticRaster,8095488,1
83,9615,7778.4717587999994,1,VSM.FinalizePages,2560,1
83,9615,7778.4717587999994,1,VSM.DynamicRaster,15616,1
83,9615,7778.4717587999994,1,VSM.UnityCompatibilityRaster,0,0
83,9615,7778.4717587999994,1,VSM.Resolve,7613952,1
83,9615,7778.4717587999994,1,VSM.ResolveTrace,7474688,1
83,9615,7778.4717587999994,1,VSM.FilterHorizontal,64768,1
83,9615,7778.4717587999994,1,VSM.FilterVertical,0,0
83,9615,7778.4717587999994,1,VSM.FilterTemporalVertical,73472,1
84,9616,7778.5015215999993,1,VSM.PageOccupancy,57600,1
84,9616,7778.5015215999993,1,VSM.LayoutRemap,2560,1
84,9616,7778.5015215999993,1,VSM.ResetFeedback,2048,1
84,9616,7778.5015215999993,1,VSM.MarkReceiverPages,891648,1
84,9616,7778.5015215999993,1,VSM.Allocate,1937408,1
84,9616,7778.5015215999993,1,VSM.InvalidateStatic,2304,1
84,9616,7778.5015215999993,1,VSM.ClearPhysicalPages,174080,1
84,9616,7778.5015215999993,1,VSM.StaticCasterCull,57088,1
84,9616,7778.5015215999993,1,VSM.DynamicCasterCull,0,1
84,9616,7778.5015215999993,1,VSM.PageCull,37632,1
84,9616,7778.5015215999993,1,VSM.StaticRaster,7984896,1
84,9616,7778.5015215999993,1,VSM.FinalizePages,2048,1
84,9616,7778.5015215999993,1,VSM.DynamicRaster,4352,1
84,9616,7778.5015215999993,1,VSM.UnityCompatibilityRaster,0,0
84,9616,7778.5015215999993,1,VSM.Resolve,7310592,1
84,9616,7778.5015215999993,1,VSM.ResolveTrace,7173376,1
84,9616,7778.5015215999993,1,VSM.FilterHorizontal,63488,1
84,9616,7778.5015215999993,1,VSM.FilterVertical,0,0
84,9616,7778.5015215999993,1,VSM.FilterTemporalVertical,72192,1
85,9617,7778.5300363999995,1,VSM.PageOccupancy,56320,1
85,9617,7778.5300363999995,1,VSM.LayoutRemap,2304,1
85,9617,7778.5300363999995,1,VSM.ResetFeedback,2048,1
85,9617,7778.5300363999995,1,VSM.MarkReceiverPages,666624,1
85,9617,7778.5300363999995,1,VSM.Allocate,1936128,1
85,9617,7778.5300363999995,1,VSM.InvalidateStatic,1792,1
85,9617,7778.5300363999995,1,VSM.ClearPhysicalPages,173824,1
85,9617,7778.5300363999995,1,VSM.StaticCasterCull,56832,1
85,9617,7778.5300363999995,1,VSM.DynamicCasterCull,0,1
85,9617,7778.5300363999995,1,VSM.PageCull,37120,1
85,9617,7778.5300363999995,1,VSM.StaticRaster,8200448,1
85,9617,7778.5300363999995,1,VSM.FinalizePages,2048,1
85,9617,7778.5300363999995,1,VSM.DynamicRaster,17408,1
85,9617,7778.5300363999995,1,VSM.UnityCompatibilityRaster,0,0
85,9617,7778.5300363999995,1,VSM.Resolve,6921984,1
85,9617,7778.5300363999995,1,VSM.ResolveTrace,6782720,1
85,9617,7778.5300363999995,1,VSM.FilterHorizontal,65792,1
85,9617,7778.5300363999995,1,VSM.FilterVertical,0,0
85,9617,7778.5300363999995,1,VSM.FilterTemporalVertical,72704,1
86,9618,7778.5590165999993,1,VSM.PageOccupancy,60672,1
86,9618,7778.5590165999993,1,VSM.LayoutRemap,2560,1
86,9618,7778.5590165999993,1,VSM.ResetFeedback,2304,1
86,9618,7778.5590165999993,1,VSM.MarkReceiverPages,901888,1
86,9618,7778.5590165999993,1,VSM.Allocate,1949184,1
86,9618,7778.5590165999993,1,VSM.InvalidateStatic,2304,1
86,9618,7778.5590165999993,1,VSM.ClearPhysicalPages,173568,1
86,9618,7778.5590165999993,1,VSM.StaticCasterCull,57856,1
86,9618,7778.5590165999993,1,VSM.DynamicCasterCull,0,1
86,9618,7778.5590165999993,1,VSM.PageCull,38912,1
86,9618,7778.5590165999993,1,VSM.StaticRaster,8011264,1
86,9618,7778.5590165999993,1,VSM.FinalizePages,2048,1
86,9618,7778.5590165999993,1,VSM.DynamicRaster,16128,1
86,9618,7778.5590165999993,1,VSM.UnityCompatibilityRaster,0,0
86,9618,7778.5590165999993,1,VSM.Resolve,7452672,1
86,9618,7778.5590165999993,1,VSM.ResolveTrace,7314944,1
86,9618,7778.5590165999993,1,VSM.FilterHorizontal,64512,1
86,9618,7778.5590165999993,1,VSM.FilterVertical,0,0
86,9618,7778.5590165999993,1,VSM.FilterTemporalVertical,72192,1
87,9619,7778.58815,1,VSM.PageOccupancy,59392,1
87,9619,7778.58815,1,VSM.LayoutRemap,2304,1
87,9619,7778.58815,1,VSM.ResetFeedback,2048,1
87,9619,7778.58815,1,VSM.MarkReceiverPages,669952,1
87,9619,7778.58815,1,VSM.Allocate,1933824,1
87,9619,7778.58815,1,VSM.InvalidateStatic,1792,1
87,9619,7778.58815,1,VSM.ClearPhysicalPages,381952,1
87,9619,7778.58815,1,VSM.StaticCasterCull,57344,1
87,9619,7778.58815,1,VSM.DynamicCasterCull,0,1
87,9619,7778.58815,1,VSM.PageCull,38656,1
87,9619,7778.58815,1,VSM.StaticRaster,8032768,1
87,9619,7778.58815,1,VSM.FinalizePages,2048,1
87,9619,7778.58815,1,VSM.DynamicRaster,4352,1
87,9619,7778.58815,1,VSM.UnityCompatibilityRaster,0,0
87,9619,7778.58815,1,VSM.Resolve,7260160,1
87,9619,7778.58815,1,VSM.ResolveTrace,7120896,1
87,9619,7778.58815,1,VSM.FilterHorizontal,64768,1
87,9619,7778.58815,1,VSM.FilterVertical,0,0
87,9619,7778.58815,1,VSM.FilterTemporalVertical,73472,1
88,9620,7778.6158443999993,1,VSM.PageOccupancy,55552,1
88,9620,7778.6158443999993,1,VSM.LayoutRemap,2560,1
88,9620,7778.6158443999993,1,VSM.ResetFeedback,2048,1
88,9620,7778.6158443999993,1,VSM.MarkReceiverPages,673536,1
88,9620,7778.6158443999993,1,VSM.Allocate,1951232,1
88,9620,7778.6158443999993,1,VSM.InvalidateStatic,1792,1
88,9620,7778.6158443999993,1,VSM.ClearPhysicalPages,173824,1
88,9620,7778.6158443999993,1,VSM.StaticCasterCull,58624,1
88,9620,7778.6158443999993,1,VSM.DynamicCasterCull,0,1
88,9620,7778.6158443999993,1,VSM.PageCull,39424,1
88,9620,7778.6158443999993,1,VSM.StaticRaster,8125952,1
88,9620,7778.6158443999993,1,VSM.FinalizePages,2816,1
88,9620,7778.6158443999993,1,VSM.DynamicRaster,15616,1
88,9620,7778.6158443999993,1,VSM.UnityCompatibilityRaster,0,0
88,9620,7778.6158443999993,1,VSM.Resolve,8125952,1
88,9620,7778.6158443999993,1,VSM.ResolveTrace,7668992,1
88,9620,7778.6158443999993,1,VSM.FilterHorizontal,67328,1
88,9620,7778.6158443999993,1,VSM.FilterVertical,0,0
88,9620,7778.6158443999993,1,VSM.FilterTemporalVertical,72704,1
89,9621,7778.644114,1,VSM.PageOccupancy,57088,1
89,9621,7778.644114,1,VSM.LayoutRemap,2304,1
89,9621,7778.644114,1,VSM.ResetFeedback,2304,1
89,9621,7778.644114,1,VSM.MarkReceiverPages,900096,1
89,9621,7778.644114,1,VSM.Allocate,1955072,1
89,9621,7778.644114,1,VSM.InvalidateStatic,1792,1
89,9621,7778.644114,1,VSM.ClearPhysicalPages,175104,1
89,9621,7778.644114,1,VSM.StaticCasterCull,56832,1
89,9621,7778.644114,1,VSM.DynamicCasterCull,0,1
89,9621,7778.644114,1,VSM.PageCull,37888,1
89,9621,7778.644114,1,VSM.StaticRaster,8153856,1
89,9621,7778.644114,1,VSM.FinalizePages,1792,1
89,9621,7778.644114,1,VSM.DynamicRaster,17920,1
89,9621,7778.644114,1,VSM.UnityCompatibilityRaster,0,0
89,9621,7778.644114,1,VSM.Resolve,7556352,1
89,9621,7778.644114,1,VSM.ResolveTrace,7415552,1
89,9621,7778.644114,1,VSM.FilterHorizontal,66560,1
89,9621,7778.644114,1,VSM.FilterVertical,0,0
89,9621,7778.644114,1,VSM.FilterTemporalVertical,72960,1
90,9622,7778.6729480999993,1,VSM.PageOccupancy,56064,1
90,9622,7778.6729480999993,1,VSM.LayoutRemap,2560,1
90,9622,7778.6729480999993,1,VSM.ResetFeedback,2048,1
90,9622,7778.6729480999993,1,VSM.MarkReceiverPages,713984,1
90,9622,7778.6729480999993,1,VSM.Allocate,1954816,1
90,9622,7778.6729480999993,1,VSM.InvalidateStatic,2048,1
90,9622,7778.6729480999993,1,VSM.ClearPhysicalPages,175616,1
90,9622,7778.6729480999993,1,VSM.StaticCasterCull,57600,1
90,9622,7778.6729480999993,1,VSM.DynamicCasterCull,0,1
90,9622,7778.6729480999993,1,VSM.PageCull,38400,1
90,9622,7778.6729480999993,1,VSM.StaticRaster,8087808,1
90,9622,7778.6729480999993,1,VSM.FinalizePages,2304,1
90,9622,7778.6729480999993,1,VSM.DynamicRaster,4096,1
90,9622,7778.6729480999993,1,VSM.UnityCompatibilityRaster,0,0
90,9622,7778.6729480999993,1,VSM.Resolve,6986496,1
90,9622,7778.6729480999993,1,VSM.ResolveTrace,6847232,1
90,9622,7778.6729480999993,1,VSM.FilterHorizontal,65024,1
90,9622,7778.6729480999993,1,VSM.FilterVertical,0,0
90,9622,7778.6729480999993,1,VSM.FilterTemporalVertical,73216,1
91,9623,7778.7010732,1,VSM.PageOccupancy,60160,1
91,9623,7778.7010732,1,VSM.LayoutRemap,2304,1
91,9623,7778.7010732,1,VSM.ResetFeedback,2048,1
91,9623,7778.7010732,1,VSM.MarkReceiverPages,1208576,1
91,9623,7778.7010732,1,VSM.Allocate,1942784,1
91,9623,7778.7010732,1,VSM.InvalidateStatic,1792,1
91,9623,7778.7010732,1,VSM.ClearPhysicalPages,173824,1
91,9623,7778.7010732,1,VSM.StaticCasterCull,56832,1
91,9623,7778.7010732,1,VSM.DynamicCasterCull,0,1
91,9623,7778.7010732,1,VSM.PageCull,38144,1
91,9623,7778.7010732,1,VSM.StaticRaster,8038400,1
91,9623,7778.7010732,1,VSM.FinalizePages,2560,1
91,9623,7778.7010732,1,VSM.DynamicRaster,8960,1
91,9623,7778.7010732,1,VSM.UnityCompatibilityRaster,0,0
91,9623,7778.7010732,1,VSM.Resolve,7621632,1
91,9623,7778.7010732,1,VSM.ResolveTrace,7481344,1
91,9623,7778.7010732,1,VSM.FilterHorizontal,66304,1
91,9623,7778.7010732,1,VSM.FilterVertical,0,0
91,9623,7778.7010732,1,VSM.FilterTemporalVertical,72704,1
92,9624,7778.7295103999995,1,VSM.PageOccupancy,58624,1
92,9624,7778.7295103999995,1,VSM.LayoutRemap,2304,1
92,9624,7778.7295103999995,1,VSM.ResetFeedback,1792,1
92,9624,7778.7295103999995,1,VSM.MarkReceiverPages,1047040,1
92,9624,7778.7295103999995,1,VSM.Allocate,1954048,1
92,9624,7778.7295103999995,1,VSM.InvalidateStatic,2560,1
92,9624,7778.7295103999995,1,VSM.ClearPhysicalPages,175872,1
92,9624,7778.7295103999995,1,VSM.StaticCasterCull,58880,1
92,9624,7778.7295103999995,1,VSM.DynamicCasterCull,0,1
92,9624,7778.7295103999995,1,VSM.PageCull,39424,1
92,9624,7778.7295103999995,1,VSM.StaticRaster,8283648,1
92,9624,7778.7295103999995,1,VSM.FinalizePages,2048,1
92,9624,7778.7295103999995,1,VSM.DynamicRaster,16384,1
92,9624,7778.7295103999995,1,VSM.UnityCompatibilityRaster,0,0
92,9624,7778.7295103999995,1,VSM.Resolve,7339008,1
92,9624,7778.7295103999995,1,VSM.ResolveTrace,7199232,1
92,9624,7778.7295103999995,1,VSM.FilterHorizontal,65792,1
92,9624,7778.7295103999995,1,VSM.FilterVertical,0,0
92,9624,7778.7295103999995,1,VSM.FilterTemporalVertical,72960,1
93,9625,7778.7457835,1,VSM.PageOccupancy,58368,1
93,9625,7778.7457835,1,VSM.LayoutRemap,2304,1
93,9625,7778.7457835,1,VSM.ResetFeedback,1792,1
93,9625,7778.7457835,1,VSM.MarkReceiverPages,1010432,1
93,9625,7778.7457835,1,VSM.Allocate,1940224,1
93,9625,7778.7457835,1,VSM.InvalidateStatic,2048,1
93,9625,7778.7457835,1,VSM.ClearPhysicalPages,173312,1
93,9625,7778.7457835,1,VSM.StaticCasterCull,57088,1
93,9625,7778.7457835,1,VSM.DynamicCasterCull,0,1
93,9625,7778.7457835,1,VSM.PageCull,38144,1
93,9625,7778.7457835,1,VSM.StaticRaster,8243200,1
93,9625,7778.7457835,1,VSM.FinalizePages,2048,1
93,9625,7778.7457835,1,VSM.DynamicRaster,4096,1
93,9625,7778.7457835,1,VSM.UnityCompatibilityRaster,0,0
93,9625,7778.7457835,1,VSM.Resolve,7127040,1
93,9625,7778.7457835,1,VSM.ResolveTrace,6989312,1
93,9625,7778.7457835,1,VSM.FilterHorizontal,64512,1
93,9625,7778.7457835,1,VSM.FilterVertical,0,0
93,9625,7778.7457835,1,VSM.FilterTemporalVertical,71936,1
94,9626,7778.7630597,1,VSM.PageOccupancy,58624,1
94,9626,7778.7630597,1,VSM.LayoutRemap,2304,1
94,9626,7778.7630597,1,VSM.ResetFeedback,2048,1
94,9626,7778.7630597,1,VSM.MarkReceiverPages,681472,1
94,9626,7778.7630597,1,VSM.Allocate,1933312,1
94,9626,7778.7630597,1,VSM.InvalidateStatic,2048,1
94,9626,7778.7630597,1,VSM.ClearPhysicalPages,173312,1
94,9626,7778.7630597,1,VSM.StaticCasterCull,59136,1
94,9626,7778.7630597,1,VSM.DynamicCasterCull,0,1
94,9626,7778.7630597,1,VSM.PageCull,39680,1
94,9626,7778.7630597,1,VSM.StaticRaster,7930112,1
94,9626,7778.7630597,1,VSM.FinalizePages,2048,1
94,9626,7778.7630597,1,VSM.DynamicRaster,14080,1
94,9626,7778.7630597,1,VSM.UnityCompatibilityRaster,0,0
94,9626,7778.7630597,1,VSM.Resolve,7769856,1
94,9626,7778.7630597,1,VSM.ResolveTrace,7630592,1
94,9626,7778.7630597,1,VSM.FilterHorizontal,65024,1
94,9626,7778.7630597,1,VSM.FilterVertical,0,0
94,9626,7778.7630597,1,VSM.FilterTemporalVertical,73216,1
95,9627,7778.7803177999995,1,VSM.PageOccupancy,58624,1
95,9627,7778.7803177999995,1,VSM.LayoutRemap,0,1
95,9627,7778.7803177999995,1,VSM.ResetFeedback,0,1
95,9627,7778.7803177999995,1,VSM.MarkReceiverPages,687360,1
95,9627,7778.7803177999995,1,VSM.Allocate,225536,1
95,9627,7778.7803177999995,1,VSM.InvalidateStatic,0,0
95,9627,7778.7803177999995,1,VSM.ClearPhysicalPages,90368,1
95,9627,7778.7803177999995,1,VSM.StaticCasterCull,69120,1
95,9627,7778.7803177999995,1,VSM.DynamicCasterCull,0,1
95,9627,7778.7803177999995,1,VSM.PageCull,50176,1
95,9627,7778.7803177999995,1,VSM.StaticRaster,7168,1
95,9627,7778.7803177999995,1,VSM.FinalizePages,1792,1
95,9627,7778.7803177999995,1,VSM.DynamicRaster,13824,1
95,9627,7778.7803177999995,1,VSM.UnityCompatibilityRaster,0,0
95,9627,7778.7803177999995,1,VSM.Resolve,6907136,1
95,9627,7778.7803177999995,1,VSM.ResolveTrace,6682112,1
95,9627,7778.7803177999995,1,VSM.FilterHorizontal,66304,1
95,9627,7778.7803177999995,1,VSM.FilterVertical,0,0
95,9627,7778.7803177999995,1,VSM.FilterTemporalVertical,157440,1
96,9628,7778.7972555999995,1,VSM.PageOccupancy,58624,1
96,9628,7778.7972555999995,1,VSM.LayoutRemap,0,1
96,9628,7778.7972555999995,1,VSM.ResetFeedback,0,1
96,9628,7778.7972555999995,1,VSM.MarkReceiverPages,684544,1
96,9628,7778.7972555999995,1,VSM.Allocate,222976,1
96,9628,7778.7972555999995,1,VSM.InvalidateStatic,0,0
96,9628,7778.7972555999995,1,VSM.ClearPhysicalPages,91136,1
96,9628,7778.7972555999995,1,VSM.StaticCasterCull,65792,1
96,9628,7778.7972555999995,1,VSM.DynamicCasterCull,0,1
96,9628,7778.7972555999995,1,VSM.PageCull,47104,1
96,9628,7778.7972555999995,1,VSM.StaticRaster,7424,1
96,9628,7778.7972555999995,1,VSM.FinalizePages,2048,1
96,9628,7778.7972555999995,1,VSM.DynamicRaster,11776,1
96,9628,7778.7972555999995,1,VSM.UnityCompatibilityRaster,0,0
96,9628,7778.7972555999995,1,VSM.Resolve,6754816,1
96,9628,7778.7972555999995,1,VSM.ResolveTrace,6524416,1
96,9628,7778.7972555999995,1,VSM.FilterHorizontal,67840,1
96,9628,7778.7972555999995,1,VSM.FilterVertical,0,0
96,9628,7778.7972555999995,1,VSM.FilterTemporalVertical,161280,1
97,9629,7778.8254719999995,1,VSM.PageOccupancy,58880,1
97,9629,7778.8254719999995,1,VSM.LayoutRemap,0,1
97,9629,7778.8254719999995,1,VSM.ResetFeedback,0,1
97,9629,7778.8254719999995,1,VSM.MarkReceiverPages,681216,1
97,9629,7778.8254719999995,1,VSM.Allocate,223488,1
97,9629,7778.8254719999995,1,VSM.InvalidateStatic,0,0
97,9629,7778.8254719999995,1,VSM.ClearPhysicalPages,90880,1
97,9629,7778.8254719999995,1,VSM.StaticCasterCull,69376,1
97,9629,7778.8254719999995,1,VSM.DynamicCasterCull,0,1
97,9629,7778.8254719999995,1,VSM.PageCull,50432,1
97,9629,7778.8254719999995,1,VSM.StaticRaster,7168,1
97,9629,7778.8254719999995,1,VSM.FinalizePages,1792,1
97,9629,7778.8254719999995,1,VSM.DynamicRaster,12032,1
97,9629,7778.8254719999995,1,VSM.UnityCompatibilityRaster,0,0
97,9629,7778.8254719999995,1,VSM.Resolve,7499776,1
97,9629,7778.8254719999995,1,VSM.ResolveTrace,7076096,1
97,9629,7778.8254719999995,1,VSM.FilterHorizontal,67328,1
97,9629,7778.8254719999995,1,VSM.FilterVertical,0,0
97,9629,7778.8254719999995,1,VSM.FilterTemporalVertical,160512,1
98,9630,7778.8420850999992,1,VSM.PageOccupancy,58368,1
98,9630,7778.8420850999992,1,VSM.LayoutRemap,0,1
98,9630,7778.8420850999992,1,VSM.ResetFeedback,0,1
98,9630,7778.8420850999992,1,VSM.MarkReceiverPages,684544,1
98,9630,7778.8420850999992,1,VSM.Allocate,223488,1
98,9630,7778.8420850999992,1,VSM.InvalidateStatic,0,0
98,9630,7778.8420850999992,1,VSM.ClearPhysicalPages,90624,1
98,9630,7778.8420850999992,1,VSM.StaticCasterCull,67072,1
98,9630,7778.8420850999992,1,VSM.DynamicCasterCull,0,1
98,9630,7778.8420850999992,1,VSM.PageCull,48128,1
98,9630,7778.8420850999992,1,VSM.StaticRaster,7168,1
98,9630,7778.8420850999992,1,VSM.FinalizePages,2048,1
98,9630,7778.8420850999992,1,VSM.DynamicRaster,12800,1
98,9630,7778.8420850999992,1,VSM.UnityCompatibilityRaster,0,0
98,9630,7778.8420850999992,1,VSM.Resolve,6729216,1
98,9630,7778.8420850999992,1,VSM.ResolveTrace,6505472,1
98,9630,7778.8420850999992,1,VSM.FilterHorizontal,65024,1
98,9630,7778.8420850999992,1,VSM.FilterVertical,0,0
98,9630,7778.8420850999992,1,VSM.FilterTemporalVertical,157696,1
99,9631,7778.8579513999994,1,VSM.PageOccupancy,58624,1
99,9631,7778.8579513999994,1,VSM.LayoutRemap,2304,1
99,9631,7778.8579513999994,1,VSM.ResetFeedback,2048,1
99,9631,7778.8579513999994,1,VSM.MarkReceiverPages,683008,1
99,9631,7778.8579513999994,1,VSM.Allocate,1955328,1
99,9631,7778.8579513999994,1,VSM.InvalidateStatic,2048,1
99,9631,7778.8579513999994,1,VSM.ClearPhysicalPages,175104,1
99,9631,7778.8579513999994,1,VSM.StaticCasterCull,56576,1
99,9631,7778.8579513999994,1,VSM.DynamicCasterCull,0,1
99,9631,7778.8579513999994,1,VSM.PageCull,37888,1
99,9631,7778.8579513999994,1,VSM.StaticRaster,8094976,1
99,9631,7778.8579513999994,1,VSM.FinalizePages,2560,1
99,9631,7778.8579513999994,1,VSM.DynamicRaster,16896,1
99,9631,7778.8579513999994,1,VSM.UnityCompatibilityRaster,0,0
99,9631,7778.8579513999994,1,VSM.Resolve,7174144,1
99,9631,7778.8579513999994,1,VSM.ResolveTrace,7035392,1
99,9631,7778.8579513999994,1,VSM.FilterHorizontal,64768,1
99,9631,7778.8579513999994,1,VSM.FilterVertical,0,0
99,9631,7778.8579513999994,1,VSM.FilterTemporalVertical,72448,1
100,9632,7778.8732070999995,1,VSM.PageOccupancy,62208,1
100,9632,7778.8732070999995,1,VSM.LayoutRemap,0,1
100,9632,7778.8732070999995,1,VSM.ResetFeedback,0,1
100,9632,7778.8732070999995,1,VSM.MarkReceiverPages,678912,1
100,9632,7778.8732070999995,1,VSM.Allocate,226048,1
100,9632,7778.8732070999995,1,VSM.InvalidateStatic,0,0
100,9632,7778.8732070999995,1,VSM.ClearPhysicalPages,90368,1
100,9632,7778.8732070999995,1,VSM.StaticCasterCull,69120,1
100,9632,7778.8732070999995,1,VSM.DynamicCasterCull,0,1
100,9632,7778.8732070999995,1,VSM.PageCull,50176,1
100,9632,7778.8732070999995,1,VSM.StaticRaster,7168,1
100,9632,7778.8732070999995,1,VSM.FinalizePages,2048,1
100,9632,7778.8732070999995,1,VSM.DynamicRaster,14336,1
100,9632,7778.8732070999995,1,VSM.UnityCompatibilityRaster,0,0
100,9632,7778.8732070999995,1,VSM.Resolve,6964736,1
100,9632,7778.8732070999995,1,VSM.ResolveTrace,6743808,1
100,9632,7778.8732070999995,1,VSM.FilterHorizontal,64000,1
100,9632,7778.8732070999995,1,VSM.FilterVertical,0,0
100,9632,7778.8732070999995,1,VSM.FilterTemporalVertical,155648,1
101,9633,7778.8896042,1,VSM.PageOccupancy,60928,1
101,9633,7778.8896042,1,VSM.LayoutRemap,0,1
101,9633,7778.8896042,1,VSM.ResetFeedback,0,1
101,9633,7778.8896042,1,VSM.MarkReceiverPages,680448,1
101,9633,7778.8896042,1,VSM.Allocate,226816,1
101,9633,7778.8896042,1,VSM.InvalidateStatic,0,0
101,9633,7778.8896042,1,VSM.ClearPhysicalPages,90624,1
101,9633,7778.8896042,1,VSM.StaticCasterCull,68864,1
101,9633,7778.8896042,1,VSM.DynamicCasterCull,0,1
101,9633,7778.8896042,1,VSM.PageCull,50432,1
101,9633,7778.8896042,1,VSM.StaticRaster,7680,1
101,9633,7778.8896042,1,VSM.FinalizePages,2048,1
101,9633,7778.8896042,1,VSM.DynamicRaster,14848,1
101,9633,7778.8896042,1,VSM.UnityCompatibilityRaster,0,0
101,9633,7778.8896042,1,VSM.Resolve,6706432,1
101,9633,7778.8896042,1,VSM.ResolveTrace,6482176,1
101,9633,7778.8896042,1,VSM.FilterHorizontal,65792,1
101,9633,7778.8896042,1,VSM.FilterVertical,0,0
101,9633,7778.8896042,1,VSM.FilterTemporalVertical,156928,1
102,9634,7778.9185307,1,VSM.PageOccupancy,60672,1
102,9634,7778.9185307,1,VSM.LayoutRemap,0,1
102,9634,7778.9185307,1,VSM.ResetFeedback,0,1
102,9634,7778.9185307,1,VSM.MarkReceiverPages,680960,1
102,9634,7778.9185307,1,VSM.Allocate,225536,1
102,9634,7778.9185307,1,VSM.InvalidateStatic,0,0
102,9634,7778.9185307,1,VSM.ClearPhysicalPages,90880,1
102,9634,7778.9185307,1,VSM.StaticCasterCull,68352,1
102,9634,7778.9185307,1,VSM.DynamicCasterCull,0,1
102,9634,7778.9185307,1,VSM.PageCull,49664,1
102,9634,7778.9185307,1,VSM.StaticRaster,7424,1
102,9634,7778.9185307,1,VSM.FinalizePages,1536,1
102,9634,7778.9185307,1,VSM.DynamicRaster,13824,1
102,9634,7778.9185307,1,VSM.UnityCompatibilityRaster,0,0
102,9634,7778.9185307,1,VSM.Resolve,6393856,1
102,9634,7778.9185307,1,VSM.ResolveTrace,6168576,1
102,9634,7778.9185307,1,VSM.FilterHorizontal,64000,1
102,9634,7778.9185307,1,VSM.FilterVertical,0,0
102,9634,7778.9185307,1,VSM.FilterTemporalVertical,160000,1
103,9635,7778.9456633,1,VSM.PageOccupancy,59904,1
103,9635,7778.9456633,1,VSM.LayoutRemap,0,1
103,9635,7778.9456633,1,VSM.ResetFeedback,0,1
103,9635,7778.9456633,1,VSM.MarkReceiverPages,680704,1
103,9635,7778.9456633,1,VSM.Allocate,224512,1
103,9635,7778.9456633,1,VSM.InvalidateStatic,0,0
103,9635,7778.9456633,1,VSM.ClearPhysicalPages,90880,1
103,9635,7778.9456633,1,VSM.StaticCasterCull,69120,1
103,9635,7778.9456633,1,VSM.DynamicCasterCull,0,1
103,9635,7778.9456633,1,VSM.PageCull,50176,1
103,9635,7778.9456633,1,VSM.StaticRaster,7168,1
103,9635,7778.9456633,1,VSM.FinalizePages,1792,1
103,9635,7778.9456633,1,VSM.DynamicRaster,13056,1
103,9635,7778.9456633,1,VSM.UnityCompatibilityRaster,0,0
103,9635,7778.9456633,1,VSM.Resolve,6502400,1
103,9635,7778.9456633,1,VSM.ResolveTrace,6277888,1
103,9635,7778.9456633,1,VSM.FilterHorizontal,65536,1
103,9635,7778.9456633,1,VSM.FilterVertical,0,0
103,9635,7778.9456633,1,VSM.FilterTemporalVertical,157696,1
104,9636,7778.9734808999992,1,VSM.PageOccupancy,57600,1
104,9636,7778.9734808999992,1,VSM.LayoutRemap,2560,1
104,9636,7778.9734808999992,1,VSM.ResetFeedback,2048,1
104,9636,7778.9734808999992,1,VSM.MarkReceiverPages,1006336,1
104,9636,7778.9734808999992,1,VSM.Allocate,1950208,1
104,9636,7778.9734808999992,1,VSM.InvalidateStatic,1792,1
104,9636,7778.9734808999992,1,VSM.ClearPhysicalPages,174336,1
104,9636,7778.9734808999992,1,VSM.StaticCasterCull,292096,1
104,9636,7778.9734808999992,1,VSM.DynamicCasterCull,0,1
104,9636,7778.9734808999992,1,VSM.PageCull,272896,1
104,9636,7778.9734808999992,1,VSM.StaticRaster,8070656,1
104,9636,7778.9734808999992,1,VSM.FinalizePages,2304,1
104,9636,7778.9734808999992,1,VSM.DynamicRaster,4096,1
104,9636,7778.9734808999992,1,VSM.UnityCompatibilityRaster,0,0
104,9636,7778.9734808999992,1,VSM.Resolve,7261184,1
104,9636,7778.9734808999992,1,VSM.ResolveTrace,7123200,1
104,9636,7778.9734808999992,1,VSM.FilterHorizontal,65024,1
104,9636,7778.9734808999992,1,VSM.FilterVertical,0,0
104,9636,7778.9734808999992,1,VSM.FilterTemporalVertical,71680,1
105,9637,7779.0021035,1,VSM.PageOccupancy,59648,1
105,9637,7779.0021035,1,VSM.LayoutRemap,2304,1
105,9637,7779.0021035,1,VSM.ResetFeedback,1792,1
105,9637,7779.0021035,1,VSM.MarkReceiverPages,686848,1
105,9637,7779.0021035,1,VSM.Allocate,1954304,1
105,9637,7779.0021035,1,VSM.InvalidateStatic,1792,1
105,9637,7779.0021035,1,VSM.ClearPhysicalPages,175360,1
105,9637,7779.0021035,1,VSM.StaticCasterCull,58112,1
105,9637,7779.0021035,1,VSM.DynamicCasterCull,0,1
105,9637,7779.0021035,1,VSM.PageCull,39424,1
105,9637,7779.0021035,1,VSM.StaticRaster,8183296,1
105,9637,7779.0021035,1,VSM.FinalizePages,2048,1
105,9637,7779.0021035,1,VSM.DynamicRaster,15360,1
105,9637,7779.0021035,1,VSM.UnityCompatibilityRaster,0,0
105,9637,7779.0021035,1,VSM.Resolve,6542592,1
105,9637,7779.0021035,1,VSM.ResolveTrace,6403072,1
105,9637,7779.0021035,1,VSM.FilterHorizontal,65536,1
105,9637,7779.0021035,1,VSM.FilterVertical,0,0
105,9637,7779.0021035,1,VSM.FilterTemporalVertical,72704,1
106,9638,7779.031832,1,VSM.PageOccupancy,55808,1
106,9638,7779.031832,1,VSM.LayoutRemap,2304,1
106,9638,7779.031832,1,VSM.ResetFeedback,2048,1
106,9638,7779.031832,1,VSM.MarkReceiverPages,1038592,1
106,9638,7779.031832,1,VSM.Allocate,1955840,1
106,9638,7779.031832,1,VSM.InvalidateStatic,2048,1
106,9638,7779.031832,1,VSM.ClearPhysicalPages,175616,1
106,9638,7779.031832,1,VSM.StaticCasterCull,60160,1
106,9638,7779.031832,1,VSM.DynamicCasterCull,0,1
106,9638,7779.031832,1,VSM.PageCull,40704,1
106,9638,7779.031832,1,VSM.StaticRaster,8245248,1
106,9638,7779.031832,1,VSM.FinalizePages,2048,1
106,9638,7779.031832,1,VSM.DynamicRaster,15104,1
106,9638,7779.031832,1,VSM.UnityCompatibilityRaster,0,0
106,9638,7779.031832,1,VSM.Resolve,7046656,1
106,9638,7779.031832,1,VSM.ResolveTrace,6907136,1
106,9638,7779.031832,1,VSM.FilterHorizontal,64768,1
106,9638,7779.031832,1,VSM.FilterVertical,0,0
106,9638,7779.031832,1,VSM.FilterTemporalVertical,73216,1
107,9639,7779.0616579,1,VSM.PageOccupancy,56576,1
107,9639,7779.0616579,1,VSM.LayoutRemap,2304,1
107,9639,7779.0616579,1,VSM.ResetFeedback,1792,1
107,9639,7779.0616579,1,VSM.MarkReceiverPages,705536,1
107,9639,7779.0616579,1,VSM.Allocate,1940992,1
107,9639,7779.0616579,1,VSM.InvalidateStatic,1792,1
107,9639,7779.0616579,1,VSM.ClearPhysicalPages,173568,1
107,9639,7779.0616579,1,VSM.StaticCasterCull,58112,1
107,9639,7779.0616579,1,VSM.DynamicCasterCull,0,1
107,9639,7779.0616579,1,VSM.PageCull,38656,1
107,9639,7779.0616579,1,VSM.StaticRaster,8251392,1
107,9639,7779.0616579,1,VSM.FinalizePages,2048,1
107,9639,7779.0616579,1,VSM.DynamicRaster,15360,1
107,9639,7779.0616579,1,VSM.UnityCompatibilityRaster,0,0
107,9639,7779.0616579,1,VSM.Resolve,7384832,1
107,9639,7779.0616579,1,VSM.ResolveTrace,7247104,1
107,9639,7779.0616579,1,VSM.FilterHorizontal,64512,1
107,9639,7779.0616579,1,VSM.FilterVertical,0,0
107,9639,7779.0616579,1,VSM.FilterTemporalVertical,72448,1
108,9640,7779.0909219,1,VSM.PageOccupancy,56832,1
108,9640,7779.0909219,1,VSM.LayoutRemap,2304,1
108,9640,7779.0909219,1,VSM.ResetFeedback,1792,1
108,9640,7779.0909219,1,VSM.MarkReceiverPages,908288,1
108,9640,7779.0909219,1,VSM.Allocate,1933824,1
108,9640,7779.0909219,1,VSM.InvalidateStatic,2048,1
108,9640,7779.0909219,1,VSM.ClearPhysicalPages,173824,1
108,9640,7779.0909219,1,VSM.StaticCasterCull,57088,1
108,9640,7779.0909219,1,VSM.DynamicCasterCull,0,1
108,9640,7779.0909219,1,VSM.PageCull,38656,1
108,9640,7779.0909219,1,VSM.StaticRaster,8211968,1
108,9640,7779.0909219,1,VSM.FinalizePages,2304,1
108,9640,7779.0909219,1,VSM.DynamicRaster,14592,1
108,9640,7779.0909219,1,VSM.UnityCompatibilityRaster,0,0
108,9640,7779.0909219,1,VSM.Resolve,7622144,1
108,9640,7779.0909219,1,VSM.ResolveTrace,7300864,1
108,9640,7779.0909219,1,VSM.FilterHorizontal,65280,1
108,9640,7779.0909219,1,VSM.FilterVertical,0,0
108,9640,7779.0909219,1,VSM.FilterTemporalVertical,72448,1
109,9641,7779.1202651999993,1,VSM.PageOccupancy,56832,1
109,9641,7779.1202651999993,1,VSM.LayoutRemap,2560,1
109,9641,7779.1202651999993,1,VSM.ResetFeedback,2048,1
109,9641,7779.1202651999993,1,VSM.MarkReceiverPages,697344,1
109,9641,7779.1202651999993,1,VSM.Allocate,1947136,1
109,9641,7779.1202651999993,1,VSM.InvalidateStatic,2304,1
109,9641,7779.1202651999993,1,VSM.ClearPhysicalPages,174592,1
109,9641,7779.1202651999993,1,VSM.StaticCasterCull,57088,1
109,9641,7779.1202651999993,1,VSM.DynamicCasterCull,0,1
109,9641,7779.1202651999993,1,VSM.PageCull,38144,1
109,9641,7779.1202651999993,1,VSM.StaticRaster,8192768,1
109,9641,7779.1202651999993,1,VSM.FinalizePages,2048,1
109,9641,7779.1202651999993,1,VSM.DynamicRaster,4096,1
109,9641,7779.1202651999993,1,VSM.UnityCompatibilityRaster,0,0
109,9641,7779.1202651999993,1,VSM.Resolve,7674368,1
109,9641,7779.1202651999993,1,VSM.ResolveTrace,7534848,1
109,9641,7779.1202651999993,1,VSM.FilterHorizontal,65024,1
109,9641,7779.1202651999993,1,VSM.FilterVertical,0,0
109,9641,7779.1202651999993,1,VSM.FilterTemporalVertical,72960,1
110,9642,7779.1485815999995,1,VSM.PageOccupancy,57088,1
110,9642,7779.1485815999995,1,VSM.LayoutRemap,2560,1
110,9642,7779.1485815999995,1,VSM.ResetFeedback,2048,1
110,9642,7779.1485815999995,1,VSM.MarkReceiverPages,1001728,1
110,9642,7779.1485815999995,1,VSM.Allocate,1932032,1
110,9642,7779.1485815999995,1,VSM.InvalidateStatic,1792,1
110,9642,7779.1485815999995,1,VSM.ClearPhysicalPages,174080,1
110,9642,7779.1485815999995,1,VSM.StaticCasterCull,57856,1
110,9642,7779.1485815999995,1,VSM.DynamicCasterCull,0,1
110,9642,7779.1485815999995,1,VSM.PageCull,38144,1
110,9642,7779.1485815999995,1,VSM.StaticRaster,8081664,1
110,9642,7779.1485815999995,1,VSM.FinalizePages,2304,1
110,9642,7779.1485815999995,1,VSM.DynamicRaster,4096,1
110,9642,7779.1485815999995,1,VSM.UnityCompatibilityRaster,0,0
110,9642,7779.1485815999995,1,VSM.Resolve,7621888,1
110,9642,7779.1485815999995,1,VSM.ResolveTrace,7282432,1
110,9642,7779.1485815999995,1,VSM.FilterHorizontal,264960,1
110,9642,7779.1485815999995,1,VSM.FilterVertical,0,0
110,9642,7779.1485815999995,1,VSM.FilterTemporalVertical,73472,1
111,9643,7779.1775668,1,VSM.PageOccupancy,56064,1
111,9643,7779.1775668,1,VSM.LayoutRemap,2304,1
111,9643,7779.1775668,1,VSM.ResetFeedback,2048,1
111,9643,7779.1775668,1,VSM.MarkReceiverPages,913152,1
111,9643,7779.1775668,1,VSM.Allocate,1948416,1
111,9643,7779.1775668,1,VSM.InvalidateStatic,2048,1
111,9643,7779.1775668,1,VSM.ClearPhysicalPages,173824,1
111,9643,7779.1775668,1,VSM.StaticCasterCull,57600,1
111,9643,7779.1775668,1,VSM.DynamicCasterCull,0,1
111,9643,7779.1775668,1,VSM.PageCull,37888,1
111,9643,7779.1775668,1,VSM.StaticRaster,8034304,1
111,9643,7779.1775668,1,VSM.FinalizePages,2304,1
111,9643,7779.1775668,1,VSM.DynamicRaster,15616,1
111,9643,7779.1775668,1,VSM.UnityCompatibilityRaster,0,0
111,9643,7779.1775668,1,VSM.Resolve,7544320,1
111,9643,7779.1775668,1,VSM.ResolveTrace,7407360,1
111,9643,7779.1775668,1,VSM.FilterHorizontal,64256,1
111,9643,7779.1775668,1,VSM.FilterVertical,0,0
111,9643,7779.1775668,1,VSM.FilterTemporalVertical,71680,1
112,9644,7779.2067047,1,VSM.PageOccupancy,54016,1
112,9644,7779.2067047,1,VSM.LayoutRemap,2304,1
112,9644,7779.2067047,1,VSM.ResetFeedback,2048,1
112,9644,7779.2067047,1,VSM.MarkReceiverPages,688128,1
112,9644,7779.2067047,1,VSM.Allocate,1933056,1
112,9644,7779.2067047,1,VSM.InvalidateStatic,2048,1
112,9644,7779.2067047,1,VSM.ClearPhysicalPages,173824,1
112,9644,7779.2067047,1,VSM.StaticCasterCull,57344,1
112,9644,7779.2067047,1,VSM.DynamicCasterCull,0,1
112,9644,7779.2067047,1,VSM.PageCull,38144,1
112,9644,7779.2067047,1,VSM.StaticRaster,8195072,1
112,9644,7779.2067047,1,VSM.FinalizePages,2048,1
112,9644,7779.2067047,1,VSM.DynamicRaster,4096,1
112,9644,7779.2067047,1,VSM.UnityCompatibilityRaster,0,0
112,9644,7779.2067047,1,VSM.Resolve,7293440,1
112,9644,7779.2067047,1,VSM.ResolveTrace,7154688,1
112,9644,7779.2067047,1,VSM.FilterHorizontal,64768,1
112,9644,7779.2067047,1,VSM.FilterVertical,0,0
112,9644,7779.2067047,1,VSM.FilterTemporalVertical,72960,1
113,9645,7779.2346908,1,VSM.PageOccupancy,57344,1
113,9645,7779.2346908,1,VSM.LayoutRemap,2304,1
113,9645,7779.2346908,1,VSM.ResetFeedback,2048,1
113,9645,7779.2346908,1,VSM.MarkReceiverPages,679680,1
113,9645,7779.2346908,1,VSM.Allocate,1953024,1
113,9645,7779.2346908,1,VSM.InvalidateStatic,1792,1
113,9645,7779.2346908,1,VSM.ClearPhysicalPages,175616,1
113,9645,7779.2346908,1,VSM.StaticCasterCull,56576,1
113,9645,7779.2346908,1,VSM.DynamicCasterCull,0,1
113,9645,7779.2346908,1,VSM.PageCull,37632,1
113,9645,7779.2346908,1,VSM.StaticRaster,8291328,1
113,9645,7779.2346908,1,VSM.FinalizePages,2048,1
113,9645,7779.2346908,1,VSM.DynamicRaster,4096,1
113,9645,7779.2346908,1,VSM.UnityCompatibilityRaster,0,0
113,9645,7779.2346908,1,VSM.Resolve,7704832,1
113,9645,7779.2346908,1,VSM.ResolveTrace,7564544,1
113,9645,7779.2346908,1,VSM.FilterHorizontal,66304,1
113,9645,7779.2346908,1,VSM.FilterVertical,0,0
113,9645,7779.2346908,1,VSM.FilterTemporalVertical,72960,1
114,9646,7779.2630919999992,1,VSM.PageOccupancy,59392,1
114,9646,7779.2630919999992,1,VSM.LayoutRemap,2304,1
114,9646,7779.2630919999992,1,VSM.ResetFeedback,2048,1
114,9646,7779.2630919999992,1,VSM.MarkReceiverPages,903936,1
114,9646,7779.2630919999992,1,VSM.Allocate,1953536,1
114,9646,7779.2630919999992,1,VSM.InvalidateStatic,2048,1
114,9646,7779.2630919999992,1,VSM.ClearPhysicalPages,175360,1
114,9646,7779.2630919999992,1,VSM.StaticCasterCull,58368,1
114,9646,7779.2630919999992,1,VSM.DynamicCasterCull,0,1
114,9646,7779.2630919999992,1,VSM.PageCull,39168,1
114,9646,7779.2630919999992,1,VSM.StaticRaster,8359424,1
114,9646,7779.2630919999992,1,VSM.FinalizePages,2048,1
114,9646,7779.2630919999992,1,VSM.DynamicRaster,4096,1
114,9646,7779.2630919999992,1,VSM.UnityCompatibilityRaster,0,0
114,9646,7779.2630919999992,1,VSM.Resolve,7544832,1
114,9646,7779.2630919999992,1,VSM.ResolveTrace,7405056,1
114,9646,7779.2630919999992,1,VSM.FilterHorizontal,65280,1
114,9646,7779.2630919999992,1,VSM.FilterVertical,0,0
114,9646,7779.2630919999992,1,VSM.FilterTemporalVertical,73472,1
115,9647,7779.2930357,1,VSM.PageOccupancy,56832,1
115,9647,7779.2930357,1,VSM.LayoutRemap,2560,1
115,9647,7779.2930357,1,VSM.ResetFeedback,1792,1
115,9647,7779.2930357,1,VSM.MarkReceiverPages,663552,1
115,9647,7779.2930357,1,VSM.Allocate,1955584,1
115,9647,7779.2930357,1,VSM.InvalidateStatic,1792,1
115,9647,7779.2930357,1,VSM.ClearPhysicalPages,175360,1
115,9647,7779.2930357,1,VSM.StaticCasterCull,56832,1
115,9647,7779.2930357,1,VSM.DynamicCasterCull,0,1
115,9647,7779.2930357,1,VSM.PageCull,37376,1
115,9647,7779.2930357,1,VSM.StaticRaster,8047616,1
115,9647,7779.2930357,1,VSM.FinalizePages,2816,1
115,9647,7779.2930357,1,VSM.DynamicRaster,8192,1
115,9647,7779.2930357,1,VSM.UnityCompatibilityRaster,0,0
115,9647,7779.2930357,1,VSM.Resolve,6860544,1
115,9647,7779.2930357,1,VSM.ResolveTrace,6721280,1
115,9647,7779.2930357,1,VSM.FilterHorizontal,65024,1
115,9647,7779.2930357,1,VSM.FilterVertical,0,0
115,9647,7779.2930357,1,VSM.FilterTemporalVertical,73216,1
116,9648,7779.3211648,1,VSM.PageOccupancy,54272,1
116,9648,7779.3211648,1,VSM.LayoutRemap,2304,1
116,9648,7779.3211648,1,VSM.ResetFeedback,2048,1
116,9648,7779.3211648,1,VSM.MarkReceiverPages,666112,1
116,9648,7779.3211648,1,VSM.Allocate,1948928,1
116,9648,7779.3211648,1,VSM.InvalidateStatic,1792,1
116,9648,7779.3211648,1,VSM.ClearPhysicalPages,173568,1
116,9648,7779.3211648,1,VSM.StaticCasterCull,57344,1
116,9648,7779.3211648,1,VSM.DynamicCasterCull,0,1
116,9648,7779.3211648,1,VSM.PageCull,38656,1
116,9648,7779.3211648,1,VSM.StaticRaster,8088576,1
116,9648,7779.3211648,1,VSM.FinalizePages,2816,1
116,9648,7779.3211648,1,VSM.DynamicRaster,4096,1
116,9648,7779.3211648,1,VSM.UnityCompatibilityRaster,0,0
116,9648,7779.3211648,1,VSM.Resolve,7436032,1
116,9648,7779.3211648,1,VSM.ResolveTrace,7298048,1
116,9648,7779.3211648,1,VSM.FilterHorizontal,64256,1
116,9648,7779.3211648,1,VSM.FilterVertical,0,0
116,9648,7779.3211648,1,VSM.FilterTemporalVertical,72448,1
117,9649,7779.3495685,1,VSM.PageOccupancy,59392,1
117,9649,7779.3495685,1,VSM.LayoutRemap,2304,1
117,9649,7779.3495685,1,VSM.ResetFeedback,2048,1
117,9649,7779.3495685,1,VSM.MarkReceiverPages,668672,1
117,9649,7779.3495685,1,VSM.Allocate,1935360,1
117,9649,7779.3495685,1,VSM.InvalidateStatic,1792,1
117,9649,7779.3495685,1,VSM.ClearPhysicalPages,173824,1
117,9649,7779.3495685,1,VSM.StaticCasterCull,57600,1
117,9649,7779.3495685,1,VSM.DynamicCasterCull,0,1
117,9649,7779.3495685,1,VSM.PageCull,38400,1
117,9649,7779.3495685,1,VSM.StaticRaster,7983104,1
117,9649,7779.3495685,1,VSM.FinalizePages,2816,1
117,9649,7779.3495685,1,VSM.DynamicRaster,5888,1
117,9649,7779.3495685,1,VSM.UnityCompatibilityRaster,0,0
117,9649,7779.3495685,1,VSM.Resolve,7759872,1
117,9649,7779.3495685,1,VSM.ResolveTrace,7620352,1
117,9649,7779.3495685,1,VSM.FilterHorizontal,66560,1
117,9649,7779.3495685,1,VSM.FilterVertical,0,0
117,9649,7779.3495685,1,VSM.FilterTemporalVertical,71424,1
118,9650,7779.3766086999995,1,VSM.PageOccupancy,55808,1
118,9650,7779.3766086999995,1,VSM.LayoutRemap,2560,1
118,9650,7779.3766086999995,1,VSM.ResetFeedback,2048,1
118,9650,7779.3766086999995,1,VSM.MarkReceiverPages,882688,1
118,9650,7779.3766086999995,1,VSM.Allocate,1946880,1
118,9650,7779.3766086999995,1,VSM.InvalidateStatic,2048,1
118,9650,7779.3766086999995,1,VSM.ClearPhysicalPages,360704,1
118,9650,7779.3766086999995,1,VSM.StaticCasterCull,61696,1
118,9650,7779.3766086999995,1,VSM.DynamicCasterCull,256,1
118,9650,7779.3766086999995,1,VSM.PageCull,37888,1
118,9650,7779.3766086999995,1,VSM.StaticRaster,7934976,1
118,9650,7779.3766086999995,1,VSM.FinalizePages,2304,1
118,9650,7779.3766086999995,1,VSM.DynamicRaster,17664,1
118,9650,7779.3766086999995,1,VSM.UnityCompatibilityRaster,0,0
118,9650,7779.3766086999995,1,VSM.Resolve,7257344,1
118,9650,7779.3766086999995,1,VSM.ResolveTrace,6957056,1
118,9650,7779.3766086999995,1,VSM.FilterHorizontal,63232,1
118,9650,7779.3766086999995,1,VSM.FilterVertical,0,0
118,9650,7779.3766086999995,1,VSM.FilterTemporalVertical,71680,1
119,9651,7779.4053908999995,1,VSM.PageOccupancy,57344,1
119,9651,7779.4053908999995,1,VSM.LayoutRemap,2304,1
119,9651,7779.4053908999995,1,VSM.ResetFeedback,2048,1
119,9651,7779.4053908999995,1,VSM.MarkReceiverPages,1013504,1
119,9651,7779.4053908999995,1,VSM.Allocate,1939200,1
119,9651,7779.4053908999995,1,VSM.InvalidateStatic,1792,1
119,9651,7779.4053908999995,1,VSM.ClearPhysicalPages,173568,1
119,9651,7779.4053908999995,1,VSM.StaticCasterCull,57344,1
119,9651,7779.4053908999995,1,VSM.DynamicCasterCull,0,1
119,9651,7779.4053908999995,1,VSM.PageCull,38400,1
119,9651,7779.4053908999995,1,VSM.StaticRaster,8038144,1
119,9651,7779.4053908999995,1,VSM.FinalizePages,2816,1
119,9651,7779.4053908999995,1,VSM.DynamicRaster,18432,1
119,9651,7779.4053908999995,1,VSM.UnityCompatibilityRaster,0,0
119,9651,7779.4053908999995,1,VSM.Resolve,7433728,1
119,9651,7779.4053908999995,1,VSM.ResolveTrace,7294720,1
119,9651,7779.4053908999995,1,VSM.FilterHorizontal,64256,1
119,9651,7779.4053908999995,1,VSM.FilterVertical,0,0
119,9651,7779.4053908999995,1,VSM.FilterTemporalVertical,73728,1
120,9652,7779.4337018,1,VSM.PageOccupancy,56320,1
120,9652,7779.4337018,1,VSM.LayoutRemap,2304,1
120,9652,7779.4337018,1,VSM.ResetFeedback,2048,1
120,9652,7779.4337018,1,VSM.MarkReceiverPages,679680,1
120,9652,7779.4337018,1,VSM.Allocate,1951232,1
120,9652,7779.4337018,1,VSM.InvalidateStatic,1792,1
120,9652,7779.4337018,1,VSM.ClearPhysicalPages,174080,1
120,9652,7779.4337018,1,VSM.StaticCasterCull,56320,1
120,9652,7779.4337018,1,VSM.DynamicCasterCull,0,1
120,9652,7779.4337018,1,VSM.PageCull,37632,1
120,9652,7779.4337018,1,VSM.StaticRaster,8386816,1
120,9652,7779.4337018,1,VSM.FinalizePages,2048,1
120,9652,7779.4337018,1,VSM.DynamicRaster,4608,1
120,9652,7779.4337018,1,VSM.UnityCompatibilityRaster,0,0
120,9652,7779.4337018,1,VSM.Resolve,6910720,1
120,9652,7779.4337018,1,VSM.ResolveTrace,6771712,1
120,9652,7779.4337018,1,VSM.FilterHorizontal,65280,1
120,9652,7779.4337018,1,VSM.FilterVertical,0,0
120,9652,7779.4337018,1,VSM.FilterTemporalVertical,72704,1
121,9653,7779.4622073,1,VSM.PageOccupancy,56320,1
121,9653,7779.4622073,1,VSM.LayoutRemap,2304,1
121,9653,7779.4622073,1,VSM.ResetFeedback,1792,1
121,9653,7779.4622073,1,VSM.MarkReceiverPages,888064,1
121,9653,7779.4622073,1,VSM.Allocate,1955072,1
121,9653,7779.4622073,1,VSM.InvalidateStatic,2048,1
121,9653,7779.4622073,1,VSM.ClearPhysicalPages,175104,1
121,9653,7779.4622073,1,VSM.StaticCasterCull,58624,1
121,9653,7779.4622073,1,VSM.DynamicCasterCull,0,1
121,9653,7779.4622073,1,VSM.PageCull,39168,1
121,9653,7779.4622073,1,VSM.StaticRaster,8086272,1
121,9653,7779.4622073,1,VSM.FinalizePages,2048,1
121,9653,7779.4622073,1,VSM.DynamicRaster,8960,1
121,9653,7779.4622073,1,VSM.UnityCompatibilityRaster,0,0
121,9653,7779.4622073,1,VSM.Resolve,7879936,1
121,9653,7779.4622073,1,VSM.ResolveTrace,7739392,1
121,9653,7779.4622073,1,VSM.FilterHorizontal,66048,1
121,9653,7779.4622073,1,VSM.FilterVertical,0,0
121,9653,7779.4622073,1,VSM.FilterTemporalVertical,73472,1
122,9654,7779.4900363,1,VSM.PageOccupancy,55552,1
122,9654,7779.4900363,1,VSM.LayoutRemap,2304,1
122,9654,7779.4900363,1,VSM.ResetFeedback,2048,1
122,9654,7779.4900363,1,VSM.MarkReceiverPages,712704,1
122,9654,7779.4900363,1,VSM.Allocate,1956608,1
122,9654,7779.4900363,1,VSM.InvalidateStatic,1792,1
122,9654,7779.4900363,1,VSM.ClearPhysicalPages,373504,1
122,9654,7779.4900363,1,VSM.StaticCasterCull,62720,1
122,9654,7779.4900363,1,VSM.DynamicCasterCull,0,1
122,9654,7779.4900363,1,VSM.PageCull,38656,1
122,9654,7779.4900363,1,VSM.StaticRaster,8054784,1
122,9654,7779.4900363,1,VSM.FinalizePages,2048,1
122,9654,7779.4900363,1,VSM.DynamicRaster,16128,1
122,9654,7779.4900363,1,VSM.UnityCompatibilityRaster,0,0
122,9654,7779.4900363,1,VSM.Resolve,7169024,1
122,9654,7779.4900363,1,VSM.ResolveTrace,7030272,1
122,9654,7779.4900363,1,VSM.FilterHorizontal,65280,1
122,9654,7779.4900363,1,VSM.FilterVertical,0,0
122,9654,7779.4900363,1,VSM.FilterTemporalVertical,72704,1
123,9655,7779.5183432999993,1,VSM.PageOccupancy,59136,1
123,9655,7779.5183432999993,1,VSM.LayoutRemap,2560,1
123,9655,7779.5183432999993,1,VSM.ResetFeedback,2048,1
123,9655,7779.5183432999993,1,VSM.MarkReceiverPages,1060864,1
123,9655,7779.5183432999993,1,VSM.Allocate,1950976,1
123,9655,7779.5183432999993,1,VSM.InvalidateStatic,1792,1
123,9655,7779.5183432999993,1,VSM.ClearPhysicalPages,389376,1
123,9655,7779.5183432999993,1,VSM.StaticCasterCull,61696,1
123,9655,7779.5183432999993,1,VSM.DynamicCasterCull,0,1
123,9655,7779.5183432999993,1,VSM.PageCull,40192,1
123,9655,7779.5183432999993,1,VSM.StaticRaster,8043520,1
123,9655,7779.5183432999993,1,VSM.FinalizePages,2048,1
123,9655,7779.5183432999993,1,VSM.DynamicRaster,4352,1
123,9655,7779.5183432999993,1,VSM.UnityCompatibilityRaster,0,0
123,9655,7779.5183432999993,1,VSM.Resolve,7480832,1
123,9655,7779.5183432999993,1,VSM.ResolveTrace,7160576,1
123,9655,7779.5183432999993,1,VSM.FilterHorizontal,64512,1
123,9655,7779.5183432999993,1,VSM.FilterVertical,0,0
123,9655,7779.5183432999993,1,VSM.FilterTemporalVertical,72192,1
124,9656,7779.5459969999993,1,VSM.PageOccupancy,60160,1
124,9656,7779.5459969999993,1,VSM.LayoutRemap,3072,1
124,9656,7779.5459969999993,1,VSM.ResetFeedback,2304,1
124,9656,7779.5459969999993,1,VSM.MarkReceiverPages,719616,1
124,9656,7779.5459969999993,1,VSM.Allocate,1934592,1
124,9656,7779.5459969999993,1,VSM.InvalidateStatic,1792,1
124,9656,7779.5459969999993,1,VSM.ClearPhysicalPages,174080,1
124,9656,7779.5459969999993,1,VSM.StaticCasterCull,57600,1
124,9656,7779.5459969999993,1,VSM.DynamicCasterCull,256,1
124,9656,7779.5459969999993,1,VSM.PageCull,38144,1
124,9656,7779.5459969999993,1,VSM.StaticRaster,8060416,1
124,9656,7779.5459969999993,1,VSM.FinalizePages,2560,1
124,9656,7779.5459969999993,1,VSM.DynamicRaster,17408,1
124,9656,7779.5459969999993,1,VSM.UnityCompatibilityRaster,0,0
124,9656,7779.5459969999993,1,VSM.Resolve,6965248,1
124,9656,7779.5459969999993,1,VSM.ResolveTrace,6825472,1
124,9656,7779.5459969999993,1,VSM.FilterHorizontal,65280,1
124,9656,7779.5459969999993,1,VSM.FilterVertical,0,0
124,9656,7779.5459969999993,1,VSM.FilterTemporalVertical,73216,1
125,9657,7779.5633072,1,VSM.PageOccupancy,52992,1
125,9657,7779.5633072,1,VSM.LayoutRemap,2560,1
125,9657,7779.5633072,1,VSM.ResetFeedback,2048,1
125,9657,7779.5633072,1,VSM.MarkReceiverPages,696320,1
125,9657,7779.5633072,1,VSM.Allocate,1948416,1
125,9657,7779.5633072,1,VSM.InvalidateStatic,1792,1
125,9657,7779.5633072,1,VSM.ClearPhysicalPages,174080,1
125,9657,7779.5633072,1,VSM.StaticCasterCull,56576,1
125,9657,7779.5633072,1,VSM.DynamicCasterCull,0,1
125,9657,7779.5633072,1,VSM.PageCull,37888,1
125,9657,7779.5633072,1,VSM.StaticRaster,7936256,1
125,9657,7779.5633072,1,VSM.FinalizePages,2816,1
125,9657,7779.5633072,1,VSM.DynamicRaster,4096,1
125,9657,7779.5633072,1,VSM.UnityCompatibilityRaster,0,0
125,9657,7779.5633072,1,VSM.Resolve,7589888,1
125,9657,7779.5633072,1,VSM.ResolveTrace,7259648,1
125,9657,7779.5633072,1,VSM.FilterHorizontal,256512,1
125,9657,7779.5633072,1,VSM.FilterVertical,0,0
125,9657,7779.5633072,1,VSM.FilterTemporalVertical,72448,1
126,9658,7779.5793159999994,1,VSM.PageOccupancy,55296,1
126,9658,7779.5793159999994,1,VSM.LayoutRemap,2304,1
126,9658,7779.5793159999994,1,VSM.ResetFeedback,2048,1
126,9658,7779.5793159999994,1,VSM.MarkReceiverPages,679680,1
126,9658,7779.5793159999994,1,VSM.Allocate,1953024,1
126,9658,7779.5793159999994,1,VSM.InvalidateStatic,1792,1
126,9658,7779.5793159999994,1,VSM.ClearPhysicalPages,506368,1
126,9658,7779.5793159999994,1,VSM.StaticCasterCull,59136,1
126,9658,7779.5793159999994,1,VSM.DynamicCasterCull,0,1
126,9658,7779.5793159999994,1,VSM.PageCull,37888,1
126,9658,7779.5793159999994,1,VSM.StaticRaster,7969280,1
126,9658,7779.5793159999994,1,VSM.FinalizePages,2560,1
126,9658,7779.5793159999994,1,VSM.DynamicRaster,16384,1
126,9658,7779.5793159999994,1,VSM.UnityCompatibilityRaster,0,0
126,9658,7779.5793159999994,1,VSM.Resolve,7108608,1
126,9658,7779.5793159999994,1,VSM.ResolveTrace,6969344,1
126,9658,7779.5793159999994,1,VSM.FilterHorizontal,66048,1
126,9658,7779.5793159999994,1,VSM.FilterVertical,0,0
126,9658,7779.5793159999994,1,VSM.FilterTemporalVertical,72192,1
127,9659,7779.5964615999992,1,VSM.PageOccupancy,58624,1
127,9659,7779.5964615999992,1,VSM.LayoutRemap,0,1
127,9659,7779.5964615999992,1,VSM.ResetFeedback,0,1
127,9659,7779.5964615999992,1,VSM.MarkReceiverPages,685568,1
127,9659,7779.5964615999992,1,VSM.Allocate,224000,1
127,9659,7779.5964615999992,1,VSM.InvalidateStatic,0,0
127,9659,7779.5964615999992,1,VSM.ClearPhysicalPages,91136,1
127,9659,7779.5964615999992,1,VSM.StaticCasterCull,63744,1
127,9659,7779.5964615999992,1,VSM.DynamicCasterCull,0,1
127,9659,7779.5964615999992,1,VSM.PageCull,45056,1
127,9659,7779.5964615999992,1,VSM.StaticRaster,5120,1
127,9659,7779.5964615999992,1,VSM.FinalizePages,1792,1
127,9659,7779.5964615999992,1,VSM.DynamicRaster,11776,1
127,9659,7779.5964615999992,1,VSM.UnityCompatibilityRaster,0,0
127,9659,7779.5964615999992,1,VSM.Resolve,7305984,1
127,9659,7779.5964615999992,1,VSM.ResolveTrace,6863616,1
127,9659,7779.5964615999992,1,VSM.FilterHorizontal,64512,1
127,9659,7779.5964615999992,1,VSM.FilterVertical,0,0
127,9659,7779.5964615999992,1,VSM.FilterTemporalVertical,376832,1
