observation,camera_frame_observed,editor_time_observed,vsm_active_observed,marker,gpu_ns,gpu_sample_count
0,1727,1315.0487027,1,VSM.LayoutRemap,0,1
0,1727,1315.0487027,1,VSM.ResetFeedback,0,1
0,1727,1315.0487027,1,VSM.MarkReceiverPages,638976,1
0,1727,1315.0487027,1,VSM.Allocate,223232,1
0,1727,1315.0487027,1,VSM.InvalidateStatic,0,0
0,1727,1315.0487027,1,VSM.ClearPhysicalPages,90112,1
0,1727,1315.0487027,1,VSM.StaticCasterCull,68096,1
0,1727,1315.0487027,1,VSM.DynamicCasterCull,0,1
0,1727,1315.0487027,1,VSM.PageCull,50176,1
0,1727,1315.0487027,1,VSM.StaticRaster,7168,1
0,1727,1315.0487027,1,VSM.FinalizePages,2048,1
0,1727,1315.0487027,1,VSM.DynamicRaster,14848,1
0,1727,1315.0487027,1,VSM.UnityCompatibilityRaster,0,0
0,1727,1315.0487027,1,VSM.Resolve,9463808,1
0,1727,1315.0487027,1,VSM.ResolveTrace,9334528,1
0,1727,1315.0487027,1,VSM.FilterHorizontal,63488,1
0,1727,1315.0487027,1,VSM.FilterVertical,64512,1
0,1727,1315.0487027,1,VSM.FilterTemporalVertical,0,0
1,1728,1315.0675711,1,VSM.LayoutRemap,0,1
1,1728,1315.0675711,1,VSM.ResetFeedback,0,1
1,1728,1315.0675711,1,VSM.MarkReceiverPages,640000,1
1,1728,1315.0675711,1,VSM.Allocate,221952,1
1,1728,1315.0675711,1,VSM.InvalidateStatic,0,0
1,1728,1315.0675711,1,VSM.ClearPhysicalPages,90112,1
1,1728,1315.0675711,1,VSM.StaticCasterCull,349440,1
1,1728,1315.0675711,1,VSM.DynamicCasterCull,0,1
1,1728,1315.0675711,1,VSM.PageCull,48640,1
1,1728,1315.0675711,1,VSM.StaticRaster,7424,1
1,1728,1315.0675711,1,VSM.FinalizePages,2304,1
1,1728,1315.0675711,1,VSM.DynamicRaster,11776,1
1,1728,1315.0675711,1,VSM.UnityCompatibilityRaster,0,0
1,1728,1315.0675711,1,VSM.Resolve,10395392,1
1,1728,1315.0675711,1,VSM.ResolveTrace,10265088,1
1,1728,1315.0675711,1,VSM.FilterHorizontal,64000,1
1,1728,1315.0675711,1,VSM.FilterVertical,65280,1
1,1728,1315.0675711,1,VSM.FilterTemporalVertical,0,0
2,1729,1315.0859260999998,1,VSM.LayoutRemap,0,1
2,1729,1315.0859260999998,1,VSM.ResetFeedback,0,1
2,1729,1315.0859260999998,1,VSM.MarkReceiverPages,641536,1
2,1729,1315.0859260999998,1,VSM.Allocate,222976,1
2,1729,1315.0859260999998,1,VSM.InvalidateStatic,0,0
2,1729,1315.0859260999998,1,VSM.ClearPhysicalPages,89600,1
2,1729,1315.0859260999998,1,VSM.StaticCasterCull,68864,1
2,1729,1315.0859260999998,1,VSM.DynamicCasterCull,0,1
2,1729,1315.0859260999998,1,VSM.PageCull,50432,1
2,1729,1315.0859260999998,1,VSM.StaticRaster,7680,1
2,1729,1315.0859260999998,1,VSM.FinalizePages,2048,1
2,1729,1315.0859260999998,1,VSM.DynamicRaster,13312,1
2,1729,1315.0859260999998,1,VSM.UnityCompatibilityRaster,0,0
2,1729,1315.0859260999998,1,VSM.Resolve,9520640,1
2,1729,1315.0859260999998,1,VSM.ResolveTrace,9391360,1
2,1729,1315.0859260999998,1,VSM.FilterHorizontal,62976,1
2,1729,1315.0859260999998,1,VSM.FilterVertical,65024,1
2,1729,1315.0859260999998,1,VSM.FilterTemporalVertical,0,0
3,1730,1315.1036385999998,1,VSM.LayoutRemap,0,1
3,1730,1315.1036385999998,1,VSM.ResetFeedback,0,1
3,1730,1315.1036385999998,1,VSM.MarkReceiverPages,640256,1
3,1730,1315.1036385999998,1,VSM.Allocate,222208,1
3,1730,1315.1036385999998,1,VSM.InvalidateStatic,0,0
3,1730,1315.1036385999998,1,VSM.ClearPhysicalPages,388096,1
3,1730,1315.1036385999998,1,VSM.StaticCasterCull,75776,1
3,1730,1315.1036385999998,1,VSM.DynamicCasterCull,0,1
3,1730,1315.1036385999998,1,VSM.PageCull,48128,1
3,1730,1315.1036385999998,1,VSM.StaticRaster,7168,1
3,1730,1315.1036385999998,1,VSM.FinalizePages,2304,1
3,1730,1315.1036385999998,1,VSM.DynamicRaster,13824,1
3,1730,1315.1036385999998,1,VSM.UnityCompatibilityRaster,0,0
3,1730,1315.1036385999998,1,VSM.Resolve,10583552,1
3,1730,1315.1036385999998,1,VSM.ResolveTrace,10254592,1
3,1730,1315.1036385999998,1,VSM.FilterHorizontal,263168,1
3,1730,1315.1036385999998,1,VSM.FilterVertical,64512,1
3,1730,1315.1036385999998,1,VSM.FilterTemporalVertical,0,0
4,1731,1315.1216243,1,VSM.LayoutRemap,0,1
4,1731,1315.1216243,1,VSM.ResetFeedback,0,1
4,1731,1315.1216243,1,VSM.MarkReceiverPages,642560,1
4,1731,1315.1216243,1,VSM.Allocate,224768,1
4,1731,1315.1216243,1,VSM.InvalidateStatic,0,0
4,1731,1315.1216243,1,VSM.ClearPhysicalPages,89600,1
4,1731,1315.1216243,1,VSM.StaticCasterCull,69120,1
4,1731,1315.1216243,1,VSM.DynamicCasterCull,256,1
4,1731,1315.1216243,1,VSM.PageCull,50688,1
4,1731,1315.1216243,1,VSM.StaticRaster,7168,1
4,1731,1315.1216243,1,VSM.FinalizePages,2048,1
4,1731,1315.1216243,1,VSM.DynamicRaster,14592,1
4,1731,1315.1216243,1,VSM.UnityCompatibilityRaster,0,0
4,1731,1315.1216243,1,VSM.Resolve,9494528,1
4,1731,1315.1216243,1,VSM.ResolveTrace,9365760,1
4,1731,1315.1216243,1,VSM.FilterHorizontal,63232,1
4,1731,1315.1216243,1,VSM.FilterVertical,64512,1
4,1731,1315.1216243,1,VSM.FilterTemporalVertical,0,0
5,1732,1315.1406746999999,1,VSM.LayoutRemap,0,1
5,1732,1315.1406746999999,1,VSM.ResetFeedback,0,1
5,1732,1315.1406746999999,1,VSM.MarkReceiverPages,639232,1
5,1732,1315.1406746999999,1,VSM.Allocate,225024,1
5,1732,1315.1406746999999,1,VSM.InvalidateStatic,0,0
5,1732,1315.1406746999999,1,VSM.ClearPhysicalPages,280064,1
5,1732,1315.1406746999999,1,VSM.StaticCasterCull,70656,1
5,1732,1315.1406746999999,1,VSM.DynamicCasterCull,0,1
5,1732,1315.1406746999999,1,VSM.PageCull,48128,1
5,1732,1315.1406746999999,1,VSM.StaticRaster,7168,1
5,1732,1315.1406746999999,1,VSM.FinalizePages,2048,1
5,1732,1315.1406746999999,1,VSM.DynamicRaster,14592,1
5,1732,1315.1406746999999,1,VSM.UnityCompatibilityRaster,0,0
5,1732,1315.1406746999999,1,VSM.Resolve,9428992,1
5,1732,1315.1406746999999,1,VSM.ResolveTrace,9299712,1
5,1732,1315.1406746999999,1,VSM.FilterHorizontal,63744,1
5,1732,1315.1406746999999,1,VSM.FilterVertical,64256,1
5,1732,1315.1406746999999,1,VSM.FilterTemporalVertical,0,0
6,1733,1315.1590446999999,1,VSM.LayoutRemap,0,1
6,1733,1315.1590446999999,1,VSM.ResetFeedback,0,1
6,1733,1315.1590446999999,1,VSM.MarkReceiverPages,640768,1
6,1733,1315.1590446999999,1,VSM.Allocate,222976,1
6,1733,1315.1590446999999,1,VSM.InvalidateStatic,0,0
6,1733,1315.1590446999999,1,VSM.ClearPhysicalPages,90112,1
6,1733,1315.1590446999999,1,VSM.StaticCasterCull,67840,1
6,1733,1315.1590446999999,1,VSM.DynamicCasterCull,256,1
6,1733,1315.1590446999999,1,VSM.PageCull,49408,1
6,1733,1315.1590446999999,1,VSM.StaticRaster,6912,1
6,1733,1315.1590446999999,1,VSM.FinalizePages,2048,1
6,1733,1315.1590446999999,1,VSM.DynamicRaster,16128,1
6,1733,1315.1590446999999,1,VSM.UnityCompatibilityRaster,0,0
6,1733,1315.1590446999999,1,VSM.Resolve,9777408,1
6,1733,1315.1590446999999,1,VSM.ResolveTrace,9647872,1
6,1733,1315.1590446999999,1,VSM.FilterHorizontal,63488,1
6,1733,1315.1590446999999,1,VSM.FilterVertical,65024,1
6,1733,1315.1590446999999,1,VSM.FilterTemporalVertical,0,0
7,1734,1315.1782520999998,1,VSM.LayoutRemap,0,1
7,1734,1315.1782520999998,1,VSM.ResetFeedback,0,1
7,1734,1315.1782520999998,1,VSM.MarkReceiverPages,640768,1
7,1734,1315.1782520999998,1,VSM.Allocate,222720,1
7,1734,1315.1782520999998,1,VSM.InvalidateStatic,0,0
7,1734,1315.1782520999998,1,VSM.ClearPhysicalPages,89600,1
7,1734,1315.1782520999998,1,VSM.StaticCasterCull,352768,1
7,1734,1315.1782520999998,1,VSM.DynamicCasterCull,0,1
7,1734,1315.1782520999998,1,VSM.PageCull,34304,1
7,1734,1315.1782520999998,1,VSM.StaticRaster,34816,1
7,1734,1315.1782520999998,1,VSM.FinalizePages,3840,1
7,1734,1315.1782520999998,1,VSM.DynamicRaster,10496,1
7,1734,1315.1782520999998,1,VSM.UnityCompatibilityRaster,0,0
7,1734,1315.1782520999998,1,VSM.Resolve,10352640,1
7,1734,1315.1782520999998,1,VSM.ResolveTrace,10223616,1
7,1734,1315.1782520999998,1,VSM.FilterHorizontal,63488,1
7,1734,1315.1782520999998,1,VSM.FilterVertical,64512,1
7,1734,1315.1782520999998,1,VSM.FilterTemporalVertical,0,0
8,1735,1315.1962288999998,1,VSM.LayoutRemap,0,1
8,1735,1315.1962288999998,1,VSM.ResetFeedback,0,1
8,1735,1315.1962288999998,1,VSM.MarkReceiverPages,641024,1
8,1735,1315.1962288999998,1,VSM.Allocate,221440,1
8,1735,1315.1962288999998,1,VSM.InvalidateStatic,0,0
8,1735,1315.1962288999998,1,VSM.ClearPhysicalPages,282112,1
8,1735,1315.1962288999998,1,VSM.StaticCasterCull,72960,1
8,1735,1315.1962288999998,1,VSM.DynamicCasterCull,256,1
8,1735,1315.1962288999998,1,VSM.PageCull,50432,1
8,1735,1315.1962288999998,1,VSM.StaticRaster,7936,1
8,1735,1315.1962288999998,1,VSM.FinalizePages,2048,1
8,1735,1315.1962288999998,1,VSM.DynamicRaster,14336,1
8,1735,1315.1962288999998,1,VSM.UnityCompatibilityRaster,0,0
8,1735,1315.1962288999998,1,VSM.Resolve,9616128,1
8,1735,1315.1962288999998,1,VSM.ResolveTrace,9487360,1
8,1735,1315.1962288999998,1,VSM.FilterHorizontal,63232,1
8,1735,1315.1962288999998,1,VSM.FilterVertical,64000,1
8,1735,1315.1962288999998,1,VSM.FilterTemporalVertical,0,0
9,1736,1315.2171469,1,VSM.LayoutRemap,0,1
9,1736,1315.2171469,1,VSM.ResetFeedback,0,1
9,1736,1315.2171469,1,VSM.MarkReceiverPages,639744,1
9,1736,1315.2171469,1,VSM.Allocate,223488,1
9,1736,1315.2171469,1,VSM.InvalidateStatic,0,0
9,1736,1315.2171469,1,VSM.ClearPhysicalPages,89856,1
9,1736,1315.2171469,1,VSM.StaticCasterCull,66304,1
9,1736,1315.2171469,1,VSM.DynamicCasterCull,0,1
9,1736,1315.2171469,1,VSM.PageCull,47360,1
9,1736,1315.2171469,1,VSM.StaticRaster,3328,1
9,1736,1315.2171469,1,VSM.FinalizePages,2048,1
9,1736,1315.2171469,1,VSM.DynamicRaster,16384,1
9,1736,1315.2171469,1,VSM.UnityCompatibilityRaster,0,0
9,1736,1315.2171469,1,VSM.Resolve,10692352,1
9,1736,1315.2171469,1,VSM.ResolveTrace,10562304,1
9,1736,1315.2171469,1,VSM.FilterHorizontal,63744,1
9,1736,1315.2171469,1,VSM.FilterVertical,65024,1
9,1736,1315.2171469,1,VSM.FilterTemporalVertical,0,0
10,1737,1315.2365808,1,VSM.LayoutRemap,0,1
10,1737,1315.2365808,1,VSM.ResetFeedback,0,1
10,1737,1315.2365808,1,VSM.MarkReceiverPages,639232,1
10,1737,1315.2365808,1,VSM.Allocate,225536,1
10,1737,1315.2365808,1,VSM.InvalidateStatic,0,0
10,1737,1315.2365808,1,VSM.ClearPhysicalPages,89600,1
10,1737,1315.2365808,1,VSM.StaticCasterCull,505344,1
10,1737,1315.2365808,1,VSM.DynamicCasterCull,0,1
10,1737,1315.2365808,1,VSM.PageCull,49408,1
10,1737,1315.2365808,1,VSM.StaticRaster,9216,1
10,1737,1315.2365808,1,VSM.FinalizePages,2304,1
10,1737,1315.2365808,1,VSM.DynamicRaster,12800,1
10,1737,1315.2365808,1,VSM.UnityCompatibilityRaster,0,0
10,1737,1315.2365808,1,VSM.Resolve,9523456,1
10,1737,1315.2365808,1,VSM.ResolveTrace,9394176,1
10,1737,1315.2365808,1,VSM.FilterHorizontal,63488,1
10,1737,1315.2365808,1,VSM.FilterVertical,65024,1
10,1737,1315.2365808,1,VSM.FilterTemporalVertical,0,0
11,1738,1315.255152,1,VSM.LayoutRemap,0,1
11,1738,1315.255152,1,VSM.ResetFeedback,0,1
11,1738,1315.255152,1,VSM.MarkReceiverPages,640512,1
11,1738,1315.255152,1,VSM.Allocate,225024,1
11,1738,1315.255152,1,VSM.InvalidateStatic,0,0
11,1738,1315.255152,1,VSM.ClearPhysicalPages,89600,1
11,1738,1315.255152,1,VSM.StaticCasterCull,66816,1
11,1738,1315.255152,1,VSM.DynamicCasterCull,0,1
11,1738,1315.255152,1,VSM.PageCull,48384,1
11,1738,1315.255152,1,VSM.StaticRaster,3328,1
11,1738,1315.255152,1,VSM.FinalizePages,2048,1
11,1738,1315.255152,1,VSM.DynamicRaster,13568,1
11,1738,1315.255152,1,VSM.UnityCompatibilityRaster,0,0
11,1738,1315.255152,1,VSM.Resolve,10845440,1
11,1738,1315.255152,1,VSM.ResolveTrace,10715648,1
11,1738,1315.255152,1,VSM.FilterHorizontal,63488,1
11,1738,1315.255152,1,VSM.FilterVertical,65024,1
11,1738,1315.255152,1,VSM.FilterTemporalVertical,0,0
12,1739,1315.2748265999999,1,VSM.LayoutRemap,0,1
12,1739,1315.2748265999999,1,VSM.ResetFeedback,0,1
12,1739,1315.2748265999999,1,VSM.MarkReceiverPages,641792,1
12,1739,1315.2748265999999,1,VSM.Allocate,224000,1
12,1739,1315.2748265999999,1,VSM.InvalidateStatic,0,0
12,1739,1315.2748265999999,1,VSM.ClearPhysicalPages,89856,1
12,1739,1315.2748265999999,1,VSM.StaticCasterCull,68096,1
12,1739,1315.2748265999999,1,VSM.DynamicCasterCull,0,1
12,1739,1315.2748265999999,1,VSM.PageCull,49152,1
12,1739,1315.2748265999999,1,VSM.StaticRaster,7424,1
12,1739,1315.2748265999999,1,VSM.FinalizePages,2048,1
12,1739,1315.2748265999999,1,VSM.DynamicRaster,13824,1
12,1739,1315.2748265999999,1,VSM.UnityCompatibilityRaster,0,0
12,1739,1315.2748265999999,1,VSM.Resolve,9545728,1
12,1739,1315.2748265999999,1,VSM.ResolveTrace,9417216,1
12,1739,1315.2748265999999,1,VSM.FilterHorizontal,62976,1
12,1739,1315.2748265999999,1,VSM.FilterVertical,64512,1
12,1739,1315.2748265999999,1,VSM.FilterTemporalVertical,0,0
13,1740,1315.2930723999998,1,VSM.LayoutRemap,0,1
13,1740,1315.2930723999998,1,VSM.ResetFeedback,0,1
13,1740,1315.2930723999998,1,VSM.MarkReceiverPages,639744,1
13,1740,1315.2930723999998,1,VSM.Allocate,225280,1
13,1740,1315.2930723999998,1,VSM.InvalidateStatic,0,0
13,1740,1315.2930723999998,1,VSM.ClearPhysicalPages,89600,1
13,1740,1315.2930723999998,1,VSM.StaticCasterCull,65792,1
13,1740,1315.2930723999998,1,VSM.DynamicCasterCull,0,1
13,1740,1315.2930723999998,1,VSM.PageCull,47104,1
13,1740,1315.2930723999998,1,VSM.StaticRaster,9472,1
13,1740,1315.2930723999998,1,VSM.FinalizePages,2048,1
13,1740,1315.2930723999998,1,VSM.DynamicRaster,14848,1
13,1740,1315.2930723999998,1,VSM.UnityCompatibilityRaster,0,0
13,1740,1315.2930723999998,1,VSM.Resolve,9861120,1
13,1740,1315.2930723999998,1,VSM.ResolveTrace,9730560,1
13,1740,1315.2930723999998,1,VSM.FilterHorizontal,64256,1
13,1740,1315.2930723999998,1,VSM.FilterVertical,65536,1
13,1740,1315.2930723999998,1,VSM.FilterTemporalVertical,0,0
14,1741,1315.3112365999998,1,VSM.LayoutRemap,0,1
14,1741,1315.3112365999998,1,VSM.ResetFeedback,0,1
14,1741,1315.3112365999998,1,VSM.MarkReceiverPages,641536,1
14,1741,1315.3112365999998,1,VSM.Allocate,224512,1
14,1741,1315.3112365999998,1,VSM.InvalidateStatic,0,0
14,1741,1315.3112365999998,1,VSM.ClearPhysicalPages,90112,1
14,1741,1315.3112365999998,1,VSM.StaticCasterCull,367872,1
14,1741,1315.3112365999998,1,VSM.DynamicCasterCull,0,1
14,1741,1315.3112365999998,1,VSM.PageCull,48384,1
14,1741,1315.3112365999998,1,VSM.StaticRaster,4352,1
14,1741,1315.3112365999998,1,VSM.FinalizePages,2816,1
14,1741,1315.3112365999998,1,VSM.DynamicRaster,16384,1
14,1741,1315.3112365999998,1,VSM.UnityCompatibilityRaster,0,0
14,1741,1315.3112365999998,1,VSM.Resolve,10743552,1
14,1741,1315.3112365999998,1,VSM.ResolveTrace,10430464,1
14,1741,1315.3112365999998,1,VSM.FilterHorizontal,62976,1
14,1741,1315.3112365999998,1,VSM.FilterVertical,64512,1
14,1741,1315.3112365999998,1,VSM.FilterTemporalVertical,0,0
15,1742,1315.3307086,1,VSM.LayoutRemap,0,1
15,1742,1315.3307086,1,VSM.ResetFeedback,0,1
15,1742,1315.3307086,1,VSM.MarkReceiverPages,641024,1
15,1742,1315.3307086,1,VSM.Allocate,224768,1
15,1742,1315.3307086,1,VSM.InvalidateStatic,0,0
15,1742,1315.3307086,1,VSM.ClearPhysicalPages,89600,1
15,1742,1315.3307086,1,VSM.StaticCasterCull,68352,1
15,1742,1315.3307086,1,VSM.DynamicCasterCull,0,1
15,1742,1315.3307086,1,VSM.PageCull,49920,1
15,1742,1315.3307086,1,VSM.StaticRaster,7168,1
15,1742,1315.3307086,1,VSM.FinalizePages,2048,1
15,1742,1315.3307086,1,VSM.DynamicRaster,12032,1
15,1742,1315.3307086,1,VSM.UnityCompatibilityRaster,0,0
15,1742,1315.3307086,1,VSM.Resolve,9970176,1
15,1742,1315.3307086,1,VSM.ResolveTrace,9651200,1
15,1742,1315.3307086,1,VSM.FilterHorizontal,63232,1
15,1742,1315.3307086,1,VSM.FilterVertical,65024,1
15,1742,1315.3307086,1,VSM.FilterTemporalVertical,0,0
16,1743,1315.3491984999998,1,VSM.LayoutRemap,0,1
16,1743,1315.3491984999998,1,VSM.ResetFeedback,0,1
16,1743,1315.3491984999998,1,VSM.MarkReceiverPages,638464,1
16,1743,1315.3491984999998,1,VSM.Allocate,225024,1
16,1743,1315.3491984999998,1,VSM.InvalidateStatic,0,0
16,1743,1315.3491984999998,1,VSM.ClearPhysicalPages,394496,1
16,1743,1315.3491984999998,1,VSM.StaticCasterCull,72448,1
16,1743,1315.3491984999998,1,VSM.DynamicCasterCull,0,1
16,1743,1315.3491984999998,1,VSM.PageCull,48640,1
16,1743,1315.3491984999998,1,VSM.StaticRaster,7424,1
16,1743,1315.3491984999998,1,VSM.FinalizePages,2304,1
16,1743,1315.3491984999998,1,VSM.DynamicRaster,13312,1
16,1743,1315.3491984999998,1,VSM.UnityCompatibilityRaster,0,0
16,1743,1315.3491984999998,1,VSM.Resolve,9521408,1
16,1743,1315.3491984999998,1,VSM.ResolveTrace,9243648,1
16,1743,1315.3491984999998,1,VSM.FilterHorizontal,63488,1
16,1743,1315.3491984999998,1,VSM.FilterVertical,212992,1
16,1743,1315.3491984999998,1,VSM.FilterTemporalVertical,0,0
17,1744,1315.3676785999999,1,VSM.LayoutRemap,0,1
17,1744,1315.3676785999999,1,VSM.ResetFeedback,0,1
17,1744,1315.3676785999999,1,VSM.MarkReceiverPages,641536,1
17,1744,1315.3676785999999,1,VSM.Allocate,221952,1
17,1744,1315.3676785999999,1,VSM.InvalidateStatic,0,0
17,1744,1315.3676785999999,1,VSM.ClearPhysicalPages,89856,1
17,1744,1315.3676785999999,1,VSM.StaticCasterCull,67840,1
17,1744,1315.3676785999999,1,VSM.DynamicCasterCull,0,1
17,1744,1315.3676785999999,1,VSM.PageCull,49152,1
17,1744,1315.3676785999999,1,VSM.StaticRaster,7680,1
17,1744,1315.3676785999999,1,VSM.FinalizePages,1792,1
17,1744,1315.3676785999999,1,VSM.DynamicRaster,14592,1
17,1744,1315.3676785999999,1,VSM.UnityCompatibilityRaster,0,0
17,1744,1315.3676785999999,1,VSM.Resolve,9534464,1
17,1744,1315.3676785999999,1,VSM.ResolveTrace,9406720,1
17,1744,1315.3676785999999,1,VSM.FilterHorizontal,63744,1
17,1744,1315.3676785999999,1,VSM.FilterVertical,62720,1
17,1744,1315.3676785999999,1,VSM.FilterTemporalVertical,0,0
18,1745,1315.3863708,1,VSM.LayoutRemap,0,1
18,1745,1315.3863708,1,VSM.ResetFeedback,0,1
18,1745,1315.3863708,1,VSM.MarkReceiverPages,641024,1
18,1745,1315.3863708,1,VSM.Allocate,225536,1
18,1745,1315.3863708,1,VSM.InvalidateStatic,0,0
18,1745,1315.3863708,1,VSM.ClearPhysicalPages,89600,1
18,1745,1315.3863708,1,VSM.StaticCasterCull,67328,1
18,1745,1315.3863708,1,VSM.DynamicCasterCull,0,1
18,1745,1315.3863708,1,VSM.PageCull,48640,1
18,1745,1315.3863708,1,VSM.StaticRaster,7424,1
18,1745,1315.3863708,1,VSM.FinalizePages,2048,1
18,1745,1315.3863708,1,VSM.DynamicRaster,14080,1
18,1745,1315.3863708,1,VSM.UnityCompatibilityRaster,0,0
18,1745,1315.3863708,1,VSM.Resolve,9833216,1
18,1745,1315.3863708,1,VSM.ResolveTrace,9523200,1
18,1745,1315.3863708,1,VSM.FilterHorizontal,245248,1
18,1745,1315.3863708,1,VSM.FilterVertical,63744,1
18,1745,1315.3863708,1,VSM.FilterTemporalVertical,0,0
19,1746,1315.404537,1,VSM.LayoutRemap,0,1
19,1746,1315.404537,1,VSM.ResetFeedback,0,1
19,1746,1315.404537,1,VSM.MarkReceiverPages,641792,1
19,1746,1315.404537,1,VSM.Allocate,225024,1
19,1746,1315.404537,1,VSM.InvalidateStatic,0,0
19,1746,1315.404537,1,VSM.ClearPhysicalPages,393728,1
19,1746,1315.404537,1,VSM.StaticCasterCull,75776,1
19,1746,1315.404537,1,VSM.DynamicCasterCull,256,1
19,1746,1315.404537,1,VSM.PageCull,50944,1
19,1746,1315.404537,1,VSM.StaticRaster,7168,1
19,1746,1315.404537,1,VSM.FinalizePages,2304,1
19,1746,1315.404537,1,VSM.DynamicRaster,13056,1
19,1746,1315.404537,1,VSM.UnityCompatibilityRaster,0,0
19,1746,1315.404537,1,VSM.Resolve,9337856,1
19,1746,1315.404537,1,VSM.ResolveTrace,9208320,1
19,1746,1315.404537,1,VSM.FilterHorizontal,63232,1
19,1746,1315.404537,1,VSM.FilterVertical,65024,1
19,1746,1315.404537,1,VSM.FilterTemporalVertical,0,0
20,1747,1315.4224539999998,1,VSM.LayoutRemap,0,1
20,1747,1315.4224539999998,1,VSM.ResetFeedback,0,1
20,1747,1315.4224539999998,1,VSM.MarkReceiverPages,641024,1
20,1747,1315.4224539999998,1,VSM.Allocate,225024,1
20,1747,1315.4224539999998,1,VSM.InvalidateStatic,0,0
20,1747,1315.4224539999998,1,VSM.ClearPhysicalPages,246272,1
20,1747,1315.4224539999998,1,VSM.StaticCasterCull,69632,1
20,1747,1315.4224539999998,1,VSM.DynamicCasterCull,0,1
20,1747,1315.4224539999998,1,VSM.PageCull,50432,1
20,1747,1315.4224539999998,1,VSM.StaticRaster,7168,1
20,1747,1315.4224539999998,1,VSM.FinalizePages,2304,1
20,1747,1315.4224539999998,1,VSM.DynamicRaster,12032,1
20,1747,1315.4224539999998,1,VSM.UnityCompatibilityRaster,0,0
20,1747,1315.4224539999998,1,VSM.Resolve,9420800,1
20,1747,1315.4224539999998,1,VSM.ResolveTrace,9292032,1
20,1747,1315.4224539999998,1,VSM.FilterHorizontal,63232,1
20,1747,1315.4224539999998,1,VSM.FilterVertical,64512,1
20,1747,1315.4224539999998,1,VSM.FilterTemporalVertical,0,0
21,1748,1315.4409607,1,VSM.LayoutRemap,0,1
21,1748,1315.4409607,1,VSM.ResetFeedback,0,1
21,1748,1315.4409607,1,VSM.MarkReceiverPages,639744,1
21,1748,1315.4409607,1,VSM.Allocate,225024,1
21,1748,1315.4409607,1,VSM.InvalidateStatic,0,0
21,1748,1315.4409607,1,VSM.ClearPhysicalPages,89856,1
21,1748,1315.4409607,1,VSM.StaticCasterCull,66816,1
21,1748,1315.4409607,1,VSM.DynamicCasterCull,0,1
21,1748,1315.4409607,1,VSM.PageCull,48128,1
21,1748,1315.4409607,1,VSM.StaticRaster,7424,1
21,1748,1315.4409607,1,VSM.FinalizePages,1792,1
21,1748,1315.4409607,1,VSM.DynamicRaster,15872,1
21,1748,1315.4409607,1,VSM.UnityCompatibilityRaster,0,0
21,1748,1315.4409607,1,VSM.Resolve,9644800,1
21,1748,1315.4409607,1,VSM.ResolveTrace,9515264,1
21,1748,1315.4409607,1,VSM.FilterHorizontal,63744,1
21,1748,1315.4409607,1,VSM.FilterVertical,64256,1
21,1748,1315.4409607,1,VSM.FilterTemporalVertical,0,0
22,1749,1315.4585857,1,VSM.LayoutRemap,0,1
22,1749,1315.4585857,1,VSM.ResetFeedback,0,1
22,1749,1315.4585857,1,VSM.MarkReceiverPages,641024,1
22,1749,1315.4585857,1,VSM.Allocate,225536,1
22,1749,1315.4585857,1,VSM.InvalidateStatic,0,0
22,1749,1315.4585857,1,VSM.ClearPhysicalPages,89856,1
22,1749,1315.4585857,1,VSM.StaticCasterCull,392704,1
22,1749,1315.4585857,1,VSM.DynamicCasterCull,0,1
22,1749,1315.4585857,1,VSM.PageCull,373760,1
22,1749,1315.4585857,1,VSM.StaticRaster,7424,1
22,1749,1315.4585857,1,VSM.FinalizePages,2304,1
22,1749,1315.4585857,1,VSM.DynamicRaster,11520,1
22,1749,1315.4585857,1,VSM.UnityCompatibilityRaster,0,0
22,1749,1315.4585857,1,VSM.Resolve,10108416,1
22,1749,1315.4585857,1,VSM.ResolveTrace,9979648,1
22,1749,1315.4585857,1,VSM.FilterHorizontal,62720,1
22,1749,1315.4585857,1,VSM.FilterVertical,64512,1
22,1749,1315.4585857,1,VSM.FilterTemporalVertical,0,0
23,1750,1315.4771951999999,1,VSM.LayoutRemap,0,1
23,1750,1315.4771951999999,1,VSM.ResetFeedback,0,1
23,1750,1315.4771951999999,1,VSM.MarkReceiverPages,642560,1
23,1750,1315.4771951999999,1,VSM.Allocate,222464,1
23,1750,1315.4771951999999,1,VSM.InvalidateStatic,0,0
23,1750,1315.4771951999999,1,VSM.ClearPhysicalPages,90112,1
23,1750,1315.4771951999999,1,VSM.StaticCasterCull,364032,1
23,1750,1315.4771951999999,1,VSM.DynamicCasterCull,0,1
23,1750,1315.4771951999999,1,VSM.PageCull,344320,1
23,1750,1315.4771951999999,1,VSM.StaticRaster,7424,1
23,1750,1315.4771951999999,1,VSM.FinalizePages,3840,1
23,1750,1315.4771951999999,1,VSM.DynamicRaster,10752,1
23,1750,1315.4771951999999,1,VSM.UnityCompatibilityRaster,0,0
23,1750,1315.4771951999999,1,VSM.Resolve,10798592,1
23,1750,1315.4771951999999,1,VSM.ResolveTrace,10668032,1
23,1750,1315.4771951999999,1,VSM.FilterHorizontal,64256,1
23,1750,1315.4771951999999,1,VSM.FilterVertical,65280,1
23,1750,1315.4771951999999,1,VSM.FilterTemporalVertical,0,0
24,1751,1315.4953732,1,VSM.LayoutRemap,0,1
24,1751,1315.4953732,1,VSM.ResetFeedback,0,1
24,1751,1315.4953732,1,VSM.MarkReceiverPages,642560,1
24,1751,1315.4953732,1,VSM.Allocate,224768,1
24,1751,1315.4953732,1,VSM.InvalidateStatic,0,0
24,1751,1315.4953732,1,VSM.ClearPhysicalPages,89600,1
24,1751,1315.4953732,1,VSM.StaticCasterCull,66816,1
24,1751,1315.4953732,1,VSM.DynamicCasterCull,0,1
24,1751,1315.4953732,1,VSM.PageCull,48640,1
24,1751,1315.4953732,1,VSM.StaticRaster,7168,1
24,1751,1315.4953732,1,VSM.FinalizePages,2304,1
24,1751,1315.4953732,1,VSM.DynamicRaster,13824,1
24,1751,1315.4953732,1,VSM.UnityCompatibilityRaster,0,0
24,1751,1315.4953732,1,VSM.Resolve,10231040,1
24,1751,1315.4953732,1,VSM.ResolveTrace,10102016,1
24,1751,1315.4953732,1,VSM.FilterHorizontal,63232,1
24,1751,1315.4953732,1,VSM.FilterVertical,65024,1
24,1751,1315.4953732,1,VSM.FilterTemporalVertical,0,0
25,1752,1315.5135569,1,VSM.LayoutRemap,0,1
25,1752,1315.5135569,1,VSM.ResetFeedback,0,1
25,1752,1315.5135569,1,VSM.MarkReceiverPages,640000,1
25,1752,1315.5135569,1,VSM.Allocate,223488,1
25,1752,1315.5135569,1,VSM.InvalidateStatic,0,0
25,1752,1315.5135569,1,VSM.ClearPhysicalPages,89856,1
25,1752,1315.5135569,1,VSM.StaticCasterCull,67584,1
25,1752,1315.5135569,1,VSM.DynamicCasterCull,0,1
25,1752,1315.5135569,1,VSM.PageCull,49152,1
25,1752,1315.5135569,1,VSM.StaticRaster,7168,1
25,1752,1315.5135569,1,VSM.FinalizePages,2048,1
25,1752,1315.5135569,1,VSM.DynamicRaster,11520,1
25,1752,1315.5135569,1,VSM.UnityCompatibilityRaster,0,0
25,1752,1315.5135569,1,VSM.Resolve,11106304,1
25,1752,1315.5135569,1,VSM.ResolveTrace,10976768,1
25,1752,1315.5135569,1,VSM.FilterHorizontal,63744,1
25,1752,1315.5135569,1,VSM.FilterVertical,64256,1
25,1752,1315.5135569,1,VSM.FilterTemporalVertical,0,0
26,1753,1315.5370865,1,VSM.LayoutRemap,0,1
26,1753,1315.5370865,1,VSM.ResetFeedback,0,1
26,1753,1315.5370865,1,VSM.MarkReceiverPages,643584,1
26,1753,1315.5370865,1,VSM.Allocate,225280,1
26,1753,1315.5370865,1,VSM.InvalidateStatic,0,0
26,1753,1315.5370865,1,VSM.ClearPhysicalPages,374528,1
26,1753,1315.5370865,1,VSM.StaticCasterCull,69632,1
26,1753,1315.5370865,1,VSM.DynamicCasterCull,0,1
26,1753,1315.5370865,1,VSM.PageCull,45056,1
26,1753,1315.5370865,1,VSM.StaticRaster,7168,1
26,1753,1315.5370865,1,VSM.FinalizePages,2560,1
26,1753,1315.5370865,1,VSM.DynamicRaster,11520,1
26,1753,1315.5370865,1,VSM.UnityCompatibilityRaster,0,0
26,1753,1315.5370865,1,VSM.Resolve,10333696,1
26,1753,1315.5370865,1,VSM.ResolveTrace,10205440,1
26,1753,1315.5370865,1,VSM.FilterHorizontal,63488,1
26,1753,1315.5370865,1,VSM.FilterVertical,64000,1
26,1753,1315.5370865,1,VSM.FilterTemporalVertical,0,0
27,1754,1315.5553731,1,VSM.LayoutRemap,0,1
27,1754,1315.5553731,1,VSM.ResetFeedback,0,1
27,1754,1315.5553731,1,VSM.MarkReceiverPages,642816,1
27,1754,1315.5553731,1,VSM.Allocate,225024,1
27,1754,1315.5553731,1,VSM.InvalidateStatic,0,0
27,1754,1315.5553731,1,VSM.ClearPhysicalPages,89600,1
27,1754,1315.5553731,1,VSM.StaticCasterCull,67072,1
27,1754,1315.5553731,1,VSM.DynamicCasterCull,0,1
27,1754,1315.5553731,1,VSM.PageCull,48384,1
27,1754,1315.5553731,1,VSM.StaticRaster,3328,1
27,1754,1315.5553731,1,VSM.FinalizePages,1792,1
27,1754,1315.5553731,1,VSM.DynamicRaster,14592,1
27,1754,1315.5553731,1,VSM.UnityCompatibilityRaster,0,0
27,1754,1315.5553731,1,VSM.Resolve,10496256,1
27,1754,1315.5553731,1,VSM.ResolveTrace,10367232,1
27,1754,1315.5553731,1,VSM.FilterHorizontal,63744,1
27,1754,1315.5553731,1,VSM.FilterVertical,64000,1
27,1754,1315.5553731,1,VSM.FilterTemporalVertical,0,0
28,1755,1315.5729433,1,VSM.LayoutRemap,0,1
28,1755,1315.5729433,1,VSM.ResetFeedback,0,1
28,1755,1315.5729433,1,VSM.MarkReceiverPages,808960,1
28,1755,1315.5729433,1,VSM.Allocate,222720,1
28,1755,1315.5729433,1,VSM.InvalidateStatic,0,0
28,1755,1315.5729433,1,VSM.ClearPhysicalPages,90368,1
28,1755,1315.5729433,1,VSM.StaticCasterCull,67072,1
28,1755,1315.5729433,1,VSM.DynamicCasterCull,256,1
28,1755,1315.5729433,1,VSM.PageCull,48640,1
28,1755,1315.5729433,1,VSM.StaticRaster,7424,1
28,1755,1315.5729433,1,VSM.FinalizePages,2048,1
28,1755,1315.5729433,1,VSM.DynamicRaster,13568,1
28,1755,1315.5729433,1,VSM.UnityCompatibilityRaster,0,0
28,1755,1315.5729433,1,VSM.Resolve,9939712,1
28,1755,1315.5729433,1,VSM.ResolveTrace,9810432,1
28,1755,1315.5729433,1,VSM.FilterHorizontal,62976,1
28,1755,1315.5729433,1,VSM.FilterVertical,64768,1
28,1755,1315.5729433,1,VSM.FilterTemporalVertical,0,0
29,1756,1315.5911875999998,1,VSM.LayoutRemap,0,1
29,1756,1315.5911875999998,1,VSM.ResetFeedback,0,1
29,1756,1315.5911875999998,1,VSM.MarkReceiverPages,642048,1
29,1756,1315.5911875999998,1,VSM.Allocate,225024,1
29,1756,1315.5911875999998,1,VSM.InvalidateStatic,0,0
29,1756,1315.5911875999998,1,VSM.ClearPhysicalPages,89344,1
29,1756,1315.5911875999998,1,VSM.StaticCasterCull,66048,1
29,1756,1315.5911875999998,1,VSM.DynamicCasterCull,0,1
29,1756,1315.5911875999998,1,VSM.PageCull,47616,1
29,1756,1315.5911875999998,1,VSM.StaticRaster,7424,1
29,1756,1315.5911875999998,1,VSM.FinalizePages,2048,1
29,1756,1315.5911875999998,1,VSM.DynamicRaster,13312,1
29,1756,1315.5911875999998,1,VSM.UnityCompatibilityRaster,0,0
29,1756,1315.5911875999998,1,VSM.Resolve,10107392,1
29,1756,1315.5911875999998,1,VSM.ResolveTrace,9793536,1
29,1756,1315.5911875999998,1,VSM.FilterHorizontal,63488,1
29,1756,1315.5911875999998,1,VSM.FilterVertical,65024,1
29,1756,1315.5911875999998,1,VSM.FilterTemporalVertical,0,0
30,1757,1315.6083644999999,1,VSM.LayoutRemap,0,1
30,1757,1315.6083644999999,1,VSM.ResetFeedback,0,1
30,1757,1315.6083644999999,1,VSM.MarkReceiverPages,640768,1
30,1757,1315.6083644999999,1,VSM.Allocate,223232,1
30,1757,1315.6083644999999,1,VSM.InvalidateStatic,0,0
30,1757,1315.6083644999999,1,VSM.ClearPhysicalPages,371968,1
30,1757,1315.6083644999999,1,VSM.StaticCasterCull,66816,1
30,1757,1315.6083644999999,1,VSM.DynamicCasterCull,0,1
30,1757,1315.6083644999999,1,VSM.PageCull,44800,1
30,1757,1315.6083644999999,1,VSM.StaticRaster,6912,1
30,1757,1315.6083644999999,1,VSM.FinalizePages,2304,1
30,1757,1315.6083644999999,1,VSM.DynamicRaster,11008,1
30,1757,1315.6083644999999,1,VSM.UnityCompatibilityRaster,0,0
30,1757,1315.6083644999999,1,VSM.Resolve,9495552,1
30,1757,1315.6083644999999,1,VSM.ResolveTrace,9366784,1
30,1757,1315.6083644999999,1,VSM.FilterHorizontal,63744,1
30,1757,1315.6083644999999,1,VSM.FilterVertical,64256,1
30,1757,1315.6083644999999,1,VSM.FilterTemporalVertical,0,0
31,1758,1315.6303997,1,VSM.LayoutRemap,0,1
31,1758,1315.6303997,1,VSM.ResetFeedback,0,1
31,1758,1315.6303997,1,VSM.MarkReceiverPages,641792,1
31,1758,1315.6303997,1,VSM.Allocate,224256,1
31,1758,1315.6303997,1,VSM.InvalidateStatic,0,0
31,1758,1315.6303997,1,VSM.ClearPhysicalPages,280832,1
31,1758,1315.6303997,1,VSM.StaticCasterCull,70400,1
31,1758,1315.6303997,1,VSM.DynamicCasterCull,256,1
31,1758,1315.6303997,1,VSM.PageCull,49920,1
31,1758,1315.6303997,1,VSM.StaticRaster,7168,1
31,1758,1315.6303997,1,VSM.FinalizePages,2048,1
31,1758,1315.6303997,1,VSM.DynamicRaster,13568,1
31,1758,1315.6303997,1,VSM.UnityCompatibilityRaster,0,0
31,1758,1315.6303997,1,VSM.Resolve,9889792,1
31,1758,1315.6303997,1,VSM.ResolveTrace,9760512,1
31,1758,1315.6303997,1,VSM.FilterHorizontal,63488,1
31,1758,1315.6303997,1,VSM.FilterVertical,65024,1
31,1758,1315.6303997,1,VSM.FilterTemporalVertical,0,0
32,1759,1315.6478596,1,VSM.LayoutRemap,0,1
32,1759,1315.6478596,1,VSM.ResetFeedback,0,1
32,1759,1315.6478596,1,VSM.MarkReceiverPages,640000,1
32,1759,1315.6478596,1,VSM.Allocate,223488,1
32,1759,1315.6478596,1,VSM.InvalidateStatic,0,0
32,1759,1315.6478596,1,VSM.ClearPhysicalPages,89856,1
32,1759,1315.6478596,1,VSM.StaticCasterCull,67584,1
32,1759,1315.6478596,1,VSM.DynamicCasterCull,0,1
32,1759,1315.6478596,1,VSM.PageCull,48896,1
32,1759,1315.6478596,1,VSM.StaticRaster,7168,1
32,1759,1315.6478596,1,VSM.FinalizePages,2048,1
32,1759,1315.6478596,1,VSM.DynamicRaster,14336,1
32,1759,1315.6478596,1,VSM.UnityCompatibilityRaster,0,0
32,1759,1315.6478596,1,VSM.Resolve,9683456,1
32,1759,1315.6478596,1,VSM.ResolveTrace,9555200,1
32,1759,1315.6478596,1,VSM.FilterHorizontal,62976,1
32,1759,1315.6478596,1,VSM.FilterVertical,64512,1
32,1759,1315.6478596,1,VSM.FilterTemporalVertical,0,0
33,1760,1315.6654753999999,1,VSM.LayoutRemap,0,1
33,1760,1315.6654753999999,1,VSM.ResetFeedback,0,1
33,1760,1315.6654753999999,1,VSM.MarkReceiverPages,641024,1
33,1760,1315.6654753999999,1,VSM.Allocate,222208,1
33,1760,1315.6654753999999,1,VSM.InvalidateStatic,0,0
33,1760,1315.6654753999999,1,VSM.ClearPhysicalPages,89856,1
33,1760,1315.6654753999999,1,VSM.StaticCasterCull,66304,1
33,1760,1315.6654753999999,1,VSM.DynamicCasterCull,0,1
33,1760,1315.6654753999999,1,VSM.PageCull,47616,1
33,1760,1315.6654753999999,1,VSM.StaticRaster,6912,1
33,1760,1315.6654753999999,1,VSM.FinalizePages,2048,1
33,1760,1315.6654753999999,1,VSM.DynamicRaster,12288,1
33,1760,1315.6654753999999,1,VSM.UnityCompatibilityRaster,0,0
33,1760,1315.6654753999999,1,VSM.Resolve,10687488,1
33,1760,1315.6654753999999,1,VSM.ResolveTrace,10349056,1
33,1760,1315.6654753999999,1,VSM.FilterHorizontal,63488,1
33,1760,1315.6654753999999,1,VSM.FilterVertical,64768,1
33,1760,1315.6654753999999,1,VSM.FilterTemporalVertical,0,0
34,1761,1315.6834995,1,VSM.LayoutRemap,0,1
34,1761,1315.6834995,1,VSM.ResetFeedback,0,1
34,1761,1315.6834995,1,VSM.MarkReceiverPages,641024,1
34,1761,1315.6834995,1,VSM.Allocate,224768,1
34,1761,1315.6834995,1,VSM.InvalidateStatic,0,0
34,1761,1315.6834995,1,VSM.ClearPhysicalPages,89856,1
34,1761,1315.6834995,1,VSM.StaticCasterCull,66304,1
34,1761,1315.6834995,1,VSM.DynamicCasterCull,0,1
34,1761,1315.6834995,1,VSM.PageCull,47616,1
34,1761,1315.6834995,1,VSM.StaticRaster,7424,1
34,1761,1315.6834995,1,VSM.FinalizePages,2048,1
34,1761,1315.6834995,1,VSM.DynamicRaster,15104,1
34,1761,1315.6834995,1,VSM.UnityCompatibilityRaster,0,0
34,1761,1315.6834995,1,VSM.Resolve,9606912,1
34,1761,1315.6834995,1,VSM.ResolveTrace,9477888,1
34,1761,1315.6834995,1,VSM.FilterHorizontal,63232,1
34,1761,1315.6834995,1,VSM.FilterVertical,64512,1
34,1761,1315.6834995,1,VSM.FilterTemporalVertical,0,0
35,1762,1315.7022084999999,1,VSM.LayoutRemap,0,1
35,1762,1315.7022084999999,1,VSM.ResetFeedback,0,1
35,1762,1315.7022084999999,1,VSM.MarkReceiverPages,642304,1
35,1762,1315.7022084999999,1,VSM.Allocate,223488,1
35,1762,1315.7022084999999,1,VSM.InvalidateStatic,0,0
35,1762,1315.7022084999999,1,VSM.ClearPhysicalPages,281600,1
35,1762,1315.7022084999999,1,VSM.StaticCasterCull,72192,1
35,1762,1315.7022084999999,1,VSM.DynamicCasterCull,0,1
35,1762,1315.7022084999999,1,VSM.PageCull,48384,1
35,1762,1315.7022084999999,1,VSM.StaticRaster,6144,1
35,1762,1315.7022084999999,1,VSM.FinalizePages,2048,1
35,1762,1315.7022084999999,1,VSM.DynamicRaster,12288,1
35,1762,1315.7022084999999,1,VSM.UnityCompatibilityRaster,0,0
35,1762,1315.7022084999999,1,VSM.Resolve,9823488,1
35,1762,1315.7022084999999,1,VSM.ResolveTrace,9694720,1
35,1762,1315.7022084999999,1,VSM.FilterHorizontal,63232,1
35,1762,1315.7022084999999,1,VSM.FilterVertical,64512,1
35,1762,1315.7022084999999,1,VSM.FilterTemporalVertical,0,0
36,1763,1315.7213024999999,1,VSM.LayoutRemap,0,1
36,1763,1315.7213024999999,1,VSM.ResetFeedback,0,1
36,1763,1315.7213024999999,1,VSM.MarkReceiverPages,643072,1
36,1763,1315.7213024999999,1,VSM.Allocate,222976,1
36,1763,1315.7213024999999,1,VSM.InvalidateStatic,0,0
36,1763,1315.7213024999999,1,VSM.ClearPhysicalPages,90112,1
36,1763,1315.7213024999999,1,VSM.StaticCasterCull,364032,1
36,1763,1315.7213024999999,1,VSM.DynamicCasterCull,256,1
36,1763,1315.7213024999999,1,VSM.PageCull,47872,1
36,1763,1315.7213024999999,1,VSM.StaticRaster,9984,1
36,1763,1315.7213024999999,1,VSM.FinalizePages,2560,1
36,1763,1315.7213024999999,1,VSM.DynamicRaster,17152,1
36,1763,1315.7213024999999,1,VSM.UnityCompatibilityRaster,0,0
36,1763,1315.7213024999999,1,VSM.Resolve,10235648,1
36,1763,1315.7213024999999,1,VSM.ResolveTrace,10106624,1
36,1763,1315.7213024999999,1,VSM.FilterHorizontal,63232,1
36,1763,1315.7213024999999,1,VSM.FilterVertical,64256,1
36,1763,1315.7213024999999,1,VSM.FilterTemporalVertical,0,0
37,1764,1315.7400071999998,1,VSM.LayoutRemap,0,1
37,1764,1315.7400071999998,1,VSM.ResetFeedback,0,1
37,1764,1315.7400071999998,1,VSM.MarkReceiverPages,640000,1
37,1764,1315.7400071999998,1,VSM.Allocate,224512,1
37,1764,1315.7400071999998,1,VSM.InvalidateStatic,0,0
37,1764,1315.7400071999998,1,VSM.ClearPhysicalPages,371456,1
37,1764,1315.7400071999998,1,VSM.StaticCasterCull,66048,1
37,1764,1315.7400071999998,1,VSM.DynamicCasterCull,0,1
37,1764,1315.7400071999998,1,VSM.PageCull,46336,1
37,1764,1315.7400071999998,1,VSM.StaticRaster,7168,1
37,1764,1315.7400071999998,1,VSM.FinalizePages,2304,1
37,1764,1315.7400071999998,1,VSM.DynamicRaster,12032,1
37,1764,1315.7400071999998,1,VSM.UnityCompatibilityRaster,0,0
37,1764,1315.7400071999998,1,VSM.Resolve,10711808,1
37,1764,1315.7400071999998,1,VSM.ResolveTrace,10582528,1
37,1764,1315.7400071999998,1,VSM.FilterHorizontal,64256,1
37,1764,1315.7400071999998,1,VSM.FilterVertical,64000,1
37,1764,1315.7400071999998,1,VSM.FilterTemporalVertical,0,0
38,1765,1315.7584714999998,1,VSM.LayoutRemap,0,1
38,1765,1315.7584714999998,1,VSM.ResetFeedback,0,1
38,1765,1315.7584714999998,1,VSM.MarkReceiverPages,638976,1
38,1765,1315.7584714999998,1,VSM.Allocate,225024,1
38,1765,1315.7584714999998,1,VSM.InvalidateStatic,0,0
38,1765,1315.7584714999998,1,VSM.ClearPhysicalPages,90112,1
38,1765,1315.7584714999998,1,VSM.StaticCasterCull,65536,1
38,1765,1315.7584714999998,1,VSM.DynamicCasterCull,0,1
38,1765,1315.7584714999998,1,VSM.PageCull,47104,1
38,1765,1315.7584714999998,1,VSM.StaticRaster,7168,1
38,1765,1315.7584714999998,1,VSM.FinalizePages,2048,1
38,1765,1315.7584714999998,1,VSM.DynamicRaster,12800,1
38,1765,1315.7584714999998,1,VSM.UnityCompatibilityRaster,0,0
38,1765,1315.7584714999998,1,VSM.Resolve,10418432,1
38,1765,1315.7584714999998,1,VSM.ResolveTrace,10289408,1
38,1765,1315.7584714999998,1,VSM.FilterHorizontal,63488,1
38,1765,1315.7584714999998,1,VSM.FilterVertical,64256,1
38,1765,1315.7584714999998,1,VSM.FilterTemporalVertical,0,0
39,1766,1315.7779524,1,VSM.LayoutRemap,0,1
39,1766,1315.7779524,1,VSM.ResetFeedback,0,1
39,1766,1315.7779524,1,VSM.MarkReceiverPages,641536,1
39,1766,1315.7779524,1,VSM.Allocate,222464,1
39,1766,1315.7779524,1,VSM.InvalidateStatic,0,0
39,1766,1315.7779524,1,VSM.ClearPhysicalPages,395008,1
39,1766,1315.7779524,1,VSM.StaticCasterCull,70656,1
39,1766,1315.7779524,1,VSM.DynamicCasterCull,256,1
39,1766,1315.7779524,1,VSM.PageCull,51200,1
39,1766,1315.7779524,1,VSM.StaticRaster,7168,1
39,1766,1315.7779524,1,VSM.FinalizePages,2304,1
39,1766,1315.7779524,1,VSM.DynamicRaster,12800,1
39,1766,1315.7779524,1,VSM.UnityCompatibilityRaster,0,0
39,1766,1315.7779524,1,VSM.Resolve,10493696,1
39,1766,1315.7779524,1,VSM.ResolveTrace,10364928,1
39,1766,1315.7779524,1,VSM.FilterHorizontal,63232,1
39,1766,1315.7779524,1,VSM.FilterVertical,64256,1
39,1766,1315.7779524,1,VSM.FilterTemporalVertical,0,0
40,1767,1315.7957897,1,VSM.LayoutRemap,0,1
40,1767,1315.7957897,1,VSM.ResetFeedback,0,1
40,1767,1315.7957897,1,VSM.MarkReceiverPages,640512,1
40,1767,1315.7957897,1,VSM.Allocate,225536,1
40,1767,1315.7957897,1,VSM.InvalidateStatic,0,0
40,1767,1315.7957897,1,VSM.ClearPhysicalPages,89856,1
40,1767,1315.7957897,1,VSM.StaticCasterCull,66816,1
40,1767,1315.7957897,1,VSM.DynamicCasterCull,0,1
40,1767,1315.7957897,1,VSM.PageCull,47872,1
40,1767,1315.7957897,1,VSM.StaticRaster,7168,1
40,1767,1315.7957897,1,VSM.FinalizePages,2048,1
40,1767,1315.7957897,1,VSM.DynamicRaster,14336,1
40,1767,1315.7957897,1,VSM.UnityCompatibilityRaster,0,0
40,1767,1315.7957897,1,VSM.Resolve,10739968,1
40,1767,1315.7957897,1,VSM.ResolveTrace,10611456,1
40,1767,1315.7957897,1,VSM.FilterHorizontal,62976,1
40,1767,1315.7957897,1,VSM.FilterVertical,64256,1
40,1767,1315.7957897,1,VSM.FilterTemporalVertical,0,0
41,1768,1315.8142833,1,VSM.LayoutRemap,0,1
41,1768,1315.8142833,1,VSM.ResetFeedback,0,1
41,1768,1315.8142833,1,VSM.MarkReceiverPages,641280,1
41,1768,1315.8142833,1,VSM.Allocate,222720,1
41,1768,1315.8142833,1,VSM.InvalidateStatic,0,0
41,1768,1315.8142833,1,VSM.ClearPhysicalPages,89600,1
41,1768,1315.8142833,1,VSM.StaticCasterCull,67584,1
41,1768,1315.8142833,1,VSM.DynamicCasterCull,256,1
41,1768,1315.8142833,1,VSM.PageCull,48384,1
41,1768,1315.8142833,1,VSM.StaticRaster,6912,1
41,1768,1315.8142833,1,VSM.FinalizePages,2048,1
41,1768,1315.8142833,1,VSM.DynamicRaster,13568,1
41,1768,1315.8142833,1,VSM.UnityCompatibilityRaster,0,0
41,1768,1315.8142833,1,VSM.Resolve,11114240,1
41,1768,1315.8142833,1,VSM.ResolveTrace,10984960,1
41,1768,1315.8142833,1,VSM.FilterHorizontal,63488,1
41,1768,1315.8142833,1,VSM.FilterVertical,64768,1
41,1768,1315.8142833,1,VSM.FilterTemporalVertical,0,0
42,1769,1315.8321939,1,VSM.LayoutRemap,0,1
42,1769,1315.8321939,1,VSM.ResetFeedback,0,1
42,1769,1315.8321939,1,VSM.MarkReceiverPages,641536,1
42,1769,1315.8321939,1,VSM.Allocate,225280,1
42,1769,1315.8321939,1,VSM.InvalidateStatic,0,0
42,1769,1315.8321939,1,VSM.ClearPhysicalPages,364032,1
42,1769,1315.8321939,1,VSM.StaticCasterCull,65024,1
42,1769,1315.8321939,1,VSM.DynamicCasterCull,256,1
42,1769,1315.8321939,1,VSM.PageCull,45312,1
42,1769,1315.8321939,1,VSM.StaticRaster,3328,1
42,1769,1315.8321939,1,VSM.FinalizePages,2304,1
42,1769,1315.8321939,1,VSM.DynamicRaster,13056,1
42,1769,1315.8321939,1,VSM.UnityCompatibilityRaster,0,0
42,1769,1315.8321939,1,VSM.Resolve,10154496,1
42,1769,1315.8321939,1,VSM.ResolveTrace,10025728,1
42,1769,1315.8321939,1,VSM.FilterHorizontal,63488,1
42,1769,1315.8321939,1,VSM.FilterVertical,64256,1
42,1769,1315.8321939,1,VSM.FilterTemporalVertical,0,0
43,1770,1315.8511781,1,VSM.LayoutRemap,0,1
43,1770,1315.8511781,1,VSM.ResetFeedback,0,1
43,1770,1315.8511781,1,VSM.MarkReceiverPages,645120,1
43,1770,1315.8511781,1,VSM.Allocate,221696,1
43,1770,1315.8511781,1,VSM.InvalidateStatic,0,0
43,1770,1315.8511781,1,VSM.ClearPhysicalPages,90112,1
43,1770,1315.8511781,1,VSM.StaticCasterCull,65536,1
43,1770,1315.8511781,1,VSM.DynamicCasterCull,256,1
43,1770,1315.8511781,1,VSM.PageCull,47360,1
43,1770,1315.8511781,1,VSM.StaticRaster,7168,1
43,1770,1315.8511781,1,VSM.FinalizePages,2048,1
43,1770,1315.8511781,1,VSM.DynamicRaster,14080,1
43,1770,1315.8511781,1,VSM.UnityCompatibilityRaster,0,0
43,1770,1315.8511781,1,VSM.Resolve,10561792,1
43,1770,1315.8511781,1,VSM.ResolveTrace,10432512,1
43,1770,1315.8511781,1,VSM.FilterHorizontal,63232,1
43,1770,1315.8511781,1,VSM.FilterVertical,64512,1
43,1770,1315.8511781,1,VSM.FilterTemporalVertical,0,0
44,1771,1315.8693795,1,VSM.LayoutRemap,0,1
44,1771,1315.8693795,1,VSM.ResetFeedback,0,1
44,1771,1315.8693795,1,VSM.MarkReceiverPages,640512,1
44,1771,1315.8693795,1,VSM.Allocate,222976,1
44,1771,1315.8693795,1,VSM.InvalidateStatic,0,0
44,1771,1315.8693795,1,VSM.ClearPhysicalPages,89600,1
44,1771,1315.8693795,1,VSM.StaticCasterCull,67584,1
44,1771,1315.8693795,1,VSM.DynamicCasterCull,256,1
44,1771,1315.8693795,1,VSM.PageCull,48896,1
44,1771,1315.8693795,1,VSM.StaticRaster,7424,1
44,1771,1315.8693795,1,VSM.FinalizePages,2048,1
44,1771,1315.8693795,1,VSM.DynamicRaster,13568,1
44,1771,1315.8693795,1,VSM.UnityCompatibilityRaster,0,0
44,1771,1315.8693795,1,VSM.Resolve,10338560,1
44,1771,1315.8693795,1,VSM.ResolveTrace,10209536,1
44,1771,1315.8693795,1,VSM.FilterHorizontal,63488,1
44,1771,1315.8693795,1,VSM.FilterVertical,64512,1
44,1771,1315.8693795,1,VSM.FilterTemporalVertical,0,0
45,1772,1315.8873781,1,VSM.LayoutRemap,0,1
45,1772,1315.8873781,1,VSM.ResetFeedback,0,1
45,1772,1315.8873781,1,VSM.MarkReceiverPages,639744,1
45,1772,1315.8873781,1,VSM.Allocate,224512,1
45,1772,1315.8873781,1,VSM.InvalidateStatic,0,0
45,1772,1315.8873781,1,VSM.ClearPhysicalPages,392448,1
45,1772,1315.8873781,1,VSM.StaticCasterCull,73216,1
45,1772,1315.8873781,1,VSM.DynamicCasterCull,256,1
45,1772,1315.8873781,1,VSM.PageCull,49152,1
45,1772,1315.8873781,1,VSM.StaticRaster,6912,1
45,1772,1315.8873781,1,VSM.FinalizePages,2304,1
45,1772,1315.8873781,1,VSM.DynamicRaster,12800,1
45,1772,1315.8873781,1,VSM.UnityCompatibilityRaster,0,0
45,1772,1315.8873781,1,VSM.Resolve,11047680,1
45,1772,1315.8873781,1,VSM.ResolveTrace,10918400,1
45,1772,1315.8873781,1,VSM.FilterHorizontal,63744,1
45,1772,1315.8873781,1,VSM.FilterVertical,64512,1
45,1772,1315.8873781,1,VSM.FilterTemporalVertical,0,0
46,1773,1315.9051946,1,VSM.LayoutRemap,0,1
46,1773,1315.9051946,1,VSM.ResetFeedback,0,1
46,1773,1315.9051946,1,VSM.MarkReceiverPages,641792,1
46,1773,1315.9051946,1,VSM.Allocate,224512,1
46,1773,1315.9051946,1,VSM.InvalidateStatic,0,0
46,1773,1315.9051946,1,VSM.ClearPhysicalPages,89600,1
46,1773,1315.9051946,1,VSM.StaticCasterCull,68864,1
46,1773,1315.9051946,1,VSM.DynamicCasterCull,0,1
46,1773,1315.9051946,1,VSM.PageCull,50176,1
46,1773,1315.9051946,1,VSM.StaticRaster,7424,1
46,1773,1315.9051946,1,VSM.FinalizePages,1792,1
46,1773,1315.9051946,1,VSM.DynamicRaster,14592,1
46,1773,1315.9051946,1,VSM.UnityCompatibilityRaster,0,0
46,1773,1315.9051946,1,VSM.Resolve,10022656,1
46,1773,1315.9051946,1,VSM.ResolveTrace,9893632,1
46,1773,1315.9051946,1,VSM.FilterHorizontal,63232,1
46,1773,1315.9051946,1,VSM.FilterVertical,64512,1
46,1773,1315.9051946,1,VSM.FilterTemporalVertical,0,0
47,1774,1315.9230533999998,1,VSM.LayoutRemap,0,1
47,1774,1315.9230533999998,1,VSM.ResetFeedback,0,1
47,1774,1315.9230533999998,1,VSM.MarkReceiverPages,640768,1
47,1774,1315.9230533999998,1,VSM.Allocate,225280,1
47,1774,1315.9230533999998,1,VSM.InvalidateStatic,0,0
47,1774,1315.9230533999998,1,VSM.ClearPhysicalPages,89600,1
47,1774,1315.9230533999998,1,VSM.StaticCasterCull,67584,1
47,1774,1315.9230533999998,1,VSM.DynamicCasterCull,0,1
47,1774,1315.9230533999998,1,VSM.PageCull,48640,1
47,1774,1315.9230533999998,1,VSM.StaticRaster,7424,1
47,1774,1315.9230533999998,1,VSM.FinalizePages,2048,1
47,1774,1315.9230533999998,1,VSM.DynamicRaster,12800,1
47,1774,1315.9230533999998,1,VSM.UnityCompatibilityRaster,0,0
47,1774,1315.9230533999998,1,VSM.Resolve,10437632,1
47,1774,1315.9230533999998,1,VSM.ResolveTrace,10306816,1
47,1774,1315.9230533999998,1,VSM.FilterHorizontal,64000,1
47,1774,1315.9230533999998,1,VSM.FilterVertical,65792,1
47,1774,1315.9230533999998,1,VSM.FilterTemporalVertical,0,0
48,1775,1315.9408311999998,1,VSM.LayoutRemap,0,1
48,1775,1315.9408311999998,1,VSM.ResetFeedback,0,1
48,1775,1315.9408311999998,1,VSM.MarkReceiverPages,640256,1
48,1775,1315.9408311999998,1,VSM.Allocate,224768,1
48,1775,1315.9408311999998,1,VSM.InvalidateStatic,0,0
48,1775,1315.9408311999998,1,VSM.ClearPhysicalPages,391680,1
48,1775,1315.9408311999998,1,VSM.StaticCasterCull,72448,1
48,1775,1315.9408311999998,1,VSM.DynamicCasterCull,256,1
48,1775,1315.9408311999998,1,VSM.PageCull,48128,1
48,1775,1315.9408311999998,1,VSM.StaticRaster,7168,1
48,1775,1315.9408311999998,1,VSM.FinalizePages,2560,1
48,1775,1315.9408311999998,1,VSM.DynamicRaster,11776,1
48,1775,1315.9408311999998,1,VSM.UnityCompatibilityRaster,0,0
48,1775,1315.9408311999998,1,VSM.Resolve,10079488,1
48,1775,1315.9408311999998,1,VSM.ResolveTrace,9950720,1
48,1775,1315.9408311999998,1,VSM.FilterHorizontal,62976,1
48,1775,1315.9408311999998,1,VSM.FilterVertical,64768,1
48,1775,1315.9408311999998,1,VSM.FilterTemporalVertical,0,0
49,1776,1315.9583974999998,1,VSM.LayoutRemap,0,1
49,1776,1315.9583974999998,1,VSM.ResetFeedback,0,1
49,1776,1315.9583974999998,1,VSM.MarkReceiverPages,641280,1
49,1776,1315.9583974999998,1,VSM.Allocate,225280,1
49,1776,1315.9583974999998,1,VSM.InvalidateStatic,0,0
49,1776,1315.9583974999998,1,VSM.ClearPhysicalPages,89600,1
49,1776,1315.9583974999998,1,VSM.StaticCasterCull,364288,1
49,1776,1315.9583974999998,1,VSM.DynamicCasterCull,0,1
49,1776,1315.9583974999998,1,VSM.PageCull,44032,1
49,1776,1315.9583974999998,1,VSM.StaticRaster,9216,1
49,1776,1315.9583974999998,1,VSM.FinalizePages,2304,1
49,1776,1315.9583974999998,1,VSM.DynamicRaster,15872,1
49,1776,1315.9583974999998,1,VSM.UnityCompatibilityRaster,0,0
49,1776,1315.9583974999998,1,VSM.Resolve,9948928,1
49,1776,1315.9583974999998,1,VSM.ResolveTrace,9820160,1
49,1776,1315.9583974999998,1,VSM.FilterHorizontal,63488,1
49,1776,1315.9583974999998,1,VSM.FilterVertical,64000,1
49,1776,1315.9583974999998,1,VSM.FilterTemporalVertical,0,0
50,1777,1315.9772610999999,1,VSM.LayoutRemap,0,1
50,1777,1315.9772610999999,1,VSM.ResetFeedback,0,1
50,1777,1315.9772610999999,1,VSM.MarkReceiverPages,641280,1
50,1777,1315.9772610999999,1,VSM.Allocate,222208,1
50,1777,1315.9772610999999,1,VSM.InvalidateStatic,0,0
50,1777,1315.9772610999999,1,VSM.ClearPhysicalPages,276992,1
50,1777,1315.9772610999999,1,VSM.StaticCasterCull,68352,1
50,1777,1315.9772610999999,1,VSM.DynamicCasterCull,0,1
50,1777,1315.9772610999999,1,VSM.PageCull,48896,1
50,1777,1315.9772610999999,1,VSM.StaticRaster,7424,1
50,1777,1315.9772610999999,1,VSM.FinalizePages,2048,1
50,1777,1315.9772610999999,1,VSM.DynamicRaster,13312,1
50,1777,1315.9772610999999,1,VSM.UnityCompatibilityRaster,0,0
50,1777,1315.9772610999999,1,VSM.Resolve,9675776,1
50,1777,1315.9772610999999,1,VSM.ResolveTrace,9547008,1
50,1777,1315.9772610999999,1,VSM.FilterHorizontal,63232,1
50,1777,1315.9772610999999,1,VSM.FilterVertical,64256,1
50,1777,1315.9772610999999,1,VSM.FilterTemporalVertical,0,0
51,1778,1315.9956433999998,1,VSM.LayoutRemap,0,1
51,1778,1315.9956433999998,1,VSM.ResetFeedback,0,1
51,1778,1315.9956433999998,1,VSM.MarkReceiverPages,641024,1
51,1778,1315.9956433999998,1,VSM.Allocate,224768,1
51,1778,1315.9956433999998,1,VSM.InvalidateStatic,0,0
51,1778,1315.9956433999998,1,VSM.ClearPhysicalPages,282112,1
51,1778,1315.9956433999998,1,VSM.StaticCasterCull,74496,1
51,1778,1315.9956433999998,1,VSM.DynamicCasterCull,0,1
51,1778,1315.9956433999998,1,VSM.PageCull,49920,1
51,1778,1315.9956433999998,1,VSM.StaticRaster,6912,1
51,1778,1315.9956433999998,1,VSM.FinalizePages,2304,1
51,1778,1315.9956433999998,1,VSM.DynamicRaster,15360,1
51,1778,1315.9956433999998,1,VSM.UnityCompatibilityRaster,0,0
51,1778,1315.9956433999998,1,VSM.Resolve,9691392,1
51,1778,1315.9956433999998,1,VSM.ResolveTrace,9562880,1
51,1778,1315.9956433999998,1,VSM.FilterHorizontal,63232,1
51,1778,1315.9956433999998,1,VSM.FilterVertical,64512,1
51,1778,1315.9956433999998,1,VSM.FilterTemporalVertical,0,0
52,1779,1316.0136705,1,VSM.LayoutRemap,0,1
52,1779,1316.0136705,1,VSM.ResetFeedback,0,1
52,1779,1316.0136705,1,VSM.MarkReceiverPages,639488,1
52,1779,1316.0136705,1,VSM.Allocate,225536,1
52,1779,1316.0136705,1,VSM.InvalidateStatic,0,0
52,1779,1316.0136705,1,VSM.ClearPhysicalPages,90112,1
52,1779,1316.0136705,1,VSM.StaticCasterCull,67072,1
52,1779,1316.0136705,1,VSM.DynamicCasterCull,256,1
52,1779,1316.0136705,1,VSM.PageCull,48384,1
52,1779,1316.0136705,1,VSM.StaticRaster,7424,1
52,1779,1316.0136705,1,VSM.FinalizePages,2048,1
52,1779,1316.0136705,1,VSM.DynamicRaster,12288,1
52,1779,1316.0136705,1,VSM.UnityCompatibilityRaster,0,0
52,1779,1316.0136705,1,VSM.Resolve,10811136,1
52,1779,1316.0136705,1,VSM.ResolveTrace,10681600,1
52,1779,1316.0136705,1,VSM.FilterHorizontal,63488,1
52,1779,1316.0136705,1,VSM.FilterVertical,64768,1
52,1779,1316.0136705,1,VSM.FilterTemporalVertical,0,0
53,1780,1316.031912,1,VSM.LayoutRemap,0,1
53,1780,1316.031912,1,VSM.ResetFeedback,0,1
53,1780,1316.031912,1,VSM.MarkReceiverPages,641792,1
53,1780,1316.031912,1,VSM.Allocate,226048,1
53,1780,1316.031912,1,VSM.InvalidateStatic,0,0
53,1780,1316.031912,1,VSM.ClearPhysicalPages,391936,1
53,1780,1316.031912,1,VSM.StaticCasterCull,73984,1
53,1780,1316.031912,1,VSM.DynamicCasterCull,0,1
53,1780,1316.031912,1,VSM.PageCull,50176,1
53,1780,1316.031912,1,VSM.StaticRaster,6912,1
53,1780,1316.031912,1,VSM.FinalizePages,2816,1
53,1780,1316.031912,1,VSM.DynamicRaster,10752,1
53,1780,1316.031912,1,VSM.UnityCompatibilityRaster,0,0
53,1780,1316.031912,1,VSM.Resolve,10512640,1
53,1780,1316.031912,1,VSM.ResolveTrace,10383360,1
53,1780,1316.031912,1,VSM.FilterHorizontal,62976,1
53,1780,1316.031912,1,VSM.FilterVertical,65280,1
53,1780,1316.031912,1,VSM.FilterTemporalVertical,0,0
54,1781,1316.0495872,1,VSM.LayoutRemap,0,1
54,1781,1316.0495872,1,VSM.ResetFeedback,0,1
54,1781,1316.0495872,1,VSM.MarkReceiverPages,644864,1
54,1781,1316.0495872,1,VSM.Allocate,224000,1
54,1781,1316.0495872,1,VSM.InvalidateStatic,0,0
54,1781,1316.0495872,1,VSM.ClearPhysicalPages,89856,1
54,1781,1316.0495872,1,VSM.StaticCasterCull,66560,1
54,1781,1316.0495872,1,VSM.DynamicCasterCull,256,1
54,1781,1316.0495872,1,VSM.PageCull,47872,1
54,1781,1316.0495872,1,VSM.StaticRaster,7424,1
54,1781,1316.0495872,1,VSM.FinalizePages,2048,1
54,1781,1316.0495872,1,VSM.DynamicRaster,13824,1
54,1781,1316.0495872,1,VSM.UnityCompatibilityRaster,0,0
54,1781,1316.0495872,1,VSM.Resolve,10186496,1
54,1781,1316.0495872,1,VSM.ResolveTrace,10057216,1
54,1781,1316.0495872,1,VSM.FilterHorizontal,63232,1
54,1781,1316.0495872,1,VSM.FilterVertical,65024,1
54,1781,1316.0495872,1,VSM.FilterTemporalVertical,0,0
55,1782,1316.0684964,1,VSM.LayoutRemap,0,1
55,1782,1316.0684964,1,VSM.ResetFeedback,0,1
55,1782,1316.0684964,1,VSM.MarkReceiverPages,641536,1
55,1782,1316.0684964,1,VSM.Allocate,225024,1
55,1782,1316.0684964,1,VSM.InvalidateStatic,0,0
55,1782,1316.0684964,1,VSM.ClearPhysicalPages,89856,1
55,1782,1316.0684964,1,VSM.StaticCasterCull,68352,1
55,1782,1316.0684964,1,VSM.DynamicCasterCull,0,1
55,1782,1316.0684964,1,VSM.PageCull,49408,1
55,1782,1316.0684964,1,VSM.StaticRaster,3328,1
55,1782,1316.0684964,1,VSM.FinalizePages,2048,1
55,1782,1316.0684964,1,VSM.DynamicRaster,11008,1
55,1782,1316.0684964,1,VSM.UnityCompatibilityRaster,0,0
55,1782,1316.0684964,1,VSM.Resolve,10251264,1
55,1782,1316.0684964,1,VSM.ResolveTrace,10122496,1
55,1782,1316.0684964,1,VSM.FilterHorizontal,63488,1
55,1782,1316.0684964,1,VSM.FilterVertical,64256,1
55,1782,1316.0684964,1,VSM.FilterTemporalVertical,0,0
56,1783,1316.0872573,1,VSM.LayoutRemap,0,1
56,1783,1316.0872573,1,VSM.ResetFeedback,0,1
56,1783,1316.0872573,1,VSM.MarkReceiverPages,641792,1
56,1783,1316.0872573,1,VSM.Allocate,221696,1
56,1783,1316.0872573,1,VSM.InvalidateStatic,0,0
56,1783,1316.0872573,1,VSM.ClearPhysicalPages,89344,1
56,1783,1316.0872573,1,VSM.StaticCasterCull,67072,1
56,1783,1316.0872573,1,VSM.DynamicCasterCull,0,1
56,1783,1316.0872573,1,VSM.PageCull,48640,1
56,1783,1316.0872573,1,VSM.StaticRaster,7424,1
56,1783,1316.0872573,1,VSM.FinalizePages,2304,1
56,1783,1316.0872573,1,VSM.DynamicRaster,14592,1
56,1783,1316.0872573,1,VSM.UnityCompatibilityRaster,0,0
56,1783,1316.0872573,1,VSM.Resolve,10177792,1
56,1783,1316.0872573,1,VSM.ResolveTrace,10049024,1
56,1783,1316.0872573,1,VSM.FilterHorizontal,62976,1
56,1783,1316.0872573,1,VSM.FilterVertical,64512,1
56,1783,1316.0872573,1,VSM.FilterTemporalVertical,0,0
57,1784,1316.1058108999998,1,VSM.LayoutRemap,0,1
57,1784,1316.1058108999998,1,VSM.ResetFeedback,0,1
57,1784,1316.1058108999998,1,VSM.MarkReceiverPages,643584,1
57,1784,1316.1058108999998,1,VSM.Allocate,222208,1
57,1784,1316.1058108999998,1,VSM.InvalidateStatic,0,0
57,1784,1316.1058108999998,1,VSM.ClearPhysicalPages,372224,1
57,1784,1316.1058108999998,1,VSM.StaticCasterCull,68608,1
57,1784,1316.1058108999998,1,VSM.DynamicCasterCull,0,1
57,1784,1316.1058108999998,1,VSM.PageCull,45312,1
57,1784,1316.1058108999998,1,VSM.StaticRaster,7424,1
57,1784,1316.1058108999998,1,VSM.FinalizePages,2304,1
57,1784,1316.1058108999998,1,VSM.DynamicRaster,12288,1
57,1784,1316.1058108999998,1,VSM.UnityCompatibilityRaster,0,0
57,1784,1316.1058108999998,1,VSM.Resolve,9997824,1
57,1784,1316.1058108999998,1,VSM.ResolveTrace,9673728,1
57,1784,1316.1058108999998,1,VSM.FilterHorizontal,258816,1
57,1784,1316.1058108999998,1,VSM.FilterVertical,64256,1
57,1784,1316.1058108999998,1,VSM.FilterTemporalVertical,0,0
58,1785,1316.1251108,1,VSM.LayoutRemap,0,1
58,1785,1316.1251108,1,VSM.ResetFeedback,0,1
58,1785,1316.1251108,1,VSM.MarkReceiverPages,641280,1
58,1785,1316.1251108,1,VSM.Allocate,225024,1
58,1785,1316.1251108,1,VSM.InvalidateStatic,0,0
58,1785,1316.1251108,1,VSM.ClearPhysicalPages,264192,1
58,1785,1316.1251108,1,VSM.StaticCasterCull,73472,1
58,1785,1316.1251108,1,VSM.DynamicCasterCull,0,1
58,1785,1316.1251108,1,VSM.PageCull,49408,1
58,1785,1316.1251108,1,VSM.StaticRaster,7424,1
58,1785,1316.1251108,1,VSM.FinalizePages,2048,1
58,1785,1316.1251108,1,VSM.DynamicRaster,13824,1
58,1785,1316.1251108,1,VSM.UnityCompatibilityRaster,0,0
58,1785,1316.1251108,1,VSM.Resolve,10345728,1
58,1785,1316.1251108,1,VSM.ResolveTrace,10216704,1
58,1785,1316.1251108,1,VSM.FilterHorizontal,63488,1
58,1785,1316.1251108,1,VSM.FilterVertical,64768,1
58,1785,1316.1251108,1,VSM.FilterTemporalVertical,0,0
59,1786,1316.1429443999998,1,VSM.LayoutRemap,0,1
59,1786,1316.1429443999998,1,VSM.ResetFeedback,0,1
59,1786,1316.1429443999998,1,VSM.MarkReceiverPages,639488,1
59,1786,1316.1429443999998,1,VSM.Allocate,225792,1
59,1786,1316.1429443999998,1,VSM.InvalidateStatic,0,0
59,1786,1316.1429443999998,1,VSM.ClearPhysicalPages,89600,1
59,1786,1316.1429443999998,1,VSM.StaticCasterCull,68096,1
59,1786,1316.1429443999998,1,VSM.DynamicCasterCull,0,1
59,1786,1316.1429443999998,1,VSM.PageCull,49152,1
59,1786,1316.1429443999998,1,VSM.StaticRaster,6912,1
59,1786,1316.1429443999998,1,VSM.FinalizePages,2048,1
59,1786,1316.1429443999998,1,VSM.DynamicRaster,14336,1
59,1786,1316.1429443999998,1,VSM.UnityCompatibilityRaster,0,0
59,1786,1316.1429443999998,1,VSM.Resolve,10415360,1
59,1786,1316.1429443999998,1,VSM.ResolveTrace,10118144,1
59,1786,1316.1429443999998,1,VSM.FilterHorizontal,62976,1
59,1786,1316.1429443999998,1,VSM.FilterVertical,65280,1
59,1786,1316.1429443999998,1,VSM.FilterTemporalVertical,0,0
60,1787,1316.162059,1,VSM.LayoutRemap,0,1
60,1787,1316.162059,1,VSM.ResetFeedback,0,1
60,1787,1316.162059,1,VSM.MarkReceiverPages,640256,1
60,1787,1316.162059,1,VSM.Allocate,223744,1
60,1787,1316.162059,1,VSM.InvalidateStatic,0,0
60,1787,1316.162059,1,VSM.ClearPhysicalPages,365056,1
60,1787,1316.162059,1,VSM.StaticCasterCull,69376,1
60,1787,1316.162059,1,VSM.DynamicCasterCull,0,1
60,1787,1316.162059,1,VSM.PageCull,45312,1
60,1787,1316.162059,1,VSM.StaticRaster,7424,1
60,1787,1316.162059,1,VSM.FinalizePages,2304,1
60,1787,1316.162059,1,VSM.DynamicRaster,13824,1
60,1787,1316.162059,1,VSM.UnityCompatibilityRaster,0,0
60,1787,1316.162059,1,VSM.Resolve,9839616,1
60,1787,1316.162059,1,VSM.ResolveTrace,9528576,1
60,1787,1316.162059,1,VSM.FilterHorizontal,63744,1
60,1787,1316.162059,1,VSM.FilterVertical,65024,1
60,1787,1316.162059,1,VSM.FilterTemporalVertical,0,0
61,1788,1316.1806155,1,VSM.LayoutRemap,0,1
61,1788,1316.1806155,1,VSM.ResetFeedback,0,1
61,1788,1316.1806155,1,VSM.MarkReceiverPages,642816,1
61,1788,1316.1806155,1,VSM.Allocate,225792,1
61,1788,1316.1806155,1,VSM.InvalidateStatic,0,0
61,1788,1316.1806155,1,VSM.ClearPhysicalPages,89856,1
61,1788,1316.1806155,1,VSM.StaticCasterCull,66048,1
61,1788,1316.1806155,1,VSM.DynamicCasterCull,0,1
61,1788,1316.1806155,1,VSM.PageCull,47616,1
61,1788,1316.1806155,1,VSM.StaticRaster,7424,1
61,1788,1316.1806155,1,VSM.FinalizePages,2048,1
61,1788,1316.1806155,1,VSM.DynamicRaster,12544,1
61,1788,1316.1806155,1,VSM.UnityCompatibilityRaster,0,0
61,1788,1316.1806155,1,VSM.Resolve,9360384,1
61,1788,1316.1806155,1,VSM.ResolveTrace,9231360,1
61,1788,1316.1806155,1,VSM.FilterHorizontal,63232,1
61,1788,1316.1806155,1,VSM.FilterVertical,64512,1
61,1788,1316.1806155,1,VSM.FilterTemporalVertical,0,0
62,1789,1316.1983702,1,VSM.LayoutRemap,0,1
62,1789,1316.1983702,1,VSM.ResetFeedback,0,1
62,1789,1316.1983702,1,VSM.MarkReceiverPages,638720,1
62,1789,1316.1983702,1,VSM.Allocate,225536,1
62,1789,1316.1983702,1,VSM.InvalidateStatic,0,0
62,1789,1316.1983702,1,VSM.ClearPhysicalPages,383488,1
62,1789,1316.1983702,1,VSM.StaticCasterCull,69632,1
62,1789,1316.1983702,1,VSM.DynamicCasterCull,0,1
62,1789,1316.1983702,1,VSM.PageCull,49152,1
62,1789,1316.1983702,1,VSM.StaticRaster,7424,1
62,1789,1316.1983702,1,VSM.FinalizePages,2304,1
62,1789,1316.1983702,1,VSM.DynamicRaster,11520,1
62,1789,1316.1983702,1,VSM.UnityCompatibilityRaster,0,0
62,1789,1316.1983702,1,VSM.Resolve,10299392,1
62,1789,1316.1983702,1,VSM.ResolveTrace,10000128,1
62,1789,1316.1983702,1,VSM.FilterHorizontal,63232,1
62,1789,1316.1983702,1,VSM.FilterVertical,64256,1
62,1789,1316.1983702,1,VSM.FilterTemporalVertical,0,0
63,1790,1316.2166267999999,1,VSM.LayoutRemap,0,1
63,1790,1316.2166267999999,1,VSM.ResetFeedback,0,1
63,1790,1316.2166267999999,1,VSM.MarkReceiverPages,641536,1
63,1790,1316.2166267999999,1,VSM.Allocate,225024,1
63,1790,1316.2166267999999,1,VSM.InvalidateStatic,0,0
63,1790,1316.2166267999999,1,VSM.ClearPhysicalPages,238848,1
63,1790,1316.2166267999999,1,VSM.StaticCasterCull,69632,1
63,1790,1316.2166267999999,1,VSM.DynamicCasterCull,0,1
63,1790,1316.2166267999999,1,VSM.PageCull,50688,1
63,1790,1316.2166267999999,1,VSM.StaticRaster,7424,1
63,1790,1316.2166267999999,1,VSM.FinalizePages,2048,1
63,1790,1316.2166267999999,1,VSM.DynamicRaster,13824,1
63,1790,1316.2166267999999,1,VSM.UnityCompatibilityRaster,0,0
63,1790,1316.2166267999999,1,VSM.Resolve,10371584,1
63,1790,1316.2166267999999,1,VSM.ResolveTrace,10069760,1
63,1790,1316.2166267999999,1,VSM.FilterHorizontal,63232,1
63,1790,1316.2166267999999,1,VSM.FilterVertical,237312,1
63,1790,1316.2166267999999,1,VSM.FilterTemporalVertical,0,0
64,1791,1316.2348475,1,VSM.LayoutRemap,0,1
64,1791,1316.2348475,1,VSM.ResetFeedback,0,1
64,1791,1316.2348475,1,VSM.MarkReceiverPages,641536,1
64,1791,1316.2348475,1,VSM.Allocate,225280,1
64,1791,1316.2348475,1,VSM.InvalidateStatic,0,0
64,1791,1316.2348475,1,VSM.ClearPhysicalPages,278272,1
64,1791,1316.2348475,1,VSM.StaticCasterCull,70912,1
64,1791,1316.2348475,1,VSM.DynamicCasterCull,256,1
64,1791,1316.2348475,1,VSM.PageCull,50432,1
64,1791,1316.2348475,1,VSM.StaticRaster,7424,1
64,1791,1316.2348475,1,VSM.FinalizePages,2048,1
64,1791,1316.2348475,1,VSM.DynamicRaster,12544,1
64,1791,1316.2348475,1,VSM.UnityCompatibilityRaster,0,0
64,1791,1316.2348475,1,VSM.Resolve,10176512,1
64,1791,1316.2348475,1,VSM.ResolveTrace,10046976,1
64,1791,1316.2348475,1,VSM.FilterHorizontal,62976,1
64,1791,1316.2348475,1,VSM.FilterVertical,65024,1
64,1791,1316.2348475,1,VSM.FilterTemporalVertical,0,0
65,1792,1316.2527572,1,VSM.LayoutRemap,0,1
65,1792,1316.2527572,1,VSM.ResetFeedback,0,1
65,1792,1316.2527572,1,VSM.MarkReceiverPages,642048,1
65,1792,1316.2527572,1,VSM.Allocate,221952,1
65,1792,1316.2527572,1,VSM.InvalidateStatic,0,0
65,1792,1316.2527572,1,VSM.ClearPhysicalPages,89856,1
65,1792,1316.2527572,1,VSM.StaticCasterCull,264960,1
65,1792,1316.2527572,1,VSM.DynamicCasterCull,0,1
65,1792,1316.2527572,1,VSM.PageCull,48640,1
65,1792,1316.2527572,1,VSM.StaticRaster,7168,1
65,1792,1316.2527572,1,VSM.FinalizePages,2048,1
65,1792,1316.2527572,1,VSM.DynamicRaster,14080,1
65,1792,1316.2527572,1,VSM.UnityCompatibilityRaster,0,0
65,1792,1316.2527572,1,VSM.Resolve,10273280,1
65,1792,1316.2527572,1,VSM.ResolveTrace,10143232,1
65,1792,1316.2527572,1,VSM.FilterHorizontal,64512,1
65,1792,1316.2527572,1,VSM.FilterVertical,64256,1
65,1792,1316.2527572,1,VSM.FilterTemporalVertical,0,0
66,1793,1316.2723844,1,VSM.LayoutRemap,0,1
66,1793,1316.2723844,1,VSM.ResetFeedback,0,1
66,1793,1316.2723844,1,VSM.MarkReceiverPages,640768,1
66,1793,1316.2723844,1,VSM.Allocate,221440,1
66,1793,1316.2723844,1,VSM.InvalidateStatic,0,0
66,1793,1316.2723844,1,VSM.ClearPhysicalPages,90112,1
66,1793,1316.2723844,1,VSM.StaticCasterCull,382976,1
66,1793,1316.2723844,1,VSM.DynamicCasterCull,256,1
66,1793,1316.2723844,1,VSM.PageCull,363520,1
66,1793,1316.2723844,1,VSM.StaticRaster,7424,1
66,1793,1316.2723844,1,VSM.FinalizePages,2304,1
66,1793,1316.2723844,1,VSM.DynamicRaster,11776,1
66,1793,1316.2723844,1,VSM.UnityCompatibilityRaster,0,0
66,1793,1316.2723844,1,VSM.Resolve,10006016,1
66,1793,1316.2723844,1,VSM.ResolveTrace,9875712,1
66,1793,1316.2723844,1,VSM.FilterHorizontal,63744,1
66,1793,1316.2723844,1,VSM.FilterVertical,65024,1
66,1793,1316.2723844,1,VSM.FilterTemporalVertical,0,0
67,1794,1316.2908240999998,1,VSM.LayoutRemap,0,1
67,1794,1316.2908240999998,1,VSM.ResetFeedback,0,1
67,1794,1316.2908240999998,1,VSM.MarkReceiverPages,643072,1
67,1794,1316.2908240999998,1,VSM.Allocate,224256,1
67,1794,1316.2908240999998,1,VSM.InvalidateStatic,0,0
67,1794,1316.2908240999998,1,VSM.ClearPhysicalPages,89856,1
67,1794,1316.2908240999998,1,VSM.StaticCasterCull,67328,1
67,1794,1316.2908240999998,1,VSM.DynamicCasterCull,256,1
67,1794,1316.2908240999998,1,VSM.PageCull,49152,1
67,1794,1316.2908240999998,1,VSM.StaticRaster,6912,1
67,1794,1316.2908240999998,1,VSM.FinalizePages,2048,1
67,1794,1316.2908240999998,1,VSM.DynamicRaster,15104,1
67,1794,1316.2908240999998,1,VSM.UnityCompatibilityRaster,0,0
67,1794,1316.2908240999998,1,VSM.Resolve,9576192,1
67,1794,1316.2908240999998,1,VSM.ResolveTrace,9447936,1
67,1794,1316.2908240999998,1,VSM.FilterHorizontal,62976,1
67,1794,1316.2908240999998,1,VSM.FilterVertical,64256,1
67,1794,1316.2908240999998,1,VSM.FilterTemporalVertical,0,0
68,1795,1316.3098426,1,VSM.LayoutRemap,0,1
68,1795,1316.3098426,1,VSM.ResetFeedback,0,1
68,1795,1316.3098426,1,VSM.MarkReceiverPages,639488,1
68,1795,1316.3098426,1,VSM.Allocate,224512,1
68,1795,1316.3098426,1,VSM.InvalidateStatic,0,0
68,1795,1316.3098426,1,VSM.ClearPhysicalPages,89856,1
68,1795,1316.3098426,1,VSM.StaticCasterCull,65792,1
68,1795,1316.3098426,1,VSM.DynamicCasterCull,0,1
68,1795,1316.3098426,1,VSM.PageCull,46848,1
68,1795,1316.3098426,1,VSM.StaticRaster,3072,1
68,1795,1316.3098426,1,VSM.FinalizePages,2304,1
68,1795,1316.3098426,1,VSM.DynamicRaster,13056,1
68,1795,1316.3098426,1,VSM.UnityCompatibilityRaster,0,0
68,1795,1316.3098426,1,VSM.Resolve,10368512,1
68,1795,1316.3098426,1,VSM.ResolveTrace,10239744,1
68,1795,1316.3098426,1,VSM.FilterHorizontal,63232,1
68,1795,1316.3098426,1,VSM.FilterVertical,64512,1
68,1795,1316.3098426,1,VSM.FilterTemporalVertical,0,0
69,1796,1316.3284234999999,1,VSM.LayoutRemap,0,1
69,1796,1316.3284234999999,1,VSM.ResetFeedback,0,1
69,1796,1316.3284234999999,1,VSM.MarkReceiverPages,643840,1
69,1796,1316.3284234999999,1,VSM.Allocate,222464,1
69,1796,1316.3284234999999,1,VSM.InvalidateStatic,0,0
69,1796,1316.3284234999999,1,VSM.ClearPhysicalPages,514304,1
69,1796,1316.3284234999999,1,VSM.StaticCasterCull,71168,1
69,1796,1316.3284234999999,1,VSM.DynamicCasterCull,0,1
69,1796,1316.3284234999999,1,VSM.PageCull,46848,1
69,1796,1316.3284234999999,1,VSM.StaticRaster,7424,1
69,1796,1316.3284234999999,1,VSM.FinalizePages,2304,1
69,1796,1316.3284234999999,1,VSM.DynamicRaster,12288,1
69,1796,1316.3284234999999,1,VSM.UnityCompatibilityRaster,0,0
69,1796,1316.3284234999999,1,VSM.Resolve,9775360,1
69,1796,1316.3284234999999,1,VSM.ResolveTrace,9646336,1
69,1796,1316.3284234999999,1,VSM.FilterHorizontal,63488,1
69,1796,1316.3284234999999,1,VSM.FilterVertical,65024,1
69,1796,1316.3284234999999,1,VSM.FilterTemporalVertical,0,0
70,1797,1316.3472646999999,1,VSM.LayoutRemap,0,1
70,1797,1316.3472646999999,1,VSM.ResetFeedback,0,1
70,1797,1316.3472646999999,1,VSM.MarkReceiverPages,642048,1
70,1797,1316.3472646999999,1,VSM.Allocate,221440,1
70,1797,1316.3472646999999,1,VSM.InvalidateStatic,0,0
70,1797,1316.3472646999999,1,VSM.ClearPhysicalPages,89856,1
70,1797,1316.3472646999999,1,VSM.StaticCasterCull,67328,1
70,1797,1316.3472646999999,1,VSM.DynamicCasterCull,256,1
70,1797,1316.3472646999999,1,VSM.PageCull,48384,1
70,1797,1316.3472646999999,1,VSM.StaticRaster,7168,1
70,1797,1316.3472646999999,1,VSM.FinalizePages,2048,1
70,1797,1316.3472646999999,1,VSM.DynamicRaster,13568,1
70,1797,1316.3472646999999,1,VSM.UnityCompatibilityRaster,0,0
70,1797,1316.3472646999999,1,VSM.Resolve,10169088,1
70,1797,1316.3472646999999,1,VSM.ResolveTrace,10039296,1
70,1797,1316.3472646999999,1,VSM.FilterHorizontal,63488,1
70,1797,1316.3472646999999,1,VSM.FilterVertical,65024,1
70,1797,1316.3472646999999,1,VSM.FilterTemporalVertical,0,0
71,1798,1316.3651886999999,1,VSM.LayoutRemap,0,1
71,1798,1316.3651886999999,1,VSM.ResetFeedback,0,1
71,1798,1316.3651886999999,1,VSM.MarkReceiverPages,856832,1
71,1798,1316.3651886999999,1,VSM.Allocate,223744,1
71,1798,1316.3651886999999,1,VSM.InvalidateStatic,0,0
71,1798,1316.3651886999999,1,VSM.ClearPhysicalPages,89856,1
71,1798,1316.3651886999999,1,VSM.StaticCasterCull,68096,1
71,1798,1316.3651886999999,1,VSM.DynamicCasterCull,0,1
71,1798,1316.3651886999999,1,VSM.PageCull,49664,1
71,1798,1316.3651886999999,1,VSM.StaticRaster,7424,1
71,1798,1316.3651886999999,1,VSM.FinalizePages,2048,1
71,1798,1316.3651886999999,1,VSM.DynamicRaster,14592,1
71,1798,1316.3651886999999,1,VSM.UnityCompatibilityRaster,0,0
71,1798,1316.3651886999999,1,VSM.Resolve,9593600,1
71,1798,1316.3651886999999,1,VSM.ResolveTrace,9464832,1
71,1798,1316.3651886999999,1,VSM.FilterHorizontal,63232,1
71,1798,1316.3651886999999,1,VSM.FilterVertical,64256,1
71,1798,1316.3651886999999,1,VSM.FilterTemporalVertical,0,0
72,1799,1316.3847289999999,1,VSM.LayoutRemap,0,1
72,1799,1316.3847289999999,1,VSM.ResetFeedback,0,1
72,1799,1316.3847289999999,1,VSM.MarkReceiverPages,641024,1
72,1799,1316.3847289999999,1,VSM.Allocate,223488,1
72,1799,1316.3847289999999,1,VSM.InvalidateStatic,0,0
72,1799,1316.3847289999999,1,VSM.ClearPhysicalPages,90368,1
72,1799,1316.3847289999999,1,VSM.StaticCasterCull,70144,1
72,1799,1316.3847289999999,1,VSM.DynamicCasterCull,0,1
72,1799,1316.3847289999999,1,VSM.PageCull,50944,1
72,1799,1316.3847289999999,1,VSM.StaticRaster,6912,1
72,1799,1316.3847289999999,1,VSM.FinalizePages,2048,1
72,1799,1316.3847289999999,1,VSM.DynamicRaster,13312,1
72,1799,1316.3847289999999,1,VSM.UnityCompatibilityRaster,0,0
72,1799,1316.3847289999999,1,VSM.Resolve,9903104,1
72,1799,1316.3847289999999,1,VSM.ResolveTrace,9772800,1
72,1799,1316.3847289999999,1,VSM.FilterHorizontal,63744,1
72,1799,1316.3847289999999,1,VSM.FilterVertical,65536,1
72,1799,1316.3847289999999,1,VSM.FilterTemporalVertical,0,0
73,1800,1316.4023949,1,VSM.LayoutRemap,0,1
73,1800,1316.4023949,1,VSM.ResetFeedback,0,1
73,1800,1316.4023949,1,VSM.MarkReceiverPages,641024,1
73,1800,1316.4023949,1,VSM.Allocate,223744,1
73,1800,1316.4023949,1,VSM.InvalidateStatic,0,0
73,1800,1316.4023949,1,VSM.ClearPhysicalPages,281344,1
73,1800,1316.4023949,1,VSM.StaticCasterCull,71680,1
73,1800,1316.4023949,1,VSM.DynamicCasterCull,256,1
73,1800,1316.4023949,1,VSM.PageCull,48896,1
73,1800,1316.4023949,1,VSM.StaticRaster,7168,1
73,1800,1316.4023949,1,VSM.FinalizePages,2048,1
73,1800,1316.4023949,1,VSM.DynamicRaster,15872,1
73,1800,1316.4023949,1,VSM.UnityCompatibilityRaster,0,0
73,1800,1316.4023949,1,VSM.Resolve,9710336,1
73,1800,1316.4023949,1,VSM.ResolveTrace,9581824,1
73,1800,1316.4023949,1,VSM.FilterHorizontal,63232,1
73,1800,1316.4023949,1,VSM.FilterVertical,64256,1
73,1800,1316.4023949,1,VSM.FilterTemporalVertical,0,0
74,1801,1316.4207677999998,1,VSM.LayoutRemap,0,1
74,1801,1316.4207677999998,1,VSM.ResetFeedback,0,1
74,1801,1316.4207677999998,1,VSM.MarkReceiverPages,642816,1
74,1801,1316.4207677999998,1,VSM.Allocate,225280,1
74,1801,1316.4207677999998,1,VSM.InvalidateStatic,0,0
74,1801,1316.4207677999998,1,VSM.ClearPhysicalPages,378624,1
74,1801,1316.4207677999998,1,VSM.StaticCasterCull,75520,1
74,1801,1316.4207677999998,1,VSM.DynamicCasterCull,0,1
74,1801,1316.4207677999998,1,VSM.PageCull,51712,1
74,1801,1316.4207677999998,1,VSM.StaticRaster,7168,1
74,1801,1316.4207677999998,1,VSM.FinalizePages,2304,1
74,1801,1316.4207677999998,1,VSM.DynamicRaster,12288,1
74,1801,1316.4207677999998,1,VSM.UnityCompatibilityRaster,0,0
74,1801,1316.4207677999998,1,VSM.Resolve,10733312,1
74,1801,1316.4207677999998,1,VSM.ResolveTrace,10603776,1
74,1801,1316.4207677999998,1,VSM.FilterHorizontal,63744,1
74,1801,1316.4207677999998,1,VSM.FilterVertical,64768,1
74,1801,1316.4207677999998,1,VSM.FilterTemporalVertical,0,0
75,1802,1316.4390357999998,1,VSM.LayoutRemap,0,1
75,1802,1316.4390357999998,1,VSM.ResetFeedback,0,1
75,1802,1316.4390357999998,1,VSM.MarkReceiverPages,642304,1
75,1802,1316.4390357999998,1,VSM.Allocate,224768,1
75,1802,1316.4390357999998,1,VSM.InvalidateStatic,0,0
75,1802,1316.4390357999998,1,VSM.ClearPhysicalPages,90112,1
75,1802,1316.4390357999998,1,VSM.StaticCasterCull,66816,1
75,1802,1316.4390357999998,1,VSM.DynamicCasterCull,0,1
75,1802,1316.4390357999998,1,VSM.PageCull,47872,1
75,1802,1316.4390357999998,1,VSM.StaticRaster,3072,1
75,1802,1316.4390357999998,1,VSM.FinalizePages,2048,1
75,1802,1316.4390357999998,1,VSM.DynamicRaster,12800,1
75,1802,1316.4390357999998,1,VSM.UnityCompatibilityRaster,0,0
75,1802,1316.4390357999998,1,VSM.Resolve,9513472,1
75,1802,1316.4390357999998,1,VSM.ResolveTrace,9385728,1
75,1802,1316.4390357999998,1,VSM.FilterHorizontal,62976,1
75,1802,1316.4390357999998,1,VSM.FilterVertical,63488,1
75,1802,1316.4390357999998,1,VSM.FilterTemporalVertical,0,0
76,1803,1316.4579339999998,1,VSM.LayoutRemap,0,1
76,1803,1316.4579339999998,1,VSM.ResetFeedback,0,1
76,1803,1316.4579339999998,1,VSM.MarkReceiverPages,641536,1
76,1803,1316.4579339999998,1,VSM.Allocate,225280,1
76,1803,1316.4579339999998,1,VSM.InvalidateStatic,0,0
76,1803,1316.4579339999998,1,VSM.ClearPhysicalPages,89856,1
76,1803,1316.4579339999998,1,VSM.StaticCasterCull,65792,1
76,1803,1316.4579339999998,1,VSM.DynamicCasterCull,0,1
76,1803,1316.4579339999998,1,VSM.PageCull,47360,1
76,1803,1316.4579339999998,1,VSM.StaticRaster,6912,1
76,1803,1316.4579339999998,1,VSM.FinalizePages,2048,1
76,1803,1316.4579339999998,1,VSM.DynamicRaster,13056,1
76,1803,1316.4579339999998,1,VSM.UnityCompatibilityRaster,0,0
76,1803,1316.4579339999998,1,VSM.Resolve,10437888,1
76,1803,1316.4579339999998,1,VSM.ResolveTrace,10308864,1
76,1803,1316.4579339999998,1,VSM.FilterHorizontal,63488,1
76,1803,1316.4579339999998,1,VSM.FilterVertical,64768,1
76,1803,1316.4579339999998,1,VSM.FilterTemporalVertical,0,0
77,1804,1316.4763564,1,VSM.LayoutRemap,0,1
77,1804,1316.4763564,1,VSM.ResetFeedback,0,1
77,1804,1316.4763564,1,VSM.MarkReceiverPages,640000,1
77,1804,1316.4763564,1,VSM.Allocate,225280,1
77,1804,1316.4763564,1,VSM.InvalidateStatic,0,0
77,1804,1316.4763564,1,VSM.ClearPhysicalPages,390400,1
77,1804,1316.4763564,1,VSM.StaticCasterCull,72704,1
77,1804,1316.4763564,1,VSM.DynamicCasterCull,256,1
77,1804,1316.4763564,1,VSM.PageCull,48640,1
77,1804,1316.4763564,1,VSM.StaticRaster,7424,1
77,1804,1316.4763564,1,VSM.FinalizePages,2304,1
77,1804,1316.4763564,1,VSM.DynamicRaster,11008,1
77,1804,1316.4763564,1,VSM.UnityCompatibilityRaster,0,0
77,1804,1316.4763564,1,VSM.Resolve,10366976,1
77,1804,1316.4763564,1,VSM.ResolveTrace,10237696,1
77,1804,1316.4763564,1,VSM.FilterHorizontal,62720,1
77,1804,1316.4763564,1,VSM.FilterVertical,65024,1
77,1804,1316.4763564,1,VSM.FilterTemporalVertical,0,0
78,1805,1316.4950302999998,1,VSM.LayoutRemap,0,1
78,1805,1316.4950302999998,1,VSM.ResetFeedback,0,1
78,1805,1316.4950302999998,1,VSM.MarkReceiverPages,643072,1
78,1805,1316.4950302999998,1,VSM.Allocate,225024,1
78,1805,1316.4950302999998,1,VSM.InvalidateStatic,0,0
78,1805,1316.4950302999998,1,VSM.ClearPhysicalPages,371456,1
78,1805,1316.4950302999998,1,VSM.StaticCasterCull,69376,1
78,1805,1316.4950302999998,1,VSM.DynamicCasterCull,0,1
78,1805,1316.4950302999998,1,VSM.PageCull,46080,1
78,1805,1316.4950302999998,1,VSM.StaticRaster,6912,1
78,1805,1316.4950302999998,1,VSM.FinalizePages,2304,1
78,1805,1316.4950302999998,1,VSM.DynamicRaster,12544,1
78,1805,1316.4950302999998,1,VSM.UnityCompatibilityRaster,0,0
78,1805,1316.4950302999998,1,VSM.Resolve,10416384,1
78,1805,1316.4950302999998,1,VSM.ResolveTrace,10287104,1
78,1805,1316.4950302999998,1,VSM.FilterHorizontal,63744,1
78,1805,1316.4950302999998,1,VSM.FilterVertical,64512,1
78,1805,1316.4950302999998,1,VSM.FilterTemporalVertical,0,0
79,1806,1316.5134503999998,1,VSM.LayoutRemap,0,1
79,1806,1316.5134503999998,1,VSM.ResetFeedback,0,1
79,1806,1316.5134503999998,1,VSM.MarkReceiverPages,641280,1
79,1806,1316.5134503999998,1,VSM.Allocate,221440,1
79,1806,1316.5134503999998,1,VSM.InvalidateStatic,0,0
79,1806,1316.5134503999998,1,VSM.ClearPhysicalPages,90112,1
79,1806,1316.5134503999998,1,VSM.StaticCasterCull,67584,1
79,1806,1316.5134503999998,1,VSM.DynamicCasterCull,256,1
79,1806,1316.5134503999998,1,VSM.PageCull,48896,1
79,1806,1316.5134503999998,1,VSM.StaticRaster,7168,1
79,1806,1316.5134503999998,1,VSM.FinalizePages,2048,1
79,1806,1316.5134503999998,1,VSM.DynamicRaster,13312,1
79,1806,1316.5134503999998,1,VSM.UnityCompatibilityRaster,0,0
79,1806,1316.5134503999998,1,VSM.Resolve,9836800,1
79,1806,1316.5134503999998,1,VSM.ResolveTrace,9707520,1
79,1806,1316.5134503999998,1,VSM.FilterHorizontal,63232,1
79,1806,1316.5134503999998,1,VSM.FilterVertical,65024,1
79,1806,1316.5134503999998,1,VSM.FilterTemporalVertical,0,0
80,1807,1316.5308948,1,VSM.LayoutRemap,0,1
80,1807,1316.5308948,1,VSM.ResetFeedback,0,1
80,1807,1316.5308948,1,VSM.MarkReceiverPages,639744,1
80,1807,1316.5308948,1,VSM.Allocate,225280,1
80,1807,1316.5308948,1,VSM.InvalidateStatic,0,0
80,1807,1316.5308948,1,VSM.ClearPhysicalPages,89600,1
80,1807,1316.5308948,1,VSM.StaticCasterCull,68608,1
80,1807,1316.5308948,1,VSM.DynamicCasterCull,0,1
80,1807,1316.5308948,1,VSM.PageCull,49664,1
80,1807,1316.5308948,1,VSM.StaticRaster,7168,1
80,1807,1316.5308948,1,VSM.FinalizePages,2304,1
80,1807,1316.5308948,1,VSM.DynamicRaster,14080,1
80,1807,1316.5308948,1,VSM.UnityCompatibilityRaster,0,0
80,1807,1316.5308948,1,VSM.Resolve,10457344,1
80,1807,1316.5308948,1,VSM.ResolveTrace,10328576,1
80,1807,1316.5308948,1,VSM.FilterHorizontal,63232,1
80,1807,1316.5308948,1,VSM.FilterVertical,64256,1
80,1807,1316.5308948,1,VSM.FilterTemporalVertical,0,0
81,1808,1316.5483261999998,1,VSM.LayoutRemap,0,1
81,1808,1316.5483261999998,1,VSM.ResetFeedback,0,1
81,1808,1316.5483261999998,1,VSM.MarkReceiverPages,642816,1
81,1808,1316.5483261999998,1,VSM.Allocate,224512,1
81,1808,1316.5483261999998,1,VSM.InvalidateStatic,0,0
81,1808,1316.5483261999998,1,VSM.ClearPhysicalPages,371968,1
81,1808,1316.5483261999998,1,VSM.StaticCasterCull,69632,1
81,1808,1316.5483261999998,1,VSM.DynamicCasterCull,256,1
81,1808,1316.5483261999998,1,VSM.PageCull,45568,1
81,1808,1316.5483261999998,1,VSM.StaticRaster,3328,1
81,1808,1316.5483261999998,1,VSM.FinalizePages,2304,1
81,1808,1316.5483261999998,1,VSM.DynamicRaster,13056,1
81,1808,1316.5483261999998,1,VSM.UnityCompatibilityRaster,0,0
81,1808,1316.5483261999998,1,VSM.Resolve,10436096,1
81,1808,1316.5483261999998,1,VSM.ResolveTrace,10306048,1
81,1808,1316.5483261999998,1,VSM.FilterHorizontal,64000,1
81,1808,1316.5483261999998,1,VSM.FilterVertical,65024,1
81,1808,1316.5483261999998,1,VSM.FilterTemporalVertical,0,0
82,1809,1316.5666121999998,1,VSM.LayoutRemap,0,1
82,1809,1316.5666121999998,1,VSM.ResetFeedback,0,1
82,1809,1316.5666121999998,1,VSM.MarkReceiverPages,641792,1
82,1809,1316.5666121999998,1,VSM.Allocate,225024,1
82,1809,1316.5666121999998,1,VSM.InvalidateStatic,0,0
82,1809,1316.5666121999998,1,VSM.ClearPhysicalPages,89600,1
82,1809,1316.5666121999998,1,VSM.StaticCasterCull,67840,1
82,1809,1316.5666121999998,1,VSM.DynamicCasterCull,256,1
82,1809,1316.5666121999998,1,VSM.PageCull,49408,1
82,1809,1316.5666121999998,1,VSM.StaticRaster,7680,1
82,1809,1316.5666121999998,1,VSM.FinalizePages,2048,1
82,1809,1316.5666121999998,1,VSM.DynamicRaster,15104,1
82,1809,1316.5666121999998,1,VSM.UnityCompatibilityRaster,0,0
82,1809,1316.5666121999998,1,VSM.Resolve,10170112,1
82,1809,1316.5666121999998,1,VSM.ResolveTrace,10040576,1
82,1809,1316.5666121999998,1,VSM.FilterHorizontal,63744,1
82,1809,1316.5666121999998,1,VSM.FilterVertical,64768,1
82,1809,1316.5666121999998,1,VSM.FilterTemporalVertical,0,0
83,1810,1316.5845336,1,VSM.LayoutRemap,0,1
83,1810,1316.5845336,1,VSM.ResetFeedback,0,1
83,1810,1316.5845336,1,VSM.MarkReceiverPages,640768,1
83,1810,1316.5845336,1,VSM.Allocate,224512,1
83,1810,1316.5845336,1,VSM.InvalidateStatic,0,0
83,1810,1316.5845336,1,VSM.ClearPhysicalPages,89856,1
83,1810,1316.5845336,1,VSM.StaticCasterCull,68096,1
83,1810,1316.5845336,1,VSM.DynamicCasterCull,0,1
83,1810,1316.5845336,1,VSM.PageCull,49664,1
83,1810,1316.5845336,1,VSM.StaticRaster,7424,1
83,1810,1316.5845336,1,VSM.FinalizePages,2048,1
83,1810,1316.5845336,1,VSM.DynamicRaster,15616,1
83,1810,1316.5845336,1,VSM.UnityCompatibilityRaster,0,0
83,1810,1316.5845336,1,VSM.Resolve,9433600,1
83,1810,1316.5845336,1,VSM.ResolveTrace,9306112,1
83,1810,1316.5845336,1,VSM.FilterHorizontal,63488,1
83,1810,1316.5845336,1,VSM.FilterVertical,62976,1
83,1810,1316.5845336,1,VSM.FilterTemporalVertical,0,0
84,1811,1316.6024863999999,1,VSM.LayoutRemap,0,1
84,1811,1316.6024863999999,1,VSM.ResetFeedback,0,1
84,1811,1316.6024863999999,1,VSM.MarkReceiverPages,642560,1
84,1811,1316.6024863999999,1,VSM.Allocate,225792,1
84,1811,1316.6024863999999,1,VSM.InvalidateStatic,0,0
84,1811,1316.6024863999999,1,VSM.ClearPhysicalPages,285184,1
84,1811,1316.6024863999999,1,VSM.StaticCasterCull,71936,1
84,1811,1316.6024863999999,1,VSM.DynamicCasterCull,0,1
84,1811,1316.6024863999999,1,VSM.PageCull,48640,1
84,1811,1316.6024863999999,1,VSM.StaticRaster,7168,1
84,1811,1316.6024863999999,1,VSM.FinalizePages,2048,1
84,1811,1316.6024863999999,1,VSM.DynamicRaster,13568,1
84,1811,1316.6024863999999,1,VSM.UnityCompatibilityRaster,0,0
84,1811,1316.6024863999999,1,VSM.Resolve,10230784,1
84,1811,1316.6024863999999,1,VSM.ResolveTrace,10100736,1
84,1811,1316.6024863999999,1,VSM.FilterHorizontal,64256,1
84,1811,1316.6024863999999,1,VSM.FilterVertical,64768,1
84,1811,1316.6024863999999,1,VSM.FilterTemporalVertical,0,0
85,1812,1316.6210901,1,VSM.LayoutRemap,0,1
85,1812,1316.6210901,1,VSM.ResetFeedback,0,1
85,1812,1316.6210901,1,VSM.MarkReceiverPages,642816,1
85,1812,1316.6210901,1,VSM.Allocate,224256,1
85,1812,1316.6210901,1,VSM.InvalidateStatic,0,0
85,1812,1316.6210901,1,VSM.ClearPhysicalPages,90112,1
85,1812,1316.6210901,1,VSM.StaticCasterCull,349696,1
85,1812,1316.6210901,1,VSM.DynamicCasterCull,0,1
85,1812,1316.6210901,1,VSM.PageCull,45824,1
85,1812,1316.6210901,1,VSM.StaticRaster,6912,1
85,1812,1316.6210901,1,VSM.FinalizePages,2304,1
85,1812,1316.6210901,1,VSM.DynamicRaster,12544,1
85,1812,1316.6210901,1,VSM.UnityCompatibilityRaster,0,0
85,1812,1316.6210901,1,VSM.Resolve,10094848,1
85,1812,1316.6210901,1,VSM.ResolveTrace,9965056,1
85,1812,1316.6210901,1,VSM.FilterHorizontal,63488,1
85,1812,1316.6210901,1,VSM.FilterVertical,65024,1
85,1812,1316.6210901,1,VSM.FilterTemporalVertical,0,0
86,1813,1316.6399096999999,1,VSM.LayoutRemap,0,1
86,1813,1316.6399096999999,1,VSM.ResetFeedback,0,1
86,1813,1316.6399096999999,1,VSM.MarkReceiverPages,638976,1
86,1813,1316.6399096999999,1,VSM.Allocate,221952,1
86,1813,1316.6399096999999,1,VSM.InvalidateStatic,0,0
86,1813,1316.6399096999999,1,VSM.ClearPhysicalPages,89856,1
86,1813,1316.6399096999999,1,VSM.StaticCasterCull,69376,1
86,1813,1316.6399096999999,1,VSM.DynamicCasterCull,0,1
86,1813,1316.6399096999999,1,VSM.PageCull,50688,1
86,1813,1316.6399096999999,1,VSM.StaticRaster,7168,1
86,1813,1316.6399096999999,1,VSM.FinalizePages,2048,1
86,1813,1316.6399096999999,1,VSM.DynamicRaster,16128,1
86,1813,1316.6399096999999,1,VSM.UnityCompatibilityRaster,0,0
86,1813,1316.6399096999999,1,VSM.Resolve,10067200,1
86,1813,1316.6399096999999,1,VSM.ResolveTrace,9938432,1
86,1813,1316.6399096999999,1,VSM.FilterHorizontal,63232,1
86,1813,1316.6399096999999,1,VSM.FilterVertical,64256,1
86,1813,1316.6399096999999,1,VSM.FilterTemporalVertical,0,0
87,1814,1316.6585384999998,1,VSM.LayoutRemap,0,1
87,1814,1316.6585384999998,1,VSM.ResetFeedback,0,1
87,1814,1316.6585384999998,1,VSM.MarkReceiverPages,640768,1
87,1814,1316.6585384999998,1,VSM.Allocate,221952,1
87,1814,1316.6585384999998,1,VSM.InvalidateStatic,0,0
87,1814,1316.6585384999998,1,VSM.ClearPhysicalPages,90112,1
87,1814,1316.6585384999998,1,VSM.StaticCasterCull,66048,1
87,1814,1316.6585384999998,1,VSM.DynamicCasterCull,0,1
87,1814,1316.6585384999998,1,VSM.PageCull,47616,1
87,1814,1316.6585384999998,1,VSM.StaticRaster,4096,1
87,1814,1316.6585384999998,1,VSM.FinalizePages,2048,1
87,1814,1316.6585384999998,1,VSM.DynamicRaster,12800,1
87,1814,1316.6585384999998,1,VSM.UnityCompatibilityRaster,0,0
87,1814,1316.6585384999998,1,VSM.Resolve,10395392,1
87,1814,1316.6585384999998,1,VSM.ResolveTrace,10266368,1
87,1814,1316.6585384999998,1,VSM.FilterHorizontal,63232,1
87,1814,1316.6585384999998,1,VSM.FilterVertical,64768,1
87,1814,1316.6585384999998,1,VSM.FilterTemporalVertical,0,0
88,1815,1316.6775742,1,VSM.LayoutRemap,0,1
88,1815,1316.6775742,1,VSM.ResetFeedback,0,1
88,1815,1316.6775742,1,VSM.MarkReceiverPages,641792,1
88,1815,1316.6775742,1,VSM.Allocate,225536,1
88,1815,1316.6775742,1,VSM.InvalidateStatic,0,0
88,1815,1316.6775742,1,VSM.ClearPhysicalPages,395520,1
88,1815,1316.6775742,1,VSM.StaticCasterCull,71168,1
88,1815,1316.6775742,1,VSM.DynamicCasterCull,0,1
88,1815,1316.6775742,1,VSM.PageCull,51456,1
88,1815,1316.6775742,1,VSM.StaticRaster,10752,1
88,1815,1316.6775742,1,VSM.FinalizePages,2304,1
88,1815,1316.6775742,1,VSM.DynamicRaster,11264,1
88,1815,1316.6775742,1,VSM.UnityCompatibilityRaster,0,0
88,1815,1316.6775742,1,VSM.Resolve,10623232,1
88,1815,1316.6775742,1,VSM.ResolveTrace,10493952,1
88,1815,1316.6775742,1,VSM.FilterHorizontal,64000,1
88,1815,1316.6775742,1,VSM.FilterVertical,64256,1
88,1815,1316.6775742,1,VSM.FilterTemporalVertical,0,0
89,1816,1316.6960926,1,VSM.LayoutRemap,0,1
89,1816,1316.6960926,1,VSM.ResetFeedback,0,1
89,1816,1316.6960926,1,VSM.MarkReceiverPages,639488,1
89,1816,1316.6960926,1,VSM.Allocate,223232,1
89,1816,1316.6960926,1,VSM.InvalidateStatic,0,0
89,1816,1316.6960926,1,VSM.ClearPhysicalPages,89600,1
89,1816,1316.6960926,1,VSM.StaticCasterCull,67584,1
89,1816,1316.6960926,1,VSM.DynamicCasterCull,256,1
89,1816,1316.6960926,1,VSM.PageCull,49152,1
89,1816,1316.6960926,1,VSM.StaticRaster,7424,1
89,1816,1316.6960926,1,VSM.FinalizePages,2048,1
89,1816,1316.6960926,1,VSM.DynamicRaster,15104,1
89,1816,1316.6960926,1,VSM.UnityCompatibilityRaster,0,0
89,1816,1316.6960926,1,VSM.Resolve,10204160,1
89,1816,1316.6960926,1,VSM.ResolveTrace,10074624,1
89,1816,1316.6960926,1,VSM.FilterHorizontal,62976,1
89,1816,1316.6960926,1,VSM.FilterVertical,65024,1
89,1816,1316.6960926,1,VSM.FilterTemporalVertical,0,0
90,1817,1316.7154842,1,VSM.LayoutRemap,0,1
90,1817,1316.7154842,1,VSM.ResetFeedback,0,1
90,1817,1316.7154842,1,VSM.MarkReceiverPages,641024,1
90,1817,1316.7154842,1,VSM.Allocate,222464,1
90,1817,1316.7154842,1,VSM.InvalidateStatic,0,0
90,1817,1316.7154842,1,VSM.ClearPhysicalPages,90112,1
90,1817,1316.7154842,1,VSM.StaticCasterCull,65792,1
90,1817,1316.7154842,1,VSM.DynamicCasterCull,0,1
90,1817,1316.7154842,1,VSM.PageCull,47104,1
90,1817,1316.7154842,1,VSM.StaticRaster,7168,1
90,1817,1316.7154842,1,VSM.FinalizePages,2048,1
90,1817,1316.7154842,1,VSM.DynamicRaster,11520,1
90,1817,1316.7154842,1,VSM.UnityCompatibilityRaster,0,0
90,1817,1316.7154842,1,VSM.Resolve,11026688,1
90,1817,1316.7154842,1,VSM.ResolveTrace,10897408,1
90,1817,1316.7154842,1,VSM.FilterHorizontal,63744,1
90,1817,1316.7154842,1,VSM.FilterVertical,64512,1
90,1817,1316.7154842,1,VSM.FilterTemporalVertical,0,0
91,1818,1316.7333953999998,1,VSM.LayoutRemap,0,1
91,1818,1316.7333953999998,1,VSM.ResetFeedback,0,1
91,1818,1316.7333953999998,1,VSM.MarkReceiverPages,639232,1
91,1818,1316.7333953999998,1,VSM.Allocate,222208,1
91,1818,1316.7333953999998,1,VSM.InvalidateStatic,0,0
91,1818,1316.7333953999998,1,VSM.ClearPhysicalPages,386560,1
91,1818,1316.7333953999998,1,VSM.StaticCasterCull,73984,1
91,1818,1316.7333953999998,1,VSM.DynamicCasterCull,0,1
91,1818,1316.7333953999998,1,VSM.PageCull,50432,1
91,1818,1316.7333953999998,1,VSM.StaticRaster,7424,1
91,1818,1316.7333953999998,1,VSM.FinalizePages,2304,1
91,1818,1316.7333953999998,1,VSM.DynamicRaster,11776,1
91,1818,1316.7333953999998,1,VSM.UnityCompatibilityRaster,0,0
91,1818,1316.7333953999998,1,VSM.Resolve,10094080,1
91,1818,1316.7333953999998,1,VSM.ResolveTrace,9965568,1
91,1818,1316.7333953999998,1,VSM.FilterHorizontal,63232,1
91,1818,1316.7333953999998,1,VSM.FilterVertical,64512,1
91,1818,1316.7333953999998,1,VSM.FilterTemporalVertical,0,0
92,1819,1316.7520797999998,1,VSM.LayoutRemap,0,1
92,1819,1316.7520797999998,1,VSM.ResetFeedback,0,1
92,1819,1316.7520797999998,1,VSM.MarkReceiverPages,641792,1
92,1819,1316.7520797999998,1,VSM.Allocate,222208,1
92,1819,1316.7520797999998,1,VSM.InvalidateStatic,0,0
92,1819,1316.7520797999998,1,VSM.ClearPhysicalPages,89856,1
92,1819,1316.7520797999998,1,VSM.StaticCasterCull,67072,1
92,1819,1316.7520797999998,1,VSM.DynamicCasterCull,0,1
92,1819,1316.7520797999998,1,VSM.PageCull,48640,1
92,1819,1316.7520797999998,1,VSM.StaticRaster,6912,1
92,1819,1316.7520797999998,1,VSM.FinalizePages,2048,1
92,1819,1316.7520797999998,1,VSM.DynamicRaster,12544,1
92,1819,1316.7520797999998,1,VSM.UnityCompatibilityRaster,0,0
92,1819,1316.7520797999998,1,VSM.Resolve,10654208,1
92,1819,1316.7520797999998,1,VSM.ResolveTrace,10524928,1
92,1819,1316.7520797999998,1,VSM.FilterHorizontal,63232,1
92,1819,1316.7520797999998,1,VSM.FilterVertical,65024,1
92,1819,1316.7520797999998,1,VSM.FilterTemporalVertical,0,0
93,1820,1316.7699791999999,1,VSM.LayoutRemap,0,1
93,1820,1316.7699791999999,1,VSM.ResetFeedback,0,1
93,1820,1316.7699791999999,1,VSM.MarkReceiverPages,641280,1
93,1820,1316.7699791999999,1,VSM.Allocate,224768,1
93,1820,1316.7699791999999,1,VSM.InvalidateStatic,0,0
93,1820,1316.7699791999999,1,VSM.ClearPhysicalPages,89856,1
93,1820,1316.7699791999999,1,VSM.StaticCasterCull,66560,1
93,1820,1316.7699791999999,1,VSM.DynamicCasterCull,256,1
93,1820,1316.7699791999999,1,VSM.PageCull,48128,1
93,1820,1316.7699791999999,1,VSM.StaticRaster,7168,1
93,1820,1316.7699791999999,1,VSM.FinalizePages,2048,1
93,1820,1316.7699791999999,1,VSM.DynamicRaster,11520,1
93,1820,1316.7699791999999,1,VSM.UnityCompatibilityRaster,0,0
93,1820,1316.7699791999999,1,VSM.Resolve,10294784,1
93,1820,1316.7699791999999,1,VSM.ResolveTrace,10166016,1
93,1820,1316.7699791999999,1,VSM.FilterHorizontal,63232,1
93,1820,1316.7699791999999,1,VSM.FilterVertical,64512,1
93,1820,1316.7699791999999,1,VSM.FilterTemporalVertical,0,0
94,1821,1316.7880965999998,1,VSM.LayoutRemap,0,1
94,1821,1316.7880965999998,1,VSM.ResetFeedback,0,1
94,1821,1316.7880965999998,1,VSM.MarkReceiverPages,643584,1
94,1821,1316.7880965999998,1,VSM.Allocate,221696,1
94,1821,1316.7880965999998,1,VSM.InvalidateStatic,0,0
94,1821,1316.7880965999998,1,VSM.ClearPhysicalPages,367872,1
94,1821,1316.7880965999998,1,VSM.StaticCasterCull,67072,1
94,1821,1316.7880965999998,1,VSM.DynamicCasterCull,0,1
94,1821,1316.7880965999998,1,VSM.PageCull,46848,1
94,1821,1316.7880965999998,1,VSM.StaticRaster,7168,1
94,1821,1316.7880965999998,1,VSM.FinalizePages,2304,1
94,1821,1316.7880965999998,1,VSM.DynamicRaster,11520,1
94,1821,1316.7880965999998,1,VSM.UnityCompatibilityRaster,0,0
94,1821,1316.7880965999998,1,VSM.Resolve,10770944,1
94,1821,1316.7880965999998,1,VSM.ResolveTrace,10641152,1
94,1821,1316.7880965999998,1,VSM.FilterHorizontal,64512,1
94,1821,1316.7880965999998,1,VSM.FilterVertical,64512,1
94,1821,1316.7880965999998,1,VSM.FilterTemporalVertical,0,0
95,1822,1316.8058024,1,VSM.LayoutRemap,0,1
95,1822,1316.8058024,1,VSM.ResetFeedback,0,1
95,1822,1316.8058024,1,VSM.MarkReceiverPages,641536,1
95,1822,1316.8058024,1,VSM.Allocate,223744,1
95,1822,1316.8058024,1,VSM.InvalidateStatic,0,0
95,1822,1316.8058024,1,VSM.ClearPhysicalPages,90112,1
95,1822,1316.8058024,1,VSM.StaticCasterCull,66048,1
95,1822,1316.8058024,1,VSM.DynamicCasterCull,0,1
95,1822,1316.8058024,1,VSM.PageCull,47616,1
95,1822,1316.8058024,1,VSM.StaticRaster,6912,1
95,1822,1316.8058024,1,VSM.FinalizePages,2304,1
95,1822,1316.8058024,1,VSM.DynamicRaster,11776,1
95,1822,1316.8058024,1,VSM.UnityCompatibilityRaster,0,0
95,1822,1316.8058024,1,VSM.Resolve,10373888,1
95,1822,1316.8058024,1,VSM.ResolveTrace,10245376,1
95,1822,1316.8058024,1,VSM.FilterHorizontal,62976,1
95,1822,1316.8058024,1,VSM.FilterVertical,64512,1
95,1822,1316.8058024,1,VSM.FilterTemporalVertical,0,0
96,1823,1316.8233681,1,VSM.LayoutRemap,0,1
96,1823,1316.8233681,1,VSM.ResetFeedback,0,1
96,1823,1316.8233681,1,VSM.MarkReceiverPages,640256,1
96,1823,1316.8233681,1,VSM.Allocate,225024,1
96,1823,1316.8233681,1,VSM.InvalidateStatic,0,0
96,1823,1316.8233681,1,VSM.ClearPhysicalPages,89856,1
96,1823,1316.8233681,1,VSM.StaticCasterCull,65536,1
96,1823,1316.8233681,1,VSM.DynamicCasterCull,0,1
96,1823,1316.8233681,1,VSM.PageCull,46848,1
96,1823,1316.8233681,1,VSM.StaticRaster,7680,1
96,1823,1316.8233681,1,VSM.FinalizePages,2048,1
96,1823,1316.8233681,1,VSM.DynamicRaster,16384,1
96,1823,1316.8233681,1,VSM.UnityCompatibilityRaster,0,0
96,1823,1316.8233681,1,VSM.Resolve,10198016,1
96,1823,1316.8233681,1,VSM.ResolveTrace,10068736,1
96,1823,1316.8233681,1,VSM.FilterHorizontal,63488,1
96,1823,1316.8233681,1,VSM.FilterVertical,64512,1
96,1823,1316.8233681,1,VSM.FilterTemporalVertical,0,0
97,1824,1316.8409014,1,VSM.LayoutRemap,0,1
97,1824,1316.8409014,1,VSM.ResetFeedback,0,1
97,1824,1316.8409014,1,VSM.MarkReceiverPages,639232,1
97,1824,1316.8409014,1,VSM.Allocate,225536,1
97,1824,1316.8409014,1,VSM.InvalidateStatic,0,0
97,1824,1316.8409014,1,VSM.ClearPhysicalPages,404224,1
97,1824,1316.8409014,1,VSM.StaticCasterCull,71168,1
97,1824,1316.8409014,1,VSM.DynamicCasterCull,0,1
97,1824,1316.8409014,1,VSM.PageCull,47360,1
97,1824,1316.8409014,1,VSM.StaticRaster,6912,1
97,1824,1316.8409014,1,VSM.FinalizePages,2304,1
97,1824,1316.8409014,1,VSM.DynamicRaster,11264,1
97,1824,1316.8409014,1,VSM.UnityCompatibilityRaster,0,0
97,1824,1316.8409014,1,VSM.Resolve,9857792,1
97,1824,1316.8409014,1,VSM.ResolveTrace,9729280,1
97,1824,1316.8409014,1,VSM.FilterHorizontal,62976,1
97,1824,1316.8409014,1,VSM.FilterVertical,64512,1
97,1824,1316.8409014,1,VSM.FilterTemporalVertical,0,0
98,1825,1316.8592735999998,1,VSM.LayoutRemap,0,1
98,1825,1316.8592735999998,1,VSM.ResetFeedback,0,1
98,1825,1316.8592735999998,1,VSM.MarkReceiverPages,641024,1
98,1825,1316.8592735999998,1,VSM.Allocate,224256,1
98,1825,1316.8592735999998,1,VSM.InvalidateStatic,0,0
98,1825,1316.8592735999998,1,VSM.ClearPhysicalPages,372480,1
98,1825,1316.8592735999998,1,VSM.StaticCasterCull,66816,1
98,1825,1316.8592735999998,1,VSM.DynamicCasterCull,0,1
98,1825,1316.8592735999998,1,VSM.PageCull,47104,1
98,1825,1316.8592735999998,1,VSM.StaticRaster,11520,1
98,1825,1316.8592735999998,1,VSM.FinalizePages,2304,1
98,1825,1316.8592735999998,1,VSM.DynamicRaster,12800,1
98,1825,1316.8592735999998,1,VSM.UnityCompatibilityRaster,0,0
98,1825,1316.8592735999998,1,VSM.Resolve,9807616,1
98,1825,1316.8592735999998,1,VSM.ResolveTrace,9496320,1
98,1825,1316.8592735999998,1,VSM.FilterHorizontal,245504,1
98,1825,1316.8592735999998,1,VSM.FilterVertical,64512,1
98,1825,1316.8592735999998,1,VSM.FilterTemporalVertical,0,0
99,1826,1316.8767778,1,VSM.LayoutRemap,0,1
99,1826,1316.8767778,1,VSM.ResetFeedback,0,1
99,1826,1316.8767778,1,VSM.MarkReceiverPages,641792,1
99,1826,1316.8767778,1,VSM.Allocate,225536,1
99,1826,1316.8767778,1,VSM.InvalidateStatic,0,0
99,1826,1316.8767778,1,VSM.ClearPhysicalPages,89600,1
99,1826,1316.8767778,1,VSM.StaticCasterCull,68608,1
99,1826,1316.8767778,1,VSM.DynamicCasterCull,256,1
99,1826,1316.8767778,1,VSM.PageCull,50176,1
99,1826,1316.8767778,1,VSM.StaticRaster,7168,1
99,1826,1316.8767778,1,VSM.FinalizePages,2048,1
99,1826,1316.8767778,1,VSM.DynamicRaster,14592,1
99,1826,1316.8767778,1,VSM.UnityCompatibilityRaster,0,0
99,1826,1316.8767778,1,VSM.Resolve,9478144,1
99,1826,1316.8767778,1,VSM.ResolveTrace,9349632,1
99,1826,1316.8767778,1,VSM.FilterHorizontal,63232,1
99,1826,1316.8767778,1,VSM.FilterVertical,64512,1
99,1826,1316.8767778,1,VSM.FilterTemporalVertical,0,0
100,1827,1316.8955698999998,1,VSM.LayoutRemap,0,1
100,1827,1316.8955698999998,1,VSM.ResetFeedback,0,1
100,1827,1316.8955698999998,1,VSM.MarkReceiverPages,642560,1
100,1827,1316.8955698999998,1,VSM.Allocate,225792,1
100,1827,1316.8955698999998,1,VSM.InvalidateStatic,0,0
100,1827,1316.8955698999998,1,VSM.ClearPhysicalPages,282880,1
100,1827,1316.8955698999998,1,VSM.StaticCasterCull,68864,1
100,1827,1316.8955698999998,1,VSM.DynamicCasterCull,0,1
100,1827,1316.8955698999998,1,VSM.PageCull,49664,1
100,1827,1316.8955698999998,1,VSM.StaticRaster,7424,1
100,1827,1316.8955698999998,1,VSM.FinalizePages,2048,1
100,1827,1316.8955698999998,1,VSM.DynamicRaster,14592,1
100,1827,1316.8955698999998,1,VSM.UnityCompatibilityRaster,0,0
100,1827,1316.8955698999998,1,VSM.Resolve,9906944,1
100,1827,1316.8955698999998,1,VSM.ResolveTrace,9777152,1
100,1827,1316.8955698999998,1,VSM.FilterHorizontal,63488,1
100,1827,1316.8955698999998,1,VSM.FilterVertical,65024,1
100,1827,1316.8955698999998,1,VSM.FilterTemporalVertical,0,0
101,1828,1316.9138418,1,VSM.LayoutRemap,0,1
101,1828,1316.9138418,1,VSM.ResetFeedback,0,1
101,1828,1316.9138418,1,VSM.MarkReceiverPages,640000,1
101,1828,1316.9138418,1,VSM.Allocate,222976,1
101,1828,1316.9138418,1,VSM.InvalidateStatic,0,0
101,1828,1316.9138418,1,VSM.ClearPhysicalPages,89856,1
101,1828,1316.9138418,1,VSM.StaticCasterCull,68352,1
101,1828,1316.9138418,1,VSM.DynamicCasterCull,0,1
101,1828,1316.9138418,1,VSM.PageCull,49664,1
101,1828,1316.9138418,1,VSM.StaticRaster,6656,1
101,1828,1316.9138418,1,VSM.FinalizePages,2048,1
101,1828,1316.9138418,1,VSM.DynamicRaster,15360,1
101,1828,1316.9138418,1,VSM.UnityCompatibilityRaster,0,0
101,1828,1316.9138418,1,VSM.Resolve,10185472,1
101,1828,1316.9138418,1,VSM.ResolveTrace,10055936,1
101,1828,1316.9138418,1,VSM.FilterHorizontal,63232,1
101,1828,1316.9138418,1,VSM.FilterVertical,64768,1
101,1828,1316.9138418,1,VSM.FilterTemporalVertical,0,0
102,1829,1316.9333643999998,1,VSM.LayoutRemap,0,1
102,1829,1316.9333643999998,1,VSM.ResetFeedback,0,1
102,1829,1316.9333643999998,1,VSM.MarkReceiverPages,642560,1
102,1829,1316.9333643999998,1,VSM.Allocate,225024,1
102,1829,1316.9333643999998,1,VSM.InvalidateStatic,0,0
102,1829,1316.9333643999998,1,VSM.ClearPhysicalPages,374528,1
102,1829,1316.9333643999998,1,VSM.StaticCasterCull,65280,1
102,1829,1316.9333643999998,1,VSM.DynamicCasterCull,256,1
102,1829,1316.9333643999998,1,VSM.PageCull,44032,1
102,1829,1316.9333643999998,1,VSM.StaticRaster,7424,1
102,1829,1316.9333643999998,1,VSM.FinalizePages,2304,1
102,1829,1316.9333643999998,1,VSM.DynamicRaster,11264,1
102,1829,1316.9333643999998,1,VSM.UnityCompatibilityRaster,0,0
102,1829,1316.9333643999998,1,VSM.Resolve,10878464,1
102,1829,1316.9333643999998,1,VSM.ResolveTrace,10748672,1
102,1829,1316.9333643999998,1,VSM.FilterHorizontal,64000,1
102,1829,1316.9333643999998,1,VSM.FilterVertical,64512,1
102,1829,1316.9333643999998,1,VSM.FilterTemporalVertical,0,0
103,1830,1316.9524597,1,VSM.LayoutRemap,0,1
103,1830,1316.9524597,1,VSM.ResetFeedback,0,1
103,1830,1316.9524597,1,VSM.MarkReceiverPages,640768,1
103,1830,1316.9524597,1,VSM.Allocate,225024,1
103,1830,1316.9524597,1,VSM.InvalidateStatic,0,0
103,1830,1316.9524597,1,VSM.ClearPhysicalPages,89856,1
103,1830,1316.9524597,1,VSM.StaticCasterCull,68096,1
103,1830,1316.9524597,1,VSM.DynamicCasterCull,0,1
103,1830,1316.9524597,1,VSM.PageCull,49152,1
103,1830,1316.9524597,1,VSM.StaticRaster,7680,1
103,1830,1316.9524597,1,VSM.FinalizePages,2048,1
103,1830,1316.9524597,1,VSM.DynamicRaster,14336,1
103,1830,1316.9524597,1,VSM.UnityCompatibilityRaster,0,0
103,1830,1316.9524597,1,VSM.Resolve,10763776,1
103,1830,1316.9524597,1,VSM.ResolveTrace,10273024,1
103,1830,1316.9524597,1,VSM.FilterHorizontal,421120,1
103,1830,1316.9524597,1,VSM.FilterVertical,68608,1
103,1830,1316.9524597,1,VSM.FilterTemporalVertical,0,0
104,1831,1316.9723751,1,VSM.LayoutRemap,0,1
104,1831,1316.9723751,1,VSM.ResetFeedback,0,1
104,1831,1316.9723751,1,VSM.MarkReceiverPages,641792,1
104,1831,1316.9723751,1,VSM.Allocate,225792,1
104,1831,1316.9723751,1,VSM.InvalidateStatic,0,0
104,1831,1316.9723751,1,VSM.ClearPhysicalPages,89344,1
104,1831,1316.9723751,1,VSM.StaticCasterCull,67840,1
104,1831,1316.9723751,1,VSM.DynamicCasterCull,256,1
104,1831,1316.9723751,1,VSM.PageCull,48640,1
104,1831,1316.9723751,1,VSM.StaticRaster,7680,1
104,1831,1316.9723751,1,VSM.FinalizePages,2048,1
104,1831,1316.9723751,1,VSM.DynamicRaster,12800,1
104,1831,1316.9723751,1,VSM.UnityCompatibilityRaster,0,0
104,1831,1316.9723751,1,VSM.Resolve,11595008,1
104,1831,1316.9723751,1,VSM.ResolveTrace,11462400,1
104,1831,1316.9723751,1,VSM.FilterHorizontal,66560,1
104,1831,1316.9723751,1,VSM.FilterVertical,64512,1
104,1831,1316.9723751,1,VSM.FilterTemporalVertical,0,0
105,1832,1316.992822,1,VSM.LayoutRemap,0,1
105,1832,1316.992822,1,VSM.ResetFeedback,0,1
105,1832,1316.992822,1,VSM.MarkReceiverPages,638720,1
105,1832,1316.992822,1,VSM.Allocate,221952,1
105,1832,1316.992822,1,VSM.InvalidateStatic,0,0
105,1832,1316.992822,1,VSM.ClearPhysicalPages,424960,1
105,1832,1316.992822,1,VSM.StaticCasterCull,71168,1
105,1832,1316.992822,1,VSM.DynamicCasterCull,0,1
105,1832,1316.992822,1,VSM.PageCull,46336,1
105,1832,1316.992822,1,VSM.StaticRaster,6912,1
105,1832,1316.992822,1,VSM.FinalizePages,2560,1
105,1832,1316.992822,1,VSM.DynamicRaster,11264,1
105,1832,1316.992822,1,VSM.UnityCompatibilityRaster,0,0
105,1832,1316.992822,1,VSM.Resolve,11241728,1
105,1832,1316.992822,1,VSM.ResolveTrace,11108096,1
105,1832,1316.992822,1,VSM.FilterHorizontal,67584,1
105,1832,1316.992822,1,VSM.FilterVertical,64768,1
105,1832,1316.992822,1,VSM.FilterTemporalVertical,0,0
106,1833,1317.0126332,1,VSM.LayoutRemap,0,1
106,1833,1317.0126332,1,VSM.ResetFeedback,0,1
106,1833,1317.0126332,1,VSM.MarkReceiverPages,639744,1
106,1833,1317.0126332,1,VSM.Allocate,225024,1
106,1833,1317.0126332,1,VSM.InvalidateStatic,0,0
106,1833,1317.0126332,1,VSM.ClearPhysicalPages,89600,1
106,1833,1317.0126332,1,VSM.StaticCasterCull,67072,1
106,1833,1317.0126332,1,VSM.DynamicCasterCull,0,1
106,1833,1317.0126332,1,VSM.PageCull,48384,1
106,1833,1317.0126332,1,VSM.StaticRaster,11264,1
106,1833,1317.0126332,1,VSM.FinalizePages,2048,1
106,1833,1317.0126332,1,VSM.DynamicRaster,13056,1
106,1833,1317.0126332,1,VSM.UnityCompatibilityRaster,0,0
106,1833,1317.0126332,1,VSM.Resolve,11753984,1
106,1833,1317.0126332,1,VSM.ResolveTrace,11621888,1
106,1833,1317.0126332,1,VSM.FilterHorizontal,66304,1
106,1833,1317.0126332,1,VSM.FilterVertical,64512,1
106,1833,1317.0126332,1,VSM.FilterTemporalVertical,0,0
107,1834,1317.0324027,1,VSM.LayoutRemap,0,1
107,1834,1317.0324027,1,VSM.ResetFeedback,0,1
107,1834,1317.0324027,1,VSM.MarkReceiverPages,643072,1
107,1834,1317.0324027,1,VSM.Allocate,226048,1
107,1834,1317.0324027,1,VSM.InvalidateStatic,0,0
107,1834,1317.0324027,1,VSM.ClearPhysicalPages,809728,1
107,1834,1317.0324027,1,VSM.StaticCasterCull,68096,1
107,1834,1317.0324027,1,VSM.DynamicCasterCull,0,1
107,1834,1317.0324027,1,VSM.PageCull,43776,1
107,1834,1317.0324027,1,VSM.StaticRaster,4864,1
107,1834,1317.0324027,1,VSM.FinalizePages,2048,1
107,1834,1317.0324027,1,VSM.DynamicRaster,11520,1
107,1834,1317.0324027,1,VSM.UnityCompatibilityRaster,0,0
107,1834,1317.0324027,1,VSM.Resolve,11618560,1
107,1834,1317.0324027,1,VSM.ResolveTrace,11484672,1
107,1834,1317.0324027,1,VSM.FilterHorizontal,67840,1
107,1834,1317.0324027,1,VSM.FilterVertical,65024,1
107,1834,1317.0324027,1,VSM.FilterTemporalVertical,0,0
108,1835,1317.0508700999999,1,VSM.LayoutRemap,0,1
108,1835,1317.0508700999999,1,VSM.ResetFeedback,0,1
108,1835,1317.0508700999999,1,VSM.MarkReceiverPages,641536,1
108,1835,1317.0508700999999,1,VSM.Allocate,225536,1
108,1835,1317.0508700999999,1,VSM.InvalidateStatic,0,0
108,1835,1317.0508700999999,1,VSM.ClearPhysicalPages,443392,1
108,1835,1317.0508700999999,1,VSM.StaticCasterCull,65536,1
108,1835,1317.0508700999999,1,VSM.DynamicCasterCull,0,1
108,1835,1317.0508700999999,1,VSM.PageCull,45824,1
108,1835,1317.0508700999999,1,VSM.StaticRaster,7168,1
108,1835,1317.0508700999999,1,VSM.FinalizePages,2304,1
108,1835,1317.0508700999999,1,VSM.DynamicRaster,11520,1
108,1835,1317.0508700999999,1,VSM.UnityCompatibilityRaster,0,0
108,1835,1317.0508700999999,1,VSM.Resolve,11598592,1
108,1835,1317.0508700999999,1,VSM.ResolveTrace,11465216,1
108,1835,1317.0508700999999,1,VSM.FilterHorizontal,67072,1
108,1835,1317.0508700999999,1,VSM.FilterVertical,65024,1
108,1835,1317.0508700999999,1,VSM.FilterTemporalVertical,0,0
109,1836,1317.0690644,1,VSM.LayoutRemap,0,1
109,1836,1317.0690644,1,VSM.ResetFeedback,0,1
109,1836,1317.0690644,1,VSM.MarkReceiverPages,641792,1
109,1836,1317.0690644,1,VSM.Allocate,222208,1
109,1836,1317.0690644,1,VSM.InvalidateStatic,0,0
109,1836,1317.0690644,1,VSM.ClearPhysicalPages,89600,1
109,1836,1317.0690644,1,VSM.StaticCasterCull,66304,1
109,1836,1317.0690644,1,VSM.DynamicCasterCull,0,1
109,1836,1317.0690644,1,VSM.PageCull,47616,1
109,1836,1317.0690644,1,VSM.StaticRaster,7424,1
109,1836,1317.0690644,1,VSM.FinalizePages,2048,1
109,1836,1317.0690644,1,VSM.DynamicRaster,12032,1
109,1836,1317.0690644,1,VSM.UnityCompatibilityRaster,0,0
109,1836,1317.0690644,1,VSM.Resolve,11941888,1
109,1836,1317.0690644,1,VSM.ResolveTrace,11809536,1
109,1836,1317.0690644,1,VSM.FilterHorizontal,66048,1
109,1836,1317.0690644,1,VSM.FilterVertical,65024,1
109,1836,1317.0690644,1,VSM.FilterTemporalVertical,0,0
110,1837,1317.0869091999998,1,VSM.LayoutRemap,0,1
110,1837,1317.0869091999998,1,VSM.ResetFeedback,0,1
110,1837,1317.0869091999998,1,VSM.MarkReceiverPages,641792,1
110,1837,1317.0869091999998,1,VSM.Allocate,224000,1
110,1837,1317.0869091999998,1,VSM.InvalidateStatic,0,0
110,1837,1317.0869091999998,1,VSM.ClearPhysicalPages,89088,1
110,1837,1317.0869091999998,1,VSM.StaticCasterCull,352768,1
110,1837,1317.0869091999998,1,VSM.DynamicCasterCull,256,1
110,1837,1317.0869091999998,1,VSM.PageCull,48128,1
110,1837,1317.0869091999998,1,VSM.StaticRaster,9216,1
110,1837,1317.0869091999998,1,VSM.FinalizePages,2560,1
110,1837,1317.0869091999998,1,VSM.DynamicRaster,13312,1
110,1837,1317.0869091999998,1,VSM.UnityCompatibilityRaster,0,0
110,1837,1317.0869091999998,1,VSM.Resolve,10614016,1
110,1837,1317.0869091999998,1,VSM.ResolveTrace,10480640,1
110,1837,1317.0869091999998,1,VSM.FilterHorizontal,67328,1
110,1837,1317.0869091999998,1,VSM.FilterVertical,65024,1
110,1837,1317.0869091999998,1,VSM.FilterTemporalVertical,0,0
111,1838,1317.1048202,1,VSM.LayoutRemap,0,1
111,1838,1317.1048202,1,VSM.ResetFeedback,0,1
111,1838,1317.1048202,1,VSM.MarkReceiverPages,639744,1
111,1838,1317.1048202,1,VSM.Allocate,224512,1
111,1838,1317.1048202,1,VSM.InvalidateStatic,0,0
111,1838,1317.1048202,1,VSM.ClearPhysicalPages,89856,1
111,1838,1317.1048202,1,VSM.StaticCasterCull,68864,1
111,1838,1317.1048202,1,VSM.DynamicCasterCull,256,1
111,1838,1317.1048202,1,VSM.PageCull,49920,1
111,1838,1317.1048202,1,VSM.StaticRaster,6912,1
111,1838,1317.1048202,1,VSM.FinalizePages,2048,1
111,1838,1317.1048202,1,VSM.DynamicRaster,14336,1
111,1838,1317.1048202,1,VSM.UnityCompatibilityRaster,0,0
111,1838,1317.1048202,1,VSM.Resolve,10214144,1
111,1838,1317.1048202,1,VSM.ResolveTrace,10085632,1
111,1838,1317.1048202,1,VSM.FilterHorizontal,63232,1
111,1838,1317.1048202,1,VSM.FilterVertical,64512,1
111,1838,1317.1048202,1,VSM.FilterTemporalVertical,0,0
112,1839,1317.1233496999998,1,VSM.LayoutRemap,0,1
112,1839,1317.1233496999998,1,VSM.ResetFeedback,0,1
112,1839,1317.1233496999998,1,VSM.MarkReceiverPages,640768,1
112,1839,1317.1233496999998,1,VSM.Allocate,224256,1
112,1839,1317.1233496999998,1,VSM.InvalidateStatic,0,0
112,1839,1317.1233496999998,1,VSM.ClearPhysicalPages,89600,1
112,1839,1317.1233496999998,1,VSM.StaticCasterCull,66560,1
112,1839,1317.1233496999998,1,VSM.DynamicCasterCull,0,1
112,1839,1317.1233496999998,1,VSM.PageCull,48128,1
112,1839,1317.1233496999998,1,VSM.StaticRaster,7424,1
112,1839,1317.1233496999998,1,VSM.FinalizePages,2048,1
112,1839,1317.1233496999998,1,VSM.DynamicRaster,13056,1
112,1839,1317.1233496999998,1,VSM.UnityCompatibilityRaster,0,0
112,1839,1317.1233496999998,1,VSM.Resolve,10373120,1
112,1839,1317.1233496999998,1,VSM.ResolveTrace,10242560,1
112,1839,1317.1233496999998,1,VSM.FilterHorizontal,64000,1
112,1839,1317.1233496999998,1,VSM.FilterVertical,65280,1
112,1839,1317.1233496999998,1,VSM.FilterTemporalVertical,0,0
113,1840,1317.1406083,1,VSM.LayoutRemap,0,1
113,1840,1317.1406083,1,VSM.ResetFeedback,0,1
113,1840,1317.1406083,1,VSM.MarkReceiverPages,642048,1
113,1840,1317.1406083,1,VSM.Allocate,224768,1
113,1840,1317.1406083,1,VSM.InvalidateStatic,0,0
113,1840,1317.1406083,1,VSM.ClearPhysicalPages,89856,1
113,1840,1317.1406083,1,VSM.StaticCasterCull,67840,1
113,1840,1317.1406083,1,VSM.DynamicCasterCull,0,1
113,1840,1317.1406083,1,VSM.PageCull,49152,1
113,1840,1317.1406083,1,VSM.StaticRaster,7424,1
113,1840,1317.1406083,1,VSM.FinalizePages,2048,1
113,1840,1317.1406083,1,VSM.DynamicRaster,16128,1
113,1840,1317.1406083,1,VSM.UnityCompatibilityRaster,0,0
113,1840,1317.1406083,1,VSM.Resolve,9841152,1
113,1840,1317.1406083,1,VSM.ResolveTrace,9711872,1
113,1840,1317.1406083,1,VSM.FilterHorizontal,63488,1
113,1840,1317.1406083,1,VSM.FilterVertical,64512,1
113,1840,1317.1406083,1,VSM.FilterTemporalVertical,0,0
114,1841,1317.1585341,1,VSM.LayoutRemap,0,1
114,1841,1317.1585341,1,VSM.ResetFeedback,0,1
114,1841,1317.1585341,1,VSM.MarkReceiverPages,641280,1
114,1841,1317.1585341,1,VSM.Allocate,224768,1
114,1841,1317.1585341,1,VSM.InvalidateStatic,0,0
114,1841,1317.1585341,1,VSM.ClearPhysicalPages,89856,1
114,1841,1317.1585341,1,VSM.StaticCasterCull,355584,1
114,1841,1317.1585341,1,VSM.DynamicCasterCull,0,1
114,1841,1317.1585341,1,VSM.PageCull,50432,1
114,1841,1317.1585341,1,VSM.StaticRaster,7168,1
114,1841,1317.1585341,1,VSM.FinalizePages,2304,1
114,1841,1317.1585341,1,VSM.DynamicRaster,13312,1
114,1841,1317.1585341,1,VSM.UnityCompatibilityRaster,0,0
114,1841,1317.1585341,1,VSM.Resolve,10721792,1
114,1841,1317.1585341,1,VSM.ResolveTrace,10592000,1
114,1841,1317.1585341,1,VSM.FilterHorizontal,63488,1
114,1841,1317.1585341,1,VSM.FilterVertical,64768,1
114,1841,1317.1585341,1,VSM.FilterTemporalVertical,0,0
115,1842,1317.1771953,1,VSM.LayoutRemap,0,1
115,1842,1317.1771953,1,VSM.ResetFeedback,0,1
115,1842,1317.1771953,1,VSM.MarkReceiverPages,644096,1
115,1842,1317.1771953,1,VSM.Allocate,224768,1
115,1842,1317.1771953,1,VSM.InvalidateStatic,0,0
115,1842,1317.1771953,1,VSM.ClearPhysicalPages,89600,1
115,1842,1317.1771953,1,VSM.StaticCasterCull,69888,1
115,1842,1317.1771953,1,VSM.DynamicCasterCull,0,1
115,1842,1317.1771953,1,VSM.PageCull,51200,1
115,1842,1317.1771953,1,VSM.StaticRaster,7168,1
115,1842,1317.1771953,1,VSM.FinalizePages,2048,1
115,1842,1317.1771953,1,VSM.DynamicRaster,16128,1
115,1842,1317.1771953,1,VSM.UnityCompatibilityRaster,0,0
115,1842,1317.1771953,1,VSM.Resolve,9361920,1
115,1842,1317.1771953,1,VSM.ResolveTrace,9233408,1
115,1842,1317.1771953,1,VSM.FilterHorizontal,62976,1
115,1842,1317.1771953,1,VSM.FilterVertical,64256,1
115,1842,1317.1771953,1,VSM.FilterTemporalVertical,0,0
116,1843,1317.1957369,1,VSM.LayoutRemap,0,1
116,1843,1317.1957369,1,VSM.ResetFeedback,0,1
116,1843,1317.1957369,1,VSM.MarkReceiverPages,640768,1
116,1843,1317.1957369,1,VSM.Allocate,224768,1
116,1843,1317.1957369,1,VSM.InvalidateStatic,0,0
116,1843,1317.1957369,1,VSM.ClearPhysicalPages,90112,1
116,1843,1317.1957369,1,VSM.StaticCasterCull,66048,1
116,1843,1317.1957369,1,VSM.DynamicCasterCull,0,1
116,1843,1317.1957369,1,VSM.PageCull,47360,1
116,1843,1317.1957369,1,VSM.StaticRaster,7424,1
116,1843,1317.1957369,1,VSM.FinalizePages,1792,1
116,1843,1317.1957369,1,VSM.DynamicRaster,12544,1
116,1843,1317.1957369,1,VSM.UnityCompatibilityRaster,0,0
116,1843,1317.1957369,1,VSM.Resolve,9908224,1
116,1843,1317.1957369,1,VSM.ResolveTrace,9778432,1
116,1843,1317.1957369,1,VSM.FilterHorizontal,63744,1
116,1843,1317.1957369,1,VSM.FilterVertical,64768,1
116,1843,1317.1957369,1,VSM.FilterTemporalVertical,0,0
117,1844,1317.2140319999999,1,VSM.LayoutRemap,0,1
117,1844,1317.2140319999999,1,VSM.ResetFeedback,0,1
117,1844,1317.2140319999999,1,VSM.MarkReceiverPages,638720,1
117,1844,1317.2140319999999,1,VSM.Allocate,224512,1
117,1844,1317.2140319999999,1,VSM.InvalidateStatic,0,0
117,1844,1317.2140319999999,1,VSM.ClearPhysicalPages,89856,1
117,1844,1317.2140319999999,1,VSM.StaticCasterCull,67072,1
117,1844,1317.2140319999999,1,VSM.DynamicCasterCull,256,1
117,1844,1317.2140319999999,1,VSM.PageCull,48128,1
117,1844,1317.2140319999999,1,VSM.StaticRaster,7424,1
117,1844,1317.2140319999999,1,VSM.FinalizePages,2048,1
117,1844,1317.2140319999999,1,VSM.DynamicRaster,12288,1
117,1844,1317.2140319999999,1,VSM.UnityCompatibilityRaster,0,0
117,1844,1317.2140319999999,1,VSM.Resolve,10837504,1
117,1844,1317.2140319999999,1,VSM.ResolveTrace,10707712,1
117,1844,1317.2140319999999,1,VSM.FilterHorizontal,63488,1
117,1844,1317.2140319999999,1,VSM.FilterVertical,65280,1
117,1844,1317.2140319999999,1,VSM.FilterTemporalVertical,0,0
118,1845,1317.2319165,1,VSM.LayoutRemap,0,1
118,1845,1317.2319165,1,VSM.ResetFeedback,0,1
118,1845,1317.2319165,1,VSM.MarkReceiverPages,641024,1
118,1845,1317.2319165,1,VSM.Allocate,222720,1
118,1845,1317.2319165,1,VSM.InvalidateStatic,0,0
118,1845,1317.2319165,1,VSM.ClearPhysicalPages,389632,1
118,1845,1317.2319165,1,VSM.StaticCasterCull,66816,1
118,1845,1317.2319165,1,VSM.DynamicCasterCull,0,1
118,1845,1317.2319165,1,VSM.PageCull,47360,1
118,1845,1317.2319165,1,VSM.StaticRaster,7424,1
118,1845,1317.2319165,1,VSM.FinalizePages,2560,1
118,1845,1317.2319165,1,VSM.DynamicRaster,10496,1
118,1845,1317.2319165,1,VSM.UnityCompatibilityRaster,0,0
118,1845,1317.2319165,1,VSM.Resolve,10700800,1
118,1845,1317.2319165,1,VSM.ResolveTrace,10571008,1
118,1845,1317.2319165,1,VSM.FilterHorizontal,63744,1
118,1845,1317.2319165,1,VSM.FilterVertical,64512,1
118,1845,1317.2319165,1,VSM.FilterTemporalVertical,0,0
119,1846,1317.2498752,1,VSM.LayoutRemap,0,1
119,1846,1317.2498752,1,VSM.ResetFeedback,0,1
119,1846,1317.2498752,1,VSM.MarkReceiverPages,641280,1
119,1846,1317.2498752,1,VSM.Allocate,222208,1
119,1846,1317.2498752,1,VSM.InvalidateStatic,0,0
119,1846,1317.2498752,1,VSM.ClearPhysicalPages,89856,1
119,1846,1317.2498752,1,VSM.StaticCasterCull,66048,1
119,1846,1317.2498752,1,VSM.DynamicCasterCull,256,1
119,1846,1317.2498752,1,VSM.PageCull,47616,1
119,1846,1317.2498752,1,VSM.StaticRaster,7424,1
119,1846,1317.2498752,1,VSM.FinalizePages,2048,1
119,1846,1317.2498752,1,VSM.DynamicRaster,13312,1
119,1846,1317.2498752,1,VSM.UnityCompatibilityRaster,0,0
119,1846,1317.2498752,1,VSM.Resolve,10455040,1
119,1846,1317.2498752,1,VSM.ResolveTrace,10325504,1
119,1846,1317.2498752,1,VSM.FilterHorizontal,63488,1
119,1846,1317.2498752,1,VSM.FilterVertical,65024,1
119,1846,1317.2498752,1,VSM.FilterTemporalVertical,0,0
120,1847,1317.2678151999999,1,VSM.LayoutRemap,0,1
120,1847,1317.2678151999999,1,VSM.ResetFeedback,0,1
120,1847,1317.2678151999999,1,VSM.MarkReceiverPages,639488,1
120,1847,1317.2678151999999,1,VSM.Allocate,224768,1
120,1847,1317.2678151999999,1,VSM.InvalidateStatic,0,0
120,1847,1317.2678151999999,1,VSM.ClearPhysicalPages,89856,1
120,1847,1317.2678151999999,1,VSM.StaticCasterCull,66048,1
120,1847,1317.2678151999999,1,VSM.DynamicCasterCull,0,1
120,1847,1317.2678151999999,1,VSM.PageCull,47616,1
120,1847,1317.2678151999999,1,VSM.StaticRaster,7168,1
120,1847,1317.2678151999999,1,VSM.FinalizePages,2048,1
120,1847,1317.2678151999999,1,VSM.DynamicRaster,12800,1
120,1847,1317.2678151999999,1,VSM.UnityCompatibilityRaster,0,0
120,1847,1317.2678151999999,1,VSM.Resolve,10032640,1
120,1847,1317.2678151999999,1,VSM.ResolveTrace,9903104,1
120,1847,1317.2678151999999,1,VSM.FilterHorizontal,63488,1
120,1847,1317.2678151999999,1,VSM.FilterVertical,64768,1
120,1847,1317.2678151999999,1,VSM.FilterTemporalVertical,0,0
121,1848,1317.2849672,1,VSM.LayoutRemap,0,1
121,1848,1317.2849672,1,VSM.ResetFeedback,0,1
121,1848,1317.2849672,1,VSM.MarkReceiverPages,640512,1
121,1848,1317.2849672,1,VSM.Allocate,225792,1
121,1848,1317.2849672,1,VSM.InvalidateStatic,0,0
121,1848,1317.2849672,1,VSM.ClearPhysicalPages,387840,1
121,1848,1317.2849672,1,VSM.StaticCasterCull,68608,1
121,1848,1317.2849672,1,VSM.DynamicCasterCull,0,1
121,1848,1317.2849672,1,VSM.PageCull,48640,1
121,1848,1317.2849672,1,VSM.StaticRaster,6912,1
121,1848,1317.2849672,1,VSM.FinalizePages,2304,1
121,1848,1317.2849672,1,VSM.DynamicRaster,12032,1
121,1848,1317.2849672,1,VSM.UnityCompatibilityRaster,0,0
121,1848,1317.2849672,1,VSM.Resolve,10308096,1
121,1848,1317.2849672,1,VSM.ResolveTrace,10178816,1
121,1848,1317.2849672,1,VSM.FilterHorizontal,62976,1
121,1848,1317.2849672,1,VSM.FilterVertical,65280,1
121,1848,1317.2849672,1,VSM.FilterTemporalVertical,0,0
122,1849,1317.3036427,1,VSM.LayoutRemap,0,1
122,1849,1317.3036427,1,VSM.ResetFeedback,0,1
122,1849,1317.3036427,1,VSM.MarkReceiverPages,639744,1
122,1849,1317.3036427,1,VSM.Allocate,222976,1
122,1849,1317.3036427,1,VSM.InvalidateStatic,0,0
122,1849,1317.3036427,1,VSM.ClearPhysicalPages,370432,1
122,1849,1317.3036427,1,VSM.StaticCasterCull,68608,1
122,1849,1317.3036427,1,VSM.DynamicCasterCull,256,1
122,1849,1317.3036427,1,VSM.PageCull,44544,1
122,1849,1317.3036427,1,VSM.StaticRaster,9472,1
122,1849,1317.3036427,1,VSM.FinalizePages,2304,1
122,1849,1317.3036427,1,VSM.DynamicRaster,10496,1
122,1849,1317.3036427,1,VSM.UnityCompatibilityRaster,0,0
122,1849,1317.3036427,1,VSM.Resolve,9997312,1
122,1849,1317.3036427,1,VSM.ResolveTrace,9688320,1
122,1849,1317.3036427,1,VSM.FilterHorizontal,63744,1
122,1849,1317.3036427,1,VSM.FilterVertical,65024,1
122,1849,1317.3036427,1,VSM.FilterTemporalVertical,0,0
123,1850,1317.3212557999998,1,VSM.LayoutRemap,0,1
123,1850,1317.3212557999998,1,VSM.ResetFeedback,0,1
123,1850,1317.3212557999998,1,VSM.MarkReceiverPages,641280,1
123,1850,1317.3212557999998,1,VSM.Allocate,226048,1
123,1850,1317.3212557999998,1,VSM.InvalidateStatic,0,0
123,1850,1317.3212557999998,1,VSM.ClearPhysicalPages,280832,1
123,1850,1317.3212557999998,1,VSM.StaticCasterCull,73472,1
123,1850,1317.3212557999998,1,VSM.DynamicCasterCull,256,1
123,1850,1317.3212557999998,1,VSM.PageCull,49408,1
123,1850,1317.3212557999998,1,VSM.StaticRaster,10752,1
123,1850,1317.3212557999998,1,VSM.FinalizePages,2048,1
123,1850,1317.3212557999998,1,VSM.DynamicRaster,13568,1
123,1850,1317.3212557999998,1,VSM.UnityCompatibilityRaster,0,0
123,1850,1317.3212557999998,1,VSM.Resolve,9185280,1
123,1850,1317.3212557999998,1,VSM.ResolveTrace,9056256,1
123,1850,1317.3212557999998,1,VSM.FilterHorizontal,63232,1
123,1850,1317.3212557999998,1,VSM.FilterVertical,64768,1
123,1850,1317.3212557999998,1,VSM.FilterTemporalVertical,0,0
124,1851,1317.3400184999998,1,VSM.LayoutRemap,0,1
124,1851,1317.3400184999998,1,VSM.ResetFeedback,0,1
124,1851,1317.3400184999998,1,VSM.MarkReceiverPages,641280,1
124,1851,1317.3400184999998,1,VSM.Allocate,224256,1
124,1851,1317.3400184999998,1,VSM.InvalidateStatic,0,0
124,1851,1317.3400184999998,1,VSM.ClearPhysicalPages,90368,1
124,1851,1317.3400184999998,1,VSM.StaticCasterCull,67072,1
124,1851,1317.3400184999998,1,VSM.DynamicCasterCull,0,1
124,1851,1317.3400184999998,1,VSM.PageCull,48640,1
124,1851,1317.3400184999998,1,VSM.StaticRaster,7168,1
124,1851,1317.3400184999998,1,VSM.FinalizePages,2304,1
124,1851,1317.3400184999998,1,VSM.DynamicRaster,13824,1
124,1851,1317.3400184999998,1,VSM.UnityCompatibilityRaster,0,0
124,1851,1317.3400184999998,1,VSM.Resolve,10283776,1
124,1851,1317.3400184999998,1,VSM.ResolveTrace,10153984,1
124,1851,1317.3400184999998,1,VSM.FilterHorizontal,64000,1
124,1851,1317.3400184999998,1,VSM.FilterVertical,64512,1
124,1851,1317.3400184999998,1,VSM.FilterTemporalVertical,0,0
125,1852,1317.3583076999998,1,VSM.LayoutRemap,0,1
125,1852,1317.3583076999998,1,VSM.ResetFeedback,0,1
125,1852,1317.3583076999998,1,VSM.MarkReceiverPages,640512,1
125,1852,1317.3583076999998,1,VSM.Allocate,223744,1
125,1852,1317.3583076999998,1,VSM.InvalidateStatic,0,0
125,1852,1317.3583076999998,1,VSM.ClearPhysicalPages,270336,1
125,1852,1317.3583076999998,1,VSM.StaticCasterCull,70144,1
125,1852,1317.3583076999998,1,VSM.DynamicCasterCull,0,1
125,1852,1317.3583076999998,1,VSM.PageCull,50432,1
125,1852,1317.3583076999998,1,VSM.StaticRaster,7168,1
125,1852,1317.3583076999998,1,VSM.FinalizePages,2048,1
125,1852,1317.3583076999998,1,VSM.DynamicRaster,15872,1
125,1852,1317.3583076999998,1,VSM.UnityCompatibilityRaster,0,0
125,1852,1317.3583076999998,1,VSM.Resolve,9715712,1
125,1852,1317.3583076999998,1,VSM.ResolveTrace,9587456,1
125,1852,1317.3583076999998,1,VSM.FilterHorizontal,63232,1
125,1852,1317.3583076999998,1,VSM.FilterVertical,63744,1
125,1852,1317.3583076999998,1,VSM.FilterTemporalVertical,0,0
126,1853,1317.3765118,1,VSM.LayoutRemap,0,1
126,1853,1317.3765118,1,VSM.ResetFeedback,0,1
126,1853,1317.3765118,1,VSM.MarkReceiverPages,639744,1
126,1853,1317.3765118,1,VSM.Allocate,221952,1
126,1853,1317.3765118,1,VSM.InvalidateStatic,0,0
126,1853,1317.3765118,1,VSM.ClearPhysicalPages,89600,1
126,1853,1317.3765118,1,VSM.StaticCasterCull,392960,1
126,1853,1317.3765118,1,VSM.DynamicCasterCull,0,1
126,1853,1317.3765118,1,VSM.PageCull,48128,1
126,1853,1317.3765118,1,VSM.StaticRaster,8960,1
126,1853,1317.3765118,1,VSM.FinalizePages,2560,1
126,1853,1317.3765118,1,VSM.DynamicRaster,16896,1
126,1853,1317.3765118,1,VSM.UnityCompatibilityRaster,0,0
126,1853,1317.3765118,1,VSM.Resolve,10816256,1
126,1853,1317.3765118,1,VSM.ResolveTrace,10686976,1
126,1853,1317.3765118,1,VSM.FilterHorizontal,64000,1
126,1853,1317.3765118,1,VSM.FilterVertical,64256,1
126,1853,1317.3765118,1,VSM.FilterTemporalVertical,0,0
127,1854,1317.3969129999998,1,VSM.LayoutRemap,0,1
127,1854,1317.3969129999998,1,VSM.ResetFeedback,0,1
127,1854,1317.3969129999998,1,VSM.MarkReceiverPages,642816,1
127,1854,1317.3969129999998,1,VSM.Allocate,225024,1
127,1854,1317.3969129999998,1,VSM.InvalidateStatic,0,0
127,1854,1317.3969129999998,1,VSM.ClearPhysicalPages,89856,1
127,1854,1317.3969129999998,1,VSM.StaticCasterCull,67584,1
127,1854,1317.3969129999998,1,VSM.DynamicCasterCull,0,1
127,1854,1317.3969129999998,1,VSM.PageCull,49152,1
127,1854,1317.3969129999998,1,VSM.StaticRaster,7168,1
127,1854,1317.3969129999998,1,VSM.FinalizePages,2048,1
127,1854,1317.3969129999998,1,VSM.DynamicRaster,14848,1
127,1854,1317.3969129999998,1,VSM.UnityCompatibilityRaster,0,0
127,1854,1317.3969129999998,1,VSM.Resolve,10131712,1
127,1854,1317.3969129999998,1,VSM.ResolveTrace,10002944,1
127,1854,1317.3969129999998,1,VSM.FilterHorizontal,63744,1
127,1854,1317.3969129999998,1,VSM.FilterVertical,64000,1
127,1854,1317.3969129999998,1,VSM.FilterTemporalVertical,0,0
