observation,editor_time,camera_cpu_ms,marker,gpu_ns,gpu_sample_count
0,672.1431749,2.0283000000063112,VSM.MarkReceiverPages,561408,1
0,672.1431749,2.0283000000063112,VSM.AllocationPrepare,9728,1
0,672.1431749,2.0283000000063112,VSM.AllocationCommit,606464,1
0,672.1431749,2.0283000000063112,VSM.Allocate,861696,1
0,672.1431749,2.0283000000063112,VSM.ClearPhysicalPages,269824,1
0,672.1431749,2.0283000000063112,VSM.PageOccupancy,72192,1
0,672.1431749,2.0283000000063112,VSM.FinalizePages,1792,1
0,672.1431749,2.0283000000063112,VSM.DynamicRaster,26368,1
0,672.1431749,2.0283000000063112,VSM.LayoutRemap,0,1
0,672.1431749,2.0283000000063112,VSM.InvalidateStatic,0,0
0,672.1431749,2.0283000000063112,VSM.InvalidateDynamic,1792,1
0,672.1431749,2.0283000000063112,VSM.StaticCasterCull,209664,1
0,672.1431749,2.0283000000063112,VSM.DynamicCasterCull,122368,1
0,672.1431749,2.0283000000063112,VSM.PageCull,298752,2
0,672.1431749,2.0283000000063112,VSM.StaticRasterClear,0,1
0,672.1431749,2.0283000000063112,VSM.StaticRasterDraw,7168,1
0,672.1431749,2.0283000000063112,VSM.DynamicRasterClear,1536,1
0,672.1431749,2.0283000000063112,VSM.DynamicRasterDraw,24576,1
0,672.1431749,2.0283000000063112,VSM.StaticRaster,7424,1
0,672.1431749,2.0283000000063112,VSM.UnityCompatibilityRaster,0,0
0,672.1431749,2.0283000000063112,VSM.Resolve,6016512,1
0,672.1431749,2.0283000000063112,VSM.ResolveTrace,5789696,1
0,672.1431749,2.0283000000063112,VSM.FilterHorizontal,65792,1
0,672.1431749,2.0283000000063112,VSM.FilterVertical,0,0
0,672.1431749,2.0283000000063112,VSM.FilterTemporalVertical,160256,1
0,672.1431749,2.0283000000063112,VSM.ResetFeedback,0,1
1,672.15866339999991,2.0417999999153835,VSM.MarkReceiverPages,557824,1
1,672.15866339999991,2.0417999999153835,VSM.AllocationPrepare,9984,1
1,672.15866339999991,2.0417999999153835,VSM.AllocationCommit,604160,1
1,672.15866339999991,2.0417999999153835,VSM.Allocate,790528,1
1,672.15866339999991,2.0417999999153835,VSM.ClearPhysicalPages,267008,1
1,672.15866339999991,2.0417999999153835,VSM.PageOccupancy,74496,1
1,672.15866339999991,2.0417999999153835,VSM.FinalizePages,1792,1
1,672.15866339999991,2.0417999999153835,VSM.DynamicRaster,27392,1
1,672.15866339999991,2.0417999999153835,VSM.LayoutRemap,0,1
1,672.15866339999991,2.0417999999153835,VSM.InvalidateStatic,0,0
1,672.15866339999991,2.0417999999153835,VSM.InvalidateDynamic,1792,1
1,672.15866339999991,2.0417999999153835,VSM.StaticCasterCull,207872,1
1,672.15866339999991,2.0417999999153835,VSM.DynamicCasterCull,111872,1
1,672.15866339999991,2.0417999999153835,VSM.PageCull,286464,2
1,672.15866339999991,2.0417999999153835,VSM.StaticRasterClear,0,1
1,672.15866339999991,2.0417999999153835,VSM.StaticRasterDraw,7168,1
1,672.15866339999991,2.0417999999153835,VSM.DynamicRasterClear,1792,1
1,672.15866339999991,2.0417999999153835,VSM.DynamicRasterDraw,25600,1
1,672.15866339999991,2.0417999999153835,VSM.StaticRaster,7424,1
1,672.15866339999991,2.0417999999153835,VSM.UnityCompatibilityRaster,0,0
1,672.15866339999991,2.0417999999153835,VSM.Resolve,6033664,1
1,672.15866339999991,2.0417999999153835,VSM.ResolveTrace,5805056,1
1,672.15866339999991,2.0417999999153835,VSM.FilterHorizontal,65280,1
1,672.15866339999991,2.0417999999153835,VSM.FilterVertical,0,0
1,672.15866339999991,2.0417999999153835,VSM.FilterTemporalVertical,162048,1
1,672.15866339999991,2.0417999999153835,VSM.ResetFeedback,0,1
2,672.1736247,1.9651000000067143,VSM.MarkReceiverPages,558848,1
2,672.1736247,1.9651000000067143,VSM.AllocationPrepare,9984,1
2,672.1736247,1.9651000000067143,VSM.AllocationCommit,601856,1
2,672.1736247,1.9651000000067143,VSM.Allocate,611840,1
2,672.1736247,1.9651000000067143,VSM.ClearPhysicalPages,266496,1
2,672.1736247,1.9651000000067143,VSM.PageOccupancy,72960,1
2,672.1736247,1.9651000000067143,VSM.FinalizePages,1792,1
2,672.1736247,1.9651000000067143,VSM.DynamicRaster,27392,1
2,672.1736247,1.9651000000067143,VSM.LayoutRemap,0,1
2,672.1736247,1.9651000000067143,VSM.InvalidateStatic,0,0
2,672.1736247,1.9651000000067143,VSM.InvalidateDynamic,1536,1
2,672.1736247,1.9651000000067143,VSM.StaticCasterCull,213504,1
2,672.1736247,1.9651000000067143,VSM.DynamicCasterCull,115200,1
2,672.1736247,1.9651000000067143,VSM.PageCull,294656,2
2,672.1736247,1.9651000000067143,VSM.StaticRasterClear,256,1
2,672.1736247,1.9651000000067143,VSM.StaticRasterDraw,7424,1
2,672.1736247,1.9651000000067143,VSM.DynamicRasterClear,3072,1
2,672.1736247,1.9651000000067143,VSM.DynamicRasterDraw,24320,1
2,672.1736247,1.9651000000067143,VSM.StaticRaster,7680,1
2,672.1736247,1.9651000000067143,VSM.UnityCompatibilityRaster,0,0
2,672.1736247,1.9651000000067143,VSM.Resolve,6109440,1
2,672.1736247,1.9651000000067143,VSM.ResolveTrace,5879296,1
2,672.1736247,1.9651000000067143,VSM.FilterHorizontal,65792,1
2,672.1736247,1.9651000000067143,VSM.FilterVertical,0,0
2,672.1736247,1.9651000000067143,VSM.FilterTemporalVertical,163328,1
2,672.1736247,1.9651000000067143,VSM.ResetFeedback,0,1
3,672.188191,2.1143000000165557,VSM.MarkReceiverPages,558592,1
3,672.188191,2.1143000000165557,VSM.AllocationPrepare,9472,1
3,672.188191,2.1143000000165557,VSM.AllocationCommit,601088,1
3,672.188191,2.1143000000165557,VSM.Allocate,883200,1
3,672.188191,2.1143000000165557,VSM.ClearPhysicalPages,266496,1
3,672.188191,2.1143000000165557,VSM.PageOccupancy,73472,1
3,672.188191,2.1143000000165557,VSM.FinalizePages,1792,1
3,672.188191,2.1143000000165557,VSM.DynamicRaster,25088,1
3,672.188191,2.1143000000165557,VSM.LayoutRemap,0,1
3,672.188191,2.1143000000165557,VSM.InvalidateStatic,0,0
3,672.188191,2.1143000000165557,VSM.InvalidateDynamic,1536,1
3,672.188191,2.1143000000165557,VSM.StaticCasterCull,218112,1
3,672.188191,2.1143000000165557,VSM.DynamicCasterCull,122624,1
3,672.188191,2.1143000000165557,VSM.PageCull,307200,2
3,672.188191,2.1143000000165557,VSM.StaticRasterClear,0,1
3,672.188191,2.1143000000165557,VSM.StaticRasterDraw,7424,1
3,672.188191,2.1143000000165557,VSM.DynamicRasterClear,0,1
3,672.188191,2.1143000000165557,VSM.DynamicRasterDraw,24832,1
3,672.188191,2.1143000000165557,VSM.StaticRaster,7680,1
3,672.188191,2.1143000000165557,VSM.UnityCompatibilityRaster,0,0
3,672.188191,2.1143000000165557,VSM.Resolve,6509312,1
3,672.188191,2.1143000000165557,VSM.ResolveTrace,6099200,1
3,672.188191,2.1143000000165557,VSM.FilterHorizontal,66816,1
3,672.188191,2.1143000000165557,VSM.FilterVertical,0,0
3,672.188191,2.1143000000165557,VSM.FilterTemporalVertical,342272,1
3,672.188191,2.1143000000165557,VSM.ResetFeedback,0,1
4,672.20315329999994,2.1914000000151646,VSM.MarkReceiverPages,561152,1
4,672.20315329999994,2.1914000000151646,VSM.AllocationPrepare,9472,1
4,672.20315329999994,2.1914000000151646,VSM.AllocationCommit,607232,1
4,672.20315329999994,2.1914000000151646,VSM.Allocate,793344,1
4,672.20315329999994,2.1914000000151646,VSM.ClearPhysicalPages,269568,1
4,672.20315329999994,2.1914000000151646,VSM.PageOccupancy,75520,1
4,672.20315329999994,2.1914000000151646,VSM.FinalizePages,1792,1
4,672.20315329999994,2.1914000000151646,VSM.DynamicRaster,25344,1
4,672.20315329999994,2.1914000000151646,VSM.LayoutRemap,0,1
4,672.20315329999994,2.1914000000151646,VSM.InvalidateStatic,0,0
4,672.20315329999994,2.1914000000151646,VSM.InvalidateDynamic,1536,1
4,672.20315329999994,2.1914000000151646,VSM.StaticCasterCull,201728,1
4,672.20315329999994,2.1914000000151646,VSM.DynamicCasterCull,120576,1
4,672.20315329999994,2.1914000000151646,VSM.PageCull,288512,2
4,672.20315329999994,2.1914000000151646,VSM.StaticRasterClear,0,1
4,672.20315329999994,2.1914000000151646,VSM.StaticRasterDraw,6912,1
4,672.20315329999994,2.1914000000151646,VSM.DynamicRasterClear,0,1
4,672.20315329999994,2.1914000000151646,VSM.DynamicRasterDraw,25088,1
4,672.20315329999994,2.1914000000151646,VSM.StaticRaster,7168,1
4,672.20315329999994,2.1914000000151646,VSM.UnityCompatibilityRaster,0,0
4,672.20315329999994,2.1914000000151646,VSM.Resolve,5972480,1
4,672.20315329999994,2.1914000000151646,VSM.ResolveTrace,5496576,1
4,672.20315329999994,2.1914000000151646,VSM.FilterHorizontal,66304,1
4,672.20315329999994,2.1914000000151646,VSM.FilterVertical,0,0
4,672.20315329999994,2.1914000000151646,VSM.FilterTemporalVertical,408064,1
4,672.20315329999994,2.1914000000151646,VSM.ResetFeedback,0,1
5,672.2183013,2.0749000000250817,VSM.MarkReceiverPages,559872,1
5,672.2183013,2.0749000000250817,VSM.AllocationPrepare,9472,1
5,672.2183013,2.0749000000250817,VSM.AllocationCommit,602624,1
5,672.2183013,2.0749000000250817,VSM.Allocate,612352,1
5,672.2183013,2.0749000000250817,VSM.ClearPhysicalPages,266240,1
5,672.2183013,2.0749000000250817,VSM.PageOccupancy,72960,1
5,672.2183013,2.0749000000250817,VSM.FinalizePages,1792,1
5,672.2183013,2.0749000000250817,VSM.DynamicRaster,26368,1
5,672.2183013,2.0749000000250817,VSM.LayoutRemap,0,1
5,672.2183013,2.0749000000250817,VSM.InvalidateStatic,0,0
5,672.2183013,2.0749000000250817,VSM.InvalidateDynamic,1536,1
5,672.2183013,2.0749000000250817,VSM.StaticCasterCull,209920,1
5,672.2183013,2.0749000000250817,VSM.DynamicCasterCull,122368,1
5,672.2183013,2.0749000000250817,VSM.PageCull,297728,2
5,672.2183013,2.0749000000250817,VSM.StaticRasterClear,256,1
5,672.2183013,2.0749000000250817,VSM.StaticRasterDraw,6912,1
5,672.2183013,2.0749000000250817,VSM.DynamicRasterClear,1280,1
5,672.2183013,2.0749000000250817,VSM.DynamicRasterDraw,25088,1
5,672.2183013,2.0749000000250817,VSM.StaticRaster,7168,1
5,672.2183013,2.0749000000250817,VSM.UnityCompatibilityRaster,0,0
5,672.2183013,2.0749000000250817,VSM.Resolve,5613056,1
5,672.2183013,2.0749000000250817,VSM.ResolveTrace,5388032,1
5,672.2183013,2.0749000000250817,VSM.FilterHorizontal,64768,1
5,672.2183013,2.0749000000250817,VSM.FilterVertical,0,0
5,672.2183013,2.0749000000250817,VSM.FilterTemporalVertical,159488,1
5,672.2183013,2.0749000000250817,VSM.ResetFeedback,0,1
6,672.23398339999994,2.287499999965803,VSM.MarkReceiverPages,558080,1
6,672.23398339999994,2.287499999965803,VSM.AllocationPrepare,9472,1
6,672.23398339999994,2.287499999965803,VSM.AllocationCommit,600576,1
6,672.23398339999994,2.287499999965803,VSM.Allocate,975104,1
6,672.23398339999994,2.287499999965803,VSM.ClearPhysicalPages,266752,1
6,672.23398339999994,2.287499999965803,VSM.PageOccupancy,74752,1
6,672.23398339999994,2.287499999965803,VSM.FinalizePages,2048,1
6,672.23398339999994,2.287499999965803,VSM.DynamicRaster,25088,1
6,672.23398339999994,2.287499999965803,VSM.LayoutRemap,0,1
6,672.23398339999994,2.287499999965803,VSM.InvalidateStatic,0,0
6,672.23398339999994,2.287499999965803,VSM.InvalidateDynamic,1792,1
6,672.23398339999994,2.287499999965803,VSM.StaticCasterCull,215040,1
6,672.23398339999994,2.287499999965803,VSM.DynamicCasterCull,118528,1
6,672.23398339999994,2.287499999965803,VSM.PageCull,299264,2
6,672.23398339999994,2.287499999965803,VSM.StaticRasterClear,0,1
6,672.23398339999994,2.287499999965803,VSM.StaticRasterDraw,7168,1
6,672.23398339999994,2.287499999965803,VSM.DynamicRasterClear,0,1
6,672.23398339999994,2.287499999965803,VSM.DynamicRasterDraw,25088,1
6,672.23398339999994,2.287499999965803,VSM.StaticRaster,7168,1
6,672.23398339999994,2.287499999965803,VSM.UnityCompatibilityRaster,0,0
6,672.23398339999994,2.287499999965803,VSM.Resolve,5700608,1
6,672.23398339999994,2.287499999965803,VSM.ResolveTrace,5474560,1
6,672.23398339999994,2.287499999965803,VSM.FilterHorizontal,66048,1
6,672.23398339999994,2.287499999965803,VSM.FilterVertical,0,0
6,672.23398339999994,2.287499999965803,VSM.FilterTemporalVertical,159232,1
6,672.23398339999994,2.287499999965803,VSM.ResetFeedback,0,1
7,672.2495353999999,2.3640999999088308,VSM.MarkReceiverPages,557312,1
7,672.2495353999999,2.3640999999088308,VSM.AllocationPrepare,9728,1
7,672.2495353999999,2.3640999999088308,VSM.AllocationCommit,600832,1
7,672.2495353999999,2.3640999999088308,VSM.Allocate,610560,1
7,672.2495353999999,2.3640999999088308,VSM.ClearPhysicalPages,266752,1
7,672.2495353999999,2.3640999999088308,VSM.PageOccupancy,76800,1
7,672.2495353999999,2.3640999999088308,VSM.FinalizePages,2816,1
7,672.2495353999999,2.3640999999088308,VSM.DynamicRaster,25088,1
7,672.2495353999999,2.3640999999088308,VSM.LayoutRemap,0,1
7,672.2495353999999,2.3640999999088308,VSM.InvalidateStatic,0,0
7,672.2495353999999,2.3640999999088308,VSM.InvalidateDynamic,1536,1
7,672.2495353999999,2.3640999999088308,VSM.StaticCasterCull,206336,1
7,672.2495353999999,2.3640999999088308,VSM.DynamicCasterCull,117504,1
7,672.2495353999999,2.3640999999088308,VSM.PageCull,289792,2
7,672.2495353999999,2.3640999999088308,VSM.StaticRasterClear,0,1
7,672.2495353999999,2.3640999999088308,VSM.StaticRasterDraw,6912,1
7,672.2495353999999,2.3640999999088308,VSM.DynamicRasterClear,256,1
7,672.2495353999999,2.3640999999088308,VSM.DynamicRasterDraw,24832,1
7,672.2495353999999,2.3640999999088308,VSM.StaticRaster,7168,1
7,672.2495353999999,2.3640999999088308,VSM.UnityCompatibilityRaster,0,0
7,672.2495353999999,2.3640999999088308,VSM.Resolve,5943296,1
7,672.2495353999999,2.3640999999088308,VSM.ResolveTrace,5714432,1
7,672.2495353999999,2.3640999999088308,VSM.FilterHorizontal,66048,1
7,672.2495353999999,2.3640999999088308,VSM.FilterVertical,0,0
7,672.2495353999999,2.3640999999088308,VSM.FilterTemporalVertical,161536,1
7,672.2495353999999,2.3640999999088308,VSM.ResetFeedback,0,1
8,672.2642598,1.9236000000546483,VSM.MarkReceiverPages,561152,1
8,672.2642598,1.9236000000546483,VSM.AllocationPrepare,9728,1
8,672.2642598,1.9236000000546483,VSM.AllocationCommit,606720,1
8,672.2642598,1.9236000000546483,VSM.Allocate,616448,1
8,672.2642598,1.9236000000546483,VSM.ClearPhysicalPages,268544,1
8,672.2642598,1.9236000000546483,VSM.PageOccupancy,75264,1
8,672.2642598,1.9236000000546483,VSM.FinalizePages,1792,1
8,672.2642598,1.9236000000546483,VSM.DynamicRaster,27136,1
8,672.2642598,1.9236000000546483,VSM.LayoutRemap,0,1
8,672.2642598,1.9236000000546483,VSM.InvalidateStatic,0,0
8,672.2642598,1.9236000000546483,VSM.InvalidateDynamic,1536,1
8,672.2642598,1.9236000000546483,VSM.StaticCasterCull,195840,1
8,672.2642598,1.9236000000546483,VSM.DynamicCasterCull,122624,1
8,672.2642598,1.9236000000546483,VSM.PageCull,284416,2
8,672.2642598,1.9236000000546483,VSM.StaticRasterClear,0,1
8,672.2642598,1.9236000000546483,VSM.StaticRasterDraw,3072,1
8,672.2642598,1.9236000000546483,VSM.DynamicRasterClear,2048,1
8,672.2642598,1.9236000000546483,VSM.DynamicRasterDraw,25088,1
8,672.2642598,1.9236000000546483,VSM.StaticRaster,3328,1
8,672.2642598,1.9236000000546483,VSM.UnityCompatibilityRaster,0,0
8,672.2642598,1.9236000000546483,VSM.Resolve,6345472,1
8,672.2642598,1.9236000000546483,VSM.ResolveTrace,6116352,1
8,672.2642598,1.9236000000546483,VSM.FilterHorizontal,65792,1
8,672.2642598,1.9236000000546483,VSM.FilterVertical,0,0
8,672.2642598,1.9236000000546483,VSM.FilterTemporalVertical,161792,1
8,672.2642598,1.9236000000546483,VSM.ResetFeedback,0,1
9,672.2797588,2.1758999999974549,VSM.MarkReceiverPages,558336,1
9,672.2797588,2.1758999999974549,VSM.AllocationPrepare,9472,1
9,672.2797588,2.1758999999974549,VSM.AllocationCommit,601088,1
9,672.2797588,2.1758999999974549,VSM.Allocate,871936,1
9,672.2797588,2.1758999999974549,VSM.ClearPhysicalPages,266496,1
9,672.2797588,2.1758999999974549,VSM.PageOccupancy,74496,1
9,672.2797588,2.1758999999974549,VSM.FinalizePages,1792,1
9,672.2797588,2.1758999999974549,VSM.DynamicRaster,24832,1
9,672.2797588,2.1758999999974549,VSM.LayoutRemap,0,1
9,672.2797588,2.1758999999974549,VSM.InvalidateStatic,0,0
9,672.2797588,2.1758999999974549,VSM.InvalidateDynamic,1536,1
9,672.2797588,2.1758999999974549,VSM.StaticCasterCull,217344,1
9,672.2797588,2.1758999999974549,VSM.DynamicCasterCull,118016,1
9,672.2797588,2.1758999999974549,VSM.PageCull,301824,2
9,672.2797588,2.1758999999974549,VSM.StaticRasterClear,256,1
9,672.2797588,2.1758999999974549,VSM.StaticRasterDraw,7168,1
9,672.2797588,2.1758999999974549,VSM.DynamicRasterClear,256,1
9,672.2797588,2.1758999999974549,VSM.DynamicRasterDraw,24576,1
9,672.2797588,2.1758999999974549,VSM.StaticRaster,7424,1
9,672.2797588,2.1758999999974549,VSM.UnityCompatibilityRaster,0,0
9,672.2797588,2.1758999999974549,VSM.Resolve,6076416,1
9,672.2797588,2.1758999999974549,VSM.ResolveTrace,5850368,1
9,672.2797588,2.1758999999974549,VSM.FilterHorizontal,66560,1
9,672.2797588,2.1758999999974549,VSM.FilterVertical,0,0
9,672.2797588,2.1758999999974549,VSM.FilterTemporalVertical,158464,1
9,672.2797588,2.1758999999974549,VSM.ResetFeedback,0,1
10,672.2937628,1.9330000000081782,VSM.MarkReceiverPages,557568,1
10,672.2937628,1.9330000000081782,VSM.AllocationPrepare,9472,1
10,672.2937628,1.9330000000081782,VSM.AllocationCommit,600832,1
10,672.2937628,1.9330000000081782,VSM.Allocate,876544,1
10,672.2937628,1.9330000000081782,VSM.ClearPhysicalPages,266240,1
10,672.2937628,1.9330000000081782,VSM.PageOccupancy,72192,1
10,672.2937628,1.9330000000081782,VSM.FinalizePages,1792,1
10,672.2937628,1.9330000000081782,VSM.DynamicRaster,25088,1
10,672.2937628,1.9330000000081782,VSM.LayoutRemap,0,1
10,672.2937628,1.9330000000081782,VSM.InvalidateStatic,0,0
10,672.2937628,1.9330000000081782,VSM.InvalidateDynamic,1536,1
10,672.2937628,1.9330000000081782,VSM.StaticCasterCull,208384,1
10,672.2937628,1.9330000000081782,VSM.DynamicCasterCull,116480,1
10,672.2937628,1.9330000000081782,VSM.PageCull,291072,2
10,672.2937628,1.9330000000081782,VSM.StaticRasterClear,0,1
10,672.2937628,1.9330000000081782,VSM.StaticRasterDraw,3584,1
10,672.2937628,1.9330000000081782,VSM.DynamicRasterClear,0,1
10,672.2937628,1.9330000000081782,VSM.DynamicRasterDraw,24832,1
10,672.2937628,1.9330000000081782,VSM.StaticRaster,3840,1
10,672.2937628,1.9330000000081782,VSM.UnityCompatibilityRaster,0,0
10,672.2937628,1.9330000000081782,VSM.Resolve,6073088,1
10,672.2937628,1.9330000000081782,VSM.ResolveTrace,5846272,1
10,672.2937628,1.9330000000081782,VSM.FilterHorizontal,66304,1
10,672.2937628,1.9330000000081782,VSM.FilterVertical,0,0
10,672.2937628,1.9330000000081782,VSM.FilterTemporalVertical,159488,1
10,672.2937628,1.9330000000081782,VSM.ResetFeedback,0,1
11,672.3097018,2.1367000000509506,VSM.MarkReceiverPages,558848,1
11,672.3097018,2.1367000000509506,VSM.AllocationPrepare,9472,1
11,672.3097018,2.1367000000509506,VSM.AllocationCommit,601088,1
11,672.3097018,2.1367000000509506,VSM.Allocate,611328,1
11,672.3097018,2.1367000000509506,VSM.ClearPhysicalPages,267264,1
11,672.3097018,2.1367000000509506,VSM.PageOccupancy,71424,1
11,672.3097018,2.1367000000509506,VSM.FinalizePages,2048,1
11,672.3097018,2.1367000000509506,VSM.DynamicRaster,25600,1
11,672.3097018,2.1367000000509506,VSM.LayoutRemap,0,1
11,672.3097018,2.1367000000509506,VSM.InvalidateStatic,0,0
11,672.3097018,2.1367000000509506,VSM.InvalidateDynamic,1792,1
11,672.3097018,2.1367000000509506,VSM.StaticCasterCull,475904,1
11,672.3097018,2.1367000000509506,VSM.DynamicCasterCull,116224,1
11,672.3097018,2.1367000000509506,VSM.PageCull,291328,2
11,672.3097018,2.1367000000509506,VSM.StaticRasterClear,0,1
11,672.3097018,2.1367000000509506,VSM.StaticRasterDraw,6912,1
11,672.3097018,2.1367000000509506,VSM.DynamicRasterClear,0,1
11,672.3097018,2.1367000000509506,VSM.DynamicRasterDraw,25600,1
11,672.3097018,2.1367000000509506,VSM.StaticRaster,7168,1
11,672.3097018,2.1367000000509506,VSM.UnityCompatibilityRaster,0,0
11,672.3097018,2.1367000000509506,VSM.Resolve,5665536,1
11,672.3097018,2.1367000000509506,VSM.ResolveTrace,5437952,1
11,672.3097018,2.1367000000509506,VSM.FilterHorizontal,66816,1
11,672.3097018,2.1367000000509506,VSM.FilterVertical,0,0
11,672.3097018,2.1367000000509506,VSM.FilterTemporalVertical,159744,1
11,672.3097018,2.1367000000509506,VSM.ResetFeedback,0,1
12,672.32515459999991,2.223799999910625,VSM.MarkReceiverPages,560896,1
12,672.32515459999991,2.223799999910625,VSM.AllocationPrepare,9472,1
12,672.32515459999991,2.223799999910625,VSM.AllocationCommit,606976,1
12,672.32515459999991,2.223799999910625,VSM.Allocate,616704,1
12,672.32515459999991,2.223799999910625,VSM.ClearPhysicalPages,268800,1
12,672.32515459999991,2.223799999910625,VSM.PageOccupancy,74240,1
12,672.32515459999991,2.223799999910625,VSM.FinalizePages,1792,1
12,672.32515459999991,2.223799999910625,VSM.DynamicRaster,25344,1
12,672.32515459999991,2.223799999910625,VSM.LayoutRemap,0,1
12,672.32515459999991,2.223799999910625,VSM.InvalidateStatic,0,0
12,672.32515459999991,2.223799999910625,VSM.InvalidateDynamic,1536,1
12,672.32515459999991,2.223799999910625,VSM.StaticCasterCull,209408,1
12,672.32515459999991,2.223799999910625,VSM.DynamicCasterCull,117248,1
12,672.32515459999991,2.223799999910625,VSM.PageCull,292864,2
12,672.32515459999991,2.223799999910625,VSM.StaticRasterClear,0,1
12,672.32515459999991,2.223799999910625,VSM.StaticRasterDraw,7424,1
12,672.32515459999991,2.223799999910625,VSM.DynamicRasterClear,0,1
12,672.32515459999991,2.223799999910625,VSM.DynamicRasterDraw,25088,1
12,672.32515459999991,2.223799999910625,VSM.StaticRaster,7680,1
12,672.32515459999991,2.223799999910625,VSM.UnityCompatibilityRaster,0,0
12,672.32515459999991,2.223799999910625,VSM.Resolve,5847040,1
12,672.32515459999991,2.223799999910625,VSM.ResolveTrace,5620736,1
12,672.32515459999991,2.223799999910625,VSM.FilterHorizontal,65280,1
12,672.32515459999991,2.223799999910625,VSM.FilterVertical,0,0
12,672.32515459999991,2.223799999910625,VSM.FilterTemporalVertical,159488,1
12,672.32515459999991,2.223799999910625,VSM.ResetFeedback,0,1
13,672.33897289999993,1.8225000000029468,VSM.MarkReceiverPages,562432,1
13,672.33897289999993,1.8225000000029468,VSM.AllocationPrepare,9472,1
13,672.33897289999993,1.8225000000029468,VSM.AllocationCommit,605952,1
13,672.33897289999993,1.8225000000029468,VSM.Allocate,895744,1
13,672.33897289999993,1.8225000000029468,VSM.ClearPhysicalPages,268032,1
13,672.33897289999993,1.8225000000029468,VSM.PageOccupancy,75008,1
13,672.33897289999993,1.8225000000029468,VSM.FinalizePages,1792,1
13,672.33897289999993,1.8225000000029468,VSM.DynamicRaster,27904,1
13,672.33897289999993,1.8225000000029468,VSM.LayoutRemap,0,1
13,672.33897289999993,1.8225000000029468,VSM.InvalidateStatic,0,0
13,672.33897289999993,1.8225000000029468,VSM.InvalidateDynamic,1536,1
13,672.33897289999993,1.8225000000029468,VSM.StaticCasterCull,219392,1
13,672.33897289999993,1.8225000000029468,VSM.DynamicCasterCull,118016,1
13,672.33897289999993,1.8225000000029468,VSM.PageCull,302848,2
13,672.33897289999993,1.8225000000029468,VSM.StaticRasterClear,0,1
13,672.33897289999993,1.8225000000029468,VSM.StaticRasterDraw,3072,1
13,672.33897289999993,1.8225000000029468,VSM.DynamicRasterClear,2304,1
13,672.33897289999993,1.8225000000029468,VSM.DynamicRasterDraw,25344,1
13,672.33897289999993,1.8225000000029468,VSM.StaticRaster,3328,1
13,672.33897289999993,1.8225000000029468,VSM.UnityCompatibilityRaster,0,0
13,672.33897289999993,1.8225000000029468,VSM.Resolve,6234880,1
13,672.33897289999993,1.8225000000029468,VSM.ResolveTrace,5810176,1
13,672.33897289999993,1.8225000000029468,VSM.FilterHorizontal,66048,1
13,672.33897289999993,1.8225000000029468,VSM.FilterVertical,0,0
13,672.33897289999993,1.8225000000029468,VSM.FilterTemporalVertical,357632,1
13,672.33897289999993,1.8225000000029468,VSM.ResetFeedback,0,1
14,672.35417799999993,1.8453999999792359,VSM.MarkReceiverPages,558080,1
14,672.35417799999993,1.8453999999792359,VSM.AllocationPrepare,9472,1
14,672.35417799999993,1.8453999999792359,VSM.AllocationCommit,601088,1
14,672.35417799999993,1.8453999999792359,VSM.Allocate,984064,1
14,672.35417799999993,1.8453999999792359,VSM.ClearPhysicalPages,266496,1
14,672.35417799999993,1.8453999999792359,VSM.PageOccupancy,73728,1
14,672.35417799999993,1.8453999999792359,VSM.FinalizePages,2048,1
14,672.35417799999993,1.8453999999792359,VSM.DynamicRaster,24576,1
14,672.35417799999993,1.8453999999792359,VSM.LayoutRemap,0,1
14,672.35417799999993,1.8453999999792359,VSM.InvalidateStatic,0,0
14,672.35417799999993,1.8453999999792359,VSM.InvalidateDynamic,1536,1
14,672.35417799999993,1.8453999999792359,VSM.StaticCasterCull,203520,1
14,672.35417799999993,1.8453999999792359,VSM.DynamicCasterCull,117248,1
14,672.35417799999993,1.8453999999792359,VSM.PageCull,286976,2
14,672.35417799999993,1.8453999999792359,VSM.StaticRasterClear,0,1
14,672.35417799999993,1.8453999999792359,VSM.StaticRasterDraw,7168,1
14,672.35417799999993,1.8453999999792359,VSM.DynamicRasterClear,0,1
14,672.35417799999993,1.8453999999792359,VSM.DynamicRasterDraw,24320,1
14,672.35417799999993,1.8453999999792359,VSM.StaticRaster,7424,1
14,672.35417799999993,1.8453999999792359,VSM.UnityCompatibilityRaster,0,0
14,672.35417799999993,1.8453999999792359,VSM.Resolve,6038528,1
14,672.35417799999993,1.8453999999792359,VSM.ResolveTrace,5809920,1
14,672.35417799999993,1.8453999999792359,VSM.FilterHorizontal,66816,1
14,672.35417799999993,1.8453999999792359,VSM.FilterVertical,0,0
14,672.35417799999993,1.8453999999792359,VSM.FilterTemporalVertical,160512,1
14,672.35417799999993,1.8453999999792359,VSM.ResetFeedback,0,1
15,672.36884019999991,1.7469999999093488,VSM.MarkReceiverPages,557568,1
15,672.36884019999991,1.7469999999093488,VSM.AllocationPrepare,9728,1
15,672.36884019999991,1.7469999999093488,VSM.AllocationCommit,601344,1
15,672.36884019999991,1.7469999999093488,VSM.Allocate,611328,1
15,672.36884019999991,1.7469999999093488,VSM.ClearPhysicalPages,267008,1
15,672.36884019999991,1.7469999999093488,VSM.PageOccupancy,68096,1
15,672.36884019999991,1.7469999999093488,VSM.FinalizePages,2304,1
15,672.36884019999991,1.7469999999093488,VSM.DynamicRaster,26112,1
15,672.36884019999991,1.7469999999093488,VSM.LayoutRemap,0,1
15,672.36884019999991,1.7469999999093488,VSM.InvalidateStatic,0,0
15,672.36884019999991,1.7469999999093488,VSM.InvalidateDynamic,1536,1
15,672.36884019999991,1.7469999999093488,VSM.StaticCasterCull,204800,1
15,672.36884019999991,1.7469999999093488,VSM.DynamicCasterCull,120832,1
15,672.36884019999991,1.7469999999093488,VSM.PageCull,292096,2
15,672.36884019999991,1.7469999999093488,VSM.StaticRasterClear,0,1
15,672.36884019999991,1.7469999999093488,VSM.StaticRasterDraw,7680,1
15,672.36884019999991,1.7469999999093488,VSM.DynamicRasterClear,1024,1
15,672.36884019999991,1.7469999999093488,VSM.DynamicRasterDraw,25088,1
15,672.36884019999991,1.7469999999093488,VSM.StaticRaster,7936,1
15,672.36884019999991,1.7469999999093488,VSM.UnityCompatibilityRaster,0,0
15,672.36884019999991,1.7469999999093488,VSM.Resolve,5311744,1
15,672.36884019999991,1.7469999999093488,VSM.ResolveTrace,5088256,1
15,672.36884019999991,1.7469999999093488,VSM.FilterHorizontal,65024,1
15,672.36884019999991,1.7469999999093488,VSM.FilterVertical,0,0
15,672.36884019999991,1.7469999999093488,VSM.FilterTemporalVertical,158464,1
15,672.36884019999991,1.7469999999093488,VSM.ResetFeedback,0,1
16,672.3841073,1.7773000000715911,VSM.MarkReceiverPages,561920,1
16,672.3841073,1.7773000000715911,VSM.AllocationPrepare,9728,1
16,672.3841073,1.7773000000715911,VSM.AllocationCommit,606976,1
16,672.3841073,1.7773000000715911,VSM.Allocate,1084928,1
16,672.3841073,1.7773000000715911,VSM.ClearPhysicalPages,268544,1
16,672.3841073,1.7773000000715911,VSM.PageOccupancy,73472,1
16,672.3841073,1.7773000000715911,VSM.FinalizePages,1792,1
16,672.3841073,1.7773000000715911,VSM.DynamicRaster,25600,1
16,672.3841073,1.7773000000715911,VSM.LayoutRemap,0,1
16,672.3841073,1.7773000000715911,VSM.InvalidateStatic,0,0
16,672.3841073,1.7773000000715911,VSM.InvalidateDynamic,2560,1
16,672.3841073,1.7773000000715911,VSM.StaticCasterCull,209408,1
16,672.3841073,1.7773000000715911,VSM.DynamicCasterCull,121856,1
16,672.3841073,1.7773000000715911,VSM.PageCull,296960,2
16,672.3841073,1.7773000000715911,VSM.StaticRasterClear,0,1
16,672.3841073,1.7773000000715911,VSM.StaticRasterDraw,7168,1
16,672.3841073,1.7773000000715911,VSM.DynamicRasterClear,256,1
16,672.3841073,1.7773000000715911,VSM.DynamicRasterDraw,25088,1
16,672.3841073,1.7773000000715911,VSM.StaticRaster,7168,1
16,672.3841073,1.7773000000715911,VSM.UnityCompatibilityRaster,0,0
16,672.3841073,1.7773000000715911,VSM.Resolve,6458624,1
16,672.3841073,1.7773000000715911,VSM.ResolveTrace,6230272,1
16,672.3841073,1.7773000000715911,VSM.FilterHorizontal,66304,1
16,672.3841073,1.7773000000715911,VSM.FilterVertical,0,0
16,672.3841073,1.7773000000715911,VSM.FilterTemporalVertical,161024,1
16,672.3841073,1.7773000000715911,VSM.ResetFeedback,0,1
17,672.3996714,1.9908000000441461,VSM.MarkReceiverPages,559104,1
17,672.3996714,1.9908000000441461,VSM.AllocationPrepare,9728,1
17,672.3996714,1.9908000000441461,VSM.AllocationCommit,601088,1
17,672.3996714,1.9908000000441461,VSM.Allocate,871936,1
17,672.3996714,1.9908000000441461,VSM.ClearPhysicalPages,267264,1
17,672.3996714,1.9908000000441461,VSM.PageOccupancy,72960,1
17,672.3996714,1.9908000000441461,VSM.FinalizePages,1536,1
17,672.3996714,1.9908000000441461,VSM.DynamicRaster,26624,1
17,672.3996714,1.9908000000441461,VSM.LayoutRemap,0,1
17,672.3996714,1.9908000000441461,VSM.InvalidateStatic,0,0
17,672.3996714,1.9908000000441461,VSM.InvalidateDynamic,1792,1
17,672.3996714,1.9908000000441461,VSM.StaticCasterCull,204544,1
17,672.3996714,1.9908000000441461,VSM.DynamicCasterCull,118016,1
17,672.3996714,1.9908000000441461,VSM.PageCull,289024,2
17,672.3996714,1.9908000000441461,VSM.StaticRasterClear,0,1
17,672.3996714,1.9908000000441461,VSM.StaticRasterDraw,3072,1
17,672.3996714,1.9908000000441461,VSM.DynamicRasterClear,1024,1
17,672.3996714,1.9908000000441461,VSM.DynamicRasterDraw,25344,1
17,672.3996714,1.9908000000441461,VSM.StaticRaster,3328,1
17,672.3996714,1.9908000000441461,VSM.UnityCompatibilityRaster,0,0
17,672.3996714,1.9908000000441461,VSM.Resolve,6052864,1
17,672.3996714,1.9908000000441461,VSM.ResolveTrace,5825024,1
17,672.3996714,1.9908000000441461,VSM.FilterHorizontal,65536,1
17,672.3996714,1.9908000000441461,VSM.FilterVertical,0,0
17,672.3996714,1.9908000000441461,VSM.FilterTemporalVertical,160768,1
17,672.3996714,1.9908000000441461,VSM.ResetFeedback,0,1
18,672.415846,2.3545999999896594,VSM.MarkReceiverPages,557824,1
18,672.415846,2.3545999999896594,VSM.AllocationPrepare,9472,1
18,672.415846,2.3545999999896594,VSM.AllocationCommit,600832,1
18,672.415846,2.3545999999896594,VSM.Allocate,610816,1
18,672.415846,2.3545999999896594,VSM.ClearPhysicalPages,455936,1
18,672.415846,2.3545999999896594,VSM.PageOccupancy,72448,1
18,672.415846,2.3545999999896594,VSM.FinalizePages,1792,1
18,672.415846,2.3545999999896594,VSM.DynamicRaster,25856,1
18,672.415846,2.3545999999896594,VSM.LayoutRemap,0,1
18,672.415846,2.3545999999896594,VSM.InvalidateStatic,0,0
18,672.415846,2.3545999999896594,VSM.InvalidateDynamic,1536,1
18,672.415846,2.3545999999896594,VSM.StaticCasterCull,205312,1
18,672.415846,2.3545999999896594,VSM.DynamicCasterCull,115968,1
18,672.415846,2.3545999999896594,VSM.PageCull,286720,2
18,672.415846,2.3545999999896594,VSM.StaticRasterClear,0,1
18,672.415846,2.3545999999896594,VSM.StaticRasterDraw,7168,1
18,672.415846,2.3545999999896594,VSM.DynamicRasterClear,0,1
18,672.415846,2.3545999999896594,VSM.DynamicRasterDraw,25600,1
18,672.415846,2.3545999999896594,VSM.StaticRaster,7424,1
18,672.415846,2.3545999999896594,VSM.UnityCompatibilityRaster,0,0
18,672.415846,2.3545999999896594,VSM.Resolve,6342912,1
18,672.415846,2.3545999999896594,VSM.ResolveTrace,6115584,1
18,672.415846,2.3545999999896594,VSM.FilterHorizontal,66304,1
18,672.415846,2.3545999999896594,VSM.FilterVertical,0,0
18,672.415846,2.3545999999896594,VSM.FilterTemporalVertical,159744,1
18,672.415846,2.3545999999896594,VSM.ResetFeedback,0,1
19,672.4331047,2.2387000000207991,VSM.MarkReceiverPages,557824,1
19,672.4331047,2.2387000000207991,VSM.AllocationPrepare,9728,1
19,672.4331047,2.2387000000207991,VSM.AllocationCommit,601088,1
19,672.4331047,2.2387000000207991,VSM.Allocate,611328,1
19,672.4331047,2.2387000000207991,VSM.ClearPhysicalPages,266752,1
19,672.4331047,2.2387000000207991,VSM.PageOccupancy,75776,1
19,672.4331047,2.2387000000207991,VSM.FinalizePages,1792,1
19,672.4331047,2.2387000000207991,VSM.DynamicRaster,26368,1
19,672.4331047,2.2387000000207991,VSM.LayoutRemap,0,1
19,672.4331047,2.2387000000207991,VSM.InvalidateStatic,0,0
19,672.4331047,2.2387000000207991,VSM.InvalidateDynamic,1536,1
19,672.4331047,2.2387000000207991,VSM.StaticCasterCull,214016,1
19,672.4331047,2.2387000000207991,VSM.DynamicCasterCull,121088,1
19,672.4331047,2.2387000000207991,VSM.PageCull,301056,2
19,672.4331047,2.2387000000207991,VSM.StaticRasterClear,0,1
19,672.4331047,2.2387000000207991,VSM.StaticRasterDraw,7168,1
19,672.4331047,2.2387000000207991,VSM.DynamicRasterClear,1280,1
19,672.4331047,2.2387000000207991,VSM.DynamicRasterDraw,25088,1
19,672.4331047,2.2387000000207991,VSM.StaticRaster,7168,1
19,672.4331047,2.2387000000207991,VSM.UnityCompatibilityRaster,0,0
19,672.4331047,2.2387000000207991,VSM.Resolve,5971968,1
19,672.4331047,2.2387000000207991,VSM.ResolveTrace,5746432,1
19,672.4331047,2.2387000000207991,VSM.FilterHorizontal,65792,1
19,672.4331047,2.2387000000207991,VSM.FilterVertical,0,0
19,672.4331047,2.2387000000207991,VSM.FilterTemporalVertical,158720,1
19,672.4331047,2.2387000000207991,VSM.ResetFeedback,0,1
20,672.4484868,2.1090000000185682,VSM.MarkReceiverPages,562176,1
20,672.4484868,2.1090000000185682,VSM.AllocationPrepare,9728,1
20,672.4484868,2.1090000000185682,VSM.AllocationCommit,606976,1
20,672.4484868,2.1090000000185682,VSM.Allocate,861184,1
20,672.4484868,2.1090000000185682,VSM.ClearPhysicalPages,269056,1
20,672.4484868,2.1090000000185682,VSM.PageOccupancy,76032,1
20,672.4484868,2.1090000000185682,VSM.FinalizePages,1792,1
20,672.4484868,2.1090000000185682,VSM.DynamicRaster,27136,1
20,672.4484868,2.1090000000185682,VSM.LayoutRemap,256,1
20,672.4484868,2.1090000000185682,VSM.InvalidateStatic,0,0
20,672.4484868,2.1090000000185682,VSM.InvalidateDynamic,1792,1
20,672.4484868,2.1090000000185682,VSM.StaticCasterCull,208640,1
20,672.4484868,2.1090000000185682,VSM.DynamicCasterCull,118016,1
20,672.4484868,2.1090000000185682,VSM.PageCull,291584,2
20,672.4484868,2.1090000000185682,VSM.StaticRasterClear,0,1
20,672.4484868,2.1090000000185682,VSM.StaticRasterDraw,7168,1
20,672.4484868,2.1090000000185682,VSM.DynamicRasterClear,1280,1
20,672.4484868,2.1090000000185682,VSM.DynamicRasterDraw,25856,1
20,672.4484868,2.1090000000185682,VSM.StaticRaster,7424,1
20,672.4484868,2.1090000000185682,VSM.UnityCompatibilityRaster,0,0
20,672.4484868,2.1090000000185682,VSM.Resolve,6665728,1
20,672.4484868,2.1090000000185682,VSM.ResolveTrace,6259200,1
20,672.4484868,2.1090000000185682,VSM.FilterHorizontal,66816,1
20,672.4484868,2.1090000000185682,VSM.FilterVertical,0,0
20,672.4484868,2.1090000000185682,VSM.FilterTemporalVertical,338432,1
20,672.4484868,2.1090000000185682,VSM.ResetFeedback,0,1
21,672.4630086,1.9479999999703068,VSM.MarkReceiverPages,560384,1
21,672.4630086,1.9479999999703068,VSM.AllocationPrepare,9728,1
21,672.4630086,1.9479999999703068,VSM.AllocationCommit,608256,1
21,672.4630086,1.9479999999703068,VSM.Allocate,618240,1
21,672.4630086,1.9479999999703068,VSM.ClearPhysicalPages,268800,1
21,672.4630086,1.9479999999703068,VSM.PageOccupancy,75776,1
21,672.4630086,1.9479999999703068,VSM.FinalizePages,2048,1
21,672.4630086,1.9479999999703068,VSM.DynamicRaster,29184,1
21,672.4630086,1.9479999999703068,VSM.LayoutRemap,0,1
21,672.4630086,1.9479999999703068,VSM.InvalidateStatic,0,0
21,672.4630086,1.9479999999703068,VSM.InvalidateDynamic,1536,1
21,672.4630086,1.9479999999703068,VSM.StaticCasterCull,211456,1
21,672.4630086,1.9479999999703068,VSM.DynamicCasterCull,109824,1
21,672.4630086,1.9479999999703068,VSM.PageCull,287232,2
21,672.4630086,1.9479999999703068,VSM.StaticRasterClear,256,1
21,672.4630086,1.9479999999703068,VSM.StaticRasterDraw,7424,1
21,672.4630086,1.9479999999703068,VSM.DynamicRasterClear,2560,1
21,672.4630086,1.9479999999703068,VSM.DynamicRasterDraw,26368,1
21,672.4630086,1.9479999999703068,VSM.StaticRaster,7680,1
21,672.4630086,1.9479999999703068,VSM.UnityCompatibilityRaster,0,0
21,672.4630086,1.9479999999703068,VSM.Resolve,6005248,1
21,672.4630086,1.9479999999703068,VSM.ResolveTrace,5778944,1
21,672.4630086,1.9479999999703068,VSM.FilterHorizontal,65792,1
21,672.4630086,1.9479999999703068,VSM.FilterVertical,0,0
21,672.4630086,1.9479999999703068,VSM.FilterTemporalVertical,159488,1
21,672.4630086,1.9479999999703068,VSM.ResetFeedback,0,1
22,672.47855399999992,2.4589999999307111,VSM.MarkReceiverPages,559616,1
22,672.47855399999992,2.4589999999307111,VSM.AllocationPrepare,9728,1
22,672.47855399999992,2.4589999999307111,VSM.AllocationCommit,605952,1
22,672.47855399999992,2.4589999999307111,VSM.Allocate,852224,1
22,672.47855399999992,2.4589999999307111,VSM.ClearPhysicalPages,267264,1
22,672.47855399999992,2.4589999999307111,VSM.PageOccupancy,72960,1
22,672.47855399999992,2.4589999999307111,VSM.FinalizePages,2048,1
22,672.47855399999992,2.4589999999307111,VSM.DynamicRaster,25344,1
22,672.47855399999992,2.4589999999307111,VSM.LayoutRemap,256,1
22,672.47855399999992,2.4589999999307111,VSM.InvalidateStatic,0,0
22,672.47855399999992,2.4589999999307111,VSM.InvalidateDynamic,1536,1
22,672.47855399999992,2.4589999999307111,VSM.StaticCasterCull,215296,1
22,672.47855399999992,2.4589999999307111,VSM.DynamicCasterCull,121600,1
22,672.47855399999992,2.4589999999307111,VSM.PageCull,303104,2
22,672.47855399999992,2.4589999999307111,VSM.StaticRasterClear,0,1
22,672.47855399999992,2.4589999999307111,VSM.StaticRasterDraw,3328,1
22,672.47855399999992,2.4589999999307111,VSM.DynamicRasterClear,768,1
22,672.47855399999992,2.4589999999307111,VSM.DynamicRasterDraw,24576,1
22,672.47855399999992,2.4589999999307111,VSM.StaticRaster,3584,1
22,672.47855399999992,2.4589999999307111,VSM.UnityCompatibilityRaster,0,0
22,672.47855399999992,2.4589999999307111,VSM.Resolve,6618368,1
22,672.47855399999992,2.4589999999307111,VSM.ResolveTrace,6121728,1
22,672.47855399999992,2.4589999999307111,VSM.FilterHorizontal,66304,1
22,672.47855399999992,2.4589999999307111,VSM.FilterVertical,0,0
22,672.47855399999992,2.4589999999307111,VSM.FilterTemporalVertical,429056,1
22,672.47855399999992,2.4589999999307111,VSM.ResetFeedback,0,1
23,672.493395,1.8645000000105938,VSM.MarkReceiverPages,552960,1
23,672.493395,1.8645000000105938,VSM.AllocationPrepare,9472,1
23,672.493395,1.8645000000105938,VSM.AllocationCommit,601600,1
23,672.493395,1.8645000000105938,VSM.Allocate,874752,1
23,672.493395,1.8645000000105938,VSM.ClearPhysicalPages,267520,1
23,672.493395,1.8645000000105938,VSM.PageOccupancy,75264,1
23,672.493395,1.8645000000105938,VSM.FinalizePages,1792,1
23,672.493395,1.8645000000105938,VSM.DynamicRaster,25856,1
23,672.493395,1.8645000000105938,VSM.LayoutRemap,0,1
23,672.493395,1.8645000000105938,VSM.InvalidateStatic,0,0
23,672.493395,1.8645000000105938,VSM.InvalidateDynamic,1536,1
23,672.493395,1.8645000000105938,VSM.StaticCasterCull,206336,1
23,672.493395,1.8645000000105938,VSM.DynamicCasterCull,118528,1
23,672.493395,1.8645000000105938,VSM.PageCull,290816,2
23,672.493395,1.8645000000105938,VSM.StaticRasterClear,0,1
23,672.493395,1.8645000000105938,VSM.StaticRasterDraw,7168,1
23,672.493395,1.8645000000105938,VSM.DynamicRasterClear,256,1
23,672.493395,1.8645000000105938,VSM.DynamicRasterDraw,25600,1
23,672.493395,1.8645000000105938,VSM.StaticRaster,7168,1
23,672.493395,1.8645000000105938,VSM.UnityCompatibilityRaster,0,0
23,672.493395,1.8645000000105938,VSM.Resolve,5996288,1
23,672.493395,1.8645000000105938,VSM.ResolveTrace,5771776,1
23,672.493395,1.8645000000105938,VSM.FilterHorizontal,65280,1
23,672.493395,1.8645000000105938,VSM.FilterVertical,0,0
23,672.493395,1.8645000000105938,VSM.FilterTemporalVertical,158208,1
23,672.493395,1.8645000000105938,VSM.ResetFeedback,0,1
24,672.5088015,2.0840000000816872,VSM.MarkReceiverPages,558336,1
24,672.5088015,2.0840000000816872,VSM.AllocationPrepare,9472,1
24,672.5088015,2.0840000000816872,VSM.AllocationCommit,600576,1
24,672.5088015,2.0840000000816872,VSM.Allocate,772864,1
24,672.5088015,2.0840000000816872,VSM.ClearPhysicalPages,266752,1
24,672.5088015,2.0840000000816872,VSM.PageOccupancy,76032,1
24,672.5088015,2.0840000000816872,VSM.FinalizePages,1792,1
24,672.5088015,2.0840000000816872,VSM.DynamicRaster,26368,1
24,672.5088015,2.0840000000816872,VSM.LayoutRemap,0,1
24,672.5088015,2.0840000000816872,VSM.InvalidateStatic,0,0
24,672.5088015,2.0840000000816872,VSM.InvalidateDynamic,1536,1
24,672.5088015,2.0840000000816872,VSM.StaticCasterCull,210944,1
24,672.5088015,2.0840000000816872,VSM.DynamicCasterCull,112896,1
24,672.5088015,2.0840000000816872,VSM.PageCull,289024,2
24,672.5088015,2.0840000000816872,VSM.StaticRasterClear,0,1
24,672.5088015,2.0840000000816872,VSM.StaticRasterDraw,6912,1
24,672.5088015,2.0840000000816872,VSM.DynamicRasterClear,0,1
24,672.5088015,2.0840000000816872,VSM.DynamicRasterDraw,26112,1
24,672.5088015,2.0840000000816872,VSM.StaticRaster,7168,1
24,672.5088015,2.0840000000816872,VSM.UnityCompatibilityRaster,0,0
24,672.5088015,2.0840000000816872,VSM.Resolve,6129920,1
24,672.5088015,2.0840000000816872,VSM.ResolveTrace,5900800,1
24,672.5088015,2.0840000000816872,VSM.FilterHorizontal,65792,1
24,672.5088015,2.0840000000816872,VSM.FilterVertical,0,0
24,672.5088015,2.0840000000816872,VSM.FilterTemporalVertical,162048,1
24,672.5088015,2.0840000000816872,VSM.ResetFeedback,0,1
25,672.5246699999999,2.1866999999247128,VSM.MarkReceiverPages,560384,1
25,672.5246699999999,2.1866999999247128,VSM.AllocationPrepare,9472,1
25,672.5246699999999,2.1866999999247128,VSM.AllocationCommit,606976,1
25,672.5246699999999,2.1866999999247128,VSM.Allocate,616960,1
25,672.5246699999999,2.1866999999247128,VSM.ClearPhysicalPages,269056,1
25,672.5246699999999,2.1866999999247128,VSM.PageOccupancy,72960,1
25,672.5246699999999,2.1866999999247128,VSM.FinalizePages,1792,1
25,672.5246699999999,2.1866999999247128,VSM.DynamicRaster,25088,1
25,672.5246699999999,2.1866999999247128,VSM.LayoutRemap,0,1
25,672.5246699999999,2.1866999999247128,VSM.InvalidateStatic,0,0
25,672.5246699999999,2.1866999999247128,VSM.InvalidateDynamic,1536,1
25,672.5246699999999,2.1866999999247128,VSM.StaticCasterCull,207616,1
25,672.5246699999999,2.1866999999247128,VSM.DynamicCasterCull,119552,1
25,672.5246699999999,2.1866999999247128,VSM.PageCull,293376,2
25,672.5246699999999,2.1866999999247128,VSM.StaticRasterClear,256,1
25,672.5246699999999,2.1866999999247128,VSM.StaticRasterDraw,6912,1
25,672.5246699999999,2.1866999999247128,VSM.DynamicRasterClear,0,1
25,672.5246699999999,2.1866999999247128,VSM.DynamicRasterDraw,24832,1
25,672.5246699999999,2.1866999999247128,VSM.StaticRaster,7168,1
25,672.5246699999999,2.1866999999247128,VSM.UnityCompatibilityRaster,0,0
25,672.5246699999999,2.1866999999247128,VSM.Resolve,6201088,1
25,672.5246699999999,2.1866999999247128,VSM.ResolveTrace,5972224,1
25,672.5246699999999,2.1866999999247128,VSM.FilterHorizontal,65792,1
25,672.5246699999999,2.1866999999247128,VSM.FilterVertical,0,0
25,672.5246699999999,2.1866999999247128,VSM.FilterTemporalVertical,161536,1
25,672.5246699999999,2.1866999999247128,VSM.ResetFeedback,0,1
26,672.5394527,2.3039999999809879,VSM.MarkReceiverPages,558592,1
26,672.5394527,2.3039999999809879,VSM.AllocationPrepare,9728,1
26,672.5394527,2.3039999999809879,VSM.AllocationCommit,605952,1
26,672.5394527,2.3039999999809879,VSM.Allocate,910080,1
26,672.5394527,2.3039999999809879,VSM.ClearPhysicalPages,267776,1
26,672.5394527,2.3039999999809879,VSM.PageOccupancy,75520,1
26,672.5394527,2.3039999999809879,VSM.FinalizePages,2048,1
26,672.5394527,2.3039999999809879,VSM.DynamicRaster,25600,1
26,672.5394527,2.3039999999809879,VSM.LayoutRemap,0,1
26,672.5394527,2.3039999999809879,VSM.InvalidateStatic,0,0
26,672.5394527,2.3039999999809879,VSM.InvalidateDynamic,2048,1
26,672.5394527,2.3039999999809879,VSM.StaticCasterCull,206080,1
26,672.5394527,2.3039999999809879,VSM.DynamicCasterCull,114688,1
26,672.5394527,2.3039999999809879,VSM.PageCull,286976,2
26,672.5394527,2.3039999999809879,VSM.StaticRasterClear,0,1
26,672.5394527,2.3039999999809879,VSM.StaticRasterDraw,7168,1
26,672.5394527,2.3039999999809879,VSM.DynamicRasterClear,256,1
26,672.5394527,2.3039999999809879,VSM.DynamicRasterDraw,25088,1
26,672.5394527,2.3039999999809879,VSM.StaticRaster,7168,1
26,672.5394527,2.3039999999809879,VSM.UnityCompatibilityRaster,0,0
26,672.5394527,2.3039999999809879,VSM.Resolve,6369792,1
26,672.5394527,2.3039999999809879,VSM.ResolveTrace,5940736,1
26,672.5394527,2.3039999999809879,VSM.FilterHorizontal,66304,1
26,672.5394527,2.3039999999809879,VSM.FilterVertical,0,0
26,672.5394527,2.3039999999809879,VSM.FilterTemporalVertical,361472,1
26,672.5394527,2.3039999999809879,VSM.ResetFeedback,0,1
27,672.5557151999999,2.2069999999985157,VSM.MarkReceiverPages,557568,1
27,672.5557151999999,2.2069999999985157,VSM.AllocationPrepare,9472,1
27,672.5557151999999,2.2069999999985157,VSM.AllocationCommit,600320,1
27,672.5557151999999,2.2069999999985157,VSM.Allocate,610048,1
27,672.5557151999999,2.2069999999985157,VSM.ClearPhysicalPages,266240,1
27,672.5557151999999,2.2069999999985157,VSM.PageOccupancy,70912,1
27,672.5557151999999,2.2069999999985157,VSM.FinalizePages,1792,1
27,672.5557151999999,2.2069999999985157,VSM.DynamicRaster,26880,1
27,672.5557151999999,2.2069999999985157,VSM.LayoutRemap,0,1
27,672.5557151999999,2.2069999999985157,VSM.InvalidateStatic,0,0
27,672.5557151999999,2.2069999999985157,VSM.InvalidateDynamic,1280,1
27,672.5557151999999,2.2069999999985157,VSM.StaticCasterCull,681984,1
27,672.5557151999999,2.2069999999985157,VSM.DynamicCasterCull,131584,1
27,672.5557151999999,2.2069999999985157,VSM.PageCull,284928,2
27,672.5557151999999,2.2069999999985157,VSM.StaticRasterClear,2304,1
27,672.5557151999999,2.2069999999985157,VSM.StaticRasterDraw,14336,1
27,672.5557151999999,2.2069999999985157,VSM.DynamicRasterClear,512,1
27,672.5557151999999,2.2069999999985157,VSM.DynamicRasterDraw,26368,1
27,672.5557151999999,2.2069999999985157,VSM.StaticRaster,19712,1
27,672.5557151999999,2.2069999999985157,VSM.UnityCompatibilityRaster,0,0
27,672.5557151999999,2.2069999999985157,VSM.Resolve,5887232,1
27,672.5557151999999,2.2069999999985157,VSM.ResolveTrace,5659648,1
27,672.5557151999999,2.2069999999985157,VSM.FilterHorizontal,65280,1
27,672.5557151999999,2.2069999999985157,VSM.FilterVertical,0,0
27,672.5557151999999,2.2069999999985157,VSM.FilterTemporalVertical,161024,1
27,672.5557151999999,2.2069999999985157,VSM.ResetFeedback,0,1
28,672.5715073,2.3645000001124572,VSM.MarkReceiverPages,559360,1
28,672.5715073,2.3645000001124572,VSM.AllocationPrepare,9472,1
28,672.5715073,2.3645000001124572,VSM.AllocationCommit,602880,1
28,672.5715073,2.3645000001124572,VSM.Allocate,612352,1
28,672.5715073,2.3645000001124572,VSM.ClearPhysicalPages,266752,1
28,672.5715073,2.3645000001124572,VSM.PageOccupancy,76288,1
28,672.5715073,2.3645000001124572,VSM.FinalizePages,1792,1
28,672.5715073,2.3645000001124572,VSM.DynamicRaster,233728,1
28,672.5715073,2.3645000001124572,VSM.LayoutRemap,0,1
28,672.5715073,2.3645000001124572,VSM.InvalidateStatic,0,0
28,672.5715073,2.3645000001124572,VSM.InvalidateDynamic,1280,1
28,672.5715073,2.3645000001124572,VSM.StaticCasterCull,214272,1
28,672.5715073,2.3645000001124572,VSM.DynamicCasterCull,126720,1
28,672.5715073,2.3645000001124572,VSM.PageCull,307456,2
28,672.5715073,2.3645000001124572,VSM.StaticRasterClear,256,1
28,672.5715073,2.3645000001124572,VSM.StaticRasterDraw,5888,1
28,672.5715073,2.3645000001124572,VSM.DynamicRasterClear,1024,1
28,672.5715073,2.3645000001124572,VSM.DynamicRasterDraw,232704,1
28,672.5715073,2.3645000001124572,VSM.StaticRaster,6144,1
28,672.5715073,2.3645000001124572,VSM.UnityCompatibilityRaster,0,0
28,672.5715073,2.3645000001124572,VSM.Resolve,5296640,1
28,672.5715073,2.3645000001124572,VSM.ResolveTrace,5073152,1
28,672.5715073,2.3645000001124572,VSM.FilterHorizontal,64768,1
28,672.5715073,2.3645000001124572,VSM.FilterVertical,0,0
28,672.5715073,2.3645000001124572,VSM.FilterTemporalVertical,158720,1
28,672.5715073,2.3645000001124572,VSM.ResetFeedback,0,1
29,672.5871156,1.9631999999774052,VSM.MarkReceiverPages,559616,1
29,672.5871156,1.9631999999774052,VSM.AllocationPrepare,9728,1
29,672.5871156,1.9631999999774052,VSM.AllocationCommit,607232,1
29,672.5871156,1.9631999999774052,VSM.Allocate,951040,1
29,672.5871156,1.9631999999774052,VSM.ClearPhysicalPages,269312,1
29,672.5871156,1.9631999999774052,VSM.PageOccupancy,73728,1
29,672.5871156,1.9631999999774052,VSM.FinalizePages,1792,1
29,672.5871156,1.9631999999774052,VSM.DynamicRaster,28672,1
29,672.5871156,1.9631999999774052,VSM.LayoutRemap,0,1
29,672.5871156,1.9631999999774052,VSM.InvalidateStatic,0,0
29,672.5871156,1.9631999999774052,VSM.InvalidateDynamic,2560,1
29,672.5871156,1.9631999999774052,VSM.StaticCasterCull,208128,1
29,672.5871156,1.9631999999774052,VSM.DynamicCasterCull,115712,1
29,672.5871156,1.9631999999774052,VSM.PageCull,289280,2
29,672.5871156,1.9631999999774052,VSM.StaticRasterClear,0,1
29,672.5871156,1.9631999999774052,VSM.StaticRasterDraw,6912,1
29,672.5871156,1.9631999999774052,VSM.DynamicRasterClear,3072,1
29,672.5871156,1.9631999999774052,VSM.DynamicRasterDraw,25344,1
29,672.5871156,1.9631999999774052,VSM.StaticRaster,7168,1
29,672.5871156,1.9631999999774052,VSM.UnityCompatibilityRaster,0,0
29,672.5871156,1.9631999999774052,VSM.Resolve,6396928,1
29,672.5871156,1.9631999999774052,VSM.ResolveTrace,6168576,1
29,672.5871156,1.9631999999774052,VSM.FilterHorizontal,65536,1
29,672.5871156,1.9631999999774052,VSM.FilterVertical,0,0
29,672.5871156,1.9631999999774052,VSM.FilterTemporalVertical,161536,1
29,672.5871156,1.9631999999774052,VSM.ResetFeedback,0,1
30,672.6028805,2.242000000023836,VSM.MarkReceiverPages,559872,1
30,672.6028805,2.242000000023836,VSM.AllocationPrepare,9728,1
30,672.6028805,2.242000000023836,VSM.AllocationCommit,601088,1
30,672.6028805,2.242000000023836,VSM.Allocate,883968,1
30,672.6028805,2.242000000023836,VSM.ClearPhysicalPages,266752,1
30,672.6028805,2.242000000023836,VSM.PageOccupancy,73728,1
30,672.6028805,2.242000000023836,VSM.FinalizePages,2304,1
30,672.6028805,2.242000000023836,VSM.DynamicRaster,27392,1
30,672.6028805,2.242000000023836,VSM.LayoutRemap,0,1
30,672.6028805,2.242000000023836,VSM.InvalidateStatic,0,0
30,672.6028805,2.242000000023836,VSM.InvalidateDynamic,1536,1
30,672.6028805,2.242000000023836,VSM.StaticCasterCull,213248,1
30,672.6028805,2.242000000023836,VSM.DynamicCasterCull,119552,1
30,672.6028805,2.242000000023836,VSM.PageCull,298752,2
30,672.6028805,2.242000000023836,VSM.StaticRasterClear,256,1
30,672.6028805,2.242000000023836,VSM.StaticRasterDraw,5376,1
30,672.6028805,2.242000000023836,VSM.DynamicRasterClear,2816,1
30,672.6028805,2.242000000023836,VSM.DynamicRasterDraw,24576,1
30,672.6028805,2.242000000023836,VSM.StaticRaster,5632,1
30,672.6028805,2.242000000023836,VSM.UnityCompatibilityRaster,0,0
30,672.6028805,2.242000000023836,VSM.Resolve,6053376,1
30,672.6028805,2.242000000023836,VSM.ResolveTrace,5824256,1
30,672.6028805,2.242000000023836,VSM.FilterHorizontal,66048,1
30,672.6028805,2.242000000023836,VSM.FilterVertical,0,0
30,672.6028805,2.242000000023836,VSM.FilterTemporalVertical,161536,1
30,672.6028805,2.242000000023836,VSM.ResetFeedback,0,1
31,672.619076,2.1368000000165921,VSM.MarkReceiverPages,558592,1
31,672.619076,2.1368000000165921,VSM.AllocationPrepare,9472,1
31,672.619076,2.1368000000165921,VSM.AllocationCommit,601088,1
31,672.619076,2.1368000000165921,VSM.Allocate,1091840,1
31,672.619076,2.1368000000165921,VSM.ClearPhysicalPages,267776,1
31,672.619076,2.1368000000165921,VSM.PageOccupancy,75008,1
31,672.619076,2.1368000000165921,VSM.FinalizePages,1792,1
31,672.619076,2.1368000000165921,VSM.DynamicRaster,26112,1
31,672.619076,2.1368000000165921,VSM.LayoutRemap,0,1
31,672.619076,2.1368000000165921,VSM.InvalidateStatic,0,0
31,672.619076,2.1368000000165921,VSM.InvalidateDynamic,2560,1
31,672.619076,2.1368000000165921,VSM.StaticCasterCull,200960,1
31,672.619076,2.1368000000165921,VSM.DynamicCasterCull,116992,1
31,672.619076,2.1368000000165921,VSM.PageCull,284160,2
31,672.619076,2.1368000000165921,VSM.StaticRasterClear,256,1
31,672.619076,2.1368000000165921,VSM.StaticRasterDraw,6912,1
31,672.619076,2.1368000000165921,VSM.DynamicRasterClear,256,1
31,672.619076,2.1368000000165921,VSM.DynamicRasterDraw,25600,1
31,672.619076,2.1368000000165921,VSM.StaticRaster,7168,1
31,672.619076,2.1368000000165921,VSM.UnityCompatibilityRaster,0,0
31,672.619076,2.1368000000165921,VSM.Resolve,5597440,1
31,672.619076,2.1368000000165921,VSM.ResolveTrace,5372160,1
31,672.619076,2.1368000000165921,VSM.FilterHorizontal,65024,1
31,672.619076,2.1368000000165921,VSM.FilterVertical,0,0
31,672.619076,2.1368000000165921,VSM.FilterTemporalVertical,158720,1
31,672.619076,2.1368000000165921,VSM.ResetFeedback,0,1
32,672.63344239999992,1.8473000000085449,VSM.MarkReceiverPages,557312,1
32,672.63344239999992,1.8473000000085449,VSM.AllocationPrepare,9472,1
32,672.63344239999992,1.8473000000085449,VSM.AllocationCommit,601088,1
32,672.63344239999992,1.8473000000085449,VSM.Allocate,866560,1
32,672.63344239999992,1.8473000000085449,VSM.ClearPhysicalPages,267008,1
32,672.63344239999992,1.8473000000085449,VSM.PageOccupancy,72192,1
32,672.63344239999992,1.8473000000085449,VSM.FinalizePages,1792,1
32,672.63344239999992,1.8473000000085449,VSM.DynamicRaster,26368,1
32,672.63344239999992,1.8473000000085449,VSM.LayoutRemap,0,1
32,672.63344239999992,1.8473000000085449,VSM.InvalidateStatic,0,0
32,672.63344239999992,1.8473000000085449,VSM.InvalidateDynamic,1792,1
32,672.63344239999992,1.8473000000085449,VSM.StaticCasterCull,224000,1
32,672.63344239999992,1.8473000000085449,VSM.DynamicCasterCull,117248,1
32,672.63344239999992,1.8473000000085449,VSM.PageCull,307200,2
32,672.63344239999992,1.8473000000085449,VSM.StaticRasterClear,256,1
32,672.63344239999992,1.8473000000085449,VSM.StaticRasterDraw,9216,1
32,672.63344239999992,1.8473000000085449,VSM.DynamicRasterClear,768,1
32,672.63344239999992,1.8473000000085449,VSM.DynamicRasterDraw,25600,1
32,672.63344239999992,1.8473000000085449,VSM.StaticRaster,9472,1
32,672.63344239999992,1.8473000000085449,VSM.UnityCompatibilityRaster,0,0
32,672.63344239999992,1.8473000000085449,VSM.Resolve,6178048,1
32,672.63344239999992,1.8473000000085449,VSM.ResolveTrace,5780992,1
32,672.63344239999992,1.8473000000085449,VSM.FilterHorizontal,65792,1
32,672.63344239999992,1.8473000000085449,VSM.FilterVertical,0,0
32,672.63344239999992,1.8473000000085449,VSM.FilterTemporalVertical,329984,1
32,672.63344239999992,1.8473000000085449,VSM.ResetFeedback,0,1
33,672.64968749999991,2.0541000000093845,VSM.MarkReceiverPages,556032,1
33,672.64968749999991,2.0541000000093845,VSM.AllocationPrepare,9728,1
33,672.64968749999991,2.0541000000093845,VSM.AllocationCommit,600320,1
33,672.64968749999991,2.0541000000093845,VSM.Allocate,610304,1
33,672.64968749999991,2.0541000000093845,VSM.ClearPhysicalPages,493056,1
33,672.64968749999991,2.0541000000093845,VSM.PageOccupancy,75264,1
33,672.64968749999991,2.0541000000093845,VSM.FinalizePages,2048,1
33,672.64968749999991,2.0541000000093845,VSM.DynamicRaster,25344,1
33,672.64968749999991,2.0541000000093845,VSM.LayoutRemap,0,1
33,672.64968749999991,2.0541000000093845,VSM.InvalidateStatic,0,0
33,672.64968749999991,2.0541000000093845,VSM.InvalidateDynamic,1536,1
33,672.64968749999991,2.0541000000093845,VSM.StaticCasterCull,215296,1
33,672.64968749999991,2.0541000000093845,VSM.DynamicCasterCull,117504,1
33,672.64968749999991,2.0541000000093845,VSM.PageCull,294144,2
33,672.64968749999991,2.0541000000093845,VSM.StaticRasterClear,0,1
33,672.64968749999991,2.0541000000093845,VSM.StaticRasterDraw,7168,1
33,672.64968749999991,2.0541000000093845,VSM.DynamicRasterClear,512,1
33,672.64968749999991,2.0541000000093845,VSM.DynamicRasterDraw,24576,1
33,672.64968749999991,2.0541000000093845,VSM.StaticRaster,7168,1
33,672.64968749999991,2.0541000000093845,VSM.UnityCompatibilityRaster,0,0
33,672.64968749999991,2.0541000000093845,VSM.Resolve,5919488,1
33,672.64968749999991,2.0541000000093845,VSM.ResolveTrace,5691392,1
33,672.64968749999991,2.0541000000093845,VSM.FilterHorizontal,66304,1
33,672.64968749999991,2.0541000000093845,VSM.FilterVertical,0,0
33,672.64968749999991,2.0541000000093845,VSM.FilterTemporalVertical,160512,1
33,672.64968749999991,2.0541000000093845,VSM.ResetFeedback,0,1
34,672.6655502,2.2536000000172862,VSM.MarkReceiverPages,560384,1
34,672.6655502,2.2536000000172862,VSM.AllocationPrepare,9728,1
34,672.6655502,2.2536000000172862,VSM.AllocationCommit,606720,1
34,672.6655502,2.2536000000172862,VSM.Allocate,616448,1
34,672.6655502,2.2536000000172862,VSM.ClearPhysicalPages,437248,1
34,672.6655502,2.2536000000172862,VSM.PageOccupancy,74496,1
34,672.6655502,2.2536000000172862,VSM.FinalizePages,2048,1
34,672.6655502,2.2536000000172862,VSM.DynamicRaster,28672,1
34,672.6655502,2.2536000000172862,VSM.LayoutRemap,0,1
34,672.6655502,2.2536000000172862,VSM.InvalidateStatic,0,0
34,672.6655502,2.2536000000172862,VSM.InvalidateDynamic,1536,1
34,672.6655502,2.2536000000172862,VSM.StaticCasterCull,202240,1
34,672.6655502,2.2536000000172862,VSM.DynamicCasterCull,110592,1
34,672.6655502,2.2536000000172862,VSM.PageCull,277760,2
34,672.6655502,2.2536000000172862,VSM.StaticRasterClear,256,1
34,672.6655502,2.2536000000172862,VSM.StaticRasterDraw,6912,1
34,672.6655502,2.2536000000172862,VSM.DynamicRasterClear,2816,1
34,672.6655502,2.2536000000172862,VSM.DynamicRasterDraw,25600,1
34,672.6655502,2.2536000000172862,VSM.StaticRaster,7168,1
34,672.6655502,2.2536000000172862,VSM.UnityCompatibilityRaster,0,0
34,672.6655502,2.2536000000172862,VSM.Resolve,5880320,1
34,672.6655502,2.2536000000172862,VSM.ResolveTrace,5498112,1
34,672.6655502,2.2536000000172862,VSM.FilterHorizontal,221440,1
34,672.6655502,2.2536000000172862,VSM.FilterVertical,0,0
34,672.6655502,2.2536000000172862,VSM.FilterTemporalVertical,159488,1
34,672.6655502,2.2536000000172862,VSM.ResetFeedback,0,1
35,672.68114459999993,1.90579999991769,VSM.MarkReceiverPages,559872,1
35,672.68114459999993,1.90579999991769,VSM.AllocationPrepare,9472,1
35,672.68114459999993,1.90579999991769,VSM.AllocationCommit,602112,1
35,672.68114459999993,1.90579999991769,VSM.Allocate,856832,1
35,672.68114459999993,1.90579999991769,VSM.ClearPhysicalPages,266752,1
35,672.68114459999993,1.90579999991769,VSM.PageOccupancy,78848,1
35,672.68114459999993,1.90579999991769,VSM.FinalizePages,1536,1
35,672.68114459999993,1.90579999991769,VSM.DynamicRaster,26368,1
35,672.68114459999993,1.90579999991769,VSM.LayoutRemap,0,1
35,672.68114459999993,1.90579999991769,VSM.InvalidateStatic,0,0
35,672.68114459999993,1.90579999991769,VSM.InvalidateDynamic,1536,1
35,672.68114459999993,1.90579999991769,VSM.StaticCasterCull,210432,1
35,672.68114459999993,1.90579999991769,VSM.DynamicCasterCull,117504,1
35,672.68114459999993,1.90579999991769,VSM.PageCull,293376,2
35,672.68114459999993,1.90579999991769,VSM.StaticRasterClear,0,1
35,672.68114459999993,1.90579999991769,VSM.StaticRasterDraw,7424,1
35,672.68114459999993,1.90579999991769,VSM.DynamicRasterClear,256,1
35,672.68114459999993,1.90579999991769,VSM.DynamicRasterDraw,26112,1
35,672.68114459999993,1.90579999991769,VSM.StaticRaster,7424,1
35,672.68114459999993,1.90579999991769,VSM.UnityCompatibilityRaster,0,0
35,672.68114459999993,1.90579999991769,VSM.Resolve,6954496,1
35,672.68114459999993,1.90579999991769,VSM.ResolveTrace,6726656,1
35,672.68114459999993,1.90579999991769,VSM.FilterHorizontal,67328,1
35,672.68114459999993,1.90579999991769,VSM.FilterVertical,0,0
35,672.68114459999993,1.90579999991769,VSM.FilterTemporalVertical,159488,1
35,672.68114459999993,1.90579999991769,VSM.ResetFeedback,0,1
36,672.6965057,2.1373000000721731,VSM.MarkReceiverPages,559872,1
36,672.6965057,2.1373000000721731,VSM.AllocationPrepare,9728,1
36,672.6965057,2.1373000000721731,VSM.AllocationCommit,600832,1
36,672.6965057,2.1373000000721731,VSM.Allocate,877568,1
36,672.6965057,2.1373000000721731,VSM.ClearPhysicalPages,267008,1
36,672.6965057,2.1373000000721731,VSM.PageOccupancy,75264,1
36,672.6965057,2.1373000000721731,VSM.FinalizePages,1792,1
36,672.6965057,2.1373000000721731,VSM.DynamicRaster,25088,1
36,672.6965057,2.1373000000721731,VSM.LayoutRemap,0,1
36,672.6965057,2.1373000000721731,VSM.InvalidateStatic,0,0
36,672.6965057,2.1373000000721731,VSM.InvalidateDynamic,1536,1
36,672.6965057,2.1373000000721731,VSM.StaticCasterCull,228096,1
36,672.6965057,2.1373000000721731,VSM.DynamicCasterCull,113152,1
36,672.6965057,2.1373000000721731,VSM.PageCull,307200,2
36,672.6965057,2.1373000000721731,VSM.StaticRasterClear,256,1
36,672.6965057,2.1373000000721731,VSM.StaticRasterDraw,6912,1
36,672.6965057,2.1373000000721731,VSM.DynamicRasterClear,256,1
36,672.6965057,2.1373000000721731,VSM.DynamicRasterDraw,24832,1
36,672.6965057,2.1373000000721731,VSM.StaticRaster,7168,1
36,672.6965057,2.1373000000721731,VSM.UnityCompatibilityRaster,0,0
36,672.6965057,2.1373000000721731,VSM.Resolve,6209792,1
36,672.6965057,2.1373000000721731,VSM.ResolveTrace,5798400,1
36,672.6965057,2.1373000000721731,VSM.FilterHorizontal,66560,1
36,672.6965057,2.1373000000721731,VSM.FilterVertical,0,0
36,672.6965057,2.1373000000721731,VSM.FilterTemporalVertical,343808,1
36,672.6965057,2.1373000000721731,VSM.ResetFeedback,0,1
37,672.7128114,1.9359000000349624,VSM.MarkReceiverPages,558848,1
37,672.7128114,1.9359000000349624,VSM.AllocationPrepare,9472,1
37,672.7128114,1.9359000000349624,VSM.AllocationCommit,600832,1
37,672.7128114,1.9359000000349624,VSM.Allocate,863232,1
37,672.7128114,1.9359000000349624,VSM.ClearPhysicalPages,265984,1
37,672.7128114,1.9359000000349624,VSM.PageOccupancy,75776,1
37,672.7128114,1.9359000000349624,VSM.FinalizePages,1792,1
37,672.7128114,1.9359000000349624,VSM.DynamicRaster,25856,1
37,672.7128114,1.9359000000349624,VSM.LayoutRemap,0,1
37,672.7128114,1.9359000000349624,VSM.InvalidateStatic,0,0
37,672.7128114,1.9359000000349624,VSM.InvalidateDynamic,1792,1
37,672.7128114,1.9359000000349624,VSM.StaticCasterCull,212480,1
37,672.7128114,1.9359000000349624,VSM.DynamicCasterCull,119552,1
37,672.7128114,1.9359000000349624,VSM.PageCull,298496,2
37,672.7128114,1.9359000000349624,VSM.StaticRasterClear,0,1
37,672.7128114,1.9359000000349624,VSM.StaticRasterDraw,7168,1
37,672.7128114,1.9359000000349624,VSM.DynamicRasterClear,1280,1
37,672.7128114,1.9359000000349624,VSM.DynamicRasterDraw,24576,1
37,672.7128114,1.9359000000349624,VSM.StaticRaster,7168,1
37,672.7128114,1.9359000000349624,VSM.UnityCompatibilityRaster,0,0
37,672.7128114,1.9359000000349624,VSM.Resolve,6328576,1
37,672.7128114,1.9359000000349624,VSM.ResolveTrace,6099200,1
37,672.7128114,1.9359000000349624,VSM.FilterHorizontal,67584,1
37,672.7128114,1.9359000000349624,VSM.FilterVertical,0,0
37,672.7128114,1.9359000000349624,VSM.FilterTemporalVertical,161024,1
37,672.7128114,1.9359000000349624,VSM.ResetFeedback,0,1
38,672.7277701999999,1.8172999999706008,VSM.MarkReceiverPages,558336,1
38,672.7277701999999,1.8172999999706008,VSM.AllocationPrepare,9728,1
38,672.7277701999999,1.8172999999706008,VSM.AllocationCommit,601088,1
38,672.7277701999999,1.8172999999706008,VSM.Allocate,610816,1
38,672.7277701999999,1.8172999999706008,VSM.ClearPhysicalPages,521216,1
38,672.7277701999999,1.8172999999706008,VSM.PageOccupancy,74496,1
38,672.7277701999999,1.8172999999706008,VSM.FinalizePages,1792,1
38,672.7277701999999,1.8172999999706008,VSM.DynamicRaster,25856,1
38,672.7277701999999,1.8172999999706008,VSM.LayoutRemap,0,1
38,672.7277701999999,1.8172999999706008,VSM.InvalidateStatic,0,0
38,672.7277701999999,1.8172999999706008,VSM.InvalidateDynamic,1536,1
38,672.7277701999999,1.8172999999706008,VSM.StaticCasterCull,212480,1
38,672.7277701999999,1.8172999999706008,VSM.DynamicCasterCull,116992,1
38,672.7277701999999,1.8172999999706008,VSM.PageCull,289792,2
38,672.7277701999999,1.8172999999706008,VSM.StaticRasterClear,256,1
38,672.7277701999999,1.8172999999706008,VSM.StaticRasterDraw,6912,1
38,672.7277701999999,1.8172999999706008,VSM.DynamicRasterClear,768,1
38,672.7277701999999,1.8172999999706008,VSM.DynamicRasterDraw,25088,1
38,672.7277701999999,1.8172999999706008,VSM.StaticRaster,7168,1
38,672.7277701999999,1.8172999999706008,VSM.UnityCompatibilityRaster,0,0
38,672.7277701999999,1.8172999999706008,VSM.Resolve,6002432,1
38,672.7277701999999,1.8172999999706008,VSM.ResolveTrace,5773824,1
38,672.7277701999999,1.8172999999706008,VSM.FilterHorizontal,65792,1
38,672.7277701999999,1.8172999999706008,VSM.FilterVertical,0,0
38,672.7277701999999,1.8172999999706008,VSM.FilterTemporalVertical,161536,1
38,672.7277701999999,1.8172999999706008,VSM.ResetFeedback,0,1
39,672.7427825,2.3421000000780623,VSM.MarkReceiverPages,559360,1
39,672.7427825,2.3421000000780623,VSM.AllocationPrepare,9728,1
39,672.7427825,2.3421000000780623,VSM.AllocationCommit,606720,1
39,672.7427825,2.3421000000780623,VSM.Allocate,770560,1
39,672.7427825,2.3421000000780623,VSM.ClearPhysicalPages,268544,1
39,672.7427825,2.3421000000780623,VSM.PageOccupancy,78848,1
39,672.7427825,2.3421000000780623,VSM.FinalizePages,1792,1
39,672.7427825,2.3421000000780623,VSM.DynamicRaster,25856,1
39,672.7427825,2.3421000000780623,VSM.LayoutRemap,0,1
39,672.7427825,2.3421000000780623,VSM.InvalidateStatic,0,0
39,672.7427825,2.3421000000780623,VSM.InvalidateDynamic,1792,1
39,672.7427825,2.3421000000780623,VSM.StaticCasterCull,211200,1
39,672.7427825,2.3421000000780623,VSM.DynamicCasterCull,115712,1
39,672.7427825,2.3421000000780623,VSM.PageCull,292608,2
39,672.7427825,2.3421000000780623,VSM.StaticRasterClear,0,1
39,672.7427825,2.3421000000780623,VSM.StaticRasterDraw,6912,1
39,672.7427825,2.3421000000780623,VSM.DynamicRasterClear,256,1
39,672.7427825,2.3421000000780623,VSM.DynamicRasterDraw,25600,1
39,672.7427825,2.3421000000780623,VSM.StaticRaster,7168,1
39,672.7427825,2.3421000000780623,VSM.UnityCompatibilityRaster,0,0
39,672.7427825,2.3421000000780623,VSM.Resolve,6369792,1
39,672.7427825,2.3421000000780623,VSM.ResolveTrace,5952512,1
39,672.7427825,2.3421000000780623,VSM.FilterHorizontal,66048,1
39,672.7427825,2.3421000000780623,VSM.FilterVertical,0,0
39,672.7427825,2.3421000000780623,VSM.FilterTemporalVertical,349952,1
39,672.7427825,2.3421000000780623,VSM.ResetFeedback,0,1
40,672.7576982999999,1.9726999998965766,VSM.MarkReceiverPages,558336,1
40,672.7576982999999,1.9726999998965766,VSM.AllocationPrepare,9728,1
40,672.7576982999999,1.9726999998965766,VSM.AllocationCommit,605952,1
40,672.7576982999999,1.9726999998965766,VSM.Allocate,615680,1
40,672.7576982999999,1.9726999998965766,VSM.ClearPhysicalPages,267520,1
40,672.7576982999999,1.9726999998965766,VSM.PageOccupancy,75776,1
40,672.7576982999999,1.9726999998965766,VSM.FinalizePages,1792,1
40,672.7576982999999,1.9726999998965766,VSM.DynamicRaster,25600,1
40,672.7576982999999,1.9726999998965766,VSM.LayoutRemap,0,1
40,672.7576982999999,1.9726999998965766,VSM.InvalidateStatic,0,0
40,672.7576982999999,1.9726999998965766,VSM.InvalidateDynamic,1536,1
40,672.7576982999999,1.9726999998965766,VSM.StaticCasterCull,201216,1
40,672.7576982999999,1.9726999998965766,VSM.DynamicCasterCull,114432,1
40,672.7576982999999,1.9726999998965766,VSM.PageCull,281344,2
40,672.7576982999999,1.9726999998965766,VSM.StaticRasterClear,0,1
40,672.7576982999999,1.9726999998965766,VSM.StaticRasterDraw,3072,1
40,672.7576982999999,1.9726999998965766,VSM.DynamicRasterClear,512,1
40,672.7576982999999,1.9726999998965766,VSM.DynamicRasterDraw,25088,1
40,672.7576982999999,1.9726999998965766,VSM.StaticRaster,3328,1
40,672.7576982999999,1.9726999998965766,VSM.UnityCompatibilityRaster,0,0
40,672.7576982999999,1.9726999998965766,VSM.Resolve,6101760,1
40,672.7576982999999,1.9726999998965766,VSM.ResolveTrace,5876224,1
40,672.7576982999999,1.9726999998965766,VSM.FilterHorizontal,65536,1
40,672.7576982999999,1.9726999998965766,VSM.FilterVertical,0,0
40,672.7576982999999,1.9726999998965766,VSM.FilterTemporalVertical,158976,1
40,672.7576982999999,1.9726999998965766,VSM.ResetFeedback,0,1
41,672.7732964999999,1.8585999999913838,VSM.MarkReceiverPages,558080,1
41,672.7732964999999,1.8585999999913838,VSM.AllocationPrepare,9472,1
41,672.7732964999999,1.8585999999913838,VSM.AllocationCommit,600832,1
41,672.7732964999999,1.8585999999913838,VSM.Allocate,610304,1
41,672.7732964999999,1.8585999999913838,VSM.ClearPhysicalPages,267008,1
41,672.7732964999999,1.8585999999913838,VSM.PageOccupancy,72448,1
41,672.7732964999999,1.8585999999913838,VSM.FinalizePages,2048,1
41,672.7732964999999,1.8585999999913838,VSM.DynamicRaster,26368,1
41,672.7732964999999,1.8585999999913838,VSM.LayoutRemap,0,1
41,672.7732964999999,1.8585999999913838,VSM.InvalidateStatic,0,0
41,672.7732964999999,1.8585999999913838,VSM.InvalidateDynamic,1280,1
41,672.7732964999999,1.8585999999913838,VSM.StaticCasterCull,219904,1
41,672.7732964999999,1.8585999999913838,VSM.DynamicCasterCull,118272,1
41,672.7732964999999,1.8585999999913838,VSM.PageCull,304128,2
41,672.7732964999999,1.8585999999913838,VSM.StaticRasterClear,0,1
41,672.7732964999999,1.8585999999913838,VSM.StaticRasterDraw,7168,1
41,672.7732964999999,1.8585999999913838,VSM.DynamicRasterClear,1024,1
41,672.7732964999999,1.8585999999913838,VSM.DynamicRasterDraw,25344,1
41,672.7732964999999,1.8585999999913838,VSM.StaticRaster,7168,1
41,672.7732964999999,1.8585999999913838,VSM.UnityCompatibilityRaster,0,0
41,672.7732964999999,1.8585999999913838,VSM.Resolve,5850624,1
41,672.7732964999999,1.8585999999913838,VSM.ResolveTrace,5623296,1
41,672.7732964999999,1.8585999999913838,VSM.FilterHorizontal,65792,1
41,672.7732964999999,1.8585999999913838,VSM.FilterVertical,0,0
41,672.7732964999999,1.8585999999913838,VSM.FilterTemporalVertical,160256,1
41,672.7732964999999,1.8585999999913838,VSM.ResetFeedback,0,1
42,672.7878727,2.3052999999890744,VSM.MarkReceiverPages,557824,1
42,672.7878727,2.3052999999890744,VSM.AllocationPrepare,9472,1
42,672.7878727,2.3052999999890744,VSM.AllocationCommit,601088,1
42,672.7878727,2.3052999999890744,VSM.Allocate,872704,1
42,672.7878727,2.3052999999890744,VSM.ClearPhysicalPages,266240,1
42,672.7878727,2.3052999999890744,VSM.PageOccupancy,74240,1
42,672.7878727,2.3052999999890744,VSM.FinalizePages,1792,1
42,672.7878727,2.3052999999890744,VSM.DynamicRaster,25600,1
42,672.7878727,2.3052999999890744,VSM.LayoutRemap,0,1
42,672.7878727,2.3052999999890744,VSM.InvalidateStatic,0,0
42,672.7878727,2.3052999999890744,VSM.InvalidateDynamic,1536,1
42,672.7878727,2.3052999999890744,VSM.StaticCasterCull,204032,1
42,672.7878727,2.3052999999890744,VSM.DynamicCasterCull,115200,1
42,672.7878727,2.3052999999890744,VSM.PageCull,284672,2
42,672.7878727,2.3052999999890744,VSM.StaticRasterClear,0,1
42,672.7878727,2.3052999999890744,VSM.StaticRasterDraw,7168,1
42,672.7878727,2.3052999999890744,VSM.DynamicRasterClear,0,1
42,672.7878727,2.3052999999890744,VSM.DynamicRasterDraw,25600,1
42,672.7878727,2.3052999999890744,VSM.StaticRaster,7424,1
42,672.7878727,2.3052999999890744,VSM.UnityCompatibilityRaster,0,0
42,672.7878727,2.3052999999890744,VSM.Resolve,6269952,1
42,672.7878727,2.3052999999890744,VSM.ResolveTrace,5760000,1
42,672.7878727,2.3052999999890744,VSM.FilterHorizontal,66048,1
42,672.7878727,2.3052999999890744,VSM.FilterVertical,0,0
42,672.7878727,2.3052999999890744,VSM.FilterTemporalVertical,443136,1
42,672.7878727,2.3052999999890744,VSM.ResetFeedback,0,1
43,672.8029015,2.0071000000143613,VSM.MarkReceiverPages,560128,1
43,672.8029015,2.0071000000143613,VSM.AllocationPrepare,9728,1
43,672.8029015,2.0071000000143613,VSM.AllocationCommit,606976,1
43,672.8029015,2.0071000000143613,VSM.Allocate,781824,1
43,672.8029015,2.0071000000143613,VSM.ClearPhysicalPages,269568,1
43,672.8029015,2.0071000000143613,VSM.PageOccupancy,74752,1
43,672.8029015,2.0071000000143613,VSM.FinalizePages,1792,1
43,672.8029015,2.0071000000143613,VSM.DynamicRaster,27648,1
43,672.8029015,2.0071000000143613,VSM.LayoutRemap,0,1
43,672.8029015,2.0071000000143613,VSM.InvalidateStatic,0,0
43,672.8029015,2.0071000000143613,VSM.InvalidateDynamic,1536,1
43,672.8029015,2.0071000000143613,VSM.StaticCasterCull,220672,1
43,672.8029015,2.0071000000143613,VSM.DynamicCasterCull,120320,1
43,672.8029015,2.0071000000143613,VSM.PageCull,307968,2
43,672.8029015,2.0071000000143613,VSM.StaticRasterClear,0,1
43,672.8029015,2.0071000000143613,VSM.StaticRasterDraw,7168,1
43,672.8029015,2.0071000000143613,VSM.DynamicRasterClear,1536,1
43,672.8029015,2.0071000000143613,VSM.DynamicRasterDraw,25856,1
43,672.8029015,2.0071000000143613,VSM.StaticRaster,7424,1
43,672.8029015,2.0071000000143613,VSM.UnityCompatibilityRaster,0,0
43,672.8029015,2.0071000000143613,VSM.Resolve,6124800,1
43,672.8029015,2.0071000000143613,VSM.ResolveTrace,5895424,1
43,672.8029015,2.0071000000143613,VSM.FilterHorizontal,66304,1
43,672.8029015,2.0071000000143613,VSM.FilterVertical,0,0
43,672.8029015,2.0071000000143613,VSM.FilterTemporalVertical,162048,1
43,672.8029015,2.0071000000143613,VSM.ResetFeedback,0,1
44,672.81860929999993,2.00089999998454,VSM.MarkReceiverPages,560128,1
44,672.81860929999993,2.00089999998454,VSM.AllocationPrepare,9472,1
44,672.81860929999993,2.00089999998454,VSM.AllocationCommit,605952,1
44,672.81860929999993,2.00089999998454,VSM.Allocate,615936,1
44,672.81860929999993,2.00089999998454,VSM.ClearPhysicalPages,267008,1
44,672.81860929999993,2.00089999998454,VSM.PageOccupancy,73728,1
44,672.81860929999993,2.00089999998454,VSM.FinalizePages,2048,1
44,672.81860929999993,2.00089999998454,VSM.DynamicRaster,24320,1
44,672.81860929999993,2.00089999998454,VSM.LayoutRemap,0,1
44,672.81860929999993,2.00089999998454,VSM.InvalidateStatic,0,0
44,672.81860929999993,2.00089999998454,VSM.InvalidateDynamic,1536,1
44,672.81860929999993,2.00089999998454,VSM.StaticCasterCull,208384,1
44,672.81860929999993,2.00089999998454,VSM.DynamicCasterCull,119040,1
44,672.81860929999993,2.00089999998454,VSM.PageCull,293376,2
44,672.81860929999993,2.00089999998454,VSM.StaticRasterClear,256,1
44,672.81860929999993,2.00089999998454,VSM.StaticRasterDraw,9472,1
44,672.81860929999993,2.00089999998454,VSM.DynamicRasterClear,0,1
44,672.81860929999993,2.00089999998454,VSM.DynamicRasterDraw,24064,1
44,672.81860929999993,2.00089999998454,VSM.StaticRaster,9728,1
44,672.81860929999993,2.00089999998454,VSM.UnityCompatibilityRaster,0,0
44,672.81860929999993,2.00089999998454,VSM.Resolve,5593344,1
44,672.81860929999993,2.00089999998454,VSM.ResolveTrace,5367552,1
44,672.81860929999993,2.00089999998454,VSM.FilterHorizontal,65024,1
44,672.81860929999993,2.00089999998454,VSM.FilterVertical,0,0
44,672.81860929999993,2.00089999998454,VSM.FilterTemporalVertical,159744,1
44,672.81860929999993,2.00089999998454,VSM.ResetFeedback,0,1
45,672.8340496,2.0230999999739652,VSM.MarkReceiverPages,560128,1
45,672.8340496,2.0230999999739652,VSM.AllocationPrepare,9472,1
45,672.8340496,2.0230999999739652,VSM.AllocationCommit,601344,1
45,672.8340496,2.0230999999739652,VSM.Allocate,892672,1
45,672.8340496,2.0230999999739652,VSM.ClearPhysicalPages,266496,1
45,672.8340496,2.0230999999739652,VSM.PageOccupancy,77312,1
45,672.8340496,2.0230999999739652,VSM.FinalizePages,1792,1
45,672.8340496,2.0230999999739652,VSM.DynamicRaster,24832,1
45,672.8340496,2.0230999999739652,VSM.LayoutRemap,0,1
45,672.8340496,2.0230999999739652,VSM.InvalidateStatic,0,0
45,672.8340496,2.0230999999739652,VSM.InvalidateDynamic,2048,1
45,672.8340496,2.0230999999739652,VSM.StaticCasterCull,211200,1
45,672.8340496,2.0230999999739652,VSM.DynamicCasterCull,122368,1
45,672.8340496,2.0230999999739652,VSM.PageCull,299264,2
45,672.8340496,2.0230999999739652,VSM.StaticRasterClear,0,1
45,672.8340496,2.0230999999739652,VSM.StaticRasterDraw,6912,1
45,672.8340496,2.0230999999739652,VSM.DynamicRasterClear,256,1
45,672.8340496,2.0230999999739652,VSM.DynamicRasterDraw,24576,1
45,672.8340496,2.0230999999739652,VSM.StaticRaster,7168,1
45,672.8340496,2.0230999999739652,VSM.UnityCompatibilityRaster,0,0
45,672.8340496,2.0230999999739652,VSM.Resolve,6019584,1
45,672.8340496,2.0230999999739652,VSM.ResolveTrace,5792512,1
45,672.8340496,2.0230999999739652,VSM.FilterHorizontal,66304,1
45,672.8340496,2.0230999999739652,VSM.FilterVertical,0,0
45,672.8340496,2.0230999999739652,VSM.FilterTemporalVertical,159232,1
45,672.8340496,2.0230999999739652,VSM.ResetFeedback,0,1
46,672.8501203,1.9988999999895896,VSM.MarkReceiverPages,559104,1
46,672.8501203,1.9988999999895896,VSM.AllocationPrepare,9472,1
46,672.8501203,1.9988999999895896,VSM.AllocationCommit,600832,1
46,672.8501203,1.9988999999895896,VSM.Allocate,610816,1
46,672.8501203,1.9988999999895896,VSM.ClearPhysicalPages,531968,1
46,672.8501203,1.9988999999895896,VSM.PageOccupancy,74240,1
46,672.8501203,1.9988999999895896,VSM.FinalizePages,1792,1
46,672.8501203,1.9988999999895896,VSM.DynamicRaster,26112,1
46,672.8501203,1.9988999999895896,VSM.LayoutRemap,0,1
46,672.8501203,1.9988999999895896,VSM.InvalidateStatic,0,0
46,672.8501203,1.9988999999895896,VSM.InvalidateDynamic,1280,1
46,672.8501203,1.9988999999895896,VSM.StaticCasterCull,205824,1
46,672.8501203,1.9988999999895896,VSM.DynamicCasterCull,117504,1
46,672.8501203,1.9988999999895896,VSM.PageCull,283648,2
46,672.8501203,1.9988999999895896,VSM.StaticRasterClear,0,1
46,672.8501203,1.9988999999895896,VSM.StaticRasterDraw,7168,1
46,672.8501203,1.9988999999895896,VSM.DynamicRasterClear,768,1
46,672.8501203,1.9988999999895896,VSM.DynamicRasterDraw,25344,1
46,672.8501203,1.9988999999895896,VSM.StaticRaster,7424,1
46,672.8501203,1.9988999999895896,VSM.UnityCompatibilityRaster,0,0
46,672.8501203,1.9988999999895896,VSM.Resolve,6221312,1
46,672.8501203,1.9988999999895896,VSM.ResolveTrace,5989888,1
46,672.8501203,1.9988999999895896,VSM.FilterHorizontal,68096,1
46,672.8501203,1.9988999999895896,VSM.FilterVertical,0,0
46,672.8501203,1.9988999999895896,VSM.FilterTemporalVertical,162048,1
46,672.8501203,1.9988999999895896,VSM.ResetFeedback,0,1
47,672.86581549999994,2.188199999977769,VSM.MarkReceiverPages,560640,1
47,672.86581549999994,2.188199999977769,VSM.AllocationPrepare,9728,1
47,672.86581549999994,2.188199999977769,VSM.AllocationCommit,607488,1
47,672.86581549999994,2.188199999977769,VSM.Allocate,617216,1
47,672.86581549999994,2.188199999977769,VSM.ClearPhysicalPages,437760,1
47,672.86581549999994,2.188199999977769,VSM.PageOccupancy,76800,1
47,672.86581549999994,2.188199999977769,VSM.FinalizePages,2048,1
47,672.86581549999994,2.188199999977769,VSM.DynamicRaster,28160,1
47,672.86581549999994,2.188199999977769,VSM.LayoutRemap,0,1
47,672.86581549999994,2.188199999977769,VSM.InvalidateStatic,0,0
47,672.86581549999994,2.188199999977769,VSM.InvalidateDynamic,1536,1
47,672.86581549999994,2.188199999977769,VSM.StaticCasterCull,213760,1
47,672.86581549999994,2.188199999977769,VSM.DynamicCasterCull,125696,1
47,672.86581549999994,2.188199999977769,VSM.PageCull,301824,2
47,672.86581549999994,2.188199999977769,VSM.StaticRasterClear,0,1
47,672.86581549999994,2.188199999977769,VSM.StaticRasterDraw,9728,1
47,672.86581549999994,2.188199999977769,VSM.DynamicRasterClear,3072,1
47,672.86581549999994,2.188199999977769,VSM.DynamicRasterDraw,25088,1
47,672.86581549999994,2.188199999977769,VSM.StaticRaster,9984,1
47,672.86581549999994,2.188199999977769,VSM.UnityCompatibilityRaster,0,0
47,672.86581549999994,2.188199999977769,VSM.Resolve,6188800,1
47,672.86581549999994,2.188199999977769,VSM.ResolveTrace,5960960,1
47,672.86581549999994,2.188199999977769,VSM.FilterHorizontal,66304,1
47,672.86581549999994,2.188199999977769,VSM.FilterVertical,0,0
47,672.86581549999994,2.188199999977769,VSM.FilterTemporalVertical,160512,1
47,672.86581549999994,2.188199999977769,VSM.ResetFeedback,0,1
48,672.8810115,2.2417000000132248,VSM.MarkReceiverPages,558848,1
48,672.8810115,2.2417000000132248,VSM.AllocationPrepare,9728,1
48,672.8810115,2.2417000000132248,VSM.AllocationCommit,600576,1
48,672.8810115,2.2417000000132248,VSM.Allocate,610560,1
48,672.8810115,2.2417000000132248,VSM.ClearPhysicalPages,266496,1
48,672.8810115,2.2417000000132248,VSM.PageOccupancy,70912,1
48,672.8810115,2.2417000000132248,VSM.FinalizePages,1792,1
48,672.8810115,2.2417000000132248,VSM.DynamicRaster,26624,1
48,672.8810115,2.2417000000132248,VSM.LayoutRemap,0,1
48,672.8810115,2.2417000000132248,VSM.InvalidateStatic,0,0
48,672.8810115,2.2417000000132248,VSM.InvalidateDynamic,1536,1
48,672.8810115,2.2417000000132248,VSM.StaticCasterCull,208896,1
48,672.8810115,2.2417000000132248,VSM.DynamicCasterCull,119040,1
48,672.8810115,2.2417000000132248,VSM.PageCull,294400,2
48,672.8810115,2.2417000000132248,VSM.StaticRasterClear,0,1
48,672.8810115,2.2417000000132248,VSM.StaticRasterDraw,6912,1
48,672.8810115,2.2417000000132248,VSM.DynamicRasterClear,1280,1
48,672.8810115,2.2417000000132248,VSM.DynamicRasterDraw,25088,1
48,672.8810115,2.2417000000132248,VSM.StaticRaster,7168,1
48,672.8810115,2.2417000000132248,VSM.UnityCompatibilityRaster,0,0
48,672.8810115,2.2417000000132248,VSM.Resolve,6327808,1
48,672.8810115,2.2417000000132248,VSM.ResolveTrace,6099200,1
48,672.8810115,2.2417000000132248,VSM.FilterHorizontal,66816,1
48,672.8810115,2.2417000000132248,VSM.FilterVertical,0,0
48,672.8810115,2.2417000000132248,VSM.FilterTemporalVertical,160768,1
48,672.8810115,2.2417000000132248,VSM.ResetFeedback,0,1
49,672.8953243,2.0034000000350716,VSM.MarkReceiverPages,557056,1
49,672.8953243,2.0034000000350716,VSM.AllocationPrepare,9472,1
49,672.8953243,2.0034000000350716,VSM.AllocationCommit,600832,1
49,672.8953243,2.0034000000350716,VSM.Allocate,782336,1
49,672.8953243,2.0034000000350716,VSM.ClearPhysicalPages,267520,1
49,672.8953243,2.0034000000350716,VSM.PageOccupancy,74752,1
49,672.8953243,2.0034000000350716,VSM.FinalizePages,1792,1
49,672.8953243,2.0034000000350716,VSM.DynamicRaster,28928,1
49,672.8953243,2.0034000000350716,VSM.LayoutRemap,0,1
49,672.8953243,2.0034000000350716,VSM.InvalidateStatic,0,0
49,672.8953243,2.0034000000350716,VSM.InvalidateDynamic,1536,1
49,672.8953243,2.0034000000350716,VSM.StaticCasterCull,199424,1
49,672.8953243,2.0034000000350716,VSM.DynamicCasterCull,114688,1
49,672.8953243,2.0034000000350716,VSM.PageCull,279808,2
49,672.8953243,2.0034000000350716,VSM.StaticRasterClear,0,1
49,672.8953243,2.0034000000350716,VSM.StaticRasterDraw,9984,1
49,672.8953243,2.0034000000350716,VSM.DynamicRasterClear,4352,1
49,672.8953243,2.0034000000350716,VSM.DynamicRasterDraw,24320,1
49,672.8953243,2.0034000000350716,VSM.StaticRaster,10240,1
49,672.8953243,2.0034000000350716,VSM.UnityCompatibilityRaster,0,0
49,672.8953243,2.0034000000350716,VSM.Resolve,6210048,1
49,672.8953243,2.0034000000350716,VSM.ResolveTrace,5800192,1
49,672.8953243,2.0034000000350716,VSM.FilterHorizontal,66304,1
49,672.8953243,2.0034000000350716,VSM.FilterVertical,0,0
49,672.8953243,2.0034000000350716,VSM.FilterTemporalVertical,342528,1
49,672.8953243,2.0034000000350716,VSM.ResetFeedback,0,1
50,672.9110025,2.0509000000856759,VSM.MarkReceiverPages,557312,1
50,672.9110025,2.0509000000856759,VSM.AllocationPrepare,9472,1
50,672.9110025,2.0509000000856759,VSM.AllocationCommit,601088,1
50,672.9110025,2.0509000000856759,VSM.Allocate,871424,1
50,672.9110025,2.0509000000856759,VSM.ClearPhysicalPages,266752,1
50,672.9110025,2.0509000000856759,VSM.PageOccupancy,72960,1
50,672.9110025,2.0509000000856759,VSM.FinalizePages,1792,1
50,672.9110025,2.0509000000856759,VSM.DynamicRaster,25088,1
50,672.9110025,2.0509000000856759,VSM.LayoutRemap,0,1
50,672.9110025,2.0509000000856759,VSM.InvalidateStatic,0,0
50,672.9110025,2.0509000000856759,VSM.InvalidateDynamic,1792,1
50,672.9110025,2.0509000000856759,VSM.StaticCasterCull,213248,1
50,672.9110025,2.0509000000856759,VSM.DynamicCasterCull,119808,1
50,672.9110025,2.0509000000856759,VSM.PageCull,299008,2
50,672.9110025,2.0509000000856759,VSM.StaticRasterClear,0,1
50,672.9110025,2.0509000000856759,VSM.StaticRasterDraw,8960,1
50,672.9110025,2.0509000000856759,VSM.DynamicRasterClear,512,1
50,672.9110025,2.0509000000856759,VSM.DynamicRasterDraw,24576,1
50,672.9110025,2.0509000000856759,VSM.StaticRaster,9216,1
50,672.9110025,2.0509000000856759,VSM.UnityCompatibilityRaster,0,0
50,672.9110025,2.0509000000856759,VSM.Resolve,6181632,1
50,672.9110025,2.0509000000856759,VSM.ResolveTrace,5951744,1
50,672.9110025,2.0509000000856759,VSM.FilterHorizontal,67584,1
50,672.9110025,2.0509000000856759,VSM.FilterVertical,0,0
50,672.9110025,2.0509000000856759,VSM.FilterTemporalVertical,161024,1
50,672.9110025,2.0509000000856759,VSM.ResetFeedback,0,1
51,672.9260723,1.9836999999824911,VSM.MarkReceiverPages,557056,1
51,672.9260723,1.9836999999824911,VSM.AllocationPrepare,9728,1
51,672.9260723,1.9836999999824911,VSM.AllocationCommit,601344,1
51,672.9260723,1.9836999999824911,VSM.Allocate,611072,1
51,672.9260723,1.9836999999824911,VSM.ClearPhysicalPages,266496,1
51,672.9260723,1.9836999999824911,VSM.PageOccupancy,73216,1
51,672.9260723,1.9836999999824911,VSM.FinalizePages,1792,1
51,672.9260723,1.9836999999824911,VSM.DynamicRaster,25088,1
51,672.9260723,1.9836999999824911,VSM.LayoutRemap,0,1
51,672.9260723,1.9836999999824911,VSM.InvalidateStatic,0,0
51,672.9260723,1.9836999999824911,VSM.InvalidateDynamic,1536,1
51,672.9260723,1.9836999999824911,VSM.StaticCasterCull,203776,1
51,672.9260723,1.9836999999824911,VSM.DynamicCasterCull,115712,1
51,672.9260723,1.9836999999824911,VSM.PageCull,285440,2
51,672.9260723,1.9836999999824911,VSM.StaticRasterClear,256,1
51,672.9260723,1.9836999999824911,VSM.StaticRasterDraw,7424,1
51,672.9260723,1.9836999999824911,VSM.DynamicRasterClear,0,1
51,672.9260723,1.9836999999824911,VSM.DynamicRasterDraw,24832,1
51,672.9260723,1.9836999999824911,VSM.StaticRaster,7680,1
51,672.9260723,1.9836999999824911,VSM.UnityCompatibilityRaster,0,0
51,672.9260723,1.9836999999824911,VSM.Resolve,6047744,1
51,672.9260723,1.9836999999824911,VSM.ResolveTrace,5583872,1
51,672.9260723,1.9836999999824911,VSM.FilterHorizontal,304384,1
51,672.9260723,1.9836999999824911,VSM.FilterVertical,0,0
51,672.9260723,1.9836999999824911,VSM.FilterTemporalVertical,158464,1
51,672.9260723,1.9836999999824911,VSM.ResetFeedback,0,1
52,672.9411194999999,2.0232999999052481,VSM.MarkReceiverPages,559104,1
52,672.9411194999999,2.0232999999052481,VSM.AllocationPrepare,9472,1
52,672.9411194999999,2.0232999999052481,VSM.AllocationCommit,606720,1
52,672.9411194999999,2.0232999999052481,VSM.Allocate,786176,1
52,672.9411194999999,2.0232999999052481,VSM.ClearPhysicalPages,269568,1
52,672.9411194999999,2.0232999999052481,VSM.PageOccupancy,72960,1
52,672.9411194999999,2.0232999999052481,VSM.FinalizePages,1792,1
52,672.9411194999999,2.0232999999052481,VSM.DynamicRaster,26880,1
52,672.9411194999999,2.0232999999052481,VSM.LayoutRemap,0,1
52,672.9411194999999,2.0232999999052481,VSM.InvalidateStatic,0,0
52,672.9411194999999,2.0232999999052481,VSM.InvalidateDynamic,1536,1
52,672.9411194999999,2.0232999999052481,VSM.StaticCasterCull,207872,1
52,672.9411194999999,2.0232999999052481,VSM.DynamicCasterCull,121856,1
52,672.9411194999999,2.0232999999052481,VSM.PageCull,295680,2
52,672.9411194999999,2.0232999999052481,VSM.StaticRasterClear,256,1
52,672.9411194999999,2.0232999999052481,VSM.StaticRasterDraw,3072,1
52,672.9411194999999,2.0232999999052481,VSM.DynamicRasterClear,1280,1
52,672.9411194999999,2.0232999999052481,VSM.DynamicRasterDraw,25344,1
52,672.9411194999999,2.0232999999052481,VSM.StaticRaster,3328,1
52,672.9411194999999,2.0232999999052481,VSM.UnityCompatibilityRaster,0,0
52,672.9411194999999,2.0232999999052481,VSM.Resolve,6123264,1
52,672.9411194999999,2.0232999999052481,VSM.ResolveTrace,5894912,1
52,672.9411194999999,2.0232999999052481,VSM.FilterHorizontal,66048,1
52,672.9411194999999,2.0232999999052481,VSM.FilterVertical,0,0
52,672.9411194999999,2.0232999999052481,VSM.FilterTemporalVertical,161024,1
52,672.9411194999999,2.0232999999052481,VSM.ResetFeedback,0,1
53,672.9559885,1.7798000000084357,VSM.MarkReceiverPages,560128,1
53,672.9559885,1.7798000000084357,VSM.AllocationPrepare,9472,1
53,672.9559885,1.7798000000084357,VSM.AllocationCommit,606208,1
53,672.9559885,1.7798000000084357,VSM.Allocate,1091840,1
53,672.9559885,1.7798000000084357,VSM.ClearPhysicalPages,267776,1
53,672.9559885,1.7798000000084357,VSM.PageOccupancy,71936,1
53,672.9559885,1.7798000000084357,VSM.FinalizePages,1792,1
53,672.9559885,1.7798000000084357,VSM.DynamicRaster,27648,1
53,672.9559885,1.7798000000084357,VSM.LayoutRemap,0,1
53,672.9559885,1.7798000000084357,VSM.InvalidateStatic,0,0
53,672.9559885,1.7798000000084357,VSM.InvalidateDynamic,2816,1
53,672.9559885,1.7798000000084357,VSM.StaticCasterCull,204032,1
53,672.9559885,1.7798000000084357,VSM.DynamicCasterCull,115456,1
53,672.9559885,1.7798000000084357,VSM.PageCull,285440,2
53,672.9559885,1.7798000000084357,VSM.StaticRasterClear,0,1
53,672.9559885,1.7798000000084357,VSM.StaticRasterDraw,7168,1
53,672.9559885,1.7798000000084357,VSM.DynamicRasterClear,2816,1
53,672.9559885,1.7798000000084357,VSM.DynamicRasterDraw,24832,1
53,672.9559885,1.7798000000084357,VSM.StaticRaster,7168,1
53,672.9559885,1.7798000000084357,VSM.UnityCompatibilityRaster,0,0
53,672.9559885,1.7798000000084357,VSM.Resolve,6060032,1
53,672.9559885,1.7798000000084357,VSM.ResolveTrace,5831936,1
53,672.9559885,1.7798000000084357,VSM.FilterHorizontal,66048,1
53,672.9559885,1.7798000000084357,VSM.FilterVertical,0,0
53,672.9559885,1.7798000000084357,VSM.FilterTemporalVertical,160512,1
53,672.9559885,1.7798000000084357,VSM.ResetFeedback,0,1
54,672.97121069999992,2.4508999999852676,VSM.MarkReceiverPages,559360,1
54,672.97121069999992,2.4508999999852676,VSM.AllocationPrepare,9728,1
54,672.97121069999992,2.4508999999852676,VSM.AllocationCommit,600320,1
54,672.97121069999992,2.4508999999852676,VSM.Allocate,779264,1
54,672.97121069999992,2.4508999999852676,VSM.ClearPhysicalPages,266752,1
54,672.97121069999992,2.4508999999852676,VSM.PageOccupancy,76544,1
54,672.97121069999992,2.4508999999852676,VSM.FinalizePages,1792,1
54,672.97121069999992,2.4508999999852676,VSM.DynamicRaster,25600,1
54,672.97121069999992,2.4508999999852676,VSM.LayoutRemap,0,1
54,672.97121069999992,2.4508999999852676,VSM.InvalidateStatic,0,0
54,672.97121069999992,2.4508999999852676,VSM.InvalidateDynamic,1792,1
54,672.97121069999992,2.4508999999852676,VSM.StaticCasterCull,203520,1
54,672.97121069999992,2.4508999999852676,VSM.DynamicCasterCull,120576,1
54,672.97121069999992,2.4508999999852676,VSM.PageCull,289024,2
54,672.97121069999992,2.4508999999852676,VSM.StaticRasterClear,0,1
54,672.97121069999992,2.4508999999852676,VSM.StaticRasterDraw,9216,1
54,672.97121069999992,2.4508999999852676,VSM.DynamicRasterClear,0,1
54,672.97121069999992,2.4508999999852676,VSM.DynamicRasterDraw,25344,1
54,672.97121069999992,2.4508999999852676,VSM.StaticRaster,9472,1
54,672.97121069999992,2.4508999999852676,VSM.UnityCompatibilityRaster,0,0
54,672.97121069999992,2.4508999999852676,VSM.Resolve,6024960,1
54,672.97121069999992,2.4508999999852676,VSM.ResolveTrace,5799680,1
54,672.97121069999992,2.4508999999852676,VSM.FilterHorizontal,65536,1
54,672.97121069999992,2.4508999999852676,VSM.FilterVertical,0,0
54,672.97121069999992,2.4508999999852676,VSM.FilterTemporalVertical,158976,1
54,672.97121069999992,2.4508999999852676,VSM.ResetFeedback,0,1
55,672.98581159999992,2.521999999999025,VSM.MarkReceiverPages,558336,1
55,672.98581159999992,2.521999999999025,VSM.AllocationPrepare,9728,1
55,672.98581159999992,2.521999999999025,VSM.AllocationCommit,601600,1
55,672.98581159999992,2.521999999999025,VSM.Allocate,611328,1
55,672.98581159999992,2.521999999999025,VSM.ClearPhysicalPages,266240,1
55,672.98581159999992,2.521999999999025,VSM.PageOccupancy,71424,1
55,672.98581159999992,2.521999999999025,VSM.FinalizePages,2048,1
55,672.98581159999992,2.521999999999025,VSM.DynamicRaster,26624,1
55,672.98581159999992,2.521999999999025,VSM.LayoutRemap,0,1
55,672.98581159999992,2.521999999999025,VSM.InvalidateStatic,0,0
55,672.98581159999992,2.521999999999025,VSM.InvalidateDynamic,1536,1
55,672.98581159999992,2.521999999999025,VSM.StaticCasterCull,215552,1
55,672.98581159999992,2.521999999999025,VSM.DynamicCasterCull,114432,1
55,672.98581159999992,2.521999999999025,VSM.PageCull,295680,2
55,672.98581159999992,2.521999999999025,VSM.StaticRasterClear,0,1
55,672.98581159999992,2.521999999999025,VSM.StaticRasterDraw,6912,1
55,672.98581159999992,2.521999999999025,VSM.DynamicRasterClear,1280,1
55,672.98581159999992,2.521999999999025,VSM.DynamicRasterDraw,25344,1
55,672.98581159999992,2.521999999999025,VSM.StaticRaster,7168,1
55,672.98581159999992,2.521999999999025,VSM.UnityCompatibilityRaster,0,0
55,672.98581159999992,2.521999999999025,VSM.Resolve,6278912,1
55,672.98581159999992,2.521999999999025,VSM.ResolveTrace,5780224,1
55,672.98581159999992,2.521999999999025,VSM.FilterHorizontal,65536,1
55,672.98581159999992,2.521999999999025,VSM.FilterVertical,0,0
55,672.98581159999992,2.521999999999025,VSM.FilterTemporalVertical,431872,1
55,672.98581159999992,2.521999999999025,VSM.ResetFeedback,0,1
56,673.00123109999993,2.2149999999783176,VSM.MarkReceiverPages,561920,1
56,673.00123109999993,2.2149999999783176,VSM.AllocationPrepare,9472,1
56,673.00123109999993,2.2149999999783176,VSM.AllocationCommit,606720,1
56,673.00123109999993,2.2149999999783176,VSM.Allocate,616704,1
56,673.00123109999993,2.2149999999783176,VSM.ClearPhysicalPages,269312,1
56,673.00123109999993,2.2149999999783176,VSM.PageOccupancy,73472,1
56,673.00123109999993,2.2149999999783176,VSM.FinalizePages,1792,1
56,673.00123109999993,2.2149999999783176,VSM.DynamicRaster,29696,1
56,673.00123109999993,2.2149999999783176,VSM.LayoutRemap,0,1
56,673.00123109999993,2.2149999999783176,VSM.InvalidateStatic,0,0
56,673.00123109999993,2.2149999999783176,VSM.InvalidateDynamic,1536,1
56,673.00123109999993,2.2149999999783176,VSM.StaticCasterCull,211456,1
56,673.00123109999993,2.2149999999783176,VSM.DynamicCasterCull,306688,1
56,673.00123109999993,2.2149999999783176,VSM.PageCull,299008,2
56,673.00123109999993,2.2149999999783176,VSM.StaticRasterClear,0,1
56,673.00123109999993,2.2149999999783176,VSM.StaticRasterDraw,7680,1
56,673.00123109999993,2.2149999999783176,VSM.DynamicRasterClear,256,1
56,673.00123109999993,2.2149999999783176,VSM.DynamicRasterDraw,29184,1
56,673.00123109999993,2.2149999999783176,VSM.StaticRaster,7936,1
56,673.00123109999993,2.2149999999783176,VSM.UnityCompatibilityRaster,0,0
56,673.00123109999993,2.2149999999783176,VSM.Resolve,5726464,1
56,673.00123109999993,2.2149999999783176,VSM.ResolveTrace,5499648,1
56,673.00123109999993,2.2149999999783176,VSM.FilterHorizontal,66048,1
56,673.00123109999993,2.2149999999783176,VSM.FilterVertical,0,0
56,673.00123109999993,2.2149999999783176,VSM.FilterTemporalVertical,159744,1
56,673.00123109999993,2.2149999999783176,VSM.ResetFeedback,0,1
57,673.01753739999992,2.1135999999160049,VSM.MarkReceiverPages,558848,1
57,673.01753739999992,2.1135999999160049,VSM.AllocationPrepare,9728,1
57,673.01753739999992,2.1135999999160049,VSM.AllocationCommit,605696,1
57,673.01753739999992,2.1135999999160049,VSM.Allocate,1192192,1
57,673.01753739999992,2.1135999999160049,VSM.ClearPhysicalPages,268544,1
57,673.01753739999992,2.1135999999160049,VSM.PageOccupancy,73728,1
57,673.01753739999992,2.1135999999160049,VSM.FinalizePages,1792,1
57,673.01753739999992,2.1135999999160049,VSM.DynamicRaster,25856,1
57,673.01753739999992,2.1135999999160049,VSM.LayoutRemap,0,1
57,673.01753739999992,2.1135999999160049,VSM.InvalidateStatic,0,0
57,673.01753739999992,2.1135999999160049,VSM.InvalidateDynamic,2304,1
57,673.01753739999992,2.1135999999160049,VSM.StaticCasterCull,205568,1
57,673.01753739999992,2.1135999999160049,VSM.DynamicCasterCull,121088,1
57,673.01753739999992,2.1135999999160049,VSM.PageCull,293376,2
57,673.01753739999992,2.1135999999160049,VSM.StaticRasterClear,0,1
57,673.01753739999992,2.1135999999160049,VSM.StaticRasterDraw,6912,1
57,673.01753739999992,2.1135999999160049,VSM.DynamicRasterClear,0,1
57,673.01753739999992,2.1135999999160049,VSM.DynamicRasterDraw,25600,1
57,673.01753739999992,2.1135999999160049,VSM.StaticRaster,7168,1
57,673.01753739999992,2.1135999999160049,VSM.UnityCompatibilityRaster,0,0
57,673.01753739999992,2.1135999999160049,VSM.Resolve,5269504,1
57,673.01753739999992,2.1135999999160049,VSM.ResolveTrace,5045248,1
57,673.01753739999992,2.1135999999160049,VSM.FilterHorizontal,65280,1
57,673.01753739999992,2.1135999999160049,VSM.FilterVertical,0,0
57,673.01753739999992,2.1135999999160049,VSM.FilterTemporalVertical,158976,1
57,673.01753739999992,2.1135999999160049,VSM.ResetFeedback,0,1
58,673.0320287,1.9177000000354383,VSM.MarkReceiverPages,558336,1
58,673.0320287,1.9177000000354383,VSM.AllocationPrepare,9472,1
58,673.0320287,1.9177000000354383,VSM.AllocationCommit,601600,1
58,673.0320287,1.9177000000354383,VSM.Allocate,611328,1
58,673.0320287,1.9177000000354383,VSM.ClearPhysicalPages,266496,1
58,673.0320287,1.9177000000354383,VSM.PageOccupancy,72192,1
58,673.0320287,1.9177000000354383,VSM.FinalizePages,1792,1
58,673.0320287,1.9177000000354383,VSM.DynamicRaster,28672,1
58,673.0320287,1.9177000000354383,VSM.LayoutRemap,0,1
58,673.0320287,1.9177000000354383,VSM.InvalidateStatic,0,0
58,673.0320287,1.9177000000354383,VSM.InvalidateDynamic,1536,1
58,673.0320287,1.9177000000354383,VSM.StaticCasterCull,203264,1
58,673.0320287,1.9177000000354383,VSM.DynamicCasterCull,111872,1
58,673.0320287,1.9177000000354383,VSM.PageCull,281600,2
58,673.0320287,1.9177000000354383,VSM.StaticRasterClear,0,1
58,673.0320287,1.9177000000354383,VSM.StaticRasterDraw,6912,1
58,673.0320287,1.9177000000354383,VSM.DynamicRasterClear,4096,1
58,673.0320287,1.9177000000354383,VSM.DynamicRasterDraw,24320,1
58,673.0320287,1.9177000000354383,VSM.StaticRaster,7168,1
58,673.0320287,1.9177000000354383,VSM.UnityCompatibilityRaster,0,0
58,673.0320287,1.9177000000354383,VSM.Resolve,6344448,1
58,673.0320287,1.9177000000354383,VSM.ResolveTrace,6115072,1
58,673.0320287,1.9177000000354383,VSM.FilterHorizontal,65536,1
58,673.0320287,1.9177000000354383,VSM.FilterVertical,0,0
58,673.0320287,1.9177000000354383,VSM.FilterTemporalVertical,162304,1
58,673.0320287,1.9177000000354383,VSM.ResetFeedback,0,1
59,673.047325,2.0493000000669781,VSM.MarkReceiverPages,577024,1
59,673.047325,2.0493000000669781,VSM.AllocationPrepare,9472,1
59,673.047325,2.0493000000669781,VSM.AllocationCommit,601344,1
59,673.047325,2.0493000000669781,VSM.Allocate,992768,1
59,673.047325,2.0493000000669781,VSM.ClearPhysicalPages,267264,1
59,673.047325,2.0493000000669781,VSM.PageOccupancy,73472,1
59,673.047325,2.0493000000669781,VSM.FinalizePages,2048,1
59,673.047325,2.0493000000669781,VSM.DynamicRaster,25600,1
59,673.047325,2.0493000000669781,VSM.LayoutRemap,0,1
59,673.047325,2.0493000000669781,VSM.InvalidateStatic,0,0
59,673.047325,2.0493000000669781,VSM.InvalidateDynamic,2304,1
59,673.047325,2.0493000000669781,VSM.StaticCasterCull,609024,1
59,673.047325,2.0493000000669781,VSM.DynamicCasterCull,115712,1
59,673.047325,2.0493000000669781,VSM.PageCull,282624,2
59,673.047325,2.0493000000669781,VSM.StaticRasterClear,256,1
59,673.047325,2.0493000000669781,VSM.StaticRasterDraw,8960,1
59,673.047325,2.0493000000669781,VSM.DynamicRasterClear,512,1
59,673.047325,2.0493000000669781,VSM.DynamicRasterDraw,25088,1
59,673.047325,2.0493000000669781,VSM.StaticRaster,9472,1
59,673.047325,2.0493000000669781,VSM.UnityCompatibilityRaster,0,0
59,673.047325,2.0493000000669781,VSM.Resolve,5975808,1
59,673.047325,2.0493000000669781,VSM.ResolveTrace,5746432,1
59,673.047325,2.0493000000669781,VSM.FilterHorizontal,66560,1
59,673.047325,2.0493000000669781,VSM.FilterVertical,0,0
59,673.047325,2.0493000000669781,VSM.FilterTemporalVertical,161536,1
59,673.047325,2.0493000000669781,VSM.ResetFeedback,0,1
60,673.06211539999993,1.9615999999587075,VSM.MarkReceiverPages,559872,1
60,673.06211539999993,1.9615999999587075,VSM.AllocationPrepare,9728,1
60,673.06211539999993,1.9615999999587075,VSM.AllocationCommit,607232,1
60,673.06211539999993,1.9615999999587075,VSM.Allocate,617216,1
60,673.06211539999993,1.9615999999587075,VSM.ClearPhysicalPages,268544,1
60,673.06211539999993,1.9615999999587075,VSM.PageOccupancy,73728,1
60,673.06211539999993,1.9615999999587075,VSM.FinalizePages,1792,1
60,673.06211539999993,1.9615999999587075,VSM.DynamicRaster,30720,1
60,673.06211539999993,1.9615999999587075,VSM.LayoutRemap,0,1
60,673.06211539999993,1.9615999999587075,VSM.InvalidateStatic,0,0
60,673.06211539999993,1.9615999999587075,VSM.InvalidateDynamic,1536,1
60,673.06211539999993,1.9615999999587075,VSM.StaticCasterCull,217856,1
60,673.06211539999993,1.9615999999587075,VSM.DynamicCasterCull,115456,1
60,673.06211539999993,1.9615999999587075,VSM.PageCull,299008,2
60,673.06211539999993,1.9615999999587075,VSM.StaticRasterClear,0,1
60,673.06211539999993,1.9615999999587075,VSM.StaticRasterDraw,3072,1
60,673.06211539999993,1.9615999999587075,VSM.DynamicRasterClear,2048,1
60,673.06211539999993,1.9615999999587075,VSM.DynamicRasterDraw,28672,1
60,673.06211539999993,1.9615999999587075,VSM.StaticRaster,3328,1
60,673.06211539999993,1.9615999999587075,VSM.UnityCompatibilityRaster,0,0
60,673.06211539999993,1.9615999999587075,VSM.Resolve,6070272,1
60,673.06211539999993,1.9615999999587075,VSM.ResolveTrace,5840896,1
60,673.06211539999993,1.9615999999587075,VSM.FilterHorizontal,66560,1
60,673.06211539999993,1.9615999999587075,VSM.FilterVertical,0,0
60,673.06211539999993,1.9615999999587075,VSM.FilterTemporalVertical,161536,1
60,673.06211539999993,1.9615999999587075,VSM.ResetFeedback,0,1
61,673.0772148,1.9409999999879801,VSM.MarkReceiverPages,557312,1
61,673.0772148,1.9409999999879801,VSM.AllocationPrepare,9728,1
61,673.0772148,1.9409999999879801,VSM.AllocationCommit,606208,1
61,673.0772148,1.9409999999879801,VSM.Allocate,1076736,1
61,673.0772148,1.9409999999879801,VSM.ClearPhysicalPages,268544,1
61,673.0772148,1.9409999999879801,VSM.PageOccupancy,71680,1
61,673.0772148,1.9409999999879801,VSM.FinalizePages,2304,1
61,673.0772148,1.9409999999879801,VSM.DynamicRaster,25600,1
61,673.0772148,1.9409999999879801,VSM.LayoutRemap,0,1
61,673.0772148,1.9409999999879801,VSM.InvalidateStatic,0,0
61,673.0772148,1.9409999999879801,VSM.InvalidateDynamic,1792,1
61,673.0772148,1.9409999999879801,VSM.StaticCasterCull,214272,1
61,673.0772148,1.9409999999879801,VSM.DynamicCasterCull,119552,1
61,673.0772148,1.9409999999879801,VSM.PageCull,300288,2
61,673.0772148,1.9409999999879801,VSM.StaticRasterClear,0,1
61,673.0772148,1.9409999999879801,VSM.StaticRasterDraw,3328,1
61,673.0772148,1.9409999999879801,VSM.DynamicRasterClear,512,1
61,673.0772148,1.9409999999879801,VSM.DynamicRasterDraw,25088,1
61,673.0772148,1.9409999999879801,VSM.StaticRaster,3584,1
61,673.0772148,1.9409999999879801,VSM.UnityCompatibilityRaster,0,0
61,673.0772148,1.9409999999879801,VSM.Resolve,5705472,1
61,673.0772148,1.9409999999879801,VSM.ResolveTrace,5479936,1
61,673.0772148,1.9409999999879801,VSM.FilterHorizontal,65536,1
61,673.0772148,1.9409999999879801,VSM.FilterVertical,0,0
61,673.0772148,1.9409999999879801,VSM.FilterTemporalVertical,158976,1
61,673.0772148,1.9409999999879801,VSM.ResetFeedback,0,1
62,673.0926571,2.1247000000812477,VSM.MarkReceiverPages,557824,1
62,673.0926571,2.1247000000812477,VSM.AllocationPrepare,9472,1
62,673.0926571,2.1247000000812477,VSM.AllocationCommit,600832,1
62,673.0926571,2.1247000000812477,VSM.Allocate,610816,1
62,673.0926571,2.1247000000812477,VSM.ClearPhysicalPages,267520,1
62,673.0926571,2.1247000000812477,VSM.PageOccupancy,72704,1
62,673.0926571,2.1247000000812477,VSM.FinalizePages,1792,1
62,673.0926571,2.1247000000812477,VSM.DynamicRaster,27648,1
62,673.0926571,2.1247000000812477,VSM.LayoutRemap,0,1
62,673.0926571,2.1247000000812477,VSM.InvalidateStatic,0,0
62,673.0926571,2.1247000000812477,VSM.InvalidateDynamic,1536,1
62,673.0926571,2.1247000000812477,VSM.StaticCasterCull,206848,1
62,673.0926571,2.1247000000812477,VSM.DynamicCasterCull,123392,1
62,673.0926571,2.1247000000812477,VSM.PageCull,295424,2
62,673.0926571,2.1247000000812477,VSM.StaticRasterClear,256,1
62,673.0926571,2.1247000000812477,VSM.StaticRasterDraw,7680,1
62,673.0926571,2.1247000000812477,VSM.DynamicRasterClear,2560,1
62,673.0926571,2.1247000000812477,VSM.DynamicRasterDraw,25088,1
62,673.0926571,2.1247000000812477,VSM.StaticRaster,7936,1
62,673.0926571,2.1247000000812477,VSM.UnityCompatibilityRaster,0,0
62,673.0926571,2.1247000000812477,VSM.Resolve,6317824,1
62,673.0926571,2.1247000000812477,VSM.ResolveTrace,5846016,1
62,673.0926571,2.1247000000812477,VSM.FilterHorizontal,66816,1
62,673.0926571,2.1247000000812477,VSM.FilterVertical,0,0
62,673.0926571,2.1247000000812477,VSM.FilterTemporalVertical,160256,1
62,673.0926571,2.1247000000812477,VSM.ResetFeedback,0,1
63,673.1078923,1.8526000000065324,VSM.MarkReceiverPages,557056,1
63,673.1078923,1.8526000000065324,VSM.AllocationPrepare,9472,1
63,673.1078923,1.8526000000065324,VSM.AllocationCommit,601344,1
63,673.1078923,1.8526000000065324,VSM.Allocate,611072,1
63,673.1078923,1.8526000000065324,VSM.ClearPhysicalPages,267008,1
63,673.1078923,1.8526000000065324,VSM.PageOccupancy,72448,1
63,673.1078923,1.8526000000065324,VSM.FinalizePages,1792,1
63,673.1078923,1.8526000000065324,VSM.DynamicRaster,27136,1
63,673.1078923,1.8526000000065324,VSM.LayoutRemap,0,1
63,673.1078923,1.8526000000065324,VSM.InvalidateStatic,0,0
63,673.1078923,1.8526000000065324,VSM.InvalidateDynamic,1536,1
63,673.1078923,1.8526000000065324,VSM.StaticCasterCull,220416,1
63,673.1078923,1.8526000000065324,VSM.DynamicCasterCull,302848,1
63,673.1078923,1.8526000000065324,VSM.PageCull,301824,2
63,673.1078923,1.8526000000065324,VSM.StaticRasterClear,256,1
63,673.1078923,1.8526000000065324,VSM.StaticRasterDraw,7424,1
63,673.1078923,1.8526000000065324,VSM.DynamicRasterClear,1792,1
63,673.1078923,1.8526000000065324,VSM.DynamicRasterDraw,24576,1
63,673.1078923,1.8526000000065324,VSM.StaticRaster,7680,1
63,673.1078923,1.8526000000065324,VSM.UnityCompatibilityRaster,0,0
63,673.1078923,1.8526000000065324,VSM.Resolve,6012928,1
63,673.1078923,1.8526000000065324,VSM.ResolveTrace,5787136,1
63,673.1078923,1.8526000000065324,VSM.FilterHorizontal,65280,1
63,673.1078923,1.8526000000065324,VSM.FilterVertical,0,0
63,673.1078923,1.8526000000065324,VSM.FilterTemporalVertical,159232,1
63,673.1078923,1.8526000000065324,VSM.ResetFeedback,0,1
64,673.1236921,2.1404000000302403,VSM.MarkReceiverPages,560128,1
64,673.1236921,2.1404000000302403,VSM.AllocationPrepare,9472,1
64,673.1236921,2.1404000000302403,VSM.AllocationCommit,606464,1
64,673.1236921,2.1404000000302403,VSM.Allocate,863744,1
64,673.1236921,2.1404000000302403,VSM.ClearPhysicalPages,269312,1
64,673.1236921,2.1404000000302403,VSM.PageOccupancy,75008,1
64,673.1236921,2.1404000000302403,VSM.FinalizePages,2048,1
64,673.1236921,2.1404000000302403,VSM.DynamicRaster,26624,1
64,673.1236921,2.1404000000302403,VSM.LayoutRemap,0,1
64,673.1236921,2.1404000000302403,VSM.InvalidateStatic,0,0
64,673.1236921,2.1404000000302403,VSM.InvalidateDynamic,1792,1
64,673.1236921,2.1404000000302403,VSM.StaticCasterCull,207872,1
64,673.1236921,2.1404000000302403,VSM.DynamicCasterCull,117248,1
64,673.1236921,2.1404000000302403,VSM.PageCull,291840,2
64,673.1236921,2.1404000000302403,VSM.StaticRasterClear,256,1
64,673.1236921,2.1404000000302403,VSM.StaticRasterDraw,6912,1
64,673.1236921,2.1404000000302403,VSM.DynamicRasterClear,1536,1
64,673.1236921,2.1404000000302403,VSM.DynamicRasterDraw,24832,1
64,673.1236921,2.1404000000302403,VSM.StaticRaster,7168,1
64,673.1236921,2.1404000000302403,VSM.UnityCompatibilityRaster,0,0
64,673.1236921,2.1404000000302403,VSM.Resolve,6296064,1
64,673.1236921,2.1404000000302403,VSM.ResolveTrace,5884672,1
64,673.1236921,2.1404000000302403,VSM.FilterHorizontal,66304,1
64,673.1236921,2.1404000000302403,VSM.FilterVertical,0,0
64,673.1236921,2.1404000000302403,VSM.FilterTemporalVertical,343808,1
64,673.1236921,2.1404000000302403,VSM.ResetFeedback,0,1
65,673.1377751,2.299300000004223,VSM.MarkReceiverPages,557824,1
65,673.1377751,2.299300000004223,VSM.AllocationPrepare,9728,1
65,673.1377751,2.299300000004223,VSM.AllocationCommit,605952,1
65,673.1377751,2.299300000004223,VSM.Allocate,859904,1
65,673.1377751,2.299300000004223,VSM.ClearPhysicalPages,268032,1
65,673.1377751,2.299300000004223,VSM.PageOccupancy,71680,1
65,673.1377751,2.299300000004223,VSM.FinalizePages,2048,1
65,673.1377751,2.299300000004223,VSM.DynamicRaster,25856,1
65,673.1377751,2.299300000004223,VSM.LayoutRemap,0,1
65,673.1377751,2.299300000004223,VSM.InvalidateStatic,0,0
65,673.1377751,2.299300000004223,VSM.InvalidateDynamic,1536,1
65,673.1377751,2.299300000004223,VSM.StaticCasterCull,206848,1
65,673.1377751,2.299300000004223,VSM.DynamicCasterCull,115200,1
65,673.1377751,2.299300000004223,VSM.PageCull,287488,2
65,673.1377751,2.299300000004223,VSM.StaticRasterClear,0,1
65,673.1377751,2.299300000004223,VSM.StaticRasterDraw,7168,1
65,673.1377751,2.299300000004223,VSM.DynamicRasterClear,512,1
65,673.1377751,2.299300000004223,VSM.DynamicRasterDraw,25088,1
65,673.1377751,2.299300000004223,VSM.StaticRaster,7424,1
65,673.1377751,2.299300000004223,VSM.UnityCompatibilityRaster,0,0
65,673.1377751,2.299300000004223,VSM.Resolve,5937152,1
65,673.1377751,2.299300000004223,VSM.ResolveTrace,5710080,1
65,673.1377751,2.299300000004223,VSM.FilterHorizontal,65536,1
65,673.1377751,2.299300000004223,VSM.FilterVertical,0,0
65,673.1377751,2.299300000004223,VSM.FilterTemporalVertical,160256,1
65,673.1377751,2.299300000004223,VSM.ResetFeedback,0,1
66,673.1536729,1.965499999982967,VSM.MarkReceiverPages,560896,1
66,673.1536729,1.965499999982967,VSM.AllocationPrepare,9472,1
66,673.1536729,1.965499999982967,VSM.AllocationCommit,600832,1
66,673.1536729,1.965499999982967,VSM.Allocate,778240,1
66,673.1536729,1.965499999982967,VSM.ClearPhysicalPages,267008,1
66,673.1536729,1.965499999982967,VSM.PageOccupancy,73728,1
66,673.1536729,1.965499999982967,VSM.FinalizePages,2048,1
66,673.1536729,1.965499999982967,VSM.DynamicRaster,25600,1
66,673.1536729,1.965499999982967,VSM.LayoutRemap,0,1
66,673.1536729,1.965499999982967,VSM.InvalidateStatic,0,0
66,673.1536729,1.965499999982967,VSM.InvalidateDynamic,1792,1
66,673.1536729,1.965499999982967,VSM.StaticCasterCull,218624,1
66,673.1536729,1.965499999982967,VSM.DynamicCasterCull,114944,1
66,673.1536729,1.965499999982967,VSM.PageCull,300544,2
66,673.1536729,1.965499999982967,VSM.StaticRasterClear,0,1
66,673.1536729,1.965499999982967,VSM.StaticRasterDraw,6912,1
66,673.1536729,1.965499999982967,VSM.DynamicRasterClear,256,1
66,673.1536729,1.965499999982967,VSM.DynamicRasterDraw,25344,1
66,673.1536729,1.965499999982967,VSM.StaticRaster,7168,1
66,673.1536729,1.965499999982967,VSM.UnityCompatibilityRaster,0,0
66,673.1536729,1.965499999982967,VSM.Resolve,7055360,1
66,673.1536729,1.965499999982967,VSM.ResolveTrace,6509824,1
66,673.1536729,1.965499999982967,VSM.FilterHorizontal,65792,1
66,673.1536729,1.965499999982967,VSM.FilterVertical,0,0
66,673.1536729,1.965499999982967,VSM.FilterTemporalVertical,478464,1
66,673.1536729,1.965499999982967,VSM.ResetFeedback,0,1
67,673.1687598,1.9502000000102271,VSM.MarkReceiverPages,557824,1
67,673.1687598,1.9502000000102271,VSM.AllocationPrepare,9472,1
67,673.1687598,1.9502000000102271,VSM.AllocationCommit,601344,1
67,673.1687598,1.9502000000102271,VSM.Allocate,611328,1
67,673.1687598,1.9502000000102271,VSM.ClearPhysicalPages,266752,1
67,673.1687598,1.9502000000102271,VSM.PageOccupancy,72704,1
67,673.1687598,1.9502000000102271,VSM.FinalizePages,1792,1
67,673.1687598,1.9502000000102271,VSM.DynamicRaster,25600,1
67,673.1687598,1.9502000000102271,VSM.LayoutRemap,0,1
67,673.1687598,1.9502000000102271,VSM.InvalidateStatic,0,0
67,673.1687598,1.9502000000102271,VSM.InvalidateDynamic,1536,1
67,673.1687598,1.9502000000102271,VSM.StaticCasterCull,203776,1
67,673.1687598,1.9502000000102271,VSM.DynamicCasterCull,116224,1
67,673.1687598,1.9502000000102271,VSM.PageCull,286464,2
67,673.1687598,1.9502000000102271,VSM.StaticRasterClear,0,1
67,673.1687598,1.9502000000102271,VSM.StaticRasterDraw,7680,1
67,673.1687598,1.9502000000102271,VSM.DynamicRasterClear,512,1
67,673.1687598,1.9502000000102271,VSM.DynamicRasterDraw,25088,1
67,673.1687598,1.9502000000102271,VSM.StaticRaster,7936,1
67,673.1687598,1.9502000000102271,VSM.UnityCompatibilityRaster,0,0
67,673.1687598,1.9502000000102271,VSM.Resolve,5638400,1
67,673.1687598,1.9502000000102271,VSM.ResolveTrace,5413120,1
67,673.1687598,1.9502000000102271,VSM.FilterHorizontal,65280,1
67,673.1687598,1.9502000000102271,VSM.FilterVertical,0,0
67,673.1687598,1.9502000000102271,VSM.FilterTemporalVertical,158464,1
67,673.1687598,1.9502000000102271,VSM.ResetFeedback,0,1
68,673.18411069999991,1.9330000000081782,VSM.MarkReceiverPages,560896,1
68,673.18411069999991,1.9330000000081782,VSM.AllocationPrepare,9728,1
68,673.18411069999991,1.9330000000081782,VSM.AllocationCommit,606720,1
68,673.18411069999991,1.9330000000081782,VSM.Allocate,1226752,1
68,673.18411069999991,1.9330000000081782,VSM.ClearPhysicalPages,269056,1
68,673.18411069999991,1.9330000000081782,VSM.PageOccupancy,74240,1
68,673.18411069999991,1.9330000000081782,VSM.FinalizePages,2048,1
68,673.18411069999991,1.9330000000081782,VSM.DynamicRaster,25600,1
68,673.18411069999991,1.9330000000081782,VSM.LayoutRemap,0,1
68,673.18411069999991,1.9330000000081782,VSM.InvalidateStatic,0,0
68,673.18411069999991,1.9330000000081782,VSM.InvalidateDynamic,2560,1
68,673.18411069999991,1.9330000000081782,VSM.StaticCasterCull,206592,1
68,673.18411069999991,1.9330000000081782,VSM.DynamicCasterCull,117248,1
68,673.18411069999991,1.9330000000081782,VSM.PageCull,290560,2
68,673.18411069999991,1.9330000000081782,VSM.StaticRasterClear,0,1
68,673.18411069999991,1.9330000000081782,VSM.StaticRasterDraw,3328,1
68,673.18411069999991,1.9330000000081782,VSM.DynamicRasterClear,256,1
68,673.18411069999991,1.9330000000081782,VSM.DynamicRasterDraw,25344,1
68,673.18411069999991,1.9330000000081782,VSM.StaticRaster,3328,1
68,673.18411069999991,1.9330000000081782,VSM.UnityCompatibilityRaster,0,0
68,673.18411069999991,1.9330000000081782,VSM.Resolve,6666496,1
68,673.18411069999991,1.9330000000081782,VSM.ResolveTrace,6439168,1
68,673.18411069999991,1.9330000000081782,VSM.FilterHorizontal,66560,1
68,673.18411069999991,1.9330000000081782,VSM.FilterVertical,0,0
68,673.18411069999991,1.9330000000081782,VSM.FilterTemporalVertical,159744,1
68,673.18411069999991,1.9330000000081782,VSM.ResetFeedback,0,1
69,673.1993795,2.2039000000404485,VSM.MarkReceiverPages,558848,1
69,673.1993795,2.2039000000404485,VSM.AllocationPrepare,9728,1
69,673.1993795,2.2039000000404485,VSM.AllocationCommit,601088,1
69,673.1993795,2.2039000000404485,VSM.Allocate,859648,1
69,673.1993795,2.2039000000404485,VSM.ClearPhysicalPages,267520,1
69,673.1993795,2.2039000000404485,VSM.PageOccupancy,73728,1
69,673.1993795,2.2039000000404485,VSM.FinalizePages,1792,1
69,673.1993795,2.2039000000404485,VSM.DynamicRaster,25088,1
69,673.1993795,2.2039000000404485,VSM.LayoutRemap,0,1
69,673.1993795,2.2039000000404485,VSM.InvalidateStatic,0,0
69,673.1993795,2.2039000000404485,VSM.InvalidateDynamic,1536,1
69,673.1993795,2.2039000000404485,VSM.StaticCasterCull,201472,1
69,673.1993795,2.2039000000404485,VSM.DynamicCasterCull,122112,1
69,673.1993795,2.2039000000404485,VSM.PageCull,290048,2
69,673.1993795,2.2039000000404485,VSM.StaticRasterClear,0,1
69,673.1993795,2.2039000000404485,VSM.StaticRasterDraw,6912,1
69,673.1993795,2.2039000000404485,VSM.DynamicRasterClear,256,1
69,673.1993795,2.2039000000404485,VSM.DynamicRasterDraw,24576,1
69,673.1993795,2.2039000000404485,VSM.StaticRaster,7168,1
69,673.1993795,2.2039000000404485,VSM.UnityCompatibilityRaster,0,0
69,673.1993795,2.2039000000404485,VSM.Resolve,5995008,1
69,673.1993795,2.2039000000404485,VSM.ResolveTrace,5766912,1
69,673.1993795,2.2039000000404485,VSM.FilterHorizontal,65536,1
69,673.1993795,2.2039000000404485,VSM.FilterVertical,0,0
69,673.1993795,2.2039000000404485,VSM.FilterTemporalVertical,161280,1
69,673.1993795,2.2039000000404485,VSM.ResetFeedback,0,1
70,673.2146994,1.9724999999652937,VSM.MarkReceiverPages,559360,1
70,673.2146994,1.9724999999652937,VSM.AllocationPrepare,9728,1
70,673.2146994,1.9724999999652937,VSM.AllocationCommit,600832,1
70,673.2146994,1.9724999999652937,VSM.Allocate,610816,1
70,673.2146994,1.9724999999652937,VSM.ClearPhysicalPages,266496,1
70,673.2146994,1.9724999999652937,VSM.PageOccupancy,73728,1
70,673.2146994,1.9724999999652937,VSM.FinalizePages,1792,1
70,673.2146994,1.9724999999652937,VSM.DynamicRaster,26112,1
70,673.2146994,1.9724999999652937,VSM.LayoutRemap,0,1
70,673.2146994,1.9724999999652937,VSM.InvalidateStatic,0,0
70,673.2146994,1.9724999999652937,VSM.InvalidateDynamic,1536,1
70,673.2146994,1.9724999999652937,VSM.StaticCasterCull,406784,1
70,673.2146994,1.9724999999652937,VSM.DynamicCasterCull,117504,1
70,673.2146994,1.9724999999652937,VSM.PageCull,286464,2
70,673.2146994,1.9724999999652937,VSM.StaticRasterClear,6144,1
70,673.2146994,1.9724999999652937,VSM.StaticRasterDraw,8704,1
70,673.2146994,1.9724999999652937,VSM.DynamicRasterClear,256,1
70,673.2146994,1.9724999999652937,VSM.DynamicRasterDraw,25856,1
70,673.2146994,1.9724999999652937,VSM.StaticRaster,15616,1
70,673.2146994,1.9724999999652937,VSM.UnityCompatibilityRaster,0,0
70,673.2146994,1.9724999999652937,VSM.Resolve,6210816,1
70,673.2146994,1.9724999999652937,VSM.ResolveTrace,5983232,1
70,673.2146994,1.9724999999652937,VSM.FilterHorizontal,65536,1
70,673.2146994,1.9724999999652937,VSM.FilterVertical,0,0
70,673.2146994,1.9724999999652937,VSM.FilterTemporalVertical,161024,1
70,673.2146994,1.9724999999652937,VSM.ResetFeedback,0,1
71,673.2299956999999,2.1295999999892956,VSM.MarkReceiverPages,559104,1
71,673.2299956999999,2.1295999999892956,VSM.AllocationPrepare,9472,1
71,673.2299956999999,2.1295999999892956,VSM.AllocationCommit,600832,1
71,673.2299956999999,2.1295999999892956,VSM.Allocate,610816,1
71,673.2299956999999,2.1295999999892956,VSM.ClearPhysicalPages,265984,1
71,673.2299956999999,2.1295999999892956,VSM.PageOccupancy,73216,1
71,673.2299956999999,2.1295999999892956,VSM.FinalizePages,1536,1
71,673.2299956999999,2.1295999999892956,VSM.DynamicRaster,25600,1
71,673.2299956999999,2.1295999999892956,VSM.LayoutRemap,0,1
71,673.2299956999999,2.1295999999892956,VSM.InvalidateStatic,0,0
71,673.2299956999999,2.1295999999892956,VSM.InvalidateDynamic,1280,1
71,673.2299956999999,2.1295999999892956,VSM.StaticCasterCull,205312,1
71,673.2299956999999,2.1295999999892956,VSM.DynamicCasterCull,117760,1
71,673.2299956999999,2.1295999999892956,VSM.PageCull,289792,2
71,673.2299956999999,2.1295999999892956,VSM.StaticRasterClear,256,1
71,673.2299956999999,2.1295999999892956,VSM.StaticRasterDraw,6912,1
71,673.2299956999999,2.1295999999892956,VSM.DynamicRasterClear,256,1
71,673.2299956999999,2.1295999999892956,VSM.DynamicRasterDraw,25088,1
71,673.2299956999999,2.1295999999892956,VSM.StaticRaster,7168,1
71,673.2299956999999,2.1295999999892956,VSM.UnityCompatibilityRaster,0,0
71,673.2299956999999,2.1295999999892956,VSM.Resolve,6076928,1
71,673.2299956999999,2.1295999999892956,VSM.ResolveTrace,5849600,1
71,673.2299956999999,2.1295999999892956,VSM.FilterHorizontal,65792,1
71,673.2299956999999,2.1295999999892956,VSM.FilterVertical,0,0
71,673.2299956999999,2.1295999999892956,VSM.FilterTemporalVertical,160256,1
71,673.2299956999999,2.1295999999892956,VSM.ResetFeedback,0,1
72,673.2452225,1.920199999972283,VSM.MarkReceiverPages,561152,1
72,673.2452225,1.920199999972283,VSM.AllocationPrepare,9472,1
72,673.2452225,1.920199999972283,VSM.AllocationCommit,606976,1
72,673.2452225,1.920199999972283,VSM.Allocate,960768,1
72,673.2452225,1.920199999972283,VSM.ClearPhysicalPages,268800,1
72,673.2452225,1.920199999972283,VSM.PageOccupancy,72704,1
72,673.2452225,1.920199999972283,VSM.FinalizePages,2048,1
72,673.2452225,1.920199999972283,VSM.DynamicRaster,28416,1
72,673.2452225,1.920199999972283,VSM.LayoutRemap,0,1
72,673.2452225,1.920199999972283,VSM.InvalidateStatic,0,0
72,673.2452225,1.920199999972283,VSM.InvalidateDynamic,2560,1
72,673.2452225,1.920199999972283,VSM.StaticCasterCull,212480,1
72,673.2452225,1.920199999972283,VSM.DynamicCasterCull,120576,1
72,673.2452225,1.920199999972283,VSM.PageCull,298752,2
72,673.2452225,1.920199999972283,VSM.StaticRasterClear,256,1
72,673.2452225,1.920199999972283,VSM.StaticRasterDraw,7168,1
72,673.2452225,1.920199999972283,VSM.DynamicRasterClear,3584,1
72,673.2452225,1.920199999972283,VSM.DynamicRasterDraw,24576,1
72,673.2452225,1.920199999972283,VSM.StaticRaster,7424,1
72,673.2452225,1.920199999972283,VSM.UnityCompatibilityRaster,0,0
72,673.2452225,1.920199999972283,VSM.Resolve,6321664,1
72,673.2452225,1.920199999972283,VSM.ResolveTrace,5889536,1
72,673.2452225,1.920199999972283,VSM.FilterHorizontal,67072,1
72,673.2452225,1.920199999972283,VSM.FilterVertical,0,0
72,673.2452225,1.920199999972283,VSM.FilterTemporalVertical,364032,1
72,673.2452225,1.920199999972283,VSM.ResetFeedback,0,1
73,673.26070659999993,1.9053999999414373,VSM.MarkReceiverPages,725504,1
73,673.26070659999993,1.9053999999414373,VSM.AllocationPrepare,9984,1
73,673.26070659999993,1.9053999999414373,VSM.AllocationCommit,601344,1
73,673.26070659999993,1.9053999999414373,VSM.Allocate,880128,1
73,673.26070659999993,1.9053999999414373,VSM.ClearPhysicalPages,266752,1
73,673.26070659999993,1.9053999999414373,VSM.PageOccupancy,71680,1
73,673.26070659999993,1.9053999999414373,VSM.FinalizePages,1792,1
73,673.26070659999993,1.9053999999414373,VSM.DynamicRaster,25600,1
73,673.26070659999993,1.9053999999414373,VSM.LayoutRemap,0,1
73,673.26070659999993,1.9053999999414373,VSM.InvalidateStatic,0,0
73,673.26070659999993,1.9053999999414373,VSM.InvalidateDynamic,1792,1
73,673.26070659999993,1.9053999999414373,VSM.StaticCasterCull,213504,1
73,673.26070659999993,1.9053999999414373,VSM.DynamicCasterCull,121600,1
73,673.26070659999993,1.9053999999414373,VSM.PageCull,301056,2
73,673.26070659999993,1.9053999999414373,VSM.StaticRasterClear,256,1
73,673.26070659999993,1.9053999999414373,VSM.StaticRasterDraw,6912,1
73,673.26070659999993,1.9053999999414373,VSM.DynamicRasterClear,256,1
73,673.26070659999993,1.9053999999414373,VSM.DynamicRasterDraw,25344,1
73,673.26070659999993,1.9053999999414373,VSM.StaticRaster,7168,1
73,673.26070659999993,1.9053999999414373,VSM.UnityCompatibilityRaster,0,0
73,673.26070659999993,1.9053999999414373,VSM.Resolve,5874176,1
73,673.26070659999993,1.9053999999414373,VSM.ResolveTrace,5380096,1
73,673.26070659999993,1.9053999999414373,VSM.FilterHorizontal,332032,1
73,673.26070659999993,1.9053999999414373,VSM.FilterVertical,0,0
73,673.26070659999993,1.9053999999414373,VSM.FilterTemporalVertical,160768,1
73,673.26070659999993,1.9053999999414373,VSM.ResetFeedback,0,1
74,673.2764516,1.9431000000622589,VSM.MarkReceiverPages,557312,1
74,673.2764516,1.9431000000622589,VSM.AllocationPrepare,9728,1
74,673.2764516,1.9431000000622589,VSM.AllocationCommit,601088,1
74,673.2764516,1.9431000000622589,VSM.Allocate,610816,1
74,673.2764516,1.9431000000622589,VSM.ClearPhysicalPages,267008,1
74,673.2764516,1.9431000000622589,VSM.PageOccupancy,75264,1
74,673.2764516,1.9431000000622589,VSM.FinalizePages,2048,1
74,673.2764516,1.9431000000622589,VSM.DynamicRaster,25600,1
74,673.2764516,1.9431000000622589,VSM.LayoutRemap,0,1
74,673.2764516,1.9431000000622589,VSM.InvalidateStatic,0,0
74,673.2764516,1.9431000000622589,VSM.InvalidateDynamic,1280,1
74,673.2764516,1.9431000000622589,VSM.StaticCasterCull,204032,1
74,673.2764516,1.9431000000622589,VSM.DynamicCasterCull,112896,1
74,673.2764516,1.9431000000622589,VSM.PageCull,283136,2
74,673.2764516,1.9431000000622589,VSM.StaticRasterClear,256,1
74,673.2764516,1.9431000000622589,VSM.StaticRasterDraw,10496,1
74,673.2764516,1.9431000000622589,VSM.DynamicRasterClear,0,1
74,673.2764516,1.9431000000622589,VSM.DynamicRasterDraw,25344,1
74,673.2764516,1.9431000000622589,VSM.StaticRaster,10752,1
74,673.2764516,1.9431000000622589,VSM.UnityCompatibilityRaster,0,0
74,673.2764516,1.9431000000622589,VSM.Resolve,5937920,1
74,673.2764516,1.9431000000622589,VSM.ResolveTrace,5712640,1
74,673.2764516,1.9431000000622589,VSM.FilterHorizontal,64768,1
74,673.2764516,1.9431000000622589,VSM.FilterVertical,0,0
74,673.2764516,1.9431000000622589,VSM.FilterTemporalVertical,159488,1
74,673.2764516,1.9431000000622589,VSM.ResetFeedback,0,1
75,673.29194309999991,2.0207999999684034,VSM.MarkReceiverPages,576768,1
75,673.29194309999991,2.0207999999684034,VSM.AllocationPrepare,9472,1
75,673.29194309999991,2.0207999999684034,VSM.AllocationCommit,601344,1
75,673.29194309999991,2.0207999999684034,VSM.Allocate,787968,1
75,673.29194309999991,2.0207999999684034,VSM.ClearPhysicalPages,267008,1
75,673.29194309999991,2.0207999999684034,VSM.PageOccupancy,70912,1
75,673.29194309999991,2.0207999999684034,VSM.FinalizePages,1792,1
75,673.29194309999991,2.0207999999684034,VSM.DynamicRaster,27904,1
75,673.29194309999991,2.0207999999684034,VSM.LayoutRemap,0,1
75,673.29194309999991,2.0207999999684034,VSM.InvalidateStatic,0,0
75,673.29194309999991,2.0207999999684034,VSM.InvalidateDynamic,1792,1
75,673.29194309999991,2.0207999999684034,VSM.StaticCasterCull,207616,1
75,673.29194309999991,2.0207999999684034,VSM.DynamicCasterCull,120064,1
75,673.29194309999991,2.0207999999684034,VSM.PageCull,293888,2
75,673.29194309999991,2.0207999999684034,VSM.StaticRasterClear,0,1
75,673.29194309999991,2.0207999999684034,VSM.StaticRasterDraw,6912,1
75,673.29194309999991,2.0207999999684034,VSM.DynamicRasterClear,256,1
75,673.29194309999991,2.0207999999684034,VSM.DynamicRasterDraw,27648,1
75,673.29194309999991,2.0207999999684034,VSM.StaticRaster,7168,1
75,673.29194309999991,2.0207999999684034,VSM.UnityCompatibilityRaster,0,0
75,673.29194309999991,2.0207999999684034,VSM.Resolve,6325248,1
75,673.29194309999991,2.0207999999684034,VSM.ResolveTrace,6098944,1
75,673.29194309999991,2.0207999999684034,VSM.FilterHorizontal,65792,1
75,673.29194309999991,2.0207999999684034,VSM.FilterVertical,0,0
75,673.29194309999991,2.0207999999684034,VSM.FilterTemporalVertical,159488,1
75,673.29194309999991,2.0207999999684034,VSM.ResetFeedback,0,1
76,673.3067924,2.15590000004795,VSM.MarkReceiverPages,558848,1
76,673.3067924,2.15590000004795,VSM.AllocationPrepare,9728,1
76,673.3067924,2.15590000004795,VSM.AllocationCommit,601344,1
76,673.3067924,2.15590000004795,VSM.Allocate,868096,1
76,673.3067924,2.15590000004795,VSM.ClearPhysicalPages,267008,1
76,673.3067924,2.15590000004795,VSM.PageOccupancy,77568,1
76,673.3067924,2.15590000004795,VSM.FinalizePages,2048,1
76,673.3067924,2.15590000004795,VSM.DynamicRaster,25600,1
76,673.3067924,2.15590000004795,VSM.LayoutRemap,0,1
76,673.3067924,2.15590000004795,VSM.InvalidateStatic,0,0
76,673.3067924,2.15590000004795,VSM.InvalidateDynamic,1792,1
76,673.3067924,2.15590000004795,VSM.StaticCasterCull,211200,1
76,673.3067924,2.15590000004795,VSM.DynamicCasterCull,114432,1
76,673.3067924,2.15590000004795,VSM.PageCull,291328,2
76,673.3067924,2.15590000004795,VSM.StaticRasterClear,0,1
76,673.3067924,2.15590000004795,VSM.StaticRasterDraw,4608,1
76,673.3067924,2.15590000004795,VSM.DynamicRasterClear,256,1
76,673.3067924,2.15590000004795,VSM.DynamicRasterDraw,25344,1
76,673.3067924,2.15590000004795,VSM.StaticRaster,4864,1
76,673.3067924,2.15590000004795,VSM.UnityCompatibilityRaster,0,0
76,673.3067924,2.15590000004795,VSM.Resolve,6166016,1
76,673.3067924,2.15590000004795,VSM.ResolveTrace,5935616,1
76,673.3067924,2.15590000004795,VSM.FilterHorizontal,67072,1
76,673.3067924,2.15590000004795,VSM.FilterVertical,0,0
76,673.3067924,2.15590000004795,VSM.FilterTemporalVertical,162048,1
76,673.3067924,2.15590000004795,VSM.ResetFeedback,0,1
77,673.3224418,1.9780000000082509,VSM.MarkReceiverPages,561152,1
77,673.3224418,1.9780000000082509,VSM.AllocationPrepare,9728,1
77,673.3224418,1.9780000000082509,VSM.AllocationCommit,606976,1
77,673.3224418,1.9780000000082509,VSM.Allocate,1154048,1
77,673.3224418,1.9780000000082509,VSM.ClearPhysicalPages,269568,1
77,673.3224418,1.9780000000082509,VSM.PageOccupancy,75520,1
77,673.3224418,1.9780000000082509,VSM.FinalizePages,2304,1
77,673.3224418,1.9780000000082509,VSM.DynamicRaster,28160,1
77,673.3224418,1.9780000000082509,VSM.LayoutRemap,0,1
77,673.3224418,1.9780000000082509,VSM.InvalidateStatic,0,0
77,673.3224418,1.9780000000082509,VSM.InvalidateDynamic,2560,1
77,673.3224418,1.9780000000082509,VSM.StaticCasterCull,201728,1
77,673.3224418,1.9780000000082509,VSM.DynamicCasterCull,115456,1
77,673.3224418,1.9780000000082509,VSM.PageCull,282880,2
77,673.3224418,1.9780000000082509,VSM.StaticRasterClear,256,1
77,673.3224418,1.9780000000082509,VSM.StaticRasterDraw,5120,1
77,673.3224418,1.9780000000082509,VSM.DynamicRasterClear,1024,1
77,673.3224418,1.9780000000082509,VSM.DynamicRasterDraw,27136,1
77,673.3224418,1.9780000000082509,VSM.StaticRaster,5376,1
77,673.3224418,1.9780000000082509,VSM.UnityCompatibilityRaster,0,0
77,673.3224418,1.9780000000082509,VSM.Resolve,5856512,1
77,673.3224418,1.9780000000082509,VSM.ResolveTrace,5626624,1
77,673.3224418,1.9780000000082509,VSM.FilterHorizontal,67072,1
77,673.3224418,1.9780000000082509,VSM.FilterVertical,0,0
77,673.3224418,1.9780000000082509,VSM.FilterTemporalVertical,162048,1
77,673.3224418,1.9780000000082509,VSM.ResetFeedback,0,1
78,673.3374573,2.104000000031192,VSM.MarkReceiverPages,558080,1
78,673.3374573,2.104000000031192,VSM.AllocationPrepare,9216,1
78,673.3374573,2.104000000031192,VSM.AllocationCommit,605696,1
78,673.3374573,2.104000000031192,VSM.Allocate,615424,1
78,673.3374573,2.104000000031192,VSM.ClearPhysicalPages,267776,1
78,673.3374573,2.104000000031192,VSM.PageOccupancy,74240,1
78,673.3374573,2.104000000031192,VSM.FinalizePages,1792,1
78,673.3374573,2.104000000031192,VSM.DynamicRaster,26368,1
78,673.3374573,2.104000000031192,VSM.LayoutRemap,0,1
78,673.3374573,2.104000000031192,VSM.InvalidateStatic,0,0
78,673.3374573,2.104000000031192,VSM.InvalidateDynamic,1536,1
78,673.3374573,2.104000000031192,VSM.StaticCasterCull,212992,1
78,673.3374573,2.104000000031192,VSM.DynamicCasterCull,124416,1
78,673.3374573,2.104000000031192,VSM.PageCull,303616,2
78,673.3374573,2.104000000031192,VSM.StaticRasterClear,256,1
78,673.3374573,2.104000000031192,VSM.StaticRasterDraw,3328,1
78,673.3374573,2.104000000031192,VSM.DynamicRasterClear,2816,1
78,673.3374573,2.104000000031192,VSM.DynamicRasterDraw,23552,1
78,673.3374573,2.104000000031192,VSM.StaticRaster,3584,1
78,673.3374573,2.104000000031192,VSM.UnityCompatibilityRaster,0,0
78,673.3374573,2.104000000031192,VSM.Resolve,6242304,1
78,673.3374573,2.104000000031192,VSM.ResolveTrace,5770752,1
78,673.3374573,2.104000000031192,VSM.FilterHorizontal,65280,1
78,673.3374573,2.104000000031192,VSM.FilterVertical,0,0
78,673.3374573,2.104000000031192,VSM.FilterTemporalVertical,405248,1
78,673.3374573,2.104000000031192,VSM.ResetFeedback,0,1
79,673.3525582,1.9960000000764921,VSM.MarkReceiverPages,558336,1
79,673.3525582,1.9960000000764921,VSM.AllocationPrepare,9472,1
79,673.3525582,1.9960000000764921,VSM.AllocationCommit,601088,1
79,673.3525582,1.9960000000764921,VSM.Allocate,773376,1
79,673.3525582,1.9960000000764921,VSM.ClearPhysicalPages,266752,1
79,673.3525582,1.9960000000764921,VSM.PageOccupancy,75520,1
79,673.3525582,1.9960000000764921,VSM.FinalizePages,1536,1
79,673.3525582,1.9960000000764921,VSM.DynamicRaster,27136,1
79,673.3525582,1.9960000000764921,VSM.LayoutRemap,0,1
79,673.3525582,1.9960000000764921,VSM.InvalidateStatic,0,0
79,673.3525582,1.9960000000764921,VSM.InvalidateDynamic,1536,1
79,673.3525582,1.9960000000764921,VSM.StaticCasterCull,208640,1
79,673.3525582,1.9960000000764921,VSM.DynamicCasterCull,114944,1
79,673.3525582,1.9960000000764921,VSM.PageCull,289536,2
79,673.3525582,1.9960000000764921,VSM.StaticRasterClear,0,1
79,673.3525582,1.9960000000764921,VSM.StaticRasterDraw,7168,1
79,673.3525582,1.9960000000764921,VSM.DynamicRasterClear,256,1
79,673.3525582,1.9960000000764921,VSM.DynamicRasterDraw,26880,1
79,673.3525582,1.9960000000764921,VSM.StaticRaster,7424,1
79,673.3525582,1.9960000000764921,VSM.UnityCompatibilityRaster,0,0
79,673.3525582,1.9960000000764921,VSM.Resolve,6227712,1
79,673.3525582,1.9960000000764921,VSM.ResolveTrace,6002432,1
79,673.3525582,1.9960000000764921,VSM.FilterHorizontal,65280,1
79,673.3525582,1.9960000000764921,VSM.FilterVertical,0,0
79,673.3525582,1.9960000000764921,VSM.FilterTemporalVertical,158720,1
79,673.3525582,1.9960000000764921,VSM.ResetFeedback,0,1
80,673.3679274,1.9662000000835178,VSM.MarkReceiverPages,557824,1
80,673.3679274,1.9662000000835178,VSM.AllocationPrepare,9728,1
80,673.3679274,1.9662000000835178,VSM.AllocationCommit,601344,1
80,673.3679274,1.9662000000835178,VSM.Allocate,611072,1
80,673.3679274,1.9662000000835178,VSM.ClearPhysicalPages,266752,1
80,673.3679274,1.9662000000835178,VSM.PageOccupancy,74240,1
80,673.3679274,1.9662000000835178,VSM.FinalizePages,1792,1
80,673.3679274,1.9662000000835178,VSM.DynamicRaster,27648,1
80,673.3679274,1.9662000000835178,VSM.LayoutRemap,0,1
80,673.3679274,1.9662000000835178,VSM.InvalidateStatic,0,0
80,673.3679274,1.9662000000835178,VSM.InvalidateDynamic,1536,1
80,673.3679274,1.9662000000835178,VSM.StaticCasterCull,202752,1
80,673.3679274,1.9662000000835178,VSM.DynamicCasterCull,116480,1
80,673.3679274,1.9662000000835178,VSM.PageCull,285440,2
80,673.3679274,1.9662000000835178,VSM.StaticRasterClear,0,1
80,673.3679274,1.9662000000835178,VSM.StaticRasterDraw,7168,1
80,673.3679274,1.9662000000835178,VSM.DynamicRasterClear,2816,1
80,673.3679274,1.9662000000835178,VSM.DynamicRasterDraw,24832,1
80,673.3679274,1.9662000000835178,VSM.StaticRaster,7168,1
80,673.3679274,1.9662000000835178,VSM.UnityCompatibilityRaster,0,0
80,673.3679274,1.9662000000835178,VSM.Resolve,5604352,1
80,673.3679274,1.9662000000835178,VSM.ResolveTrace,5379584,1
80,673.3679274,1.9662000000835178,VSM.FilterHorizontal,65280,1
80,673.3679274,1.9662000000835178,VSM.FilterVertical,0,0
80,673.3679274,1.9662000000835178,VSM.FilterTemporalVertical,158208,1
80,673.3679274,1.9662000000835178,VSM.ResetFeedback,0,1
81,673.38297189999992,1.9224999999778447,VSM.MarkReceiverPages,559360,1
81,673.38297189999992,1.9224999999778447,VSM.AllocationPrepare,9728,1
81,673.38297189999992,1.9224999999778447,VSM.AllocationCommit,608000,1
81,673.38297189999992,1.9224999999778447,VSM.Allocate,1446144,1
81,673.38297189999992,1.9224999999778447,VSM.ClearPhysicalPages,269056,1
81,673.38297189999992,1.9224999999778447,VSM.PageOccupancy,75520,1
81,673.38297189999992,1.9224999999778447,VSM.FinalizePages,2048,1
81,673.38297189999992,1.9224999999778447,VSM.DynamicRaster,26112,1
81,673.38297189999992,1.9224999999778447,VSM.LayoutRemap,0,1
81,673.38297189999992,1.9224999999778447,VSM.InvalidateStatic,0,0
81,673.38297189999992,1.9224999999778447,VSM.InvalidateDynamic,2560,1
81,673.38297189999992,1.9224999999778447,VSM.StaticCasterCull,210432,1
81,673.38297189999992,1.9224999999778447,VSM.DynamicCasterCull,117248,1
81,673.38297189999992,1.9224999999778447,VSM.PageCull,293632,2
81,673.38297189999992,1.9224999999778447,VSM.StaticRasterClear,0,1
81,673.38297189999992,1.9224999999778447,VSM.StaticRasterDraw,7168,1
81,673.38297189999992,1.9224999999778447,VSM.DynamicRasterClear,0,1
81,673.38297189999992,1.9224999999778447,VSM.DynamicRasterDraw,25856,1
81,673.38297189999992,1.9224999999778447,VSM.StaticRaster,7424,1
81,673.38297189999992,1.9224999999778447,VSM.UnityCompatibilityRaster,0,0
81,673.38297189999992,1.9224999999778447,VSM.Resolve,5335552,1
81,673.38297189999992,1.9224999999778447,VSM.ResolveTrace,5111040,1
81,673.38297189999992,1.9224999999778447,VSM.FilterHorizontal,65280,1
81,673.38297189999992,1.9224999999778447,VSM.FilterVertical,0,0
81,673.38297189999992,1.9224999999778447,VSM.FilterTemporalVertical,159232,1
81,673.38297189999992,1.9224999999778447,VSM.ResetFeedback,0,1
82,673.39841289999993,2.1788000000242391,VSM.MarkReceiverPages,558848,1
82,673.39841289999993,2.1788000000242391,VSM.AllocationPrepare,9728,1
82,673.39841289999993,2.1788000000242391,VSM.AllocationCommit,605952,1
82,673.39841289999993,2.1788000000242391,VSM.Allocate,615936,1
82,673.39841289999993,2.1788000000242391,VSM.ClearPhysicalPages,266496,1
82,673.39841289999993,2.1788000000242391,VSM.PageOccupancy,76288,1
82,673.39841289999993,2.1788000000242391,VSM.FinalizePages,2048,1
82,673.39841289999993,2.1788000000242391,VSM.DynamicRaster,26112,1
82,673.39841289999993,2.1788000000242391,VSM.LayoutRemap,0,1
82,673.39841289999993,2.1788000000242391,VSM.InvalidateStatic,0,0
82,673.39841289999993,2.1788000000242391,VSM.InvalidateDynamic,1536,1
82,673.39841289999993,2.1788000000242391,VSM.StaticCasterCull,473088,1
82,673.39841289999993,2.1788000000242391,VSM.DynamicCasterCull,122880,1
82,673.39841289999993,2.1788000000242391,VSM.PageCull,302592,2
82,673.39841289999993,2.1788000000242391,VSM.StaticRasterClear,256,1
82,673.39841289999993,2.1788000000242391,VSM.StaticRasterDraw,4608,1
82,673.39841289999993,2.1788000000242391,VSM.DynamicRasterClear,0,1
82,673.39841289999993,2.1788000000242391,VSM.DynamicRasterDraw,25856,1
82,673.39841289999993,2.1788000000242391,VSM.StaticRaster,5120,1
82,673.39841289999993,2.1788000000242391,VSM.UnityCompatibilityRaster,0,0
82,673.39841289999993,2.1788000000242391,VSM.Resolve,5979136,1
82,673.39841289999993,2.1788000000242391,VSM.ResolveTrace,5749248,1
82,673.39841289999993,2.1788000000242391,VSM.FilterHorizontal,65536,1
82,673.39841289999993,2.1788000000242391,VSM.FilterVertical,0,0
82,673.39841289999993,2.1788000000242391,VSM.FilterTemporalVertical,162816,1
82,673.39841289999993,2.1788000000242391,VSM.ResetFeedback,0,1
83,673.414135,2.1344000000453889,VSM.MarkReceiverPages,557312,1
83,673.414135,2.1344000000453889,VSM.AllocationPrepare,9472,1
83,673.414135,2.1344000000453889,VSM.AllocationCommit,601088,1
83,673.414135,2.1344000000453889,VSM.Allocate,611072,1
83,673.414135,2.1344000000453889,VSM.ClearPhysicalPages,267008,1
83,673.414135,2.1344000000453889,VSM.PageOccupancy,75776,1
83,673.414135,2.1344000000453889,VSM.FinalizePages,2048,1
83,673.414135,2.1344000000453889,VSM.DynamicRaster,26880,1
83,673.414135,2.1344000000453889,VSM.LayoutRemap,0,1
83,673.414135,2.1344000000453889,VSM.InvalidateStatic,0,0
83,673.414135,2.1344000000453889,VSM.InvalidateDynamic,1536,1
83,673.414135,2.1344000000453889,VSM.StaticCasterCull,210432,1
83,673.414135,2.1344000000453889,VSM.DynamicCasterCull,121600,1
83,673.414135,2.1344000000453889,VSM.PageCull,298496,2
83,673.414135,2.1344000000453889,VSM.StaticRasterClear,256,1
83,673.414135,2.1344000000453889,VSM.StaticRasterDraw,7168,1
83,673.414135,2.1344000000453889,VSM.DynamicRasterClear,1536,1
83,673.414135,2.1344000000453889,VSM.DynamicRasterDraw,25088,1
83,673.414135,2.1344000000453889,VSM.StaticRaster,7424,1
83,673.414135,2.1344000000453889,VSM.UnityCompatibilityRaster,0,0
83,673.414135,2.1344000000453889,VSM.Resolve,6053632,1
83,673.414135,2.1344000000453889,VSM.ResolveTrace,5827328,1
83,673.414135,2.1344000000453889,VSM.FilterHorizontal,65280,1
83,673.414135,2.1344000000453889,VSM.FilterVertical,0,0
83,673.414135,2.1344000000453889,VSM.FilterTemporalVertical,159488,1
83,673.414135,2.1344000000453889,VSM.ResetFeedback,0,1
84,673.4311310999999,2.9862999999750173,VSM.MarkReceiverPages,557056,1
84,673.4311310999999,2.9862999999750173,VSM.AllocationPrepare,9728,1
84,673.4311310999999,2.9862999999750173,VSM.AllocationCommit,601088,1
84,673.4311310999999,2.9862999999750173,VSM.Allocate,885248,1
84,673.4311310999999,2.9862999999750173,VSM.ClearPhysicalPages,267008,1
84,673.4311310999999,2.9862999999750173,VSM.PageOccupancy,75264,1
84,673.4311310999999,2.9862999999750173,VSM.FinalizePages,2048,1
84,673.4311310999999,2.9862999999750173,VSM.DynamicRaster,25856,1
84,673.4311310999999,2.9862999999750173,VSM.LayoutRemap,0,1
84,673.4311310999999,2.9862999999750173,VSM.InvalidateStatic,0,0
84,673.4311310999999,2.9862999999750173,VSM.InvalidateDynamic,1792,1
84,673.4311310999999,2.9862999999750173,VSM.StaticCasterCull,209408,1
84,673.4311310999999,2.9862999999750173,VSM.DynamicCasterCull,113408,1
84,673.4311310999999,2.9862999999750173,VSM.PageCull,288000,2
84,673.4311310999999,2.9862999999750173,VSM.StaticRasterClear,256,1
84,673.4311310999999,2.9862999999750173,VSM.StaticRasterDraw,7168,1
84,673.4311310999999,2.9862999999750173,VSM.DynamicRasterClear,0,1
84,673.4311310999999,2.9862999999750173,VSM.DynamicRasterDraw,25600,1
84,673.4311310999999,2.9862999999750173,VSM.StaticRaster,7424,1
84,673.4311310999999,2.9862999999750173,VSM.UnityCompatibilityRaster,0,0
84,673.4311310999999,2.9862999999750173,VSM.Resolve,6235648,1
84,673.4311310999999,2.9862999999750173,VSM.ResolveTrace,5841408,1
84,673.4311310999999,2.9862999999750173,VSM.FilterHorizontal,66304,1
84,673.4311310999999,2.9862999999750173,VSM.FilterVertical,0,0
84,673.4311310999999,2.9862999999750173,VSM.FilterTemporalVertical,163072,1
84,673.4311310999999,2.9862999999750173,VSM.ResetFeedback,0,1
85,673.4460548,2.0484000000351443,VSM.MarkReceiverPages,560128,1
85,673.4460548,2.0484000000351443,VSM.AllocationPrepare,9472,1
85,673.4460548,2.0484000000351443,VSM.AllocationCommit,606720,1
85,673.4460548,2.0484000000351443,VSM.Allocate,884224,1
85,673.4460548,2.0484000000351443,VSM.ClearPhysicalPages,268800,1
85,673.4460548,2.0484000000351443,VSM.PageOccupancy,78336,1
85,673.4460548,2.0484000000351443,VSM.FinalizePages,1792,1
85,673.4460548,2.0484000000351443,VSM.DynamicRaster,25856,1
85,673.4460548,2.0484000000351443,VSM.LayoutRemap,0,1
85,673.4460548,2.0484000000351443,VSM.InvalidateStatic,0,0
85,673.4460548,2.0484000000351443,VSM.InvalidateDynamic,1536,1
85,673.4460548,2.0484000000351443,VSM.StaticCasterCull,215040,1
85,673.4460548,2.0484000000351443,VSM.DynamicCasterCull,116992,1
85,673.4460548,2.0484000000351443,VSM.PageCull,297984,2
85,673.4460548,2.0484000000351443,VSM.StaticRasterClear,0,1
85,673.4460548,2.0484000000351443,VSM.StaticRasterDraw,10240,1
85,673.4460548,2.0484000000351443,VSM.DynamicRasterClear,0,1
85,673.4460548,2.0484000000351443,VSM.DynamicRasterDraw,25856,1
85,673.4460548,2.0484000000351443,VSM.StaticRaster,10496,1
85,673.4460548,2.0484000000351443,VSM.UnityCompatibilityRaster,0,0
85,673.4460548,2.0484000000351443,VSM.Resolve,6253056,1
85,673.4460548,2.0484000000351443,VSM.ResolveTrace,6023424,1
85,673.4460548,2.0484000000351443,VSM.FilterHorizontal,66816,1
85,673.4460548,2.0484000000351443,VSM.FilterVertical,0,0
85,673.4460548,2.0484000000351443,VSM.FilterTemporalVertical,161536,1
85,673.4460548,2.0484000000351443,VSM.ResetFeedback,0,1
86,673.4618313,2.3419000000330925,VSM.MarkReceiverPages,811520,1
86,673.4618313,2.3419000000330925,VSM.AllocationPrepare,9728,1
86,673.4618313,2.3419000000330925,VSM.AllocationCommit,601600,1
86,673.4618313,2.3419000000330925,VSM.Allocate,783616,1
86,673.4618313,2.3419000000330925,VSM.ClearPhysicalPages,267008,1
86,673.4618313,2.3419000000330925,VSM.PageOccupancy,71168,1
86,673.4618313,2.3419000000330925,VSM.FinalizePages,1792,1
86,673.4618313,2.3419000000330925,VSM.DynamicRaster,25088,1
86,673.4618313,2.3419000000330925,VSM.LayoutRemap,0,1
86,673.4618313,2.3419000000330925,VSM.InvalidateStatic,0,0
86,673.4618313,2.3419000000330925,VSM.InvalidateDynamic,1792,1
86,673.4618313,2.3419000000330925,VSM.StaticCasterCull,203520,1
86,673.4618313,2.3419000000330925,VSM.DynamicCasterCull,115456,1
86,673.4618313,2.3419000000330925,VSM.PageCull,285184,2
86,673.4618313,2.3419000000330925,VSM.StaticRasterClear,256,1
86,673.4618313,2.3419000000330925,VSM.StaticRasterDraw,3072,1
86,673.4618313,2.3419000000330925,VSM.DynamicRasterClear,0,1
86,673.4618313,2.3419000000330925,VSM.DynamicRasterDraw,25088,1
86,673.4618313,2.3419000000330925,VSM.StaticRaster,3328,1
86,673.4618313,2.3419000000330925,VSM.UnityCompatibilityRaster,0,0
86,673.4618313,2.3419000000330925,VSM.Resolve,6380288,1
86,673.4618313,2.3419000000330925,VSM.ResolveTrace,5873664,1
86,673.4618313,2.3419000000330925,VSM.FilterHorizontal,65536,1
86,673.4618313,2.3419000000330925,VSM.FilterVertical,0,0
86,673.4618313,2.3419000000330925,VSM.FilterTemporalVertical,440064,1
86,673.4618313,2.3419000000330925,VSM.ResetFeedback,0,1
87,673.4763079999999,1.9903999999542066,VSM.MarkReceiverPages,557568,1
87,673.4763079999999,1.9903999999542066,VSM.AllocationPrepare,9728,1
87,673.4763079999999,1.9903999999542066,VSM.AllocationCommit,601088,1
87,673.4763079999999,1.9903999999542066,VSM.Allocate,610816,1
87,673.4763079999999,1.9903999999542066,VSM.ClearPhysicalPages,266240,1
87,673.4763079999999,1.9903999999542066,VSM.PageOccupancy,73216,1
87,673.4763079999999,1.9903999999542066,VSM.FinalizePages,1792,1
87,673.4763079999999,1.9903999999542066,VSM.DynamicRaster,26624,1
87,673.4763079999999,1.9903999999542066,VSM.LayoutRemap,0,1
87,673.4763079999999,1.9903999999542066,VSM.InvalidateStatic,0,0
87,673.4763079999999,1.9903999999542066,VSM.InvalidateDynamic,1536,1
87,673.4763079999999,1.9903999999542066,VSM.StaticCasterCull,220928,1
87,673.4763079999999,1.9903999999542066,VSM.DynamicCasterCull,469504,1
87,673.4763079999999,1.9903999999542066,VSM.PageCull,303104,2
87,673.4763079999999,1.9903999999542066,VSM.StaticRasterClear,0,1
87,673.4763079999999,1.9903999999542066,VSM.StaticRasterDraw,7168,1
87,673.4763079999999,1.9903999999542066,VSM.DynamicRasterClear,1536,1
87,673.4763079999999,1.9903999999542066,VSM.DynamicRasterDraw,25088,1
87,673.4763079999999,1.9903999999542066,VSM.StaticRaster,7424,1
87,673.4763079999999,1.9903999999542066,VSM.UnityCompatibilityRaster,0,0
87,673.4763079999999,1.9903999999542066,VSM.Resolve,5965056,1
87,673.4763079999999,1.9903999999542066,VSM.ResolveTrace,5734144,1
87,673.4763079999999,1.9903999999542066,VSM.FilterHorizontal,66816,1
87,673.4763079999999,1.9903999999542066,VSM.FilterVertical,0,0
87,673.4763079999999,1.9903999999542066,VSM.FilterTemporalVertical,163072,1
87,673.4763079999999,1.9903999999542066,VSM.ResetFeedback,0,1
88,673.49192269999992,2.0303000000012617,VSM.MarkReceiverPages,558848,1
88,673.49192269999992,2.0303000000012617,VSM.AllocationPrepare,9472,1
88,673.49192269999992,2.0303000000012617,VSM.AllocationCommit,601088,1
88,673.49192269999992,2.0303000000012617,VSM.Allocate,781312,1
88,673.49192269999992,2.0303000000012617,VSM.ClearPhysicalPages,266496,1
88,673.49192269999992,2.0303000000012617,VSM.PageOccupancy,72448,1
88,673.49192269999992,2.0303000000012617,VSM.FinalizePages,2048,1
88,673.49192269999992,2.0303000000012617,VSM.DynamicRaster,27136,1
88,673.49192269999992,2.0303000000012617,VSM.LayoutRemap,0,1
88,673.49192269999992,2.0303000000012617,VSM.InvalidateStatic,0,0
88,673.49192269999992,2.0303000000012617,VSM.InvalidateDynamic,1792,1
88,673.49192269999992,2.0303000000012617,VSM.StaticCasterCull,205568,1
88,673.49192269999992,2.0303000000012617,VSM.DynamicCasterCull,116992,1
88,673.49192269999992,2.0303000000012617,VSM.PageCull,288256,2
88,673.49192269999992,2.0303000000012617,VSM.StaticRasterClear,0,1
88,673.49192269999992,2.0303000000012617,VSM.StaticRasterDraw,7168,1
88,673.49192269999992,2.0303000000012617,VSM.DynamicRasterClear,2048,1
88,673.49192269999992,2.0303000000012617,VSM.DynamicRasterDraw,25088,1
88,673.49192269999992,2.0303000000012617,VSM.StaticRaster,7424,1
88,673.49192269999992,2.0303000000012617,VSM.UnityCompatibilityRaster,0,0
88,673.49192269999992,2.0303000000012617,VSM.Resolve,6279680,1
88,673.49192269999992,2.0303000000012617,VSM.ResolveTrace,5855744,1
88,673.49192269999992,2.0303000000012617,VSM.FilterHorizontal,65280,1
88,673.49192269999992,2.0303000000012617,VSM.FilterVertical,0,0
88,673.49192269999992,2.0303000000012617,VSM.FilterTemporalVertical,357376,1
88,673.49192269999992,2.0303000000012617,VSM.ResetFeedback,0,1
89,673.50737429999992,2.5392999999667154,VSM.MarkReceiverPages,559360,1
89,673.50737429999992,2.5392999999667154,VSM.AllocationPrepare,9728,1
89,673.50737429999992,2.5392999999667154,VSM.AllocationCommit,600576,1
89,673.50737429999992,2.5392999999667154,VSM.Allocate,610560,1
89,673.50737429999992,2.5392999999667154,VSM.ClearPhysicalPages,267008,1
89,673.50737429999992,2.5392999999667154,VSM.PageOccupancy,72704,1
89,673.50737429999992,2.5392999999667154,VSM.FinalizePages,1792,1
89,673.50737429999992,2.5392999999667154,VSM.DynamicRaster,24576,1
89,673.50737429999992,2.5392999999667154,VSM.LayoutRemap,0,1
89,673.50737429999992,2.5392999999667154,VSM.InvalidateStatic,0,0
89,673.50737429999992,2.5392999999667154,VSM.InvalidateDynamic,1536,1
89,673.50737429999992,2.5392999999667154,VSM.StaticCasterCull,205056,1
89,673.50737429999992,2.5392999999667154,VSM.DynamicCasterCull,116224,1
89,673.50737429999992,2.5392999999667154,VSM.PageCull,286976,2
89,673.50737429999992,2.5392999999667154,VSM.StaticRasterClear,256,1
89,673.50737429999992,2.5392999999667154,VSM.StaticRasterDraw,9984,1
89,673.50737429999992,2.5392999999667154,VSM.DynamicRasterClear,0,1
89,673.50737429999992,2.5392999999667154,VSM.DynamicRasterDraw,24576,1
89,673.50737429999992,2.5392999999667154,VSM.StaticRaster,10240,1
89,673.50737429999992,2.5392999999667154,VSM.UnityCompatibilityRaster,0,0
89,673.50737429999992,2.5392999999667154,VSM.Resolve,6041344,1
89,673.50737429999992,2.5392999999667154,VSM.ResolveTrace,5811968,1
89,673.50737429999992,2.5392999999667154,VSM.FilterHorizontal,66304,1
89,673.50737429999992,2.5392999999667154,VSM.FilterVertical,0,0
89,673.50737429999992,2.5392999999667154,VSM.FilterTemporalVertical,161792,1
89,673.50737429999992,2.5392999999667154,VSM.ResetFeedback,0,1
90,673.5256169999999,4.3796999999585751,VSM.MarkReceiverPages,562432,1
90,673.5256169999999,4.3796999999585751,VSM.AllocationPrepare,9728,1
90,673.5256169999999,4.3796999999585751,VSM.AllocationCommit,606976,1
90,673.5256169999999,4.3796999999585751,VSM.Allocate,1055232,1
90,673.5256169999999,4.3796999999585751,VSM.ClearPhysicalPages,269312,1
90,673.5256169999999,4.3796999999585751,VSM.PageOccupancy,72192,1
90,673.5256169999999,4.3796999999585751,VSM.FinalizePages,1792,1
90,673.5256169999999,4.3796999999585751,VSM.DynamicRaster,25344,1
90,673.5256169999999,4.3796999999585751,VSM.LayoutRemap,0,1
90,673.5256169999999,4.3796999999585751,VSM.InvalidateStatic,0,0
90,673.5256169999999,4.3796999999585751,VSM.InvalidateDynamic,2560,1
90,673.5256169999999,4.3796999999585751,VSM.StaticCasterCull,214016,1
90,673.5256169999999,4.3796999999585751,VSM.DynamicCasterCull,121856,1
90,673.5256169999999,4.3796999999585751,VSM.PageCull,301824,2
90,673.5256169999999,4.3796999999585751,VSM.StaticRasterClear,256,1
90,673.5256169999999,4.3796999999585751,VSM.StaticRasterDraw,6912,1
90,673.5256169999999,4.3796999999585751,VSM.DynamicRasterClear,0,1
90,673.5256169999999,4.3796999999585751,VSM.DynamicRasterDraw,25344,1
90,673.5256169999999,4.3796999999585751,VSM.StaticRaster,7168,1
90,673.5256169999999,4.3796999999585751,VSM.UnityCompatibilityRaster,0,0
90,673.5256169999999,4.3796999999585751,VSM.Resolve,6231808,1
90,673.5256169999999,4.3796999999585751,VSM.ResolveTrace,6003200,1
90,673.5256169999999,4.3796999999585751,VSM.FilterHorizontal,66560,1
90,673.5256169999999,4.3796999999585751,VSM.FilterVertical,0,0
90,673.5256169999999,4.3796999999585751,VSM.FilterTemporalVertical,161024,1
90,673.5256169999999,4.3796999999585751,VSM.ResetFeedback,0,1
91,673.54456129999994,4.3859999999540378,VSM.MarkReceiverPages,558336,1
91,673.54456129999994,4.3859999999540378,VSM.AllocationPrepare,9472,1
91,673.54456129999994,4.3859999999540378,VSM.AllocationCommit,606208,1
91,673.54456129999994,4.3859999999540378,VSM.Allocate,615680,1
91,673.54456129999994,4.3859999999540378,VSM.ClearPhysicalPages,267776,1
91,673.54456129999994,4.3859999999540378,VSM.PageOccupancy,76288,1
91,673.54456129999994,4.3859999999540378,VSM.FinalizePages,1792,1
91,673.54456129999994,4.3859999999540378,VSM.DynamicRaster,278272,1
91,673.54456129999994,4.3859999999540378,VSM.LayoutRemap,0,1
91,673.54456129999994,4.3859999999540378,VSM.InvalidateStatic,0,0
91,673.54456129999994,4.3859999999540378,VSM.InvalidateDynamic,1536,1
91,673.54456129999994,4.3859999999540378,VSM.StaticCasterCull,219136,1
91,673.54456129999994,4.3859999999540378,VSM.DynamicCasterCull,121600,1
91,673.54456129999994,4.3859999999540378,VSM.PageCull,306432,2
91,673.54456129999994,4.3859999999540378,VSM.StaticRasterClear,0,1
91,673.54456129999994,4.3859999999540378,VSM.StaticRasterDraw,11008,1
91,673.54456129999994,4.3859999999540378,VSM.DynamicRasterClear,0,1
91,673.54456129999994,4.3859999999540378,VSM.DynamicRasterDraw,278272,1
91,673.54456129999994,4.3859999999540378,VSM.StaticRaster,11264,1
91,673.54456129999994,4.3859999999540378,VSM.UnityCompatibilityRaster,0,0
91,673.54456129999994,4.3859999999540378,VSM.Resolve,5895424,1
91,673.54456129999994,4.3859999999540378,VSM.ResolveTrace,5404672,1
91,673.54456129999994,4.3859999999540378,VSM.FilterHorizontal,65280,1
91,673.54456129999994,4.3859999999540378,VSM.FilterVertical,0,0
91,673.54456129999994,4.3859999999540378,VSM.FilterTemporalVertical,158720,1
91,673.54456129999994,4.3859999999540378,VSM.ResetFeedback,0,1
92,673.5656809,3.4126000000469503,VSM.MarkReceiverPages,580608,1
92,673.5656809,3.4126000000469503,VSM.AllocationPrepare,9728,1
92,673.5656809,3.4126000000469503,VSM.AllocationCommit,600576,1
92,673.5656809,3.4126000000469503,VSM.Allocate,778496,1
92,673.5656809,3.4126000000469503,VSM.ClearPhysicalPages,267264,1
92,673.5656809,3.4126000000469503,VSM.PageOccupancy,72960,1
92,673.5656809,3.4126000000469503,VSM.FinalizePages,1792,1
92,673.5656809,3.4126000000469503,VSM.DynamicRaster,25856,1
92,673.5656809,3.4126000000469503,VSM.LayoutRemap,0,1
92,673.5656809,3.4126000000469503,VSM.InvalidateStatic,0,0
92,673.5656809,3.4126000000469503,VSM.InvalidateDynamic,1792,1
92,673.5656809,3.4126000000469503,VSM.StaticCasterCull,199424,1
92,673.5656809,3.4126000000469503,VSM.DynamicCasterCull,115200,1
92,673.5656809,3.4126000000469503,VSM.PageCull,280832,2
92,673.5656809,3.4126000000469503,VSM.StaticRasterClear,0,1
92,673.5656809,3.4126000000469503,VSM.StaticRasterDraw,6912,1
92,673.5656809,3.4126000000469503,VSM.DynamicRasterClear,512,1
92,673.5656809,3.4126000000469503,VSM.DynamicRasterDraw,25088,1
92,673.5656809,3.4126000000469503,VSM.StaticRaster,7168,1
92,673.5656809,3.4126000000469503,VSM.UnityCompatibilityRaster,0,0
92,673.5656809,3.4126000000469503,VSM.Resolve,6516736,1
92,673.5656809,3.4126000000469503,VSM.ResolveTrace,6291200,1
92,673.5656809,3.4126000000469503,VSM.FilterHorizontal,65280,1
92,673.5656809,3.4126000000469503,VSM.FilterVertical,0,0
92,673.5656809,3.4126000000469503,VSM.FilterTemporalVertical,159232,1
92,673.5656809,3.4126000000469503,VSM.ResetFeedback,0,1
93,673.5839236999999,3.7891999999146719,VSM.MarkReceiverPages,751872,1
93,673.5839236999999,3.7891999999146719,VSM.AllocationPrepare,9728,1
93,673.5839236999999,3.7891999999146719,VSM.AllocationCommit,601344,1
93,673.5839236999999,3.7891999999146719,VSM.Allocate,611840,1
93,673.5839236999999,3.7891999999146719,VSM.ClearPhysicalPages,269312,1
93,673.5839236999999,3.7891999999146719,VSM.PageOccupancy,74240,1
93,673.5839236999999,3.7891999999146719,VSM.FinalizePages,1792,1
93,673.5839236999999,3.7891999999146719,VSM.DynamicRaster,33792,1
93,673.5839236999999,3.7891999999146719,VSM.LayoutRemap,0,1
93,673.5839236999999,3.7891999999146719,VSM.InvalidateStatic,0,0
93,673.5839236999999,3.7891999999146719,VSM.InvalidateDynamic,1536,1
93,673.5839236999999,3.7891999999146719,VSM.StaticCasterCull,210432,1
93,673.5839236999999,3.7891999999146719,VSM.DynamicCasterCull,109824,1
93,673.5839236999999,3.7891999999146719,VSM.PageCull,286464,2
93,673.5839236999999,3.7891999999146719,VSM.StaticRasterClear,0,1
93,673.5839236999999,3.7891999999146719,VSM.StaticRasterDraw,7168,1
93,673.5839236999999,3.7891999999146719,VSM.DynamicRasterClear,7936,1
93,673.5839236999999,3.7891999999146719,VSM.DynamicRasterDraw,25600,1
93,673.5839236999999,3.7891999999146719,VSM.StaticRaster,7424,1
93,673.5839236999999,3.7891999999146719,VSM.UnityCompatibilityRaster,0,0
93,673.5839236999999,3.7891999999146719,VSM.Resolve,5650176,1
93,673.5839236999999,3.7891999999146719,VSM.ResolveTrace,5422080,1
93,673.5839236999999,3.7891999999146719,VSM.FilterHorizontal,65536,1
93,673.5839236999999,3.7891999999146719,VSM.FilterVertical,0,0
93,673.5839236999999,3.7891999999146719,VSM.FilterTemporalVertical,161280,1
93,673.5839236999999,3.7891999999146719,VSM.ResetFeedback,0,1
94,673.6000927,2.3766000000478016,VSM.MarkReceiverPages,559616,1
94,673.6000927,2.3766000000478016,VSM.AllocationPrepare,9472,1
94,673.6000927,2.3766000000478016,VSM.AllocationCommit,606976,1
94,673.6000927,2.3766000000478016,VSM.Allocate,763648,1
94,673.6000927,2.3766000000478016,VSM.ClearPhysicalPages,565504,1
94,673.6000927,2.3766000000478016,VSM.PageOccupancy,76800,1
94,673.6000927,2.3766000000478016,VSM.FinalizePages,2048,1
94,673.6000927,2.3766000000478016,VSM.DynamicRaster,27648,1
94,673.6000927,2.3766000000478016,VSM.LayoutRemap,0,1
94,673.6000927,2.3766000000478016,VSM.InvalidateStatic,0,0
94,673.6000927,2.3766000000478016,VSM.InvalidateDynamic,1792,1
94,673.6000927,2.3766000000478016,VSM.StaticCasterCull,210176,1
94,673.6000927,2.3766000000478016,VSM.DynamicCasterCull,117760,1
94,673.6000927,2.3766000000478016,VSM.PageCull,293376,2
94,673.6000927,2.3766000000478016,VSM.StaticRasterClear,0,1
94,673.6000927,2.3766000000478016,VSM.StaticRasterDraw,6912,1
94,673.6000927,2.3766000000478016,VSM.DynamicRasterClear,2304,1
94,673.6000927,2.3766000000478016,VSM.DynamicRasterDraw,25344,1
94,673.6000927,2.3766000000478016,VSM.StaticRaster,7168,1
94,673.6000927,2.3766000000478016,VSM.UnityCompatibilityRaster,0,0
94,673.6000927,2.3766000000478016,VSM.Resolve,7113472,1
94,673.6000927,2.3766000000478016,VSM.ResolveTrace,6881280,1
94,673.6000927,2.3766000000478016,VSM.FilterHorizontal,68096,1
94,673.6000927,2.3766000000478016,VSM.FilterVertical,0,0
94,673.6000927,2.3766000000478016,VSM.FilterTemporalVertical,162816,1
94,673.6000927,2.3766000000478016,VSM.ResetFeedback,0,1
95,673.61611669999991,2.1630999999615597,VSM.MarkReceiverPages,561152,1
95,673.61611669999991,2.1630999999615597,VSM.AllocationPrepare,9728,1
95,673.61611669999991,2.1630999999615597,VSM.AllocationCommit,606976,1
95,673.61611669999991,2.1630999999615597,VSM.Allocate,867584,1
95,673.61611669999991,2.1630999999615597,VSM.ClearPhysicalPages,269312,1
95,673.61611669999991,2.1630999999615597,VSM.PageOccupancy,72192,1
95,673.61611669999991,2.1630999999615597,VSM.FinalizePages,1792,1
95,673.61611669999991,2.1630999999615597,VSM.DynamicRaster,25088,1
95,673.61611669999991,2.1630999999615597,VSM.LayoutRemap,0,1
95,673.61611669999991,2.1630999999615597,VSM.InvalidateStatic,0,0
95,673.61611669999991,2.1630999999615597,VSM.InvalidateDynamic,1536,1
95,673.61611669999991,2.1630999999615597,VSM.StaticCasterCull,204032,1
95,673.61611669999991,2.1630999999615597,VSM.DynamicCasterCull,120320,1
95,673.61611669999991,2.1630999999615597,VSM.PageCull,290560,2
95,673.61611669999991,2.1630999999615597,VSM.StaticRasterClear,256,1
95,673.61611669999991,2.1630999999615597,VSM.StaticRasterDraw,7168,1
95,673.61611669999991,2.1630999999615597,VSM.DynamicRasterClear,256,1
95,673.61611669999991,2.1630999999615597,VSM.DynamicRasterDraw,24832,1
95,673.61611669999991,2.1630999999615597,VSM.StaticRaster,7424,1
95,673.61611669999991,2.1630999999615597,VSM.UnityCompatibilityRaster,0,0
95,673.61611669999991,2.1630999999615597,VSM.Resolve,5997312,1
95,673.61611669999991,2.1630999999615597,VSM.ResolveTrace,5772288,1
95,673.61611669999991,2.1630999999615597,VSM.FilterHorizontal,65024,1
95,673.61611669999991,2.1630999999615597,VSM.FilterVertical,0,0
95,673.61611669999991,2.1630999999615597,VSM.FilterTemporalVertical,158720,1
95,673.61611669999991,2.1630999999615597,VSM.ResetFeedback,0,1
