observation,editor_time,camera_cpu_ms,marker,gpu_ns,gpu_sample_count
0,674.665316,2.6618000000553366,VSM.MarkReceiverPages,557312,1
0,674.665316,2.6618000000553366,VSM.AllocationPrepare,9216,1
0,674.665316,2.6618000000553366,VSM.AllocationCommit,600320,1
0,674.665316,2.6618000000553366,VSM.Allocate,883456,1
0,674.665316,2.6618000000553366,VSM.ClearPhysicalPages,269824,1
0,674.665316,2.6618000000553366,VSM.PageOccupancy,75520,1
0,674.665316,2.6618000000553366,VSM.FinalizePages,1792,1
0,674.665316,2.6618000000553366,VSM.DynamicRaster,34816,1
0,674.665316,2.6618000000553366,VSM.LayoutRemap,0,1
0,674.665316,2.6618000000553366,VSM.InvalidateStatic,0,0
0,674.665316,2.6618000000553366,VSM.InvalidateDynamic,1792,1
0,674.665316,2.6618000000553366,VSM.StaticCasterCull,212736,1
0,674.665316,2.6618000000553366,VSM.DynamicCasterCull,115456,1
0,674.665316,2.6618000000553366,VSM.PageCull,294400,2
0,674.665316,2.6618000000553366,VSM.StaticRasterClear,0,1
0,674.665316,2.6618000000553366,VSM.StaticRasterDraw,4352,1
0,674.665316,2.6618000000553366,VSM.DynamicRasterClear,2304,1
0,674.665316,2.6618000000553366,VSM.DynamicRasterDraw,32512,1
0,674.665316,2.6618000000553366,VSM.StaticRaster,4352,1
0,674.665316,2.6618000000553366,VSM.UnityCompatibilityRaster,0,0
0,674.665316,2.6618000000553366,VSM.Resolve,6055936,1
0,674.665316,2.6618000000553366,VSM.ResolveTrace,5826048,1
0,674.665316,2.6618000000553366,VSM.FilterHorizontal,67584,1
0,674.665316,2.6618000000553366,VSM.FilterVertical,0,0
0,674.665316,2.6618000000553366,VSM.FilterTemporalVertical,161024,1
0,674.665316,2.6618000000553366,VSM.ResetFeedback,0,1
1,674.68156949999991,2.3375999999188934,VSM.MarkReceiverPages,555264,1
1,674.68156949999991,2.3375999999188934,VSM.AllocationPrepare,9472,1
1,674.68156949999991,2.3375999999188934,VSM.AllocationCommit,598016,1
1,674.68156949999991,2.3375999999188934,VSM.Allocate,861440,1
1,674.68156949999991,2.3375999999188934,VSM.ClearPhysicalPages,269056,1
1,674.68156949999991,2.3375999999188934,VSM.PageOccupancy,71936,1
1,674.68156949999991,2.3375999999188934,VSM.FinalizePages,2304,1
1,674.68156949999991,2.3375999999188934,VSM.DynamicRaster,65280,1
1,674.68156949999991,2.3375999999188934,VSM.LayoutRemap,0,1
1,674.68156949999991,2.3375999999188934,VSM.InvalidateStatic,0,0
1,674.68156949999991,2.3375999999188934,VSM.InvalidateDynamic,1792,1
1,674.68156949999991,2.3375999999188934,VSM.StaticCasterCull,391936,1
1,674.68156949999991,2.3375999999188934,VSM.DynamicCasterCull,83200,1
1,674.68156949999991,2.3375999999188934,VSM.PageCull,262656,2
1,674.68156949999991,2.3375999999188934,VSM.StaticRasterClear,256,1
1,674.68156949999991,2.3375999999188934,VSM.StaticRasterDraw,3328,1
1,674.68156949999991,2.3375999999188934,VSM.DynamicRasterClear,35584,1
1,674.68156949999991,2.3375999999188934,VSM.DynamicRasterDraw,29440,1
1,674.68156949999991,2.3375999999188934,VSM.StaticRaster,3584,1
1,674.68156949999991,2.3375999999188934,VSM.UnityCompatibilityRaster,0,0
1,674.68156949999991,2.3375999999188934,VSM.Resolve,6435328,1
1,674.68156949999991,2.3375999999188934,VSM.ResolveTrace,6204160,1
1,674.68156949999991,2.3375999999188934,VSM.FilterHorizontal,67072,1
1,674.68156949999991,2.3375999999188934,VSM.FilterVertical,0,0
1,674.68156949999991,2.3375999999188934,VSM.FilterTemporalVertical,163072,1
1,674.68156949999991,2.3375999999188934,VSM.ResetFeedback,0,1
2,674.69734469999992,2.4903999999423831,VSM.MarkReceiverPages,554496,1
2,674.69734469999992,2.4903999999423831,VSM.AllocationPrepare,9728,1
2,674.69734469999992,2.4903999999423831,VSM.AllocationCommit,597248,1
2,674.69734469999992,2.4903999999423831,VSM.Allocate,896768,1
2,674.69734469999992,2.4903999999423831,VSM.ClearPhysicalPages,269824,1
2,674.69734469999992,2.4903999999423831,VSM.PageOccupancy,77312,1
2,674.69734469999992,2.4903999999423831,VSM.FinalizePages,2048,1
2,674.69734469999992,2.4903999999423831,VSM.DynamicRaster,107264,1
2,674.69734469999992,2.4903999999423831,VSM.LayoutRemap,0,1
2,674.69734469999992,2.4903999999423831,VSM.InvalidateStatic,0,0
2,674.69734469999992,2.4903999999423831,VSM.InvalidateDynamic,2304,1
2,674.69734469999992,2.4903999999423831,VSM.StaticCasterCull,208640,1
2,674.69734469999992,2.4903999999423831,VSM.DynamicCasterCull,35072,1
2,674.69734469999992,2.4903999999423831,VSM.PageCull,209664,2
2,674.69734469999992,2.4903999999423831,VSM.StaticRasterClear,256,1
2,674.69734469999992,2.4903999999423831,VSM.StaticRasterDraw,7168,1
2,674.69734469999992,2.4903999999423831,VSM.DynamicRasterClear,77312,1
2,674.69734469999992,2.4903999999423831,VSM.DynamicRasterDraw,29952,1
2,674.69734469999992,2.4903999999423831,VSM.StaticRaster,7424,1
2,674.69734469999992,2.4903999999423831,VSM.UnityCompatibilityRaster,0,0
2,674.69734469999992,2.4903999999423831,VSM.Resolve,6202880,1
2,674.69734469999992,2.4903999999423831,VSM.ResolveTrace,5976320,1
2,674.69734469999992,2.4903999999423831,VSM.FilterHorizontal,66304,1
2,674.69734469999992,2.4903999999423831,VSM.FilterVertical,0,0
2,674.69734469999992,2.4903999999423831,VSM.FilterTemporalVertical,158976,1
2,674.69734469999992,2.4903999999423831,VSM.ResetFeedback,0,1
3,674.71375949999992,2.7226999999356849,VSM.MarkReceiverPages,560128,1
3,674.71375949999992,2.7226999999356849,VSM.AllocationPrepare,9472,1
3,674.71375949999992,2.7226999999356849,VSM.AllocationCommit,602624,1
3,674.71375949999992,2.7226999999356849,VSM.Allocate,1013248,1
3,674.71375949999992,2.7226999999356849,VSM.ClearPhysicalPages,269312,1
3,674.71375949999992,2.7226999999356849,VSM.PageOccupancy,73472,1
3,674.71375949999992,2.7226999999356849,VSM.FinalizePages,1792,1
3,674.71375949999992,2.7226999999356849,VSM.DynamicRaster,32000,1
3,674.71375949999992,2.7226999999356849,VSM.LayoutRemap,0,1
3,674.71375949999992,2.7226999999356849,VSM.InvalidateStatic,0,0
3,674.71375949999992,2.7226999999356849,VSM.InvalidateDynamic,2560,1
3,674.71375949999992,2.7226999999356849,VSM.StaticCasterCull,208384,1
3,674.71375949999992,2.7226999999356849,VSM.DynamicCasterCull,118528,1
3,674.71375949999992,2.7226999999356849,VSM.PageCull,293120,2
3,674.71375949999992,2.7226999999356849,VSM.StaticRasterClear,0,1
3,674.71375949999992,2.7226999999356849,VSM.StaticRasterDraw,7424,1
3,674.71375949999992,2.7226999999356849,VSM.DynamicRasterClear,1536,1
3,674.71375949999992,2.7226999999356849,VSM.DynamicRasterDraw,30464,1
3,674.71375949999992,2.7226999999356849,VSM.StaticRaster,7424,1
3,674.71375949999992,2.7226999999356849,VSM.UnityCompatibilityRaster,0,0
3,674.71375949999992,2.7226999999356849,VSM.Resolve,6034432,1
3,674.71375949999992,2.7226999999356849,VSM.ResolveTrace,5810944,1
3,674.71375949999992,2.7226999999356849,VSM.FilterHorizontal,66048,1
3,674.71375949999992,2.7226999999356849,VSM.FilterVertical,0,0
3,674.71375949999992,2.7226999999356849,VSM.FilterTemporalVertical,156160,1
3,674.71375949999992,2.7226999999356849,VSM.ResetFeedback,0,1
4,674.7298546,2.7589999999690917,VSM.MarkReceiverPages,557312,1
4,674.7298546,2.7589999999690917,VSM.AllocationPrepare,9728,1
4,674.7298546,2.7589999999690917,VSM.AllocationCommit,602368,1
4,674.7298546,2.7589999999690917,VSM.Allocate,998912,1
4,674.7298546,2.7589999999690917,VSM.ClearPhysicalPages,270336,1
4,674.7298546,2.7589999999690917,VSM.PageOccupancy,76800,1
4,674.7298546,2.7589999999690917,VSM.FinalizePages,1792,1
4,674.7298546,2.7589999999690917,VSM.DynamicRaster,34304,1
4,674.7298546,2.7589999999690917,VSM.LayoutRemap,0,1
4,674.7298546,2.7589999999690917,VSM.InvalidateStatic,0,0
4,674.7298546,2.7589999999690917,VSM.InvalidateDynamic,2048,1
4,674.7298546,2.7589999999690917,VSM.StaticCasterCull,206080,1
4,674.7298546,2.7589999999690917,VSM.DynamicCasterCull,119552,1
4,674.7298546,2.7589999999690917,VSM.PageCull,291328,2
4,674.7298546,2.7589999999690917,VSM.StaticRasterClear,256,1
4,674.7298546,2.7589999999690917,VSM.StaticRasterDraw,6912,1
4,674.7298546,2.7589999999690917,VSM.DynamicRasterClear,3328,1
4,674.7298546,2.7589999999690917,VSM.DynamicRasterDraw,30976,1
4,674.7298546,2.7589999999690917,VSM.StaticRaster,7168,1
4,674.7298546,2.7589999999690917,VSM.UnityCompatibilityRaster,0,0
4,674.7298546,2.7589999999690917,VSM.Resolve,5690112,1
4,674.7298546,2.7589999999690917,VSM.ResolveTrace,5459712,1
4,674.7298546,2.7589999999690917,VSM.FilterHorizontal,67584,1
4,674.7298546,2.7589999999690917,VSM.FilterVertical,0,0
4,674.7298546,2.7589999999690917,VSM.FilterTemporalVertical,161536,1
4,674.7298546,2.7589999999690917,VSM.ResetFeedback,0,1
5,674.7454753,2.3829000000432643,VSM.MarkReceiverPages,561408,1
5,674.7454753,2.3829000000432643,VSM.AllocationPrepare,9472,1
5,674.7454753,2.3829000000432643,VSM.AllocationCommit,608256,1
5,674.7454753,2.3829000000432643,VSM.Allocate,618496,1
5,674.7454753,2.3829000000432643,VSM.ClearPhysicalPages,535296,1
5,674.7454753,2.3829000000432643,VSM.PageOccupancy,76288,1
5,674.7454753,2.3829000000432643,VSM.FinalizePages,1536,1
5,674.7454753,2.3829000000432643,VSM.DynamicRaster,30976,1
5,674.7454753,2.3829000000432643,VSM.LayoutRemap,0,1
5,674.7454753,2.3829000000432643,VSM.InvalidateStatic,0,0
5,674.7454753,2.3829000000432643,VSM.InvalidateDynamic,1536,1
5,674.7454753,2.3829000000432643,VSM.StaticCasterCull,210944,1
5,674.7454753,2.3829000000432643,VSM.DynamicCasterCull,115200,1
5,674.7454753,2.3829000000432643,VSM.PageCull,291840,2
5,674.7454753,2.3829000000432643,VSM.StaticRasterClear,0,1
5,674.7454753,2.3829000000432643,VSM.StaticRasterDraw,7424,1
5,674.7454753,2.3829000000432643,VSM.DynamicRasterClear,512,1
5,674.7454753,2.3829000000432643,VSM.DynamicRasterDraw,30464,1
5,674.7454753,2.3829000000432643,VSM.StaticRaster,7680,1
5,674.7454753,2.3829000000432643,VSM.UnityCompatibilityRaster,0,0
5,674.7454753,2.3829000000432643,VSM.Resolve,6249728,1
5,674.7454753,2.3829000000432643,VSM.ResolveTrace,6020864,1
5,674.7454753,2.3829000000432643,VSM.FilterHorizontal,66816,1
5,674.7454753,2.3829000000432643,VSM.FilterVertical,0,0
5,674.7454753,2.3829000000432643,VSM.FilterTemporalVertical,161280,1
5,674.7454753,2.3829000000432643,VSM.ResetFeedback,0,1
6,674.7604652,2.1996000000399363,VSM.MarkReceiverPages,559104,1
6,674.7604652,2.1996000000399363,VSM.AllocationPrepare,9472,1
6,674.7604652,2.1996000000399363,VSM.AllocationCommit,601856,1
6,674.7604652,2.1996000000399363,VSM.Allocate,777984,1
6,674.7604652,2.1996000000399363,VSM.ClearPhysicalPages,269568,1
6,674.7604652,2.1996000000399363,VSM.PageOccupancy,76544,1
6,674.7604652,2.1996000000399363,VSM.FinalizePages,1792,1
6,674.7604652,2.1996000000399363,VSM.DynamicRaster,33280,1
6,674.7604652,2.1996000000399363,VSM.LayoutRemap,0,1
6,674.7604652,2.1996000000399363,VSM.InvalidateStatic,0,0
6,674.7604652,2.1996000000399363,VSM.InvalidateDynamic,1792,1
6,674.7604652,2.1996000000399363,VSM.StaticCasterCull,206592,1
6,674.7604652,2.1996000000399363,VSM.DynamicCasterCull,120576,1
6,674.7604652,2.1996000000399363,VSM.PageCull,292608,2
6,674.7604652,2.1996000000399363,VSM.StaticRasterClear,0,1
6,674.7604652,2.1996000000399363,VSM.StaticRasterDraw,3072,1
6,674.7604652,2.1996000000399363,VSM.DynamicRasterClear,3072,1
6,674.7604652,2.1996000000399363,VSM.DynamicRasterDraw,30208,1
6,674.7604652,2.1996000000399363,VSM.StaticRaster,3328,1
6,674.7604652,2.1996000000399363,VSM.UnityCompatibilityRaster,0,0
6,674.7604652,2.1996000000399363,VSM.Resolve,6014208,1
6,674.7604652,2.1996000000399363,VSM.ResolveTrace,5789952,1
6,674.7604652,2.1996000000399363,VSM.FilterHorizontal,65024,1
6,674.7604652,2.1996000000399363,VSM.FilterVertical,0,0
6,674.7604652,2.1996000000399363,VSM.FilterTemporalVertical,157952,1
6,674.7604652,2.1996000000399363,VSM.ResetFeedback,0,1
7,674.775939,2.298400000086076,VSM.MarkReceiverPages,557568,1
7,674.775939,2.298400000086076,VSM.AllocationPrepare,9984,1
7,674.775939,2.298400000086076,VSM.AllocationCommit,601088,1
7,674.775939,2.298400000086076,VSM.Allocate,611072,1
7,674.775939,2.298400000086076,VSM.ClearPhysicalPages,269312,1
7,674.775939,2.298400000086076,VSM.PageOccupancy,76800,1
7,674.775939,2.298400000086076,VSM.FinalizePages,1792,1
7,674.775939,2.298400000086076,VSM.DynamicRaster,30976,1
7,674.775939,2.298400000086076,VSM.LayoutRemap,0,1
7,674.775939,2.298400000086076,VSM.InvalidateStatic,0,0
7,674.775939,2.298400000086076,VSM.InvalidateDynamic,1536,1
7,674.775939,2.298400000086076,VSM.StaticCasterCull,204800,1
7,674.775939,2.298400000086076,VSM.DynamicCasterCull,112640,1
7,674.775939,2.298400000086076,VSM.PageCull,283648,2
7,674.775939,2.298400000086076,VSM.StaticRasterClear,0,1
7,674.775939,2.298400000086076,VSM.StaticRasterDraw,4096,1
7,674.775939,2.298400000086076,VSM.DynamicRasterClear,0,1
7,674.775939,2.298400000086076,VSM.DynamicRasterDraw,30720,1
7,674.775939,2.298400000086076,VSM.StaticRaster,4352,1
7,674.775939,2.298400000086076,VSM.UnityCompatibilityRaster,0,0
7,674.775939,2.298400000086076,VSM.Resolve,6085888,1
7,674.775939,2.298400000086076,VSM.ResolveTrace,5858816,1
7,674.775939,2.298400000086076,VSM.FilterHorizontal,66048,1
7,674.775939,2.298400000086076,VSM.FilterVertical,0,0
7,674.775939,2.298400000086076,VSM.FilterTemporalVertical,159744,1
7,674.775939,2.298400000086076,VSM.ResetFeedback,0,1
8,674.79194339999992,2.5455999999621781,VSM.MarkReceiverPages,557824,1
8,674.79194339999992,2.5455999999621781,VSM.AllocationPrepare,9728,1
8,674.79194339999992,2.5455999999621781,VSM.AllocationCommit,601856,1
8,674.79194339999992,2.5455999999621781,VSM.Allocate,959488,1
8,674.79194339999992,2.5455999999621781,VSM.ClearPhysicalPages,270336,1
8,674.79194339999992,2.5455999999621781,VSM.PageOccupancy,75776,1
8,674.79194339999992,2.5455999999621781,VSM.FinalizePages,2048,1
8,674.79194339999992,2.5455999999621781,VSM.DynamicRaster,30720,1
8,674.79194339999992,2.5455999999621781,VSM.LayoutRemap,0,1
8,674.79194339999992,2.5455999999621781,VSM.InvalidateStatic,0,0
8,674.79194339999992,2.5455999999621781,VSM.InvalidateDynamic,2560,1
8,674.79194339999992,2.5455999999621781,VSM.StaticCasterCull,214528,1
8,674.79194339999992,2.5455999999621781,VSM.DynamicCasterCull,122880,1
8,674.79194339999992,2.5455999999621781,VSM.PageCull,303360,2
8,674.79194339999992,2.5455999999621781,VSM.StaticRasterClear,256,1
8,674.79194339999992,2.5455999999621781,VSM.StaticRasterDraw,6912,1
8,674.79194339999992,2.5455999999621781,VSM.DynamicRasterClear,512,1
8,674.79194339999992,2.5455999999621781,VSM.DynamicRasterDraw,30208,1
8,674.79194339999992,2.5455999999621781,VSM.StaticRaster,7424,1
8,674.79194339999992,2.5455999999621781,VSM.UnityCompatibilityRaster,0,0
8,674.79194339999992,2.5455999999621781,VSM.Resolve,6013440,1
8,674.79194339999992,2.5455999999621781,VSM.ResolveTrace,5785600,1
8,674.79194339999992,2.5455999999621781,VSM.FilterHorizontal,65024,1
8,674.79194339999992,2.5455999999621781,VSM.FilterVertical,0,0
8,674.79194339999992,2.5455999999621781,VSM.FilterTemporalVertical,161536,1
8,674.79194339999992,2.5455999999621781,VSM.ResetFeedback,0,1
9,674.8085165,2.861700000039491,VSM.MarkReceiverPages,554496,1
9,674.8085165,2.861700000039491,VSM.AllocationPrepare,9728,1
9,674.8085165,2.861700000039491,VSM.AllocationCommit,603136,1
9,674.8085165,2.861700000039491,VSM.Allocate,888576,1
9,674.8085165,2.861700000039491,VSM.ClearPhysicalPages,269056,1
9,674.8085165,2.861700000039491,VSM.PageOccupancy,71168,1
9,674.8085165,2.861700000039491,VSM.FinalizePages,1792,1
9,674.8085165,2.861700000039491,VSM.DynamicRaster,31232,1
9,674.8085165,2.861700000039491,VSM.LayoutRemap,0,1
9,674.8085165,2.861700000039491,VSM.InvalidateStatic,0,0
9,674.8085165,2.861700000039491,VSM.InvalidateDynamic,1792,1
9,674.8085165,2.861700000039491,VSM.StaticCasterCull,214784,1
9,674.8085165,2.861700000039491,VSM.DynamicCasterCull,114944,1
9,674.8085165,2.861700000039491,VSM.PageCull,295168,2
9,674.8085165,2.861700000039491,VSM.StaticRasterClear,0,1
9,674.8085165,2.861700000039491,VSM.StaticRasterDraw,7424,1
9,674.8085165,2.861700000039491,VSM.DynamicRasterClear,256,1
9,674.8085165,2.861700000039491,VSM.DynamicRasterDraw,30976,1
9,674.8085165,2.861700000039491,VSM.StaticRaster,7680,1
9,674.8085165,2.861700000039491,VSM.UnityCompatibilityRaster,0,0
9,674.8085165,2.861700000039491,VSM.Resolve,6139392,1
9,674.8085165,2.861700000039491,VSM.ResolveTrace,5911296,1
9,674.8085165,2.861700000039491,VSM.FilterHorizontal,66560,1
9,674.8085165,2.861700000039491,VSM.FilterVertical,0,0
9,674.8085165,2.861700000039491,VSM.FilterTemporalVertical,160512,1
9,674.8085165,2.861700000039491,VSM.ResetFeedback,0,1
10,674.8242371,2.3460000001023218,VSM.MarkReceiverPages,560128,1
10,674.8242371,2.3460000001023218,VSM.AllocationPrepare,9728,1
10,674.8242371,2.3460000001023218,VSM.AllocationCommit,607232,1
10,674.8242371,2.3460000001023218,VSM.Allocate,1178368,1
10,674.8242371,2.3460000001023218,VSM.ClearPhysicalPages,272384,1
10,674.8242371,2.3460000001023218,VSM.PageOccupancy,72704,1
10,674.8242371,2.3460000001023218,VSM.FinalizePages,1536,1
10,674.8242371,2.3460000001023218,VSM.DynamicRaster,31232,1
10,674.8242371,2.3460000001023218,VSM.LayoutRemap,0,1
10,674.8242371,2.3460000001023218,VSM.InvalidateStatic,0,0
10,674.8242371,2.3460000001023218,VSM.InvalidateDynamic,2560,1
10,674.8242371,2.3460000001023218,VSM.StaticCasterCull,212224,1
10,674.8242371,2.3460000001023218,VSM.DynamicCasterCull,124416,1
10,674.8242371,2.3460000001023218,VSM.PageCull,301824,2
10,674.8242371,2.3460000001023218,VSM.StaticRasterClear,256,1
10,674.8242371,2.3460000001023218,VSM.StaticRasterDraw,6912,1
10,674.8242371,2.3460000001023218,VSM.DynamicRasterClear,768,1
10,674.8242371,2.3460000001023218,VSM.DynamicRasterDraw,30464,1
10,674.8242371,2.3460000001023218,VSM.StaticRaster,7168,1
10,674.8242371,2.3460000001023218,VSM.UnityCompatibilityRaster,0,0
10,674.8242371,2.3460000001023218,VSM.Resolve,5851904,1
10,674.8242371,2.3460000001023218,VSM.ResolveTrace,5622272,1
10,674.8242371,2.3460000001023218,VSM.FilterHorizontal,66560,1
10,674.8242371,2.3460000001023218,VSM.FilterVertical,0,0
10,674.8242371,2.3460000001023218,VSM.FilterTemporalVertical,162304,1
10,674.8242371,2.3460000001023218,VSM.ResetFeedback,0,1
11,674.83927959999994,2.0749999999907232,VSM.MarkReceiverPages,555520,1
11,674.83927959999994,2.0749999999907232,VSM.AllocationPrepare,9728,1
11,674.83927959999994,2.0749999999907232,VSM.AllocationCommit,604672,1
11,674.83927959999994,2.0749999999907232,VSM.Allocate,614400,1
11,674.83927959999994,2.0749999999907232,VSM.ClearPhysicalPages,270848,1
11,674.83927959999994,2.0749999999907232,VSM.PageOccupancy,71936,1
11,674.83927959999994,2.0749999999907232,VSM.FinalizePages,2048,1
11,674.83927959999994,2.0749999999907232,VSM.DynamicRaster,30464,1
11,674.83927959999994,2.0749999999907232,VSM.LayoutRemap,0,1
11,674.83927959999994,2.0749999999907232,VSM.InvalidateStatic,0,0
11,674.83927959999994,2.0749999999907232,VSM.InvalidateDynamic,1536,1
11,674.83927959999994,2.0749999999907232,VSM.StaticCasterCull,434176,1
11,674.83927959999994,2.0749999999907232,VSM.DynamicCasterCull,118784,1
11,674.83927959999994,2.0749999999907232,VSM.PageCull,251904,2
11,674.83927959999994,2.0749999999907232,VSM.StaticRasterClear,34048,1
11,674.83927959999994,2.0749999999907232,VSM.StaticRasterDraw,8704,1
11,674.83927959999994,2.0749999999907232,VSM.DynamicRasterClear,256,1
11,674.83927959999994,2.0749999999907232,VSM.DynamicRasterDraw,29952,1
11,674.83927959999994,2.0749999999907232,VSM.StaticRaster,43776,1
11,674.83927959999994,2.0749999999907232,VSM.UnityCompatibilityRaster,0,0
11,674.83927959999994,2.0749999999907232,VSM.Resolve,5985280,1
11,674.83927959999994,2.0749999999907232,VSM.ResolveTrace,5760000,1
11,674.83927959999994,2.0749999999907232,VSM.FilterHorizontal,65536,1
11,674.83927959999994,2.0749999999907232,VSM.FilterVertical,0,0
11,674.83927959999994,2.0749999999907232,VSM.FilterTemporalVertical,158720,1
11,674.83927959999994,2.0749999999907232,VSM.ResetFeedback,0,1
12,674.8555411,2.4157999999943058,VSM.MarkReceiverPages,555776,1
12,674.8555411,2.4157999999943058,VSM.AllocationPrepare,9728,1
12,674.8555411,2.4157999999943058,VSM.AllocationCommit,600320,1
12,674.8555411,2.4157999999943058,VSM.Allocate,767744,1
12,674.8555411,2.4157999999943058,VSM.ClearPhysicalPages,269824,1
12,674.8555411,2.4157999999943058,VSM.PageOccupancy,74496,1
12,674.8555411,2.4157999999943058,VSM.FinalizePages,1792,1
12,674.8555411,2.4157999999943058,VSM.DynamicRaster,30208,1
12,674.8555411,2.4157999999943058,VSM.LayoutRemap,0,1
12,674.8555411,2.4157999999943058,VSM.InvalidateStatic,0,0
12,674.8555411,2.4157999999943058,VSM.InvalidateDynamic,1536,1
12,674.8555411,2.4157999999943058,VSM.StaticCasterCull,211712,1
12,674.8555411,2.4157999999943058,VSM.DynamicCasterCull,117760,1
12,674.8555411,2.4157999999943058,VSM.PageCull,295936,2
12,674.8555411,2.4157999999943058,VSM.StaticRasterClear,0,1
12,674.8555411,2.4157999999943058,VSM.StaticRasterDraw,6912,1
12,674.8555411,2.4157999999943058,VSM.DynamicRasterClear,0,1
12,674.8555411,2.4157999999943058,VSM.DynamicRasterDraw,29952,1
12,674.8555411,2.4157999999943058,VSM.StaticRaster,7168,1
12,674.8555411,2.4157999999943058,VSM.UnityCompatibilityRaster,0,0
12,674.8555411,2.4157999999943058,VSM.Resolve,6410496,1
12,674.8555411,2.4157999999943058,VSM.ResolveTrace,5937408,1
12,674.8555411,2.4157999999943058,VSM.FilterHorizontal,65792,1
12,674.8555411,2.4157999999943058,VSM.FilterVertical,0,0
12,674.8555411,2.4157999999943058,VSM.FilterTemporalVertical,406016,1
12,674.8555411,2.4157999999943058,VSM.ResetFeedback,0,1
13,674.870783,2.0710999999664637,VSM.MarkReceiverPages,557056,1
13,674.870783,2.0710999999664637,VSM.AllocationPrepare,9728,1
13,674.870783,2.0710999999664637,VSM.AllocationCommit,599296,1
13,674.870783,2.0710999999664637,VSM.Allocate,609024,1
13,674.870783,2.0710999999664637,VSM.ClearPhysicalPages,268800,1
13,674.870783,2.0710999999664637,VSM.PageOccupancy,73472,1
13,674.870783,2.0710999999664637,VSM.FinalizePages,1792,1
13,674.870783,2.0710999999664637,VSM.DynamicRaster,25344,1
13,674.870783,2.0710999999664637,VSM.LayoutRemap,0,1
13,674.870783,2.0710999999664637,VSM.InvalidateStatic,0,0
13,674.870783,2.0710999999664637,VSM.InvalidateDynamic,1792,1
13,674.870783,2.0710999999664637,VSM.StaticCasterCull,197376,1
13,674.870783,2.0710999999664637,VSM.DynamicCasterCull,120832,1
13,674.870783,2.0710999999664637,VSM.PageCull,284160,2
13,674.870783,2.0710999999664637,VSM.StaticRasterClear,256,1
13,674.870783,2.0710999999664637,VSM.StaticRasterDraw,3328,1
13,674.870783,2.0710999999664637,VSM.DynamicRasterClear,256,1
13,674.870783,2.0710999999664637,VSM.DynamicRasterDraw,25088,1
13,674.870783,2.0710999999664637,VSM.StaticRaster,3584,1
13,674.870783,2.0710999999664637,VSM.UnityCompatibilityRaster,0,0
13,674.870783,2.0710999999664637,VSM.Resolve,5631232,1
13,674.870783,2.0710999999664637,VSM.ResolveTrace,5405696,1
13,674.870783,2.0710999999664637,VSM.FilterHorizontal,65024,1
13,674.870783,2.0710999999664637,VSM.FilterVertical,0,0
13,674.870783,2.0710999999664637,VSM.FilterTemporalVertical,158976,1
13,674.870783,2.0710999999664637,VSM.ResetFeedback,0,1
14,674.8864635,2.3322000000689513,VSM.MarkReceiverPages,558080,1
14,674.8864635,2.3322000000689513,VSM.AllocationPrepare,9472,1
14,674.8864635,2.3322000000689513,VSM.AllocationCommit,605952,1
14,674.8864635,2.3322000000689513,VSM.Allocate,796416,1
14,674.8864635,2.3322000000689513,VSM.ClearPhysicalPages,271616,1
14,674.8864635,2.3322000000689513,VSM.PageOccupancy,73984,1
14,674.8864635,2.3322000000689513,VSM.FinalizePages,2048,1
14,674.8864635,2.3322000000689513,VSM.DynamicRaster,29184,1
14,674.8864635,2.3322000000689513,VSM.LayoutRemap,0,1
14,674.8864635,2.3322000000689513,VSM.InvalidateStatic,0,0
14,674.8864635,2.3322000000689513,VSM.InvalidateDynamic,1792,1
14,674.8864635,2.3322000000689513,VSM.StaticCasterCull,206080,1
14,674.8864635,2.3322000000689513,VSM.DynamicCasterCull,118016,1
14,674.8864635,2.3322000000689513,VSM.PageCull,289536,2
14,674.8864635,2.3322000000689513,VSM.StaticRasterClear,0,1
14,674.8864635,2.3322000000689513,VSM.StaticRasterDraw,7168,1
14,674.8864635,2.3322000000689513,VSM.DynamicRasterClear,512,1
14,674.8864635,2.3322000000689513,VSM.DynamicRasterDraw,28672,1
14,674.8864635,2.3322000000689513,VSM.StaticRaster,7424,1
14,674.8864635,2.3322000000689513,VSM.UnityCompatibilityRaster,0,0
14,674.8864635,2.3322000000689513,VSM.Resolve,6750720,1
14,674.8864635,2.3322000000689513,VSM.ResolveTrace,6272000,1
14,674.8864635,2.3322000000689513,VSM.FilterHorizontal,66816,1
14,674.8864635,2.3322000000689513,VSM.FilterVertical,0,0
14,674.8864635,2.3322000000689513,VSM.FilterTemporalVertical,160000,1
14,674.8864635,2.3322000000689513,VSM.ResetFeedback,0,1
15,674.9019483,2.292699999998149,VSM.MarkReceiverPages,559104,1
15,674.9019483,2.292699999998149,VSM.AllocationPrepare,9472,1
15,674.9019483,2.292699999998149,VSM.AllocationCommit,599808,1
15,674.9019483,2.292699999998149,VSM.Allocate,895232,1
15,674.9019483,2.292699999998149,VSM.ClearPhysicalPages,269568,1
15,674.9019483,2.292699999998149,VSM.PageOccupancy,72960,1
15,674.9019483,2.292699999998149,VSM.FinalizePages,1792,1
15,674.9019483,2.292699999998149,VSM.DynamicRaster,26880,1
15,674.9019483,2.292699999998149,VSM.LayoutRemap,0,1
15,674.9019483,2.292699999998149,VSM.InvalidateStatic,0,0
15,674.9019483,2.292699999998149,VSM.InvalidateDynamic,1792,1
15,674.9019483,2.292699999998149,VSM.StaticCasterCull,204544,1
15,674.9019483,2.292699999998149,VSM.DynamicCasterCull,121344,1
15,674.9019483,2.292699999998149,VSM.PageCull,291584,2
15,674.9019483,2.292699999998149,VSM.StaticRasterClear,0,1
15,674.9019483,2.292699999998149,VSM.StaticRasterDraw,7168,1
15,674.9019483,2.292699999998149,VSM.DynamicRasterClear,1024,1
15,674.9019483,2.292699999998149,VSM.DynamicRasterDraw,25600,1
15,674.9019483,2.292699999998149,VSM.StaticRaster,7168,1
15,674.9019483,2.292699999998149,VSM.UnityCompatibilityRaster,0,0
15,674.9019483,2.292699999998149,VSM.Resolve,5936128,1
15,674.9019483,2.292699999998149,VSM.ResolveTrace,5710080,1
15,674.9019483,2.292699999998149,VSM.FilterHorizontal,65536,1
15,674.9019483,2.292699999998149,VSM.FilterVertical,0,0
15,674.9019483,2.292699999998149,VSM.FilterTemporalVertical,159488,1
15,674.9019483,2.292699999998149,VSM.ResetFeedback,0,1
16,674.9187152,2.5402999999641906,VSM.MarkReceiverPages,556288,1
16,674.9187152,2.5402999999641906,VSM.AllocationPrepare,9472,1
16,674.9187152,2.5402999999641906,VSM.AllocationCommit,600064,1
16,674.9187152,2.5402999999641906,VSM.Allocate,798976,1
16,674.9187152,2.5402999999641906,VSM.ClearPhysicalPages,270080,1
16,674.9187152,2.5402999999641906,VSM.PageOccupancy,75264,1
16,674.9187152,2.5402999999641906,VSM.FinalizePages,1792,1
16,674.9187152,2.5402999999641906,VSM.DynamicRaster,31488,1
16,674.9187152,2.5402999999641906,VSM.LayoutRemap,0,1
16,674.9187152,2.5402999999641906,VSM.InvalidateStatic,0,0
16,674.9187152,2.5402999999641906,VSM.InvalidateDynamic,1536,1
16,674.9187152,2.5402999999641906,VSM.StaticCasterCull,214016,1
16,674.9187152,2.5402999999641906,VSM.DynamicCasterCull,121088,1
16,674.9187152,2.5402999999641906,VSM.PageCull,301312,2
16,674.9187152,2.5402999999641906,VSM.StaticRasterClear,256,1
16,674.9187152,2.5402999999641906,VSM.StaticRasterDraw,6912,1
16,674.9187152,2.5402999999641906,VSM.DynamicRasterClear,3072,1
16,674.9187152,2.5402999999641906,VSM.DynamicRasterDraw,28416,1
16,674.9187152,2.5402999999641906,VSM.StaticRaster,7168,1
16,674.9187152,2.5402999999641906,VSM.UnityCompatibilityRaster,0,0
16,674.9187152,2.5402999999641906,VSM.Resolve,6016512,1
16,674.9187152,2.5402999999641906,VSM.ResolveTrace,5788672,1
16,674.9187152,2.5402999999641906,VSM.FilterHorizontal,66048,1
16,674.9187152,2.5402999999641906,VSM.FilterVertical,0,0
16,674.9187152,2.5402999999641906,VSM.FilterTemporalVertical,160768,1
16,674.9187152,2.5402999999641906,VSM.ResetFeedback,0,1
17,674.9345614,2.1935000000894433,VSM.MarkReceiverPages,558592,1
17,674.9345614,2.1935000000894433,VSM.AllocationPrepare,9472,1
17,674.9345614,2.1935000000894433,VSM.AllocationCommit,599808,1
17,674.9345614,2.1935000000894433,VSM.Allocate,609280,1
17,674.9345614,2.1935000000894433,VSM.ClearPhysicalPages,269056,1
17,674.9345614,2.1935000000894433,VSM.PageOccupancy,73472,1
17,674.9345614,2.1935000000894433,VSM.FinalizePages,2048,1
17,674.9345614,2.1935000000894433,VSM.DynamicRaster,26880,1
17,674.9345614,2.1935000000894433,VSM.LayoutRemap,0,1
17,674.9345614,2.1935000000894433,VSM.InvalidateStatic,0,0
17,674.9345614,2.1935000000894433,VSM.InvalidateDynamic,1536,1
17,674.9345614,2.1935000000894433,VSM.StaticCasterCull,486912,1
17,674.9345614,2.1935000000894433,VSM.DynamicCasterCull,114176,1
17,674.9345614,2.1935000000894433,VSM.PageCull,280064,2
17,674.9345614,2.1935000000894433,VSM.StaticRasterClear,1536,1
17,674.9345614,2.1935000000894433,VSM.StaticRasterDraw,8704,1
17,674.9345614,2.1935000000894433,VSM.DynamicRasterClear,0,1
17,674.9345614,2.1935000000894433,VSM.DynamicRasterDraw,26624,1
17,674.9345614,2.1935000000894433,VSM.StaticRaster,11264,1
17,674.9345614,2.1935000000894433,VSM.UnityCompatibilityRaster,0,0
17,674.9345614,2.1935000000894433,VSM.Resolve,5877248,1
17,674.9345614,2.1935000000894433,VSM.ResolveTrace,5648640,1
17,674.9345614,2.1935000000894433,VSM.FilterHorizontal,65536,1
17,674.9345614,2.1935000000894433,VSM.FilterVertical,0,0
17,674.9345614,2.1935000000894433,VSM.FilterTemporalVertical,161792,1
17,674.9345614,2.1935000000894433,VSM.ResetFeedback,0,1
18,674.9505723,2.1600999999691339,VSM.MarkReceiverPages,558336,1
18,674.9505723,2.1600999999691339,VSM.AllocationPrepare,9728,1
18,674.9505723,2.1600999999691339,VSM.AllocationCommit,600832,1
18,674.9505723,2.1600999999691339,VSM.Allocate,802304,1
18,674.9505723,2.1600999999691339,VSM.ClearPhysicalPages,269312,1
18,674.9505723,2.1600999999691339,VSM.PageOccupancy,75008,1
18,674.9505723,2.1600999999691339,VSM.FinalizePages,1792,1
18,674.9505723,2.1600999999691339,VSM.DynamicRaster,30208,1
18,674.9505723,2.1600999999691339,VSM.LayoutRemap,0,1
18,674.9505723,2.1600999999691339,VSM.InvalidateStatic,0,0
18,674.9505723,2.1600999999691339,VSM.InvalidateDynamic,2048,1
18,674.9505723,2.1600999999691339,VSM.StaticCasterCull,215552,1
18,674.9505723,2.1600999999691339,VSM.DynamicCasterCull,118784,1
18,674.9505723,2.1600999999691339,VSM.PageCull,299520,2
18,674.9505723,2.1600999999691339,VSM.StaticRasterClear,0,1
18,674.9505723,2.1600999999691339,VSM.StaticRasterDraw,6912,1
18,674.9505723,2.1600999999691339,VSM.DynamicRasterClear,1536,1
18,674.9505723,2.1600999999691339,VSM.DynamicRasterDraw,28416,1
18,674.9505723,2.1600999999691339,VSM.StaticRaster,7168,1
18,674.9505723,2.1600999999691339,VSM.UnityCompatibilityRaster,0,0
18,674.9505723,2.1600999999691339,VSM.Resolve,6264832,1
18,674.9505723,2.1600999999691339,VSM.ResolveTrace,5765376,1
18,674.9505723,2.1600999999691339,VSM.FilterHorizontal,65792,1
18,674.9505723,2.1600999999691339,VSM.FilterVertical,0,0
18,674.9505723,2.1600999999691339,VSM.FilterTemporalVertical,432640,1
18,674.9505723,2.1600999999691339,VSM.ResetFeedback,0,1
19,674.96651909999991,2.4507999999059393,VSM.MarkReceiverPages,559616,1
19,674.96651909999991,2.4507999999059393,VSM.AllocationPrepare,9728,1
19,674.96651909999991,2.4507999999059393,VSM.AllocationCommit,605952,1
19,674.96651909999991,2.4507999999059393,VSM.Allocate,798464,1
19,674.96651909999991,2.4507999999059393,VSM.ClearPhysicalPages,272896,1
19,674.96651909999991,2.4507999999059393,VSM.PageOccupancy,73216,1
19,674.96651909999991,2.4507999999059393,VSM.FinalizePages,1792,1
19,674.96651909999991,2.4507999999059393,VSM.DynamicRaster,26112,1
19,674.96651909999991,2.4507999999059393,VSM.LayoutRemap,0,1
19,674.96651909999991,2.4507999999059393,VSM.InvalidateStatic,0,0
19,674.96651909999991,2.4507999999059393,VSM.InvalidateDynamic,1792,1
19,674.96651909999991,2.4507999999059393,VSM.StaticCasterCull,208128,1
19,674.96651909999991,2.4507999999059393,VSM.DynamicCasterCull,119808,1
19,674.96651909999991,2.4507999999059393,VSM.PageCull,294400,2
19,674.96651909999991,2.4507999999059393,VSM.StaticRasterClear,0,1
19,674.96651909999991,2.4507999999059393,VSM.StaticRasterDraw,7168,1
19,674.96651909999991,2.4507999999059393,VSM.DynamicRasterClear,0,1
19,674.96651909999991,2.4507999999059393,VSM.DynamicRasterDraw,25856,1
19,674.96651909999991,2.4507999999059393,VSM.StaticRaster,7424,1
19,674.96651909999991,2.4507999999059393,VSM.UnityCompatibilityRaster,0,0
19,674.96651909999991,2.4507999999059393,VSM.Resolve,6074624,1
19,674.96651909999991,2.4507999999059393,VSM.ResolveTrace,5845248,1
19,674.96651909999991,2.4507999999059393,VSM.FilterHorizontal,65792,1
19,674.96651909999991,2.4507999999059393,VSM.FilterVertical,0,0
19,674.96651909999991,2.4507999999059393,VSM.FilterTemporalVertical,162560,1
19,674.96651909999991,2.4507999999059393,VSM.ResetFeedback,0,1
20,674.9819023,2.2667000000637927,VSM.MarkReceiverPages,558080,1
20,674.9819023,2.2667000000637927,VSM.AllocationPrepare,9472,1
20,674.9819023,2.2667000000637927,VSM.AllocationCommit,602112,1
20,674.9819023,2.2667000000637927,VSM.Allocate,611584,1
20,674.9819023,2.2667000000637927,VSM.ClearPhysicalPages,269824,1
20,674.9819023,2.2667000000637927,VSM.PageOccupancy,75520,1
20,674.9819023,2.2667000000637927,VSM.FinalizePages,2048,1
20,674.9819023,2.2667000000637927,VSM.DynamicRaster,28416,1
20,674.9819023,2.2667000000637927,VSM.LayoutRemap,0,1
20,674.9819023,2.2667000000637927,VSM.InvalidateStatic,0,0
20,674.9819023,2.2667000000637927,VSM.InvalidateDynamic,1536,1
20,674.9819023,2.2667000000637927,VSM.StaticCasterCull,199424,1
20,674.9819023,2.2667000000637927,VSM.DynamicCasterCull,115456,1
20,674.9819023,2.2667000000637927,VSM.PageCull,280576,2
20,674.9819023,2.2667000000637927,VSM.StaticRasterClear,0,1
20,674.9819023,2.2667000000637927,VSM.StaticRasterDraw,6912,1
20,674.9819023,2.2667000000637927,VSM.DynamicRasterClear,0,1
20,674.9819023,2.2667000000637927,VSM.DynamicRasterDraw,28416,1
20,674.9819023,2.2667000000637927,VSM.StaticRaster,7168,1
20,674.9819023,2.2667000000637927,VSM.UnityCompatibilityRaster,0,0
20,674.9819023,2.2667000000637927,VSM.Resolve,6349568,1
20,674.9819023,2.2667000000637927,VSM.ResolveTrace,5788416,1
20,674.9819023,2.2667000000637927,VSM.FilterHorizontal,66048,1
20,674.9819023,2.2667000000637927,VSM.FilterVertical,0,0
20,674.9819023,2.2667000000637927,VSM.FilterTemporalVertical,331264,1
20,674.9819023,2.2667000000637927,VSM.ResetFeedback,0,1
21,674.9973993,2.3091000000476924,VSM.MarkReceiverPages,559104,1
21,674.9973993,2.3091000000476924,VSM.AllocationPrepare,9728,1
21,674.9973993,2.3091000000476924,VSM.AllocationCommit,599552,1
21,674.9973993,2.3091000000476924,VSM.Allocate,778752,1
21,674.9973993,2.3091000000476924,VSM.ClearPhysicalPages,269824,1
21,674.9973993,2.3091000000476924,VSM.PageOccupancy,74752,1
21,674.9973993,2.3091000000476924,VSM.FinalizePages,1792,1
21,674.9973993,2.3091000000476924,VSM.DynamicRaster,25600,1
21,674.9973993,2.3091000000476924,VSM.LayoutRemap,0,1
21,674.9973993,2.3091000000476924,VSM.InvalidateStatic,0,0
21,674.9973993,2.3091000000476924,VSM.InvalidateDynamic,1536,1
21,674.9973993,2.3091000000476924,VSM.StaticCasterCull,206848,1
21,674.9973993,2.3091000000476924,VSM.DynamicCasterCull,119296,1
21,674.9973993,2.3091000000476924,VSM.PageCull,291584,2
21,674.9973993,2.3091000000476924,VSM.StaticRasterClear,256,1
21,674.9973993,2.3091000000476924,VSM.StaticRasterDraw,6912,1
21,674.9973993,2.3091000000476924,VSM.DynamicRasterClear,0,1
21,674.9973993,2.3091000000476924,VSM.DynamicRasterDraw,25600,1
21,674.9973993,2.3091000000476924,VSM.StaticRaster,7168,1
21,674.9973993,2.3091000000476924,VSM.UnityCompatibilityRaster,0,0
21,674.9973993,2.3091000000476924,VSM.Resolve,6317312,1
21,674.9973993,2.3091000000476924,VSM.ResolveTrace,6090496,1
21,674.9973993,2.3091000000476924,VSM.FilterHorizontal,65280,1
21,674.9973993,2.3091000000476924,VSM.FilterVertical,0,0
21,674.9973993,2.3091000000476924,VSM.FilterTemporalVertical,160256,1
21,674.9973993,2.3091000000476924,VSM.ResetFeedback,0,1
22,675.0131773999999,2.2910999999794512,VSM.MarkReceiverPages,560384,1
22,675.0131773999999,2.2910999999794512,VSM.AllocationPrepare,9472,1
22,675.0131773999999,2.2910999999794512,VSM.AllocationCommit,600320,1
22,675.0131773999999,2.2910999999794512,VSM.Allocate,857088,1
22,675.0131773999999,2.2910999999794512,VSM.ClearPhysicalPages,269568,1
22,675.0131773999999,2.2910999999794512,VSM.PageOccupancy,77056,1
22,675.0131773999999,2.2910999999794512,VSM.FinalizePages,2048,1
22,675.0131773999999,2.2910999999794512,VSM.DynamicRaster,25600,1
22,675.0131773999999,2.2910999999794512,VSM.LayoutRemap,0,1
22,675.0131773999999,2.2910999999794512,VSM.InvalidateStatic,0,0
22,675.0131773999999,2.2910999999794512,VSM.InvalidateDynamic,1792,1
22,675.0131773999999,2.2910999999794512,VSM.StaticCasterCull,203776,1
22,675.0131773999999,2.2910999999794512,VSM.DynamicCasterCull,116224,1
22,675.0131773999999,2.2910999999794512,VSM.PageCull,285696,2
22,675.0131773999999,2.2910999999794512,VSM.StaticRasterClear,0,1
22,675.0131773999999,2.2910999999794512,VSM.StaticRasterDraw,6912,1
22,675.0131773999999,2.2910999999794512,VSM.DynamicRasterClear,256,1
22,675.0131773999999,2.2910999999794512,VSM.DynamicRasterDraw,25344,1
22,675.0131773999999,2.2910999999794512,VSM.StaticRaster,7168,1
22,675.0131773999999,2.2910999999794512,VSM.UnityCompatibilityRaster,0,0
22,675.0131773999999,2.2910999999794512,VSM.Resolve,6077184,1
22,675.0131773999999,2.2910999999794512,VSM.ResolveTrace,5849088,1
22,675.0131773999999,2.2910999999794512,VSM.FilterHorizontal,66304,1
22,675.0131773999999,2.2910999999794512,VSM.FilterVertical,0,0
22,675.0131773999999,2.2910999999794512,VSM.FilterTemporalVertical,161024,1
22,675.0131773999999,2.2910999999794512,VSM.ResetFeedback,0,1
23,675.02876329999992,2.2061999999323234,VSM.MarkReceiverPages,560640,1
23,675.02876329999992,2.2061999999323234,VSM.AllocationPrepare,9472,1
23,675.02876329999992,2.2061999999323234,VSM.AllocationCommit,600320,1
23,675.02876329999992,2.2061999999323234,VSM.Allocate,996096,1
23,675.02876329999992,2.2061999999323234,VSM.ClearPhysicalPages,270336,1
23,675.02876329999992,2.2061999999323234,VSM.PageOccupancy,74752,1
23,675.02876329999992,2.2061999999323234,VSM.FinalizePages,1792,1
23,675.02876329999992,2.2061999999323234,VSM.DynamicRaster,26368,1
23,675.02876329999992,2.2061999999323234,VSM.LayoutRemap,0,1
23,675.02876329999992,2.2061999999323234,VSM.InvalidateStatic,0,0
23,675.02876329999992,2.2061999999323234,VSM.InvalidateDynamic,1792,1
23,675.02876329999992,2.2061999999323234,VSM.StaticCasterCull,206080,1
23,675.02876329999992,2.2061999999323234,VSM.DynamicCasterCull,115200,1
23,675.02876329999992,2.2061999999323234,VSM.PageCull,287232,2
23,675.02876329999992,2.2061999999323234,VSM.StaticRasterClear,256,1
23,675.02876329999992,2.2061999999323234,VSM.StaticRasterDraw,6912,1
23,675.02876329999992,2.2061999999323234,VSM.DynamicRasterClear,1280,1
23,675.02876329999992,2.2061999999323234,VSM.DynamicRasterDraw,24832,1
23,675.02876329999992,2.2061999999323234,VSM.StaticRaster,7168,1
23,675.02876329999992,2.2061999999323234,VSM.UnityCompatibilityRaster,0,0
23,675.02876329999992,2.2061999999323234,VSM.Resolve,5766912,1
23,675.02876329999992,2.2061999999323234,VSM.ResolveTrace,5537536,1
23,675.02876329999992,2.2061999999323234,VSM.FilterHorizontal,67840,1
23,675.02876329999992,2.2061999999323234,VSM.FilterVertical,0,0
23,675.02876329999992,2.2061999999323234,VSM.FilterTemporalVertical,160256,1
23,675.02876329999992,2.2061999999323234,VSM.ResetFeedback,0,1
24,675.04395479999994,2.1974999999656575,VSM.MarkReceiverPages,577536,1
24,675.04395479999994,2.1974999999656575,VSM.AllocationPrepare,9728,1
24,675.04395479999994,2.1974999999656575,VSM.AllocationCommit,605952,1
24,675.04395479999994,2.1974999999656575,VSM.Allocate,784128,1
24,675.04395479999994,2.1974999999656575,VSM.ClearPhysicalPages,273152,1
24,675.04395479999994,2.1974999999656575,VSM.PageOccupancy,73984,1
24,675.04395479999994,2.1974999999656575,VSM.FinalizePages,2048,1
24,675.04395479999994,2.1974999999656575,VSM.DynamicRaster,29696,1
24,675.04395479999994,2.1974999999656575,VSM.LayoutRemap,0,1
24,675.04395479999994,2.1974999999656575,VSM.InvalidateStatic,0,0
24,675.04395479999994,2.1974999999656575,VSM.InvalidateDynamic,1536,1
24,675.04395479999994,2.1974999999656575,VSM.StaticCasterCull,205568,1
24,675.04395479999994,2.1974999999656575,VSM.DynamicCasterCull,115456,1
24,675.04395479999994,2.1974999999656575,VSM.PageCull,287232,2
24,675.04395479999994,2.1974999999656575,VSM.StaticRasterClear,256,1
24,675.04395479999994,2.1974999999656575,VSM.StaticRasterDraw,6912,1
24,675.04395479999994,2.1974999999656575,VSM.DynamicRasterClear,0,1
24,675.04395479999994,2.1974999999656575,VSM.DynamicRasterDraw,29440,1
24,675.04395479999994,2.1974999999656575,VSM.StaticRaster,7168,1
24,675.04395479999994,2.1974999999656575,VSM.UnityCompatibilityRaster,0,0
24,675.04395479999994,2.1974999999656575,VSM.Resolve,6423040,1
24,675.04395479999994,2.1974999999656575,VSM.ResolveTrace,5875456,1
24,675.04395479999994,2.1974999999656575,VSM.FilterHorizontal,66816,1
24,675.04395479999994,2.1974999999656575,VSM.FilterVertical,0,0
24,675.04395479999994,2.1974999999656575,VSM.FilterTemporalVertical,479232,1
24,675.04395479999994,2.1974999999656575,VSM.ResetFeedback,0,1
25,675.05959939999991,2.3003999999673397,VSM.MarkReceiverPages,559104,1
25,675.05959939999991,2.3003999999673397,VSM.AllocationPrepare,9728,1
25,675.05959939999991,2.3003999999673397,VSM.AllocationCommit,603392,1
25,675.05959939999991,2.3003999999673397,VSM.Allocate,796160,1
25,675.05959939999991,2.3003999999673397,VSM.ClearPhysicalPages,269824,1
25,675.05959939999991,2.3003999999673397,VSM.PageOccupancy,73216,1
25,675.05959939999991,2.3003999999673397,VSM.FinalizePages,2048,1
25,675.05959939999991,2.3003999999673397,VSM.DynamicRaster,31232,1
25,675.05959939999991,2.3003999999673397,VSM.LayoutRemap,0,1
25,675.05959939999991,2.3003999999673397,VSM.InvalidateStatic,0,0
25,675.05959939999991,2.3003999999673397,VSM.InvalidateDynamic,1792,1
25,675.05959939999991,2.3003999999673397,VSM.StaticCasterCull,202496,1
25,675.05959939999991,2.3003999999673397,VSM.DynamicCasterCull,113152,1
25,675.05959939999991,2.3003999999673397,VSM.PageCull,281600,2
25,675.05959939999991,2.3003999999673397,VSM.StaticRasterClear,0,1
25,675.05959939999991,2.3003999999673397,VSM.StaticRasterDraw,7168,1
25,675.05959939999991,2.3003999999673397,VSM.DynamicRasterClear,1536,1
25,675.05959939999991,2.3003999999673397,VSM.DynamicRasterDraw,29440,1
25,675.05959939999991,2.3003999999673397,VSM.StaticRaster,7168,1
25,675.05959939999991,2.3003999999673397,VSM.UnityCompatibilityRaster,0,0
25,675.05959939999991,2.3003999999673397,VSM.Resolve,6240512,1
25,675.05959939999991,2.3003999999673397,VSM.ResolveTrace,6013696,1
25,675.05959939999991,2.3003999999673397,VSM.FilterHorizontal,65024,1
25,675.05959939999991,2.3003999999673397,VSM.FilterVertical,0,0
25,675.05959939999991,2.3003999999673397,VSM.FilterTemporalVertical,160512,1
25,675.05959939999991,2.3003999999673397,VSM.ResetFeedback,0,1
26,675.0753891999999,2.3979000000053929,VSM.MarkReceiverPages,558080,1
26,675.0753891999999,2.3979000000053929,VSM.AllocationPrepare,9472,1
26,675.0753891999999,2.3979000000053929,VSM.AllocationCommit,600832,1
26,675.0753891999999,2.3979000000053929,VSM.Allocate,610816,1
26,675.0753891999999,2.3979000000053929,VSM.ClearPhysicalPages,269056,1
26,675.0753891999999,2.3979000000053929,VSM.PageOccupancy,75264,1
26,675.0753891999999,2.3979000000053929,VSM.FinalizePages,2048,1
26,675.0753891999999,2.3979000000053929,VSM.DynamicRaster,30464,1
26,675.0753891999999,2.3979000000053929,VSM.LayoutRemap,0,1
26,675.0753891999999,2.3979000000053929,VSM.InvalidateStatic,0,0
26,675.0753891999999,2.3979000000053929,VSM.InvalidateDynamic,1280,1
26,675.0753891999999,2.3979000000053929,VSM.StaticCasterCull,212224,1
26,675.0753891999999,2.3979000000053929,VSM.DynamicCasterCull,115968,1
26,675.0753891999999,2.3979000000053929,VSM.PageCull,294400,2
26,675.0753891999999,2.3979000000053929,VSM.StaticRasterClear,0,1
26,675.0753891999999,2.3979000000053929,VSM.StaticRasterDraw,7936,1
26,675.0753891999999,2.3979000000053929,VSM.DynamicRasterClear,0,1
26,675.0753891999999,2.3979000000053929,VSM.DynamicRasterDraw,30464,1
26,675.0753891999999,2.3979000000053929,VSM.StaticRaster,7936,1
26,675.0753891999999,2.3979000000053929,VSM.UnityCompatibilityRaster,0,0
26,675.0753891999999,2.3979000000053929,VSM.Resolve,6147840,1
26,675.0753891999999,2.3979000000053929,VSM.ResolveTrace,5923328,1
26,675.0753891999999,2.3979000000053929,VSM.FilterHorizontal,65024,1
26,675.0753891999999,2.3979000000053929,VSM.FilterVertical,0,0
26,675.0753891999999,2.3979000000053929,VSM.FilterTemporalVertical,158208,1
26,675.0753891999999,2.3979000000053929,VSM.ResetFeedback,0,1
27,675.0910468,2.2077999999510212,VSM.MarkReceiverPages,574464,1
27,675.0910468,2.2077999999510212,VSM.AllocationPrepare,9728,1
27,675.0910468,2.2077999999510212,VSM.AllocationCommit,600320,1
27,675.0910468,2.2077999999510212,VSM.Allocate,1120768,1
27,675.0910468,2.2077999999510212,VSM.ClearPhysicalPages,270336,1
27,675.0910468,2.2077999999510212,VSM.PageOccupancy,70400,1
27,675.0910468,2.2077999999510212,VSM.FinalizePages,2048,1
27,675.0910468,2.2077999999510212,VSM.DynamicRaster,30720,1
27,675.0910468,2.2077999999510212,VSM.LayoutRemap,0,1
27,675.0910468,2.2077999999510212,VSM.InvalidateStatic,0,0
27,675.0910468,2.2077999999510212,VSM.InvalidateDynamic,2304,1
27,675.0910468,2.2077999999510212,VSM.StaticCasterCull,208640,1
27,675.0910468,2.2077999999510212,VSM.DynamicCasterCull,114176,1
27,675.0910468,2.2077999999510212,VSM.PageCull,289024,2
27,675.0910468,2.2077999999510212,VSM.StaticRasterClear,0,1
27,675.0910468,2.2077999999510212,VSM.StaticRasterDraw,7168,1
27,675.0910468,2.2077999999510212,VSM.DynamicRasterClear,0,1
27,675.0910468,2.2077999999510212,VSM.DynamicRasterDraw,30464,1
27,675.0910468,2.2077999999510212,VSM.StaticRaster,7424,1
27,675.0910468,2.2077999999510212,VSM.UnityCompatibilityRaster,0,0
27,675.0910468,2.2077999999510212,VSM.Resolve,6360320,1
27,675.0910468,2.2077999999510212,VSM.ResolveTrace,5768192,1
27,675.0910468,2.2077999999510212,VSM.FilterHorizontal,65536,1
27,675.0910468,2.2077999999510212,VSM.FilterVertical,0,0
27,675.0910468,2.2077999999510212,VSM.FilterTemporalVertical,525312,1
27,675.0910468,2.2077999999510212,VSM.ResetFeedback,0,1
28,675.1066747,2.199300000029325,VSM.MarkReceiverPages,561664,1
28,675.1066747,2.199300000029325,VSM.AllocationPrepare,9728,1
28,675.1066747,2.199300000029325,VSM.AllocationCommit,603904,1
28,675.1066747,2.199300000029325,VSM.Allocate,873728,1
28,675.1066747,2.199300000029325,VSM.ClearPhysicalPages,271616,1
28,675.1066747,2.199300000029325,VSM.PageOccupancy,76032,1
28,675.1066747,2.199300000029325,VSM.FinalizePages,2048,1
28,675.1066747,2.199300000029325,VSM.DynamicRaster,32000,1
28,675.1066747,2.199300000029325,VSM.LayoutRemap,0,1
28,675.1066747,2.199300000029325,VSM.InvalidateStatic,0,0
28,675.1066747,2.199300000029325,VSM.InvalidateDynamic,1792,1
28,675.1066747,2.199300000029325,VSM.StaticCasterCull,207360,1
28,675.1066747,2.199300000029325,VSM.DynamicCasterCull,120576,1
28,675.1066747,2.199300000029325,VSM.PageCull,293888,2
28,675.1066747,2.199300000029325,VSM.StaticRasterClear,0,1
28,675.1066747,2.199300000029325,VSM.StaticRasterDraw,7168,1
28,675.1066747,2.199300000029325,VSM.DynamicRasterClear,1024,1
28,675.1066747,2.199300000029325,VSM.DynamicRasterDraw,30976,1
28,675.1066747,2.199300000029325,VSM.StaticRaster,7168,1
28,675.1066747,2.199300000029325,VSM.UnityCompatibilityRaster,0,0
28,675.1066747,2.199300000029325,VSM.Resolve,6172416,1
28,675.1066747,2.199300000029325,VSM.ResolveTrace,5944320,1
28,675.1066747,2.199300000029325,VSM.FilterHorizontal,66816,1
28,675.1066747,2.199300000029325,VSM.FilterVertical,0,0
28,675.1066747,2.199300000029325,VSM.FilterTemporalVertical,160000,1
28,675.1066747,2.199300000029325,VSM.ResetFeedback,0,1
29,675.12156829999992,2.1762999999737076,VSM.MarkReceiverPages,557824,1
29,675.12156829999992,2.1762999999737076,VSM.AllocationPrepare,9728,1
29,675.12156829999992,2.1762999999737076,VSM.AllocationCommit,603136,1
29,675.12156829999992,2.1762999999737076,VSM.Allocate,790272,1
29,675.12156829999992,2.1762999999737076,VSM.ClearPhysicalPages,269824,1
29,675.12156829999992,2.1762999999737076,VSM.PageOccupancy,76544,1
29,675.12156829999992,2.1762999999737076,VSM.FinalizePages,2048,1
29,675.12156829999992,2.1762999999737076,VSM.DynamicRaster,31232,1
29,675.12156829999992,2.1762999999737076,VSM.LayoutRemap,0,1
29,675.12156829999992,2.1762999999737076,VSM.InvalidateStatic,0,0
29,675.12156829999992,2.1762999999737076,VSM.InvalidateDynamic,1536,1
29,675.12156829999992,2.1762999999737076,VSM.StaticCasterCull,207616,1
29,675.12156829999992,2.1762999999737076,VSM.DynamicCasterCull,120576,1
29,675.12156829999992,2.1762999999737076,VSM.PageCull,294400,2
29,675.12156829999992,2.1762999999737076,VSM.StaticRasterClear,0,1
29,675.12156829999992,2.1762999999737076,VSM.StaticRasterDraw,4608,1
29,675.12156829999992,2.1762999999737076,VSM.DynamicRasterClear,1280,1
29,675.12156829999992,2.1762999999737076,VSM.DynamicRasterDraw,29952,1
29,675.12156829999992,2.1762999999737076,VSM.StaticRaster,4608,1
29,675.12156829999992,2.1762999999737076,VSM.UnityCompatibilityRaster,0,0
29,675.12156829999992,2.1762999999737076,VSM.Resolve,6403584,1
29,675.12156829999992,2.1762999999737076,VSM.ResolveTrace,6173184,1
29,675.12156829999992,2.1762999999737076,VSM.FilterHorizontal,65792,1
29,675.12156829999992,2.1762999999737076,VSM.FilterVertical,0,0
29,675.12156829999992,2.1762999999737076,VSM.FilterTemporalVertical,163840,1
29,675.12156829999992,2.1762999999737076,VSM.ResetFeedback,0,1
30,675.1366711,2.32600000003913,VSM.MarkReceiverPages,556800,1
30,675.1366711,2.32600000003913,VSM.AllocationPrepare,9472,1
30,675.1366711,2.32600000003913,VSM.AllocationCommit,601344,1
30,675.1366711,2.32600000003913,VSM.Allocate,785408,1
30,675.1366711,2.32600000003913,VSM.ClearPhysicalPages,269312,1
30,675.1366711,2.32600000003913,VSM.PageOccupancy,74752,1
30,675.1366711,2.32600000003913,VSM.FinalizePages,1792,1
30,675.1366711,2.32600000003913,VSM.DynamicRaster,30720,1
30,675.1366711,2.32600000003913,VSM.LayoutRemap,0,1
30,675.1366711,2.32600000003913,VSM.InvalidateStatic,0,0
30,675.1366711,2.32600000003913,VSM.InvalidateDynamic,1792,1
30,675.1366711,2.32600000003913,VSM.StaticCasterCull,208896,1
30,675.1366711,2.32600000003913,VSM.DynamicCasterCull,118272,1
30,675.1366711,2.32600000003913,VSM.PageCull,293376,2
30,675.1366711,2.32600000003913,VSM.StaticRasterClear,0,1
30,675.1366711,2.32600000003913,VSM.StaticRasterDraw,7168,1
30,675.1366711,2.32600000003913,VSM.DynamicRasterClear,512,1
30,675.1366711,2.32600000003913,VSM.DynamicRasterDraw,30208,1
30,675.1366711,2.32600000003913,VSM.StaticRaster,7168,1
30,675.1366711,2.32600000003913,VSM.UnityCompatibilityRaster,0,0
30,675.1366711,2.32600000003913,VSM.Resolve,6158592,1
30,675.1366711,2.32600000003913,VSM.ResolveTrace,5931008,1
30,675.1366711,2.32600000003913,VSM.FilterHorizontal,65792,1
30,675.1366711,2.32600000003913,VSM.FilterVertical,0,0
30,675.1366711,2.32600000003913,VSM.FilterTemporalVertical,160512,1
30,675.1366711,2.32600000003913,VSM.ResetFeedback,0,1
31,675.15272759999993,2.3182999999562526,VSM.MarkReceiverPages,556800,1
31,675.15272759999993,2.3182999999562526,VSM.AllocationPrepare,9728,1
31,675.15272759999993,2.3182999999562526,VSM.AllocationCommit,600576,1
31,675.15272759999993,2.3182999999562526,VSM.Allocate,610304,1
31,675.15272759999993,2.3182999999562526,VSM.ClearPhysicalPages,281088,1
31,675.15272759999993,2.3182999999562526,VSM.PageOccupancy,74752,1
31,675.15272759999993,2.3182999999562526,VSM.FinalizePages,2304,1
31,675.15272759999993,2.3182999999562526,VSM.DynamicRaster,30976,1
31,675.15272759999993,2.3182999999562526,VSM.LayoutRemap,0,1
31,675.15272759999993,2.3182999999562526,VSM.InvalidateStatic,0,0
31,675.15272759999993,2.3182999999562526,VSM.InvalidateDynamic,1536,1
31,675.15272759999993,2.3182999999562526,VSM.StaticCasterCull,451328,1
31,675.15272759999993,2.3182999999562526,VSM.DynamicCasterCull,115456,1
31,675.15272759999993,2.3182999999562526,VSM.PageCull,262912,2
31,675.15272759999993,2.3182999999562526,VSM.StaticRasterClear,19200,1
31,675.15272759999993,2.3182999999562526,VSM.StaticRasterDraw,8704,1
31,675.15272759999993,2.3182999999562526,VSM.DynamicRasterClear,256,1
31,675.15272759999993,2.3182999999562526,VSM.DynamicRasterDraw,30720,1
31,675.15272759999993,2.3182999999562526,VSM.StaticRaster,29184,1
31,675.15272759999993,2.3182999999562526,VSM.UnityCompatibilityRaster,0,0
31,675.15272759999993,2.3182999999562526,VSM.Resolve,5911040,1
31,675.15272759999993,2.3182999999562526,VSM.ResolveTrace,5521408,1
31,675.15272759999993,2.3182999999562526,VSM.FilterHorizontal,65536,1
31,675.15272759999993,2.3182999999562526,VSM.FilterVertical,0,0
31,675.15272759999993,2.3182999999562526,VSM.FilterTemporalVertical,159488,1
31,675.15272759999993,2.3182999999562526,VSM.ResetFeedback,0,1
32,675.1684881,2.6136000000178683,VSM.MarkReceiverPages,555008,1
32,675.1684881,2.6136000000178683,VSM.AllocationPrepare,9728,1
32,675.1684881,2.6136000000178683,VSM.AllocationCommit,599552,1
32,675.1684881,2.6136000000178683,VSM.Allocate,865280,1
32,675.1684881,2.6136000000178683,VSM.ClearPhysicalPages,269824,1
32,675.1684881,2.6136000000178683,VSM.PageOccupancy,74752,1
32,675.1684881,2.6136000000178683,VSM.FinalizePages,1792,1
32,675.1684881,2.6136000000178683,VSM.DynamicRaster,29440,1
32,675.1684881,2.6136000000178683,VSM.LayoutRemap,0,1
32,675.1684881,2.6136000000178683,VSM.InvalidateStatic,0,0
32,675.1684881,2.6136000000178683,VSM.InvalidateDynamic,1792,1
32,675.1684881,2.6136000000178683,VSM.StaticCasterCull,216064,1
32,675.1684881,2.6136000000178683,VSM.DynamicCasterCull,119040,1
32,675.1684881,2.6136000000178683,VSM.PageCull,301824,2
32,675.1684881,2.6136000000178683,VSM.StaticRasterClear,0,1
32,675.1684881,2.6136000000178683,VSM.StaticRasterDraw,7168,1
32,675.1684881,2.6136000000178683,VSM.DynamicRasterClear,0,1
32,675.1684881,2.6136000000178683,VSM.DynamicRasterDraw,29440,1
32,675.1684881,2.6136000000178683,VSM.StaticRaster,7168,1
32,675.1684881,2.6136000000178683,VSM.UnityCompatibilityRaster,0,0
32,675.1684881,2.6136000000178683,VSM.Resolve,5607168,1
32,675.1684881,2.6136000000178683,VSM.ResolveTrace,5380608,1
32,675.1684881,2.6136000000178683,VSM.FilterHorizontal,66048,1
32,675.1684881,2.6136000000178683,VSM.FilterVertical,0,0
32,675.1684881,2.6136000000178683,VSM.FilterTemporalVertical,159488,1
32,675.1684881,2.6136000000178683,VSM.ResetFeedback,0,1
33,675.1833426,2.3191000000224449,VSM.MarkReceiverPages,559104,1
33,675.1833426,2.3191000000224449,VSM.AllocationPrepare,9472,1
33,675.1833426,2.3191000000224449,VSM.AllocationCommit,604160,1
33,675.1833426,2.3191000000224449,VSM.Allocate,614144,1
33,675.1833426,2.3191000000224449,VSM.ClearPhysicalPages,517376,1
33,675.1833426,2.3191000000224449,VSM.PageOccupancy,78848,1
33,675.1833426,2.3191000000224449,VSM.FinalizePages,1792,1
33,675.1833426,2.3191000000224449,VSM.DynamicRaster,43520,1
33,675.1833426,2.3191000000224449,VSM.LayoutRemap,0,1
33,675.1833426,2.3191000000224449,VSM.InvalidateStatic,0,0
33,675.1833426,2.3191000000224449,VSM.InvalidateDynamic,1792,1
33,675.1833426,2.3191000000224449,VSM.StaticCasterCull,209664,1
33,675.1833426,2.3191000000224449,VSM.DynamicCasterCull,106752,1
33,675.1833426,2.3191000000224449,VSM.PageCull,277504,2
33,675.1833426,2.3191000000224449,VSM.StaticRasterClear,0,1
33,675.1833426,2.3191000000224449,VSM.StaticRasterDraw,3072,1
33,675.1833426,2.3191000000224449,VSM.DynamicRasterClear,14080,1
33,675.1833426,2.3191000000224449,VSM.DynamicRasterDraw,29184,1
33,675.1833426,2.3191000000224449,VSM.StaticRaster,3328,1
33,675.1833426,2.3191000000224449,VSM.UnityCompatibilityRaster,0,0
33,675.1833426,2.3191000000224449,VSM.Resolve,6239744,1
33,675.1833426,2.3191000000224449,VSM.ResolveTrace,6010112,1
33,675.1833426,2.3191000000224449,VSM.FilterHorizontal,66560,1
33,675.1833426,2.3191000000224449,VSM.FilterVertical,0,0
33,675.1833426,2.3191000000224449,VSM.FilterTemporalVertical,161536,1
33,675.1833426,2.3191000000224449,VSM.ResetFeedback,0,1
34,675.1990215,2.3131000000375934,VSM.MarkReceiverPages,555776,1
34,675.1990215,2.3131000000375934,VSM.AllocationPrepare,9728,1
34,675.1990215,2.3131000000375934,VSM.AllocationCommit,602112,1
34,675.1990215,2.3131000000375934,VSM.Allocate,611840,1
34,675.1990215,2.3131000000375934,VSM.ClearPhysicalPages,270080,1
34,675.1990215,2.3131000000375934,VSM.PageOccupancy,76032,1
34,675.1990215,2.3131000000375934,VSM.FinalizePages,1792,1
34,675.1990215,2.3131000000375934,VSM.DynamicRaster,117760,1
34,675.1990215,2.3131000000375934,VSM.LayoutRemap,0,1
34,675.1990215,2.3131000000375934,VSM.InvalidateStatic,0,0
34,675.1990215,2.3131000000375934,VSM.InvalidateDynamic,1536,1
34,675.1990215,2.3131000000375934,VSM.StaticCasterCull,213504,1
34,675.1990215,2.3131000000375934,VSM.DynamicCasterCull,34304,1
34,675.1990215,2.3131000000375934,VSM.PageCull,214016,2
34,675.1990215,2.3131000000375934,VSM.StaticRasterClear,0,1
34,675.1990215,2.3131000000375934,VSM.StaticRasterDraw,7424,1
34,675.1990215,2.3131000000375934,VSM.DynamicRasterClear,88832,1
34,675.1990215,2.3131000000375934,VSM.DynamicRasterDraw,28928,1
34,675.1990215,2.3131000000375934,VSM.StaticRaster,7680,1
34,675.1990215,2.3131000000375934,VSM.UnityCompatibilityRaster,0,0
34,675.1990215,2.3131000000375934,VSM.Resolve,6206720,1
34,675.1990215,2.3131000000375934,VSM.ResolveTrace,5976832,1
34,675.1990215,2.3131000000375934,VSM.FilterHorizontal,65536,1
34,675.1990215,2.3131000000375934,VSM.FilterVertical,0,0
34,675.1990215,2.3131000000375934,VSM.FilterTemporalVertical,163328,1
34,675.1990215,2.3131000000375934,VSM.ResetFeedback,0,1
35,675.21431469999993,2.2351999999727923,VSM.MarkReceiverPages,559104,1
35,675.21431469999993,2.2351999999727923,VSM.AllocationPrepare,9472,1
35,675.21431469999993,2.2351999999727923,VSM.AllocationCommit,602880,1
35,675.21431469999993,2.2351999999727923,VSM.Allocate,612864,1
35,675.21431469999993,2.2351999999727923,VSM.ClearPhysicalPages,269312,1
35,675.21431469999993,2.2351999999727923,VSM.PageOccupancy,75008,1
35,675.21431469999993,2.2351999999727923,VSM.FinalizePages,1792,1
35,675.21431469999993,2.2351999999727923,VSM.DynamicRaster,36608,1
35,675.21431469999993,2.2351999999727923,VSM.LayoutRemap,0,1
35,675.21431469999993,2.2351999999727923,VSM.InvalidateStatic,0,0
35,675.21431469999993,2.2351999999727923,VSM.InvalidateDynamic,1536,1
35,675.21431469999993,2.2351999999727923,VSM.StaticCasterCull,202752,1
35,675.21431469999993,2.2351999999727923,VSM.DynamicCasterCull,112640,1
35,675.21431469999993,2.2351999999727923,VSM.PageCull,281344,2
35,675.21431469999993,2.2351999999727923,VSM.StaticRasterClear,0,1
35,675.21431469999993,2.2351999999727923,VSM.StaticRasterDraw,7680,1
35,675.21431469999993,2.2351999999727923,VSM.DynamicRasterClear,2560,1
35,675.21431469999993,2.2351999999727923,VSM.DynamicRasterDraw,34048,1
35,675.21431469999993,2.2351999999727923,VSM.StaticRaster,7936,1
35,675.21431469999993,2.2351999999727923,VSM.UnityCompatibilityRaster,0,0
35,675.21431469999993,2.2351999999727923,VSM.Resolve,6052608,1
35,675.21431469999993,2.2351999999727923,VSM.ResolveTrace,5831168,1
35,675.21431469999993,2.2351999999727923,VSM.FilterHorizontal,65024,1
35,675.21431469999993,2.2351999999727923,VSM.FilterVertical,0,0
35,675.21431469999993,2.2351999999727923,VSM.FilterTemporalVertical,155648,1
35,675.21431469999993,2.2351999999727923,VSM.ResetFeedback,0,1
36,675.2302497,2.4443999999448351,VSM.MarkReceiverPages,557312,1
36,675.2302497,2.4443999999448351,VSM.AllocationPrepare,9472,1
36,675.2302497,2.4443999999448351,VSM.AllocationCommit,602368,1
36,675.2302497,2.4443999999448351,VSM.Allocate,866048,1
36,675.2302497,2.4443999999448351,VSM.ClearPhysicalPages,270080,1
36,675.2302497,2.4443999999448351,VSM.PageOccupancy,77312,1
36,675.2302497,2.4443999999448351,VSM.FinalizePages,2048,1
36,675.2302497,2.4443999999448351,VSM.DynamicRaster,31232,1
36,675.2302497,2.4443999999448351,VSM.LayoutRemap,0,1
36,675.2302497,2.4443999999448351,VSM.InvalidateStatic,0,0
36,675.2302497,2.4443999999448351,VSM.InvalidateDynamic,1792,1
36,675.2302497,2.4443999999448351,VSM.StaticCasterCull,216320,1
36,675.2302497,2.4443999999448351,VSM.DynamicCasterCull,117504,1
36,675.2302497,2.4443999999448351,VSM.PageCull,300288,2
36,675.2302497,2.4443999999448351,VSM.StaticRasterClear,0,1
36,675.2302497,2.4443999999448351,VSM.StaticRasterDraw,7168,1
36,675.2302497,2.4443999999448351,VSM.DynamicRasterClear,768,1
36,675.2302497,2.4443999999448351,VSM.DynamicRasterDraw,30464,1
36,675.2302497,2.4443999999448351,VSM.StaticRaster,7168,1
36,675.2302497,2.4443999999448351,VSM.UnityCompatibilityRaster,0,0
36,675.2302497,2.4443999999448351,VSM.Resolve,6401792,1
36,675.2302497,2.4443999999448351,VSM.ResolveTrace,6173952,1
36,675.2302497,2.4443999999448351,VSM.FilterHorizontal,66304,1
36,675.2302497,2.4443999999448351,VSM.FilterVertical,0,0
36,675.2302497,2.4443999999448351,VSM.FilterTemporalVertical,160256,1
36,675.2302497,2.4443999999448351,VSM.ResetFeedback,0,1
37,675.2451016,2.2707000000536937,VSM.MarkReceiverPages,561920,1
37,675.2451016,2.2707000000536937,VSM.AllocationPrepare,9728,1
37,675.2451016,2.2707000000536937,VSM.AllocationCommit,607744,1
37,675.2451016,2.2707000000536937,VSM.Allocate,975104,1
37,675.2451016,2.2707000000536937,VSM.ClearPhysicalPages,272384,1
37,675.2451016,2.2707000000536937,VSM.PageOccupancy,74752,1
37,675.2451016,2.2707000000536937,VSM.FinalizePages,2048,1
37,675.2451016,2.2707000000536937,VSM.DynamicRaster,34560,1
37,675.2451016,2.2707000000536937,VSM.LayoutRemap,0,1
37,675.2451016,2.2707000000536937,VSM.InvalidateStatic,0,0
37,675.2451016,2.2707000000536937,VSM.InvalidateDynamic,2560,1
37,675.2451016,2.2707000000536937,VSM.StaticCasterCull,207872,1
37,675.2451016,2.2707000000536937,VSM.DynamicCasterCull,116736,1
37,675.2451016,2.2707000000536937,VSM.PageCull,290304,2
37,675.2451016,2.2707000000536937,VSM.StaticRasterClear,0,1
37,675.2451016,2.2707000000536937,VSM.StaticRasterDraw,9728,1
37,675.2451016,2.2707000000536937,VSM.DynamicRasterClear,0,1
37,675.2451016,2.2707000000536937,VSM.DynamicRasterDraw,34304,1
37,675.2451016,2.2707000000536937,VSM.StaticRaster,9984,1
37,675.2451016,2.2707000000536937,VSM.UnityCompatibilityRaster,0,0
37,675.2451016,2.2707000000536937,VSM.Resolve,6060544,1
37,675.2451016,2.2707000000536937,VSM.ResolveTrace,5831168,1
37,675.2451016,2.2707000000536937,VSM.FilterHorizontal,66304,1
37,675.2451016,2.2707000000536937,VSM.FilterVertical,0,0
37,675.2451016,2.2707000000536937,VSM.FilterTemporalVertical,161792,1
37,675.2451016,2.2707000000536937,VSM.ResetFeedback,0,1
38,675.2614382999999,2.39529999998922,VSM.MarkReceiverPages,854272,1
38,675.2614382999999,2.39529999998922,VSM.AllocationPrepare,9728,1
38,675.2614382999999,2.39529999998922,VSM.AllocationCommit,602368,1
38,675.2614382999999,2.39529999998922,VSM.Allocate,612608,1
38,675.2614382999999,2.39529999998922,VSM.ClearPhysicalPages,270080,1
38,675.2614382999999,2.39529999998922,VSM.PageOccupancy,75520,1
38,675.2614382999999,2.39529999998922,VSM.FinalizePages,1792,1
38,675.2614382999999,2.39529999998922,VSM.DynamicRaster,30464,1
38,675.2614382999999,2.39529999998922,VSM.LayoutRemap,0,1
38,675.2614382999999,2.39529999998922,VSM.InvalidateStatic,0,0
38,675.2614382999999,2.39529999998922,VSM.InvalidateDynamic,1536,1
38,675.2614382999999,2.39529999998922,VSM.StaticCasterCull,207616,1
38,675.2614382999999,2.39529999998922,VSM.DynamicCasterCull,119296,1
38,675.2614382999999,2.39529999998922,VSM.PageCull,292352,2
38,675.2614382999999,2.39529999998922,VSM.StaticRasterClear,0,1
38,675.2614382999999,2.39529999998922,VSM.StaticRasterDraw,7168,1
38,675.2614382999999,2.39529999998922,VSM.DynamicRasterClear,0,1
38,675.2614382999999,2.39529999998922,VSM.DynamicRasterDraw,30464,1
38,675.2614382999999,2.39529999998922,VSM.StaticRaster,7424,1
38,675.2614382999999,2.39529999998922,VSM.UnityCompatibilityRaster,0,0
38,675.2614382999999,2.39529999998922,VSM.Resolve,6939648,1
38,675.2614382999999,2.39529999998922,VSM.ResolveTrace,6712064,1
38,675.2614382999999,2.39529999998922,VSM.FilterHorizontal,65536,1
38,675.2614382999999,2.39529999998922,VSM.FilterVertical,0,0
38,675.2614382999999,2.39529999998922,VSM.FilterTemporalVertical,161024,1
38,675.2614382999999,2.39529999998922,VSM.ResetFeedback,0,1
39,675.2767508,2.4756999999908658,VSM.MarkReceiverPages,557312,1
39,675.2767508,2.4756999999908658,VSM.AllocationPrepare,9728,1
39,675.2767508,2.4756999999908658,VSM.AllocationCommit,601088,1
39,675.2767508,2.4756999999908658,VSM.Allocate,611072,1
39,675.2767508,2.4756999999908658,VSM.ClearPhysicalPages,269056,1
39,675.2767508,2.4756999999908658,VSM.PageOccupancy,75008,1
39,675.2767508,2.4756999999908658,VSM.FinalizePages,1792,1
39,675.2767508,2.4756999999908658,VSM.DynamicRaster,31744,1
39,675.2767508,2.4756999999908658,VSM.LayoutRemap,0,1
39,675.2767508,2.4756999999908658,VSM.InvalidateStatic,0,0
39,675.2767508,2.4756999999908658,VSM.InvalidateDynamic,1536,1
39,675.2767508,2.4756999999908658,VSM.StaticCasterCull,195072,1
39,675.2767508,2.4756999999908658,VSM.DynamicCasterCull,112128,1
39,675.2767508,2.4756999999908658,VSM.PageCull,272896,2
39,675.2767508,2.4756999999908658,VSM.StaticRasterClear,0,1
39,675.2767508,2.4756999999908658,VSM.StaticRasterDraw,5120,1
39,675.2767508,2.4756999999908658,VSM.DynamicRasterClear,512,1
39,675.2767508,2.4756999999908658,VSM.DynamicRasterDraw,31232,1
39,675.2767508,2.4756999999908658,VSM.StaticRaster,5376,1
39,675.2767508,2.4756999999908658,VSM.UnityCompatibilityRaster,0,0
39,675.2767508,2.4756999999908658,VSM.Resolve,5756160,1
39,675.2767508,2.4756999999908658,VSM.ResolveTrace,5529600,1
39,675.2767508,2.4756999999908658,VSM.FilterHorizontal,65024,1
39,675.2767508,2.4756999999908658,VSM.FilterVertical,0,0
39,675.2767508,2.4756999999908658,VSM.FilterTemporalVertical,160256,1
39,675.2767508,2.4756999999908658,VSM.ResetFeedback,0,1
40,675.29236389999994,2.4058999999851949,VSM.MarkReceiverPages,558848,1
40,675.29236389999994,2.4058999999851949,VSM.AllocationPrepare,9472,1
40,675.29236389999994,2.4058999999851949,VSM.AllocationCommit,601856,1
40,675.29236389999994,2.4058999999851949,VSM.Allocate,951296,1
40,675.29236389999994,2.4058999999851949,VSM.ClearPhysicalPages,269568,1
40,675.29236389999994,2.4058999999851949,VSM.PageOccupancy,73472,1
40,675.29236389999994,2.4058999999851949,VSM.FinalizePages,1792,1
40,675.29236389999994,2.4058999999851949,VSM.DynamicRaster,30720,1
40,675.29236389999994,2.4058999999851949,VSM.LayoutRemap,0,1
40,675.29236389999994,2.4058999999851949,VSM.InvalidateStatic,0,0
40,675.29236389999994,2.4058999999851949,VSM.InvalidateDynamic,2560,1
40,675.29236389999994,2.4058999999851949,VSM.StaticCasterCull,222464,1
40,675.29236389999994,2.4058999999851949,VSM.DynamicCasterCull,120320,1
40,675.29236389999994,2.4058999999851949,VSM.PageCull,309760,2
40,675.29236389999994,2.4058999999851949,VSM.StaticRasterClear,0,1
40,675.29236389999994,2.4058999999851949,VSM.StaticRasterDraw,9216,1
40,675.29236389999994,2.4058999999851949,VSM.DynamicRasterClear,256,1
40,675.29236389999994,2.4058999999851949,VSM.DynamicRasterDraw,30464,1
40,675.29236389999994,2.4058999999851949,VSM.StaticRaster,9472,1
40,675.29236389999994,2.4058999999851949,VSM.UnityCompatibilityRaster,0,0
40,675.29236389999994,2.4058999999851949,VSM.Resolve,6546432,1
40,675.29236389999994,2.4058999999851949,VSM.ResolveTrace,6148608,1
40,675.29236389999994,2.4058999999851949,VSM.FilterHorizontal,65536,1
40,675.29236389999994,2.4058999999851949,VSM.FilterVertical,0,0
40,675.29236389999994,2.4058999999851949,VSM.FilterTemporalVertical,330752,1
40,675.29236389999994,2.4058999999851949,VSM.ResetFeedback,0,1
41,675.30786489999991,2.6070999999774358,VSM.MarkReceiverPages,557056,1
41,675.30786489999991,2.6070999999774358,VSM.AllocationPrepare,9728,1
41,675.30786489999991,2.6070999999774358,VSM.AllocationCommit,602624,1
41,675.30786489999991,2.6070999999774358,VSM.Allocate,612608,1
41,675.30786489999991,2.6070999999774358,VSM.ClearPhysicalPages,269312,1
41,675.30786489999991,2.6070999999774358,VSM.PageOccupancy,75008,1
41,675.30786489999991,2.6070999999774358,VSM.FinalizePages,1792,1
41,675.30786489999991,2.6070999999774358,VSM.DynamicRaster,31488,1
41,675.30786489999991,2.6070999999774358,VSM.LayoutRemap,0,1
41,675.30786489999991,2.6070999999774358,VSM.InvalidateStatic,0,0
41,675.30786489999991,2.6070999999774358,VSM.InvalidateDynamic,1536,1
41,675.30786489999991,2.6070999999774358,VSM.StaticCasterCull,202240,1
41,675.30786489999991,2.6070999999774358,VSM.DynamicCasterCull,114688,1
41,675.30786489999991,2.6070999999774358,VSM.PageCull,282112,2
41,675.30786489999991,2.6070999999774358,VSM.StaticRasterClear,0,1
41,675.30786489999991,2.6070999999774358,VSM.StaticRasterDraw,4608,1
41,675.30786489999991,2.6070999999774358,VSM.DynamicRasterClear,0,1
41,675.30786489999991,2.6070999999774358,VSM.DynamicRasterDraw,31232,1
41,675.30786489999991,2.6070999999774358,VSM.StaticRaster,4608,1
41,675.30786489999991,2.6070999999774358,VSM.UnityCompatibilityRaster,0,0
41,675.30786489999991,2.6070999999774358,VSM.Resolve,5987072,1
41,675.30786489999991,2.6070999999774358,VSM.ResolveTrace,5758464,1
41,675.30786489999991,2.6070999999774358,VSM.FilterHorizontal,66304,1
41,675.30786489999991,2.6070999999774358,VSM.FilterVertical,0,0
41,675.30786489999991,2.6070999999774358,VSM.FilterTemporalVertical,161024,1
41,675.30786489999991,2.6070999999774358,VSM.ResetFeedback,0,1
42,675.32386869999993,2.2357999999940148,VSM.MarkReceiverPages,558848,1
42,675.32386869999993,2.2357999999940148,VSM.AllocationPrepare,9472,1
42,675.32386869999993,2.2357999999940148,VSM.AllocationCommit,606976,1
42,675.32386869999993,2.2357999999940148,VSM.Allocate,1040384,1
42,675.32386869999993,2.2357999999940148,VSM.ClearPhysicalPages,273152,1
42,675.32386869999993,2.2357999999940148,VSM.PageOccupancy,76288,1
42,675.32386869999993,2.2357999999940148,VSM.FinalizePages,1792,1
42,675.32386869999993,2.2357999999940148,VSM.DynamicRaster,33024,1
42,675.32386869999993,2.2357999999940148,VSM.LayoutRemap,0,1
42,675.32386869999993,2.2357999999940148,VSM.InvalidateStatic,0,0
42,675.32386869999993,2.2357999999940148,VSM.InvalidateDynamic,2816,1
42,675.32386869999993,2.2357999999940148,VSM.StaticCasterCull,208384,1
42,675.32386869999993,2.2357999999940148,VSM.DynamicCasterCull,117760,1
42,675.32386869999993,2.2357999999940148,VSM.PageCull,291840,2
42,675.32386869999993,2.2357999999940148,VSM.StaticRasterClear,0,1
42,675.32386869999993,2.2357999999940148,VSM.StaticRasterDraw,7168,1
42,675.32386869999993,2.2357999999940148,VSM.DynamicRasterClear,1536,1
42,675.32386869999993,2.2357999999940148,VSM.DynamicRasterDraw,31232,1
42,675.32386869999993,2.2357999999940148,VSM.StaticRaster,7424,1
42,675.32386869999993,2.2357999999940148,VSM.UnityCompatibilityRaster,0,0
42,675.32386869999993,2.2357999999940148,VSM.Resolve,6281984,1
42,675.32386869999993,2.2357999999940148,VSM.ResolveTrace,5870848,1
42,675.32386869999993,2.2357999999940148,VSM.FilterHorizontal,66560,1
42,675.32386869999993,2.2357999999940148,VSM.FilterVertical,0,0
42,675.32386869999993,2.2357999999940148,VSM.FilterTemporalVertical,343296,1
42,675.32386869999993,2.2357999999940148,VSM.ResetFeedback,0,1
43,675.3391107,2.2248999999874286,VSM.MarkReceiverPages,556288,1
43,675.3391107,2.2248999999874286,VSM.AllocationPrepare,9728,1
43,675.3391107,2.2248999999874286,VSM.AllocationCommit,604416,1
43,675.3391107,2.2248999999874286,VSM.Allocate,614400,1
43,675.3391107,2.2248999999874286,VSM.ClearPhysicalPages,499456,1
43,675.3391107,2.2248999999874286,VSM.PageOccupancy,72704,1
43,675.3391107,2.2248999999874286,VSM.FinalizePages,2048,1
43,675.3391107,2.2248999999874286,VSM.DynamicRaster,30720,1
43,675.3391107,2.2248999999874286,VSM.LayoutRemap,0,1
43,675.3391107,2.2248999999874286,VSM.InvalidateStatic,0,0
43,675.3391107,2.2248999999874286,VSM.InvalidateDynamic,1536,1
43,675.3391107,2.2248999999874286,VSM.StaticCasterCull,209920,1
43,675.3391107,2.2248999999874286,VSM.DynamicCasterCull,114944,1
43,675.3391107,2.2248999999874286,VSM.PageCull,285440,2
43,675.3391107,2.2248999999874286,VSM.StaticRasterClear,0,1
43,675.3391107,2.2248999999874286,VSM.StaticRasterDraw,6912,1
43,675.3391107,2.2248999999874286,VSM.DynamicRasterClear,256,1
43,675.3391107,2.2248999999874286,VSM.DynamicRasterDraw,30464,1
43,675.3391107,2.2248999999874286,VSM.StaticRaster,7168,1
43,675.3391107,2.2248999999874286,VSM.UnityCompatibilityRaster,0,0
43,675.3391107,2.2248999999874286,VSM.Resolve,5971968,1
43,675.3391107,2.2248999999874286,VSM.ResolveTrace,5744896,1
43,675.3391107,2.2248999999874286,VSM.FilterHorizontal,65792,1
43,675.3391107,2.2248999999874286,VSM.FilterVertical,0,0
43,675.3391107,2.2248999999874286,VSM.FilterTemporalVertical,160256,1
43,675.3391107,2.2248999999874286,VSM.ResetFeedback,0,1
44,675.35526989999994,2.2967999999536914,VSM.MarkReceiverPages,555520,1
44,675.35526989999994,2.2967999999536914,VSM.AllocationPrepare,9472,1
44,675.35526989999994,2.2967999999536914,VSM.AllocationCommit,599552,1
44,675.35526989999994,2.2967999999536914,VSM.Allocate,776960,1
44,675.35526989999994,2.2967999999536914,VSM.ClearPhysicalPages,443136,1
44,675.35526989999994,2.2967999999536914,VSM.PageOccupancy,73984,1
44,675.35526989999994,2.2967999999536914,VSM.FinalizePages,1792,1
44,675.35526989999994,2.2967999999536914,VSM.DynamicRaster,31232,1
44,675.35526989999994,2.2967999999536914,VSM.LayoutRemap,0,1
44,675.35526989999994,2.2967999999536914,VSM.InvalidateStatic,0,0
44,675.35526989999994,2.2967999999536914,VSM.InvalidateDynamic,1792,1
44,675.35526989999994,2.2967999999536914,VSM.StaticCasterCull,209152,1
44,675.35526989999994,2.2967999999536914,VSM.DynamicCasterCull,127744,1
44,675.35526989999994,2.2967999999536914,VSM.PageCull,301824,2
44,675.35526989999994,2.2967999999536914,VSM.StaticRasterClear,0,1
44,675.35526989999994,2.2967999999536914,VSM.StaticRasterDraw,6912,1
44,675.35526989999994,2.2967999999536914,VSM.DynamicRasterClear,1024,1
44,675.35526989999994,2.2967999999536914,VSM.DynamicRasterDraw,30208,1
44,675.35526989999994,2.2967999999536914,VSM.StaticRaster,7168,1
44,675.35526989999994,2.2967999999536914,VSM.UnityCompatibilityRaster,0,0
44,675.35526989999994,2.2967999999536914,VSM.Resolve,6013184,1
44,675.35526989999994,2.2967999999536914,VSM.ResolveTrace,5787392,1
44,675.35526989999994,2.2967999999536914,VSM.FilterHorizontal,65792,1
44,675.35526989999994,2.2967999999536914,VSM.FilterVertical,0,0
44,675.35526989999994,2.2967999999536914,VSM.FilterTemporalVertical,158976,1
44,675.35526989999994,2.2967999999536914,VSM.ResetFeedback,0,1
45,675.37065769999992,2.1715999999969426,VSM.MarkReceiverPages,556800,1
45,675.37065769999992,2.1715999999969426,VSM.AllocationPrepare,9472,1
45,675.37065769999992,2.1715999999969426,VSM.AllocationCommit,599552,1
45,675.37065769999992,2.1715999999969426,VSM.Allocate,609280,1
45,675.37065769999992,2.1715999999969426,VSM.ClearPhysicalPages,270336,1
45,675.37065769999992,2.1715999999969426,VSM.PageOccupancy,72192,1
45,675.37065769999992,2.1715999999969426,VSM.FinalizePages,2048,1
45,675.37065769999992,2.1715999999969426,VSM.DynamicRaster,25088,1
45,675.37065769999992,2.1715999999969426,VSM.LayoutRemap,0,1
45,675.37065769999992,2.1715999999969426,VSM.InvalidateStatic,0,0
45,675.37065769999992,2.1715999999969426,VSM.InvalidateDynamic,1536,1
45,675.37065769999992,2.1715999999969426,VSM.StaticCasterCull,200192,1
45,675.37065769999992,2.1715999999969426,VSM.DynamicCasterCull,112640,1
45,675.37065769999992,2.1715999999969426,VSM.PageCull,278016,2
45,675.37065769999992,2.1715999999969426,VSM.StaticRasterClear,0,1
45,675.37065769999992,2.1715999999969426,VSM.StaticRasterDraw,10240,1
45,675.37065769999992,2.1715999999969426,VSM.DynamicRasterClear,512,1
45,675.37065769999992,2.1715999999969426,VSM.DynamicRasterDraw,24576,1
45,675.37065769999992,2.1715999999969426,VSM.StaticRaster,10496,1
45,675.37065769999992,2.1715999999969426,VSM.UnityCompatibilityRaster,0,0
45,675.37065769999992,2.1715999999969426,VSM.Resolve,6060544,1
45,675.37065769999992,2.1715999999969426,VSM.ResolveTrace,5831424,1
45,675.37065769999992,2.1715999999969426,VSM.FilterHorizontal,65792,1
45,675.37065769999992,2.1715999999969426,VSM.FilterVertical,0,0
45,675.37065769999992,2.1715999999969426,VSM.FilterTemporalVertical,161536,1
45,675.37065769999992,2.1715999999969426,VSM.ResetFeedback,0,1
46,675.3862957,2.2423000000344473,VSM.MarkReceiverPages,558592,1
46,675.3862957,2.2423000000344473,VSM.AllocationPrepare,9728,1
46,675.3862957,2.2423000000344473,VSM.AllocationCommit,605440,1
46,675.3862957,2.2423000000344473,VSM.Allocate,803072,1
46,675.3862957,2.2423000000344473,VSM.ClearPhysicalPages,272384,1
46,675.3862957,2.2423000000344473,VSM.PageOccupancy,71936,1
46,675.3862957,2.2423000000344473,VSM.FinalizePages,1792,1
46,675.3862957,2.2423000000344473,VSM.DynamicRaster,25856,1
46,675.3862957,2.2423000000344473,VSM.LayoutRemap,0,1
46,675.3862957,2.2423000000344473,VSM.InvalidateStatic,0,0
46,675.3862957,2.2423000000344473,VSM.InvalidateDynamic,1536,1
46,675.3862957,2.2423000000344473,VSM.StaticCasterCull,208640,1
46,675.3862957,2.2423000000344473,VSM.DynamicCasterCull,121088,1
46,675.3862957,2.2423000000344473,VSM.PageCull,295680,2
46,675.3862957,2.2423000000344473,VSM.StaticRasterClear,0,1
46,675.3862957,2.2423000000344473,VSM.StaticRasterDraw,7168,1
46,675.3862957,2.2423000000344473,VSM.DynamicRasterClear,256,1
46,675.3862957,2.2423000000344473,VSM.DynamicRasterDraw,25600,1
46,675.3862957,2.2423000000344473,VSM.StaticRaster,7424,1
46,675.3862957,2.2423000000344473,VSM.UnityCompatibilityRaster,0,0
46,675.3862957,2.2423000000344473,VSM.Resolve,6663168,1
46,675.3862957,2.2423000000344473,VSM.ResolveTrace,6183424,1
46,675.3862957,2.2423000000344473,VSM.FilterHorizontal,67072,1
46,675.3862957,2.2423000000344473,VSM.FilterVertical,0,0
46,675.3862957,2.2423000000344473,VSM.FilterTemporalVertical,411648,1
46,675.3862957,2.2423000000344473,VSM.ResetFeedback,0,1
47,675.40202809999994,2.5322000000187472,VSM.MarkReceiverPages,558080,1
47,675.40202809999994,2.5322000000187472,VSM.AllocationPrepare,9472,1
47,675.40202809999994,2.5322000000187472,VSM.AllocationCommit,599552,1
47,675.40202809999994,2.5322000000187472,VSM.Allocate,882176,1
47,675.40202809999994,2.5322000000187472,VSM.ClearPhysicalPages,269312,1
47,675.40202809999994,2.5322000000187472,VSM.PageOccupancy,76544,1
47,675.40202809999994,2.5322000000187472,VSM.FinalizePages,1792,1
47,675.40202809999994,2.5322000000187472,VSM.DynamicRaster,25088,1
47,675.40202809999994,2.5322000000187472,VSM.LayoutRemap,0,1
47,675.40202809999994,2.5322000000187472,VSM.InvalidateStatic,0,0
47,675.40202809999994,2.5322000000187472,VSM.InvalidateDynamic,1792,1
47,675.40202809999994,2.5322000000187472,VSM.StaticCasterCull,210688,1
47,675.40202809999994,2.5322000000187472,VSM.DynamicCasterCull,111104,1
47,675.40202809999994,2.5322000000187472,VSM.PageCull,288000,2
47,675.40202809999994,2.5322000000187472,VSM.StaticRasterClear,0,1
47,675.40202809999994,2.5322000000187472,VSM.StaticRasterDraw,7168,1
47,675.40202809999994,2.5322000000187472,VSM.DynamicRasterClear,0,1
47,675.40202809999994,2.5322000000187472,VSM.DynamicRasterDraw,25088,1
47,675.40202809999994,2.5322000000187472,VSM.StaticRaster,7168,1
47,675.40202809999994,2.5322000000187472,VSM.UnityCompatibilityRaster,0,0
47,675.40202809999994,2.5322000000187472,VSM.Resolve,5993472,1
47,675.40202809999994,2.5322000000187472,VSM.ResolveTrace,5765888,1
47,675.40202809999994,2.5322000000187472,VSM.FilterHorizontal,65536,1
47,675.40202809999994,2.5322000000187472,VSM.FilterVertical,0,0
47,675.40202809999994,2.5322000000187472,VSM.FilterTemporalVertical,161024,1
47,675.40202809999994,2.5322000000187472,VSM.ResetFeedback,0,1
48,675.4181170999999,2.6811999999836189,VSM.MarkReceiverPages,559616,1
48,675.4181170999999,2.6811999999836189,VSM.AllocationPrepare,9472,1
48,675.4181170999999,2.6811999999836189,VSM.AllocationCommit,599552,1
48,675.4181170999999,2.6811999999836189,VSM.Allocate,798976,1
48,675.4181170999999,2.6811999999836189,VSM.ClearPhysicalPages,269568,1
48,675.4181170999999,2.6811999999836189,VSM.PageOccupancy,73472,1
48,675.4181170999999,2.6811999999836189,VSM.FinalizePages,1792,1
48,675.4181170999999,2.6811999999836189,VSM.DynamicRaster,25344,1
48,675.4181170999999,2.6811999999836189,VSM.LayoutRemap,0,1
48,675.4181170999999,2.6811999999836189,VSM.InvalidateStatic,0,0
48,675.4181170999999,2.6811999999836189,VSM.InvalidateDynamic,1536,1
48,675.4181170999999,2.6811999999836189,VSM.StaticCasterCull,213504,1
48,675.4181170999999,2.6811999999836189,VSM.DynamicCasterCull,121600,1
48,675.4181170999999,2.6811999999836189,VSM.PageCull,301312,2
48,675.4181170999999,2.6811999999836189,VSM.StaticRasterClear,0,1
48,675.4181170999999,2.6811999999836189,VSM.StaticRasterDraw,6912,1
48,675.4181170999999,2.6811999999836189,VSM.DynamicRasterClear,0,1
48,675.4181170999999,2.6811999999836189,VSM.DynamicRasterDraw,25088,1
48,675.4181170999999,2.6811999999836189,VSM.StaticRaster,7168,1
48,675.4181170999999,2.6811999999836189,VSM.UnityCompatibilityRaster,0,0
48,675.4181170999999,2.6811999999836189,VSM.Resolve,6053376,1
48,675.4181170999999,2.6811999999836189,VSM.ResolveTrace,5826560,1
48,675.4181170999999,2.6811999999836189,VSM.FilterHorizontal,66304,1
48,675.4181170999999,2.6811999999836189,VSM.FilterVertical,0,0
48,675.4181170999999,2.6811999999836189,VSM.FilterTemporalVertical,159488,1
48,675.4181170999999,2.6811999999836189,VSM.ResetFeedback,0,1
49,675.4333044,2.34150000005684,VSM.MarkReceiverPages,557312,1
49,675.4333044,2.34150000005684,VSM.AllocationPrepare,9472,1
49,675.4333044,2.34150000005684,VSM.AllocationCommit,599552,1
49,675.4333044,2.34150000005684,VSM.Allocate,609280,1
49,675.4333044,2.34150000005684,VSM.ClearPhysicalPages,269056,1
49,675.4333044,2.34150000005684,VSM.PageOccupancy,75520,1
49,675.4333044,2.34150000005684,VSM.FinalizePages,2048,1
49,675.4333044,2.34150000005684,VSM.DynamicRaster,50432,1
49,675.4333044,2.34150000005684,VSM.LayoutRemap,256,1
49,675.4333044,2.34150000005684,VSM.InvalidateStatic,0,0
49,675.4333044,2.34150000005684,VSM.InvalidateDynamic,1536,1
49,675.4333044,2.34150000005684,VSM.StaticCasterCull,211200,1
49,675.4333044,2.34150000005684,VSM.DynamicCasterCull,352768,1
49,675.4333044,2.34150000005684,VSM.PageCull,265984,2
49,675.4333044,2.34150000005684,VSM.StaticRasterClear,256,1
49,675.4333044,2.34150000005684,VSM.StaticRasterDraw,7680,1
49,675.4333044,2.34150000005684,VSM.DynamicRasterClear,19968,1
49,675.4333044,2.34150000005684,VSM.DynamicRasterDraw,29440,1
49,675.4333044,2.34150000005684,VSM.StaticRaster,7936,1
49,675.4333044,2.34150000005684,VSM.UnityCompatibilityRaster,0,0
49,675.4333044,2.34150000005684,VSM.Resolve,6001664,1
49,675.4333044,2.34150000005684,VSM.ResolveTrace,5775616,1
49,675.4333044,2.34150000005684,VSM.FilterHorizontal,65792,1
49,675.4333044,2.34150000005684,VSM.FilterVertical,0,0
49,675.4333044,2.34150000005684,VSM.FilterTemporalVertical,159232,1
49,675.4333044,2.34150000005684,VSM.ResetFeedback,0,1
50,675.4486896,2.1891999999752443,VSM.MarkReceiverPages,558336,1
50,675.4486896,2.1891999999752443,VSM.AllocationPrepare,9472,1
50,675.4486896,2.1891999999752443,VSM.AllocationCommit,600576,1
50,675.4486896,2.1891999999752443,VSM.Allocate,797696,1
50,675.4486896,2.1891999999752443,VSM.ClearPhysicalPages,269824,1
50,675.4486896,2.1891999999752443,VSM.PageOccupancy,74752,1
50,675.4486896,2.1891999999752443,VSM.FinalizePages,1792,1
50,675.4486896,2.1891999999752443,VSM.DynamicRaster,30464,1
50,675.4486896,2.1891999999752443,VSM.LayoutRemap,0,1
50,675.4486896,2.1891999999752443,VSM.InvalidateStatic,0,0
50,675.4486896,2.1891999999752443,VSM.InvalidateDynamic,1536,1
50,675.4486896,2.1891999999752443,VSM.StaticCasterCull,213760,1
50,675.4486896,2.1891999999752443,VSM.DynamicCasterCull,114688,1
50,675.4486896,2.1891999999752443,VSM.PageCull,294144,2
50,675.4486896,2.1891999999752443,VSM.StaticRasterClear,0,1
50,675.4486896,2.1891999999752443,VSM.StaticRasterDraw,7168,1
50,675.4486896,2.1891999999752443,VSM.DynamicRasterClear,4096,1
50,675.4486896,2.1891999999752443,VSM.DynamicRasterDraw,26112,1
50,675.4486896,2.1891999999752443,VSM.StaticRaster,7424,1
50,675.4486896,2.1891999999752443,VSM.UnityCompatibilityRaster,0,0
50,675.4486896,2.1891999999752443,VSM.Resolve,6255104,1
50,675.4486896,2.1891999999752443,VSM.ResolveTrace,5849088,1
50,675.4486896,2.1891999999752443,VSM.FilterHorizontal,66560,1
50,675.4486896,2.1891999999752443,VSM.FilterVertical,0,0
50,675.4486896,2.1891999999752443,VSM.FilterTemporalVertical,338432,1
50,675.4486896,2.1891999999752443,VSM.ResetFeedback,0,1
51,675.4639791,2.3529999999709617,VSM.MarkReceiverPages,560896,1
51,675.4639791,2.3529999999709617,VSM.AllocationPrepare,9472,1
51,675.4639791,2.3529999999709617,VSM.AllocationCommit,606464,1
51,675.4639791,2.3529999999709617,VSM.Allocate,616192,1
51,675.4639791,2.3529999999709617,VSM.ClearPhysicalPages,271872,1
51,675.4639791,2.3529999999709617,VSM.PageOccupancy,76032,1
51,675.4639791,2.3529999999709617,VSM.FinalizePages,1792,1
51,675.4639791,2.3529999999709617,VSM.DynamicRaster,24832,1
51,675.4639791,2.3529999999709617,VSM.LayoutRemap,0,1
51,675.4639791,2.3529999999709617,VSM.InvalidateStatic,0,0
51,675.4639791,2.3529999999709617,VSM.InvalidateDynamic,1536,1
51,675.4639791,2.3529999999709617,VSM.StaticCasterCull,204032,1
51,675.4639791,2.3529999999709617,VSM.DynamicCasterCull,112128,1
51,675.4639791,2.3529999999709617,VSM.PageCull,281856,2
51,675.4639791,2.3529999999709617,VSM.StaticRasterClear,0,1
51,675.4639791,2.3529999999709617,VSM.StaticRasterDraw,3072,1
51,675.4639791,2.3529999999709617,VSM.DynamicRasterClear,0,1
51,675.4639791,2.3529999999709617,VSM.DynamicRasterDraw,24832,1
51,675.4639791,2.3529999999709617,VSM.StaticRaster,3328,1
51,675.4639791,2.3529999999709617,VSM.UnityCompatibilityRaster,0,0
51,675.4639791,2.3529999999709617,VSM.Resolve,5965824,1
51,675.4639791,2.3529999999709617,VSM.ResolveTrace,5738496,1
51,675.4639791,2.3529999999709617,VSM.FilterHorizontal,66560,1
51,675.4639791,2.3529999999709617,VSM.FilterVertical,0,0
51,675.4639791,2.3529999999709617,VSM.FilterTemporalVertical,159488,1
51,675.4639791,2.3529999999709617,VSM.ResetFeedback,0,1
52,675.4792454,2.3635999999669366,VSM.MarkReceiverPages,558848,1
52,675.4792454,2.3635999999669366,VSM.AllocationPrepare,9728,1
52,675.4792454,2.3635999999669366,VSM.AllocationCommit,606720,1
52,675.4792454,2.3635999999669366,VSM.Allocate,873984,1
52,675.4792454,2.3635999999669366,VSM.ClearPhysicalPages,270336,1
52,675.4792454,2.3635999999669366,VSM.PageOccupancy,76800,1
52,675.4792454,2.3635999999669366,VSM.FinalizePages,1792,1
52,675.4792454,2.3635999999669366,VSM.DynamicRaster,24320,1
52,675.4792454,2.3635999999669366,VSM.LayoutRemap,0,1
52,675.4792454,2.3635999999669366,VSM.InvalidateStatic,0,0
52,675.4792454,2.3635999999669366,VSM.InvalidateDynamic,1792,1
52,675.4792454,2.3635999999669366,VSM.StaticCasterCull,201472,1
52,675.4792454,2.3635999999669366,VSM.DynamicCasterCull,121344,1
52,675.4792454,2.3635999999669366,VSM.PageCull,289024,2
52,675.4792454,2.3635999999669366,VSM.StaticRasterClear,0,1
52,675.4792454,2.3635999999669366,VSM.StaticRasterDraw,7168,1
52,675.4792454,2.3635999999669366,VSM.DynamicRasterClear,0,1
52,675.4792454,2.3635999999669366,VSM.DynamicRasterDraw,24064,1
52,675.4792454,2.3635999999669366,VSM.StaticRaster,7424,1
52,675.4792454,2.3635999999669366,VSM.UnityCompatibilityRaster,0,0
52,675.4792454,2.3635999999669366,VSM.Resolve,6244608,1
52,675.4792454,2.3635999999669366,VSM.ResolveTrace,5822976,1
52,675.4792454,2.3635999999669366,VSM.FilterHorizontal,65280,1
52,675.4792454,2.3635999999669366,VSM.FilterVertical,0,0
52,675.4792454,2.3635999999669366,VSM.FilterTemporalVertical,354816,1
52,675.4792454,2.3635999999669366,VSM.ResetFeedback,0,1
53,675.494416,2.4281000000883068,VSM.MarkReceiverPages,558080,1
53,675.494416,2.4281000000883068,VSM.AllocationPrepare,9472,1
53,675.494416,2.4281000000883068,VSM.AllocationCommit,599552,1
53,675.494416,2.4281000000883068,VSM.Allocate,898560,1
53,675.494416,2.4281000000883068,VSM.ClearPhysicalPages,270592,1
53,675.494416,2.4281000000883068,VSM.PageOccupancy,76032,1
53,675.494416,2.4281000000883068,VSM.FinalizePages,1792,1
53,675.494416,2.4281000000883068,VSM.DynamicRaster,28416,1
53,675.494416,2.4281000000883068,VSM.LayoutRemap,0,1
53,675.494416,2.4281000000883068,VSM.InvalidateStatic,0,0
53,675.494416,2.4281000000883068,VSM.InvalidateDynamic,2048,1
53,675.494416,2.4281000000883068,VSM.StaticCasterCull,209152,1
53,675.494416,2.4281000000883068,VSM.DynamicCasterCull,115456,1
53,675.494416,2.4281000000883068,VSM.PageCull,290560,2
53,675.494416,2.4281000000883068,VSM.StaticRasterClear,0,1
53,675.494416,2.4281000000883068,VSM.StaticRasterDraw,3072,1
53,675.494416,2.4281000000883068,VSM.DynamicRasterClear,3584,1
53,675.494416,2.4281000000883068,VSM.DynamicRasterDraw,24576,1
53,675.494416,2.4281000000883068,VSM.StaticRaster,3328,1
53,675.494416,2.4281000000883068,VSM.UnityCompatibilityRaster,0,0
53,675.494416,2.4281000000883068,VSM.Resolve,6134528,1
53,675.494416,2.4281000000883068,VSM.ResolveTrace,5906688,1
53,675.494416,2.4281000000883068,VSM.FilterHorizontal,66560,1
53,675.494416,2.4281000000883068,VSM.FilterVertical,0,0
53,675.494416,2.4281000000883068,VSM.FilterTemporalVertical,160000,1
53,675.494416,2.4281000000883068,VSM.ResetFeedback,0,1
54,675.5100741,2.2931000000880886,VSM.MarkReceiverPages,735488,1
54,675.5100741,2.2931000000880886,VSM.AllocationPrepare,9984,1
54,675.5100741,2.2931000000880886,VSM.AllocationCommit,601088,1
54,675.5100741,2.2931000000880886,VSM.Allocate,611072,1
54,675.5100741,2.2931000000880886,VSM.ClearPhysicalPages,269824,1
54,675.5100741,2.2931000000880886,VSM.PageOccupancy,76800,1
54,675.5100741,2.2931000000880886,VSM.FinalizePages,2048,1
54,675.5100741,2.2931000000880886,VSM.DynamicRaster,29440,1
54,675.5100741,2.2931000000880886,VSM.LayoutRemap,0,1
54,675.5100741,2.2931000000880886,VSM.InvalidateStatic,0,0
54,675.5100741,2.2931000000880886,VSM.InvalidateDynamic,1792,1
54,675.5100741,2.2931000000880886,VSM.StaticCasterCull,210688,1
54,675.5100741,2.2931000000880886,VSM.DynamicCasterCull,117248,1
54,675.5100741,2.2931000000880886,VSM.PageCull,294400,2
54,675.5100741,2.2931000000880886,VSM.StaticRasterClear,0,1
54,675.5100741,2.2931000000880886,VSM.StaticRasterDraw,6912,1
54,675.5100741,2.2931000000880886,VSM.DynamicRasterClear,4864,1
54,675.5100741,2.2931000000880886,VSM.DynamicRasterDraw,24320,1
54,675.5100741,2.2931000000880886,VSM.StaticRaster,7168,1
54,675.5100741,2.2931000000880886,VSM.UnityCompatibilityRaster,0,0
54,675.5100741,2.2931000000880886,VSM.Resolve,6056960,1
54,675.5100741,2.2931000000880886,VSM.ResolveTrace,5829120,1
54,675.5100741,2.2931000000880886,VSM.FilterHorizontal,66304,1
54,675.5100741,2.2931000000880886,VSM.FilterVertical,0,0
54,675.5100741,2.2931000000880886,VSM.FilterTemporalVertical,160512,1
54,675.5100741,2.2931000000880886,VSM.ResetFeedback,0,1
55,675.5269969,2.627899999993133,VSM.MarkReceiverPages,560384,1
55,675.5269969,2.627899999993133,VSM.AllocationPrepare,9728,1
55,675.5269969,2.627899999993133,VSM.AllocationCommit,606208,1
55,675.5269969,2.627899999993133,VSM.Allocate,615936,1
55,675.5269969,2.627899999993133,VSM.ClearPhysicalPages,272384,1
55,675.5269969,2.627899999993133,VSM.PageOccupancy,78336,1
55,675.5269969,2.627899999993133,VSM.FinalizePages,1792,1
55,675.5269969,2.627899999993133,VSM.DynamicRaster,25600,1
55,675.5269969,2.627899999993133,VSM.LayoutRemap,0,1
55,675.5269969,2.627899999993133,VSM.InvalidateStatic,0,0
55,675.5269969,2.627899999993133,VSM.InvalidateDynamic,1536,1
55,675.5269969,2.627899999993133,VSM.StaticCasterCull,205056,1
55,675.5269969,2.627899999993133,VSM.DynamicCasterCull,117248,1
55,675.5269969,2.627899999993133,VSM.PageCull,288000,2
55,675.5269969,2.627899999993133,VSM.StaticRasterClear,256,1
55,675.5269969,2.627899999993133,VSM.StaticRasterDraw,7168,1
55,675.5269969,2.627899999993133,VSM.DynamicRasterClear,0,1
55,675.5269969,2.627899999993133,VSM.DynamicRasterDraw,25344,1
55,675.5269969,2.627899999993133,VSM.StaticRaster,7424,1
55,675.5269969,2.627899999993133,VSM.UnityCompatibilityRaster,0,0
55,675.5269969,2.627899999993133,VSM.Resolve,5891584,1
55,675.5269969,2.627899999993133,VSM.ResolveTrace,5663744,1
55,675.5269969,2.627899999993133,VSM.FilterHorizontal,65792,1
55,675.5269969,2.627899999993133,VSM.FilterVertical,0,0
55,675.5269969,2.627899999993133,VSM.FilterTemporalVertical,160768,1
55,675.5269969,2.627899999993133,VSM.ResetFeedback,0,1
56,675.5434995999999,3.0666999999766631,VSM.MarkReceiverPages,558592,1
56,675.5434995999999,3.0666999999766631,VSM.AllocationPrepare,9472,1
56,675.5434995999999,3.0666999999766631,VSM.AllocationCommit,604672,1
56,675.5434995999999,3.0666999999766631,VSM.Allocate,862976,1
56,675.5434995999999,3.0666999999766631,VSM.ClearPhysicalPages,270592,1
56,675.5434995999999,3.0666999999766631,VSM.PageOccupancy,76544,1
56,675.5434995999999,3.0666999999766631,VSM.FinalizePages,2048,1
56,675.5434995999999,3.0666999999766631,VSM.DynamicRaster,34816,1
56,675.5434995999999,3.0666999999766631,VSM.LayoutRemap,0,1
56,675.5434995999999,3.0666999999766631,VSM.InvalidateStatic,0,0
56,675.5434995999999,3.0666999999766631,VSM.InvalidateDynamic,1536,1
56,675.5434995999999,3.0666999999766631,VSM.StaticCasterCull,205056,1
56,675.5434995999999,3.0666999999766631,VSM.DynamicCasterCull,116224,1
56,675.5434995999999,3.0666999999766631,VSM.PageCull,286976,2
56,675.5434995999999,3.0666999999766631,VSM.StaticRasterClear,0,1
56,675.5434995999999,3.0666999999766631,VSM.StaticRasterDraw,6912,1
56,675.5434995999999,3.0666999999766631,VSM.DynamicRasterClear,1792,1
56,675.5434995999999,3.0666999999766631,VSM.DynamicRasterDraw,32768,1
56,675.5434995999999,3.0666999999766631,VSM.StaticRaster,7168,1
56,675.5434995999999,3.0666999999766631,VSM.UnityCompatibilityRaster,0,0
56,675.5434995999999,3.0666999999766631,VSM.Resolve,6204416,1
56,675.5434995999999,3.0666999999766631,VSM.ResolveTrace,5780480,1
56,675.5434995999999,3.0666999999766631,VSM.FilterHorizontal,66048,1
56,675.5434995999999,3.0666999999766631,VSM.FilterVertical,0,0
56,675.5434995999999,3.0666999999766631,VSM.FilterTemporalVertical,356864,1
56,675.5434995999999,3.0666999999766631,VSM.ResetFeedback,0,1
57,675.5596314,3.0150000000048749,VSM.MarkReceiverPages,557312,1
57,675.5596314,3.0150000000048749,VSM.AllocationPrepare,9472,1
57,675.5596314,3.0150000000048749,VSM.AllocationCommit,599808,1
57,675.5596314,3.0150000000048749,VSM.Allocate,872192,1
57,675.5596314,3.0150000000048749,VSM.ClearPhysicalPages,269568,1
57,675.5596314,3.0150000000048749,VSM.PageOccupancy,73216,1
57,675.5596314,3.0150000000048749,VSM.FinalizePages,2048,1
57,675.5596314,3.0150000000048749,VSM.DynamicRaster,30464,1
57,675.5596314,3.0150000000048749,VSM.LayoutRemap,0,1
57,675.5596314,3.0150000000048749,VSM.InvalidateStatic,0,0
57,675.5596314,3.0150000000048749,VSM.InvalidateDynamic,1792,1
57,675.5596314,3.0150000000048749,VSM.StaticCasterCull,205568,1
57,675.5596314,3.0150000000048749,VSM.DynamicCasterCull,117504,1
57,675.5596314,3.0150000000048749,VSM.PageCull,289280,2
57,675.5596314,3.0150000000048749,VSM.StaticRasterClear,0,1
57,675.5596314,3.0150000000048749,VSM.StaticRasterDraw,7168,1
57,675.5596314,3.0150000000048749,VSM.DynamicRasterClear,256,1
57,675.5596314,3.0150000000048749,VSM.DynamicRasterDraw,30208,1
57,675.5596314,3.0150000000048749,VSM.StaticRaster,7424,1
57,675.5596314,3.0150000000048749,VSM.UnityCompatibilityRaster,0,0
57,675.5596314,3.0150000000048749,VSM.Resolve,6366976,1
57,675.5596314,3.0150000000048749,VSM.ResolveTrace,6140160,1
57,675.5596314,3.0150000000048749,VSM.FilterHorizontal,67072,1
57,675.5596314,3.0150000000048749,VSM.FilterVertical,0,0
57,675.5596314,3.0150000000048749,VSM.FilterTemporalVertical,158720,1
57,675.5596314,3.0150000000048749,VSM.ResetFeedback,0,1
58,675.5760757999999,2.8022999999848253,VSM.MarkReceiverPages,558848,1
58,675.5760757999999,2.8022999999848253,VSM.AllocationPrepare,9728,1
58,675.5760757999999,2.8022999999848253,VSM.AllocationCommit,600320,1
58,675.5760757999999,2.8022999999848253,VSM.Allocate,785152,1
58,675.5760757999999,2.8022999999848253,VSM.ClearPhysicalPages,269312,1
58,675.5760757999999,2.8022999999848253,VSM.PageOccupancy,74752,1
58,675.5760757999999,2.8022999999848253,VSM.FinalizePages,1792,1
58,675.5760757999999,2.8022999999848253,VSM.DynamicRaster,30208,1
58,675.5760757999999,2.8022999999848253,VSM.LayoutRemap,0,1
58,675.5760757999999,2.8022999999848253,VSM.InvalidateStatic,0,0
58,675.5760757999999,2.8022999999848253,VSM.InvalidateDynamic,1792,1
58,675.5760757999999,2.8022999999848253,VSM.StaticCasterCull,212992,1
58,675.5760757999999,2.8022999999848253,VSM.DynamicCasterCull,118016,1
58,675.5760757999999,2.8022999999848253,VSM.PageCull,297216,2
58,675.5760757999999,2.8022999999848253,VSM.StaticRasterClear,0,1
58,675.5760757999999,2.8022999999848253,VSM.StaticRasterDraw,6656,1
58,675.5760757999999,2.8022999999848253,VSM.DynamicRasterClear,768,1
58,675.5760757999999,2.8022999999848253,VSM.DynamicRasterDraw,29440,1
58,675.5760757999999,2.8022999999848253,VSM.StaticRaster,6656,1
58,675.5760757999999,2.8022999999848253,VSM.UnityCompatibilityRaster,0,0
58,675.5760757999999,2.8022999999848253,VSM.Resolve,5795584,1
58,675.5760757999999,2.8022999999848253,VSM.ResolveTrace,5569792,1
58,675.5760757999999,2.8022999999848253,VSM.FilterHorizontal,65792,1
58,675.5760757999999,2.8022999999848253,VSM.FilterVertical,0,0
58,675.5760757999999,2.8022999999848253,VSM.FilterTemporalVertical,158976,1
58,675.5760757999999,2.8022999999848253,VSM.ResetFeedback,0,1
59,675.591679,2.2390000000314103,VSM.MarkReceiverPages,559616,1
59,675.591679,2.2390000000314103,VSM.AllocationPrepare,9472,1
59,675.591679,2.2390000000314103,VSM.AllocationCommit,600064,1
59,675.591679,2.2390000000314103,VSM.Allocate,1090560,1
59,675.591679,2.2390000000314103,VSM.ClearPhysicalPages,269824,1
59,675.591679,2.2390000000314103,VSM.PageOccupancy,75008,1
59,675.591679,2.2390000000314103,VSM.FinalizePages,2048,1
59,675.591679,2.2390000000314103,VSM.DynamicRaster,30976,1
59,675.591679,2.2390000000314103,VSM.LayoutRemap,0,1
59,675.591679,2.2390000000314103,VSM.InvalidateStatic,0,0
59,675.591679,2.2390000000314103,VSM.InvalidateDynamic,2560,1
59,675.591679,2.2390000000314103,VSM.StaticCasterCull,221440,1
59,675.591679,2.2390000000314103,VSM.DynamicCasterCull,125952,1
59,675.591679,2.2390000000314103,VSM.PageCull,313344,2
59,675.591679,2.2390000000314103,VSM.StaticRasterClear,0,1
59,675.591679,2.2390000000314103,VSM.StaticRasterDraw,7424,1
59,675.591679,2.2390000000314103,VSM.DynamicRasterClear,0,1
59,675.591679,2.2390000000314103,VSM.DynamicRasterDraw,30720,1
59,675.591679,2.2390000000314103,VSM.StaticRaster,7680,1
59,675.591679,2.2390000000314103,VSM.UnityCompatibilityRaster,0,0
59,675.591679,2.2390000000314103,VSM.Resolve,5979904,1
59,675.591679,2.2390000000314103,VSM.ResolveTrace,5752576,1
59,675.591679,2.2390000000314103,VSM.FilterHorizontal,65792,1
59,675.591679,2.2390000000314103,VSM.FilterVertical,0,0
59,675.591679,2.2390000000314103,VSM.FilterTemporalVertical,160256,1
59,675.591679,2.2390000000314103,VSM.ResetFeedback,0,1
60,675.60669,2.303800000049705,VSM.MarkReceiverPages,560640,1
60,675.60669,2.303800000049705,VSM.AllocationPrepare,9728,1
60,675.60669,2.303800000049705,VSM.AllocationCommit,603648,1
60,675.60669,2.303800000049705,VSM.Allocate,613376,1
60,675.60669,2.303800000049705,VSM.ClearPhysicalPages,272384,1
60,675.60669,2.303800000049705,VSM.PageOccupancy,76288,1
60,675.60669,2.303800000049705,VSM.FinalizePages,2048,1
60,675.60669,2.303800000049705,VSM.DynamicRaster,59136,1
60,675.60669,2.303800000049705,VSM.LayoutRemap,0,1
60,675.60669,2.303800000049705,VSM.InvalidateStatic,0,0
60,675.60669,2.303800000049705,VSM.InvalidateDynamic,1536,1
60,675.60669,2.303800000049705,VSM.StaticCasterCull,215296,1
60,675.60669,2.303800000049705,VSM.DynamicCasterCull,474880,1
60,675.60669,2.303800000049705,VSM.PageCull,273152,2
60,675.60669,2.303800000049705,VSM.StaticRasterClear,256,1
60,675.60669,2.303800000049705,VSM.StaticRasterDraw,7424,1
60,675.60669,2.303800000049705,VSM.DynamicRasterClear,20480,1
60,675.60669,2.303800000049705,VSM.DynamicRasterDraw,37888,1
60,675.60669,2.303800000049705,VSM.StaticRaster,7680,1
60,675.60669,2.303800000049705,VSM.UnityCompatibilityRaster,0,0
60,675.60669,2.303800000049705,VSM.Resolve,6227456,1
60,675.60669,2.303800000049705,VSM.ResolveTrace,5996288,1
60,675.60669,2.303800000049705,VSM.FilterHorizontal,67840,1
60,675.60669,2.303800000049705,VSM.FilterVertical,0,0
60,675.60669,2.303800000049705,VSM.FilterTemporalVertical,162048,1
60,675.60669,2.303800000049705,VSM.ResetFeedback,0,1
61,675.62239819999991,2.4308999999220759,VSM.MarkReceiverPages,556544,1
61,675.62239819999991,2.4308999999220759,VSM.AllocationPrepare,9728,1
61,675.62239819999991,2.4308999999220759,VSM.AllocationCommit,602624,1
61,675.62239819999991,2.4308999999220759,VSM.Allocate,1298688,1
61,675.62239819999991,2.4308999999220759,VSM.ClearPhysicalPages,270848,1
61,675.62239819999991,2.4308999999220759,VSM.PageOccupancy,75776,1
61,675.62239819999991,2.4308999999220759,VSM.FinalizePages,1792,1
61,675.62239819999991,2.4308999999220759,VSM.DynamicRaster,30208,1
61,675.62239819999991,2.4308999999220759,VSM.LayoutRemap,0,1
61,675.62239819999991,2.4308999999220759,VSM.InvalidateStatic,0,0
61,675.62239819999991,2.4308999999220759,VSM.InvalidateDynamic,2560,1
61,675.62239819999991,2.4308999999220759,VSM.StaticCasterCull,213504,1
61,675.62239819999991,2.4308999999220759,VSM.DynamicCasterCull,121600,1
61,675.62239819999991,2.4308999999220759,VSM.PageCull,301056,2
61,675.62239819999991,2.4308999999220759,VSM.StaticRasterClear,0,1
61,675.62239819999991,2.4308999999220759,VSM.StaticRasterDraw,3072,1
61,675.62239819999991,2.4308999999220759,VSM.DynamicRasterClear,256,1
61,675.62239819999991,2.4308999999220759,VSM.DynamicRasterDraw,29952,1
61,675.62239819999991,2.4308999999220759,VSM.StaticRaster,3328,1
61,675.62239819999991,2.4308999999220759,VSM.UnityCompatibilityRaster,0,0
61,675.62239819999991,2.4308999999220759,VSM.Resolve,6110976,1
61,675.62239819999991,2.4308999999220759,VSM.ResolveTrace,5879040,1
61,675.62239819999991,2.4308999999220759,VSM.FilterHorizontal,66560,1
61,675.62239819999991,2.4308999999220759,VSM.FilterVertical,0,0
61,675.62239819999991,2.4308999999220759,VSM.FilterTemporalVertical,164352,1
61,675.62239819999991,2.4308999999220759,VSM.ResetFeedback,0,1
62,675.63774319999993,2.2721999999930631,VSM.MarkReceiverPages,557312,1
62,675.63774319999993,2.2721999999930631,VSM.AllocationPrepare,9472,1
62,675.63774319999993,2.2721999999930631,VSM.AllocationCommit,601344,1
62,675.63774319999993,2.2721999999930631,VSM.Allocate,611072,1
62,675.63774319999993,2.2721999999930631,VSM.ClearPhysicalPages,269056,1
62,675.63774319999993,2.2721999999930631,VSM.PageOccupancy,74496,1
62,675.63774319999993,2.2721999999930631,VSM.FinalizePages,1792,1
62,675.63774319999993,2.2721999999930631,VSM.DynamicRaster,29696,1
62,675.63774319999993,2.2721999999930631,VSM.LayoutRemap,0,1
62,675.63774319999993,2.2721999999930631,VSM.InvalidateStatic,0,0
62,675.63774319999993,2.2721999999930631,VSM.InvalidateDynamic,1536,1
62,675.63774319999993,2.2721999999930631,VSM.StaticCasterCull,206336,1
62,675.63774319999993,2.2721999999930631,VSM.DynamicCasterCull,111360,1
62,675.63774319999993,2.2721999999930631,VSM.PageCull,283392,2
62,675.63774319999993,2.2721999999930631,VSM.StaticRasterClear,0,1
62,675.63774319999993,2.2721999999930631,VSM.StaticRasterDraw,6912,1
62,675.63774319999993,2.2721999999930631,VSM.DynamicRasterClear,256,1
62,675.63774319999993,2.2721999999930631,VSM.DynamicRasterDraw,29440,1
62,675.63774319999993,2.2721999999930631,VSM.StaticRaster,7168,1
62,675.63774319999993,2.2721999999930631,VSM.UnityCompatibilityRaster,0,0
62,675.63774319999993,2.2721999999930631,VSM.Resolve,6132480,1
62,675.63774319999993,2.2721999999930631,VSM.ResolveTrace,5735680,1
62,675.63774319999993,2.2721999999930631,VSM.FilterHorizontal,64768,1
62,675.63774319999993,2.2721999999930631,VSM.FilterVertical,0,0
62,675.63774319999993,2.2721999999930631,VSM.FilterTemporalVertical,330752,1
62,675.63774319999993,2.2721999999930631,VSM.ResetFeedback,0,1
63,675.65376499999991,2.5736999999708132,VSM.MarkReceiverPages,556544,1
63,675.65376499999991,2.5736999999708132,VSM.AllocationPrepare,9472,1
63,675.65376499999991,2.5736999999708132,VSM.AllocationCommit,600320,1
63,675.65376499999991,2.5736999999708132,VSM.Allocate,762624,1
63,675.65376499999991,2.5736999999708132,VSM.ClearPhysicalPages,269824,1
63,675.65376499999991,2.5736999999708132,VSM.PageOccupancy,73728,1
63,675.65376499999991,2.5736999999708132,VSM.FinalizePages,1792,1
63,675.65376499999991,2.5736999999708132,VSM.DynamicRaster,30208,1
63,675.65376499999991,2.5736999999708132,VSM.LayoutRemap,0,1
63,675.65376499999991,2.5736999999708132,VSM.InvalidateStatic,0,0
63,675.65376499999991,2.5736999999708132,VSM.InvalidateDynamic,1536,1
63,675.65376499999991,2.5736999999708132,VSM.StaticCasterCull,207104,1
63,675.65376499999991,2.5736999999708132,VSM.DynamicCasterCull,115456,1
63,675.65376499999991,2.5736999999708132,VSM.PageCull,289024,2
63,675.65376499999991,2.5736999999708132,VSM.StaticRasterClear,0,1
63,675.65376499999991,2.5736999999708132,VSM.StaticRasterDraw,4096,1
63,675.65376499999991,2.5736999999708132,VSM.DynamicRasterClear,0,1
63,675.65376499999991,2.5736999999708132,VSM.DynamicRasterDraw,29952,1
63,675.65376499999991,2.5736999999708132,VSM.StaticRaster,4352,1
63,675.65376499999991,2.5736999999708132,VSM.UnityCompatibilityRaster,0,0
63,675.65376499999991,2.5736999999708132,VSM.Resolve,6338560,1
63,675.65376499999991,2.5736999999708132,VSM.ResolveTrace,6109184,1
63,675.65376499999991,2.5736999999708132,VSM.FilterHorizontal,65280,1
63,675.65376499999991,2.5736999999708132,VSM.FilterVertical,0,0
63,675.65376499999991,2.5736999999708132,VSM.FilterTemporalVertical,162816,1
63,675.65376499999991,2.5736999999708132,VSM.ResetFeedback,0,1
64,675.67001599999992,2.6553999999805455,VSM.MarkReceiverPages,557568,1
64,675.67001599999992,2.6553999999805455,VSM.AllocationPrepare,9728,1
64,675.67001599999992,2.6553999999805455,VSM.AllocationCommit,600064,1
64,675.67001599999992,2.6553999999805455,VSM.Allocate,877568,1
64,675.67001599999992,2.6553999999805455,VSM.ClearPhysicalPages,270080,1
64,675.67001599999992,2.6553999999805455,VSM.PageOccupancy,74496,1
64,675.67001599999992,2.6553999999805455,VSM.FinalizePages,1792,1
64,675.67001599999992,2.6553999999805455,VSM.DynamicRaster,40448,1
64,675.67001599999992,2.6553999999805455,VSM.LayoutRemap,0,1
64,675.67001599999992,2.6553999999805455,VSM.InvalidateStatic,0,0
64,675.67001599999992,2.6553999999805455,VSM.InvalidateDynamic,1792,1
64,675.67001599999992,2.6553999999805455,VSM.StaticCasterCull,206592,1
64,675.67001599999992,2.6553999999805455,VSM.DynamicCasterCull,315392,1
64,675.67001599999992,2.6553999999805455,VSM.PageCull,284672,2
64,675.67001599999992,2.6553999999805455,VSM.StaticRasterClear,256,1
64,675.67001599999992,2.6553999999805455,VSM.StaticRasterDraw,7424,1
64,675.67001599999992,2.6553999999805455,VSM.DynamicRasterClear,1536,1
64,675.67001599999992,2.6553999999805455,VSM.DynamicRasterDraw,38144,1
64,675.67001599999992,2.6553999999805455,VSM.StaticRaster,7680,1
64,675.67001599999992,2.6553999999805455,VSM.UnityCompatibilityRaster,0,0
64,675.67001599999992,2.6553999999805455,VSM.Resolve,5638144,1
64,675.67001599999992,2.6553999999805455,VSM.ResolveTrace,5413632,1
64,675.67001599999992,2.6553999999805455,VSM.FilterHorizontal,65024,1
64,675.67001599999992,2.6553999999805455,VSM.FilterVertical,0,0
64,675.67001599999992,2.6553999999805455,VSM.FilterTemporalVertical,158208,1
64,675.67001599999992,2.6553999999805455,VSM.ResetFeedback,0,1
65,675.6863076,2.6707000000669723,VSM.MarkReceiverPages,558080,1
65,675.6863076,2.6707000000669723,VSM.AllocationPrepare,9728,1
65,675.6863076,2.6707000000669723,VSM.AllocationCommit,604160,1
65,675.6863076,2.6707000000669723,VSM.Allocate,863488,1
65,675.6863076,2.6707000000669723,VSM.ClearPhysicalPages,271872,1
65,675.6863076,2.6707000000669723,VSM.PageOccupancy,74752,1
65,675.6863076,2.6707000000669723,VSM.FinalizePages,2048,1
65,675.6863076,2.6707000000669723,VSM.DynamicRaster,44544,1
65,675.6863076,2.6707000000669723,VSM.LayoutRemap,0,1
65,675.6863076,2.6707000000669723,VSM.InvalidateStatic,0,0
65,675.6863076,2.6707000000669723,VSM.InvalidateDynamic,2048,1
65,675.6863076,2.6707000000669723,VSM.StaticCasterCull,209152,1
65,675.6863076,2.6707000000669723,VSM.DynamicCasterCull,107008,1
65,675.6863076,2.6707000000669723,VSM.PageCull,281600,2
65,675.6863076,2.6707000000669723,VSM.StaticRasterClear,0,1
65,675.6863076,2.6707000000669723,VSM.StaticRasterDraw,8704,1
65,675.6863076,2.6707000000669723,VSM.DynamicRasterClear,14592,1
65,675.6863076,2.6707000000669723,VSM.DynamicRasterDraw,29696,1
65,675.6863076,2.6707000000669723,VSM.StaticRaster,8960,1
65,675.6863076,2.6707000000669723,VSM.UnityCompatibilityRaster,0,0
65,675.6863076,2.6707000000669723,VSM.Resolve,6316032,1
65,675.6863076,2.6707000000669723,VSM.ResolveTrace,5914880,1
65,675.6863076,2.6707000000669723,VSM.FilterHorizontal,65792,1
65,675.6863076,2.6707000000669723,VSM.FilterVertical,0,0
65,675.6863076,2.6707000000669723,VSM.FilterTemporalVertical,334080,1
65,675.6863076,2.6707000000669723,VSM.ResetFeedback,0,1
66,675.7030606,3.08180000001812,VSM.MarkReceiverPages,556288,1
66,675.7030606,3.08180000001812,VSM.AllocationPrepare,9728,1
66,675.7030606,3.08180000001812,VSM.AllocationCommit,596992,1
66,675.7030606,3.08180000001812,VSM.Allocate,887040,1
66,675.7030606,3.08180000001812,VSM.ClearPhysicalPages,269312,1
66,675.7030606,3.08180000001812,VSM.PageOccupancy,75264,1
66,675.7030606,3.08180000001812,VSM.FinalizePages,2048,1
66,675.7030606,3.08180000001812,VSM.DynamicRaster,44544,1
66,675.7030606,3.08180000001812,VSM.LayoutRemap,0,1
66,675.7030606,3.08180000001812,VSM.InvalidateStatic,0,0
66,675.7030606,3.08180000001812,VSM.InvalidateDynamic,2048,1
66,675.7030606,3.08180000001812,VSM.StaticCasterCull,206848,1
66,675.7030606,3.08180000001812,VSM.DynamicCasterCull,100864,1
66,675.7030606,3.08180000001812,VSM.PageCull,273920,2
66,675.7030606,3.08180000001812,VSM.StaticRasterClear,0,1
66,675.7030606,3.08180000001812,VSM.StaticRasterDraw,7168,1
66,675.7030606,3.08180000001812,VSM.DynamicRasterClear,15616,1
66,675.7030606,3.08180000001812,VSM.DynamicRasterDraw,28928,1
66,675.7030606,3.08180000001812,VSM.StaticRaster,7424,1
66,675.7030606,3.08180000001812,VSM.UnityCompatibilityRaster,0,0
66,675.7030606,3.08180000001812,VSM.Resolve,5951232,1
66,675.7030606,3.08180000001812,VSM.ResolveTrace,5722368,1
66,675.7030606,3.08180000001812,VSM.FilterHorizontal,65536,1
66,675.7030606,3.08180000001812,VSM.FilterVertical,0,0
66,675.7030606,3.08180000001812,VSM.FilterTemporalVertical,162048,1
66,675.7030606,3.08180000001812,VSM.ResetFeedback,0,1
67,675.71858439999994,2.443200000016077,VSM.MarkReceiverPages,558592,1
67,675.71858439999994,2.443200000016077,VSM.AllocationPrepare,9728,1
67,675.71858439999994,2.443200000016077,VSM.AllocationCommit,602880,1
67,675.71858439999994,2.443200000016077,VSM.Allocate,901376,1
67,675.71858439999994,2.443200000016077,VSM.ClearPhysicalPages,269056,1
67,675.71858439999994,2.443200000016077,VSM.PageOccupancy,74240,1
67,675.71858439999994,2.443200000016077,VSM.FinalizePages,1792,1
67,675.71858439999994,2.443200000016077,VSM.DynamicRaster,33536,1
67,675.71858439999994,2.443200000016077,VSM.LayoutRemap,0,1
67,675.71858439999994,2.443200000016077,VSM.InvalidateStatic,0,0
67,675.71858439999994,2.443200000016077,VSM.InvalidateDynamic,1536,1
67,675.71858439999994,2.443200000016077,VSM.StaticCasterCull,218368,1
67,675.71858439999994,2.443200000016077,VSM.DynamicCasterCull,121088,1
67,675.71858439999994,2.443200000016077,VSM.PageCull,306176,2
67,675.71858439999994,2.443200000016077,VSM.StaticRasterClear,0,1
67,675.71858439999994,2.443200000016077,VSM.StaticRasterDraw,7168,1
67,675.71858439999994,2.443200000016077,VSM.DynamicRasterClear,2816,1
67,675.71858439999994,2.443200000016077,VSM.DynamicRasterDraw,30464,1
67,675.71858439999994,2.443200000016077,VSM.StaticRaster,7168,1
67,675.71858439999994,2.443200000016077,VSM.UnityCompatibilityRaster,0,0
67,675.71858439999994,2.443200000016077,VSM.Resolve,5916928,1
67,675.71858439999994,2.443200000016077,VSM.ResolveTrace,5693952,1
67,675.71858439999994,2.443200000016077,VSM.FilterHorizontal,65536,1
67,675.71858439999994,2.443200000016077,VSM.FilterVertical,0,0
67,675.71858439999994,2.443200000016077,VSM.FilterTemporalVertical,156416,1
67,675.71858439999994,2.443200000016077,VSM.ResetFeedback,0,1
68,675.73434019999991,2.888799999936964,VSM.MarkReceiverPages,556800,1
68,675.73434019999991,2.888799999936964,VSM.AllocationPrepare,9472,1
68,675.73434019999991,2.888799999936964,VSM.AllocationCommit,602624,1
68,675.73434019999991,2.888799999936964,VSM.Allocate,612352,1
68,675.73434019999991,2.888799999936964,VSM.ClearPhysicalPages,269056,1
68,675.73434019999991,2.888799999936964,VSM.PageOccupancy,71168,1
68,675.73434019999991,2.888799999936964,VSM.FinalizePages,2560,1
68,675.73434019999991,2.888799999936964,VSM.DynamicRaster,31488,1
68,675.73434019999991,2.888799999936964,VSM.LayoutRemap,0,1
68,675.73434019999991,2.888799999936964,VSM.InvalidateStatic,0,0
68,675.73434019999991,2.888799999936964,VSM.InvalidateDynamic,1536,1
68,675.73434019999991,2.888799999936964,VSM.StaticCasterCull,208384,1
68,675.73434019999991,2.888799999936964,VSM.DynamicCasterCull,116480,1
68,675.73434019999991,2.888799999936964,VSM.PageCull,290816,2
68,675.73434019999991,2.888799999936964,VSM.StaticRasterClear,0,1
68,675.73434019999991,2.888799999936964,VSM.StaticRasterDraw,7168,1
68,675.73434019999991,2.888799999936964,VSM.DynamicRasterClear,1792,1
68,675.73434019999991,2.888799999936964,VSM.DynamicRasterDraw,29440,1
68,675.73434019999991,2.888799999936964,VSM.StaticRaster,7424,1
68,675.73434019999991,2.888799999936964,VSM.UnityCompatibilityRaster,0,0
68,675.73434019999991,2.888799999936964,VSM.Resolve,5950208,1
68,675.73434019999991,2.888799999936964,VSM.ResolveTrace,5722368,1
68,675.73434019999991,2.888799999936964,VSM.FilterHorizontal,65280,1
68,675.73434019999991,2.888799999936964,VSM.FilterVertical,0,0
68,675.73434019999991,2.888799999936964,VSM.FilterTemporalVertical,161024,1
68,675.73434019999991,2.888799999936964,VSM.ResetFeedback,0,1
69,675.75041749999991,2.6302999999643362,VSM.MarkReceiverPages,557056,1
69,675.75041749999991,2.6302999999643362,VSM.AllocationPrepare,9728,1
69,675.75041749999991,2.6302999999643362,VSM.AllocationCommit,601600,1
69,675.75041749999991,2.6302999999643362,VSM.Allocate,799488,1
69,675.75041749999991,2.6302999999643362,VSM.ClearPhysicalPages,269568,1
69,675.75041749999991,2.6302999999643362,VSM.PageOccupancy,74496,1
69,675.75041749999991,2.6302999999643362,VSM.FinalizePages,1792,1
69,675.75041749999991,2.6302999999643362,VSM.DynamicRaster,32256,1
69,675.75041749999991,2.6302999999643362,VSM.LayoutRemap,0,1
69,675.75041749999991,2.6302999999643362,VSM.InvalidateStatic,0,0
69,675.75041749999991,2.6302999999643362,VSM.InvalidateDynamic,1792,1
69,675.75041749999991,2.6302999999643362,VSM.StaticCasterCull,210432,1
69,675.75041749999991,2.6302999999643362,VSM.DynamicCasterCull,120320,1
69,675.75041749999991,2.6302999999643362,VSM.PageCull,296448,2
69,675.75041749999991,2.6302999999643362,VSM.StaticRasterClear,0,1
69,675.75041749999991,2.6302999999643362,VSM.StaticRasterDraw,7168,1
69,675.75041749999991,2.6302999999643362,VSM.DynamicRasterClear,1024,1
69,675.75041749999991,2.6302999999643362,VSM.DynamicRasterDraw,30976,1
69,675.75041749999991,2.6302999999643362,VSM.StaticRaster,7424,1
69,675.75041749999991,2.6302999999643362,VSM.UnityCompatibilityRaster,0,0
69,675.75041749999991,2.6302999999643362,VSM.Resolve,6338048,1
69,675.75041749999991,2.6302999999643362,VSM.ResolveTrace,5840896,1
69,675.75041749999991,2.6302999999643362,VSM.FilterHorizontal,66304,1
69,675.75041749999991,2.6302999999643362,VSM.FilterVertical,0,0
69,675.75041749999991,2.6302999999643362,VSM.FilterTemporalVertical,429568,1
69,675.75041749999991,2.6302999999643362,VSM.ResetFeedback,0,1
70,675.765675,2.108000000021093,VSM.MarkReceiverPages,559616,1
70,675.765675,2.108000000021093,VSM.AllocationPrepare,9728,1
70,675.765675,2.108000000021093,VSM.AllocationCommit,608000,1
70,675.765675,2.108000000021093,VSM.Allocate,617984,1
70,675.765675,2.108000000021093,VSM.ClearPhysicalPages,271616,1
70,675.765675,2.108000000021093,VSM.PageOccupancy,76288,1
70,675.765675,2.108000000021093,VSM.FinalizePages,1792,1
70,675.765675,2.108000000021093,VSM.DynamicRaster,34304,1
70,675.765675,2.108000000021093,VSM.LayoutRemap,0,1
70,675.765675,2.108000000021093,VSM.InvalidateStatic,0,0
70,675.765675,2.108000000021093,VSM.InvalidateDynamic,1280,1
70,675.765675,2.108000000021093,VSM.StaticCasterCull,197632,1
70,675.765675,2.108000000021093,VSM.DynamicCasterCull,120064,1
70,675.765675,2.108000000021093,VSM.PageCull,283904,2
70,675.765675,2.108000000021093,VSM.StaticRasterClear,0,1
70,675.765675,2.108000000021093,VSM.StaticRasterDraw,7680,1
70,675.765675,2.108000000021093,VSM.DynamicRasterClear,2816,1
70,675.765675,2.108000000021093,VSM.DynamicRasterDraw,31488,1
70,675.765675,2.108000000021093,VSM.StaticRaster,7936,1
70,675.765675,2.108000000021093,VSM.UnityCompatibilityRaster,0,0
70,675.765675,2.108000000021093,VSM.Resolve,6042112,1
70,675.765675,2.108000000021093,VSM.ResolveTrace,5815808,1
70,675.765675,2.108000000021093,VSM.FilterHorizontal,65536,1
70,675.765675,2.108000000021093,VSM.FilterVertical,0,0
70,675.765675,2.108000000021093,VSM.FilterTemporalVertical,159744,1
70,675.765675,2.108000000021093,VSM.ResetFeedback,0,1
71,675.7808741,2.3103000000901375,VSM.MarkReceiverPages,558848,1
71,675.7808741,2.3103000000901375,VSM.AllocationPrepare,9472,1
71,675.7808741,2.3103000000901375,VSM.AllocationCommit,601344,1
71,675.7808741,2.3103000000901375,VSM.Allocate,896000,1
71,675.7808741,2.3103000000901375,VSM.ClearPhysicalPages,270080,1
71,675.7808741,2.3103000000901375,VSM.PageOccupancy,76288,1
71,675.7808741,2.3103000000901375,VSM.FinalizePages,1792,1
71,675.7808741,2.3103000000901375,VSM.DynamicRaster,34304,1
71,675.7808741,2.3103000000901375,VSM.LayoutRemap,0,1
71,675.7808741,2.3103000000901375,VSM.InvalidateStatic,0,0
71,675.7808741,2.3103000000901375,VSM.InvalidateDynamic,2048,1
71,675.7808741,2.3103000000901375,VSM.StaticCasterCull,206336,1
71,675.7808741,2.3103000000901375,VSM.DynamicCasterCull,116224,1
71,675.7808741,2.3103000000901375,VSM.PageCull,288256,2
71,675.7808741,2.3103000000901375,VSM.StaticRasterClear,256,1
71,675.7808741,2.3103000000901375,VSM.StaticRasterDraw,7424,1
71,675.7808741,2.3103000000901375,VSM.DynamicRasterClear,2560,1
71,675.7808741,2.3103000000901375,VSM.DynamicRasterDraw,31488,1
71,675.7808741,2.3103000000901375,VSM.StaticRaster,7680,1
71,675.7808741,2.3103000000901375,VSM.UnityCompatibilityRaster,0,0
71,675.7808741,2.3103000000901375,VSM.Resolve,6587904,1
71,675.7808741,2.3103000000901375,VSM.ResolveTrace,6089472,1
71,675.7808741,2.3103000000901375,VSM.FilterHorizontal,66304,1
71,675.7808741,2.3103000000901375,VSM.FilterVertical,0,0
71,675.7808741,2.3103000000901375,VSM.FilterTemporalVertical,159744,1
71,675.7808741,2.3103000000901375,VSM.ResetFeedback,0,1
72,675.7966621999999,2.3087999999233944,VSM.MarkReceiverPages,557312,1
72,675.7966621999999,2.3087999999233944,VSM.AllocationPrepare,9728,1
72,675.7966621999999,2.3087999999233944,VSM.AllocationCommit,601856,1
72,675.7966621999999,2.3087999999233944,VSM.Allocate,888064,1
72,675.7966621999999,2.3087999999233944,VSM.ClearPhysicalPages,270080,1
72,675.7966621999999,2.3087999999233944,VSM.PageOccupancy,74752,1
72,675.7966621999999,2.3087999999233944,VSM.FinalizePages,1792,1
72,675.7966621999999,2.3087999999233944,VSM.DynamicRaster,32768,1
72,675.7966621999999,2.3087999999233944,VSM.LayoutRemap,0,1
72,675.7966621999999,2.3087999999233944,VSM.InvalidateStatic,0,0
72,675.7966621999999,2.3087999999233944,VSM.InvalidateDynamic,1792,1
72,675.7966621999999,2.3087999999233944,VSM.StaticCasterCull,379904,1
72,675.7966621999999,2.3087999999233944,VSM.DynamicCasterCull,119552,1
72,675.7966621999999,2.3087999999233944,VSM.PageCull,296960,2
72,675.7966621999999,2.3087999999233944,VSM.StaticRasterClear,0,1
72,675.7966621999999,2.3087999999233944,VSM.StaticRasterDraw,8704,1
72,675.7966621999999,2.3087999999233944,VSM.DynamicRasterClear,2560,1
72,675.7966621999999,2.3087999999233944,VSM.DynamicRasterDraw,29952,1
72,675.7966621999999,2.3087999999233944,VSM.StaticRaster,9216,1
72,675.7966621999999,2.3087999999233944,VSM.UnityCompatibilityRaster,0,0
72,675.7966621999999,2.3087999999233944,VSM.Resolve,6007808,1
72,675.7966621999999,2.3087999999233944,VSM.ResolveTrace,5778432,1
72,675.7966621999999,2.3087999999233944,VSM.FilterHorizontal,65792,1
72,675.7966621999999,2.3087999999233944,VSM.FilterVertical,0,0
72,675.7966621999999,2.3087999999233944,VSM.FilterTemporalVertical,162816,1
72,675.7966621999999,2.3087999999233944,VSM.ResetFeedback,0,1
73,675.8126170999999,2.6410999998915941,VSM.MarkReceiverPages,556544,1
73,675.8126170999999,2.6410999998915941,VSM.AllocationPrepare,9728,1
73,675.8126170999999,2.6410999998915941,VSM.AllocationCommit,602368,1
73,675.8126170999999,2.6410999998915941,VSM.Allocate,868352,1
73,675.8126170999999,2.6410999998915941,VSM.ClearPhysicalPages,269568,1
73,675.8126170999999,2.6410999998915941,VSM.PageOccupancy,73984,1
73,675.8126170999999,2.6410999998915941,VSM.FinalizePages,1792,1
73,675.8126170999999,2.6410999998915941,VSM.DynamicRaster,31488,1
73,675.8126170999999,2.6410999998915941,VSM.LayoutRemap,0,1
73,675.8126170999999,2.6410999998915941,VSM.InvalidateStatic,0,0
73,675.8126170999999,2.6410999998915941,VSM.InvalidateDynamic,1792,1
73,675.8126170999999,2.6410999998915941,VSM.StaticCasterCull,205056,1
73,675.8126170999999,2.6410999998915941,VSM.DynamicCasterCull,125184,1
73,675.8126170999999,2.6410999998915941,VSM.PageCull,296448,2
73,675.8126170999999,2.6410999998915941,VSM.StaticRasterClear,0,1
73,675.8126170999999,2.6410999998915941,VSM.StaticRasterDraw,7168,1
73,675.8126170999999,2.6410999998915941,VSM.DynamicRasterClear,768,1
73,675.8126170999999,2.6410999998915941,VSM.DynamicRasterDraw,30720,1
73,675.8126170999999,2.6410999998915941,VSM.StaticRaster,7168,1
73,675.8126170999999,2.6410999998915941,VSM.UnityCompatibilityRaster,0,0
73,675.8126170999999,2.6410999998915941,VSM.Resolve,5930240,1
73,675.8126170999999,2.6410999998915941,VSM.ResolveTrace,5701888,1
73,675.8126170999999,2.6410999998915941,VSM.FilterHorizontal,66048,1
73,675.8126170999999,2.6410999998915941,VSM.FilterVertical,0,0
73,675.8126170999999,2.6410999998915941,VSM.FilterTemporalVertical,161280,1
73,675.8126170999999,2.6410999998915941,VSM.ResetFeedback,0,1
74,675.8277958,2.1242000000256667,VSM.MarkReceiverPages,557056,1
74,675.8277958,2.1242000000256667,VSM.AllocationPrepare,9472,1
74,675.8277958,2.1242000000256667,VSM.AllocationCommit,601600,1
74,675.8277958,2.1242000000256667,VSM.Allocate,611072,1
74,675.8277958,2.1242000000256667,VSM.ClearPhysicalPages,269312,1
74,675.8277958,2.1242000000256667,VSM.PageOccupancy,71680,1
74,675.8277958,2.1242000000256667,VSM.FinalizePages,2048,1
74,675.8277958,2.1242000000256667,VSM.DynamicRaster,30720,1
74,675.8277958,2.1242000000256667,VSM.LayoutRemap,0,1
74,675.8277958,2.1242000000256667,VSM.InvalidateStatic,0,0
74,675.8277958,2.1242000000256667,VSM.InvalidateDynamic,1536,1
74,675.8277958,2.1242000000256667,VSM.StaticCasterCull,201472,1
74,675.8277958,2.1242000000256667,VSM.DynamicCasterCull,122624,1
74,675.8277958,2.1242000000256667,VSM.PageCull,291328,2
74,675.8277958,2.1242000000256667,VSM.StaticRasterClear,0,1
74,675.8277958,2.1242000000256667,VSM.StaticRasterDraw,3328,1
74,675.8277958,2.1242000000256667,VSM.DynamicRasterClear,0,1
74,675.8277958,2.1242000000256667,VSM.DynamicRasterDraw,30464,1
74,675.8277958,2.1242000000256667,VSM.StaticRaster,3584,1
74,675.8277958,2.1242000000256667,VSM.UnityCompatibilityRaster,0,0
74,675.8277958,2.1242000000256667,VSM.Resolve,6713088,1
74,675.8277958,2.1242000000256667,VSM.ResolveTrace,6483968,1
74,675.8277958,2.1242000000256667,VSM.FilterHorizontal,66048,1
74,675.8277958,2.1242000000256667,VSM.FilterVertical,0,0
74,675.8277958,2.1242000000256667,VSM.FilterTemporalVertical,162048,1
74,675.8277958,2.1242000000256667,VSM.ResetFeedback,0,1
75,675.8429999,2.2588000000496322,VSM.MarkReceiverPages,557824,1
75,675.8429999,2.2588000000496322,VSM.AllocationPrepare,9728,1
75,675.8429999,2.2588000000496322,VSM.AllocationCommit,605184,1
75,675.8429999,2.2588000000496322,VSM.Allocate,614912,1
75,675.8429999,2.2588000000496322,VSM.ClearPhysicalPages,272384,1
75,675.8429999,2.2588000000496322,VSM.PageOccupancy,77824,1
75,675.8429999,2.2588000000496322,VSM.FinalizePages,1536,1
75,675.8429999,2.2588000000496322,VSM.DynamicRaster,30464,1
75,675.8429999,2.2588000000496322,VSM.LayoutRemap,0,1
75,675.8429999,2.2588000000496322,VSM.InvalidateStatic,0,0
75,675.8429999,2.2588000000496322,VSM.InvalidateDynamic,1536,1
75,675.8429999,2.2588000000496322,VSM.StaticCasterCull,211200,1
75,675.8429999,2.2588000000496322,VSM.DynamicCasterCull,119552,1
75,675.8429999,2.2588000000496322,VSM.PageCull,296960,2
75,675.8429999,2.2588000000496322,VSM.StaticRasterClear,0,1
75,675.8429999,2.2588000000496322,VSM.StaticRasterDraw,7168,1
75,675.8429999,2.2588000000496322,VSM.DynamicRasterClear,512,1
75,675.8429999,2.2588000000496322,VSM.DynamicRasterDraw,29952,1
75,675.8429999,2.2588000000496322,VSM.StaticRaster,7424,1
75,675.8429999,2.2588000000496322,VSM.UnityCompatibilityRaster,0,0
75,675.8429999,2.2588000000496322,VSM.Resolve,6562048,1
75,675.8429999,2.2588000000496322,VSM.ResolveTrace,6154496,1
75,675.8429999,2.2588000000496322,VSM.FilterHorizontal,66304,1
75,675.8429999,2.2588000000496322,VSM.FilterVertical,0,0
75,675.8429999,2.2588000000496322,VSM.FilterTemporalVertical,163072,1
75,675.8429999,2.2588000000496322,VSM.ResetFeedback,0,1
76,675.8591703,2.4889000000030137,VSM.MarkReceiverPages,556544,1
76,675.8591703,2.4889000000030137,VSM.AllocationPrepare,9728,1
76,675.8591703,2.4889000000030137,VSM.AllocationCommit,604928,1
76,675.8591703,2.4889000000030137,VSM.Allocate,614656,1
76,675.8591703,2.4889000000030137,VSM.ClearPhysicalPages,270848,1
76,675.8591703,2.4889000000030137,VSM.PageOccupancy,74240,1
76,675.8591703,2.4889000000030137,VSM.FinalizePages,2048,1
76,675.8591703,2.4889000000030137,VSM.DynamicRaster,40960,1
76,675.8591703,2.4889000000030137,VSM.LayoutRemap,0,1
76,675.8591703,2.4889000000030137,VSM.InvalidateStatic,0,0
76,675.8591703,2.4889000000030137,VSM.InvalidateDynamic,1536,1
76,675.8591703,2.4889000000030137,VSM.StaticCasterCull,208128,1
76,675.8591703,2.4889000000030137,VSM.DynamicCasterCull,283392,1
76,675.8591703,2.4889000000030137,VSM.PageCull,277248,2
76,675.8591703,2.4889000000030137,VSM.StaticRasterClear,256,1
76,675.8591703,2.4889000000030137,VSM.StaticRasterDraw,3072,1
76,675.8591703,2.4889000000030137,VSM.DynamicRasterClear,9728,1
76,675.8591703,2.4889000000030137,VSM.DynamicRasterDraw,30720,1
76,675.8591703,2.4889000000030137,VSM.StaticRaster,3328,1
76,675.8591703,2.4889000000030137,VSM.UnityCompatibilityRaster,0,0
76,675.8591703,2.4889000000030137,VSM.Resolve,6184960,1
76,675.8591703,2.4889000000030137,VSM.ResolveTrace,5958656,1
76,675.8591703,2.4889000000030137,VSM.FilterHorizontal,65280,1
76,675.8591703,2.4889000000030137,VSM.FilterVertical,0,0
76,675.8591703,2.4889000000030137,VSM.FilterTemporalVertical,160256,1
76,675.8591703,2.4889000000030137,VSM.ResetFeedback,0,1
77,675.8748675999999,2.5880999999117194,VSM.MarkReceiverPages,555520,1
77,675.8748675999999,2.5880999999117194,VSM.AllocationPrepare,9728,1
77,675.8748675999999,2.5880999999117194,VSM.AllocationCommit,598784,1
77,675.8748675999999,2.5880999999117194,VSM.Allocate,859392,1
77,675.8748675999999,2.5880999999117194,VSM.ClearPhysicalPages,269824,1
77,675.8748675999999,2.5880999999117194,VSM.PageOccupancy,72960,1
77,675.8748675999999,2.5880999999117194,VSM.FinalizePages,1792,1
77,675.8748675999999,2.5880999999117194,VSM.DynamicRaster,25856,1
77,675.8748675999999,2.5880999999117194,VSM.LayoutRemap,0,1
77,675.8748675999999,2.5880999999117194,VSM.InvalidateStatic,0,0
77,675.8748675999999,2.5880999999117194,VSM.InvalidateDynamic,1536,1
77,675.8748675999999,2.5880999999117194,VSM.StaticCasterCull,213760,1
77,675.8748675999999,2.5880999999117194,VSM.DynamicCasterCull,117248,1
77,675.8748675999999,2.5880999999117194,VSM.PageCull,296704,2
77,675.8748675999999,2.5880999999117194,VSM.StaticRasterClear,0,1
77,675.8748675999999,2.5880999999117194,VSM.StaticRasterDraw,7168,1
77,675.8748675999999,2.5880999999117194,VSM.DynamicRasterClear,256,1
77,675.8748675999999,2.5880999999117194,VSM.DynamicRasterDraw,25600,1
77,675.8748675999999,2.5880999999117194,VSM.StaticRaster,7168,1
77,675.8748675999999,2.5880999999117194,VSM.UnityCompatibilityRaster,0,0
77,675.8748675999999,2.5880999999117194,VSM.Resolve,5762048,1
77,675.8748675999999,2.5880999999117194,VSM.ResolveTrace,5536256,1
77,675.8748675999999,2.5880999999117194,VSM.FilterHorizontal,65536,1
77,675.8748675999999,2.5880999999117194,VSM.FilterVertical,0,0
77,675.8748675999999,2.5880999999117194,VSM.FilterTemporalVertical,158720,1
77,675.8748675999999,2.5880999999117194,VSM.ResetFeedback,0,1
78,675.8894477,2.23330000005717,VSM.MarkReceiverPages,557568,1
78,675.8894477,2.23330000005717,VSM.AllocationPrepare,9728,1
78,675.8894477,2.23330000005717,VSM.AllocationCommit,599552,1
78,675.8894477,2.23330000005717,VSM.Allocate,884480,1
78,675.8894477,2.23330000005717,VSM.ClearPhysicalPages,269568,1
78,675.8894477,2.23330000005717,VSM.PageOccupancy,74240,1
78,675.8894477,2.23330000005717,VSM.FinalizePages,1792,1
78,675.8894477,2.23330000005717,VSM.DynamicRaster,26624,1
78,675.8894477,2.23330000005717,VSM.LayoutRemap,0,1
78,675.8894477,2.23330000005717,VSM.InvalidateStatic,0,0
78,675.8894477,2.23330000005717,VSM.InvalidateDynamic,1792,1
78,675.8894477,2.23330000005717,VSM.StaticCasterCull,209664,1
78,675.8894477,2.23330000005717,VSM.DynamicCasterCull,117248,1
78,675.8894477,2.23330000005717,VSM.PageCull,292352,2
78,675.8894477,2.23330000005717,VSM.StaticRasterClear,0,1
78,675.8894477,2.23330000005717,VSM.StaticRasterDraw,8192,1
78,675.8894477,2.23330000005717,VSM.DynamicRasterClear,1280,1
78,675.8894477,2.23330000005717,VSM.DynamicRasterDraw,25344,1
78,675.8894477,2.23330000005717,VSM.StaticRaster,8448,1
78,675.8894477,2.23330000005717,VSM.UnityCompatibilityRaster,0,0
78,675.8894477,2.23330000005717,VSM.Resolve,6391296,1
78,675.8894477,2.23330000005717,VSM.ResolveTrace,6164992,1
78,675.8894477,2.23330000005717,VSM.FilterHorizontal,66816,1
78,675.8894477,2.23330000005717,VSM.FilterVertical,0,0
78,675.8894477,2.23330000005717,VSM.FilterTemporalVertical,158720,1
78,675.8894477,2.23330000005717,VSM.ResetFeedback,0,1
79,675.9054726999999,2.5139999999055362,VSM.MarkReceiverPages,558848,1
79,675.9054726999999,2.5139999999055362,VSM.AllocationPrepare,9728,1
79,675.9054726999999,2.5139999999055362,VSM.AllocationCommit,605696,1
79,675.9054726999999,2.5139999999055362,VSM.Allocate,615680,1
79,675.9054726999999,2.5139999999055362,VSM.ClearPhysicalPages,548864,1
79,675.9054726999999,2.5139999999055362,VSM.PageOccupancy,76544,1
79,675.9054726999999,2.5139999999055362,VSM.FinalizePages,2304,1
79,675.9054726999999,2.5139999999055362,VSM.DynamicRaster,29696,1
79,675.9054726999999,2.5139999999055362,VSM.LayoutRemap,0,1
79,675.9054726999999,2.5139999999055362,VSM.InvalidateStatic,0,0
79,675.9054726999999,2.5139999999055362,VSM.InvalidateDynamic,1536,1
79,675.9054726999999,2.5139999999055362,VSM.StaticCasterCull,223744,1
79,675.9054726999999,2.5139999999055362,VSM.DynamicCasterCull,113152,1
79,675.9054726999999,2.5139999999055362,VSM.PageCull,295424,2
79,675.9054726999999,2.5139999999055362,VSM.StaticRasterClear,0,1
79,675.9054726999999,2.5139999999055362,VSM.StaticRasterDraw,7168,1
79,675.9054726999999,2.5139999999055362,VSM.DynamicRasterClear,2048,1
79,675.9054726999999,2.5139999999055362,VSM.DynamicRasterDraw,27392,1
79,675.9054726999999,2.5139999999055362,VSM.StaticRaster,7424,1
79,675.9054726999999,2.5139999999055362,VSM.UnityCompatibilityRaster,0,0
79,675.9054726999999,2.5139999999055362,VSM.Resolve,6053888,1
79,675.9054726999999,2.5139999999055362,VSM.ResolveTrace,5824512,1
79,675.9054726999999,2.5139999999055362,VSM.FilterHorizontal,66560,1
79,675.9054726999999,2.5139999999055362,VSM.FilterVertical,0,0
79,675.9054726999999,2.5139999999055362,VSM.FilterTemporalVertical,161792,1
79,675.9054726999999,2.5139999999055362,VSM.ResetFeedback,0,1
80,675.9218186999999,2.696299999911389,VSM.MarkReceiverPages,557056,1
80,675.9218186999999,2.696299999911389,VSM.AllocationPrepare,9216,1
80,675.9218186999999,2.696299999911389,VSM.AllocationCommit,599040,1
80,675.9218186999999,2.696299999911389,VSM.Allocate,609024,1
80,675.9218186999999,2.696299999911389,VSM.ClearPhysicalPages,269056,1
80,675.9218186999999,2.696299999911389,VSM.PageOccupancy,74496,1
80,675.9218186999999,2.696299999911389,VSM.FinalizePages,1792,1
80,675.9218186999999,2.696299999911389,VSM.DynamicRaster,24832,1
80,675.9218186999999,2.696299999911389,VSM.LayoutRemap,0,1
80,675.9218186999999,2.696299999911389,VSM.InvalidateStatic,0,0
80,675.9218186999999,2.696299999911389,VSM.InvalidateDynamic,1536,1
80,675.9218186999999,2.696299999911389,VSM.StaticCasterCull,203776,1
80,675.9218186999999,2.696299999911389,VSM.DynamicCasterCull,110080,1
80,675.9218186999999,2.696299999911389,VSM.PageCull,279808,2
80,675.9218186999999,2.696299999911389,VSM.StaticRasterClear,256,1
80,675.9218186999999,2.696299999911389,VSM.StaticRasterDraw,7424,1
80,675.9218186999999,2.696299999911389,VSM.DynamicRasterClear,256,1
80,675.9218186999999,2.696299999911389,VSM.DynamicRasterDraw,24576,1
80,675.9218186999999,2.696299999911389,VSM.StaticRaster,7680,1
80,675.9218186999999,2.696299999911389,VSM.UnityCompatibilityRaster,0,0
80,675.9218186999999,2.696299999911389,VSM.Resolve,5687296,1
80,675.9218186999999,2.696299999911389,VSM.ResolveTrace,5461760,1
80,675.9218186999999,2.696299999911389,VSM.FilterHorizontal,64768,1
80,675.9218186999999,2.696299999911389,VSM.FilterVertical,0,0
80,675.9218186999999,2.696299999911389,VSM.FilterTemporalVertical,159744,1
80,675.9218186999999,2.696299999911389,VSM.ResetFeedback,0,1
81,675.9374365,2.5113000000374086,VSM.MarkReceiverPages,559616,1
81,675.9374365,2.5113000000374086,VSM.AllocationPrepare,9472,1
81,675.9374365,2.5113000000374086,VSM.AllocationCommit,600064,1
81,675.9374365,2.5113000000374086,VSM.Allocate,890624,1
81,675.9374365,2.5113000000374086,VSM.ClearPhysicalPages,269568,1
81,675.9374365,2.5113000000374086,VSM.PageOccupancy,75264,1
81,675.9374365,2.5113000000374086,VSM.FinalizePages,1792,1
81,675.9374365,2.5113000000374086,VSM.DynamicRaster,25856,1
81,675.9374365,2.5113000000374086,VSM.LayoutRemap,0,1
81,675.9374365,2.5113000000374086,VSM.InvalidateStatic,0,0
81,675.9374365,2.5113000000374086,VSM.InvalidateDynamic,1792,1
81,675.9374365,2.5113000000374086,VSM.StaticCasterCull,205312,1
81,675.9374365,2.5113000000374086,VSM.DynamicCasterCull,120832,1
81,675.9374365,2.5113000000374086,VSM.PageCull,292096,2
81,675.9374365,2.5113000000374086,VSM.StaticRasterClear,0,1
81,675.9374365,2.5113000000374086,VSM.StaticRasterDraw,6912,1
81,675.9374365,2.5113000000374086,VSM.DynamicRasterClear,512,1
81,675.9374365,2.5113000000374086,VSM.DynamicRasterDraw,25344,1
81,675.9374365,2.5113000000374086,VSM.StaticRaster,7168,1
81,675.9374365,2.5113000000374086,VSM.UnityCompatibilityRaster,0,0
81,675.9374365,2.5113000000374086,VSM.Resolve,6692352,1
81,675.9374365,2.5113000000374086,VSM.ResolveTrace,6464256,1
81,675.9374365,2.5113000000374086,VSM.FilterHorizontal,66304,1
81,675.9374365,2.5113000000374086,VSM.FilterVertical,0,0
81,675.9374365,2.5113000000374086,VSM.FilterTemporalVertical,160768,1
81,675.9374365,2.5113000000374086,VSM.ResetFeedback,0,1
82,675.9530620999999,2.2677999999132226,VSM.MarkReceiverPages,558848,1
82,675.9530620999999,2.2677999999132226,VSM.AllocationPrepare,9472,1
82,675.9530620999999,2.2677999999132226,VSM.AllocationCommit,601344,1
82,675.9530620999999,2.2677999999132226,VSM.Allocate,850688,1
82,675.9530620999999,2.2677999999132226,VSM.ClearPhysicalPages,269312,1
82,675.9530620999999,2.2677999999132226,VSM.PageOccupancy,76288,1
82,675.9530620999999,2.2677999999132226,VSM.FinalizePages,1792,1
82,675.9530620999999,2.2677999999132226,VSM.DynamicRaster,25856,1
82,675.9530620999999,2.2677999999132226,VSM.LayoutRemap,0,1
82,675.9530620999999,2.2677999999132226,VSM.InvalidateStatic,0,0
82,675.9530620999999,2.2677999999132226,VSM.InvalidateDynamic,1792,1
82,675.9530620999999,2.2677999999132226,VSM.StaticCasterCull,196608,1
82,675.9530620999999,2.2677999999132226,VSM.DynamicCasterCull,121856,1
82,675.9530620999999,2.2677999999132226,VSM.PageCull,284416,2
82,675.9530620999999,2.2677999999132226,VSM.StaticRasterClear,0,1
82,675.9530620999999,2.2677999999132226,VSM.StaticRasterDraw,3328,1
82,675.9530620999999,2.2677999999132226,VSM.DynamicRasterClear,256,1
82,675.9530620999999,2.2677999999132226,VSM.DynamicRasterDraw,25600,1
82,675.9530620999999,2.2677999999132226,VSM.StaticRaster,3584,1
82,675.9530620999999,2.2677999999132226,VSM.UnityCompatibilityRaster,0,0
82,675.9530620999999,2.2677999999132226,VSM.Resolve,6293504,1
82,675.9530620999999,2.2677999999132226,VSM.ResolveTrace,6065152,1
82,675.9530620999999,2.2677999999132226,VSM.FilterHorizontal,66304,1
82,675.9530620999999,2.2677999999132226,VSM.FilterVertical,0,0
82,675.9530620999999,2.2677999999132226,VSM.FilterTemporalVertical,161024,1
82,675.9530620999999,2.2677999999132226,VSM.ResetFeedback,0,1
83,675.9686677,2.6881999999659456,VSM.MarkReceiverPages,557056,1
83,675.9686677,2.6881999999659456,VSM.AllocationPrepare,9728,1
83,675.9686677,2.6881999999659456,VSM.AllocationCommit,600320,1
83,675.9686677,2.6881999999659456,VSM.Allocate,893184,1
83,675.9686677,2.6881999999659456,VSM.ClearPhysicalPages,270336,1
83,675.9686677,2.6881999999659456,VSM.PageOccupancy,75008,1
83,675.9686677,2.6881999999659456,VSM.FinalizePages,2048,1
83,675.9686677,2.6881999999659456,VSM.DynamicRaster,25600,1
83,675.9686677,2.6881999999659456,VSM.LayoutRemap,0,1
83,675.9686677,2.6881999999659456,VSM.InvalidateStatic,0,0
83,675.9686677,2.6881999999659456,VSM.InvalidateDynamic,1792,1
83,675.9686677,2.6881999999659456,VSM.StaticCasterCull,205824,1
83,675.9686677,2.6881999999659456,VSM.DynamicCasterCull,117248,1
83,675.9686677,2.6881999999659456,VSM.PageCull,289792,2
83,675.9686677,2.6881999999659456,VSM.StaticRasterClear,0,1
83,675.9686677,2.6881999999659456,VSM.StaticRasterDraw,6912,1
83,675.9686677,2.6881999999659456,VSM.DynamicRasterClear,0,1
83,675.9686677,2.6881999999659456,VSM.DynamicRasterDraw,25600,1
83,675.9686677,2.6881999999659456,VSM.StaticRaster,7168,1
83,675.9686677,2.6881999999659456,VSM.UnityCompatibilityRaster,0,0
83,675.9686677,2.6881999999659456,VSM.Resolve,5876992,1
83,675.9686677,2.6881999999659456,VSM.ResolveTrace,5650688,1
83,675.9686677,2.6881999999659456,VSM.FilterHorizontal,65536,1
83,675.9686677,2.6881999999659456,VSM.FilterVertical,0,0
83,675.9686677,2.6881999999659456,VSM.FilterTemporalVertical,159744,1
83,675.9686677,2.6881999999659456,VSM.ResetFeedback,0,1
84,675.98779619999993,4.0468999999347943,VSM.MarkReceiverPages,558080,1
84,675.98779619999993,4.0468999999347943,VSM.AllocationPrepare,9728,1
84,675.98779619999993,4.0468999999347943,VSM.AllocationCommit,607232,1
84,675.98779619999993,4.0468999999347943,VSM.Allocate,856832,1
84,675.98779619999993,4.0468999999347943,VSM.ClearPhysicalPages,272384,1
84,675.98779619999993,4.0468999999347943,VSM.PageOccupancy,74752,1
84,675.98779619999993,4.0468999999347943,VSM.FinalizePages,2048,1
84,675.98779619999993,4.0468999999347943,VSM.DynamicRaster,29440,1
84,675.98779619999993,4.0468999999347943,VSM.LayoutRemap,0,1
84,675.98779619999993,4.0468999999347943,VSM.InvalidateStatic,0,0
84,675.98779619999993,4.0468999999347943,VSM.InvalidateDynamic,1536,1
84,675.98779619999993,4.0468999999347943,VSM.StaticCasterCull,215808,1
84,675.98779619999993,4.0468999999347943,VSM.DynamicCasterCull,122112,1
84,675.98779619999993,4.0468999999347943,VSM.PageCull,303872,2
84,675.98779619999993,4.0468999999347943,VSM.StaticRasterClear,0,1
84,675.98779619999993,4.0468999999347943,VSM.StaticRasterDraw,10496,1
84,675.98779619999993,4.0468999999347943,VSM.DynamicRasterClear,4096,1
84,675.98779619999993,4.0468999999347943,VSM.DynamicRasterDraw,25344,1
84,675.98779619999993,4.0468999999347943,VSM.StaticRaster,10752,1
84,675.98779619999993,4.0468999999347943,VSM.UnityCompatibilityRaster,0,0
84,675.98779619999993,4.0468999999347943,VSM.Resolve,6586880,1
84,675.98779619999993,4.0468999999347943,VSM.ResolveTrace,5894144,1
84,675.98779619999993,4.0468999999347943,VSM.FilterHorizontal,66304,1
84,675.98779619999993,4.0468999999347943,VSM.FilterVertical,0,0
84,675.98779619999993,4.0468999999347943,VSM.FilterTemporalVertical,625408,1
84,675.98779619999993,4.0468999999347943,VSM.ResetFeedback,0,1
85,676.0054839,3.42200000000048,VSM.MarkReceiverPages,558848,1
85,676.0054839,3.42200000000048,VSM.AllocationPrepare,9728,1
85,676.0054839,3.42200000000048,VSM.AllocationCommit,604672,1
85,676.0054839,3.42200000000048,VSM.Allocate,614400,1
85,676.0054839,3.42200000000048,VSM.ClearPhysicalPages,271104,1
85,676.0054839,3.42200000000048,VSM.PageOccupancy,75008,1
85,676.0054839,3.42200000000048,VSM.FinalizePages,1792,1
85,676.0054839,3.42200000000048,VSM.DynamicRaster,25856,1
85,676.0054839,3.42200000000048,VSM.LayoutRemap,0,1
85,676.0054839,3.42200000000048,VSM.InvalidateStatic,0,0
85,676.0054839,3.42200000000048,VSM.InvalidateDynamic,1792,1
85,676.0054839,3.42200000000048,VSM.StaticCasterCull,217344,1
85,676.0054839,3.42200000000048,VSM.DynamicCasterCull,124416,1
85,676.0054839,3.42200000000048,VSM.PageCull,307712,2
85,676.0054839,3.42200000000048,VSM.StaticRasterClear,0,1
85,676.0054839,3.42200000000048,VSM.StaticRasterDraw,7680,1
85,676.0054839,3.42200000000048,VSM.DynamicRasterClear,0,1
85,676.0054839,3.42200000000048,VSM.DynamicRasterDraw,25856,1
85,676.0054839,3.42200000000048,VSM.StaticRaster,7936,1
85,676.0054839,3.42200000000048,VSM.UnityCompatibilityRaster,0,0
85,676.0054839,3.42200000000048,VSM.Resolve,6270208,1
85,676.0054839,3.42200000000048,VSM.ResolveTrace,6038272,1
85,676.0054839,3.42200000000048,VSM.FilterHorizontal,65792,1
85,676.0054839,3.42200000000048,VSM.FilterVertical,0,0
85,676.0054839,3.42200000000048,VSM.FilterTemporalVertical,164864,1
85,676.0054839,3.42200000000048,VSM.ResetFeedback,0,1
86,676.022261,2.68519999997352,VSM.MarkReceiverPages,557056,1
86,676.022261,2.68519999997352,VSM.AllocationPrepare,9472,1
86,676.022261,2.68519999997352,VSM.AllocationCommit,600320,1
86,676.022261,2.68519999997352,VSM.Allocate,798720,1
86,676.022261,2.68519999997352,VSM.ClearPhysicalPages,269824,1
86,676.022261,2.68519999997352,VSM.PageOccupancy,73216,1
86,676.022261,2.68519999997352,VSM.FinalizePages,1792,1
86,676.022261,2.68519999997352,VSM.DynamicRaster,25600,1
86,676.022261,2.68519999997352,VSM.LayoutRemap,0,1
86,676.022261,2.68519999997352,VSM.InvalidateStatic,0,0
86,676.022261,2.68519999997352,VSM.InvalidateDynamic,1536,1
86,676.022261,2.68519999997352,VSM.StaticCasterCull,214272,1
86,676.022261,2.68519999997352,VSM.DynamicCasterCull,317696,1
86,676.022261,2.68519999997352,VSM.PageCull,301824,2
86,676.022261,2.68519999997352,VSM.StaticRasterClear,0,1
86,676.022261,2.68519999997352,VSM.StaticRasterDraw,6912,1
86,676.022261,2.68519999997352,VSM.DynamicRasterClear,0,1
86,676.022261,2.68519999997352,VSM.DynamicRasterDraw,25088,1
86,676.022261,2.68519999997352,VSM.StaticRaster,7168,1
86,676.022261,2.68519999997352,VSM.UnityCompatibilityRaster,0,0
86,676.022261,2.68519999997352,VSM.Resolve,5599488,1
86,676.022261,2.68519999997352,VSM.ResolveTrace,5373440,1
86,676.022261,2.68519999997352,VSM.FilterHorizontal,65280,1
86,676.022261,2.68519999997352,VSM.FilterVertical,0,0
86,676.022261,2.68519999997352,VSM.FilterTemporalVertical,159744,1
86,676.022261,2.68519999997352,VSM.ResetFeedback,0,1
87,676.0380138999999,2.5142999999161475,VSM.MarkReceiverPages,559104,1
87,676.0380138999999,2.5142999999161475,VSM.AllocationPrepare,9728,1
87,676.0380138999999,2.5142999999161475,VSM.AllocationCommit,600832,1
87,676.0380138999999,2.5142999999161475,VSM.Allocate,890624,1
87,676.0380138999999,2.5142999999161475,VSM.ClearPhysicalPages,270080,1
87,676.0380138999999,2.5142999999161475,VSM.PageOccupancy,73472,1
87,676.0380138999999,2.5142999999161475,VSM.FinalizePages,1792,1
87,676.0380138999999,2.5142999999161475,VSM.DynamicRaster,27904,1
87,676.0380138999999,2.5142999999161475,VSM.LayoutRemap,0,1
87,676.0380138999999,2.5142999999161475,VSM.InvalidateStatic,0,0
87,676.0380138999999,2.5142999999161475,VSM.InvalidateDynamic,2048,1
87,676.0380138999999,2.5142999999161475,VSM.StaticCasterCull,357632,1
87,676.0380138999999,2.5142999999161475,VSM.DynamicCasterCull,115200,1
87,676.0380138999999,2.5142999999161475,VSM.PageCull,261120,2
87,676.0380138999999,2.5142999999161475,VSM.StaticRasterClear,8704,1
87,676.0380138999999,2.5142999999161475,VSM.StaticRasterDraw,6912,1
87,676.0380138999999,2.5142999999161475,VSM.DynamicRasterClear,3328,1
87,676.0380138999999,2.5142999999161475,VSM.DynamicRasterDraw,24576,1
87,676.0380138999999,2.5142999999161475,VSM.StaticRaster,16384,1
87,676.0380138999999,2.5142999999161475,VSM.UnityCompatibilityRaster,0,0
87,676.0380138999999,2.5142999999161475,VSM.Resolve,5821696,1
87,676.0380138999999,2.5142999999161475,VSM.ResolveTrace,5417728,1
87,676.0380138999999,2.5142999999161475,VSM.FilterHorizontal,79104,1
87,676.0380138999999,2.5142999999161475,VSM.FilterVertical,0,0
87,676.0380138999999,2.5142999999161475,VSM.FilterTemporalVertical,157952,1
87,676.0380138999999,2.5142999999161475,VSM.ResetFeedback,0,1
88,676.0550873,2.79190000003382,VSM.MarkReceiverPages,559616,1
88,676.0550873,2.79190000003382,VSM.AllocationPrepare,9472,1
88,676.0550873,2.79190000003382,VSM.AllocationCommit,600576,1
88,676.0550873,2.79190000003382,VSM.Allocate,933632,1
88,676.0550873,2.79190000003382,VSM.ClearPhysicalPages,269568,1
88,676.0550873,2.79190000003382,VSM.PageOccupancy,76800,1
88,676.0550873,2.79190000003382,VSM.FinalizePages,1792,1
88,676.0550873,2.79190000003382,VSM.DynamicRaster,31744,1
88,676.0550873,2.79190000003382,VSM.LayoutRemap,0,1
88,676.0550873,2.79190000003382,VSM.InvalidateStatic,0,0
88,676.0550873,2.79190000003382,VSM.InvalidateDynamic,2560,1
88,676.0550873,2.79190000003382,VSM.StaticCasterCull,210176,1
88,676.0550873,2.79190000003382,VSM.DynamicCasterCull,115200,1
88,676.0550873,2.79190000003382,VSM.PageCull,291328,2
88,676.0550873,2.79190000003382,VSM.StaticRasterClear,0,1
88,676.0550873,2.79190000003382,VSM.StaticRasterDraw,6912,1
88,676.0550873,2.79190000003382,VSM.DynamicRasterClear,1280,1
88,676.0550873,2.79190000003382,VSM.DynamicRasterDraw,30464,1
88,676.0550873,2.79190000003382,VSM.StaticRaster,7168,1
88,676.0550873,2.79190000003382,VSM.UnityCompatibilityRaster,0,0
88,676.0550873,2.79190000003382,VSM.Resolve,5747712,1
88,676.0550873,2.79190000003382,VSM.ResolveTrace,5521920,1
88,676.0550873,2.79190000003382,VSM.FilterHorizontal,65024,1
88,676.0550873,2.79190000003382,VSM.FilterVertical,0,0
88,676.0550873,2.79190000003382,VSM.FilterTemporalVertical,159744,1
88,676.0550873,2.79190000003382,VSM.ResetFeedback,0,1
89,676.0712877,2.3307000000158951,VSM.MarkReceiverPages,560640,1
89,676.0712877,2.3307000000158951,VSM.AllocationPrepare,9728,1
89,676.0712877,2.3307000000158951,VSM.AllocationCommit,605696,1
89,676.0712877,2.3307000000158951,VSM.Allocate,892928,1
89,676.0712877,2.3307000000158951,VSM.ClearPhysicalPages,272128,1
89,676.0712877,2.3307000000158951,VSM.PageOccupancy,76800,1
89,676.0712877,2.3307000000158951,VSM.FinalizePages,2048,1
89,676.0712877,2.3307000000158951,VSM.DynamicRaster,31744,1
89,676.0712877,2.3307000000158951,VSM.LayoutRemap,0,1
89,676.0712877,2.3307000000158951,VSM.InvalidateStatic,0,0
89,676.0712877,2.3307000000158951,VSM.InvalidateDynamic,1792,1
89,676.0712877,2.3307000000158951,VSM.StaticCasterCull,203776,1
89,676.0712877,2.3307000000158951,VSM.DynamicCasterCull,114176,1
89,676.0712877,2.3307000000158951,VSM.PageCull,283648,2
89,676.0712877,2.3307000000158951,VSM.StaticRasterClear,0,1
89,676.0712877,2.3307000000158951,VSM.StaticRasterDraw,6912,1
89,676.0712877,2.3307000000158951,VSM.DynamicRasterClear,1536,1
89,676.0712877,2.3307000000158951,VSM.DynamicRasterDraw,29952,1
89,676.0712877,2.3307000000158951,VSM.StaticRaster,7168,1
89,676.0712877,2.3307000000158951,VSM.UnityCompatibilityRaster,0,0
89,676.0712877,2.3307000000158951,VSM.Resolve,5633280,1
89,676.0712877,2.3307000000158951,VSM.ResolveTrace,5407232,1
89,676.0712877,2.3307000000158951,VSM.FilterHorizontal,65536,1
89,676.0712877,2.3307000000158951,VSM.FilterVertical,0,0
89,676.0712877,2.3307000000158951,VSM.FilterTemporalVertical,159488,1
89,676.0712877,2.3307000000158951,VSM.ResetFeedback,0,1
90,676.08702529999994,2.2265000000061264,VSM.MarkReceiverPages,559360,1
90,676.08702529999994,2.2265000000061264,VSM.AllocationPrepare,9472,1
90,676.08702529999994,2.2265000000061264,VSM.AllocationCommit,606464,1
90,676.08702529999994,2.2265000000061264,VSM.Allocate,1085440,1
90,676.08702529999994,2.2265000000061264,VSM.ClearPhysicalPages,272128,1
90,676.08702529999994,2.2265000000061264,VSM.PageOccupancy,77824,1
90,676.08702529999994,2.2265000000061264,VSM.FinalizePages,1792,1
90,676.08702529999994,2.2265000000061264,VSM.DynamicRaster,32512,1
90,676.08702529999994,2.2265000000061264,VSM.LayoutRemap,0,1
90,676.08702529999994,2.2265000000061264,VSM.InvalidateStatic,0,0
90,676.08702529999994,2.2265000000061264,VSM.InvalidateDynamic,1536,1
90,676.08702529999994,2.2265000000061264,VSM.StaticCasterCull,205056,1
90,676.08702529999994,2.2265000000061264,VSM.DynamicCasterCull,120576,1
90,676.08702529999994,2.2265000000061264,VSM.PageCull,291072,2
90,676.08702529999994,2.2265000000061264,VSM.StaticRasterClear,256,1
90,676.08702529999994,2.2265000000061264,VSM.StaticRasterDraw,7168,1
90,676.08702529999994,2.2265000000061264,VSM.DynamicRasterClear,2560,1
90,676.08702529999994,2.2265000000061264,VSM.DynamicRasterDraw,29952,1
90,676.08702529999994,2.2265000000061264,VSM.StaticRaster,7424,1
90,676.08702529999994,2.2265000000061264,VSM.UnityCompatibilityRaster,0,0
90,676.08702529999994,2.2265000000061264,VSM.Resolve,6503680,1
90,676.08702529999994,2.2265000000061264,VSM.ResolveTrace,6121728,1
90,676.08702529999994,2.2265000000061264,VSM.FilterHorizontal,66816,1
90,676.08702529999994,2.2265000000061264,VSM.FilterVertical,0,0
90,676.08702529999994,2.2265000000061264,VSM.FilterTemporalVertical,314112,1
90,676.08702529999994,2.2265000000061264,VSM.ResetFeedback,0,1
91,676.1028157,2.2735000000011496,VSM.MarkReceiverPages,558592,1
91,676.1028157,2.2735000000011496,VSM.AllocationPrepare,9472,1
91,676.1028157,2.2735000000011496,VSM.AllocationCommit,601344,1
91,676.1028157,2.2735000000011496,VSM.Allocate,884992,1
91,676.1028157,2.2735000000011496,VSM.ClearPhysicalPages,269824,1
91,676.1028157,2.2735000000011496,VSM.PageOccupancy,75008,1
91,676.1028157,2.2735000000011496,VSM.FinalizePages,2048,1
91,676.1028157,2.2735000000011496,VSM.DynamicRaster,30208,1
91,676.1028157,2.2735000000011496,VSM.LayoutRemap,0,1
91,676.1028157,2.2735000000011496,VSM.InvalidateStatic,0,0
91,676.1028157,2.2735000000011496,VSM.InvalidateDynamic,1792,1
91,676.1028157,2.2735000000011496,VSM.StaticCasterCull,197632,1
91,676.1028157,2.2735000000011496,VSM.DynamicCasterCull,112384,1
91,676.1028157,2.2735000000011496,VSM.PageCull,275712,2
91,676.1028157,2.2735000000011496,VSM.StaticRasterClear,0,1
91,676.1028157,2.2735000000011496,VSM.StaticRasterDraw,6912,1
91,676.1028157,2.2735000000011496,VSM.DynamicRasterClear,256,1
91,676.1028157,2.2735000000011496,VSM.DynamicRasterDraw,29952,1
91,676.1028157,2.2735000000011496,VSM.StaticRaster,7168,1
91,676.1028157,2.2735000000011496,VSM.UnityCompatibilityRaster,0,0
91,676.1028157,2.2735000000011496,VSM.Resolve,6085120,1
91,676.1028157,2.2735000000011496,VSM.ResolveTrace,5857024,1
91,676.1028157,2.2735000000011496,VSM.FilterHorizontal,66304,1
91,676.1028157,2.2735000000011496,VSM.FilterVertical,0,0
91,676.1028157,2.2735000000011496,VSM.FilterTemporalVertical,160512,1
91,676.1028157,2.2735000000011496,VSM.ResetFeedback,0,1
92,676.1186401,2.1817000000510234,VSM.MarkReceiverPages,557568,1
92,676.1186401,2.1817000000510234,VSM.AllocationPrepare,9728,1
92,676.1186401,2.1817000000510234,VSM.AllocationCommit,598016,1
92,676.1186401,2.1817000000510234,VSM.Allocate,898304,1
92,676.1186401,2.1817000000510234,VSM.ClearPhysicalPages,270080,1
92,676.1186401,2.1817000000510234,VSM.PageOccupancy,76032,1
92,676.1186401,2.1817000000510234,VSM.FinalizePages,1536,1
92,676.1186401,2.1817000000510234,VSM.DynamicRaster,32000,1
92,676.1186401,2.1817000000510234,VSM.LayoutRemap,0,1
92,676.1186401,2.1817000000510234,VSM.InvalidateStatic,0,0
92,676.1186401,2.1817000000510234,VSM.InvalidateDynamic,1792,1
92,676.1186401,2.1817000000510234,VSM.StaticCasterCull,200448,1
92,676.1186401,2.1817000000510234,VSM.DynamicCasterCull,121344,1
92,676.1186401,2.1817000000510234,VSM.PageCull,287744,2
92,676.1186401,2.1817000000510234,VSM.StaticRasterClear,0,1
92,676.1186401,2.1817000000510234,VSM.StaticRasterDraw,6912,1
92,676.1186401,2.1817000000510234,VSM.DynamicRasterClear,1792,1
92,676.1186401,2.1817000000510234,VSM.DynamicRasterDraw,29952,1
92,676.1186401,2.1817000000510234,VSM.StaticRaster,7168,1
92,676.1186401,2.1817000000510234,VSM.UnityCompatibilityRaster,0,0
92,676.1186401,2.1817000000510234,VSM.Resolve,5932288,1
92,676.1186401,2.1817000000510234,VSM.ResolveTrace,5705216,1
92,676.1186401,2.1817000000510234,VSM.FilterHorizontal,65792,1
92,676.1186401,2.1817000000510234,VSM.FilterVertical,0,0
92,676.1186401,2.1817000000510234,VSM.FilterTemporalVertical,159744,1
92,676.1186401,2.1817000000510234,VSM.ResetFeedback,0,1
93,676.1340649,2.1270000000868095,VSM.MarkReceiverPages,556800,1
93,676.1340649,2.1270000000868095,VSM.AllocationPrepare,9472,1
93,676.1340649,2.1270000000868095,VSM.AllocationCommit,602368,1
93,676.1340649,2.1270000000868095,VSM.Allocate,894464,1
93,676.1340649,2.1270000000868095,VSM.ClearPhysicalPages,269824,1
93,676.1340649,2.1270000000868095,VSM.PageOccupancy,76288,1
93,676.1340649,2.1270000000868095,VSM.FinalizePages,2048,1
93,676.1340649,2.1270000000868095,VSM.DynamicRaster,34304,1
93,676.1340649,2.1270000000868095,VSM.LayoutRemap,0,1
93,676.1340649,2.1270000000868095,VSM.InvalidateStatic,0,0
93,676.1340649,2.1270000000868095,VSM.InvalidateDynamic,1792,1
93,676.1340649,2.1270000000868095,VSM.StaticCasterCull,212992,1
93,676.1340649,2.1270000000868095,VSM.DynamicCasterCull,121088,1
93,676.1340649,2.1270000000868095,VSM.PageCull,300288,2
93,676.1340649,2.1270000000868095,VSM.StaticRasterClear,256,1
93,676.1340649,2.1270000000868095,VSM.StaticRasterDraw,7168,1
93,676.1340649,2.1270000000868095,VSM.DynamicRasterClear,2048,1
93,676.1340649,2.1270000000868095,VSM.DynamicRasterDraw,32000,1
93,676.1340649,2.1270000000868095,VSM.StaticRaster,7424,1
93,676.1340649,2.1270000000868095,VSM.UnityCompatibilityRaster,0,0
93,676.1340649,2.1270000000868095,VSM.Resolve,6040320,1
93,676.1340649,2.1270000000868095,VSM.ResolveTrace,5810688,1
93,676.1340649,2.1270000000868095,VSM.FilterHorizontal,67584,1
93,676.1340649,2.1270000000868095,VSM.FilterVertical,0,0
93,676.1340649,2.1270000000868095,VSM.FilterTemporalVertical,161024,1
93,676.1340649,2.1270000000868095,VSM.ResetFeedback,0,1
94,676.1499925999999,2.5016999999252221,VSM.MarkReceiverPages,556544,1
94,676.1499925999999,2.5016999999252221,VSM.AllocationPrepare,9472,1
94,676.1499925999999,2.5016999999252221,VSM.AllocationCommit,601344,1
94,676.1499925999999,2.5016999999252221,VSM.Allocate,799232,1
94,676.1499925999999,2.5016999999252221,VSM.ClearPhysicalPages,268800,1
94,676.1499925999999,2.5016999999252221,VSM.PageOccupancy,75520,1
94,676.1499925999999,2.5016999999252221,VSM.FinalizePages,2048,1
94,676.1499925999999,2.5016999999252221,VSM.DynamicRaster,29952,1
94,676.1499925999999,2.5016999999252221,VSM.LayoutRemap,0,1
94,676.1499925999999,2.5016999999252221,VSM.InvalidateStatic,0,0
94,676.1499925999999,2.5016999999252221,VSM.InvalidateDynamic,1536,1
94,676.1499925999999,2.5016999999252221,VSM.StaticCasterCull,209152,1
94,676.1499925999999,2.5016999999252221,VSM.DynamicCasterCull,122368,1
94,676.1499925999999,2.5016999999252221,VSM.PageCull,297216,2
94,676.1499925999999,2.5016999999252221,VSM.StaticRasterClear,0,1
94,676.1499925999999,2.5016999999252221,VSM.StaticRasterDraw,7168,1
94,676.1499925999999,2.5016999999252221,VSM.DynamicRasterClear,0,1
94,676.1499925999999,2.5016999999252221,VSM.DynamicRasterDraw,29696,1
94,676.1499925999999,2.5016999999252221,VSM.StaticRaster,7424,1
94,676.1499925999999,2.5016999999252221,VSM.UnityCompatibilityRaster,0,0
94,676.1499925999999,2.5016999999252221,VSM.Resolve,6480384,1
94,676.1499925999999,2.5016999999252221,VSM.ResolveTrace,5979904,1
94,676.1499925999999,2.5016999999252221,VSM.FilterHorizontal,66304,1
94,676.1499925999999,2.5016999999252221,VSM.FilterVertical,0,0
94,676.1499925999999,2.5016999999252221,VSM.FilterTemporalVertical,432896,1
94,676.1499925999999,2.5016999999252221,VSM.ResetFeedback,0,1
95,676.1660473,2.3724999999785723,VSM.MarkReceiverPages,557312,1
95,676.1660473,2.3724999999785723,VSM.AllocationPrepare,9984,1
95,676.1660473,2.3724999999785723,VSM.AllocationCommit,606208,1
95,676.1660473,2.3724999999785723,VSM.Allocate,616448,1
95,676.1660473,2.3724999999785723,VSM.ClearPhysicalPages,435712,1
95,676.1660473,2.3724999999785723,VSM.PageOccupancy,78080,1
95,676.1660473,2.3724999999785723,VSM.FinalizePages,1792,1
95,676.1660473,2.3724999999785723,VSM.DynamicRaster,32768,1
95,676.1660473,2.3724999999785723,VSM.LayoutRemap,0,1
95,676.1660473,2.3724999999785723,VSM.InvalidateStatic,0,0
95,676.1660473,2.3724999999785723,VSM.InvalidateDynamic,1536,1
95,676.1660473,2.3724999999785723,VSM.StaticCasterCull,200192,1
95,676.1660473,2.3724999999785723,VSM.DynamicCasterCull,119040,1
95,676.1660473,2.3724999999785723,VSM.PageCull,285184,2
95,676.1660473,2.3724999999785723,VSM.StaticRasterClear,0,1
95,676.1660473,2.3724999999785723,VSM.StaticRasterDraw,7168,1
95,676.1660473,2.3724999999785723,VSM.DynamicRasterClear,2816,1
95,676.1660473,2.3724999999785723,VSM.DynamicRasterDraw,29952,1
95,676.1660473,2.3724999999785723,VSM.StaticRaster,7168,1
95,676.1660473,2.3724999999785723,VSM.UnityCompatibilityRaster,0,0
95,676.1660473,2.3724999999785723,VSM.Resolve,5944064,1
95,676.1660473,2.3724999999785723,VSM.ResolveTrace,5551360,1
95,676.1660473,2.3724999999785723,VSM.FilterHorizontal,65280,1
95,676.1660473,2.3724999999785723,VSM.FilterVertical,0,0
95,676.1660473,2.3724999999785723,VSM.FilterTemporalVertical,326144,1
95,676.1660473,2.3724999999785723,VSM.ResetFeedback,0,1
