observation,editor_time,camera_cpu_ms,marker,gpu_ns,gpu_sample_count
0,685.7612045,2.1742000000131156,VSM.MarkReceiverPages,910336,1
0,685.7612045,2.1742000000131156,VSM.AllocationPrepare,9984,1
0,685.7612045,2.1742000000131156,VSM.AllocationCommit,1181696,1
0,685.7612045,2.1742000000131156,VSM.Allocate,1467904,1
0,685.7612045,2.1742000000131156,VSM.ClearPhysicalPages,344064,1
0,685.7612045,2.1742000000131156,VSM.PageOccupancy,93696,1
0,685.7612045,2.1742000000131156,VSM.FinalizePages,2048,1
0,685.7612045,2.1742000000131156,VSM.DynamicRaster,0,0
0,685.7612045,2.1742000000131156,VSM.LayoutRemap,0,1
0,685.7612045,2.1742000000131156,VSM.InvalidateStatic,0,0
0,685.7612045,2.1742000000131156,VSM.InvalidateDynamic,1792,1
0,685.7612045,2.1742000000131156,VSM.StaticCasterCull,434432,1
0,685.7612045,2.1742000000131156,VSM.DynamicCasterCull,0,1
0,685.7612045,2.1742000000131156,VSM.PageCull,415744,1
0,685.7612045,2.1742000000131156,VSM.StaticRasterClear,0,1
0,685.7612045,2.1742000000131156,VSM.StaticRasterDraw,3072,1
0,685.7612045,2.1742000000131156,VSM.DynamicRasterClear,0,0
0,685.7612045,2.1742000000131156,VSM.DynamicRasterDraw,0,0
0,685.7612045,2.1742000000131156,VSM.StaticRaster,3328,1
0,685.7612045,2.1742000000131156,VSM.UnityCompatibilityRaster,0,0
0,685.7612045,2.1742000000131156,VSM.Resolve,8313856,1
0,685.7612045,2.1742000000131156,VSM.ResolveTrace,8082688,1
0,685.7612045,2.1742000000131156,VSM.FilterHorizontal,65792,1
0,685.7612045,2.1742000000131156,VSM.FilterVertical,0,0
0,685.7612045,2.1742000000131156,VSM.FilterTemporalVertical,164352,1
0,685.7612045,2.1742000000131156,VSM.ResetFeedback,0,1
1,685.7787747,2.0478999999795633,VSM.MarkReceiverPages,908032,1
1,685.7787747,2.0478999999795633,VSM.AllocationPrepare,10240,1
1,685.7787747,2.0478999999795633,VSM.AllocationCommit,1181184,1
1,685.7787747,2.0478999999795633,VSM.Allocate,1191680,1
1,685.7787747,2.0478999999795633,VSM.ClearPhysicalPages,344064,1
1,685.7787747,2.0478999999795633,VSM.PageOccupancy,94464,1
1,685.7787747,2.0478999999795633,VSM.FinalizePages,2048,1
1,685.7787747,2.0478999999795633,VSM.DynamicRaster,0,0
1,685.7787747,2.0478999999795633,VSM.LayoutRemap,0,1
1,685.7787747,2.0478999999795633,VSM.InvalidateStatic,0,0
1,685.7787747,2.0478999999795633,VSM.InvalidateDynamic,1792,1
1,685.7787747,2.0478999999795633,VSM.StaticCasterCull,602368,1
1,685.7787747,2.0478999999795633,VSM.DynamicCasterCull,0,1
1,685.7787747,2.0478999999795633,VSM.PageCull,398592,1
1,685.7787747,2.0478999999795633,VSM.StaticRasterClear,256,1
1,685.7787747,2.0478999999795633,VSM.StaticRasterDraw,4608,1
1,685.7787747,2.0478999999795633,VSM.DynamicRasterClear,0,0
1,685.7787747,2.0478999999795633,VSM.DynamicRasterDraw,0,0
1,685.7787747,2.0478999999795633,VSM.StaticRaster,5120,1
1,685.7787747,2.0478999999795633,VSM.UnityCompatibilityRaster,0,0
1,685.7787747,2.0478999999795633,VSM.Resolve,7597568,1
1,685.7787747,2.0478999999795633,VSM.ResolveTrace,7369472,1
1,685.7787747,2.0478999999795633,VSM.FilterHorizontal,65792,1
1,685.7787747,2.0478999999795633,VSM.FilterVertical,0,0
1,685.7787747,2.0478999999795633,VSM.FilterTemporalVertical,161024,1
1,685.7787747,2.0478999999795633,VSM.ResetFeedback,0,1
2,685.7966915,2.328799999986586,VSM.MarkReceiverPages,904960,1
2,685.7966915,2.328799999986586,VSM.AllocationPrepare,10240,1
2,685.7966915,2.328799999986586,VSM.AllocationCommit,1181696,1
2,685.7966915,2.328799999986586,VSM.Allocate,1457408,1
2,685.7966915,2.328799999986586,VSM.ClearPhysicalPages,344320,1
2,685.7966915,2.328799999986586,VSM.PageOccupancy,94976,1
2,685.7966915,2.328799999986586,VSM.FinalizePages,2048,1
2,685.7966915,2.328799999986586,VSM.DynamicRaster,0,0
2,685.7966915,2.328799999986586,VSM.LayoutRemap,0,1
2,685.7966915,2.328799999986586,VSM.InvalidateStatic,0,0
2,685.7966915,2.328799999986586,VSM.InvalidateDynamic,2048,1
2,685.7966915,2.328799999986586,VSM.StaticCasterCull,435968,1
2,685.7966915,2.328799999986586,VSM.DynamicCasterCull,0,1
2,685.7966915,2.328799999986586,VSM.PageCull,416512,1
2,685.7966915,2.328799999986586,VSM.StaticRasterClear,0,1
2,685.7966915,2.328799999986586,VSM.StaticRasterDraw,7424,1
2,685.7966915,2.328799999986586,VSM.DynamicRasterClear,0,0
2,685.7966915,2.328799999986586,VSM.DynamicRasterDraw,0,0
2,685.7966915,2.328799999986586,VSM.StaticRaster,7424,1
2,685.7966915,2.328799999986586,VSM.UnityCompatibilityRaster,0,0
2,685.7966915,2.328799999986586,VSM.Resolve,7670784,1
2,685.7966915,2.328799999986586,VSM.ResolveTrace,7445504,1
2,685.7966915,2.328799999986586,VSM.FilterHorizontal,65024,1
2,685.7966915,2.328799999986586,VSM.FilterVertical,0,0
2,685.7966915,2.328799999986586,VSM.FilterTemporalVertical,159232,1
2,685.7966915,2.328799999986586,VSM.ResetFeedback,0,1
3,685.8151509999999,2.1572999999079912,VSM.MarkReceiverPages,909568,1
3,685.8151509999999,2.1572999999079912,VSM.AllocationPrepare,10240,1
3,685.8151509999999,2.1572999999079912,VSM.AllocationCommit,1181696,1
3,685.8151509999999,2.1572999999079912,VSM.Allocate,1444352,1
3,685.8151509999999,2.1572999999079912,VSM.ClearPhysicalPages,344320,1
3,685.8151509999999,2.1572999999079912,VSM.PageOccupancy,95488,1
3,685.8151509999999,2.1572999999079912,VSM.FinalizePages,1792,1
3,685.8151509999999,2.1572999999079912,VSM.DynamicRaster,0,0
3,685.8151509999999,2.1572999999079912,VSM.LayoutRemap,0,1
3,685.8151509999999,2.1572999999079912,VSM.InvalidateStatic,0,0
3,685.8151509999999,2.1572999999079912,VSM.InvalidateDynamic,2048,1
3,685.8151509999999,2.1572999999079912,VSM.StaticCasterCull,414976,1
3,685.8151509999999,2.1572999999079912,VSM.DynamicCasterCull,0,1
3,685.8151509999999,2.1572999999079912,VSM.PageCull,396032,1
3,685.8151509999999,2.1572999999079912,VSM.StaticRasterClear,0,1
3,685.8151509999999,2.1572999999079912,VSM.StaticRasterDraw,7424,1
3,685.8151509999999,2.1572999999079912,VSM.DynamicRasterClear,0,0
3,685.8151509999999,2.1572999999079912,VSM.DynamicRasterDraw,0,0
3,685.8151509999999,2.1572999999079912,VSM.StaticRaster,7424,1
3,685.8151509999999,2.1572999999079912,VSM.UnityCompatibilityRaster,0,0
3,685.8151509999999,2.1572999999079912,VSM.Resolve,7600384,1
3,685.8151509999999,2.1572999999079912,VSM.ResolveTrace,7373312,1
3,685.8151509999999,2.1572999999079912,VSM.FilterHorizontal,65536,1
3,685.8151509999999,2.1572999999079912,VSM.FilterVertical,0,0
3,685.8151509999999,2.1572999999079912,VSM.FilterTemporalVertical,160512,1
3,685.8151509999999,2.1572999999079912,VSM.ResetFeedback,0,1
4,685.8346273,2.9690000000073269,VSM.MarkReceiverPages,908288,1
4,685.8346273,2.9690000000073269,VSM.AllocationPrepare,10240,1
4,685.8346273,2.9690000000073269,VSM.AllocationCommit,1181184,1
4,685.8346273,2.9690000000073269,VSM.Allocate,1191680,1
4,685.8346273,2.9690000000073269,VSM.ClearPhysicalPages,344320,1
4,685.8346273,2.9690000000073269,VSM.PageOccupancy,92160,1
4,685.8346273,2.9690000000073269,VSM.FinalizePages,2048,1
4,685.8346273,2.9690000000073269,VSM.DynamicRaster,0,0
4,685.8346273,2.9690000000073269,VSM.LayoutRemap,0,1
4,685.8346273,2.9690000000073269,VSM.InvalidateStatic,0,0
4,685.8346273,2.9690000000073269,VSM.InvalidateDynamic,1792,1
4,685.8346273,2.9690000000073269,VSM.StaticCasterCull,434432,1
4,685.8346273,2.9690000000073269,VSM.DynamicCasterCull,0,1
4,685.8346273,2.9690000000073269,VSM.PageCull,415744,1
4,685.8346273,2.9690000000073269,VSM.StaticRasterClear,0,1
4,685.8346273,2.9690000000073269,VSM.StaticRasterDraw,6912,1
4,685.8346273,2.9690000000073269,VSM.DynamicRasterClear,0,0
4,685.8346273,2.9690000000073269,VSM.DynamicRasterDraw,0,0
4,685.8346273,2.9690000000073269,VSM.StaticRaster,7168,1
4,685.8346273,2.9690000000073269,VSM.UnityCompatibilityRaster,0,0
4,685.8346273,2.9690000000073269,VSM.Resolve,7890688,1
4,685.8346273,2.9690000000073269,VSM.ResolveTrace,7662848,1
4,685.8346273,2.9690000000073269,VSM.FilterHorizontal,65536,1
4,685.8346273,2.9690000000073269,VSM.FilterVertical,0,0
4,685.8346273,2.9690000000073269,VSM.FilterTemporalVertical,161024,1
4,685.8346273,2.9690000000073269,VSM.ResetFeedback,0,1
5,685.85344939999993,2.1596000000272397,VSM.MarkReceiverPages,907008,1
5,685.85344939999993,2.1596000000272397,VSM.AllocationPrepare,10240,1
5,685.85344939999993,2.1596000000272397,VSM.AllocationCommit,1181440,1
5,685.85344939999993,2.1596000000272397,VSM.Allocate,1366528,1
5,685.85344939999993,2.1596000000272397,VSM.ClearPhysicalPages,344576,1
5,685.85344939999993,2.1596000000272397,VSM.PageOccupancy,95488,1
5,685.85344939999993,2.1596000000272397,VSM.FinalizePages,2048,1
5,685.85344939999993,2.1596000000272397,VSM.DynamicRaster,0,0
5,685.85344939999993,2.1596000000272397,VSM.LayoutRemap,256,1
5,685.85344939999993,2.1596000000272397,VSM.InvalidateStatic,0,0
5,685.85344939999993,2.1596000000272397,VSM.InvalidateDynamic,1792,1
5,685.85344939999993,2.1596000000272397,VSM.StaticCasterCull,691200,1
5,685.85344939999993,2.1596000000272397,VSM.DynamicCasterCull,0,1
5,685.85344939999993,2.1596000000272397,VSM.PageCull,392704,1
5,685.85344939999993,2.1596000000272397,VSM.StaticRasterClear,512,1
5,685.85344939999993,2.1596000000272397,VSM.StaticRasterDraw,11264,1
5,685.85344939999993,2.1596000000272397,VSM.DynamicRasterClear,0,0
5,685.85344939999993,2.1596000000272397,VSM.DynamicRasterDraw,0,0
5,685.85344939999993,2.1596000000272397,VSM.StaticRaster,12544,1
5,685.85344939999993,2.1596000000272397,VSM.UnityCompatibilityRaster,0,0
5,685.85344939999993,2.1596000000272397,VSM.Resolve,7823872,1
5,685.85344939999993,2.1596000000272397,VSM.ResolveTrace,7595776,1
5,685.85344939999993,2.1596000000272397,VSM.FilterHorizontal,66304,1
5,685.85344939999993,2.1596000000272397,VSM.FilterVertical,0,0
5,685.85344939999993,2.1596000000272397,VSM.FilterTemporalVertical,160512,1
5,685.85344939999993,2.1596000000272397,VSM.ResetFeedback,0,1
6,685.87181279999993,2.0451000000321073,VSM.MarkReceiverPages,908288,1
6,685.87181279999993,2.0451000000321073,VSM.AllocationPrepare,10240,1
6,685.87181279999993,2.0451000000321073,VSM.AllocationCommit,1180928,1
6,685.87181279999993,2.0451000000321073,VSM.Allocate,1372160,1
6,685.87181279999993,2.0451000000321073,VSM.ClearPhysicalPages,344064,1
6,685.87181279999993,2.0451000000321073,VSM.PageOccupancy,94720,1
6,685.87181279999993,2.0451000000321073,VSM.FinalizePages,1792,1
6,685.87181279999993,2.0451000000321073,VSM.DynamicRaster,0,0
6,685.87181279999993,2.0451000000321073,VSM.LayoutRemap,0,1
6,685.87181279999993,2.0451000000321073,VSM.InvalidateStatic,0,0
6,685.87181279999993,2.0451000000321073,VSM.InvalidateDynamic,2048,1
6,685.87181279999993,2.0451000000321073,VSM.StaticCasterCull,440832,1
6,685.87181279999993,2.0451000000321073,VSM.DynamicCasterCull,0,1
6,685.87181279999993,2.0451000000321073,VSM.PageCull,421376,1
6,685.87181279999993,2.0451000000321073,VSM.StaticRasterClear,0,1
6,685.87181279999993,2.0451000000321073,VSM.StaticRasterDraw,6912,1
6,685.87181279999993,2.0451000000321073,VSM.DynamicRasterClear,0,0
6,685.87181279999993,2.0451000000321073,VSM.DynamicRasterDraw,0,0
6,685.87181279999993,2.0451000000321073,VSM.StaticRaster,7168,1
6,685.87181279999993,2.0451000000321073,VSM.UnityCompatibilityRaster,0,0
6,685.87181279999993,2.0451000000321073,VSM.Resolve,8212480,1
6,685.87181279999993,2.0451000000321073,VSM.ResolveTrace,7984640,1
6,685.87181279999993,2.0451000000321073,VSM.FilterHorizontal,67328,1
6,685.87181279999993,2.0451000000321073,VSM.FilterVertical,0,0
6,685.87181279999993,2.0451000000321073,VSM.FilterTemporalVertical,159744,1
6,685.87181279999993,2.0451000000321073,VSM.ResetFeedback,0,1
7,685.89010179999991,2.3135999999794876,VSM.MarkReceiverPages,904960,1
7,685.89010179999991,2.3135999999794876,VSM.AllocationPrepare,10496,1
7,685.89010179999991,2.3135999999794876,VSM.AllocationCommit,1181440,1
7,685.89010179999991,2.3135999999794876,VSM.Allocate,1192192,1
7,685.89010179999991,2.3135999999794876,VSM.ClearPhysicalPages,343296,1
7,685.89010179999991,2.3135999999794876,VSM.PageOccupancy,92416,1
7,685.89010179999991,2.3135999999794876,VSM.FinalizePages,2048,1
7,685.89010179999991,2.3135999999794876,VSM.DynamicRaster,0,0
7,685.89010179999991,2.3135999999794876,VSM.LayoutRemap,0,1
7,685.89010179999991,2.3135999999794876,VSM.InvalidateStatic,0,0
7,685.89010179999991,2.3135999999794876,VSM.InvalidateDynamic,1536,1
7,685.89010179999991,2.3135999999794876,VSM.StaticCasterCull,426752,1
7,685.89010179999991,2.3135999999794876,VSM.DynamicCasterCull,0,1
7,685.89010179999991,2.3135999999794876,VSM.PageCull,408320,1
7,685.89010179999991,2.3135999999794876,VSM.StaticRasterClear,0,1
7,685.89010179999991,2.3135999999794876,VSM.StaticRasterDraw,7424,1
7,685.89010179999991,2.3135999999794876,VSM.DynamicRasterClear,0,0
7,685.89010179999991,2.3135999999794876,VSM.DynamicRasterDraw,0,0
7,685.89010179999991,2.3135999999794876,VSM.StaticRaster,7680,1
7,685.89010179999991,2.3135999999794876,VSM.UnityCompatibilityRaster,0,0
7,685.89010179999991,2.3135999999794876,VSM.Resolve,8245248,1
7,685.89010179999991,2.3135999999794876,VSM.ResolveTrace,7853056,1
7,685.89010179999991,2.3135999999794876,VSM.FilterHorizontal,65280,1
7,685.89010179999991,2.3135999999794876,VSM.FilterVertical,0,0
7,685.89010179999991,2.3135999999794876,VSM.FilterTemporalVertical,157696,1
7,685.89010179999991,2.3135999999794876,VSM.ResetFeedback,0,1
8,685.90907929999992,2.3057999999309686,VSM.MarkReceiverPages,902656,1
8,685.90907929999992,2.3057999999309686,VSM.AllocationPrepare,9984,1
8,685.90907929999992,2.3057999999309686,VSM.AllocationCommit,1182208,1
8,685.90907929999992,2.3057999999309686,VSM.Allocate,1474816,1
8,685.90907929999992,2.3057999999309686,VSM.ClearPhysicalPages,343552,1
8,685.90907929999992,2.3057999999309686,VSM.PageOccupancy,93440,1
8,685.90907929999992,2.3057999999309686,VSM.FinalizePages,2048,1
8,685.90907929999992,2.3057999999309686,VSM.DynamicRaster,0,0
8,685.90907929999992,2.3057999999309686,VSM.LayoutRemap,0,1
8,685.90907929999992,2.3057999999309686,VSM.InvalidateStatic,0,0
8,685.90907929999992,2.3057999999309686,VSM.InvalidateDynamic,2304,1
8,685.90907929999992,2.3057999999309686,VSM.StaticCasterCull,428544,1
8,685.90907929999992,2.3057999999309686,VSM.DynamicCasterCull,0,1
8,685.90907929999992,2.3057999999309686,VSM.PageCull,409856,1
8,685.90907929999992,2.3057999999309686,VSM.StaticRasterClear,256,1
8,685.90907929999992,2.3057999999309686,VSM.StaticRasterDraw,6912,1
8,685.90907929999992,2.3057999999309686,VSM.DynamicRasterClear,0,0
8,685.90907929999992,2.3057999999309686,VSM.DynamicRasterDraw,0,0
8,685.90907929999992,2.3057999999309686,VSM.StaticRaster,7168,1
8,685.90907929999992,2.3057999999309686,VSM.UnityCompatibilityRaster,0,0
8,685.90907929999992,2.3057999999309686,VSM.Resolve,7571968,1
8,685.90907929999992,2.3057999999309686,VSM.ResolveTrace,7178240,1
8,685.90907929999992,2.3057999999309686,VSM.FilterHorizontal,65024,1
8,685.90907929999992,2.3057999999309686,VSM.FilterVertical,0,0
8,685.90907929999992,2.3057999999309686,VSM.FilterTemporalVertical,160000,1
8,685.90907929999992,2.3057999999309686,VSM.ResetFeedback,0,1
9,685.9278648,2.208500000051572,VSM.MarkReceiverPages,901888,1
9,685.9278648,2.208500000051572,VSM.AllocationPrepare,10240,1
9,685.9278648,2.208500000051572,VSM.AllocationCommit,1200384,1
9,685.9278648,2.208500000051572,VSM.Allocate,1694208,1
9,685.9278648,2.208500000051572,VSM.ClearPhysicalPages,344576,1
9,685.9278648,2.208500000051572,VSM.PageOccupancy,96256,1
9,685.9278648,2.208500000051572,VSM.FinalizePages,2048,1
9,685.9278648,2.208500000051572,VSM.DynamicRaster,0,0
9,685.9278648,2.208500000051572,VSM.LayoutRemap,0,1
9,685.9278648,2.208500000051572,VSM.InvalidateStatic,0,0
9,685.9278648,2.208500000051572,VSM.InvalidateDynamic,3072,1
9,685.9278648,2.208500000051572,VSM.StaticCasterCull,420864,1
9,685.9278648,2.208500000051572,VSM.DynamicCasterCull,0,1
9,685.9278648,2.208500000051572,VSM.PageCull,401920,1
9,685.9278648,2.208500000051572,VSM.StaticRasterClear,0,1
9,685.9278648,2.208500000051572,VSM.StaticRasterDraw,7168,1
9,685.9278648,2.208500000051572,VSM.DynamicRasterClear,0,0
9,685.9278648,2.208500000051572,VSM.DynamicRasterDraw,0,0
9,685.9278648,2.208500000051572,VSM.StaticRaster,7168,1
9,685.9278648,2.208500000051572,VSM.UnityCompatibilityRaster,0,0
9,685.9278648,2.208500000051572,VSM.Resolve,7232512,1
9,685.9278648,2.208500000051572,VSM.ResolveTrace,7008256,1
9,685.9278648,2.208500000051572,VSM.FilterHorizontal,65024,1
9,685.9278648,2.208500000051572,VSM.FilterVertical,0,0
9,685.9278648,2.208500000051572,VSM.FilterTemporalVertical,157696,1
9,685.9278648,2.208500000051572,VSM.ResetFeedback,0,1
10,685.94559399999991,2.3241000000098211,VSM.MarkReceiverPages,904960,1
10,685.94559399999991,2.3241000000098211,VSM.AllocationPrepare,10496,1
10,685.94559399999991,2.3241000000098211,VSM.AllocationCommit,1180672,1
10,685.94559399999991,2.3241000000098211,VSM.Allocate,1191680,1
10,685.94559399999991,2.3241000000098211,VSM.ClearPhysicalPages,344320,1
10,685.94559399999991,2.3241000000098211,VSM.PageOccupancy,95488,1
10,685.94559399999991,2.3241000000098211,VSM.FinalizePages,2048,1
10,685.94559399999991,2.3241000000098211,VSM.DynamicRaster,0,0
10,685.94559399999991,2.3241000000098211,VSM.LayoutRemap,0,1
10,685.94559399999991,2.3241000000098211,VSM.InvalidateStatic,0,0
10,685.94559399999991,2.3241000000098211,VSM.InvalidateDynamic,2048,1
10,685.94559399999991,2.3241000000098211,VSM.StaticCasterCull,689664,1
10,685.94559399999991,2.3241000000098211,VSM.DynamicCasterCull,0,1
10,685.94559399999991,2.3241000000098211,VSM.PageCull,406016,1
10,685.94559399999991,2.3241000000098211,VSM.StaticRasterClear,256,1
10,685.94559399999991,2.3241000000098211,VSM.StaticRasterDraw,4352,1
10,685.94559399999991,2.3241000000098211,VSM.DynamicRasterClear,0,0
10,685.94559399999991,2.3241000000098211,VSM.DynamicRasterDraw,0,0
10,685.94559399999991,2.3241000000098211,VSM.StaticRaster,5120,1
10,685.94559399999991,2.3241000000098211,VSM.UnityCompatibilityRaster,0,0
10,685.94559399999991,2.3241000000098211,VSM.Resolve,8121088,1
10,685.94559399999991,2.3241000000098211,VSM.ResolveTrace,7889408,1
10,685.94559399999991,2.3241000000098211,VSM.FilterHorizontal,67584,1
10,685.94559399999991,2.3241000000098211,VSM.FilterVertical,0,0
10,685.94559399999991,2.3241000000098211,VSM.FilterTemporalVertical,162560,1
10,685.94559399999991,2.3241000000098211,VSM.ResetFeedback,0,1
11,685.963716,2.1152000000483895,VSM.MarkReceiverPages,904448,1
11,685.963716,2.1152000000483895,VSM.AllocationPrepare,9984,1
11,685.963716,2.1152000000483895,VSM.AllocationCommit,1181440,1
11,685.963716,2.1152000000483895,VSM.Allocate,1672704,1
11,685.963716,2.1152000000483895,VSM.ClearPhysicalPages,344832,1
11,685.963716,2.1152000000483895,VSM.PageOccupancy,95232,1
11,685.963716,2.1152000000483895,VSM.FinalizePages,1792,1
11,685.963716,2.1152000000483895,VSM.DynamicRaster,0,0
11,685.963716,2.1152000000483895,VSM.LayoutRemap,0,1
11,685.963716,2.1152000000483895,VSM.InvalidateStatic,0,0
11,685.963716,2.1152000000483895,VSM.InvalidateDynamic,3072,1
11,685.963716,2.1152000000483895,VSM.StaticCasterCull,429568,1
11,685.963716,2.1152000000483895,VSM.DynamicCasterCull,0,1
11,685.963716,2.1152000000483895,VSM.PageCull,411136,1
11,685.963716,2.1152000000483895,VSM.StaticRasterClear,0,1
11,685.963716,2.1152000000483895,VSM.StaticRasterDraw,3328,1
11,685.963716,2.1152000000483895,VSM.DynamicRasterClear,0,0
11,685.963716,2.1152000000483895,VSM.DynamicRasterDraw,0,0
11,685.963716,2.1152000000483895,VSM.StaticRaster,3328,1
11,685.963716,2.1152000000483895,VSM.UnityCompatibilityRaster,0,0
11,685.963716,2.1152000000483895,VSM.Resolve,7777536,1
11,685.963716,2.1152000000483895,VSM.ResolveTrace,7383040,1
11,685.963716,2.1152000000483895,VSM.FilterHorizontal,65792,1
11,685.963716,2.1152000000483895,VSM.FilterVertical,0,0
11,685.963716,2.1152000000483895,VSM.FilterTemporalVertical,327936,1
11,685.963716,2.1152000000483895,VSM.ResetFeedback,0,1
12,685.98178109999992,2.1232999999938329,VSM.MarkReceiverPages,906496,1
12,685.98178109999992,2.1232999999938329,VSM.AllocationPrepare,10240,1
12,685.98178109999992,2.1232999999938329,VSM.AllocationCommit,1181184,1
12,685.98178109999992,2.1232999999938329,VSM.Allocate,1380352,1
12,685.98178109999992,2.1232999999938329,VSM.ClearPhysicalPages,344064,1
12,685.98178109999992,2.1232999999938329,VSM.PageOccupancy,93440,1
12,685.98178109999992,2.1232999999938329,VSM.FinalizePages,2048,1
12,685.98178109999992,2.1232999999938329,VSM.DynamicRaster,0,0
12,685.98178109999992,2.1232999999938329,VSM.LayoutRemap,0,1
12,685.98178109999992,2.1232999999938329,VSM.InvalidateStatic,0,0
12,685.98178109999992,2.1232999999938329,VSM.InvalidateDynamic,1792,1
12,685.98178109999992,2.1232999999938329,VSM.StaticCasterCull,436736,1
12,685.98178109999992,2.1232999999938329,VSM.DynamicCasterCull,0,1
12,685.98178109999992,2.1232999999938329,VSM.PageCull,418048,1
12,685.98178109999992,2.1232999999938329,VSM.StaticRasterClear,0,1
12,685.98178109999992,2.1232999999938329,VSM.StaticRasterDraw,7168,1
12,685.98178109999992,2.1232999999938329,VSM.DynamicRasterClear,0,0
12,685.98178109999992,2.1232999999938329,VSM.DynamicRasterDraw,0,0
12,685.98178109999992,2.1232999999938329,VSM.StaticRaster,7168,1
12,685.98178109999992,2.1232999999938329,VSM.UnityCompatibilityRaster,0,0
12,685.98178109999992,2.1232999999938329,VSM.Resolve,7577856,1
12,685.98178109999992,2.1232999999938329,VSM.ResolveTrace,7352576,1
12,685.98178109999992,2.1232999999938329,VSM.FilterHorizontal,65536,1
12,685.98178109999992,2.1232999999938329,VSM.FilterVertical,0,0
12,685.98178109999992,2.1232999999938329,VSM.FilterTemporalVertical,158720,1
12,685.98178109999992,2.1232999999938329,VSM.ResetFeedback,0,1
13,685.999603,2.0503000000644533,VSM.MarkReceiverPages,905728,1
13,685.999603,2.0503000000644533,VSM.AllocationPrepare,10240,1
13,685.999603,2.0503000000644533,VSM.AllocationCommit,1181696,1
13,685.999603,2.0503000000644533,VSM.Allocate,1192192,1
13,685.999603,2.0503000000644533,VSM.ClearPhysicalPages,343808,1
13,685.999603,2.0503000000644533,VSM.PageOccupancy,97280,1
13,685.999603,2.0503000000644533,VSM.FinalizePages,2048,1
13,685.999603,2.0503000000644533,VSM.DynamicRaster,0,0
13,685.999603,2.0503000000644533,VSM.LayoutRemap,0,1
13,685.999603,2.0503000000644533,VSM.InvalidateStatic,0,0
13,685.999603,2.0503000000644533,VSM.InvalidateDynamic,1792,1
13,685.999603,2.0503000000644533,VSM.StaticCasterCull,424192,1
13,685.999603,2.0503000000644533,VSM.DynamicCasterCull,0,1
13,685.999603,2.0503000000644533,VSM.PageCull,405504,1
13,685.999603,2.0503000000644533,VSM.StaticRasterClear,0,1
13,685.999603,2.0503000000644533,VSM.StaticRasterDraw,6912,1
13,685.999603,2.0503000000644533,VSM.DynamicRasterClear,0,0
13,685.999603,2.0503000000644533,VSM.DynamicRasterDraw,0,0
13,685.999603,2.0503000000644533,VSM.StaticRaster,7168,1
13,685.999603,2.0503000000644533,VSM.UnityCompatibilityRaster,0,0
13,685.999603,2.0503000000644533,VSM.Resolve,7847936,1
13,685.999603,2.0503000000644533,VSM.ResolveTrace,7620096,1
13,685.999603,2.0503000000644533,VSM.FilterHorizontal,65536,1
13,685.999603,2.0503000000644533,VSM.FilterVertical,0,0
13,685.999603,2.0503000000644533,VSM.FilterTemporalVertical,161280,1
13,685.999603,2.0503000000644533,VSM.ResetFeedback,0,1
14,686.0185758,2.485700000079305,VSM.MarkReceiverPages,907520,1
14,686.0185758,2.485700000079305,VSM.AllocationPrepare,10240,1
14,686.0185758,2.485700000079305,VSM.AllocationCommit,1181696,1
14,686.0185758,2.485700000079305,VSM.Allocate,1357056,1
14,686.0185758,2.485700000079305,VSM.ClearPhysicalPages,343552,1
14,686.0185758,2.485700000079305,VSM.PageOccupancy,97792,1
14,686.0185758,2.485700000079305,VSM.FinalizePages,1792,1
14,686.0185758,2.485700000079305,VSM.DynamicRaster,0,0
14,686.0185758,2.485700000079305,VSM.LayoutRemap,0,1
14,686.0185758,2.485700000079305,VSM.InvalidateStatic,0,0
14,686.0185758,2.485700000079305,VSM.InvalidateDynamic,1792,1
14,686.0185758,2.485700000079305,VSM.StaticCasterCull,577280,1
14,686.0185758,2.485700000079305,VSM.DynamicCasterCull,0,1
14,686.0185758,2.485700000079305,VSM.PageCull,558080,1
14,686.0185758,2.485700000079305,VSM.StaticRasterClear,0,1
14,686.0185758,2.485700000079305,VSM.StaticRasterDraw,6912,1
14,686.0185758,2.485700000079305,VSM.DynamicRasterClear,0,0
14,686.0185758,2.485700000079305,VSM.DynamicRasterDraw,0,0
14,686.0185758,2.485700000079305,VSM.StaticRaster,7424,1
14,686.0185758,2.485700000079305,VSM.UnityCompatibilityRaster,0,0
14,686.0185758,2.485700000079305,VSM.Resolve,7642112,1
14,686.0185758,2.485700000079305,VSM.ResolveTrace,7414016,1
14,686.0185758,2.485700000079305,VSM.FilterHorizontal,67072,1
14,686.0185758,2.485700000079305,VSM.FilterVertical,0,0
14,686.0185758,2.485700000079305,VSM.FilterTemporalVertical,159744,1
14,686.0185758,2.485700000079305,VSM.ResetFeedback,0,1
15,686.037514,2.6872000000821572,VSM.MarkReceiverPages,905472,1
15,686.037514,2.6872000000821572,VSM.AllocationPrepare,10240,1
15,686.037514,2.6872000000821572,VSM.AllocationCommit,1181440,1
15,686.037514,2.6872000000821572,VSM.Allocate,1540096,1
15,686.037514,2.6872000000821572,VSM.ClearPhysicalPages,344320,1
15,686.037514,2.6872000000821572,VSM.PageOccupancy,92416,1
15,686.037514,2.6872000000821572,VSM.FinalizePages,1792,1
15,686.037514,2.6872000000821572,VSM.DynamicRaster,0,0
15,686.037514,2.6872000000821572,VSM.LayoutRemap,0,1
15,686.037514,2.6872000000821572,VSM.InvalidateStatic,0,0
15,686.037514,2.6872000000821572,VSM.InvalidateDynamic,1792,1
15,686.037514,2.6872000000821572,VSM.StaticCasterCull,424192,1
15,686.037514,2.6872000000821572,VSM.DynamicCasterCull,0,1
15,686.037514,2.6872000000821572,VSM.PageCull,404992,1
15,686.037514,2.6872000000821572,VSM.StaticRasterClear,0,1
15,686.037514,2.6872000000821572,VSM.StaticRasterDraw,6912,1
15,686.037514,2.6872000000821572,VSM.DynamicRasterClear,0,0
15,686.037514,2.6872000000821572,VSM.DynamicRasterDraw,0,0
15,686.037514,2.6872000000821572,VSM.StaticRaster,7168,1
15,686.037514,2.6872000000821572,VSM.UnityCompatibilityRaster,0,0
15,686.037514,2.6872000000821572,VSM.Resolve,7658752,1
15,686.037514,2.6872000000821572,VSM.ResolveTrace,7432192,1
15,686.037514,2.6872000000821572,VSM.FilterHorizontal,66048,1
15,686.037514,2.6872000000821572,VSM.FilterVertical,0,0
15,686.037514,2.6872000000821572,VSM.FilterTemporalVertical,159488,1
15,686.037514,2.6872000000821572,VSM.ResetFeedback,0,1
16,686.0569257,2.5197999999591048,VSM.MarkReceiverPages,905984,1
16,686.0569257,2.5197999999591048,VSM.AllocationPrepare,9984,1
16,686.0569257,2.5197999999591048,VSM.AllocationCommit,1180928,1
16,686.0569257,2.5197999999591048,VSM.Allocate,1441792,1
16,686.0569257,2.5197999999591048,VSM.ClearPhysicalPages,344064,1
16,686.0569257,2.5197999999591048,VSM.PageOccupancy,88832,1
16,686.0569257,2.5197999999591048,VSM.FinalizePages,2048,1
16,686.0569257,2.5197999999591048,VSM.DynamicRaster,0,0
16,686.0569257,2.5197999999591048,VSM.LayoutRemap,0,1
16,686.0569257,2.5197999999591048,VSM.InvalidateStatic,0,0
16,686.0569257,2.5197999999591048,VSM.InvalidateDynamic,1792,1
16,686.0569257,2.5197999999591048,VSM.StaticCasterCull,431616,1
16,686.0569257,2.5197999999591048,VSM.DynamicCasterCull,0,1
16,686.0569257,2.5197999999591048,VSM.PageCull,412928,1
16,686.0569257,2.5197999999591048,VSM.StaticRasterClear,0,1
16,686.0569257,2.5197999999591048,VSM.StaticRasterDraw,7168,1
16,686.0569257,2.5197999999591048,VSM.DynamicRasterClear,0,0
16,686.0569257,2.5197999999591048,VSM.DynamicRasterDraw,0,0
16,686.0569257,2.5197999999591048,VSM.StaticRaster,7424,1
16,686.0569257,2.5197999999591048,VSM.UnityCompatibilityRaster,0,0
16,686.0569257,2.5197999999591048,VSM.Resolve,8057856,1
16,686.0569257,2.5197999999591048,VSM.ResolveTrace,7832064,1
16,686.0569257,2.5197999999591048,VSM.FilterHorizontal,65536,1
16,686.0569257,2.5197999999591048,VSM.FilterVertical,0,0
16,686.0569257,2.5197999999591048,VSM.FilterTemporalVertical,159232,1
16,686.0569257,2.5197999999591048,VSM.ResetFeedback,0,1
17,686.074848,2.1487000000206535,VSM.MarkReceiverPages,903168,1
17,686.074848,2.1487000000206535,VSM.AllocationPrepare,10496,1
17,686.074848,2.1487000000206535,VSM.AllocationCommit,1181440,1
17,686.074848,2.1487000000206535,VSM.Allocate,1192192,1
17,686.074848,2.1487000000206535,VSM.ClearPhysicalPages,511232,1
17,686.074848,2.1487000000206535,VSM.PageOccupancy,92672,1
17,686.074848,2.1487000000206535,VSM.FinalizePages,2048,1
17,686.074848,2.1487000000206535,VSM.DynamicRaster,0,0
17,686.074848,2.1487000000206535,VSM.LayoutRemap,0,1
17,686.074848,2.1487000000206535,VSM.InvalidateStatic,0,0
17,686.074848,2.1487000000206535,VSM.InvalidateDynamic,1792,1
17,686.074848,2.1487000000206535,VSM.StaticCasterCull,436992,1
17,686.074848,2.1487000000206535,VSM.DynamicCasterCull,0,1
17,686.074848,2.1487000000206535,VSM.PageCull,417792,1
17,686.074848,2.1487000000206535,VSM.StaticRasterClear,0,1
17,686.074848,2.1487000000206535,VSM.StaticRasterDraw,4864,1
17,686.074848,2.1487000000206535,VSM.DynamicRasterClear,0,0
17,686.074848,2.1487000000206535,VSM.DynamicRasterDraw,0,0
17,686.074848,2.1487000000206535,VSM.StaticRaster,5120,1
17,686.074848,2.1487000000206535,VSM.UnityCompatibilityRaster,0,0
17,686.074848,2.1487000000206535,VSM.Resolve,8214528,1
17,686.074848,2.1487000000206535,VSM.ResolveTrace,7985408,1
17,686.074848,2.1487000000206535,VSM.FilterHorizontal,67072,1
17,686.074848,2.1487000000206535,VSM.FilterVertical,0,0
17,686.074848,2.1487000000206535,VSM.FilterTemporalVertical,160768,1
17,686.074848,2.1487000000206535,VSM.ResetFeedback,0,1
18,686.09204189999991,1.8061999999190448,VSM.MarkReceiverPages,902400,1
18,686.09204189999991,1.8061999999190448,VSM.AllocationPrepare,10240,1
18,686.09204189999991,1.8061999999190448,VSM.AllocationCommit,1181440,1
18,686.09204189999991,1.8061999999190448,VSM.Allocate,1736960,1
18,686.09204189999991,1.8061999999190448,VSM.ClearPhysicalPages,344576,1
18,686.09204189999991,1.8061999999190448,VSM.PageOccupancy,92160,1
18,686.09204189999991,1.8061999999190448,VSM.FinalizePages,1792,1
18,686.09204189999991,1.8061999999190448,VSM.DynamicRaster,0,0
18,686.09204189999991,1.8061999999190448,VSM.LayoutRemap,0,1
18,686.09204189999991,1.8061999999190448,VSM.InvalidateStatic,0,0
18,686.09204189999991,1.8061999999190448,VSM.InvalidateDynamic,3072,1
18,686.09204189999991,1.8061999999190448,VSM.StaticCasterCull,433152,1
18,686.09204189999991,1.8061999999190448,VSM.DynamicCasterCull,0,1
18,686.09204189999991,1.8061999999190448,VSM.PageCull,414208,1
18,686.09204189999991,1.8061999999190448,VSM.StaticRasterClear,256,1
18,686.09204189999991,1.8061999999190448,VSM.StaticRasterDraw,3072,1
18,686.09204189999991,1.8061999999190448,VSM.DynamicRasterClear,0,0
18,686.09204189999991,1.8061999999190448,VSM.DynamicRasterDraw,0,0
18,686.09204189999991,1.8061999999190448,VSM.StaticRaster,3328,1
18,686.09204189999991,1.8061999999190448,VSM.UnityCompatibilityRaster,0,0
18,686.09204189999991,1.8061999999190448,VSM.Resolve,7794688,1
18,686.09204189999991,1.8061999999190448,VSM.ResolveTrace,7568896,1
18,686.09204189999991,1.8061999999190448,VSM.FilterHorizontal,65536,1
18,686.09204189999991,1.8061999999190448,VSM.FilterVertical,0,0
18,686.09204189999991,1.8061999999190448,VSM.FilterTemporalVertical,158976,1
18,686.09204189999991,1.8061999999190448,VSM.ResetFeedback,0,1
19,686.1102546,2.0154000000047745,VSM.MarkReceiverPages,902400,1
19,686.1102546,2.0154000000047745,VSM.AllocationPrepare,10240,1
19,686.1102546,2.0154000000047745,VSM.AllocationCommit,1181696,1
19,686.1102546,2.0154000000047745,VSM.Allocate,1379328,1
19,686.1102546,2.0154000000047745,VSM.ClearPhysicalPages,344064,1
19,686.1102546,2.0154000000047745,VSM.PageOccupancy,91648,1
19,686.1102546,2.0154000000047745,VSM.FinalizePages,1792,1
19,686.1102546,2.0154000000047745,VSM.DynamicRaster,0,0
19,686.1102546,2.0154000000047745,VSM.LayoutRemap,0,1
19,686.1102546,2.0154000000047745,VSM.InvalidateStatic,0,0
19,686.1102546,2.0154000000047745,VSM.InvalidateDynamic,1792,1
19,686.1102546,2.0154000000047745,VSM.StaticCasterCull,425216,1
19,686.1102546,2.0154000000047745,VSM.DynamicCasterCull,0,1
19,686.1102546,2.0154000000047745,VSM.PageCull,406784,1
19,686.1102546,2.0154000000047745,VSM.StaticRasterClear,0,1
19,686.1102546,2.0154000000047745,VSM.StaticRasterDraw,7168,1
19,686.1102546,2.0154000000047745,VSM.DynamicRasterClear,0,0
19,686.1102546,2.0154000000047745,VSM.DynamicRasterDraw,0,0
19,686.1102546,2.0154000000047745,VSM.StaticRaster,7424,1
19,686.1102546,2.0154000000047745,VSM.UnityCompatibilityRaster,0,0
19,686.1102546,2.0154000000047745,VSM.Resolve,7781888,1
19,686.1102546,2.0154000000047745,VSM.ResolveTrace,7291392,1
19,686.1102546,2.0154000000047745,VSM.FilterHorizontal,66304,1
19,686.1102546,2.0154000000047745,VSM.FilterVertical,0,0
19,686.1102546,2.0154000000047745,VSM.FilterTemporalVertical,160256,1
19,686.1102546,2.0154000000047745,VSM.ResetFeedback,0,1
20,686.1278457,1.9223000000465618,VSM.MarkReceiverPages,905472,1
20,686.1278457,1.9223000000465618,VSM.AllocationPrepare,10240,1
20,686.1278457,1.9223000000465618,VSM.AllocationCommit,1185280,1
20,686.1278457,1.9223000000465618,VSM.Allocate,1196032,1
20,686.1278457,1.9223000000465618,VSM.ClearPhysicalPages,519936,1
20,686.1278457,1.9223000000465618,VSM.PageOccupancy,90112,1
20,686.1278457,1.9223000000465618,VSM.FinalizePages,2048,1
20,686.1278457,1.9223000000465618,VSM.DynamicRaster,0,0
20,686.1278457,1.9223000000465618,VSM.LayoutRemap,0,1
20,686.1278457,1.9223000000465618,VSM.InvalidateStatic,0,0
20,686.1278457,1.9223000000465618,VSM.InvalidateDynamic,1792,1
20,686.1278457,1.9223000000465618,VSM.StaticCasterCull,423936,1
20,686.1278457,1.9223000000465618,VSM.DynamicCasterCull,0,1
20,686.1278457,1.9223000000465618,VSM.PageCull,399872,1
20,686.1278457,1.9223000000465618,VSM.StaticRasterClear,0,1
20,686.1278457,1.9223000000465618,VSM.StaticRasterDraw,7168,1
20,686.1278457,1.9223000000465618,VSM.DynamicRasterClear,0,0
20,686.1278457,1.9223000000465618,VSM.DynamicRasterDraw,0,0
20,686.1278457,1.9223000000465618,VSM.StaticRaster,7424,1
20,686.1278457,1.9223000000465618,VSM.UnityCompatibilityRaster,0,0
20,686.1278457,1.9223000000465618,VSM.Resolve,7485696,1
20,686.1278457,1.9223000000465618,VSM.ResolveTrace,7258368,1
20,686.1278457,1.9223000000465618,VSM.FilterHorizontal,66560,1
20,686.1278457,1.9223000000465618,VSM.FilterVertical,0,0
20,686.1278457,1.9223000000465618,VSM.FilterTemporalVertical,159744,1
20,686.1278457,1.9223000000465618,VSM.ResetFeedback,0,1
21,686.1457773,2.1104999999579377,VSM.MarkReceiverPages,906240,1
21,686.1457773,2.1104999999579377,VSM.AllocationPrepare,10240,1
21,686.1457773,2.1104999999579377,VSM.AllocationCommit,1181184,1
21,686.1457773,2.1104999999579377,VSM.Allocate,1191680,1
21,686.1457773,2.1104999999579377,VSM.ClearPhysicalPages,610560,1
21,686.1457773,2.1104999999579377,VSM.PageOccupancy,93952,1
21,686.1457773,2.1104999999579377,VSM.FinalizePages,2048,1
21,686.1457773,2.1104999999579377,VSM.DynamicRaster,0,0
21,686.1457773,2.1104999999579377,VSM.LayoutRemap,0,1
21,686.1457773,2.1104999999579377,VSM.InvalidateStatic,0,0
21,686.1457773,2.1104999999579377,VSM.InvalidateDynamic,1536,1
21,686.1457773,2.1104999999579377,VSM.StaticCasterCull,418304,1
21,686.1457773,2.1104999999579377,VSM.DynamicCasterCull,0,1
21,686.1457773,2.1104999999579377,VSM.PageCull,394496,1
21,686.1457773,2.1104999999579377,VSM.StaticRasterClear,0,1
21,686.1457773,2.1104999999579377,VSM.StaticRasterDraw,6912,1
21,686.1457773,2.1104999999579377,VSM.DynamicRasterClear,0,0
21,686.1457773,2.1104999999579377,VSM.DynamicRasterDraw,0,0
21,686.1457773,2.1104999999579377,VSM.StaticRaster,7168,1
21,686.1457773,2.1104999999579377,VSM.UnityCompatibilityRaster,0,0
21,686.1457773,2.1104999999579377,VSM.Resolve,8002816,1
21,686.1457773,2.1104999999579377,VSM.ResolveTrace,7774976,1
21,686.1457773,2.1104999999579377,VSM.FilterHorizontal,67072,1
21,686.1457773,2.1104999999579377,VSM.FilterVertical,0,0
21,686.1457773,2.1104999999579377,VSM.FilterTemporalVertical,159744,1
21,686.1457773,2.1104999999579377,VSM.ResetFeedback,0,1
22,686.1634375,2.0200999999815394,VSM.MarkReceiverPages,905216,1
22,686.1634375,2.0200999999815394,VSM.AllocationPrepare,10240,1
22,686.1634375,2.0200999999815394,VSM.AllocationCommit,1181184,1
22,686.1634375,2.0200999999815394,VSM.Allocate,1639936,1
22,686.1634375,2.0200999999815394,VSM.ClearPhysicalPages,344576,1
22,686.1634375,2.0200999999815394,VSM.PageOccupancy,94464,1
22,686.1634375,2.0200999999815394,VSM.FinalizePages,2304,1
22,686.1634375,2.0200999999815394,VSM.DynamicRaster,0,0
22,686.1634375,2.0200999999815394,VSM.LayoutRemap,0,1
22,686.1634375,2.0200999999815394,VSM.InvalidateStatic,0,0
22,686.1634375,2.0200999999815394,VSM.InvalidateDynamic,3072,1
22,686.1634375,2.0200999999815394,VSM.StaticCasterCull,416512,1
22,686.1634375,2.0200999999815394,VSM.DynamicCasterCull,0,1
22,686.1634375,2.0200999999815394,VSM.PageCull,397824,1
22,686.1634375,2.0200999999815394,VSM.StaticRasterClear,0,1
22,686.1634375,2.0200999999815394,VSM.StaticRasterDraw,9216,1
22,686.1634375,2.0200999999815394,VSM.DynamicRasterClear,0,0
22,686.1634375,2.0200999999815394,VSM.DynamicRasterDraw,0,0
22,686.1634375,2.0200999999815394,VSM.StaticRaster,9472,1
22,686.1634375,2.0200999999815394,VSM.UnityCompatibilityRaster,0,0
22,686.1634375,2.0200999999815394,VSM.Resolve,7658496,1
22,686.1634375,2.0200999999815394,VSM.ResolveTrace,7261696,1
22,686.1634375,2.0200999999815394,VSM.FilterHorizontal,65792,1
22,686.1634375,2.0200999999815394,VSM.FilterVertical,0,0
22,686.1634375,2.0200999999815394,VSM.FilterTemporalVertical,158976,1
22,686.1634375,2.0200999999815394,VSM.ResetFeedback,0,1
23,686.1817004,2.0474000000376691,VSM.MarkReceiverPages,1099776,1
23,686.1817004,2.0474000000376691,VSM.AllocationPrepare,10240,1
23,686.1817004,2.0474000000376691,VSM.AllocationCommit,1181440,1
23,686.1817004,2.0474000000376691,VSM.Allocate,1192448,1
23,686.1817004,2.0474000000376691,VSM.ClearPhysicalPages,344576,1
23,686.1817004,2.0474000000376691,VSM.PageOccupancy,93952,1
23,686.1817004,2.0474000000376691,VSM.FinalizePages,2048,1
23,686.1817004,2.0474000000376691,VSM.DynamicRaster,0,0
23,686.1817004,2.0474000000376691,VSM.LayoutRemap,0,1
23,686.1817004,2.0474000000376691,VSM.InvalidateStatic,0,0
23,686.1817004,2.0474000000376691,VSM.InvalidateDynamic,2048,1
23,686.1817004,2.0474000000376691,VSM.StaticCasterCull,595712,1
23,686.1817004,2.0474000000376691,VSM.DynamicCasterCull,0,1
23,686.1817004,2.0474000000376691,VSM.PageCull,407808,1
23,686.1817004,2.0474000000376691,VSM.StaticRasterClear,0,1
23,686.1817004,2.0474000000376691,VSM.StaticRasterDraw,6912,1
23,686.1817004,2.0474000000376691,VSM.DynamicRasterClear,0,0
23,686.1817004,2.0474000000376691,VSM.DynamicRasterDraw,0,0
23,686.1817004,2.0474000000376691,VSM.StaticRaster,7424,1
23,686.1817004,2.0474000000376691,VSM.UnityCompatibilityRaster,0,0
23,686.1817004,2.0474000000376691,VSM.Resolve,7597312,1
23,686.1817004,2.0474000000376691,VSM.ResolveTrace,7132160,1
23,686.1817004,2.0474000000376691,VSM.FilterHorizontal,65024,1
23,686.1817004,2.0474000000376691,VSM.FilterVertical,0,0
23,686.1817004,2.0474000000376691,VSM.FilterTemporalVertical,158464,1
23,686.1817004,2.0474000000376691,VSM.ResetFeedback,0,1
24,686.2008532,2.2674000000506567,VSM.MarkReceiverPages,906496,1
24,686.2008532,2.2674000000506567,VSM.AllocationPrepare,10240,1
24,686.2008532,2.2674000000506567,VSM.AllocationCommit,1181440,1
24,686.2008532,2.2674000000506567,VSM.Allocate,1369344,1
24,686.2008532,2.2674000000506567,VSM.ClearPhysicalPages,344064,1
24,686.2008532,2.2674000000506567,VSM.PageOccupancy,93952,1
24,686.2008532,2.2674000000506567,VSM.FinalizePages,2048,1
24,686.2008532,2.2674000000506567,VSM.DynamicRaster,0,0
24,686.2008532,2.2674000000506567,VSM.LayoutRemap,0,1
24,686.2008532,2.2674000000506567,VSM.InvalidateStatic,0,0
24,686.2008532,2.2674000000506567,VSM.InvalidateDynamic,1792,1
24,686.2008532,2.2674000000506567,VSM.StaticCasterCull,437248,1
24,686.2008532,2.2674000000506567,VSM.DynamicCasterCull,0,1
24,686.2008532,2.2674000000506567,VSM.PageCull,418048,1
24,686.2008532,2.2674000000506567,VSM.StaticRasterClear,256,1
24,686.2008532,2.2674000000506567,VSM.StaticRasterDraw,6912,1
24,686.2008532,2.2674000000506567,VSM.DynamicRasterClear,0,0
24,686.2008532,2.2674000000506567,VSM.DynamicRasterDraw,0,0
24,686.2008532,2.2674000000506567,VSM.StaticRaster,7168,1
24,686.2008532,2.2674000000506567,VSM.UnityCompatibilityRaster,0,0
24,686.2008532,2.2674000000506567,VSM.Resolve,7730432,1
24,686.2008532,2.2674000000506567,VSM.ResolveTrace,7503104,1
24,686.2008532,2.2674000000506567,VSM.FilterHorizontal,66048,1
24,686.2008532,2.2674000000506567,VSM.FilterVertical,0,0
24,686.2008532,2.2674000000506567,VSM.FilterTemporalVertical,160000,1
24,686.2008532,2.2674000000506567,VSM.ResetFeedback,0,1
25,686.2189416,1.9879000000173619,VSM.MarkReceiverPages,903936,1
25,686.2189416,1.9879000000173619,VSM.AllocationPrepare,10240,1
25,686.2189416,1.9879000000173619,VSM.AllocationCommit,1184768,1
25,686.2189416,1.9879000000173619,VSM.Allocate,1557504,1
25,686.2189416,1.9879000000173619,VSM.ClearPhysicalPages,344576,1
25,686.2189416,1.9879000000173619,VSM.PageOccupancy,92672,1
25,686.2189416,1.9879000000173619,VSM.FinalizePages,2048,1
25,686.2189416,1.9879000000173619,VSM.DynamicRaster,0,0
25,686.2189416,1.9879000000173619,VSM.LayoutRemap,0,1
25,686.2189416,1.9879000000173619,VSM.InvalidateStatic,0,0
25,686.2189416,1.9879000000173619,VSM.InvalidateDynamic,2048,1
25,686.2189416,1.9879000000173619,VSM.StaticCasterCull,416512,1
25,686.2189416,1.9879000000173619,VSM.DynamicCasterCull,0,1
25,686.2189416,1.9879000000173619,VSM.PageCull,397824,1
25,686.2189416,1.9879000000173619,VSM.StaticRasterClear,0,1
25,686.2189416,1.9879000000173619,VSM.StaticRasterDraw,7168,1
25,686.2189416,1.9879000000173619,VSM.DynamicRasterClear,0,0
25,686.2189416,1.9879000000173619,VSM.DynamicRasterDraw,0,0
25,686.2189416,1.9879000000173619,VSM.StaticRaster,7424,1
25,686.2189416,1.9879000000173619,VSM.UnityCompatibilityRaster,0,0
25,686.2189416,1.9879000000173619,VSM.Resolve,8187904,1
25,686.2189416,1.9879000000173619,VSM.ResolveTrace,7959296,1
25,686.2189416,1.9879000000173619,VSM.FilterHorizontal,67584,1
25,686.2189416,1.9879000000173619,VSM.FilterVertical,0,0
25,686.2189416,1.9879000000173619,VSM.FilterTemporalVertical,160000,1
25,686.2189416,1.9879000000173619,VSM.ResetFeedback,0,1
26,686.2366016,2.0503000000644533,VSM.MarkReceiverPages,905472,1
26,686.2366016,2.0503000000644533,VSM.AllocationPrepare,10240,1
26,686.2366016,2.0503000000644533,VSM.AllocationCommit,1181952,1
26,686.2366016,2.0503000000644533,VSM.Allocate,1552384,1
26,686.2366016,2.0503000000644533,VSM.ClearPhysicalPages,344576,1
26,686.2366016,2.0503000000644533,VSM.PageOccupancy,93440,1
26,686.2366016,2.0503000000644533,VSM.FinalizePages,2048,1
26,686.2366016,2.0503000000644533,VSM.DynamicRaster,0,0
26,686.2366016,2.0503000000644533,VSM.LayoutRemap,0,1
26,686.2366016,2.0503000000644533,VSM.InvalidateStatic,0,0
26,686.2366016,2.0503000000644533,VSM.InvalidateDynamic,1792,1
26,686.2366016,2.0503000000644533,VSM.StaticCasterCull,442624,1
26,686.2366016,2.0503000000644533,VSM.DynamicCasterCull,0,1
26,686.2366016,2.0503000000644533,VSM.PageCull,423168,1
26,686.2366016,2.0503000000644533,VSM.StaticRasterClear,0,1
26,686.2366016,2.0503000000644533,VSM.StaticRasterDraw,7680,1
26,686.2366016,2.0503000000644533,VSM.DynamicRasterClear,0,0
26,686.2366016,2.0503000000644533,VSM.DynamicRasterDraw,0,0
26,686.2366016,2.0503000000644533,VSM.StaticRaster,7680,1
26,686.2366016,2.0503000000644533,VSM.UnityCompatibilityRaster,0,0
26,686.2366016,2.0503000000644533,VSM.Resolve,7641856,1
26,686.2366016,2.0503000000644533,VSM.ResolveTrace,7414528,1
26,686.2366016,2.0503000000644533,VSM.FilterHorizontal,66048,1
26,686.2366016,2.0503000000644533,VSM.FilterVertical,0,0
26,686.2366016,2.0503000000644533,VSM.FilterTemporalVertical,160256,1
26,686.2366016,2.0503000000644533,VSM.ResetFeedback,0,1
27,686.2545557,1.9931000000497079,VSM.MarkReceiverPages,907776,1
27,686.2545557,1.9931000000497079,VSM.AllocationPrepare,9984,1
27,686.2545557,1.9931000000497079,VSM.AllocationCommit,1181696,1
27,686.2545557,1.9931000000497079,VSM.Allocate,1803008,1
27,686.2545557,1.9931000000497079,VSM.ClearPhysicalPages,344320,1
27,686.2545557,1.9931000000497079,VSM.PageOccupancy,94208,1
27,686.2545557,1.9931000000497079,VSM.FinalizePages,2048,1
27,686.2545557,1.9931000000497079,VSM.DynamicRaster,0,0
27,686.2545557,1.9931000000497079,VSM.LayoutRemap,0,1
27,686.2545557,1.9931000000497079,VSM.InvalidateStatic,0,0
27,686.2545557,1.9931000000497079,VSM.InvalidateDynamic,3072,1
27,686.2545557,1.9931000000497079,VSM.StaticCasterCull,440320,1
27,686.2545557,1.9931000000497079,VSM.DynamicCasterCull,0,1
27,686.2545557,1.9931000000497079,VSM.PageCull,421376,1
27,686.2545557,1.9931000000497079,VSM.StaticRasterClear,0,1
27,686.2545557,1.9931000000497079,VSM.StaticRasterDraw,7168,1
27,686.2545557,1.9931000000497079,VSM.DynamicRasterClear,0,0
27,686.2545557,1.9931000000497079,VSM.DynamicRasterDraw,0,0
27,686.2545557,1.9931000000497079,VSM.StaticRaster,7424,1
27,686.2545557,1.9931000000497079,VSM.UnityCompatibilityRaster,0,0
27,686.2545557,1.9931000000497079,VSM.Resolve,8282880,1
27,686.2545557,1.9931000000497079,VSM.ResolveTrace,8052224,1
27,686.2545557,1.9931000000497079,VSM.FilterHorizontal,67840,1
27,686.2545557,1.9931000000497079,VSM.FilterVertical,0,0
27,686.2545557,1.9931000000497079,VSM.FilterTemporalVertical,161536,1
27,686.2545557,1.9931000000497079,VSM.ResetFeedback,0,1
28,686.2724486,1.9959999999628053,VSM.MarkReceiverPages,907776,1
28,686.2724486,1.9959999999628053,VSM.AllocationPrepare,10240,1
28,686.2724486,1.9959999999628053,VSM.AllocationCommit,1181696,1
28,686.2724486,1.9959999999628053,VSM.Allocate,1364480,1
28,686.2724486,1.9959999999628053,VSM.ClearPhysicalPages,344064,1
28,686.2724486,1.9959999999628053,VSM.PageOccupancy,92672,1
28,686.2724486,1.9959999999628053,VSM.FinalizePages,1792,1
28,686.2724486,1.9959999999628053,VSM.DynamicRaster,0,0
28,686.2724486,1.9959999999628053,VSM.LayoutRemap,0,1
28,686.2724486,1.9959999999628053,VSM.InvalidateStatic,0,0
28,686.2724486,1.9959999999628053,VSM.InvalidateDynamic,1792,1
28,686.2724486,1.9959999999628053,VSM.StaticCasterCull,433664,1
28,686.2724486,1.9959999999628053,VSM.DynamicCasterCull,0,1
28,686.2724486,1.9959999999628053,VSM.PageCull,414976,1
28,686.2724486,1.9959999999628053,VSM.StaticRasterClear,0,1
28,686.2724486,1.9959999999628053,VSM.StaticRasterDraw,6912,1
28,686.2724486,1.9959999999628053,VSM.DynamicRasterClear,0,0
28,686.2724486,1.9959999999628053,VSM.DynamicRasterDraw,0,0
28,686.2724486,1.9959999999628053,VSM.StaticRaster,7168,1
28,686.2724486,1.9959999999628053,VSM.UnityCompatibilityRaster,0,0
28,686.2724486,1.9959999999628053,VSM.Resolve,7745280,1
28,686.2724486,1.9959999999628053,VSM.ResolveTrace,7350272,1
28,686.2724486,1.9959999999628053,VSM.FilterHorizontal,65792,1
28,686.2724486,1.9959999999628053,VSM.FilterVertical,0,0
28,686.2724486,1.9959999999628053,VSM.FilterTemporalVertical,159232,1
28,686.2724486,1.9959999999628053,VSM.ResetFeedback,0,1
29,686.2913393,2.1649000000252272,VSM.MarkReceiverPages,904192,1
29,686.2913393,2.1649000000252272,VSM.AllocationPrepare,10240,1
29,686.2913393,2.1649000000252272,VSM.AllocationCommit,1181440,1
29,686.2913393,2.1649000000252272,VSM.Allocate,1438464,1
29,686.2913393,2.1649000000252272,VSM.ClearPhysicalPages,343808,1
29,686.2913393,2.1649000000252272,VSM.PageOccupancy,97792,1
29,686.2913393,2.1649000000252272,VSM.FinalizePages,2048,1
29,686.2913393,2.1649000000252272,VSM.DynamicRaster,0,0
29,686.2913393,2.1649000000252272,VSM.LayoutRemap,0,1
29,686.2913393,2.1649000000252272,VSM.InvalidateStatic,0,0
29,686.2913393,2.1649000000252272,VSM.InvalidateDynamic,1792,1
29,686.2913393,2.1649000000252272,VSM.StaticCasterCull,415744,1
29,686.2913393,2.1649000000252272,VSM.DynamicCasterCull,0,1
29,686.2913393,2.1649000000252272,VSM.PageCull,396800,1
29,686.2913393,2.1649000000252272,VSM.StaticRasterClear,0,1
29,686.2913393,2.1649000000252272,VSM.StaticRasterDraw,8960,1
29,686.2913393,2.1649000000252272,VSM.DynamicRasterClear,0,0
29,686.2913393,2.1649000000252272,VSM.DynamicRasterDraw,0,0
29,686.2913393,2.1649000000252272,VSM.StaticRaster,8960,1
29,686.2913393,2.1649000000252272,VSM.UnityCompatibilityRaster,0,0
29,686.2913393,2.1649000000252272,VSM.Resolve,8080896,1
29,686.2913393,2.1649000000252272,VSM.ResolveTrace,7854080,1
29,686.2913393,2.1649000000252272,VSM.FilterHorizontal,65536,1
29,686.2913393,2.1649000000252272,VSM.FilterVertical,0,0
29,686.2913393,2.1649000000252272,VSM.FilterTemporalVertical,160512,1
29,686.2913393,2.1649000000252272,VSM.ResetFeedback,0,1
30,686.3104115,2.2750000000542059,VSM.MarkReceiverPages,905472,1
30,686.3104115,2.2750000000542059,VSM.AllocationPrepare,10240,1
30,686.3104115,2.2750000000542059,VSM.AllocationCommit,1180928,1
30,686.3104115,2.2750000000542059,VSM.Allocate,1191680,1
30,686.3104115,2.2750000000542059,VSM.ClearPhysicalPages,344320,1
30,686.3104115,2.2750000000542059,VSM.PageOccupancy,92928,1
30,686.3104115,2.2750000000542059,VSM.FinalizePages,1792,1
30,686.3104115,2.2750000000542059,VSM.DynamicRaster,0,0
30,686.3104115,2.2750000000542059,VSM.LayoutRemap,0,1
30,686.3104115,2.2750000000542059,VSM.InvalidateStatic,0,0
30,686.3104115,2.2750000000542059,VSM.InvalidateDynamic,1792,1
30,686.3104115,2.2750000000542059,VSM.StaticCasterCull,427008,1
30,686.3104115,2.2750000000542059,VSM.DynamicCasterCull,0,1
30,686.3104115,2.2750000000542059,VSM.PageCull,408064,1
30,686.3104115,2.2750000000542059,VSM.StaticRasterClear,0,1
30,686.3104115,2.2750000000542059,VSM.StaticRasterDraw,8192,1
30,686.3104115,2.2750000000542059,VSM.DynamicRasterClear,0,0
30,686.3104115,2.2750000000542059,VSM.DynamicRasterDraw,0,0
30,686.3104115,2.2750000000542059,VSM.StaticRaster,8448,1
30,686.3104115,2.2750000000542059,VSM.UnityCompatibilityRaster,0,0
30,686.3104115,2.2750000000542059,VSM.Resolve,7742464,1
30,686.3104115,2.2750000000542059,VSM.ResolveTrace,7515392,1
30,686.3104115,2.2750000000542059,VSM.FilterHorizontal,65536,1
30,686.3104115,2.2750000000542059,VSM.FilterVertical,0,0
30,686.3104115,2.2750000000542059,VSM.FilterTemporalVertical,160512,1
30,686.3104115,2.2750000000542059,VSM.ResetFeedback,256,1
31,686.32844849999992,2.1649000000252272,VSM.MarkReceiverPages,906240,1
31,686.32844849999992,2.1649000000252272,VSM.AllocationPrepare,10240,1
31,686.32844849999992,2.1649000000252272,VSM.AllocationCommit,1181696,1
31,686.32844849999992,2.1649000000252272,VSM.Allocate,1443584,1
31,686.32844849999992,2.1649000000252272,VSM.ClearPhysicalPages,344320,1
31,686.32844849999992,2.1649000000252272,VSM.PageOccupancy,94464,1
31,686.32844849999992,2.1649000000252272,VSM.FinalizePages,2048,1
31,686.32844849999992,2.1649000000252272,VSM.DynamicRaster,0,0
31,686.32844849999992,2.1649000000252272,VSM.LayoutRemap,0,1
31,686.32844849999992,2.1649000000252272,VSM.InvalidateStatic,0,0
31,686.32844849999992,2.1649000000252272,VSM.InvalidateDynamic,1792,1
31,686.32844849999992,2.1649000000252272,VSM.StaticCasterCull,442880,1
31,686.32844849999992,2.1649000000252272,VSM.DynamicCasterCull,0,1
31,686.32844849999992,2.1649000000252272,VSM.PageCull,423936,1
31,686.32844849999992,2.1649000000252272,VSM.StaticRasterClear,0,1
31,686.32844849999992,2.1649000000252272,VSM.StaticRasterDraw,7168,1
31,686.32844849999992,2.1649000000252272,VSM.DynamicRasterClear,0,0
31,686.32844849999992,2.1649000000252272,VSM.DynamicRasterDraw,0,0
31,686.32844849999992,2.1649000000252272,VSM.StaticRaster,7424,1
31,686.32844849999992,2.1649000000252272,VSM.UnityCompatibilityRaster,0,0
31,686.32844849999992,2.1649000000252272,VSM.Resolve,8211456,1
31,686.32844849999992,2.1649000000252272,VSM.ResolveTrace,7984128,1
31,686.32844849999992,2.1649000000252272,VSM.FilterHorizontal,65792,1
31,686.32844849999992,2.1649000000252272,VSM.FilterVertical,0,0
31,686.32844849999992,2.1649000000252272,VSM.FilterTemporalVertical,160000,1
31,686.32844849999992,2.1649000000252272,VSM.ResetFeedback,256,1
32,686.3464812,2.1281000000499262,VSM.MarkReceiverPages,905216,1
32,686.3464812,2.1281000000499262,VSM.AllocationPrepare,10240,1
32,686.3464812,2.1281000000499262,VSM.AllocationCommit,1181440,1
32,686.3464812,2.1281000000499262,VSM.Allocate,1191936,1
32,686.3464812,2.1281000000499262,VSM.ClearPhysicalPages,344320,1
32,686.3464812,2.1281000000499262,VSM.PageOccupancy,93696,1
32,686.3464812,2.1281000000499262,VSM.FinalizePages,2048,1
32,686.3464812,2.1281000000499262,VSM.DynamicRaster,0,0
32,686.3464812,2.1281000000499262,VSM.LayoutRemap,0,1
32,686.3464812,2.1281000000499262,VSM.InvalidateStatic,0,0
32,686.3464812,2.1281000000499262,VSM.InvalidateDynamic,1536,1
32,686.3464812,2.1281000000499262,VSM.StaticCasterCull,962816,1
32,686.3464812,2.1281000000499262,VSM.DynamicCasterCull,0,1
32,686.3464812,2.1281000000499262,VSM.PageCull,943616,1
32,686.3464812,2.1281000000499262,VSM.StaticRasterClear,256,1
32,686.3464812,2.1281000000499262,VSM.StaticRasterDraw,8960,1
32,686.3464812,2.1281000000499262,VSM.DynamicRasterClear,0,0
32,686.3464812,2.1281000000499262,VSM.DynamicRasterDraw,0,0
32,686.3464812,2.1281000000499262,VSM.StaticRaster,9472,1
32,686.3464812,2.1281000000499262,VSM.UnityCompatibilityRaster,0,0
32,686.3464812,2.1281000000499262,VSM.Resolve,8269824,1
32,686.3464812,2.1281000000499262,VSM.ResolveTrace,8043264,1
32,686.3464812,2.1281000000499262,VSM.FilterHorizontal,65536,1
32,686.3464812,2.1281000000499262,VSM.FilterVertical,0,0
32,686.3464812,2.1281000000499262,VSM.FilterTemporalVertical,159744,1
32,686.3464812,2.1281000000499262,VSM.ResetFeedback,0,1
33,686.3647107999999,2.03719999990426,VSM.MarkReceiverPages,904192,1
33,686.3647107999999,2.03719999990426,VSM.AllocationPrepare,10496,1
33,686.3647107999999,2.03719999990426,VSM.AllocationCommit,1181440,1
33,686.3647107999999,2.03719999990426,VSM.Allocate,1675776,1
33,686.3647107999999,2.03719999990426,VSM.ClearPhysicalPages,344064,1
33,686.3647107999999,2.03719999990426,VSM.PageOccupancy,95488,1
33,686.3647107999999,2.03719999990426,VSM.FinalizePages,1792,1
33,686.3647107999999,2.03719999990426,VSM.DynamicRaster,0,0
33,686.3647107999999,2.03719999990426,VSM.LayoutRemap,0,1
33,686.3647107999999,2.03719999990426,VSM.InvalidateStatic,0,0
33,686.3647107999999,2.03719999990426,VSM.InvalidateDynamic,3072,1
33,686.3647107999999,2.03719999990426,VSM.StaticCasterCull,411904,1
33,686.3647107999999,2.03719999990426,VSM.DynamicCasterCull,0,1
33,686.3647107999999,2.03719999990426,VSM.PageCull,392704,1
33,686.3647107999999,2.03719999990426,VSM.StaticRasterClear,0,1
33,686.3647107999999,2.03719999990426,VSM.StaticRasterDraw,4864,1
33,686.3647107999999,2.03719999990426,VSM.DynamicRasterClear,0,0
33,686.3647107999999,2.03719999990426,VSM.DynamicRasterDraw,0,0
33,686.3647107999999,2.03719999990426,VSM.StaticRaster,5120,1
33,686.3647107999999,2.03719999990426,VSM.UnityCompatibilityRaster,0,0
33,686.3647107999999,2.03719999990426,VSM.Resolve,8049408,1
33,686.3647107999999,2.03719999990426,VSM.ResolveTrace,7824896,1
33,686.3647107999999,2.03719999990426,VSM.FilterHorizontal,65536,1
33,686.3647107999999,2.03719999990426,VSM.FilterVertical,0,0
33,686.3647107999999,2.03719999990426,VSM.FilterTemporalVertical,157696,1
33,686.3647107999999,2.03719999990426,VSM.ResetFeedback,0,1
34,686.3826518,1.9657999999935782,VSM.MarkReceiverPages,906240,1
34,686.3826518,1.9657999999935782,VSM.AllocationPrepare,10240,1
34,686.3826518,1.9657999999935782,VSM.AllocationCommit,1181696,1
34,686.3826518,1.9657999999935782,VSM.Allocate,1192192,1
34,686.3826518,1.9657999999935782,VSM.ClearPhysicalPages,344576,1
34,686.3826518,1.9657999999935782,VSM.PageOccupancy,98048,1
34,686.3826518,1.9657999999935782,VSM.FinalizePages,2048,1
34,686.3826518,1.9657999999935782,VSM.DynamicRaster,0,0
34,686.3826518,1.9657999999935782,VSM.LayoutRemap,256,1
34,686.3826518,1.9657999999935782,VSM.InvalidateStatic,0,0
34,686.3826518,1.9657999999935782,VSM.InvalidateDynamic,1792,1
34,686.3826518,1.9657999999935782,VSM.StaticCasterCull,419584,1
34,686.3826518,1.9657999999935782,VSM.DynamicCasterCull,0,1
34,686.3826518,1.9657999999935782,VSM.PageCull,400128,1
34,686.3826518,1.9657999999935782,VSM.StaticRasterClear,0,1
34,686.3826518,1.9657999999935782,VSM.StaticRasterDraw,7680,1
34,686.3826518,1.9657999999935782,VSM.DynamicRasterClear,0,0
34,686.3826518,1.9657999999935782,VSM.DynamicRasterDraw,0,0
34,686.3826518,1.9657999999935782,VSM.StaticRaster,7680,1
34,686.3826518,1.9657999999935782,VSM.UnityCompatibilityRaster,0,0
34,686.3826518,1.9657999999935782,VSM.Resolve,7840512,1
34,686.3826518,1.9657999999935782,VSM.ResolveTrace,7613952,1
34,686.3826518,1.9657999999935782,VSM.FilterHorizontal,65536,1
34,686.3826518,1.9657999999935782,VSM.FilterVertical,0,0
34,686.3826518,1.9657999999935782,VSM.FilterTemporalVertical,159744,1
34,686.3826518,1.9657999999935782,VSM.ResetFeedback,0,1
35,686.4008965999999,1.9618999999693187,VSM.MarkReceiverPages,907776,1
35,686.4008965999999,1.9618999999693187,VSM.AllocationPrepare,10240,1
35,686.4008965999999,1.9618999999693187,VSM.AllocationCommit,1181184,1
35,686.4008965999999,1.9618999999693187,VSM.Allocate,1364224,1
35,686.4008965999999,1.9618999999693187,VSM.ClearPhysicalPages,344064,1
35,686.4008965999999,1.9618999999693187,VSM.PageOccupancy,97280,1
35,686.4008965999999,1.9618999999693187,VSM.FinalizePages,2560,1
35,686.4008965999999,1.9618999999693187,VSM.DynamicRaster,0,0
35,686.4008965999999,1.9618999999693187,VSM.LayoutRemap,0,1
35,686.4008965999999,1.9618999999693187,VSM.InvalidateStatic,0,0
35,686.4008965999999,1.9618999999693187,VSM.InvalidateDynamic,1792,1
35,686.4008965999999,1.9618999999693187,VSM.StaticCasterCull,700416,1
35,686.4008965999999,1.9618999999693187,VSM.DynamicCasterCull,0,1
35,686.4008965999999,1.9618999999693187,VSM.PageCull,405248,1
35,686.4008965999999,1.9618999999693187,VSM.StaticRasterClear,256,1
35,686.4008965999999,1.9618999999693187,VSM.StaticRasterDraw,4352,1
35,686.4008965999999,1.9618999999693187,VSM.DynamicRasterClear,0,0
35,686.4008965999999,1.9618999999693187,VSM.DynamicRasterDraw,0,0
35,686.4008965999999,1.9618999999693187,VSM.StaticRaster,5120,1
35,686.4008965999999,1.9618999999693187,VSM.UnityCompatibilityRaster,0,0
35,686.4008965999999,1.9618999999693187,VSM.Resolve,7764224,1
35,686.4008965999999,1.9618999999693187,VSM.ResolveTrace,7528960,1
35,686.4008965999999,1.9618999999693187,VSM.FilterHorizontal,68096,1
35,686.4008965999999,1.9618999999693187,VSM.FilterVertical,0,0
35,686.4008965999999,1.9618999999693187,VSM.FilterTemporalVertical,165888,1
35,686.4008965999999,1.9618999999693187,VSM.ResetFeedback,0,1
36,686.4196786,2.3335000000770378,VSM.MarkReceiverPages,900864,1
36,686.4196786,2.3335000000770378,VSM.AllocationPrepare,10240,1
36,686.4196786,2.3335000000770378,VSM.AllocationCommit,1181184,1
36,686.4196786,2.3335000000770378,VSM.Allocate,1457664,1
36,686.4196786,2.3335000000770378,VSM.ClearPhysicalPages,344064,1
36,686.4196786,2.3335000000770378,VSM.PageOccupancy,96000,1
36,686.4196786,2.3335000000770378,VSM.FinalizePages,2048,1
36,686.4196786,2.3335000000770378,VSM.DynamicRaster,0,0
36,686.4196786,2.3335000000770378,VSM.LayoutRemap,0,1
36,686.4196786,2.3335000000770378,VSM.InvalidateStatic,0,0
36,686.4196786,2.3335000000770378,VSM.InvalidateDynamic,2048,1
36,686.4196786,2.3335000000770378,VSM.StaticCasterCull,416000,1
36,686.4196786,2.3335000000770378,VSM.DynamicCasterCull,0,1
36,686.4196786,2.3335000000770378,VSM.PageCull,397312,1
36,686.4196786,2.3335000000770378,VSM.StaticRasterClear,0,1
36,686.4196786,2.3335000000770378,VSM.StaticRasterDraw,7680,1
36,686.4196786,2.3335000000770378,VSM.DynamicRasterClear,0,0
36,686.4196786,2.3335000000770378,VSM.DynamicRasterDraw,0,0
36,686.4196786,2.3335000000770378,VSM.StaticRaster,7936,1
36,686.4196786,2.3335000000770378,VSM.UnityCompatibilityRaster,0,0
36,686.4196786,2.3335000000770378,VSM.Resolve,7655168,1
36,686.4196786,2.3335000000770378,VSM.ResolveTrace,7428352,1
36,686.4196786,2.3335000000770378,VSM.FilterHorizontal,65536,1
36,686.4196786,2.3335000000770378,VSM.FilterVertical,0,0
36,686.4196786,2.3335000000770378,VSM.FilterTemporalVertical,160000,1
36,686.4196786,2.3335000000770378,VSM.ResetFeedback,0,1
37,686.4375126,2.2235000000137006,VSM.MarkReceiverPages,908288,1
37,686.4375126,2.2235000000137006,VSM.AllocationPrepare,10240,1
37,686.4375126,2.2235000000137006,VSM.AllocationCommit,1181440,1
37,686.4375126,2.2235000000137006,VSM.Allocate,1563136,1
37,686.4375126,2.2235000000137006,VSM.ClearPhysicalPages,344576,1
37,686.4375126,2.2235000000137006,VSM.PageOccupancy,92416,1
37,686.4375126,2.2235000000137006,VSM.FinalizePages,2048,1
37,686.4375126,2.2235000000137006,VSM.DynamicRaster,0,0
37,686.4375126,2.2235000000137006,VSM.LayoutRemap,0,1
37,686.4375126,2.2235000000137006,VSM.InvalidateStatic,0,0
37,686.4375126,2.2235000000137006,VSM.InvalidateDynamic,1792,1
37,686.4375126,2.2235000000137006,VSM.StaticCasterCull,429312,1
37,686.4375126,2.2235000000137006,VSM.DynamicCasterCull,0,1
37,686.4375126,2.2235000000137006,VSM.PageCull,409600,1
37,686.4375126,2.2235000000137006,VSM.StaticRasterClear,256,1
37,686.4375126,2.2235000000137006,VSM.StaticRasterDraw,7168,1
37,686.4375126,2.2235000000137006,VSM.DynamicRasterClear,0,0
37,686.4375126,2.2235000000137006,VSM.DynamicRasterDraw,0,0
37,686.4375126,2.2235000000137006,VSM.StaticRaster,7424,1
37,686.4375126,2.2235000000137006,VSM.UnityCompatibilityRaster,0,0
37,686.4375126,2.2235000000137006,VSM.Resolve,8022528,1
37,686.4375126,2.2235000000137006,VSM.ResolveTrace,7793920,1
37,686.4375126,2.2235000000137006,VSM.FilterHorizontal,66560,1
37,686.4375126,2.2235000000137006,VSM.FilterVertical,0,0
37,686.4375126,2.2235000000137006,VSM.FilterTemporalVertical,161024,1
37,686.4375126,2.2235000000137006,VSM.ResetFeedback,0,1
38,686.45607869999992,2.1326999999473628,VSM.MarkReceiverPages,907264,1
38,686.45607869999992,2.1326999999473628,VSM.AllocationPrepare,10496,1
38,686.45607869999992,2.1326999999473628,VSM.AllocationCommit,1182208,1
38,686.45607869999992,2.1326999999473628,VSM.Allocate,1461504,1
38,686.45607869999992,2.1326999999473628,VSM.ClearPhysicalPages,344320,1
38,686.45607869999992,2.1326999999473628,VSM.PageOccupancy,93952,1
38,686.45607869999992,2.1326999999473628,VSM.FinalizePages,2048,1
38,686.45607869999992,2.1326999999473628,VSM.DynamicRaster,0,0
38,686.45607869999992,2.1326999999473628,VSM.LayoutRemap,0,1
38,686.45607869999992,2.1326999999473628,VSM.InvalidateStatic,0,0
38,686.45607869999992,2.1326999999473628,VSM.InvalidateDynamic,1792,1
38,686.45607869999992,2.1326999999473628,VSM.StaticCasterCull,423680,1
38,686.45607869999992,2.1326999999473628,VSM.DynamicCasterCull,0,1
38,686.45607869999992,2.1326999999473628,VSM.PageCull,404736,1
38,686.45607869999992,2.1326999999473628,VSM.StaticRasterClear,0,1
38,686.45607869999992,2.1326999999473628,VSM.StaticRasterDraw,7936,1
38,686.45607869999992,2.1326999999473628,VSM.DynamicRasterClear,0,0
38,686.45607869999992,2.1326999999473628,VSM.DynamicRasterDraw,0,0
38,686.45607869999992,2.1326999999473628,VSM.StaticRaster,8192,1
38,686.45607869999992,2.1326999999473628,VSM.UnityCompatibilityRaster,0,0
38,686.45607869999992,2.1326999999473628,VSM.Resolve,7988224,1
38,686.45607869999992,2.1326999999473628,VSM.ResolveTrace,7759872,1
38,686.45607869999992,2.1326999999473628,VSM.FilterHorizontal,67840,1
38,686.45607869999992,2.1326999999473628,VSM.FilterVertical,0,0
38,686.45607869999992,2.1326999999473628,VSM.FilterTemporalVertical,159488,1
38,686.45607869999992,2.1326999999473628,VSM.ResetFeedback,0,1
39,686.4742808,1.9851000000699059,VSM.MarkReceiverPages,903680,1
39,686.4742808,1.9851000000699059,VSM.AllocationPrepare,10240,1
39,686.4742808,1.9851000000699059,VSM.AllocationCommit,1181696,1
39,686.4742808,1.9851000000699059,VSM.Allocate,1362944,1
39,686.4742808,1.9851000000699059,VSM.ClearPhysicalPages,343808,1
39,686.4742808,1.9851000000699059,VSM.PageOccupancy,92672,1
39,686.4742808,1.9851000000699059,VSM.FinalizePages,2048,1
39,686.4742808,1.9851000000699059,VSM.DynamicRaster,0,0
39,686.4742808,1.9851000000699059,VSM.LayoutRemap,0,1
39,686.4742808,1.9851000000699059,VSM.InvalidateStatic,0,0
39,686.4742808,1.9851000000699059,VSM.InvalidateDynamic,1792,1
39,686.4742808,1.9851000000699059,VSM.StaticCasterCull,432384,1
39,686.4742808,1.9851000000699059,VSM.DynamicCasterCull,0,1
39,686.4742808,1.9851000000699059,VSM.PageCull,413184,1
39,686.4742808,1.9851000000699059,VSM.StaticRasterClear,0,1
39,686.4742808,1.9851000000699059,VSM.StaticRasterDraw,3328,1
39,686.4742808,1.9851000000699059,VSM.DynamicRasterClear,0,0
39,686.4742808,1.9851000000699059,VSM.DynamicRasterDraw,0,0
39,686.4742808,1.9851000000699059,VSM.StaticRaster,3584,1
39,686.4742808,1.9851000000699059,VSM.UnityCompatibilityRaster,0,0
39,686.4742808,1.9851000000699059,VSM.Resolve,7820544,1
39,686.4742808,1.9851000000699059,VSM.ResolveTrace,7593984,1
39,686.4742808,1.9851000000699059,VSM.FilterHorizontal,66304,1
39,686.4742808,1.9851000000699059,VSM.FilterVertical,0,0
39,686.4742808,1.9851000000699059,VSM.FilterTemporalVertical,159232,1
39,686.4742808,1.9851000000699059,VSM.ResetFeedback,0,1
40,686.49203649999993,1.955599999973856,VSM.MarkReceiverPages,1199360,1
40,686.49203649999993,1.955599999973856,VSM.AllocationPrepare,13568,1
40,686.49203649999993,1.955599999973856,VSM.AllocationCommit,1182976,1
40,686.49203649999993,1.955599999973856,VSM.Allocate,1197056,1
40,686.49203649999993,1.955599999973856,VSM.ClearPhysicalPages,343296,1
40,686.49203649999993,1.955599999973856,VSM.PageOccupancy,97024,1
40,686.49203649999993,1.955599999973856,VSM.FinalizePages,2560,1
40,686.49203649999993,1.955599999973856,VSM.DynamicRaster,0,0
40,686.49203649999993,1.955599999973856,VSM.LayoutRemap,0,1
40,686.49203649999993,1.955599999973856,VSM.InvalidateStatic,0,0
40,686.49203649999993,1.955599999973856,VSM.InvalidateDynamic,2048,1
40,686.49203649999993,1.955599999973856,VSM.StaticCasterCull,856320,1
40,686.49203649999993,1.955599999973856,VSM.DynamicCasterCull,0,1
40,686.49203649999993,1.955599999973856,VSM.PageCull,401664,1
40,686.49203649999993,1.955599999973856,VSM.StaticRasterClear,256,1
40,686.49203649999993,1.955599999973856,VSM.StaticRasterDraw,8704,1
40,686.49203649999993,1.955599999973856,VSM.DynamicRasterClear,0,0
40,686.49203649999993,1.955599999973856,VSM.DynamicRasterDraw,0,0
40,686.49203649999993,1.955599999973856,VSM.StaticRaster,9728,1
40,686.49203649999993,1.955599999973856,VSM.UnityCompatibilityRaster,0,0
40,686.49203649999993,1.955599999973856,VSM.Resolve,7359232,1
40,686.49203649999993,1.955599999973856,VSM.ResolveTrace,7132160,1
40,686.49203649999993,1.955599999973856,VSM.FilterHorizontal,65280,1
40,686.49203649999993,1.955599999973856,VSM.FilterVertical,0,0
40,686.49203649999993,1.955599999973856,VSM.FilterTemporalVertical,160256,1
40,686.49203649999993,1.955599999973856,VSM.ResetFeedback,0,1
41,686.5109893,2.2764000000279339,VSM.MarkReceiverPages,906496,1
41,686.5109893,2.2764000000279339,VSM.AllocationPrepare,10496,1
41,686.5109893,2.2764000000279339,VSM.AllocationCommit,1181440,1
41,686.5109893,2.2764000000279339,VSM.Allocate,1492224,1
41,686.5109893,2.2764000000279339,VSM.ClearPhysicalPages,544000,1
41,686.5109893,2.2764000000279339,VSM.PageOccupancy,91392,1
41,686.5109893,2.2764000000279339,VSM.FinalizePages,2816,1
41,686.5109893,2.2764000000279339,VSM.DynamicRaster,0,0
41,686.5109893,2.2764000000279339,VSM.LayoutRemap,0,1
41,686.5109893,2.2764000000279339,VSM.InvalidateStatic,0,0
41,686.5109893,2.2764000000279339,VSM.InvalidateDynamic,2304,1
41,686.5109893,2.2764000000279339,VSM.StaticCasterCull,433664,1
41,686.5109893,2.2764000000279339,VSM.DynamicCasterCull,0,1
41,686.5109893,2.2764000000279339,VSM.PageCull,410112,1
41,686.5109893,2.2764000000279339,VSM.StaticRasterClear,0,1
41,686.5109893,2.2764000000279339,VSM.StaticRasterDraw,6912,1
41,686.5109893,2.2764000000279339,VSM.DynamicRasterClear,0,0
41,686.5109893,2.2764000000279339,VSM.DynamicRasterDraw,0,0
41,686.5109893,2.2764000000279339,VSM.StaticRaster,7168,1
41,686.5109893,2.2764000000279339,VSM.UnityCompatibilityRaster,0,0
41,686.5109893,2.2764000000279339,VSM.Resolve,8023040,1
41,686.5109893,2.2764000000279339,VSM.ResolveTrace,7540224,1
41,686.5109893,2.2764000000279339,VSM.FilterHorizontal,321536,1
41,686.5109893,2.2764000000279339,VSM.FilterVertical,0,0
41,686.5109893,2.2764000000279339,VSM.FilterTemporalVertical,160000,1
41,686.5109893,2.2764000000279339,VSM.ResetFeedback,0,1
42,686.530317,2.6371999999810214,VSM.MarkReceiverPages,907520,1
42,686.530317,2.6371999999810214,VSM.AllocationPrepare,9984,1
42,686.530317,2.6371999999810214,VSM.AllocationCommit,1181440,1
42,686.530317,2.6371999999810214,VSM.Allocate,1191936,1
42,686.530317,2.6371999999810214,VSM.ClearPhysicalPages,343552,1
42,686.530317,2.6371999999810214,VSM.PageOccupancy,93696,1
42,686.530317,2.6371999999810214,VSM.FinalizePages,2304,1
42,686.530317,2.6371999999810214,VSM.DynamicRaster,0,0
42,686.530317,2.6371999999810214,VSM.LayoutRemap,0,1
42,686.530317,2.6371999999810214,VSM.InvalidateStatic,0,0
42,686.530317,2.6371999999810214,VSM.InvalidateDynamic,1792,1
42,686.530317,2.6371999999810214,VSM.StaticCasterCull,420864,1
42,686.530317,2.6371999999810214,VSM.DynamicCasterCull,0,1
42,686.530317,2.6371999999810214,VSM.PageCull,402176,1
42,686.530317,2.6371999999810214,VSM.StaticRasterClear,0,1
42,686.530317,2.6371999999810214,VSM.StaticRasterDraw,3328,1
42,686.530317,2.6371999999810214,VSM.DynamicRasterClear,0,0
42,686.530317,2.6371999999810214,VSM.DynamicRasterDraw,0,0
42,686.530317,2.6371999999810214,VSM.StaticRaster,3840,1
42,686.530317,2.6371999999810214,VSM.UnityCompatibilityRaster,0,0
42,686.530317,2.6371999999810214,VSM.Resolve,7854336,1
42,686.530317,2.6371999999810214,VSM.ResolveTrace,7628288,1
42,686.530317,2.6371999999810214,VSM.FilterHorizontal,65792,1
42,686.530317,2.6371999999810214,VSM.FilterVertical,0,0
42,686.530317,2.6371999999810214,VSM.FilterTemporalVertical,158976,1
42,686.530317,2.6371999999810214,VSM.ResetFeedback,0,1
43,686.5487642999999,2.0436999999446925,VSM.MarkReceiverPages,905728,1
43,686.5487642999999,2.0436999999446925,VSM.AllocationPrepare,10240,1
43,686.5487642999999,2.0436999999446925,VSM.AllocationCommit,1181440,1
43,686.5487642999999,2.0436999999446925,VSM.Allocate,1359360,1
43,686.5487642999999,2.0436999999446925,VSM.ClearPhysicalPages,344320,1
43,686.5487642999999,2.0436999999446925,VSM.PageOccupancy,95488,1
43,686.5487642999999,2.0436999999446925,VSM.FinalizePages,2048,1
43,686.5487642999999,2.0436999999446925,VSM.DynamicRaster,0,0
43,686.5487642999999,2.0436999999446925,VSM.LayoutRemap,0,1
43,686.5487642999999,2.0436999999446925,VSM.InvalidateStatic,0,0
43,686.5487642999999,2.0436999999446925,VSM.InvalidateDynamic,1792,1
43,686.5487642999999,2.0436999999446925,VSM.StaticCasterCull,433408,1
43,686.5487642999999,2.0436999999446925,VSM.DynamicCasterCull,0,1
43,686.5487642999999,2.0436999999446925,VSM.PageCull,414208,1
43,686.5487642999999,2.0436999999446925,VSM.StaticRasterClear,0,1
43,686.5487642999999,2.0436999999446925,VSM.StaticRasterDraw,3328,1
43,686.5487642999999,2.0436999999446925,VSM.DynamicRasterClear,0,0
43,686.5487642999999,2.0436999999446925,VSM.DynamicRasterDraw,0,0
43,686.5487642999999,2.0436999999446925,VSM.StaticRaster,3584,1
43,686.5487642999999,2.0436999999446925,VSM.UnityCompatibilityRaster,0,0
43,686.5487642999999,2.0436999999446925,VSM.Resolve,7756544,1
43,686.5487642999999,2.0436999999446925,VSM.ResolveTrace,7529728,1
43,686.5487642999999,2.0436999999446925,VSM.FilterHorizontal,65536,1
43,686.5487642999999,2.0436999999446925,VSM.FilterVertical,0,0
43,686.5487642999999,2.0436999999446925,VSM.FilterTemporalVertical,160000,1
43,686.5487642999999,2.0436999999446925,VSM.ResetFeedback,0,1
44,686.5669282,2.014600000052269,VSM.MarkReceiverPages,907776,1
44,686.5669282,2.014600000052269,VSM.AllocationPrepare,10240,1
44,686.5669282,2.014600000052269,VSM.AllocationCommit,1200128,1
44,686.5669282,2.014600000052269,VSM.Allocate,1682432,1
44,686.5669282,2.014600000052269,VSM.ClearPhysicalPages,343808,1
44,686.5669282,2.014600000052269,VSM.PageOccupancy,93696,1
44,686.5669282,2.014600000052269,VSM.FinalizePages,2048,1
44,686.5669282,2.014600000052269,VSM.DynamicRaster,0,0
44,686.5669282,2.014600000052269,VSM.LayoutRemap,0,1
44,686.5669282,2.014600000052269,VSM.InvalidateStatic,0,0
44,686.5669282,2.014600000052269,VSM.InvalidateDynamic,2816,1
44,686.5669282,2.014600000052269,VSM.StaticCasterCull,429312,1
44,686.5669282,2.014600000052269,VSM.DynamicCasterCull,0,1
44,686.5669282,2.014600000052269,VSM.PageCull,410368,1
44,686.5669282,2.014600000052269,VSM.StaticRasterClear,0,1
44,686.5669282,2.014600000052269,VSM.StaticRasterDraw,3584,1
44,686.5669282,2.014600000052269,VSM.DynamicRasterClear,0,0
44,686.5669282,2.014600000052269,VSM.DynamicRasterDraw,0,0
44,686.5669282,2.014600000052269,VSM.StaticRaster,3584,1
44,686.5669282,2.014600000052269,VSM.UnityCompatibilityRaster,0,0
44,686.5669282,2.014600000052269,VSM.Resolve,7786752,1
44,686.5669282,2.014600000052269,VSM.ResolveTrace,7559680,1
44,686.5669282,2.014600000052269,VSM.FilterHorizontal,65280,1
44,686.5669282,2.014600000052269,VSM.FilterVertical,0,0
44,686.5669282,2.014600000052269,VSM.FilterTemporalVertical,160768,1
44,686.5669282,2.014600000052269,VSM.ResetFeedback,0,1
45,686.5852327,2.0046000000775166,VSM.MarkReceiverPages,905472,1
45,686.5852327,2.0046000000775166,VSM.AllocationPrepare,10240,1
45,686.5852327,2.0046000000775166,VSM.AllocationCommit,1181440,1
45,686.5852327,2.0046000000775166,VSM.Allocate,1191936,1
45,686.5852327,2.0046000000775166,VSM.ClearPhysicalPages,344064,1
45,686.5852327,2.0046000000775166,VSM.PageOccupancy,93184,1
45,686.5852327,2.0046000000775166,VSM.FinalizePages,1792,1
45,686.5852327,2.0046000000775166,VSM.DynamicRaster,0,0
45,686.5852327,2.0046000000775166,VSM.LayoutRemap,0,1
45,686.5852327,2.0046000000775166,VSM.InvalidateStatic,0,0
45,686.5852327,2.0046000000775166,VSM.InvalidateDynamic,1792,1
45,686.5852327,2.0046000000775166,VSM.StaticCasterCull,409088,1
45,686.5852327,2.0046000000775166,VSM.DynamicCasterCull,0,1
45,686.5852327,2.0046000000775166,VSM.PageCull,390400,1
45,686.5852327,2.0046000000775166,VSM.StaticRasterClear,256,1
45,686.5852327,2.0046000000775166,VSM.StaticRasterDraw,3072,1
45,686.5852327,2.0046000000775166,VSM.DynamicRasterClear,0,0
45,686.5852327,2.0046000000775166,VSM.DynamicRasterDraw,0,0
45,686.5852327,2.0046000000775166,VSM.StaticRaster,3328,1
45,686.5852327,2.0046000000775166,VSM.UnityCompatibilityRaster,0,0
45,686.5852327,2.0046000000775166,VSM.Resolve,8925184,1
45,686.5852327,2.0046000000775166,VSM.ResolveTrace,8029696,1
45,686.5852327,2.0046000000775166,VSM.FilterHorizontal,66304,1
45,686.5852327,2.0046000000775166,VSM.FilterVertical,0,0
45,686.5852327,2.0046000000775166,VSM.FilterTemporalVertical,827904,1
45,686.5852327,2.0046000000775166,VSM.ResetFeedback,0,1
46,686.60374329999991,2.184399999919151,VSM.MarkReceiverPages,903936,1
46,686.60374329999991,2.184399999919151,VSM.AllocationPrepare,10240,1
46,686.60374329999991,2.184399999919151,VSM.AllocationCommit,1181184,1
46,686.60374329999991,2.184399999919151,VSM.Allocate,1476352,1
46,686.60374329999991,2.184399999919151,VSM.ClearPhysicalPages,345088,1
46,686.60374329999991,2.184399999919151,VSM.PageOccupancy,96512,1
46,686.60374329999991,2.184399999919151,VSM.FinalizePages,2048,1
46,686.60374329999991,2.184399999919151,VSM.DynamicRaster,0,0
46,686.60374329999991,2.184399999919151,VSM.LayoutRemap,0,1
46,686.60374329999991,2.184399999919151,VSM.InvalidateStatic,0,0
46,686.60374329999991,2.184399999919151,VSM.InvalidateDynamic,2304,1
46,686.60374329999991,2.184399999919151,VSM.StaticCasterCull,416256,1
46,686.60374329999991,2.184399999919151,VSM.DynamicCasterCull,0,1
46,686.60374329999991,2.184399999919151,VSM.PageCull,397568,1
46,686.60374329999991,2.184399999919151,VSM.StaticRasterClear,0,1
46,686.60374329999991,2.184399999919151,VSM.StaticRasterDraw,7168,1
46,686.60374329999991,2.184399999919151,VSM.DynamicRasterClear,0,0
46,686.60374329999991,2.184399999919151,VSM.DynamicRasterDraw,0,0
46,686.60374329999991,2.184399999919151,VSM.StaticRaster,7424,1
46,686.60374329999991,2.184399999919151,VSM.UnityCompatibilityRaster,0,0
46,686.60374329999991,2.184399999919151,VSM.Resolve,7976960,1
46,686.60374329999991,2.184399999919151,VSM.ResolveTrace,7750656,1
46,686.60374329999991,2.184399999919151,VSM.FilterHorizontal,65536,1
46,686.60374329999991,2.184399999919151,VSM.FilterVertical,0,0
46,686.60374329999991,2.184399999919151,VSM.FilterTemporalVertical,159488,1
46,686.60374329999991,2.184399999919151,VSM.ResetFeedback,0,1
47,686.6221256,1.9407000000910557,VSM.MarkReceiverPages,904960,1
47,686.6221256,1.9407000000910557,VSM.AllocationPrepare,10496,1
47,686.6221256,1.9407000000910557,VSM.AllocationCommit,1181184,1
47,686.6221256,1.9407000000910557,VSM.Allocate,1451776,1
47,686.6221256,1.9407000000910557,VSM.ClearPhysicalPages,344320,1
47,686.6221256,1.9407000000910557,VSM.PageOccupancy,94720,1
47,686.6221256,1.9407000000910557,VSM.FinalizePages,2048,1
47,686.6221256,1.9407000000910557,VSM.DynamicRaster,0,0
47,686.6221256,1.9407000000910557,VSM.LayoutRemap,0,1
47,686.6221256,1.9407000000910557,VSM.InvalidateStatic,0,0
47,686.6221256,1.9407000000910557,VSM.InvalidateDynamic,1792,1
47,686.6221256,1.9407000000910557,VSM.StaticCasterCull,412416,1
47,686.6221256,1.9407000000910557,VSM.DynamicCasterCull,0,1
47,686.6221256,1.9407000000910557,VSM.PageCull,393728,1
47,686.6221256,1.9407000000910557,VSM.StaticRasterClear,0,1
47,686.6221256,1.9407000000910557,VSM.StaticRasterDraw,8192,1
47,686.6221256,1.9407000000910557,VSM.DynamicRasterClear,0,0
47,686.6221256,1.9407000000910557,VSM.DynamicRasterDraw,0,0
47,686.6221256,1.9407000000910557,VSM.StaticRaster,8192,1
47,686.6221256,1.9407000000910557,VSM.UnityCompatibilityRaster,0,0
47,686.6221256,1.9407000000910557,VSM.Resolve,8216576,1
47,686.6221256,1.9407000000910557,VSM.ResolveTrace,7545088,1
47,686.6221256,1.9407000000910557,VSM.FilterHorizontal,65024,1
47,686.6221256,1.9407000000910557,VSM.FilterVertical,0,0
47,686.6221256,1.9407000000910557,VSM.FilterTemporalVertical,605184,1
47,686.6221256,1.9407000000910557,VSM.ResetFeedback,0,1
48,686.63982809999993,2.1431000000120548,VSM.MarkReceiverPages,905472,1
48,686.63982809999993,2.1431000000120548,VSM.AllocationPrepare,10240,1
48,686.63982809999993,2.1431000000120548,VSM.AllocationCommit,1181184,1
48,686.63982809999993,2.1431000000120548,VSM.Allocate,1191680,1
48,686.63982809999993,2.1431000000120548,VSM.ClearPhysicalPages,344064,1
48,686.63982809999993,2.1431000000120548,VSM.PageOccupancy,97024,1
48,686.63982809999993,2.1431000000120548,VSM.FinalizePages,2304,1
48,686.63982809999993,2.1431000000120548,VSM.DynamicRaster,0,0
48,686.63982809999993,2.1431000000120548,VSM.LayoutRemap,0,1
48,686.63982809999993,2.1431000000120548,VSM.InvalidateStatic,0,0
48,686.63982809999993,2.1431000000120548,VSM.InvalidateDynamic,1536,1
48,686.63982809999993,2.1431000000120548,VSM.StaticCasterCull,679936,1
48,686.63982809999993,2.1431000000120548,VSM.DynamicCasterCull,0,1
48,686.63982809999993,2.1431000000120548,VSM.PageCull,412672,1
48,686.63982809999993,2.1431000000120548,VSM.StaticRasterClear,256,1
48,686.63982809999993,2.1431000000120548,VSM.StaticRasterDraw,8960,1
48,686.63982809999993,2.1431000000120548,VSM.DynamicRasterClear,0,0
48,686.63982809999993,2.1431000000120548,VSM.DynamicRasterDraw,0,0
48,686.63982809999993,2.1431000000120548,VSM.StaticRaster,9472,1
48,686.63982809999993,2.1431000000120548,VSM.UnityCompatibilityRaster,0,0
48,686.63982809999993,2.1431000000120548,VSM.Resolve,7784960,1
48,686.63982809999993,2.1431000000120548,VSM.ResolveTrace,7558912,1
48,686.63982809999993,2.1431000000120548,VSM.FilterHorizontal,65536,1
48,686.63982809999993,2.1431000000120548,VSM.FilterVertical,0,0
48,686.63982809999993,2.1431000000120548,VSM.FilterTemporalVertical,159488,1
48,686.63982809999993,2.1431000000120548,VSM.ResetFeedback,0,1
49,686.6577106,2.0428000000265456,VSM.MarkReceiverPages,901632,1
49,686.6577106,2.0428000000265456,VSM.AllocationPrepare,10496,1
49,686.6577106,2.0428000000265456,VSM.AllocationCommit,1181440,1
49,686.6577106,2.0428000000265456,VSM.Allocate,1474304,1
49,686.6577106,2.0428000000265456,VSM.ClearPhysicalPages,344320,1
49,686.6577106,2.0428000000265456,VSM.PageOccupancy,95488,1
49,686.6577106,2.0428000000265456,VSM.FinalizePages,2048,1
49,686.6577106,2.0428000000265456,VSM.DynamicRaster,0,0
49,686.6577106,2.0428000000265456,VSM.LayoutRemap,0,1
49,686.6577106,2.0428000000265456,VSM.InvalidateStatic,0,0
49,686.6577106,2.0428000000265456,VSM.InvalidateDynamic,2304,1
49,686.6577106,2.0428000000265456,VSM.StaticCasterCull,421632,1
49,686.6577106,2.0428000000265456,VSM.DynamicCasterCull,0,1
49,686.6577106,2.0428000000265456,VSM.PageCull,402432,1
49,686.6577106,2.0428000000265456,VSM.StaticRasterClear,0,1
49,686.6577106,2.0428000000265456,VSM.StaticRasterDraw,7168,1
49,686.6577106,2.0428000000265456,VSM.DynamicRasterClear,0,0
49,686.6577106,2.0428000000265456,VSM.DynamicRasterDraw,0,0
49,686.6577106,2.0428000000265456,VSM.StaticRaster,7424,1
49,686.6577106,2.0428000000265456,VSM.UnityCompatibilityRaster,0,0
49,686.6577106,2.0428000000265456,VSM.Resolve,8107520,1
49,686.6577106,2.0428000000265456,VSM.ResolveTrace,7880192,1
49,686.6577106,2.0428000000265456,VSM.FilterHorizontal,66048,1
49,686.6577106,2.0428000000265456,VSM.FilterVertical,0,0
49,686.6577106,2.0428000000265456,VSM.FilterTemporalVertical,160000,1
49,686.6577106,2.0428000000265456,VSM.ResetFeedback,0,1
50,686.67532469999992,2.0363999999517546,VSM.MarkReceiverPages,908544,1
50,686.67532469999992,2.0363999999517546,VSM.AllocationPrepare,9984,1
50,686.67532469999992,2.0363999999517546,VSM.AllocationCommit,1181696,1
50,686.67532469999992,2.0363999999517546,VSM.Allocate,1448192,1
50,686.67532469999992,2.0363999999517546,VSM.ClearPhysicalPages,343552,1
50,686.67532469999992,2.0363999999517546,VSM.PageOccupancy,93184,1
50,686.67532469999992,2.0363999999517546,VSM.FinalizePages,1792,1
50,686.67532469999992,2.0363999999517546,VSM.DynamicRaster,0,0
50,686.67532469999992,2.0363999999517546,VSM.LayoutRemap,0,1
50,686.67532469999992,2.0363999999517546,VSM.InvalidateStatic,0,0
50,686.67532469999992,2.0363999999517546,VSM.InvalidateDynamic,1792,1
50,686.67532469999992,2.0363999999517546,VSM.StaticCasterCull,427520,1
50,686.67532469999992,2.0363999999517546,VSM.DynamicCasterCull,0,1
50,686.67532469999992,2.0363999999517546,VSM.PageCull,408320,1
50,686.67532469999992,2.0363999999517546,VSM.StaticRasterClear,256,1
50,686.67532469999992,2.0363999999517546,VSM.StaticRasterDraw,7168,1
50,686.67532469999992,2.0363999999517546,VSM.DynamicRasterClear,0,0
50,686.67532469999992,2.0363999999517546,VSM.DynamicRasterDraw,0,0
50,686.67532469999992,2.0363999999517546,VSM.StaticRaster,7424,1
50,686.67532469999992,2.0363999999517546,VSM.UnityCompatibilityRaster,0,0
50,686.67532469999992,2.0363999999517546,VSM.Resolve,7409152,1
50,686.67532469999992,2.0363999999517546,VSM.ResolveTrace,7182848,1
50,686.67532469999992,2.0363999999517546,VSM.FilterHorizontal,65536,1
50,686.67532469999992,2.0363999999517546,VSM.FilterVertical,0,0
50,686.67532469999992,2.0363999999517546,VSM.FilterTemporalVertical,159744,1
50,686.67532469999992,2.0363999999517546,VSM.ResetFeedback,0,1
51,686.6931346,2.1164000000908345,VSM.MarkReceiverPages,928000,1
51,686.6931346,2.1164000000908345,VSM.AllocationPrepare,10240,1
51,686.6931346,2.1164000000908345,VSM.AllocationCommit,1182464,1
51,686.6931346,2.1164000000908345,VSM.Allocate,1788416,1
51,686.6931346,2.1164000000908345,VSM.ClearPhysicalPages,344832,1
51,686.6931346,2.1164000000908345,VSM.PageOccupancy,93184,1
51,686.6931346,2.1164000000908345,VSM.FinalizePages,2048,1
51,686.6931346,2.1164000000908345,VSM.DynamicRaster,0,0
51,686.6931346,2.1164000000908345,VSM.LayoutRemap,0,1
51,686.6931346,2.1164000000908345,VSM.InvalidateStatic,0,0
51,686.6931346,2.1164000000908345,VSM.InvalidateDynamic,3072,1
51,686.6931346,2.1164000000908345,VSM.StaticCasterCull,415488,1
51,686.6931346,2.1164000000908345,VSM.DynamicCasterCull,0,1
51,686.6931346,2.1164000000908345,VSM.PageCull,396800,1
51,686.6931346,2.1164000000908345,VSM.StaticRasterClear,0,1
51,686.6931346,2.1164000000908345,VSM.StaticRasterDraw,7168,1
51,686.6931346,2.1164000000908345,VSM.DynamicRasterClear,0,0
51,686.6931346,2.1164000000908345,VSM.DynamicRasterDraw,0,0
51,686.6931346,2.1164000000908345,VSM.StaticRaster,7168,1
51,686.6931346,2.1164000000908345,VSM.UnityCompatibilityRaster,0,0
51,686.6931346,2.1164000000908345,VSM.Resolve,7817728,1
51,686.6931346,2.1164000000908345,VSM.ResolveTrace,7590656,1
51,686.6931346,2.1164000000908345,VSM.FilterHorizontal,65280,1
51,686.6931346,2.1164000000908345,VSM.FilterVertical,0,0
51,686.6931346,2.1164000000908345,VSM.FilterTemporalVertical,160768,1
51,686.6931346,2.1164000000908345,VSM.ResetFeedback,0,1
52,686.7113857999999,2.1505999999362757,VSM.MarkReceiverPages,904960,1
52,686.7113857999999,2.1505999999362757,VSM.AllocationPrepare,10240,1
52,686.7113857999999,2.1505999999362757,VSM.AllocationCommit,1181440,1
52,686.7113857999999,2.1505999999362757,VSM.Allocate,1385472,1
52,686.7113857999999,2.1505999999362757,VSM.ClearPhysicalPages,343808,1
52,686.7113857999999,2.1505999999362757,VSM.PageOccupancy,92928,1
52,686.7113857999999,2.1505999999362757,VSM.FinalizePages,2048,1
52,686.7113857999999,2.1505999999362757,VSM.DynamicRaster,0,0
52,686.7113857999999,2.1505999999362757,VSM.LayoutRemap,0,1
52,686.7113857999999,2.1505999999362757,VSM.InvalidateStatic,0,0
52,686.7113857999999,2.1505999999362757,VSM.InvalidateDynamic,1792,1
52,686.7113857999999,2.1505999999362757,VSM.StaticCasterCull,445952,1
52,686.7113857999999,2.1505999999362757,VSM.DynamicCasterCull,0,1
52,686.7113857999999,2.1505999999362757,VSM.PageCull,426752,1
52,686.7113857999999,2.1505999999362757,VSM.StaticRasterClear,256,1
52,686.7113857999999,2.1505999999362757,VSM.StaticRasterDraw,7168,1
52,686.7113857999999,2.1505999999362757,VSM.DynamicRasterClear,0,0
52,686.7113857999999,2.1505999999362757,VSM.DynamicRasterDraw,0,0
52,686.7113857999999,2.1505999999362757,VSM.StaticRaster,7424,1
52,686.7113857999999,2.1505999999362757,VSM.UnityCompatibilityRaster,0,0
52,686.7113857999999,2.1505999999362757,VSM.Resolve,7903232,1
52,686.7113857999999,2.1505999999362757,VSM.ResolveTrace,7676416,1
52,686.7113857999999,2.1505999999362757,VSM.FilterHorizontal,65792,1
52,686.7113857999999,2.1505999999362757,VSM.FilterVertical,0,0
52,686.7113857999999,2.1505999999362757,VSM.FilterTemporalVertical,160000,1
52,686.7113857999999,2.1505999999362757,VSM.ResetFeedback,0,1
53,686.7299866,2.0298000000593674,VSM.MarkReceiverPages,904960,1
53,686.7299866,2.0298000000593674,VSM.AllocationPrepare,10240,1
53,686.7299866,2.0298000000593674,VSM.AllocationCommit,1184256,1
53,686.7299866,2.0298000000593674,VSM.Allocate,1368832,1
53,686.7299866,2.0298000000593674,VSM.ClearPhysicalPages,345344,1
53,686.7299866,2.0298000000593674,VSM.PageOccupancy,89600,1
53,686.7299866,2.0298000000593674,VSM.FinalizePages,2048,1
53,686.7299866,2.0298000000593674,VSM.DynamicRaster,0,0
53,686.7299866,2.0298000000593674,VSM.LayoutRemap,0,1
53,686.7299866,2.0298000000593674,VSM.InvalidateStatic,0,0
53,686.7299866,2.0298000000593674,VSM.InvalidateDynamic,2048,1
53,686.7299866,2.0298000000593674,VSM.StaticCasterCull,423168,1
53,686.7299866,2.0298000000593674,VSM.DynamicCasterCull,0,1
53,686.7299866,2.0298000000593674,VSM.PageCull,404224,1
53,686.7299866,2.0298000000593674,VSM.StaticRasterClear,0,1
53,686.7299866,2.0298000000593674,VSM.StaticRasterDraw,7168,1
53,686.7299866,2.0298000000593674,VSM.DynamicRasterClear,0,0
53,686.7299866,2.0298000000593674,VSM.DynamicRasterDraw,0,0
53,686.7299866,2.0298000000593674,VSM.StaticRaster,7424,1
53,686.7299866,2.0298000000593674,VSM.UnityCompatibilityRaster,0,0
53,686.7299866,2.0298000000593674,VSM.Resolve,7966976,1
53,686.7299866,2.0298000000593674,VSM.ResolveTrace,7740160,1
53,686.7299866,2.0298000000593674,VSM.FilterHorizontal,65792,1
53,686.7299866,2.0298000000593674,VSM.FilterVertical,0,0
53,686.7299866,2.0298000000593674,VSM.FilterTemporalVertical,160000,1
53,686.7299866,2.0298000000593674,VSM.ResetFeedback,0,1
54,686.7475986,2.0964000000276428,VSM.MarkReceiverPages,901632,1
54,686.7475986,2.0964000000276428,VSM.AllocationPrepare,10240,1
54,686.7475986,2.0964000000276428,VSM.AllocationCommit,1180928,1
54,686.7475986,2.0964000000276428,VSM.Allocate,1436928,1
54,686.7475986,2.0964000000276428,VSM.ClearPhysicalPages,356352,1
54,686.7475986,2.0964000000276428,VSM.PageOccupancy,89088,1
54,686.7475986,2.0964000000276428,VSM.FinalizePages,2048,1
54,686.7475986,2.0964000000276428,VSM.DynamicRaster,0,0
54,686.7475986,2.0964000000276428,VSM.LayoutRemap,0,1
54,686.7475986,2.0964000000276428,VSM.InvalidateStatic,0,0
54,686.7475986,2.0964000000276428,VSM.InvalidateDynamic,1792,1
54,686.7475986,2.0964000000276428,VSM.StaticCasterCull,430336,1
54,686.7475986,2.0964000000276428,VSM.DynamicCasterCull,0,1
54,686.7475986,2.0964000000276428,VSM.PageCull,411392,1
54,686.7475986,2.0964000000276428,VSM.StaticRasterClear,256,1
54,686.7475986,2.0964000000276428,VSM.StaticRasterDraw,9728,1
54,686.7475986,2.0964000000276428,VSM.DynamicRasterClear,0,0
54,686.7475986,2.0964000000276428,VSM.DynamicRasterDraw,0,0
54,686.7475986,2.0964000000276428,VSM.StaticRaster,9984,1
54,686.7475986,2.0964000000276428,VSM.UnityCompatibilityRaster,0,0
54,686.7475986,2.0964000000276428,VSM.Resolve,7744000,1
54,686.7475986,2.0964000000276428,VSM.ResolveTrace,7518464,1
54,686.7475986,2.0964000000276428,VSM.FilterHorizontal,64768,1
54,686.7475986,2.0964000000276428,VSM.FilterVertical,0,0
54,686.7475986,2.0964000000276428,VSM.FilterTemporalVertical,159488,1
54,686.7475986,2.0964000000276428,VSM.ResetFeedback,0,1
55,686.765804,2.4303000000145403,VSM.MarkReceiverPages,906240,1
55,686.765804,2.4303000000145403,VSM.AllocationPrepare,10240,1
55,686.765804,2.4303000000145403,VSM.AllocationCommit,1181184,1
55,686.765804,2.4303000000145403,VSM.Allocate,1655296,1
55,686.765804,2.4303000000145403,VSM.ClearPhysicalPages,512768,1
55,686.765804,2.4303000000145403,VSM.PageOccupancy,91392,1
55,686.765804,2.4303000000145403,VSM.FinalizePages,2560,1
55,686.765804,2.4303000000145403,VSM.DynamicRaster,0,0
55,686.765804,2.4303000000145403,VSM.LayoutRemap,0,1
55,686.765804,2.4303000000145403,VSM.InvalidateStatic,0,0
55,686.765804,2.4303000000145403,VSM.InvalidateDynamic,3072,1
55,686.765804,2.4303000000145403,VSM.StaticCasterCull,413952,1
55,686.765804,2.4303000000145403,VSM.DynamicCasterCull,0,1
55,686.765804,2.4303000000145403,VSM.PageCull,394752,1
55,686.765804,2.4303000000145403,VSM.StaticRasterClear,0,1
55,686.765804,2.4303000000145403,VSM.StaticRasterDraw,9984,1
55,686.765804,2.4303000000145403,VSM.DynamicRasterClear,0,0
55,686.765804,2.4303000000145403,VSM.DynamicRasterDraw,0,0
55,686.765804,2.4303000000145403,VSM.StaticRaster,10240,1
55,686.765804,2.4303000000145403,VSM.UnityCompatibilityRaster,0,0
55,686.765804,2.4303000000145403,VSM.Resolve,7742464,1
55,686.765804,2.4303000000145403,VSM.ResolveTrace,7514112,1
55,686.765804,2.4303000000145403,VSM.FilterHorizontal,65280,1
55,686.765804,2.4303000000145403,VSM.FilterVertical,0,0
55,686.765804,2.4303000000145403,VSM.FilterTemporalVertical,161792,1
55,686.765804,2.4303000000145403,VSM.ResetFeedback,0,1
56,686.78398499999992,2.1348999999872831,VSM.MarkReceiverPages,902400,1
56,686.78398499999992,2.1348999999872831,VSM.AllocationPrepare,10240,1
56,686.78398499999992,2.1348999999872831,VSM.AllocationCommit,1181440,1
56,686.78398499999992,2.1348999999872831,VSM.Allocate,1191936,1
56,686.78398499999992,2.1348999999872831,VSM.ClearPhysicalPages,344064,1
56,686.78398499999992,2.1348999999872831,VSM.PageOccupancy,93696,1
56,686.78398499999992,2.1348999999872831,VSM.FinalizePages,1792,1
56,686.78398499999992,2.1348999999872831,VSM.DynamicRaster,0,0
56,686.78398499999992,2.1348999999872831,VSM.LayoutRemap,0,1
56,686.78398499999992,2.1348999999872831,VSM.InvalidateStatic,0,0
56,686.78398499999992,2.1348999999872831,VSM.InvalidateDynamic,1792,1
56,686.78398499999992,2.1348999999872831,VSM.StaticCasterCull,417536,1
56,686.78398499999992,2.1348999999872831,VSM.DynamicCasterCull,0,1
56,686.78398499999992,2.1348999999872831,VSM.PageCull,398848,1
56,686.78398499999992,2.1348999999872831,VSM.StaticRasterClear,0,1
56,686.78398499999992,2.1348999999872831,VSM.StaticRasterDraw,6400,1
56,686.78398499999992,2.1348999999872831,VSM.DynamicRasterClear,0,0
56,686.78398499999992,2.1348999999872831,VSM.DynamicRasterDraw,0,0
56,686.78398499999992,2.1348999999872831,VSM.StaticRaster,6400,1
56,686.78398499999992,2.1348999999872831,VSM.UnityCompatibilityRaster,0,0
56,686.78398499999992,2.1348999999872831,VSM.Resolve,7913472,1
56,686.78398499999992,2.1348999999872831,VSM.ResolveTrace,7459072,1
56,686.78398499999992,2.1348999999872831,VSM.FilterHorizontal,65280,1
56,686.78398499999992,2.1348999999872831,VSM.FilterVertical,0,0
56,686.78398499999992,2.1348999999872831,VSM.FilterTemporalVertical,157440,1
56,686.78398499999992,2.1348999999872831,VSM.ResetFeedback,0,1
57,686.8026210999999,2.4271999999427862,VSM.MarkReceiverPages,904704,1
57,686.8026210999999,2.4271999999427862,VSM.AllocationPrepare,10240,1
57,686.8026210999999,2.4271999999427862,VSM.AllocationCommit,1181440,1
57,686.8026210999999,2.4271999999427862,VSM.Allocate,1477376,1
57,686.8026210999999,2.4271999999427862,VSM.ClearPhysicalPages,344576,1
57,686.8026210999999,2.4271999999427862,VSM.PageOccupancy,93184,1
57,686.8026210999999,2.4271999999427862,VSM.FinalizePages,1792,1
57,686.8026210999999,2.4271999999427862,VSM.DynamicRaster,0,0
57,686.8026210999999,2.4271999999427862,VSM.LayoutRemap,0,1
57,686.8026210999999,2.4271999999427862,VSM.InvalidateStatic,0,0
57,686.8026210999999,2.4271999999427862,VSM.InvalidateDynamic,2304,1
57,686.8026210999999,2.4271999999427862,VSM.StaticCasterCull,430336,1
57,686.8026210999999,2.4271999999427862,VSM.DynamicCasterCull,0,1
57,686.8026210999999,2.4271999999427862,VSM.PageCull,410880,1
57,686.8026210999999,2.4271999999427862,VSM.StaticRasterClear,256,1
57,686.8026210999999,2.4271999999427862,VSM.StaticRasterDraw,7168,1
57,686.8026210999999,2.4271999999427862,VSM.DynamicRasterClear,0,0
57,686.8026210999999,2.4271999999427862,VSM.DynamicRasterDraw,0,0
57,686.8026210999999,2.4271999999427862,VSM.StaticRaster,7424,1
57,686.8026210999999,2.4271999999427862,VSM.UnityCompatibilityRaster,0,0
57,686.8026210999999,2.4271999999427862,VSM.Resolve,7676928,1
57,686.8026210999999,2.4271999999427862,VSM.ResolveTrace,7259392,1
57,686.8026210999999,2.4271999999427862,VSM.FilterHorizontal,255488,1
57,686.8026210999999,2.4271999999427862,VSM.FilterVertical,0,0
57,686.8026210999999,2.4271999999427862,VSM.FilterTemporalVertical,161024,1
57,686.8026210999999,2.4271999999427862,VSM.ResetFeedback,0,1
58,686.8236909,2.1105000000716245,VSM.MarkReceiverPages,907008,1
58,686.8236909,2.1105000000716245,VSM.AllocationPrepare,10240,1
58,686.8236909,2.1105000000716245,VSM.AllocationCommit,1181184,1
58,686.8236909,2.1105000000716245,VSM.Allocate,1441280,1
58,686.8236909,2.1105000000716245,VSM.ClearPhysicalPages,344320,1
58,686.8236909,2.1105000000716245,VSM.PageOccupancy,93184,1
58,686.8236909,2.1105000000716245,VSM.FinalizePages,2048,1
58,686.8236909,2.1105000000716245,VSM.DynamicRaster,0,0
58,686.8236909,2.1105000000716245,VSM.LayoutRemap,0,1
58,686.8236909,2.1105000000716245,VSM.InvalidateStatic,0,0
58,686.8236909,2.1105000000716245,VSM.InvalidateDynamic,1792,1
58,686.8236909,2.1105000000716245,VSM.StaticCasterCull,431872,1
58,686.8236909,2.1105000000716245,VSM.DynamicCasterCull,0,1
58,686.8236909,2.1105000000716245,VSM.PageCull,412928,1
58,686.8236909,2.1105000000716245,VSM.StaticRasterClear,256,1
58,686.8236909,2.1105000000716245,VSM.StaticRasterDraw,7168,1
58,686.8236909,2.1105000000716245,VSM.DynamicRasterClear,0,0
58,686.8236909,2.1105000000716245,VSM.DynamicRasterDraw,0,0
58,686.8236909,2.1105000000716245,VSM.StaticRaster,7424,1
58,686.8236909,2.1105000000716245,VSM.UnityCompatibilityRaster,0,0
58,686.8236909,2.1105000000716245,VSM.Resolve,7672320,1
58,686.8236909,2.1105000000716245,VSM.ResolveTrace,7445504,1
58,686.8236909,2.1105000000716245,VSM.FilterHorizontal,65536,1
58,686.8236909,2.1105000000716245,VSM.FilterVertical,0,0
58,686.8236909,2.1105000000716245,VSM.FilterTemporalVertical,160256,1
58,686.8236909,2.1105000000716245,VSM.ResetFeedback,0,1
59,686.8411911,2.014799999983552,VSM.MarkReceiverPages,910848,1
59,686.8411911,2.014799999983552,VSM.AllocationPrepare,10240,1
59,686.8411911,2.014799999983552,VSM.AllocationCommit,1181440,1
59,686.8411911,2.014799999983552,VSM.Allocate,1191936,1
59,686.8411911,2.014799999983552,VSM.ClearPhysicalPages,344064,1
59,686.8411911,2.014799999983552,VSM.PageOccupancy,92160,1
59,686.8411911,2.014799999983552,VSM.FinalizePages,1792,1
59,686.8411911,2.014799999983552,VSM.DynamicRaster,0,0
59,686.8411911,2.014799999983552,VSM.LayoutRemap,0,1
59,686.8411911,2.014799999983552,VSM.InvalidateStatic,0,0
59,686.8411911,2.014799999983552,VSM.InvalidateDynamic,1792,1
59,686.8411911,2.014799999983552,VSM.StaticCasterCull,421376,1
59,686.8411911,2.014799999983552,VSM.DynamicCasterCull,0,1
59,686.8411911,2.014799999983552,VSM.PageCull,402688,1
59,686.8411911,2.014799999983552,VSM.StaticRasterClear,256,1
59,686.8411911,2.014799999983552,VSM.StaticRasterDraw,7168,1
59,686.8411911,2.014799999983552,VSM.DynamicRasterClear,0,0
59,686.8411911,2.014799999983552,VSM.DynamicRasterDraw,0,0
59,686.8411911,2.014799999983552,VSM.StaticRaster,7424,1
59,686.8411911,2.014799999983552,VSM.UnityCompatibilityRaster,0,0
59,686.8411911,2.014799999983552,VSM.Resolve,7882240,1
59,686.8411911,2.014799999983552,VSM.ResolveTrace,7655424,1
59,686.8411911,2.014799999983552,VSM.FilterHorizontal,66304,1
59,686.8411911,2.014799999983552,VSM.FilterVertical,0,0
59,686.8411911,2.014799999983552,VSM.FilterTemporalVertical,159744,1
59,686.8411911,2.014799999983552,VSM.ResetFeedback,0,1
60,686.859522,2.4296000000276763,VSM.MarkReceiverPages,1288448,1
60,686.859522,2.4296000000276763,VSM.AllocationPrepare,10240,1
60,686.859522,2.4296000000276763,VSM.AllocationCommit,1181440,1
60,686.859522,2.4296000000276763,VSM.Allocate,1192192,1
60,686.859522,2.4296000000276763,VSM.ClearPhysicalPages,344064,1
60,686.859522,2.4296000000276763,VSM.PageOccupancy,94208,1
60,686.859522,2.4296000000276763,VSM.FinalizePages,2560,1
60,686.859522,2.4296000000276763,VSM.DynamicRaster,0,0
60,686.859522,2.4296000000276763,VSM.LayoutRemap,0,1
60,686.859522,2.4296000000276763,VSM.InvalidateStatic,0,0
60,686.859522,2.4296000000276763,VSM.InvalidateDynamic,2048,1
60,686.859522,2.4296000000276763,VSM.StaticCasterCull,685056,1
60,686.859522,2.4296000000276763,VSM.DynamicCasterCull,0,1
60,686.859522,2.4296000000276763,VSM.PageCull,400896,1
60,686.859522,2.4296000000276763,VSM.StaticRasterClear,256,1
60,686.859522,2.4296000000276763,VSM.StaticRasterDraw,8704,1
60,686.859522,2.4296000000276763,VSM.DynamicRasterClear,0,0
60,686.859522,2.4296000000276763,VSM.DynamicRasterDraw,0,0
60,686.859522,2.4296000000276763,VSM.StaticRaster,9472,1
60,686.859522,2.4296000000276763,VSM.UnityCompatibilityRaster,0,0
60,686.859522,2.4296000000276763,VSM.Resolve,7760896,1
60,686.859522,2.4296000000276763,VSM.ResolveTrace,7533056,1
60,686.859522,2.4296000000276763,VSM.FilterHorizontal,66560,1
60,686.859522,2.4296000000276763,VSM.FilterVertical,0,0
60,686.859522,2.4296000000276763,VSM.FilterTemporalVertical,160256,1
60,686.859522,2.4296000000276763,VSM.ResetFeedback,0,1
61,686.87728129999994,1.9320000000107029,VSM.MarkReceiverPages,904960,1
61,686.87728129999994,1.9320000000107029,VSM.AllocationPrepare,9984,1
61,686.87728129999994,1.9320000000107029,VSM.AllocationCommit,1181184,1
61,686.87728129999994,1.9320000000107029,VSM.Allocate,1191680,1
61,686.87728129999994,1.9320000000107029,VSM.ClearPhysicalPages,344576,1
61,686.87728129999994,1.9320000000107029,VSM.PageOccupancy,95488,1
61,686.87728129999994,1.9320000000107029,VSM.FinalizePages,2048,1
61,686.87728129999994,1.9320000000107029,VSM.DynamicRaster,0,0
61,686.87728129999994,1.9320000000107029,VSM.LayoutRemap,0,1
61,686.87728129999994,1.9320000000107029,VSM.InvalidateStatic,0,0
61,686.87728129999994,1.9320000000107029,VSM.InvalidateDynamic,1792,1
61,686.87728129999994,1.9320000000107029,VSM.StaticCasterCull,456448,1
61,686.87728129999994,1.9320000000107029,VSM.DynamicCasterCull,0,1
61,686.87728129999994,1.9320000000107029,VSM.PageCull,437504,1
61,686.87728129999994,1.9320000000107029,VSM.StaticRasterClear,256,1
61,686.87728129999994,1.9320000000107029,VSM.StaticRasterDraw,7424,1
61,686.87728129999994,1.9320000000107029,VSM.DynamicRasterClear,0,0
61,686.87728129999994,1.9320000000107029,VSM.DynamicRasterDraw,0,0
61,686.87728129999994,1.9320000000107029,VSM.StaticRaster,7680,1
61,686.87728129999994,1.9320000000107029,VSM.UnityCompatibilityRaster,0,0
61,686.87728129999994,1.9320000000107029,VSM.Resolve,8110848,1
61,686.87728129999994,1.9320000000107029,VSM.ResolveTrace,7884544,1
61,686.87728129999994,1.9320000000107029,VSM.FilterHorizontal,66048,1
61,686.87728129999994,1.9320000000107029,VSM.FilterVertical,0,0
61,686.87728129999994,1.9320000000107029,VSM.FilterTemporalVertical,159232,1
61,686.87728129999994,1.9320000000107029,VSM.ResetFeedback,0,1
62,686.89512419999994,1.9545000000107393,VSM.MarkReceiverPages,904448,1
62,686.89512419999994,1.9545000000107393,VSM.AllocationPrepare,10240,1
62,686.89512419999994,1.9545000000107393,VSM.AllocationCommit,1181184,1
62,686.89512419999994,1.9545000000107393,VSM.Allocate,1191424,1
62,686.89512419999994,1.9545000000107393,VSM.ClearPhysicalPages,343552,1
62,686.89512419999994,1.9545000000107393,VSM.PageOccupancy,95744,1
62,686.89512419999994,1.9545000000107393,VSM.FinalizePages,2560,1
62,686.89512419999994,1.9545000000107393,VSM.DynamicRaster,0,0
62,686.89512419999994,1.9545000000107393,VSM.LayoutRemap,0,1
62,686.89512419999994,1.9545000000107393,VSM.InvalidateStatic,0,0
62,686.89512419999994,1.9545000000107393,VSM.InvalidateDynamic,1536,1
62,686.89512419999994,1.9545000000107393,VSM.StaticCasterCull,697600,1
62,686.89512419999994,1.9545000000107393,VSM.DynamicCasterCull,0,1
62,686.89512419999994,1.9545000000107393,VSM.PageCull,391424,1
62,686.89512419999994,1.9545000000107393,VSM.StaticRasterClear,256,1
62,686.89512419999994,1.9545000000107393,VSM.StaticRasterDraw,12288,1
62,686.89512419999994,1.9545000000107393,VSM.DynamicRasterClear,0,0
62,686.89512419999994,1.9545000000107393,VSM.DynamicRasterDraw,0,0
62,686.89512419999994,1.9545000000107393,VSM.StaticRaster,13056,1
62,686.89512419999994,1.9545000000107393,VSM.UnityCompatibilityRaster,0,0
62,686.89512419999994,1.9545000000107393,VSM.Resolve,7752960,1
62,686.89512419999994,1.9545000000107393,VSM.ResolveTrace,7351296,1
62,686.89512419999994,1.9545000000107393,VSM.FilterHorizontal,66560,1
62,686.89512419999994,1.9545000000107393,VSM.FilterVertical,0,0
62,686.89512419999994,1.9545000000107393,VSM.FilterTemporalVertical,334080,1
62,686.89512419999994,1.9545000000107393,VSM.ResetFeedback,0,1
63,686.91339229999994,1.9088000000238026,VSM.MarkReceiverPages,904448,1
63,686.91339229999994,1.9088000000238026,VSM.AllocationPrepare,10240,1
63,686.91339229999994,1.9088000000238026,VSM.AllocationCommit,1181696,1
63,686.91339229999994,1.9088000000238026,VSM.Allocate,1446912,1
63,686.91339229999994,1.9088000000238026,VSM.ClearPhysicalPages,343808,1
63,686.91339229999994,1.9088000000238026,VSM.PageOccupancy,96256,1
63,686.91339229999994,1.9088000000238026,VSM.FinalizePages,1792,1
63,686.91339229999994,1.9088000000238026,VSM.DynamicRaster,0,0
63,686.91339229999994,1.9088000000238026,VSM.LayoutRemap,0,1
63,686.91339229999994,1.9088000000238026,VSM.InvalidateStatic,0,0
63,686.91339229999994,1.9088000000238026,VSM.InvalidateDynamic,1792,1
63,686.91339229999994,1.9088000000238026,VSM.StaticCasterCull,431360,1
63,686.91339229999994,1.9088000000238026,VSM.DynamicCasterCull,0,1
63,686.91339229999994,1.9088000000238026,VSM.PageCull,412416,1
63,686.91339229999994,1.9088000000238026,VSM.StaticRasterClear,0,1
63,686.91339229999994,1.9088000000238026,VSM.StaticRasterDraw,7168,1
63,686.91339229999994,1.9088000000238026,VSM.DynamicRasterClear,0,0
63,686.91339229999994,1.9088000000238026,VSM.DynamicRasterDraw,0,0
63,686.91339229999994,1.9088000000238026,VSM.StaticRaster,7424,1
63,686.91339229999994,1.9088000000238026,VSM.UnityCompatibilityRaster,0,0
63,686.91339229999994,1.9088000000238026,VSM.Resolve,7482112,1
63,686.91339229999994,1.9088000000238026,VSM.ResolveTrace,7255552,1
63,686.91339229999994,1.9088000000238026,VSM.FilterHorizontal,65792,1
63,686.91339229999994,1.9088000000238026,VSM.FilterVertical,0,0
63,686.91339229999994,1.9088000000238026,VSM.FilterTemporalVertical,159744,1
63,686.91339229999994,1.9088000000238026,VSM.ResetFeedback,0,1
64,686.93182159999992,2.0767999999407039,VSM.MarkReceiverPages,1374464,1
64,686.93182159999992,2.0767999999407039,VSM.AllocationPrepare,14848,1
64,686.93182159999992,2.0767999999407039,VSM.AllocationCommit,1181440,1
64,686.93182159999992,2.0767999999407039,VSM.Allocate,1197312,1
64,686.93182159999992,2.0767999999407039,VSM.ClearPhysicalPages,344064,1
64,686.93182159999992,2.0767999999407039,VSM.PageOccupancy,95744,1
64,686.93182159999992,2.0767999999407039,VSM.FinalizePages,1792,1
64,686.93182159999992,2.0767999999407039,VSM.DynamicRaster,0,0
64,686.93182159999992,2.0767999999407039,VSM.LayoutRemap,0,1
64,686.93182159999992,2.0767999999407039,VSM.InvalidateStatic,0,0
64,686.93182159999992,2.0767999999407039,VSM.InvalidateDynamic,2304,1
64,686.93182159999992,2.0767999999407039,VSM.StaticCasterCull,610304,1
64,686.93182159999992,2.0767999999407039,VSM.DynamicCasterCull,0,1
64,686.93182159999992,2.0767999999407039,VSM.PageCull,401920,1
64,686.93182159999992,2.0767999999407039,VSM.StaticRasterClear,256,1
64,686.93182159999992,2.0767999999407039,VSM.StaticRasterDraw,4608,1
64,686.93182159999992,2.0767999999407039,VSM.DynamicRasterClear,0,0
64,686.93182159999992,2.0767999999407039,VSM.DynamicRasterDraw,0,0
64,686.93182159999992,2.0767999999407039,VSM.StaticRaster,5376,1
64,686.93182159999992,2.0767999999407039,VSM.UnityCompatibilityRaster,0,0
64,686.93182159999992,2.0767999999407039,VSM.Resolve,7241984,1
64,686.93182159999992,2.0767999999407039,VSM.ResolveTrace,7016704,1
64,686.93182159999992,2.0767999999407039,VSM.FilterHorizontal,65280,1
64,686.93182159999992,2.0767999999407039,VSM.FilterVertical,0,0
64,686.93182159999992,2.0767999999407039,VSM.FilterTemporalVertical,158976,1
64,686.93182159999992,2.0767999999407039,VSM.ResetFeedback,0,1
65,686.95062169999994,1.9321999999419859,VSM.MarkReceiverPages,907776,1
65,686.95062169999994,1.9321999999419859,VSM.AllocationPrepare,10240,1
65,686.95062169999994,1.9321999999419859,VSM.AllocationCommit,1180928,1
65,686.95062169999994,1.9321999999419859,VSM.Allocate,1554688,1
65,686.95062169999994,1.9321999999419859,VSM.ClearPhysicalPages,344320,1
65,686.95062169999994,1.9321999999419859,VSM.PageOccupancy,92928,1
65,686.95062169999994,1.9321999999419859,VSM.FinalizePages,2048,1
65,686.95062169999994,1.9321999999419859,VSM.DynamicRaster,0,0
65,686.95062169999994,1.9321999999419859,VSM.LayoutRemap,0,1
65,686.95062169999994,1.9321999999419859,VSM.InvalidateStatic,0,0
65,686.95062169999994,1.9321999999419859,VSM.InvalidateDynamic,2048,1
65,686.95062169999994,1.9321999999419859,VSM.StaticCasterCull,411136,1
65,686.95062169999994,1.9321999999419859,VSM.DynamicCasterCull,0,1
65,686.95062169999994,1.9321999999419859,VSM.PageCull,392192,1
65,686.95062169999994,1.9321999999419859,VSM.StaticRasterClear,0,1
65,686.95062169999994,1.9321999999419859,VSM.StaticRasterDraw,6912,1
65,686.95062169999994,1.9321999999419859,VSM.DynamicRasterClear,0,0
65,686.95062169999994,1.9321999999419859,VSM.DynamicRasterDraw,0,0
65,686.95062169999994,1.9321999999419859,VSM.StaticRaster,7168,1
65,686.95062169999994,1.9321999999419859,VSM.UnityCompatibilityRaster,0,0
65,686.95062169999994,1.9321999999419859,VSM.Resolve,8104448,1
65,686.95062169999994,1.9321999999419859,VSM.ResolveTrace,7874304,1
65,686.95062169999994,1.9321999999419859,VSM.FilterHorizontal,67840,1
65,686.95062169999994,1.9321999999419859,VSM.FilterVertical,0,0
65,686.95062169999994,1.9321999999419859,VSM.FilterTemporalVertical,161280,1
65,686.95062169999994,1.9321999999419859,VSM.ResetFeedback,0,1
66,686.96920849999992,2.0461999999952241,VSM.MarkReceiverPages,905472,1
66,686.96920849999992,2.0461999999952241,VSM.AllocationPrepare,10240,1
66,686.96920849999992,2.0461999999952241,VSM.AllocationCommit,1181184,1
66,686.96920849999992,2.0461999999952241,VSM.Allocate,1465344,1
66,686.96920849999992,2.0461999999952241,VSM.ClearPhysicalPages,344064,1
66,686.96920849999992,2.0461999999952241,VSM.PageOccupancy,91392,1
66,686.96920849999992,2.0461999999952241,VSM.FinalizePages,2048,1
66,686.96920849999992,2.0461999999952241,VSM.DynamicRaster,0,0
66,686.96920849999992,2.0461999999952241,VSM.LayoutRemap,0,1
66,686.96920849999992,2.0461999999952241,VSM.InvalidateStatic,0,0
66,686.96920849999992,2.0461999999952241,VSM.InvalidateDynamic,2048,1
66,686.96920849999992,2.0461999999952241,VSM.StaticCasterCull,441600,1
66,686.96920849999992,2.0461999999952241,VSM.DynamicCasterCull,0,1
66,686.96920849999992,2.0461999999952241,VSM.PageCull,423424,1
66,686.96920849999992,2.0461999999952241,VSM.StaticRasterClear,0,1
66,686.96920849999992,2.0461999999952241,VSM.StaticRasterDraw,7424,1
66,686.96920849999992,2.0461999999952241,VSM.DynamicRasterClear,0,0
66,686.96920849999992,2.0461999999952241,VSM.DynamicRasterDraw,0,0
66,686.96920849999992,2.0461999999952241,VSM.StaticRaster,7680,1
66,686.96920849999992,2.0461999999952241,VSM.UnityCompatibilityRaster,0,0
66,686.96920849999992,2.0461999999952241,VSM.Resolve,8055808,1
66,686.96920849999992,2.0461999999952241,VSM.ResolveTrace,7827712,1
66,686.96920849999992,2.0461999999952241,VSM.FilterHorizontal,67328,1
66,686.96920849999992,2.0461999999952241,VSM.FilterVertical,0,0
66,686.96920849999992,2.0461999999952241,VSM.FilterTemporalVertical,159488,1
66,686.96920849999992,2.0461999999952241,VSM.ResetFeedback,0,1
67,686.987044,2.0854000000554151,VSM.MarkReceiverPages,908288,1
67,686.987044,2.0854000000554151,VSM.AllocationPrepare,9984,1
67,686.987044,2.0854000000554151,VSM.AllocationCommit,1182208,1
67,686.987044,2.0854000000554151,VSM.Allocate,1650944,1
67,686.987044,2.0854000000554151,VSM.ClearPhysicalPages,344320,1
67,686.987044,2.0854000000554151,VSM.PageOccupancy,96000,1
67,686.987044,2.0854000000554151,VSM.FinalizePages,1792,1
67,686.987044,2.0854000000554151,VSM.DynamicRaster,0,0
67,686.987044,2.0854000000554151,VSM.LayoutRemap,0,1
67,686.987044,2.0854000000554151,VSM.InvalidateStatic,0,0
67,686.987044,2.0854000000554151,VSM.InvalidateDynamic,1792,1
67,686.987044,2.0854000000554151,VSM.StaticCasterCull,422656,1
67,686.987044,2.0854000000554151,VSM.DynamicCasterCull,0,1
67,686.987044,2.0854000000554151,VSM.PageCull,403968,1
67,686.987044,2.0854000000554151,VSM.StaticRasterClear,0,1
67,686.987044,2.0854000000554151,VSM.StaticRasterDraw,7168,1
67,686.987044,2.0854000000554151,VSM.DynamicRasterClear,0,0
67,686.987044,2.0854000000554151,VSM.DynamicRasterDraw,0,0
67,686.987044,2.0854000000554151,VSM.StaticRaster,7424,1
67,686.987044,2.0854000000554151,VSM.UnityCompatibilityRaster,0,0
67,686.987044,2.0854000000554151,VSM.Resolve,7929344,1
67,686.987044,2.0854000000554151,VSM.ResolveTrace,7701248,1
67,686.987044,2.0854000000554151,VSM.FilterHorizontal,66560,1
67,686.987044,2.0854000000554151,VSM.FilterVertical,0,0
67,686.987044,2.0854000000554151,VSM.FilterTemporalVertical,160256,1
67,686.987044,2.0854000000554151,VSM.ResetFeedback,0,1
68,687.00544529999991,2.0802999999887106,VSM.MarkReceiverPages,905472,1
68,687.00544529999991,2.0802999999887106,VSM.AllocationPrepare,10240,1
68,687.00544529999991,2.0802999999887106,VSM.AllocationCommit,1181440,1
68,687.00544529999991,2.0802999999887106,VSM.Allocate,1478144,1
68,687.00544529999991,2.0802999999887106,VSM.ClearPhysicalPages,344320,1
68,687.00544529999991,2.0802999999887106,VSM.PageOccupancy,92160,1
68,687.00544529999991,2.0802999999887106,VSM.FinalizePages,2048,1
68,687.00544529999991,2.0802999999887106,VSM.DynamicRaster,0,0
68,687.00544529999991,2.0802999999887106,VSM.LayoutRemap,0,1
68,687.00544529999991,2.0802999999887106,VSM.InvalidateStatic,0,0
68,687.00544529999991,2.0802999999887106,VSM.InvalidateDynamic,1792,1
68,687.00544529999991,2.0802999999887106,VSM.StaticCasterCull,433664,1
68,687.00544529999991,2.0802999999887106,VSM.DynamicCasterCull,0,1
68,687.00544529999991,2.0802999999887106,VSM.PageCull,415232,1
68,687.00544529999991,2.0802999999887106,VSM.StaticRasterClear,256,1
68,687.00544529999991,2.0802999999887106,VSM.StaticRasterDraw,7168,1
68,687.00544529999991,2.0802999999887106,VSM.DynamicRasterClear,0,0
68,687.00544529999991,2.0802999999887106,VSM.DynamicRasterDraw,0,0
68,687.00544529999991,2.0802999999887106,VSM.StaticRaster,7424,1
68,687.00544529999991,2.0802999999887106,VSM.UnityCompatibilityRaster,0,0
68,687.00544529999991,2.0802999999887106,VSM.Resolve,7821824,1
68,687.00544529999991,2.0802999999887106,VSM.ResolveTrace,7590656,1
68,687.00544529999991,2.0802999999887106,VSM.FilterHorizontal,65792,1
68,687.00544529999991,2.0802999999887106,VSM.FilterVertical,0,0
68,687.00544529999991,2.0802999999887106,VSM.FilterTemporalVertical,164352,1
68,687.00544529999991,2.0802999999887106,VSM.ResetFeedback,0,1
69,687.02374939999993,2.1623999999746957,VSM.MarkReceiverPages,905216,1
69,687.02374939999993,2.1623999999746957,VSM.AllocationPrepare,10240,1
69,687.02374939999993,2.1623999999746957,VSM.AllocationCommit,1180928,1
69,687.02374939999993,2.1623999999746957,VSM.Allocate,1348864,1
69,687.02374939999993,2.1623999999746957,VSM.ClearPhysicalPages,343808,1
69,687.02374939999993,2.1623999999746957,VSM.PageOccupancy,94976,1
69,687.02374939999993,2.1623999999746957,VSM.FinalizePages,2048,1
69,687.02374939999993,2.1623999999746957,VSM.DynamicRaster,0,0
69,687.02374939999993,2.1623999999746957,VSM.LayoutRemap,0,1
69,687.02374939999993,2.1623999999746957,VSM.InvalidateStatic,0,0
69,687.02374939999993,2.1623999999746957,VSM.InvalidateDynamic,2048,1
69,687.02374939999993,2.1623999999746957,VSM.StaticCasterCull,414208,1
69,687.02374939999993,2.1623999999746957,VSM.DynamicCasterCull,0,1
69,687.02374939999993,2.1623999999746957,VSM.PageCull,394752,1
69,687.02374939999993,2.1623999999746957,VSM.StaticRasterClear,0,1
69,687.02374939999993,2.1623999999746957,VSM.StaticRasterDraw,7168,1
69,687.02374939999993,2.1623999999746957,VSM.DynamicRasterClear,0,0
69,687.02374939999993,2.1623999999746957,VSM.DynamicRasterDraw,0,0
69,687.02374939999993,2.1623999999746957,VSM.StaticRaster,7424,1
69,687.02374939999993,2.1623999999746957,VSM.UnityCompatibilityRaster,0,0
69,687.02374939999993,2.1623999999746957,VSM.Resolve,8182528,1
69,687.02374939999993,2.1623999999746957,VSM.ResolveTrace,7954688,1
69,687.02374939999993,2.1623999999746957,VSM.FilterHorizontal,66560,1
69,687.02374939999993,2.1623999999746957,VSM.FilterVertical,0,0
69,687.02374939999993,2.1623999999746957,VSM.FilterTemporalVertical,160256,1
69,687.02374939999993,2.1623999999746957,VSM.ResetFeedback,0,1
70,687.042881,2.2434999999632055,VSM.MarkReceiverPages,904960,1
70,687.042881,2.2434999999632055,VSM.AllocationPrepare,10240,1
70,687.042881,2.2434999999632055,VSM.AllocationCommit,1181696,1
70,687.042881,2.2434999999632055,VSM.Allocate,1452288,1
70,687.042881,2.2434999999632055,VSM.ClearPhysicalPages,344064,1
70,687.042881,2.2434999999632055,VSM.PageOccupancy,92928,1
70,687.042881,2.2434999999632055,VSM.FinalizePages,1792,1
70,687.042881,2.2434999999632055,VSM.DynamicRaster,0,0
70,687.042881,2.2434999999632055,VSM.LayoutRemap,256,1
70,687.042881,2.2434999999632055,VSM.InvalidateStatic,0,0
70,687.042881,2.2434999999632055,VSM.InvalidateDynamic,1792,1
70,687.042881,2.2434999999632055,VSM.StaticCasterCull,424960,1
70,687.042881,2.2434999999632055,VSM.DynamicCasterCull,0,1
70,687.042881,2.2434999999632055,VSM.PageCull,406528,1
70,687.042881,2.2434999999632055,VSM.StaticRasterClear,0,1
70,687.042881,2.2434999999632055,VSM.StaticRasterDraw,7168,1
70,687.042881,2.2434999999632055,VSM.DynamicRasterClear,0,0
70,687.042881,2.2434999999632055,VSM.DynamicRasterDraw,0,0
70,687.042881,2.2434999999632055,VSM.StaticRaster,7424,1
70,687.042881,2.2434999999632055,VSM.UnityCompatibilityRaster,0,0
70,687.042881,2.2434999999632055,VSM.Resolve,7901440,1
70,687.042881,2.2434999999632055,VSM.ResolveTrace,7675136,1
70,687.042881,2.2434999999632055,VSM.FilterHorizontal,65536,1
70,687.042881,2.2434999999632055,VSM.FilterVertical,0,0
70,687.042881,2.2434999999632055,VSM.FilterTemporalVertical,159488,1
70,687.042881,2.2434999999632055,VSM.ResetFeedback,0,1
71,687.0609887999999,2.0756999999775871,VSM.MarkReceiverPages,910592,1
71,687.0609887999999,2.0756999999775871,VSM.AllocationPrepare,10240,1
71,687.0609887999999,2.0756999999775871,VSM.AllocationCommit,1181952,1
71,687.0609887999999,2.0756999999775871,VSM.Allocate,1447424,1
71,687.0609887999999,2.0756999999775871,VSM.ClearPhysicalPages,343296,1
71,687.0609887999999,2.0756999999775871,VSM.PageOccupancy,96768,1
71,687.0609887999999,2.0756999999775871,VSM.FinalizePages,2048,1
71,687.0609887999999,2.0756999999775871,VSM.DynamicRaster,0,0
71,687.0609887999999,2.0756999999775871,VSM.LayoutRemap,0,1
71,687.0609887999999,2.0756999999775871,VSM.InvalidateStatic,0,0
71,687.0609887999999,2.0756999999775871,VSM.InvalidateDynamic,2048,1
71,687.0609887999999,2.0756999999775871,VSM.StaticCasterCull,598272,1
71,687.0609887999999,2.0756999999775871,VSM.DynamicCasterCull,0,1
71,687.0609887999999,2.0756999999775871,VSM.PageCull,416256,1
71,687.0609887999999,2.0756999999775871,VSM.StaticRasterClear,256,1
71,687.0609887999999,2.0756999999775871,VSM.StaticRasterDraw,7168,1
71,687.0609887999999,2.0756999999775871,VSM.DynamicRasterClear,0,0
71,687.0609887999999,2.0756999999775871,VSM.DynamicRasterDraw,0,0
71,687.0609887999999,2.0756999999775871,VSM.StaticRaster,7680,1
71,687.0609887999999,2.0756999999775871,VSM.UnityCompatibilityRaster,0,0
71,687.0609887999999,2.0756999999775871,VSM.Resolve,7950336,1
71,687.0609887999999,2.0756999999775871,VSM.ResolveTrace,7723520,1
71,687.0609887999999,2.0756999999775871,VSM.FilterHorizontal,65280,1
71,687.0609887999999,2.0756999999775871,VSM.FilterVertical,0,0
71,687.0609887999999,2.0756999999775871,VSM.FilterTemporalVertical,160512,1
71,687.0609887999999,2.0756999999775871,VSM.ResetFeedback,0,1
72,687.0971582,2.0203000000265092,VSM.MarkReceiverPages,904960,1
72,687.0971582,2.0203000000265092,VSM.AllocationPrepare,10240,1
72,687.0971582,2.0203000000265092,VSM.AllocationCommit,1181952,1
72,687.0971582,2.0203000000265092,VSM.Allocate,1192192,1
72,687.0971582,2.0203000000265092,VSM.ClearPhysicalPages,343808,1
72,687.0971582,2.0203000000265092,VSM.PageOccupancy,89088,1
72,687.0971582,2.0203000000265092,VSM.FinalizePages,2048,1
72,687.0971582,2.0203000000265092,VSM.DynamicRaster,0,0
72,687.0971582,2.0203000000265092,VSM.LayoutRemap,0,1
72,687.0971582,2.0203000000265092,VSM.InvalidateStatic,0,0
72,687.0971582,2.0203000000265092,VSM.InvalidateDynamic,1536,1
72,687.0971582,2.0203000000265092,VSM.StaticCasterCull,615168,1
72,687.0971582,2.0203000000265092,VSM.DynamicCasterCull,0,1
72,687.0971582,2.0203000000265092,VSM.PageCull,403712,1
72,687.0971582,2.0203000000265092,VSM.StaticRasterClear,256,1
72,687.0971582,2.0203000000265092,VSM.StaticRasterDraw,6912,1
72,687.0971582,2.0203000000265092,VSM.DynamicRasterClear,0,0
72,687.0971582,2.0203000000265092,VSM.DynamicRasterDraw,0,0
72,687.0971582,2.0203000000265092,VSM.StaticRaster,7680,1
72,687.0971582,2.0203000000265092,VSM.UnityCompatibilityRaster,0,0
72,687.0971582,2.0203000000265092,VSM.Resolve,8279296,1
72,687.0971582,2.0203000000265092,VSM.ResolveTrace,8051200,1
72,687.0971582,2.0203000000265092,VSM.FilterHorizontal,67328,1
72,687.0971582,2.0203000000265092,VSM.FilterVertical,0,0
72,687.0971582,2.0203000000265092,VSM.FilterTemporalVertical,159744,1
72,687.0971582,2.0203000000265092,VSM.ResetFeedback,0,1
73,687.11577419999992,2.0561999999699765,VSM.MarkReceiverPages,908288,1
73,687.11577419999992,2.0561999999699765,VSM.AllocationPrepare,15104,1
73,687.11577419999992,2.0561999999699765,VSM.AllocationCommit,1181952,1
73,687.11577419999992,2.0561999999699765,VSM.Allocate,1198080,1
73,687.11577419999992,2.0561999999699765,VSM.ClearPhysicalPages,343808,1
73,687.11577419999992,2.0561999999699765,VSM.PageOccupancy,92928,1
73,687.11577419999992,2.0561999999699765,VSM.FinalizePages,1792,1
73,687.11577419999992,2.0561999999699765,VSM.DynamicRaster,0,0
73,687.11577419999992,2.0561999999699765,VSM.LayoutRemap,0,1
73,687.11577419999992,2.0561999999699765,VSM.InvalidateStatic,0,0
73,687.11577419999992,2.0561999999699765,VSM.InvalidateDynamic,2048,1
73,687.11577419999992,2.0561999999699765,VSM.StaticCasterCull,583168,1
73,687.11577419999992,2.0561999999699765,VSM.DynamicCasterCull,0,1
73,687.11577419999992,2.0561999999699765,VSM.PageCull,400896,1
73,687.11577419999992,2.0561999999699765,VSM.StaticRasterClear,0,1
73,687.11577419999992,2.0561999999699765,VSM.StaticRasterDraw,7168,1
73,687.11577419999992,2.0561999999699765,VSM.DynamicRasterClear,0,0
73,687.11577419999992,2.0561999999699765,VSM.DynamicRasterDraw,0,0
73,687.11577419999992,2.0561999999699765,VSM.StaticRaster,7680,1
73,687.11577419999992,2.0561999999699765,VSM.UnityCompatibilityRaster,0,0
73,687.11577419999992,2.0561999999699765,VSM.Resolve,7521792,1
73,687.11577419999992,2.0561999999699765,VSM.ResolveTrace,7294976,1
73,687.11577419999992,2.0561999999699765,VSM.FilterHorizontal,65280,1
73,687.11577419999992,2.0561999999699765,VSM.FilterVertical,0,0
73,687.11577419999992,2.0561999999699765,VSM.FilterTemporalVertical,160256,1
73,687.11577419999992,2.0561999999699765,VSM.ResetFeedback,0,1
74,687.13422889999993,2.1365999999716223,VSM.MarkReceiverPages,908288,1
74,687.13422889999993,2.1365999999716223,VSM.AllocationPrepare,9984,1
74,687.13422889999993,2.1365999999716223,VSM.AllocationCommit,1181696,1
74,687.13422889999993,2.1365999999716223,VSM.Allocate,1453056,1
74,687.13422889999993,2.1365999999716223,VSM.ClearPhysicalPages,344320,1
74,687.13422889999993,2.1365999999716223,VSM.PageOccupancy,92160,1
74,687.13422889999993,2.1365999999716223,VSM.FinalizePages,2048,1
74,687.13422889999993,2.1365999999716223,VSM.DynamicRaster,0,0
74,687.13422889999993,2.1365999999716223,VSM.LayoutRemap,0,1
74,687.13422889999993,2.1365999999716223,VSM.InvalidateStatic,0,0
74,687.13422889999993,2.1365999999716223,VSM.InvalidateDynamic,1536,1
74,687.13422889999993,2.1365999999716223,VSM.StaticCasterCull,418304,1
74,687.13422889999993,2.1365999999716223,VSM.DynamicCasterCull,0,1
74,687.13422889999993,2.1365999999716223,VSM.PageCull,398848,1
74,687.13422889999993,2.1365999999716223,VSM.StaticRasterClear,0,1
74,687.13422889999993,2.1365999999716223,VSM.StaticRasterDraw,7168,1
74,687.13422889999993,2.1365999999716223,VSM.DynamicRasterClear,0,0
74,687.13422889999993,2.1365999999716223,VSM.DynamicRasterDraw,0,0
74,687.13422889999993,2.1365999999716223,VSM.StaticRaster,7424,1
74,687.13422889999993,2.1365999999716223,VSM.UnityCompatibilityRaster,0,0
74,687.13422889999993,2.1365999999716223,VSM.Resolve,8264704,1
74,687.13422889999993,2.1365999999716223,VSM.ResolveTrace,8037632,1
74,687.13422889999993,2.1365999999716223,VSM.FilterHorizontal,65536,1
74,687.13422889999993,2.1365999999716223,VSM.FilterVertical,0,0
74,687.13422889999993,2.1365999999716223,VSM.FilterTemporalVertical,160256,1
74,687.13422889999993,2.1365999999716223,VSM.ResetFeedback,0,1
75,687.1534074,2.6075000000673754,VSM.MarkReceiverPages,901120,1
75,687.1534074,2.6075000000673754,VSM.AllocationPrepare,10240,1
75,687.1534074,2.6075000000673754,VSM.AllocationCommit,1181184,1
75,687.1534074,2.6075000000673754,VSM.Allocate,1191680,1
75,687.1534074,2.6075000000673754,VSM.ClearPhysicalPages,602112,1
75,687.1534074,2.6075000000673754,VSM.PageOccupancy,92672,1
75,687.1534074,2.6075000000673754,VSM.FinalizePages,2048,1
75,687.1534074,2.6075000000673754,VSM.DynamicRaster,0,0
75,687.1534074,2.6075000000673754,VSM.LayoutRemap,0,1
75,687.1534074,2.6075000000673754,VSM.InvalidateStatic,0,0
75,687.1534074,2.6075000000673754,VSM.InvalidateDynamic,1792,1
75,687.1534074,2.6075000000673754,VSM.StaticCasterCull,435712,1
75,687.1534074,2.6075000000673754,VSM.DynamicCasterCull,256,1
75,687.1534074,2.6075000000673754,VSM.PageCull,413952,1
75,687.1534074,2.6075000000673754,VSM.StaticRasterClear,0,1
75,687.1534074,2.6075000000673754,VSM.StaticRasterDraw,6912,1
75,687.1534074,2.6075000000673754,VSM.DynamicRasterClear,0,0
75,687.1534074,2.6075000000673754,VSM.DynamicRasterDraw,0,0
75,687.1534074,2.6075000000673754,VSM.StaticRaster,7168,1
75,687.1534074,2.6075000000673754,VSM.UnityCompatibilityRaster,0,0
75,687.1534074,2.6075000000673754,VSM.Resolve,8221440,1
75,687.1534074,2.6075000000673754,VSM.ResolveTrace,7993344,1
75,687.1534074,2.6075000000673754,VSM.FilterHorizontal,66048,1
75,687.1534074,2.6075000000673754,VSM.FilterVertical,0,0
75,687.1534074,2.6075000000673754,VSM.FilterTemporalVertical,160512,1
75,687.1534074,2.6075000000673754,VSM.ResetFeedback,0,1
76,687.1716662,2.2626000001082502,VSM.MarkReceiverPages,904448,1
76,687.1716662,2.2626000001082502,VSM.AllocationPrepare,14592,1
76,687.1716662,2.2626000001082502,VSM.AllocationCommit,1182208,1
76,687.1716662,2.2626000001082502,VSM.Allocate,1197824,1
76,687.1716662,2.2626000001082502,VSM.ClearPhysicalPages,343552,1
76,687.1716662,2.2626000001082502,VSM.PageOccupancy,93696,1
76,687.1716662,2.2626000001082502,VSM.FinalizePages,1792,1
76,687.1716662,2.2626000001082502,VSM.DynamicRaster,0,0
76,687.1716662,2.2626000001082502,VSM.LayoutRemap,0,1
76,687.1716662,2.2626000001082502,VSM.InvalidateStatic,0,0
76,687.1716662,2.2626000001082502,VSM.InvalidateDynamic,2048,1
76,687.1716662,2.2626000001082502,VSM.StaticCasterCull,411392,1
76,687.1716662,2.2626000001082502,VSM.DynamicCasterCull,0,1
76,687.1716662,2.2626000001082502,VSM.PageCull,391936,1
76,687.1716662,2.2626000001082502,VSM.StaticRasterClear,0,1
76,687.1716662,2.2626000001082502,VSM.StaticRasterDraw,7168,1
76,687.1716662,2.2626000001082502,VSM.DynamicRasterClear,0,0
76,687.1716662,2.2626000001082502,VSM.DynamicRasterDraw,0,0
76,687.1716662,2.2626000001082502,VSM.StaticRaster,7424,1
76,687.1716662,2.2626000001082502,VSM.UnityCompatibilityRaster,0,0
76,687.1716662,2.2626000001082502,VSM.Resolve,7626752,1
76,687.1716662,2.2626000001082502,VSM.ResolveTrace,7399680,1
76,687.1716662,2.2626000001082502,VSM.FilterHorizontal,65792,1
76,687.1716662,2.2626000001082502,VSM.FilterVertical,0,0
76,687.1716662,2.2626000001082502,VSM.FilterTemporalVertical,160000,1
76,687.1716662,2.2626000001082502,VSM.ResetFeedback,0,1
77,687.1904933,2.3339000000532906,VSM.MarkReceiverPages,900352,1
77,687.1904933,2.3339000000532906,VSM.AllocationPrepare,9984,1
77,687.1904933,2.3339000000532906,VSM.AllocationCommit,1181696,1
77,687.1904933,2.3339000000532906,VSM.Allocate,1192192,1
77,687.1904933,2.3339000000532906,VSM.ClearPhysicalPages,343808,1
77,687.1904933,2.3339000000532906,VSM.PageOccupancy,97024,1
77,687.1904933,2.3339000000532906,VSM.FinalizePages,2048,1
77,687.1904933,2.3339000000532906,VSM.DynamicRaster,0,0
77,687.1904933,2.3339000000532906,VSM.LayoutRemap,0,1
77,687.1904933,2.3339000000532906,VSM.InvalidateStatic,0,0
77,687.1904933,2.3339000000532906,VSM.InvalidateDynamic,1536,1
77,687.1904933,2.3339000000532906,VSM.StaticCasterCull,428800,1
77,687.1904933,2.3339000000532906,VSM.DynamicCasterCull,0,1
77,687.1904933,2.3339000000532906,VSM.PageCull,409856,1
77,687.1904933,2.3339000000532906,VSM.StaticRasterClear,0,1
77,687.1904933,2.3339000000532906,VSM.StaticRasterDraw,4864,1
77,687.1904933,2.3339000000532906,VSM.DynamicRasterClear,0,0
77,687.1904933,2.3339000000532906,VSM.DynamicRasterDraw,0,0
77,687.1904933,2.3339000000532906,VSM.StaticRaster,5120,1
77,687.1904933,2.3339000000532906,VSM.UnityCompatibilityRaster,0,0
77,687.1904933,2.3339000000532906,VSM.Resolve,8220160,1
77,687.1904933,2.3339000000532906,VSM.ResolveTrace,7726592,1
77,687.1904933,2.3339000000532906,VSM.FilterHorizontal,65792,1
77,687.1904933,2.3339000000532906,VSM.FilterVertical,0,0
77,687.1904933,2.3339000000532906,VSM.FilterTemporalVertical,427008,1
77,687.1904933,2.3339000000532906,VSM.ResetFeedback,0,1
78,687.2081029,1.8968000000540997,VSM.MarkReceiverPages,904704,1
78,687.2081029,1.8968000000540997,VSM.AllocationPrepare,10240,1
78,687.2081029,1.8968000000540997,VSM.AllocationCommit,1181440,1
78,687.2081029,1.8968000000540997,VSM.Allocate,1472256,1
78,687.2081029,1.8968000000540997,VSM.ClearPhysicalPages,344576,1
78,687.2081029,1.8968000000540997,VSM.PageOccupancy,95232,1
78,687.2081029,1.8968000000540997,VSM.FinalizePages,2048,1
78,687.2081029,1.8968000000540997,VSM.DynamicRaster,0,0
78,687.2081029,1.8968000000540997,VSM.LayoutRemap,0,1
78,687.2081029,1.8968000000540997,VSM.InvalidateStatic,0,0
78,687.2081029,1.8968000000540997,VSM.InvalidateDynamic,2304,1
78,687.2081029,1.8968000000540997,VSM.StaticCasterCull,423168,1
78,687.2081029,1.8968000000540997,VSM.DynamicCasterCull,0,1
78,687.2081029,1.8968000000540997,VSM.PageCull,404480,1
78,687.2081029,1.8968000000540997,VSM.StaticRasterClear,0,1
78,687.2081029,1.8968000000540997,VSM.StaticRasterDraw,7168,1
78,687.2081029,1.8968000000540997,VSM.DynamicRasterClear,0,0
78,687.2081029,1.8968000000540997,VSM.DynamicRasterDraw,0,0
78,687.2081029,1.8968000000540997,VSM.StaticRaster,7424,1
78,687.2081029,1.8968000000540997,VSM.UnityCompatibilityRaster,0,0
78,687.2081029,1.8968000000540997,VSM.Resolve,7676928,1
78,687.2081029,1.8968000000540997,VSM.ResolveTrace,7270912,1
78,687.2081029,1.8968000000540997,VSM.FilterHorizontal,65536,1
78,687.2081029,1.8968000000540997,VSM.FilterVertical,0,0
78,687.2081029,1.8968000000540997,VSM.FilterTemporalVertical,339456,1
78,687.2081029,1.8968000000540997,VSM.ResetFeedback,0,1
79,687.2257923,2.0045999999638298,VSM.MarkReceiverPages,905216,1
79,687.2257923,2.0045999999638298,VSM.AllocationPrepare,10240,1
79,687.2257923,2.0045999999638298,VSM.AllocationCommit,1181440,1
79,687.2257923,2.0045999999638298,VSM.Allocate,1191680,1
79,687.2257923,2.0045999999638298,VSM.ClearPhysicalPages,344064,1
79,687.2257923,2.0045999999638298,VSM.PageOccupancy,93184,1
79,687.2257923,2.0045999999638298,VSM.FinalizePages,2048,1
79,687.2257923,2.0045999999638298,VSM.DynamicRaster,0,0
79,687.2257923,2.0045999999638298,VSM.LayoutRemap,0,1
79,687.2257923,2.0045999999638298,VSM.InvalidateStatic,0,0
79,687.2257923,2.0045999999638298,VSM.InvalidateDynamic,1792,1
79,687.2257923,2.0045999999638298,VSM.StaticCasterCull,439040,1
79,687.2257923,2.0045999999638298,VSM.DynamicCasterCull,0,1
79,687.2257923,2.0045999999638298,VSM.PageCull,419584,1
79,687.2257923,2.0045999999638298,VSM.StaticRasterClear,0,1
79,687.2257923,2.0045999999638298,VSM.StaticRasterDraw,3328,1
79,687.2257923,2.0045999999638298,VSM.DynamicRasterClear,0,0
79,687.2257923,2.0045999999638298,VSM.DynamicRasterDraw,0,0
79,687.2257923,2.0045999999638298,VSM.StaticRaster,3328,1
79,687.2257923,2.0045999999638298,VSM.UnityCompatibilityRaster,0,0
79,687.2257923,2.0045999999638298,VSM.Resolve,8321536,1
79,687.2257923,2.0045999999638298,VSM.ResolveTrace,7843072,1
79,687.2257923,2.0045999999638298,VSM.FilterHorizontal,66304,1
79,687.2257923,2.0045999999638298,VSM.FilterVertical,0,0
79,687.2257923,2.0045999999638298,VSM.FilterTemporalVertical,159744,1
79,687.2257923,2.0045999999638298,VSM.ResetFeedback,0,1
80,687.24351819999993,1.9563999999263615,VSM.MarkReceiverPages,906240,1
80,687.24351819999993,1.9563999999263615,VSM.AllocationPrepare,10240,1
80,687.24351819999993,1.9563999999263615,VSM.AllocationCommit,1180928,1
80,687.24351819999993,1.9563999999263615,VSM.Allocate,1382400,1
80,687.24351819999993,1.9563999999263615,VSM.ClearPhysicalPages,343552,1
80,687.24351819999993,1.9563999999263615,VSM.PageOccupancy,93696,1
80,687.24351819999993,1.9563999999263615,VSM.FinalizePages,2048,1
80,687.24351819999993,1.9563999999263615,VSM.DynamicRaster,0,0
80,687.24351819999993,1.9563999999263615,VSM.LayoutRemap,0,1
80,687.24351819999993,1.9563999999263615,VSM.InvalidateStatic,0,0
80,687.24351819999993,1.9563999999263615,VSM.InvalidateDynamic,2048,1
80,687.24351819999993,1.9563999999263615,VSM.StaticCasterCull,424704,1
80,687.24351819999993,1.9563999999263615,VSM.DynamicCasterCull,0,1
80,687.24351819999993,1.9563999999263615,VSM.PageCull,405760,1
80,687.24351819999993,1.9563999999263615,VSM.StaticRasterClear,256,1
80,687.24351819999993,1.9563999999263615,VSM.StaticRasterDraw,6912,1
80,687.24351819999993,1.9563999999263615,VSM.DynamicRasterClear,0,0
80,687.24351819999993,1.9563999999263615,VSM.DynamicRasterDraw,0,0
80,687.24351819999993,1.9563999999263615,VSM.StaticRaster,7168,1
80,687.24351819999993,1.9563999999263615,VSM.UnityCompatibilityRaster,0,0
80,687.24351819999993,1.9563999999263615,VSM.Resolve,8040448,1
80,687.24351819999993,1.9563999999263615,VSM.ResolveTrace,7812864,1
80,687.24351819999993,1.9563999999263615,VSM.FilterHorizontal,65792,1
80,687.24351819999993,1.9563999999263615,VSM.FilterVertical,0,0
80,687.24351819999993,1.9563999999263615,VSM.FilterTemporalVertical,160512,1
80,687.24351819999993,1.9563999999263615,VSM.ResetFeedback,0,1
81,687.2623133,2.1265000000312284,VSM.MarkReceiverPages,1074688,1
81,687.2623133,2.1265000000312284,VSM.AllocationPrepare,10496,1
81,687.2623133,2.1265000000312284,VSM.AllocationCommit,1181440,1
81,687.2623133,2.1265000000312284,VSM.Allocate,1192448,1
81,687.2623133,2.1265000000312284,VSM.ClearPhysicalPages,343808,1
81,687.2623133,2.1265000000312284,VSM.PageOccupancy,91904,1
81,687.2623133,2.1265000000312284,VSM.FinalizePages,2048,1
81,687.2623133,2.1265000000312284,VSM.DynamicRaster,0,0
81,687.2623133,2.1265000000312284,VSM.LayoutRemap,0,1
81,687.2623133,2.1265000000312284,VSM.InvalidateStatic,0,0
81,687.2623133,2.1265000000312284,VSM.InvalidateDynamic,1792,1
81,687.2623133,2.1265000000312284,VSM.StaticCasterCull,426240,1
81,687.2623133,2.1265000000312284,VSM.DynamicCasterCull,0,1
81,687.2623133,2.1265000000312284,VSM.PageCull,407808,1
81,687.2623133,2.1265000000312284,VSM.StaticRasterClear,256,1
81,687.2623133,2.1265000000312284,VSM.StaticRasterDraw,7168,1
81,687.2623133,2.1265000000312284,VSM.DynamicRasterClear,0,0
81,687.2623133,2.1265000000312284,VSM.DynamicRasterDraw,0,0
81,687.2623133,2.1265000000312284,VSM.StaticRaster,7424,1
81,687.2623133,2.1265000000312284,VSM.UnityCompatibilityRaster,0,0
81,687.2623133,2.1265000000312284,VSM.Resolve,8161536,1
81,687.2623133,2.1265000000312284,VSM.ResolveTrace,7932928,1
81,687.2623133,2.1265000000312284,VSM.FilterHorizontal,67072,1
81,687.2623133,2.1265000000312284,VSM.FilterVertical,0,0
81,687.2623133,2.1265000000312284,VSM.FilterTemporalVertical,160512,1
81,687.2623133,2.1265000000312284,VSM.ResetFeedback,0,1
82,687.2804292,2.255900000022848,VSM.MarkReceiverPages,1082880,1
82,687.2804292,2.255900000022848,VSM.AllocationPrepare,10240,1
82,687.2804292,2.255900000022848,VSM.AllocationCommit,1181184,1
82,687.2804292,2.255900000022848,VSM.Allocate,1192192,1
82,687.2804292,2.255900000022848,VSM.ClearPhysicalPages,343808,1
82,687.2804292,2.255900000022848,VSM.PageOccupancy,94976,1
82,687.2804292,2.255900000022848,VSM.FinalizePages,2048,1
82,687.2804292,2.255900000022848,VSM.DynamicRaster,0,0
82,687.2804292,2.255900000022848,VSM.LayoutRemap,0,1
82,687.2804292,2.255900000022848,VSM.InvalidateStatic,0,0
82,687.2804292,2.255900000022848,VSM.InvalidateDynamic,2048,1
82,687.2804292,2.255900000022848,VSM.StaticCasterCull,598016,1
82,687.2804292,2.255900000022848,VSM.DynamicCasterCull,0,1
82,687.2804292,2.255900000022848,VSM.PageCull,410624,1
82,687.2804292,2.255900000022848,VSM.StaticRasterClear,0,1
82,687.2804292,2.255900000022848,VSM.StaticRasterDraw,11776,1
82,687.2804292,2.255900000022848,VSM.DynamicRasterClear,0,0
82,687.2804292,2.255900000022848,VSM.DynamicRasterDraw,0,0
82,687.2804292,2.255900000022848,VSM.StaticRaster,12288,1
82,687.2804292,2.255900000022848,VSM.UnityCompatibilityRaster,0,0
82,687.2804292,2.255900000022848,VSM.Resolve,7322368,1
82,687.2804292,2.255900000022848,VSM.ResolveTrace,7096832,1
82,687.2804292,2.255900000022848,VSM.FilterHorizontal,65792,1
82,687.2804292,2.255900000022848,VSM.FilterVertical,0,0
82,687.2804292,2.255900000022848,VSM.FilterTemporalVertical,158976,1
82,687.2804292,2.255900000022848,VSM.ResetFeedback,0,1
83,687.2974317,2.050899999971989,VSM.MarkReceiverPages,910848,1
83,687.2974317,2.050899999971989,VSM.AllocationPrepare,10240,1
83,687.2974317,2.050899999971989,VSM.AllocationCommit,1181696,1
83,687.2974317,2.050899999971989,VSM.Allocate,1803008,1
83,687.2974317,2.050899999971989,VSM.ClearPhysicalPages,344320,1
83,687.2974317,2.050899999971989,VSM.PageOccupancy,93696,1
83,687.2974317,2.050899999971989,VSM.FinalizePages,2304,1
83,687.2974317,2.050899999971989,VSM.DynamicRaster,0,0
83,687.2974317,2.050899999971989,VSM.LayoutRemap,0,1
83,687.2974317,2.050899999971989,VSM.InvalidateStatic,0,0
83,687.2974317,2.050899999971989,VSM.InvalidateDynamic,3072,1
83,687.2974317,2.050899999971989,VSM.StaticCasterCull,428032,1
83,687.2974317,2.050899999971989,VSM.DynamicCasterCull,0,1
83,687.2974317,2.050899999971989,VSM.PageCull,409088,1
83,687.2974317,2.050899999971989,VSM.StaticRasterClear,0,1
83,687.2974317,2.050899999971989,VSM.StaticRasterDraw,7168,1
83,687.2974317,2.050899999971989,VSM.DynamicRasterClear,0,0
83,687.2974317,2.050899999971989,VSM.DynamicRasterDraw,0,0
83,687.2974317,2.050899999971989,VSM.StaticRaster,7168,1
83,687.2974317,2.050899999971989,VSM.UnityCompatibilityRaster,0,0
83,687.2974317,2.050899999971989,VSM.Resolve,7885312,1
83,687.2974317,2.050899999971989,VSM.ResolveTrace,7654912,1
83,687.2974317,2.050899999971989,VSM.FilterHorizontal,65792,1
83,687.2974317,2.050899999971989,VSM.FilterVertical,0,0
83,687.2974317,2.050899999971989,VSM.FilterTemporalVertical,163328,1
83,687.2974317,2.050899999971989,VSM.ResetFeedback,0,1
84,687.31495239999992,1.9575999999688065,VSM.MarkReceiverPages,905984,1
84,687.31495239999992,1.9575999999688065,VSM.AllocationPrepare,10240,1
84,687.31495239999992,1.9575999999688065,VSM.AllocationCommit,1182720,1
84,687.31495239999992,1.9575999999688065,VSM.Allocate,1192960,1
84,687.31495239999992,1.9575999999688065,VSM.ClearPhysicalPages,343808,1
84,687.31495239999992,1.9575999999688065,VSM.PageOccupancy,92928,1
84,687.31495239999992,1.9575999999688065,VSM.FinalizePages,2048,1
84,687.31495239999992,1.9575999999688065,VSM.DynamicRaster,0,0
84,687.31495239999992,1.9575999999688065,VSM.LayoutRemap,0,1
84,687.31495239999992,1.9575999999688065,VSM.InvalidateStatic,0,0
84,687.31495239999992,1.9575999999688065,VSM.InvalidateDynamic,1792,1
84,687.31495239999992,1.9575999999688065,VSM.StaticCasterCull,868608,1
84,687.31495239999992,1.9575999999688065,VSM.DynamicCasterCull,0,1
84,687.31495239999992,1.9575999999688065,VSM.PageCull,849664,1
84,687.31495239999992,1.9575999999688065,VSM.StaticRasterClear,256,1
84,687.31495239999992,1.9575999999688065,VSM.StaticRasterDraw,8704,1
84,687.31495239999992,1.9575999999688065,VSM.DynamicRasterClear,0,0
84,687.31495239999992,1.9575999999688065,VSM.DynamicRasterDraw,0,0
84,687.31495239999992,1.9575999999688065,VSM.StaticRaster,9216,1
84,687.31495239999992,1.9575999999688065,VSM.UnityCompatibilityRaster,0,0
84,687.31495239999992,1.9575999999688065,VSM.Resolve,8104448,1
84,687.31495239999992,1.9575999999688065,VSM.ResolveTrace,7877632,1
84,687.31495239999992,1.9575999999688065,VSM.FilterHorizontal,65792,1
84,687.31495239999992,1.9575999999688065,VSM.FilterVertical,0,0
84,687.31495239999992,1.9575999999688065,VSM.FilterTemporalVertical,159744,1
84,687.31495239999992,1.9575999999688065,VSM.ResetFeedback,0,1
85,687.3328201999999,1.8936999999823456,VSM.MarkReceiverPages,906752,1
85,687.3328201999999,1.8936999999823456,VSM.AllocationPrepare,9984,1
85,687.3328201999999,1.8936999999823456,VSM.AllocationCommit,1181440,1
85,687.3328201999999,1.8936999999823456,VSM.Allocate,1191680,1
85,687.3328201999999,1.8936999999823456,VSM.ClearPhysicalPages,344576,1
85,687.3328201999999,1.8936999999823456,VSM.PageOccupancy,92160,1
85,687.3328201999999,1.8936999999823456,VSM.FinalizePages,2048,1
85,687.3328201999999,1.8936999999823456,VSM.DynamicRaster,0,0
85,687.3328201999999,1.8936999999823456,VSM.LayoutRemap,0,1
85,687.3328201999999,1.8936999999823456,VSM.InvalidateStatic,0,0
85,687.3328201999999,1.8936999999823456,VSM.InvalidateDynamic,1792,1
85,687.3328201999999,1.8936999999823456,VSM.StaticCasterCull,413184,1
85,687.3328201999999,1.8936999999823456,VSM.DynamicCasterCull,0,1
85,687.3328201999999,1.8936999999823456,VSM.PageCull,394752,1
85,687.3328201999999,1.8936999999823456,VSM.StaticRasterClear,0,1
85,687.3328201999999,1.8936999999823456,VSM.StaticRasterDraw,3584,1
85,687.3328201999999,1.8936999999823456,VSM.DynamicRasterClear,0,0
85,687.3328201999999,1.8936999999823456,VSM.DynamicRasterDraw,0,0
85,687.3328201999999,1.8936999999823456,VSM.StaticRaster,3840,1
85,687.3328201999999,1.8936999999823456,VSM.UnityCompatibilityRaster,0,0
85,687.3328201999999,1.8936999999823456,VSM.Resolve,7827712,1
85,687.3328201999999,1.8936999999823456,VSM.ResolveTrace,7600128,1
85,687.3328201999999,1.8936999999823456,VSM.FilterHorizontal,66560,1
85,687.3328201999999,1.8936999999823456,VSM.FilterVertical,0,0
85,687.3328201999999,1.8936999999823456,VSM.FilterTemporalVertical,159488,1
85,687.3328201999999,1.8936999999823456,VSM.ResetFeedback,0,1
86,687.35071299999993,1.8863999999894077,VSM.MarkReceiverPages,904960,1
86,687.35071299999993,1.8863999999894077,VSM.AllocationPrepare,10240,1
86,687.35071299999993,1.8863999999894077,VSM.AllocationCommit,1181696,1
86,687.35071299999993,1.8863999999894077,VSM.Allocate,1192192,1
86,687.35071299999993,1.8863999999894077,VSM.ClearPhysicalPages,620544,1
86,687.35071299999993,1.8863999999894077,VSM.PageOccupancy,92416,1
86,687.35071299999993,1.8863999999894077,VSM.FinalizePages,2816,1
86,687.35071299999993,1.8863999999894077,VSM.DynamicRaster,0,0
86,687.35071299999993,1.8863999999894077,VSM.LayoutRemap,0,1
86,687.35071299999993,1.8863999999894077,VSM.InvalidateStatic,0,0
86,687.35071299999993,1.8863999999894077,VSM.InvalidateDynamic,1536,1
86,687.35071299999993,1.8863999999894077,VSM.StaticCasterCull,436224,1
86,687.35071299999993,1.8863999999894077,VSM.DynamicCasterCull,0,1
86,687.35071299999993,1.8863999999894077,VSM.PageCull,413952,1
86,687.35071299999993,1.8863999999894077,VSM.StaticRasterClear,0,1
86,687.35071299999993,1.8863999999894077,VSM.StaticRasterDraw,3328,1
86,687.35071299999993,1.8863999999894077,VSM.DynamicRasterClear,0,0
86,687.35071299999993,1.8863999999894077,VSM.DynamicRasterDraw,0,0
86,687.35071299999993,1.8863999999894077,VSM.StaticRaster,3584,1
86,687.35071299999993,1.8863999999894077,VSM.UnityCompatibilityRaster,0,0
86,687.35071299999993,1.8863999999894077,VSM.Resolve,7547648,1
86,687.35071299999993,1.8863999999894077,VSM.ResolveTrace,7320320,1
86,687.35071299999993,1.8863999999894077,VSM.FilterHorizontal,65536,1
86,687.35071299999993,1.8863999999894077,VSM.FilterVertical,0,0
86,687.35071299999993,1.8863999999894077,VSM.FilterTemporalVertical,160768,1
86,687.35071299999993,1.8863999999894077,VSM.ResetFeedback,0,1
87,687.3690894,1.9789000000400847,VSM.MarkReceiverPages,903680,1
87,687.3690894,1.9789000000400847,VSM.AllocationPrepare,10240,1
87,687.3690894,1.9789000000400847,VSM.AllocationCommit,1181440,1
87,687.3690894,1.9789000000400847,VSM.Allocate,1477120,1
87,687.3690894,1.9789000000400847,VSM.ClearPhysicalPages,344832,1
87,687.3690894,1.9789000000400847,VSM.PageOccupancy,95232,1
87,687.3690894,1.9789000000400847,VSM.FinalizePages,2048,1
87,687.3690894,1.9789000000400847,VSM.DynamicRaster,0,0
87,687.3690894,1.9789000000400847,VSM.LayoutRemap,256,1
87,687.3690894,1.9789000000400847,VSM.InvalidateStatic,0,0
87,687.3690894,1.9789000000400847,VSM.InvalidateDynamic,2816,1
87,687.3690894,1.9789000000400847,VSM.StaticCasterCull,420608,1
87,687.3690894,1.9789000000400847,VSM.DynamicCasterCull,256,1
87,687.3690894,1.9789000000400847,VSM.PageCull,401408,1
87,687.3690894,1.9789000000400847,VSM.StaticRasterClear,0,1
87,687.3690894,1.9789000000400847,VSM.StaticRasterDraw,7424,1
87,687.3690894,1.9789000000400847,VSM.DynamicRasterClear,0,0
87,687.3690894,1.9789000000400847,VSM.DynamicRasterDraw,0,0
87,687.3690894,1.9789000000400847,VSM.StaticRaster,7424,1
87,687.3690894,1.9789000000400847,VSM.UnityCompatibilityRaster,0,0
87,687.3690894,1.9789000000400847,VSM.Resolve,7532800,1
87,687.3690894,1.9789000000400847,VSM.ResolveTrace,7305216,1
87,687.3690894,1.9789000000400847,VSM.FilterHorizontal,66304,1
87,687.3690894,1.9789000000400847,VSM.FilterVertical,0,0
87,687.3690894,1.9789000000400847,VSM.FilterTemporalVertical,160256,1
87,687.3690894,1.9789000000400847,VSM.ResetFeedback,0,1
88,687.3867825,1.8416000000343047,VSM.MarkReceiverPages,924928,1
88,687.3867825,1.8416000000343047,VSM.AllocationPrepare,10240,1
88,687.3867825,1.8416000000343047,VSM.AllocationCommit,1181184,1
88,687.3867825,1.8416000000343047,VSM.Allocate,1517824,1
88,687.3867825,1.8416000000343047,VSM.ClearPhysicalPages,344576,1
88,687.3867825,1.8416000000343047,VSM.PageOccupancy,93952,1
88,687.3867825,1.8416000000343047,VSM.FinalizePages,2304,1
88,687.3867825,1.8416000000343047,VSM.DynamicRaster,0,0
88,687.3867825,1.8416000000343047,VSM.LayoutRemap,0,1
88,687.3867825,1.8416000000343047,VSM.InvalidateStatic,0,0
88,687.3867825,1.8416000000343047,VSM.InvalidateDynamic,1792,1
88,687.3867825,1.8416000000343047,VSM.StaticCasterCull,431360,1
88,687.3867825,1.8416000000343047,VSM.DynamicCasterCull,0,1
88,687.3867825,1.8416000000343047,VSM.PageCull,412416,1
88,687.3867825,1.8416000000343047,VSM.StaticRasterClear,256,1
88,687.3867825,1.8416000000343047,VSM.StaticRasterDraw,11008,1
88,687.3867825,1.8416000000343047,VSM.DynamicRasterClear,0,0
88,687.3867825,1.8416000000343047,VSM.DynamicRasterDraw,0,0
88,687.3867825,1.8416000000343047,VSM.StaticRaster,11264,1
88,687.3867825,1.8416000000343047,VSM.UnityCompatibilityRaster,0,0
88,687.3867825,1.8416000000343047,VSM.Resolve,7631872,1
88,687.3867825,1.8416000000343047,VSM.ResolveTrace,7407104,1
88,687.3867825,1.8416000000343047,VSM.FilterHorizontal,65280,1
88,687.3867825,1.8416000000343047,VSM.FilterVertical,0,0
88,687.3867825,1.8416000000343047,VSM.FilterTemporalVertical,158208,1
88,687.3867825,1.8416000000343047,VSM.ResetFeedback,0,1
89,687.40471959999991,2.0028999999794905,VSM.MarkReceiverPages,905984,1
89,687.40471959999991,2.0028999999794905,VSM.AllocationPrepare,10240,1
89,687.40471959999991,2.0028999999794905,VSM.AllocationCommit,1181184,1
89,687.40471959999991,2.0028999999794905,VSM.Allocate,1358592,1
89,687.40471959999991,2.0028999999794905,VSM.ClearPhysicalPages,344832,1
89,687.40471959999991,2.0028999999794905,VSM.PageOccupancy,93696,1
89,687.40471959999991,2.0028999999794905,VSM.FinalizePages,2048,1
89,687.40471959999991,2.0028999999794905,VSM.DynamicRaster,0,0
89,687.40471959999991,2.0028999999794905,VSM.LayoutRemap,0,1
89,687.40471959999991,2.0028999999794905,VSM.InvalidateStatic,0,0
89,687.40471959999991,2.0028999999794905,VSM.InvalidateDynamic,1792,1
89,687.40471959999991,2.0028999999794905,VSM.StaticCasterCull,433920,1
89,687.40471959999991,2.0028999999794905,VSM.DynamicCasterCull,0,1
89,687.40471959999991,2.0028999999794905,VSM.PageCull,414976,1
89,687.40471959999991,2.0028999999794905,VSM.StaticRasterClear,0,1
89,687.40471959999991,2.0028999999794905,VSM.StaticRasterDraw,5120,1
89,687.40471959999991,2.0028999999794905,VSM.DynamicRasterClear,0,0
89,687.40471959999991,2.0028999999794905,VSM.DynamicRasterDraw,0,0
89,687.40471959999991,2.0028999999794905,VSM.StaticRaster,5376,1
89,687.40471959999991,2.0028999999794905,VSM.UnityCompatibilityRaster,0,0
89,687.40471959999991,2.0028999999794905,VSM.Resolve,8021248,1
89,687.40471959999991,2.0028999999794905,VSM.ResolveTrace,7794176,1
89,687.40471959999991,2.0028999999794905,VSM.FilterHorizontal,66304,1
89,687.40471959999991,2.0028999999794905,VSM.FilterVertical,0,0
89,687.40471959999991,2.0028999999794905,VSM.FilterTemporalVertical,159744,1
89,687.40471959999991,2.0028999999794905,VSM.ResetFeedback,0,1
90,687.42314419999991,2.5261999999202089,VSM.MarkReceiverPages,905472,1
90,687.42314419999991,2.5261999999202089,VSM.AllocationPrepare,9984,1
90,687.42314419999991,2.5261999999202089,VSM.AllocationCommit,1181184,1
90,687.42314419999991,2.5261999999202089,VSM.Allocate,1454848,1
90,687.42314419999991,2.5261999999202089,VSM.ClearPhysicalPages,344064,1
90,687.42314419999991,2.5261999999202089,VSM.PageOccupancy,93184,1
90,687.42314419999991,2.5261999999202089,VSM.FinalizePages,2048,1
90,687.42314419999991,2.5261999999202089,VSM.DynamicRaster,0,0
90,687.42314419999991,2.5261999999202089,VSM.LayoutRemap,0,1
90,687.42314419999991,2.5261999999202089,VSM.InvalidateStatic,0,0
90,687.42314419999991,2.5261999999202089,VSM.InvalidateDynamic,1792,1
90,687.42314419999991,2.5261999999202089,VSM.StaticCasterCull,442112,1
90,687.42314419999991,2.5261999999202089,VSM.DynamicCasterCull,0,1
90,687.42314419999991,2.5261999999202089,VSM.PageCull,422912,1
90,687.42314419999991,2.5261999999202089,VSM.StaticRasterClear,256,1
90,687.42314419999991,2.5261999999202089,VSM.StaticRasterDraw,6912,1
90,687.42314419999991,2.5261999999202089,VSM.DynamicRasterClear,0,0
90,687.42314419999991,2.5261999999202089,VSM.DynamicRasterDraw,0,0
90,687.42314419999991,2.5261999999202089,VSM.StaticRaster,7168,1
90,687.42314419999991,2.5261999999202089,VSM.UnityCompatibilityRaster,0,0
90,687.42314419999991,2.5261999999202089,VSM.Resolve,7523584,1
90,687.42314419999991,2.5261999999202089,VSM.ResolveTrace,6833152,1
90,687.42314419999991,2.5261999999202089,VSM.FilterHorizontal,68352,1
90,687.42314419999991,2.5261999999202089,VSM.FilterVertical,0,0
90,687.42314419999991,2.5261999999202089,VSM.FilterTemporalVertical,161280,1
90,687.42314419999991,2.5261999999202089,VSM.ResetFeedback,0,1
91,687.4406325,2.065100000095299,VSM.MarkReceiverPages,903936,1
91,687.4406325,2.065100000095299,VSM.AllocationPrepare,10496,1
91,687.4406325,2.065100000095299,VSM.AllocationCommit,1180928,1
91,687.4406325,2.065100000095299,VSM.Allocate,1440768,1
91,687.4406325,2.065100000095299,VSM.ClearPhysicalPages,343296,1
91,687.4406325,2.065100000095299,VSM.PageOccupancy,98304,1
91,687.4406325,2.065100000095299,VSM.FinalizePages,2048,1
91,687.4406325,2.065100000095299,VSM.DynamicRaster,0,0
91,687.4406325,2.065100000095299,VSM.LayoutRemap,0,1
91,687.4406325,2.065100000095299,VSM.InvalidateStatic,0,0
91,687.4406325,2.065100000095299,VSM.InvalidateDynamic,2048,1
91,687.4406325,2.065100000095299,VSM.StaticCasterCull,437760,1
91,687.4406325,2.065100000095299,VSM.DynamicCasterCull,0,1
91,687.4406325,2.065100000095299,VSM.PageCull,419072,1
91,687.4406325,2.065100000095299,VSM.StaticRasterClear,256,1
91,687.4406325,2.065100000095299,VSM.StaticRasterDraw,7424,1
91,687.4406325,2.065100000095299,VSM.DynamicRasterClear,0,0
91,687.4406325,2.065100000095299,VSM.DynamicRasterDraw,0,0
91,687.4406325,2.065100000095299,VSM.StaticRaster,7680,1
91,687.4406325,2.065100000095299,VSM.UnityCompatibilityRaster,0,0
91,687.4406325,2.065100000095299,VSM.Resolve,7902464,1
91,687.4406325,2.065100000095299,VSM.ResolveTrace,7671808,1
91,687.4406325,2.065100000095299,VSM.FilterHorizontal,66304,1
91,687.4406325,2.065100000095299,VSM.FilterVertical,0,0
91,687.4406325,2.065100000095299,VSM.FilterTemporalVertical,163328,1
91,687.4406325,2.065100000095299,VSM.ResetFeedback,0,1
92,687.4589436,1.828700000032768,VSM.MarkReceiverPages,907008,1
92,687.4589436,1.828700000032768,VSM.AllocationPrepare,10240,1
92,687.4589436,1.828700000032768,VSM.AllocationCommit,1200640,1
92,687.4589436,1.828700000032768,VSM.Allocate,1635072,1
92,687.4589436,1.828700000032768,VSM.ClearPhysicalPages,344064,1
92,687.4589436,1.828700000032768,VSM.PageOccupancy,93952,1
92,687.4589436,1.828700000032768,VSM.FinalizePages,2048,1
92,687.4589436,1.828700000032768,VSM.DynamicRaster,0,0
92,687.4589436,1.828700000032768,VSM.LayoutRemap,0,1
92,687.4589436,1.828700000032768,VSM.InvalidateStatic,0,0
92,687.4589436,1.828700000032768,VSM.InvalidateDynamic,3072,1
92,687.4589436,1.828700000032768,VSM.StaticCasterCull,555520,1
92,687.4589436,1.828700000032768,VSM.DynamicCasterCull,0,1
92,687.4589436,1.828700000032768,VSM.PageCull,398080,1
92,687.4589436,1.828700000032768,VSM.StaticRasterClear,256,1
92,687.4589436,1.828700000032768,VSM.StaticRasterDraw,4096,1
92,687.4589436,1.828700000032768,VSM.DynamicRasterClear,0,0
92,687.4589436,1.828700000032768,VSM.DynamicRasterDraw,0,0
92,687.4589436,1.828700000032768,VSM.StaticRaster,4864,1
92,687.4589436,1.828700000032768,VSM.UnityCompatibilityRaster,0,0
92,687.4589436,1.828700000032768,VSM.Resolve,7745024,1
92,687.4589436,1.828700000032768,VSM.ResolveTrace,7517696,1
92,687.4589436,1.828700000032768,VSM.FilterHorizontal,66048,1
92,687.4589436,1.828700000032768,VSM.FilterVertical,0,0
92,687.4589436,1.828700000032768,VSM.FilterTemporalVertical,160000,1
92,687.4589436,1.828700000032768,VSM.ResetFeedback,0,1
93,687.4765603,1.7457999999805907,VSM.MarkReceiverPages,906752,1
93,687.4765603,1.7457999999805907,VSM.AllocationPrepare,10240,1
93,687.4765603,1.7457999999805907,VSM.AllocationCommit,1181440,1
93,687.4765603,1.7457999999805907,VSM.Allocate,1191936,1
93,687.4765603,1.7457999999805907,VSM.ClearPhysicalPages,343552,1
93,687.4765603,1.7457999999805907,VSM.PageOccupancy,93952,1
93,687.4765603,1.7457999999805907,VSM.FinalizePages,2048,1
93,687.4765603,1.7457999999805907,VSM.DynamicRaster,0,0
93,687.4765603,1.7457999999805907,VSM.LayoutRemap,0,1
93,687.4765603,1.7457999999805907,VSM.InvalidateStatic,0,0
93,687.4765603,1.7457999999805907,VSM.InvalidateDynamic,1792,1
93,687.4765603,1.7457999999805907,VSM.StaticCasterCull,417792,1
93,687.4765603,1.7457999999805907,VSM.DynamicCasterCull,0,1
93,687.4765603,1.7457999999805907,VSM.PageCull,398592,1
93,687.4765603,1.7457999999805907,VSM.StaticRasterClear,0,1
93,687.4765603,1.7457999999805907,VSM.StaticRasterDraw,7168,1
93,687.4765603,1.7457999999805907,VSM.DynamicRasterClear,0,0
93,687.4765603,1.7457999999805907,VSM.DynamicRasterDraw,0,0
93,687.4765603,1.7457999999805907,VSM.StaticRaster,7424,1
93,687.4765603,1.7457999999805907,VSM.UnityCompatibilityRaster,0,0
93,687.4765603,1.7457999999805907,VSM.Resolve,7874304,1
93,687.4765603,1.7457999999805907,VSM.ResolveTrace,7646464,1
93,687.4765603,1.7457999999805907,VSM.FilterHorizontal,65792,1
93,687.4765603,1.7457999999805907,VSM.FilterVertical,0,0
93,687.4765603,1.7457999999805907,VSM.FilterTemporalVertical,161024,1
93,687.4765603,1.7457999999805907,VSM.ResetFeedback,0,1
94,687.4937964,1.7950000000155342,VSM.MarkReceiverPages,905216,1
94,687.4937964,1.7950000000155342,VSM.AllocationPrepare,194048,1
94,687.4937964,1.7950000000155342,VSM.AllocationCommit,1181184,1
94,687.4937964,1.7950000000155342,VSM.Allocate,1539840,1
94,687.4937964,1.7950000000155342,VSM.ClearPhysicalPages,344064,1
94,687.4937964,1.7950000000155342,VSM.PageOccupancy,97536,1
94,687.4937964,1.7950000000155342,VSM.FinalizePages,2560,1
94,687.4937964,1.7950000000155342,VSM.DynamicRaster,0,0
94,687.4937964,1.7950000000155342,VSM.LayoutRemap,0,1
94,687.4937964,1.7950000000155342,VSM.InvalidateStatic,0,0
94,687.4937964,1.7950000000155342,VSM.InvalidateDynamic,1792,1
94,687.4937964,1.7950000000155342,VSM.StaticCasterCull,721920,1
94,687.4937964,1.7950000000155342,VSM.DynamicCasterCull,0,1
94,687.4937964,1.7950000000155342,VSM.PageCull,414720,1
94,687.4937964,1.7950000000155342,VSM.StaticRasterClear,256,1
94,687.4937964,1.7950000000155342,VSM.StaticRasterDraw,8960,1
94,687.4937964,1.7950000000155342,VSM.DynamicRasterClear,0,0
94,687.4937964,1.7950000000155342,VSM.DynamicRasterDraw,0,0
94,687.4937964,1.7950000000155342,VSM.StaticRaster,9728,1
94,687.4937964,1.7950000000155342,VSM.UnityCompatibilityRaster,0,0
94,687.4937964,1.7950000000155342,VSM.Resolve,7804672,1
94,687.4937964,1.7950000000155342,VSM.ResolveTrace,7407616,1
94,687.4937964,1.7950000000155342,VSM.FilterHorizontal,65792,1
94,687.4937964,1.7950000000155342,VSM.FilterVertical,0,0
94,687.4937964,1.7950000000155342,VSM.FilterTemporalVertical,159744,1
94,687.4937964,1.7950000000155342,VSM.ResetFeedback,0,1
95,687.51473179999994,2.4376999999731197,VSM.MarkReceiverPages,1103872,1
95,687.51473179999994,2.4376999999731197,VSM.AllocationPrepare,10240,1
95,687.51473179999994,2.4376999999731197,VSM.AllocationCommit,1181696,1
95,687.51473179999994,2.4376999999731197,VSM.Allocate,1192704,1
95,687.51473179999994,2.4376999999731197,VSM.ClearPhysicalPages,344576,1
95,687.51473179999994,2.4376999999731197,VSM.PageOccupancy,93696,1
95,687.51473179999994,2.4376999999731197,VSM.FinalizePages,2048,1
95,687.51473179999994,2.4376999999731197,VSM.DynamicRaster,0,0
95,687.51473179999994,2.4376999999731197,VSM.LayoutRemap,0,1
95,687.51473179999994,2.4376999999731197,VSM.InvalidateStatic,0,0
95,687.51473179999994,2.4376999999731197,VSM.InvalidateDynamic,2048,1
95,687.51473179999994,2.4376999999731197,VSM.StaticCasterCull,674304,1
95,687.51473179999994,2.4376999999731197,VSM.DynamicCasterCull,0,1
95,687.51473179999994,2.4376999999731197,VSM.PageCull,398080,1
95,687.51473179999994,2.4376999999731197,VSM.StaticRasterClear,256,1
95,687.51473179999994,2.4376999999731197,VSM.StaticRasterDraw,4608,1
95,687.51473179999994,2.4376999999731197,VSM.DynamicRasterClear,0,0
95,687.51473179999994,2.4376999999731197,VSM.DynamicRasterDraw,0,0
95,687.51473179999994,2.4376999999731197,VSM.StaticRaster,5120,1
95,687.51473179999994,2.4376999999731197,VSM.UnityCompatibilityRaster,0,0
95,687.51473179999994,2.4376999999731197,VSM.Resolve,7561984,1
95,687.51473179999994,2.4376999999731197,VSM.ResolveTrace,7333632,1
95,687.51473179999994,2.4376999999731197,VSM.FilterHorizontal,65536,1
95,687.51473179999994,2.4376999999731197,VSM.FilterVertical,0,0
95,687.51473179999994,2.4376999999731197,VSM.FilterTemporalVertical,161024,1
95,687.51473179999994,2.4376999999731197,VSM.ResetFeedback,0,1
