observation,camera_frame_observed,editor_time_observed,vsm_active_observed,marker,gpu_ns,gpu_sample_count
0,13056,3802.5340384,1,VSM.LayoutRemap,0,1
0,13056,3802.5340384,1,VSM.ResetFeedback,0,1
0,13056,3802.5340384,1,VSM.MarkReceiverPages,616448,1
0,13056,3802.5340384,1,VSM.Allocate,223744,1
0,13056,3802.5340384,1,VSM.InvalidateStatic,0,0
0,13056,3802.5340384,1,VSM.ClearPhysicalPages,89600,1
0,13056,3802.5340384,1,VSM.StaticCasterCull,67072,1
0,13056,3802.5340384,1,VSM.DynamicCasterCull,41472,1
0,13056,3802.5340384,1,VSM.PageCull,75776,2
0,13056,3802.5340384,1,VSM.StaticRaster,7680,1
0,13056,3802.5340384,1,VSM.FinalizePages,2048,1
0,13056,3802.5340384,1,VSM.DynamicRaster,33792,1
0,13056,3802.5340384,1,VSM.UnityCompatibilityRaster,0,0
0,13056,3802.5340384,1,VSM.Resolve,10449920,1
0,13056,3802.5340384,1,VSM.ResolveTrace,10226176,1
0,13056,3802.5340384,1,VSM.FilterHorizontal,66048,1
0,13056,3802.5340384,1,VSM.FilterVertical,0,0
0,13056,3802.5340384,1,VSM.FilterTemporalVertical,156160,1
1,13057,3802.5567731,1,VSM.LayoutRemap,0,1
1,13057,3802.5567731,1,VSM.ResetFeedback,0,1
1,13057,3802.5567731,1,VSM.MarkReceiverPages,617728,1
1,13057,3802.5567731,1,VSM.Allocate,221696,1
1,13057,3802.5567731,1,VSM.InvalidateStatic,0,0
1,13057,3802.5567731,1,VSM.ClearPhysicalPages,252416,1
1,13057,3802.5567731,1,VSM.StaticCasterCull,70656,1
1,13057,3802.5567731,1,VSM.DynamicCasterCull,41984,1
1,13057,3802.5567731,1,VSM.PageCull,78080,2
1,13057,3802.5567731,1,VSM.StaticRaster,6912,1
1,13057,3802.5567731,1,VSM.FinalizePages,2304,1
1,13057,3802.5567731,1,VSM.DynamicRaster,33792,1
1,13057,3802.5567731,1,VSM.UnityCompatibilityRaster,0,0
1,13057,3802.5567731,1,VSM.Resolve,10558464,1
1,13057,3802.5567731,1,VSM.ResolveTrace,10333440,1
1,13057,3802.5567731,1,VSM.FilterHorizontal,65536,1
1,13057,3802.5567731,1,VSM.FilterVertical,0,0
1,13057,3802.5567731,1,VSM.FilterTemporalVertical,158464,1
2,13058,3802.5791437,1,VSM.LayoutRemap,0,1
2,13058,3802.5791437,1,VSM.ResetFeedback,0,1
2,13058,3802.5791437,1,VSM.MarkReceiverPages,615424,1
2,13058,3802.5791437,1,VSM.Allocate,225536,1
2,13058,3802.5791437,1,VSM.InvalidateStatic,0,0
2,13058,3802.5791437,1,VSM.ClearPhysicalPages,89856,1
2,13058,3802.5791437,1,VSM.StaticCasterCull,68352,1
2,13058,3802.5791437,1,VSM.DynamicCasterCull,42752,1
2,13058,3802.5791437,1,VSM.PageCull,77824,2
2,13058,3802.5791437,1,VSM.StaticRaster,7680,1
2,13058,3802.5791437,1,VSM.FinalizePages,2048,1
2,13058,3802.5791437,1,VSM.DynamicRaster,33792,1
2,13058,3802.5791437,1,VSM.UnityCompatibilityRaster,0,0
2,13058,3802.5791437,1,VSM.Resolve,10540032,1
2,13058,3802.5791437,1,VSM.ResolveTrace,10314240,1
2,13058,3802.5791437,1,VSM.FilterHorizontal,65280,1
2,13058,3802.5791437,1,VSM.FilterVertical,0,0
2,13058,3802.5791437,1,VSM.FilterTemporalVertical,159488,1
3,13059,3802.6007036,1,VSM.LayoutRemap,0,1
3,13059,3802.6007036,1,VSM.ResetFeedback,0,1
3,13059,3802.6007036,1,VSM.MarkReceiverPages,626432,1
3,13059,3802.6007036,1,VSM.Allocate,262656,1
3,13059,3802.6007036,1,VSM.InvalidateStatic,0,0
3,13059,3802.6007036,1,VSM.ClearPhysicalPages,257280,1
3,13059,3802.6007036,1,VSM.StaticCasterCull,72704,1
3,13059,3802.6007036,1,VSM.DynamicCasterCull,46080,1
3,13059,3802.6007036,1,VSM.PageCull,80640,2
3,13059,3802.6007036,1,VSM.StaticRaster,30720,1
3,13059,3802.6007036,1,VSM.FinalizePages,2048,1
3,13059,3802.6007036,1,VSM.DynamicRaster,32768,1
3,13059,3802.6007036,1,VSM.UnityCompatibilityRaster,0,0
3,13059,3802.6007036,1,VSM.Resolve,10341632,1
3,13059,3802.6007036,1,VSM.ResolveTrace,10122496,1
3,13059,3802.6007036,1,VSM.FilterHorizontal,65792,1
3,13059,3802.6007036,1,VSM.FilterVertical,0,0
3,13059,3802.6007036,1,VSM.FilterTemporalVertical,152320,1
4,13060,3802.6218277,1,VSM.LayoutRemap,0,1
4,13060,3802.6218277,1,VSM.ResetFeedback,0,1
4,13060,3802.6218277,1,VSM.MarkReceiverPages,629504,1
4,13060,3802.6218277,1,VSM.Allocate,225280,1
4,13060,3802.6218277,1,VSM.InvalidateStatic,0,0
4,13060,3802.6218277,1,VSM.ClearPhysicalPages,386816,1
4,13060,3802.6218277,1,VSM.StaticCasterCull,75264,1
4,13060,3802.6218277,1,VSM.DynamicCasterCull,44288,1
4,13060,3802.6218277,1,VSM.PageCull,80896,2
4,13060,3802.6218277,1,VSM.StaticRaster,6912,1
4,13060,3802.6218277,1,VSM.FinalizePages,2304,1
4,13060,3802.6218277,1,VSM.DynamicRaster,34304,1
4,13060,3802.6218277,1,VSM.UnityCompatibilityRaster,0,0
4,13060,3802.6218277,1,VSM.Resolve,10925568,1
4,13060,3802.6218277,1,VSM.ResolveTrace,10700800,1
4,13060,3802.6218277,1,VSM.FilterHorizontal,65536,1
4,13060,3802.6218277,1,VSM.FilterVertical,0,0
4,13060,3802.6218277,1,VSM.FilterTemporalVertical,157952,1
5,13061,3802.6444788999997,1,VSM.LayoutRemap,0,1
5,13061,3802.6444788999997,1,VSM.ResetFeedback,0,1
5,13061,3802.6444788999997,1,VSM.MarkReceiverPages,626432,1
5,13061,3802.6444788999997,1,VSM.Allocate,226048,1
5,13061,3802.6444788999997,1,VSM.InvalidateStatic,0,0
5,13061,3802.6444788999997,1,VSM.ClearPhysicalPages,361472,1
5,13061,3802.6444788999997,1,VSM.StaticCasterCull,70656,1
5,13061,3802.6444788999997,1,VSM.DynamicCasterCull,42240,1
5,13061,3802.6444788999997,1,VSM.PageCull,78592,2
5,13061,3802.6444788999997,1,VSM.StaticRaster,6400,1
5,13061,3802.6444788999997,1,VSM.FinalizePages,2048,1
5,13061,3802.6444788999997,1,VSM.DynamicRaster,35840,1
5,13061,3802.6444788999997,1,VSM.UnityCompatibilityRaster,0,0
5,13061,3802.6444788999997,1,VSM.Resolve,10720512,1
5,13061,3802.6444788999997,1,VSM.ResolveTrace,10494208,1
5,13061,3802.6444788999997,1,VSM.FilterHorizontal,67072,1
5,13061,3802.6444788999997,1,VSM.FilterVertical,0,0
5,13061,3802.6444788999997,1,VSM.FilterTemporalVertical,157952,1
6,13062,3802.6663181,1,VSM.LayoutRemap,0,1
6,13062,3802.6663181,1,VSM.ResetFeedback,0,1
6,13062,3802.6663181,1,VSM.MarkReceiverPages,625920,1
6,13062,3802.6663181,1,VSM.Allocate,226048,1
6,13062,3802.6663181,1,VSM.InvalidateStatic,0,0
6,13062,3802.6663181,1,VSM.ClearPhysicalPages,89856,1
6,13062,3802.6663181,1,VSM.StaticCasterCull,67072,1
6,13062,3802.6663181,1,VSM.DynamicCasterCull,43264,1
6,13062,3802.6663181,1,VSM.PageCull,76800,2
6,13062,3802.6663181,1,VSM.StaticRaster,7168,1
6,13062,3802.6663181,1,VSM.FinalizePages,2048,1
6,13062,3802.6663181,1,VSM.DynamicRaster,33024,1
6,13062,3802.6663181,1,VSM.UnityCompatibilityRaster,0,0
6,13062,3802.6663181,1,VSM.Resolve,10661120,1
6,13062,3802.6663181,1,VSM.ResolveTrace,10437376,1
6,13062,3802.6663181,1,VSM.FilterHorizontal,65536,1
6,13062,3802.6663181,1,VSM.FilterVertical,0,0
6,13062,3802.6663181,1,VSM.FilterTemporalVertical,157440,1
7,13063,3802.6878715,1,VSM.LayoutRemap,0,1
7,13063,3802.6878715,1,VSM.ResetFeedback,0,1
7,13063,3802.6878715,1,VSM.MarkReceiverPages,623616,1
7,13063,3802.6878715,1,VSM.Allocate,226048,1
7,13063,3802.6878715,1,VSM.InvalidateStatic,0,0
7,13063,3802.6878715,1,VSM.ClearPhysicalPages,251136,1
7,13063,3802.6878715,1,VSM.StaticCasterCull,69376,1
7,13063,3802.6878715,1,VSM.DynamicCasterCull,43264,1
7,13063,3802.6878715,1,VSM.PageCull,77568,2
7,13063,3802.6878715,1,VSM.StaticRaster,7168,1
7,13063,3802.6878715,1,VSM.FinalizePages,2048,1
7,13063,3802.6878715,1,VSM.DynamicRaster,33536,1
7,13063,3802.6878715,1,VSM.UnityCompatibilityRaster,0,0
7,13063,3802.6878715,1,VSM.Resolve,11860480,1
7,13063,3802.6878715,1,VSM.ResolveTrace,11261952,1
7,13063,3802.6878715,1,VSM.FilterHorizontal,67328,1
7,13063,3802.6878715,1,VSM.FilterVertical,0,0
7,13063,3802.6878715,1,VSM.FilterTemporalVertical,158464,1
8,13064,3802.7098886999997,1,VSM.LayoutRemap,0,1
8,13064,3802.7098886999997,1,VSM.ResetFeedback,0,1
8,13064,3802.7098886999997,1,VSM.MarkReceiverPages,624128,1
8,13064,3802.7098886999997,1,VSM.Allocate,227328,1
8,13064,3802.7098886999997,1,VSM.InvalidateStatic,0,0
8,13064,3802.7098886999997,1,VSM.ClearPhysicalPages,89600,1
8,13064,3802.7098886999997,1,VSM.StaticCasterCull,66816,1
8,13064,3802.7098886999997,1,VSM.DynamicCasterCull,42752,1
8,13064,3802.7098886999997,1,VSM.PageCull,76032,2
8,13064,3802.7098886999997,1,VSM.StaticRaster,7424,1
8,13064,3802.7098886999997,1,VSM.FinalizePages,2304,1
8,13064,3802.7098886999997,1,VSM.DynamicRaster,32512,1
8,13064,3802.7098886999997,1,VSM.UnityCompatibilityRaster,0,0
8,13064,3802.7098886999997,1,VSM.Resolve,10927616,1
8,13064,3802.7098886999997,1,VSM.ResolveTrace,10704896,1
8,13064,3802.7098886999997,1,VSM.FilterHorizontal,66048,1
8,13064,3802.7098886999997,1,VSM.FilterVertical,0,0
8,13064,3802.7098886999997,1,VSM.FilterTemporalVertical,155648,1
9,13065,3802.7317273999997,1,VSM.LayoutRemap,0,1
9,13065,3802.7317273999997,1,VSM.ResetFeedback,0,1
9,13065,3802.7317273999997,1,VSM.MarkReceiverPages,624384,1
9,13065,3802.7317273999997,1,VSM.Allocate,224768,1
9,13065,3802.7317273999997,1,VSM.InvalidateStatic,0,0
9,13065,3802.7317273999997,1,VSM.ClearPhysicalPages,89600,1
9,13065,3802.7317273999997,1,VSM.StaticCasterCull,67840,1
9,13065,3802.7317273999997,1,VSM.DynamicCasterCull,43776,1
9,13065,3802.7317273999997,1,VSM.PageCull,78336,2
9,13065,3802.7317273999997,1,VSM.StaticRaster,7680,1
9,13065,3802.7317273999997,1,VSM.FinalizePages,2048,1
9,13065,3802.7317273999997,1,VSM.DynamicRaster,32768,1
9,13065,3802.7317273999997,1,VSM.UnityCompatibilityRaster,0,0
9,13065,3802.7317273999997,1,VSM.Resolve,11178496,1
9,13065,3802.7317273999997,1,VSM.ResolveTrace,10954240,1
9,13065,3802.7317273999997,1,VSM.FilterHorizontal,67328,1
9,13065,3802.7317273999997,1,VSM.FilterVertical,0,0
9,13065,3802.7317273999997,1,VSM.FilterTemporalVertical,155904,1
10,13066,3802.7547925999997,1,VSM.LayoutRemap,0,1
10,13066,3802.7547925999997,1,VSM.ResetFeedback,0,1
10,13066,3802.7547925999997,1,VSM.MarkReceiverPages,628992,1
10,13066,3802.7547925999997,1,VSM.Allocate,227072,1
10,13066,3802.7547925999997,1,VSM.InvalidateStatic,0,0
10,13066,3802.7547925999997,1,VSM.ClearPhysicalPages,89600,1
10,13066,3802.7547925999997,1,VSM.StaticCasterCull,68352,1
10,13066,3802.7547925999997,1,VSM.DynamicCasterCull,44544,1
10,13066,3802.7547925999997,1,VSM.PageCull,80384,2
10,13066,3802.7547925999997,1,VSM.StaticRaster,3328,1
10,13066,3802.7547925999997,1,VSM.FinalizePages,2048,1
10,13066,3802.7547925999997,1,VSM.DynamicRaster,32768,1
10,13066,3802.7547925999997,1,VSM.UnityCompatibilityRaster,0,0
10,13066,3802.7547925999997,1,VSM.Resolve,11258368,1
10,13066,3802.7547925999997,1,VSM.ResolveTrace,11035648,1
10,13066,3802.7547925999997,1,VSM.FilterHorizontal,66560,1
10,13066,3802.7547925999997,1,VSM.FilterVertical,0,0
10,13066,3802.7547925999997,1,VSM.FilterTemporalVertical,154880,1
11,13067,3802.7775084,1,VSM.LayoutRemap,0,1
11,13067,3802.7775084,1,VSM.ResetFeedback,0,1
11,13067,3802.7775084,1,VSM.MarkReceiverPages,1059840,1
11,13067,3802.7775084,1,VSM.Allocate,226304,1
11,13067,3802.7775084,1,VSM.InvalidateStatic,0,0
11,13067,3802.7775084,1,VSM.ClearPhysicalPages,89856,1
11,13067,3802.7775084,1,VSM.StaticCasterCull,67584,1
11,13067,3802.7775084,1,VSM.DynamicCasterCull,43520,1
11,13067,3802.7775084,1,VSM.PageCull,77824,2
11,13067,3802.7775084,1,VSM.StaticRaster,9728,1
11,13067,3802.7775084,1,VSM.FinalizePages,2048,1
11,13067,3802.7775084,1,VSM.DynamicRaster,33280,1
11,13067,3802.7775084,1,VSM.UnityCompatibilityRaster,0,0
11,13067,3802.7775084,1,VSM.Resolve,10260992,1
11,13067,3802.7775084,1,VSM.ResolveTrace,9862912,1
11,13067,3802.7775084,1,VSM.FilterHorizontal,66304,1
11,13067,3802.7775084,1,VSM.FilterVertical,0,0
11,13067,3802.7775084,1,VSM.FilterTemporalVertical,330752,1
12,13068,3802.7997539999997,1,VSM.LayoutRemap,0,1
12,13068,3802.7997539999997,1,VSM.ResetFeedback,0,1
12,13068,3802.7997539999997,1,VSM.MarkReceiverPages,627968,1
12,13068,3802.7997539999997,1,VSM.Allocate,226560,1
12,13068,3802.7997539999997,1,VSM.InvalidateStatic,0,0
12,13068,3802.7997539999997,1,VSM.ClearPhysicalPages,89856,1
12,13068,3802.7997539999997,1,VSM.StaticCasterCull,68096,1
12,13068,3802.7997539999997,1,VSM.DynamicCasterCull,45824,1
12,13068,3802.7997539999997,1,VSM.PageCull,81408,2
12,13068,3802.7997539999997,1,VSM.StaticRaster,3328,1
12,13068,3802.7997539999997,1,VSM.FinalizePages,1792,1
12,13068,3802.7997539999997,1,VSM.DynamicRaster,36352,1
12,13068,3802.7997539999997,1,VSM.UnityCompatibilityRaster,0,0
12,13068,3802.7997539999997,1,VSM.Resolve,11137536,1
12,13068,3802.7997539999997,1,VSM.ResolveTrace,10917888,1
12,13068,3802.7997539999997,1,VSM.FilterHorizontal,65024,1
12,13068,3802.7997539999997,1,VSM.FilterVertical,0,0
12,13068,3802.7997539999997,1,VSM.FilterTemporalVertical,153344,1
13,13069,3802.8253095,1,VSM.LayoutRemap,0,1
13,13069,3802.8253095,1,VSM.ResetFeedback,0,1
13,13069,3802.8253095,1,VSM.MarkReceiverPages,625920,1
13,13069,3802.8253095,1,VSM.Allocate,226304,1
13,13069,3802.8253095,1,VSM.InvalidateStatic,0,0
13,13069,3802.8253095,1,VSM.ClearPhysicalPages,89856,1
13,13069,3802.8253095,1,VSM.StaticCasterCull,68096,1
13,13069,3802.8253095,1,VSM.DynamicCasterCull,43264,1
13,13069,3802.8253095,1,VSM.PageCull,78336,2
13,13069,3802.8253095,1,VSM.StaticRaster,4352,1
13,13069,3802.8253095,1,VSM.FinalizePages,2048,1
13,13069,3802.8253095,1,VSM.DynamicRaster,32512,1
13,13069,3802.8253095,1,VSM.UnityCompatibilityRaster,0,0
13,13069,3802.8253095,1,VSM.Resolve,11226368,1
13,13069,3802.8253095,1,VSM.ResolveTrace,11004160,1
13,13069,3802.8253095,1,VSM.FilterHorizontal,65280,1
13,13069,3802.8253095,1,VSM.FilterVertical,0,0
13,13069,3802.8253095,1,VSM.FilterTemporalVertical,155648,1
14,13070,3802.8485612,1,VSM.LayoutRemap,0,1
14,13070,3802.8485612,1,VSM.ResetFeedback,0,1
14,13070,3802.8485612,1,VSM.MarkReceiverPages,628480,1
14,13070,3802.8485612,1,VSM.Allocate,226560,1
14,13070,3802.8485612,1,VSM.InvalidateStatic,0,0
14,13070,3802.8485612,1,VSM.ClearPhysicalPages,259584,1
14,13070,3802.8485612,1,VSM.StaticCasterCull,67584,1
14,13070,3802.8485612,1,VSM.DynamicCasterCull,43008,1
14,13070,3802.8485612,1,VSM.PageCull,76800,2
14,13070,3802.8485612,1,VSM.StaticRaster,6912,1
14,13070,3802.8485612,1,VSM.FinalizePages,2048,1
14,13070,3802.8485612,1,VSM.DynamicRaster,32256,1
14,13070,3802.8485612,1,VSM.UnityCompatibilityRaster,0,0
14,13070,3802.8485612,1,VSM.Resolve,11168256,1
14,13070,3802.8485612,1,VSM.ResolveTrace,10781440,1
14,13070,3802.8485612,1,VSM.FilterHorizontal,231936,1
14,13070,3802.8485612,1,VSM.FilterVertical,0,0
14,13070,3802.8485612,1,VSM.FilterTemporalVertical,153600,1
15,13071,3802.8730382,1,VSM.LayoutRemap,0,1
15,13071,3802.8730382,1,VSM.ResetFeedback,0,1
15,13071,3802.8730382,1,VSM.MarkReceiverPages,645120,1
15,13071,3802.8730382,1,VSM.Allocate,263936,1
15,13071,3802.8730382,1,VSM.InvalidateStatic,0,0
15,13071,3802.8730382,1,VSM.ClearPhysicalPages,90112,1
15,13071,3802.8730382,1,VSM.StaticCasterCull,239616,1
15,13071,3802.8730382,1,VSM.DynamicCasterCull,43008,1
15,13071,3802.8730382,1,VSM.PageCull,71424,2
15,13071,3802.8730382,1,VSM.StaticRaster,22528,1
15,13071,3802.8730382,1,VSM.FinalizePages,2048,1
15,13071,3802.8730382,1,VSM.DynamicRaster,30720,1
15,13071,3802.8730382,1,VSM.UnityCompatibilityRaster,0,0
15,13071,3802.8730382,1,VSM.Resolve,11408128,1
15,13071,3802.8730382,1,VSM.ResolveTrace,10819840,1
15,13071,3802.8730382,1,VSM.FilterHorizontal,65536,1
15,13071,3802.8730382,1,VSM.FilterVertical,0,0
15,13071,3802.8730382,1,VSM.FilterTemporalVertical,162816,1
16,13072,3802.8959239,1,VSM.LayoutRemap,0,1
16,13072,3802.8959239,1,VSM.ResetFeedback,0,1
16,13072,3802.8959239,1,VSM.MarkReceiverPages,630272,1
16,13072,3802.8959239,1,VSM.Allocate,262656,1
16,13072,3802.8959239,1,VSM.InvalidateStatic,0,0
16,13072,3802.8959239,1,VSM.ClearPhysicalPages,91904,1
16,13072,3802.8959239,1,VSM.StaticCasterCull,66304,1
16,13072,3802.8959239,1,VSM.DynamicCasterCull,46080,1
16,13072,3802.8959239,1,VSM.PageCull,78848,2
16,13072,3802.8959239,1,VSM.StaticRaster,39936,1
16,13072,3802.8959239,1,VSM.FinalizePages,2048,1
16,13072,3802.8959239,1,VSM.DynamicRaster,30976,1
16,13072,3802.8959239,1,VSM.UnityCompatibilityRaster,0,0
16,13072,3802.8959239,1,VSM.Resolve,11713792,1
16,13072,3802.8959239,1,VSM.ResolveTrace,11491072,1
16,13072,3802.8959239,1,VSM.FilterHorizontal,66560,1
16,13072,3802.8959239,1,VSM.FilterVertical,0,0
16,13072,3802.8959239,1,VSM.FilterTemporalVertical,154880,1
17,13073,3802.9169128999997,1,VSM.LayoutRemap,0,1
17,13073,3802.9169128999997,1,VSM.ResetFeedback,0,1
17,13073,3802.9169128999997,1,VSM.MarkReceiverPages,627200,1
17,13073,3802.9169128999997,1,VSM.Allocate,225792,1
17,13073,3802.9169128999997,1,VSM.InvalidateStatic,0,0
17,13073,3802.9169128999997,1,VSM.ClearPhysicalPages,89856,1
17,13073,3802.9169128999997,1,VSM.StaticCasterCull,67584,1
17,13073,3802.9169128999997,1,VSM.DynamicCasterCull,44544,1
17,13073,3802.9169128999997,1,VSM.PageCull,78336,2
17,13073,3802.9169128999997,1,VSM.StaticRaster,6912,1
17,13073,3802.9169128999997,1,VSM.FinalizePages,2048,1
17,13073,3802.9169128999997,1,VSM.DynamicRaster,32512,1
17,13073,3802.9169128999997,1,VSM.UnityCompatibilityRaster,0,0
17,13073,3802.9169128999997,1,VSM.Resolve,10254592,1
17,13073,3802.9169128999997,1,VSM.ResolveTrace,10031104,1
17,13073,3802.9169128999997,1,VSM.FilterHorizontal,67584,1
17,13073,3802.9169128999997,1,VSM.FilterVertical,0,0
17,13073,3802.9169128999997,1,VSM.FilterTemporalVertical,154624,1
18,13074,3802.938275,1,VSM.LayoutRemap,0,1
18,13074,3802.938275,1,VSM.ResetFeedback,0,1
18,13074,3802.938275,1,VSM.MarkReceiverPages,624896,1
18,13074,3802.938275,1,VSM.Allocate,224256,1
18,13074,3802.938275,1,VSM.InvalidateStatic,0,0
18,13074,3802.938275,1,VSM.ClearPhysicalPages,257024,1
18,13074,3802.938275,1,VSM.StaticCasterCull,76544,1
18,13074,3802.938275,1,VSM.DynamicCasterCull,45312,1
18,13074,3802.938275,1,VSM.PageCull,82432,2
18,13074,3802.938275,1,VSM.StaticRaster,7680,1
18,13074,3802.938275,1,VSM.FinalizePages,2048,1
18,13074,3802.938275,1,VSM.DynamicRaster,36608,1
18,13074,3802.938275,1,VSM.UnityCompatibilityRaster,0,0
18,13074,3802.938275,1,VSM.Resolve,11398912,1
18,13074,3802.938275,1,VSM.ResolveTrace,11176192,1
18,13074,3802.938275,1,VSM.FilterHorizontal,66560,1
18,13074,3802.938275,1,VSM.FilterVertical,0,0
18,13074,3802.938275,1,VSM.FilterTemporalVertical,154624,1
19,13075,3802.9599746,1,VSM.LayoutRemap,0,1
19,13075,3802.9599746,1,VSM.ResetFeedback,0,1
19,13075,3802.9599746,1,VSM.MarkReceiverPages,806912,1
19,13075,3802.9599746,1,VSM.Allocate,225792,1
19,13075,3802.9599746,1,VSM.InvalidateStatic,0,0
19,13075,3802.9599746,1,VSM.ClearPhysicalPages,90368,1
19,13075,3802.9599746,1,VSM.StaticCasterCull,69120,1
19,13075,3802.9599746,1,VSM.DynamicCasterCull,46080,1
19,13075,3802.9599746,1,VSM.PageCull,82432,2
19,13075,3802.9599746,1,VSM.StaticRaster,7168,1
19,13075,3802.9599746,1,VSM.FinalizePages,1792,1
19,13075,3802.9599746,1,VSM.DynamicRaster,33280,1
19,13075,3802.9599746,1,VSM.UnityCompatibilityRaster,0,0
19,13075,3802.9599746,1,VSM.Resolve,10692608,1
19,13075,3802.9599746,1,VSM.ResolveTrace,10470912,1
19,13075,3802.9599746,1,VSM.FilterHorizontal,65280,1
19,13075,3802.9599746,1,VSM.FilterVertical,0,0
19,13075,3802.9599746,1,VSM.FilterTemporalVertical,155392,1
20,13076,3802.9813314999997,1,VSM.LayoutRemap,0,1
20,13076,3802.9813314999997,1,VSM.ResetFeedback,0,1
20,13076,3802.9813314999997,1,VSM.MarkReceiverPages,624128,1
20,13076,3802.9813314999997,1,VSM.Allocate,225536,1
20,13076,3802.9813314999997,1,VSM.InvalidateStatic,0,0
20,13076,3802.9813314999997,1,VSM.ClearPhysicalPages,89856,1
20,13076,3802.9813314999997,1,VSM.StaticCasterCull,67840,1
20,13076,3802.9813314999997,1,VSM.DynamicCasterCull,44288,1
20,13076,3802.9813314999997,1,VSM.PageCull,80128,2
20,13076,3802.9813314999997,1,VSM.StaticRaster,7424,1
20,13076,3802.9813314999997,1,VSM.FinalizePages,2048,1
20,13076,3802.9813314999997,1,VSM.DynamicRaster,37120,1
20,13076,3802.9813314999997,1,VSM.UnityCompatibilityRaster,0,0
20,13076,3802.9813314999997,1,VSM.Resolve,10863360,1
20,13076,3802.9813314999997,1,VSM.ResolveTrace,10640384,1
20,13076,3802.9813314999997,1,VSM.FilterHorizontal,66304,1
20,13076,3802.9813314999997,1,VSM.FilterVertical,0,0
20,13076,3802.9813314999997,1,VSM.FilterTemporalVertical,155136,1
21,13077,3803.0028322,1,VSM.LayoutRemap,0,1
21,13077,3803.0028322,1,VSM.ResetFeedback,0,1
21,13077,3803.0028322,1,VSM.MarkReceiverPages,625920,1
21,13077,3803.0028322,1,VSM.Allocate,262400,1
21,13077,3803.0028322,1,VSM.InvalidateStatic,0,0
21,13077,3803.0028322,1,VSM.ClearPhysicalPages,90112,1
21,13077,3803.0028322,1,VSM.StaticCasterCull,252928,1
21,13077,3803.0028322,1,VSM.DynamicCasterCull,49152,1
21,13077,3803.0028322,1,VSM.PageCull,84224,2
21,13077,3803.0028322,1,VSM.StaticRaster,46080,1
21,13077,3803.0028322,1,VSM.FinalizePages,1792,1
21,13077,3803.0028322,1,VSM.DynamicRaster,32000,1
21,13077,3803.0028322,1,VSM.UnityCompatibilityRaster,0,0
21,13077,3803.0028322,1,VSM.Resolve,11024640,1
21,13077,3803.0028322,1,VSM.ResolveTrace,10804224,1
21,13077,3803.0028322,1,VSM.FilterHorizontal,66048,1
21,13077,3803.0028322,1,VSM.FilterVertical,0,0
21,13077,3803.0028322,1,VSM.FilterTemporalVertical,153344,1
22,13078,3803.0248627,1,VSM.LayoutRemap,0,1
22,13078,3803.0248627,1,VSM.ResetFeedback,0,1
22,13078,3803.0248627,1,VSM.MarkReceiverPages,622592,1
22,13078,3803.0248627,1,VSM.Allocate,224256,1
22,13078,3803.0248627,1,VSM.InvalidateStatic,0,0
22,13078,3803.0248627,1,VSM.ClearPhysicalPages,89600,1
22,13078,3803.0248627,1,VSM.StaticCasterCull,66048,1
22,13078,3803.0248627,1,VSM.DynamicCasterCull,43520,1
22,13078,3803.0248627,1,VSM.PageCull,76800,2
22,13078,3803.0248627,1,VSM.StaticRaster,7680,1
22,13078,3803.0248627,1,VSM.FinalizePages,2048,1
22,13078,3803.0248627,1,VSM.DynamicRaster,37120,1
22,13078,3803.0248627,1,VSM.UnityCompatibilityRaster,0,0
22,13078,3803.0248627,1,VSM.Resolve,11190528,1
22,13078,3803.0248627,1,VSM.ResolveTrace,10966528,1
22,13078,3803.0248627,1,VSM.FilterHorizontal,66048,1
22,13078,3803.0248627,1,VSM.FilterVertical,0,0
22,13078,3803.0248627,1,VSM.FilterTemporalVertical,156672,1
23,13079,3803.0483644,1,VSM.LayoutRemap,0,1
23,13079,3803.0483644,1,VSM.ResetFeedback,0,1
23,13079,3803.0483644,1,VSM.MarkReceiverPages,620288,1
23,13079,3803.0483644,1,VSM.Allocate,222976,1
23,13079,3803.0483644,1,VSM.InvalidateStatic,0,0
23,13079,3803.0483644,1,VSM.ClearPhysicalPages,386304,1
23,13079,3803.0483644,1,VSM.StaticCasterCull,71936,1
23,13079,3803.0483644,1,VSM.DynamicCasterCull,42496,1
23,13079,3803.0483644,1,VSM.PageCull,75008,2
23,13079,3803.0483644,1,VSM.StaticRaster,7168,1
23,13079,3803.0483644,1,VSM.FinalizePages,2048,1
23,13079,3803.0483644,1,VSM.DynamicRaster,33280,1
23,13079,3803.0483644,1,VSM.UnityCompatibilityRaster,0,0
23,13079,3803.0483644,1,VSM.Resolve,10875136,1
23,13079,3803.0483644,1,VSM.ResolveTrace,10651392,1
23,13079,3803.0483644,1,VSM.FilterHorizontal,67840,1
23,13079,3803.0483644,1,VSM.FilterVertical,0,0
23,13079,3803.0483644,1,VSM.FilterTemporalVertical,154624,1
24,13080,3803.0703242,1,VSM.LayoutRemap,0,1
24,13080,3803.0703242,1,VSM.ResetFeedback,0,1
24,13080,3803.0703242,1,VSM.MarkReceiverPages,620288,1
24,13080,3803.0703242,1,VSM.Allocate,223232,1
24,13080,3803.0703242,1,VSM.InvalidateStatic,0,0
24,13080,3803.0703242,1,VSM.ClearPhysicalPages,402688,1
24,13080,3803.0703242,1,VSM.StaticCasterCull,73472,1
24,13080,3803.0703242,1,VSM.DynamicCasterCull,41984,1
24,13080,3803.0703242,1,VSM.PageCull,76032,2
24,13080,3803.0703242,1,VSM.StaticRaster,7424,1
24,13080,3803.0703242,1,VSM.FinalizePages,2304,1
24,13080,3803.0703242,1,VSM.DynamicRaster,39680,1
24,13080,3803.0703242,1,VSM.UnityCompatibilityRaster,0,0
24,13080,3803.0703242,1,VSM.Resolve,11340288,1
24,13080,3803.0703242,1,VSM.ResolveTrace,10820608,1
24,13080,3803.0703242,1,VSM.FilterHorizontal,66560,1
24,13080,3803.0703242,1,VSM.FilterVertical,0,0
24,13080,3803.0703242,1,VSM.FilterTemporalVertical,154624,1
25,13081,3803.0912235,1,VSM.LayoutRemap,0,1
25,13081,3803.0912235,1,VSM.ResetFeedback,0,1
25,13081,3803.0912235,1,VSM.MarkReceiverPages,618240,1
25,13081,3803.0912235,1,VSM.Allocate,258816,1
25,13081,3803.0912235,1,VSM.InvalidateStatic,0,0
25,13081,3803.0912235,1,VSM.ClearPhysicalPages,366592,1
25,13081,3803.0912235,1,VSM.StaticCasterCull,68352,1
25,13081,3803.0912235,1,VSM.DynamicCasterCull,44288,1
25,13081,3803.0912235,1,VSM.PageCull,79872,2
25,13081,3803.0912235,1,VSM.StaticRaster,29440,1
25,13081,3803.0912235,1,VSM.FinalizePages,2048,1
25,13081,3803.0912235,1,VSM.DynamicRaster,32768,1
25,13081,3803.0912235,1,VSM.UnityCompatibilityRaster,0,0
25,13081,3803.0912235,1,VSM.Resolve,11476736,1
25,13081,3803.0912235,1,VSM.ResolveTrace,11248640,1
25,13081,3803.0912235,1,VSM.FilterHorizontal,68352,1
25,13081,3803.0912235,1,VSM.FilterVertical,0,0
25,13081,3803.0912235,1,VSM.FilterTemporalVertical,158720,1
26,13082,3803.112219,1,VSM.LayoutRemap,0,1
26,13082,3803.112219,1,VSM.ResetFeedback,0,1
26,13082,3803.112219,1,VSM.MarkReceiverPages,615936,1
26,13082,3803.112219,1,VSM.Allocate,225024,1
26,13082,3803.112219,1,VSM.InvalidateStatic,0,0
26,13082,3803.112219,1,VSM.ClearPhysicalPages,89600,1
26,13082,3803.112219,1,VSM.StaticCasterCull,66304,1
26,13082,3803.112219,1,VSM.DynamicCasterCull,42240,1
26,13082,3803.112219,1,VSM.PageCull,75776,2
26,13082,3803.112219,1,VSM.StaticRaster,7936,1
26,13082,3803.112219,1,VSM.FinalizePages,2048,1
26,13082,3803.112219,1,VSM.DynamicRaster,36864,1
26,13082,3803.112219,1,VSM.UnityCompatibilityRaster,0,0
26,13082,3803.112219,1,VSM.Resolve,10474496,1
26,13082,3803.112219,1,VSM.ResolveTrace,10076672,1
26,13082,3803.112219,1,VSM.FilterHorizontal,66816,1
26,13082,3803.112219,1,VSM.FilterVertical,0,0
26,13082,3803.112219,1,VSM.FilterTemporalVertical,329472,1
27,13083,3803.1342732999997,1,VSM.LayoutRemap,0,1
27,13083,3803.1342732999997,1,VSM.ResetFeedback,0,1
27,13083,3803.1342732999997,1,VSM.MarkReceiverPages,614912,1
27,13083,3803.1342732999997,1,VSM.Allocate,258304,1
27,13083,3803.1342732999997,1,VSM.InvalidateStatic,0,0
27,13083,3803.1342732999997,1,VSM.ClearPhysicalPages,91392,1
27,13083,3803.1342732999997,1,VSM.StaticCasterCull,68608,1
27,13083,3803.1342732999997,1,VSM.DynamicCasterCull,47104,1
27,13083,3803.1342732999997,1,VSM.PageCull,82176,2
27,13083,3803.1342732999997,1,VSM.StaticRaster,28672,1
27,13083,3803.1342732999997,1,VSM.FinalizePages,2048,1
27,13083,3803.1342732999997,1,VSM.DynamicRaster,32000,1
27,13083,3803.1342732999997,1,VSM.UnityCompatibilityRaster,0,0
27,13083,3803.1342732999997,1,VSM.Resolve,10253824,1
27,13083,3803.1342732999997,1,VSM.ResolveTrace,10030336,1
27,13083,3803.1342732999997,1,VSM.FilterHorizontal,67584,1
27,13083,3803.1342732999997,1,VSM.FilterVertical,0,0
27,13083,3803.1342732999997,1,VSM.FilterTemporalVertical,155136,1
28,13084,3803.1546846,1,VSM.LayoutRemap,0,1
28,13084,3803.1546846,1,VSM.ResetFeedback,0,1
28,13084,3803.1546846,1,VSM.MarkReceiverPages,613888,1
28,13084,3803.1546846,1,VSM.Allocate,224512,1
28,13084,3803.1546846,1,VSM.InvalidateStatic,0,0
28,13084,3803.1546846,1,VSM.ClearPhysicalPages,355072,1
28,13084,3803.1546846,1,VSM.StaticCasterCull,70912,1
28,13084,3803.1546846,1,VSM.DynamicCasterCull,43264,1
28,13084,3803.1546846,1,VSM.PageCull,76288,2
28,13084,3803.1546846,1,VSM.StaticRaster,6912,1
28,13084,3803.1546846,1,VSM.FinalizePages,2048,1
28,13084,3803.1546846,1,VSM.DynamicRaster,34048,1
28,13084,3803.1546846,1,VSM.UnityCompatibilityRaster,0,0
28,13084,3803.1546846,1,VSM.Resolve,10216448,1
28,13084,3803.1546846,1,VSM.ResolveTrace,9576704,1
28,13084,3803.1546846,1,VSM.FilterHorizontal,68096,1
28,13084,3803.1546846,1,VSM.FilterVertical,0,0
28,13084,3803.1546846,1,VSM.FilterTemporalVertical,155392,1
29,13085,3803.1754114,1,VSM.LayoutRemap,0,1
29,13085,3803.1754114,1,VSM.ResetFeedback,0,1
29,13085,3803.1754114,1,VSM.MarkReceiverPages,616448,1
29,13085,3803.1754114,1,VSM.Allocate,223232,1
29,13085,3803.1754114,1,VSM.InvalidateStatic,0,0
29,13085,3803.1754114,1,VSM.ClearPhysicalPages,89856,1
29,13085,3803.1754114,1,VSM.StaticCasterCull,68096,1
29,13085,3803.1754114,1,VSM.DynamicCasterCull,360960,1
29,13085,3803.1754114,1,VSM.PageCull,79872,2
29,13085,3803.1754114,1,VSM.StaticRaster,7424,1
29,13085,3803.1754114,1,VSM.FinalizePages,2048,1
29,13085,3803.1754114,1,VSM.DynamicRaster,42240,1
29,13085,3803.1754114,1,VSM.UnityCompatibilityRaster,0,0
29,13085,3803.1754114,1,VSM.Resolve,11529216,1
29,13085,3803.1754114,1,VSM.ResolveTrace,11046400,1
29,13085,3803.1754114,1,VSM.FilterHorizontal,67840,1
29,13085,3803.1754114,1,VSM.FilterVertical,0,0
29,13085,3803.1754114,1,VSM.FilterTemporalVertical,155136,1
30,13086,3803.1967638,1,VSM.LayoutRemap,0,1
30,13086,3803.1967638,1,VSM.ResetFeedback,0,1
30,13086,3803.1967638,1,VSM.MarkReceiverPages,619264,1
30,13086,3803.1967638,1,VSM.Allocate,221952,1
30,13086,3803.1967638,1,VSM.InvalidateStatic,0,0
30,13086,3803.1967638,1,VSM.ClearPhysicalPages,90368,1
30,13086,3803.1967638,1,VSM.StaticCasterCull,67584,1
30,13086,3803.1967638,1,VSM.DynamicCasterCull,42240,1
30,13086,3803.1967638,1,VSM.PageCull,76288,2
30,13086,3803.1967638,1,VSM.StaticRaster,7168,1
30,13086,3803.1967638,1,VSM.FinalizePages,2048,1
30,13086,3803.1967638,1,VSM.DynamicRaster,34560,1
30,13086,3803.1967638,1,VSM.UnityCompatibilityRaster,0,0
30,13086,3803.1967638,1,VSM.Resolve,10309120,1
30,13086,3803.1967638,1,VSM.ResolveTrace,10088704,1
30,13086,3803.1967638,1,VSM.FilterHorizontal,65536,1
30,13086,3803.1967638,1,VSM.FilterVertical,0,0
30,13086,3803.1967638,1,VSM.FilterTemporalVertical,153600,1
31,13087,3803.2167451,1,VSM.LayoutRemap,0,1
31,13087,3803.2167451,1,VSM.ResetFeedback,0,1
31,13087,3803.2167451,1,VSM.MarkReceiverPages,614656,1
31,13087,3803.2167451,1,VSM.Allocate,221184,1
31,13087,3803.2167451,1,VSM.InvalidateStatic,0,0
31,13087,3803.2167451,1,VSM.ClearPhysicalPages,89344,1
31,13087,3803.2167451,1,VSM.StaticCasterCull,69120,1
31,13087,3803.2167451,1,VSM.DynamicCasterCull,45056,1
31,13087,3803.2167451,1,VSM.PageCull,80896,2
31,13087,3803.2167451,1,VSM.StaticRaster,7168,1
31,13087,3803.2167451,1,VSM.FinalizePages,2048,1
31,13087,3803.2167451,1,VSM.DynamicRaster,34048,1
31,13087,3803.2167451,1,VSM.UnityCompatibilityRaster,0,0
31,13087,3803.2167451,1,VSM.Resolve,11231488,1
31,13087,3803.2167451,1,VSM.ResolveTrace,11006464,1
31,13087,3803.2167451,1,VSM.FilterHorizontal,67072,1
31,13087,3803.2167451,1,VSM.FilterVertical,0,0
31,13087,3803.2167451,1,VSM.FilterTemporalVertical,157184,1
32,13088,3803.2376676999997,1,VSM.LayoutRemap,0,1
32,13088,3803.2376676999997,1,VSM.ResetFeedback,0,1
32,13088,3803.2376676999997,1,VSM.MarkReceiverPages,613632,1
32,13088,3803.2376676999997,1,VSM.Allocate,224256,1
32,13088,3803.2376676999997,1,VSM.InvalidateStatic,0,0
32,13088,3803.2376676999997,1,VSM.ClearPhysicalPages,468480,1
32,13088,3803.2376676999997,1,VSM.StaticCasterCull,73216,1
32,13088,3803.2376676999997,1,VSM.DynamicCasterCull,41728,1
32,13088,3803.2376676999997,1,VSM.PageCull,75264,2
32,13088,3803.2376676999997,1,VSM.StaticRaster,7168,1
32,13088,3803.2376676999997,1,VSM.FinalizePages,2304,1
32,13088,3803.2376676999997,1,VSM.DynamicRaster,34816,1
32,13088,3803.2376676999997,1,VSM.UnityCompatibilityRaster,0,0
32,13088,3803.2376676999997,1,VSM.Resolve,11314688,1
32,13088,3803.2376676999997,1,VSM.ResolveTrace,11086080,1
32,13088,3803.2376676999997,1,VSM.FilterHorizontal,67072,1
32,13088,3803.2376676999997,1,VSM.FilterVertical,0,0
32,13088,3803.2376676999997,1,VSM.FilterTemporalVertical,160512,1
33,13089,3803.2586087,1,VSM.LayoutRemap,0,1
33,13089,3803.2586087,1,VSM.ResetFeedback,0,1
33,13089,3803.2586087,1,VSM.MarkReceiverPages,618240,1
33,13089,3803.2586087,1,VSM.Allocate,224512,1
33,13089,3803.2586087,1,VSM.InvalidateStatic,0,0
33,13089,3803.2586087,1,VSM.ClearPhysicalPages,90112,1
33,13089,3803.2586087,1,VSM.StaticCasterCull,65792,1
33,13089,3803.2586087,1,VSM.DynamicCasterCull,41728,1
33,13089,3803.2586087,1,VSM.PageCull,75264,2
33,13089,3803.2586087,1,VSM.StaticRaster,7168,1
33,13089,3803.2586087,1,VSM.FinalizePages,2048,1
33,13089,3803.2586087,1,VSM.DynamicRaster,34048,1
33,13089,3803.2586087,1,VSM.UnityCompatibilityRaster,0,0
33,13089,3803.2586087,1,VSM.Resolve,10245888,1
33,13089,3803.2586087,1,VSM.ResolveTrace,9878272,1
33,13089,3803.2586087,1,VSM.FilterHorizontal,65792,1
33,13089,3803.2586087,1,VSM.FilterVertical,0,0
33,13089,3803.2586087,1,VSM.FilterTemporalVertical,156672,1
34,13090,3803.2782432999998,1,VSM.LayoutRemap,0,1
34,13090,3803.2782432999998,1,VSM.ResetFeedback,0,1
34,13090,3803.2782432999998,1,VSM.MarkReceiverPages,614912,1
34,13090,3803.2782432999998,1,VSM.Allocate,223488,1
34,13090,3803.2782432999998,1,VSM.InvalidateStatic,0,0
34,13090,3803.2782432999998,1,VSM.ClearPhysicalPages,343296,1
34,13090,3803.2782432999998,1,VSM.StaticCasterCull,70912,1
34,13090,3803.2782432999998,1,VSM.DynamicCasterCull,42240,1
34,13090,3803.2782432999998,1,VSM.PageCull,75008,2
34,13090,3803.2782432999998,1,VSM.StaticRaster,7168,1
34,13090,3803.2782432999998,1,VSM.FinalizePages,1792,1
34,13090,3803.2782432999998,1,VSM.DynamicRaster,37376,1
34,13090,3803.2782432999998,1,VSM.UnityCompatibilityRaster,0,0
34,13090,3803.2782432999998,1,VSM.Resolve,10908416,1
34,13090,3803.2782432999998,1,VSM.ResolveTrace,10682368,1
34,13090,3803.2782432999998,1,VSM.FilterHorizontal,66304,1
34,13090,3803.2782432999998,1,VSM.FilterVertical,0,0
34,13090,3803.2782432999998,1,VSM.FilterTemporalVertical,158976,1
35,13091,3803.2997415,1,VSM.LayoutRemap,0,1
35,13091,3803.2997415,1,VSM.ResetFeedback,0,1
35,13091,3803.2997415,1,VSM.MarkReceiverPages,626944,1
35,13091,3803.2997415,1,VSM.Allocate,263168,1
35,13091,3803.2997415,1,VSM.InvalidateStatic,0,0
35,13091,3803.2997415,1,VSM.ClearPhysicalPages,90880,1
35,13091,3803.2997415,1,VSM.StaticCasterCull,68864,1
35,13091,3803.2997415,1,VSM.DynamicCasterCull,47104,1
35,13091,3803.2997415,1,VSM.PageCull,83712,2
35,13091,3803.2997415,1,VSM.StaticRaster,29184,1
35,13091,3803.2997415,1,VSM.FinalizePages,1792,1
35,13091,3803.2997415,1,VSM.DynamicRaster,32000,1
35,13091,3803.2997415,1,VSM.UnityCompatibilityRaster,0,0
35,13091,3803.2997415,1,VSM.Resolve,11106304,1
35,13091,3803.2997415,1,VSM.ResolveTrace,10884096,1
35,13091,3803.2997415,1,VSM.FilterHorizontal,67840,1
35,13091,3803.2997415,1,VSM.FilterVertical,0,0
35,13091,3803.2997415,1,VSM.FilterTemporalVertical,153344,1
36,13092,3803.3211252,1,VSM.LayoutRemap,0,1
36,13092,3803.3211252,1,VSM.ResetFeedback,0,1
36,13092,3803.3211252,1,VSM.MarkReceiverPages,625664,1
36,13092,3803.3211252,1,VSM.Allocate,225280,1
36,13092,3803.3211252,1,VSM.InvalidateStatic,0,0
36,13092,3803.3211252,1,VSM.ClearPhysicalPages,443648,1
36,13092,3803.3211252,1,VSM.StaticCasterCull,75520,1
36,13092,3803.3211252,1,VSM.DynamicCasterCull,43264,1
36,13092,3803.3211252,1,VSM.PageCull,80384,2
36,13092,3803.3211252,1,VSM.StaticRaster,6912,1
36,13092,3803.3211252,1,VSM.FinalizePages,2304,1
36,13092,3803.3211252,1,VSM.DynamicRaster,33280,1
36,13092,3803.3211252,1,VSM.UnityCompatibilityRaster,0,0
36,13092,3803.3211252,1,VSM.Resolve,10474496,1
36,13092,3803.3211252,1,VSM.ResolveTrace,10249472,1
36,13092,3803.3211252,1,VSM.FilterHorizontal,65280,1
36,13092,3803.3211252,1,VSM.FilterVertical,0,0
36,13092,3803.3211252,1,VSM.FilterTemporalVertical,158720,1
37,13093,3803.3435397,1,VSM.LayoutRemap,0,1
37,13093,3803.3435397,1,VSM.ResetFeedback,0,1
37,13093,3803.3435397,1,VSM.MarkReceiverPages,622592,1
37,13093,3803.3435397,1,VSM.Allocate,225536,1
37,13093,3803.3435397,1,VSM.InvalidateStatic,0,0
37,13093,3803.3435397,1,VSM.ClearPhysicalPages,90624,1
37,13093,3803.3435397,1,VSM.StaticCasterCull,65792,1
37,13093,3803.3435397,1,VSM.DynamicCasterCull,43520,1
37,13093,3803.3435397,1,VSM.PageCull,75776,2
37,13093,3803.3435397,1,VSM.StaticRaster,7168,1
37,13093,3803.3435397,1,VSM.FinalizePages,2048,1
37,13093,3803.3435397,1,VSM.DynamicRaster,33280,1
37,13093,3803.3435397,1,VSM.UnityCompatibilityRaster,0,0
37,13093,3803.3435397,1,VSM.Resolve,11625728,1
37,13093,3803.3435397,1,VSM.ResolveTrace,11396608,1
37,13093,3803.3435397,1,VSM.FilterHorizontal,67072,1
37,13093,3803.3435397,1,VSM.FilterVertical,0,0
37,13093,3803.3435397,1,VSM.FilterTemporalVertical,160768,1
38,13094,3803.3644977999998,1,VSM.LayoutRemap,0,1
38,13094,3803.3644977999998,1,VSM.ResetFeedback,0,1
38,13094,3803.3644977999998,1,VSM.MarkReceiverPages,624384,1
38,13094,3803.3644977999998,1,VSM.Allocate,224256,1
38,13094,3803.3644977999998,1,VSM.InvalidateStatic,0,0
38,13094,3803.3644977999998,1,VSM.ClearPhysicalPages,357888,1
38,13094,3803.3644977999998,1,VSM.StaticCasterCull,71680,1
38,13094,3803.3644977999998,1,VSM.DynamicCasterCull,42496,1
38,13094,3803.3644977999998,1,VSM.PageCull,75776,2
38,13094,3803.3644977999998,1,VSM.StaticRaster,6912,1
38,13094,3803.3644977999998,1,VSM.FinalizePages,2304,1
38,13094,3803.3644977999998,1,VSM.DynamicRaster,32512,1
38,13094,3803.3644977999998,1,VSM.UnityCompatibilityRaster,0,0
38,13094,3803.3644977999998,1,VSM.Resolve,11521280,1
38,13094,3803.3644977999998,1,VSM.ResolveTrace,11013632,1
38,13094,3803.3644977999998,1,VSM.FilterHorizontal,66560,1
38,13094,3803.3644977999998,1,VSM.FilterVertical,0,0
38,13094,3803.3644977999998,1,VSM.FilterTemporalVertical,159488,1
39,13095,3803.3853024,1,VSM.LayoutRemap,0,1
39,13095,3803.3853024,1,VSM.ResetFeedback,0,1
39,13095,3803.3853024,1,VSM.MarkReceiverPages,624384,1
39,13095,3803.3853024,1,VSM.Allocate,226304,1
39,13095,3803.3853024,1,VSM.InvalidateStatic,0,0
39,13095,3803.3853024,1,VSM.ClearPhysicalPages,257536,1
39,13095,3803.3853024,1,VSM.StaticCasterCull,75520,1
39,13095,3803.3853024,1,VSM.DynamicCasterCull,45312,1
39,13095,3803.3853024,1,VSM.PageCull,81920,2
39,13095,3803.3853024,1,VSM.StaticRaster,3328,1
39,13095,3803.3853024,1,VSM.FinalizePages,2048,1
39,13095,3803.3853024,1,VSM.DynamicRaster,33536,1
39,13095,3803.3853024,1,VSM.UnityCompatibilityRaster,0,0
39,13095,3803.3853024,1,VSM.Resolve,11549184,1
39,13095,3803.3853024,1,VSM.ResolveTrace,11153920,1
39,13095,3803.3853024,1,VSM.FilterHorizontal,66560,1
39,13095,3803.3853024,1,VSM.FilterVertical,0,0
39,13095,3803.3853024,1,VSM.FilterTemporalVertical,327168,1
40,13096,3803.4064839,1,VSM.LayoutRemap,0,1
40,13096,3803.4064839,1,VSM.ResetFeedback,0,1
40,13096,3803.4064839,1,VSM.MarkReceiverPages,624896,1
40,13096,3803.4064839,1,VSM.Allocate,226048,1
40,13096,3803.4064839,1,VSM.InvalidateStatic,0,0
40,13096,3803.4064839,1,VSM.ClearPhysicalPages,89856,1
40,13096,3803.4064839,1,VSM.StaticCasterCull,69376,1
40,13096,3803.4064839,1,VSM.DynamicCasterCull,44544,1
40,13096,3803.4064839,1,VSM.PageCull,80128,2
40,13096,3803.4064839,1,VSM.StaticRaster,7168,1
40,13096,3803.4064839,1,VSM.FinalizePages,2304,1
40,13096,3803.4064839,1,VSM.DynamicRaster,32768,1
40,13096,3803.4064839,1,VSM.UnityCompatibilityRaster,0,0
40,13096,3803.4064839,1,VSM.Resolve,10750976,1
40,13096,3803.4064839,1,VSM.ResolveTrace,10528768,1
40,13096,3803.4064839,1,VSM.FilterHorizontal,67072,1
40,13096,3803.4064839,1,VSM.FilterVertical,0,0
40,13096,3803.4064839,1,VSM.FilterTemporalVertical,153856,1
41,13097,3803.4276664,1,VSM.LayoutRemap,0,1
41,13097,3803.4276664,1,VSM.ResetFeedback,0,1
41,13097,3803.4276664,1,VSM.MarkReceiverPages,626176,1
41,13097,3803.4276664,1,VSM.Allocate,225536,1
41,13097,3803.4276664,1,VSM.InvalidateStatic,0,0
41,13097,3803.4276664,1,VSM.ClearPhysicalPages,660992,1
41,13097,3803.4276664,1,VSM.StaticCasterCull,75520,1
41,13097,3803.4276664,1,VSM.DynamicCasterCull,41984,1
41,13097,3803.4276664,1,VSM.PageCull,75264,2
41,13097,3803.4276664,1,VSM.StaticRaster,6912,1
41,13097,3803.4276664,1,VSM.FinalizePages,2304,1
41,13097,3803.4276664,1,VSM.DynamicRaster,33792,1
41,13097,3803.4276664,1,VSM.UnityCompatibilityRaster,0,0
41,13097,3803.4276664,1,VSM.Resolve,9851904,1
41,13097,3803.4276664,1,VSM.ResolveTrace,9629696,1
41,13097,3803.4276664,1,VSM.FilterHorizontal,67328,1
41,13097,3803.4276664,1,VSM.FilterVertical,0,0
41,13097,3803.4276664,1,VSM.FilterTemporalVertical,153856,1
42,13098,3803.4480267999998,1,VSM.LayoutRemap,0,1
42,13098,3803.4480267999998,1,VSM.ResetFeedback,0,1
42,13098,3803.4480267999998,1,VSM.MarkReceiverPages,630016,1
42,13098,3803.4480267999998,1,VSM.Allocate,225792,1
42,13098,3803.4480267999998,1,VSM.InvalidateStatic,0,0
42,13098,3803.4480267999998,1,VSM.ClearPhysicalPages,371456,1
42,13098,3803.4480267999998,1,VSM.StaticCasterCull,68608,1
42,13098,3803.4480267999998,1,VSM.DynamicCasterCull,43008,1
42,13098,3803.4480267999998,1,VSM.PageCull,77824,2
42,13098,3803.4480267999998,1,VSM.StaticRaster,3072,1
42,13098,3803.4480267999998,1,VSM.FinalizePages,2048,1
42,13098,3803.4480267999998,1,VSM.DynamicRaster,33536,1
42,13098,3803.4480267999998,1,VSM.UnityCompatibilityRaster,0,0
42,13098,3803.4480267999998,1,VSM.Resolve,11308288,1
42,13098,3803.4480267999998,1,VSM.ResolveTrace,11084544,1
42,13098,3803.4480267999998,1,VSM.FilterHorizontal,65792,1
42,13098,3803.4480267999998,1,VSM.FilterVertical,0,0
42,13098,3803.4480267999998,1,VSM.FilterTemporalVertical,156672,1
43,13099,3803.4687151999997,1,VSM.LayoutRemap,0,1
43,13099,3803.4687151999997,1,VSM.ResetFeedback,0,1
43,13099,3803.4687151999997,1,VSM.MarkReceiverPages,629760,1
43,13099,3803.4687151999997,1,VSM.Allocate,225024,1
43,13099,3803.4687151999997,1,VSM.InvalidateStatic,0,0
43,13099,3803.4687151999997,1,VSM.ClearPhysicalPages,252672,1
43,13099,3803.4687151999997,1,VSM.StaticCasterCull,69120,1
43,13099,3803.4687151999997,1,VSM.DynamicCasterCull,45056,1
43,13099,3803.4687151999997,1,VSM.PageCull,80896,2
43,13099,3803.4687151999997,1,VSM.StaticRaster,5632,1
43,13099,3803.4687151999997,1,VSM.FinalizePages,2048,1
43,13099,3803.4687151999997,1,VSM.DynamicRaster,32768,1
43,13099,3803.4687151999997,1,VSM.UnityCompatibilityRaster,0,0
43,13099,3803.4687151999997,1,VSM.Resolve,10868992,1
43,13099,3803.4687151999997,1,VSM.ResolveTrace,10647040,1
43,13099,3803.4687151999997,1,VSM.FilterHorizontal,66048,1
43,13099,3803.4687151999997,1,VSM.FilterVertical,0,0
43,13099,3803.4687151999997,1,VSM.FilterTemporalVertical,154880,1
44,13100,3803.4891481,1,VSM.LayoutRemap,0,1
44,13100,3803.4891481,1,VSM.ResetFeedback,0,1
44,13100,3803.4891481,1,VSM.MarkReceiverPages,630016,1
44,13100,3803.4891481,1,VSM.Allocate,226816,1
44,13100,3803.4891481,1,VSM.InvalidateStatic,0,0
44,13100,3803.4891481,1,VSM.ClearPhysicalPages,274944,1
44,13100,3803.4891481,1,VSM.StaticCasterCull,70400,1
44,13100,3803.4891481,1,VSM.DynamicCasterCull,43776,1
44,13100,3803.4891481,1,VSM.PageCull,78080,2
44,13100,3803.4891481,1,VSM.StaticRaster,6912,1
44,13100,3803.4891481,1,VSM.FinalizePages,2048,1
44,13100,3803.4891481,1,VSM.DynamicRaster,33024,1
44,13100,3803.4891481,1,VSM.UnityCompatibilityRaster,0,0
44,13100,3803.4891481,1,VSM.Resolve,10908928,1
44,13100,3803.4891481,1,VSM.ResolveTrace,10686976,1
44,13100,3803.4891481,1,VSM.FilterHorizontal,66048,1
44,13100,3803.4891481,1,VSM.FilterVertical,0,0
44,13100,3803.4891481,1,VSM.FilterTemporalVertical,154624,1
45,13101,3803.5095076,1,VSM.LayoutRemap,0,1
45,13101,3803.5095076,1,VSM.ResetFeedback,0,1
45,13101,3803.5095076,1,VSM.MarkReceiverPages,624896,1
45,13101,3803.5095076,1,VSM.Allocate,223744,1
45,13101,3803.5095076,1,VSM.InvalidateStatic,0,0
45,13101,3803.5095076,1,VSM.ClearPhysicalPages,423936,1
45,13101,3803.5095076,1,VSM.StaticCasterCull,70400,1
45,13101,3803.5095076,1,VSM.DynamicCasterCull,43264,1
45,13101,3803.5095076,1,VSM.PageCull,79360,2
45,13101,3803.5095076,1,VSM.StaticRaster,7168,1
45,13101,3803.5095076,1,VSM.FinalizePages,2304,1
45,13101,3803.5095076,1,VSM.DynamicRaster,34816,1
45,13101,3803.5095076,1,VSM.UnityCompatibilityRaster,0,0
45,13101,3803.5095076,1,VSM.Resolve,10290944,1
45,13101,3803.5095076,1,VSM.ResolveTrace,10066432,1
45,13101,3803.5095076,1,VSM.FilterHorizontal,66816,1
45,13101,3803.5095076,1,VSM.FilterVertical,0,0
45,13101,3803.5095076,1,VSM.FilterTemporalVertical,156416,1
46,13102,3803.5302385,1,VSM.LayoutRemap,0,1
46,13102,3803.5302385,1,VSM.ResetFeedback,0,1
46,13102,3803.5302385,1,VSM.MarkReceiverPages,627712,1
46,13102,3803.5302385,1,VSM.Allocate,226560,1
46,13102,3803.5302385,1,VSM.InvalidateStatic,0,0
46,13102,3803.5302385,1,VSM.ClearPhysicalPages,259584,1
46,13102,3803.5302385,1,VSM.StaticCasterCull,72960,1
46,13102,3803.5302385,1,VSM.DynamicCasterCull,43776,1
46,13102,3803.5302385,1,VSM.PageCull,77568,2
46,13102,3803.5302385,1,VSM.StaticRaster,5632,1
46,13102,3803.5302385,1,VSM.FinalizePages,2048,1
46,13102,3803.5302385,1,VSM.DynamicRaster,32768,1
46,13102,3803.5302385,1,VSM.UnityCompatibilityRaster,0,0
46,13102,3803.5302385,1,VSM.Resolve,10816000,1
46,13102,3803.5302385,1,VSM.ResolveTrace,10595328,1
46,13102,3803.5302385,1,VSM.FilterHorizontal,66304,1
46,13102,3803.5302385,1,VSM.FilterVertical,0,0
46,13102,3803.5302385,1,VSM.FilterTemporalVertical,153600,1
47,13103,3803.5517056,1,VSM.LayoutRemap,0,1
47,13103,3803.5517056,1,VSM.ResetFeedback,256,1
47,13103,3803.5517056,1,VSM.MarkReceiverPages,627200,1
47,13103,3803.5517056,1,VSM.Allocate,264960,1
47,13103,3803.5517056,1,VSM.InvalidateStatic,0,0
47,13103,3803.5517056,1,VSM.ClearPhysicalPages,90112,1
47,13103,3803.5517056,1,VSM.StaticCasterCull,70656,1
47,13103,3803.5517056,1,VSM.DynamicCasterCull,225280,1
47,13103,3803.5517056,1,VSM.PageCull,83456,2
47,13103,3803.5517056,1,VSM.StaticRaster,20224,1
47,13103,3803.5517056,1,VSM.FinalizePages,2048,1
47,13103,3803.5517056,1,VSM.DynamicRaster,32000,1
47,13103,3803.5517056,1,VSM.UnityCompatibilityRaster,0,0
47,13103,3803.5517056,1,VSM.Resolve,10439168,1
47,13103,3803.5517056,1,VSM.ResolveTrace,10217984,1
47,13103,3803.5517056,1,VSM.FilterHorizontal,66304,1
47,13103,3803.5517056,1,VSM.FilterVertical,0,0
47,13103,3803.5517056,1,VSM.FilterTemporalVertical,154112,1
48,13104,3803.5731639,1,VSM.LayoutRemap,0,1
48,13104,3803.5731639,1,VSM.ResetFeedback,0,1
48,13104,3803.5731639,1,VSM.MarkReceiverPages,628224,1
48,13104,3803.5731639,1,VSM.Allocate,260608,1
48,13104,3803.5731639,1,VSM.InvalidateStatic,0,0
48,13104,3803.5731639,1,VSM.ClearPhysicalPages,90624,1
48,13104,3803.5731639,1,VSM.StaticCasterCull,66560,1
48,13104,3803.5731639,1,VSM.DynamicCasterCull,46848,1
48,13104,3803.5731639,1,VSM.PageCull,79104,2
48,13104,3803.5731639,1,VSM.StaticRaster,36608,1
48,13104,3803.5731639,1,VSM.FinalizePages,2048,1
48,13104,3803.5731639,1,VSM.DynamicRaster,30976,1
48,13104,3803.5731639,1,VSM.UnityCompatibilityRaster,0,0
48,13104,3803.5731639,1,VSM.Resolve,10155776,1
48,13104,3803.5731639,1,VSM.ResolveTrace,9934592,1
48,13104,3803.5731639,1,VSM.FilterHorizontal,65536,1
48,13104,3803.5731639,1,VSM.FilterVertical,0,0
48,13104,3803.5731639,1,VSM.FilterTemporalVertical,154624,1
49,13105,3803.5945929,1,VSM.LayoutRemap,0,1
49,13105,3803.5945929,1,VSM.ResetFeedback,0,1
49,13105,3803.5945929,1,VSM.MarkReceiverPages,625664,1
49,13105,3803.5945929,1,VSM.Allocate,225280,1
49,13105,3803.5945929,1,VSM.InvalidateStatic,0,0
49,13105,3803.5945929,1,VSM.ClearPhysicalPages,475904,1
49,13105,3803.5945929,1,VSM.StaticCasterCull,73728,1
49,13105,3803.5945929,1,VSM.DynamicCasterCull,43264,1
49,13105,3803.5945929,1,VSM.PageCull,78592,2
49,13105,3803.5945929,1,VSM.StaticRaster,6912,1
49,13105,3803.5945929,1,VSM.FinalizePages,2304,1
49,13105,3803.5945929,1,VSM.DynamicRaster,33280,1
49,13105,3803.5945929,1,VSM.UnityCompatibilityRaster,0,0
49,13105,3803.5945929,1,VSM.Resolve,11012352,1
49,13105,3803.5945929,1,VSM.ResolveTrace,10792448,1
49,13105,3803.5945929,1,VSM.FilterHorizontal,65792,1
49,13105,3803.5945929,1,VSM.FilterVertical,0,0
49,13105,3803.5945929,1,VSM.FilterTemporalVertical,152576,1
50,13106,3803.6161644,1,VSM.LayoutRemap,0,1
50,13106,3803.6161644,1,VSM.ResetFeedback,0,1
50,13106,3803.6161644,1,VSM.MarkReceiverPages,623104,1
50,13106,3803.6161644,1,VSM.Allocate,225536,1
50,13106,3803.6161644,1,VSM.InvalidateStatic,0,0
50,13106,3803.6161644,1,VSM.ClearPhysicalPages,89600,1
50,13106,3803.6161644,1,VSM.StaticCasterCull,66048,1
50,13106,3803.6161644,1,VSM.DynamicCasterCull,44032,1
50,13106,3803.6161644,1,VSM.PageCull,76800,2
50,13106,3803.6161644,1,VSM.StaticRaster,10240,1
50,13106,3803.6161644,1,VSM.FinalizePages,2048,1
50,13106,3803.6161644,1,VSM.DynamicRaster,33280,1
50,13106,3803.6161644,1,VSM.UnityCompatibilityRaster,0,0
50,13106,3803.6161644,1,VSM.Resolve,11384576,1
50,13106,3803.6161644,1,VSM.ResolveTrace,11162880,1
50,13106,3803.6161644,1,VSM.FilterHorizontal,66560,1
50,13106,3803.6161644,1,VSM.FilterVertical,0,0
50,13106,3803.6161644,1,VSM.FilterTemporalVertical,154112,1
51,13107,3803.6382713,1,VSM.LayoutRemap,0,1
51,13107,3803.6382713,1,VSM.ResetFeedback,0,1
51,13107,3803.6382713,1,VSM.MarkReceiverPages,625920,1
51,13107,3803.6382713,1,VSM.Allocate,224000,1
51,13107,3803.6382713,1,VSM.InvalidateStatic,0,0
51,13107,3803.6382713,1,VSM.ClearPhysicalPages,90112,1
51,13107,3803.6382713,1,VSM.StaticCasterCull,68352,1
51,13107,3803.6382713,1,VSM.DynamicCasterCull,44032,1
51,13107,3803.6382713,1,VSM.PageCull,79872,2
51,13107,3803.6382713,1,VSM.StaticRaster,3072,1
51,13107,3803.6382713,1,VSM.FinalizePages,2048,1
51,13107,3803.6382713,1,VSM.DynamicRaster,34048,1
51,13107,3803.6382713,1,VSM.UnityCompatibilityRaster,0,0
51,13107,3803.6382713,1,VSM.Resolve,11094528,1
51,13107,3803.6382713,1,VSM.ResolveTrace,10874112,1
51,13107,3803.6382713,1,VSM.FilterHorizontal,66048,1
51,13107,3803.6382713,1,VSM.FilterVertical,0,0
51,13107,3803.6382713,1,VSM.FilterTemporalVertical,153088,1
52,13108,3803.6595933,1,VSM.LayoutRemap,0,1
52,13108,3803.6595933,1,VSM.ResetFeedback,0,1
52,13108,3803.6595933,1,VSM.MarkReceiverPages,626176,1
52,13108,3803.6595933,1,VSM.Allocate,225280,1
52,13108,3803.6595933,1,VSM.InvalidateStatic,0,0
52,13108,3803.6595933,1,VSM.ClearPhysicalPages,89856,1
52,13108,3803.6595933,1,VSM.StaticCasterCull,65792,1
52,13108,3803.6595933,1,VSM.DynamicCasterCull,43264,1
52,13108,3803.6595933,1,VSM.PageCull,75776,2
52,13108,3803.6595933,1,VSM.StaticRaster,7424,1
52,13108,3803.6595933,1,VSM.FinalizePages,2048,1
52,13108,3803.6595933,1,VSM.DynamicRaster,33024,1
52,13108,3803.6595933,1,VSM.UnityCompatibilityRaster,0,0
52,13108,3803.6595933,1,VSM.Resolve,10840064,1
52,13108,3803.6595933,1,VSM.ResolveTrace,10617856,1
52,13108,3803.6595933,1,VSM.FilterHorizontal,65536,1
52,13108,3803.6595933,1,VSM.FilterVertical,0,0
52,13108,3803.6595933,1,VSM.FilterTemporalVertical,155392,1
53,13109,3803.681769,1,VSM.LayoutRemap,0,1
53,13109,3803.681769,1,VSM.ResetFeedback,0,1
53,13109,3803.681769,1,VSM.MarkReceiverPages,623616,1
53,13109,3803.681769,1,VSM.Allocate,261632,1
53,13109,3803.681769,1,VSM.InvalidateStatic,0,0
53,13109,3803.681769,1,VSM.ClearPhysicalPages,89600,1
53,13109,3803.681769,1,VSM.StaticCasterCull,66560,1
53,13109,3803.681769,1,VSM.DynamicCasterCull,45824,1
53,13109,3803.681769,1,VSM.PageCull,80128,2
53,13109,3803.681769,1,VSM.StaticRaster,45056,1
53,13109,3803.681769,1,VSM.FinalizePages,1792,1
53,13109,3803.681769,1,VSM.DynamicRaster,32256,1
53,13109,3803.681769,1,VSM.UnityCompatibilityRaster,0,0
53,13109,3803.681769,1,VSM.Resolve,10606336,1
53,13109,3803.681769,1,VSM.ResolveTrace,10382336,1
53,13109,3803.681769,1,VSM.FilterHorizontal,67584,1
53,13109,3803.681769,1,VSM.FilterVertical,0,0
53,13109,3803.681769,1,VSM.FilterTemporalVertical,155392,1
54,13110,3803.7043338999997,1,VSM.LayoutRemap,0,1
54,13110,3803.7043338999997,1,VSM.ResetFeedback,0,1
54,13110,3803.7043338999997,1,VSM.MarkReceiverPages,623360,1
54,13110,3803.7043338999997,1,VSM.Allocate,225024,1
54,13110,3803.7043338999997,1,VSM.InvalidateStatic,0,0
54,13110,3803.7043338999997,1,VSM.ClearPhysicalPages,89856,1
54,13110,3803.7043338999997,1,VSM.StaticCasterCull,67328,1
54,13110,3803.7043338999997,1,VSM.DynamicCasterCull,42240,1
54,13110,3803.7043338999997,1,VSM.PageCull,76288,2
54,13110,3803.7043338999997,1,VSM.StaticRaster,7424,1
54,13110,3803.7043338999997,1,VSM.FinalizePages,2048,1
54,13110,3803.7043338999997,1,VSM.DynamicRaster,34304,1
54,13110,3803.7043338999997,1,VSM.UnityCompatibilityRaster,0,0
54,13110,3803.7043338999997,1,VSM.Resolve,10972672,1
54,13110,3803.7043338999997,1,VSM.ResolveTrace,10751232,1
54,13110,3803.7043338999997,1,VSM.FilterHorizontal,65280,1
54,13110,3803.7043338999997,1,VSM.FilterVertical,0,0
54,13110,3803.7043338999997,1,VSM.FilterTemporalVertical,154624,1
55,13111,3803.7277605,1,VSM.LayoutRemap,0,1
55,13111,3803.7277605,1,VSM.ResetFeedback,0,1
55,13111,3803.7277605,1,VSM.MarkReceiverPages,619008,1
55,13111,3803.7277605,1,VSM.Allocate,224512,1
55,13111,3803.7277605,1,VSM.InvalidateStatic,0,0
55,13111,3803.7277605,1,VSM.ClearPhysicalPages,89600,1
55,13111,3803.7277605,1,VSM.StaticCasterCull,67328,1
55,13111,3803.7277605,1,VSM.DynamicCasterCull,42752,1
55,13111,3803.7277605,1,VSM.PageCull,77568,2
55,13111,3803.7277605,1,VSM.StaticRaster,7168,1
55,13111,3803.7277605,1,VSM.FinalizePages,2048,1
55,13111,3803.7277605,1,VSM.DynamicRaster,33536,1
55,13111,3803.7277605,1,VSM.UnityCompatibilityRaster,0,0
55,13111,3803.7277605,1,VSM.Resolve,10516992,1
55,13111,3803.7277605,1,VSM.ResolveTrace,10116096,1
55,13111,3803.7277605,1,VSM.FilterHorizontal,65792,1
55,13111,3803.7277605,1,VSM.FilterVertical,0,0
55,13111,3803.7277605,1,VSM.FilterTemporalVertical,334336,1
56,13112,3803.7484618999997,1,VSM.LayoutRemap,0,1
56,13112,3803.7484618999997,1,VSM.ResetFeedback,0,1
56,13112,3803.7484618999997,1,VSM.MarkReceiverPages,617984,1
56,13112,3803.7484618999997,1,VSM.Allocate,224000,1
56,13112,3803.7484618999997,1,VSM.InvalidateStatic,0,0
56,13112,3803.7484618999997,1,VSM.ClearPhysicalPages,595712,1
56,13112,3803.7484618999997,1,VSM.StaticCasterCull,72192,1
56,13112,3803.7484618999997,1,VSM.DynamicCasterCull,43008,1
56,13112,3803.7484618999997,1,VSM.PageCull,75264,2
56,13112,3803.7484618999997,1,VSM.StaticRaster,5632,1
56,13112,3803.7484618999997,1,VSM.FinalizePages,2304,1
56,13112,3803.7484618999997,1,VSM.DynamicRaster,33280,1
56,13112,3803.7484618999997,1,VSM.UnityCompatibilityRaster,0,0
56,13112,3803.7484618999997,1,VSM.Resolve,11189248,1
56,13112,3803.7484618999997,1,VSM.ResolveTrace,10967296,1
56,13112,3803.7484618999997,1,VSM.FilterHorizontal,67072,1
56,13112,3803.7484618999997,1,VSM.FilterVertical,0,0
56,13112,3803.7484618999997,1,VSM.FilterTemporalVertical,153856,1
57,13113,3803.7699064999997,1,VSM.LayoutRemap,0,1
57,13113,3803.7699064999997,1,VSM.ResetFeedback,0,1
57,13113,3803.7699064999997,1,VSM.MarkReceiverPages,619264,1
57,13113,3803.7699064999997,1,VSM.Allocate,261376,1
57,13113,3803.7699064999997,1,VSM.InvalidateStatic,0,0
57,13113,3803.7699064999997,1,VSM.ClearPhysicalPages,90112,1
57,13113,3803.7699064999997,1,VSM.StaticCasterCull,67840,1
57,13113,3803.7699064999997,1,VSM.DynamicCasterCull,47616,1
57,13113,3803.7699064999997,1,VSM.PageCull,82432,2
57,13113,3803.7699064999997,1,VSM.StaticRaster,32000,1
57,13113,3803.7699064999997,1,VSM.FinalizePages,2048,1
57,13113,3803.7699064999997,1,VSM.DynamicRaster,32256,1
57,13113,3803.7699064999997,1,VSM.UnityCompatibilityRaster,0,0
57,13113,3803.7699064999997,1,VSM.Resolve,11321088,1
57,13113,3803.7699064999997,1,VSM.ResolveTrace,11099392,1
57,13113,3803.7699064999997,1,VSM.FilterHorizontal,65792,1
57,13113,3803.7699064999997,1,VSM.FilterVertical,0,0
57,13113,3803.7699064999997,1,VSM.FilterTemporalVertical,154624,1
58,13114,3803.7922258,1,VSM.LayoutRemap,0,1
58,13114,3803.7922258,1,VSM.ResetFeedback,0,1
58,13114,3803.7922258,1,VSM.MarkReceiverPages,616960,1
58,13114,3803.7922258,1,VSM.Allocate,224768,1
58,13114,3803.7922258,1,VSM.InvalidateStatic,0,0
58,13114,3803.7922258,1,VSM.ClearPhysicalPages,257536,1
58,13114,3803.7922258,1,VSM.StaticCasterCull,68864,1
58,13114,3803.7922258,1,VSM.DynamicCasterCull,42496,1
58,13114,3803.7922258,1,VSM.PageCull,77312,2
58,13114,3803.7922258,1,VSM.StaticRaster,6912,1
58,13114,3803.7922258,1,VSM.FinalizePages,2304,1
58,13114,3803.7922258,1,VSM.DynamicRaster,35328,1
58,13114,3803.7922258,1,VSM.UnityCompatibilityRaster,0,0
58,13114,3803.7922258,1,VSM.Resolve,10261504,1
58,13114,3803.7922258,1,VSM.ResolveTrace,10040832,1
58,13114,3803.7922258,1,VSM.FilterHorizontal,65024,1
58,13114,3803.7922258,1,VSM.FilterVertical,0,0
58,13114,3803.7922258,1,VSM.FilterTemporalVertical,154624,1
59,13115,3803.81949,1,VSM.LayoutRemap,0,1
59,13115,3803.81949,1,VSM.ResetFeedback,0,1
59,13115,3803.81949,1,VSM.MarkReceiverPages,616704,1
59,13115,3803.81949,1,VSM.Allocate,261120,1
59,13115,3803.81949,1,VSM.InvalidateStatic,0,0
59,13115,3803.81949,1,VSM.ClearPhysicalPages,386304,1
59,13115,3803.81949,1,VSM.StaticCasterCull,72704,1
59,13115,3803.81949,1,VSM.DynamicCasterCull,43520,1
59,13115,3803.81949,1,VSM.PageCull,78336,2
59,13115,3803.81949,1,VSM.StaticRaster,30720,1
59,13115,3803.81949,1,VSM.FinalizePages,2048,1
59,13115,3803.81949,1,VSM.DynamicRaster,32768,1
59,13115,3803.81949,1,VSM.UnityCompatibilityRaster,0,0
59,13115,3803.81949,1,VSM.Resolve,11044608,1
59,13115,3803.81949,1,VSM.ResolveTrace,10627328,1
59,13115,3803.81949,1,VSM.FilterHorizontal,66816,1
59,13115,3803.81949,1,VSM.FilterVertical,0,0
59,13115,3803.81949,1,VSM.FilterTemporalVertical,154880,1
60,13116,3803.8414436999997,1,VSM.LayoutRemap,0,1
60,13116,3803.8414436999997,1,VSM.ResetFeedback,256,1
60,13116,3803.8414436999997,1,VSM.MarkReceiverPages,617216,1
60,13116,3803.8414436999997,1,VSM.Allocate,223488,1
60,13116,3803.8414436999997,1,VSM.InvalidateStatic,0,0
60,13116,3803.8414436999997,1,VSM.ClearPhysicalPages,388864,1
60,13116,3803.8414436999997,1,VSM.StaticCasterCull,72960,1
60,13116,3803.8414436999997,1,VSM.DynamicCasterCull,42496,1
60,13116,3803.8414436999997,1,VSM.PageCull,76800,2
60,13116,3803.8414436999997,1,VSM.StaticRaster,6912,1
60,13116,3803.8414436999997,1,VSM.FinalizePages,2560,1
60,13116,3803.8414436999997,1,VSM.DynamicRaster,34560,1
60,13116,3803.8414436999997,1,VSM.UnityCompatibilityRaster,0,0
60,13116,3803.8414436999997,1,VSM.Resolve,11383552,1
60,13116,3803.8414436999997,1,VSM.ResolveTrace,11160320,1
60,13116,3803.8414436999997,1,VSM.FilterHorizontal,66816,1
60,13116,3803.8414436999997,1,VSM.FilterVertical,0,0
60,13116,3803.8414436999997,1,VSM.FilterTemporalVertical,155392,1
61,13117,3803.8630706999998,1,VSM.LayoutRemap,0,1
61,13117,3803.8630706999998,1,VSM.ResetFeedback,0,1
61,13117,3803.8630706999998,1,VSM.MarkReceiverPages,616960,1
61,13117,3803.8630706999998,1,VSM.Allocate,224000,1
61,13117,3803.8630706999998,1,VSM.InvalidateStatic,0,0
61,13117,3803.8630706999998,1,VSM.ClearPhysicalPages,90112,1
61,13117,3803.8630706999998,1,VSM.StaticCasterCull,67072,1
61,13117,3803.8630706999998,1,VSM.DynamicCasterCull,42752,1
61,13117,3803.8630706999998,1,VSM.PageCull,77312,2
61,13117,3803.8630706999998,1,VSM.StaticRaster,7168,1
61,13117,3803.8630706999998,1,VSM.FinalizePages,2048,1
61,13117,3803.8630706999998,1,VSM.DynamicRaster,33792,1
61,13117,3803.8630706999998,1,VSM.UnityCompatibilityRaster,0,0
61,13117,3803.8630706999998,1,VSM.Resolve,10866944,1
61,13117,3803.8630706999998,1,VSM.ResolveTrace,10643456,1
61,13117,3803.8630706999998,1,VSM.FilterHorizontal,68096,1
61,13117,3803.8630706999998,1,VSM.FilterVertical,0,0
61,13117,3803.8630706999998,1,VSM.FilterTemporalVertical,154368,1
62,13118,3803.8856339,1,VSM.LayoutRemap,0,1
62,13118,3803.8856339,1,VSM.ResetFeedback,0,1
62,13118,3803.8856339,1,VSM.MarkReceiverPages,617728,1
62,13118,3803.8856339,1,VSM.Allocate,224000,1
62,13118,3803.8856339,1,VSM.InvalidateStatic,0,0
62,13118,3803.8856339,1,VSM.ClearPhysicalPages,90112,1
62,13118,3803.8856339,1,VSM.StaticCasterCull,66816,1
62,13118,3803.8856339,1,VSM.DynamicCasterCull,41728,1
62,13118,3803.8856339,1,VSM.PageCull,75264,2
62,13118,3803.8856339,1,VSM.StaticRaster,11008,1
62,13118,3803.8856339,1,VSM.FinalizePages,2048,1
62,13118,3803.8856339,1,VSM.DynamicRaster,34048,1
62,13118,3803.8856339,1,VSM.UnityCompatibilityRaster,0,0
62,13118,3803.8856339,1,VSM.Resolve,10820608,1
62,13118,3803.8856339,1,VSM.ResolveTrace,10597120,1
62,13118,3803.8856339,1,VSM.FilterHorizontal,66304,1
62,13118,3803.8856339,1,VSM.FilterVertical,0,0
62,13118,3803.8856339,1,VSM.FilterTemporalVertical,155904,1
63,13119,3803.9069686,1,VSM.LayoutRemap,0,1
63,13119,3803.9069686,1,VSM.ResetFeedback,0,1
63,13119,3803.9069686,1,VSM.MarkReceiverPages,614400,1
63,13119,3803.9069686,1,VSM.Allocate,220672,1
63,13119,3803.9069686,1,VSM.InvalidateStatic,0,0
63,13119,3803.9069686,1,VSM.ClearPhysicalPages,399616,1
63,13119,3803.9069686,1,VSM.StaticCasterCull,77568,1
63,13119,3803.9069686,1,VSM.DynamicCasterCull,41472,1
63,13119,3803.9069686,1,VSM.PageCull,78848,2
63,13119,3803.9069686,1,VSM.StaticRaster,7168,1
63,13119,3803.9069686,1,VSM.FinalizePages,2304,1
63,13119,3803.9069686,1,VSM.DynamicRaster,37120,1
63,13119,3803.9069686,1,VSM.UnityCompatibilityRaster,0,0
63,13119,3803.9069686,1,VSM.Resolve,10495488,1
63,13119,3803.9069686,1,VSM.ResolveTrace,10269184,1
63,13119,3803.9069686,1,VSM.FilterHorizontal,66816,1
63,13119,3803.9069686,1,VSM.FilterVertical,0,0
63,13119,3803.9069686,1,VSM.FilterTemporalVertical,158464,1
64,13120,3803.92845,1,VSM.LayoutRemap,0,1
64,13120,3803.92845,1,VSM.ResetFeedback,0,1
64,13120,3803.92845,1,VSM.MarkReceiverPages,617472,1
64,13120,3803.92845,1,VSM.Allocate,220928,1
64,13120,3803.92845,1,VSM.InvalidateStatic,0,0
64,13120,3803.92845,1,VSM.ClearPhysicalPages,380160,1
64,13120,3803.92845,1,VSM.StaticCasterCull,67328,1
64,13120,3803.92845,1,VSM.DynamicCasterCull,41728,1
64,13120,3803.92845,1,VSM.PageCull,75008,2
64,13120,3803.92845,1,VSM.StaticRaster,7168,1
64,13120,3803.92845,1,VSM.FinalizePages,2304,1
64,13120,3803.92845,1,VSM.DynamicRaster,38144,1
64,13120,3803.92845,1,VSM.UnityCompatibilityRaster,0,0
64,13120,3803.92845,1,VSM.Resolve,11241728,1
64,13120,3803.92845,1,VSM.ResolveTrace,10666240,1
64,13120,3803.92845,1,VSM.FilterHorizontal,68608,1
64,13120,3803.92845,1,VSM.FilterVertical,0,0
64,13120,3803.92845,1,VSM.FilterTemporalVertical,156672,1
65,13121,3803.9509789999997,1,VSM.LayoutRemap,0,1
65,13121,3803.9509789999997,1,VSM.ResetFeedback,0,1
65,13121,3803.9509789999997,1,VSM.MarkReceiverPages,620800,1
65,13121,3803.9509789999997,1,VSM.Allocate,223488,1
65,13121,3803.9509789999997,1,VSM.InvalidateStatic,0,0
65,13121,3803.9509789999997,1,VSM.ClearPhysicalPages,353536,1
65,13121,3803.9509789999997,1,VSM.StaticCasterCull,70144,1
65,13121,3803.9509789999997,1,VSM.DynamicCasterCull,40960,1
65,13121,3803.9509789999997,1,VSM.PageCull,72704,2
65,13121,3803.9509789999997,1,VSM.StaticRaster,3072,1
65,13121,3803.9509789999997,1,VSM.FinalizePages,2048,1
65,13121,3803.9509789999997,1,VSM.DynamicRaster,35840,1
65,13121,3803.9509789999997,1,VSM.UnityCompatibilityRaster,0,0
65,13121,3803.9509789999997,1,VSM.Resolve,10358784,1
65,13121,3803.9509789999997,1,VSM.ResolveTrace,10136064,1
65,13121,3803.9509789999997,1,VSM.FilterHorizontal,65280,1
65,13121,3803.9509789999997,1,VSM.FilterVertical,0,0
65,13121,3803.9509789999997,1,VSM.FilterTemporalVertical,156416,1
66,13122,3803.9715561999997,1,VSM.LayoutRemap,0,1
66,13122,3803.9715561999997,1,VSM.ResetFeedback,0,1
66,13122,3803.9715561999997,1,VSM.MarkReceiverPages,616704,1
66,13122,3803.9715561999997,1,VSM.Allocate,221696,1
66,13122,3803.9715561999997,1,VSM.InvalidateStatic,0,0
66,13122,3803.9715561999997,1,VSM.ClearPhysicalPages,393984,1
66,13122,3803.9715561999997,1,VSM.StaticCasterCull,75776,1
66,13122,3803.9715561999997,1,VSM.DynamicCasterCull,43008,1
66,13122,3803.9715561999997,1,VSM.PageCull,79872,2
66,13122,3803.9715561999997,1,VSM.StaticRaster,3584,1
66,13122,3803.9715561999997,1,VSM.FinalizePages,2048,1
66,13122,3803.9715561999997,1,VSM.DynamicRaster,38912,1
66,13122,3803.9715561999997,1,VSM.UnityCompatibilityRaster,0,0
66,13122,3803.9715561999997,1,VSM.Resolve,10829824,1
66,13122,3803.9715561999997,1,VSM.ResolveTrace,10415872,1
66,13122,3803.9715561999997,1,VSM.FilterHorizontal,254976,1
66,13122,3803.9715561999997,1,VSM.FilterVertical,0,0
66,13122,3803.9715561999997,1,VSM.FilterTemporalVertical,157952,1
67,13123,3803.9931841,1,VSM.LayoutRemap,0,1
67,13123,3803.9931841,1,VSM.ResetFeedback,0,1
67,13123,3803.9931841,1,VSM.MarkReceiverPages,621568,1
67,13123,3803.9931841,1,VSM.Allocate,261888,1
67,13123,3803.9931841,1,VSM.InvalidateStatic,0,0
67,13123,3803.9931841,1,VSM.ClearPhysicalPages,91136,1
67,13123,3803.9931841,1,VSM.StaticCasterCull,66560,1
67,13123,3803.9931841,1,VSM.DynamicCasterCull,47616,1
67,13123,3803.9931841,1,VSM.PageCull,81408,2
67,13123,3803.9931841,1,VSM.StaticRaster,30464,1
67,13123,3803.9931841,1,VSM.FinalizePages,1792,1
67,13123,3803.9931841,1,VSM.DynamicRaster,31744,1
67,13123,3803.9931841,1,VSM.UnityCompatibilityRaster,0,0
67,13123,3803.9931841,1,VSM.Resolve,11440640,1
67,13123,3803.9931841,1,VSM.ResolveTrace,11220992,1
67,13123,3803.9931841,1,VSM.FilterHorizontal,66304,1
67,13123,3803.9931841,1,VSM.FilterVertical,0,0
67,13123,3803.9931841,1,VSM.FilterTemporalVertical,152576,1
68,13124,3804.014044,1,VSM.LayoutRemap,0,1
68,13124,3804.014044,1,VSM.ResetFeedback,0,1
68,13124,3804.014044,1,VSM.MarkReceiverPages,624640,1
68,13124,3804.014044,1,VSM.Allocate,226560,1
68,13124,3804.014044,1,VSM.InvalidateStatic,0,0
68,13124,3804.014044,1,VSM.ClearPhysicalPages,89600,1
68,13124,3804.014044,1,VSM.StaticCasterCull,69120,1
68,13124,3804.014044,1,VSM.DynamicCasterCull,45056,1
68,13124,3804.014044,1,VSM.PageCull,81664,2
68,13124,3804.014044,1,VSM.StaticRaster,7168,1
68,13124,3804.014044,1,VSM.FinalizePages,2048,1
68,13124,3804.014044,1,VSM.DynamicRaster,37376,1
68,13124,3804.014044,1,VSM.UnityCompatibilityRaster,0,0
68,13124,3804.014044,1,VSM.Resolve,10134528,1
68,13124,3804.014044,1,VSM.ResolveTrace,9910272,1
68,13124,3804.014044,1,VSM.FilterHorizontal,65024,1
68,13124,3804.014044,1,VSM.FilterVertical,0,0
68,13124,3804.014044,1,VSM.FilterTemporalVertical,158208,1
69,13125,3804.0341398,1,VSM.LayoutRemap,0,1
69,13125,3804.0341398,1,VSM.ResetFeedback,0,1
69,13125,3804.0341398,1,VSM.MarkReceiverPages,627200,1
69,13125,3804.0341398,1,VSM.Allocate,223744,1
69,13125,3804.0341398,1,VSM.InvalidateStatic,0,0
69,13125,3804.0341398,1,VSM.ClearPhysicalPages,275968,1
69,13125,3804.0341398,1,VSM.StaticCasterCull,71936,1
69,13125,3804.0341398,1,VSM.DynamicCasterCull,43008,1
69,13125,3804.0341398,1,VSM.PageCull,79616,2
69,13125,3804.0341398,1,VSM.StaticRaster,7168,1
69,13125,3804.0341398,1,VSM.FinalizePages,2048,1
69,13125,3804.0341398,1,VSM.DynamicRaster,33536,1
69,13125,3804.0341398,1,VSM.UnityCompatibilityRaster,0,0
69,13125,3804.0341398,1,VSM.Resolve,10750208,1
69,13125,3804.0341398,1,VSM.ResolveTrace,10525440,1
69,13125,3804.0341398,1,VSM.FilterHorizontal,66304,1
69,13125,3804.0341398,1,VSM.FilterVertical,0,0
69,13125,3804.0341398,1,VSM.FilterTemporalVertical,157184,1
70,13126,3804.0565764999997,1,VSM.LayoutRemap,0,1
70,13126,3804.0565764999997,1,VSM.ResetFeedback,0,1
70,13126,3804.0565764999997,1,VSM.MarkReceiverPages,623872,1
70,13126,3804.0565764999997,1,VSM.Allocate,226304,1
70,13126,3804.0565764999997,1,VSM.InvalidateStatic,0,0
70,13126,3804.0565764999997,1,VSM.ClearPhysicalPages,90112,1
70,13126,3804.0565764999997,1,VSM.StaticCasterCull,67072,1
70,13126,3804.0565764999997,1,VSM.DynamicCasterCull,44544,1
70,13126,3804.0565764999997,1,VSM.PageCull,78848,2
70,13126,3804.0565764999997,1,VSM.StaticRaster,7936,1
70,13126,3804.0565764999997,1,VSM.FinalizePages,1792,1
70,13126,3804.0565764999997,1,VSM.DynamicRaster,37376,1
70,13126,3804.0565764999997,1,VSM.UnityCompatibilityRaster,0,0
70,13126,3804.0565764999997,1,VSM.Resolve,10638080,1
70,13126,3804.0565764999997,1,VSM.ResolveTrace,10411776,1
70,13126,3804.0565764999997,1,VSM.FilterHorizontal,67328,1
70,13126,3804.0565764999997,1,VSM.FilterVertical,0,0
70,13126,3804.0565764999997,1,VSM.FilterTemporalVertical,157440,1
71,13127,3804.0779143,1,VSM.LayoutRemap,0,1
71,13127,3804.0779143,1,VSM.ResetFeedback,0,1
71,13127,3804.0779143,1,VSM.MarkReceiverPages,625920,1
71,13127,3804.0779143,1,VSM.Allocate,226304,1
71,13127,3804.0779143,1,VSM.InvalidateStatic,0,0
71,13127,3804.0779143,1,VSM.ClearPhysicalPages,740864,1
71,13127,3804.0779143,1,VSM.StaticCasterCull,76032,1
71,13127,3804.0779143,1,VSM.DynamicCasterCull,43776,1
71,13127,3804.0779143,1,VSM.PageCull,81152,2
71,13127,3804.0779143,1,VSM.StaticRaster,4096,1
71,13127,3804.0779143,1,VSM.FinalizePages,2304,1
71,13127,3804.0779143,1,VSM.DynamicRaster,34048,1
71,13127,3804.0779143,1,VSM.UnityCompatibilityRaster,0,0
71,13127,3804.0779143,1,VSM.Resolve,10346752,1
71,13127,3804.0779143,1,VSM.ResolveTrace,10119424,1
71,13127,3804.0779143,1,VSM.FilterHorizontal,68352,1
71,13127,3804.0779143,1,VSM.FilterVertical,0,0
71,13127,3804.0779143,1,VSM.FilterTemporalVertical,157696,1
72,13128,3804.1000421999997,1,VSM.LayoutRemap,0,1
72,13128,3804.1000421999997,1,VSM.ResetFeedback,0,1
72,13128,3804.1000421999997,1,VSM.MarkReceiverPages,624128,1
72,13128,3804.1000421999997,1,VSM.Allocate,227328,1
72,13128,3804.1000421999997,1,VSM.InvalidateStatic,0,0
72,13128,3804.1000421999997,1,VSM.ClearPhysicalPages,382720,1
72,13128,3804.1000421999997,1,VSM.StaticCasterCull,68352,1
72,13128,3804.1000421999997,1,VSM.DynamicCasterCull,43264,1
72,13128,3804.1000421999997,1,VSM.PageCull,76544,2
72,13128,3804.1000421999997,1,VSM.StaticRaster,6912,1
72,13128,3804.1000421999997,1,VSM.FinalizePages,2048,1
72,13128,3804.1000421999997,1,VSM.DynamicRaster,36608,1
72,13128,3804.1000421999997,1,VSM.UnityCompatibilityRaster,0,0
72,13128,3804.1000421999997,1,VSM.Resolve,10260480,1
72,13128,3804.1000421999997,1,VSM.ResolveTrace,10039296,1
72,13128,3804.1000421999997,1,VSM.FilterHorizontal,65792,1
72,13128,3804.1000421999997,1,VSM.FilterVertical,0,0
72,13128,3804.1000421999997,1,VSM.FilterTemporalVertical,154624,1
73,13129,3804.1210895,1,VSM.LayoutRemap,0,1
73,13129,3804.1210895,1,VSM.ResetFeedback,0,1
73,13129,3804.1210895,1,VSM.MarkReceiverPages,625920,1
73,13129,3804.1210895,1,VSM.Allocate,225536,1
73,13129,3804.1210895,1,VSM.InvalidateStatic,0,0
73,13129,3804.1210895,1,VSM.ClearPhysicalPages,89600,1
73,13129,3804.1210895,1,VSM.StaticCasterCull,67072,1
73,13129,3804.1210895,1,VSM.DynamicCasterCull,44288,1
73,13129,3804.1210895,1,VSM.PageCull,78848,2
73,13129,3804.1210895,1,VSM.StaticRaster,8448,1
73,13129,3804.1210895,1,VSM.FinalizePages,2048,1
73,13129,3804.1210895,1,VSM.DynamicRaster,33024,1
73,13129,3804.1210895,1,VSM.UnityCompatibilityRaster,0,0
73,13129,3804.1210895,1,VSM.Resolve,11700736,1
73,13129,3804.1210895,1,VSM.ResolveTrace,11477760,1
73,13129,3804.1210895,1,VSM.FilterHorizontal,66816,1
73,13129,3804.1210895,1,VSM.FilterVertical,0,0
73,13129,3804.1210895,1,VSM.FilterTemporalVertical,154880,1
74,13130,3804.1431849,1,VSM.LayoutRemap,0,1
74,13130,3804.1431849,1,VSM.ResetFeedback,0,1
74,13130,3804.1431849,1,VSM.MarkReceiverPages,629760,1
74,13130,3804.1431849,1,VSM.Allocate,226816,1
74,13130,3804.1431849,1,VSM.InvalidateStatic,0,0
74,13130,3804.1431849,1,VSM.ClearPhysicalPages,262400,1
74,13130,3804.1431849,1,VSM.StaticCasterCull,71680,1
74,13130,3804.1431849,1,VSM.DynamicCasterCull,44288,1
74,13130,3804.1431849,1,VSM.PageCull,78336,2
74,13130,3804.1431849,1,VSM.StaticRaster,7424,1
74,13130,3804.1431849,1,VSM.FinalizePages,1792,1
74,13130,3804.1431849,1,VSM.DynamicRaster,36864,1
74,13130,3804.1431849,1,VSM.UnityCompatibilityRaster,0,0
74,13130,3804.1431849,1,VSM.Resolve,11561728,1
74,13130,3804.1431849,1,VSM.ResolveTrace,10972672,1
74,13130,3804.1431849,1,VSM.FilterHorizontal,66560,1
74,13130,3804.1431849,1,VSM.FilterVertical,0,0
74,13130,3804.1431849,1,VSM.FilterTemporalVertical,154624,1
75,13131,3804.1640004,1,VSM.LayoutRemap,0,1
75,13131,3804.1640004,1,VSM.ResetFeedback,0,1
75,13131,3804.1640004,1,VSM.MarkReceiverPages,625920,1
75,13131,3804.1640004,1,VSM.Allocate,223232,1
75,13131,3804.1640004,1,VSM.InvalidateStatic,0,0
75,13131,3804.1640004,1,VSM.ClearPhysicalPages,89600,1
75,13131,3804.1640004,1,VSM.StaticCasterCull,68608,1
75,13131,3804.1640004,1,VSM.DynamicCasterCull,43520,1
75,13131,3804.1640004,1,VSM.PageCull,79104,2
75,13131,3804.1640004,1,VSM.StaticRaster,3072,1
75,13131,3804.1640004,1,VSM.FinalizePages,2304,1
75,13131,3804.1640004,1,VSM.DynamicRaster,33280,1
75,13131,3804.1640004,1,VSM.UnityCompatibilityRaster,0,0
75,13131,3804.1640004,1,VSM.Resolve,10876160,1
75,13131,3804.1640004,1,VSM.ResolveTrace,10653696,1
75,13131,3804.1640004,1,VSM.FilterHorizontal,66816,1
75,13131,3804.1640004,1,VSM.FilterVertical,0,0
75,13131,3804.1640004,1,VSM.FilterTemporalVertical,154368,1
76,13132,3804.1844,1,VSM.LayoutRemap,0,1
76,13132,3804.1844,1,VSM.ResetFeedback,0,1
76,13132,3804.1844,1,VSM.MarkReceiverPages,762880,1
76,13132,3804.1844,1,VSM.Allocate,225536,1
76,13132,3804.1844,1,VSM.InvalidateStatic,0,0
76,13132,3804.1844,1,VSM.ClearPhysicalPages,90112,1
76,13132,3804.1844,1,VSM.StaticCasterCull,68608,1
76,13132,3804.1844,1,VSM.DynamicCasterCull,44544,1
76,13132,3804.1844,1,VSM.PageCull,79616,2
76,13132,3804.1844,1,VSM.StaticRaster,7424,1
76,13132,3804.1844,1,VSM.FinalizePages,2048,1
76,13132,3804.1844,1,VSM.DynamicRaster,36352,1
76,13132,3804.1844,1,VSM.UnityCompatibilityRaster,0,0
76,13132,3804.1844,1,VSM.Resolve,10998016,1
76,13132,3804.1844,1,VSM.ResolveTrace,10776576,1
76,13132,3804.1844,1,VSM.FilterHorizontal,65536,1
76,13132,3804.1844,1,VSM.FilterVertical,0,0
76,13132,3804.1844,1,VSM.FilterTemporalVertical,154624,1
77,13133,3804.2061448,1,VSM.LayoutRemap,0,1
77,13133,3804.2061448,1,VSM.ResetFeedback,0,1
77,13133,3804.2061448,1,VSM.MarkReceiverPages,625152,1
77,13133,3804.2061448,1,VSM.Allocate,226048,1
77,13133,3804.2061448,1,VSM.InvalidateStatic,0,0
77,13133,3804.2061448,1,VSM.ClearPhysicalPages,89856,1
77,13133,3804.2061448,1,VSM.StaticCasterCull,67072,1
77,13133,3804.2061448,1,VSM.DynamicCasterCull,42496,1
77,13133,3804.2061448,1,VSM.PageCull,76544,2
77,13133,3804.2061448,1,VSM.StaticRaster,3328,1
77,13133,3804.2061448,1,VSM.FinalizePages,2048,1
77,13133,3804.2061448,1,VSM.DynamicRaster,32000,1
77,13133,3804.2061448,1,VSM.UnityCompatibilityRaster,0,0
77,13133,3804.2061448,1,VSM.Resolve,10785024,1
77,13133,3804.2061448,1,VSM.ResolveTrace,10373120,1
77,13133,3804.2061448,1,VSM.FilterHorizontal,257536,1
77,13133,3804.2061448,1,VSM.FilterVertical,0,0
77,13133,3804.2061448,1,VSM.FilterTemporalVertical,153344,1
78,13134,3804.2265715,1,VSM.LayoutRemap,0,1
78,13134,3804.2265715,1,VSM.ResetFeedback,0,1
78,13134,3804.2265715,1,VSM.MarkReceiverPages,628992,1
78,13134,3804.2265715,1,VSM.Allocate,223744,1
78,13134,3804.2265715,1,VSM.InvalidateStatic,0,0
78,13134,3804.2265715,1,VSM.ClearPhysicalPages,391424,1
78,13134,3804.2265715,1,VSM.StaticCasterCull,73728,1
78,13134,3804.2265715,1,VSM.DynamicCasterCull,43008,1
78,13134,3804.2265715,1,VSM.PageCull,77824,2
78,13134,3804.2265715,1,VSM.StaticRaster,7168,1
78,13134,3804.2265715,1,VSM.FinalizePages,2304,1
78,13134,3804.2265715,1,VSM.DynamicRaster,37120,1
78,13134,3804.2265715,1,VSM.UnityCompatibilityRaster,0,0
78,13134,3804.2265715,1,VSM.Resolve,10503424,1
78,13134,3804.2265715,1,VSM.ResolveTrace,10282496,1
78,13134,3804.2265715,1,VSM.FilterHorizontal,65792,1
78,13134,3804.2265715,1,VSM.FilterVertical,0,0
78,13134,3804.2265715,1,VSM.FilterTemporalVertical,154112,1
79,13135,3804.2471136999998,1,VSM.LayoutRemap,0,1
79,13135,3804.2471136999998,1,VSM.ResetFeedback,0,1
79,13135,3804.2471136999998,1,VSM.MarkReceiverPages,626432,1
79,13135,3804.2471136999998,1,VSM.Allocate,261888,1
79,13135,3804.2471136999998,1,VSM.InvalidateStatic,0,0
79,13135,3804.2471136999998,1,VSM.ClearPhysicalPages,90368,1
79,13135,3804.2471136999998,1,VSM.StaticCasterCull,69888,1
79,13135,3804.2471136999998,1,VSM.DynamicCasterCull,46848,1
79,13135,3804.2471136999998,1,VSM.PageCull,82944,2
79,13135,3804.2471136999998,1,VSM.StaticRaster,20736,1
79,13135,3804.2471136999998,1,VSM.FinalizePages,2048,1
79,13135,3804.2471136999998,1,VSM.DynamicRaster,30720,1
79,13135,3804.2471136999998,1,VSM.UnityCompatibilityRaster,0,0
79,13135,3804.2471136999998,1,VSM.Resolve,11703552,1
79,13135,3804.2471136999998,1,VSM.ResolveTrace,11479808,1
79,13135,3804.2471136999998,1,VSM.FilterHorizontal,67072,1
79,13135,3804.2471136999998,1,VSM.FilterVertical,0,0
79,13135,3804.2471136999998,1,VSM.FilterTemporalVertical,155648,1
80,13136,3804.2688817999997,1,VSM.LayoutRemap,0,1
80,13136,3804.2688817999997,1,VSM.ResetFeedback,0,1
80,13136,3804.2688817999997,1,VSM.MarkReceiverPages,625408,1
80,13136,3804.2688817999997,1,VSM.Allocate,261632,1
80,13136,3804.2688817999997,1,VSM.InvalidateStatic,0,0
80,13136,3804.2688817999997,1,VSM.ClearPhysicalPages,90112,1
80,13136,3804.2688817999997,1,VSM.StaticCasterCull,67328,1
80,13136,3804.2688817999997,1,VSM.DynamicCasterCull,47360,1
80,13136,3804.2688817999997,1,VSM.PageCull,81920,2
80,13136,3804.2688817999997,1,VSM.StaticRaster,36096,1
80,13136,3804.2688817999997,1,VSM.FinalizePages,2048,1
80,13136,3804.2688817999997,1,VSM.DynamicRaster,38912,1
80,13136,3804.2688817999997,1,VSM.UnityCompatibilityRaster,0,0
80,13136,3804.2688817999997,1,VSM.Resolve,10901760,1
80,13136,3804.2688817999997,1,VSM.ResolveTrace,10302208,1
80,13136,3804.2688817999997,1,VSM.FilterHorizontal,66304,1
80,13136,3804.2688817999997,1,VSM.FilterVertical,0,0
80,13136,3804.2688817999997,1,VSM.FilterTemporalVertical,156672,1
81,13137,3804.2895091,1,VSM.LayoutRemap,0,1
81,13137,3804.2895091,1,VSM.ResetFeedback,0,1
81,13137,3804.2895091,1,VSM.MarkReceiverPages,625408,1
81,13137,3804.2895091,1,VSM.Allocate,225536,1
81,13137,3804.2895091,1,VSM.InvalidateStatic,0,0
81,13137,3804.2895091,1,VSM.ClearPhysicalPages,251648,1
81,13137,3804.2895091,1,VSM.StaticCasterCull,72960,1
81,13137,3804.2895091,1,VSM.DynamicCasterCull,44800,1
81,13137,3804.2895091,1,VSM.PageCull,79616,2
81,13137,3804.2895091,1,VSM.StaticRaster,3328,1
81,13137,3804.2895091,1,VSM.FinalizePages,2048,1
81,13137,3804.2895091,1,VSM.DynamicRaster,32768,1
81,13137,3804.2895091,1,VSM.UnityCompatibilityRaster,0,0
81,13137,3804.2895091,1,VSM.Resolve,11252992,1
81,13137,3804.2895091,1,VSM.ResolveTrace,11030528,1
81,13137,3804.2895091,1,VSM.FilterHorizontal,66560,1
81,13137,3804.2895091,1,VSM.FilterVertical,0,0
81,13137,3804.2895091,1,VSM.FilterTemporalVertical,154880,1
82,13138,3804.3101957,1,VSM.LayoutRemap,0,1
82,13138,3804.3101957,1,VSM.ResetFeedback,0,1
82,13138,3804.3101957,1,VSM.MarkReceiverPages,625664,1
82,13138,3804.3101957,1,VSM.Allocate,225792,1
82,13138,3804.3101957,1,VSM.InvalidateStatic,0,0
82,13138,3804.3101957,1,VSM.ClearPhysicalPages,389888,1
82,13138,3804.3101957,1,VSM.StaticCasterCull,72704,1
82,13138,3804.3101957,1,VSM.DynamicCasterCull,42752,1
82,13138,3804.3101957,1,VSM.PageCull,76800,2
82,13138,3804.3101957,1,VSM.StaticRaster,6912,1
82,13138,3804.3101957,1,VSM.FinalizePages,2304,1
82,13138,3804.3101957,1,VSM.DynamicRaster,36864,1
82,13138,3804.3101957,1,VSM.UnityCompatibilityRaster,0,0
82,13138,3804.3101957,1,VSM.Resolve,11731712,1
82,13138,3804.3101957,1,VSM.ResolveTrace,11125504,1
82,13138,3804.3101957,1,VSM.FilterHorizontal,67328,1
82,13138,3804.3101957,1,VSM.FilterVertical,0,0
82,13138,3804.3101957,1,VSM.FilterTemporalVertical,155904,1
83,13139,3804.3317277,1,VSM.LayoutRemap,0,1
83,13139,3804.3317277,1,VSM.ResetFeedback,0,1
83,13139,3804.3317277,1,VSM.MarkReceiverPages,625408,1
83,13139,3804.3317277,1,VSM.Allocate,224768,1
83,13139,3804.3317277,1,VSM.InvalidateStatic,0,0
83,13139,3804.3317277,1,VSM.ClearPhysicalPages,89600,1
83,13139,3804.3317277,1,VSM.StaticCasterCull,68096,1
83,13139,3804.3317277,1,VSM.DynamicCasterCull,44288,1
83,13139,3804.3317277,1,VSM.PageCull,80128,2
83,13139,3804.3317277,1,VSM.StaticRaster,7424,1
83,13139,3804.3317277,1,VSM.FinalizePages,2048,1
83,13139,3804.3317277,1,VSM.DynamicRaster,32768,1
83,13139,3804.3317277,1,VSM.UnityCompatibilityRaster,0,0
83,13139,3804.3317277,1,VSM.Resolve,11089664,1
83,13139,3804.3317277,1,VSM.ResolveTrace,10428416,1
83,13139,3804.3317277,1,VSM.FilterHorizontal,68864,1
83,13139,3804.3317277,1,VSM.FilterVertical,0,0
83,13139,3804.3317277,1,VSM.FilterTemporalVertical,155648,1
84,13140,3804.353229,1,VSM.LayoutRemap,0,1
84,13140,3804.353229,1,VSM.ResetFeedback,0,1
84,13140,3804.353229,1,VSM.MarkReceiverPages,625408,1
84,13140,3804.353229,1,VSM.Allocate,222976,1
84,13140,3804.353229,1,VSM.InvalidateStatic,0,0
84,13140,3804.353229,1,VSM.ClearPhysicalPages,274432,1
84,13140,3804.353229,1,VSM.StaticCasterCull,73472,1
84,13140,3804.353229,1,VSM.DynamicCasterCull,44288,1
84,13140,3804.353229,1,VSM.PageCull,78336,2
84,13140,3804.353229,1,VSM.StaticRaster,3840,1
84,13140,3804.353229,1,VSM.FinalizePages,2048,1
84,13140,3804.353229,1,VSM.DynamicRaster,33536,1
84,13140,3804.353229,1,VSM.UnityCompatibilityRaster,0,0
84,13140,3804.353229,1,VSM.Resolve,10531584,1
84,13140,3804.353229,1,VSM.ResolveTrace,10307840,1
84,13140,3804.353229,1,VSM.FilterHorizontal,67072,1
84,13140,3804.353229,1,VSM.FilterVertical,0,0
84,13140,3804.353229,1,VSM.FilterTemporalVertical,155392,1
85,13141,3804.3739895999997,1,VSM.LayoutRemap,0,1
85,13141,3804.3739895999997,1,VSM.ResetFeedback,0,1
85,13141,3804.3739895999997,1,VSM.MarkReceiverPages,620544,1
85,13141,3804.3739895999997,1,VSM.Allocate,261888,1
85,13141,3804.3739895999997,1,VSM.InvalidateStatic,0,0
85,13141,3804.3739895999997,1,VSM.ClearPhysicalPages,457216,1
85,13141,3804.3739895999997,1,VSM.StaticCasterCull,67584,1
85,13141,3804.3739895999997,1,VSM.DynamicCasterCull,45312,1
85,13141,3804.3739895999997,1,VSM.PageCull,80384,2
85,13141,3804.3739895999997,1,VSM.StaticRaster,43008,1
85,13141,3804.3739895999997,1,VSM.FinalizePages,2048,1
85,13141,3804.3739895999997,1,VSM.DynamicRaster,32768,1
85,13141,3804.3739895999997,1,VSM.UnityCompatibilityRaster,0,0
85,13141,3804.3739895999997,1,VSM.Resolve,11112960,1
85,13141,3804.3739895999997,1,VSM.ResolveTrace,10891008,1
85,13141,3804.3739895999997,1,VSM.FilterHorizontal,66560,1
85,13141,3804.3739895999997,1,VSM.FilterVertical,0,0
85,13141,3804.3739895999997,1,VSM.FilterTemporalVertical,154368,1
86,13142,3804.3962613999997,1,VSM.LayoutRemap,0,1
86,13142,3804.3962613999997,1,VSM.ResetFeedback,0,1
86,13142,3804.3962613999997,1,VSM.MarkReceiverPages,620800,1
86,13142,3804.3962613999997,1,VSM.Allocate,225280,1
86,13142,3804.3962613999997,1,VSM.InvalidateStatic,0,0
86,13142,3804.3962613999997,1,VSM.ClearPhysicalPages,89856,1
86,13142,3804.3962613999997,1,VSM.StaticCasterCull,66304,1
86,13142,3804.3962613999997,1,VSM.DynamicCasterCull,42496,1
86,13142,3804.3962613999997,1,VSM.PageCull,75520,2
86,13142,3804.3962613999997,1,VSM.StaticRaster,7680,1
86,13142,3804.3962613999997,1,VSM.FinalizePages,2048,1
86,13142,3804.3962613999997,1,VSM.DynamicRaster,34304,1
86,13142,3804.3962613999997,1,VSM.UnityCompatibilityRaster,0,0
86,13142,3804.3962613999997,1,VSM.Resolve,11240448,1
86,13142,3804.3962613999997,1,VSM.ResolveTrace,11018496,1
86,13142,3804.3962613999997,1,VSM.FilterHorizontal,66304,1
86,13142,3804.3962613999997,1,VSM.FilterVertical,0,0
86,13142,3804.3962613999997,1,VSM.FilterTemporalVertical,154624,1
87,13143,3804.4176816,1,VSM.LayoutRemap,0,1
87,13143,3804.4176816,1,VSM.ResetFeedback,0,1
87,13143,3804.4176816,1,VSM.MarkReceiverPages,621312,1
87,13143,3804.4176816,1,VSM.Allocate,224256,1
87,13143,3804.4176816,1,VSM.InvalidateStatic,0,0
87,13143,3804.4176816,1,VSM.ClearPhysicalPages,658944,1
87,13143,3804.4176816,1,VSM.StaticCasterCull,75264,1
87,13143,3804.4176816,1,VSM.DynamicCasterCull,42752,1
87,13143,3804.4176816,1,VSM.PageCull,74752,2
87,13143,3804.4176816,1,VSM.StaticRaster,7424,1
87,13143,3804.4176816,1,VSM.FinalizePages,2048,1
87,13143,3804.4176816,1,VSM.DynamicRaster,34816,1
87,13143,3804.4176816,1,VSM.UnityCompatibilityRaster,0,0
87,13143,3804.4176816,1,VSM.Resolve,10903296,1
87,13143,3804.4176816,1,VSM.ResolveTrace,10681600,1
87,13143,3804.4176816,1,VSM.FilterHorizontal,66048,1
87,13143,3804.4176816,1,VSM.FilterVertical,0,0
87,13143,3804.4176816,1,VSM.FilterTemporalVertical,154624,1
88,13144,3804.4382723,1,VSM.LayoutRemap,0,1
88,13144,3804.4382723,1,VSM.ResetFeedback,0,1
88,13144,3804.4382723,1,VSM.MarkReceiverPages,621568,1
88,13144,3804.4382723,1,VSM.Allocate,225280,1
88,13144,3804.4382723,1,VSM.InvalidateStatic,0,0
88,13144,3804.4382723,1,VSM.ClearPhysicalPages,393216,1
88,13144,3804.4382723,1,VSM.StaticCasterCull,69376,1
88,13144,3804.4382723,1,VSM.DynamicCasterCull,41728,1
88,13144,3804.4382723,1,VSM.PageCull,73472,2
88,13144,3804.4382723,1,VSM.StaticRaster,7168,1
88,13144,3804.4382723,1,VSM.FinalizePages,2304,1
88,13144,3804.4382723,1,VSM.DynamicRaster,34560,1
88,13144,3804.4382723,1,VSM.UnityCompatibilityRaster,0,0
88,13144,3804.4382723,1,VSM.Resolve,11251968,1
88,13144,3804.4382723,1,VSM.ResolveTrace,11030272,1
88,13144,3804.4382723,1,VSM.FilterHorizontal,66304,1
88,13144,3804.4382723,1,VSM.FilterVertical,0,0
88,13144,3804.4382723,1,VSM.FilterTemporalVertical,153856,1
89,13145,3804.4584413,1,VSM.LayoutRemap,0,1
89,13145,3804.4584413,1,VSM.ResetFeedback,0,1
89,13145,3804.4584413,1,VSM.MarkReceiverPages,619264,1
89,13145,3804.4584413,1,VSM.Allocate,260352,1
89,13145,3804.4584413,1,VSM.InvalidateStatic,0,0
89,13145,3804.4584413,1,VSM.ClearPhysicalPages,278016,1
89,13145,3804.4584413,1,VSM.StaticCasterCull,74496,1
89,13145,3804.4584413,1,VSM.DynamicCasterCull,44032,1
89,13145,3804.4584413,1,VSM.PageCull,77312,2
89,13145,3804.4584413,1,VSM.StaticRaster,30720,1
89,13145,3804.4584413,1,VSM.FinalizePages,397056,1
89,13145,3804.4584413,1,VSM.DynamicRaster,33024,1
89,13145,3804.4584413,1,VSM.UnityCompatibilityRaster,0,0
89,13145,3804.4584413,1,VSM.Resolve,10086400,1
89,13145,3804.4584413,1,VSM.ResolveTrace,9576192,1
89,13145,3804.4584413,1,VSM.FilterHorizontal,69632,1
89,13145,3804.4584413,1,VSM.FilterVertical,0,0
89,13145,3804.4584413,1,VSM.FilterTemporalVertical,155648,1
90,13146,3804.4795739,1,VSM.LayoutRemap,0,1
90,13146,3804.4795739,1,VSM.ResetFeedback,0,1
90,13146,3804.4795739,1,VSM.MarkReceiverPages,619264,1
90,13146,3804.4795739,1,VSM.Allocate,222720,1
90,13146,3804.4795739,1,VSM.InvalidateStatic,0,0
90,13146,3804.4795739,1,VSM.ClearPhysicalPages,90112,1
90,13146,3804.4795739,1,VSM.StaticCasterCull,67584,1
90,13146,3804.4795739,1,VSM.DynamicCasterCull,43264,1
90,13146,3804.4795739,1,VSM.PageCull,77824,2
90,13146,3804.4795739,1,VSM.StaticRaster,7936,1
90,13146,3804.4795739,1,VSM.FinalizePages,2048,1
90,13146,3804.4795739,1,VSM.DynamicRaster,33536,1
90,13146,3804.4795739,1,VSM.UnityCompatibilityRaster,0,0
90,13146,3804.4795739,1,VSM.Resolve,10396416,1
90,13146,3804.4795739,1,VSM.ResolveTrace,10173696,1
90,13146,3804.4795739,1,VSM.FilterHorizontal,66048,1
90,13146,3804.4795739,1,VSM.FilterVertical,0,0
90,13146,3804.4795739,1,VSM.FilterTemporalVertical,155648,1
91,13147,3804.5001681999997,1,VSM.LayoutRemap,0,1
91,13147,3804.5001681999997,1,VSM.ResetFeedback,0,1
91,13147,3804.5001681999997,1,VSM.MarkReceiverPages,619776,1
91,13147,3804.5001681999997,1,VSM.Allocate,257792,1
91,13147,3804.5001681999997,1,VSM.InvalidateStatic,0,0
91,13147,3804.5001681999997,1,VSM.ClearPhysicalPages,90368,1
91,13147,3804.5001681999997,1,VSM.StaticCasterCull,69120,1
91,13147,3804.5001681999997,1,VSM.DynamicCasterCull,45568,1
91,13147,3804.5001681999997,1,VSM.PageCull,81920,2
91,13147,3804.5001681999997,1,VSM.StaticRaster,30208,1
91,13147,3804.5001681999997,1,VSM.FinalizePages,1792,1
91,13147,3804.5001681999997,1,VSM.DynamicRaster,32000,1
91,13147,3804.5001681999997,1,VSM.UnityCompatibilityRaster,0,0
91,13147,3804.5001681999997,1,VSM.Resolve,10853376,1
91,13147,3804.5001681999997,1,VSM.ResolveTrace,10626816,1
91,13147,3804.5001681999997,1,VSM.FilterHorizontal,68352,1
91,13147,3804.5001681999997,1,VSM.FilterVertical,0,0
91,13147,3804.5001681999997,1,VSM.FilterTemporalVertical,156928,1
92,13148,3804.5214478,1,VSM.LayoutRemap,0,1
92,13148,3804.5214478,1,VSM.ResetFeedback,0,1
92,13148,3804.5214478,1,VSM.MarkReceiverPages,618240,1
92,13148,3804.5214478,1,VSM.Allocate,222464,1
92,13148,3804.5214478,1,VSM.InvalidateStatic,0,0
92,13148,3804.5214478,1,VSM.ClearPhysicalPages,768000,1
92,13148,3804.5214478,1,VSM.StaticCasterCull,74752,1
92,13148,3804.5214478,1,VSM.DynamicCasterCull,45568,1
92,13148,3804.5214478,1,VSM.PageCull,80640,2
92,13148,3804.5214478,1,VSM.StaticRaster,7168,1
92,13148,3804.5214478,1,VSM.FinalizePages,2304,1
92,13148,3804.5214478,1,VSM.DynamicRaster,33536,1
92,13148,3804.5214478,1,VSM.UnityCompatibilityRaster,0,0
92,13148,3804.5214478,1,VSM.Resolve,10583552,1
92,13148,3804.5214478,1,VSM.ResolveTrace,10361088,1
92,13148,3804.5214478,1,VSM.FilterHorizontal,66048,1
92,13148,3804.5214478,1,VSM.FilterVertical,0,0
92,13148,3804.5214478,1,VSM.FilterTemporalVertical,155136,1
93,13149,3804.5416121,1,VSM.LayoutRemap,0,1
93,13149,3804.5416121,1,VSM.ResetFeedback,0,1
93,13149,3804.5416121,1,VSM.MarkReceiverPages,615680,1
93,13149,3804.5416121,1,VSM.Allocate,224512,1
93,13149,3804.5416121,1,VSM.InvalidateStatic,0,0
93,13149,3804.5416121,1,VSM.ClearPhysicalPages,402688,1
93,13149,3804.5416121,1,VSM.StaticCasterCull,74752,1
93,13149,3804.5416121,1,VSM.DynamicCasterCull,41472,1
93,13149,3804.5416121,1,VSM.PageCull,77568,2
93,13149,3804.5416121,1,VSM.StaticRaster,6912,1
93,13149,3804.5416121,1,VSM.FinalizePages,2560,1
93,13149,3804.5416121,1,VSM.DynamicRaster,34816,1
93,13149,3804.5416121,1,VSM.UnityCompatibilityRaster,0,0
93,13149,3804.5416121,1,VSM.Resolve,10664192,1
93,13149,3804.5416121,1,VSM.ResolveTrace,10442496,1
93,13149,3804.5416121,1,VSM.FilterHorizontal,66304,1
93,13149,3804.5416121,1,VSM.FilterVertical,0,0
93,13149,3804.5416121,1,VSM.FilterTemporalVertical,154112,1
94,13150,3804.5636701,1,VSM.LayoutRemap,0,1
94,13150,3804.5636701,1,VSM.ResetFeedback,0,1
94,13150,3804.5636701,1,VSM.MarkReceiverPages,616960,1
94,13150,3804.5636701,1,VSM.Allocate,224256,1
94,13150,3804.5636701,1,VSM.InvalidateStatic,0,0
94,13150,3804.5636701,1,VSM.ClearPhysicalPages,90112,1
94,13150,3804.5636701,1,VSM.StaticCasterCull,68608,1
94,13150,3804.5636701,1,VSM.DynamicCasterCull,41984,1
94,13150,3804.5636701,1,VSM.PageCull,77312,2
94,13150,3804.5636701,1,VSM.StaticRaster,7168,1
94,13150,3804.5636701,1,VSM.FinalizePages,2048,1
94,13150,3804.5636701,1,VSM.DynamicRaster,34048,1
94,13150,3804.5636701,1,VSM.UnityCompatibilityRaster,0,0
94,13150,3804.5636701,1,VSM.Resolve,10980608,1
94,13150,3804.5636701,1,VSM.ResolveTrace,10759936,1
94,13150,3804.5636701,1,VSM.FilterHorizontal,65024,1
94,13150,3804.5636701,1,VSM.FilterVertical,0,0
94,13150,3804.5636701,1,VSM.FilterTemporalVertical,154624,1
95,13151,3804.5838285,1,VSM.LayoutRemap,0,1
95,13151,3804.5838285,1,VSM.ResetFeedback,0,1
95,13151,3804.5838285,1,VSM.MarkReceiverPages,616448,1
95,13151,3804.5838285,1,VSM.Allocate,221184,1
95,13151,3804.5838285,1,VSM.InvalidateStatic,0,0
95,13151,3804.5838285,1,VSM.ClearPhysicalPages,279808,1
95,13151,3804.5838285,1,VSM.StaticCasterCull,74496,1
95,13151,3804.5838285,1,VSM.DynamicCasterCull,43264,1
95,13151,3804.5838285,1,VSM.PageCull,78848,2
95,13151,3804.5838285,1,VSM.StaticRaster,7168,1
95,13151,3804.5838285,1,VSM.FinalizePages,2048,1
95,13151,3804.5838285,1,VSM.DynamicRaster,34048,1
95,13151,3804.5838285,1,VSM.UnityCompatibilityRaster,0,0
95,13151,3804.5838285,1,VSM.Resolve,10859008,1
95,13151,3804.5838285,1,VSM.ResolveTrace,10633984,1
95,13151,3804.5838285,1,VSM.FilterHorizontal,66560,1
95,13151,3804.5838285,1,VSM.FilterVertical,0,0
95,13151,3804.5838285,1,VSM.FilterTemporalVertical,157440,1
96,13152,3804.603517,1,VSM.LayoutRemap,0,1
96,13152,3804.603517,1,VSM.ResetFeedback,0,1
96,13152,3804.603517,1,VSM.MarkReceiverPages,615936,1
96,13152,3804.603517,1,VSM.Allocate,220672,1
96,13152,3804.603517,1,VSM.InvalidateStatic,0,0
96,13152,3804.603517,1,VSM.ClearPhysicalPages,389888,1
96,13152,3804.603517,1,VSM.StaticCasterCull,74240,1
96,13152,3804.603517,1,VSM.DynamicCasterCull,41472,1
96,13152,3804.603517,1,VSM.PageCull,77056,2
96,13152,3804.603517,1,VSM.StaticRaster,7424,1
96,13152,3804.603517,1,VSM.FinalizePages,2304,1
96,13152,3804.603517,1,VSM.DynamicRaster,36096,1
96,13152,3804.603517,1,VSM.UnityCompatibilityRaster,0,0
96,13152,3804.603517,1,VSM.Resolve,11457024,1
96,13152,3804.603517,1,VSM.ResolveTrace,11227392,1
96,13152,3804.603517,1,VSM.FilterHorizontal,67584,1
96,13152,3804.603517,1,VSM.FilterVertical,0,0
96,13152,3804.603517,1,VSM.FilterTemporalVertical,160256,1
97,13153,3804.6266229,1,VSM.LayoutRemap,256,1
97,13153,3804.6266229,1,VSM.ResetFeedback,0,1
97,13153,3804.6266229,1,VSM.MarkReceiverPages,614400,1
97,13153,3804.6266229,1,VSM.Allocate,221184,1
97,13153,3804.6266229,1,VSM.InvalidateStatic,0,0
97,13153,3804.6266229,1,VSM.ClearPhysicalPages,376320,1
97,13153,3804.6266229,1,VSM.StaticCasterCull,73216,1
97,13153,3804.6266229,1,VSM.DynamicCasterCull,41984,1
97,13153,3804.6266229,1,VSM.PageCull,77568,2
97,13153,3804.6266229,1,VSM.StaticRaster,3328,1
97,13153,3804.6266229,1,VSM.FinalizePages,2048,1
97,13153,3804.6266229,1,VSM.DynamicRaster,35072,1
97,13153,3804.6266229,1,VSM.UnityCompatibilityRaster,0,0
97,13153,3804.6266229,1,VSM.Resolve,10610688,1
97,13153,3804.6266229,1,VSM.ResolveTrace,10088192,1
97,13153,3804.6266229,1,VSM.FilterHorizontal,361984,1
97,13153,3804.6266229,1,VSM.FilterVertical,0,0
97,13153,3804.6266229,1,VSM.FilterTemporalVertical,158976,1
98,13154,3804.6468552,1,VSM.LayoutRemap,0,1
98,13154,3804.6468552,1,VSM.ResetFeedback,0,1
98,13154,3804.6468552,1,VSM.MarkReceiverPages,616704,1
98,13154,3804.6468552,1,VSM.Allocate,223488,1
98,13154,3804.6468552,1,VSM.InvalidateStatic,0,0
98,13154,3804.6468552,1,VSM.ClearPhysicalPages,276480,1
98,13154,3804.6468552,1,VSM.StaticCasterCull,66560,1
98,13154,3804.6468552,1,VSM.DynamicCasterCull,41472,1
98,13154,3804.6468552,1,VSM.PageCull,69888,2
98,13154,3804.6468552,1,VSM.StaticRaster,7424,1
98,13154,3804.6468552,1,VSM.FinalizePages,2048,1
98,13154,3804.6468552,1,VSM.DynamicRaster,34304,1
98,13154,3804.6468552,1,VSM.UnityCompatibilityRaster,0,0
98,13154,3804.6468552,1,VSM.Resolve,10638336,1
98,13154,3804.6468552,1,VSM.ResolveTrace,10413568,1
98,13154,3804.6468552,1,VSM.FilterHorizontal,66560,1
98,13154,3804.6468552,1,VSM.FilterVertical,0,0
98,13154,3804.6468552,1,VSM.FilterTemporalVertical,157440,1
99,13155,3804.6672168,1,VSM.LayoutRemap,0,1
99,13155,3804.6672168,1,VSM.ResetFeedback,0,1
99,13155,3804.6672168,1,VSM.MarkReceiverPages,629504,1
99,13155,3804.6672168,1,VSM.Allocate,260352,1
99,13155,3804.6672168,1,VSM.InvalidateStatic,0,0
99,13155,3804.6672168,1,VSM.ClearPhysicalPages,90368,1
99,13155,3804.6672168,1,VSM.StaticCasterCull,570624,1
99,13155,3804.6672168,1,VSM.DynamicCasterCull,45056,1
99,13155,3804.6672168,1,VSM.PageCull,76544,2
99,13155,3804.6672168,1,VSM.StaticRaster,33280,1
99,13155,3804.6672168,1,VSM.FinalizePages,2304,1
99,13155,3804.6672168,1,VSM.DynamicRaster,35328,1
99,13155,3804.6672168,1,VSM.UnityCompatibilityRaster,0,0
99,13155,3804.6672168,1,VSM.Resolve,12561664,1
99,13155,3804.6672168,1,VSM.ResolveTrace,11869440,1
99,13155,3804.6672168,1,VSM.FilterHorizontal,65792,1
99,13155,3804.6672168,1,VSM.FilterVertical,0,0
99,13155,3804.6672168,1,VSM.FilterTemporalVertical,152064,1
100,13156,3804.6872533,1,VSM.LayoutRemap,0,1
100,13156,3804.6872533,1,VSM.ResetFeedback,0,1
100,13156,3804.6872533,1,VSM.MarkReceiverPages,623104,1
100,13156,3804.6872533,1,VSM.Allocate,226048,1
100,13156,3804.6872533,1,VSM.InvalidateStatic,0,0
100,13156,3804.6872533,1,VSM.ClearPhysicalPages,89600,1
100,13156,3804.6872533,1,VSM.StaticCasterCull,60672,1
100,13156,3804.6872533,1,VSM.DynamicCasterCull,43008,1
100,13156,3804.6872533,1,VSM.PageCull,71168,2
100,13156,3804.6872533,1,VSM.StaticRaster,7424,1
100,13156,3804.6872533,1,VSM.FinalizePages,2048,1
100,13156,3804.6872533,1,VSM.DynamicRaster,209664,1
100,13156,3804.6872533,1,VSM.UnityCompatibilityRaster,0,0
100,13156,3804.6872533,1,VSM.Resolve,10797824,1
100,13156,3804.6872533,1,VSM.ResolveTrace,10572544,1
100,13156,3804.6872533,1,VSM.FilterHorizontal,66048,1
100,13156,3804.6872533,1,VSM.FilterVertical,0,0
100,13156,3804.6872533,1,VSM.FilterTemporalVertical,158208,1
101,13157,3804.7078345,1,VSM.LayoutRemap,0,1
101,13157,3804.7078345,1,VSM.ResetFeedback,0,1
101,13157,3804.7078345,1,VSM.MarkReceiverPages,626688,1
101,13157,3804.7078345,1,VSM.Allocate,226048,1
101,13157,3804.7078345,1,VSM.InvalidateStatic,0,0
101,13157,3804.7078345,1,VSM.ClearPhysicalPages,655616,1
101,13157,3804.7078345,1,VSM.StaticCasterCull,73728,1
101,13157,3804.7078345,1,VSM.DynamicCasterCull,42752,1
101,13157,3804.7078345,1,VSM.PageCull,78336,2
101,13157,3804.7078345,1,VSM.StaticRaster,6912,1
101,13157,3804.7078345,1,VSM.FinalizePages,2304,1
101,13157,3804.7078345,1,VSM.DynamicRaster,33792,1
101,13157,3804.7078345,1,VSM.UnityCompatibilityRaster,0,0
101,13157,3804.7078345,1,VSM.Resolve,10628352,1
101,13157,3804.7078345,1,VSM.ResolveTrace,10398976,1
101,13157,3804.7078345,1,VSM.FilterHorizontal,68608,1
101,13157,3804.7078345,1,VSM.FilterVertical,0,0
101,13157,3804.7078345,1,VSM.FilterTemporalVertical,159744,1
102,13158,3804.7287547,1,VSM.LayoutRemap,0,1
102,13158,3804.7287547,1,VSM.ResetFeedback,0,1
102,13158,3804.7287547,1,VSM.MarkReceiverPages,625664,1
102,13158,3804.7287547,1,VSM.Allocate,225536,1
102,13158,3804.7287547,1,VSM.InvalidateStatic,0,0
102,13158,3804.7287547,1,VSM.ClearPhysicalPages,89856,1
102,13158,3804.7287547,1,VSM.StaticCasterCull,68864,1
102,13158,3804.7287547,1,VSM.DynamicCasterCull,46592,1
102,13158,3804.7287547,1,VSM.PageCull,81920,2
102,13158,3804.7287547,1,VSM.StaticRaster,6912,1
102,13158,3804.7287547,1,VSM.FinalizePages,2048,1
102,13158,3804.7287547,1,VSM.DynamicRaster,38656,1
102,13158,3804.7287547,1,VSM.UnityCompatibilityRaster,0,0
102,13158,3804.7287547,1,VSM.Resolve,10477568,1
102,13158,3804.7287547,1,VSM.ResolveTrace,10252032,1
102,13158,3804.7287547,1,VSM.FilterHorizontal,67328,1
102,13158,3804.7287547,1,VSM.FilterVertical,0,0
102,13158,3804.7287547,1,VSM.FilterTemporalVertical,157184,1
103,13159,3804.7491381,1,VSM.LayoutRemap,0,1
103,13159,3804.7491381,1,VSM.ResetFeedback,0,1
103,13159,3804.7491381,1,VSM.MarkReceiverPages,627200,1
103,13159,3804.7491381,1,VSM.Allocate,226048,1
103,13159,3804.7491381,1,VSM.InvalidateStatic,0,0
103,13159,3804.7491381,1,VSM.ClearPhysicalPages,457472,1
103,13159,3804.7491381,1,VSM.StaticCasterCull,72704,1
103,13159,3804.7491381,1,VSM.DynamicCasterCull,43008,1
103,13159,3804.7491381,1,VSM.PageCull,77568,2
103,13159,3804.7491381,1,VSM.StaticRaster,7168,1
103,13159,3804.7491381,1,VSM.FinalizePages,2304,1
103,13159,3804.7491381,1,VSM.DynamicRaster,35584,1
103,13159,3804.7491381,1,VSM.UnityCompatibilityRaster,0,0
103,13159,3804.7491381,1,VSM.Resolve,10858752,1
103,13159,3804.7491381,1,VSM.ResolveTrace,10345984,1
103,13159,3804.7491381,1,VSM.FilterHorizontal,66816,1
103,13159,3804.7491381,1,VSM.FilterVertical,0,0
103,13159,3804.7491381,1,VSM.FilterTemporalVertical,157696,1
104,13160,3804.7716181,1,VSM.LayoutRemap,0,1
104,13160,3804.7716181,1,VSM.ResetFeedback,0,1
104,13160,3804.7716181,1,VSM.MarkReceiverPages,623360,1
104,13160,3804.7716181,1,VSM.Allocate,226048,1
104,13160,3804.7716181,1,VSM.InvalidateStatic,0,0
104,13160,3804.7716181,1,VSM.ClearPhysicalPages,379136,1
104,13160,3804.7716181,1,VSM.StaticCasterCull,68608,1
104,13160,3804.7716181,1,VSM.DynamicCasterCull,43264,1
104,13160,3804.7716181,1,VSM.PageCull,77056,2
104,13160,3804.7716181,1,VSM.StaticRaster,9984,1
104,13160,3804.7716181,1,VSM.FinalizePages,2304,1
104,13160,3804.7716181,1,VSM.DynamicRaster,36864,1
104,13160,3804.7716181,1,VSM.UnityCompatibilityRaster,0,0
104,13160,3804.7716181,1,VSM.Resolve,10814720,1
104,13160,3804.7716181,1,VSM.ResolveTrace,10594560,1
104,13160,3804.7716181,1,VSM.FilterHorizontal,65536,1
104,13160,3804.7716181,1,VSM.FilterVertical,0,0
104,13160,3804.7716181,1,VSM.FilterTemporalVertical,153600,1
105,13161,3804.7918173999997,1,VSM.LayoutRemap,0,1
105,13161,3804.7918173999997,1,VSM.ResetFeedback,0,1
105,13161,3804.7918173999997,1,VSM.MarkReceiverPages,624896,1
105,13161,3804.7918173999997,1,VSM.Allocate,226048,1
105,13161,3804.7918173999997,1,VSM.InvalidateStatic,0,0
105,13161,3804.7918173999997,1,VSM.ClearPhysicalPages,89600,1
105,13161,3804.7918173999997,1,VSM.StaticCasterCull,67584,1
105,13161,3804.7918173999997,1,VSM.DynamicCasterCull,43776,1
105,13161,3804.7918173999997,1,VSM.PageCull,78336,2
105,13161,3804.7918173999997,1,VSM.StaticRaster,7424,1
105,13161,3804.7918173999997,1,VSM.FinalizePages,2048,1
105,13161,3804.7918173999997,1,VSM.DynamicRaster,32768,1
105,13161,3804.7918173999997,1,VSM.UnityCompatibilityRaster,0,0
105,13161,3804.7918173999997,1,VSM.Resolve,10763520,1
105,13161,3804.7918173999997,1,VSM.ResolveTrace,10238208,1
105,13161,3804.7918173999997,1,VSM.FilterHorizontal,66560,1
105,13161,3804.7918173999997,1,VSM.FilterVertical,0,0
105,13161,3804.7918173999997,1,VSM.FilterTemporalVertical,154880,1
106,13162,3804.8106909,1,VSM.LayoutRemap,0,1
106,13162,3804.8106909,1,VSM.ResetFeedback,0,1
106,13162,3804.8106909,1,VSM.MarkReceiverPages,630016,1
106,13162,3804.8106909,1,VSM.Allocate,223232,1
106,13162,3804.8106909,1,VSM.InvalidateStatic,0,0
106,13162,3804.8106909,1,VSM.ClearPhysicalPages,89856,1
106,13162,3804.8106909,1,VSM.StaticCasterCull,69376,1
106,13162,3804.8106909,1,VSM.DynamicCasterCull,42496,1
106,13162,3804.8106909,1,VSM.PageCull,78848,2
106,13162,3804.8106909,1,VSM.StaticRaster,3072,1
106,13162,3804.8106909,1,VSM.FinalizePages,2048,1
106,13162,3804.8106909,1,VSM.DynamicRaster,32512,1
106,13162,3804.8106909,1,VSM.UnityCompatibilityRaster,0,0
106,13162,3804.8106909,1,VSM.Resolve,10772224,1
106,13162,3804.8106909,1,VSM.ResolveTrace,10350080,1
106,13162,3804.8106909,1,VSM.FilterHorizontal,66048,1
106,13162,3804.8106909,1,VSM.FilterVertical,0,0
106,13162,3804.8106909,1,VSM.FilterTemporalVertical,355328,1
107,13163,3804.8314821,1,VSM.LayoutRemap,0,1
107,13163,3804.8314821,1,VSM.ResetFeedback,0,1
107,13163,3804.8314821,1,VSM.MarkReceiverPages,1022464,1
107,13163,3804.8314821,1,VSM.Allocate,223744,1
107,13163,3804.8314821,1,VSM.InvalidateStatic,0,0
107,13163,3804.8314821,1,VSM.ClearPhysicalPages,90624,1
107,13163,3804.8314821,1,VSM.StaticCasterCull,66304,1
107,13163,3804.8314821,1,VSM.DynamicCasterCull,42752,1
107,13163,3804.8314821,1,VSM.PageCull,76288,2
107,13163,3804.8314821,1,VSM.StaticRaster,6912,1
107,13163,3804.8314821,1,VSM.FinalizePages,2048,1
107,13163,3804.8314821,1,VSM.DynamicRaster,33024,1
107,13163,3804.8314821,1,VSM.UnityCompatibilityRaster,0,0
107,13163,3804.8314821,1,VSM.Resolve,11304960,1
107,13163,3804.8314821,1,VSM.ResolveTrace,10919168,1
107,13163,3804.8314821,1,VSM.FilterHorizontal,66560,1
107,13163,3804.8314821,1,VSM.FilterVertical,0,0
107,13163,3804.8314821,1,VSM.FilterTemporalVertical,154880,1
108,13164,3804.8527255,1,VSM.LayoutRemap,0,1
108,13164,3804.8527255,1,VSM.ResetFeedback,0,1
108,13164,3804.8527255,1,VSM.MarkReceiverPages,628480,1
108,13164,3804.8527255,1,VSM.Allocate,226816,1
108,13164,3804.8527255,1,VSM.InvalidateStatic,0,0
108,13164,3804.8527255,1,VSM.ClearPhysicalPages,390912,1
108,13164,3804.8527255,1,VSM.StaticCasterCull,72448,1
108,13164,3804.8527255,1,VSM.DynamicCasterCull,44544,1
108,13164,3804.8527255,1,VSM.PageCull,79616,2
108,13164,3804.8527255,1,VSM.StaticRaster,6912,1
108,13164,3804.8527255,1,VSM.FinalizePages,2304,1
108,13164,3804.8527255,1,VSM.DynamicRaster,36608,1
108,13164,3804.8527255,1,VSM.UnityCompatibilityRaster,0,0
108,13164,3804.8527255,1,VSM.Resolve,9987328,1
108,13164,3804.8527255,1,VSM.ResolveTrace,9332480,1
108,13164,3804.8527255,1,VSM.FilterHorizontal,65792,1
108,13164,3804.8527255,1,VSM.FilterVertical,0,0
108,13164,3804.8527255,1,VSM.FilterTemporalVertical,588288,1
109,13165,3804.8731259,1,VSM.LayoutRemap,0,1
109,13165,3804.8731259,1,VSM.ResetFeedback,0,1
109,13165,3804.8731259,1,VSM.MarkReceiverPages,628480,1
109,13165,3804.8731259,1,VSM.Allocate,226304,1
109,13165,3804.8731259,1,VSM.InvalidateStatic,0,0
109,13165,3804.8731259,1,VSM.ClearPhysicalPages,90112,1
109,13165,3804.8731259,1,VSM.StaticCasterCull,68352,1
109,13165,3804.8731259,1,VSM.DynamicCasterCull,42752,1
109,13165,3804.8731259,1,VSM.PageCull,77568,2
109,13165,3804.8731259,1,VSM.StaticRaster,6912,1
109,13165,3804.8731259,1,VSM.FinalizePages,2048,1
109,13165,3804.8731259,1,VSM.DynamicRaster,32000,1
109,13165,3804.8731259,1,VSM.UnityCompatibilityRaster,0,0
109,13165,3804.8731259,1,VSM.Resolve,11319296,1
109,13165,3804.8731259,1,VSM.ResolveTrace,11097600,1
109,13165,3804.8731259,1,VSM.FilterHorizontal,67584,1
109,13165,3804.8731259,1,VSM.FilterVertical,0,0
109,13165,3804.8731259,1,VSM.FilterTemporalVertical,152832,1
110,13166,3804.8933278,1,VSM.LayoutRemap,0,1
110,13166,3804.8933278,1,VSM.ResetFeedback,0,1
110,13166,3804.8933278,1,VSM.MarkReceiverPages,626944,1
110,13166,3804.8933278,1,VSM.Allocate,223488,1
110,13166,3804.8933278,1,VSM.InvalidateStatic,0,0
110,13166,3804.8933278,1,VSM.ClearPhysicalPages,448512,1
110,13166,3804.8933278,1,VSM.StaticCasterCull,72960,1
110,13166,3804.8933278,1,VSM.DynamicCasterCull,43008,1
110,13166,3804.8933278,1,VSM.PageCull,77056,2
110,13166,3804.8933278,1,VSM.StaticRaster,7168,1
110,13166,3804.8933278,1,VSM.FinalizePages,2048,1
110,13166,3804.8933278,1,VSM.DynamicRaster,36864,1
110,13166,3804.8933278,1,VSM.UnityCompatibilityRaster,0,0
110,13166,3804.8933278,1,VSM.Resolve,11257088,1
110,13166,3804.8933278,1,VSM.ResolveTrace,11033600,1
110,13166,3804.8933278,1,VSM.FilterHorizontal,67328,1
110,13166,3804.8933278,1,VSM.FilterVertical,0,0
110,13166,3804.8933278,1,VSM.FilterTemporalVertical,155136,1
111,13167,3804.9128547,1,VSM.LayoutRemap,256,1
111,13167,3804.9128547,1,VSM.ResetFeedback,0,1
111,13167,3804.9128547,1,VSM.MarkReceiverPages,626176,1
111,13167,3804.9128547,1,VSM.Allocate,262912,1
111,13167,3804.9128547,1,VSM.InvalidateStatic,0,0
111,13167,3804.9128547,1,VSM.ClearPhysicalPages,613120,1
111,13167,3804.9128547,1,VSM.StaticCasterCull,73472,1
111,13167,3804.9128547,1,VSM.DynamicCasterCull,45056,1
111,13167,3804.9128547,1,VSM.PageCull,80128,2
111,13167,3804.9128547,1,VSM.StaticRaster,23808,1
111,13167,3804.9128547,1,VSM.FinalizePages,2560,1
111,13167,3804.9128547,1,VSM.DynamicRaster,31232,1
111,13167,3804.9128547,1,VSM.UnityCompatibilityRaster,0,0
111,13167,3804.9128547,1,VSM.Resolve,11035392,1
111,13167,3804.9128547,1,VSM.ResolveTrace,10812928,1
111,13167,3804.9128547,1,VSM.FilterHorizontal,66560,1
111,13167,3804.9128547,1,VSM.FilterVertical,0,0
111,13167,3804.9128547,1,VSM.FilterTemporalVertical,154880,1
112,13168,3804.9326039,1,VSM.LayoutRemap,0,1
112,13168,3804.9326039,1,VSM.ResetFeedback,0,1
112,13168,3804.9326039,1,VSM.MarkReceiverPages,625664,1
112,13168,3804.9326039,1,VSM.Allocate,261120,1
112,13168,3804.9326039,1,VSM.InvalidateStatic,0,0
112,13168,3804.9326039,1,VSM.ClearPhysicalPages,90112,1
112,13168,3804.9326039,1,VSM.StaticCasterCull,66816,1
112,13168,3804.9326039,1,VSM.DynamicCasterCull,46336,1
112,13168,3804.9326039,1,VSM.PageCull,79872,2
112,13168,3804.9326039,1,VSM.StaticRaster,36864,1
112,13168,3804.9326039,1,VSM.FinalizePages,2048,1
112,13168,3804.9326039,1,VSM.DynamicRaster,35328,1
112,13168,3804.9326039,1,VSM.UnityCompatibilityRaster,0,0
112,13168,3804.9326039,1,VSM.Resolve,10908928,1
112,13168,3804.9326039,1,VSM.ResolveTrace,10685952,1
112,13168,3804.9326039,1,VSM.FilterHorizontal,66816,1
112,13168,3804.9326039,1,VSM.FilterVertical,0,0
112,13168,3804.9326039,1,VSM.FilterTemporalVertical,155136,1
113,13169,3804.9526783,1,VSM.LayoutRemap,0,1
113,13169,3804.9526783,1,VSM.ResetFeedback,0,1
113,13169,3804.9526783,1,VSM.MarkReceiverPages,625152,1
113,13169,3804.9526783,1,VSM.Allocate,225024,1
113,13169,3804.9526783,1,VSM.InvalidateStatic,0,0
113,13169,3804.9526783,1,VSM.ClearPhysicalPages,384768,1
113,13169,3804.9526783,1,VSM.StaticCasterCull,69632,1
113,13169,3804.9526783,1,VSM.DynamicCasterCull,43264,1
113,13169,3804.9526783,1,VSM.PageCull,74752,2
113,13169,3804.9526783,1,VSM.StaticRaster,7680,1
113,13169,3804.9526783,1,VSM.FinalizePages,2560,1
113,13169,3804.9526783,1,VSM.DynamicRaster,33024,1
113,13169,3804.9526783,1,VSM.UnityCompatibilityRaster,0,0
113,13169,3804.9526783,1,VSM.Resolve,10848512,1
113,13169,3804.9526783,1,VSM.ResolveTrace,10627328,1
113,13169,3804.9526783,1,VSM.FilterHorizontal,66304,1
113,13169,3804.9526783,1,VSM.FilterVertical,0,0
113,13169,3804.9526783,1,VSM.FilterTemporalVertical,153600,1
114,13170,3804.9737192,1,VSM.LayoutRemap,0,1
114,13170,3804.9737192,1,VSM.ResetFeedback,0,1
114,13170,3804.9737192,1,VSM.MarkReceiverPages,625664,1
114,13170,3804.9737192,1,VSM.Allocate,223744,1
114,13170,3804.9737192,1,VSM.InvalidateStatic,0,0
114,13170,3804.9737192,1,VSM.ClearPhysicalPages,89600,1
114,13170,3804.9737192,1,VSM.StaticCasterCull,69632,1
114,13170,3804.9737192,1,VSM.DynamicCasterCull,45824,1
114,13170,3804.9737192,1,VSM.PageCull,82432,2
114,13170,3804.9737192,1,VSM.StaticRaster,7680,1
114,13170,3804.9737192,1,VSM.FinalizePages,2304,1
114,13170,3804.9737192,1,VSM.DynamicRaster,33280,1
114,13170,3804.9737192,1,VSM.UnityCompatibilityRaster,0,0
114,13170,3804.9737192,1,VSM.Resolve,10588160,1
114,13170,3804.9737192,1,VSM.ResolveTrace,10365952,1
114,13170,3804.9737192,1,VSM.FilterHorizontal,66560,1
114,13170,3804.9737192,1,VSM.FilterVertical,0,0
114,13170,3804.9737192,1,VSM.FilterTemporalVertical,154368,1
115,13171,3804.994474,1,VSM.LayoutRemap,0,1
115,13171,3804.994474,1,VSM.ResetFeedback,0,1
115,13171,3804.994474,1,VSM.MarkReceiverPages,625920,1
115,13171,3804.994474,1,VSM.Allocate,226048,1
115,13171,3804.994474,1,VSM.InvalidateStatic,0,0
115,13171,3804.994474,1,VSM.ClearPhysicalPages,89856,1
115,13171,3804.994474,1,VSM.StaticCasterCull,70144,1
115,13171,3804.994474,1,VSM.DynamicCasterCull,44288,1
115,13171,3804.994474,1,VSM.PageCull,80896,2
115,13171,3804.994474,1,VSM.StaticRaster,7680,1
115,13171,3804.994474,1,VSM.FinalizePages,2048,1
115,13171,3804.994474,1,VSM.DynamicRaster,32768,1
115,13171,3804.994474,1,VSM.UnityCompatibilityRaster,0,0
115,13171,3804.994474,1,VSM.Resolve,11242496,1
115,13171,3804.994474,1,VSM.ResolveTrace,11020544,1
115,13171,3804.994474,1,VSM.FilterHorizontal,67072,1
115,13171,3804.994474,1,VSM.FilterVertical,0,0
115,13171,3804.994474,1,VSM.FilterTemporalVertical,154112,1
116,13172,3805.0140023,1,VSM.LayoutRemap,0,1
116,13172,3805.0140023,1,VSM.ResetFeedback,0,1
116,13172,3805.0140023,1,VSM.MarkReceiverPages,625152,1
116,13172,3805.0140023,1,VSM.Allocate,225536,1
116,13172,3805.0140023,1,VSM.InvalidateStatic,0,0
116,13172,3805.0140023,1,VSM.ClearPhysicalPages,392192,1
116,13172,3805.0140023,1,VSM.StaticCasterCull,75008,1
116,13172,3805.0140023,1,VSM.DynamicCasterCull,43776,1
116,13172,3805.0140023,1,VSM.PageCull,79616,2
116,13172,3805.0140023,1,VSM.StaticRaster,7168,1
116,13172,3805.0140023,1,VSM.FinalizePages,2560,1
116,13172,3805.0140023,1,VSM.DynamicRaster,35840,1
116,13172,3805.0140023,1,VSM.UnityCompatibilityRaster,0,0
116,13172,3805.0140023,1,VSM.Resolve,11220480,1
116,13172,3805.0140023,1,VSM.ResolveTrace,10998528,1
116,13172,3805.0140023,1,VSM.FilterHorizontal,65536,1
116,13172,3805.0140023,1,VSM.FilterVertical,0,0
116,13172,3805.0140023,1,VSM.FilterTemporalVertical,154880,1
117,13173,3805.0338662999998,1,VSM.LayoutRemap,0,1
117,13173,3805.0338662999998,1,VSM.ResetFeedback,0,1
117,13173,3805.0338662999998,1,VSM.MarkReceiverPages,624896,1
117,13173,3805.0338662999998,1,VSM.Allocate,260352,1
117,13173,3805.0338662999998,1,VSM.InvalidateStatic,0,0
117,13173,3805.0338662999998,1,VSM.ClearPhysicalPages,90880,1
117,13173,3805.0338662999998,1,VSM.StaticCasterCull,65536,1
117,13173,3805.0338662999998,1,VSM.DynamicCasterCull,46592,1
117,13173,3805.0338662999998,1,VSM.PageCull,78592,2
117,13173,3805.0338662999998,1,VSM.StaticRaster,44544,1
117,13173,3805.0338662999998,1,VSM.FinalizePages,2304,1
117,13173,3805.0338662999998,1,VSM.DynamicRaster,32512,1
117,13173,3805.0338662999998,1,VSM.UnityCompatibilityRaster,0,0
117,13173,3805.0338662999998,1,VSM.Resolve,10959360,1
117,13173,3805.0338662999998,1,VSM.ResolveTrace,10430720,1
117,13173,3805.0338662999998,1,VSM.FilterHorizontal,65024,1
117,13173,3805.0338662999998,1,VSM.FilterVertical,0,0
117,13173,3805.0338662999998,1,VSM.FilterTemporalVertical,462592,1
118,13174,3805.0537562,1,VSM.LayoutRemap,0,1
118,13174,3805.0537562,1,VSM.ResetFeedback,256,1
118,13174,3805.0537562,1,VSM.MarkReceiverPages,620544,1
118,13174,3805.0537562,1,VSM.Allocate,224512,1
118,13174,3805.0537562,1,VSM.InvalidateStatic,0,0
118,13174,3805.0537562,1,VSM.ClearPhysicalPages,89600,1
118,13174,3805.0537562,1,VSM.StaticCasterCull,66304,1
118,13174,3805.0537562,1,VSM.DynamicCasterCull,41984,1
118,13174,3805.0537562,1,VSM.PageCull,76032,2
118,13174,3805.0537562,1,VSM.StaticRaster,7936,1
118,13174,3805.0537562,1,VSM.FinalizePages,1792,1
118,13174,3805.0537562,1,VSM.DynamicRaster,34560,1
118,13174,3805.0537562,1,VSM.UnityCompatibilityRaster,0,0
118,13174,3805.0537562,1,VSM.Resolve,10430464,1
118,13174,3805.0537562,1,VSM.ResolveTrace,10209280,1
118,13174,3805.0537562,1,VSM.FilterHorizontal,65536,1
118,13174,3805.0537562,1,VSM.FilterVertical,0,0
118,13174,3805.0537562,1,VSM.FilterTemporalVertical,154112,1
119,13175,3805.0750496,1,VSM.LayoutRemap,0,1
119,13175,3805.0750496,1,VSM.ResetFeedback,0,1
119,13175,3805.0750496,1,VSM.MarkReceiverPages,620288,1
119,13175,3805.0750496,1,VSM.Allocate,224512,1
119,13175,3805.0750496,1,VSM.InvalidateStatic,0,0
119,13175,3805.0750496,1,VSM.ClearPhysicalPages,377600,1
119,13175,3805.0750496,1,VSM.StaticCasterCull,75264,1
119,13175,3805.0750496,1,VSM.DynamicCasterCull,42240,1
119,13175,3805.0750496,1,VSM.PageCull,77312,2
119,13175,3805.0750496,1,VSM.StaticRaster,7168,1
119,13175,3805.0750496,1,VSM.FinalizePages,2560,1
119,13175,3805.0750496,1,VSM.DynamicRaster,34816,1
119,13175,3805.0750496,1,VSM.UnityCompatibilityRaster,0,0
119,13175,3805.0750496,1,VSM.Resolve,10425600,1
119,13175,3805.0750496,1,VSM.ResolveTrace,9915136,1
119,13175,3805.0750496,1,VSM.FilterHorizontal,68352,1
119,13175,3805.0750496,1,VSM.FilterVertical,0,0
119,13175,3805.0750496,1,VSM.FilterTemporalVertical,155904,1
120,13176,3805.0959657,1,VSM.LayoutRemap,0,1
120,13176,3805.0959657,1,VSM.ResetFeedback,0,1
120,13176,3805.0959657,1,VSM.MarkReceiverPages,616448,1
120,13176,3805.0959657,1,VSM.Allocate,223488,1
120,13176,3805.0959657,1,VSM.InvalidateStatic,0,0
120,13176,3805.0959657,1,VSM.ClearPhysicalPages,257280,1
120,13176,3805.0959657,1,VSM.StaticCasterCull,74240,1
120,13176,3805.0959657,1,VSM.DynamicCasterCull,43776,1
120,13176,3805.0959657,1,VSM.PageCull,80128,2
120,13176,3805.0959657,1,VSM.StaticRaster,7168,1
120,13176,3805.0959657,1,VSM.FinalizePages,1792,1
120,13176,3805.0959657,1,VSM.DynamicRaster,33792,1
120,13176,3805.0959657,1,VSM.UnityCompatibilityRaster,0,0
120,13176,3805.0959657,1,VSM.Resolve,10449408,1
120,13176,3805.0959657,1,VSM.ResolveTrace,10228224,1
120,13176,3805.0959657,1,VSM.FilterHorizontal,65536,1
120,13176,3805.0959657,1,VSM.FilterVertical,0,0
120,13176,3805.0959657,1,VSM.FilterTemporalVertical,154112,1
121,13177,3805.115228,1,VSM.LayoutRemap,0,1
121,13177,3805.115228,1,VSM.ResetFeedback,0,1
121,13177,3805.115228,1,VSM.MarkReceiverPages,617472,1
121,13177,3805.115228,1,VSM.Allocate,261376,1
121,13177,3805.115228,1,VSM.InvalidateStatic,0,0
121,13177,3805.115228,1,VSM.ClearPhysicalPages,90880,1
121,13177,3805.115228,1,VSM.StaticCasterCull,67072,1
121,13177,3805.115228,1,VSM.DynamicCasterCull,44800,1
121,13177,3805.115228,1,VSM.PageCull,78848,2
121,13177,3805.115228,1,VSM.StaticRaster,30208,1
121,13177,3805.115228,1,VSM.FinalizePages,2560,1
121,13177,3805.115228,1,VSM.DynamicRaster,33280,1
121,13177,3805.115228,1,VSM.UnityCompatibilityRaster,0,0
121,13177,3805.115228,1,VSM.Resolve,11061248,1
121,13177,3805.115228,1,VSM.ResolveTrace,10837504,1
121,13177,3805.115228,1,VSM.FilterHorizontal,67584,1
121,13177,3805.115228,1,VSM.FilterVertical,0,0
121,13177,3805.115228,1,VSM.FilterTemporalVertical,155136,1
122,13178,3805.1343149,1,VSM.LayoutRemap,0,1
122,13178,3805.1343149,1,VSM.ResetFeedback,0,1
122,13178,3805.1343149,1,VSM.MarkReceiverPages,615424,1
122,13178,3805.1343149,1,VSM.Allocate,222208,1
122,13178,3805.1343149,1,VSM.InvalidateStatic,0,0
122,13178,3805.1343149,1,VSM.ClearPhysicalPages,429056,1
122,13178,3805.1343149,1,VSM.StaticCasterCull,74240,1
122,13178,3805.1343149,1,VSM.DynamicCasterCull,41472,1
122,13178,3805.1343149,1,VSM.PageCull,77568,2
122,13178,3805.1343149,1,VSM.StaticRaster,8192,1
122,13178,3805.1343149,1,VSM.FinalizePages,2304,1
122,13178,3805.1343149,1,VSM.DynamicRaster,38656,1
122,13178,3805.1343149,1,VSM.UnityCompatibilityRaster,0,0
122,13178,3805.1343149,1,VSM.Resolve,11399424,1
122,13178,3805.1343149,1,VSM.ResolveTrace,11173888,1
122,13178,3805.1343149,1,VSM.FilterHorizontal,66560,1
122,13178,3805.1343149,1,VSM.FilterVertical,0,0
122,13178,3805.1343149,1,VSM.FilterTemporalVertical,157952,1
123,13179,3805.1547182,1,VSM.LayoutRemap,0,1
123,13179,3805.1547182,1,VSM.ResetFeedback,0,1
123,13179,3805.1547182,1,VSM.MarkReceiverPages,812544,1
123,13179,3805.1547182,1,VSM.Allocate,259584,1
123,13179,3805.1547182,1,VSM.InvalidateStatic,0,0
123,13179,3805.1547182,1,VSM.ClearPhysicalPages,91648,1
123,13179,3805.1547182,1,VSM.StaticCasterCull,69632,1
123,13179,3805.1547182,1,VSM.DynamicCasterCull,43520,1
123,13179,3805.1547182,1,VSM.PageCull,79104,2
123,13179,3805.1547182,1,VSM.StaticRaster,27904,1
123,13179,3805.1547182,1,VSM.FinalizePages,2304,1
123,13179,3805.1547182,1,VSM.DynamicRaster,32768,1
123,13179,3805.1547182,1,VSM.UnityCompatibilityRaster,0,0
123,13179,3805.1547182,1,VSM.Resolve,9438976,1
123,13179,3805.1547182,1,VSM.ResolveTrace,9218816,1
123,13179,3805.1547182,1,VSM.FilterHorizontal,65536,1
123,13179,3805.1547182,1,VSM.FilterVertical,0,0
123,13179,3805.1547182,1,VSM.FilterTemporalVertical,153344,1
124,13180,3805.1754883999997,1,VSM.LayoutRemap,0,1
124,13180,3805.1754883999997,1,VSM.ResetFeedback,0,1
124,13180,3805.1754883999997,1,VSM.MarkReceiverPages,617472,1
124,13180,3805.1754883999997,1,VSM.Allocate,225024,1
124,13180,3805.1754883999997,1,VSM.InvalidateStatic,0,0
124,13180,3805.1754883999997,1,VSM.ClearPhysicalPages,89856,1
124,13180,3805.1754883999997,1,VSM.StaticCasterCull,388608,1
124,13180,3805.1754883999997,1,VSM.DynamicCasterCull,51456,1
124,13180,3805.1754883999997,1,VSM.PageCull,69376,2
124,13180,3805.1754883999997,1,VSM.StaticRaster,28672,1
124,13180,3805.1754883999997,1,VSM.FinalizePages,3840,1
124,13180,3805.1754883999997,1,VSM.DynamicRaster,40192,1
124,13180,3805.1754883999997,1,VSM.UnityCompatibilityRaster,0,0
124,13180,3805.1754883999997,1,VSM.Resolve,10511104,1
124,13180,3805.1754883999997,1,VSM.ResolveTrace,10288640,1
124,13180,3805.1754883999997,1,VSM.FilterHorizontal,66816,1
124,13180,3805.1754883999997,1,VSM.FilterVertical,0,0
124,13180,3805.1754883999997,1,VSM.FilterTemporalVertical,154368,1
125,13181,3805.1961885,1,VSM.LayoutRemap,0,1
125,13181,3805.1961885,1,VSM.ResetFeedback,0,1
125,13181,3805.1961885,1,VSM.MarkReceiverPages,823808,1
125,13181,3805.1961885,1,VSM.Allocate,224000,1
125,13181,3805.1961885,1,VSM.InvalidateStatic,0,0
125,13181,3805.1961885,1,VSM.ClearPhysicalPages,89856,1
125,13181,3805.1961885,1,VSM.StaticCasterCull,65024,1
125,13181,3805.1961885,1,VSM.DynamicCasterCull,42240,1
125,13181,3805.1961885,1,VSM.PageCull,73984,2
125,13181,3805.1961885,1,VSM.StaticRaster,3072,1
125,13181,3805.1961885,1,VSM.FinalizePages,2304,1
125,13181,3805.1961885,1,VSM.DynamicRaster,33280,1
125,13181,3805.1961885,1,VSM.UnityCompatibilityRaster,0,0
125,13181,3805.1961885,1,VSM.Resolve,10097664,1
125,13181,3805.1961885,1,VSM.ResolveTrace,9875456,1
125,13181,3805.1961885,1,VSM.FilterHorizontal,67584,1
125,13181,3805.1961885,1,VSM.FilterVertical,0,0
125,13181,3805.1961885,1,VSM.FilterTemporalVertical,153344,1
126,13182,3805.2153264,1,VSM.LayoutRemap,0,1
126,13182,3805.2153264,1,VSM.ResetFeedback,0,1
126,13182,3805.2153264,1,VSM.MarkReceiverPages,616192,1
126,13182,3805.2153264,1,VSM.Allocate,224512,1
126,13182,3805.2153264,1,VSM.InvalidateStatic,0,0
126,13182,3805.2153264,1,VSM.ClearPhysicalPages,89600,1
126,13182,3805.2153264,1,VSM.StaticCasterCull,67840,1
126,13182,3805.2153264,1,VSM.DynamicCasterCull,43776,1
126,13182,3805.2153264,1,VSM.PageCull,78848,2
126,13182,3805.2153264,1,VSM.StaticRaster,7424,1
126,13182,3805.2153264,1,VSM.FinalizePages,2304,1
126,13182,3805.2153264,1,VSM.DynamicRaster,33792,1
126,13182,3805.2153264,1,VSM.UnityCompatibilityRaster,0,0
126,13182,3805.2153264,1,VSM.Resolve,10782720,1
126,13182,3805.2153264,1,VSM.ResolveTrace,10560768,1
126,13182,3805.2153264,1,VSM.FilterHorizontal,65024,1
126,13182,3805.2153264,1,VSM.FilterVertical,0,0
126,13182,3805.2153264,1,VSM.FilterTemporalVertical,156160,1
127,13183,3805.2355625,1,VSM.LayoutRemap,0,1
127,13183,3805.2355625,1,VSM.ResetFeedback,0,1
127,13183,3805.2355625,1,VSM.MarkReceiverPages,612864,1
127,13183,3805.2355625,1,VSM.Allocate,224512,1
127,13183,3805.2355625,1,VSM.InvalidateStatic,0,0
127,13183,3805.2355625,1,VSM.ClearPhysicalPages,90112,1
127,13183,3805.2355625,1,VSM.StaticCasterCull,454400,1
127,13183,3805.2355625,1,VSM.DynamicCasterCull,41984,1
127,13183,3805.2355625,1,VSM.PageCull,77568,2
127,13183,3805.2355625,1,VSM.StaticRaster,6912,1
127,13183,3805.2355625,1,VSM.FinalizePages,2560,1
127,13183,3805.2355625,1,VSM.DynamicRaster,37632,1
127,13183,3805.2355625,1,VSM.UnityCompatibilityRaster,0,0
127,13183,3805.2355625,1,VSM.Resolve,11454976,1
127,13183,3805.2355625,1,VSM.ResolveTrace,11224576,1
127,13183,3805.2355625,1,VSM.FilterHorizontal,68608,1
127,13183,3805.2355625,1,VSM.FilterVertical,0,0
127,13183,3805.2355625,1,VSM.FilterTemporalVertical,160768,1
