observation,camera_frame_observed,editor_time_observed,vsm_active_observed,marker,gpu_ns,gpu_sample_count
0,5865,7651.036773,1,VSM.PageOccupancy,55040,1
0,5865,7651.036773,1,VSM.LayoutRemap,0,1
0,5865,7651.036773,1,VSM.ResetFeedback,0,1
0,5865,7651.036773,1,VSM.MarkReceiverPages,667648,1
0,5865,7651.036773,1,VSM.Allocate,222720,1
0,5865,7651.036773,1,VSM.InvalidateStatic,0,0
0,5865,7651.036773,1,VSM.ClearPhysicalPages,89600,1
0,5865,7651.036773,1,VSM.StaticCasterCull,68608,1
0,5865,7651.036773,1,VSM.DynamicCasterCull,43776,1
0,5865,7651.036773,1,VSM.PageCull,79360,2
0,5865,7651.036773,1,VSM.StaticRaster,7168,1
0,5865,7651.036773,1,VSM.FinalizePages,1536,1
0,5865,7651.036773,1,VSM.DynamicRaster,34560,1
0,5865,7651.036773,1,VSM.UnityCompatibilityRaster,0,0
0,5865,7651.036773,1,VSM.Resolve,11142144,1
0,5865,7651.036773,1,VSM.ResolveTrace,10917632,1
0,5865,7651.036773,1,VSM.FilterHorizontal,65792,1
0,5865,7651.036773,1,VSM.FilterVertical,0,0
0,5865,7651.036773,1,VSM.FilterTemporalVertical,157440,1
1,5866,7651.0601099999994,1,VSM.PageOccupancy,54528,1
1,5866,7651.0601099999994,1,VSM.LayoutRemap,0,1
1,5866,7651.0601099999994,1,VSM.ResetFeedback,0,1
1,5866,7651.0601099999994,1,VSM.MarkReceiverPages,668416,1
1,5866,7651.0601099999994,1,VSM.Allocate,221696,1
1,5866,7651.0601099999994,1,VSM.InvalidateStatic,0,0
1,5866,7651.0601099999994,1,VSM.ClearPhysicalPages,89856,1
1,5866,7651.0601099999994,1,VSM.StaticCasterCull,66816,1
1,5866,7651.0601099999994,1,VSM.DynamicCasterCull,41728,1
1,5866,7651.0601099999994,1,VSM.PageCull,75264,2
1,5866,7651.0601099999994,1,VSM.StaticRaster,10240,1
1,5866,7651.0601099999994,1,VSM.FinalizePages,1792,1
1,5866,7651.0601099999994,1,VSM.DynamicRaster,34816,1
1,5866,7651.0601099999994,1,VSM.UnityCompatibilityRaster,0,0
1,5866,7651.0601099999994,1,VSM.Resolve,10815744,1
1,5866,7651.0601099999994,1,VSM.ResolveTrace,10590464,1
1,5866,7651.0601099999994,1,VSM.FilterHorizontal,66816,1
1,5866,7651.0601099999994,1,VSM.FilterVertical,0,0
1,5866,7651.0601099999994,1,VSM.FilterTemporalVertical,157440,1
2,5867,7651.0839825999992,1,VSM.PageOccupancy,55040,1
2,5867,7651.0839825999992,1,VSM.LayoutRemap,0,1
2,5867,7651.0839825999992,1,VSM.ResetFeedback,0,1
2,5867,7651.0839825999992,1,VSM.MarkReceiverPages,668160,1
2,5867,7651.0839825999992,1,VSM.Allocate,223232,1
2,5867,7651.0839825999992,1,VSM.InvalidateStatic,0,0
2,5867,7651.0839825999992,1,VSM.ClearPhysicalPages,89600,1
2,5867,7651.0839825999992,1,VSM.StaticCasterCull,67328,1
2,5867,7651.0839825999992,1,VSM.DynamicCasterCull,45312,1
2,5867,7651.0839825999992,1,VSM.PageCull,79104,2
2,5867,7651.0839825999992,1,VSM.StaticRaster,6912,1
2,5867,7651.0839825999992,1,VSM.FinalizePages,2304,1
2,5867,7651.0839825999992,1,VSM.DynamicRaster,34816,1
2,5867,7651.0839825999992,1,VSM.UnityCompatibilityRaster,0,0
2,5867,7651.0839825999992,1,VSM.Resolve,10574592,1
2,5867,7651.0839825999992,1,VSM.ResolveTrace,10346752,1
2,5867,7651.0839825999992,1,VSM.FilterHorizontal,67328,1
2,5867,7651.0839825999992,1,VSM.FilterVertical,0,0
2,5867,7651.0839825999992,1,VSM.FilterTemporalVertical,158976,1
3,5868,7651.1077001999993,1,VSM.PageOccupancy,53248,1
3,5868,7651.1077001999993,1,VSM.LayoutRemap,0,1
3,5868,7651.1077001999993,1,VSM.ResetFeedback,0,1
3,5868,7651.1077001999993,1,VSM.MarkReceiverPages,676864,1
3,5868,7651.1077001999993,1,VSM.Allocate,260352,1
3,5868,7651.1077001999993,1,VSM.InvalidateStatic,0,0
3,5868,7651.1077001999993,1,VSM.ClearPhysicalPages,90368,1
3,5868,7651.1077001999993,1,VSM.StaticCasterCull,65024,1
3,5868,7651.1077001999993,1,VSM.DynamicCasterCull,46592,1
3,5868,7651.1077001999993,1,VSM.PageCull,78336,2
3,5868,7651.1077001999993,1,VSM.StaticRaster,30720,1
3,5868,7651.1077001999993,1,VSM.FinalizePages,2048,1
3,5868,7651.1077001999993,1,VSM.DynamicRaster,33024,1
3,5868,7651.1077001999993,1,VSM.UnityCompatibilityRaster,0,0
3,5868,7651.1077001999993,1,VSM.Resolve,10980864,1
3,5868,7651.1077001999993,1,VSM.ResolveTrace,10567680,1
3,5868,7651.1077001999993,1,VSM.FilterHorizontal,65792,1
3,5868,7651.1077001999993,1,VSM.FilterVertical,0,0
3,5868,7651.1077001999993,1,VSM.FilterTemporalVertical,346112,1
4,5869,7651.1328744999992,1,VSM.PageOccupancy,53760,1
4,5869,7651.1328744999992,1,VSM.LayoutRemap,0,1
4,5869,7651.1328744999992,1,VSM.ResetFeedback,0,1
4,5869,7651.1328744999992,1,VSM.MarkReceiverPages,694528,1
4,5869,7651.1328744999992,1,VSM.Allocate,226048,1
4,5869,7651.1328744999992,1,VSM.InvalidateStatic,0,0
4,5869,7651.1328744999992,1,VSM.ClearPhysicalPages,90880,1
4,5869,7651.1328744999992,1,VSM.StaticCasterCull,60672,1
4,5869,7651.1328744999992,1,VSM.DynamicCasterCull,43520,1
4,5869,7651.1328744999992,1,VSM.PageCull,71168,2
4,5869,7651.1328744999992,1,VSM.StaticRaster,3328,1
4,5869,7651.1328744999992,1,VSM.FinalizePages,2304,1
4,5869,7651.1328744999992,1,VSM.DynamicRaster,34304,1
4,5869,7651.1328744999992,1,VSM.UnityCompatibilityRaster,0,0
4,5869,7651.1328744999992,1,VSM.Resolve,10806528,1
4,5869,7651.1328744999992,1,VSM.ResolveTrace,10582272,1
4,5869,7651.1328744999992,1,VSM.FilterHorizontal,65536,1
4,5869,7651.1328744999992,1,VSM.FilterVertical,0,0
4,5869,7651.1328744999992,1,VSM.FilterTemporalVertical,157184,1
5,5870,7651.1559494999992,1,VSM.PageOccupancy,53504,1
5,5870,7651.1559494999992,1,VSM.LayoutRemap,0,1
5,5870,7651.1559494999992,1,VSM.ResetFeedback,0,1
5,5870,7651.1559494999992,1,VSM.MarkReceiverPages,677888,1
5,5870,7651.1559494999992,1,VSM.Allocate,224768,1
5,5870,7651.1559494999992,1,VSM.InvalidateStatic,0,0
5,5870,7651.1559494999992,1,VSM.ClearPhysicalPages,89856,1
5,5870,7651.1559494999992,1,VSM.StaticCasterCull,67072,1
5,5870,7651.1559494999992,1,VSM.DynamicCasterCull,43776,1
5,5870,7651.1559494999992,1,VSM.PageCull,77568,2
5,5870,7651.1559494999992,1,VSM.StaticRaster,8448,1
5,5870,7651.1559494999992,1,VSM.FinalizePages,2048,1
5,5870,7651.1559494999992,1,VSM.DynamicRaster,34304,1
5,5870,7651.1559494999992,1,VSM.UnityCompatibilityRaster,0,0
5,5870,7651.1559494999992,1,VSM.Resolve,11105024,1
5,5870,7651.1559494999992,1,VSM.ResolveTrace,10880512,1
5,5870,7651.1559494999992,1,VSM.FilterHorizontal,66304,1
5,5870,7651.1559494999992,1,VSM.FilterVertical,0,0
5,5870,7651.1559494999992,1,VSM.FilterTemporalVertical,157184,1
6,5871,7651.1798168,1,VSM.PageOccupancy,53760,1
6,5871,7651.1798168,1,VSM.LayoutRemap,0,1
6,5871,7651.1798168,1,VSM.ResetFeedback,0,1
6,5871,7651.1798168,1,VSM.MarkReceiverPages,676864,1
6,5871,7651.1798168,1,VSM.Allocate,224000,1
6,5871,7651.1798168,1,VSM.InvalidateStatic,0,0
6,5871,7651.1798168,1,VSM.ClearPhysicalPages,89600,1
6,5871,7651.1798168,1,VSM.StaticCasterCull,67072,1
6,5871,7651.1798168,1,VSM.DynamicCasterCull,44544,1
6,5871,7651.1798168,1,VSM.PageCull,77824,2
6,5871,7651.1798168,1,VSM.StaticRaster,6912,1
6,5871,7651.1798168,1,VSM.FinalizePages,1536,1
6,5871,7651.1798168,1,VSM.DynamicRaster,33536,1
6,5871,7651.1798168,1,VSM.UnityCompatibilityRaster,0,0
6,5871,7651.1798168,1,VSM.Resolve,11567360,1
6,5871,7651.1798168,1,VSM.ResolveTrace,11342336,1
6,5871,7651.1798168,1,VSM.FilterHorizontal,66560,1
6,5871,7651.1798168,1,VSM.FilterVertical,0,0
6,5871,7651.1798168,1,VSM.FilterTemporalVertical,157184,1
7,5872,7651.2031416,1,VSM.PageOccupancy,54528,1
7,5872,7651.2031416,1,VSM.LayoutRemap,0,1
7,5872,7651.2031416,1,VSM.ResetFeedback,0,1
7,5872,7651.2031416,1,VSM.MarkReceiverPages,676608,1
7,5872,7651.2031416,1,VSM.Allocate,224000,1
7,5872,7651.2031416,1,VSM.InvalidateStatic,0,0
7,5872,7651.2031416,1,VSM.ClearPhysicalPages,89600,1
7,5872,7651.2031416,1,VSM.StaticCasterCull,69120,1
7,5872,7651.2031416,1,VSM.DynamicCasterCull,46080,1
7,5872,7651.2031416,1,VSM.PageCull,82432,2
7,5872,7651.2031416,1,VSM.StaticRaster,7168,1
7,5872,7651.2031416,1,VSM.FinalizePages,2048,1
7,5872,7651.2031416,1,VSM.DynamicRaster,33536,1
7,5872,7651.2031416,1,VSM.UnityCompatibilityRaster,0,0
7,5872,7651.2031416,1,VSM.Resolve,11350272,1
7,5872,7651.2031416,1,VSM.ResolveTrace,10953728,1
7,5872,7651.2031416,1,VSM.FilterHorizontal,65536,1
7,5872,7651.2031416,1,VSM.FilterVertical,0,0
7,5872,7651.2031416,1,VSM.FilterTemporalVertical,156928,1
8,5873,7651.225444,1,VSM.PageOccupancy,54784,1
8,5873,7651.225444,1,VSM.LayoutRemap,0,1
8,5873,7651.225444,1,VSM.ResetFeedback,0,1
8,5873,7651.225444,1,VSM.MarkReceiverPages,873728,1
8,5873,7651.225444,1,VSM.Allocate,224256,1
8,5873,7651.225444,1,VSM.InvalidateStatic,0,0
8,5873,7651.225444,1,VSM.ClearPhysicalPages,90368,1
8,5873,7651.225444,1,VSM.StaticCasterCull,68096,1
8,5873,7651.225444,1,VSM.DynamicCasterCull,45312,1
8,5873,7651.225444,1,VSM.PageCull,79616,2
8,5873,7651.225444,1,VSM.StaticRaster,3072,1
8,5873,7651.225444,1,VSM.FinalizePages,1792,1
8,5873,7651.225444,1,VSM.DynamicRaster,33536,1
8,5873,7651.225444,1,VSM.UnityCompatibilityRaster,0,0
8,5873,7651.225444,1,VSM.Resolve,10820096,1
8,5873,7651.225444,1,VSM.ResolveTrace,10281472,1
8,5873,7651.225444,1,VSM.FilterHorizontal,67840,1
8,5873,7651.225444,1,VSM.FilterVertical,0,0
8,5873,7651.225444,1,VSM.FilterTemporalVertical,155904,1
9,5874,7651.2469330999993,1,VSM.PageOccupancy,53248,1
9,5874,7651.2469330999993,1,VSM.LayoutRemap,0,1
9,5874,7651.2469330999993,1,VSM.ResetFeedback,0,1
9,5874,7651.2469330999993,1,VSM.MarkReceiverPages,677120,1
9,5874,7651.2469330999993,1,VSM.Allocate,225024,1
9,5874,7651.2469330999993,1,VSM.InvalidateStatic,0,0
9,5874,7651.2469330999993,1,VSM.ClearPhysicalPages,89600,1
9,5874,7651.2469330999993,1,VSM.StaticCasterCull,69376,1
9,5874,7651.2469330999993,1,VSM.DynamicCasterCull,46080,1
9,5874,7651.2469330999993,1,VSM.PageCull,81664,2
9,5874,7651.2469330999993,1,VSM.StaticRaster,3584,1
9,5874,7651.2469330999993,1,VSM.FinalizePages,2304,1
9,5874,7651.2469330999993,1,VSM.DynamicRaster,33280,1
9,5874,7651.2469330999993,1,VSM.UnityCompatibilityRaster,0,0
9,5874,7651.2469330999993,1,VSM.Resolve,11688960,1
9,5874,7651.2469330999993,1,VSM.ResolveTrace,11468032,1
9,5874,7651.2469330999993,1,VSM.FilterHorizontal,65792,1
9,5874,7651.2469330999993,1,VSM.FilterVertical,0,0
9,5874,7651.2469330999993,1,VSM.FilterTemporalVertical,153856,1
10,5875,7651.2690950999995,1,VSM.PageOccupancy,56064,1
10,5875,7651.2690950999995,1,VSM.LayoutRemap,0,1
10,5875,7651.2690950999995,1,VSM.ResetFeedback,0,1
10,5875,7651.2690950999995,1,VSM.MarkReceiverPages,681984,1
10,5875,7651.2690950999995,1,VSM.Allocate,224512,1
10,5875,7651.2690950999995,1,VSM.InvalidateStatic,0,0
10,5875,7651.2690950999995,1,VSM.ClearPhysicalPages,89600,1
10,5875,7651.2690950999995,1,VSM.StaticCasterCull,67072,1
10,5875,7651.2690950999995,1,VSM.DynamicCasterCull,44032,1
10,5875,7651.2690950999995,1,VSM.PageCull,78336,2
10,5875,7651.2690950999995,1,VSM.StaticRaster,3328,1
10,5875,7651.2690950999995,1,VSM.FinalizePages,1792,1
10,5875,7651.2690950999995,1,VSM.DynamicRaster,32256,1
10,5875,7651.2690950999995,1,VSM.UnityCompatibilityRaster,0,0
10,5875,7651.2690950999995,1,VSM.Resolve,11057408,1
10,5875,7651.2690950999995,1,VSM.ResolveTrace,10835712,1
10,5875,7651.2690950999995,1,VSM.FilterHorizontal,66560,1
10,5875,7651.2690950999995,1,VSM.FilterVertical,0,0
10,5875,7651.2690950999995,1,VSM.FilterTemporalVertical,153856,1
11,5876,7651.2916845,1,VSM.PageOccupancy,54784,1
11,5876,7651.2916845,1,VSM.LayoutRemap,0,1
11,5876,7651.2916845,1,VSM.ResetFeedback,0,1
11,5876,7651.2916845,1,VSM.MarkReceiverPages,683776,1
11,5876,7651.2916845,1,VSM.Allocate,222208,1
11,5876,7651.2916845,1,VSM.InvalidateStatic,0,0
11,5876,7651.2916845,1,VSM.ClearPhysicalPages,89600,1
11,5876,7651.2916845,1,VSM.StaticCasterCull,69376,1
11,5876,7651.2916845,1,VSM.DynamicCasterCull,47360,1
11,5876,7651.2916845,1,VSM.PageCull,84224,2
11,5876,7651.2916845,1,VSM.StaticRaster,3328,1
11,5876,7651.2916845,1,VSM.FinalizePages,2304,1
11,5876,7651.2916845,1,VSM.DynamicRaster,32256,1
11,5876,7651.2916845,1,VSM.UnityCompatibilityRaster,0,0
11,5876,7651.2916845,1,VSM.Resolve,10715648,1
11,5876,7651.2916845,1,VSM.ResolveTrace,10493184,1
11,5876,7651.2916845,1,VSM.FilterHorizontal,67328,1
11,5876,7651.2916845,1,VSM.FilterVertical,0,0
11,5876,7651.2916845,1,VSM.FilterTemporalVertical,154112,1
12,5877,7651.3133856999993,1,VSM.PageOccupancy,56576,1
12,5877,7651.3133856999993,1,VSM.LayoutRemap,0,1
12,5877,7651.3133856999993,1,VSM.ResetFeedback,0,1
12,5877,7651.3133856999993,1,VSM.MarkReceiverPages,681216,1
12,5877,7651.3133856999993,1,VSM.Allocate,223232,1
12,5877,7651.3133856999993,1,VSM.InvalidateStatic,0,0
12,5877,7651.3133856999993,1,VSM.ClearPhysicalPages,89600,1
12,5877,7651.3133856999993,1,VSM.StaticCasterCull,67584,1
12,5877,7651.3133856999993,1,VSM.DynamicCasterCull,43520,1
12,5877,7651.3133856999993,1,VSM.PageCull,77568,2
12,5877,7651.3133856999993,1,VSM.StaticRaster,7424,1
12,5877,7651.3133856999993,1,VSM.FinalizePages,1792,1
12,5877,7651.3133856999993,1,VSM.DynamicRaster,32768,1
12,5877,7651.3133856999993,1,VSM.UnityCompatibilityRaster,0,0
12,5877,7651.3133856999993,1,VSM.Resolve,11792896,1
12,5877,7651.3133856999993,1,VSM.ResolveTrace,11564032,1
12,5877,7651.3133856999993,1,VSM.FilterHorizontal,67584,1
12,5877,7651.3133856999993,1,VSM.FilterVertical,0,0
12,5877,7651.3133856999993,1,VSM.FilterTemporalVertical,160256,1
13,5878,7651.3351305,1,VSM.PageOccupancy,57600,1
13,5878,7651.3351305,1,VSM.LayoutRemap,0,1
13,5878,7651.3351305,1,VSM.ResetFeedback,0,1
13,5878,7651.3351305,1,VSM.MarkReceiverPages,681472,1
13,5878,7651.3351305,1,VSM.Allocate,223488,1
13,5878,7651.3351305,1,VSM.InvalidateStatic,0,0
13,5878,7651.3351305,1,VSM.ClearPhysicalPages,90112,1
13,5878,7651.3351305,1,VSM.StaticCasterCull,65792,1
13,5878,7651.3351305,1,VSM.DynamicCasterCull,44544,1
13,5878,7651.3351305,1,VSM.PageCull,76288,2
13,5878,7651.3351305,1,VSM.StaticRaster,6912,1
13,5878,7651.3351305,1,VSM.FinalizePages,2304,1
13,5878,7651.3351305,1,VSM.DynamicRaster,31744,1
13,5878,7651.3351305,1,VSM.UnityCompatibilityRaster,0,0
13,5878,7651.3351305,1,VSM.Resolve,11438848,1
13,5878,7651.3351305,1,VSM.ResolveTrace,11219200,1
13,5878,7651.3351305,1,VSM.FilterHorizontal,65024,1
13,5878,7651.3351305,1,VSM.FilterVertical,0,0
13,5878,7651.3351305,1,VSM.FilterTemporalVertical,153088,1
14,5879,7651.3571981,1,VSM.PageOccupancy,54016,1
14,5879,7651.3571981,1,VSM.LayoutRemap,0,1
14,5879,7651.3571981,1,VSM.ResetFeedback,0,1
14,5879,7651.3571981,1,VSM.MarkReceiverPages,681984,1
14,5879,7651.3571981,1,VSM.Allocate,224512,1
14,5879,7651.3571981,1,VSM.InvalidateStatic,0,0
14,5879,7651.3571981,1,VSM.ClearPhysicalPages,89856,1
14,5879,7651.3571981,1,VSM.StaticCasterCull,68608,1
14,5879,7651.3571981,1,VSM.DynamicCasterCull,46592,1
14,5879,7651.3571981,1,VSM.PageCull,81920,2
14,5879,7651.3571981,1,VSM.StaticRaster,3072,1
14,5879,7651.3571981,1,VSM.FinalizePages,1792,1
14,5879,7651.3571981,1,VSM.DynamicRaster,32256,1
14,5879,7651.3571981,1,VSM.UnityCompatibilityRaster,0,0
14,5879,7651.3571981,1,VSM.Resolve,10761984,1
14,5879,7651.3571981,1,VSM.ResolveTrace,10539520,1
14,5879,7651.3571981,1,VSM.FilterHorizontal,67072,1
14,5879,7651.3571981,1,VSM.FilterVertical,0,0
14,5879,7651.3571981,1,VSM.FilterTemporalVertical,153856,1
15,5880,7651.3789203,1,VSM.PageOccupancy,55296,1
15,5880,7651.3789203,1,VSM.LayoutRemap,0,1
15,5880,7651.3789203,1,VSM.ResetFeedback,0,1
15,5880,7651.3789203,1,VSM.MarkReceiverPages,678656,1
15,5880,7651.3789203,1,VSM.Allocate,262912,1
15,5880,7651.3789203,1,VSM.InvalidateStatic,0,0
15,5880,7651.3789203,1,VSM.ClearPhysicalPages,90368,1
15,5880,7651.3789203,1,VSM.StaticCasterCull,67328,1
15,5880,7651.3789203,1,VSM.DynamicCasterCull,46080,1
15,5880,7651.3789203,1,VSM.PageCull,80384,2
15,5880,7651.3789203,1,VSM.StaticRaster,22272,1
15,5880,7651.3789203,1,VSM.FinalizePages,2304,1
15,5880,7651.3789203,1,VSM.DynamicRaster,31232,1
15,5880,7651.3789203,1,VSM.UnityCompatibilityRaster,0,0
15,5880,7651.3789203,1,VSM.Resolve,10534656,1
15,5880,7651.3789203,1,VSM.ResolveTrace,10010112,1
15,5880,7651.3789203,1,VSM.FilterHorizontal,67328,1
15,5880,7651.3789203,1,VSM.FilterVertical,0,0
15,5880,7651.3789203,1,VSM.FilterTemporalVertical,155392,1
16,5881,7651.4007658,1,VSM.PageOccupancy,54016,1
16,5881,7651.4007658,1,VSM.LayoutRemap,0,1
16,5881,7651.4007658,1,VSM.ResetFeedback,0,1
16,5881,7651.4007658,1,VSM.MarkReceiverPages,681728,1
16,5881,7651.4007658,1,VSM.Allocate,259840,1
16,5881,7651.4007658,1,VSM.InvalidateStatic,0,0
16,5881,7651.4007658,1,VSM.ClearPhysicalPages,90368,1
16,5881,7651.4007658,1,VSM.StaticCasterCull,67328,1
16,5881,7651.4007658,1,VSM.DynamicCasterCull,45824,1
16,5881,7651.4007658,1,VSM.PageCull,80128,2
16,5881,7651.4007658,1,VSM.StaticRaster,26368,1
16,5881,7651.4007658,1,VSM.FinalizePages,2304,1
16,5881,7651.4007658,1,VSM.DynamicRaster,31232,1
16,5881,7651.4007658,1,VSM.UnityCompatibilityRaster,0,0
16,5881,7651.4007658,1,VSM.Resolve,10834688,1
16,5881,7651.4007658,1,VSM.ResolveTrace,10609408,1
16,5881,7651.4007658,1,VSM.FilterHorizontal,66816,1
16,5881,7651.4007658,1,VSM.FilterVertical,0,0
16,5881,7651.4007658,1,VSM.FilterTemporalVertical,157440,1
17,5882,7651.4230405,1,VSM.PageOccupancy,54272,1
17,5882,7651.4230405,1,VSM.LayoutRemap,0,1
17,5882,7651.4230405,1,VSM.ResetFeedback,0,1
17,5882,7651.4230405,1,VSM.MarkReceiverPages,681216,1
17,5882,7651.4230405,1,VSM.Allocate,227328,1
17,5882,7651.4230405,1,VSM.InvalidateStatic,0,0
17,5882,7651.4230405,1,VSM.ClearPhysicalPages,90880,1
17,5882,7651.4230405,1,VSM.StaticCasterCull,66048,1
17,5882,7651.4230405,1,VSM.DynamicCasterCull,43776,1
17,5882,7651.4230405,1,VSM.PageCull,77056,2
17,5882,7651.4230405,1,VSM.StaticRaster,8448,1
17,5882,7651.4230405,1,VSM.FinalizePages,1792,1
17,5882,7651.4230405,1,VSM.DynamicRaster,33024,1
17,5882,7651.4230405,1,VSM.UnityCompatibilityRaster,0,0
17,5882,7651.4230405,1,VSM.Resolve,10464256,1
17,5882,7651.4230405,1,VSM.ResolveTrace,9932544,1
17,5882,7651.4230405,1,VSM.FilterHorizontal,67328,1
17,5882,7651.4230405,1,VSM.FilterVertical,0,0
17,5882,7651.4230405,1,VSM.FilterTemporalVertical,155648,1
18,5883,7651.4447775,1,VSM.PageOccupancy,54528,1
18,5883,7651.4447775,1,VSM.LayoutRemap,0,1
18,5883,7651.4447775,1,VSM.ResetFeedback,0,1
18,5883,7651.4447775,1,VSM.MarkReceiverPages,680192,1
18,5883,7651.4447775,1,VSM.Allocate,224256,1
18,5883,7651.4447775,1,VSM.InvalidateStatic,0,0
18,5883,7651.4447775,1,VSM.ClearPhysicalPages,89600,1
18,5883,7651.4447775,1,VSM.StaticCasterCull,65792,1
18,5883,7651.4447775,1,VSM.DynamicCasterCull,43776,1
18,5883,7651.4447775,1,VSM.PageCull,76032,2
18,5883,7651.4447775,1,VSM.StaticRaster,6912,1
18,5883,7651.4447775,1,VSM.FinalizePages,1792,1
18,5883,7651.4447775,1,VSM.DynamicRaster,33024,1
18,5883,7651.4447775,1,VSM.UnityCompatibilityRaster,0,0
18,5883,7651.4447775,1,VSM.Resolve,10948608,1
18,5883,7651.4447775,1,VSM.ResolveTrace,10727680,1
18,5883,7651.4447775,1,VSM.FilterHorizontal,65792,1
18,5883,7651.4447775,1,VSM.FilterVertical,0,0
18,5883,7651.4447775,1,VSM.FilterTemporalVertical,154112,1
19,5884,7651.4684277,1,VSM.PageOccupancy,54784,1
19,5884,7651.4684277,1,VSM.LayoutRemap,0,1
19,5884,7651.4684277,1,VSM.ResetFeedback,0,1
19,5884,7651.4684277,1,VSM.MarkReceiverPages,681984,1
19,5884,7651.4684277,1,VSM.Allocate,224256,1
19,5884,7651.4684277,1,VSM.InvalidateStatic,0,0
19,5884,7651.4684277,1,VSM.ClearPhysicalPages,89600,1
19,5884,7651.4684277,1,VSM.StaticCasterCull,64768,1
19,5884,7651.4684277,1,VSM.DynamicCasterCull,44544,1
19,5884,7651.4684277,1,VSM.PageCull,75520,2
19,5884,7651.4684277,1,VSM.StaticRaster,6912,1
19,5884,7651.4684277,1,VSM.FinalizePages,1792,1
19,5884,7651.4684277,1,VSM.DynamicRaster,33536,1
19,5884,7651.4684277,1,VSM.UnityCompatibilityRaster,0,0
19,5884,7651.4684277,1,VSM.Resolve,10557696,1
19,5884,7651.4684277,1,VSM.ResolveTrace,10026240,1
19,5884,7651.4684277,1,VSM.FilterHorizontal,67584,1
19,5884,7651.4684277,1,VSM.FilterVertical,0,0
19,5884,7651.4684277,1,VSM.FilterTemporalVertical,154624,1
20,5885,7651.4908283999994,1,VSM.PageOccupancy,54272,1
20,5885,7651.4908283999994,1,VSM.LayoutRemap,0,1
20,5885,7651.4908283999994,1,VSM.ResetFeedback,0,1
20,5885,7651.4908283999994,1,VSM.MarkReceiverPages,679424,1
20,5885,7651.4908283999994,1,VSM.Allocate,226304,1
20,5885,7651.4908283999994,1,VSM.InvalidateStatic,0,0
20,5885,7651.4908283999994,1,VSM.ClearPhysicalPages,89600,1
20,5885,7651.4908283999994,1,VSM.StaticCasterCull,65536,1
20,5885,7651.4908283999994,1,VSM.DynamicCasterCull,43008,1
20,5885,7651.4908283999994,1,VSM.PageCull,75264,2
20,5885,7651.4908283999994,1,VSM.StaticRaster,3072,1
20,5885,7651.4908283999994,1,VSM.FinalizePages,1792,1
20,5885,7651.4908283999994,1,VSM.DynamicRaster,33536,1
20,5885,7651.4908283999994,1,VSM.UnityCompatibilityRaster,0,0
20,5885,7651.4908283999994,1,VSM.Resolve,10539008,1
20,5885,7651.4908283999994,1,VSM.ResolveTrace,10317824,1
20,5885,7651.4908283999994,1,VSM.FilterHorizontal,65792,1
20,5885,7651.4908283999994,1,VSM.FilterVertical,0,0
20,5885,7651.4908283999994,1,VSM.FilterTemporalVertical,154368,1
21,5886,7651.5138357,1,VSM.PageOccupancy,56064,1
21,5886,7651.5138357,1,VSM.LayoutRemap,0,1
21,5886,7651.5138357,1,VSM.ResetFeedback,0,1
21,5886,7651.5138357,1,VSM.MarkReceiverPages,675072,1
21,5886,7651.5138357,1,VSM.Allocate,258304,1
21,5886,7651.5138357,1,VSM.InvalidateStatic,0,0
21,5886,7651.5138357,1,VSM.ClearPhysicalPages,90624,1
21,5886,7651.5138357,1,VSM.StaticCasterCull,68608,1
21,5886,7651.5138357,1,VSM.DynamicCasterCull,48128,1
21,5886,7651.5138357,1,VSM.PageCull,83456,2
21,5886,7651.5138357,1,VSM.StaticRaster,44800,1
21,5886,7651.5138357,1,VSM.FinalizePages,2560,1
21,5886,7651.5138357,1,VSM.DynamicRaster,32768,1
21,5886,7651.5138357,1,VSM.UnityCompatibilityRaster,0,0
21,5886,7651.5138357,1,VSM.Resolve,11315712,1
21,5886,7651.5138357,1,VSM.ResolveTrace,11090944,1
21,5886,7651.5138357,1,VSM.FilterHorizontal,68096,1
21,5886,7651.5138357,1,VSM.FilterVertical,0,0
21,5886,7651.5138357,1,VSM.FilterTemporalVertical,155904,1
22,5887,7651.5373293999992,1,VSM.PageOccupancy,57088,1
22,5887,7651.5373293999992,1,VSM.LayoutRemap,0,1
22,5887,7651.5373293999992,1,VSM.ResetFeedback,0,1
22,5887,7651.5373293999992,1,VSM.MarkReceiverPages,990720,1
22,5887,7651.5373293999992,1,VSM.Allocate,226048,1
22,5887,7651.5373293999992,1,VSM.InvalidateStatic,0,0
22,5887,7651.5373293999992,1,VSM.ClearPhysicalPages,89856,1
22,5887,7651.5373293999992,1,VSM.StaticCasterCull,65536,1
22,5887,7651.5373293999992,1,VSM.DynamicCasterCull,42752,1
22,5887,7651.5373293999992,1,VSM.PageCull,75264,2
22,5887,7651.5373293999992,1,VSM.StaticRaster,7168,1
22,5887,7651.5373293999992,1,VSM.FinalizePages,1792,1
22,5887,7651.5373293999992,1,VSM.DynamicRaster,35072,1
22,5887,7651.5373293999992,1,VSM.UnityCompatibilityRaster,0,0
22,5887,7651.5373293999992,1,VSM.Resolve,10204672,1
22,5887,7651.5373293999992,1,VSM.ResolveTrace,9985024,1
22,5887,7651.5373293999992,1,VSM.FilterHorizontal,65024,1
22,5887,7651.5373293999992,1,VSM.FilterVertical,0,0
22,5887,7651.5373293999992,1,VSM.FilterTemporalVertical,153344,1
23,5888,7651.5600944,1,VSM.PageOccupancy,54016,1
23,5888,7651.5600944,1,VSM.LayoutRemap,0,1
23,5888,7651.5600944,1,VSM.ResetFeedback,0,1
23,5888,7651.5600944,1,VSM.MarkReceiverPages,673024,1
23,5888,7651.5600944,1,VSM.Allocate,223232,1
23,5888,7651.5600944,1,VSM.InvalidateStatic,0,0
23,5888,7651.5600944,1,VSM.ClearPhysicalPages,89856,1
23,5888,7651.5600944,1,VSM.StaticCasterCull,67072,1
23,5888,7651.5600944,1,VSM.DynamicCasterCull,43264,1
23,5888,7651.5600944,1,VSM.PageCull,77056,2
23,5888,7651.5600944,1,VSM.StaticRaster,7168,1
23,5888,7651.5600944,1,VSM.FinalizePages,2304,1
23,5888,7651.5600944,1,VSM.DynamicRaster,35328,1
23,5888,7651.5600944,1,VSM.UnityCompatibilityRaster,0,0
23,5888,7651.5600944,1,VSM.Resolve,11055616,1
23,5888,7651.5600944,1,VSM.ResolveTrace,10834432,1
23,5888,7651.5600944,1,VSM.FilterHorizontal,66816,1
23,5888,7651.5600944,1,VSM.FilterVertical,0,0
23,5888,7651.5600944,1,VSM.FilterTemporalVertical,153344,1
24,5889,7651.5831202,1,VSM.PageOccupancy,55552,1
24,5889,7651.5831202,1,VSM.LayoutRemap,0,1
24,5889,7651.5831202,1,VSM.ResetFeedback,0,1
24,5889,7651.5831202,1,VSM.MarkReceiverPages,673024,1
24,5889,7651.5831202,1,VSM.Allocate,224256,1
24,5889,7651.5831202,1,VSM.InvalidateStatic,0,0
24,5889,7651.5831202,1,VSM.ClearPhysicalPages,89344,1
24,5889,7651.5831202,1,VSM.StaticCasterCull,68352,1
24,5889,7651.5831202,1,VSM.DynamicCasterCull,44032,1
24,5889,7651.5831202,1,VSM.PageCull,79616,2
24,5889,7651.5831202,1,VSM.StaticRaster,6912,1
24,5889,7651.5831202,1,VSM.FinalizePages,1792,1
24,5889,7651.5831202,1,VSM.DynamicRaster,34560,1
24,5889,7651.5831202,1,VSM.UnityCompatibilityRaster,0,0
24,5889,7651.5831202,1,VSM.Resolve,10596608,1
24,5889,7651.5831202,1,VSM.ResolveTrace,10372096,1
24,5889,7651.5831202,1,VSM.FilterHorizontal,67328,1
24,5889,7651.5831202,1,VSM.FilterVertical,0,0
24,5889,7651.5831202,1,VSM.FilterTemporalVertical,155648,1
25,5890,7651.6055447,1,VSM.PageOccupancy,54528,1
25,5890,7651.6055447,1,VSM.LayoutRemap,0,1
25,5890,7651.6055447,1,VSM.ResetFeedback,0,1
25,5890,7651.6055447,1,VSM.MarkReceiverPages,992256,1
25,5890,7651.6055447,1,VSM.Allocate,261120,1
25,5890,7651.6055447,1,VSM.InvalidateStatic,0,0
25,5890,7651.6055447,1,VSM.ClearPhysicalPages,90880,1
25,5890,7651.6055447,1,VSM.StaticCasterCull,66816,1
25,5890,7651.6055447,1,VSM.DynamicCasterCull,47104,1
25,5890,7651.6055447,1,VSM.PageCull,79872,2
25,5890,7651.6055447,1,VSM.StaticRaster,31232,1
25,5890,7651.6055447,1,VSM.FinalizePages,1792,1
25,5890,7651.6055447,1,VSM.DynamicRaster,33280,1
25,5890,7651.6055447,1,VSM.UnityCompatibilityRaster,0,0
25,5890,7651.6055447,1,VSM.Resolve,9999104,1
25,5890,7651.6055447,1,VSM.ResolveTrace,9778432,1
25,5890,7651.6055447,1,VSM.FilterHorizontal,65280,1
25,5890,7651.6055447,1,VSM.FilterVertical,0,0
25,5890,7651.6055447,1,VSM.FilterTemporalVertical,153856,1
26,5891,7651.6273734,1,VSM.PageOccupancy,58112,1
26,5891,7651.6273734,1,VSM.LayoutRemap,0,1
26,5891,7651.6273734,1,VSM.ResetFeedback,0,1
26,5891,7651.6273734,1,VSM.MarkReceiverPages,671488,1
26,5891,7651.6273734,1,VSM.Allocate,221952,1
26,5891,7651.6273734,1,VSM.InvalidateStatic,0,0
26,5891,7651.6273734,1,VSM.ClearPhysicalPages,89600,1
26,5891,7651.6273734,1,VSM.StaticCasterCull,67584,1
26,5891,7651.6273734,1,VSM.DynamicCasterCull,42240,1
26,5891,7651.6273734,1,VSM.PageCull,76288,2
26,5891,7651.6273734,1,VSM.StaticRaster,7424,1
26,5891,7651.6273734,1,VSM.FinalizePages,2560,1
26,5891,7651.6273734,1,VSM.DynamicRaster,34048,1
26,5891,7651.6273734,1,VSM.UnityCompatibilityRaster,0,0
26,5891,7651.6273734,1,VSM.Resolve,11002624,1
26,5891,7651.6273734,1,VSM.ResolveTrace,10614784,1
26,5891,7651.6273734,1,VSM.FilterHorizontal,75008,1
26,5891,7651.6273734,1,VSM.FilterVertical,0,0
26,5891,7651.6273734,1,VSM.FilterTemporalVertical,151040,1
27,5892,7651.6488610999995,1,VSM.PageOccupancy,54016,1
27,5892,7651.6488610999995,1,VSM.LayoutRemap,0,1
27,5892,7651.6488610999995,1,VSM.ResetFeedback,0,1
27,5892,7651.6488610999995,1,VSM.MarkReceiverPages,667136,1
27,5892,7651.6488610999995,1,VSM.Allocate,258560,1
27,5892,7651.6488610999995,1,VSM.InvalidateStatic,0,0
27,5892,7651.6488610999995,1,VSM.ClearPhysicalPages,90112,1
27,5892,7651.6488610999995,1,VSM.StaticCasterCull,67584,1
27,5892,7651.6488610999995,1,VSM.DynamicCasterCull,47360,1
27,5892,7651.6488610999995,1,VSM.PageCull,81664,2
27,5892,7651.6488610999995,1,VSM.StaticRaster,27136,1
27,5892,7651.6488610999995,1,VSM.FinalizePages,2048,1
27,5892,7651.6488610999995,1,VSM.DynamicRaster,33536,1
27,5892,7651.6488610999995,1,VSM.UnityCompatibilityRaster,0,0
27,5892,7651.6488610999995,1,VSM.Resolve,10399488,1
27,5892,7651.6488610999995,1,VSM.ResolveTrace,10177024,1
27,5892,7651.6488610999995,1,VSM.FilterHorizontal,67328,1
27,5892,7651.6488610999995,1,VSM.FilterVertical,0,0
27,5892,7651.6488610999995,1,VSM.FilterTemporalVertical,153856,1
28,5893,7651.6708653999995,1,VSM.PageOccupancy,53504,1
28,5893,7651.6708653999995,1,VSM.LayoutRemap,0,1
28,5893,7651.6708653999995,1,VSM.ResetFeedback,0,1
28,5893,7651.6708653999995,1,VSM.MarkReceiverPages,876288,1
28,5893,7651.6708653999995,1,VSM.Allocate,222208,1
28,5893,7651.6708653999995,1,VSM.InvalidateStatic,0,0
28,5893,7651.6708653999995,1,VSM.ClearPhysicalPages,89856,1
28,5893,7651.6708653999995,1,VSM.StaticCasterCull,66560,1
28,5893,7651.6708653999995,1,VSM.DynamicCasterCull,43776,1
28,5893,7651.6708653999995,1,VSM.PageCull,76800,2
28,5893,7651.6708653999995,1,VSM.StaticRaster,3072,1
28,5893,7651.6708653999995,1,VSM.FinalizePages,1792,1
28,5893,7651.6708653999995,1,VSM.DynamicRaster,34304,1
28,5893,7651.6708653999995,1,VSM.UnityCompatibilityRaster,0,0
28,5893,7651.6708653999995,1,VSM.Resolve,9708800,1
28,5893,7651.6708653999995,1,VSM.ResolveTrace,9487360,1
28,5893,7651.6708653999995,1,VSM.FilterHorizontal,65280,1
28,5893,7651.6708653999995,1,VSM.FilterVertical,0,0
28,5893,7651.6708653999995,1,VSM.FilterTemporalVertical,154880,1
29,5894,7651.6929142,1,VSM.PageOccupancy,54784,1
29,5894,7651.6929142,1,VSM.LayoutRemap,0,1
29,5894,7651.6929142,1,VSM.ResetFeedback,0,1
29,5894,7651.6929142,1,VSM.MarkReceiverPages,670208,1
29,5894,7651.6929142,1,VSM.Allocate,223488,1
29,5894,7651.6929142,1,VSM.InvalidateStatic,0,0
29,5894,7651.6929142,1,VSM.ClearPhysicalPages,89600,1
29,5894,7651.6929142,1,VSM.StaticCasterCull,67584,1
29,5894,7651.6929142,1,VSM.DynamicCasterCull,44032,1
29,5894,7651.6929142,1,VSM.PageCull,78848,2
29,5894,7651.6929142,1,VSM.StaticRaster,7424,1
29,5894,7651.6929142,1,VSM.FinalizePages,2560,1
29,5894,7651.6929142,1,VSM.DynamicRaster,34048,1
29,5894,7651.6929142,1,VSM.UnityCompatibilityRaster,0,0
29,5894,7651.6929142,1,VSM.Resolve,10214144,1
29,5894,7651.6929142,1,VSM.ResolveTrace,9991424,1
29,5894,7651.6929142,1,VSM.FilterHorizontal,65792,1
29,5894,7651.6929142,1,VSM.FilterVertical,0,0
29,5894,7651.6929142,1,VSM.FilterTemporalVertical,155392,1
30,5895,7651.7145482999995,1,VSM.PageOccupancy,54016,1
30,5895,7651.7145482999995,1,VSM.LayoutRemap,0,1
30,5895,7651.7145482999995,1,VSM.ResetFeedback,0,1
30,5895,7651.7145482999995,1,VSM.MarkReceiverPages,669696,1
30,5895,7651.7145482999995,1,VSM.Allocate,222976,1
30,5895,7651.7145482999995,1,VSM.InvalidateStatic,0,0
30,5895,7651.7145482999995,1,VSM.ClearPhysicalPages,383232,1
30,5895,7651.7145482999995,1,VSM.StaticCasterCull,73216,1
30,5895,7651.7145482999995,1,VSM.DynamicCasterCull,42240,1
30,5895,7651.7145482999995,1,VSM.PageCull,76800,2
30,5895,7651.7145482999995,1,VSM.StaticRaster,7936,1
30,5895,7651.7145482999995,1,VSM.FinalizePages,2304,1
30,5895,7651.7145482999995,1,VSM.DynamicRaster,34048,1
30,5895,7651.7145482999995,1,VSM.UnityCompatibilityRaster,0,0
30,5895,7651.7145482999995,1,VSM.Resolve,10466048,1
30,5895,7651.7145482999995,1,VSM.ResolveTrace,10246400,1
30,5895,7651.7145482999995,1,VSM.FilterHorizontal,66304,1
30,5895,7651.7145482999995,1,VSM.FilterVertical,0,0
30,5895,7651.7145482999995,1,VSM.FilterTemporalVertical,152576,1
31,5896,7651.7357218,1,VSM.PageOccupancy,55808,1
31,5896,7651.7357218,1,VSM.LayoutRemap,0,1
31,5896,7651.7357218,1,VSM.ResetFeedback,0,1
31,5896,7651.7357218,1,VSM.MarkReceiverPages,668672,1
31,5896,7651.7357218,1,VSM.Allocate,222720,1
31,5896,7651.7357218,1,VSM.InvalidateStatic,0,0
31,5896,7651.7357218,1,VSM.ClearPhysicalPages,89856,1
31,5896,7651.7357218,1,VSM.StaticCasterCull,67840,1
31,5896,7651.7357218,1,VSM.DynamicCasterCull,41728,1
31,5896,7651.7357218,1,VSM.PageCull,76032,2
31,5896,7651.7357218,1,VSM.StaticRaster,7168,1
31,5896,7651.7357218,1,VSM.FinalizePages,1536,1
31,5896,7651.7357218,1,VSM.DynamicRaster,34560,1
31,5896,7651.7357218,1,VSM.UnityCompatibilityRaster,0,0
31,5896,7651.7357218,1,VSM.Resolve,10736128,1
31,5896,7651.7357218,1,VSM.ResolveTrace,10511360,1
31,5896,7651.7357218,1,VSM.FilterHorizontal,66048,1
31,5896,7651.7357218,1,VSM.FilterVertical,0,0
31,5896,7651.7357218,1,VSM.FilterTemporalVertical,157440,1
32,5897,7651.7578725999992,1,VSM.PageOccupancy,53248,1
32,5897,7651.7578725999992,1,VSM.LayoutRemap,0,1
32,5897,7651.7578725999992,1,VSM.ResetFeedback,0,1
32,5897,7651.7578725999992,1,VSM.MarkReceiverPages,876544,1
32,5897,7651.7578725999992,1,VSM.Allocate,222720,1
32,5897,7651.7578725999992,1,VSM.InvalidateStatic,0,0
32,5897,7651.7578725999992,1,VSM.ClearPhysicalPages,89856,1
32,5897,7651.7578725999992,1,VSM.StaticCasterCull,64768,1
32,5897,7651.7578725999992,1,VSM.DynamicCasterCull,41984,1
32,5897,7651.7578725999992,1,VSM.PageCull,72704,2
32,5897,7651.7578725999992,1,VSM.StaticRaster,6400,1
32,5897,7651.7578725999992,1,VSM.FinalizePages,2304,1
32,5897,7651.7578725999992,1,VSM.DynamicRaster,34304,1
32,5897,7651.7578725999992,1,VSM.UnityCompatibilityRaster,0,0
32,5897,7651.7578725999992,1,VSM.Resolve,10278912,1
32,5897,7651.7578725999992,1,VSM.ResolveTrace,10055168,1
32,5897,7651.7578725999992,1,VSM.FilterHorizontal,65280,1
32,5897,7651.7578725999992,1,VSM.FilterVertical,0,0
32,5897,7651.7578725999992,1,VSM.FilterTemporalVertical,157440,1
33,5898,7651.7798778,1,VSM.PageOccupancy,57088,1
33,5898,7651.7798778,1,VSM.LayoutRemap,0,1
33,5898,7651.7798778,1,VSM.ResetFeedback,0,1
33,5898,7651.7798778,1,VSM.MarkReceiverPages,668928,1
33,5898,7651.7798778,1,VSM.Allocate,221696,1
33,5898,7651.7798778,1,VSM.InvalidateStatic,0,0
33,5898,7651.7798778,1,VSM.ClearPhysicalPages,404736,1
33,5898,7651.7798778,1,VSM.StaticCasterCull,74240,1
33,5898,7651.7798778,1,VSM.DynamicCasterCull,42496,1
33,5898,7651.7798778,1,VSM.PageCull,78336,2
33,5898,7651.7798778,1,VSM.StaticRaster,6912,1
33,5898,7651.7798778,1,VSM.FinalizePages,1792,1
33,5898,7651.7798778,1,VSM.DynamicRaster,34048,1
33,5898,7651.7798778,1,VSM.UnityCompatibilityRaster,0,0
33,5898,7651.7798778,1,VSM.Resolve,10284800,1
33,5898,7651.7798778,1,VSM.ResolveTrace,10058752,1
33,5898,7651.7798778,1,VSM.FilterHorizontal,67072,1
33,5898,7651.7798778,1,VSM.FilterVertical,0,0
33,5898,7651.7798778,1,VSM.FilterTemporalVertical,157696,1
34,5899,7651.8036636,1,VSM.PageOccupancy,58112,1
34,5899,7651.8036636,1,VSM.LayoutRemap,0,1
34,5899,7651.8036636,1,VSM.ResetFeedback,0,1
34,5899,7651.8036636,1,VSM.MarkReceiverPages,672000,1
34,5899,7651.8036636,1,VSM.Allocate,222464,1
34,5899,7651.8036636,1,VSM.InvalidateStatic,0,0
34,5899,7651.8036636,1,VSM.ClearPhysicalPages,89344,1
34,5899,7651.8036636,1,VSM.StaticCasterCull,67584,1
34,5899,7651.8036636,1,VSM.DynamicCasterCull,44544,1
34,5899,7651.8036636,1,VSM.PageCull,78592,2
34,5899,7651.8036636,1,VSM.StaticRaster,11264,1
34,5899,7651.8036636,1,VSM.FinalizePages,1792,1
34,5899,7651.8036636,1,VSM.DynamicRaster,34560,1
34,5899,7651.8036636,1,VSM.UnityCompatibilityRaster,0,0
34,5899,7651.8036636,1,VSM.Resolve,11154944,1
34,5899,7651.8036636,1,VSM.ResolveTrace,10927360,1
34,5899,7651.8036636,1,VSM.FilterHorizontal,67072,1
34,5899,7651.8036636,1,VSM.FilterVertical,0,0
34,5899,7651.8036636,1,VSM.FilterTemporalVertical,158976,1
35,5900,7651.8258373,1,VSM.PageOccupancy,56320,1
35,5900,7651.8258373,1,VSM.LayoutRemap,0,1
35,5900,7651.8258373,1,VSM.ResetFeedback,0,1
35,5900,7651.8258373,1,VSM.MarkReceiverPages,678144,1
35,5900,7651.8258373,1,VSM.Allocate,263424,1
35,5900,7651.8258373,1,VSM.InvalidateStatic,0,0
35,5900,7651.8258373,1,VSM.ClearPhysicalPages,91136,1
35,5900,7651.8258373,1,VSM.StaticCasterCull,66816,1
35,5900,7651.8258373,1,VSM.DynamicCasterCull,49664,1
35,5900,7651.8258373,1,VSM.PageCull,83200,2
35,5900,7651.8258373,1,VSM.StaticRaster,34560,1
35,5900,7651.8258373,1,VSM.FinalizePages,2048,1
35,5900,7651.8258373,1,VSM.DynamicRaster,33024,1
35,5900,7651.8258373,1,VSM.UnityCompatibilityRaster,0,0
35,5900,7651.8258373,1,VSM.Resolve,10492928,1
35,5900,7651.8258373,1,VSM.ResolveTrace,10268672,1
35,5900,7651.8258373,1,VSM.FilterHorizontal,67584,1
35,5900,7651.8258373,1,VSM.FilterVertical,0,0
35,5900,7651.8258373,1,VSM.FilterTemporalVertical,155136,1
36,5901,7651.8489264,1,VSM.PageOccupancy,53248,1
36,5901,7651.8489264,1,VSM.LayoutRemap,0,1
36,5901,7651.8489264,1,VSM.ResetFeedback,0,1
36,5901,7651.8489264,1,VSM.MarkReceiverPages,676864,1
36,5901,7651.8489264,1,VSM.Allocate,223232,1
36,5901,7651.8489264,1,VSM.InvalidateStatic,0,0
36,5901,7651.8489264,1,VSM.ClearPhysicalPages,90112,1
36,5901,7651.8489264,1,VSM.StaticCasterCull,64256,1
36,5901,7651.8489264,1,VSM.DynamicCasterCull,44544,1
36,5901,7651.8489264,1,VSM.PageCull,75520,2
36,5901,7651.8489264,1,VSM.StaticRaster,9728,1
36,5901,7651.8489264,1,VSM.FinalizePages,2304,1
36,5901,7651.8489264,1,VSM.DynamicRaster,35072,1
36,5901,7651.8489264,1,VSM.UnityCompatibilityRaster,0,0
36,5901,7651.8489264,1,VSM.Resolve,10680832,1
36,5901,7651.8489264,1,VSM.ResolveTrace,10459136,1
36,5901,7651.8489264,1,VSM.FilterHorizontal,65280,1
36,5901,7651.8489264,1,VSM.FilterVertical,0,0
36,5901,7651.8489264,1,VSM.FilterTemporalVertical,155392,1
37,5902,7651.8714717999992,1,VSM.PageOccupancy,56576,1
37,5902,7651.8714717999992,1,VSM.LayoutRemap,0,1
37,5902,7651.8714717999992,1,VSM.ResetFeedback,0,1
37,5902,7651.8714717999992,1,VSM.MarkReceiverPages,678144,1
37,5902,7651.8714717999992,1,VSM.Allocate,225280,1
37,5902,7651.8714717999992,1,VSM.InvalidateStatic,0,0
37,5902,7651.8714717999992,1,VSM.ClearPhysicalPages,89856,1
37,5902,7651.8714717999992,1,VSM.StaticCasterCull,67072,1
37,5902,7651.8714717999992,1,VSM.DynamicCasterCull,43008,1
37,5902,7651.8714717999992,1,VSM.PageCull,76544,2
37,5902,7651.8714717999992,1,VSM.StaticRaster,7168,1
37,5902,7651.8714717999992,1,VSM.FinalizePages,1792,1
37,5902,7651.8714717999992,1,VSM.DynamicRaster,33536,1
37,5902,7651.8714717999992,1,VSM.UnityCompatibilityRaster,0,0
37,5902,7651.8714717999992,1,VSM.Resolve,11246080,1
37,5902,7651.8714717999992,1,VSM.ResolveTrace,11023616,1
37,5902,7651.8714717999992,1,VSM.FilterHorizontal,64768,1
37,5902,7651.8714717999992,1,VSM.FilterVertical,0,0
37,5902,7651.8714717999992,1,VSM.FilterTemporalVertical,156416,1
38,5903,7651.8952181999994,1,VSM.PageOccupancy,55552,1
38,5903,7651.8952181999994,1,VSM.LayoutRemap,0,1
38,5903,7651.8952181999994,1,VSM.ResetFeedback,0,1
38,5903,7651.8952181999994,1,VSM.MarkReceiverPages,677120,1
38,5903,7651.8952181999994,1,VSM.Allocate,223232,1
38,5903,7651.8952181999994,1,VSM.InvalidateStatic,0,0
38,5903,7651.8952181999994,1,VSM.ClearPhysicalPages,89856,1
38,5903,7651.8952181999994,1,VSM.StaticCasterCull,67584,1
38,5903,7651.8952181999994,1,VSM.DynamicCasterCull,43008,1
38,5903,7651.8952181999994,1,VSM.PageCull,77056,2
38,5903,7651.8952181999994,1,VSM.StaticRaster,6912,1
38,5903,7651.8952181999994,1,VSM.FinalizePages,2304,1
38,5903,7651.8952181999994,1,VSM.DynamicRaster,33792,1
38,5903,7651.8952181999994,1,VSM.UnityCompatibilityRaster,0,0
38,5903,7651.8952181999994,1,VSM.Resolve,10957056,1
38,5903,7651.8952181999994,1,VSM.ResolveTrace,10732032,1
38,5903,7651.8952181999994,1,VSM.FilterHorizontal,67584,1
38,5903,7651.8952181999994,1,VSM.FilterVertical,0,0
38,5903,7651.8952181999994,1,VSM.FilterTemporalVertical,156160,1
39,5904,7651.9188984999992,1,VSM.PageOccupancy,54016,1
39,5904,7651.9188984999992,1,VSM.LayoutRemap,0,1
39,5904,7651.9188984999992,1,VSM.ResetFeedback,0,1
39,5904,7651.9188984999992,1,VSM.MarkReceiverPages,1000960,1
39,5904,7651.9188984999992,1,VSM.Allocate,227328,1
39,5904,7651.9188984999992,1,VSM.InvalidateStatic,0,0
39,5904,7651.9188984999992,1,VSM.ClearPhysicalPages,89856,1
39,5904,7651.9188984999992,1,VSM.StaticCasterCull,67072,1
39,5904,7651.9188984999992,1,VSM.DynamicCasterCull,43520,1
39,5904,7651.9188984999992,1,VSM.PageCull,77312,2
39,5904,7651.9188984999992,1,VSM.StaticRaster,7424,1
39,5904,7651.9188984999992,1,VSM.FinalizePages,2048,1
39,5904,7651.9188984999992,1,VSM.DynamicRaster,33280,1
39,5904,7651.9188984999992,1,VSM.UnityCompatibilityRaster,0,0
39,5904,7651.9188984999992,1,VSM.Resolve,10029568,1
39,5904,7651.9188984999992,1,VSM.ResolveTrace,9806080,1
39,5904,7651.9188984999992,1,VSM.FilterHorizontal,65536,1
39,5904,7651.9188984999992,1,VSM.FilterVertical,0,0
39,5904,7651.9188984999992,1,VSM.FilterTemporalVertical,156416,1
40,5905,7651.9439618,1,VSM.PageOccupancy,55040,1
40,5905,7651.9439618,1,VSM.LayoutRemap,0,1
40,5905,7651.9439618,1,VSM.ResetFeedback,0,1
40,5905,7651.9439618,1,VSM.MarkReceiverPages,676864,1
40,5905,7651.9439618,1,VSM.Allocate,222464,1
40,5905,7651.9439618,1,VSM.InvalidateStatic,0,0
40,5905,7651.9439618,1,VSM.ClearPhysicalPages,89856,1
40,5905,7651.9439618,1,VSM.StaticCasterCull,66048,1
40,5905,7651.9439618,1,VSM.DynamicCasterCull,43776,1
40,5905,7651.9439618,1,VSM.PageCull,76800,2
40,5905,7651.9439618,1,VSM.StaticRaster,9728,1
40,5905,7651.9439618,1,VSM.FinalizePages,2304,1
40,5905,7651.9439618,1,VSM.DynamicRaster,33280,1
40,5905,7651.9439618,1,VSM.UnityCompatibilityRaster,0,0
40,5905,7651.9439618,1,VSM.Resolve,11647488,1
40,5905,7651.9439618,1,VSM.ResolveTrace,11427072,1
40,5905,7651.9439618,1,VSM.FilterHorizontal,66304,1
40,5905,7651.9439618,1,VSM.FilterVertical,0,0
40,5905,7651.9439618,1,VSM.FilterTemporalVertical,153088,1
41,5906,7651.9706008999992,1,VSM.PageOccupancy,57088,1
41,5906,7651.9706008999992,1,VSM.LayoutRemap,0,1
41,5906,7651.9706008999992,1,VSM.ResetFeedback,0,1
41,5906,7651.9706008999992,1,VSM.MarkReceiverPages,675072,1
41,5906,7651.9706008999992,1,VSM.Allocate,225280,1
41,5906,7651.9706008999992,1,VSM.InvalidateStatic,0,0
41,5906,7651.9706008999992,1,VSM.ClearPhysicalPages,89856,1
41,5906,7651.9706008999992,1,VSM.StaticCasterCull,68608,1
41,5906,7651.9706008999992,1,VSM.DynamicCasterCull,44544,1
41,5906,7651.9706008999992,1,VSM.PageCull,80384,2
41,5906,7651.9706008999992,1,VSM.StaticRaster,3584,1
41,5906,7651.9706008999992,1,VSM.FinalizePages,2560,1
41,5906,7651.9706008999992,1,VSM.DynamicRaster,33792,1
41,5906,7651.9706008999992,1,VSM.UnityCompatibilityRaster,0,0
41,5906,7651.9706008999992,1,VSM.Resolve,10923264,1
41,5906,7651.9706008999992,1,VSM.ResolveTrace,10702592,1
41,5906,7651.9706008999992,1,VSM.FilterHorizontal,64256,1
41,5906,7651.9706008999992,1,VSM.FilterVertical,0,0
41,5906,7651.9706008999992,1,VSM.FilterTemporalVertical,155136,1
42,5907,7651.9975693999995,1,VSM.PageOccupancy,55040,1
42,5907,7651.9975693999995,1,VSM.LayoutRemap,0,1
42,5907,7651.9975693999995,1,VSM.ResetFeedback,0,1
42,5907,7651.9975693999995,1,VSM.MarkReceiverPages,677888,1
42,5907,7651.9975693999995,1,VSM.Allocate,225024,1
42,5907,7651.9975693999995,1,VSM.InvalidateStatic,0,0
42,5907,7651.9975693999995,1,VSM.ClearPhysicalPages,89856,1
42,5907,7651.9975693999995,1,VSM.StaticCasterCull,67584,1
42,5907,7651.9975693999995,1,VSM.DynamicCasterCull,44800,1
42,5907,7651.9975693999995,1,VSM.PageCull,79104,2
42,5907,7651.9975693999995,1,VSM.StaticRaster,6912,1
42,5907,7651.9975693999995,1,VSM.FinalizePages,1792,1
42,5907,7651.9975693999995,1,VSM.DynamicRaster,32512,1
42,5907,7651.9975693999995,1,VSM.UnityCompatibilityRaster,0,0
42,5907,7651.9975693999995,1,VSM.Resolve,11219712,1
42,5907,7651.9975693999995,1,VSM.ResolveTrace,10999040,1
42,5907,7651.9975693999995,1,VSM.FilterHorizontal,65792,1
42,5907,7651.9975693999995,1,VSM.FilterVertical,0,0
42,5907,7651.9975693999995,1,VSM.FilterTemporalVertical,154112,1
43,5908,7652.022314,1,VSM.PageOccupancy,55808,1
43,5908,7652.022314,1,VSM.LayoutRemap,0,1
43,5908,7652.022314,1,VSM.ResetFeedback,0,1
43,5908,7652.022314,1,VSM.MarkReceiverPages,1209856,1
43,5908,7652.022314,1,VSM.Allocate,230912,1
43,5908,7652.022314,1,VSM.InvalidateStatic,0,0
43,5908,7652.022314,1,VSM.ClearPhysicalPages,90368,1
43,5908,7652.022314,1,VSM.StaticCasterCull,68352,1
43,5908,7652.022314,1,VSM.DynamicCasterCull,45312,1
43,5908,7652.022314,1,VSM.PageCull,79104,2
43,5908,7652.022314,1,VSM.StaticRaster,6912,1
43,5908,7652.022314,1,VSM.FinalizePages,1792,1
43,5908,7652.022314,1,VSM.DynamicRaster,32256,1
43,5908,7652.022314,1,VSM.UnityCompatibilityRaster,0,0
43,5908,7652.022314,1,VSM.Resolve,11307520,1
43,5908,7652.022314,1,VSM.ResolveTrace,11085312,1
43,5908,7652.022314,1,VSM.FilterHorizontal,65792,1
43,5908,7652.022314,1,VSM.FilterVertical,0,0
43,5908,7652.022314,1,VSM.FilterTemporalVertical,155136,1
44,5909,7652.0462081999995,1,VSM.PageOccupancy,54528,1
44,5909,7652.0462081999995,1,VSM.LayoutRemap,0,1
44,5909,7652.0462081999995,1,VSM.ResetFeedback,0,1
44,5909,7652.0462081999995,1,VSM.MarkReceiverPages,678912,1
44,5909,7652.0462081999995,1,VSM.Allocate,225792,1
44,5909,7652.0462081999995,1,VSM.InvalidateStatic,0,0
44,5909,7652.0462081999995,1,VSM.ClearPhysicalPages,89856,1
44,5909,7652.0462081999995,1,VSM.StaticCasterCull,66560,1
44,5909,7652.0462081999995,1,VSM.DynamicCasterCull,44032,1
44,5909,7652.0462081999995,1,VSM.PageCull,77568,2
44,5909,7652.0462081999995,1,VSM.StaticRaster,11008,1
44,5909,7652.0462081999995,1,VSM.FinalizePages,1536,1
44,5909,7652.0462081999995,1,VSM.DynamicRaster,32000,1
44,5909,7652.0462081999995,1,VSM.UnityCompatibilityRaster,0,0
44,5909,7652.0462081999995,1,VSM.Resolve,11585536,1
44,5909,7652.0462081999995,1,VSM.ResolveTrace,11361280,1
44,5909,7652.0462081999995,1,VSM.FilterHorizontal,66816,1
44,5909,7652.0462081999995,1,VSM.FilterVertical,0,0
44,5909,7652.0462081999995,1,VSM.FilterTemporalVertical,156416,1
45,5910,7652.0713848,1,VSM.PageOccupancy,54784,1
45,5910,7652.0713848,1,VSM.LayoutRemap,0,1
45,5910,7652.0713848,1,VSM.ResetFeedback,0,1
45,5910,7652.0713848,1,VSM.MarkReceiverPages,678400,1
45,5910,7652.0713848,1,VSM.Allocate,225024,1
45,5910,7652.0713848,1,VSM.InvalidateStatic,0,0
45,5910,7652.0713848,1,VSM.ClearPhysicalPages,89856,1
45,5910,7652.0713848,1,VSM.StaticCasterCull,66560,1
45,5910,7652.0713848,1,VSM.DynamicCasterCull,43264,1
45,5910,7652.0713848,1,VSM.PageCull,76544,2
45,5910,7652.0713848,1,VSM.StaticRaster,7680,1
45,5910,7652.0713848,1,VSM.FinalizePages,1792,1
45,5910,7652.0713848,1,VSM.DynamicRaster,32000,1
45,5910,7652.0713848,1,VSM.UnityCompatibilityRaster,0,0
45,5910,7652.0713848,1,VSM.Resolve,10875648,1
45,5910,7652.0713848,1,VSM.ResolveTrace,10655488,1
45,5910,7652.0713848,1,VSM.FilterHorizontal,65792,1
45,5910,7652.0713848,1,VSM.FilterVertical,0,0
45,5910,7652.0713848,1,VSM.FilterTemporalVertical,153088,1
46,5911,7652.0951316,1,VSM.PageOccupancy,55552,1
46,5911,7652.0951316,1,VSM.LayoutRemap,0,1
46,5911,7652.0951316,1,VSM.ResetFeedback,0,1
46,5911,7652.0951316,1,VSM.MarkReceiverPages,677888,1
46,5911,7652.0951316,1,VSM.Allocate,224000,1
46,5911,7652.0951316,1,VSM.InvalidateStatic,0,0
46,5911,7652.0951316,1,VSM.ClearPhysicalPages,89600,1
46,5911,7652.0951316,1,VSM.StaticCasterCull,67840,1
46,5911,7652.0951316,1,VSM.DynamicCasterCull,43520,1
46,5911,7652.0951316,1,VSM.PageCull,77824,2
46,5911,7652.0951316,1,VSM.StaticRaster,7680,1
46,5911,7652.0951316,1,VSM.FinalizePages,1792,1
46,5911,7652.0951316,1,VSM.DynamicRaster,32256,1
46,5911,7652.0951316,1,VSM.UnityCompatibilityRaster,0,0
46,5911,7652.0951316,1,VSM.Resolve,10791424,1
46,5911,7652.0951316,1,VSM.ResolveTrace,10571520,1
46,5911,7652.0951316,1,VSM.FilterHorizontal,65792,1
46,5911,7652.0951316,1,VSM.FilterVertical,0,0
46,5911,7652.0951316,1,VSM.FilterTemporalVertical,152832,1
47,5912,7652.1385849,1,VSM.PageOccupancy,54272,1
47,5912,7652.1385849,1,VSM.LayoutRemap,0,1
47,5912,7652.1385849,1,VSM.ResetFeedback,0,1
47,5912,7652.1385849,1,VSM.MarkReceiverPages,679936,1
47,5912,7652.1385849,1,VSM.Allocate,262656,1
47,5912,7652.1385849,1,VSM.InvalidateStatic,0,0
47,5912,7652.1385849,1,VSM.ClearPhysicalPages,90112,1
47,5912,7652.1385849,1,VSM.StaticCasterCull,67328,1
47,5912,7652.1385849,1,VSM.DynamicCasterCull,46080,1
47,5912,7652.1385849,1,VSM.PageCull,79872,2
47,5912,7652.1385849,1,VSM.StaticRaster,25600,1
47,5912,7652.1385849,1,VSM.FinalizePages,1792,1
47,5912,7652.1385849,1,VSM.DynamicRaster,31488,1
47,5912,7652.1385849,1,VSM.UnityCompatibilityRaster,0,0
47,5912,7652.1385849,1,VSM.Resolve,11040512,1
47,5912,7652.1385849,1,VSM.ResolveTrace,10629376,1
47,5912,7652.1385849,1,VSM.FilterHorizontal,66560,1
47,5912,7652.1385849,1,VSM.FilterVertical,0,0
47,5912,7652.1385849,1,VSM.FilterTemporalVertical,155904,1
48,5913,7652.164648,1,VSM.PageOccupancy,54272,1
48,5913,7652.164648,1,VSM.LayoutRemap,0,1
48,5913,7652.164648,1,VSM.ResetFeedback,0,1
48,5913,7652.164648,1,VSM.MarkReceiverPages,679936,1
48,5913,7652.164648,1,VSM.Allocate,258560,1
48,5913,7652.164648,1,VSM.InvalidateStatic,0,0
48,5913,7652.164648,1,VSM.ClearPhysicalPages,90880,1
48,5913,7652.164648,1,VSM.StaticCasterCull,66304,1
48,5913,7652.164648,1,VSM.DynamicCasterCull,46592,1
48,5913,7652.164648,1,VSM.PageCull,79616,2
48,5913,7652.164648,1,VSM.StaticRaster,27648,1
48,5913,7652.164648,1,VSM.FinalizePages,1792,1
48,5913,7652.164648,1,VSM.DynamicRaster,31744,1
48,5913,7652.164648,1,VSM.UnityCompatibilityRaster,0,0
48,5913,7652.164648,1,VSM.Resolve,10922240,1
48,5913,7652.164648,1,VSM.ResolveTrace,10701056,1
48,5913,7652.164648,1,VSM.FilterHorizontal,67072,1
48,5913,7652.164648,1,VSM.FilterVertical,0,0
48,5913,7652.164648,1,VSM.FilterTemporalVertical,152576,1
49,5914,7652.1886305,1,VSM.PageOccupancy,54528,1
49,5914,7652.1886305,1,VSM.LayoutRemap,0,1
49,5914,7652.1886305,1,VSM.ResetFeedback,0,1
49,5914,7652.1886305,1,VSM.MarkReceiverPages,677120,1
49,5914,7652.1886305,1,VSM.Allocate,223744,1
49,5914,7652.1886305,1,VSM.InvalidateStatic,0,0
49,5914,7652.1886305,1,VSM.ClearPhysicalPages,89600,1
49,5914,7652.1886305,1,VSM.StaticCasterCull,67328,1
49,5914,7652.1886305,1,VSM.DynamicCasterCull,45312,1
49,5914,7652.1886305,1,VSM.PageCull,80128,2
49,5914,7652.1886305,1,VSM.StaticRaster,7680,1
49,5914,7652.1886305,1,VSM.FinalizePages,2048,1
49,5914,7652.1886305,1,VSM.DynamicRaster,33536,1
49,5914,7652.1886305,1,VSM.UnityCompatibilityRaster,0,0
49,5914,7652.1886305,1,VSM.Resolve,10631680,1
49,5914,7652.1886305,1,VSM.ResolveTrace,10411520,1
49,5914,7652.1886305,1,VSM.FilterHorizontal,64768,1
49,5914,7652.1886305,1,VSM.FilterVertical,0,0
49,5914,7652.1886305,1,VSM.FilterTemporalVertical,153856,1
50,5915,7652.2125602,1,VSM.PageOccupancy,54016,1
50,5915,7652.2125602,1,VSM.LayoutRemap,0,1
50,5915,7652.2125602,1,VSM.ResetFeedback,0,1
50,5915,7652.2125602,1,VSM.MarkReceiverPages,678144,1
50,5915,7652.2125602,1,VSM.Allocate,223488,1
50,5915,7652.2125602,1,VSM.InvalidateStatic,0,0
50,5915,7652.2125602,1,VSM.ClearPhysicalPages,263936,1
50,5915,7652.2125602,1,VSM.StaticCasterCull,68352,1
50,5915,7652.2125602,1,VSM.DynamicCasterCull,43776,1
50,5915,7652.2125602,1,VSM.PageCull,77312,2
50,5915,7652.2125602,1,VSM.StaticRaster,7168,1
50,5915,7652.2125602,1,VSM.FinalizePages,1792,1
50,5915,7652.2125602,1,VSM.DynamicRaster,36096,1
50,5915,7652.2125602,1,VSM.UnityCompatibilityRaster,0,0
50,5915,7652.2125602,1,VSM.Resolve,11336192,1
50,5915,7652.2125602,1,VSM.ResolveTrace,11115520,1
50,5915,7652.2125602,1,VSM.FilterHorizontal,67072,1
50,5915,7652.2125602,1,VSM.FilterVertical,0,0
50,5915,7652.2125602,1,VSM.FilterTemporalVertical,152832,1
51,5916,7652.2402429999993,1,VSM.PageOccupancy,54272,1
51,5916,7652.2402429999993,1,VSM.LayoutRemap,0,1
51,5916,7652.2402429999993,1,VSM.ResetFeedback,0,1
51,5916,7652.2402429999993,1,VSM.MarkReceiverPages,677120,1
51,5916,7652.2402429999993,1,VSM.Allocate,223744,1
51,5916,7652.2402429999993,1,VSM.InvalidateStatic,0,0
51,5916,7652.2402429999993,1,VSM.ClearPhysicalPages,89856,1
51,5916,7652.2402429999993,1,VSM.StaticCasterCull,68864,1
51,5916,7652.2402429999993,1,VSM.DynamicCasterCull,45824,1
51,5916,7652.2402429999993,1,VSM.PageCull,81408,2
51,5916,7652.2402429999993,1,VSM.StaticRaster,3584,1
51,5916,7652.2402429999993,1,VSM.FinalizePages,1792,1
51,5916,7652.2402429999993,1,VSM.DynamicRaster,34560,1
51,5916,7652.2402429999993,1,VSM.UnityCompatibilityRaster,0,0
51,5916,7652.2402429999993,1,VSM.Resolve,12070656,1
51,5916,7652.2402429999993,1,VSM.ResolveTrace,11847680,1
51,5916,7652.2402429999993,1,VSM.FilterHorizontal,66816,1
51,5916,7652.2402429999993,1,VSM.FilterVertical,0,0
51,5916,7652.2402429999993,1,VSM.FilterTemporalVertical,154880,1
52,5917,7652.2945760999992,1,VSM.PageOccupancy,54272,1
52,5917,7652.2945760999992,1,VSM.LayoutRemap,0,1
52,5917,7652.2945760999992,1,VSM.ResetFeedback,0,1
52,5917,7652.2945760999992,1,VSM.MarkReceiverPages,678400,1
52,5917,7652.2945760999992,1,VSM.Allocate,222464,1
52,5917,7652.2945760999992,1,VSM.InvalidateStatic,0,0
52,5917,7652.2945760999992,1,VSM.ClearPhysicalPages,89600,1
52,5917,7652.2945760999992,1,VSM.StaticCasterCull,68352,1
52,5917,7652.2945760999992,1,VSM.DynamicCasterCull,44800,1
52,5917,7652.2945760999992,1,VSM.PageCull,79872,2
52,5917,7652.2945760999992,1,VSM.StaticRaster,7168,1
52,5917,7652.2945760999992,1,VSM.FinalizePages,1536,1
52,5917,7652.2945760999992,1,VSM.DynamicRaster,38144,1
52,5917,7652.2945760999992,1,VSM.UnityCompatibilityRaster,0,0
52,5917,7652.2945760999992,1,VSM.Resolve,10650624,1
52,5917,7652.2945760999992,1,VSM.ResolveTrace,10429696,1
52,5917,7652.2945760999992,1,VSM.FilterHorizontal,65536,1
52,5917,7652.2945760999992,1,VSM.FilterVertical,0,0
52,5917,7652.2945760999992,1,VSM.FilterTemporalVertical,154112,1
53,5918,7652.3210138999993,1,VSM.PageOccupancy,54016,1
53,5918,7652.3210138999993,1,VSM.LayoutRemap,0,1
53,5918,7652.3210138999993,1,VSM.ResetFeedback,0,1
53,5918,7652.3210138999993,1,VSM.MarkReceiverPages,675328,1
53,5918,7652.3210138999993,1,VSM.Allocate,258816,1
53,5918,7652.3210138999993,1,VSM.InvalidateStatic,0,0
53,5918,7652.3210138999993,1,VSM.ClearPhysicalPages,285184,1
53,5918,7652.3210138999993,1,VSM.StaticCasterCull,66560,1
53,5918,7652.3210138999993,1,VSM.DynamicCasterCull,46336,1
53,5918,7652.3210138999993,1,VSM.PageCull,79104,2
53,5918,7652.3210138999993,1,VSM.StaticRaster,43776,1
53,5918,7652.3210138999993,1,VSM.FinalizePages,2560,1
53,5918,7652.3210138999993,1,VSM.DynamicRaster,33280,1
53,5918,7652.3210138999993,1,VSM.UnityCompatibilityRaster,0,0
53,5918,7652.3210138999993,1,VSM.Resolve,10915328,1
53,5918,7652.3210138999993,1,VSM.ResolveTrace,10371328,1
53,5918,7652.3210138999993,1,VSM.FilterHorizontal,65024,1
53,5918,7652.3210138999993,1,VSM.FilterVertical,0,0
53,5918,7652.3210138999993,1,VSM.FilterTemporalVertical,477696,1
54,5919,7652.3469803,1,VSM.PageOccupancy,54528,1
54,5919,7652.3469803,1,VSM.LayoutRemap,0,1
54,5919,7652.3469803,1,VSM.ResetFeedback,0,1
54,5919,7652.3469803,1,VSM.MarkReceiverPages,675072,1
54,5919,7652.3469803,1,VSM.Allocate,224768,1
54,5919,7652.3469803,1,VSM.InvalidateStatic,0,0
54,5919,7652.3469803,1,VSM.ClearPhysicalPages,89600,1
54,5919,7652.3469803,1,VSM.StaticCasterCull,67072,1
54,5919,7652.3469803,1,VSM.DynamicCasterCull,43008,1
54,5919,7652.3469803,1,VSM.PageCull,77312,2
54,5919,7652.3469803,1,VSM.StaticRaster,7168,1
54,5919,7652.3469803,1,VSM.FinalizePages,1792,1
54,5919,7652.3469803,1,VSM.DynamicRaster,38400,1
54,5919,7652.3469803,1,VSM.UnityCompatibilityRaster,0,0
54,5919,7652.3469803,1,VSM.Resolve,11702016,1
54,5919,7652.3469803,1,VSM.ResolveTrace,11481344,1
54,5919,7652.3469803,1,VSM.FilterHorizontal,66816,1
54,5919,7652.3469803,1,VSM.FilterVertical,0,0
54,5919,7652.3469803,1,VSM.FilterTemporalVertical,152832,1
55,5920,7652.3713738999995,1,VSM.PageOccupancy,54016,1
55,5920,7652.3713738999995,1,VSM.LayoutRemap,0,1
55,5920,7652.3713738999995,1,VSM.ResetFeedback,0,1
55,5920,7652.3713738999995,1,VSM.MarkReceiverPages,852736,1
55,5920,7652.3713738999995,1,VSM.Allocate,222464,1
55,5920,7652.3713738999995,1,VSM.InvalidateStatic,0,0
55,5920,7652.3713738999995,1,VSM.ClearPhysicalPages,89856,1
55,5920,7652.3713738999995,1,VSM.StaticCasterCull,67072,1
55,5920,7652.3713738999995,1,VSM.DynamicCasterCull,44032,1
55,5920,7652.3713738999995,1,VSM.PageCull,77824,2
55,5920,7652.3713738999995,1,VSM.StaticRaster,7168,1
55,5920,7652.3713738999995,1,VSM.FinalizePages,1792,1
55,5920,7652.3713738999995,1,VSM.DynamicRaster,34560,1
55,5920,7652.3713738999995,1,VSM.UnityCompatibilityRaster,0,0
55,5920,7652.3713738999995,1,VSM.Resolve,11582208,1
55,5920,7652.3713738999995,1,VSM.ResolveTrace,11359232,1
55,5920,7652.3713738999995,1,VSM.FilterHorizontal,66560,1
55,5920,7652.3713738999995,1,VSM.FilterVertical,0,0
55,5920,7652.3713738999995,1,VSM.FilterTemporalVertical,154880,1
56,5921,7652.3988477999992,1,VSM.PageOccupancy,55552,1
56,5921,7652.3988477999992,1,VSM.LayoutRemap,0,1
56,5921,7652.3988477999992,1,VSM.ResetFeedback,0,1
56,5921,7652.3988477999992,1,VSM.MarkReceiverPages,669952,1
56,5921,7652.3988477999992,1,VSM.Allocate,221440,1
56,5921,7652.3988477999992,1,VSM.InvalidateStatic,0,0
56,5921,7652.3988477999992,1,VSM.ClearPhysicalPages,89344,1
56,5921,7652.3988477999992,1,VSM.StaticCasterCull,66816,1
56,5921,7652.3988477999992,1,VSM.DynamicCasterCull,41984,1
56,5921,7652.3988477999992,1,VSM.PageCull,76544,2
56,5921,7652.3988477999992,1,VSM.StaticRaster,7168,1
56,5921,7652.3988477999992,1,VSM.FinalizePages,2048,1
56,5921,7652.3988477999992,1,VSM.DynamicRaster,38144,1
56,5921,7652.3988477999992,1,VSM.UnityCompatibilityRaster,0,0
56,5921,7652.3988477999992,1,VSM.Resolve,11707904,1
56,5921,7652.3988477999992,1,VSM.ResolveTrace,11484416,1
56,5921,7652.3988477999992,1,VSM.FilterHorizontal,67072,1
56,5921,7652.3988477999992,1,VSM.FilterVertical,0,0
56,5921,7652.3988477999992,1,VSM.FilterTemporalVertical,155392,1
57,5922,7652.4228015,1,VSM.PageOccupancy,55040,1
57,5922,7652.4228015,1,VSM.LayoutRemap,0,1
57,5922,7652.4228015,1,VSM.ResetFeedback,0,1
57,5922,7652.4228015,1,VSM.MarkReceiverPages,670720,1
57,5922,7652.4228015,1,VSM.Allocate,260096,1
57,5922,7652.4228015,1,VSM.InvalidateStatic,0,0
57,5922,7652.4228015,1,VSM.ClearPhysicalPages,89856,1
57,5922,7652.4228015,1,VSM.StaticCasterCull,67840,1
57,5922,7652.4228015,1,VSM.DynamicCasterCull,47360,1
57,5922,7652.4228015,1,VSM.PageCull,81408,2
57,5922,7652.4228015,1,VSM.StaticRaster,33280,1
57,5922,7652.4228015,1,VSM.FinalizePages,1792,1
57,5922,7652.4228015,1,VSM.DynamicRaster,33024,1
57,5922,7652.4228015,1,VSM.UnityCompatibilityRaster,0,0
57,5922,7652.4228015,1,VSM.Resolve,11282688,1
57,5922,7652.4228015,1,VSM.ResolveTrace,10885632,1
57,5922,7652.4228015,1,VSM.FilterHorizontal,66304,1
57,5922,7652.4228015,1,VSM.FilterVertical,0,0
57,5922,7652.4228015,1,VSM.FilterTemporalVertical,329728,1
58,5923,7652.4475004999995,1,VSM.PageOccupancy,56832,1
58,5923,7652.4475004999995,1,VSM.LayoutRemap,0,1
58,5923,7652.4475004999995,1,VSM.ResetFeedback,0,1
58,5923,7652.4475004999995,1,VSM.MarkReceiverPages,670208,1
58,5923,7652.4475004999995,1,VSM.Allocate,224000,1
58,5923,7652.4475004999995,1,VSM.InvalidateStatic,0,0
58,5923,7652.4475004999995,1,VSM.ClearPhysicalPages,90112,1
58,5923,7652.4475004999995,1,VSM.StaticCasterCull,67840,1
58,5923,7652.4475004999995,1,VSM.DynamicCasterCull,43008,1
58,5923,7652.4475004999995,1,VSM.PageCull,78080,2
58,5923,7652.4475004999995,1,VSM.StaticRaster,7680,1
58,5923,7652.4475004999995,1,VSM.FinalizePages,1792,1
58,5923,7652.4475004999995,1,VSM.DynamicRaster,38400,1
58,5923,7652.4475004999995,1,VSM.UnityCompatibilityRaster,0,0
58,5923,7652.4475004999995,1,VSM.Resolve,10692096,1
58,5923,7652.4475004999995,1,VSM.ResolveTrace,10471680,1
58,5923,7652.4475004999995,1,VSM.FilterHorizontal,66304,1
58,5923,7652.4475004999995,1,VSM.FilterVertical,0,0
58,5923,7652.4475004999995,1,VSM.FilterTemporalVertical,152832,1
59,5924,7652.4714552999994,1,VSM.PageOccupancy,58880,1
59,5924,7652.4714552999994,1,VSM.LayoutRemap,0,1
59,5924,7652.4714552999994,1,VSM.ResetFeedback,0,1
59,5924,7652.4714552999994,1,VSM.MarkReceiverPages,866048,1
59,5924,7652.4714552999994,1,VSM.Allocate,260096,1
59,5924,7652.4714552999994,1,VSM.InvalidateStatic,0,0
59,5924,7652.4714552999994,1,VSM.ClearPhysicalPages,90368,1
59,5924,7652.4714552999994,1,VSM.StaticCasterCull,63744,1
59,5924,7652.4714552999994,1,VSM.DynamicCasterCull,45056,1
59,5924,7652.4714552999994,1,VSM.PageCull,75264,2
59,5924,7652.4714552999994,1,VSM.StaticRaster,26624,1
59,5924,7652.4714552999994,1,VSM.FinalizePages,1792,1
59,5924,7652.4714552999994,1,VSM.DynamicRaster,33280,1
59,5924,7652.4714552999994,1,VSM.UnityCompatibilityRaster,0,0
59,5924,7652.4714552999994,1,VSM.Resolve,10300928,1
59,5924,7652.4714552999994,1,VSM.ResolveTrace,10079232,1
59,5924,7652.4714552999994,1,VSM.FilterHorizontal,65792,1
59,5924,7652.4714552999994,1,VSM.FilterVertical,0,0
59,5924,7652.4714552999994,1,VSM.FilterTemporalVertical,154624,1
60,5925,7652.4944388999993,1,VSM.PageOccupancy,56832,1
60,5925,7652.4944388999993,1,VSM.LayoutRemap,0,1
60,5925,7652.4944388999993,1,VSM.ResetFeedback,0,1
60,5925,7652.4944388999993,1,VSM.MarkReceiverPages,686080,1
60,5925,7652.4944388999993,1,VSM.Allocate,221696,1
60,5925,7652.4944388999993,1,VSM.InvalidateStatic,0,0
60,5925,7652.4944388999993,1,VSM.ClearPhysicalPages,89600,1
60,5925,7652.4944388999993,1,VSM.StaticCasterCull,61184,1
60,5925,7652.4944388999993,1,VSM.DynamicCasterCull,221696,1
60,5925,7652.4944388999993,1,VSM.PageCull,249344,2
60,5925,7652.4944388999993,1,VSM.StaticRaster,7680,1
60,5925,7652.4944388999993,1,VSM.FinalizePages,2304,1
60,5925,7652.4944388999993,1,VSM.DynamicRaster,35328,1
60,5925,7652.4944388999993,1,VSM.UnityCompatibilityRaster,0,0
60,5925,7652.4944388999993,1,VSM.Resolve,11378176,1
60,5925,7652.4944388999993,1,VSM.ResolveTrace,11153152,1
60,5925,7652.4944388999993,1,VSM.FilterHorizontal,67584,1
60,5925,7652.4944388999993,1,VSM.FilterVertical,0,0
60,5925,7652.4944388999993,1,VSM.FilterTemporalVertical,156160,1
61,5926,7652.5173735,1,VSM.PageOccupancy,53760,1
61,5926,7652.5173735,1,VSM.LayoutRemap,0,1
61,5926,7652.5173735,1,VSM.ResetFeedback,0,1
61,5926,7652.5173735,1,VSM.MarkReceiverPages,671744,1
61,5926,7652.5173735,1,VSM.Allocate,223232,1
61,5926,7652.5173735,1,VSM.InvalidateStatic,0,0
61,5926,7652.5173735,1,VSM.ClearPhysicalPages,89344,1
61,5926,7652.5173735,1,VSM.StaticCasterCull,66816,1
61,5926,7652.5173735,1,VSM.DynamicCasterCull,43008,1
61,5926,7652.5173735,1,VSM.PageCull,76288,2
61,5926,7652.5173735,1,VSM.StaticRaster,7424,1
61,5926,7652.5173735,1,VSM.FinalizePages,1792,1
61,5926,7652.5173735,1,VSM.DynamicRaster,33792,1
61,5926,7652.5173735,1,VSM.UnityCompatibilityRaster,0,0
61,5926,7652.5173735,1,VSM.Resolve,11469568,1
61,5926,7652.5173735,1,VSM.ResolveTrace,11058688,1
61,5926,7652.5173735,1,VSM.FilterHorizontal,66816,1
61,5926,7652.5173735,1,VSM.FilterVertical,0,0
61,5926,7652.5173735,1,VSM.FilterTemporalVertical,154880,1
62,5927,7652.5401389,1,VSM.PageOccupancy,54784,1
62,5927,7652.5401389,1,VSM.LayoutRemap,0,1
62,5927,7652.5401389,1,VSM.ResetFeedback,0,1
62,5927,7652.5401389,1,VSM.MarkReceiverPages,667648,1
62,5927,7652.5401389,1,VSM.Allocate,222976,1
62,5927,7652.5401389,1,VSM.InvalidateStatic,0,0
62,5927,7652.5401389,1,VSM.ClearPhysicalPages,89600,1
62,5927,7652.5401389,1,VSM.StaticCasterCull,282368,1
62,5927,7652.5401389,1,VSM.DynamicCasterCull,41728,1
62,5927,7652.5401389,1,VSM.PageCull,75008,2
62,5927,7652.5401389,1,VSM.StaticRaster,7168,1
62,5927,7652.5401389,1,VSM.FinalizePages,2304,1
62,5927,7652.5401389,1,VSM.DynamicRaster,34560,1
62,5927,7652.5401389,1,VSM.UnityCompatibilityRaster,0,0
62,5927,7652.5401389,1,VSM.Resolve,10550272,1
62,5927,7652.5401389,1,VSM.ResolveTrace,10330368,1
62,5927,7652.5401389,1,VSM.FilterHorizontal,65536,1
62,5927,7652.5401389,1,VSM.FilterVertical,0,0
62,5927,7652.5401389,1,VSM.FilterTemporalVertical,152832,1
63,5928,7652.5636711,1,VSM.PageOccupancy,58880,1
63,5928,7652.5636711,1,VSM.LayoutRemap,0,1
63,5928,7652.5636711,1,VSM.ResetFeedback,0,1
63,5928,7652.5636711,1,VSM.MarkReceiverPages,667136,1
63,5928,7652.5636711,1,VSM.Allocate,221952,1
63,5928,7652.5636711,1,VSM.InvalidateStatic,0,0
63,5928,7652.5636711,1,VSM.ClearPhysicalPages,90112,1
63,5928,7652.5636711,1,VSM.StaticCasterCull,65024,1
63,5928,7652.5636711,1,VSM.DynamicCasterCull,42240,1
63,5928,7652.5636711,1,VSM.PageCull,74240,2
63,5928,7652.5636711,1,VSM.StaticRaster,3072,1
63,5928,7652.5636711,1,VSM.FinalizePages,1792,1
63,5928,7652.5636711,1,VSM.DynamicRaster,34816,1
63,5928,7652.5636711,1,VSM.UnityCompatibilityRaster,0,0
63,5928,7652.5636711,1,VSM.Resolve,10322944,1
63,5928,7652.5636711,1,VSM.ResolveTrace,9909248,1
63,5928,7652.5636711,1,VSM.FilterHorizontal,66048,1
63,5928,7652.5636711,1,VSM.FilterVertical,0,0
63,5928,7652.5636711,1,VSM.FilterTemporalVertical,156672,1
64,5929,7652.5869858,1,VSM.PageOccupancy,54528,1
64,5929,7652.5869858,1,VSM.LayoutRemap,0,1
64,5929,7652.5869858,1,VSM.ResetFeedback,0,1
64,5929,7652.5869858,1,VSM.MarkReceiverPages,670464,1
64,5929,7652.5869858,1,VSM.Allocate,222976,1
64,5929,7652.5869858,1,VSM.InvalidateStatic,0,0
64,5929,7652.5869858,1,VSM.ClearPhysicalPages,301568,1
64,5929,7652.5869858,1,VSM.StaticCasterCull,68352,1
64,5929,7652.5869858,1,VSM.DynamicCasterCull,42240,1
64,5929,7652.5869858,1,VSM.PageCull,75520,2
64,5929,7652.5869858,1,VSM.StaticRaster,7168,1
64,5929,7652.5869858,1,VSM.FinalizePages,2048,1
64,5929,7652.5869858,1,VSM.DynamicRaster,35328,1
64,5929,7652.5869858,1,VSM.UnityCompatibilityRaster,0,0
64,5929,7652.5869858,1,VSM.Resolve,10450176,1
64,5929,7652.5869858,1,VSM.ResolveTrace,10018048,1
64,5929,7652.5869858,1,VSM.FilterHorizontal,67072,1
64,5929,7652.5869858,1,VSM.FilterVertical,0,0
64,5929,7652.5869858,1,VSM.FilterTemporalVertical,158208,1
65,5930,7652.6103441,1,VSM.PageOccupancy,55296,1
65,5930,7652.6103441,1,VSM.LayoutRemap,0,1
65,5930,7652.6103441,1,VSM.ResetFeedback,0,1
65,5930,7652.6103441,1,VSM.MarkReceiverPages,688640,1
65,5930,7652.6103441,1,VSM.Allocate,224768,1
65,5930,7652.6103441,1,VSM.InvalidateStatic,0,0
65,5930,7652.6103441,1,VSM.ClearPhysicalPages,90112,1
65,5930,7652.6103441,1,VSM.StaticCasterCull,65024,1
65,5930,7652.6103441,1,VSM.DynamicCasterCull,42752,1
65,5930,7652.6103441,1,VSM.PageCull,73728,2
65,5930,7652.6103441,1,VSM.StaticRaster,3328,1
65,5930,7652.6103441,1,VSM.FinalizePages,2304,1
65,5930,7652.6103441,1,VSM.DynamicRaster,34816,1
65,5930,7652.6103441,1,VSM.UnityCompatibilityRaster,0,0
65,5930,7652.6103441,1,VSM.Resolve,10940160,1
65,5930,7652.6103441,1,VSM.ResolveTrace,10717184,1
65,5930,7652.6103441,1,VSM.FilterHorizontal,65024,1
65,5930,7652.6103441,1,VSM.FilterVertical,0,0
65,5930,7652.6103441,1,VSM.FilterTemporalVertical,156672,1
66,5931,7652.6336699999993,1,VSM.PageOccupancy,55808,1
66,5931,7652.6336699999993,1,VSM.LayoutRemap,0,1
66,5931,7652.6336699999993,1,VSM.ResetFeedback,0,1
66,5931,7652.6336699999993,1,VSM.MarkReceiverPages,667904,1
66,5931,7652.6336699999993,1,VSM.Allocate,221184,1
66,5931,7652.6336699999993,1,VSM.InvalidateStatic,0,0
66,5931,7652.6336699999993,1,VSM.ClearPhysicalPages,89344,1
66,5931,7652.6336699999993,1,VSM.StaticCasterCull,68608,1
66,5931,7652.6336699999993,1,VSM.DynamicCasterCull,44544,1
66,5931,7652.6336699999993,1,VSM.PageCull,80640,2
66,5931,7652.6336699999993,1,VSM.StaticRaster,7680,1
66,5931,7652.6336699999993,1,VSM.FinalizePages,1536,1
66,5931,7652.6336699999993,1,VSM.DynamicRaster,40960,1
66,5931,7652.6336699999993,1,VSM.UnityCompatibilityRaster,0,0
66,5931,7652.6336699999993,1,VSM.Resolve,10528512,1
66,5931,7652.6336699999993,1,VSM.ResolveTrace,10303488,1
66,5931,7652.6336699999993,1,VSM.FilterHorizontal,66048,1
66,5931,7652.6336699999993,1,VSM.FilterVertical,0,0
66,5931,7652.6336699999993,1,VSM.FilterTemporalVertical,157952,1
67,5932,7652.6608867999994,1,VSM.PageOccupancy,53760,1
67,5932,7652.6608867999994,1,VSM.LayoutRemap,0,1
67,5932,7652.6608867999994,1,VSM.ResetFeedback,0,1
67,5932,7652.6608867999994,1,VSM.MarkReceiverPages,871168,1
67,5932,7652.6608867999994,1,VSM.Allocate,259584,1
67,5932,7652.6608867999994,1,VSM.InvalidateStatic,0,0
67,5932,7652.6608867999994,1,VSM.ClearPhysicalPages,90112,1
67,5932,7652.6608867999994,1,VSM.StaticCasterCull,67840,1
67,5932,7652.6608867999994,1,VSM.DynamicCasterCull,48128,1
67,5932,7652.6608867999994,1,VSM.PageCull,82688,2
67,5932,7652.6608867999994,1,VSM.StaticRaster,29184,1
67,5932,7652.6608867999994,1,VSM.FinalizePages,1792,1
67,5932,7652.6608867999994,1,VSM.DynamicRaster,32256,1
67,5932,7652.6608867999994,1,VSM.UnityCompatibilityRaster,0,0
67,5932,7652.6608867999994,1,VSM.Resolve,11346432,1
67,5932,7652.6608867999994,1,VSM.ResolveTrace,10929408,1
67,5932,7652.6608867999994,1,VSM.FilterHorizontal,65792,1
67,5932,7652.6608867999994,1,VSM.FilterVertical,0,0
67,5932,7652.6608867999994,1,VSM.FilterTemporalVertical,349696,1
68,5933,7652.6880187,1,VSM.PageOccupancy,54784,1
68,5933,7652.6880187,1,VSM.LayoutRemap,0,1
68,5933,7652.6880187,1,VSM.ResetFeedback,0,1
68,5933,7652.6880187,1,VSM.MarkReceiverPages,675072,1
68,5933,7652.6880187,1,VSM.Allocate,226304,1
68,5933,7652.6880187,1,VSM.InvalidateStatic,0,0
68,5933,7652.6880187,1,VSM.ClearPhysicalPages,89600,1
68,5933,7652.6880187,1,VSM.StaticCasterCull,66048,1
68,5933,7652.6880187,1,VSM.DynamicCasterCull,43008,1
68,5933,7652.6880187,1,VSM.PageCull,76288,2
68,5933,7652.6880187,1,VSM.StaticRaster,7424,1
68,5933,7652.6880187,1,VSM.FinalizePages,1792,1
68,5933,7652.6880187,1,VSM.DynamicRaster,37632,1
68,5933,7652.6880187,1,VSM.UnityCompatibilityRaster,0,0
68,5933,7652.6880187,1,VSM.Resolve,11250432,1
68,5933,7652.6880187,1,VSM.ResolveTrace,11025408,1
68,5933,7652.6880187,1,VSM.FilterHorizontal,67328,1
68,5933,7652.6880187,1,VSM.FilterVertical,0,0
68,5933,7652.6880187,1,VSM.FilterTemporalVertical,156160,1
69,5934,7652.7150192,1,VSM.PageOccupancy,56576,1
69,5934,7652.7150192,1,VSM.LayoutRemap,0,1
69,5934,7652.7150192,1,VSM.ResetFeedback,0,1
69,5934,7652.7150192,1,VSM.MarkReceiverPages,676864,1
69,5934,7652.7150192,1,VSM.Allocate,225792,1
69,5934,7652.7150192,1,VSM.InvalidateStatic,0,0
69,5934,7652.7150192,1,VSM.ClearPhysicalPages,89600,1
69,5934,7652.7150192,1,VSM.StaticCasterCull,66816,1
69,5934,7652.7150192,1,VSM.DynamicCasterCull,43264,1
69,5934,7652.7150192,1,VSM.PageCull,76800,2
69,5934,7652.7150192,1,VSM.StaticRaster,7168,1
69,5934,7652.7150192,1,VSM.FinalizePages,2048,1
69,5934,7652.7150192,1,VSM.DynamicRaster,33792,1
69,5934,7652.7150192,1,VSM.UnityCompatibilityRaster,0,0
69,5934,7652.7150192,1,VSM.Resolve,11817216,1
69,5934,7652.7150192,1,VSM.ResolveTrace,11593472,1
69,5934,7652.7150192,1,VSM.FilterHorizontal,65280,1
69,5934,7652.7150192,1,VSM.FilterVertical,0,0
69,5934,7652.7150192,1,VSM.FilterTemporalVertical,157184,1
70,5935,7652.7482296,1,VSM.PageOccupancy,56064,1
70,5935,7652.7482296,1,VSM.LayoutRemap,0,1
70,5935,7652.7482296,1,VSM.ResetFeedback,0,1
70,5935,7652.7482296,1,VSM.MarkReceiverPages,676608,1
70,5935,7652.7482296,1,VSM.Allocate,224512,1
70,5935,7652.7482296,1,VSM.InvalidateStatic,0,0
70,5935,7652.7482296,1,VSM.ClearPhysicalPages,279808,1
70,5935,7652.7482296,1,VSM.StaticCasterCull,71168,1
70,5935,7652.7482296,1,VSM.DynamicCasterCull,43520,1
70,5935,7652.7482296,1,VSM.PageCull,76800,2
70,5935,7652.7482296,1,VSM.StaticRaster,7680,1
70,5935,7652.7482296,1,VSM.FinalizePages,2048,1
70,5935,7652.7482296,1,VSM.DynamicRaster,34560,1
70,5935,7652.7482296,1,VSM.UnityCompatibilityRaster,0,0
70,5935,7652.7482296,1,VSM.Resolve,12200960,1
70,5935,7652.7482296,1,VSM.ResolveTrace,11975168,1
70,5935,7652.7482296,1,VSM.FilterHorizontal,65280,1
70,5935,7652.7482296,1,VSM.FilterVertical,0,0
70,5935,7652.7482296,1,VSM.FilterTemporalVertical,158976,1
71,5936,7652.7860119,1,VSM.PageOccupancy,54272,1
71,5936,7652.7860119,1,VSM.LayoutRemap,0,1
71,5936,7652.7860119,1,VSM.ResetFeedback,0,1
71,5936,7652.7860119,1,VSM.MarkReceiverPages,681216,1
71,5936,7652.7860119,1,VSM.Allocate,225280,1
71,5936,7652.7860119,1,VSM.InvalidateStatic,0,0
71,5936,7652.7860119,1,VSM.ClearPhysicalPages,89856,1
71,5936,7652.7860119,1,VSM.StaticCasterCull,61696,1
71,5936,7652.7860119,1,VSM.DynamicCasterCull,42496,1
71,5936,7652.7860119,1,VSM.PageCull,70912,2
71,5936,7652.7860119,1,VSM.StaticRaster,3584,1
71,5936,7652.7860119,1,VSM.FinalizePages,1792,1
71,5936,7652.7860119,1,VSM.DynamicRaster,34560,1
71,5936,7652.7860119,1,VSM.UnityCompatibilityRaster,0,0
71,5936,7652.7860119,1,VSM.Resolve,13034496,1
71,5936,7652.7860119,1,VSM.ResolveTrace,12522752,1
71,5936,7652.7860119,1,VSM.FilterHorizontal,66560,1
71,5936,7652.7860119,1,VSM.FilterVertical,0,0
71,5936,7652.7860119,1,VSM.FilterTemporalVertical,443648,1
72,5937,7652.8123508,1,VSM.PageOccupancy,53504,1
72,5937,7652.8123508,1,VSM.LayoutRemap,0,1
72,5937,7652.8123508,1,VSM.ResetFeedback,0,1
72,5937,7652.8123508,1,VSM.MarkReceiverPages,680704,1
72,5937,7652.8123508,1,VSM.Allocate,225280,1
72,5937,7652.8123508,1,VSM.InvalidateStatic,0,0
72,5937,7652.8123508,1,VSM.ClearPhysicalPages,90112,1
72,5937,7652.8123508,1,VSM.StaticCasterCull,59904,1
72,5937,7652.8123508,1,VSM.DynamicCasterCull,42752,1
72,5937,7652.8123508,1,VSM.PageCull,70144,2
72,5937,7652.8123508,1,VSM.StaticRaster,6912,1
72,5937,7652.8123508,1,VSM.FinalizePages,1792,1
72,5937,7652.8123508,1,VSM.DynamicRaster,34560,1
72,5937,7652.8123508,1,VSM.UnityCompatibilityRaster,0,0
72,5937,7652.8123508,1,VSM.Resolve,11086080,1
72,5937,7652.8123508,1,VSM.ResolveTrace,10860288,1
72,5937,7652.8123508,1,VSM.FilterHorizontal,66048,1
72,5937,7652.8123508,1,VSM.FilterVertical,0,0
72,5937,7652.8123508,1,VSM.FilterTemporalVertical,158208,1
73,5938,7652.837669,1,VSM.PageOccupancy,54528,1
73,5938,7652.837669,1,VSM.LayoutRemap,0,1
73,5938,7652.837669,1,VSM.ResetFeedback,0,1
73,5938,7652.837669,1,VSM.MarkReceiverPages,675840,1
73,5938,7652.837669,1,VSM.Allocate,223488,1
73,5938,7652.837669,1,VSM.InvalidateStatic,0,0
73,5938,7652.837669,1,VSM.ClearPhysicalPages,89344,1
73,5938,7652.837669,1,VSM.StaticCasterCull,68608,1
73,5938,7652.837669,1,VSM.DynamicCasterCull,45056,1
73,5938,7652.837669,1,VSM.PageCull,80896,2
73,5938,7652.837669,1,VSM.StaticRaster,6912,1
73,5938,7652.837669,1,VSM.FinalizePages,2304,1
73,5938,7652.837669,1,VSM.DynamicRaster,33536,1
73,5938,7652.837669,1,VSM.UnityCompatibilityRaster,0,0
73,5938,7652.837669,1,VSM.Resolve,10766080,1
73,5938,7652.837669,1,VSM.ResolveTrace,10544384,1
73,5938,7652.837669,1,VSM.FilterHorizontal,64768,1
73,5938,7652.837669,1,VSM.FilterVertical,0,0
73,5938,7652.837669,1,VSM.FilterTemporalVertical,155648,1
74,5939,7652.8620169999995,1,VSM.PageOccupancy,54272,1
74,5939,7652.8620169999995,1,VSM.LayoutRemap,0,1
74,5939,7652.8620169999995,1,VSM.ResetFeedback,0,1
74,5939,7652.8620169999995,1,VSM.MarkReceiverPages,682752,1
74,5939,7652.8620169999995,1,VSM.Allocate,224000,1
74,5939,7652.8620169999995,1,VSM.InvalidateStatic,0,0
74,5939,7652.8620169999995,1,VSM.ClearPhysicalPages,325632,1
74,5939,7652.8620169999995,1,VSM.StaticCasterCull,67584,1
74,5939,7652.8620169999995,1,VSM.DynamicCasterCull,43776,1
74,5939,7652.8620169999995,1,VSM.PageCull,77312,2
74,5939,7652.8620169999995,1,VSM.StaticRaster,7680,1
74,5939,7652.8620169999995,1,VSM.FinalizePages,2048,1
74,5939,7652.8620169999995,1,VSM.DynamicRaster,33536,1
74,5939,7652.8620169999995,1,VSM.UnityCompatibilityRaster,0,0
74,5939,7652.8620169999995,1,VSM.Resolve,11336448,1
74,5939,7652.8620169999995,1,VSM.ResolveTrace,11116544,1
74,5939,7652.8620169999995,1,VSM.FilterHorizontal,65280,1
74,5939,7652.8620169999995,1,VSM.FilterVertical,0,0
74,5939,7652.8620169999995,1,VSM.FilterTemporalVertical,153600,1
75,5940,7652.8863895999993,1,VSM.PageOccupancy,55552,1
75,5940,7652.8863895999993,1,VSM.LayoutRemap,0,1
75,5940,7652.8863895999993,1,VSM.ResetFeedback,0,1
75,5940,7652.8863895999993,1,VSM.MarkReceiverPages,678656,1
75,5940,7652.8863895999993,1,VSM.Allocate,224256,1
75,5940,7652.8863895999993,1,VSM.InvalidateStatic,0,0
75,5940,7652.8863895999993,1,VSM.ClearPhysicalPages,89600,1
75,5940,7652.8863895999993,1,VSM.StaticCasterCull,67072,1
75,5940,7652.8863895999993,1,VSM.DynamicCasterCull,43008,1
75,5940,7652.8863895999993,1,VSM.PageCull,77312,2
75,5940,7652.8863895999993,1,VSM.StaticRaster,7424,1
75,5940,7652.8863895999993,1,VSM.FinalizePages,2048,1
75,5940,7652.8863895999993,1,VSM.DynamicRaster,33536,1
75,5940,7652.8863895999993,1,VSM.UnityCompatibilityRaster,0,0
75,5940,7652.8863895999993,1,VSM.Resolve,11358976,1
75,5940,7652.8863895999993,1,VSM.ResolveTrace,11136256,1
75,5940,7652.8863895999993,1,VSM.FilterHorizontal,67584,1
75,5940,7652.8863895999993,1,VSM.FilterVertical,0,0
75,5940,7652.8863895999993,1,VSM.FilterTemporalVertical,154112,1
76,5941,7652.9108719999995,1,VSM.PageOccupancy,56064,1
76,5941,7652.9108719999995,1,VSM.LayoutRemap,0,1
76,5941,7652.9108719999995,1,VSM.ResetFeedback,0,1
76,5941,7652.9108719999995,1,VSM.MarkReceiverPages,678656,1
76,5941,7652.9108719999995,1,VSM.Allocate,223744,1
76,5941,7652.9108719999995,1,VSM.InvalidateStatic,0,0
76,5941,7652.9108719999995,1,VSM.ClearPhysicalPages,271104,1
76,5941,7652.9108719999995,1,VSM.StaticCasterCull,66816,1
76,5941,7652.9108719999995,1,VSM.DynamicCasterCull,44032,1
76,5941,7652.9108719999995,1,VSM.PageCull,77312,2
76,5941,7652.9108719999995,1,VSM.StaticRaster,3072,1
76,5941,7652.9108719999995,1,VSM.FinalizePages,2304,1
76,5941,7652.9108719999995,1,VSM.DynamicRaster,32256,1
76,5941,7652.9108719999995,1,VSM.UnityCompatibilityRaster,0,0
76,5941,7652.9108719999995,1,VSM.Resolve,11909376,1
76,5941,7652.9108719999995,1,VSM.ResolveTrace,11688960,1
76,5941,7652.9108719999995,1,VSM.FilterHorizontal,65536,1
76,5941,7652.9108719999995,1,VSM.FilterVertical,0,0
76,5941,7652.9108719999995,1,VSM.FilterTemporalVertical,153344,1
77,5942,7652.9350183999995,1,VSM.PageOccupancy,54272,1
77,5942,7652.9350183999995,1,VSM.LayoutRemap,0,1
77,5942,7652.9350183999995,1,VSM.ResetFeedback,0,1
77,5942,7652.9350183999995,1,VSM.MarkReceiverPages,682496,1
77,5942,7652.9350183999995,1,VSM.Allocate,222976,1
77,5942,7652.9350183999995,1,VSM.InvalidateStatic,0,0
77,5942,7652.9350183999995,1,VSM.ClearPhysicalPages,89600,1
77,5942,7652.9350183999995,1,VSM.StaticCasterCull,66048,1
77,5942,7652.9350183999995,1,VSM.DynamicCasterCull,45056,1
77,5942,7652.9350183999995,1,VSM.PageCull,78336,2
77,5942,7652.9350183999995,1,VSM.StaticRaster,7168,1
77,5942,7652.9350183999995,1,VSM.FinalizePages,1792,1
77,5942,7652.9350183999995,1,VSM.DynamicRaster,33280,1
77,5942,7652.9350183999995,1,VSM.UnityCompatibilityRaster,0,0
77,5942,7652.9350183999995,1,VSM.Resolve,11693568,1
77,5942,7652.9350183999995,1,VSM.ResolveTrace,11277568,1
77,5942,7652.9350183999995,1,VSM.FilterHorizontal,66816,1
77,5942,7652.9350183999995,1,VSM.FilterVertical,0,0
77,5942,7652.9350183999995,1,VSM.FilterTemporalVertical,153856,1
78,5943,7652.9595236999994,1,VSM.PageOccupancy,52992,1
78,5943,7652.9595236999994,1,VSM.LayoutRemap,0,1
78,5943,7652.9595236999994,1,VSM.ResetFeedback,0,1
78,5943,7652.9595236999994,1,VSM.MarkReceiverPages,681216,1
78,5943,7652.9595236999994,1,VSM.Allocate,223232,1
78,5943,7652.9595236999994,1,VSM.InvalidateStatic,0,0
78,5943,7652.9595236999994,1,VSM.ClearPhysicalPages,283136,1
78,5943,7652.9595236999994,1,VSM.StaticCasterCull,71680,1
78,5943,7652.9595236999994,1,VSM.DynamicCasterCull,43264,1
78,5943,7652.9595236999994,1,VSM.PageCull,76544,2
78,5943,7652.9595236999994,1,VSM.StaticRaster,7680,1
78,5943,7652.9595236999994,1,VSM.FinalizePages,1792,1
78,5943,7652.9595236999994,1,VSM.DynamicRaster,32000,1
78,5943,7652.9595236999994,1,VSM.UnityCompatibilityRaster,0,0
78,5943,7652.9595236999994,1,VSM.Resolve,11609856,1
78,5943,7652.9595236999994,1,VSM.ResolveTrace,11192576,1
78,5943,7652.9595236999994,1,VSM.FilterHorizontal,66048,1
78,5943,7652.9595236999994,1,VSM.FilterVertical,0,0
78,5943,7652.9595236999994,1,VSM.FilterTemporalVertical,349696,1
79,5944,7652.984461,1,VSM.PageOccupancy,55552,1
79,5944,7652.984461,1,VSM.LayoutRemap,0,1
79,5944,7652.984461,1,VSM.ResetFeedback,0,1
79,5944,7652.984461,1,VSM.MarkReceiverPages,679424,1
79,5944,7652.984461,1,VSM.Allocate,261376,1
79,5944,7652.984461,1,VSM.InvalidateStatic,0,0
79,5944,7652.984461,1,VSM.ClearPhysicalPages,90368,1
79,5944,7652.984461,1,VSM.StaticCasterCull,256256,1
79,5944,7652.984461,1,VSM.DynamicCasterCull,48640,1
79,5944,7652.984461,1,VSM.PageCull,84224,2
79,5944,7652.984461,1,VSM.StaticRaster,22784,1
79,5944,7652.984461,1,VSM.FinalizePages,2560,1
79,5944,7652.984461,1,VSM.DynamicRaster,31232,1
79,5944,7652.984461,1,VSM.UnityCompatibilityRaster,0,0
79,5944,7652.984461,1,VSM.Resolve,11551488,1
79,5944,7652.984461,1,VSM.ResolveTrace,11161856,1
79,5944,7652.984461,1,VSM.FilterHorizontal,65792,1
79,5944,7652.984461,1,VSM.FilterVertical,0,0
79,5944,7652.984461,1,VSM.FilterTemporalVertical,154880,1
80,5945,7653.0075942999993,1,VSM.PageOccupancy,55296,1
80,5945,7653.0075942999993,1,VSM.LayoutRemap,0,1
80,5945,7653.0075942999993,1,VSM.ResetFeedback,0,1
80,5945,7653.0075942999993,1,VSM.MarkReceiverPages,680704,1
80,5945,7653.0075942999993,1,VSM.Allocate,261376,1
80,5945,7653.0075942999993,1,VSM.InvalidateStatic,0,0
80,5945,7653.0075942999993,1,VSM.ClearPhysicalPages,90624,1
80,5945,7653.0075942999993,1,VSM.StaticCasterCull,67584,1
80,5945,7653.0075942999993,1,VSM.DynamicCasterCull,48128,1
80,5945,7653.0075942999993,1,VSM.PageCull,82176,2
80,5945,7653.0075942999993,1,VSM.StaticRaster,26368,1
80,5945,7653.0075942999993,1,VSM.FinalizePages,2048,1
80,5945,7653.0075942999993,1,VSM.DynamicRaster,31488,1
80,5945,7653.0075942999993,1,VSM.UnityCompatibilityRaster,0,0
80,5945,7653.0075942999993,1,VSM.Resolve,11712000,1
80,5945,7653.0075942999993,1,VSM.ResolveTrace,11484672,1
80,5945,7653.0075942999993,1,VSM.FilterHorizontal,67072,1
80,5945,7653.0075942999993,1,VSM.FilterVertical,0,0
80,5945,7653.0075942999993,1,VSM.FilterTemporalVertical,159232,1
81,5946,7653.0310481999995,1,VSM.PageOccupancy,56832,1
81,5946,7653.0310481999995,1,VSM.LayoutRemap,0,1
81,5946,7653.0310481999995,1,VSM.ResetFeedback,0,1
81,5946,7653.0310481999995,1,VSM.MarkReceiverPages,676352,1
81,5946,7653.0310481999995,1,VSM.Allocate,225024,1
81,5946,7653.0310481999995,1,VSM.InvalidateStatic,0,0
81,5946,7653.0310481999995,1,VSM.ClearPhysicalPages,89856,1
81,5946,7653.0310481999995,1,VSM.StaticCasterCull,67584,1
81,5946,7653.0310481999995,1,VSM.DynamicCasterCull,43264,1
81,5946,7653.0310481999995,1,VSM.PageCull,77312,2
81,5946,7653.0310481999995,1,VSM.StaticRaster,7168,1
81,5946,7653.0310481999995,1,VSM.FinalizePages,1792,1
81,5946,7653.0310481999995,1,VSM.DynamicRaster,33280,1
81,5946,7653.0310481999995,1,VSM.UnityCompatibilityRaster,0,0
81,5946,7653.0310481999995,1,VSM.Resolve,11913984,1
81,5946,7653.0310481999995,1,VSM.ResolveTrace,11690752,1
81,5946,7653.0310481999995,1,VSM.FilterHorizontal,67328,1
81,5946,7653.0310481999995,1,VSM.FilterVertical,0,0
81,5946,7653.0310481999995,1,VSM.FilterTemporalVertical,154368,1
82,5947,7653.0543751,1,VSM.PageOccupancy,55040,1
82,5947,7653.0543751,1,VSM.LayoutRemap,0,1
82,5947,7653.0543751,1,VSM.ResetFeedback,0,1
82,5947,7653.0543751,1,VSM.MarkReceiverPages,676352,1
82,5947,7653.0543751,1,VSM.Allocate,222976,1
82,5947,7653.0543751,1,VSM.InvalidateStatic,0,0
82,5947,7653.0543751,1,VSM.ClearPhysicalPages,89600,1
82,5947,7653.0543751,1,VSM.StaticCasterCull,67840,1
82,5947,7653.0543751,1,VSM.DynamicCasterCull,43776,1
82,5947,7653.0543751,1,VSM.PageCull,78848,2
82,5947,7653.0543751,1,VSM.StaticRaster,7424,1
82,5947,7653.0543751,1,VSM.FinalizePages,1792,1
82,5947,7653.0543751,1,VSM.DynamicRaster,33280,1
82,5947,7653.0543751,1,VSM.UnityCompatibilityRaster,0,0
82,5947,7653.0543751,1,VSM.Resolve,11711744,1
82,5947,7653.0543751,1,VSM.ResolveTrace,11486464,1
82,5947,7653.0543751,1,VSM.FilterHorizontal,67584,1
82,5947,7653.0543751,1,VSM.FilterVertical,0,0
82,5947,7653.0543751,1,VSM.FilterTemporalVertical,156160,1
83,5948,7653.0780431999992,1,VSM.PageOccupancy,56064,1
83,5948,7653.0780431999992,1,VSM.LayoutRemap,0,1
83,5948,7653.0780431999992,1,VSM.ResetFeedback,0,1
83,5948,7653.0780431999992,1,VSM.MarkReceiverPages,679168,1
83,5948,7653.0780431999992,1,VSM.Allocate,223488,1
83,5948,7653.0780431999992,1,VSM.InvalidateStatic,0,0
83,5948,7653.0780431999992,1,VSM.ClearPhysicalPages,89856,1
83,5948,7653.0780431999992,1,VSM.StaticCasterCull,69120,1
83,5948,7653.0780431999992,1,VSM.DynamicCasterCull,46080,1
83,5948,7653.0780431999992,1,VSM.PageCull,81664,2
83,5948,7653.0780431999992,1,VSM.StaticRaster,7168,1
83,5948,7653.0780431999992,1,VSM.FinalizePages,2304,1
83,5948,7653.0780431999992,1,VSM.DynamicRaster,34048,1
83,5948,7653.0780431999992,1,VSM.UnityCompatibilityRaster,0,0
83,5948,7653.0780431999992,1,VSM.Resolve,11223040,1
83,5948,7653.0780431999992,1,VSM.ResolveTrace,11001600,1
83,5948,7653.0780431999992,1,VSM.FilterHorizontal,66048,1
83,5948,7653.0780431999992,1,VSM.FilterVertical,0,0
83,5948,7653.0780431999992,1,VSM.FilterTemporalVertical,154112,1
84,5949,7653.103502,1,VSM.PageOccupancy,53504,1
84,5949,7653.103502,1,VSM.LayoutRemap,0,1
84,5949,7653.103502,1,VSM.ResetFeedback,0,1
84,5949,7653.103502,1,VSM.MarkReceiverPages,677120,1
84,5949,7653.103502,1,VSM.Allocate,223488,1
84,5949,7653.103502,1,VSM.InvalidateStatic,0,0
84,5949,7653.103502,1,VSM.ClearPhysicalPages,90368,1
84,5949,7653.103502,1,VSM.StaticCasterCull,65792,1
84,5949,7653.103502,1,VSM.DynamicCasterCull,43520,1
84,5949,7653.103502,1,VSM.PageCull,75776,2
84,5949,7653.103502,1,VSM.StaticRaster,9472,1
84,5949,7653.103502,1,VSM.FinalizePages,1792,1
84,5949,7653.103502,1,VSM.DynamicRaster,33792,1
84,5949,7653.103502,1,VSM.UnityCompatibilityRaster,0,0
84,5949,7653.103502,1,VSM.Resolve,10884608,1
84,5949,7653.103502,1,VSM.ResolveTrace,10482176,1
84,5949,7653.103502,1,VSM.FilterHorizontal,66048,1
84,5949,7653.103502,1,VSM.FilterVertical,0,0
84,5949,7653.103502,1,VSM.FilterTemporalVertical,154880,1
85,5950,7653.1273197,1,VSM.PageOccupancy,54272,1
85,5950,7653.1273197,1,VSM.LayoutRemap,0,1
85,5950,7653.1273197,1,VSM.ResetFeedback,0,1
85,5950,7653.1273197,1,VSM.MarkReceiverPages,675328,1
85,5950,7653.1273197,1,VSM.Allocate,259840,1
85,5950,7653.1273197,1,VSM.InvalidateStatic,0,0
85,5950,7653.1273197,1,VSM.ClearPhysicalPages,90368,1
85,5950,7653.1273197,1,VSM.StaticCasterCull,69120,1
85,5950,7653.1273197,1,VSM.DynamicCasterCull,48384,1
85,5950,7653.1273197,1,VSM.PageCull,83968,2
85,5950,7653.1273197,1,VSM.StaticRaster,43264,1
85,5950,7653.1273197,1,VSM.FinalizePages,1792,1
85,5950,7653.1273197,1,VSM.DynamicRaster,33536,1
85,5950,7653.1273197,1,VSM.UnityCompatibilityRaster,0,0
85,5950,7653.1273197,1,VSM.Resolve,11046144,1
85,5950,7653.1273197,1,VSM.ResolveTrace,10825728,1
85,5950,7653.1273197,1,VSM.FilterHorizontal,66048,1
85,5950,7653.1273197,1,VSM.FilterVertical,0,0
85,5950,7653.1273197,1,VSM.FilterTemporalVertical,152832,1
86,5951,7653.1500711,1,VSM.PageOccupancy,53760,1
86,5951,7653.1500711,1,VSM.LayoutRemap,0,1
86,5951,7653.1500711,1,VSM.ResetFeedback,0,1
86,5951,7653.1500711,1,VSM.MarkReceiverPages,676864,1
86,5951,7653.1500711,1,VSM.Allocate,223488,1
86,5951,7653.1500711,1,VSM.InvalidateStatic,0,0
86,5951,7653.1500711,1,VSM.ClearPhysicalPages,90112,1
86,5951,7653.1500711,1,VSM.StaticCasterCull,67840,1
86,5951,7653.1500711,1,VSM.DynamicCasterCull,42752,1
86,5951,7653.1500711,1,VSM.PageCull,77568,2
86,5951,7653.1500711,1,VSM.StaticRaster,7168,1
86,5951,7653.1500711,1,VSM.FinalizePages,2304,1
86,5951,7653.1500711,1,VSM.DynamicRaster,34560,1
86,5951,7653.1500711,1,VSM.UnityCompatibilityRaster,0,0
86,5951,7653.1500711,1,VSM.Resolve,11205120,1
86,5951,7653.1500711,1,VSM.ResolveTrace,10982656,1
86,5951,7653.1500711,1,VSM.FilterHorizontal,66304,1
86,5951,7653.1500711,1,VSM.FilterVertical,0,0
86,5951,7653.1500711,1,VSM.FilterTemporalVertical,154624,1
87,5952,7653.1744151999992,1,VSM.PageOccupancy,54528,1
87,5952,7653.1744151999992,1,VSM.LayoutRemap,0,1
87,5952,7653.1744151999992,1,VSM.ResetFeedback,0,1
87,5952,7653.1744151999992,1,VSM.MarkReceiverPages,678144,1
87,5952,7653.1744151999992,1,VSM.Allocate,223744,1
87,5952,7653.1744151999992,1,VSM.InvalidateStatic,0,0
87,5952,7653.1744151999992,1,VSM.ClearPhysicalPages,89600,1
87,5952,7653.1744151999992,1,VSM.StaticCasterCull,68096,1
87,5952,7653.1744151999992,1,VSM.DynamicCasterCull,43008,1
87,5952,7653.1744151999992,1,VSM.PageCull,77824,2
87,5952,7653.1744151999992,1,VSM.StaticRaster,7168,1
87,5952,7653.1744151999992,1,VSM.FinalizePages,2048,1
87,5952,7653.1744151999992,1,VSM.DynamicRaster,34048,1
87,5952,7653.1744151999992,1,VSM.UnityCompatibilityRaster,0,0
87,5952,7653.1744151999992,1,VSM.Resolve,11823616,1
87,5952,7653.1744151999992,1,VSM.ResolveTrace,11347456,1
87,5952,7653.1744151999992,1,VSM.FilterHorizontal,68096,1
87,5952,7653.1744151999992,1,VSM.FilterVertical,0,0
87,5952,7653.1744151999992,1,VSM.FilterTemporalVertical,156416,1
88,5953,7653.1989943,1,VSM.PageOccupancy,55552,1
88,5953,7653.1989943,1,VSM.LayoutRemap,0,1
88,5953,7653.1989943,1,VSM.ResetFeedback,0,1
88,5953,7653.1989943,1,VSM.MarkReceiverPages,671488,1
88,5953,7653.1989943,1,VSM.Allocate,224256,1
88,5953,7653.1989943,1,VSM.InvalidateStatic,0,0
88,5953,7653.1989943,1,VSM.ClearPhysicalPages,89600,1
88,5953,7653.1989943,1,VSM.StaticCasterCull,68096,1
88,5953,7653.1989943,1,VSM.DynamicCasterCull,44800,1
88,5953,7653.1989943,1,VSM.PageCull,79872,2
88,5953,7653.1989943,1,VSM.StaticRaster,7424,1
88,5953,7653.1989943,1,VSM.FinalizePages,1792,1
88,5953,7653.1989943,1,VSM.DynamicRaster,35072,1
88,5953,7653.1989943,1,VSM.UnityCompatibilityRaster,0,0
88,5953,7653.1989943,1,VSM.Resolve,10942464,1
88,5953,7653.1989943,1,VSM.ResolveTrace,10539264,1
88,5953,7653.1989943,1,VSM.FilterHorizontal,65536,1
88,5953,7653.1989943,1,VSM.FilterVertical,0,0
88,5953,7653.1989943,1,VSM.FilterTemporalVertical,155648,1
89,5954,7653.2237231,1,VSM.PageOccupancy,55040,1
89,5954,7653.2237231,1,VSM.LayoutRemap,0,1
89,5954,7653.2237231,1,VSM.ResetFeedback,0,1
89,5954,7653.2237231,1,VSM.MarkReceiverPages,669696,1
89,5954,7653.2237231,1,VSM.Allocate,258048,1
89,5954,7653.2237231,1,VSM.InvalidateStatic,0,0
89,5954,7653.2237231,1,VSM.ClearPhysicalPages,90368,1
89,5954,7653.2237231,1,VSM.StaticCasterCull,67328,1
89,5954,7653.2237231,1,VSM.DynamicCasterCull,45056,1
89,5954,7653.2237231,1,VSM.PageCull,79104,2
89,5954,7653.2237231,1,VSM.StaticRaster,30464,1
89,5954,7653.2237231,1,VSM.FinalizePages,1792,1
89,5954,7653.2237231,1,VSM.DynamicRaster,33280,1
89,5954,7653.2237231,1,VSM.UnityCompatibilityRaster,0,0
89,5954,7653.2237231,1,VSM.Resolve,10784256,1
89,5954,7653.2237231,1,VSM.ResolveTrace,10374144,1
89,5954,7653.2237231,1,VSM.FilterHorizontal,65280,1
89,5954,7653.2237231,1,VSM.FilterVertical,0,0
89,5954,7653.2237231,1,VSM.FilterTemporalVertical,155392,1
90,5955,7653.2456163,1,VSM.PageOccupancy,53504,1
90,5955,7653.2456163,1,VSM.LayoutRemap,0,1
90,5955,7653.2456163,1,VSM.ResetFeedback,0,1
90,5955,7653.2456163,1,VSM.MarkReceiverPages,690688,1
90,5955,7653.2456163,1,VSM.Allocate,222976,1
90,5955,7653.2456163,1,VSM.InvalidateStatic,0,0
90,5955,7653.2456163,1,VSM.ClearPhysicalPages,272640,1
90,5955,7653.2456163,1,VSM.StaticCasterCull,66816,1
90,5955,7653.2456163,1,VSM.DynamicCasterCull,41472,1
90,5955,7653.2456163,1,VSM.PageCull,69888,2
90,5955,7653.2456163,1,VSM.StaticRaster,7168,1
90,5955,7653.2456163,1,VSM.FinalizePages,2048,1
90,5955,7653.2456163,1,VSM.DynamicRaster,35328,1
90,5955,7653.2456163,1,VSM.UnityCompatibilityRaster,0,0
90,5955,7653.2456163,1,VSM.Resolve,10799872,1
90,5955,7653.2456163,1,VSM.ResolveTrace,10579456,1
90,5955,7653.2456163,1,VSM.FilterHorizontal,65280,1
90,5955,7653.2456163,1,VSM.FilterVertical,0,0
90,5955,7653.2456163,1,VSM.FilterTemporalVertical,153600,1
91,5956,7653.2682692,1,VSM.PageOccupancy,54016,1
91,5956,7653.2682692,1,VSM.LayoutRemap,0,1
91,5956,7653.2682692,1,VSM.ResetFeedback,0,1
91,5956,7653.2682692,1,VSM.MarkReceiverPages,851456,1
91,5956,7653.2682692,1,VSM.Allocate,258560,1
91,5956,7653.2682692,1,VSM.InvalidateStatic,0,0
91,5956,7653.2682692,1,VSM.ClearPhysicalPages,90368,1
91,5956,7653.2682692,1,VSM.StaticCasterCull,66304,1
91,5956,7653.2682692,1,VSM.DynamicCasterCull,45312,1
91,5956,7653.2682692,1,VSM.PageCull,78080,2
91,5956,7653.2682692,1,VSM.StaticRaster,27904,1
91,5956,7653.2682692,1,VSM.FinalizePages,1792,1
91,5956,7653.2682692,1,VSM.DynamicRaster,33024,1
91,5956,7653.2682692,1,VSM.UnityCompatibilityRaster,0,0
91,5956,7653.2682692,1,VSM.Resolve,11437824,1
91,5956,7653.2682692,1,VSM.ResolveTrace,11217664,1
91,5956,7653.2682692,1,VSM.FilterHorizontal,65536,1
91,5956,7653.2682692,1,VSM.FilterVertical,0,0
91,5956,7653.2682692,1,VSM.FilterTemporalVertical,153600,1
92,5957,7653.2908605999992,1,VSM.PageOccupancy,55808,1
92,5957,7653.2908605999992,1,VSM.LayoutRemap,0,1
92,5957,7653.2908605999992,1,VSM.ResetFeedback,0,1
92,5957,7653.2908605999992,1,VSM.MarkReceiverPages,667392,1
92,5957,7653.2908605999992,1,VSM.Allocate,221184,1
92,5957,7653.2908605999992,1,VSM.InvalidateStatic,0,0
92,5957,7653.2908605999992,1,VSM.ClearPhysicalPages,89600,1
92,5957,7653.2908605999992,1,VSM.StaticCasterCull,68096,1
92,5957,7653.2908605999992,1,VSM.DynamicCasterCull,44544,1
92,5957,7653.2908605999992,1,VSM.PageCull,79360,2
92,5957,7653.2908605999992,1,VSM.StaticRaster,7168,1
92,5957,7653.2908605999992,1,VSM.FinalizePages,2048,1
92,5957,7653.2908605999992,1,VSM.DynamicRaster,34816,1
92,5957,7653.2908605999992,1,VSM.UnityCompatibilityRaster,0,0
92,5957,7653.2908605999992,1,VSM.Resolve,10083584,1
92,5957,7653.2908605999992,1,VSM.ResolveTrace,9862656,1
92,5957,7653.2908605999992,1,VSM.FilterHorizontal,65024,1
92,5957,7653.2908605999992,1,VSM.FilterVertical,0,0
92,5957,7653.2908605999992,1,VSM.FilterTemporalVertical,154624,1
93,5958,7653.3135454999992,1,VSM.PageOccupancy,54272,1
93,5958,7653.3135454999992,1,VSM.LayoutRemap,0,1
93,5958,7653.3135454999992,1,VSM.ResetFeedback,0,1
93,5958,7653.3135454999992,1,VSM.MarkReceiverPages,671232,1
93,5958,7653.3135454999992,1,VSM.Allocate,221952,1
93,5958,7653.3135454999992,1,VSM.InvalidateStatic,0,0
93,5958,7653.3135454999992,1,VSM.ClearPhysicalPages,89600,1
93,5958,7653.3135454999992,1,VSM.StaticCasterCull,67328,1
93,5958,7653.3135454999992,1,VSM.DynamicCasterCull,45056,1
93,5958,7653.3135454999992,1,VSM.PageCull,79872,2
93,5958,7653.3135454999992,1,VSM.StaticRaster,3328,1
93,5958,7653.3135454999992,1,VSM.FinalizePages,1792,1
93,5958,7653.3135454999992,1,VSM.DynamicRaster,34304,1
93,5958,7653.3135454999992,1,VSM.UnityCompatibilityRaster,0,0
93,5958,7653.3135454999992,1,VSM.Resolve,10344704,1
93,5958,7653.3135454999992,1,VSM.ResolveTrace,10124288,1
93,5958,7653.3135454999992,1,VSM.FilterHorizontal,65280,1
93,5958,7653.3135454999992,1,VSM.FilterVertical,0,0
93,5958,7653.3135454999992,1,VSM.FilterTemporalVertical,154112,1
94,5959,7653.3355935,1,VSM.PageOccupancy,59648,1
94,5959,7653.3355935,1,VSM.LayoutRemap,0,1
94,5959,7653.3355935,1,VSM.ResetFeedback,0,1
94,5959,7653.3355935,1,VSM.MarkReceiverPages,836096,1
94,5959,7653.3355935,1,VSM.Allocate,222464,1
94,5959,7653.3355935,1,VSM.InvalidateStatic,0,0
94,5959,7653.3355935,1,VSM.ClearPhysicalPages,89600,1
94,5959,7653.3355935,1,VSM.StaticCasterCull,67072,1
94,5959,7653.3355935,1,VSM.DynamicCasterCull,41984,1
94,5959,7653.3355935,1,VSM.PageCull,75520,2
94,5959,7653.3355935,1,VSM.StaticRaster,6912,1
94,5959,7653.3355935,1,VSM.FinalizePages,1792,1
94,5959,7653.3355935,1,VSM.DynamicRaster,34304,1
94,5959,7653.3355935,1,VSM.UnityCompatibilityRaster,0,0
94,5959,7653.3355935,1,VSM.Resolve,10314496,1
94,5959,7653.3355935,1,VSM.ResolveTrace,10093568,1
94,5959,7653.3355935,1,VSM.FilterHorizontal,65024,1
94,5959,7653.3355935,1,VSM.FilterVertical,0,0
94,5959,7653.3355935,1,VSM.FilterTemporalVertical,154368,1
95,5960,7653.3566108999994,1,VSM.PageOccupancy,55296,1
95,5960,7653.3566108999994,1,VSM.LayoutRemap,0,1
95,5960,7653.3566108999994,1,VSM.ResetFeedback,0,1
95,5960,7653.3566108999994,1,VSM.MarkReceiverPages,669184,1
95,5960,7653.3566108999994,1,VSM.Allocate,221440,1
95,5960,7653.3566108999994,1,VSM.InvalidateStatic,0,0
95,5960,7653.3566108999994,1,VSM.ClearPhysicalPages,89856,1
95,5960,7653.3566108999994,1,VSM.StaticCasterCull,66304,1
95,5960,7653.3566108999994,1,VSM.DynamicCasterCull,42496,1
95,5960,7653.3566108999994,1,VSM.PageCull,75520,2
95,5960,7653.3566108999994,1,VSM.StaticRaster,6144,1
95,5960,7653.3566108999994,1,VSM.FinalizePages,1792,1
95,5960,7653.3566108999994,1,VSM.DynamicRaster,35072,1
95,5960,7653.3566108999994,1,VSM.UnityCompatibilityRaster,0,0
95,5960,7653.3566108999994,1,VSM.Resolve,10878208,1
95,5960,7653.3566108999994,1,VSM.ResolveTrace,10657024,1
95,5960,7653.3566108999994,1,VSM.FilterHorizontal,65024,1
95,5960,7653.3566108999994,1,VSM.FilterVertical,0,0
95,5960,7653.3566108999994,1,VSM.FilterTemporalVertical,154880,1
96,5961,7653.3807079,1,VSM.PageOccupancy,55040,1
96,5961,7653.3807079,1,VSM.LayoutRemap,0,1
96,5961,7653.3807079,1,VSM.ResetFeedback,0,1
96,5961,7653.3807079,1,VSM.MarkReceiverPages,667648,1
96,5961,7653.3807079,1,VSM.Allocate,223744,1
96,5961,7653.3807079,1,VSM.InvalidateStatic,0,0
96,5961,7653.3807079,1,VSM.ClearPhysicalPages,89600,1
96,5961,7653.3807079,1,VSM.StaticCasterCull,66816,1
96,5961,7653.3807079,1,VSM.DynamicCasterCull,41984,1
96,5961,7653.3807079,1,VSM.PageCull,76032,2
96,5961,7653.3807079,1,VSM.StaticRaster,3072,1
96,5961,7653.3807079,1,VSM.FinalizePages,1792,1
96,5961,7653.3807079,1,VSM.DynamicRaster,34560,1
96,5961,7653.3807079,1,VSM.UnityCompatibilityRaster,0,0
96,5961,7653.3807079,1,VSM.Resolve,10540288,1
96,5961,7653.3807079,1,VSM.ResolveTrace,10316544,1
96,5961,7653.3807079,1,VSM.FilterHorizontal,64768,1
96,5961,7653.3807079,1,VSM.FilterVertical,0,0
96,5961,7653.3807079,1,VSM.FilterTemporalVertical,157440,1
97,5962,7653.4130785,1,VSM.PageOccupancy,54784,1
97,5962,7653.4130785,1,VSM.LayoutRemap,0,1
97,5962,7653.4130785,1,VSM.ResetFeedback,0,1
97,5962,7653.4130785,1,VSM.MarkReceiverPages,666624,1
97,5962,7653.4130785,1,VSM.Allocate,222976,1
97,5962,7653.4130785,1,VSM.InvalidateStatic,0,0
97,5962,7653.4130785,1,VSM.ClearPhysicalPages,89344,1
97,5962,7653.4130785,1,VSM.StaticCasterCull,67840,1
97,5962,7653.4130785,1,VSM.DynamicCasterCull,42240,1
97,5962,7653.4130785,1,VSM.PageCull,76544,2
97,5962,7653.4130785,1,VSM.StaticRaster,10752,1
97,5962,7653.4130785,1,VSM.FinalizePages,2304,1
97,5962,7653.4130785,1,VSM.DynamicRaster,34304,1
97,5962,7653.4130785,1,VSM.UnityCompatibilityRaster,0,0
97,5962,7653.4130785,1,VSM.Resolve,10541312,1
97,5962,7653.4130785,1,VSM.ResolveTrace,10319872,1
97,5962,7653.4130785,1,VSM.FilterHorizontal,65024,1
97,5962,7653.4130785,1,VSM.FilterVertical,0,0
97,5962,7653.4130785,1,VSM.FilterTemporalVertical,155392,1
98,5963,7653.4368626,1,VSM.PageOccupancy,56064,1
98,5963,7653.4368626,1,VSM.LayoutRemap,0,1
98,5963,7653.4368626,1,VSM.ResetFeedback,0,1
98,5963,7653.4368626,1,VSM.MarkReceiverPages,668160,1
98,5963,7653.4368626,1,VSM.Allocate,221184,1
98,5963,7653.4368626,1,VSM.InvalidateStatic,0,0
98,5963,7653.4368626,1,VSM.ClearPhysicalPages,90112,1
98,5963,7653.4368626,1,VSM.StaticCasterCull,66048,1
98,5963,7653.4368626,1,VSM.DynamicCasterCull,43008,1
98,5963,7653.4368626,1,VSM.PageCull,76288,2
98,5963,7653.4368626,1,VSM.StaticRaster,7168,1
98,5963,7653.4368626,1,VSM.FinalizePages,2304,1
98,5963,7653.4368626,1,VSM.DynamicRaster,33792,1
98,5963,7653.4368626,1,VSM.UnityCompatibilityRaster,0,0
98,5963,7653.4368626,1,VSM.Resolve,10867968,1
98,5963,7653.4368626,1,VSM.ResolveTrace,10367744,1
98,5963,7653.4368626,1,VSM.FilterHorizontal,65536,1
98,5963,7653.4368626,1,VSM.FilterVertical,0,0
98,5963,7653.4368626,1,VSM.FilterTemporalVertical,157184,1
99,5964,7653.4650476,1,VSM.PageOccupancy,53760,1
99,5964,7653.4650476,1,VSM.LayoutRemap,0,1
99,5964,7653.4650476,1,VSM.ResetFeedback,0,1
99,5964,7653.4650476,1,VSM.MarkReceiverPages,677120,1
99,5964,7653.4650476,1,VSM.Allocate,264704,1
99,5964,7653.4650476,1,VSM.InvalidateStatic,0,0
99,5964,7653.4650476,1,VSM.ClearPhysicalPages,91392,1
99,5964,7653.4650476,1,VSM.StaticCasterCull,68352,1
99,5964,7653.4650476,1,VSM.DynamicCasterCull,46592,1
99,5964,7653.4650476,1,VSM.PageCull,81664,2
99,5964,7653.4650476,1,VSM.StaticRaster,28928,1
99,5964,7653.4650476,1,VSM.FinalizePages,1792,1
99,5964,7653.4650476,1,VSM.DynamicRaster,32768,1
99,5964,7653.4650476,1,VSM.UnityCompatibilityRaster,0,0
99,5964,7653.4650476,1,VSM.Resolve,12007424,1
99,5964,7653.4650476,1,VSM.ResolveTrace,11789056,1
99,5964,7653.4650476,1,VSM.FilterHorizontal,64768,1
99,5964,7653.4650476,1,VSM.FilterVertical,0,0
99,5964,7653.4650476,1,VSM.FilterTemporalVertical,152064,1
100,5965,7653.4869501999992,1,VSM.PageOccupancy,54528,1
100,5965,7653.4869501999992,1,VSM.LayoutRemap,0,1
100,5965,7653.4869501999992,1,VSM.ResetFeedback,0,1
100,5965,7653.4869501999992,1,VSM.MarkReceiverPages,680448,1
100,5965,7653.4869501999992,1,VSM.Allocate,222464,1
100,5965,7653.4869501999992,1,VSM.InvalidateStatic,0,0
100,5965,7653.4869501999992,1,VSM.ClearPhysicalPages,89600,1
100,5965,7653.4869501999992,1,VSM.StaticCasterCull,67072,1
100,5965,7653.4869501999992,1,VSM.DynamicCasterCull,44544,1
100,5965,7653.4869501999992,1,VSM.PageCull,78336,2
100,5965,7653.4869501999992,1,VSM.StaticRaster,7680,1
100,5965,7653.4869501999992,1,VSM.FinalizePages,1792,1
100,5965,7653.4869501999992,1,VSM.DynamicRaster,34048,1
100,5965,7653.4869501999992,1,VSM.UnityCompatibilityRaster,0,0
100,5965,7653.4869501999992,1,VSM.Resolve,11097344,1
100,5965,7653.4869501999992,1,VSM.ResolveTrace,10874624,1
100,5965,7653.4869501999992,1,VSM.FilterHorizontal,65280,1
100,5965,7653.4869501999992,1,VSM.FilterVertical,0,0
100,5965,7653.4869501999992,1,VSM.FilterTemporalVertical,156416,1
101,5966,7653.5073428,1,VSM.PageOccupancy,53760,1
101,5966,7653.5073428,1,VSM.LayoutRemap,0,1
101,5966,7653.5073428,1,VSM.ResetFeedback,0,1
101,5966,7653.5073428,1,VSM.MarkReceiverPages,677888,1
101,5966,7653.5073428,1,VSM.Allocate,223232,1
101,5966,7653.5073428,1,VSM.InvalidateStatic,0,0
101,5966,7653.5073428,1,VSM.ClearPhysicalPages,243200,1
101,5966,7653.5073428,1,VSM.StaticCasterCull,69120,1
101,5966,7653.5073428,1,VSM.DynamicCasterCull,43520,1
101,5966,7653.5073428,1,VSM.PageCull,76032,2
101,5966,7653.5073428,1,VSM.StaticRaster,7168,1
101,5966,7653.5073428,1,VSM.FinalizePages,1792,1
101,5966,7653.5073428,1,VSM.DynamicRaster,33536,1
101,5966,7653.5073428,1,VSM.UnityCompatibilityRaster,0,0
101,5966,7653.5073428,1,VSM.Resolve,12503552,1
101,5966,7653.5073428,1,VSM.ResolveTrace,12281856,1
101,5966,7653.5073428,1,VSM.FilterHorizontal,65280,1
101,5966,7653.5073428,1,VSM.FilterVertical,0,0
101,5966,7653.5073428,1,VSM.FilterTemporalVertical,155392,1
102,5967,7653.5301862,1,VSM.PageOccupancy,55040,1
102,5967,7653.5301862,1,VSM.LayoutRemap,0,1
102,5967,7653.5301862,1,VSM.ResetFeedback,0,1
102,5967,7653.5301862,1,VSM.MarkReceiverPages,678400,1
102,5967,7653.5301862,1,VSM.Allocate,226560,1
102,5967,7653.5301862,1,VSM.InvalidateStatic,0,0
102,5967,7653.5301862,1,VSM.ClearPhysicalPages,89600,1
102,5967,7653.5301862,1,VSM.StaticCasterCull,67840,1
102,5967,7653.5301862,1,VSM.DynamicCasterCull,44544,1
102,5967,7653.5301862,1,VSM.PageCull,79104,2
102,5967,7653.5301862,1,VSM.StaticRaster,3072,1
102,5967,7653.5301862,1,VSM.FinalizePages,2816,1
102,5967,7653.5301862,1,VSM.DynamicRaster,34048,1
102,5967,7653.5301862,1,VSM.UnityCompatibilityRaster,0,0
102,5967,7653.5301862,1,VSM.Resolve,10670336,1
102,5967,7653.5301862,1,VSM.ResolveTrace,10447872,1
102,5967,7653.5301862,1,VSM.FilterHorizontal,65280,1
102,5967,7653.5301862,1,VSM.FilterVertical,0,0
102,5967,7653.5301862,1,VSM.FilterTemporalVertical,155648,1
103,5968,7653.5532719999992,1,VSM.PageOccupancy,56064,1
103,5968,7653.5532719999992,1,VSM.LayoutRemap,0,1
103,5968,7653.5532719999992,1,VSM.ResetFeedback,0,1
103,5968,7653.5532719999992,1,VSM.MarkReceiverPages,679424,1
103,5968,7653.5532719999992,1,VSM.Allocate,225280,1
103,5968,7653.5532719999992,1,VSM.InvalidateStatic,0,0
103,5968,7653.5532719999992,1,VSM.ClearPhysicalPages,607232,1
103,5968,7653.5532719999992,1,VSM.StaticCasterCull,71680,1
103,5968,7653.5532719999992,1,VSM.DynamicCasterCull,44800,1
103,5968,7653.5532719999992,1,VSM.PageCull,77824,2
103,5968,7653.5532719999992,1,VSM.StaticRaster,7168,1
103,5968,7653.5532719999992,1,VSM.FinalizePages,1792,1
103,5968,7653.5532719999992,1,VSM.DynamicRaster,33280,1
103,5968,7653.5532719999992,1,VSM.UnityCompatibilityRaster,0,0
103,5968,7653.5532719999992,1,VSM.Resolve,9869568,1
103,5968,7653.5532719999992,1,VSM.ResolveTrace,9647616,1
103,5968,7653.5532719999992,1,VSM.FilterHorizontal,64768,1
103,5968,7653.5532719999992,1,VSM.FilterVertical,0,0
103,5968,7653.5532719999992,1,VSM.FilterTemporalVertical,156160,1
104,5969,7653.5773185,1,VSM.PageOccupancy,54016,1
104,5969,7653.5773185,1,VSM.LayoutRemap,0,1
104,5969,7653.5773185,1,VSM.ResetFeedback,0,1
104,5969,7653.5773185,1,VSM.MarkReceiverPages,674304,1
104,5969,7653.5773185,1,VSM.Allocate,223488,1
104,5969,7653.5773185,1,VSM.InvalidateStatic,0,0
104,5969,7653.5773185,1,VSM.ClearPhysicalPages,89856,1
104,5969,7653.5773185,1,VSM.StaticCasterCull,66816,1
104,5969,7653.5773185,1,VSM.DynamicCasterCull,45056,1
104,5969,7653.5773185,1,VSM.PageCull,79360,2
104,5969,7653.5773185,1,VSM.StaticRaster,7424,1
104,5969,7653.5773185,1,VSM.FinalizePages,1792,1
104,5969,7653.5773185,1,VSM.DynamicRaster,33536,1
104,5969,7653.5773185,1,VSM.UnityCompatibilityRaster,0,0
104,5969,7653.5773185,1,VSM.Resolve,9896448,1
104,5969,7653.5773185,1,VSM.ResolveTrace,9677056,1
104,5969,7653.5773185,1,VSM.FilterHorizontal,64768,1
104,5969,7653.5773185,1,VSM.FilterVertical,0,0
104,5969,7653.5773185,1,VSM.FilterTemporalVertical,153600,1
105,5970,7653.6055594,1,VSM.PageOccupancy,55040,1
105,5970,7653.6055594,1,VSM.LayoutRemap,0,1
105,5970,7653.6055594,1,VSM.ResetFeedback,0,1
105,5970,7653.6055594,1,VSM.MarkReceiverPages,678400,1
105,5970,7653.6055594,1,VSM.Allocate,224256,1
105,5970,7653.6055594,1,VSM.InvalidateStatic,0,0
105,5970,7653.6055594,1,VSM.ClearPhysicalPages,89856,1
105,5970,7653.6055594,1,VSM.StaticCasterCull,69376,1
105,5970,7653.6055594,1,VSM.DynamicCasterCull,45056,1
105,5970,7653.6055594,1,VSM.PageCull,81408,2
105,5970,7653.6055594,1,VSM.StaticRaster,6912,1
105,5970,7653.6055594,1,VSM.FinalizePages,1792,1
105,5970,7653.6055594,1,VSM.DynamicRaster,32768,1
105,5970,7653.6055594,1,VSM.UnityCompatibilityRaster,0,0
105,5970,7653.6055594,1,VSM.Resolve,10609920,1
105,5970,7653.6055594,1,VSM.ResolveTrace,10391808,1
105,5970,7653.6055594,1,VSM.FilterHorizontal,64512,1
105,5970,7653.6055594,1,VSM.FilterVertical,0,0
105,5970,7653.6055594,1,VSM.FilterTemporalVertical,152576,1
106,5971,7653.6306921,1,VSM.PageOccupancy,57344,1
106,5971,7653.6306921,1,VSM.LayoutRemap,0,1
106,5971,7653.6306921,1,VSM.ResetFeedback,0,1
106,5971,7653.6306921,1,VSM.MarkReceiverPages,679680,1
106,5971,7653.6306921,1,VSM.Allocate,224000,1
106,5971,7653.6306921,1,VSM.InvalidateStatic,0,0
106,5971,7653.6306921,1,VSM.ClearPhysicalPages,405248,1
106,5971,7653.6306921,1,VSM.StaticCasterCull,72192,1
106,5971,7653.6306921,1,VSM.DynamicCasterCull,44288,1
106,5971,7653.6306921,1,VSM.PageCull,77824,2
106,5971,7653.6306921,1,VSM.StaticRaster,6912,1
106,5971,7653.6306921,1,VSM.FinalizePages,1792,1
106,5971,7653.6306921,1,VSM.DynamicRaster,41728,1
106,5971,7653.6306921,1,VSM.UnityCompatibilityRaster,0,0
106,5971,7653.6306921,1,VSM.Resolve,11994368,1
106,5971,7653.6306921,1,VSM.ResolveTrace,11773184,1
106,5971,7653.6306921,1,VSM.FilterHorizontal,66048,1
106,5971,7653.6306921,1,VSM.FilterVertical,0,0
106,5971,7653.6306921,1,VSM.FilterTemporalVertical,153856,1
107,5972,7653.6546116,1,VSM.PageOccupancy,56576,1
107,5972,7653.6546116,1,VSM.LayoutRemap,0,1
107,5972,7653.6546116,1,VSM.ResetFeedback,0,1
107,5972,7653.6546116,1,VSM.MarkReceiverPages,679424,1
107,5972,7653.6546116,1,VSM.Allocate,224512,1
107,5972,7653.6546116,1,VSM.InvalidateStatic,0,0
107,5972,7653.6546116,1,VSM.ClearPhysicalPages,90112,1
107,5972,7653.6546116,1,VSM.StaticCasterCull,69888,1
107,5972,7653.6546116,1,VSM.DynamicCasterCull,43520,1
107,5972,7653.6546116,1,VSM.PageCull,79616,2
107,5972,7653.6546116,1,VSM.StaticRaster,7168,1
107,5972,7653.6546116,1,VSM.FinalizePages,2048,1
107,5972,7653.6546116,1,VSM.DynamicRaster,32768,1
107,5972,7653.6546116,1,VSM.UnityCompatibilityRaster,0,0
107,5972,7653.6546116,1,VSM.Resolve,12520192,1
107,5972,7653.6546116,1,VSM.ResolveTrace,12285184,1
107,5972,7653.6546116,1,VSM.FilterHorizontal,64768,1
107,5972,7653.6546116,1,VSM.FilterVertical,0,0
107,5972,7653.6546116,1,VSM.FilterTemporalVertical,168960,1
108,5973,7653.6788318,1,VSM.PageOccupancy,55296,1
108,5973,7653.6788318,1,VSM.LayoutRemap,0,1
108,5973,7653.6788318,1,VSM.ResetFeedback,0,1
108,5973,7653.6788318,1,VSM.MarkReceiverPages,683776,1
108,5973,7653.6788318,1,VSM.Allocate,222720,1
108,5973,7653.6788318,1,VSM.InvalidateStatic,0,0
108,5973,7653.6788318,1,VSM.ClearPhysicalPages,282112,1
108,5973,7653.6788318,1,VSM.StaticCasterCull,70144,1
108,5973,7653.6788318,1,VSM.DynamicCasterCull,44288,1
108,5973,7653.6788318,1,VSM.PageCull,78080,2
108,5973,7653.6788318,1,VSM.StaticRaster,7168,1
108,5973,7653.6788318,1,VSM.FinalizePages,1792,1
108,5973,7653.6788318,1,VSM.DynamicRaster,32000,1
108,5973,7653.6788318,1,VSM.UnityCompatibilityRaster,0,0
108,5973,7653.6788318,1,VSM.Resolve,11944960,1
108,5973,7653.6788318,1,VSM.ResolveTrace,11724800,1
108,5973,7653.6788318,1,VSM.FilterHorizontal,64512,1
108,5973,7653.6788318,1,VSM.FilterVertical,0,0
108,5973,7653.6788318,1,VSM.FilterTemporalVertical,154368,1
109,5974,7653.7051243,1,VSM.PageOccupancy,55296,1
109,5974,7653.7051243,1,VSM.LayoutRemap,0,1
109,5974,7653.7051243,1,VSM.ResetFeedback,0,1
109,5974,7653.7051243,1,VSM.MarkReceiverPages,683776,1
109,5974,7653.7051243,1,VSM.Allocate,222720,1
109,5974,7653.7051243,1,VSM.InvalidateStatic,0,0
109,5974,7653.7051243,1,VSM.ClearPhysicalPages,338688,1
109,5974,7653.7051243,1,VSM.StaticCasterCull,67072,1
109,5974,7653.7051243,1,VSM.DynamicCasterCull,43776,1
109,5974,7653.7051243,1,VSM.PageCull,77312,2
109,5974,7653.7051243,1,VSM.StaticRaster,7424,1
109,5974,7653.7051243,1,VSM.FinalizePages,2560,1
109,5974,7653.7051243,1,VSM.DynamicRaster,32768,1
109,5974,7653.7051243,1,VSM.UnityCompatibilityRaster,0,0
109,5974,7653.7051243,1,VSM.Resolve,11597056,1
109,5974,7653.7051243,1,VSM.ResolveTrace,11378176,1
109,5974,7653.7051243,1,VSM.FilterHorizontal,65024,1
109,5974,7653.7051243,1,VSM.FilterVertical,0,0
109,5974,7653.7051243,1,VSM.FilterTemporalVertical,152320,1
110,5975,7653.7303471999994,1,VSM.PageOccupancy,54784,1
110,5975,7653.7303471999994,1,VSM.LayoutRemap,0,1
110,5975,7653.7303471999994,1,VSM.ResetFeedback,0,1
110,5975,7653.7303471999994,1,VSM.MarkReceiverPages,680704,1
110,5975,7653.7303471999994,1,VSM.Allocate,224512,1
110,5975,7653.7303471999994,1,VSM.InvalidateStatic,0,0
110,5975,7653.7303471999994,1,VSM.ClearPhysicalPages,268032,1
110,5975,7653.7303471999994,1,VSM.StaticCasterCull,74496,1
110,5975,7653.7303471999994,1,VSM.DynamicCasterCull,43264,1
110,5975,7653.7303471999994,1,VSM.PageCull,79616,2
110,5975,7653.7303471999994,1,VSM.StaticRaster,3072,1
110,5975,7653.7303471999994,1,VSM.FinalizePages,2304,1
110,5975,7653.7303471999994,1,VSM.DynamicRaster,33024,1
110,5975,7653.7303471999994,1,VSM.UnityCompatibilityRaster,0,0
110,5975,7653.7303471999994,1,VSM.Resolve,11128064,1
110,5975,7653.7303471999994,1,VSM.ResolveTrace,10907904,1
110,5975,7653.7303471999994,1,VSM.FilterHorizontal,65792,1
110,5975,7653.7303471999994,1,VSM.FilterVertical,0,0
110,5975,7653.7303471999994,1,VSM.FilterTemporalVertical,153088,1
111,5976,7653.7556339999992,1,VSM.PageOccupancy,54528,1
111,5976,7653.7556339999992,1,VSM.LayoutRemap,0,1
111,5976,7653.7556339999992,1,VSM.ResetFeedback,0,1
111,5976,7653.7556339999992,1,VSM.MarkReceiverPages,681984,1
111,5976,7653.7556339999992,1,VSM.Allocate,262144,1
111,5976,7653.7556339999992,1,VSM.InvalidateStatic,0,0
111,5976,7653.7556339999992,1,VSM.ClearPhysicalPages,90624,1
111,5976,7653.7556339999992,1,VSM.StaticCasterCull,66048,1
111,5976,7653.7556339999992,1,VSM.DynamicCasterCull,45568,1
111,5976,7653.7556339999992,1,VSM.PageCull,78336,2
111,5976,7653.7556339999992,1,VSM.StaticRaster,24832,1
111,5976,7653.7556339999992,1,VSM.FinalizePages,2048,1
111,5976,7653.7556339999992,1,VSM.DynamicRaster,30976,1
111,5976,7653.7556339999992,1,VSM.UnityCompatibilityRaster,0,0
111,5976,7653.7556339999992,1,VSM.Resolve,11937024,1
111,5976,7653.7556339999992,1,VSM.ResolveTrace,11717120,1
111,5976,7653.7556339999992,1,VSM.FilterHorizontal,66048,1
111,5976,7653.7556339999992,1,VSM.FilterVertical,0,0
111,5976,7653.7556339999992,1,VSM.FilterTemporalVertical,152576,1
112,5977,7653.7791242999992,1,VSM.PageOccupancy,54528,1
112,5977,7653.7791242999992,1,VSM.LayoutRemap,0,1
112,5977,7653.7791242999992,1,VSM.ResetFeedback,0,1
112,5977,7653.7791242999992,1,VSM.MarkReceiverPages,880128,1
112,5977,7653.7791242999992,1,VSM.Allocate,260352,1
112,5977,7653.7791242999992,1,VSM.InvalidateStatic,0,0
112,5977,7653.7791242999992,1,VSM.ClearPhysicalPages,90368,1
112,5977,7653.7791242999992,1,VSM.StaticCasterCull,66560,1
112,5977,7653.7791242999992,1,VSM.DynamicCasterCull,46080,1
112,5977,7653.7791242999992,1,VSM.PageCull,79616,2
112,5977,7653.7791242999992,1,VSM.StaticRaster,32768,1
112,5977,7653.7791242999992,1,VSM.FinalizePages,2048,1
112,5977,7653.7791242999992,1,VSM.DynamicRaster,31744,1
112,5977,7653.7791242999992,1,VSM.UnityCompatibilityRaster,0,0
112,5977,7653.7791242999992,1,VSM.Resolve,11691520,1
112,5977,7653.7791242999992,1,VSM.ResolveTrace,11133440,1
112,5977,7653.7791242999992,1,VSM.FilterHorizontal,67328,1
112,5977,7653.7791242999992,1,VSM.FilterVertical,0,0
112,5977,7653.7791242999992,1,VSM.FilterTemporalVertical,156416,1
113,5978,7653.803445,1,VSM.PageOccupancy,57600,1
113,5978,7653.803445,1,VSM.LayoutRemap,0,1
113,5978,7653.803445,1,VSM.ResetFeedback,0,1
113,5978,7653.803445,1,VSM.MarkReceiverPages,678912,1
113,5978,7653.803445,1,VSM.Allocate,224768,1
113,5978,7653.803445,1,VSM.InvalidateStatic,0,0
113,5978,7653.803445,1,VSM.ClearPhysicalPages,353280,1
113,5978,7653.803445,1,VSM.StaticCasterCull,68864,1
113,5978,7653.803445,1,VSM.DynamicCasterCull,44800,1
113,5978,7653.803445,1,VSM.PageCull,79360,2
113,5978,7653.803445,1,VSM.StaticRaster,3328,1
113,5978,7653.803445,1,VSM.FinalizePages,2304,1
113,5978,7653.803445,1,VSM.DynamicRaster,33536,1
113,5978,7653.803445,1,VSM.UnityCompatibilityRaster,0,0
113,5978,7653.803445,1,VSM.Resolve,12429056,1
113,5978,7653.803445,1,VSM.ResolveTrace,12208384,1
113,5978,7653.803445,1,VSM.FilterHorizontal,65792,1
113,5978,7653.803445,1,VSM.FilterVertical,0,0
113,5978,7653.803445,1,VSM.FilterTemporalVertical,153856,1
114,5979,7653.8287748999992,1,VSM.PageOccupancy,54272,1
114,5979,7653.8287748999992,1,VSM.LayoutRemap,0,1
114,5979,7653.8287748999992,1,VSM.ResetFeedback,0,1
114,5979,7653.8287748999992,1,VSM.MarkReceiverPages,879872,1
114,5979,7653.8287748999992,1,VSM.Allocate,222720,1
114,5979,7653.8287748999992,1,VSM.InvalidateStatic,0,0
114,5979,7653.8287748999992,1,VSM.ClearPhysicalPages,90112,1
114,5979,7653.8287748999992,1,VSM.StaticCasterCull,65536,1
114,5979,7653.8287748999992,1,VSM.DynamicCasterCull,45568,1
114,5979,7653.8287748999992,1,VSM.PageCull,77824,2
114,5979,7653.8287748999992,1,VSM.StaticRaster,7168,1
114,5979,7653.8287748999992,1,VSM.FinalizePages,2304,1
114,5979,7653.8287748999992,1,VSM.DynamicRaster,33280,1
114,5979,7653.8287748999992,1,VSM.UnityCompatibilityRaster,0,0
114,5979,7653.8287748999992,1,VSM.Resolve,10832128,1
114,5979,7653.8287748999992,1,VSM.ResolveTrace,10612992,1
114,5979,7653.8287748999992,1,VSM.FilterHorizontal,65280,1
114,5979,7653.8287748999992,1,VSM.FilterVertical,0,0
114,5979,7653.8287748999992,1,VSM.FilterTemporalVertical,152576,1
115,5980,7653.8508416999994,1,VSM.PageOccupancy,54784,1
115,5980,7653.8508416999994,1,VSM.LayoutRemap,0,1
115,5980,7653.8508416999994,1,VSM.ResetFeedback,0,1
115,5980,7653.8508416999994,1,VSM.MarkReceiverPages,680192,1
115,5980,7653.8508416999994,1,VSM.Allocate,224256,1
115,5980,7653.8508416999994,1,VSM.InvalidateStatic,0,0
115,5980,7653.8508416999994,1,VSM.ClearPhysicalPages,332800,1
115,5980,7653.8508416999994,1,VSM.StaticCasterCull,68608,1
115,5980,7653.8508416999994,1,VSM.DynamicCasterCull,44800,1
115,5980,7653.8508416999994,1,VSM.PageCull,80384,2
115,5980,7653.8508416999994,1,VSM.StaticRaster,7168,1
115,5980,7653.8508416999994,1,VSM.FinalizePages,1792,1
115,5980,7653.8508416999994,1,VSM.DynamicRaster,34560,1
115,5980,7653.8508416999994,1,VSM.UnityCompatibilityRaster,0,0
115,5980,7653.8508416999994,1,VSM.Resolve,11713536,1
115,5980,7653.8508416999994,1,VSM.ResolveTrace,11491072,1
115,5980,7653.8508416999994,1,VSM.FilterHorizontal,66560,1
115,5980,7653.8508416999994,1,VSM.FilterVertical,0,0
115,5980,7653.8508416999994,1,VSM.FilterTemporalVertical,154880,1
116,5981,7653.8724121,1,VSM.PageOccupancy,54528,1
116,5981,7653.8724121,1,VSM.LayoutRemap,0,1
116,5981,7653.8724121,1,VSM.ResetFeedback,0,1
116,5981,7653.8724121,1,VSM.MarkReceiverPages,676352,1
116,5981,7653.8724121,1,VSM.Allocate,225280,1
116,5981,7653.8724121,1,VSM.InvalidateStatic,0,0
116,5981,7653.8724121,1,VSM.ClearPhysicalPages,89856,1
116,5981,7653.8724121,1,VSM.StaticCasterCull,66304,1
116,5981,7653.8724121,1,VSM.DynamicCasterCull,43008,1
116,5981,7653.8724121,1,VSM.PageCull,76032,2
116,5981,7653.8724121,1,VSM.StaticRaster,7424,1
116,5981,7653.8724121,1,VSM.FinalizePages,1792,1
116,5981,7653.8724121,1,VSM.DynamicRaster,33792,1
116,5981,7653.8724121,1,VSM.UnityCompatibilityRaster,0,0
116,5981,7653.8724121,1,VSM.Resolve,11292928,1
116,5981,7653.8724121,1,VSM.ResolveTrace,11074048,1
116,5981,7653.8724121,1,VSM.FilterHorizontal,65792,1
116,5981,7653.8724121,1,VSM.FilterVertical,0,0
116,5981,7653.8724121,1,VSM.FilterTemporalVertical,152064,1
117,5982,7653.8962126999995,1,VSM.PageOccupancy,54528,1
117,5982,7653.8962126999995,1,VSM.LayoutRemap,0,1
117,5982,7653.8962126999995,1,VSM.ResetFeedback,0,1
117,5982,7653.8962126999995,1,VSM.MarkReceiverPages,675072,1
117,5982,7653.8962126999995,1,VSM.Allocate,261376,1
117,5982,7653.8962126999995,1,VSM.InvalidateStatic,0,0
117,5982,7653.8962126999995,1,VSM.ClearPhysicalPages,90368,1
117,5982,7653.8962126999995,1,VSM.StaticCasterCull,66816,1
117,5982,7653.8962126999995,1,VSM.DynamicCasterCull,46848,1
117,5982,7653.8962126999995,1,VSM.PageCull,79872,2
117,5982,7653.8962126999995,1,VSM.StaticRaster,43520,1
117,5982,7653.8962126999995,1,VSM.FinalizePages,2048,1
117,5982,7653.8962126999995,1,VSM.DynamicRaster,33280,1
117,5982,7653.8962126999995,1,VSM.UnityCompatibilityRaster,0,0
117,5982,7653.8962126999995,1,VSM.Resolve,10869760,1
117,5982,7653.8962126999995,1,VSM.ResolveTrace,10648832,1
117,5982,7653.8962126999995,1,VSM.FilterHorizontal,65024,1
117,5982,7653.8962126999995,1,VSM.FilterVertical,0,0
117,5982,7653.8962126999995,1,VSM.FilterTemporalVertical,154624,1
118,5983,7653.9181574999993,1,VSM.PageOccupancy,55552,1
118,5983,7653.9181574999993,1,VSM.LayoutRemap,0,1
118,5983,7653.9181574999993,1,VSM.ResetFeedback,0,1
118,5983,7653.9181574999993,1,VSM.MarkReceiverPages,678400,1
118,5983,7653.9181574999993,1,VSM.Allocate,221696,1
118,5983,7653.9181574999993,1,VSM.InvalidateStatic,0,0
118,5983,7653.9181574999993,1,VSM.ClearPhysicalPages,89600,1
118,5983,7653.9181574999993,1,VSM.StaticCasterCull,67072,1
118,5983,7653.9181574999993,1,VSM.DynamicCasterCull,43008,1
118,5983,7653.9181574999993,1,VSM.PageCull,76800,2
118,5983,7653.9181574999993,1,VSM.StaticRaster,10752,1
118,5983,7653.9181574999993,1,VSM.FinalizePages,1792,1
118,5983,7653.9181574999993,1,VSM.DynamicRaster,35072,1
118,5983,7653.9181574999993,1,VSM.UnityCompatibilityRaster,0,0
118,5983,7653.9181574999993,1,VSM.Resolve,10206720,1
118,5983,7653.9181574999993,1,VSM.ResolveTrace,9804288,1
118,5983,7653.9181574999993,1,VSM.FilterHorizontal,65024,1
118,5983,7653.9181574999993,1,VSM.FilterVertical,0,0
118,5983,7653.9181574999993,1,VSM.FilterTemporalVertical,152576,1
119,5984,7653.9427121,1,VSM.PageOccupancy,56576,1
119,5984,7653.9427121,1,VSM.LayoutRemap,0,1
119,5984,7653.9427121,1,VSM.ResetFeedback,0,1
119,5984,7653.9427121,1,VSM.MarkReceiverPages,673792,1
119,5984,7653.9427121,1,VSM.Allocate,224000,1
119,5984,7653.9427121,1,VSM.InvalidateStatic,0,0
119,5984,7653.9427121,1,VSM.ClearPhysicalPages,89600,1
119,5984,7653.9427121,1,VSM.StaticCasterCull,66304,1
119,5984,7653.9427121,1,VSM.DynamicCasterCull,43776,1
119,5984,7653.9427121,1,VSM.PageCull,77056,2
119,5984,7653.9427121,1,VSM.StaticRaster,7168,1
119,5984,7653.9427121,1,VSM.FinalizePages,1792,1
119,5984,7653.9427121,1,VSM.DynamicRaster,34048,1
119,5984,7653.9427121,1,VSM.UnityCompatibilityRaster,0,0
119,5984,7653.9427121,1,VSM.Resolve,10501376,1
119,5984,7653.9427121,1,VSM.ResolveTrace,10280960,1
119,5984,7653.9427121,1,VSM.FilterHorizontal,65024,1
119,5984,7653.9427121,1,VSM.FilterVertical,0,0
119,5984,7653.9427121,1,VSM.FilterTemporalVertical,154112,1
120,5985,7653.9655263999994,1,VSM.PageOccupancy,56576,1
120,5985,7653.9655263999994,1,VSM.LayoutRemap,0,1
120,5985,7653.9655263999994,1,VSM.ResetFeedback,0,1
120,5985,7653.9655263999994,1,VSM.MarkReceiverPages,675328,1
120,5985,7653.9655263999994,1,VSM.Allocate,221952,1
120,5985,7653.9655263999994,1,VSM.InvalidateStatic,0,0
120,5985,7653.9655263999994,1,VSM.ClearPhysicalPages,90112,1
120,5985,7653.9655263999994,1,VSM.StaticCasterCull,67840,1
120,5985,7653.9655263999994,1,VSM.DynamicCasterCull,43264,1
120,5985,7653.9655263999994,1,VSM.PageCull,78080,2
120,5985,7653.9655263999994,1,VSM.StaticRaster,4608,1
120,5985,7653.9655263999994,1,VSM.FinalizePages,2560,1
120,5985,7653.9655263999994,1,VSM.DynamicRaster,34304,1
120,5985,7653.9655263999994,1,VSM.UnityCompatibilityRaster,0,0
120,5985,7653.9655263999994,1,VSM.Resolve,10258944,1
120,5985,7653.9655263999994,1,VSM.ResolveTrace,10039296,1
120,5985,7653.9655263999994,1,VSM.FilterHorizontal,64768,1
120,5985,7653.9655263999994,1,VSM.FilterVertical,0,0
120,5985,7653.9655263999994,1,VSM.FilterTemporalVertical,153600,1
121,5986,7653.989532,1,VSM.PageOccupancy,56320,1
121,5986,7653.989532,1,VSM.LayoutRemap,0,1
121,5986,7653.989532,1,VSM.ResetFeedback,0,1
121,5986,7653.989532,1,VSM.MarkReceiverPages,674560,1
121,5986,7653.989532,1,VSM.Allocate,259328,1
121,5986,7653.989532,1,VSM.InvalidateStatic,0,0
121,5986,7653.989532,1,VSM.ClearPhysicalPages,90624,1
121,5986,7653.989532,1,VSM.StaticCasterCull,67072,1
121,5986,7653.989532,1,VSM.DynamicCasterCull,48384,1
121,5986,7653.989532,1,VSM.PageCull,82432,2
121,5986,7653.989532,1,VSM.StaticRaster,30720,1
121,5986,7653.989532,1,VSM.FinalizePages,1792,1
121,5986,7653.989532,1,VSM.DynamicRaster,33536,1
121,5986,7653.989532,1,VSM.UnityCompatibilityRaster,0,0
121,5986,7653.989532,1,VSM.Resolve,11117568,1
121,5986,7653.989532,1,VSM.ResolveTrace,10689280,1
121,5986,7653.989532,1,VSM.FilterHorizontal,65280,1
121,5986,7653.989532,1,VSM.FilterVertical,0,0
121,5986,7653.989532,1,VSM.FilterTemporalVertical,361984,1
122,5987,7654.0133050999993,1,VSM.PageOccupancy,54784,1
122,5987,7654.0133050999993,1,VSM.LayoutRemap,0,1
122,5987,7654.0133050999993,1,VSM.ResetFeedback,0,1
122,5987,7654.0133050999993,1,VSM.MarkReceiverPages,874240,1
122,5987,7654.0133050999993,1,VSM.Allocate,224256,1
122,5987,7654.0133050999993,1,VSM.InvalidateStatic,0,0
122,5987,7654.0133050999993,1,VSM.ClearPhysicalPages,89856,1
122,5987,7654.0133050999993,1,VSM.StaticCasterCull,66560,1
122,5987,7654.0133050999993,1,VSM.DynamicCasterCull,43264,1
122,5987,7654.0133050999993,1,VSM.PageCull,76544,2
122,5987,7654.0133050999993,1,VSM.StaticRaster,3072,1
122,5987,7654.0133050999993,1,VSM.FinalizePages,2304,1
122,5987,7654.0133050999993,1,VSM.DynamicRaster,41728,1
122,5987,7654.0133050999993,1,VSM.UnityCompatibilityRaster,0,0
122,5987,7654.0133050999993,1,VSM.Resolve,9955584,1
122,5987,7654.0133050999993,1,VSM.ResolveTrace,9736192,1
122,5987,7654.0133050999993,1,VSM.FilterHorizontal,65024,1
122,5987,7654.0133050999993,1,VSM.FilterVertical,0,0
122,5987,7654.0133050999993,1,VSM.FilterTemporalVertical,153600,1
123,5988,7654.0371282999995,1,VSM.PageOccupancy,56576,1
123,5988,7654.0371282999995,1,VSM.LayoutRemap,0,1
123,5988,7654.0371282999995,1,VSM.ResetFeedback,0,1
123,5988,7654.0371282999995,1,VSM.MarkReceiverPages,668416,1
123,5988,7654.0371282999995,1,VSM.Allocate,258560,1
123,5988,7654.0371282999995,1,VSM.InvalidateStatic,0,0
123,5988,7654.0371282999995,1,VSM.ClearPhysicalPages,90368,1
123,5988,7654.0371282999995,1,VSM.StaticCasterCull,67840,1
123,5988,7654.0371282999995,1,VSM.DynamicCasterCull,46848,1
123,5988,7654.0371282999995,1,VSM.PageCull,81408,2
123,5988,7654.0371282999995,1,VSM.StaticRaster,27904,1
123,5988,7654.0371282999995,1,VSM.FinalizePages,2048,1
123,5988,7654.0371282999995,1,VSM.DynamicRaster,32768,1
123,5988,7654.0371282999995,1,VSM.UnityCompatibilityRaster,0,0
123,5988,7654.0371282999995,1,VSM.Resolve,10667264,1
123,5988,7654.0371282999995,1,VSM.ResolveTrace,10446336,1
123,5988,7654.0371282999995,1,VSM.FilterHorizontal,65024,1
123,5988,7654.0371282999995,1,VSM.FilterVertical,0,0
123,5988,7654.0371282999995,1,VSM.FilterTemporalVertical,154880,1
124,5989,7654.0621764,1,VSM.PageOccupancy,53760,1
124,5989,7654.0621764,1,VSM.LayoutRemap,0,1
124,5989,7654.0621764,1,VSM.ResetFeedback,0,1
124,5989,7654.0621764,1,VSM.MarkReceiverPages,672000,1
124,5989,7654.0621764,1,VSM.Allocate,221696,1
124,5989,7654.0621764,1,VSM.InvalidateStatic,0,0
124,5989,7654.0621764,1,VSM.ClearPhysicalPages,89344,1
124,5989,7654.0621764,1,VSM.StaticCasterCull,66048,1
124,5989,7654.0621764,1,VSM.DynamicCasterCull,43520,1
124,5989,7654.0621764,1,VSM.PageCull,76544,2
124,5989,7654.0621764,1,VSM.StaticRaster,7168,1
124,5989,7654.0621764,1,VSM.FinalizePages,2048,1
124,5989,7654.0621764,1,VSM.DynamicRaster,36608,1
124,5989,7654.0621764,1,VSM.UnityCompatibilityRaster,0,0
124,5989,7654.0621764,1,VSM.Resolve,10992640,1
124,5989,7654.0621764,1,VSM.ResolveTrace,10604032,1
124,5989,7654.0621764,1,VSM.FilterHorizontal,64768,1
124,5989,7654.0621764,1,VSM.FilterVertical,0,0
124,5989,7654.0621764,1,VSM.FilterTemporalVertical,322560,1
125,5990,7654.0862924999992,1,VSM.PageOccupancy,54016,1
125,5990,7654.0862924999992,1,VSM.LayoutRemap,0,1
125,5990,7654.0862924999992,1,VSM.ResetFeedback,0,1
125,5990,7654.0862924999992,1,VSM.MarkReceiverPages,669184,1
125,5990,7654.0862924999992,1,VSM.Allocate,220672,1
125,5990,7654.0862924999992,1,VSM.InvalidateStatic,0,0
125,5990,7654.0862924999992,1,VSM.ClearPhysicalPages,89856,1
125,5990,7654.0862924999992,1,VSM.StaticCasterCull,67072,1
125,5990,7654.0862924999992,1,VSM.DynamicCasterCull,41728,1
125,5990,7654.0862924999992,1,VSM.PageCull,76032,2
125,5990,7654.0862924999992,1,VSM.StaticRaster,3584,1
125,5990,7654.0862924999992,1,VSM.FinalizePages,2048,1
125,5990,7654.0862924999992,1,VSM.DynamicRaster,34048,1
125,5990,7654.0862924999992,1,VSM.UnityCompatibilityRaster,0,0
125,5990,7654.0862924999992,1,VSM.Resolve,10793472,1
125,5990,7654.0862924999992,1,VSM.ResolveTrace,10572544,1
125,5990,7654.0862924999992,1,VSM.FilterHorizontal,64768,1
125,5990,7654.0862924999992,1,VSM.FilterVertical,0,0
125,5990,7654.0862924999992,1,VSM.FilterTemporalVertical,154880,1
126,5991,7654.107942,1,VSM.PageOccupancy,57088,1
126,5991,7654.107942,1,VSM.LayoutRemap,0,1
126,5991,7654.107942,1,VSM.ResetFeedback,0,1
126,5991,7654.107942,1,VSM.MarkReceiverPages,671744,1
126,5991,7654.107942,1,VSM.Allocate,220928,1
126,5991,7654.107942,1,VSM.InvalidateStatic,0,0
126,5991,7654.107942,1,VSM.ClearPhysicalPages,90880,1
126,5991,7654.107942,1,VSM.StaticCasterCull,66560,1
126,5991,7654.107942,1,VSM.DynamicCasterCull,42240,1
126,5991,7654.107942,1,VSM.PageCull,76544,2
126,5991,7654.107942,1,VSM.StaticRaster,7168,1
126,5991,7654.107942,1,VSM.FinalizePages,1792,1
126,5991,7654.107942,1,VSM.DynamicRaster,38144,1
126,5991,7654.107942,1,VSM.UnityCompatibilityRaster,0,0
126,5991,7654.107942,1,VSM.Resolve,10105856,1
126,5991,7654.107942,1,VSM.ResolveTrace,9883648,1
126,5991,7654.107942,1,VSM.FilterHorizontal,65024,1
126,5991,7654.107942,1,VSM.FilterVertical,0,0
126,5991,7654.107942,1,VSM.FilterTemporalVertical,156160,1
127,5992,7654.1307111999995,1,VSM.PageOccupancy,56576,1
127,5992,7654.1307111999995,1,VSM.LayoutRemap,0,1
127,5992,7654.1307111999995,1,VSM.ResetFeedback,0,1
127,5992,7654.1307111999995,1,VSM.MarkReceiverPages,672000,1
127,5992,7654.1307111999995,1,VSM.Allocate,221952,1
127,5992,7654.1307111999995,1,VSM.InvalidateStatic,0,0
127,5992,7654.1307111999995,1,VSM.ClearPhysicalPages,89600,1
127,5992,7654.1307111999995,1,VSM.StaticCasterCull,66816,1
127,5992,7654.1307111999995,1,VSM.DynamicCasterCull,41984,1
127,5992,7654.1307111999995,1,VSM.PageCull,75520,2
127,5992,7654.1307111999995,1,VSM.StaticRaster,6912,1
127,5992,7654.1307111999995,1,VSM.FinalizePages,2048,1
127,5992,7654.1307111999995,1,VSM.DynamicRaster,34560,1
127,5992,7654.1307111999995,1,VSM.UnityCompatibilityRaster,0,0
127,5992,7654.1307111999995,1,VSM.Resolve,10214912,1
127,5992,7654.1307111999995,1,VSM.ResolveTrace,9721856,1
127,5992,7654.1307111999995,1,VSM.FilterHorizontal,64512,1
127,5992,7654.1307111999995,1,VSM.FilterVertical,0,0
127,5992,7654.1307111999995,1,VSM.FilterTemporalVertical,156416,1
