observation,camera_frame_observed,editor_time_observed,vsm_active_observed,marker,gpu_ns,gpu_sample_count
0,259,8872.1890346,1,VSM.PageOccupancy,60928,1
0,259,8872.1890346,1,VSM.LayoutRemap,0,1
0,259,8872.1890346,1,VSM.ResetFeedback,0,1
0,259,8872.1890346,1,VSM.MarkReceiverPages,609536,1
0,259,8872.1890346,1,VSM.Allocate,228096,1
0,259,8872.1890346,1,VSM.InvalidateStatic,0,0
0,259,8872.1890346,1,VSM.ClearPhysicalPages,444416,1
0,259,8872.1890346,1,VSM.StaticCasterCull,70400,1
0,259,8872.1890346,1,VSM.DynamicCasterCull,0,1
0,259,8872.1890346,1,VSM.PageCull,46080,1
0,259,8872.1890346,1,VSM.StaticRaster,4096,1
0,259,8872.1890346,1,VSM.FinalizePages,2560,1
0,259,8872.1890346,1,VSM.DynamicRaster,12032,1
0,259,8872.1890346,1,VSM.UnityCompatibilityRaster,0,0
0,259,8872.1890346,1,VSM.Resolve,7041024,1
0,259,8872.1890346,1,VSM.ResolveTrace,6817536,1
0,259,8872.1890346,1,VSM.FilterHorizontal,65792,1
0,259,8872.1890346,1,VSM.FilterVertical,0,0
0,259,8872.1890346,1,VSM.FilterTemporalVertical,156672,1
1,260,8872.2083993,1,VSM.PageOccupancy,60928,1
1,260,8872.2083993,1,VSM.LayoutRemap,0,1
1,260,8872.2083993,1,VSM.ResetFeedback,0,1
1,260,8872.2083993,1,VSM.MarkReceiverPages,609792,1
1,260,8872.2083993,1,VSM.Allocate,226304,1
1,260,8872.2083993,1,VSM.InvalidateStatic,0,0
1,260,8872.2083993,1,VSM.ClearPhysicalPages,90368,1
1,260,8872.2083993,1,VSM.StaticCasterCull,506368,1
1,260,8872.2083993,1,VSM.DynamicCasterCull,0,1
1,260,8872.2083993,1,VSM.PageCull,49664,1
1,260,8872.2083993,1,VSM.StaticRaster,9216,1
1,260,8872.2083993,1,VSM.FinalizePages,2048,1
1,260,8872.2083993,1,VSM.DynamicRaster,17152,1
1,260,8872.2083993,1,VSM.UnityCompatibilityRaster,0,0
1,260,8872.2083993,1,VSM.Resolve,7908096,1
1,260,8872.2083993,1,VSM.ResolveTrace,7362304,1
1,260,8872.2083993,1,VSM.FilterHorizontal,67328,1
1,260,8872.2083993,1,VSM.FilterVertical,0,0
1,260,8872.2083993,1,VSM.FilterTemporalVertical,158208,1
2,261,8872.2282149,1,VSM.PageOccupancy,60160,1
2,261,8872.2282149,1,VSM.LayoutRemap,0,1
2,261,8872.2282149,1,VSM.ResetFeedback,0,1
2,261,8872.2282149,1,VSM.MarkReceiverPages,607488,1
2,261,8872.2282149,1,VSM.Allocate,225280,1
2,261,8872.2282149,1,VSM.InvalidateStatic,0,0
2,261,8872.2282149,1,VSM.ClearPhysicalPages,265216,1
2,261,8872.2282149,1,VSM.StaticCasterCull,70400,1
2,261,8872.2282149,1,VSM.DynamicCasterCull,0,1
2,261,8872.2282149,1,VSM.PageCull,49920,1
2,261,8872.2282149,1,VSM.StaticRaster,7424,1
2,261,8872.2282149,1,VSM.FinalizePages,1792,1
2,261,8872.2282149,1,VSM.DynamicRaster,14592,1
2,261,8872.2282149,1,VSM.UnityCompatibilityRaster,0,0
2,261,8872.2282149,1,VSM.Resolve,8841728,1
2,261,8872.2282149,1,VSM.ResolveTrace,8614656,1
2,261,8872.2282149,1,VSM.FilterHorizontal,67840,1
2,261,8872.2282149,1,VSM.FilterVertical,0,0
2,261,8872.2282149,1,VSM.FilterTemporalVertical,158464,1
3,262,8872.2454932,1,VSM.PageOccupancy,111616,1
3,262,8872.2454932,1,VSM.LayoutRemap,0,1
3,262,8872.2454932,1,VSM.ResetFeedback,0,1
3,262,8872.2454932,1,VSM.MarkReceiverPages,609792,1
3,262,8872.2454932,1,VSM.Allocate,226304,1
3,262,8872.2454932,1,VSM.InvalidateStatic,0,0
3,262,8872.2454932,1,VSM.ClearPhysicalPages,89344,1
3,262,8872.2454932,1,VSM.StaticCasterCull,965632,1
3,262,8872.2454932,1,VSM.DynamicCasterCull,0,1
3,262,8872.2454932,1,VSM.PageCull,48896,1
3,262,8872.2454932,1,VSM.StaticRaster,8704,1
3,262,8872.2454932,1,VSM.FinalizePages,2048,1
3,262,8872.2454932,1,VSM.DynamicRaster,15872,1
3,262,8872.2454932,1,VSM.UnityCompatibilityRaster,0,0
3,262,8872.2454932,1,VSM.Resolve,7912960,1
3,262,8872.2454932,1,VSM.ResolveTrace,7400192,1
3,262,8872.2454932,1,VSM.FilterHorizontal,352000,1
3,262,8872.2454932,1,VSM.FilterVertical,0,0
3,262,8872.2454932,1,VSM.FilterTemporalVertical,159744,1
4,263,8872.265280900001,1,VSM.PageOccupancy,61440,1
4,263,8872.265280900001,1,VSM.LayoutRemap,0,1
4,263,8872.265280900001,1,VSM.ResetFeedback,0,1
4,263,8872.265280900001,1,VSM.MarkReceiverPages,613120,1
4,263,8872.265280900001,1,VSM.Allocate,225792,1
4,263,8872.265280900001,1,VSM.InvalidateStatic,0,0
4,263,8872.265280900001,1,VSM.ClearPhysicalPages,90368,1
4,263,8872.265280900001,1,VSM.StaticCasterCull,63232,1
4,263,8872.265280900001,1,VSM.DynamicCasterCull,0,1
4,263,8872.265280900001,1,VSM.PageCull,44544,1
4,263,8872.265280900001,1,VSM.StaticRaster,7424,1
4,263,8872.265280900001,1,VSM.FinalizePages,2816,1
4,263,8872.265280900001,1,VSM.DynamicRaster,11520,1
4,263,8872.265280900001,1,VSM.UnityCompatibilityRaster,0,0
4,263,8872.265280900001,1,VSM.Resolve,7790848,1
4,263,8872.265280900001,1,VSM.ResolveTrace,7566592,1
4,263,8872.265280900001,1,VSM.FilterHorizontal,65792,1
4,263,8872.265280900001,1,VSM.FilterVertical,0,0
4,263,8872.265280900001,1,VSM.FilterTemporalVertical,157696,1
5,264,8872.2834304,1,VSM.PageOccupancy,60672,1
5,264,8872.2834304,1,VSM.LayoutRemap,0,1
5,264,8872.2834304,1,VSM.ResetFeedback,0,1
5,264,8872.2834304,1,VSM.MarkReceiverPages,607488,1
5,264,8872.2834304,1,VSM.Allocate,225536,1
5,264,8872.2834304,1,VSM.InvalidateStatic,0,0
5,264,8872.2834304,1,VSM.ClearPhysicalPages,440320,1
5,264,8872.2834304,1,VSM.StaticCasterCull,70144,1
5,264,8872.2834304,1,VSM.DynamicCasterCull,0,1
5,264,8872.2834304,1,VSM.PageCull,48896,1
5,264,8872.2834304,1,VSM.StaticRaster,7168,1
5,264,8872.2834304,1,VSM.FinalizePages,1792,1
5,264,8872.2834304,1,VSM.DynamicRaster,11520,1
5,264,8872.2834304,1,VSM.UnityCompatibilityRaster,0,0
5,264,8872.2834304,1,VSM.Resolve,6887680,1
5,264,8872.2834304,1,VSM.ResolveTrace,6661120,1
5,264,8872.2834304,1,VSM.FilterHorizontal,66816,1
5,264,8872.2834304,1,VSM.FilterVertical,0,0
5,264,8872.2834304,1,VSM.FilterTemporalVertical,158464,1
6,265,8872.3027417000012,1,VSM.PageOccupancy,60416,1
6,265,8872.3027417000012,1,VSM.LayoutRemap,0,1
6,265,8872.3027417000012,1,VSM.ResetFeedback,0,1
6,265,8872.3027417000012,1,VSM.MarkReceiverPages,606464,1
6,265,8872.3027417000012,1,VSM.Allocate,226816,1
6,265,8872.3027417000012,1,VSM.InvalidateStatic,0,0
6,265,8872.3027417000012,1,VSM.ClearPhysicalPages,438784,1
6,265,8872.3027417000012,1,VSM.StaticCasterCull,73472,1
6,265,8872.3027417000012,1,VSM.DynamicCasterCull,0,1
6,265,8872.3027417000012,1,VSM.PageCull,48640,1
6,265,8872.3027417000012,1,VSM.StaticRaster,7424,1
6,265,8872.3027417000012,1,VSM.FinalizePages,1792,1
6,265,8872.3027417000012,1,VSM.DynamicRaster,11776,1
6,265,8872.3027417000012,1,VSM.UnityCompatibilityRaster,0,0
6,265,8872.3027417000012,1,VSM.Resolve,8452352,1
6,265,8872.3027417000012,1,VSM.ResolveTrace,8225280,1
6,265,8872.3027417000012,1,VSM.FilterHorizontal,67328,1
6,265,8872.3027417000012,1,VSM.FilterVertical,0,0
6,265,8872.3027417000012,1,VSM.FilterTemporalVertical,158464,1
7,266,8872.3200951,1,VSM.PageOccupancy,60672,1
7,266,8872.3200951,1,VSM.LayoutRemap,0,1
7,266,8872.3200951,1,VSM.ResetFeedback,0,1
7,266,8872.3200951,1,VSM.MarkReceiverPages,893184,1
7,266,8872.3200951,1,VSM.Allocate,230144,1
7,266,8872.3200951,1,VSM.InvalidateStatic,0,0
7,266,8872.3200951,1,VSM.ClearPhysicalPages,91136,1
7,266,8872.3200951,1,VSM.StaticCasterCull,68352,1
7,266,8872.3200951,1,VSM.DynamicCasterCull,0,1
7,266,8872.3200951,1,VSM.PageCull,49664,1
7,266,8872.3200951,1,VSM.StaticRaster,3072,1
7,266,8872.3200951,1,VSM.FinalizePages,2304,1
7,266,8872.3200951,1,VSM.DynamicRaster,11264,1
7,266,8872.3200951,1,VSM.UnityCompatibilityRaster,0,0
7,266,8872.3200951,1,VSM.Resolve,6962432,1
7,266,8872.3200951,1,VSM.ResolveTrace,6737920,1
7,266,8872.3200951,1,VSM.FilterHorizontal,65536,1
7,266,8872.3200951,1,VSM.FilterVertical,0,0
7,266,8872.3200951,1,VSM.FilterTemporalVertical,157440,1
8,267,8872.3384107,1,VSM.PageOccupancy,60416,1
8,267,8872.3384107,1,VSM.LayoutRemap,0,1
8,267,8872.3384107,1,VSM.ResetFeedback,0,1
8,267,8872.3384107,1,VSM.MarkReceiverPages,607232,1
8,267,8872.3384107,1,VSM.Allocate,225536,1
8,267,8872.3384107,1,VSM.InvalidateStatic,0,0
8,267,8872.3384107,1,VSM.ClearPhysicalPages,640000,1
8,267,8872.3384107,1,VSM.StaticCasterCull,71424,1
8,267,8872.3384107,1,VSM.DynamicCasterCull,0,1
8,267,8872.3384107,1,VSM.PageCull,46336,1
8,267,8872.3384107,1,VSM.StaticRaster,7680,1
8,267,8872.3384107,1,VSM.FinalizePages,2560,1
8,267,8872.3384107,1,VSM.DynamicRaster,12032,1
8,267,8872.3384107,1,VSM.UnityCompatibilityRaster,0,0
8,267,8872.3384107,1,VSM.Resolve,7334912,1
8,267,8872.3384107,1,VSM.ResolveTrace,7114240,1
8,267,8872.3384107,1,VSM.FilterHorizontal,65280,1
8,267,8872.3384107,1,VSM.FilterVertical,0,0
8,267,8872.3384107,1,VSM.FilterTemporalVertical,154624,1
9,268,8872.3572771,1,VSM.PageOccupancy,58112,1
9,268,8872.3572771,1,VSM.LayoutRemap,0,1
9,268,8872.3572771,1,VSM.ResetFeedback,0,1
9,268,8872.3572771,1,VSM.MarkReceiverPages,607488,1
9,268,8872.3572771,1,VSM.Allocate,225536,1
9,268,8872.3572771,1,VSM.InvalidateStatic,0,0
9,268,8872.3572771,1,VSM.ClearPhysicalPages,89600,1
9,268,8872.3572771,1,VSM.StaticCasterCull,66304,1
9,268,8872.3572771,1,VSM.DynamicCasterCull,0,1
9,268,8872.3572771,1,VSM.PageCull,47872,1
9,268,8872.3572771,1,VSM.StaticRaster,7424,1
9,268,8872.3572771,1,VSM.FinalizePages,1536,1
9,268,8872.3572771,1,VSM.DynamicRaster,14080,1
9,268,8872.3572771,1,VSM.UnityCompatibilityRaster,0,0
9,268,8872.3572771,1,VSM.Resolve,7026176,1
9,268,8872.3572771,1,VSM.ResolveTrace,6799360,1
9,268,8872.3572771,1,VSM.FilterHorizontal,66048,1
9,268,8872.3572771,1,VSM.FilterVertical,0,0
9,268,8872.3572771,1,VSM.FilterTemporalVertical,159744,1
10,269,8872.3780373,1,VSM.PageOccupancy,60928,1
10,269,8872.3780373,1,VSM.LayoutRemap,0,1
10,269,8872.3780373,1,VSM.ResetFeedback,0,1
10,269,8872.3780373,1,VSM.MarkReceiverPages,607488,1
10,269,8872.3780373,1,VSM.Allocate,226304,1
10,269,8872.3780373,1,VSM.InvalidateStatic,0,0
10,269,8872.3780373,1,VSM.ClearPhysicalPages,90624,1
10,269,8872.3780373,1,VSM.StaticCasterCull,66304,1
10,269,8872.3780373,1,VSM.DynamicCasterCull,0,1
10,269,8872.3780373,1,VSM.PageCull,47104,1
10,269,8872.3780373,1,VSM.StaticRaster,4096,1
10,269,8872.3780373,1,VSM.FinalizePages,1536,1
10,269,8872.3780373,1,VSM.DynamicRaster,11776,1
10,269,8872.3780373,1,VSM.UnityCompatibilityRaster,0,0
10,269,8872.3780373,1,VSM.Resolve,7550720,1
10,269,8872.3780373,1,VSM.ResolveTrace,6982656,1
10,269,8872.3780373,1,VSM.FilterHorizontal,68096,1
10,269,8872.3780373,1,VSM.FilterVertical,0,0
10,269,8872.3780373,1,VSM.FilterTemporalVertical,158976,1
11,270,8872.3965345,1,VSM.PageOccupancy,60928,1
11,270,8872.3965345,1,VSM.LayoutRemap,0,1
11,270,8872.3965345,1,VSM.ResetFeedback,0,1
11,270,8872.3965345,1,VSM.MarkReceiverPages,609280,1
11,270,8872.3965345,1,VSM.Allocate,226048,1
11,270,8872.3965345,1,VSM.InvalidateStatic,0,0
11,270,8872.3965345,1,VSM.ClearPhysicalPages,445440,1
11,270,8872.3965345,1,VSM.StaticCasterCull,74496,1
11,270,8872.3965345,1,VSM.DynamicCasterCull,0,1
11,270,8872.3965345,1,VSM.PageCull,51200,1
11,270,8872.3965345,1,VSM.StaticRaster,6912,1
11,270,8872.3965345,1,VSM.FinalizePages,2304,1
11,270,8872.3965345,1,VSM.DynamicRaster,11776,1
11,270,8872.3965345,1,VSM.UnityCompatibilityRaster,0,0
11,270,8872.3965345,1,VSM.Resolve,7741184,1
11,270,8872.3965345,1,VSM.ResolveTrace,7095808,1
11,270,8872.3965345,1,VSM.FilterHorizontal,65024,1
11,270,8872.3965345,1,VSM.FilterVertical,0,0
11,270,8872.3965345,1,VSM.FilterTemporalVertical,579072,1
12,271,8872.4150167,1,VSM.PageOccupancy,59904,1
12,271,8872.4150167,1,VSM.LayoutRemap,0,1
12,271,8872.4150167,1,VSM.ResetFeedback,0,1
12,271,8872.4150167,1,VSM.MarkReceiverPages,611072,1
12,271,8872.4150167,1,VSM.Allocate,227072,1
12,271,8872.4150167,1,VSM.InvalidateStatic,0,0
12,271,8872.4150167,1,VSM.ClearPhysicalPages,274944,1
12,271,8872.4150167,1,VSM.StaticCasterCull,74240,1
12,271,8872.4150167,1,VSM.DynamicCasterCull,0,1
12,271,8872.4150167,1,VSM.PageCull,52224,1
12,271,8872.4150167,1,VSM.StaticRaster,7936,1
12,271,8872.4150167,1,VSM.FinalizePages,1536,1
12,271,8872.4150167,1,VSM.DynamicRaster,15104,1
12,271,8872.4150167,1,VSM.UnityCompatibilityRaster,0,0
12,271,8872.4150167,1,VSM.Resolve,8828672,1
12,271,8872.4150167,1,VSM.ResolveTrace,8602112,1
12,271,8872.4150167,1,VSM.FilterHorizontal,67584,1
12,271,8872.4150167,1,VSM.FilterVertical,0,0
12,271,8872.4150167,1,VSM.FilterTemporalVertical,157440,1
13,272,8872.433553,1,VSM.PageOccupancy,61696,1
13,272,8872.433553,1,VSM.LayoutRemap,0,1
13,272,8872.433553,1,VSM.ResetFeedback,0,1
13,272,8872.433553,1,VSM.MarkReceiverPages,609536,1
13,272,8872.433553,1,VSM.Allocate,227328,1
13,272,8872.433553,1,VSM.InvalidateStatic,0,0
13,272,8872.433553,1,VSM.ClearPhysicalPages,429056,1
13,272,8872.433553,1,VSM.StaticCasterCull,71936,1
13,272,8872.433553,1,VSM.DynamicCasterCull,256,1
13,272,8872.433553,1,VSM.PageCull,47104,1
13,272,8872.433553,1,VSM.StaticRaster,7168,1
13,272,8872.433553,1,VSM.FinalizePages,1792,1
13,272,8872.433553,1,VSM.DynamicRaster,10752,1
13,272,8872.433553,1,VSM.UnityCompatibilityRaster,0,0
13,272,8872.433553,1,VSM.Resolve,7246080,1
13,272,8872.433553,1,VSM.ResolveTrace,7017472,1
13,272,8872.433553,1,VSM.FilterHorizontal,67840,1
13,272,8872.433553,1,VSM.FilterVertical,0,0
13,272,8872.433553,1,VSM.FilterTemporalVertical,159488,1
14,273,8872.4525690000009,1,VSM.PageOccupancy,61696,1
14,273,8872.4525690000009,1,VSM.LayoutRemap,0,1
14,273,8872.4525690000009,1,VSM.ResetFeedback,0,1
14,273,8872.4525690000009,1,VSM.MarkReceiverPages,609280,1
14,273,8872.4525690000009,1,VSM.Allocate,225792,1
14,273,8872.4525690000009,1,VSM.InvalidateStatic,0,0
14,273,8872.4525690000009,1,VSM.ClearPhysicalPages,90624,1
14,273,8872.4525690000009,1,VSM.StaticCasterCull,70656,1
14,273,8872.4525690000009,1,VSM.DynamicCasterCull,0,1
14,273,8872.4525690000009,1,VSM.PageCull,51968,1
14,273,8872.4525690000009,1,VSM.StaticRaster,3072,1
14,273,8872.4525690000009,1,VSM.FinalizePages,1792,1
14,273,8872.4525690000009,1,VSM.DynamicRaster,13312,1
14,273,8872.4525690000009,1,VSM.UnityCompatibilityRaster,0,0
14,273,8872.4525690000009,1,VSM.Resolve,7763712,1
14,273,8872.4525690000009,1,VSM.ResolveTrace,7534336,1
14,273,8872.4525690000009,1,VSM.FilterHorizontal,68096,1
14,273,8872.4525690000009,1,VSM.FilterVertical,0,0
14,273,8872.4525690000009,1,VSM.FilterTemporalVertical,160256,1
15,274,8872.4716771,1,VSM.PageOccupancy,128768,1
15,274,8872.4716771,1,VSM.LayoutRemap,0,1
15,274,8872.4716771,1,VSM.ResetFeedback,0,1
15,274,8872.4716771,1,VSM.MarkReceiverPages,629504,1
15,274,8872.4716771,1,VSM.Allocate,228352,1
15,274,8872.4716771,1,VSM.InvalidateStatic,0,0
15,274,8872.4716771,1,VSM.ClearPhysicalPages,91392,1
15,274,8872.4716771,1,VSM.StaticCasterCull,66816,1
15,274,8872.4716771,1,VSM.DynamicCasterCull,0,1
15,274,8872.4716771,1,VSM.PageCull,47360,1
15,274,8872.4716771,1,VSM.StaticRaster,7168,1
15,274,8872.4716771,1,VSM.FinalizePages,1792,1
15,274,8872.4716771,1,VSM.DynamicRaster,11776,1
15,274,8872.4716771,1,VSM.UnityCompatibilityRaster,0,0
15,274,8872.4716771,1,VSM.Resolve,7440640,1
15,274,8872.4716771,1,VSM.ResolveTrace,7215360,1
15,274,8872.4716771,1,VSM.FilterHorizontal,67328,1
15,274,8872.4716771,1,VSM.FilterVertical,0,0
15,274,8872.4716771,1,VSM.FilterTemporalVertical,156928,1
16,275,8872.4901326,1,VSM.PageOccupancy,58112,1
16,275,8872.4901326,1,VSM.LayoutRemap,0,1
16,275,8872.4901326,1,VSM.ResetFeedback,0,1
16,275,8872.4901326,1,VSM.MarkReceiverPages,609536,1
16,275,8872.4901326,1,VSM.Allocate,227840,1
16,275,8872.4901326,1,VSM.InvalidateStatic,0,0
16,275,8872.4901326,1,VSM.ClearPhysicalPages,701184,1
16,275,8872.4901326,1,VSM.StaticCasterCull,69632,1
16,275,8872.4901326,1,VSM.DynamicCasterCull,0,1
16,275,8872.4901326,1,VSM.PageCull,48640,1
16,275,8872.4901326,1,VSM.StaticRaster,7168,1
16,275,8872.4901326,1,VSM.FinalizePages,2048,1
16,275,8872.4901326,1,VSM.DynamicRaster,12544,1
16,275,8872.4901326,1,VSM.UnityCompatibilityRaster,0,0
16,275,8872.4901326,1,VSM.Resolve,7311104,1
16,275,8872.4901326,1,VSM.ResolveTrace,7083520,1
16,275,8872.4901326,1,VSM.FilterHorizontal,66304,1
16,275,8872.4901326,1,VSM.FilterVertical,0,0
16,275,8872.4901326,1,VSM.FilterTemporalVertical,160000,1
17,276,8872.5084951,1,VSM.PageOccupancy,61184,1
17,276,8872.5084951,1,VSM.LayoutRemap,0,1
17,276,8872.5084951,1,VSM.ResetFeedback,0,1
17,276,8872.5084951,1,VSM.MarkReceiverPages,609792,1
17,276,8872.5084951,1,VSM.Allocate,227328,1
17,276,8872.5084951,1,VSM.InvalidateStatic,0,0
17,276,8872.5084951,1,VSM.ClearPhysicalPages,90624,1
17,276,8872.5084951,1,VSM.StaticCasterCull,68864,1
17,276,8872.5084951,1,VSM.DynamicCasterCull,0,1
17,276,8872.5084951,1,VSM.PageCull,50176,1
17,276,8872.5084951,1,VSM.StaticRaster,3072,1
17,276,8872.5084951,1,VSM.FinalizePages,1536,1
17,276,8872.5084951,1,VSM.DynamicRaster,15360,1
17,276,8872.5084951,1,VSM.UnityCompatibilityRaster,0,0
17,276,8872.5084951,1,VSM.Resolve,7240960,1
17,276,8872.5084951,1,VSM.ResolveTrace,7010560,1
17,276,8872.5084951,1,VSM.FilterHorizontal,68096,1
17,276,8872.5084951,1,VSM.FilterVertical,0,0
17,276,8872.5084951,1,VSM.FilterTemporalVertical,160768,1
18,277,8872.5268127,1,VSM.PageOccupancy,60672,1
18,277,8872.5268127,1,VSM.LayoutRemap,0,1
18,277,8872.5268127,1,VSM.ResetFeedback,0,1
18,277,8872.5268127,1,VSM.MarkReceiverPages,607744,1
18,277,8872.5268127,1,VSM.Allocate,227584,1
18,277,8872.5268127,1,VSM.InvalidateStatic,0,0
18,277,8872.5268127,1,VSM.ClearPhysicalPages,443648,1
18,277,8872.5268127,1,VSM.StaticCasterCull,70656,1
18,277,8872.5268127,1,VSM.DynamicCasterCull,0,1
18,277,8872.5268127,1,VSM.PageCull,50688,1
18,277,8872.5268127,1,VSM.StaticRaster,7168,1
18,277,8872.5268127,1,VSM.FinalizePages,2560,1
18,277,8872.5268127,1,VSM.DynamicRaster,12288,1
18,277,8872.5268127,1,VSM.UnityCompatibilityRaster,0,0
18,277,8872.5268127,1,VSM.Resolve,6842368,1
18,277,8872.5268127,1,VSM.ResolveTrace,6620928,1
18,277,8872.5268127,1,VSM.FilterHorizontal,64256,1
18,277,8872.5268127,1,VSM.FilterVertical,0,0
18,277,8872.5268127,1,VSM.FilterTemporalVertical,155904,1
19,278,8872.5456262,1,VSM.PageOccupancy,60928,1
19,278,8872.5456262,1,VSM.LayoutRemap,0,1
19,278,8872.5456262,1,VSM.ResetFeedback,0,1
19,278,8872.5456262,1,VSM.MarkReceiverPages,606976,1
19,278,8872.5456262,1,VSM.Allocate,223232,1
19,278,8872.5456262,1,VSM.InvalidateStatic,0,0
19,278,8872.5456262,1,VSM.ClearPhysicalPages,89344,1
19,278,8872.5456262,1,VSM.StaticCasterCull,68096,1
19,278,8872.5456262,1,VSM.DynamicCasterCull,0,1
19,278,8872.5456262,1,VSM.PageCull,49408,1
19,278,8872.5456262,1,VSM.StaticRaster,3072,1
19,278,8872.5456262,1,VSM.FinalizePages,1536,1
19,278,8872.5456262,1,VSM.DynamicRaster,13312,1
19,278,8872.5456262,1,VSM.UnityCompatibilityRaster,0,0
19,278,8872.5456262,1,VSM.Resolve,7700736,1
19,278,8872.5456262,1,VSM.ResolveTrace,7155200,1
19,278,8872.5456262,1,VSM.FilterHorizontal,64256,1
19,278,8872.5456262,1,VSM.FilterVertical,0,0
19,278,8872.5456262,1,VSM.FilterTemporalVertical,480256,1
20,279,8872.5652877000011,1,VSM.PageOccupancy,61184,1
20,279,8872.5652877000011,1,VSM.LayoutRemap,0,1
20,279,8872.5652877000011,1,VSM.ResetFeedback,0,1
20,279,8872.5652877000011,1,VSM.MarkReceiverPages,608000,1
20,279,8872.5652877000011,1,VSM.Allocate,223488,1
20,279,8872.5652877000011,1,VSM.InvalidateStatic,0,0
20,279,8872.5652877000011,1,VSM.ClearPhysicalPages,276736,1
20,279,8872.5652877000011,1,VSM.StaticCasterCull,72704,1
20,279,8872.5652877000011,1,VSM.DynamicCasterCull,0,1
20,279,8872.5652877000011,1,VSM.PageCull,48896,1
20,279,8872.5652877000011,1,VSM.StaticRaster,7168,1
20,279,8872.5652877000011,1,VSM.FinalizePages,1792,1
20,279,8872.5652877000011,1,VSM.DynamicRaster,14592,1
20,279,8872.5652877000011,1,VSM.UnityCompatibilityRaster,0,0
20,279,8872.5652877000011,1,VSM.Resolve,7609856,1
20,279,8872.5652877000011,1,VSM.ResolveTrace,6882304,1
20,279,8872.5652877000011,1,VSM.FilterHorizontal,67584,1
20,279,8872.5652877000011,1,VSM.FilterVertical,0,0
20,279,8872.5652877000011,1,VSM.FilterTemporalVertical,160768,1
21,280,8872.5845875000014,1,VSM.PageOccupancy,67072,1
21,280,8872.5845875000014,1,VSM.LayoutRemap,0,1
21,280,8872.5845875000014,1,VSM.ResetFeedback,0,1
21,280,8872.5845875000014,1,VSM.MarkReceiverPages,606720,1
21,280,8872.5845875000014,1,VSM.Allocate,223744,1
21,280,8872.5845875000014,1,VSM.InvalidateStatic,0,0
21,280,8872.5845875000014,1,VSM.ClearPhysicalPages,566528,1
21,280,8872.5845875000014,1,VSM.StaticCasterCull,74752,1
21,280,8872.5845875000014,1,VSM.DynamicCasterCull,0,1
21,280,8872.5845875000014,1,VSM.PageCull,49920,1
21,280,8872.5845875000014,1,VSM.StaticRaster,11264,1
21,280,8872.5845875000014,1,VSM.FinalizePages,2048,1
21,280,8872.5845875000014,1,VSM.DynamicRaster,12544,1
21,280,8872.5845875000014,1,VSM.UnityCompatibilityRaster,0,0
21,280,8872.5845875000014,1,VSM.Resolve,7168000,1
21,280,8872.5845875000014,1,VSM.ResolveTrace,6940672,1
21,280,8872.5845875000014,1,VSM.FilterHorizontal,67584,1
21,280,8872.5845875000014,1,VSM.FilterVertical,0,0
21,280,8872.5845875000014,1,VSM.FilterTemporalVertical,158720,1
22,281,8872.6034701,1,VSM.PageOccupancy,60928,1
22,281,8872.6034701,1,VSM.LayoutRemap,0,1
22,281,8872.6034701,1,VSM.ResetFeedback,0,1
22,281,8872.6034701,1,VSM.MarkReceiverPages,606464,1
22,281,8872.6034701,1,VSM.Allocate,223744,1
22,281,8872.6034701,1,VSM.InvalidateStatic,0,0
22,281,8872.6034701,1,VSM.ClearPhysicalPages,240128,1
22,281,8872.6034701,1,VSM.StaticCasterCull,70144,1
22,281,8872.6034701,1,VSM.DynamicCasterCull,0,1
22,281,8872.6034701,1,VSM.PageCull,50688,1
22,281,8872.6034701,1,VSM.StaticRaster,7680,1
22,281,8872.6034701,1,VSM.FinalizePages,1792,1
22,281,8872.6034701,1,VSM.DynamicRaster,14080,1
22,281,8872.6034701,1,VSM.UnityCompatibilityRaster,0,0
22,281,8872.6034701,1,VSM.Resolve,8163072,1
22,281,8872.6034701,1,VSM.ResolveTrace,7941632,1
22,281,8872.6034701,1,VSM.FilterHorizontal,65280,1
22,281,8872.6034701,1,VSM.FilterVertical,0,0
22,281,8872.6034701,1,VSM.FilterTemporalVertical,155136,1
23,282,8872.6236875000013,1,VSM.PageOccupancy,62208,1
23,282,8872.6236875000013,1,VSM.LayoutRemap,0,1
23,282,8872.6236875000013,1,VSM.ResetFeedback,0,1
23,282,8872.6236875000013,1,VSM.MarkReceiverPages,1140992,1
23,282,8872.6236875000013,1,VSM.Allocate,228608,1
23,282,8872.6236875000013,1,VSM.InvalidateStatic,0,0
23,282,8872.6236875000013,1,VSM.ClearPhysicalPages,90112,1
23,282,8872.6236875000013,1,VSM.StaticCasterCull,67584,1
23,282,8872.6236875000013,1,VSM.DynamicCasterCull,0,1
23,282,8872.6236875000013,1,VSM.PageCull,48640,1
23,282,8872.6236875000013,1,VSM.StaticRaster,3328,1
23,282,8872.6236875000013,1,VSM.FinalizePages,1536,1
23,282,8872.6236875000013,1,VSM.DynamicRaster,13312,1
23,282,8872.6236875000013,1,VSM.UnityCompatibilityRaster,0,0
23,282,8872.6236875000013,1,VSM.Resolve,7394816,1
23,282,8872.6236875000013,1,VSM.ResolveTrace,7171840,1
23,282,8872.6236875000013,1,VSM.FilterHorizontal,66048,1
23,282,8872.6236875000013,1,VSM.FilterVertical,0,0
23,282,8872.6236875000013,1,VSM.FilterTemporalVertical,155904,1
24,283,8872.643716,1,VSM.PageOccupancy,62464,1
24,283,8872.643716,1,VSM.LayoutRemap,0,1
24,283,8872.643716,1,VSM.ResetFeedback,0,1
24,283,8872.643716,1,VSM.MarkReceiverPages,606976,1
24,283,8872.643716,1,VSM.Allocate,224768,1
24,283,8872.643716,1,VSM.InvalidateStatic,0,0
24,283,8872.643716,1,VSM.ClearPhysicalPages,545024,1
24,283,8872.643716,1,VSM.StaticCasterCull,74752,1
24,283,8872.643716,1,VSM.DynamicCasterCull,0,1
24,283,8872.643716,1,VSM.PageCull,48896,1
24,283,8872.643716,1,VSM.StaticRaster,7424,1
24,283,8872.643716,1,VSM.FinalizePages,2560,1
24,283,8872.643716,1,VSM.DynamicRaster,11520,1
24,283,8872.643716,1,VSM.UnityCompatibilityRaster,0,0
24,283,8872.643716,1,VSM.Resolve,6651136,1
24,283,8872.643716,1,VSM.ResolveTrace,6428416,1
24,283,8872.643716,1,VSM.FilterHorizontal,64256,1
24,283,8872.643716,1,VSM.FilterVertical,0,0
24,283,8872.643716,1,VSM.FilterTemporalVertical,157184,1
25,284,8872.6626327000013,1,VSM.PageOccupancy,59904,1
25,284,8872.6626327000013,1,VSM.LayoutRemap,0,1
25,284,8872.6626327000013,1,VSM.ResetFeedback,0,1
25,284,8872.6626327000013,1,VSM.MarkReceiverPages,1020672,1
25,284,8872.6626327000013,1,VSM.Allocate,230400,1
25,284,8872.6626327000013,1,VSM.InvalidateStatic,0,0
25,284,8872.6626327000013,1,VSM.ClearPhysicalPages,90368,1
25,284,8872.6626327000013,1,VSM.StaticCasterCull,69376,1
25,284,8872.6626327000013,1,VSM.DynamicCasterCull,0,1
25,284,8872.6626327000013,1,VSM.PageCull,50176,1
25,284,8872.6626327000013,1,VSM.StaticRaster,7680,1
25,284,8872.6626327000013,1,VSM.FinalizePages,1792,1
25,284,8872.6626327000013,1,VSM.DynamicRaster,14336,1
25,284,8872.6626327000013,1,VSM.UnityCompatibilityRaster,0,0
25,284,8872.6626327000013,1,VSM.Resolve,7360768,1
25,284,8872.6626327000013,1,VSM.ResolveTrace,7133184,1
25,284,8872.6626327000013,1,VSM.FilterHorizontal,67072,1
25,284,8872.6626327000013,1,VSM.FilterVertical,0,0
25,284,8872.6626327000013,1,VSM.FilterTemporalVertical,159232,1
26,285,8872.6828438000011,1,VSM.PageOccupancy,59648,1
26,285,8872.6828438000011,1,VSM.LayoutRemap,0,1
26,285,8872.6828438000011,1,VSM.ResetFeedback,0,1
26,285,8872.6828438000011,1,VSM.MarkReceiverPages,606720,1
26,285,8872.6828438000011,1,VSM.Allocate,224000,1
26,285,8872.6828438000011,1,VSM.InvalidateStatic,0,0
26,285,8872.6828438000011,1,VSM.ClearPhysicalPages,89856,1
26,285,8872.6828438000011,1,VSM.StaticCasterCull,67328,1
26,285,8872.6828438000011,1,VSM.DynamicCasterCull,0,1
26,285,8872.6828438000011,1,VSM.PageCull,48640,1
26,285,8872.6828438000011,1,VSM.StaticRaster,7680,1
26,285,8872.6828438000011,1,VSM.FinalizePages,1536,1
26,285,8872.6828438000011,1,VSM.DynamicRaster,15104,1
26,285,8872.6828438000011,1,VSM.UnityCompatibilityRaster,0,0
26,285,8872.6828438000011,1,VSM.Resolve,7602944,1
26,285,8872.6828438000011,1,VSM.ResolveTrace,7374592,1
26,285,8872.6828438000011,1,VSM.FilterHorizontal,67328,1
26,285,8872.6828438000011,1,VSM.FilterVertical,0,0
26,285,8872.6828438000011,1,VSM.FilterTemporalVertical,159744,1
27,286,8872.702243,1,VSM.PageOccupancy,60416,1
27,286,8872.702243,1,VSM.LayoutRemap,0,1
27,286,8872.702243,1,VSM.ResetFeedback,0,1
27,286,8872.702243,1,VSM.MarkReceiverPages,607232,1
27,286,8872.702243,1,VSM.Allocate,225024,1
27,286,8872.702243,1,VSM.InvalidateStatic,0,0
27,286,8872.702243,1,VSM.ClearPhysicalPages,968448,1
27,286,8872.702243,1,VSM.StaticCasterCull,71680,1
27,286,8872.702243,1,VSM.DynamicCasterCull,0,1
27,286,8872.702243,1,VSM.PageCull,46848,1
27,286,8872.702243,1,VSM.StaticRaster,7168,1
27,286,8872.702243,1,VSM.FinalizePages,2048,1
27,286,8872.702243,1,VSM.DynamicRaster,12544,1
27,286,8872.702243,1,VSM.UnityCompatibilityRaster,0,0
27,286,8872.702243,1,VSM.Resolve,6854144,1
27,286,8872.702243,1,VSM.ResolveTrace,6627840,1
27,286,8872.702243,1,VSM.FilterHorizontal,65280,1
27,286,8872.702243,1,VSM.FilterVertical,0,0
27,286,8872.702243,1,VSM.FilterTemporalVertical,159232,1
28,287,8872.7209895,1,VSM.PageOccupancy,58112,1
28,287,8872.7209895,1,VSM.LayoutRemap,0,1
28,287,8872.7209895,1,VSM.ResetFeedback,0,1
28,287,8872.7209895,1,VSM.MarkReceiverPages,606976,1
28,287,8872.7209895,1,VSM.Allocate,226048,1
28,287,8872.7209895,1,VSM.InvalidateStatic,0,0
28,287,8872.7209895,1,VSM.ClearPhysicalPages,89856,1
28,287,8872.7209895,1,VSM.StaticCasterCull,612608,1
28,287,8872.7209895,1,VSM.DynamicCasterCull,0,1
28,287,8872.7209895,1,VSM.PageCull,46080,1
28,287,8872.7209895,1,VSM.StaticRaster,9216,1
28,287,8872.7209895,1,VSM.FinalizePages,2048,1
28,287,8872.7209895,1,VSM.DynamicRaster,12032,1
28,287,8872.7209895,1,VSM.UnityCompatibilityRaster,0,0
28,287,8872.7209895,1,VSM.Resolve,7421696,1
28,287,8872.7209895,1,VSM.ResolveTrace,7198720,1
28,287,8872.7209895,1,VSM.FilterHorizontal,65536,1
28,287,8872.7209895,1,VSM.FilterVertical,0,0
28,287,8872.7209895,1,VSM.FilterTemporalVertical,155904,1
29,288,8872.740648,1,VSM.PageOccupancy,61184,1
29,288,8872.740648,1,VSM.LayoutRemap,256,1
29,288,8872.740648,1,VSM.ResetFeedback,0,1
29,288,8872.740648,1,VSM.MarkReceiverPages,606464,1
29,288,8872.740648,1,VSM.Allocate,222976,1
29,288,8872.740648,1,VSM.InvalidateStatic,0,0
29,288,8872.740648,1,VSM.ClearPhysicalPages,442624,1
29,288,8872.740648,1,VSM.StaticCasterCull,71936,1
29,288,8872.740648,1,VSM.DynamicCasterCull,0,1
29,288,8872.740648,1,VSM.PageCull,47360,1
29,288,8872.740648,1,VSM.StaticRaster,7424,1
29,288,8872.740648,1,VSM.FinalizePages,2048,1
29,288,8872.740648,1,VSM.DynamicRaster,12032,1
29,288,8872.740648,1,VSM.UnityCompatibilityRaster,0,0
29,288,8872.740648,1,VSM.Resolve,8157696,1
29,288,8872.740648,1,VSM.ResolveTrace,7930624,1
29,288,8872.740648,1,VSM.FilterHorizontal,67584,1
29,288,8872.740648,1,VSM.FilterVertical,0,0
29,288,8872.740648,1,VSM.FilterTemporalVertical,158208,1
30,289,8872.7603979000014,1,VSM.PageOccupancy,58368,1
30,289,8872.7603979000014,1,VSM.LayoutRemap,0,1
30,289,8872.7603979000014,1,VSM.ResetFeedback,0,1
30,289,8872.7603979000014,1,VSM.MarkReceiverPages,606976,1
30,289,8872.7603979000014,1,VSM.Allocate,226560,1
30,289,8872.7603979000014,1,VSM.InvalidateStatic,0,0
30,289,8872.7603979000014,1,VSM.ClearPhysicalPages,89856,1
30,289,8872.7603979000014,1,VSM.StaticCasterCull,66816,1
30,289,8872.7603979000014,1,VSM.DynamicCasterCull,0,1
30,289,8872.7603979000014,1,VSM.PageCull,47616,1
30,289,8872.7603979000014,1,VSM.StaticRaster,7168,1
30,289,8872.7603979000014,1,VSM.FinalizePages,1792,1
30,289,8872.7603979000014,1,VSM.DynamicRaster,13568,1
30,289,8872.7603979000014,1,VSM.UnityCompatibilityRaster,0,0
30,289,8872.7603979000014,1,VSM.Resolve,7671296,1
30,289,8872.7603979000014,1,VSM.ResolveTrace,7443712,1
30,289,8872.7603979000014,1,VSM.FilterHorizontal,68096,1
30,289,8872.7603979000014,1,VSM.FilterVertical,0,0
30,289,8872.7603979000014,1,VSM.FilterTemporalVertical,158208,1
31,290,8872.7799426,1,VSM.PageOccupancy,59136,1
31,290,8872.7799426,1,VSM.LayoutRemap,0,1
31,290,8872.7799426,1,VSM.ResetFeedback,0,1
31,290,8872.7799426,1,VSM.MarkReceiverPages,1174272,1
31,290,8872.7799426,1,VSM.Allocate,230400,1
31,290,8872.7799426,1,VSM.InvalidateStatic,0,0
31,290,8872.7799426,1,VSM.ClearPhysicalPages,90624,1
31,290,8872.7799426,1,VSM.StaticCasterCull,66048,1
31,290,8872.7799426,1,VSM.DynamicCasterCull,0,1
31,290,8872.7799426,1,VSM.PageCull,47104,1
31,290,8872.7799426,1,VSM.StaticRaster,5120,1
31,290,8872.7799426,1,VSM.FinalizePages,2304,1
31,290,8872.7799426,1,VSM.DynamicRaster,12032,1
31,290,8872.7799426,1,VSM.UnityCompatibilityRaster,0,0
31,290,8872.7799426,1,VSM.Resolve,7633920,1
31,290,8872.7799426,1,VSM.ResolveTrace,7407872,1
31,290,8872.7799426,1,VSM.FilterHorizontal,66560,1
31,290,8872.7799426,1,VSM.FilterVertical,0,0
31,290,8872.7799426,1,VSM.FilterTemporalVertical,158464,1
32,291,8872.7991786,1,VSM.PageOccupancy,60416,1
32,291,8872.7991786,1,VSM.LayoutRemap,0,1
32,291,8872.7991786,1,VSM.ResetFeedback,0,1
32,291,8872.7991786,1,VSM.MarkReceiverPages,607744,1
32,291,8872.7991786,1,VSM.Allocate,225792,1
32,291,8872.7991786,1,VSM.InvalidateStatic,0,0
32,291,8872.7991786,1,VSM.ClearPhysicalPages,89856,1
32,291,8872.7991786,1,VSM.StaticCasterCull,69632,1
32,291,8872.7991786,1,VSM.DynamicCasterCull,0,1
32,291,8872.7991786,1,VSM.PageCull,51200,1
32,291,8872.7991786,1,VSM.StaticRaster,7424,1
32,291,8872.7991786,1,VSM.FinalizePages,2304,1
32,291,8872.7991786,1,VSM.DynamicRaster,13056,1
32,291,8872.7991786,1,VSM.UnityCompatibilityRaster,0,0
32,291,8872.7991786,1,VSM.Resolve,7850752,1
32,291,8872.7991786,1,VSM.ResolveTrace,7291136,1
32,291,8872.7991786,1,VSM.FilterHorizontal,68096,1
32,291,8872.7991786,1,VSM.FilterVertical,0,0
32,291,8872.7991786,1,VSM.FilterTemporalVertical,158976,1
33,292,8872.8186342,1,VSM.PageOccupancy,61440,1
33,292,8872.8186342,1,VSM.LayoutRemap,0,1
33,292,8872.8186342,1,VSM.ResetFeedback,0,1
33,292,8872.8186342,1,VSM.MarkReceiverPages,607488,1
33,292,8872.8186342,1,VSM.Allocate,226304,1
33,292,8872.8186342,1,VSM.InvalidateStatic,0,0
33,292,8872.8186342,1,VSM.ClearPhysicalPages,90624,1
33,292,8872.8186342,1,VSM.StaticCasterCull,66048,1
33,292,8872.8186342,1,VSM.DynamicCasterCull,0,1
33,292,8872.8186342,1,VSM.PageCull,46848,1
33,292,8872.8186342,1,VSM.StaticRaster,7168,1
33,292,8872.8186342,1,VSM.FinalizePages,1792,1
33,292,8872.8186342,1,VSM.DynamicRaster,12032,1
33,292,8872.8186342,1,VSM.UnityCompatibilityRaster,0,0
33,292,8872.8186342,1,VSM.Resolve,7713536,1
33,292,8872.8186342,1,VSM.ResolveTrace,7205120,1
33,292,8872.8186342,1,VSM.FilterHorizontal,65536,1
33,292,8872.8186342,1,VSM.FilterVertical,0,0
33,292,8872.8186342,1,VSM.FilterTemporalVertical,441856,1
34,293,8872.8390090000012,1,VSM.PageOccupancy,60672,1
34,293,8872.8390090000012,1,VSM.LayoutRemap,0,1
34,293,8872.8390090000012,1,VSM.ResetFeedback,0,1
34,293,8872.8390090000012,1,VSM.MarkReceiverPages,606976,1
34,293,8872.8390090000012,1,VSM.Allocate,223232,1
34,293,8872.8390090000012,1,VSM.InvalidateStatic,0,0
34,293,8872.8390090000012,1,VSM.ClearPhysicalPages,425472,1
34,293,8872.8390090000012,1,VSM.StaticCasterCull,64512,1
34,293,8872.8390090000012,1,VSM.DynamicCasterCull,0,1
34,293,8872.8390090000012,1,VSM.PageCull,44544,1
34,293,8872.8390090000012,1,VSM.StaticRaster,3328,1
34,293,8872.8390090000012,1,VSM.FinalizePages,1792,1
34,293,8872.8390090000012,1,VSM.DynamicRaster,12800,1
34,293,8872.8390090000012,1,VSM.UnityCompatibilityRaster,0,0
34,293,8872.8390090000012,1,VSM.Resolve,7926784,1
34,293,8872.8390090000012,1,VSM.ResolveTrace,7698688,1
34,293,8872.8390090000012,1,VSM.FilterHorizontal,67072,1
34,293,8872.8390090000012,1,VSM.FilterVertical,0,0
34,293,8872.8390090000012,1,VSM.FilterTemporalVertical,160256,1
35,294,8872.8585941,1,VSM.PageOccupancy,61952,1
35,294,8872.8585941,1,VSM.LayoutRemap,0,1
35,294,8872.8585941,1,VSM.ResetFeedback,0,1
35,294,8872.8585941,1,VSM.MarkReceiverPages,606976,1
35,294,8872.8585941,1,VSM.Allocate,226304,1
35,294,8872.8585941,1,VSM.InvalidateStatic,0,0
35,294,8872.8585941,1,VSM.ClearPhysicalPages,433920,1
35,294,8872.8585941,1,VSM.StaticCasterCull,71424,1
35,294,8872.8585941,1,VSM.DynamicCasterCull,0,1
35,294,8872.8585941,1,VSM.PageCull,46848,1
35,294,8872.8585941,1,VSM.StaticRaster,7168,1
35,294,8872.8585941,1,VSM.FinalizePages,2560,1
35,294,8872.8585941,1,VSM.DynamicRaster,12544,1
35,294,8872.8585941,1,VSM.UnityCompatibilityRaster,0,0
35,294,8872.8585941,1,VSM.Resolve,7311616,1
35,294,8872.8585941,1,VSM.ResolveTrace,7085824,1
35,294,8872.8585941,1,VSM.FilterHorizontal,64000,1
35,294,8872.8585941,1,VSM.FilterVertical,0,0
35,294,8872.8585941,1,VSM.FilterTemporalVertical,160256,1
36,295,8872.879151000001,1,VSM.PageOccupancy,59648,1
36,295,8872.879151000001,1,VSM.LayoutRemap,0,1
36,295,8872.879151000001,1,VSM.ResetFeedback,0,1
36,295,8872.879151000001,1,VSM.MarkReceiverPages,610304,1
36,295,8872.879151000001,1,VSM.Allocate,225792,1
36,295,8872.879151000001,1,VSM.InvalidateStatic,0,0
36,295,8872.879151000001,1,VSM.ClearPhysicalPages,278272,1
36,295,8872.879151000001,1,VSM.StaticCasterCull,73216,1
36,295,8872.879151000001,1,VSM.DynamicCasterCull,0,1
36,295,8872.879151000001,1,VSM.PageCull,48896,1
36,295,8872.879151000001,1,VSM.StaticRaster,7424,1
36,295,8872.879151000001,1,VSM.FinalizePages,1536,1
36,295,8872.879151000001,1,VSM.DynamicRaster,13824,1
36,295,8872.879151000001,1,VSM.UnityCompatibilityRaster,0,0
36,295,8872.879151000001,1,VSM.Resolve,7434752,1
36,295,8872.879151000001,1,VSM.ResolveTrace,7205632,1
36,295,8872.879151000001,1,VSM.FilterHorizontal,68352,1
36,295,8872.879151000001,1,VSM.FilterVertical,0,0
36,295,8872.879151000001,1,VSM.FilterTemporalVertical,159744,1
37,296,8872.8998486,1,VSM.PageOccupancy,60928,1
37,296,8872.8998486,1,VSM.LayoutRemap,0,1
37,296,8872.8998486,1,VSM.ResetFeedback,0,1
37,296,8872.8998486,1,VSM.MarkReceiverPages,609280,1
37,296,8872.8998486,1,VSM.Allocate,227840,1
37,296,8872.8998486,1,VSM.InvalidateStatic,0,0
37,296,8872.8998486,1,VSM.ClearPhysicalPages,453888,1
37,296,8872.8998486,1,VSM.StaticCasterCull,76544,1
37,296,8872.8998486,1,VSM.DynamicCasterCull,0,1
37,296,8872.8998486,1,VSM.PageCull,48640,1
37,296,8872.8998486,1,VSM.StaticRaster,7168,1
37,296,8872.8998486,1,VSM.FinalizePages,2304,1
37,296,8872.8998486,1,VSM.DynamicRaster,12032,1
37,296,8872.8998486,1,VSM.UnityCompatibilityRaster,0,0
37,296,8872.8998486,1,VSM.Resolve,8149760,1
37,296,8872.8998486,1,VSM.ResolveTrace,7921920,1
37,296,8872.8998486,1,VSM.FilterHorizontal,66816,1
37,296,8872.8998486,1,VSM.FilterVertical,0,0
37,296,8872.8998486,1,VSM.FilterTemporalVertical,159744,1
38,297,8872.9179783,1,VSM.PageOccupancy,60416,1
38,297,8872.9179783,1,VSM.LayoutRemap,0,1
38,297,8872.9179783,1,VSM.ResetFeedback,0,1
38,297,8872.9179783,1,VSM.MarkReceiverPages,609792,1
38,297,8872.9179783,1,VSM.Allocate,227328,1
38,297,8872.9179783,1,VSM.InvalidateStatic,0,0
38,297,8872.9179783,1,VSM.ClearPhysicalPages,92160,1
38,297,8872.9179783,1,VSM.StaticCasterCull,64512,1
38,297,8872.9179783,1,VSM.DynamicCasterCull,0,1
38,297,8872.9179783,1,VSM.PageCull,45568,1
38,297,8872.9179783,1,VSM.StaticRaster,7680,1
38,297,8872.9179783,1,VSM.FinalizePages,2048,1
38,297,8872.9179783,1,VSM.DynamicRaster,11520,1
38,297,8872.9179783,1,VSM.UnityCompatibilityRaster,0,0
38,297,8872.9179783,1,VSM.Resolve,7830016,1
38,297,8872.9179783,1,VSM.ResolveTrace,7604480,1
38,297,8872.9179783,1,VSM.FilterHorizontal,65536,1
38,297,8872.9179783,1,VSM.FilterVertical,0,0
38,297,8872.9179783,1,VSM.FilterTemporalVertical,158976,1
39,298,8872.9357094,1,VSM.PageOccupancy,58368,1
39,298,8872.9357094,1,VSM.LayoutRemap,0,1
39,298,8872.9357094,1,VSM.ResetFeedback,0,1
39,298,8872.9357094,1,VSM.MarkReceiverPages,606976,1
39,298,8872.9357094,1,VSM.Allocate,223232,1
39,298,8872.9357094,1,VSM.InvalidateStatic,0,0
39,298,8872.9357094,1,VSM.ClearPhysicalPages,89856,1
39,298,8872.9357094,1,VSM.StaticCasterCull,66560,1
39,298,8872.9357094,1,VSM.DynamicCasterCull,0,1
39,298,8872.9357094,1,VSM.PageCull,47872,1
39,298,8872.9357094,1,VSM.StaticRaster,3328,1
39,298,8872.9357094,1,VSM.FinalizePages,1536,1
39,298,8872.9357094,1,VSM.DynamicRaster,13056,1
39,298,8872.9357094,1,VSM.UnityCompatibilityRaster,0,0
39,298,8872.9357094,1,VSM.Resolve,8762368,1
39,298,8872.9357094,1,VSM.ResolveTrace,8536064,1
39,298,8872.9357094,1,VSM.FilterHorizontal,67072,1
39,298,8872.9357094,1,VSM.FilterVertical,0,0
39,298,8872.9357094,1,VSM.FilterTemporalVertical,158208,1
40,299,8872.9538056,1,VSM.PageOccupancy,61440,1
40,299,8872.9538056,1,VSM.LayoutRemap,0,1
40,299,8872.9538056,1,VSM.ResetFeedback,0,1
40,299,8872.9538056,1,VSM.MarkReceiverPages,607488,1
40,299,8872.9538056,1,VSM.Allocate,224000,1
40,299,8872.9538056,1,VSM.InvalidateStatic,0,0
40,299,8872.9538056,1,VSM.ClearPhysicalPages,890368,1
40,299,8872.9538056,1,VSM.StaticCasterCull,71168,1
40,299,8872.9538056,1,VSM.DynamicCasterCull,0,1
40,299,8872.9538056,1,VSM.PageCull,45824,1
40,299,8872.9538056,1,VSM.StaticRaster,7424,1
40,299,8872.9538056,1,VSM.FinalizePages,2816,1
40,299,8872.9538056,1,VSM.DynamicRaster,11264,1
40,299,8872.9538056,1,VSM.UnityCompatibilityRaster,0,0
40,299,8872.9538056,1,VSM.Resolve,7083520,1
40,299,8872.9538056,1,VSM.ResolveTrace,6856960,1
40,299,8872.9538056,1,VSM.FilterHorizontal,66816,1
40,299,8872.9538056,1,VSM.FilterVertical,0,0
40,299,8872.9538056,1,VSM.FilterTemporalVertical,158464,1
41,300,8872.9719670000013,1,VSM.PageOccupancy,60672,1
41,300,8872.9719670000013,1,VSM.LayoutRemap,0,1
41,300,8872.9719670000013,1,VSM.ResetFeedback,0,1
41,300,8872.9719670000013,1,VSM.MarkReceiverPages,607744,1
41,300,8872.9719670000013,1,VSM.Allocate,224256,1
41,300,8872.9719670000013,1,VSM.InvalidateStatic,0,0
41,300,8872.9719670000013,1,VSM.ClearPhysicalPages,90112,1
41,300,8872.9719670000013,1,VSM.StaticCasterCull,66560,1
41,300,8872.9719670000013,1,VSM.DynamicCasterCull,0,1
41,300,8872.9719670000013,1,VSM.PageCull,47872,1
41,300,8872.9719670000013,1,VSM.StaticRaster,7168,1
41,300,8872.9719670000013,1,VSM.FinalizePages,1792,1
41,300,8872.9719670000013,1,VSM.DynamicRaster,12800,1
41,300,8872.9719670000013,1,VSM.UnityCompatibilityRaster,0,0
41,300,8872.9719670000013,1,VSM.Resolve,8142848,1
41,300,8872.9719670000013,1,VSM.ResolveTrace,7520768,1
41,300,8872.9719670000013,1,VSM.FilterHorizontal,67840,1
41,300,8872.9719670000013,1,VSM.FilterVertical,0,0
41,300,8872.9719670000013,1,VSM.FilterTemporalVertical,163072,1
42,301,8872.9909478,1,VSM.PageOccupancy,60160,1
42,301,8872.9909478,1,VSM.LayoutRemap,0,1
42,301,8872.9909478,1,VSM.ResetFeedback,0,1
42,301,8872.9909478,1,VSM.MarkReceiverPages,609536,1
42,301,8872.9909478,1,VSM.Allocate,229120,1
42,301,8872.9909478,1,VSM.InvalidateStatic,0,0
42,301,8872.9909478,1,VSM.ClearPhysicalPages,90624,1
42,301,8872.9909478,1,VSM.StaticCasterCull,69376,1
42,301,8872.9909478,1,VSM.DynamicCasterCull,0,1
42,301,8872.9909478,1,VSM.PageCull,49920,1
42,301,8872.9909478,1,VSM.StaticRaster,7424,1
42,301,8872.9909478,1,VSM.FinalizePages,1536,1
42,301,8872.9909478,1,VSM.DynamicRaster,14080,1
42,301,8872.9909478,1,VSM.UnityCompatibilityRaster,0,0
42,301,8872.9909478,1,VSM.Resolve,7907584,1
42,301,8872.9909478,1,VSM.ResolveTrace,7678720,1
42,301,8872.9909478,1,VSM.FilterHorizontal,67840,1
42,301,8872.9909478,1,VSM.FilterVertical,0,0
42,301,8872.9909478,1,VSM.FilterTemporalVertical,159488,1
43,302,8873.0096139,1,VSM.PageOccupancy,60416,1
43,302,8873.0096139,1,VSM.LayoutRemap,0,1
43,302,8873.0096139,1,VSM.ResetFeedback,0,1
43,302,8873.0096139,1,VSM.MarkReceiverPages,609280,1
43,302,8873.0096139,1,VSM.Allocate,227840,1
43,302,8873.0096139,1,VSM.InvalidateStatic,0,0
43,302,8873.0096139,1,VSM.ClearPhysicalPages,90624,1
43,302,8873.0096139,1,VSM.StaticCasterCull,70400,1
43,302,8873.0096139,1,VSM.DynamicCasterCull,0,1
43,302,8873.0096139,1,VSM.PageCull,51456,1
43,302,8873.0096139,1,VSM.StaticRaster,7680,1
43,302,8873.0096139,1,VSM.FinalizePages,1792,1
43,302,8873.0096139,1,VSM.DynamicRaster,14336,1
43,302,8873.0096139,1,VSM.UnityCompatibilityRaster,0,0
43,302,8873.0096139,1,VSM.Resolve,7214080,1
43,302,8873.0096139,1,VSM.ResolveTrace,6983680,1
43,302,8873.0096139,1,VSM.FilterHorizontal,68096,1
43,302,8873.0096139,1,VSM.FilterVertical,0,0
43,302,8873.0096139,1,VSM.FilterTemporalVertical,161024,1
44,303,8873.0281783000009,1,VSM.PageOccupancy,60416,1
44,303,8873.0281783000009,1,VSM.LayoutRemap,0,1
44,303,8873.0281783000009,1,VSM.ResetFeedback,0,1
44,303,8873.0281783000009,1,VSM.MarkReceiverPages,608000,1
44,303,8873.0281783000009,1,VSM.Allocate,228608,1
44,303,8873.0281783000009,1,VSM.InvalidateStatic,0,0
44,303,8873.0281783000009,1,VSM.ClearPhysicalPages,89856,1
44,303,8873.0281783000009,1,VSM.StaticCasterCull,68352,1
44,303,8873.0281783000009,1,VSM.DynamicCasterCull,0,1
44,303,8873.0281783000009,1,VSM.PageCull,49664,1
44,303,8873.0281783000009,1,VSM.StaticRaster,7168,1
44,303,8873.0281783000009,1,VSM.FinalizePages,1536,1
44,303,8873.0281783000009,1,VSM.DynamicRaster,15360,1
44,303,8873.0281783000009,1,VSM.UnityCompatibilityRaster,0,0
44,303,8873.0281783000009,1,VSM.Resolve,7457536,1
44,303,8873.0281783000009,1,VSM.ResolveTrace,7234560,1
44,303,8873.0281783000009,1,VSM.FilterHorizontal,65792,1
44,303,8873.0281783000009,1,VSM.FilterVertical,0,0
44,303,8873.0281783000009,1,VSM.FilterTemporalVertical,155904,1
45,304,8873.0458888000012,1,VSM.PageOccupancy,57600,1
45,304,8873.0458888000012,1,VSM.LayoutRemap,0,1
45,304,8873.0458888000012,1,VSM.ResetFeedback,0,1
45,304,8873.0458888000012,1,VSM.MarkReceiverPages,608000,1
45,304,8873.0458888000012,1,VSM.Allocate,226560,1
45,304,8873.0458888000012,1,VSM.InvalidateStatic,0,0
45,304,8873.0458888000012,1,VSM.ClearPhysicalPages,89600,1
45,304,8873.0458888000012,1,VSM.StaticCasterCull,66560,1
45,304,8873.0458888000012,1,VSM.DynamicCasterCull,0,1
45,304,8873.0458888000012,1,VSM.PageCull,47616,1
45,304,8873.0458888000012,1,VSM.StaticRaster,7936,1
45,304,8873.0458888000012,1,VSM.FinalizePages,1536,1
45,304,8873.0458888000012,1,VSM.DynamicRaster,13824,1
45,304,8873.0458888000012,1,VSM.UnityCompatibilityRaster,0,0
45,304,8873.0458888000012,1,VSM.Resolve,7718656,1
45,304,8873.0458888000012,1,VSM.ResolveTrace,6831360,1
45,304,8873.0458888000012,1,VSM.FilterHorizontal,530432,1
45,304,8873.0458888000012,1,VSM.FilterVertical,0,0
45,304,8873.0458888000012,1,VSM.FilterTemporalVertical,355840,1
46,305,8873.0645301,1,VSM.PageOccupancy,61696,1
46,305,8873.0645301,1,VSM.LayoutRemap,0,1
46,305,8873.0645301,1,VSM.ResetFeedback,0,1
46,305,8873.0645301,1,VSM.MarkReceiverPages,608256,1
46,305,8873.0645301,1,VSM.Allocate,224256,1
46,305,8873.0645301,1,VSM.InvalidateStatic,0,0
46,305,8873.0645301,1,VSM.ClearPhysicalPages,434688,1
46,305,8873.0645301,1,VSM.StaticCasterCull,75008,1
46,305,8873.0645301,1,VSM.DynamicCasterCull,0,1
46,305,8873.0645301,1,VSM.PageCull,50432,1
46,305,8873.0645301,1,VSM.StaticRaster,7680,1
46,305,8873.0645301,1,VSM.FinalizePages,1792,1
46,305,8873.0645301,1,VSM.DynamicRaster,11264,1
46,305,8873.0645301,1,VSM.UnityCompatibilityRaster,0,0
46,305,8873.0645301,1,VSM.Resolve,8052736,1
46,305,8873.0645301,1,VSM.ResolveTrace,7824384,1
46,305,8873.0645301,1,VSM.FilterHorizontal,67328,1
46,305,8873.0645301,1,VSM.FilterVertical,0,0
46,305,8873.0645301,1,VSM.FilterTemporalVertical,160000,1
47,306,8873.0842527,1,VSM.PageOccupancy,59392,1
47,306,8873.0842527,1,VSM.LayoutRemap,0,1
47,306,8873.0842527,1,VSM.ResetFeedback,0,1
47,306,8873.0842527,1,VSM.MarkReceiverPages,607232,1
47,306,8873.0842527,1,VSM.Allocate,224768,1
47,306,8873.0842527,1,VSM.InvalidateStatic,0,0
47,306,8873.0842527,1,VSM.ClearPhysicalPages,535552,1
47,306,8873.0842527,1,VSM.StaticCasterCull,66304,1
47,306,8873.0842527,1,VSM.DynamicCasterCull,0,1
47,306,8873.0842527,1,VSM.PageCull,45824,1
47,306,8873.0842527,1,VSM.StaticRaster,3328,1
47,306,8873.0842527,1,VSM.FinalizePages,2560,1
47,306,8873.0842527,1,VSM.DynamicRaster,12288,1
47,306,8873.0842527,1,VSM.UnityCompatibilityRaster,0,0
47,306,8873.0842527,1,VSM.Resolve,7364608,1
47,306,8873.0842527,1,VSM.ResolveTrace,7139072,1
47,306,8873.0842527,1,VSM.FilterHorizontal,67072,1
47,306,8873.0842527,1,VSM.FilterVertical,0,0
47,306,8873.0842527,1,VSM.FilterTemporalVertical,157440,1
48,307,8873.101710500001,1,VSM.PageOccupancy,59136,1
48,307,8873.101710500001,1,VSM.LayoutRemap,0,1
48,307,8873.101710500001,1,VSM.ResetFeedback,0,1
48,307,8873.101710500001,1,VSM.MarkReceiverPages,784896,1
48,307,8873.101710500001,1,VSM.Allocate,224512,1
48,307,8873.101710500001,1,VSM.InvalidateStatic,0,0
48,307,8873.101710500001,1,VSM.ClearPhysicalPages,89600,1
48,307,8873.101710500001,1,VSM.StaticCasterCull,69120,1
48,307,8873.101710500001,1,VSM.DynamicCasterCull,0,1
48,307,8873.101710500001,1,VSM.PageCull,49920,1
48,307,8873.101710500001,1,VSM.StaticRaster,3072,1
48,307,8873.101710500001,1,VSM.FinalizePages,1792,1
48,307,8873.101710500001,1,VSM.DynamicRaster,13568,1
48,307,8873.101710500001,1,VSM.UnityCompatibilityRaster,0,0
48,307,8873.101710500001,1,VSM.Resolve,7447552,1
48,307,8873.101710500001,1,VSM.ResolveTrace,7225344,1
48,307,8873.101710500001,1,VSM.FilterHorizontal,65536,1
48,307,8873.101710500001,1,VSM.FilterVertical,0,0
48,307,8873.101710500001,1,VSM.FilterTemporalVertical,155392,1
49,308,8873.1190375,1,VSM.PageOccupancy,61440,1
49,308,8873.1190375,1,VSM.LayoutRemap,0,1
49,308,8873.1190375,1,VSM.ResetFeedback,0,1
49,308,8873.1190375,1,VSM.MarkReceiverPages,607232,1
49,308,8873.1190375,1,VSM.Allocate,226560,1
49,308,8873.1190375,1,VSM.InvalidateStatic,0,0
49,308,8873.1190375,1,VSM.ClearPhysicalPages,459008,1
49,308,8873.1190375,1,VSM.StaticCasterCull,74240,1
49,308,8873.1190375,1,VSM.DynamicCasterCull,0,1
49,308,8873.1190375,1,VSM.PageCull,49408,1
49,308,8873.1190375,1,VSM.StaticRaster,3328,1
49,308,8873.1190375,1,VSM.FinalizePages,2304,1
49,308,8873.1190375,1,VSM.DynamicRaster,11008,1
49,308,8873.1190375,1,VSM.UnityCompatibilityRaster,0,0
49,308,8873.1190375,1,VSM.Resolve,7465728,1
49,308,8873.1190375,1,VSM.ResolveTrace,7239936,1
49,308,8873.1190375,1,VSM.FilterHorizontal,66304,1
49,308,8873.1190375,1,VSM.FilterVertical,0,0
49,308,8873.1190375,1,VSM.FilterTemporalVertical,158208,1
50,309,8873.1376819,1,VSM.PageOccupancy,59904,1
50,309,8873.1376819,1,VSM.LayoutRemap,0,1
50,309,8873.1376819,1,VSM.ResetFeedback,0,1
50,309,8873.1376819,1,VSM.MarkReceiverPages,606976,1
50,309,8873.1376819,1,VSM.Allocate,226304,1
50,309,8873.1376819,1,VSM.InvalidateStatic,0,0
50,309,8873.1376819,1,VSM.ClearPhysicalPages,527616,1
50,309,8873.1376819,1,VSM.StaticCasterCull,71424,1
50,309,8873.1376819,1,VSM.DynamicCasterCull,0,1
50,309,8873.1376819,1,VSM.PageCull,46592,1
50,309,8873.1376819,1,VSM.StaticRaster,9728,1
50,309,8873.1376819,1,VSM.FinalizePages,2048,1
50,309,8873.1376819,1,VSM.DynamicRaster,11776,1
50,309,8873.1376819,1,VSM.UnityCompatibilityRaster,0,0
50,309,8873.1376819,1,VSM.Resolve,6581504,1
50,309,8873.1376819,1,VSM.ResolveTrace,6358016,1
50,309,8873.1376819,1,VSM.FilterHorizontal,64768,1
50,309,8873.1376819,1,VSM.FilterVertical,0,0
50,309,8873.1376819,1,VSM.FilterTemporalVertical,157696,1
51,310,8873.1568326,1,VSM.PageOccupancy,61440,1
51,310,8873.1568326,1,VSM.LayoutRemap,0,1
51,310,8873.1568326,1,VSM.ResetFeedback,0,1
51,310,8873.1568326,1,VSM.MarkReceiverPages,606720,1
51,310,8873.1568326,1,VSM.Allocate,223744,1
51,310,8873.1568326,1,VSM.InvalidateStatic,0,0
51,310,8873.1568326,1,VSM.ClearPhysicalPages,520704,1
51,310,8873.1568326,1,VSM.StaticCasterCull,67584,1
51,310,8873.1568326,1,VSM.DynamicCasterCull,0,1
51,310,8873.1568326,1,VSM.PageCull,43264,1
51,310,8873.1568326,1,VSM.StaticRaster,7168,1
51,310,8873.1568326,1,VSM.FinalizePages,1792,1
51,310,8873.1568326,1,VSM.DynamicRaster,11008,1
51,310,8873.1568326,1,VSM.UnityCompatibilityRaster,0,0
51,310,8873.1568326,1,VSM.Resolve,6877696,1
51,310,8873.1568326,1,VSM.ResolveTrace,6653952,1
51,310,8873.1568326,1,VSM.FilterHorizontal,64512,1
51,310,8873.1568326,1,VSM.FilterVertical,0,0
51,310,8873.1568326,1,VSM.FilterTemporalVertical,158464,1
52,311,8873.177364000001,1,VSM.PageOccupancy,58112,1
52,311,8873.177364000001,1,VSM.LayoutRemap,0,1
52,311,8873.177364000001,1,VSM.ResetFeedback,0,1
52,311,8873.177364000001,1,VSM.MarkReceiverPages,609536,1
52,311,8873.177364000001,1,VSM.Allocate,225536,1
52,311,8873.177364000001,1,VSM.InvalidateStatic,0,0
52,311,8873.177364000001,1,VSM.ClearPhysicalPages,286720,1
52,311,8873.177364000001,1,VSM.StaticCasterCull,73728,1
52,311,8873.177364000001,1,VSM.DynamicCasterCull,0,1
52,311,8873.177364000001,1,VSM.PageCull,49920,1
52,311,8873.177364000001,1,VSM.StaticRaster,7168,1
52,311,8873.177364000001,1,VSM.FinalizePages,1536,1
52,311,8873.177364000001,1,VSM.DynamicRaster,14592,1
52,311,8873.177364000001,1,VSM.UnityCompatibilityRaster,0,0
52,311,8873.177364000001,1,VSM.Resolve,7349760,1
52,311,8873.177364000001,1,VSM.ResolveTrace,7123456,1
52,311,8873.177364000001,1,VSM.FilterHorizontal,65792,1
52,311,8873.177364000001,1,VSM.FilterVertical,0,0
52,311,8873.177364000001,1,VSM.FilterTemporalVertical,159232,1
53,312,8873.1956245,1,VSM.PageOccupancy,60416,1
53,312,8873.1956245,1,VSM.LayoutRemap,0,1
53,312,8873.1956245,1,VSM.ResetFeedback,0,1
53,312,8873.1956245,1,VSM.MarkReceiverPages,609792,1
53,312,8873.1956245,1,VSM.Allocate,228096,1
53,312,8873.1956245,1,VSM.InvalidateStatic,0,0
53,312,8873.1956245,1,VSM.ClearPhysicalPages,438016,1
53,312,8873.1956245,1,VSM.StaticCasterCull,90880,1
53,312,8873.1956245,1,VSM.DynamicCasterCull,0,1
53,312,8873.1956245,1,VSM.PageCull,46336,1
53,312,8873.1956245,1,VSM.StaticRaster,3072,1
53,312,8873.1956245,1,VSM.FinalizePages,2048,1
53,312,8873.1956245,1,VSM.DynamicRaster,11008,1
53,312,8873.1956245,1,VSM.UnityCompatibilityRaster,0,0
53,312,8873.1956245,1,VSM.Resolve,8526336,1
53,312,8873.1956245,1,VSM.ResolveTrace,8299008,1
53,312,8873.1956245,1,VSM.FilterHorizontal,67328,1
53,312,8873.1956245,1,VSM.FilterVertical,0,0
53,312,8873.1956245,1,VSM.FilterTemporalVertical,158464,1
54,313,8873.2151869,1,VSM.PageOccupancy,56576,1
54,313,8873.2151869,1,VSM.LayoutRemap,0,1
54,313,8873.2151869,1,VSM.ResetFeedback,0,1
54,313,8873.2151869,1,VSM.MarkReceiverPages,610048,1
54,313,8873.2151869,1,VSM.Allocate,226816,1
54,313,8873.2151869,1,VSM.InvalidateStatic,0,0
54,313,8873.2151869,1,VSM.ClearPhysicalPages,90368,1
54,313,8873.2151869,1,VSM.StaticCasterCull,74496,1
54,313,8873.2151869,1,VSM.DynamicCasterCull,0,1
54,313,8873.2151869,1,VSM.PageCull,55296,1
54,313,8873.2151869,1,VSM.StaticRaster,4096,1
54,313,8873.2151869,1,VSM.FinalizePages,1792,1
54,313,8873.2151869,1,VSM.DynamicRaster,17408,1
54,313,8873.2151869,1,VSM.UnityCompatibilityRaster,0,0
54,313,8873.2151869,1,VSM.Resolve,7835648,1
54,313,8873.2151869,1,VSM.ResolveTrace,7268096,1
54,313,8873.2151869,1,VSM.FilterHorizontal,68864,1
54,313,8873.2151869,1,VSM.FilterVertical,0,0
54,313,8873.2151869,1,VSM.FilterTemporalVertical,163584,1
55,314,8873.2334489,1,VSM.PageOccupancy,61440,1
55,314,8873.2334489,1,VSM.LayoutRemap,0,1
55,314,8873.2334489,1,VSM.ResetFeedback,0,1
55,314,8873.2334489,1,VSM.MarkReceiverPages,610304,1
55,314,8873.2334489,1,VSM.Allocate,226560,1
55,314,8873.2334489,1,VSM.InvalidateStatic,0,0
55,314,8873.2334489,1,VSM.ClearPhysicalPages,90368,1
55,314,8873.2334489,1,VSM.StaticCasterCull,68096,1
55,314,8873.2334489,1,VSM.DynamicCasterCull,0,1
55,314,8873.2334489,1,VSM.PageCull,49152,1
55,314,8873.2334489,1,VSM.StaticRaster,7424,1
55,314,8873.2334489,1,VSM.FinalizePages,1792,1
55,314,8873.2334489,1,VSM.DynamicRaster,13312,1
55,314,8873.2334489,1,VSM.UnityCompatibilityRaster,0,0
55,314,8873.2334489,1,VSM.Resolve,7481856,1
55,314,8873.2334489,1,VSM.ResolveTrace,7252480,1
55,314,8873.2334489,1,VSM.FilterHorizontal,68096,1
55,314,8873.2334489,1,VSM.FilterVertical,0,0
55,314,8873.2334489,1,VSM.FilterTemporalVertical,160000,1
56,315,8873.2523655,1,VSM.PageOccupancy,60928,1
56,315,8873.2523655,1,VSM.LayoutRemap,0,1
56,315,8873.2523655,1,VSM.ResetFeedback,0,1
56,315,8873.2523655,1,VSM.MarkReceiverPages,609792,1
56,315,8873.2523655,1,VSM.Allocate,228096,1
56,315,8873.2523655,1,VSM.InvalidateStatic,0,0
56,315,8873.2523655,1,VSM.ClearPhysicalPages,445696,1
56,315,8873.2523655,1,VSM.StaticCasterCull,72960,1
56,315,8873.2523655,1,VSM.DynamicCasterCull,0,1
56,315,8873.2523655,1,VSM.PageCull,48128,1
56,315,8873.2523655,1,VSM.StaticRaster,3072,1
56,315,8873.2523655,1,VSM.FinalizePages,2048,1
56,315,8873.2523655,1,VSM.DynamicRaster,11008,1
56,315,8873.2523655,1,VSM.UnityCompatibilityRaster,0,0
56,315,8873.2523655,1,VSM.Resolve,7901184,1
56,315,8873.2523655,1,VSM.ResolveTrace,7675648,1
56,315,8873.2523655,1,VSM.FilterHorizontal,65792,1
56,315,8873.2523655,1,VSM.FilterVertical,0,0
56,315,8873.2523655,1,VSM.FilterTemporalVertical,158464,1
57,316,8873.270028500001,1,VSM.PageOccupancy,59904,1
57,316,8873.270028500001,1,VSM.LayoutRemap,0,1
57,316,8873.270028500001,1,VSM.ResetFeedback,0,1
57,316,8873.270028500001,1,VSM.MarkReceiverPages,610560,1
57,316,8873.270028500001,1,VSM.Allocate,225280,1
57,316,8873.270028500001,1,VSM.InvalidateStatic,0,0
57,316,8873.270028500001,1,VSM.ClearPhysicalPages,440064,1
57,316,8873.270028500001,1,VSM.StaticCasterCull,73472,1
57,316,8873.270028500001,1,VSM.DynamicCasterCull,0,1
57,316,8873.270028500001,1,VSM.PageCull,52480,1
57,316,8873.270028500001,1,VSM.StaticRaster,7936,1
57,316,8873.270028500001,1,VSM.FinalizePages,2304,1
57,316,8873.270028500001,1,VSM.DynamicRaster,13056,1
57,316,8873.270028500001,1,VSM.UnityCompatibilityRaster,0,0
57,316,8873.270028500001,1,VSM.Resolve,7192576,1
57,316,8873.270028500001,1,VSM.ResolveTrace,6965504,1
57,316,8873.270028500001,1,VSM.FilterHorizontal,67072,1
57,316,8873.270028500001,1,VSM.FilterVertical,0,0
57,316,8873.270028500001,1,VSM.FilterTemporalVertical,158976,1
58,317,8873.289627600001,1,VSM.PageOccupancy,61696,1
58,317,8873.289627600001,1,VSM.LayoutRemap,0,1
58,317,8873.289627600001,1,VSM.ResetFeedback,0,1
58,317,8873.289627600001,1,VSM.MarkReceiverPages,615680,1
58,317,8873.289627600001,1,VSM.Allocate,226560,1
58,317,8873.289627600001,1,VSM.InvalidateStatic,0,0
58,317,8873.289627600001,1,VSM.ClearPhysicalPages,90368,1
58,317,8873.289627600001,1,VSM.StaticCasterCull,61184,1
58,317,8873.289627600001,1,VSM.DynamicCasterCull,0,1
58,317,8873.289627600001,1,VSM.PageCull,42496,1
58,317,8873.289627600001,1,VSM.StaticRaster,7168,1
58,317,8873.289627600001,1,VSM.FinalizePages,1792,1
58,317,8873.289627600001,1,VSM.DynamicRaster,11008,1
58,317,8873.289627600001,1,VSM.UnityCompatibilityRaster,0,0
58,317,8873.289627600001,1,VSM.Resolve,7467008,1
58,317,8873.289627600001,1,VSM.ResolveTrace,7242496,1
58,317,8873.289627600001,1,VSM.FilterHorizontal,65792,1
58,317,8873.289627600001,1,VSM.FilterVertical,0,0
58,317,8873.289627600001,1,VSM.FilterTemporalVertical,157440,1
59,318,8873.3082507,1,VSM.PageOccupancy,60416,1
59,318,8873.3082507,1,VSM.LayoutRemap,0,1
59,318,8873.3082507,1,VSM.ResetFeedback,0,1
59,318,8873.3082507,1,VSM.MarkReceiverPages,609536,1
59,318,8873.3082507,1,VSM.Allocate,226048,1
59,318,8873.3082507,1,VSM.InvalidateStatic,0,0
59,318,8873.3082507,1,VSM.ClearPhysicalPages,260096,1
59,318,8873.3082507,1,VSM.StaticCasterCull,69376,1
59,318,8873.3082507,1,VSM.DynamicCasterCull,0,1
59,318,8873.3082507,1,VSM.PageCull,49408,1
59,318,8873.3082507,1,VSM.StaticRaster,7168,1
59,318,8873.3082507,1,VSM.FinalizePages,2304,1
59,318,8873.3082507,1,VSM.DynamicRaster,14080,1
59,318,8873.3082507,1,VSM.UnityCompatibilityRaster,0,0
59,318,8873.3082507,1,VSM.Resolve,7264000,1
59,318,8873.3082507,1,VSM.ResolveTrace,7035904,1
59,318,8873.3082507,1,VSM.FilterHorizontal,68096,1
59,318,8873.3082507,1,VSM.FilterVertical,0,0
59,318,8873.3082507,1,VSM.FilterTemporalVertical,158464,1
60,319,8873.3276203,1,VSM.PageOccupancy,59648,1
60,319,8873.3276203,1,VSM.LayoutRemap,0,1
60,319,8873.3276203,1,VSM.ResetFeedback,0,1
60,319,8873.3276203,1,VSM.MarkReceiverPages,609792,1
60,319,8873.3276203,1,VSM.Allocate,228352,1
60,319,8873.3276203,1,VSM.InvalidateStatic,0,0
60,319,8873.3276203,1,VSM.ClearPhysicalPages,90880,1
60,319,8873.3276203,1,VSM.StaticCasterCull,70656,1
60,319,8873.3276203,1,VSM.DynamicCasterCull,0,1
60,319,8873.3276203,1,VSM.PageCull,51968,1
60,319,8873.3276203,1,VSM.StaticRaster,7424,1
60,319,8873.3276203,1,VSM.FinalizePages,1536,1
60,319,8873.3276203,1,VSM.DynamicRaster,17920,1
60,319,8873.3276203,1,VSM.UnityCompatibilityRaster,0,0
60,319,8873.3276203,1,VSM.Resolve,8268288,1
60,319,8873.3276203,1,VSM.ResolveTrace,8041728,1
60,319,8873.3276203,1,VSM.FilterHorizontal,67840,1
60,319,8873.3276203,1,VSM.FilterVertical,0,0
60,319,8873.3276203,1,VSM.FilterTemporalVertical,157440,1
61,320,8873.3462276000009,1,VSM.PageOccupancy,61184,1
61,320,8873.3462276000009,1,VSM.LayoutRemap,0,1
61,320,8873.3462276000009,1,VSM.ResetFeedback,0,1
61,320,8873.3462276000009,1,VSM.MarkReceiverPages,608256,1
61,320,8873.3462276000009,1,VSM.Allocate,225792,1
61,320,8873.3462276000009,1,VSM.InvalidateStatic,0,0
61,320,8873.3462276000009,1,VSM.ClearPhysicalPages,492288,1
61,320,8873.3462276000009,1,VSM.StaticCasterCull,75520,1
61,320,8873.3462276000009,1,VSM.DynamicCasterCull,0,1
61,320,8873.3462276000009,1,VSM.PageCull,49664,1
61,320,8873.3462276000009,1,VSM.StaticRaster,7168,1
61,320,8873.3462276000009,1,VSM.FinalizePages,2560,1
61,320,8873.3462276000009,1,VSM.DynamicRaster,11776,1
61,320,8873.3462276000009,1,VSM.UnityCompatibilityRaster,0,0
61,320,8873.3462276000009,1,VSM.Resolve,8038400,1
61,320,8873.3462276000009,1,VSM.ResolveTrace,7810816,1
61,320,8873.3462276000009,1,VSM.FilterHorizontal,67840,1
61,320,8873.3462276000009,1,VSM.FilterVertical,0,0
61,320,8873.3462276000009,1,VSM.FilterTemporalVertical,158208,1
62,321,8873.3650979000013,1,VSM.PageOccupancy,58112,1
62,321,8873.3650979000013,1,VSM.LayoutRemap,0,1
62,321,8873.3650979000013,1,VSM.ResetFeedback,0,1
62,321,8873.3650979000013,1,VSM.MarkReceiverPages,606976,1
62,321,8873.3650979000013,1,VSM.Allocate,226048,1
62,321,8873.3650979000013,1,VSM.InvalidateStatic,0,0
62,321,8873.3650979000013,1,VSM.ClearPhysicalPages,428288,1
62,321,8873.3650979000013,1,VSM.StaticCasterCull,71424,1
62,321,8873.3650979000013,1,VSM.DynamicCasterCull,0,1
62,321,8873.3650979000013,1,VSM.PageCull,46592,1
62,321,8873.3650979000013,1,VSM.StaticRaster,7424,1
62,321,8873.3650979000013,1,VSM.FinalizePages,2048,1
62,321,8873.3650979000013,1,VSM.DynamicRaster,11776,1
62,321,8873.3650979000013,1,VSM.UnityCompatibilityRaster,0,0
62,321,8873.3650979000013,1,VSM.Resolve,8578560,1
62,321,8873.3650979000013,1,VSM.ResolveTrace,8352256,1
62,321,8873.3650979000013,1,VSM.FilterHorizontal,67328,1
62,321,8873.3650979000013,1,VSM.FilterVertical,0,0
62,321,8873.3650979000013,1,VSM.FilterTemporalVertical,157952,1
63,322,8873.3841579,1,VSM.PageOccupancy,59648,1
63,322,8873.3841579,1,VSM.LayoutRemap,0,1
63,322,8873.3841579,1,VSM.ResetFeedback,0,1
63,322,8873.3841579,1,VSM.MarkReceiverPages,607744,1
63,322,8873.3841579,1,VSM.Allocate,225280,1
63,322,8873.3841579,1,VSM.InvalidateStatic,0,0
63,322,8873.3841579,1,VSM.ClearPhysicalPages,90112,1
63,322,8873.3841579,1,VSM.StaticCasterCull,66816,1
63,322,8873.3841579,1,VSM.DynamicCasterCull,0,1
63,322,8873.3841579,1,VSM.PageCull,48384,1
63,322,8873.3841579,1,VSM.StaticRaster,6912,1
63,322,8873.3841579,1,VSM.FinalizePages,1536,1
63,322,8873.3841579,1,VSM.DynamicRaster,14336,1
63,322,8873.3841579,1,VSM.UnityCompatibilityRaster,0,0
63,322,8873.3841579,1,VSM.Resolve,7321344,1
63,322,8873.3841579,1,VSM.ResolveTrace,7097088,1
63,322,8873.3841579,1,VSM.FilterHorizontal,65280,1
63,322,8873.3841579,1,VSM.FilterVertical,0,0
63,322,8873.3841579,1,VSM.FilterTemporalVertical,157696,1
64,323,8873.4021389,1,VSM.PageOccupancy,60160,1
64,323,8873.4021389,1,VSM.LayoutRemap,0,1
64,323,8873.4021389,1,VSM.ResetFeedback,0,1
64,323,8873.4021389,1,VSM.MarkReceiverPages,606976,1
64,323,8873.4021389,1,VSM.Allocate,226048,1
64,323,8873.4021389,1,VSM.InvalidateStatic,0,0
64,323,8873.4021389,1,VSM.ClearPhysicalPages,90112,1
64,323,8873.4021389,1,VSM.StaticCasterCull,66816,1
64,323,8873.4021389,1,VSM.DynamicCasterCull,0,1
64,323,8873.4021389,1,VSM.PageCull,48128,1
64,323,8873.4021389,1,VSM.StaticRaster,6912,1
64,323,8873.4021389,1,VSM.FinalizePages,1792,1
64,323,8873.4021389,1,VSM.DynamicRaster,12544,1
64,323,8873.4021389,1,VSM.UnityCompatibilityRaster,0,0
64,323,8873.4021389,1,VSM.Resolve,7544576,1
64,323,8873.4021389,1,VSM.ResolveTrace,6878720,1
64,323,8873.4021389,1,VSM.FilterHorizontal,68096,1
64,323,8873.4021389,1,VSM.FilterVertical,0,0
64,323,8873.4021389,1,VSM.FilterTemporalVertical,160768,1
65,324,8873.4210853,1,VSM.PageOccupancy,59392,1
65,324,8873.4210853,1,VSM.LayoutRemap,0,1
65,324,8873.4210853,1,VSM.ResetFeedback,0,1
65,324,8873.4210853,1,VSM.MarkReceiverPages,607232,1
65,324,8873.4210853,1,VSM.Allocate,225792,1
65,324,8873.4210853,1,VSM.InvalidateStatic,0,0
65,324,8873.4210853,1,VSM.ClearPhysicalPages,818176,1
65,324,8873.4210853,1,VSM.StaticCasterCull,75008,1
65,324,8873.4210853,1,VSM.DynamicCasterCull,0,1
65,324,8873.4210853,1,VSM.PageCull,49664,1
65,324,8873.4210853,1,VSM.StaticRaster,7424,1
65,324,8873.4210853,1,VSM.FinalizePages,2304,1
65,324,8873.4210853,1,VSM.DynamicRaster,11776,1
65,324,8873.4210853,1,VSM.UnityCompatibilityRaster,0,0
65,324,8873.4210853,1,VSM.Resolve,7350528,1
65,324,8873.4210853,1,VSM.ResolveTrace,7124736,1
65,324,8873.4210853,1,VSM.FilterHorizontal,67328,1
65,324,8873.4210853,1,VSM.FilterVertical,0,0
65,324,8873.4210853,1,VSM.FilterTemporalVertical,157440,1
66,325,8873.4408341,1,VSM.PageOccupancy,62208,1
66,325,8873.4408341,1,VSM.LayoutRemap,0,1
66,325,8873.4408341,1,VSM.ResetFeedback,0,1
66,325,8873.4408341,1,VSM.MarkReceiverPages,606208,1
66,325,8873.4408341,1,VSM.Allocate,225536,1
66,325,8873.4408341,1,VSM.InvalidateStatic,0,0
66,325,8873.4408341,1,VSM.ClearPhysicalPages,555520,1
66,325,8873.4408341,1,VSM.StaticCasterCull,69376,1
66,325,8873.4408341,1,VSM.DynamicCasterCull,0,1
66,325,8873.4408341,1,VSM.PageCull,47616,1
66,325,8873.4408341,1,VSM.StaticRaster,7168,1
66,325,8873.4408341,1,VSM.FinalizePages,1792,1
66,325,8873.4408341,1,VSM.DynamicRaster,11008,1
66,325,8873.4408341,1,VSM.UnityCompatibilityRaster,0,0
66,325,8873.4408341,1,VSM.Resolve,7198464,1
66,325,8873.4408341,1,VSM.ResolveTrace,6975744,1
66,325,8873.4408341,1,VSM.FilterHorizontal,65280,1
66,325,8873.4408341,1,VSM.FilterVertical,0,0
66,325,8873.4408341,1,VSM.FilterTemporalVertical,156416,1
67,326,8873.458865,1,VSM.PageOccupancy,57856,1
67,326,8873.458865,1,VSM.LayoutRemap,0,1
67,326,8873.458865,1,VSM.ResetFeedback,0,1
67,326,8873.458865,1,VSM.MarkReceiverPages,607744,1
67,326,8873.458865,1,VSM.Allocate,226048,1
67,326,8873.458865,1,VSM.InvalidateStatic,0,0
67,326,8873.458865,1,VSM.ClearPhysicalPages,90880,1
67,326,8873.458865,1,VSM.StaticCasterCull,64256,1
67,326,8873.458865,1,VSM.DynamicCasterCull,0,1
67,326,8873.458865,1,VSM.PageCull,45568,1
67,326,8873.458865,1,VSM.StaticRaster,7424,1
67,326,8873.458865,1,VSM.FinalizePages,2048,1
67,326,8873.458865,1,VSM.DynamicRaster,12288,1
67,326,8873.458865,1,VSM.UnityCompatibilityRaster,0,0
67,326,8873.458865,1,VSM.Resolve,7461632,1
67,326,8873.458865,1,VSM.ResolveTrace,7236096,1
67,326,8873.458865,1,VSM.FilterHorizontal,66304,1
67,326,8873.458865,1,VSM.FilterVertical,0,0
67,326,8873.458865,1,VSM.FilterTemporalVertical,157952,1
68,327,8873.4771782,1,VSM.PageOccupancy,60416,1
68,327,8873.4771782,1,VSM.LayoutRemap,0,1
68,327,8873.4771782,1,VSM.ResetFeedback,0,1
68,327,8873.4771782,1,VSM.MarkReceiverPages,606976,1
68,327,8873.4771782,1,VSM.Allocate,226816,1
68,327,8873.4771782,1,VSM.InvalidateStatic,0,0
68,327,8873.4771782,1,VSM.ClearPhysicalPages,90624,1
68,327,8873.4771782,1,VSM.StaticCasterCull,66816,1
68,327,8873.4771782,1,VSM.DynamicCasterCull,0,1
68,327,8873.4771782,1,VSM.PageCull,48128,1
68,327,8873.4771782,1,VSM.StaticRaster,7168,1
68,327,8873.4771782,1,VSM.FinalizePages,2048,1
68,327,8873.4771782,1,VSM.DynamicRaster,12800,1
68,327,8873.4771782,1,VSM.UnityCompatibilityRaster,0,0
68,327,8873.4771782,1,VSM.Resolve,8038400,1
68,327,8873.4771782,1,VSM.ResolveTrace,7814912,1
68,327,8873.4771782,1,VSM.FilterHorizontal,65280,1
68,327,8873.4771782,1,VSM.FilterVertical,0,0
68,327,8873.4771782,1,VSM.FilterTemporalVertical,156928,1
69,328,8873.4962766,1,VSM.PageOccupancy,61184,1
69,328,8873.4962766,1,VSM.LayoutRemap,0,1
69,328,8873.4962766,1,VSM.ResetFeedback,0,1
69,328,8873.4962766,1,VSM.MarkReceiverPages,610560,1
69,328,8873.4962766,1,VSM.Allocate,228096,1
69,328,8873.4962766,1,VSM.InvalidateStatic,0,0
69,328,8873.4962766,1,VSM.ClearPhysicalPages,90624,1
69,328,8873.4962766,1,VSM.StaticCasterCull,69888,1
69,328,8873.4962766,1,VSM.DynamicCasterCull,0,1
69,328,8873.4962766,1,VSM.PageCull,50944,1
69,328,8873.4962766,1,VSM.StaticRaster,7424,1
69,328,8873.4962766,1,VSM.FinalizePages,1536,1
69,328,8873.4962766,1,VSM.DynamicRaster,13568,1
69,328,8873.4962766,1,VSM.UnityCompatibilityRaster,0,0
69,328,8873.4962766,1,VSM.Resolve,7227392,1
69,328,8873.4962766,1,VSM.ResolveTrace,6998272,1
69,328,8873.4962766,1,VSM.FilterHorizontal,67584,1
69,328,8873.4962766,1,VSM.FilterVertical,0,0
69,328,8873.4962766,1,VSM.FilterTemporalVertical,160000,1
70,329,8873.5154396,1,VSM.PageOccupancy,63232,1
70,329,8873.5154396,1,VSM.LayoutRemap,0,1
70,329,8873.5154396,1,VSM.ResetFeedback,0,1
70,329,8873.5154396,1,VSM.MarkReceiverPages,609280,1
70,329,8873.5154396,1,VSM.Allocate,228352,1
70,329,8873.5154396,1,VSM.InvalidateStatic,0,0
70,329,8873.5154396,1,VSM.ClearPhysicalPages,90624,1
70,329,8873.5154396,1,VSM.StaticCasterCull,67072,1
70,329,8873.5154396,1,VSM.DynamicCasterCull,256,1
70,329,8873.5154396,1,VSM.PageCull,48384,1
70,329,8873.5154396,1,VSM.StaticRaster,7424,1
70,329,8873.5154396,1,VSM.FinalizePages,2048,1
70,329,8873.5154396,1,VSM.DynamicRaster,14336,1
70,329,8873.5154396,1,VSM.UnityCompatibilityRaster,0,0
70,329,8873.5154396,1,VSM.Resolve,7892480,1
70,329,8873.5154396,1,VSM.ResolveTrace,7663616,1
70,329,8873.5154396,1,VSM.FilterHorizontal,68096,1
70,329,8873.5154396,1,VSM.FilterVertical,0,0
70,329,8873.5154396,1,VSM.FilterTemporalVertical,159488,1
71,330,8873.5350358000014,1,VSM.PageOccupancy,62208,1
71,330,8873.5350358000014,1,VSM.LayoutRemap,0,1
71,330,8873.5350358000014,1,VSM.ResetFeedback,0,1
71,330,8873.5350358000014,1,VSM.MarkReceiverPages,610560,1
71,330,8873.5350358000014,1,VSM.Allocate,228096,1
71,330,8873.5350358000014,1,VSM.InvalidateStatic,0,0
71,330,8873.5350358000014,1,VSM.ClearPhysicalPages,422912,1
71,330,8873.5350358000014,1,VSM.StaticCasterCull,73472,1
71,330,8873.5350358000014,1,VSM.DynamicCasterCull,0,1
71,330,8873.5350358000014,1,VSM.PageCull,48640,1
71,330,8873.5350358000014,1,VSM.StaticRaster,6144,1
71,330,8873.5350358000014,1,VSM.FinalizePages,2560,1
71,330,8873.5350358000014,1,VSM.DynamicRaster,12544,1
71,330,8873.5350358000014,1,VSM.UnityCompatibilityRaster,0,0
71,330,8873.5350358000014,1,VSM.Resolve,7847424,1
71,330,8873.5350358000014,1,VSM.ResolveTrace,7466752,1
71,330,8873.5350358000014,1,VSM.FilterHorizontal,67072,1
71,330,8873.5350358000014,1,VSM.FilterVertical,0,0
71,330,8873.5350358000014,1,VSM.FilterTemporalVertical,312576,1
72,331,8873.5528028,1,VSM.PageOccupancy,59136,1
72,331,8873.5528028,1,VSM.LayoutRemap,0,1
72,331,8873.5528028,1,VSM.ResetFeedback,0,1
72,331,8873.5528028,1,VSM.MarkReceiverPages,609792,1
72,331,8873.5528028,1,VSM.Allocate,228352,1
72,331,8873.5528028,1,VSM.InvalidateStatic,0,0
72,331,8873.5528028,1,VSM.ClearPhysicalPages,90624,1
72,331,8873.5528028,1,VSM.StaticCasterCull,66816,1
72,331,8873.5528028,1,VSM.DynamicCasterCull,0,1
72,331,8873.5528028,1,VSM.PageCull,48128,1
72,331,8873.5528028,1,VSM.StaticRaster,7424,1
72,331,8873.5528028,1,VSM.FinalizePages,2048,1
72,331,8873.5528028,1,VSM.DynamicRaster,14080,1
72,331,8873.5528028,1,VSM.UnityCompatibilityRaster,0,0
72,331,8873.5528028,1,VSM.Resolve,7648256,1
72,331,8873.5528028,1,VSM.ResolveTrace,6893824,1
72,331,8873.5528028,1,VSM.FilterHorizontal,68352,1
72,331,8873.5528028,1,VSM.FilterVertical,0,0
72,331,8873.5528028,1,VSM.FilterTemporalVertical,162304,1
73,332,8873.5697107,1,VSM.PageOccupancy,58624,1
73,332,8873.5697107,1,VSM.LayoutRemap,0,1
73,332,8873.5697107,1,VSM.ResetFeedback,0,1
73,332,8873.5697107,1,VSM.MarkReceiverPages,609792,1
73,332,8873.5697107,1,VSM.Allocate,227584,1
73,332,8873.5697107,1,VSM.InvalidateStatic,0,0
73,332,8873.5697107,1,VSM.ClearPhysicalPages,431104,1
73,332,8873.5697107,1,VSM.StaticCasterCull,66816,1
73,332,8873.5697107,1,VSM.DynamicCasterCull,0,1
73,332,8873.5697107,1,VSM.PageCull,46848,1
73,332,8873.5697107,1,VSM.StaticRaster,7168,1
73,332,8873.5697107,1,VSM.FinalizePages,2304,1
73,332,8873.5697107,1,VSM.DynamicRaster,11520,1
73,332,8873.5697107,1,VSM.UnityCompatibilityRaster,0,0
73,332,8873.5697107,1,VSM.Resolve,8146688,1
73,332,8873.5697107,1,VSM.ResolveTrace,7914752,1
73,332,8873.5697107,1,VSM.FilterHorizontal,68096,1
73,332,8873.5697107,1,VSM.FilterVertical,0,0
73,332,8873.5697107,1,VSM.FilterTemporalVertical,162304,1
74,333,8873.5877254,1,VSM.PageOccupancy,111104,1
74,333,8873.5877254,1,VSM.LayoutRemap,0,1
74,333,8873.5877254,1,VSM.ResetFeedback,0,1
74,333,8873.5877254,1,VSM.MarkReceiverPages,609536,1
74,333,8873.5877254,1,VSM.Allocate,225792,1
74,333,8873.5877254,1,VSM.InvalidateStatic,0,0
74,333,8873.5877254,1,VSM.ClearPhysicalPages,446720,1
74,333,8873.5877254,1,VSM.StaticCasterCull,73984,1
74,333,8873.5877254,1,VSM.DynamicCasterCull,0,1
74,333,8873.5877254,1,VSM.PageCull,49408,1
74,333,8873.5877254,1,VSM.StaticRaster,6912,1
74,333,8873.5877254,1,VSM.FinalizePages,2560,1
74,333,8873.5877254,1,VSM.DynamicRaster,11264,1
74,333,8873.5877254,1,VSM.UnityCompatibilityRaster,0,0
74,333,8873.5877254,1,VSM.Resolve,7344640,1
74,333,8873.5877254,1,VSM.ResolveTrace,7118336,1
74,333,8873.5877254,1,VSM.FilterHorizontal,66816,1
74,333,8873.5877254,1,VSM.FilterVertical,0,0
74,333,8873.5877254,1,VSM.FilterTemporalVertical,158208,1
75,334,8873.6066792,1,VSM.PageOccupancy,58368,1
75,334,8873.6066792,1,VSM.LayoutRemap,0,1
75,334,8873.6066792,1,VSM.ResetFeedback,0,1
75,334,8873.6066792,1,VSM.MarkReceiverPages,609792,1
75,334,8873.6066792,1,VSM.Allocate,227840,1
75,334,8873.6066792,1,VSM.InvalidateStatic,0,0
75,334,8873.6066792,1,VSM.ClearPhysicalPages,90624,1
75,334,8873.6066792,1,VSM.StaticCasterCull,67328,1
75,334,8873.6066792,1,VSM.DynamicCasterCull,0,1
75,334,8873.6066792,1,VSM.PageCull,48640,1
75,334,8873.6066792,1,VSM.StaticRaster,7680,1
75,334,8873.6066792,1,VSM.FinalizePages,1792,1
75,334,8873.6066792,1,VSM.DynamicRaster,13568,1
75,334,8873.6066792,1,VSM.UnityCompatibilityRaster,0,0
75,334,8873.6066792,1,VSM.Resolve,7118080,1
75,334,8873.6066792,1,VSM.ResolveTrace,6623744,1
75,334,8873.6066792,1,VSM.FilterHorizontal,66304,1
75,334,8873.6066792,1,VSM.FilterVertical,0,0
75,334,8873.6066792,1,VSM.FilterTemporalVertical,427008,1
76,335,8873.6251515,1,VSM.PageOccupancy,59392,1
76,335,8873.6251515,1,VSM.LayoutRemap,0,1
76,335,8873.6251515,1,VSM.ResetFeedback,0,1
76,335,8873.6251515,1,VSM.MarkReceiverPages,609280,1
76,335,8873.6251515,1,VSM.Allocate,228352,1
76,335,8873.6251515,1,VSM.InvalidateStatic,0,0
76,335,8873.6251515,1,VSM.ClearPhysicalPages,526592,1
76,335,8873.6251515,1,VSM.StaticCasterCull,74752,1
76,335,8873.6251515,1,VSM.DynamicCasterCull,0,1
76,335,8873.6251515,1,VSM.PageCull,48128,1
76,335,8873.6251515,1,VSM.StaticRaster,7424,1
76,335,8873.6251515,1,VSM.FinalizePages,2048,1
76,335,8873.6251515,1,VSM.DynamicRaster,12544,1
76,335,8873.6251515,1,VSM.UnityCompatibilityRaster,0,0
76,335,8873.6251515,1,VSM.Resolve,7686144,1
76,335,8873.6251515,1,VSM.ResolveTrace,6978560,1
76,335,8873.6251515,1,VSM.FilterHorizontal,64000,1
76,335,8873.6251515,1,VSM.FilterVertical,0,0
76,335,8873.6251515,1,VSM.FilterTemporalVertical,642304,1
77,336,8873.6439216,1,VSM.PageOccupancy,60416,1
77,336,8873.6439216,1,VSM.LayoutRemap,0,1
77,336,8873.6439216,1,VSM.ResetFeedback,0,1
77,336,8873.6439216,1,VSM.MarkReceiverPages,606976,1
77,336,8873.6439216,1,VSM.Allocate,225536,1
77,336,8873.6439216,1,VSM.InvalidateStatic,0,0
77,336,8873.6439216,1,VSM.ClearPhysicalPages,473344,1
77,336,8873.6439216,1,VSM.StaticCasterCull,68608,1
77,336,8873.6439216,1,VSM.DynamicCasterCull,0,1
77,336,8873.6439216,1,VSM.PageCull,44288,1
77,336,8873.6439216,1,VSM.StaticRaster,4864,1
77,336,8873.6439216,1,VSM.FinalizePages,1792,1
77,336,8873.6439216,1,VSM.DynamicRaster,11008,1
77,336,8873.6439216,1,VSM.UnityCompatibilityRaster,0,0
77,336,8873.6439216,1,VSM.Resolve,8355072,1
77,336,8873.6439216,1,VSM.ResolveTrace,8130048,1
77,336,8873.6439216,1,VSM.FilterHorizontal,67328,1
77,336,8873.6439216,1,VSM.FilterVertical,0,0
77,336,8873.6439216,1,VSM.FilterTemporalVertical,156672,1
78,337,8873.6627439,1,VSM.PageOccupancy,60672,1
78,337,8873.6627439,1,VSM.LayoutRemap,0,1
78,337,8873.6627439,1,VSM.ResetFeedback,0,1
78,337,8873.6627439,1,VSM.MarkReceiverPages,606976,1
78,337,8873.6627439,1,VSM.Allocate,224000,1
78,337,8873.6627439,1,VSM.InvalidateStatic,0,0
78,337,8873.6627439,1,VSM.ClearPhysicalPages,933632,1
78,337,8873.6627439,1,VSM.StaticCasterCull,73728,1
78,337,8873.6627439,1,VSM.DynamicCasterCull,0,1
78,337,8873.6627439,1,VSM.PageCull,48896,1
78,337,8873.6627439,1,VSM.StaticRaster,6912,1
78,337,8873.6627439,1,VSM.FinalizePages,2048,1
78,337,8873.6627439,1,VSM.DynamicRaster,12544,1
78,337,8873.6627439,1,VSM.UnityCompatibilityRaster,0,0
78,337,8873.6627439,1,VSM.Resolve,7246592,1
78,337,8873.6627439,1,VSM.ResolveTrace,7011584,1
78,337,8873.6627439,1,VSM.FilterHorizontal,66816,1
78,337,8873.6627439,1,VSM.FilterVertical,0,0
78,337,8873.6627439,1,VSM.FilterTemporalVertical,166912,1
79,338,8873.6821407,1,VSM.PageOccupancy,58368,1
79,338,8873.6821407,1,VSM.LayoutRemap,0,1
79,338,8873.6821407,1,VSM.ResetFeedback,0,1
79,338,8873.6821407,1,VSM.MarkReceiverPages,980480,1
79,338,8873.6821407,1,VSM.Allocate,229888,1
79,338,8873.6821407,1,VSM.InvalidateStatic,0,0
79,338,8873.6821407,1,VSM.ClearPhysicalPages,91136,1
79,338,8873.6821407,1,VSM.StaticCasterCull,65280,1
79,338,8873.6821407,1,VSM.DynamicCasterCull,0,1
79,338,8873.6821407,1,VSM.PageCull,46336,1
79,338,8873.6821407,1,VSM.StaticRaster,6912,1
79,338,8873.6821407,1,VSM.FinalizePages,1792,1
79,338,8873.6821407,1,VSM.DynamicRaster,12288,1
79,338,8873.6821407,1,VSM.UnityCompatibilityRaster,0,0
79,338,8873.6821407,1,VSM.Resolve,6475776,1
79,338,8873.6821407,1,VSM.ResolveTrace,6250496,1
79,338,8873.6821407,1,VSM.FilterHorizontal,66816,1
79,338,8873.6821407,1,VSM.FilterVertical,0,0
79,338,8873.6821407,1,VSM.FilterTemporalVertical,157184,1
80,339,8873.7005808000013,1,VSM.PageOccupancy,61184,1
80,339,8873.7005808000013,1,VSM.LayoutRemap,0,1
80,339,8873.7005808000013,1,VSM.ResetFeedback,0,1
80,339,8873.7005808000013,1,VSM.MarkReceiverPages,606976,1
80,339,8873.7005808000013,1,VSM.Allocate,226048,1
80,339,8873.7005808000013,1,VSM.InvalidateStatic,0,0
80,339,8873.7005808000013,1,VSM.ClearPhysicalPages,644864,1
80,339,8873.7005808000013,1,VSM.StaticCasterCull,72448,1
80,339,8873.7005808000013,1,VSM.DynamicCasterCull,0,1
80,339,8873.7005808000013,1,VSM.PageCull,48128,1
80,339,8873.7005808000013,1,VSM.StaticRaster,7424,1
80,339,8873.7005808000013,1,VSM.FinalizePages,2048,1
80,339,8873.7005808000013,1,VSM.DynamicRaster,12032,1
80,339,8873.7005808000013,1,VSM.UnityCompatibilityRaster,0,0
80,339,8873.7005808000013,1,VSM.Resolve,7186176,1
80,339,8873.7005808000013,1,VSM.ResolveTrace,6963200,1
80,339,8873.7005808000013,1,VSM.FilterHorizontal,65024,1
80,339,8873.7005808000013,1,VSM.FilterVertical,0,0
80,339,8873.7005808000013,1,VSM.FilterTemporalVertical,156928,1
81,340,8873.719706,1,VSM.PageOccupancy,63488,1
81,340,8873.719706,1,VSM.LayoutRemap,0,1
81,340,8873.719706,1,VSM.ResetFeedback,0,1
81,340,8873.719706,1,VSM.MarkReceiverPages,607744,1
81,340,8873.719706,1,VSM.Allocate,226304,1
81,340,8873.719706,1,VSM.InvalidateStatic,0,0
81,340,8873.719706,1,VSM.ClearPhysicalPages,303104,1
81,340,8873.719706,1,VSM.StaticCasterCull,74496,1
81,340,8873.719706,1,VSM.DynamicCasterCull,0,1
81,340,8873.719706,1,VSM.PageCull,50432,1
81,340,8873.719706,1,VSM.StaticRaster,4352,1
81,340,8873.719706,1,VSM.FinalizePages,2560,1
81,340,8873.719706,1,VSM.DynamicRaster,13312,1
81,340,8873.719706,1,VSM.UnityCompatibilityRaster,0,0
81,340,8873.719706,1,VSM.Resolve,8634880,1
81,340,8873.719706,1,VSM.ResolveTrace,8060416,1
81,340,8873.719706,1,VSM.FilterHorizontal,68096,1
81,340,8873.719706,1,VSM.FilterVertical,0,0
81,340,8873.719706,1,VSM.FilterTemporalVertical,157440,1
82,341,8873.7378955,1,VSM.PageOccupancy,58368,1
82,341,8873.7378955,1,VSM.LayoutRemap,0,1
82,341,8873.7378955,1,VSM.ResetFeedback,0,1
82,341,8873.7378955,1,VSM.MarkReceiverPages,607232,1
82,341,8873.7378955,1,VSM.Allocate,223488,1
82,341,8873.7378955,1,VSM.InvalidateStatic,0,0
82,341,8873.7378955,1,VSM.ClearPhysicalPages,1055232,1
82,341,8873.7378955,1,VSM.StaticCasterCull,72704,1
82,341,8873.7378955,1,VSM.DynamicCasterCull,0,1
82,341,8873.7378955,1,VSM.PageCull,47616,1
82,341,8873.7378955,1,VSM.StaticRaster,7424,1
82,341,8873.7378955,1,VSM.FinalizePages,1792,1
82,341,8873.7378955,1,VSM.DynamicRaster,12800,1
82,341,8873.7378955,1,VSM.UnityCompatibilityRaster,0,0
82,341,8873.7378955,1,VSM.Resolve,6939136,1
82,341,8873.7378955,1,VSM.ResolveTrace,6714368,1
82,341,8873.7378955,1,VSM.FilterHorizontal,66560,1
82,341,8873.7378955,1,VSM.FilterVertical,0,0
82,341,8873.7378955,1,VSM.FilterTemporalVertical,157440,1
83,342,8873.7564651000012,1,VSM.PageOccupancy,58880,1
83,342,8873.7564651000012,1,VSM.LayoutRemap,0,1
83,342,8873.7564651000012,1,VSM.ResetFeedback,0,1
83,342,8873.7564651000012,1,VSM.MarkReceiverPages,606976,1
83,342,8873.7564651000012,1,VSM.Allocate,224000,1
83,342,8873.7564651000012,1,VSM.InvalidateStatic,0,0
83,342,8873.7564651000012,1,VSM.ClearPhysicalPages,921856,1
83,342,8873.7564651000012,1,VSM.StaticCasterCull,72192,1
83,342,8873.7564651000012,1,VSM.DynamicCasterCull,0,1
83,342,8873.7564651000012,1,VSM.PageCull,47360,1
83,342,8873.7564651000012,1,VSM.StaticRaster,7168,1
83,342,8873.7564651000012,1,VSM.FinalizePages,2048,1
83,342,8873.7564651000012,1,VSM.DynamicRaster,12544,1
83,342,8873.7564651000012,1,VSM.UnityCompatibilityRaster,0,0
83,342,8873.7564651000012,1,VSM.Resolve,6790144,1
83,342,8873.7564651000012,1,VSM.ResolveTrace,6564352,1
83,342,8873.7564651000012,1,VSM.FilterHorizontal,66304,1
83,342,8873.7564651000012,1,VSM.FilterVertical,0,0
83,342,8873.7564651000012,1,VSM.FilterTemporalVertical,157952,1
84,343,8873.7748574,1,VSM.PageOccupancy,59648,1
84,343,8873.7748574,1,VSM.LayoutRemap,0,1
84,343,8873.7748574,1,VSM.ResetFeedback,0,1
84,343,8873.7748574,1,VSM.MarkReceiverPages,815616,1
84,343,8873.7748574,1,VSM.Allocate,228096,1
84,343,8873.7748574,1,VSM.InvalidateStatic,0,0
84,343,8873.7748574,1,VSM.ClearPhysicalPages,90624,1
84,343,8873.7748574,1,VSM.StaticCasterCull,68096,1
84,343,8873.7748574,1,VSM.DynamicCasterCull,0,1
84,343,8873.7748574,1,VSM.PageCull,49664,1
84,343,8873.7748574,1,VSM.StaticRaster,7168,1
84,343,8873.7748574,1,VSM.FinalizePages,1792,1
84,343,8873.7748574,1,VSM.DynamicRaster,15104,1
84,343,8873.7748574,1,VSM.UnityCompatibilityRaster,0,0
84,343,8873.7748574,1,VSM.Resolve,7289856,1
84,343,8873.7748574,1,VSM.ResolveTrace,7063296,1
84,343,8873.7748574,1,VSM.FilterHorizontal,65792,1
84,343,8873.7748574,1,VSM.FilterVertical,0,0
84,343,8873.7748574,1,VSM.FilterTemporalVertical,159488,1
85,344,8873.7936371,1,VSM.PageOccupancy,59648,1
85,344,8873.7936371,1,VSM.LayoutRemap,0,1
85,344,8873.7936371,1,VSM.ResetFeedback,0,1
85,344,8873.7936371,1,VSM.MarkReceiverPages,610816,1
85,344,8873.7936371,1,VSM.Allocate,228096,1
85,344,8873.7936371,1,VSM.InvalidateStatic,0,0
85,344,8873.7936371,1,VSM.ClearPhysicalPages,444672,1
85,344,8873.7936371,1,VSM.StaticCasterCull,72192,1
85,344,8873.7936371,1,VSM.DynamicCasterCull,0,1
85,344,8873.7936371,1,VSM.PageCull,47104,1
85,344,8873.7936371,1,VSM.StaticRaster,6912,1
85,344,8873.7936371,1,VSM.FinalizePages,1792,1
85,344,8873.7936371,1,VSM.DynamicRaster,12032,1
85,344,8873.7936371,1,VSM.UnityCompatibilityRaster,0,0
85,344,8873.7936371,1,VSM.Resolve,8196608,1
85,344,8873.7936371,1,VSM.ResolveTrace,7245312,1
85,344,8873.7936371,1,VSM.FilterHorizontal,68352,1
85,344,8873.7936371,1,VSM.FilterVertical,0,0
85,344,8873.7936371,1,VSM.FilterTemporalVertical,160000,1
86,345,8873.8117365,1,VSM.PageOccupancy,60416,1
86,345,8873.8117365,1,VSM.LayoutRemap,0,1
86,345,8873.8117365,1,VSM.ResetFeedback,0,1
86,345,8873.8117365,1,VSM.MarkReceiverPages,608768,1
86,345,8873.8117365,1,VSM.Allocate,227072,1
86,345,8873.8117365,1,VSM.InvalidateStatic,0,0
86,345,8873.8117365,1,VSM.ClearPhysicalPages,433920,1
86,345,8873.8117365,1,VSM.StaticCasterCull,68096,1
86,345,8873.8117365,1,VSM.DynamicCasterCull,0,1
86,345,8873.8117365,1,VSM.PageCull,44288,1
86,345,8873.8117365,1,VSM.StaticRaster,9472,1
86,345,8873.8117365,1,VSM.FinalizePages,2048,1
86,345,8873.8117365,1,VSM.DynamicRaster,11776,1
86,345,8873.8117365,1,VSM.UnityCompatibilityRaster,0,0
86,345,8873.8117365,1,VSM.Resolve,7654400,1
86,345,8873.8117365,1,VSM.ResolveTrace,7431936,1
86,345,8873.8117365,1,VSM.FilterHorizontal,65024,1
86,345,8873.8117365,1,VSM.FilterVertical,0,0
86,345,8873.8117365,1,VSM.FilterTemporalVertical,156160,1
87,346,8873.8293805000012,1,VSM.PageOccupancy,57856,1
87,346,8873.8293805000012,1,VSM.LayoutRemap,0,1
87,346,8873.8293805000012,1,VSM.ResetFeedback,0,1
87,346,8873.8293805000012,1,VSM.MarkReceiverPages,607744,1
87,346,8873.8293805000012,1,VSM.Allocate,226304,1
87,346,8873.8293805000012,1,VSM.InvalidateStatic,0,0
87,346,8873.8293805000012,1,VSM.ClearPhysicalPages,90624,1
87,346,8873.8293805000012,1,VSM.StaticCasterCull,250112,1
87,346,8873.8293805000012,1,VSM.DynamicCasterCull,0,1
87,346,8873.8293805000012,1,VSM.PageCull,47616,1
87,346,8873.8293805000012,1,VSM.StaticRaster,9216,1
87,346,8873.8293805000012,1,VSM.FinalizePages,1792,1
87,346,8873.8293805000012,1,VSM.DynamicRaster,19456,1
87,346,8873.8293805000012,1,VSM.UnityCompatibilityRaster,0,0
87,346,8873.8293805000012,1,VSM.Resolve,7404032,1
87,346,8873.8293805000012,1,VSM.ResolveTrace,7177728,1
87,346,8873.8293805000012,1,VSM.FilterHorizontal,66816,1
87,346,8873.8293805000012,1,VSM.FilterVertical,0,0
87,346,8873.8293805000012,1,VSM.FilterTemporalVertical,158208,1
88,347,8873.8470682,1,VSM.PageOccupancy,60160,1
88,347,8873.8470682,1,VSM.LayoutRemap,0,1
88,347,8873.8470682,1,VSM.ResetFeedback,0,1
88,347,8873.8470682,1,VSM.MarkReceiverPages,609792,1
88,347,8873.8470682,1,VSM.Allocate,229120,1
88,347,8873.8470682,1,VSM.InvalidateStatic,0,0
88,347,8873.8470682,1,VSM.ClearPhysicalPages,557312,1
88,347,8873.8470682,1,VSM.StaticCasterCull,72704,1
88,347,8873.8470682,1,VSM.DynamicCasterCull,0,1
88,347,8873.8470682,1,VSM.PageCull,48384,1
88,347,8873.8470682,1,VSM.StaticRaster,5376,1
88,347,8873.8470682,1,VSM.FinalizePages,2304,1
88,347,8873.8470682,1,VSM.DynamicRaster,12032,1
88,347,8873.8470682,1,VSM.UnityCompatibilityRaster,0,0
88,347,8873.8470682,1,VSM.Resolve,7529728,1
88,347,8873.8470682,1,VSM.ResolveTrace,7303680,1
88,347,8873.8470682,1,VSM.FilterHorizontal,67584,1
88,347,8873.8470682,1,VSM.FilterVertical,0,0
88,347,8873.8470682,1,VSM.FilterTemporalVertical,157184,1
89,348,8873.8644212,1,VSM.PageOccupancy,62976,1
89,348,8873.8644212,1,VSM.LayoutRemap,0,1
89,348,8873.8644212,1,VSM.ResetFeedback,0,1
89,348,8873.8644212,1,VSM.MarkReceiverPages,608512,1
89,348,8873.8644212,1,VSM.Allocate,228608,1
89,348,8873.8644212,1,VSM.InvalidateStatic,0,0
89,348,8873.8644212,1,VSM.ClearPhysicalPages,384256,1
89,348,8873.8644212,1,VSM.StaticCasterCull,69120,1
89,348,8873.8644212,1,VSM.DynamicCasterCull,0,1
89,348,8873.8644212,1,VSM.PageCull,44544,1
89,348,8873.8644212,1,VSM.StaticRaster,7168,1
89,348,8873.8644212,1,VSM.FinalizePages,1792,1
89,348,8873.8644212,1,VSM.DynamicRaster,11008,1
89,348,8873.8644212,1,VSM.UnityCompatibilityRaster,0,0
89,348,8873.8644212,1,VSM.Resolve,7400448,1
89,348,8873.8644212,1,VSM.ResolveTrace,6971904,1
89,348,8873.8644212,1,VSM.FilterHorizontal,66560,1
89,348,8873.8644212,1,VSM.FilterVertical,0,0
89,348,8873.8644212,1,VSM.FilterTemporalVertical,360960,1
90,349,8873.8836448,1,VSM.PageOccupancy,58880,1
90,349,8873.8836448,1,VSM.LayoutRemap,0,1
90,349,8873.8836448,1,VSM.ResetFeedback,0,1
90,349,8873.8836448,1,VSM.MarkReceiverPages,609536,1
90,349,8873.8836448,1,VSM.Allocate,224256,1
90,349,8873.8836448,1,VSM.InvalidateStatic,0,0
90,349,8873.8836448,1,VSM.ClearPhysicalPages,418304,1
90,349,8873.8836448,1,VSM.StaticCasterCull,74752,1
90,349,8873.8836448,1,VSM.DynamicCasterCull,0,1
90,349,8873.8836448,1,VSM.PageCull,46080,1
90,349,8873.8836448,1,VSM.StaticRaster,7680,1
90,349,8873.8836448,1,VSM.FinalizePages,1792,1
90,349,8873.8836448,1,VSM.DynamicRaster,11776,1
90,349,8873.8836448,1,VSM.UnityCompatibilityRaster,0,0
90,349,8873.8836448,1,VSM.Resolve,7508992,1
90,349,8873.8836448,1,VSM.ResolveTrace,7282688,1
90,349,8873.8836448,1,VSM.FilterHorizontal,66304,1
90,349,8873.8836448,1,VSM.FilterVertical,0,0
90,349,8873.8836448,1,VSM.FilterTemporalVertical,159232,1
91,350,8873.9018753,1,VSM.PageOccupancy,60928,1
91,350,8873.9018753,1,VSM.LayoutRemap,0,1
91,350,8873.9018753,1,VSM.ResetFeedback,0,1
91,350,8873.9018753,1,VSM.MarkReceiverPages,607488,1
91,350,8873.9018753,1,VSM.Allocate,223232,1
91,350,8873.9018753,1,VSM.InvalidateStatic,0,0
91,350,8873.9018753,1,VSM.ClearPhysicalPages,89600,1
91,350,8873.9018753,1,VSM.StaticCasterCull,65792,1
91,350,8873.9018753,1,VSM.DynamicCasterCull,0,1
91,350,8873.9018753,1,VSM.PageCull,47616,1
91,350,8873.9018753,1,VSM.StaticRaster,7680,1
91,350,8873.9018753,1,VSM.FinalizePages,1792,1
91,350,8873.9018753,1,VSM.DynamicRaster,13824,1
91,350,8873.9018753,1,VSM.UnityCompatibilityRaster,0,0
91,350,8873.9018753,1,VSM.Resolve,7489536,1
91,350,8873.9018753,1,VSM.ResolveTrace,7077120,1
91,350,8873.9018753,1,VSM.FilterHorizontal,65536,1
91,350,8873.9018753,1,VSM.FilterVertical,0,0
91,350,8873.9018753,1,VSM.FilterTemporalVertical,157184,1
92,351,8873.9206672,1,VSM.PageOccupancy,58880,1
92,351,8873.9206672,1,VSM.LayoutRemap,0,1
92,351,8873.9206672,1,VSM.ResetFeedback,0,1
92,351,8873.9206672,1,VSM.MarkReceiverPages,606720,1
92,351,8873.9206672,1,VSM.Allocate,224768,1
92,351,8873.9206672,1,VSM.InvalidateStatic,0,0
92,351,8873.9206672,1,VSM.ClearPhysicalPages,90368,1
92,351,8873.9206672,1,VSM.StaticCasterCull,263168,1
92,351,8873.9206672,1,VSM.DynamicCasterCull,0,1
92,351,8873.9206672,1,VSM.PageCull,52224,1
92,351,8873.9206672,1,VSM.StaticRaster,7168,1
92,351,8873.9206672,1,VSM.FinalizePages,2048,1
92,351,8873.9206672,1,VSM.DynamicRaster,14592,1
92,351,8873.9206672,1,VSM.UnityCompatibilityRaster,0,0
92,351,8873.9206672,1,VSM.Resolve,8079104,1
92,351,8873.9206672,1,VSM.ResolveTrace,7851008,1
92,351,8873.9206672,1,VSM.FilterHorizontal,67584,1
92,351,8873.9206672,1,VSM.FilterVertical,0,0
92,351,8873.9206672,1,VSM.FilterTemporalVertical,158976,1
93,352,8873.9399388,1,VSM.PageOccupancy,60672,1
93,352,8873.9399388,1,VSM.LayoutRemap,0,1
93,352,8873.9399388,1,VSM.ResetFeedback,0,1
93,352,8873.9399388,1,VSM.MarkReceiverPages,607488,1
93,352,8873.9399388,1,VSM.Allocate,225792,1
93,352,8873.9399388,1,VSM.InvalidateStatic,0,0
93,352,8873.9399388,1,VSM.ClearPhysicalPages,89856,1
93,352,8873.9399388,1,VSM.StaticCasterCull,68352,1
93,352,8873.9399388,1,VSM.DynamicCasterCull,0,1
93,352,8873.9399388,1,VSM.PageCull,49664,1
93,352,8873.9399388,1,VSM.StaticRaster,7168,1
93,352,8873.9399388,1,VSM.FinalizePages,1792,1
93,352,8873.9399388,1,VSM.DynamicRaster,13824,1
93,352,8873.9399388,1,VSM.UnityCompatibilityRaster,0,0
93,352,8873.9399388,1,VSM.Resolve,6944256,1
93,352,8873.9399388,1,VSM.ResolveTrace,6721024,1
93,352,8873.9399388,1,VSM.FilterHorizontal,65280,1
93,352,8873.9399388,1,VSM.FilterVertical,0,0
93,352,8873.9399388,1,VSM.FilterTemporalVertical,156416,1
94,353,8873.9587855,1,VSM.PageOccupancy,59904,1
94,353,8873.9587855,1,VSM.LayoutRemap,0,1
94,353,8873.9587855,1,VSM.ResetFeedback,0,1
94,353,8873.9587855,1,VSM.MarkReceiverPages,606464,1
94,353,8873.9587855,1,VSM.Allocate,226304,1
94,353,8873.9587855,1,VSM.InvalidateStatic,0,0
94,353,8873.9587855,1,VSM.ClearPhysicalPages,425728,1
94,353,8873.9587855,1,VSM.StaticCasterCull,73728,1
94,353,8873.9587855,1,VSM.DynamicCasterCull,0,1
94,353,8873.9587855,1,VSM.PageCull,48896,1
94,353,8873.9587855,1,VSM.StaticRaster,5376,1
94,353,8873.9587855,1,VSM.FinalizePages,2304,1
94,353,8873.9587855,1,VSM.DynamicRaster,13056,1
94,353,8873.9587855,1,VSM.UnityCompatibilityRaster,0,0
94,353,8873.9587855,1,VSM.Resolve,7056384,1
94,353,8873.9587855,1,VSM.ResolveTrace,6831616,1
94,353,8873.9587855,1,VSM.FilterHorizontal,65792,1
94,353,8873.9587855,1,VSM.FilterVertical,0,0
94,353,8873.9587855,1,VSM.FilterTemporalVertical,157952,1
95,354,8873.9772524,1,VSM.PageOccupancy,61952,1
95,354,8873.9772524,1,VSM.LayoutRemap,0,1
95,354,8873.9772524,1,VSM.ResetFeedback,0,1
95,354,8873.9772524,1,VSM.MarkReceiverPages,975104,1
95,354,8873.9772524,1,VSM.Allocate,231680,1
95,354,8873.9772524,1,VSM.InvalidateStatic,0,0
95,354,8873.9772524,1,VSM.ClearPhysicalPages,89856,1
95,354,8873.9772524,1,VSM.StaticCasterCull,66816,1
95,354,8873.9772524,1,VSM.DynamicCasterCull,0,1
95,354,8873.9772524,1,VSM.PageCull,47872,1
95,354,8873.9772524,1,VSM.StaticRaster,6144,1
95,354,8873.9772524,1,VSM.FinalizePages,1536,1
95,354,8873.9772524,1,VSM.DynamicRaster,11776,1
95,354,8873.9772524,1,VSM.UnityCompatibilityRaster,0,0
95,354,8873.9772524,1,VSM.Resolve,7043072,1
95,354,8873.9772524,1,VSM.ResolveTrace,6819072,1
95,354,8873.9772524,1,VSM.FilterHorizontal,65280,1
95,354,8873.9772524,1,VSM.FilterVertical,0,0
95,354,8873.9772524,1,VSM.FilterTemporalVertical,157696,1
96,355,8873.9958830000014,1,VSM.PageOccupancy,61184,1
96,355,8873.9958830000014,1,VSM.LayoutRemap,0,1
96,355,8873.9958830000014,1,VSM.ResetFeedback,0,1
96,355,8873.9958830000014,1,VSM.MarkReceiverPages,609280,1
96,355,8873.9958830000014,1,VSM.Allocate,225536,1
96,355,8873.9958830000014,1,VSM.InvalidateStatic,0,0
96,355,8873.9958830000014,1,VSM.ClearPhysicalPages,546560,1
96,355,8873.9958830000014,1,VSM.StaticCasterCull,70912,1
96,355,8873.9958830000014,1,VSM.DynamicCasterCull,0,1
96,355,8873.9958830000014,1,VSM.PageCull,50176,1
96,355,8873.9958830000014,1,VSM.StaticRaster,3072,1
96,355,8873.9958830000014,1,VSM.FinalizePages,1792,1
96,355,8873.9958830000014,1,VSM.DynamicRaster,11776,1
96,355,8873.9958830000014,1,VSM.UnityCompatibilityRaster,0,0
96,355,8873.9958830000014,1,VSM.Resolve,7361792,1
96,355,8873.9958830000014,1,VSM.ResolveTrace,7135744,1
96,355,8873.9958830000014,1,VSM.FilterHorizontal,67072,1
96,355,8873.9958830000014,1,VSM.FilterVertical,0,0
96,355,8873.9958830000014,1,VSM.FilterTemporalVertical,157696,1
97,356,8874.0138648000011,1,VSM.PageOccupancy,58880,1
97,356,8874.0138648000011,1,VSM.LayoutRemap,0,1
97,356,8874.0138648000011,1,VSM.ResetFeedback,0,1
97,356,8874.0138648000011,1,VSM.MarkReceiverPages,608768,1
97,356,8874.0138648000011,1,VSM.Allocate,225792,1
97,356,8874.0138648000011,1,VSM.InvalidateStatic,0,0
97,356,8874.0138648000011,1,VSM.ClearPhysicalPages,90368,1
97,356,8874.0138648000011,1,VSM.StaticCasterCull,69376,1
97,356,8874.0138648000011,1,VSM.DynamicCasterCull,0,1
97,356,8874.0138648000011,1,VSM.PageCull,50432,1
97,356,8874.0138648000011,1,VSM.StaticRaster,7168,1
97,356,8874.0138648000011,1,VSM.FinalizePages,1792,1
97,356,8874.0138648000011,1,VSM.DynamicRaster,13568,1
97,356,8874.0138648000011,1,VSM.UnityCompatibilityRaster,0,0
97,356,8874.0138648000011,1,VSM.Resolve,7550208,1
97,356,8874.0138648000011,1,VSM.ResolveTrace,7322368,1
97,356,8874.0138648000011,1,VSM.FilterHorizontal,67584,1
97,356,8874.0138648000011,1,VSM.FilterVertical,0,0
97,356,8874.0138648000011,1,VSM.FilterTemporalVertical,158976,1
98,357,8874.0337612,1,VSM.PageOccupancy,60416,1
98,357,8874.0337612,1,VSM.LayoutRemap,0,1
98,357,8874.0337612,1,VSM.ResetFeedback,0,1
98,357,8874.0337612,1,VSM.MarkReceiverPages,609536,1
98,357,8874.0337612,1,VSM.Allocate,224512,1
98,357,8874.0337612,1,VSM.InvalidateStatic,0,0
98,357,8874.0337612,1,VSM.ClearPhysicalPages,474368,1
98,357,8874.0337612,1,VSM.StaticCasterCull,71168,1
98,357,8874.0337612,1,VSM.DynamicCasterCull,0,1
98,357,8874.0337612,1,VSM.PageCull,48384,1
98,357,8874.0337612,1,VSM.StaticRaster,7168,1
98,357,8874.0337612,1,VSM.FinalizePages,1792,1
98,357,8874.0337612,1,VSM.DynamicRaster,11520,1
98,357,8874.0337612,1,VSM.UnityCompatibilityRaster,0,0
98,357,8874.0337612,1,VSM.Resolve,7813120,1
98,357,8874.0337612,1,VSM.ResolveTrace,6876416,1
98,357,8874.0337612,1,VSM.FilterHorizontal,66304,1
98,357,8874.0337612,1,VSM.FilterVertical,0,0
98,357,8874.0337612,1,VSM.FilterTemporalVertical,869376,1
99,358,8874.052556,1,VSM.PageOccupancy,58880,1
99,358,8874.052556,1,VSM.LayoutRemap,0,1
99,358,8874.052556,1,VSM.ResetFeedback,0,1
99,358,8874.052556,1,VSM.MarkReceiverPages,609792,1
99,358,8874.052556,1,VSM.Allocate,226048,1
99,358,8874.052556,1,VSM.InvalidateStatic,0,0
99,358,8874.052556,1,VSM.ClearPhysicalPages,429568,1
99,358,8874.052556,1,VSM.StaticCasterCull,69376,1
99,358,8874.052556,1,VSM.DynamicCasterCull,0,1
99,358,8874.052556,1,VSM.PageCull,48896,1
99,358,8874.052556,1,VSM.StaticRaster,3328,1
99,358,8874.052556,1,VSM.FinalizePages,2560,1
99,358,8874.052556,1,VSM.DynamicRaster,11776,1
99,358,8874.052556,1,VSM.UnityCompatibilityRaster,0,0
99,358,8874.052556,1,VSM.Resolve,8355072,1
99,358,8874.052556,1,VSM.ResolveTrace,8125696,1
99,358,8874.052556,1,VSM.FilterHorizontal,68096,1
99,358,8874.052556,1,VSM.FilterVertical,0,0
99,358,8874.052556,1,VSM.FilterTemporalVertical,160256,1
100,359,8874.070588300001,1,VSM.PageOccupancy,59648,1
100,359,8874.070588300001,1,VSM.LayoutRemap,0,1
100,359,8874.070588300001,1,VSM.ResetFeedback,0,1
100,359,8874.070588300001,1,VSM.MarkReceiverPages,821504,1
100,359,8874.070588300001,1,VSM.Allocate,226816,1
100,359,8874.070588300001,1,VSM.InvalidateStatic,0,0
100,359,8874.070588300001,1,VSM.ClearPhysicalPages,91904,1
100,359,8874.070588300001,1,VSM.StaticCasterCull,65280,1
100,359,8874.070588300001,1,VSM.DynamicCasterCull,0,1
100,359,8874.070588300001,1,VSM.PageCull,46592,1
100,359,8874.070588300001,1,VSM.StaticRaster,5888,1
100,359,8874.070588300001,1,VSM.FinalizePages,1792,1
100,359,8874.070588300001,1,VSM.DynamicRaster,11776,1
100,359,8874.070588300001,1,VSM.UnityCompatibilityRaster,0,0
100,359,8874.070588300001,1,VSM.Resolve,8522240,1
100,359,8874.070588300001,1,VSM.ResolveTrace,8292352,1
100,359,8874.070588300001,1,VSM.FilterHorizontal,68096,1
100,359,8874.070588300001,1,VSM.FilterVertical,0,0
100,359,8874.070588300001,1,VSM.FilterTemporalVertical,160768,1
101,360,8874.089764100001,1,VSM.PageOccupancy,62720,1
101,360,8874.089764100001,1,VSM.LayoutRemap,0,1
101,360,8874.089764100001,1,VSM.ResetFeedback,0,1
101,360,8874.089764100001,1,VSM.MarkReceiverPages,610048,1
101,360,8874.089764100001,1,VSM.Allocate,228608,1
101,360,8874.089764100001,1,VSM.InvalidateStatic,0,0
101,360,8874.089764100001,1,VSM.ClearPhysicalPages,522752,1
101,360,8874.089764100001,1,VSM.StaticCasterCull,68608,1
101,360,8874.089764100001,1,VSM.DynamicCasterCull,0,1
101,360,8874.089764100001,1,VSM.PageCull,48384,1
101,360,8874.089764100001,1,VSM.StaticRaster,7168,1
101,360,8874.089764100001,1,VSM.FinalizePages,2048,1
101,360,8874.089764100001,1,VSM.DynamicRaster,12288,1
101,360,8874.089764100001,1,VSM.UnityCompatibilityRaster,0,0
101,360,8874.089764100001,1,VSM.Resolve,7621632,1
101,360,8874.089764100001,1,VSM.ResolveTrace,7210496,1
101,360,8874.089764100001,1,VSM.FilterHorizontal,66816,1
101,360,8874.089764100001,1,VSM.FilterVertical,0,0
101,360,8874.089764100001,1,VSM.FilterTemporalVertical,343040,1
102,361,8874.1078183,1,VSM.PageOccupancy,58112,1
102,361,8874.1078183,1,VSM.LayoutRemap,0,1
102,361,8874.1078183,1,VSM.ResetFeedback,0,1
102,361,8874.1078183,1,VSM.MarkReceiverPages,609792,1
102,361,8874.1078183,1,VSM.Allocate,227328,1
102,361,8874.1078183,1,VSM.InvalidateStatic,0,0
102,361,8874.1078183,1,VSM.ClearPhysicalPages,429056,1
102,361,8874.1078183,1,VSM.StaticCasterCull,76288,1
102,361,8874.1078183,1,VSM.DynamicCasterCull,0,1
102,361,8874.1078183,1,VSM.PageCull,47872,1
102,361,8874.1078183,1,VSM.StaticRaster,7168,1
102,361,8874.1078183,1,VSM.FinalizePages,2048,1
102,361,8874.1078183,1,VSM.DynamicRaster,12288,1
102,361,8874.1078183,1,VSM.UnityCompatibilityRaster,0,0
102,361,8874.1078183,1,VSM.Resolve,7126272,1
102,361,8874.1078183,1,VSM.ResolveTrace,6545152,1
102,361,8874.1078183,1,VSM.FilterHorizontal,66048,1
102,361,8874.1078183,1,VSM.FilterVertical,0,0
102,361,8874.1078183,1,VSM.FilterTemporalVertical,514048,1
103,362,8874.1279353,1,VSM.PageOccupancy,58368,1
103,362,8874.1279353,1,VSM.LayoutRemap,0,1
103,362,8874.1279353,1,VSM.ResetFeedback,0,1
103,362,8874.1279353,1,VSM.MarkReceiverPages,607488,1
103,362,8874.1279353,1,VSM.Allocate,227584,1
103,362,8874.1279353,1,VSM.InvalidateStatic,0,0
103,362,8874.1279353,1,VSM.ClearPhysicalPages,90880,1
103,362,8874.1279353,1,VSM.StaticCasterCull,63232,1
103,362,8874.1279353,1,VSM.DynamicCasterCull,0,1
103,362,8874.1279353,1,VSM.PageCull,44288,1
103,362,8874.1279353,1,VSM.StaticRaster,7424,1
103,362,8874.1279353,1,VSM.FinalizePages,2304,1
103,362,8874.1279353,1,VSM.DynamicRaster,11264,1
103,362,8874.1279353,1,VSM.UnityCompatibilityRaster,0,0
103,362,8874.1279353,1,VSM.Resolve,7680512,1
103,362,8874.1279353,1,VSM.ResolveTrace,6944512,1
103,362,8874.1279353,1,VSM.FilterHorizontal,66816,1
103,362,8874.1279353,1,VSM.FilterVertical,0,0
103,362,8874.1279353,1,VSM.FilterTemporalVertical,668160,1
104,363,8874.1461897,1,VSM.PageOccupancy,60160,1
104,363,8874.1461897,1,VSM.LayoutRemap,0,1
104,363,8874.1461897,1,VSM.ResetFeedback,0,1
104,363,8874.1461897,1,VSM.MarkReceiverPages,608256,1
104,363,8874.1461897,1,VSM.Allocate,223488,1
104,363,8874.1461897,1,VSM.InvalidateStatic,0,0
104,363,8874.1461897,1,VSM.ClearPhysicalPages,543744,1
104,363,8874.1461897,1,VSM.StaticCasterCull,69120,1
104,363,8874.1461897,1,VSM.DynamicCasterCull,0,1
104,363,8874.1461897,1,VSM.PageCull,49408,1
104,363,8874.1461897,1,VSM.StaticRaster,7168,1
104,363,8874.1461897,1,VSM.FinalizePages,2048,1
104,363,8874.1461897,1,VSM.DynamicRaster,10752,1
104,363,8874.1461897,1,VSM.UnityCompatibilityRaster,0,0
104,363,8874.1461897,1,VSM.Resolve,7200000,1
104,363,8874.1461897,1,VSM.ResolveTrace,6973696,1
104,363,8874.1461897,1,VSM.FilterHorizontal,66816,1
104,363,8874.1461897,1,VSM.FilterVertical,0,0
104,363,8874.1461897,1,VSM.FilterTemporalVertical,158464,1
105,364,8874.1642721,1,VSM.PageOccupancy,57344,1
105,364,8874.1642721,1,VSM.LayoutRemap,0,1
105,364,8874.1642721,1,VSM.ResetFeedback,0,1
105,364,8874.1642721,1,VSM.MarkReceiverPages,607744,1
105,364,8874.1642721,1,VSM.Allocate,224256,1
105,364,8874.1642721,1,VSM.InvalidateStatic,0,0
105,364,8874.1642721,1,VSM.ClearPhysicalPages,90112,1
105,364,8874.1642721,1,VSM.StaticCasterCull,68352,1
105,364,8874.1642721,1,VSM.DynamicCasterCull,0,1
105,364,8874.1642721,1,VSM.PageCull,49664,1
105,364,8874.1642721,1,VSM.StaticRaster,3328,1
105,364,8874.1642721,1,VSM.FinalizePages,1792,1
105,364,8874.1642721,1,VSM.DynamicRaster,16384,1
105,364,8874.1642721,1,VSM.UnityCompatibilityRaster,0,0
105,364,8874.1642721,1,VSM.Resolve,8263936,1
105,364,8874.1642721,1,VSM.ResolveTrace,7675136,1
105,364,8874.1642721,1,VSM.FilterHorizontal,64768,1
105,364,8874.1642721,1,VSM.FilterVertical,0,0
105,364,8874.1642721,1,VSM.FilterTemporalVertical,523008,1
106,365,8874.1833361,1,VSM.PageOccupancy,61440,1
106,365,8874.1833361,1,VSM.LayoutRemap,0,1
106,365,8874.1833361,1,VSM.ResetFeedback,0,1
106,365,8874.1833361,1,VSM.MarkReceiverPages,607488,1
106,365,8874.1833361,1,VSM.Allocate,225280,1
106,365,8874.1833361,1,VSM.InvalidateStatic,0,0
106,365,8874.1833361,1,VSM.ClearPhysicalPages,534272,1
106,365,8874.1833361,1,VSM.StaticCasterCull,72192,1
106,365,8874.1833361,1,VSM.DynamicCasterCull,0,1
106,365,8874.1833361,1,VSM.PageCull,47104,1
106,365,8874.1833361,1,VSM.StaticRaster,7424,1
106,365,8874.1833361,1,VSM.FinalizePages,2304,1
106,365,8874.1833361,1,VSM.DynamicRaster,12032,1
106,365,8874.1833361,1,VSM.UnityCompatibilityRaster,0,0
106,365,8874.1833361,1,VSM.Resolve,7573248,1
106,365,8874.1833361,1,VSM.ResolveTrace,7346944,1
106,365,8874.1833361,1,VSM.FilterHorizontal,66816,1
106,365,8874.1833361,1,VSM.FilterVertical,0,0
106,365,8874.1833361,1,VSM.FilterTemporalVertical,157952,1
107,366,8874.2017781000013,1,VSM.PageOccupancy,75776,1
107,366,8874.2017781000013,1,VSM.LayoutRemap,0,1
107,366,8874.2017781000013,1,VSM.ResetFeedback,0,1
107,366,8874.2017781000013,1,VSM.MarkReceiverPages,607232,1
107,366,8874.2017781000013,1,VSM.Allocate,226048,1
107,366,8874.2017781000013,1,VSM.InvalidateStatic,0,0
107,366,8874.2017781000013,1,VSM.ClearPhysicalPages,470784,1
107,366,8874.2017781000013,1,VSM.StaticCasterCull,72704,1
107,366,8874.2017781000013,1,VSM.DynamicCasterCull,0,1
107,366,8874.2017781000013,1,VSM.PageCull,48128,1
107,366,8874.2017781000013,1,VSM.StaticRaster,7168,1
107,366,8874.2017781000013,1,VSM.FinalizePages,1792,1
107,366,8874.2017781000013,1,VSM.DynamicRaster,11520,1
107,366,8874.2017781000013,1,VSM.UnityCompatibilityRaster,0,0
107,366,8874.2017781000013,1,VSM.Resolve,7444992,1
107,366,8874.2017781000013,1,VSM.ResolveTrace,7018752,1
107,366,8874.2017781000013,1,VSM.FilterHorizontal,66304,1
107,366,8874.2017781000013,1,VSM.FilterVertical,0,0
107,366,8874.2017781000013,1,VSM.FilterTemporalVertical,358912,1
108,367,8874.2205632,1,VSM.PageOccupancy,60416,1
108,367,8874.2205632,1,VSM.LayoutRemap,0,1
108,367,8874.2205632,1,VSM.ResetFeedback,0,1
108,367,8874.2205632,1,VSM.MarkReceiverPages,607232,1
108,367,8874.2205632,1,VSM.Allocate,226816,1
108,367,8874.2205632,1,VSM.InvalidateStatic,0,0
108,367,8874.2205632,1,VSM.ClearPhysicalPages,530432,1
108,367,8874.2205632,1,VSM.StaticCasterCull,73216,1
108,367,8874.2205632,1,VSM.DynamicCasterCull,0,1
108,367,8874.2205632,1,VSM.PageCull,48640,1
108,367,8874.2205632,1,VSM.StaticRaster,7168,1
108,367,8874.2205632,1,VSM.FinalizePages,2304,1
108,367,8874.2205632,1,VSM.DynamicRaster,14848,1
108,367,8874.2205632,1,VSM.UnityCompatibilityRaster,0,0
108,367,8874.2205632,1,VSM.Resolve,8156672,1
108,367,8874.2205632,1,VSM.ResolveTrace,7931136,1
108,367,8874.2205632,1,VSM.FilterHorizontal,67072,1
108,367,8874.2205632,1,VSM.FilterVertical,0,0
108,367,8874.2205632,1,VSM.FilterTemporalVertical,157440,1
109,368,8874.2390189,1,VSM.PageOccupancy,59904,1
109,368,8874.2390189,1,VSM.LayoutRemap,0,1
109,368,8874.2390189,1,VSM.ResetFeedback,0,1
109,368,8874.2390189,1,VSM.MarkReceiverPages,607744,1
109,368,8874.2390189,1,VSM.Allocate,224512,1
109,368,8874.2390189,1,VSM.InvalidateStatic,0,0
109,368,8874.2390189,1,VSM.ClearPhysicalPages,817920,1
109,368,8874.2390189,1,VSM.StaticCasterCull,72704,1
109,368,8874.2390189,1,VSM.DynamicCasterCull,0,1
109,368,8874.2390189,1,VSM.PageCull,47360,1
109,368,8874.2390189,1,VSM.StaticRaster,7168,1
109,368,8874.2390189,1,VSM.FinalizePages,2048,1
109,368,8874.2390189,1,VSM.DynamicRaster,11776,1
109,368,8874.2390189,1,VSM.UnityCompatibilityRaster,0,0
109,368,8874.2390189,1,VSM.Resolve,7401216,1
109,368,8874.2390189,1,VSM.ResolveTrace,7178496,1
109,368,8874.2390189,1,VSM.FilterHorizontal,65280,1
109,368,8874.2390189,1,VSM.FilterVertical,0,0
109,368,8874.2390189,1,VSM.FilterTemporalVertical,156416,1
110,369,8874.2596059,1,VSM.PageOccupancy,62720,1
110,369,8874.2596059,1,VSM.LayoutRemap,0,1
110,369,8874.2596059,1,VSM.ResetFeedback,0,1
110,369,8874.2596059,1,VSM.MarkReceiverPages,622848,1
110,369,8874.2596059,1,VSM.Allocate,225024,1
110,369,8874.2596059,1,VSM.InvalidateStatic,0,0
110,369,8874.2596059,1,VSM.ClearPhysicalPages,486656,1
110,369,8874.2596059,1,VSM.StaticCasterCull,71936,1
110,369,8874.2596059,1,VSM.DynamicCasterCull,256,1
110,369,8874.2596059,1,VSM.PageCull,46592,1
110,369,8874.2596059,1,VSM.StaticRaster,6912,1
110,369,8874.2596059,1,VSM.FinalizePages,2560,1
110,369,8874.2596059,1,VSM.DynamicRaster,12032,1
110,369,8874.2596059,1,VSM.UnityCompatibilityRaster,0,0
110,369,8874.2596059,1,VSM.Resolve,7108864,1
110,369,8874.2596059,1,VSM.ResolveTrace,6535168,1
110,369,8874.2596059,1,VSM.FilterHorizontal,67840,1
110,369,8874.2596059,1,VSM.FilterVertical,0,0
110,369,8874.2596059,1,VSM.FilterTemporalVertical,158464,1
111,370,8874.2784631000013,1,VSM.PageOccupancy,63232,1
111,370,8874.2784631000013,1,VSM.LayoutRemap,0,1
111,370,8874.2784631000013,1,VSM.ResetFeedback,0,1
111,370,8874.2784631000013,1,VSM.MarkReceiverPages,608000,1
111,370,8874.2784631000013,1,VSM.Allocate,224768,1
111,370,8874.2784631000013,1,VSM.InvalidateStatic,0,0
111,370,8874.2784631000013,1,VSM.ClearPhysicalPages,280832,1
111,370,8874.2784631000013,1,VSM.StaticCasterCull,73216,1
111,370,8874.2784631000013,1,VSM.DynamicCasterCull,0,1
111,370,8874.2784631000013,1,VSM.PageCull,48896,1
111,370,8874.2784631000013,1,VSM.StaticRaster,7168,1
111,370,8874.2784631000013,1,VSM.FinalizePages,1536,1
111,370,8874.2784631000013,1,VSM.DynamicRaster,13312,1
111,370,8874.2784631000013,1,VSM.UnityCompatibilityRaster,0,0
111,370,8874.2784631000013,1,VSM.Resolve,7177472,1
111,370,8874.2784631000013,1,VSM.ResolveTrace,6953728,1
111,370,8874.2784631000013,1,VSM.FilterHorizontal,64256,1
111,370,8874.2784631000013,1,VSM.FilterVertical,0,0
111,370,8874.2784631000013,1,VSM.FilterTemporalVertical,158464,1
112,371,8874.2974336,1,VSM.PageOccupancy,61184,1
112,371,8874.2974336,1,VSM.LayoutRemap,0,1
112,371,8874.2974336,1,VSM.ResetFeedback,0,1
112,371,8874.2974336,1,VSM.MarkReceiverPages,612864,1
112,371,8874.2974336,1,VSM.Allocate,228352,1
112,371,8874.2974336,1,VSM.InvalidateStatic,0,0
112,371,8874.2974336,1,VSM.ClearPhysicalPages,522752,1
112,371,8874.2974336,1,VSM.StaticCasterCull,70144,1
112,371,8874.2974336,1,VSM.DynamicCasterCull,0,1
112,371,8874.2974336,1,VSM.PageCull,49408,1
112,371,8874.2974336,1,VSM.StaticRaster,8704,1
112,371,8874.2974336,1,VSM.FinalizePages,2304,1
112,371,8874.2974336,1,VSM.DynamicRaster,11776,1
112,371,8874.2974336,1,VSM.UnityCompatibilityRaster,0,0
112,371,8874.2974336,1,VSM.Resolve,8273664,1
112,371,8874.2974336,1,VSM.ResolveTrace,8046080,1
112,371,8874.2974336,1,VSM.FilterHorizontal,67840,1
112,371,8874.2974336,1,VSM.FilterVertical,0,0
112,371,8874.2974336,1,VSM.FilterTemporalVertical,158464,1
113,372,8874.3162163,1,VSM.PageOccupancy,59648,1
113,372,8874.3162163,1,VSM.LayoutRemap,0,1
113,372,8874.3162163,1,VSM.ResetFeedback,0,1
113,372,8874.3162163,1,VSM.MarkReceiverPages,610304,1
113,372,8874.3162163,1,VSM.Allocate,226304,1
113,372,8874.3162163,1,VSM.InvalidateStatic,0,0
113,372,8874.3162163,1,VSM.ClearPhysicalPages,443136,1
113,372,8874.3162163,1,VSM.StaticCasterCull,68096,1
113,372,8874.3162163,1,VSM.DynamicCasterCull,0,1
113,372,8874.3162163,1,VSM.PageCull,47872,1
113,372,8874.3162163,1,VSM.StaticRaster,7424,1
113,372,8874.3162163,1,VSM.FinalizePages,1792,1
113,372,8874.3162163,1,VSM.DynamicRaster,12288,1
113,372,8874.3162163,1,VSM.UnityCompatibilityRaster,0,0
113,372,8874.3162163,1,VSM.Resolve,7543808,1
113,372,8874.3162163,1,VSM.ResolveTrace,7317248,1
113,372,8874.3162163,1,VSM.FilterHorizontal,66304,1
113,372,8874.3162163,1,VSM.FilterVertical,0,0
113,372,8874.3162163,1,VSM.FilterTemporalVertical,158976,1
114,373,8874.3343718,1,VSM.PageOccupancy,58880,1
114,373,8874.3343718,1,VSM.LayoutRemap,0,1
114,373,8874.3343718,1,VSM.ResetFeedback,0,1
114,373,8874.3343718,1,VSM.MarkReceiverPages,607488,1
114,373,8874.3343718,1,VSM.Allocate,226048,1
114,373,8874.3343718,1,VSM.InvalidateStatic,0,0
114,373,8874.3343718,1,VSM.ClearPhysicalPages,432640,1
114,373,8874.3343718,1,VSM.StaticCasterCull,69120,1
114,373,8874.3343718,1,VSM.DynamicCasterCull,0,1
114,373,8874.3343718,1,VSM.PageCull,44800,1
114,373,8874.3343718,1,VSM.StaticRaster,7168,1
114,373,8874.3343718,1,VSM.FinalizePages,1792,1
114,373,8874.3343718,1,VSM.DynamicRaster,11264,1
114,373,8874.3343718,1,VSM.UnityCompatibilityRaster,0,0
114,373,8874.3343718,1,VSM.Resolve,7329792,1
114,373,8874.3343718,1,VSM.ResolveTrace,7104512,1
114,373,8874.3343718,1,VSM.FilterHorizontal,66048,1
114,373,8874.3343718,1,VSM.FilterVertical,0,0
114,373,8874.3343718,1,VSM.FilterTemporalVertical,157952,1
115,374,8874.3518167,1,VSM.PageOccupancy,61440,1
115,374,8874.3518167,1,VSM.LayoutRemap,0,1
115,374,8874.3518167,1,VSM.ResetFeedback,0,1
115,374,8874.3518167,1,VSM.MarkReceiverPages,610048,1
115,374,8874.3518167,1,VSM.Allocate,227584,1
115,374,8874.3518167,1,VSM.InvalidateStatic,0,0
115,374,8874.3518167,1,VSM.ClearPhysicalPages,90624,1
115,374,8874.3518167,1,VSM.StaticCasterCull,70912,1
115,374,8874.3518167,1,VSM.DynamicCasterCull,0,1
115,374,8874.3518167,1,VSM.PageCull,52224,1
115,374,8874.3518167,1,VSM.StaticRaster,7424,1
115,374,8874.3518167,1,VSM.FinalizePages,1536,1
115,374,8874.3518167,1,VSM.DynamicRaster,21248,1
115,374,8874.3518167,1,VSM.UnityCompatibilityRaster,0,0
115,374,8874.3518167,1,VSM.Resolve,7570688,1
115,374,8874.3518167,1,VSM.ResolveTrace,7344128,1
115,374,8874.3518167,1,VSM.FilterHorizontal,67072,1
115,374,8874.3518167,1,VSM.FilterVertical,0,0
115,374,8874.3518167,1,VSM.FilterTemporalVertical,158208,1
116,375,8874.3692595000011,1,VSM.PageOccupancy,62464,1
116,375,8874.3692595000011,1,VSM.LayoutRemap,0,1
116,375,8874.3692595000011,1,VSM.ResetFeedback,0,1
116,375,8874.3692595000011,1,VSM.MarkReceiverPages,609280,1
116,375,8874.3692595000011,1,VSM.Allocate,226304,1
116,375,8874.3692595000011,1,VSM.InvalidateStatic,0,0
116,375,8874.3692595000011,1,VSM.ClearPhysicalPages,527872,1
116,375,8874.3692595000011,1,VSM.StaticCasterCull,69120,1
116,375,8874.3692595000011,1,VSM.DynamicCasterCull,0,1
116,375,8874.3692595000011,1,VSM.PageCull,47360,1
116,375,8874.3692595000011,1,VSM.StaticRaster,3072,1
116,375,8874.3692595000011,1,VSM.FinalizePages,1792,1
116,375,8874.3692595000011,1,VSM.DynamicRaster,12032,1
116,375,8874.3692595000011,1,VSM.UnityCompatibilityRaster,0,0
116,375,8874.3692595000011,1,VSM.Resolve,7907840,1
116,375,8874.3692595000011,1,VSM.ResolveTrace,7681280,1
116,375,8874.3692595000011,1,VSM.FilterHorizontal,66560,1
116,375,8874.3692595000011,1,VSM.FilterVertical,0,0
116,375,8874.3692595000011,1,VSM.FilterTemporalVertical,158976,1
117,376,8874.387779,1,VSM.PageOccupancy,61184,1
117,376,8874.387779,1,VSM.LayoutRemap,0,1
117,376,8874.387779,1,VSM.ResetFeedback,0,1
117,376,8874.387779,1,VSM.MarkReceiverPages,610304,1
117,376,8874.387779,1,VSM.Allocate,226304,1
117,376,8874.387779,1,VSM.InvalidateStatic,0,0
117,376,8874.387779,1,VSM.ClearPhysicalPages,634880,1
117,376,8874.387779,1,VSM.StaticCasterCull,71168,1
117,376,8874.387779,1,VSM.DynamicCasterCull,0,1
117,376,8874.387779,1,VSM.PageCull,46592,1
117,376,8874.387779,1,VSM.StaticRaster,3584,1
117,376,8874.387779,1,VSM.FinalizePages,2048,1
117,376,8874.387779,1,VSM.DynamicRaster,12288,1
117,376,8874.387779,1,VSM.UnityCompatibilityRaster,0,0
117,376,8874.387779,1,VSM.Resolve,7433984,1
117,376,8874.387779,1,VSM.ResolveTrace,7208704,1
117,376,8874.387779,1,VSM.FilterHorizontal,66816,1
117,376,8874.387779,1,VSM.FilterVertical,0,0
117,376,8874.387779,1,VSM.FilterTemporalVertical,157696,1
118,377,8874.4067269,1,VSM.PageOccupancy,58624,1
118,377,8874.4067269,1,VSM.LayoutRemap,0,1
118,377,8874.4067269,1,VSM.ResetFeedback,0,1
118,377,8874.4067269,1,VSM.MarkReceiverPages,609280,1
118,377,8874.4067269,1,VSM.Allocate,228352,1
118,377,8874.4067269,1,VSM.InvalidateStatic,0,0
118,377,8874.4067269,1,VSM.ClearPhysicalPages,90112,1
118,377,8874.4067269,1,VSM.StaticCasterCull,69376,1
118,377,8874.4067269,1,VSM.DynamicCasterCull,0,1
118,377,8874.4067269,1,VSM.PageCull,50944,1
118,377,8874.4067269,1,VSM.StaticRaster,6912,1
118,377,8874.4067269,1,VSM.FinalizePages,1536,1
118,377,8874.4067269,1,VSM.DynamicRaster,13568,1
118,377,8874.4067269,1,VSM.UnityCompatibilityRaster,0,0
118,377,8874.4067269,1,VSM.Resolve,6988288,1
118,377,8874.4067269,1,VSM.ResolveTrace,6458624,1
118,377,8874.4067269,1,VSM.FilterHorizontal,68096,1
118,377,8874.4067269,1,VSM.FilterVertical,0,0
118,377,8874.4067269,1,VSM.FilterTemporalVertical,160768,1
119,378,8874.4263556,1,VSM.PageOccupancy,57600,1
119,378,8874.4263556,1,VSM.LayoutRemap,0,1
119,378,8874.4263556,1,VSM.ResetFeedback,0,1
119,378,8874.4263556,1,VSM.MarkReceiverPages,884992,1
119,378,8874.4263556,1,VSM.Allocate,231424,1
119,378,8874.4263556,1,VSM.InvalidateStatic,0,0
119,378,8874.4263556,1,VSM.ClearPhysicalPages,90880,1
119,378,8874.4263556,1,VSM.StaticCasterCull,66560,1
119,378,8874.4263556,1,VSM.DynamicCasterCull,0,1
119,378,8874.4263556,1,VSM.PageCull,47360,1
119,378,8874.4263556,1,VSM.StaticRaster,8448,1
119,378,8874.4263556,1,VSM.FinalizePages,1792,1
119,378,8874.4263556,1,VSM.DynamicRaster,12800,1
119,378,8874.4263556,1,VSM.UnityCompatibilityRaster,0,0
119,378,8874.4263556,1,VSM.Resolve,7608832,1
119,378,8874.4263556,1,VSM.ResolveTrace,7201280,1
119,378,8874.4263556,1,VSM.FilterHorizontal,64768,1
119,378,8874.4263556,1,VSM.FilterVertical,0,0
119,378,8874.4263556,1,VSM.FilterTemporalVertical,341504,1
120,379,8874.4438948,1,VSM.PageOccupancy,62976,1
120,379,8874.4438948,1,VSM.LayoutRemap,0,1
120,379,8874.4438948,1,VSM.ResetFeedback,0,1
120,379,8874.4438948,1,VSM.MarkReceiverPages,626688,1
120,379,8874.4438948,1,VSM.Allocate,225024,1
120,379,8874.4438948,1,VSM.InvalidateStatic,0,0
120,379,8874.4438948,1,VSM.ClearPhysicalPages,91136,1
120,379,8874.4438948,1,VSM.StaticCasterCull,65792,1
120,379,8874.4438948,1,VSM.DynamicCasterCull,0,1
120,379,8874.4438948,1,VSM.PageCull,46848,1
120,379,8874.4438948,1,VSM.StaticRaster,7168,1
120,379,8874.4438948,1,VSM.FinalizePages,2304,1
120,379,8874.4438948,1,VSM.DynamicRaster,12032,1
120,379,8874.4438948,1,VSM.UnityCompatibilityRaster,0,0
120,379,8874.4438948,1,VSM.Resolve,7911680,1
120,379,8874.4438948,1,VSM.ResolveTrace,7502336,1
120,379,8874.4438948,1,VSM.FilterHorizontal,66304,1
120,379,8874.4438948,1,VSM.FilterVertical,0,0
120,379,8874.4438948,1,VSM.FilterTemporalVertical,157952,1
121,380,8874.461309100001,1,VSM.PageOccupancy,58880,1
121,380,8874.461309100001,1,VSM.LayoutRemap,0,1
121,380,8874.461309100001,1,VSM.ResetFeedback,0,1
121,380,8874.461309100001,1,VSM.MarkReceiverPages,607232,1
121,380,8874.461309100001,1,VSM.Allocate,223232,1
121,380,8874.461309100001,1,VSM.InvalidateStatic,0,0
121,380,8874.461309100001,1,VSM.ClearPhysicalPages,283648,1
121,380,8874.461309100001,1,VSM.StaticCasterCull,73472,1
121,380,8874.461309100001,1,VSM.DynamicCasterCull,0,1
121,380,8874.461309100001,1,VSM.PageCull,49664,1
121,380,8874.461309100001,1,VSM.StaticRaster,7168,1
121,380,8874.461309100001,1,VSM.FinalizePages,1792,1
121,380,8874.461309100001,1,VSM.DynamicRaster,13568,1
121,380,8874.461309100001,1,VSM.UnityCompatibilityRaster,0,0
121,380,8874.461309100001,1,VSM.Resolve,7491072,1
121,380,8874.461309100001,1,VSM.ResolveTrace,7269376,1
121,380,8874.461309100001,1,VSM.FilterHorizontal,65280,1
121,380,8874.461309100001,1,VSM.FilterVertical,0,0
121,380,8874.461309100001,1,VSM.FilterTemporalVertical,155136,1
122,381,8874.4798550000014,1,VSM.PageOccupancy,60160,1
122,381,8874.4798550000014,1,VSM.LayoutRemap,0,1
122,381,8874.4798550000014,1,VSM.ResetFeedback,0,1
122,381,8874.4798550000014,1,VSM.MarkReceiverPages,628992,1
122,381,8874.4798550000014,1,VSM.Allocate,225792,1
122,381,8874.4798550000014,1,VSM.InvalidateStatic,0,0
122,381,8874.4798550000014,1,VSM.ClearPhysicalPages,623872,1
122,381,8874.4798550000014,1,VSM.StaticCasterCull,72192,1
122,381,8874.4798550000014,1,VSM.DynamicCasterCull,0,1
122,381,8874.4798550000014,1,VSM.PageCull,47616,1
122,381,8874.4798550000014,1,VSM.StaticRaster,4096,1
122,381,8874.4798550000014,1,VSM.FinalizePages,2048,1
122,381,8874.4798550000014,1,VSM.DynamicRaster,11776,1
122,381,8874.4798550000014,1,VSM.UnityCompatibilityRaster,0,0
122,381,8874.4798550000014,1,VSM.Resolve,7809792,1
122,381,8874.4798550000014,1,VSM.ResolveTrace,7586560,1
122,381,8874.4798550000014,1,VSM.FilterHorizontal,66304,1
122,381,8874.4798550000014,1,VSM.FilterVertical,0,0
122,381,8874.4798550000014,1,VSM.FilterTemporalVertical,155648,1
123,382,8874.4978857,1,VSM.PageOccupancy,61440,1
123,382,8874.4978857,1,VSM.LayoutRemap,0,1
123,382,8874.4978857,1,VSM.ResetFeedback,0,1
123,382,8874.4978857,1,VSM.MarkReceiverPages,605952,1
123,382,8874.4978857,1,VSM.Allocate,224256,1
123,382,8874.4978857,1,VSM.InvalidateStatic,0,0
123,382,8874.4978857,1,VSM.ClearPhysicalPages,742912,1
123,382,8874.4978857,1,VSM.StaticCasterCull,72960,1
123,382,8874.4978857,1,VSM.DynamicCasterCull,0,1
123,382,8874.4978857,1,VSM.PageCull,47616,1
123,382,8874.4978857,1,VSM.StaticRaster,7168,1
123,382,8874.4978857,1,VSM.FinalizePages,2048,1
123,382,8874.4978857,1,VSM.DynamicRaster,12800,1
123,382,8874.4978857,1,VSM.UnityCompatibilityRaster,0,0
123,382,8874.4978857,1,VSM.Resolve,7238400,1
123,382,8874.4978857,1,VSM.ResolveTrace,6864384,1
123,382,8874.4978857,1,VSM.FilterHorizontal,66048,1
123,382,8874.4978857,1,VSM.FilterVertical,0,0
123,382,8874.4978857,1,VSM.FilterTemporalVertical,306688,1
124,383,8874.5165958,1,VSM.PageOccupancy,57600,1
124,383,8874.5165958,1,VSM.LayoutRemap,0,1
124,383,8874.5165958,1,VSM.ResetFeedback,0,1
124,383,8874.5165958,1,VSM.MarkReceiverPages,608256,1
124,383,8874.5165958,1,VSM.Allocate,226048,1
124,383,8874.5165958,1,VSM.InvalidateStatic,0,0
124,383,8874.5165958,1,VSM.ClearPhysicalPages,521728,1
124,383,8874.5165958,1,VSM.StaticCasterCull,71168,1
124,383,8874.5165958,1,VSM.DynamicCasterCull,0,1
124,383,8874.5165958,1,VSM.PageCull,46080,1
124,383,8874.5165958,1,VSM.StaticRaster,7680,1
124,383,8874.5165958,1,VSM.FinalizePages,1792,1
124,383,8874.5165958,1,VSM.DynamicRaster,11008,1
124,383,8874.5165958,1,VSM.UnityCompatibilityRaster,0,0
124,383,8874.5165958,1,VSM.Resolve,7521280,1
124,383,8874.5165958,1,VSM.ResolveTrace,7110912,1
124,383,8874.5165958,1,VSM.FilterHorizontal,64256,1
124,383,8874.5165958,1,VSM.FilterVertical,0,0
124,383,8874.5165958,1,VSM.FilterTemporalVertical,344832,1
125,384,8874.5345443,1,VSM.PageOccupancy,58368,1
125,384,8874.5345443,1,VSM.LayoutRemap,0,1
125,384,8874.5345443,1,VSM.ResetFeedback,0,1
125,384,8874.5345443,1,VSM.MarkReceiverPages,609792,1
125,384,8874.5345443,1,VSM.Allocate,226560,1
125,384,8874.5345443,1,VSM.InvalidateStatic,0,0
125,384,8874.5345443,1,VSM.ClearPhysicalPages,90880,1
125,384,8874.5345443,1,VSM.StaticCasterCull,68608,1
125,384,8874.5345443,1,VSM.DynamicCasterCull,0,1
125,384,8874.5345443,1,VSM.PageCull,49920,1
125,384,8874.5345443,1,VSM.StaticRaster,7680,1
125,384,8874.5345443,1,VSM.FinalizePages,1792,1
125,384,8874.5345443,1,VSM.DynamicRaster,14848,1
125,384,8874.5345443,1,VSM.UnityCompatibilityRaster,0,0
125,384,8874.5345443,1,VSM.Resolve,7228416,1
125,384,8874.5345443,1,VSM.ResolveTrace,7004160,1
125,384,8874.5345443,1,VSM.FilterHorizontal,64000,1
125,384,8874.5345443,1,VSM.FilterVertical,0,0
125,384,8874.5345443,1,VSM.FilterTemporalVertical,158976,1
126,385,8874.552402700001,1,VSM.PageOccupancy,61184,1
126,385,8874.552402700001,1,VSM.LayoutRemap,0,1
126,385,8874.552402700001,1,VSM.ResetFeedback,0,1
126,385,8874.552402700001,1,VSM.MarkReceiverPages,610048,1
126,385,8874.552402700001,1,VSM.Allocate,227840,1
126,385,8874.552402700001,1,VSM.InvalidateStatic,0,0
126,385,8874.552402700001,1,VSM.ClearPhysicalPages,90880,1
126,385,8874.552402700001,1,VSM.StaticCasterCull,67840,1
126,385,8874.552402700001,1,VSM.DynamicCasterCull,0,1
126,385,8874.552402700001,1,VSM.PageCull,48896,1
126,385,8874.552402700001,1,VSM.StaticRaster,10240,1
126,385,8874.552402700001,1,VSM.FinalizePages,1792,1
126,385,8874.552402700001,1,VSM.DynamicRaster,14336,1
126,385,8874.552402700001,1,VSM.UnityCompatibilityRaster,0,0
126,385,8874.552402700001,1,VSM.Resolve,7443968,1
126,385,8874.552402700001,1,VSM.ResolveTrace,7219712,1
126,385,8874.552402700001,1,VSM.FilterHorizontal,63744,1
126,385,8874.552402700001,1,VSM.FilterVertical,0,0
126,385,8874.552402700001,1,VSM.FilterTemporalVertical,159232,1
127,386,8874.5702986,1,VSM.PageOccupancy,60160,1
127,386,8874.5702986,1,VSM.LayoutRemap,0,1
127,386,8874.5702986,1,VSM.ResetFeedback,0,1
127,386,8874.5702986,1,VSM.MarkReceiverPages,609792,1
127,386,8874.5702986,1,VSM.Allocate,227328,1
127,386,8874.5702986,1,VSM.InvalidateStatic,0,0
127,386,8874.5702986,1,VSM.ClearPhysicalPages,513536,1
127,386,8874.5702986,1,VSM.StaticCasterCull,72704,1
127,386,8874.5702986,1,VSM.DynamicCasterCull,0,1
127,386,8874.5702986,1,VSM.PageCull,47872,1
127,386,8874.5702986,1,VSM.StaticRaster,7424,1
127,386,8874.5702986,1,VSM.FinalizePages,1792,1
127,386,8874.5702986,1,VSM.DynamicRaster,11264,1
127,386,8874.5702986,1,VSM.UnityCompatibilityRaster,0,0
127,386,8874.5702986,1,VSM.Resolve,7404032,1
127,386,8874.5702986,1,VSM.ResolveTrace,7180032,1
127,386,8874.5702986,1,VSM.FilterHorizontal,66048,1
127,386,8874.5702986,1,VSM.FilterVertical,0,0
127,386,8874.5702986,1,VSM.FilterTemporalVertical,156416,1
