observation_frame,unscaled_time,frame_timing_timestamp,segment,"frame_interval_ms","cpu_frame_ms","gpu_frame_ms","cpu_render_thread_ms","gc_allocated_in_editor_frame_bytes","VSM.LayoutRemap_gpu_ms","VSM.Allocate_gpu_ms","VSM.InvalidateStatic_gpu_ms","VSM.ClearPhysicalPages_gpu_ms","VSM.StaticCasterCull_gpu_ms","VSM.DynamicCasterCull_gpu_ms","VSM.PageCull_gpu_ms","VSM.StaticRaster_gpu_ms","VSM.DynamicRaster_gpu_ms","VSM.UnityCompatibilityRaster_gpu_ms","VSM.FinalizePages_gpu_ms","VSM.ResetFeedback_gpu_ms","VSM.ResolveAndFeedback_gpu_ms",observed_camera_frame,observed_camera_serial,window_repaint_count,seconds_since_window_repaint
7928,90.850685196995457,76098572451,1,6.9843963719904423,6.8555,6.541824,2.5125,15763,0.000768,0.506624,,0.12723199999999998,0.35148799999999997,0,0.333312,0.0076799999999999993,0.08448,,0.002048,,2.018304,7928,750,0,
7929,90.857639994331066,76098641006,1,6.9547975435853004,5.47,6.944256,2.4884,18203,0.001024,0.6208,,0.457984,0.390656,0.000256,0.371712,0.0076799999999999993,0.0896,,0.0025599999999999998,,2.0605439999999997,7929,751,0,
7930,90.86406070011337,76098695706,1,6.420705933123827,6.9593,6.667776,2.1505,15763,0.001024,0.50969599999999993,,0.12057599999999999,0.68377599999999994,0.000256,0.6656,0.007936,0.097024,,0.0025599999999999998,,2.035968,7930,752,0,
7931,90.872712294501127,76098765299,1,8.6515946313738823,6.8878,6.688,3.0178,18203,0.001024,0.504832,,0.120832,0.547072,0,0.33561599999999997,0.013312,0.09036799999999999,,0.002048,,2.074624,7931,753,0,
7932,90.87946070011337,76098834177,1,6.7484057508409023,7.9774,6.486272,2.9397,18203,0.001024,0.516096,,0.12287999999999999,0.349184,0.000256,0.33152,0.007936,0.090112,,0.002048,,1.67296,7932,754,0,
7933,90.8866095946712,76098913951,1,7.1488944813609123,5.3591,6.479872,3.2063,15763,0.001024,0.50559999999999994,,0.130304,0.35942399999999997,0,0.34048,0.006656,0.09036799999999999,,0.0025599999999999998,,2.028544,7933,755,0,
7934,90.895290398242622,76098967542,1,8.6808037012815475,10.4918,6.566912,2.6501,18323,0.001024,0.517888,,0.122624,0.358912,0,0.341248,0.0038399999999999997,0.089088,,0.002304,,1.904896,7934,756,0,
7935,90.902445698696141,76099072460,1,7.1553005836904049,6.2011,6.573056,3.1296,16134,0.001024,0.507648,,0.121344,0.355072,0,0.337152,0.010239999999999999,0.087296,,0.002304,,2.436352,7935,757,0,
7936,90.909185196995466,76099134471,1,6.7394981160759926,9.5298,6.409216,2.6883,18203,0.001024,0.509952,,0.122112,0.35353599999999996,0,0.336128,0.008192,0.09036799999999999,,0.002048,,2.018048,7936,758,0,
7937,90.916052494331069,76099229769,1,6.86729745939374,5.8881,6.718464,3.2129,15763,0.001024,0.505344,,0.316416,0.355072,0,0.336128,0.007936,0.09088,,0.002304,,2.0810239999999998,7937,759,0,
7938,90.922465100623583,76099288650,1,6.4126062206923962,7.3196,6.788608,2.174,18203,0.001024,0.511232,,0.12236799999999999,0.355584,0,0.338688,0.0051199999999999996,0.094208,,0.002048,,1.673984,7938,760,0,
7939,90.9295310941043,76099361846,1,7.0659932680428028,5.7136,6.37184,2.9058,15763,0.001024,0.500992,,0.130048,0.350976,0,0.33177599999999996,0.0076799999999999993,0.09088,,0.002304,,1.933312,7939,761,0,
7940,90.936520393990932,76099418982,1,6.9892997853457928,7.5773,7.03744,2.8331,18203,0.001024,0.61772799999999994,,0.130048,0.35225599999999996,0,0.333824,0.0076799999999999993,0.089855999999999991,,0.0025599999999999998,,1.846784,7940,762,0,
7941,90.9432887967687,76099494755,1,6.7684026435017586,6.0733,6.979328,3.011,16110,0.001024,0.504576,,0.121088,0.595712,0.000256,0.337152,0.004608,0.097536,,0.002816,,2.0423679999999997,7941,763,0,
7942,90.95001989795918,76099555488,1,6.7311013117432594,7.8542,6.747904,2.0263,18203,0.001024,0.504576,,0.121088,0.595712,0.000256,0.337152,0.004608,0.097536,,0.002816,,2.0423679999999997,7942,764,0,
7943,90.956251998299322,76099634030,1,6.2321005389094353,5.7505,6.342912,2.7629,15763,0.000768,0.507136,,0.120832,0.348416,0,0.330752,0.007936,0.086784,,0.002048,,2.16064,7943,765,0,
7944,90.962920599489792,76099691535,1,6.6686011850833893,7.9719,6.21312,2.6354,18203,0.001024,0.504576,,0.12185599999999999,0.35456,0,0.33638399999999996,0.010752,0.095232,,0.002304,,1.672704,7944,766,0,
7945,90.969750099206351,76099771254,1,6.8294997327029705,5.9028,6.644992,3.1411,15763,0.001024,0.508416,,0.131072,0.35456,0,0.33561599999999997,0.007936,0.088832,,0.002816,,1.901824,7945,767,0,
7946,90.976624496882081,76099830282,1,6.8743978627026081,6.4791,6.801664,2.9389,18203,0.001024,0.508416,,0.131072,0.35456,0,0.33561599999999997,0.007936,0.088832,,0.002816,,1.901824,7946,768,0,
7947,90.983623200113371,76099895073,1,6.9987033493816853,7.133,6.548736,3.2471,15763,0.001024,0.505088,,0.121088,0.55065599999999992,0,0.532736,0.007424,0.090624,,0.002304,,2.0454399999999997,7947,769,0,
7948,90.990261996882083,76099966403,1,6.6387970000505447,6.7484,6.522368,2.5716,18203,0.001024,0.508416,,0.122112,0.358656,0,0.34048,0.007936,0.09088,,0.002304,,2.08128,7948,770,0,
7949,90.997395996315191,76100033887,1,7.1339993737638,5.8096,6.701056,3.3044,15763,0.001024,0.502016,,0.121088,0.35609599999999997,0,0.33792,0.003328,0.093952,,0.002304,,2.212608,7949,771,0,
7950,91.004259495464851,76100091983,1,6.8634990602731705,8.9065,6.404096,3.1423,18255,0.001024,0.507392,,0.12236799999999999,0.355072,0,0.33792,0.0084479999999999989,0.09088,,0.002304,,2.043904,7950,772,0,
7951,91.01029990079364,76100181048,1,6.0404054820537567,6.0689,6.839808,2.5912,15763,0.000768,0.50816,,0.12953599999999998,0.358656,0,0.339968,0.0048639999999999994,0.09036799999999999,,0.0025599999999999998,,1.67552,7951,773,0,
7952,91.018458397108844,76100241737,1,8.158496581017971,5.6847,5.945344,2.9777,18203,0.001024,0.6208,,0.12236799999999999,0.361216,0.000256,0.344064,0.008704,0.092159999999999992,,0.002304,,2.2551039999999998,7952,774,0,
7953,91.0249095946712,76100298584,1,6.4511974342167377,8.3274,6.725632,3.1895,15763,0.001024,0.6208,,0.12236799999999999,0.361216,0.000256,0.344064,0.008704,0.092159999999999992,,0.002304,,2.2551039999999998,7953,775,0,
7954,91.031503195861674,76100381858,1,6.5936013124883175,7.8979,6.249472,2.5003,18203,0.001024,0.507136,,0.122112,0.353792,0,0.33561599999999997,0.0076799999999999993,0.081664,,0.002304,,2.247168,7954,776,0,
7955,91.038614399092964,76100460837,1,7.1112033911049366,6.9223,6.57408,2.2442,15965,0.001024,0.510464,,0.124416,0.62464,0,0.333568,0.0048639999999999994,0.08832,,0.002816,,2.037248,7955,777,0,
7956,91.045208297902491,76100530060,1,6.5938988700509071,5.0157,6.607872,2.7618,18203,0.001024,0.50432,,0.12287999999999999,0.355584,0.000256,0.337408,0.003584,0.089855999999999991,,0.002304,,1.891584,7956,778,0,
7957,91.0516808956916,76100580217,1,6.4725978299975395,7.5125,6.576128,2.3914,15883,0.001024,0.506112,,0.121344,0.760064,0.000256,0.401408,0.0076799999999999993,0.092159999999999992,,0.002304,,1.8327039999999999,7957,779,0,
7958,91.05818149801587,76100655342,1,6.50060223415494,5.5595,6.462464,2.4002,18203,0.001024,0.61772799999999994,,0.121344,0.53811199999999992,0,0.520704,0.0076799999999999993,0.090624,,0.002304,,2.0392959999999998,7958,780,0,
7959,91.065212294501137,76100710937,1,7.0307962596416473,7.8303,6.518272,2.4749,15763,0.003072,0.508416,,0.121344,0.363776,0.000256,0.346112,0.008192,0.090624,,0.002048,,2.066432,7959,781,0,
7960,91.072149794501129,76100789240,1,6.9375000894069672,5.6597,7.022848,2.6667,18203,0.000768,0.612352,,0.120832,0.36096,0.000256,0.342784,0.007936,0.093183999999999989,,0.002048,,2.03136,7960,782,0,
7961,91.078357497165527,76100845837,1,6.2077026814222336,6.8804,6.928896,2.5573,18855,0.001024,0.507392,,0.127744,0.357888,0,0.33971199999999996,0.0076799999999999993,0.089088,,0.002304,,2.08128,7961,783,0,
7962,91.085265695861679,76100914641,1,6.908198818564415,6.4511,6.171904,2.7886,18203,0.000768,0.505088,,0.121344,0.361216,0,0.343808,0.007936,0.090624,,0.002048,,1.675776,7962,784,0,
7963,91.091888499149661,76100979152,1,6.6228033974766731,7.3581,6.885376,2.3641,15763,0.001024,0.508672,,0.126976,0.352512,0.000256,0.333568,0.007936,0.090624,,0.0025599999999999998,,2.3784959999999997,7963,785,0,
7964,91.0988924957483,76101052733,1,7.0039965212345123,5.5089,6.616832,3.4147,18203,0.001024,0.50432,,0.121088,0.55065599999999992,0.000256,0.532736,0.0076799999999999993,0.091136,,0.002304,,2.033408,7964,786,0,
7965,91.105480300453507,76101107822,1,6.5878047607839108,8.5014,6.140928,2.9881,15763,0.001024,0.508672,,0.121344,0.3584,0.000256,0.340736,0.012288,0.09472,,0.002304,,1.671168,7965,787,0,
7966,91.111575396825387,76101192836,1,6.0950964689254761,5.7732,6.56384,2.4554,18203,0.001024,0.507904,,0.130048,0.36070399999999997,0,0.341504,0.007936,0.09036799999999999,,0.0025599999999999998,,1.967104,7966,788,0,
7967,91.118716695011329,76101250568,1,7.1412981487810612,7.3628,6.07616,2.2939,15763,0.001024,0.50944,,0.121088,0.353792,0,0.335872,0.007424,0.09548799999999999,,0.002304,,1.885184,7967,789,0,
7968,91.125415199829931,76101324196,1,6.6985050216317177,5.5691,7.130624,3.2452,18203,0.001024,0.61926399999999993,,0.126464,0.360448,0,0.342784,0.007936,0.08832,,0.002304,,2.119424,7968,790,0,
7969,91.131913895975046,76101379887,1,6.4986962825059891,7.4541,6.677248,2.8374,15763,0.001024,0.506624,,0.12185599999999999,0.349952,0,0.332032,0.003328,0.08524799999999999,,0.002048,,2.039552,7969,791,0,
7970,91.138513194444442,76101454428,1,6.5992986783385277,6.4571,6.483456,2.3807,18405,0.001024,0.50559999999999994,,0.121344,0.353024,0,0.33510399999999996,0.22297599999999998,0.09344,,0.002304,,2.447616,7970,792,0,
7971,91.145156398809519,76101518999,1,6.6432044841349125,6.7864,6.579456,2.3475,15763,0.001024,0.61926399999999993,,0.28159999999999996,0.361984,0,0.342784,0.012032,0.097024,,0.002304,,2.474752,7971,793,0,
7972,91.151783397108844,76101586863,1,6.6269980743527412,6.0349,6.616064,2.5902,18203,0.001024,0.50636799999999993,,0.129024,0.35814399999999996,0,0.339968,0.007936,0.09036799999999999,,0.002304,,1.670912,7972,794,0,
7973,91.158480598072558,76101647212,1,6.697201170027256,6.7844,6.61248,2.7399,15763,0.001024,0.507136,,0.1216,0.36147199999999996,0.000256,0.343296,0.0076799999999999993,0.091648,,0.002048,,2.039808,7973,795,0,
7974,91.16479349489795,76101715056,1,6.3128969632089138,6.2126,6.67136,2.2673,18203,0.001024,0.508416,,0.121344,0.367616,0.000256,0.34944,0.008192,0.0896,,0.002304,,2.097664,7974,796,0,
7975,91.1714794005102,76101777182,1,6.6859056241810322,6.651,6.30272,2.2355,15763,0.001024,0.506112,,0.12057599999999999,0.356608,0,0.338688,0.007936,0.091136,,0.002048,,1.6732159999999998,7975,797,0,
7976,91.177883000283444,76101843692,1,6.4035998657345772,6.2317,6.617088,2.4887,18203,0.001024,0.508672,,0.126464,0.36352,0,0.34559999999999996,0.005888,0.094975999999999991,,0.002048,,2.450688,7976,798,0,
7977,91.184430194161,76101906009,1,6.5471939742565155,7.1441,6.428416,1.9941,15763,0.001024,0.50892799999999994,,0.12057599999999999,0.715008,0.000256,0.342016,0.004608,0.09267199999999999,,0.002816,,1.672448,7977,799,0,
7978,91.191263598356,76101977450,1,6.8334043025970459,5.9489,6.52032,2.2072,18203,0.001024,0.505088,,0.481792,0.854016,0,0.38707199999999997,0.016384,0.090624,,0.004608,,1.688064,7978,800,0,
7979,91.198300396825388,76102036939,1,7.0367986336350441,6.4185,6.816768,3.5504,15763,0.001024,0.507904,,0.128768,0.363264,0,0.34431999999999996,0.008704,0.090624,,0.0025599999999999998,,2.053632,7979,801,0,
7980,91.204942998866215,76102101124,1,6.6426019184291363,6.644,7.022592,3.0633,18375,0.001024,0.617984,,0.121344,0.36070399999999997,0.000256,0.342528,0.0076799999999999993,0.08832,,0.002048,,2.448128,7980,802,0,
7981,91.2113841978458,76102167564,1,6.441198755055666,7.3338,6.45504,2.6176,15763,0.001024,0.506624,,0.121344,0.353024,0.000256,0.33536,0.008192,0.092159999999999992,,0.002048,,2.002176,7981,803,0,
7982,91.21837629676871,76102240902,1,6.9920988753438,8.8366,6.054912,2.2847,18203,0.002304,0.50969599999999993,,0.121088,0.363008,0.000256,0.34483199999999997,0.007936,0.091904,,0.002048,,1.8823679999999998,7982,804,0,
7983,91.224822498582768,76102329268,1,6.4462018199265,4.4194,6.970368,3.0874,15763,0.001024,0.50636799999999993,,0.124928,0.353792,0,0.33510399999999996,0.0076799999999999993,0.089855999999999991,,0.002816,,1.8941439999999998,7983,805,0,
7984,91.231295195578227,76102373462,1,6.4726970158517361,8.07,6.422528,2.2428,18203,0.003072,0.515328,,0.1216,0.352,0,0.333824,0.007424,0.088576,,0.002304,,1.673984,7984,806,0,
7985,91.237829095804983,76102454162,1,6.5339002758264542,5.5134,6.456576,1.9743,15763,0.001024,0.61926399999999993,,0.120832,0.353792,0.000256,0.336128,0.0076799999999999993,0.082431999999999991,,0.002304,,2.368,7985,807,0,
7986,91.2447387967687,76102509296,1,6.90970104187727,6.3934,6.497024,1.8967,18405,0.001024,0.622336,,0.120832,0.35584,0,0.338176,0.0048639999999999994,0.098304,,0.002048,,2.344448,7986,808,0,
7987,91.251249900793653,76102573230,1,6.5111038275063038,6.0251,6.91072,2.7752,15763,0.001024,0.506112,,0.120832,0.70041599999999993,0.000256,0.682496,0.008192,0.09267199999999999,,0.0025599999999999998,,2.038528,7987,809,0,
7988,91.257361295351473,76102633481,1,6.1113946139812469,7.0537,6.47296,2.2573,18203,0.001024,0.506112,,0.12287999999999999,0.36019199999999996,0.000256,0.34227199999999997,0.0076799999999999993,0.091392,,0.002304,,1.6716799999999998,7988,810,0,
7989,91.263777600623584,76102704018,1,6.4163054339587688,6.5225,6.027776,2.2521,15763,0.001024,0.50559999999999994,,0.12287999999999999,0.36403199999999997,0,0.336128,0.003584,0.09344,,0.002048,,1.920512,7989,811,0,
7990,91.270726594387753,76102769243,1,6.9489935413002968,6.9483,6.482176,2.3085,18203,0.001024,0.61849599999999993,,0.126464,0.35737599999999997,0,0.33971199999999996,0.0076799999999999993,0.090112,,0.002304,,1.85856,7990,812,0,
7991,91.277533099489787,76102838726,1,6.806504912674427,7.0109,6.92736,2.2068,15763,0.001024,0.509184,,0.121344,0.77567999999999993,0,0.75776,0.003328,0.092159999999999992,,0.0025599999999999998,,2.052864,7991,813,0,
7992,91.283857695578234,76102908835,1,6.3245962373912334,5.3481,,2.1778,20929,0.001024,0.509184,,0.121344,0.77567999999999993,0,0.75776,0.003328,0.092159999999999992,,0.0025599999999999998,,2.052864,7992,814,0,
7993,91.296455300453516,76102962316,1,12.597604654729366,7.3285,6.329856,7.3285,15763,0.001024,0.505344,,0.120832,0.35942399999999997,0,0.341248,0.0076799999999999993,0.091136,,0.002304,,2.00832,7993,815,0,
7994,91.302805796485259,76103035601,1,6.3504958525300026,7.3775,6.094848,1.705,18203,0.001024,0.51814399999999994,,0.122112,0.355072,0,0.337152,0.007936,0.0896,,0.002304,,1.673984,7994,816,0,
7995,91.3094045989229,76103109376,1,6.5988022834062576,5.5275,6.327552,2.4266,15763,0.001024,0.505344,,0.1216,0.361984,0,0.344064,0.0051199999999999996,0.091136,,0.002304,,2.171648,7995,817,0,
7996,91.316234700963719,76103164651,1,6.8301018327474594,13.0627,6.583296,2.1633,18203,0.001024,0.508416,,0.121344,0.551424,0,0.533504,0.007424,0.0896,,0.002048,,2.019072,7996,818,0,
7997,91.322842899659861,76103295278,1,6.6081988625228405,5.9131,6.814464,2.4215,15763,0.001024,0.50559999999999994,,0.120832,0.84582399999999991,0.000256,0.33664,0.00896,0.090112,,0.0025599999999999998,,2.05056,7997,819,0,
7998,91.329156696428569,76103354409,1,6.3137966208159924,7.8707,6.217984,3.4576,18203,0.001024,0.507136,,0.121344,0.35225599999999996,0,0.334848,0.007936,0.089855999999999991,,0.002048,,1.8496,7998,820,0,
7999,91.336145500283436,76103433116,1,6.98880385607481,5.9425,6.254336,2.6098,15763,0.001024,0.61952,,0.12185599999999999,0.349696,0.000256,0.33177599999999996,0.007936,0.089088,,0.002048,,2.061312,7999,821,0,
8000,91.3427797973356,76103492541,1,6.6342968493700027,5.8111,6.967552,3.0991,18405,0.001024,0.503552,,0.12032,0.348672,0,0.331264,0.008192,0.086784,,0.002048,,2.323968,8000,822,0,
8001,91.3504205994898,76103550652,1,7.640802301466465,6.8468,6.61632,3.2004,15763,0.001024,0.50227199999999994,,0.123136,0.353792,0,0.33561599999999997,0.008192,0.089343999999999993,,0.0025599999999999998,,2.268672,8001,823,0,
8002,91.356688697562348,76103619120,1,6.2680980190634727,7.8037,6.088192,3.0931,18323,0.0012799999999999999,0.507136,,0.121344,0.35609599999999997,0,0.338176,0.007936,0.093952,,0.002048,,1.8828799999999999,8002,824,0,
8003,91.363218098072565,76103697157,1,6.5294005908071995,8.3739,6.026496,2.5901,15763,0.001024,0.51072,,0.122624,0.62003199999999992,0,0.33510399999999996,0.0097279999999999988,0.091392,,0.002304,,1.693184,8003,825,0,
8004,91.369901197562356,76103780896,1,6.6830995492637157,6.4852,6.341888,2.3178,18203,0.001024,0.510208,,0.122624,0.344064,0.000256,0.32639999999999997,0.008192,0.091904,,0.041984,,1.6716799999999998,8004,826,0,
8005,91.3762841978458,76103845748,1,6.3830004073679447,5.9336,6.706432,2.8718,15763,0.001024,0.50688,,0.1216,0.80486399999999991,0,0.336896,0.008704,0.092928,,0.002816,,1.901312,8005,827,0,
8006,91.382704896541952,76103905084,1,6.42069848254323,6.9586,6.293504,2.2115,18203,0.001024,0.510208,,0.12236799999999999,0.355584,0,0.33766399999999996,0.0051199999999999996,0.088832,,0.002304,,1.692672,8006,828,0,
8007,91.389487599206348,76103974670,1,6.7827026359736919,5.8129,6.507008,2.5587,15763,0.001024,0.505856,,0.128,0.360448,0,0.342784,0.0076799999999999993,0.091392,,0.002304,,2.514176,8007,829,0,
8008,91.395967899659865,76104032799,1,6.4803003333508968,6.3355,6.762496,2.076,18203,0.000768,0.50969599999999993,,0.121344,0.384,0.000256,0.366336,0.008704,0.09036799999999999,,0.002048,,1.679104,8008,830,0,
8009,91.402599999999993,76104096154,1,6.6321003250777721,6.283,6.461696,2.4829,16134,0.001024,0.50892799999999994,,0.12032,0.35942399999999997,0,0.34176,0.003328,0.094208,,0.002304,,1.67296,8009,831,0,
8010,91.408998497732426,76104158984,1,6.3984976150095463,6.801,6.60992,2.3378,18255,0.001024,0.507648,,0.12287999999999999,0.35456,0.000256,0.33638399999999996,0.0076799999999999993,0.091904,,0.002304,,1.9279359999999999,8010,832,0,
8011,91.415519699546479,76104226994,1,6.5212016925215721,6.9362,6.311424,2.7412,15763,0.001024,0.507648,,0.32179199999999997,0.34815999999999997,0,0.32844799999999996,0.007936,0.089855999999999991,,0.002048,,2.1094399999999998,8011,833,0,
8012,91.42243740079364,76104296356,1,6.9177011027932167,5.2269,6.577664,3.2599,18203,0.001024,0.621312,,0.121088,0.5184,0.000256,0.329216,0.011519999999999999,0.097279999999999991,,0.002048,,2.345728,8012,834,0,
8013,91.429790199829924,76104348625,1,7.3527991771698,8.7352,6.050816,2.7399,15763,0.001024,0.517376,,0.12185599999999999,0.351744,0,0.333568,0.007936,0.092416,,0.002304,,1.672192,8013,835,0,
8014,91.436310898526074,76104435977,1,6.52069877833128,5.2221,7.340032,3.4748,18203,0.001024,0.509184,,0.13286399999999998,0.85503999999999991,0,0.340736,0.012288,0.083456,,0.010496,,1.883648,8014,836,0,
8015,91.442814299886621,76104488198,1,6.5034013241529465,6.4882,6.248448,3.0276,16110,0.001024,0.50816,,0.1216,0.35456,0,0.336896,0.005888,0.091648,,0.002048,,1.8877439999999999,8015,837,0,
8016,91.448975694444442,76104553080,1,6.1613945290446281,8.5258,6.494976,2.8882,18203,0.001024,0.517888,,0.122112,0.355584,0,0.33792,0.007936,0.08832,,0.002816,,1.6734719999999998,8016,838,0,
8017,91.45556060090702,76104638338,1,6.5849064849317074,5.9126,6.135552,2.4335,15763,0.001024,0.507648,,0.13055999999999998,0.366336,0,0.34764799999999996,0.0076799999999999993,0.087296,,0.003328,,1.963776,8017,839,0,
8018,91.462204698129241,76104697464,1,6.6440971568226814,5.484,6.533376,2.7736,18203,0.001024,0.50636799999999993,,0.124928,0.364288,0.000256,0.34559999999999996,0.0076799999999999993,0.096767999999999993,,0.0025599999999999998,,2.23744,8018,840,0,
8019,91.468252395124708,76104752304,1,6.0476968064904213,6.785,6.661632,3.1042,15763,0.001024,0.50688,,0.392704,0.367616,0,0.342016,0.0097279999999999988,0.086528,,0.0025599999999999998,,1.6732159999999998,8019,841,0,
8020,91.474949199263037,76104820154,1,6.6968039609491825,7.2639,6.029568,2.4558,18203,0.001024,0.521984,,0.122112,0.35481599999999996,0.000256,0.33638399999999996,0.0076799999999999993,0.085504,,0.002304,,1.696512,8020,842,0,
8021,91.481550999149661,76104892793,1,6.6017997451126575,6.1386,6.681856,2.718,15763,0.001024,0.505856,,0.125696,0.356352,0,0.33792,0.008192,0.083968,,0.0025599999999999998,,1.84192,8021,843,0,
8022,91.488558595521539,76104954179,1,7.0075965486466885,6.1195,6.56768,2.2424,18203,0.001024,0.505088,,0.1216,0.353024,0.000256,0.334848,0.007936,0.083712,,0.002048,,2.0472319999999997,8022,844,0,
8023,91.494953295068029,76105015374,1,6.3946996815502644,6.5524,6.298112,3.102,15763,0.000768,0.618752,,0.121088,0.35737599999999997,0,0.3392,0.007424,0.091392,,0.002304,,2.2062079999999997,8023,845,0,
8024,91.5038672973356,76105080898,1,8.91400221735239,6.9294,6.506496,3.124,18203,0.001024,0.50969599999999993,,0.1216,0.694784,0.000256,0.338432,0.009472,0.09472,,0.002816,,2.078976,8024,846,0,
8025,91.5101957979025,76105150192,1,6.3285003416240215,8.0275,6.249728,2.3543,18323,0.001024,0.62464,,0.12287999999999999,0.351744,0,0.333568,0.012544,0.091648,,0.002304,,1.8457599999999998,8025,847,0,
8026,91.517356299603165,76105230467,1,7.160501554608345,4.9008,6.45632,2.755,15763,0.001024,0.503296,,0.131072,0.369664,0,0.35148799999999997,0.003584,0.090624,,0.002816,,1.67552,8026,848,0,
8027,91.525351799886622,76105279475,1,7.9955002292990685,10.0875,6.62272,2.3135,18203,0.001024,0.50969599999999993,,0.12185599999999999,0.356608,0,0.338688,0.008192,0.0896,,0.002816,,2.213376,8027,849,0,
8028,91.5319589994331,76105380350,1,6.6071995534002781,4.5039,6.621952,3.8178,15763,0.001024,0.506112,,0.12057599999999999,0.36096,0,0.34304,0.0076799999999999993,0.09088,,0.002048,,2.1143039999999997,8028,850,0,
8029,91.538622597789114,76105425389,1,6.6635985858738422,10.6599,5.979648,2.0942,18203,0.001024,0.510976,,0.122624,0.35456,0,0.337408,0.008192,0.093696,,0.002048,,1.6750079999999998,8029,851,0,
8030,91.545328698979588,76105531988,1,6.7061013542115688,5.5924,6.58944,2.3472,15965,0.001024,0.507904,,0.120832,0.649216,0,0.631296,0.0076799999999999993,0.089343999999999993,,0.002304,,2.0526079999999998,8030,852,0,
8031,91.552680994897955,76105587912,1,7.35229579731822,7.3195,6.709504,2.1679,18203,0.001024,0.50944,,0.12185599999999999,0.35968,0,0.34176,0.007424,0.091648,,0.002304,,1.872896,8031,853,0,
8032,91.559259098639458,76105661107,1,6.5781036391854286,5.5985,6.862336,3.069,15763,0.001024,0.505088,,0.12057599999999999,0.359168,0,0.341248,0.008704,0.090112,,0.003072,,1.6832,8032,854,0,
8033,91.565941999716543,76105717092,1,6.6829011775553226,8.8021,6.379776,2.1834,18203,0.001024,0.50892799999999994,,0.122624,0.35481599999999996,0,0.336896,0.007936,0.089088,,0.002304,,1.670656,8033,855,0,
8034,91.572406498015866,76105805113,1,6.4644981175661087,4.8087,6.638336,2.7144,15763,0.001024,0.508416,,0.12236799999999999,0.356608,0,0.338688,0.007936,0.093952,,0.002048,,2.426368,8034,856,0,
8035,91.57917259778911,76105853200,1,6.7660999484360218,7.1247,6.471424,2.8944,21295,0.001024,0.50636799999999993,,0.121344,0.73548799999999992,0,0.71705599999999992,0.007936,0.09267199999999999,,0.0025599999999999998,,1.868288,8035,857,0,
8036,91.586404698129243,76105924447,1,7.2321002371609211,5.7605,6.744832,2.7717,15763,0.36940799999999996,0.501504,,0.12057599999999999,0.35712,0,0.33766399999999996,0.0076799999999999993,0.091904,,0.002048,,1.679616,8036,858,0,
8037,91.593364498299323,76105982052,1,6.9598001427948475,7.292,7.21152,2.8749,18203,0.001024,0.501504,,0.130816,0.36479999999999996,0,0.346112,0.0084479999999999989,0.091136,,0.002816,,1.874944,8037,859,0,
8038,91.600062499999993,76106054972,1,6.698001641780138,5.9539,6.95168,2.2414,15763,0.000768,0.61824,,0.12057599999999999,0.358912,0,0.340736,0.003328,0.41881599999999997,,0.002048,,2.718976,8038,860,0,
8039,91.606628897392284,76106114511,1,6.5663973800837994,7.3041,6.678784,3.0788,18203,0.001024,0.507392,,0.121088,0.35456,0,0.336896,0.007936,0.08806399999999999,,0.002304,,2.379776,8039,861,0,
8040,91.613629797335591,76106187552,1,7.0008998736739159,8.5179,6.549248,2.2759,15815,0.002816,0.51584,,0.121344,0.343296,0.000256,0.32511999999999996,0.00896,0.08576,,0.002048,,1.6732159999999998,8040,862,0,
8041,91.620236699263032,76106272731,1,6.6069019958376884,5.6126,6.902784,2.9434,18203,0.001024,0.61952,,0.12057599999999999,0.65279999999999994,0,0.336128,0.0051199999999999996,0.093183999999999989,,0.002304,,1.8928639999999999,8041,863,0,
8042,91.62704640022676,76106328857,1,6.80970074608922,8.0742,6.66368,2.2257,15763,0.001024,0.50944,,0.122624,0.362496,0,0.344576,0.007936,0.091904,,0.002304,,2.11328,8042,864,0,
8043,91.633018898809524,76106409599,1,5.9724985621869564,4.9943,6.767872,2.838,18203,0.000768,0.50816,,0.121088,0.35712,0,0.3392,0.003328,0.093183999999999989,,0.002304,,1.675776,8043,865,0,
8044,91.638476899092964,76106459542,1,5.4580001160502434,7.3818,5.9712,2.6334,15763,0.001024,0.503552,,0.131584,0.35072,0.000256,0.33177599999999996,0.0076799999999999993,0.091392,,0.0025599999999999998,,1.675776,8044,866,0,
8045,91.643979698129243,76106533360,1,5.5027990601956844,6.6143,5.448448,2.289,18405,0.001024,0.50432,,0.121344,0.35225599999999996,0,0.33408,0.007936,0.0896,,0.002048,,1.67424,8045,867,0,
8046,91.650731597222219,76106599503,1,6.751899141818285,5.4879,5.481984,2.1685,15763,0.001024,0.506112,,0.121344,0.357888,0,0.340736,0.007936,0.092416,,0.002048,,1.674752,8046,868,0,
8047,91.657739994331067,76106654382,1,7.0083970203995705,5.7698,6.738944,3.1405,18203,0.001024,0.504576,,0.121344,0.36096,0,0.34304,0.007424,0.090112,,0.002304,,1.6783359999999998,8047,869,0,
8048,91.664865795068025,76106712080,1,7.12580094113946,6.0934,6.985984,2.7309,15883,0.001024,0.507136,,0.12953599999999998,0.366592,0.000256,0.347392,0.0076799999999999993,0.093952,,0.0025599999999999998,,1.676544,8048,870,0,
8049,91.671699298469377,76106773014,1,6.8335034884512424,6.7007,7.106304,2.28,18203,0.001024,0.62208,,0.130048,0.35942399999999997,0,0.340736,0.008192,0.092416,,0.0025599999999999998,,2.196992,8049,871,0,
8050,91.678267396541941,76106840021,1,6.5680979751050472,6.4453,6.811136,2.1693,15763,0.001024,0.503552,,0.120832,0.560896,0.000256,0.33305599999999996,0.014336,0.091648,,0.002304,,2.587392,8050,872,0,
8051,91.685535494614513,76106904474,1,7.2680981829762459,6.7816,6.551552,2.8677,18203,0.004608,0.502784,,0.12057599999999999,0.35686399999999996,0,0.3392,0.003328,0.091904,,0.002304,,2.136576,8051,873,0,
8052,91.692577395124715,76106972290,1,7.0419004186987877,7.1545,7.258368,2.6013,15763,0.001024,0.505856,,0.12672,0.35609599999999997,0,0.337408,0.004096,0.09088,,0.0025599999999999998,,2.059008,8052,874,0,
8053,91.699737996031743,76107043835,1,7.1606007404625416,6.1886,7.01824,2.4684,18203,0.001024,0.505088,,0.12672,0.35148799999999997,0.000256,0.333568,0.0076799999999999993,0.091648,,0.002048,,2.094848,8053,875,0,
8054,91.706381498015872,76107105721,1,6.6435020416975021,7.5217,7.141888,2.5809,15763,0.001024,0.6208,,0.120832,0.77235199999999993,0,0.340736,0.010496,0.092159999999999992,,0.002816,,2.431232,8054,876,0,
8055,91.712996301020411,76107180938,1,6.6148028708994389,7.2777,6.632704,2.8458,18203,0.001024,0.507648,,0.121088,0.352,0,0.334592,0.0076799999999999993,0.086784,,0.002048,,1.973248,8055,877,0,
8056,91.720301899092973,76107253715,1,7.3055978864431381,7.4003,6.597888,2.3681,15763,0.001024,0.508416,,0.1216,0.674048,0.000256,0.332544,0.007936,0.087039999999999992,,0.002304,,2.05312,8056,878,0,
8057,91.727447994614508,76107327718,1,7.1460953913629055,6.2672,7.282176,2.6466,18203,0.000768,0.505856,,0.521984,0.53401599999999994,0,0.346368,0.013056,0.091648,,0.0025599999999999998,,2.0574719999999997,8057,879,0,
8058,91.733985799319726,76107390390,1,6.5378048457205296,7.3786,7.147776,3.0238,15763,0.001024,0.509184,,0.1216,0.35814399999999996,0,0.34048,0.003328,0.098304,,0.002048,,2.160128,8058,880,0,
8059,91.740117899659865,76107464176,1,6.1321002431213856,7.9668,6.504704,2.4516,18405,0.001024,0.50432,,0.1216,0.35481599999999996,0,0.336896,0.0076799999999999993,0.089855999999999991,,0.002048,,1.929984,8059,881,0,
8060,91.746875099206349,76107543844,1,6.757199764251709,5.6599,6.108672,2.6531,15763,0.001024,0.507648,,0.120832,0.3584,0,0.34048,0.0076799999999999993,0.090112,,0.002048,,1.676544,8060,882,0,
8061,91.754065695861669,76107600443,1,7.1905967779457569,7.0269,6.744064,2.0943,18203,0.001024,0.517632,,0.12953599999999998,0.351232,0.000256,0.332032,0.007936,0.088832,,0.002304,,2.0738559999999997,8061,883,0,
8062,91.760992594954644,76107670712,1,6.9268993102014065,5.4088,7.173376,3.2257,15763,0.000768,0.504832,,0.12057599999999999,0.786944,0,0.768512,0.003328,0.089343999999999993,,0.0025599999999999998,,2.150144,8062,884,0,
8063,91.767791397392287,76107724800,1,6.79880240932107,7.0297,6.907392,2.3301,18203,0.001024,0.503552,,0.299264,0.72704,0.000256,0.707584,0.004096,0.066304,,0.04992,,2.048256,8063,885,0,
8064,91.77427400085034,76107795097,1,6.4826034940779209,6.6234,6.773248,2.3335,15763,0.000768,0.50688,,0.121344,0.35814399999999996,0,0.340736,0.0076799999999999993,0.44544,,0.002048,,2.038016,8064,886,0,
8065,91.780465398242626,76107861331,1,6.1913975514471531,8.3733,6.465024,2.7027,18203,0.001024,0.50816,,0.121344,0.35584,0,0.338176,0.0076799999999999993,0.092416,,0.002048,,2.255872,8065,887,0,
8066,91.787509998582763,76107945064,1,7.044600322842598,5.8248,6.181376,3.0436,18489,0.001024,0.50688,,0.120832,0.357888,0,0.34048,0.0076799999999999993,0.095744,,0.002304,,1.915392,8066,888,0,
8067,91.794625800736952,76108003312,1,7.1158022619783878,7.0318,7.0208,2.4217,18203,0.001024,0.505344,,0.50432,0.368384,0.000256,0.34355199999999997,0.0076799999999999993,0.086528,,0.0025599999999999998,,1.897216,8067,889,0,
8068,91.801295500283445,76108073630,1,6.6696996800601482,6.8845,7.102464,2.2091,15763,0.001024,0.50892799999999994,,0.541184,0.36352,0.000256,0.34227199999999997,0.0076799999999999993,0.0896,,0.0025599999999999998,,2.158336,8068,890,0,
8069,91.808314597505671,76108142475,1,7.019097451120615,5.586,6.61632,2.2722,18203,0.001024,0.503552,,0.121088,0.357632,0,0.34022399999999997,0.0076799999999999993,0.09779199999999999,,0.002048,,1.689344,8069,891,0,
8070,91.8150959963152,76108198335,1,6.78139878436923,7.2413,6.961664,2.7417,15935,0.001024,0.50432,,0.13055999999999998,0.355072,0.000256,0.33638399999999996,0.0076799999999999993,0.090112,,0.0025599999999999998,,2.1209599999999997,8070,892,0,
8071,91.821566099773236,76108270748,1,6.470103282481432,7.0296,6.822656,2.2191,18203,0.001024,0.505344,,0.121088,0.357888,0,0.339968,0.008192,0.09267199999999999,,0.002048,,2.146816,8071,893,0,
8072,91.8286464994331,76108341044,1,7.0803994312882423,6.9784,6.456832,3.6361,15763,0.001024,0.505088,,0.12057599999999999,0.36352,0.000256,0.345088,0.0076799999999999993,0.091136,,0.002304,,2.110464,8072,894,0,
8073,91.835731795634914,76108410828,1,7.0852963253855705,7.7006,6.30144,3.1985,18203,0.001024,0.50688,,0.12185599999999999,0.360448,0,0.342528,0.0076799999999999993,0.090624,,0.002048,,2.0677119999999998,8073,895,0,
8074,91.842664200680275,76108487834,1,6.9324048236012459,6.8346,7.088896,3.151,15965,0.001024,0.50559999999999994,,0.125696,0.800512,0,0.330496,0.00896,0.087296,,0.0048639999999999994,,1.8790399999999998,8074,896,0,
8075,91.849522399376411,76108556180,1,6.8581989035010338,5.7428,6.909696,2.8226,18203,0.001024,0.506112,,0.130816,0.36275199999999996,0,0.343808,0.003584,0.105472,,0.010239999999999999,,1.8895359999999999,8075,897,0,
8076,91.856311394557821,76108613608,1,6.7889951169490814,7.4427,6.842624,2.1848,15763,0.001024,0.505344,,0.121344,0.366592,0.000256,0.348672,0.38272,0.09548799999999999,,0.0025599999999999998,,2.167808,8076,898,0,
8077,91.8632104946145,76108688035,1,6.8991002626717091,7.579,6.764288,2.8365,18203,0.001024,0.516096,,0.121088,0.355072,0,0.33664,0.0076799999999999993,0.086784,,0.002048,,2.158848,8077,899,0,
8078,91.870675099206352,76108763825,1,7.464604452252388,5.9912,6.894848,3.2943,15763,0.001024,0.508672,,0.121088,0.355328,0,0.33664,0.006656,0.093952,,0.002048,,2.066176,8078,900,0,
8079,91.876861600056685,76108823737,1,6.1865006573498249,6.5645,6.694656,2.5552,18203,0.001024,0.50636799999999993,,0.283648,0.365824,0,0.34176,0.003584,0.096767999999999993,,0.002048,,2.127872,8079,901,0,
8080,91.883408198696145,76108889382,1,6.5465988591313362,6.8521,6.925312,2.4033,15763,0.001024,0.505856,,0.12825599999999998,0.35276799999999997,0,0.33510399999999996,0.007936,0.09036799999999999,,0.002048,,2.17856,8080,902,0,
8081,91.889775800736956,76108957903,1,6.3676019199192524,7.6099,6.525184,3.1181,18203,0.001024,0.505856,,0.121344,0.3584,0,0.34048,0.007936,0.091648,,0.002304,,2.093568,8081,903,0,
8082,91.896051899092967,76109034002,1,6.276098545640707,6.9302,6.300672,2.5127,15763,0.001024,0.519424,,0.12287999999999999,0.35737599999999997,0,0.33971199999999996,0.003328,0.09036799999999999,,0.002304,,1.8856959999999998,8082,904,0,
8083,91.902936798469383,76109103304,1,6.8848994560539722,5.5491,6.302976,2.9587,18574,0.001024,0.505344,,0.12185599999999999,0.35712,0,0.33894399999999997,0.0076799999999999993,0.09267199999999999,,0.002304,,1.89184,8083,905,0,
8084,91.909924397675738,76109158795,1,6.9875991903245449,7.0924,6.864896,2.6194,15763,0.001024,0.505344,,0.12185599999999999,0.35712,0,0.33894399999999997,0.0076799999999999993,0.09267199999999999,,0.002304,,1.89184,8084,906,0,
8085,91.916922300170057,76109229719,1,6.9979024119675159,5.4907,6.954752,3.0795,18203,0.001024,0.506624,,0.12057599999999999,0.35456,0,0.336896,0.004096,0.088576,,0.002304,,2.740992,8085,907,0,
8086,91.923719798752828,76109284626,1,6.797498557716608,8.8412,6.99264,2.4604,15763,0.001024,0.507904,,0.1216,0.350464,0.000256,0.332544,0.0076799999999999993,0.08806399999999999,,0.002304,,1.890048,8086,908,0,
8087,91.931134594671192,76109373038,1,7.41479592397809,5.8985,6.776832,2.7309,18203,0.001024,0.508672,,0.120832,0.80588799999999994,0,0.787712,0.0048639999999999994,0.091136,,0.004352,,1.850368,8087,909,0,
8088,91.9377464994331,76109432023,1,6.6119045950472355,6.9119,7.391232,2.987,15763,0.001024,0.508672,,0.121088,1.195776,0,0.33766399999999996,0.018688,0.086784,,0.0048639999999999994,,1.865216,8088,910,0,
8089,91.94462179705215,76109501142,1,6.8752975203096867,6.2731,6.605056,2.7304,18550,0.001024,0.507904,,0.121088,0.349184,0,0.331264,0.0076799999999999993,0.082431999999999991,,0.002304,,2.6227199999999997,8089,911,0,
8090,91.95098390022676,76109563873,1,6.3621033914387226,8.5757,6.848512,2.7549,15763,0.001024,0.507136,,0.121088,0.364288,0,0.34687999999999997,0.0076799999999999993,0.084735999999999992,,0.002304,,2.479872,8090,912,0,
8091,91.958012698412688,76109649630,1,7.02879810705781,6.0169,6.34624,2.6454,18203,0.001024,0.504064,,0.12057599999999999,0.360448,0,0.342528,0.0076799999999999993,0.09088,,0.002048,,2.079488,8091,913,0,
8092,91.964877600623581,76109709799,1,6.8649020977318287,6.3371,7.015168,2.6359,15763,0.001024,0.614656,,0.316928,0.360448,0,0.34227199999999997,0.010752,0.090112,,0.002304,,2.0526079999999998,8092,914,0,
8093,91.971646995464852,76109773170,1,6.7693949677050114,6.4542,6.839552,2.568,18323,0.000768,0.621568,,0.1216,0.36147199999999996,0,0.343296,0.196096,0.093183999999999989,,0.002304,,2.130176,8093,915,0,
8094,91.979122300170062,76109837712,1,7.4753048829734325,6.7989,6.758912,3.2154,15763,0.001024,0.509184,,0.120832,0.35353599999999996,0.000256,0.335872,0.0076799999999999993,0.093696,,0.002048,,2.531584,8094,916,0,
8095,91.9856762967687,76109905701,1,6.5539968200027943,7.1349,7.013888,2.2741,18203,0.001024,0.504832,,0.121344,0.360448,0.000256,0.342784,0.0076799999999999993,0.091136,,0.002048,,2.427648,8095,917,0,
8096,91.9929398951247,76109977050,1,7.2635984979569912,6.2607,6.942464,3.2312,15763,0.001024,0.50892799999999994,,0.12057599999999999,0.355328,0,0.337152,0.0076799999999999993,0.091648,,0.002304,,1.836544,8096,918,0,
8097,91.999785898526071,76110039657,1,6.8460032343864441,8.7086,7.248384,2.7992,18203,0.001024,0.505856,,0.131584,0.36479999999999996,0,0.345088,0.007936,0.11392,,0.003072,,1.8708479999999998,8097,919,0,
8098,92.006352196712015,76110126743,1,6.5662981942296028,5.6416,6.819584,2.5857,15763,0.001024,0.619776,,0.12057599999999999,0.348672,0,0.330752,0.011519999999999999,0.093952,,0.002048,,1.6883199999999998,8098,920,0,
8099,92.012978500566888,76110183159,1,6.6263037733733654,8.8363,6.5536,3.2899,18203,0.001024,0.508672,,0.12544,0.35148799999999997,0,0.332544,0.0097279999999999988,0.094975999999999991,,0.0025599999999999998,,2.0121599999999997,8099,921,0,
8100,92.020097895408156,76110271522,1,7.119394838809967,7.1625,6.244608,2.6922,15815,0.001024,0.507392,,0.12236799999999999,0.347904,0,0.329984,0.009472,0.087808,,0.002304,,1.676032,8100,922,0,
8101,92.027347895408155,76110343147,1,7.2499997913837433,4.9438,7.101952,3.1561,18203,0.001024,0.50636799999999993,,0.12825599999999998,0.35148799999999997,0.000256,0.332544,0.007936,0.090112,,0.0025599999999999998,,1.884672,8101,923,0,
8102,92.034536600056683,76110392585,1,7.1887047961354256,7.9012,7.236608,2.6917,15763,0.001024,0.508416,,0.121088,0.71961599999999992,0,0.337152,0.0097279999999999988,0.092928,,0.0025599999999999998,,2.533376,8102,924,0,
8103,92.041655796485259,76110471597,1,7.1191964671015739,5.5045,7.169536,2.5771,18405,0.001024,0.508416,,0.121088,0.71961599999999992,0,0.337152,0.0097279999999999988,0.092928,,0.0025599999999999998,,2.533376,8103,925,0,
8104,92.048657596371882,76110526642,1,7.0017999969422817,8.5234,7.08864,3.3702,15763,0.001024,0.518656,,0.12595199999999998,0.35942399999999997,0,0.340736,0.0076799999999999993,0.091648,,0.0025599999999999998,,2.11968,8104,926,0,
8105,92.055621194727891,76110611876,1,6.9635985419154167,8.0302,6.996736,3.0857,18203,0.001024,0.507648,,0.127744,0.35020799999999996,0,0.332032,0.007424,0.088832,,0.002048,,2.161152,8105,927,0,
8106,92.062195393990919,76110692178,1,6.5741990692913532,6.5054,6.9248,3.0276,44693,0.001024,0.509184,,0.129792,0.365056,0,0.345856,0.0076799999999999993,0.09267199999999999,,0.0025599999999999998,,2.158848,8106,928,0,
8107,92.069457100340131,76110757232,1,7.26170651614666,6.1354,6.562304,3.2233,18203,0.001024,0.506112,,0.120832,0.792064,0,0.77414399999999994,0.0076799999999999993,0.085504,,0.0025599999999999998,,2.079744,8107,929,0,
8108,92.0766227962018,76110818586,1,7.1656960062682629,7.4409,7.250944,2.6039,15763,0.000768,0.51328,,0.134912,0.351744,0,0.332544,0.007936,0.09344,,0.0025599999999999998,,1.880576,8108,930,0,
8109,92.08342619756236,76110892995,1,6.803401280194521,6.3223,7.143168,2.4765,21295,0.000768,0.50816,,0.312832,0.365056,0,0.34099199999999996,0.007936,0.091904,,0.002304,,2.042624,8109,931,0,
8110,92.090018296485255,76110956218,1,6.5920990891754627,8.2487,6.775296,2.0872,15763,0.001024,0.50380799999999992,,0.121344,0.53811199999999992,0.000256,0.520192,0.004608,0.091392,,0.002048,,2.153216,8110,932,0,
8111,92.097027395124712,76111038705,1,7.0090987719595432,5.7156,6.576384,2.6644,18203,0.001024,0.507392,,0.120832,0.35072,0.000256,0.33305599999999996,0.0076799999999999993,0.092928,,0.002048,,2.191872,8111,933,0,
8112,92.104461196145124,76111095861,1,7.433800958096981,6.9608,6.983936,1.9255,15763,0.001024,0.505856,,0.121088,0.362496,0,0.34431999999999996,0.0076799999999999993,0.0896,,0.002304,,2.160128,8112,934,0,
8113,92.111103096655327,76111165469,1,6.6419006325304508,6.0427,7.4176,2.5523,18203,0.000768,0.50892799999999994,,0.43673599999999996,0.370432,0,0.346112,0.007936,0.117504,,0.002816,,2.157312,8113,935,0,
8114,92.117882100340125,76111225896,1,6.7790038883686066,6.6738,6.622208,2.216,15763,0.001024,0.506624,,0.12006399999999999,0.357888,0,0.339968,0.007936,0.09036799999999999,,0.002048,,1.8572799999999998,8114,936,0,
8115,92.124917899659863,76111292634,1,7.0357993245124817,7.4355,6.76864,2.4809,18323,0.001024,0.505344,,0.120832,0.35609599999999997,0,0.338432,0.0076799999999999993,0.089855999999999991,,0.002048,,2.17856,8115,937,0,
8116,92.1324600977891,76111366989,1,7.5421980582177639,6.3615,7.012608,2.8049,15763,0.000768,0.507136,,0.120832,0.36147199999999996,0,0.344064,0.003328,0.088576,,0.002304,,1.900288,8116,938,0,
8117,92.14001349914966,76111430604,1,7.5534014031291008,8.2899,6.812928,2.9129,18550,0.000768,0.504832,,0.12185599999999999,0.526336,0,0.3392,0.004608,0.094463999999999992,,0.002048,,2.156288,8117,939,0,
8118,92.146237797619051,76111513503,1,6.2242983840405941,6.0752,7.60448,2.7494,15763,0.001024,0.50432,,0.121088,0.350464,0.000256,0.33228799999999997,0.007936,0.09036799999999999,,0.002304,,2.453248,8118,940,0,
8119,92.153341695011335,76111574255,1,7.1038971655070782,7.8045,6.203904,2.36,18203,0.001024,0.508672,,0.1216,0.35276799999999997,0,0.334848,0.010752,0.091392,,0.002304,,1.871616,8119,941,0,
8120,92.160046499433108,76111652300,1,6.7048044875264168,7.6209,7.08608,2.6832,21547,0.001024,0.509184,,0.121344,0.364544,0,0.346112,0.008192,0.0896,,0.002048,,2.394112,8120,942,0,
8121,92.167451799886621,76111728509,1,7.4053006246685982,6.2396,6.695936,2.8293,18203,0.001024,0.50432,,0.126464,0.354048,0.000256,0.336128,0.007424,0.09036799999999999,,0.002048,,2.003456,8121,943,0,
8122,92.1747264951814,76111790905,1,7.2746952064335346,6.9308,7.382528,3.0282,15763,0.001024,0.505856,,0.9984,0.570368,0,0.544768,0.003584,0.09036799999999999,,0.0025599999999999998,,1.932288,8122,944,0,
8123,92.181266794217677,76111860213,1,6.54029892757535,6.6508,7.264256,2.3828,18203,0.001024,0.62003199999999992,,0.1216,0.355584,0.000256,0.33792,0.0076799999999999993,0.092159999999999992,,0.002048,,1.8990079999999998,8123,945,0,
8124,92.187778500566893,76111926721,1,6.51170639321208,7.2215,6.515712,2.4783,21692,0.001024,0.506112,,0.120832,0.34944,0,0.332032,0.007936,0.087551999999999991,,0.002304,,1.6750079999999998,8124,946,0,
8125,92.194770897108839,76111998936,1,6.9923964329063892,7.5241,6.473984,2.6261,18203,0.001024,0.50380799999999992,,0.120832,0.35456,0.000256,0.33664,0.003328,0.09036799999999999,,0.002304,,2.2515199999999997,8125,947,0,
8126,92.2014218962585,76112074177,1,6.6509991884231567,6.6644,6.992896,2.4913,15763,0.001024,0.508672,,0.122624,1.208832,0,0.33408,0.00896,0.08832,,0.0048639999999999994,,1.676288,8126,948,0,
8127,92.2083299957483,76112140821,1,6.9080996327102184,6.091,6.626304,2.2963,18203,0.001024,0.504576,,0.120832,0.355584,0,0.33792,0.003328,0.094975999999999991,,0.002048,,2.09152,8127,949,0,
8128,92.215209800170058,76112201731,1,6.879804190248251,7.5381,6.895872,2.3591,15763,0.001024,0.507136,,0.130304,0.360448,0.000256,0.341504,0.0076799999999999993,0.092159999999999992,,0.0025599999999999998,,2.087424,8128,950,0,
8129,92.22205659722222,76112277112,1,6.8467971868813038,6.1153,6.863872,2.7289,18255,0.001024,0.50944,,0.12057599999999999,0.349696,0,0.331264,0.003328,0.092159999999999992,,0.002048,,2.82496,8129,951,0,
8130,92.228653798185931,76112338265,1,6.5972008742392063,7.8578,6.834688,2.1123,15763,0.001024,0.507904,,0.1216,0.352,0,0.334592,0.0076799999999999993,0.091136,,0.002304,,2.438656,8130,952,0,
8131,92.236102799036274,76112416843,1,7.44900107383728,5.6219,6.575104,2.3385,31494,0.001024,0.504832,,0.120832,0.35737599999999997,0,0.339456,0.0076799999999999993,0.091136,,0.002048,,1.855232,8131,953,0,
8132,92.242646400226761,76112473062,1,6.5436013974249363,6.835,7.436032,2.2207,16110,0.001024,0.506112,,0.125696,0.371456,0.000256,0.352,0.006144,0.088576,,0.0025599999999999998,,1.8874879999999998,8132,954,0,
8133,92.249332794784578,76112541412,1,6.6863945685327053,6.6586,6.5152,2.8859,18203,0.001024,0.508672,,0.12057599999999999,0.36096,0,0.34304,0.0076799999999999993,0.091392,,0.002304,,1.859584,8133,955,0,
8134,92.256447895408158,76112607998,1,7.1151005104184151,7.9836,6.672384,3.221,15763,0.001024,0.508416,,0.121088,0.35814399999999996,0.000256,0.34048,0.0063999999999999994,0.09548799999999999,,0.002304,,2.3029759999999997,8134,956,0,
8135,92.26399990079365,76112687834,1,7.5520053505897522,6.5631,7.085056,3.1501,18203,0.000768,0.504832,,0.127488,0.355328,0.000256,0.335872,0.012544,0.09088,,0.004352,,1.913088,8135,957,0,
8136,92.271235799319726,76112753465,1,7.23589863628149,6.4944,7.545344,3.2218,23667,0.001024,0.621568,,0.575232,0.380928,0,0.35148799999999997,0.00896,0.092159999999999992,,0.0025599999999999998,,2.494464,8136,958,0,
8137,92.278130598072565,76112818409,1,6.8947989493608475,8.0202,7.193344,2.5942,18323,0.001024,0.505856,,0.120832,1.014784,0,0.99660799999999994,0.007168,0.096256,,0.002816,,2.124288,8137,959,0,
8138,92.284468700396815,76112898611,1,6.3381022773683071,7.0363,,2.8649,15763,0.001024,0.505856,,0.120832,1.014784,0,0.99660799999999994,0.007168,0.096256,,0.002816,,2.124288,8138,960,0,
8139,92.297008595521532,76112968974,1,12.539895251393318,7.4148,6.333952,7.4148,20929,0.001024,0.503296,,0.121344,0.350976,0.000256,0.333312,0.0076799999999999993,0.091648,,0.002048,,2.019072,8139,961,0,
8140,92.3036169005102,76113043122,1,6.6083050332963467,6.4798,6.419456,1.7606,88487,0.001024,0.512768,,0.121344,0.36096,0,0.344064,0.004352,0.09088,,0.002304,,1.671424,8140,962,0,
8141,92.310316496598631,76113107920,1,6.69959606602788,6.8187,6.587136,2.6527,77437,0.001024,0.504576,,0.122112,0.35456,0,0.33664,0.007936,0.092928,,0.002048,,2.3754239999999998,8141,963,0,
8142,92.317137400793641,76113176107,1,6.8209040910005569,12.0135,6.604544,2.89,18203,0.001024,0.507904,,0.1216,0.771328,0.000256,0.407808,0.007936,0.091648,,0.002304,,2.1396479999999998,8142,964,0,
8143,92.3238725977891,76113296242,1,6.735196802765131,7.7204,6.882048,2.2584,15763,0.001024,0.506112,,0.1216,0.68992,0,0.33152,0.0051199999999999996,0.095744,,0.002816,,1.8759679999999999,8143,965,0,
8144,92.330890596655323,76113373446,1,7.017998956143856,6.379,6.69824,2.9502,18203,0.001024,0.509184,,0.121344,0.347904,0.000256,0.32972799999999997,0.0076799999999999993,0.09088,,0.002048,,1.891584,8144,966,0,
8145,92.33744579790249,76113437236,1,6.5552010200917721,6.1924,7.012608,2.0961,15763,0.001024,0.506624,,0.12723199999999998,0.36352,0.000256,0.34431999999999996,0.005888,0.084992,,0.0051199999999999996,,1.692416,8145,967,0,
8146,92.343910600907023,76113499160,1,6.4648031257092953,6.0553,6.539008,2.1378,18550,0.001024,0.49996799999999997,,0.12057599999999999,0.353792,0,0.335872,0.007936,0.087551999999999991,,0.002304,,1.6785919999999999,8146,968,0,
8147,92.350405094954638,76113559713,1,6.494494155049324,7.6937,6.447616,2.4576,15763,0.000768,0.500224,,0.12057599999999999,0.34559999999999996,0,0.32767999999999997,0.012032,0.08294399999999999,,0.002304,,2.131968,8147,969,0,
8148,92.3567343962585,76113636650,1,6.3293012790381908,6.7407,6.47552,2.4091,18203,0.000768,0.508416,,0.13055999999999998,0.34892799999999996,0,0.33024,0.0076799999999999993,0.087296,,0.0025599999999999998,,1.85344,8148,970,0,
8149,92.3631931972789,76113704057,1,6.4588012173771858,5.9241,6.310656,2.2748,15763,0.001024,0.503296,,0.120832,0.35686399999999996,0.000256,0.3392,0.007936,0.08576,,0.002048,,1.932032,8149,971,0,
8150,92.369411295351469,76113763298,1,6.2180981040000916,6.2622,6.438912,2.6036,18203,0.000768,0.50432,,0.120832,0.546816,0,0.33510399999999996,0.0048639999999999994,0.09344,,0.002304,,2.0508159999999998,8150,972,0,
8151,92.376239200680274,76113825920,1,6.8279053084552288,6.9562,6.213888,2.4799,15763,0.001024,0.508416,,0.121344,0.549376,0,0.531712,0.0048639999999999994,0.09036799999999999,,0.002048,,1.673984,8151,973,0,
8152,92.382667198129255,76113895482,1,6.4279972575604916,6.2288,6.801408,2.3274,18203,0.001024,0.508416,,0.124928,0.36147199999999996,0,0.34227199999999997,0.007936,0.089855999999999991,,0.0025599999999999998,,2.01984,8152,974,0,
8153,92.389272399376409,76113957770,1,6.6052014008164406,6.3586,6.403072,3.1936,15763,0.001024,0.50636799999999993,,0.12032,0.544512,0,0.527104,0.0038399999999999997,0.09036799999999999,,0.002048,,2.43968,8153,975,0,
8154,92.395649000850341,76114021356,1,6.3766012899577618,7.4389,6.591232,2.9824,18203,0.001024,0.513792,,0.125184,0.363008,0,0.344064,0.0076799999999999993,0.095744,,0.0025599999999999998,,1.9878399999999998,8154,976,0,
8155,92.40216609977324,76114095745,1,6.5170987509191036,6.6838,6.353152,2.7433,16134,0.001024,0.51072,,0.12287999999999999,0.359936,0,0.342016,0.008192,0.089343999999999993,,0.002304,,1.676544,8155,977,0,
8156,92.4082466978458,76114162583,1,6.08059810474515,5.6398,6.495232,2.2244,18203,0.001024,0.502528,,0.128768,0.36224,0,0.343808,0.007424,0.09267199999999999,,0.0025599999999999998,,2.040064,8156,978,0,
8157,92.414981696428569,76114218981,1,6.7349984310567379,6.1281,6.050304,2.7894,15763,0.000768,0.50969599999999993,,0.128768,0.353024,0,0.334848,0.0076799999999999993,0.093183999999999989,,0.002304,,1.841664,8157,979,0,
8158,92.421421400226748,76114280262,1,6.4397039823234081,6.8712,6.736384,2.481,18255,0.001024,0.505088,,0.1216,0.36070399999999997,0,0.34304,0.007936,0.09267199999999999,,0.002048,,2.054144,8158,980,0,
8159,92.427750999149652,76114348974,1,6.3295988366007805,6.8012,6.340352,2.124,15763,0.001024,0.50944,,0.1216,0.357888,0,0.340736,0.0076799999999999993,0.094208,,0.002048,,1.94816,8159,981,0,
8160,92.434225800736954,76114416986,1,6.4748018048703671,5.7219,6.395648,2.7461,18323,0.001024,0.622848,,0.12057599999999999,0.72217599999999993,0,0.336896,0.009984,0.092159999999999992,,0.0025599999999999998,,1.675776,8160,982,0,
8161,92.441408595521537,76114474205,1,7.1827946230769157,6.5697,6.44608,2.4188,16110,0.001024,0.507392,,0.1216,0.7168,0,0.32896,0.450816,0.116224,,0.002816,,1.672704,8161,983,0,
8162,92.447678096655324,76114539902,1,6.269501056522131,6.0695,7.181056,1.8631,18203,0.001024,0.507648,,0.12057599999999999,1.0816,0,0.430336,0.009216,0.089343999999999993,,0.004096,,2.002944,8162,984,0,
8163,92.45444730017006,76114600597,1,6.7692035809159279,6.7403,6.246656,3.0041,33334,0.001024,0.50892799999999994,,0.120832,0.36531199999999997,0.000256,0.34687999999999997,0.008704,0.09344,,0.002304,,2.021376,8163,985,0,
8164,92.460472696995467,76114668000,1,6.025396753102541,6.9659,6.741504,2.4343,32588,0.001024,0.50688,,0.12185599999999999,0.729344,0.000256,0.33228799999999997,0.004352,0.097279999999999991,,0.002816,,2.228736,8164,986,0,
8165,92.46675119756236,76114737659,1,6.27850042656064,6.3439,6.015744,2.6839,15763,0.001024,0.504832,,0.121088,0.350464,0,0.332544,0.0076799999999999993,0.090112,,0.002048,,1.8890239999999998,8165,987,0,
8166,92.4731584963152,76114801098,1,6.4072986133396626,6.753,6.258176,2.3432,18203,0.000768,0.50636799999999993,,0.12185599999999999,0.35020799999999996,0,0.332032,0.007424,0.089855999999999991,,0.002304,,1.887232,8166,988,0,
8167,92.479732596371875,76114868628,1,6.5740998834371567,5.8878,6.394624,2.8783,15763,0.001024,0.50432,,0.120832,0.71424,0.000256,0.69631999999999994,0.007936,0.090624,,0.0025599999999999998,,1.879552,8167,989,0,
8168,92.486066794217678,76114927506,1,6.3341977074742317,6.5866,6.55232,2.5861,35774,0.001024,0.50892799999999994,,0.122112,0.357888,0,0.340736,0.003072,0.092416,,0.002304,,2.126592,8168,990,0,
8169,92.492802799036284,76114993372,1,6.73600472509861,6.4087,6.309376,2.5086,30148,0.001024,0.510208,,0.122112,0.356608,0,0.33894399999999997,0.0076799999999999993,0.087039999999999992,,0.002048,,1.872128,8169,991,0,
8170,92.499218700396824,76115057459,1,6.4159012399613857,6.1998,6.73152,3.5105,18203,0.001024,0.508672,,0.1216,0.36096,0,0.343296,0.009472,0.096,,0.002048,,1.8775039999999998,8170,992,0,
8171,92.507095096371884,76115119457,1,7.8763961791992188,7.6578,6.352384,2.5734,15763,0.001024,0.508672,,0.1216,0.36096,0,0.343296,0.009472,0.096,,0.002048,,1.8775039999999998,8171,993,0,
8172,92.515087599206339,76115196035,1,7.9925032332539558,6.092,6.316288,3.1222,18203,0.001024,0.509184,,0.1216,0.355072,0,0.33766399999999996,0.003328,0.094975999999999991,,0.002048,,2.0974079999999997,8172,994,0,
8173,92.525808297902486,76115256955,1,10.720699094235897,6.4014,6.144,2.5336,18203,0.001024,0.509184,,0.1216,0.355072,0,0.33766399999999996,0.003328,0.094975999999999991,,0.002048,,2.0974079999999997,8173,995,0,
8174,92.534126197562358,76115320969,1,8.3178998902440071,8.2162,6.198784,3.0492,33334,0.001024,0.508672,,0.12185599999999999,0.35968,0,0.34176,0.0076799999999999993,0.091392,,0.002048,,1.873152,8174,996,0,
8175,92.5423345946712,76115403131,1,8.2083968445658684,10.2321,5.622528,2.1408,32790,0.001024,0.508672,,0.12185599999999999,0.35968,0,0.34176,0.0076799999999999993,0.091392,,0.002048,,1.873152,8175,997,0,
8176,92.561425297619039,76115505452,1,19.090702757239342,8.6598,6.38336,2.1112,33334,0.001024,0.621312,,0.122112,0.355584,0,0.337408,0.007936,0.098816,,0.002304,,2.225408,8176,998,0,
8177,92.567674100056692,76115592050,1,6.248802412301302,7.9337,6.207232,2.6988,32588,0.001024,0.520192,,0.12287999999999999,0.355584,0.000256,0.33766399999999996,0.007936,0.09088,,0.002048,,2.08128,8177,999,0,
8178,92.573884098639454,76115671387,1,6.2099983915686607,8.7533,6.057216,2.7562,15763,0.001024,0.512768,,0.12236799999999999,0.36224,0,0.344576,0.007936,0.090624,,0.002304,,1.673984,8178,1000,0,
8179,92.5799751984127,76115758920,1,6.0910996980965137,19.7569,5.842176,2.9325,18203,0.001024,0.507136,,0.12236799999999999,0.352,0,0.333824,0.003328,0.09548799999999999,,0.002304,,1.865216,8179,1001,0,
8180,92.586553897392292,76115956489,1,6.5786987543106079,5.8174,6.079232,2.8596,18975,0.001024,0.619776,,0.122112,0.35609599999999997,0.000256,0.338176,0.0076799999999999993,0.093952,,0.002048,,1.884672,8180,1002,0,
8181,92.593279896541944,76116014663,1,6.7259990610182285,5.789,6.559488,2.8758,18203,0.001024,0.51225599999999993,,0.122112,0.686336,0,0.324096,0.00896,0.097279999999999991,,0.0025599999999999998,,2.227712,8181,1003,0,
8182,92.599270797902491,76116072553,1,5.9909014962613583,5.5948,6.619648,2.6256,15763,0.001024,0.502016,,0.12057599999999999,0.35712,0.000256,0.3392,0.003584,0.090624,,0.002048,,2.179072,8182,1004,0,
8183,92.605749794501136,76116128501,1,6.4789964817464352,6.6019,6.051328,2.5835,18203,0.001024,0.503296,,0.121344,0.35712,0,0.3392,0.0076799999999999993,0.091136,,0.002048,,1.873664,8183,1005,0,
8184,92.612107397959178,76116194520,1,6.3576032407581806,6.8014,6.466816,2.6414,15763,0.001024,0.61772799999999994,,0.35148799999999997,0.368896,0,0.34944,0.007936,0.08576,,0.0025599999999999998,,1.676544,8184,1006,0,
8185,92.617932695578233,76116262534,1,5.8252974413335323,6.0033,6.340608,2.8011,18203,0.000768,0.501248,,0.125184,0.35737599999999997,0,0.338432,0.007936,0.085504,,0.002304,,1.894912,8185,1007,0,
8186,92.624752097505663,76116322567,1,6.8194018676877022,6.9647,5.807616,2.9547,33386,0.001024,0.503296,,0.121088,0.344576,0,0.326656,0.0076799999999999993,0.088832,,0.002048,,1.6719359999999999,8186,1008,0,
8187,92.631178698979582,76116392214,1,6.42660167068243,5.436,6.67008,2.6168,32098,0.001024,0.50047999999999992,,0.126464,0.61516799999999994,0,0.323584,0.022015999999999997,0.087808,,0.0025599999999999998,,1.8752,8187,1009,0,
8188,92.637432298752827,76116446574,1,6.2535996548831463,5.793,6.536192,2.4568,15763,0.001024,0.49740799999999996,,0.121088,0.343296,0.000256,0.325376,0.007936,0.083712,,0.002048,,2.193408,8188,1010,0,
8189,92.643843494897951,76116504504,1,6.4111961983144283,7.5721,6.222848,2.3298,18405,0.001024,0.50432,,0.12032,0.349696,0,0.33228799999999997,0.0076799999999999993,0.083712,,0.002048,,2.247424,8189,1011,0,
8190,92.652572200963718,76116580225,1,8.7287062779068947,5.7007,6.399744,2.1492,15763,0.001024,0.50432,,0.12032,0.349696,0,0.33228799999999997,0.0076799999999999993,0.083712,,0.002048,,2.247424,8190,1012,0,
8191,92.658185799319725,76116637232,1,5.6135985068976879,7.2462,6.454016,3.4559,18203,0.001024,0.50047999999999992,,0.131584,0.355072,0.000256,0.336128,0.005888,0.086016,,0.0025599999999999998,,1.87136,8191,1013,0,
8192,92.665926594387756,76116709694,1,7.7407951466739178,7.8487,6.184192,3.3177,15763,0.001024,0.504832,,0.12339199999999999,0.35609599999999997,0,0.338688,0.0038399999999999997,0.09548799999999999,,0.002048,,1.6867839999999998,8192,1014,0,
8193,92.6721008999433,76116788181,1,6.1743054538965225,7.4204,6.542848,2.3494,18203,0.001024,0.513536,,0.12236799999999999,0.35456,0.000256,0.337152,0.007936,0.091648,,0.0025599999999999998,,1.675776,8193,1015,0,
8194,92.678738895975059,76116862385,1,6.6379960626363754,4.4734,6.172416,2.85,15763,0.000768,0.508416,,0.133888,0.36607999999999996,0.000256,0.347136,0.0076799999999999993,0.09267199999999999,,0.0025599999999999998,,1.672192,8194,1016,0,
8195,92.684698795351466,76116907119,1,5.9598991647362709,7.6308,6.61888,2.6817,18203,0.001024,0.507648,,0.12544,0.36224,0,0.34355199999999997,0.010752,0.091136,,0.0025599999999999998,,1.9010559999999999,8195,1017,0,
8196,92.691325899943308,76116983427,1,6.6271047107875347,6.4555,5.947904,2.3198,15763,0.001024,0.50636799999999993,,0.1216,0.66687999999999992,0,0.33228799999999997,0.004608,0.091392,,0.002816,,1.8677759999999999,8196,1018,0,
8197,92.698009098639446,76117047982,1,6.6831987351179123,6.4792,6.605824,3.0382,18203,0.0051199999999999996,0.51072,,0.130816,0.358912,0.000256,0.339968,0.0076799999999999993,0.09267199999999999,,0.0025599999999999998,,2.095104,8197,1019,0,
8198,92.704074000850341,76117112774,1,6.0649020597338676,6.0072,6.663936,2.6117,15763,0.001024,0.503552,,0.120832,0.551168,0,0.532736,0.0076799999999999993,0.091392,,0.002048,,2.013696,8198,1020,0,
8199,92.71070609410431,76117172846,1,6.6320933401584625,6.7392,6.044416,2.6286,18203,0.001024,0.500736,,0.119808,0.72883199999999992,0.000256,0.710912,0.007424,0.092928,,0.002816,,1.868032,8199,1021,0,
8200,92.717291000566888,76117240238,1,6.5849064849317074,6.0697,6.61888,3.1324,15763,0.001024,0.50688,,0.12236799999999999,0.359168,0.000256,0.341248,0.008192,0.092416,,0.002048,,2.032384,8200,1022,0,
8201,92.7235223993764,76117300935,1,6.2313987873494625,6.8525,6.56768,2.3447,18203,0.001024,0.622848,,0.476672,0.408832,0,0.388864,0.0038399999999999997,0.076544,,0.041984,,1.900544,8201,1023,0,
8202,92.729883198696143,76117369460,1,6.3607995398342609,5.7672,6.226944,2.8001,15763,0.001024,0.508416,,0.12057599999999999,0.349952,0.000256,0.33177599999999996,0.010496,0.091136,,0.002048,,1.876992,8202,1024,0,
8203,92.736293898809521,76117427132,1,6.4107002690434456,8.0053,6.326272,2.5194,18323,0.001024,0.505856,,0.121344,0.35328,0.000256,0.335872,0.007936,0.090624,,0.002048,,2.252288,8203,1025,0,
8204,92.742880094954643,76117507185,1,6.58619636669755,5.6353,6.392576,3.2487,15965,0.000768,0.508416,,0.120832,0.35072,0,0.3328,0.0076799999999999993,0.09472,,0.002048,,1.882112,8204,1026,0,
8205,92.749262195294776,76117563538,1,6.3821002840995789,6.6383,6.575872,3.0286,18203,0.001024,0.50432,,0.121344,0.359168,0,0.341504,0.003328,0.09267199999999999,,0.002304,,1.8828799999999999,8205,1027,0,
8206,92.755751594387746,76117629921,1,6.4893988892436028,6.9197,6.277376,2.0742,15763,0.001024,0.619008,,0.121344,0.36147199999999996,0,0.344064,0.007936,0.09548799999999999,,0.002048,,1.9581439999999999,8206,1028,0,
8207,92.76241559665533,76117699118,1,6.664002314209938,5.5986,6.562816,2.4991,18203,0.001024,0.505344,,0.128,0.36403199999999997,0.000256,0.345344,0.007424,0.08832,,0.0025599999999999998,,1.6737279999999999,8207,1029,0,
8208,92.768405796485254,76117755104,1,5.9901997447013855,6.9841,6.656,2.9749,15763,0.001024,0.622336,,0.125696,0.348672,0.000256,0.329216,0.0076799999999999993,0.082688,,0.002816,,1.8808319999999998,8208,1030,0,
8209,92.77515299744897,76117824945,1,6.7472010850906372,6.0758,5.965056,2.554,18203,0.000768,0.508672,,0.12185599999999999,0.35328,0,0.33536,0.003584,0.083712,,0.002048,,1.9325439999999998,8209,1031,0,
8210,92.781760700113381,76117885703,1,6.6077024675905704,6.4734,6.724096,2.8457,15763,0.001024,0.509184,,0.125184,0.347136,0.000256,0.328704,0.007936,0.08524799999999999,,0.0025599999999999998,,1.868544,8210,1032,0,
8211,92.788090100623577,76117950437,1,6.3294004648923874,5.9602,6.588416,2.8143,18203,0.001024,0.617984,,0.1216,0.352512,0,0.33433599999999997,0.007424,0.088576,,0.002304,,2.066176,8211,1033,0,
8212,92.794520996315185,76118010039,1,6.4308955334126949,7.2076,6.27968,2.2647,18489,0.001024,0.504832,,0.121344,0.546304,0,0.33510399999999996,0.004608,0.091648,,0.002304,,2.302464,8212,1034,0,
8213,92.801286096938767,76118082115,1,6.7651006393134594,6.5459,6.441984,2.2954,18203,0.001024,0.50432,,0.124928,0.36096,0,0.342016,0.0076799999999999993,0.091392,,0.0025599999999999998,,1.935616,8213,1035,0,
8214,92.807177799036282,76118147574,1,5.8917021378874779,6.3572,6.699008,2.5629,15763,0.001024,0.506624,,0.121088,0.67123199999999994,0,0.29952,0.045056,0.089343999999999993,,0.003072,,1.948416,8214,1036,0,
8215,92.813841099773242,76118211146,1,6.6633005626499653,5.5851,5.932544,2.6221,18203,0.000768,0.506112,,0.1216,0.359168,0.000256,0.34099199999999996,0.008192,0.091392,,0.002048,,1.692928,8215,1037,0,
8216,92.820041999716551,76118266997,1,6.2008998356759548,7.4919,6.572032,2.7575,15763,0.001024,0.508416,,0.3136,0.358912,0,0.33408,0.0076799999999999993,0.089088,,0.002304,,1.8890239999999998,8216,1038,0,
8217,92.826300800736959,76118341916,1,6.2588010914623737,7.0513,6.25024,2.4285,18255,0.001024,0.50636799999999993,,0.1216,0.556288,0,0.538368,0.0076799999999999993,0.089855999999999991,,0.002304,,1.98912,8217,1039,0,
8218,92.832634594671191,76118412429,1,6.3337939791381359,5.3344,6.240256,2.8994,15763,0.001024,0.507904,,0.1216,0.35737599999999997,0.000256,0.3392,0.003328,0.09036799999999999,,0.002048,,2.260992,8218,1040,0,
8219,92.843396194727887,76118465773,1,10.761599987745285,6.0339,6.313728,2.3592,18405,0.001024,0.507904,,0.1216,0.35737599999999997,0.000256,0.3392,0.003328,0.09036799999999999,,0.002048,,2.260992,8219,1041,0,
8220,92.8485433956916,76118526112,1,5.1472010090947151,6.1241,6.487808,3.0887,15763,0.001024,0.50636799999999993,,0.12544,0.351744,0,0.333312,0.008192,0.088832,,0.0025599999999999998,,1.9642879999999998,8220,1042,0,
8221,92.855617198129252,76118587353,1,7.0738024078309536,12.1789,6.0672,2.4462,18203,0.001024,0.50892799999999994,,0.123136,0.354304,0.000256,0.336128,0.0076799999999999993,0.089343999999999993,,0.002048,,1.90208,8221,1043,0,
8222,92.861372300170061,76118709142,1,5.7551022619009018,5.2655,7.003136,2.2938,15763,0.000768,0.508672,,0.501248,0.430336,0,0.40499199999999996,0.007936,0.089088,,0.0025599999999999998,,2.0369919999999997,8222,1044,0,
8223,92.867820698696136,76118761797,1,6.4483983442187309,5.3385,5.784064,2.7599,18203,0.001024,0.506112,,0.120832,0.354304,0,0.33664,0.005888,0.094975999999999991,,0.002048,,1.894912,8223,1045,0,
8224,92.874502799036279,76118815182,1,6.6821002401411533,7.1399,6.66112,3.1934,15763,0.001024,0.508416,,0.1216,0.355584,0,0.33766399999999996,0.003328,0.092416,,0.002048,,1.874944,8224,1046,0,
8225,92.88079589710884,76118886581,1,6.2930979765951633,6.0401,,2.7026,18203,0.001024,0.508416,,0.1216,0.355584,0,0.33766399999999996,0.003328,0.092416,,0.002048,,1.874944,8225,1047,0,
8226,92.887578996598634,76118946982,1,6.7830993793904781,7.4201,6.115072,2.3794,15883,0.001024,0.509952,,0.12236799999999999,0.350464,0,0.3328,0.007936,0.087296,,0.002304,,1.672192,8226,1048,0,
8227,92.89410970096371,76119021183,1,6.5307044424116611,6.8756,6.779648,2.9775,18203,0.001024,0.50432,,0.130816,0.35712,0,0.33792,0.008704,0.0832,,0.0025599999999999998,,2.436864,8227,1049,0,
8228,92.900460196995468,76119089939,1,6.3504958525300026,5.6054,6.503168,2.8239,16134,0.001024,0.618752,,0.121344,0.704,0,0.334848,0.004096,0.091136,,0.002816,,2.0152319999999997,8228,1050,0,
8229,92.906728897392284,76119145993,1,6.268700584769249,6.4337,6.324224,2.367,18203,0.001024,0.505344,,0.1216,0.3584,0,0.34022399999999997,0.007936,0.09267199999999999,,0.002048,,1.67552,8229,1051,0,
8230,92.913051799886617,76119210330,1,6.3229026272892952,6.1853,6.257664,2.7644,15763,0.001024,0.505856,,0.128,0.35584,0,0.337408,0.0076799999999999993,0.089343999999999993,,0.0025599999999999998,,1.898496,8230,1052,0,
8231,92.919999900793641,76119272183,1,6.9481008686125278,7.0333,6.205184,3.2057,18203,0.000768,0.509184,,0.122624,0.35020799999999996,0,0.332544,0.0038399999999999997,0.088576,,0.002304,,1.852928,8231,1053,0,
8232,92.926537599206341,76119342516,1,6.5376982092857361,5.798,6.865152,2.7857,15763,0.001024,0.509184,,0.131072,0.354048,0.000256,0.33433599999999997,0.006912,0.09088,,0.0025599999999999998,,2.031616,8232,1054,0,
8233,92.933261699263028,76119400496,1,6.7241000942885876,6.3864,6.578176,2.2054,18203,0.001024,0.509184,,0.1216,0.358656,0.000256,0.34099199999999996,0.0097279999999999988,0.093183999999999989,,0.002048,,2.026752,8233,1055,0,
8234,92.939948795351469,76119464360,1,6.6870963200926781,6.9541,6.701056,3.054,15763,0.001024,0.507904,,0.1216,0.35737599999999997,0,0.33971199999999996,0.009472,0.09088,,0.002048,,2.134784,8234,1056,0,
8235,92.94664539399092,76119533901,1,6.69659860432148,6.5241,6.671872,2.3472,18550,0.001024,0.502528,,0.121344,0.357888,0,0.34048,0.007936,0.090112,,0.002048,,1.6770559999999999,8235,1057,0,
8236,92.954573497732426,76119599142,1,7.9281041398644447,6.4183,6.388992,2.8224,15763,0.001024,0.506624,,0.12185599999999999,0.540416,0.000256,0.33971199999999996,0.010496,0.091648,,0.002304,,2.02752,8236,1058,0,
8237,92.962754797335592,76119663325,1,8.181300014257431,6.2285,6.836224,3.5838,18203,0.001024,0.505344,,0.127488,0.369664,0,0.351744,0.003328,0.09344,,0.002304,,2.056704,8237,1059,0,
8238,92.969670698696135,76119725610,1,6.9159013219177723,9.9856,6.907392,2.9613,15763,0.001024,0.508672,,0.122624,0.347392,0.000256,0.329472,0.0076799999999999993,0.08806399999999999,,0.002304,,1.678848,8238,1060,0,
8239,92.976475800736964,76119825466,1,6.8051018752157688,6.1248,6.889984,3.123,18203,0.001024,0.621312,,0.12339199999999999,0.35712,0,0.338176,0.003328,0.093183999999999989,,0.002816,,2.2878719999999997,8239,1061,0,
8240,92.983170096371879,76119886714,1,6.6942954435944557,7.4353,6.782976,2.7042,15763,0.001024,0.506112,,0.1216,0.71551999999999993,0,0.69708799999999993,0.007936,0.090112,,0.0025599999999999998,,2.0441599999999998,8240,1062,0,
8241,92.990110494614513,76119961067,1,6.9403983652591705,6.6563,6.628608,3.5266,18203,0.001024,0.50816,,0.305408,0.72038399999999991,0,0.329216,0.010239999999999999,0.091904,,0.002816,,2.070016,8241,1063,0,
8242,92.9970049957483,76120027630,1,6.8945009261369705,8.4993,5.63072,2.7482,15763,0.001024,0.50969599999999993,,0.122624,0.357632,0.000256,0.339456,0.003584,0.100864,,0.002048,,1.672448,8242,1064,0,
8243,93.004569997165532,76120112623,1,7.5650014914572239,5.1143,6.01728,3.5735,18203,0.000768,0.506112,,0.121088,0.35456,0,0.33664,0.011007999999999999,0.089343999999999993,,0.002304,,1.6883199999999998,8243,1065,0,
8244,93.011037797619039,76120163766,1,6.4678005874156952,8.586,6.241792,2.5891,15763,0.002048,0.508416,,0.12236799999999999,0.36275199999999996,0,0.34483199999999997,0.007936,0.091392,,0.0025599999999999998,,1.67552,8244,1066,0,
8245,93.018065596655319,76120249626,1,7.0277992635965347,6.104,6.445056,3.5436,18203,0.001024,0.506112,,0.127744,0.35276799999999997,0,0.334592,0.007424,0.09036799999999999,,0.002304,,1.898752,8245,1067,0,
8246,93.025219394841272,76120310666,1,7.15379836037755,7.6994,6.253568,2.8348,15763,0.001024,0.504832,,0.306432,0.3584,0,0.339456,0.0076799999999999993,0.086016,,0.002304,,2.118144,8246,1068,0,
8247,93.0370713010204,76120387660,1,11.851905845105648,5.7587,7.130112,3.0984,18375,0.001024,0.504832,,0.306432,0.3584,0,0.339456,0.0076799999999999993,0.086016,,0.002304,,2.118144,8247,1069,0,
8248,93.04392989654194,76120445247,1,6.85859564691782,6.7558,6.4704,2.8674,18405,0.001024,0.504832,,0.121344,0.35814399999999996,0,0.34022399999999997,0.0076799999999999993,0.093696,,0.002048,,2.05312,8248,1070,0,
8249,93.051350198412692,76120512805,1,7.420301903039217,7.6688,6.316544,3.095,15763,0.001024,0.50636799999999993,,0.12236799999999999,0.346624,0,0.328704,0.007936,0.092416,,0.002048,,2.1524479999999997,8249,1071,0,
8250,93.0580095946712,76120589493,1,6.6593964584171772,12.8731,6.722304,2.5246,18203,0.001024,0.50892799999999994,,0.12185599999999999,0.3584,0,0.34022399999999997,0.007936,0.089343999999999993,,0.002304,,2.095872,8250,1072,0,
8251,93.0645093962585,76120718224,1,6.4998017624020576,5.3637,6.639104,2.5943,15763,0.001024,0.50816,,0.12236799999999999,0.361984,0,0.344064,0.003072,0.091904,,0.0025599999999999998,,2.05312,8251,1073,0,
8252,93.071268594104311,76120771861,1,6.7591979168355465,7.1684,6.483968,2.2462,18203,0.001024,0.507136,,0.127488,0.359936,0,0.34176,0.0076799999999999993,0.09267199999999999,,0.002048,,2.1155839999999997,8252,1074,0,
8253,93.0777785005669,76120843545,1,6.5099066123366356,6.7295,6.555904,2.7292,15763,0.001024,0.506624,,0.12057599999999999,0.35968,0,0.34227199999999997,0.0076799999999999993,0.090112,,0.002304,,2.0405759999999997,8253,1075,0,
8254,93.084420294784579,76120910840,1,6.6417939960956573,6.4872,6.477056,2.4019,18203,0.000768,0.504832,,0.121344,0.361728,0,0.344064,0.007936,0.09344,,0.002304,,1.672704,8254,1076,0,
8255,93.09116979875283,76120975712,1,6.749503780156374,6.5901,6.629632,2.6036,18855,0.001024,0.50559999999999994,,0.126464,0.36607999999999996,0.000256,0.347392,0.007936,0.093696,,0.0025599999999999998,,2.074112,8255,1077,0,
8256,93.097483297902485,76121041613,1,6.3134990632534027,6.4988,6.711808,3.3085,18203,0.004352,0.51148799999999994,,0.121344,0.686336,0,0.66867199999999993,0.0076799999999999993,0.089855999999999991,,0.002304,,2.131968,8256,1078,0,
8257,93.104055796485255,76121106601,1,6.5724984742701054,7.2879,6.2912,2.6142,15763,0.001024,0.50227199999999994,,0.121088,0.355328,0.000256,0.336896,0.0076799999999999993,0.089343999999999993,,0.002048,,2.276096,8257,1079,0,
8258,93.110987195294783,76121179480,1,6.9313989952206612,6.3204,6.554368,3.0697,18203,0.001024,0.504064,,0.121344,0.346368,0.000256,0.32896,0.007936,0.0896,,0.002048,,1.669632,8258,1080,0,
8259,93.1176214994331,76121242684,1,6.6343042999506,6.1303,6.91456,2.3547,15763,0.001024,0.508672,,0.129792,0.356608,0.000256,0.337152,0.007936,0.091648,,0.0025599999999999998,,1.84832,8259,1081,0,
8260,93.123874000850336,76121303987,1,6.2525016255676746,5.768,6.61248,2.7288,18203,0.001024,0.50380799999999992,,0.12057599999999999,0.690944,0.000256,0.673536,0.011776,0.09344,,0.0025599999999999998,,2.059008,8260,1082,0,
8261,93.13076070011337,76121361667,1,6.8866992369294167,7.3038,6.237184,2.8474,15763,0.000768,0.507904,,0.12057599999999999,0.35942399999999997,0,0.341248,0.007936,0.091392,,0.002048,,2.06208,8261,1083,0,
8262,93.13678699688208,76121434705,1,6.0262968763709068,7.6725,6.85696,3.0963,18203,0.000768,0.507392,,0.1216,0.794624,0,0.327424,0.007168,0.09856,,0.002816,,2.2545919999999997,8262,1084,0,
8263,93.14341240079365,76121511430,1,6.6254041157662868,5.4774,6.025472,2.9023,15965,0.001024,0.6208,,0.12825599999999998,0.666624,0.000256,0.648448,0.010239999999999999,0.08294399999999999,,0.0025599999999999998,,1.9379199999999999,8263,1085,0,
8264,93.16292609835601,76121566204,1,19.513698294758797,7.5275,6.612736,2.5792,18203,0.001024,0.6208,,0.12825599999999998,0.666624,0.000256,0.648448,0.010239999999999999,0.08294399999999999,,0.0025599999999999998,,1.9379199999999999,8264,1086,0,
8265,93.168536196145126,76121641479,1,5.6100976653397083,6.0627,7.20512,2.6819,18203,0.001024,0.505856,,0.12723199999999998,0.36224,0,0.34355199999999997,0.0076799999999999993,0.087039999999999992,,0.002048,,1.96736,8265,1087,0,
8266,93.17597159863945,76121702106,1,7.4354023672640324,6.2359,6.184192,2.5532,15763,0.001024,0.50816,,0.120832,0.699136,0.000256,0.68121599999999993,0.0076799999999999993,0.09344,,0.0025599999999999998,,2.0840959999999997,8266,1088,0,
8267,93.1826001984127,76121764465,1,6.62859994918108,20.051,6.85568,2.4661,18203,0.001024,0.62976,,0.12236799999999999,0.36275199999999996,0,0.344576,0.007936,0.086272,,0.002048,,2.70208,8267,1089,0,
8268,93.189442396541949,76121964975,1,6.8421983160078526,4.7749,6.523136,2.1117,15883,0.001024,0.504832,,0.12057599999999999,0.355072,0,0.337408,0.003584,0.09267199999999999,,0.001792,,2.102016,8268,1090,0,
8269,93.196014094387749,76122012724,1,6.5716980025172234,7.7195,6.847232,2.1835,18203,0.001024,0.505344,,0.1216,0.365056,0,0.347392,0.003072,0.09088,,0.002304,,2.061568,8269,1091,0,
8270,93.20242230017007,76122089919,1,6.408205721527338,6.9019,6.600192,2.4131,15763,0.001024,0.498944,,0.12057599999999999,0.5504,0,0.53248,0.003328,0.09267199999999999,,0.002304,,1.8606079999999998,8270,1092,0,
8271,93.208693998015875,76122158938,1,6.2716980464756489,6.441,6.395392,2.4203,18203,0.001024,0.4992,,0.120832,0.353024,0.000256,0.33536,0.007424,0.092416,,0.002048,,2.2527999999999997,8271,1093,0,
8272,93.215166496598641,76122223348,1,6.472498644143343,6.0013,6.257152,2.6032,15763,0.001024,0.50432,,0.12006399999999999,0.349952,0.000256,0.33228799999999997,0.007936,0.091392,,0.002048,,2.0956159999999997,8272,1094,0,
8273,93.2216755952381,76122283361,1,6.5090986900031567,7.2021,6.459648,2.4665,18203,0.001024,0.50380799999999992,,0.12006399999999999,0.353792,0.000256,0.33664,0.007424,0.091136,,0.002304,,2.048512,8273,1095,0,
8274,93.228086897675738,76122355382,1,6.4113023690879345,6.2421,6.482944,2.3105,15763,0.001024,0.615424,,0.121088,0.35609599999999997,0,0.338688,0.0076799999999999993,0.089343999999999993,,0.002048,,2.0472319999999997,8274,1096,0,
8275,93.2345637967687,76122417803,1,6.4768991433084011,6.178,6.392576,3.0268,18255,0.001024,0.50432,,0.121088,0.709888,0,0.691456,0.0063999999999999994,0.092159999999999992,,0.002816,,1.67552,8275,1097,0,
8276,93.241278798185931,76122479583,1,6.7150015383958817,6.8607,6.45888,2.2055,15965,0.001024,0.508416,,0.131328,0.366848,0,0.347392,0.011007999999999999,0.09088,,0.0025599999999999998,,1.688064,8276,1098,0,
8277,93.247870698696147,76122548190,1,6.59190071746707,5.3253,6.70976,2.4779,18203,0.001024,0.505088,,0.126208,0.35456,0,0.33561599999999997,0.0076799999999999993,0.09036799999999999,,0.002816,,1.966592,8277,1099,0,
8278,93.254108595521544,76122601443,1,6.2378966249525547,6.6032,6.56512,2.5102,15763,0.001024,0.506624,,0.120832,0.59929599999999994,0,0.581376,0.0076799999999999993,0.09088,,0.002304,,2.004736,8278,1100,0,
8279,93.260586600056683,76122667475,1,6.47800462320447,6.921,6.226688,2.293,18203,0.001024,0.6208,,0.121088,0.362496,0,0.344576,0.0076799999999999993,0.089343999999999993,,0.002048,,2.088192,8279,1101,0,
8280,93.267586096938771,76122736685,1,6.9994968362152576,6.2193,6.44864,2.4333,15763,0.001024,0.506624,,0.1216,0.358912,0,0.341248,0.0076799999999999993,0.091136,,0.002048,,1.878272,8280,1102,0,
8281,93.273830399659857,76122798878,1,6.2443027272820473,6.1936,6.985984,2.612,18203,0.001024,0.50636799999999993,,0.120832,0.354304,0,0.33638399999999996,0.007936,0.09088,,0.002048,,1.9041279999999998,8281,1103,0,
8282,93.280441198979588,76122860814,1,6.6107991151511669,6.7384,6.221056,3.3799,15763,0.001024,0.507136,,0.12057599999999999,0.35942399999999997,0,0.34176,0.007936,0.092416,,0.002304,,1.905664,8282,1104,0,
8283,93.2863582979025,76122928198,1,5.9170988388359547,8.2741,,2.9087,18203,0.001024,0.507136,,0.12057599999999999,0.35942399999999997,0,0.34176,0.007936,0.092416,,0.002304,,1.905664,8283,1105,0,
8284,93.29810119756236,76123010939,1,11.742899194359779,6.3981,5.899264,6.3981,15763,0.001024,0.50636799999999993,,0.121344,0.353792,0,0.33536,0.003328,0.087808,,0.002304,,1.8521599999999998,8284,1106,0,
8285,93.304647597789113,76123074920,1,6.5464000217616558,6.3444,6.218496,1.7701,20929,0.001024,0.516096,,0.122624,0.349184,0,0.33100799999999997,0.008192,0.0896,,0.002304,,1.8593279999999999,8285,1107,0,
8286,93.311440100623585,76123138364,1,6.7925029434263706,6.0785,6.334464,3.6885,15763,0.001024,0.507904,,0.12057599999999999,0.6144,0,0.596224,0.006144,0.09472,,0.002816,,2.081792,8286,1108,0,
8287,93.3182924957483,76123199149,1,6.85239490121603,12.6549,5.91488,2.6929,18203,0.001024,0.51584,,0.122624,0.3584,0,0.34048,0.004096,0.093952,,0.002816,,1.8828799999999999,8287,1109,0,
8288,93.3246133999433,76123325698,1,6.32090400904417,4.9064,6.842624,2.8724,15763,0.001024,0.507904,,0.121344,0.686848,0,0.668416,0.0076799999999999993,0.096512,,0.0025599999999999998,,1.8959359999999998,8288,1110,0,
8289,93.332459800170071,76123374762,1,7.8464001417160034,7.2064,6.26944,3.4116,18203,0.001024,0.507392,,0.121344,0.347904,0.000256,0.33024,0.009984,0.086784,,0.002304,,1.923072,8289,1111,0,
8290,93.3390672973356,76123446826,1,6.6074971109628677,7.0875,7.177472,3.2687,15883,0.001024,0.50688,,0.127744,0.351232,0,0.3328,0.003072,0.088576,,0.002304,,2.0736,8290,1112,0,
8291,93.3452674957483,76123517701,1,6.2001985497772694,7.0974,6.680064,2.6957,18405,0.001024,0.50047999999999992,,0.128,0.35148799999999997,0,0.33305599999999996,0.003328,0.0896,,0.002048,,2.209536,8291,1113,0,
8292,93.351599000850342,76123588675,1,6.3315052539110184,7.0231,6.17856,3.0868,15763,0.001024,0.503552,,0.120832,0.541696,0,0.52403199999999994,0.003584,0.089343999999999993,,0.002304,,2.09024,8292,1114,0,
8293,93.358140398242625,76123658906,1,6.5413974225521088,6.2862,6.307072,3.3129,18203,0.001024,0.50688,,0.12185599999999999,0.355328,0,0.337408,0.008192,0.091392,,0.002048,,1.8373119999999998,8293,1115,0,
8294,93.364148299319723,76123721768,1,6.0079009272158146,7.209,6.136832,2.8788,15763,0.001024,0.513536,,0.12185599999999999,0.348416,0,0.33024,0.007936,0.08832,,0.002048,,1.677312,8294,1116,0,
8295,93.370585799319727,76123793858,1,6.4375000074505806,4.7862,5.951232,3.2075,18203,0.001024,0.502784,,0.121088,0.35712,0.000256,0.33971199999999996,0.003328,0.091392,,0.002048,,2.00704,8295,1117,0,
8296,93.376999794501131,76123841720,1,6.4139952883124352,6.9989,6.38976,2.1905,15763,0.001024,0.509184,,0.12236799999999999,0.35481599999999996,0.000256,0.336896,0.007936,0.089855999999999991,,0.002048,,2.020352,8296,1118,0,
8297,93.383639696712009,76123911709,1,6.639902014285326,5.7654,6.336256,2.5858,18203,0.001024,0.50432,,0.12672,0.35225599999999996,0,0.334848,0.0084479999999999989,0.093952,,0.002048,,2.00832,8297,1119,0,
8298,93.3901345946712,76123969363,1,6.49489788338542,6.3586,6.47424,2.7628,15763,0.001024,0.505088,,0.121344,0.36352,0,0.345856,0.008192,0.094975999999999991,,0.002048,,1.928192,8298,1120,0,
8299,93.39797789824263,76124032949,1,7.843303494155407,7.4298,,3.0126,18203,0.001024,0.505088,,0.121344,0.36352,0,0.345856,0.008192,0.094975999999999991,,0.002048,,1.928192,8299,1121,0,
8300,93.4034705994898,76124107247,1,5.4927011951804161,6.1729,6.51264,3.2166,16134,0.000768,0.62003199999999992,,0.1216,0.553728,0,0.535552,0.003328,0.088832,,0.002304,,2.0157439999999998,8300,1122,0,
8301,93.41149999999999,76124168976,1,8.0294003710150719,8.6837,6.17856,3.225,18203,0.001024,0.506624,,0.121344,0.353024,0,0.33536,0.003328,0.089855999999999991,,0.184832,,1.6803839999999999,8301,1123,0,
8302,93.417969196428572,76124255813,1,6.4691966399550438,5.8886,6.924032,2.7485,15763,0.001024,0.509952,,0.123136,0.906752,0,0.42112,0.0097279999999999988,0.091136,,0.0025599999999999998,,1.88544,8302,1124,0,
8303,93.425181696428567,76124314699,1,7.212500087916851,5.6531,6.440192,2.2766,18203,0.001024,0.508672,,0.120832,0.35225599999999996,0.000256,0.33433599999999997,0.003584,0.089855999999999991,,0.002048,,1.677312,8303,1125,0,
8304,93.432042899659862,76124371230,1,6.8612033501267433,6.9291,7.190272,2.3715,15763,0.001024,0.505856,,0.132096,0.35609599999999997,0,0.336896,0.007936,0.087551999999999991,,0.002816,,2.515456,8304,1126,0,
8305,93.438347300170065,76124440521,1,6.3044005073606968,6.3668,6.857216,3.2201,18255,0.001024,0.61952,,0.312064,0.35814399999999996,0,0.33971199999999996,0.007424,0.087296,,0.002304,,2.095104,8305,1127,0,
8306,93.445069196428562,76124504189,1,6.72189611941576,7.6637,6.293248,2.8916,16673,0.001024,0.50944,,0.121088,0.55808,0,0.53990399999999994,0.007936,0.092416,,0.002048,,2.038272,8306,1128,0,
8307,93.451548894557817,76124580826,1,6.4796982333064079,6.5913,6.689792,3.4498,52454,0.001024,0.50432,,0.121088,0.361984,0,0.344064,0.008192,0.092928,,0.002304,,2.0544,8307,1129,0,
8308,93.457943098072562,76124646739,1,6.3942032866179943,6.6925,6.474752,2.5234,15763,0.001024,0.509952,,0.1216,0.35072,0,0.332544,0.005888,0.089855999999999991,,0.002304,,1.879552,8308,1130,0,
8309,93.463781795634915,76124713664,1,5.8386977761983871,6.8603,6.381312,2.7392,18203,0.001024,0.505088,,0.120832,0.36096,0.000256,0.34355199999999997,0.007936,0.091904,,0.002048,,1.676032,8309,1131,0,
8310,93.470685196995461,76124782267,1,6.9034015759825706,5.8166,5.819904,2.2319,15763,0.001024,0.50892799999999994,,0.123136,0.35328,0,0.33561599999999997,0.0076799999999999993,0.089855999999999991,,0.002048,,1.67808,8310,1132,0,
8311,93.4770214994331,76124840433,1,6.3363024964928627,6.3025,6.83648,2.6174,18203,0.001024,0.505088,,0.48768,0.42547199999999996,0,0.405504,0.003072,0.089088,,0.0025599999999999998,,2.42944,8311,1133,0,
8312,93.483408198696139,76124903458,1,6.38669915497303,6.1962,6.348032,2.5607,15763,0.001024,0.507904,,0.121088,0.36224,0,0.344576,0.007424,0.092928,,0.002304,,1.89824,8312,1134,0,
8313,93.490116595804992,76124965420,1,6.708397064357996,6.5913,6.39744,2.5049,18203,0.001024,0.507392,,0.12057599999999999,0.35072,0.000256,0.33305599999999996,0.010239999999999999,0.093183999999999989,,0.002048,,1.6716799999999998,8313,1135,0,
8314,93.496561996882079,76125031333,1,6.445400882512331,5.862,6.692864,2.1786,15883,0.001024,0.507648,,0.12032,0.355072,0,0.337152,0.003328,0.089343999999999993,,0.002048,,1.6732159999999998,8314,1136,0,
8315,93.502874900793643,76125089953,1,6.3129039481282234,6.7758,6.426368,2.687,18203,0.001024,0.505344,,0.121088,0.736,0,0.340736,0.008704,0.091136,,0.002816,,2.0223999999999998,8315,1137,0,
8316,93.5090339994331,76125157711,1,6.159098818898201,7.8153,6.285056,2.6285,15763,0.001024,0.51072,,0.1216,0.349952,0,0.33228799999999997,0.0076799999999999993,0.089855999999999991,,0.002048,,1.677824,8316,1138,0,
8317,93.515560196995466,76125235864,1,6.5261977724730968,5.4969,6.146304,2.8591,18203,0.001024,0.507136,,0.126976,0.35276799999999997,0,0.334848,0.0076799999999999993,0.0896,,0.002048,,1.9458559999999998,8317,1139,0,
8318,93.522204294217687,76125290833,1,6.6440971568226814,6.7325,6.456064,2.8127,15763,0.001024,0.50380799999999992,,0.121344,0.717824,0,0.317952,0.022528,0.093183999999999989,,0.0025599999999999998,,2.054144,8318,1140,0,
8319,93.528893098072558,76125358158,1,6.6888039000332355,5.7335,6.68288,3.0968,18203,0.001024,0.618752,,0.12032,0.651776,0,0.386304,0.0051199999999999996,0.093183999999999989,,0.002816,,2.038528,8319,1141,0,
8320,93.534914696712008,76125415493,1,6.021598819643259,6.6939,6.662656,2.5982,15763,0.001024,0.50816,,0.1216,0.720896,0,0.70297599999999993,0.0076799999999999993,0.089855999999999991,,0.0025599999999999998,,2.09408,8320,1142,0,
8321,93.541414399092972,76125482432,1,6.4997025765478611,5.9254,6.00704,2.5555,18405,0.000768,0.507904,,0.12057599999999999,0.750336,0,0.33766399999999996,0.0097279999999999988,0.091136,,0.002816,,1.866496,8321,1143,0,
8322,93.548061897675737,76125541686,1,6.6474988125264645,7.6013,6.489088,2.5683,15763,0.001024,0.50816,,0.126208,0.350976,0.000256,0.33228799999999997,0.0076799999999999993,0.08832,,0.002816,,1.9297279999999999,8322,1144,0,
8323,93.554690100623574,76125617699,1,6.6282027401030064,5.6829,6.621696,2.5863,18203,0.001024,0.50559999999999994,,0.12057599999999999,0.54579199999999994,0,0.527872,0.007424,0.0896,,0.002304,,2.029568,8323,1145,0,
8324,93.560961096938769,76125674528,1,6.2709962949156761,6.1893,6.626304,2.5617,44693,0.000768,0.50816,,0.392192,0.373504,0,0.348416,0.005376,0.09344,,0.0025599999999999998,,1.88032,8324,1146,0,
8325,93.567308900226749,76125736421,1,6.3478033989667892,7.1164,6.241024,2.4803,18203,0.000768,0.507648,,0.120832,0.354048,0,0.336896,0.0076799999999999993,0.092416,,0.002304,,1.880576,8325,1147,0,
8326,93.573398596938773,76125807585,1,6.0896966606378555,6.3912,6.34496,2.7432,15763,0.001024,0.50559999999999994,,0.1216,0.35276799999999997,0,0.334848,0.0076799999999999993,0.091392,,0.002048,,1.880064,8326,1148,0,
8327,93.579820393990929,76125871497,1,6.421796977519989,7.4083,6.066688,2.9643,18203,0.001024,0.505088,,0.1216,0.356352,0.000256,0.338688,0.0076799999999999993,0.089855999999999991,,0.002304,,1.876224,8327,1149,0,
8328,93.58617909580498,76125945580,1,6.35870173573494,5.4032,6.350592,2.9745,15763,0.001024,0.50816,,0.1216,0.35456,0.000256,0.33664,0.007424,0.088832,,0.002048,,2.223872,8328,1150,0,
8329,93.592882596371879,76125999612,1,6.7035006359219551,6.5159,6.382592,2.9472,21295,0.001024,0.508416,,0.126208,0.36352,0,0.344576,0.007936,0.089855999999999991,,0.0025599999999999998,,1.888256,8329,1151,0,
8330,93.600803096655326,76126064771,1,7.9204998910427094,7.2468,6.686208,2.6646,15763,0.0051199999999999996,0.514304,,0.12236799999999999,0.353792,0.000256,0.33561599999999997,0.007936,0.09036799999999999,,0.002048,,2.166784,8330,1152,0,
8331,93.607450800736956,76126137239,1,6.6477041691541672,5.2171,6.131712,2.9854,18203,0.001024,0.506624,,0.1216,0.363776,0.000256,0.345856,0.007936,0.095232,,0.002048,,1.85472,8331,1153,0,
8332,93.613959700963719,76126189410,1,6.5089003182947636,9.8593,6.324224,2.3756,15763,0.001024,0.508416,,0.31104,0.35481599999999996,0.000256,0.33766399999999996,0.0076799999999999993,0.089088,,0.002304,,2.106112,8332,1154,0,
8333,93.620600999149659,76126288003,1,6.6412980668246746,5.2813,6.556928,2.5008,18203,0.001024,0.508416,,0.130304,0.356608,0.000256,0.33792,0.0076799999999999993,0.089088,,0.002816,,1.859584,8333,1155,0,
8334,93.627035395408157,76126340816,1,6.4343963749706745,6.5317,6.62016,2.0994,15763,0.001024,0.50816,,0.12287999999999999,0.359168,0.000256,0.341504,0.007936,0.0896,,0.002304,,2.408192,8334,1156,0,
8335,93.633525694444444,76126406133,1,6.4902990125119686,6.2379,6.357504,2.5252,18550,0.001024,0.62003199999999992,,0.12057599999999999,0.35225599999999996,0,0.33433599999999997,0.007936,0.094208,,0.002304,,1.672704,8335,1157,0,
8336,93.64026749574829,76126468512,1,6.7418012768030167,6.558,6.52416,2.4427,15815,0.001024,0.50688,,0.121088,0.364544,0,0.34687999999999997,0.007936,0.092928,,0.002048,,1.671424,8336,1158,0,
8337,93.646851799886619,76126534092,1,6.5843039192259312,6.4274,6.72512,2.3884,18405,0.001024,0.50969599999999993,,0.12185599999999999,0.355584,0,0.338176,0.003328,0.08832,,0.002048,,1.672704,8337,1159,0,
8338,93.653239200680275,76126598366,1,6.3874009065330029,5.7542,6.573312,2.4551,15883,0.001024,0.62105599999999994,,0.125696,0.355584,0,0.336128,0.0038399999999999997,0.108544,,0.0025599999999999998,,2.0288,8338,1160,0,
8339,93.659274298469384,76126655908,1,6.0350978747010231,6.7349,6.373632,2.1698,24004,0.001024,0.504576,,0.12415999999999999,0.358656,0,0.33971199999999996,0.005888,0.089855999999999991,,0.002816,,2.054144,8339,1161,0,
8340,93.6659718962585,76126723257,1,6.6975979134440422,6.7594,6.018048,2.7275,15763,0.000768,0.50816,,0.120832,0.598784,0,0.261888,0.096767999999999993,0.0896,,0.0025599999999999998,,1.67424,8340,1162,0,
8341,93.672493197278911,76126790851,1,6.5213008783757687,6.8725,6.67904,2.3368,18203,0.001024,0.505344,,0.32051199999999996,0.361728,0,0.341504,0.0076799999999999993,0.091904,,0.002048,,2.393088,8341,1163,0,
8342,93.679355094954644,76126859576,1,6.8618976511061192,5.8268,6.493952,2.8068,15763,0.001024,0.50816,,0.120832,0.75776,0,0.40499199999999996,0.0076799999999999993,0.093696,,0.0025599999999999998,,2.232064,8342,1164,0,
8343,93.6861339994331,76126917844,1,6.77890470251441,7.3821,6.8416,2.5864,20774,0.001024,0.507904,,0.1216,0.361984,0,0.34431999999999996,0.007936,0.087296,,0.002048,,1.8644479999999999,8343,1165,0,
8344,93.692501700680268,76126991665,1,6.3677011057734489,5.8942,6.769664,3.0145,19121,0.001024,0.505344,,0.12544,0.36019199999999996,0,0.34048,0.007936,0.08832,,0.0025599999999999998,,1.8890239999999998,8344,1166,0,
8345,93.6987589994331,76127050607,1,6.257298868149519,6.3762,6.342912,2.83,18203,0.001024,0.62105599999999994,,0.12185599999999999,0.351232,0,0.333312,0.003328,0.09344,,0.002304,,2.057728,8345,1167,0,
8346,93.705405399659867,76127114369,1,6.6464003175497055,8.0904,6.230784,2.4878999999999998,15763,0.001024,0.50944,,0.12185599999999999,0.350464,0,0.33228799999999997,0.003072,0.092928,,0.002304,,1.879552,8346,1168,0,
8347,93.711707100340135,76127195273,1,6.3017006032168865,5.4073,6.636288,2.3209,18203,0.001024,0.507392,,0.1216,0.360448,0,0.34227199999999997,0.003072,0.092416,,0.002048,,1.965824,8347,1169,0,
8348,93.718489299886613,76127249346,1,6.7821997217834,5.9023,6.289408,2.7072,15763,0.001024,0.50816,,0.12057599999999999,0.358656,0,0.34099199999999996,0.010239999999999999,0.092416,,0.002048,,1.958656,8348,1170,0,
8349,93.725523795351464,76127308369,1,7.03449547290802,6.9949,6.75456,2.8229,18203,0.001024,0.504576,,0.46771199999999996,0.41472,0,0.394752,0.007424,0.087039999999999992,,0.0025599999999999998,,1.891328,8349,1171,0,
8350,93.732122399376408,76127378318,1,6.5986039116978645,6.4374,7.012096,2.4709,15763,0.001024,0.62182399999999993,,0.289024,0.36224,0,0.344064,0.0076799999999999993,0.084992,,0.002816,,1.871872,8350,1172,0,
8351,93.738457199546488,76127442692,1,6.3348002731800079,7.4715,6.590208,2.4958,31671,0.001024,0.50688,,0.120832,0.55654399999999993,0,0.538368,0.0076799999999999993,0.089855999999999991,,0.002304,,2.033152,8351,1173,0,
8352,93.7454637967687,76127517407,1,7.0065972395241261,6.2848,6.317568,2.17,16110,0.001024,0.507904,,0.28287999999999996,0.364288,0,0.345856,0.006656,0.098048,,0.002304,,2.4166399999999997,8352,1174,0,
8353,93.752407695578228,76127580255,1,6.9438987411558628,6.5444,6.981376,2.3961,18203,0.001024,0.507648,,0.133632,0.364288,0,0.34559999999999996,0.003328,0.090112,,0.002816,,1.921792,8353,1175,0,
8354,93.758698596938771,76127645699,1,6.2909014523029327,6.4371,6.932736,2.3411,15763,0.001024,0.505088,,0.126464,0.57728,0,0.559616,0.0076799999999999993,0.090112,,0.002304,,1.97504,8354,1176,0,
8355,93.765453500566892,76127710070,1,6.7549035884439945,6.5817,6.272768,2.1693,22855,0.001024,0.505856,,0.120832,0.6016,0,0.34099199999999996,0.009216,0.087808,,0.002304,,1.9023359999999998,8355,1177,0,
8356,93.77185699404761,76127775887,1,6.403493694961071,7.3285,6.742784,2.2818,16895,0.001024,0.61670399999999992,,0.12057599999999999,0.35942399999999997,0,0.341504,0.0076799999999999993,0.088832,,0.002048,,2.46272,8356,1178,0,
8357,93.77836169926303,76127849172,1,6.5047051757574081,6.0162,6.380544,2.1766,18203,0.001024,0.502784,,0.121088,0.36019199999999996,0.000256,0.342784,0.007424,0.091392,,0.002304,,2.0121599999999997,8357,1179,0,
8358,93.784851998299317,76127909334,1,6.4902990125119686,6.7999,6.489856,2.2187,15763,0.001024,0.508672,,0.125696,0.363264,0,0.34483199999999997,0.003328,0.088832,,0.0025599999999999998,,1.676032,8358,1180,0,
8359,93.7917845946712,76127977333,1,6.9325962103903294,6.3746,6.463744,2.1435,18203,0.001024,0.507648,,0.575488,0.422656,0.000256,0.396544,0.012032,0.088832,,0.002816,,1.8874879999999998,8359,1181,0,
8360,93.798368799603168,76128041079,1,6.5842047333717346,6.4613,6.92224,2.9066,15763,0.001024,0.508672,,0.124416,0.35225599999999996,0,0.333568,0.003328,0.08806399999999999,,0.002816,,2.069248,8360,1182,0,
8361,93.804577494331056,76128105692,1,6.2086945399641991,7.0688,6.560512,2.3285,18323,0.001024,0.507392,,0.120832,0.35276799999999997,0,0.33510399999999996,0.007168,0.090624,,0.002048,,2.148352,8361,1183,0,
8362,93.810939895124719,76128176380,1,6.3624009490013123,6.0202,6.191616,2.944,18489,0.001024,0.50432,,0.12057599999999999,0.36275199999999996,0,0.34483199999999997,0.0076799999999999993,0.092416,,0.002304,,1.868544,8362,1184,0,
8363,93.817338194444446,76128236582,1,6.3982992433011532,7.415,6.346752,2.3392,18203,0.001024,0.504832,,0.1216,0.799488,0,0.34048,0.005632,0.093952,,0.0025599999999999998,,1.866496,8363,1185,0,
8364,93.823413697562358,76128310732,1,6.0755033046007156,5.707,6.38336,2.3906,15763,0.001024,0.61824,,0.12057599999999999,0.358656,0,0.34099199999999996,0.011264,0.09088,,0.002048,,1.89056,8364,1186,0,
8365,93.829657397959181,76128367802,1,6.2437006272375584,6.7567,6.061568,2.4872,18203,0.001024,0.50636799999999993,,0.1216,0.35968,0,0.342016,0.007936,0.09036799999999999,,0.002048,,1.876224,8365,1187,0,
8366,93.835740497448981,76128435369,1,6.0830996371805668,6.7305,6.22592,2.7573,15763,0.001024,0.509952,,0.121088,0.356608,0,0.33894399999999997,0.009984,0.090624,,0.002304,,2.23872,8366,1188,0,
8367,93.842362896825392,76128502674,1,6.62239920347929,5.4702,6.074368,2.588,18602,0.001024,0.50816,,0.12057599999999999,0.363008,0,0.345088,0.003328,0.0896,,0.002048,,1.89056,8367,1189,0,
8368,93.848342694160991,76128557376,1,5.9797973372042179,6.3934,6.534656,2.811,15763,0.001024,0.50944,,0.121344,0.349184,0,0.33152,0.0076799999999999993,0.08832,,0.002304,,2.441472,8368,1190,0,
8369,93.85465289824262,76128621310,1,6.3102040439844131,6.4411,6.018816,2.2568,18203,0.001024,0.50636799999999993,,0.120832,0.3584,0,0.34099199999999996,0.004352,0.090624,,0.002048,,1.6716799999999998,8369,1191,0,
8370,93.86096029620181,76128685721,1,6.3073979690670967,6.2777,6.298624,2.5518,15763,0.001024,0.50969599999999993,,0.12415999999999999,0.36147199999999996,0.000256,0.342528,0.0084479999999999989,0.092928,,0.0025599999999999998,,2.049792,8370,1192,0,
8371,93.86788949829932,76128748498,1,6.9292020052671432,6.1439,6.282496,2.5152,18203,0.001024,0.50688,,0.121088,0.484608,0,0.30259199999999997,0.032256,0.094208,,0.002816,,1.8844159999999999,8371,1193,0,
8372,93.874803096655327,76128809937,1,6.9135981611907482,6.0628,6.900736,2.982,15763,0.001024,0.505344,,0.120832,0.35942399999999997,0,0.341248,0.011007999999999999,0.092928,,0.002048,,1.8943999999999999,8372,1194,0,
8373,93.881252997448982,76128870565,1,6.4499005675315857,6.9729,6.92992,2.9342,18203,0.001024,0.503552,,0.121344,0.365824,0,0.347136,0.007936,0.089855999999999991,,0.002048,,1.898496,8373,1195,0,
8374,93.8879591978458,76128940294,1,6.7062005400657654,7.211,6.419712,2.9905,15763,0.001024,0.50816,,0.13183999999999998,0.348672,0,0.32972799999999997,0.010752,0.08832,,0.0025599999999999998,,2.1747199999999998,8374,1196,0,
8375,93.894669394841273,76129012404,1,6.71019684523344,6.1127,6.695936,2.3175,18203,0.001024,0.50816,,0.13183999999999998,0.348672,0,0.32972799999999997,0.010752,0.08832,,0.0025599999999999998,,2.1747199999999998,8375,1197,0,
8376,93.900898299319721,76129073531,1,6.2289047054946423,6.5306,6.686976,2.2396,15763,0.001024,0.508416,,0.121344,0.85094399999999992,0,0.30924799999999997,0.03712,0.096,,0.0025599999999999998,,2.041344,8376,1198,0,
8377,93.907547399376412,76129138837,1,6.6491002216935158,8.056,6.211072,2.2342,18574,0.001024,0.50944,,0.121344,0.359168,0,0.341248,0.012032,0.090112,,0.002048,,1.9363839999999999,8377,1199,0,
8378,93.91389739937641,76129219397,1,6.34999992325902,4.987,6.549248,2.3199,15763,0.001024,0.505088,,0.130304,0.357632,0,0.339456,0.0076799999999999993,0.087808,,0.0025599999999999998,,2.2745599999999997,8378,1200,0,
8379,93.919790894274371,76129269267,1,5.8934949338436127,6.8141,6.409728,2.5199,18203,0.001024,0.504576,,0.12236799999999999,0.3584,0,0.34048,0.007936,0.09036799999999999,,0.002048,,2.432768,8379,1201,0,
8380,93.9262045989229,76129337408,1,6.4137047156691551,6.6567,5.874176,2.1315,15763,0.001024,0.507136,,0.12185599999999999,0.349696,0,0.33177599999999996,0.004352,0.090624,,0.002304,,1.6734719999999998,8380,1202,0,
8381,93.932689200680272,76129403975,1,6.4846016466617584,5.4759,6.330112,2.2401,18203,0.001024,0.504576,,0.12236799999999999,0.351232,0,0.333312,0.007936,0.09344,,0.002048,,2.073344,8381,1203,0,
8382,93.9394080994898,76129458734,1,6.71889865770936,7.1115,6.536192,2.333,15763,0.001024,0.505344,,0.12723199999999998,0.35328,0.000256,0.33561599999999997,0.0076799999999999993,0.091136,,0.002048,,2.058496,8382,1204,0,
8383,93.946028897392281,76129529849,1,6.6207977943122387,6.4745,6.693376,2.5704,18550,0.001024,0.50432,,0.126976,0.358912,0,0.33971199999999996,0.0084479999999999989,0.087296,,0.002816,,1.6752639999999999,8383,1205,0,
8384,93.952592495748291,76129594594,1,6.5635982900857925,5.686,6.60992,2.4466,15763,0.001024,0.506112,,0.120832,0.35942399999999997,0,0.341504,0.0076799999999999993,0.090112,,0.002048,,2.0871679999999997,8384,1206,0,
8385,93.959126799886619,76129651454,1,6.53430400416255,6.4877,6.53824,2.6661,18323,0.001024,0.508416,,0.121088,0.361216,0.000256,0.34355199999999997,0.003328,0.088576,,0.002048,,2.198016,8385,1207,0,
8386,93.966136996882085,76129716331,1,7.0101968012750149,6.5251,6.521344,2.4346,15763,0.001024,0.507904,,0.13286399999999998,0.363776,0.000256,0.345344,0.0076799999999999993,0.090112,,0.002304,,1.82784,8386,1208,0,
8387,93.973041595804986,76129781582,1,6.9045987911522388,7.1257,6.990848,2.2504,18203,0.0012799999999999999,0.508416,,0.133632,0.576256,0,0.557568,0.0076799999999999993,0.093696,,0.002304,,2.648832,8387,1209,0,
8388,93.980258099489788,76129852839,1,7.216503843665123,6.3195,6.8928,3.2413,15763,0.001024,0.51072,,0.13312,0.729088,0,0.710144,0.0076799999999999993,0.094975999999999991,,0.002816,,1.958656,8388,1210,0,
8389,93.98672799744898,76129916034,1,6.4698979258537292,7.4172,7.193344,2.8417,18203,0.001024,0.504064,,0.121088,1.09696,0,1.07904,0.003328,0.089855999999999991,,0.0025599999999999998,,1.8744319999999999,8389,1211,0,
8390,93.993134899376415,76129990206,1,6.4069018699228764,6.7613,6.446336,2.3403,15763,0.001024,0.506112,,0.12185599999999999,0.35712,0,0.33971199999999996,0.007936,0.09344,,0.002048,,1.874944,8390,1212,0,
8391,93.999662599206346,76130057819,1,6.5276999957859516,6.9699,6.396672,3.1388,18203,0.001024,0.504064,,0.120832,0.364288,0.000256,0.346112,0.007936,0.0896,,0.002304,,2.190336,8391,1213,0,
8392,94.006287195294775,76130127518,1,6.6245961934328079,6.9407,6.455808,3.1753999999999998,15763,0.001024,0.507136,,0.1216,0.350464,0,0.332544,0.0076799999999999993,0.092928,,0.002048,,1.8895359999999999,8392,1214,0,
8393,94.013222796201816,76130196925,1,6.9356011226773262,6.7164,6.436864,3.8512,18203,0.001024,0.50969599999999993,,0.12287999999999999,0.357632,0,0.3392,0.007936,0.08832,,0.002304,,1.691136,8393,1215,0,
8394,94.019706795634917,76130264089,1,6.4839995466172695,7.647,6.245376,2.9354,15763,0.001024,0.51712,,0.122112,0.570368,0,0.3392,0.005376,0.0896,,0.002048,,2.041088,8394,1216,0,
8395,94.027667198129251,76130340559,1,7.9604024067521095,6.0211,6.464768,3.521,18203,0.000768,0.508672,,0.131072,0.352,0,0.33305599999999996,0.007936,0.089855999999999991,,0.0025599999999999998,,1.90848,8395,1217,0,
8396,94.034293296485259,76130400770,1,6.6260984167456627,7.746,6.46144,1.8724,15763,0.001024,0.507904,,0.122624,0.522496,0,0.34355199999999997,0.0076799999999999993,0.09267199999999999,,0.002304,,2.083328,8396,1218,0,
8397,94.041663697562356,76130478230,1,7.3704011738300323,4.6158,6.597632,2.1918,18405,0.001024,0.504064,,0.120832,0.377088,0,0.35942399999999997,0.0084479999999999989,0.087039999999999992,,0.0038399999999999997,,1.6934399999999998,8397,1219,0,
8398,94.047755399659863,76130524388,1,6.09170226380229,7.6614,7.238144,2.2934,15815,0.001024,0.505856,,0.768512,0.44927999999999996,0,0.424448,0.00896,0.086528,,0.004352,,2.0608,8398,1220,0,
8399,94.05436479591836,76130601002,1,6.6093960776925087,6.684,6.190848,2.2076,18203,0.001024,0.506624,,0.121088,0.357632,0.000256,0.33971199999999996,0.006912,0.089855999999999991,,0.002048,,2.268928,8399,1221,0,
8400,94.060924298469388,76130667842,1,6.5595023334026337,8.7486,6.594304,2.9804,15763,0.001024,0.50816,,0.121088,0.72140799999999994,0,0.703232,0.003072,0.096,,0.0025599999999999998,,2.1391359999999997,8400,1222,0,
8401,94.0674808956916,76130755328,1,6.5565970726311207,4.942,6.531584,2.4502,18203,0.001024,0.62003199999999992,,0.12057599999999999,0.361216,0,0.34355199999999997,0.39372799999999997,0.094208,,0.002816,,1.8808319999999998,8401,1223,0,
8402,94.073572895408162,76130804748,1,6.09199982136488,6.4235,6.539008,2.2047,15763,0.001024,0.50816,,0.121088,0.354048,0,0.33638399999999996,0.005632,0.094208,,0.002048,,2.06848,8402,1224,0,
8403,94.080337096088428,76130868983,1,6.7642005160450935,6.3628,6.073088,2.2435,18203,0.001024,0.50559999999999994,,0.121088,0.359936,0,0.34176,0.0076799999999999993,0.090112,,0.002304,,1.676288,8403,1225,0,
8404,94.087460898526075,76130932611,1,7.1238023228943348,6.2339,6.750464,2.1116,15763,0.001024,0.506112,,0.12467199999999999,0.686592,0.000256,0.667648,0.007424,0.091648,,0.0025599999999999998,,1.9141119999999998,8404,1226,0,
8405,94.093968898809521,76130994950,1,6.5080001950263977,5.9797,7.097344,2.3309,21295,0.001024,0.50688,,0.120832,0.34687999999999997,0.000256,0.329472,0.005376,0.105984,,0.002048,,1.6919039999999999,8405,1227,0,
8406,94.100693098072554,76131054747,1,6.7241992801427841,7.1994,6.481408,2.3054,15763,0.000768,0.504576,,0.121088,0.358656,0,0.341248,0.0084479999999999989,0.086784,,0.002048,,2.280448,8406,1228,0,
8407,94.106869600340133,76131126741,1,6.17650244385004,8.0011,6.722048,2.2599,18203,0.001024,0.505344,,0.128512,0.352512,0,0.333568,0.00896,0.09036799999999999,,0.002816,,2.2079999999999997,8407,1229,0,
8408,94.11266060090702,76131206752,1,5.7910005562007427,5.3563,6.147584,2.4907,15883,0.001024,0.505088,,0.120832,0.351232,0,0.33305599999999996,0.007936,0.091648,,0.002048,,2.0928,8408,1230,0,
8409,94.119950694444441,76131260315,1,7.2900936938822269,7.1605,5.780224,2.5954,18203,0.001024,0.50688,,0.12057599999999999,0.56319999999999992,0,0.33228799999999997,0.00896,0.089343999999999993,,0.002304,,1.8826239999999999,8409,1231,0,
8410,94.126388399943309,76131331920,1,6.4377053640782833,6.6681,7.220992,2.5848,15763,0.0025599999999999998,0.50892799999999994,,0.134912,0.374784,0,0.35584,0.00896,0.088576,,0.003584,,2.078976,8410,1232,0,
8411,94.132759800170064,76131398601,1,6.3714003190398216,5.2433,6.468864,2.3365,18203,0.001024,0.507648,,0.122112,0.364544,0.000256,0.346112,0.0038399999999999997,0.093696,,0.002048,,2.0544,8411,1233,0,
8412,94.139445195578233,76131451034,1,6.6853952594101429,7.603,6.342912,2.4919,15763,0.001024,0.510976,,0.126464,0.355072,0,0.337408,0.003584,0.093183999999999989,,0.002048,,2.422272,8412,1234,0,
8413,94.146087294501129,76131527064,1,6.6420990042388439,6.7498,6.689024,2.1943,18405,0.001024,0.507392,,0.120832,0.355072,0,0.337408,0.0051199999999999996,0.092416,,0.002304,,1.672704,8413,1235,0,
8414,94.152698894557815,76131594562,1,6.6116000525653362,5.8875,6.624768,2.1739,15763,0.001024,0.50969599999999993,,0.120832,0.3584,0,0.34048,0.0076799999999999993,0.090624,,0.002304,,2.086656,8414,1236,0,
8415,94.158816999716549,76131653437,1,6.1181052587926388,6.3281,6.58176,2.7193,18203,0.001024,0.506624,,0.128512,0.356352,0,0.338688,0.0076799999999999993,0.0896,,0.002304,,2.0392959999999998,8415,1237,0,
8416,94.165471095521539,76131716718,1,6.6540958359837532,6.5804,6.03392,2.3847,15763,0.001024,0.505856,,0.121344,0.349184,0,0.33152,0.0076799999999999993,0.089088,,0.002304,,1.677312,8416,1238,0,
8417,94.172024496882088,76131782522,1,6.5534012392163277,7.4171,6.721024,3.6051,18203,0.001024,0.508672,,0.121344,0.358656,0,0.340736,0.006912,0.088832,,0.002048,,2.039552,8417,1239,0,
8418,94.178915695861676,76131856693,1,6.8911989219486713,6.1477,6.513408,3.1134,15763,0.001024,0.50636799999999993,,0.121344,0.35276799999999997,0,0.334592,0.0076799999999999993,0.09472,,0.002304,,2.2768639999999998,8418,1240,0,
8419,94.186079195011331,76131918170,1,7.1634990163147449,7.4394,6.870784,3.3948,18203,0.001024,0.51558399999999993,,0.131584,0.361728,0,0.342016,0.0076799999999999993,0.088832,,0.0025599999999999998,,1.856512,8419,1241,0,
8420,94.192789399092973,76131992564,1,6.7102042958140373,5.684,7.028736,3.495,15763,0.001024,0.507648,,0.130304,0.349696,0,0.33024,0.003584,0.0896,,0.002816,,1.9174399999999998,8420,1242,0,
8421,94.199262195294779,76132049404,1,6.4727962017059326,8.5183,6.363136,1.8554,18203,0.001024,0.50969599999999993,,0.122624,0.34944,0,0.33177599999999996,0.009216,0.089343999999999993,,0.002304,,1.679872,8421,1243,0,
8422,94.206191794217688,76132134587,1,6.9295987486839294,4.9664,6.422528,2.3918,15763,0.001024,0.506112,,0.120832,0.73881599999999992,0,0.313344,0.031487999999999995,0.088576,,0.006144,,2.004992,8422,1244,0,
8423,94.212481894841261,76132184251,1,6.2901005148887634,7.0005,6.952192,2.2105,18203,0.001024,0.50432,,0.121088,0.362496,0,0.34431999999999996,0.007424,0.092159999999999992,,0.002304,,2.566656,8423,1245,0,
8424,94.219108801020411,76132254256,1,6.6269063390791416,6.3625,6.267648,3.3099,15763,0.001024,0.61849599999999993,,0.120832,0.344064,0,0.32639999999999997,0.003328,0.085504,,0.002304,,1.67936,8424,1246,0,
8425,94.22604720096372,76132317881,1,6.9383997470140457,8.0033,6.604288,2.1324,18203,0.001024,0.51968,,0.136192,0.366592,0,0.347392,0.0076799999999999993,0.083968,,0.0025599999999999998,,1.8739199999999998,8425,1247,0,
8426,94.2326179988662,76132397914,1,6.5707978792488575,5.1177,6.934272,2.221,15763,0.001024,0.503552,,0.129024,0.35584,0,0.33664,0.007936,0.087551999999999991,,0.002304,,2.053376,8426,1248,0,
8427,94.239509899376415,76132449091,1,6.8919006735086441,6.5691,6.537472,2.516,18203,0.000768,0.61952,,0.315648,0.366592,0,0.342016,0.003328,0.093952,,0.002304,,2.05696,8427,1249,0,
8428,94.246144196428574,76132514782,1,6.6342968493700027,7.4128,6.873344,2.207,15965,0.000768,0.507136,,0.12185599999999999,0.357888,0,0.33971199999999996,0.003072,0.09267199999999999,,0.002304,,2.59328,8428,1250,0,
8429,94.25295629960317,76132588910,1,6.8121030926704407,6.9545,6.610944,2.533,18255,0.001024,0.505856,,0.120832,0.35737599999999997,0,0.33971199999999996,0.007936,0.09088,,0.002304,,1.677824,8429,1251,0,
8430,94.259319196428564,76132658455,1,6.362896878272295,6.6985,6.791424,2.252,15763,0.001024,0.50816,,0.123904,0.876544,0,0.857856,0.010496,0.08832,,0.004352,,2.098432,8430,1252,0,
8431,94.266141198979582,76132725440,1,6.8220025859773159,5.8275,6.34752,2.2093,18323,0.001024,0.504576,,0.12032,0.35686399999999996,0,0.3392,0.008192,0.08806399999999999,,0.002304,,1.6752639999999999,8431,1253,0,
8432,94.272752600623576,76132783715,1,6.6114016808569431,6.6925,6.791168,2.3667,15763,0.001024,0.508672,,0.121088,0.78336,0.000256,0.413184,0.007936,0.092416,,0.0025599999999999998,,2.359296,8432,1254,0,
8433,94.279691000566885,76132850640,1,6.9383997470140457,6.8194,6.582272,2.264,18203,0.001024,0.507904,,0.120832,0.6848,0.000256,0.66611199999999993,0.005632,0.09267199999999999,,0.002304,,2.217472,8433,1255,0,
8434,94.2863669005102,76132918834,1,6.6758999601006508,6.356,,3.0636,15763,0.001024,0.61952,,0.120832,0.74470399999999992,0,0.341248,0.009472,0.087296,,0.003072,,1.8828799999999999,8434,1256,0,
8435,94.2977669005102,76132982394,1,11.400000192224979,8.6927,6.663424,8.6927,18203,0.001024,0.6208,,0.127488,0.35353599999999996,0,0.333312,0.003328,0.09036799999999999,,0.0025599999999999998,,1.856512,8435,1257,0,
8436,94.304481795634914,76133069321,1,6.7148949019610882,5.4441,6.336512,2.27,88487,0.001024,0.51148799999999994,,0.122112,0.35353599999999996,0,0.33561599999999997,0.007936,0.0896,,0.002304,,2.038528,8436,1258,0,
8437,94.311136196145128,76133123762,1,6.6544003784656525,7.531,6.66496,2.8562,80163,0.001024,0.61593599999999993,,0.121088,0.583936,0,0.32716799999999996,0.009984,0.09548799999999999,,0.002048,,2.279168,8437,1259,0,
8438,94.317444494047621,76133199072,1,6.3082980923354626,10.2598,6.672384,2.5104,18203,0.001024,0.50636799999999993,,0.121344,0.36275199999999996,0.000256,0.344576,0.0076799999999999993,0.092159999999999992,,0.002048,,2.060032,8438,1260,0,
8439,94.324270500283447,76133301670,1,6.8260063417255878,7.3457,6.291712,2.3321,15763,0.001024,0.509184,,0.1216,0.35712,0,0.339456,0.0076799999999999993,0.089855999999999991,,0.002048,,1.86624,8439,1261,0,
8440,94.331190795068025,76133375127,1,6.9202948361635208,5.7081,6.795776,2.8397,18203,0.001024,0.506112,,0.120832,0.683264,0,0.66457599999999994,0.00896,0.093952,,0.0025599999999999998,,1.8923519999999998,8440,1262,0,
8441,94.33748489937642,76133432208,1,6.2941042706370354,6.7891,6.905856,2.6266,15763,0.001024,0.508416,,0.489728,0.39296,0,0.37273599999999996,0.006656,0.08576,,0.0025599999999999998,,1.6896,8441,1263,0,
8442,94.343932298752833,76133500099,1,6.4473995007574558,6.4671,6.277888,2.5926,18405,0.001024,0.500992,,0.12057599999999999,0.35225599999999996,0,0.33408,0.011264,0.0832,,0.002304,,2.016256,8442,1264,0,
8443,94.350629698129254,76133564770,1,6.6973995417356491,7.5954,6.43584,2.4858,15763,0.001024,0.49817599999999995,,0.12032,0.354304,0.000256,0.33664,0.0038399999999999997,0.08448,,0.002048,,2.258944,8443,1265,0,
8444,94.35692969812925,76133640724,1,6.3000000081956387,6.2783,6.67264,2.2032,18203,0.001024,0.61568,,0.12467199999999999,0.36070399999999997,0,0.341504,0.0076799999999999993,0.091648,,0.002304,,2.28864,8444,1266,0,
8445,94.3632920989229,76133703507,1,6.3624009490013123,5.9023,6.27456,2.4422,15763,0.001024,0.50176,,0.12032,0.835584,0,0.33536,0.004608,0.092159999999999992,,0.002816,,1.9845119999999998,8445,1267,0,
8446,94.369986996882076,76133762530,1,6.6948980093002319,7.0992,6.343936,2.6336,18203,0.001024,0.499712,,0.120832,0.530432,0,0.512512,0.007424,0.087551999999999991,,0.002304,,2.075136,8446,1268,0,
8447,94.3761799957483,76133833522,1,6.1929989606142044,6.0292,6.620672,2.265,15763,0.001024,0.506112,,0.120832,0.545536,0,0.527616,0.003584,0.090624,,0.002304,,2.06336,8447,1269,0,
8448,94.382476700680272,76133893814,1,6.2967049889266491,6.2105,6.169344,2.758,18203,0.001024,0.508672,,0.121088,0.3584,0,0.34022399999999997,0.003584,0.088576,,0.002048,,1.67424,8448,1270,0,
8449,94.389331994047609,76133955919,1,6.8552931770682335,7.0078,6.31808,2.4293,15763,0.001024,0.505344,,0.12467199999999999,0.35276799999999997,0,0.33510399999999996,0.0048639999999999994,0.09344,,0.002304,,2.416384,8449,1271,0,
8450,94.395657794784583,76134025997,1,6.3258009031414986,5.9267,6.810624,2.2897,18203,0.001024,0.507136,,0.12236799999999999,0.370944,0,0.35276799999999997,0.003328,0.09344,,0.002048,,2.444544,8450,1272,0,
8451,94.4022216978458,76134085264,1,6.5639028325676918,6.4878,6.353664,2.0037,16134,0.001024,0.50688,,0.121088,0.35712,0,0.3392,0.004352,0.0896,,0.002304,,1.676288,8451,1273,0,
8452,94.4083838010204,76134150142,1,6.1621032655239105,7.0399,6.544128,2.214,18203,0.001024,0.507904,,0.30796799999999996,0.363776,0,0.33971199999999996,0.0076799999999999993,0.090624,,0.002304,,2.057216,8452,1274,0,
8453,94.415150899943313,76134220541,1,6.7670987918972969,6.2304,6.151424,2.1314,15763,0.001024,0.504576,,0.120832,0.56831999999999994,0,0.550144,0.007424,0.090112,,0.002304,,1.9747839999999999,8453,1275,0,
8454,94.421540497448973,76134282845,1,6.3895974308252335,6.2229,6.75328,2.3186,18323,0.001024,0.620288,,0.120832,0.36096,0,0.342784,0.007424,0.0896,,0.002048,,2.03136,8454,1276,0,
8455,94.428066298185939,76134345074,1,6.5258005633950233,6.3119,6.33472,1.8939,15763,0.001024,0.507392,,0.12057599999999999,0.35686399999999996,0.000256,0.3392,0.007168,0.091392,,0.002048,,1.9760639999999998,8455,1277,0,
8456,94.4344889951814,76134408193,1,6.4226971007883549,6.1097,6.546176,2.7303,18203,0.001024,0.505344,,0.12057599999999999,0.74060799999999993,0,0.332544,0.009216,0.097536,,0.0025599999999999998,,1.676288,8456,1278,0,
8457,94.441460097789118,76134469290,1,6.9711026735603809,7.1564,6.392832,2.4183,16110,0.001024,0.50432,,0.469504,0.407808,0,0.387328,0.0076799999999999993,0.087551999999999991,,0.0025599999999999998,,1.677568,8457,1279,0,
8458,94.447575694444438,76134540854,1,6.115596741437912,6.3086,6.948096,2.1433,18203,0.001024,0.50944,,0.12928,0.35584,0,0.33638399999999996,0.009472,0.087551999999999991,,0.004096,,2.0805119999999997,8458,1280,0,
8459,94.454038895975046,76134603940,1,6.463201716542244,5.9702,6.114816,2.8696,15815,0.001024,0.506624,,0.120832,0.36019199999999996,0,0.34227199999999997,0.0076799999999999993,0.088832,,0.002048,,2.0170239999999997,8459,1281,0,
8460,94.460379294217688,76134663642,1,6.3403984531760216,7.9611,6.443008,2.4001,50159,0.001024,0.623104,,0.1216,0.3584,0,0.340736,0.007424,0.0896,,0.002048,,2.042624,8460,1282,0,
8461,94.466856200396819,76134743253,1,6.4769061282277107,5.2489,6.318848,2.6567,15763,0.001024,0.50303999999999993,,0.121088,0.36070399999999997,0,0.342528,0.005376,0.093696,,0.002048,,2.077184,8461,1283,0,
8462,94.473583900226757,76134795742,1,6.7276996560394764,6.7787,6.454784,2.5748,18203,0.001024,0.6208,,0.12185599999999999,0.36735999999999996,0,0.349184,0.0076799999999999993,0.09267199999999999,,0.002048,,1.868032,8462,1284,0,
8463,94.479758297902492,76134863529,1,6.1743976548314095,6.1316,6.718464,2.6009,15763,0.001024,0.505856,,0.12544,0.349696,0.000256,0.33024,0.0051199999999999996,0.09036799999999999,,0.0025599999999999998,,1.8775039999999998,8463,1285,0,
8464,94.486349298469378,76134924845,1,6.5910005941987038,6.7355,6.159616,2.9722,35774,0.001024,0.507392,,0.12057599999999999,0.35353599999999996,0.000256,0.335872,0.007936,0.088832,,0.002048,,1.8892799999999998,8464,1286,0,
8465,94.492770294784577,76134992200,1,6.420996505767107,7.3299,6.56384,2.3705,30148,0.001024,0.507904,,0.1216,0.359168,0,0.341248,0.0076799999999999993,0.089343999999999993,,0.002048,,2.363648,8465,1287,0,
8466,94.49913609693877,76135065499,1,6.365802139043808,5.3438,6.408448,3.1204,18203,0.001024,0.51148799999999994,,0.124928,0.368384,0,0.349952,0.007936,0.090112,,0.0025599999999999998,,2.1373439999999997,8466,1288,0,
8467,94.505557695578233,76135118937,1,6.4215986058115959,7.2982,6.34752,2.802,15763,0.001024,0.509184,,0.12185599999999999,0.702464,0,0.29798399999999997,0.045056,0.09344,,0.0025599999999999998,,1.8790399999999998,8467,1289,0,
8468,94.511215199829934,76135191919,1,5.6575043126940727,6.2318,6.396928,2.9501,18203,0.001024,0.507648,,0.123136,0.611072,0.000256,0.593152,0.0076799999999999993,0.09036799999999999,,0.002816,,1.843712,8468,1290,0,
8469,94.517110196995461,76135254237,1,5.8949971571564674,7.653,5.644288,2.6348,15763,0.001024,0.509952,,0.12287999999999999,0.355584,0,0.33766399999999996,0.011776,0.096256,,0.002048,,1.889792,8469,1291,0,
8470,94.52268679846938,76135330767,1,5.5766012519598007,5.8546,5.715712,2.732,18203,0.001024,0.511744,,0.12287999999999999,0.353024,0.000256,0.334848,0.008192,0.090112,,0.002048,,1.871872,8470,1292,0,
8471,94.528368594104307,76135389313,1,5.6817955337464809,4.6388,5.623296,2.795,15763,0.001024,0.505344,,0.1216,0.349184,0,0.33152,0.0076799999999999993,0.089855999999999991,,0.002304,,1.8874879999999998,8471,1293,0,
8472,94.534223398526066,76135435701,1,5.8548045344650745,6.7056,5.667328,2.7491,50159,0.001024,0.51558399999999993,,0.12236799999999999,0.359936,0,0.342016,0.006144,0.0896,,0.002304,,1.6734719999999998,8472,1294,0,
8473,94.539890894274379,76135502757,1,5.6674955412745476,5.0404,5.82656,3.1183,15763,0.001024,0.504832,,0.12236799999999999,0.357632,0,0.33971199999999996,0.003328,0.089855999999999991,,0.002304,,1.67296,8473,1295,0,
8474,94.545567899659858,76135553161,1,5.6770052760839462,5.897,5.645056,2.1235,18405,0.001024,0.508416,,0.120832,0.36275199999999996,0.000256,0.345088,0.003584,0.090112,,0.0025599999999999998,,1.6732159999999998,8474,1296,0,
8475,94.551075694444435,76135612131,1,5.5077946744859219,5.491,5.476864,2.2721,15763,0.001024,0.507648,,0.121344,0.357632,0,0.339456,0.0076799999999999993,0.090624,,0.002048,,1.677312,8475,1297,0,
8476,94.556754698129254,76135667041,1,5.679003894329071,5.6338,5.482752,2.3437,18203,0.001024,0.509184,,0.1216,0.36070399999999997,0,0.342784,0.003328,0.089343999999999993,,0.002048,,1.676032,8476,1298,0,
8477,94.562413796768709,76135723379,1,5.6590987369418144,5.8537,5.652992,2.0527,33334,0.001024,0.510208,,0.12825599999999998,0.355072,0.000256,0.336896,0.003328,0.091392,,0.002048,,1.674496,8477,1299,0,
8478,94.568280194160991,76135781916,1,5.8663971722126007,4.8873,5.619712,2.0486,32588,0.001024,0.51072,,0.121344,0.35072,0.000256,0.332544,0.0076799999999999993,0.27955199999999997,,0.002048,,1.676544,8478,1300,0,
8479,94.574186096938774,76135830789,1,5.9059029445052147,5.7243,5.86624,2.372,15883,0.001024,0.511744,,0.121088,0.349696,0,0.33177599999999996,0.007936,0.083968,,0.002048,,1.879552,8479,1301,0,
8480,94.580157100340131,76135888032,1,5.9710033237934113,6.2274,5.883648,2.4241,18203,0.001024,0.509952,,0.12185599999999999,0.361984,0,0.344576,0.008704,0.087551999999999991,,0.002304,,1.823232,8480,1302,0,
8481,94.585995500283445,76135950306,1,5.83839975297451,5.5802,5.9640319999999996,3.0859,15763,0.0012799999999999999,0.51072,,0.133376,0.370432,0,0.351744,0.007936,0.09088,,0.0025599999999999998,,2.007808,8481,1303,0,
8482,94.593179698129248,76136006108,1,7.184197660535574,6.2791,5.811968,2.7034,18203,0.001024,0.51148799999999994,,0.133376,0.358912,0,0.339968,0.003328,0.092159999999999992,,0.002304,,2.0236799999999997,8482,1304,0,
8483,94.600286699263037,76136068899,1,7.1070012636482716,5.6103,6.157568,3.2997,18855,0.001024,0.52403199999999994,,0.134656,0.360448,0,0.342016,0.007936,0.099328,,0.002304,,2.019072,8483,1305,0,
8484,94.606499000850334,76136125002,1,6.2123015522956848,7.199,6.777856,3.3844,18203,0.001024,0.52403199999999994,,0.134656,0.360448,0,0.342016,0.007936,0.099328,,0.002304,,2.019072,8484,1306,0,
8485,94.6123679988662,76136196992,1,5.8689978905022144,8.1656,6.079744,2.4309,15763,0.001024,0.510976,,0.13414399999999999,0.36275199999999996,0.000256,0.344576,0.006912,0.087296,,0.0025599999999999998,,1.822976,8485,1307,0,
8486,94.618320393990928,76136278648,1,5.9523950330913067,6.1685,5.8432,2.9497,18203,0.001024,0.51072,,0.13286399999999998,0.361728,0,0.342528,0.003584,0.09344,,0.002304,,1.841408,8486,1308,0,
8487,94.624232893990921,76136340333,1,5.9124999679625034,5.5344,5.906688,2.6928,15763,0.001024,0.50969599999999993,,0.134912,0.35609599999999997,0.000256,0.334848,0.0076799999999999993,0.08576,,0.002304,,1.8255359999999998,8487,1309,0,
8488,94.630277295918361,76136395677,1,6.0444017872214317,5.3159,5.880064,3.0364,18203,0.001024,0.512512,,0.13312,0.36403199999999997,0,0.345344,0.007936,0.088576,,0.002304,,2.051584,8488,1310,0,
8489,94.6366966978458,76136448836,1,6.4194020815193653,6.7571,5.89184,3.0644,33334,0.001024,0.51558399999999993,,0.1344,0.361984,0,0.343296,0.007936,0.092416,,0.002304,,2.058496,8489,1311,0,
8490,94.643541794217683,76136516407,1,6.8450965918600559,6.5212,6.031872,2.584,32790,0.001024,0.510208,,0.134912,0.3584,0,0.33792,0.008192,0.089343999999999993,,0.002048,,2.048256,8490,1312,0,
8491,94.649807794784579,76136581619,1,6.2660006806254387,5.4631,6.062592,3.481,15763,0.001024,0.507392,,0.133632,0.363264,0,0.34483199999999997,0.005888,0.089855999999999991,,0.002304,,2.057984,8491,1313,0,
8492,94.655500999149652,76136636250,1,5.6932042352855206,7.7257999999999996,5.902336,2.9107,18255,0.001024,0.510208,,0.133376,0.382208,0,0.341248,0.0038399999999999997,0.097536,,0.002304,,1.821184,8492,1314,0,
8493,94.661180498866216,76136713508,1,5.6794998236000538,5.8054,5.673728,2.4832,15763,0.001024,0.50688,,0.121344,0.357632,0,0.339968,0.003072,0.087039999999999992,,0.002304,,1.675776,8493,1315,0,
8494,94.667090199829929,76136771562,1,5.9097008779644966,5.9078,5.660416,2.9963,18203,0.001024,0.516864,,0.12287999999999999,0.361984,0.000256,0.344064,0.003584,0.09267199999999999,,0.002048,,1.892096,8494,1316,0,
8495,94.673180498866216,76136830640,1,6.0902992263436317,5.5983,5.688064,2.7586,15763,0.000768,0.507648,,0.12339199999999999,0.36019199999999996,0,0.34048,0.004096,0.090624,,0.002048,,1.873152,8495,1317,0,
8496,94.679886897675729,76136886623,1,6.7063989117741585,5.3983,6.075904,2.8538,18203,0.001024,0.50688,,0.538368,0.355328,0,0.33152,0.0076799999999999993,0.089855999999999991,,0.002304,,1.8892799999999998,8496,1318,0,
8497,94.685754797335591,76136940606,1,5.8678998611867428,7.3629,5.908736,2.9401,15763,0.001024,0.507648,,0.121344,0.365056,0,0.347136,0.004096,0.09344,,0.002304,,1.8690559999999998,8497,1319,0,
8498,94.691926197562353,76137014235,1,6.1714001931250095,5.1925,5.686272,2.8886,18203,0.001024,0.50944,,0.1216,0.35737599999999997,0,0.33971199999999996,0.0076799999999999993,0.092159999999999992,,0.002048,,1.899776,8498,1320,0,
8499,94.698985296201812,76137066160,1,7.0590986870229244,7.3094,5.69216,2.8878,15763,0.001024,0.51072,,0.12287999999999999,0.350464,0,0.332544,0.003584,0.091648,,0.002304,,1.8741759999999998,8499,1321,0,
8500,94.706028295068023,76137139254,1,7.0429989136755466,5.5612,6.257408,2.9605,18203,0.001024,0.50944,,0.12287999999999999,0.363008,0.000256,0.34483199999999997,0.0048639999999999994,0.089343999999999993,,0.002048,,1.891328,8500,1322,0,
8501,94.711848299319726,76137194866,1,5.8200042694807053,6.1666,6.2016,3.2451,15763,0.001024,0.508416,,0.122112,0.35020799999999996,0,0.3328,0.011007999999999999,0.095232,,0.002048,,2.140416,8501,1323,0,
8502,94.718444699546481,76137256532,1,6.5964004024863243,7.4096,5.896448,3.1499,18203,0.001024,0.511232,,0.12287999999999999,0.35609599999999997,0,0.338176,0.0076799999999999993,0.086016,,0.002048,,1.6952319999999999,8502,1324,0,
8503,94.725100297619051,76137330628,1,6.655598059296608,6.7057,5.850368,2.9058,15883,0.001024,0.510464,,0.12236799999999999,0.344576,0.000256,0.32639999999999997,0.0076799999999999993,0.089343999999999993,,0.002048,,1.8542079999999999,8503,1325,0,
8504,94.732339795918364,76137397685,1,7.2394981980323792,5.9362,6.616064,3.2762,18203,0.000768,0.505856,,0.125696,0.366848,0,0.34764799999999996,0.011776,0.083968,,0.0025599999999999998,,1.8493439999999999,8504,1326,0,
8505,94.7397475977891,76137457047,1,7.407801691442728,6.3481,7.22944,3.1488,15763,0.001024,0.506624,,0.12236799999999999,1.099008,0,0.324352,0.014079999999999999,0.0896,,0.002816,,2.063104,8505,1327,0,
8506,94.746676098356,76137520528,1,6.9285007193684578,7.1131,7.191552,3.4821,18405,0.001024,0.507392,,0.12595199999999998,0.358912,0,0.3392,0.003584,0.09472,,0.0025599999999999998,,2.466304,8506,1328,0,
8507,94.753471400226758,76137591659,1,6.7953020334243774,8.3746,6.232832,2.4343,15763,0.001024,0.507904,,0.122624,0.35737599999999997,0,0.33971199999999996,0.007936,0.089855999999999991,,0.002048,,2.039552,8507,1329,0,
8508,94.760257497165526,76137675405,1,6.7860968410968781,5.3913,6.41152,3.067,18203,0.001024,0.504576,,0.1216,0.361216,0.000256,0.34355199999999997,0.0084479999999999989,0.091136,,0.002048,,2.4250879999999997,8508,1330,0,
8509,94.766952395124719,76137729318,1,6.6948980093002319,8.5136,6.060544,3.4182,15763,0.001024,0.507392,,0.12339199999999999,0.357888,0,0.338432,0.0038399999999999997,0.089088,,0.002304,,1.8593279999999999,8509,1331,0,
8510,94.7734751984127,76137814454,1,6.5228031016886234,5.4446,6.678272,2.9859,18203,0.001024,0.508416,,0.131584,0.35276799999999997,0.000256,0.33433599999999997,0.0076799999999999993,0.089088,,0.0025599999999999998,,2.044928,8510,1332,0,
8511,94.780419295634914,76137868900,1,6.9440971128642559,7.4974,6.494208,3.5688,15763,0.000768,0.518656,,0.12236799999999999,0.666624,0.000256,0.648704,0.011776,0.09036799999999999,,0.002304,,1.840128,8511,1333,0,
8512,94.787249298469391,76137943874,1,6.8300026468932629,6.1905,6.40384,3.1936,18203,0.001024,0.508416,,0.12287999999999999,0.350464,0,0.332544,0.0038399999999999997,0.090112,,0.002048,,2.220288,8512,1334,0,
8513,94.793519699546479,76138005779,1,6.2704011797904968,7.5014,6.358528,2.5511,15763,0.001024,0.512512,,0.12236799999999999,0.351232,0.000256,0.333824,0.0076799999999999993,0.084992,,0.002304,,1.67552,8513,1335,0,
8514,94.8002558956916,76138080793,1,6.7361961118876934,6.0487,6.189568,2.9601,18203,0.001024,0.507904,,0.121088,0.350976,0,0.33305599999999996,0.006144,0.089343999999999993,,0.002304,,1.861632,8514,1336,0,
8515,94.806705994897953,76138141280,1,6.4500994049012661,6.3132,6.588672,2.9819,15763,0.001024,0.50969599999999993,,0.121344,0.355072,0,0.337152,0.003328,0.093952,,0.002048,,1.6734719999999998,8515,1337,0,
8516,94.813190100623572,76138204412,1,6.4841057173907757,6.7636,6.430208,2.8065,20929,0.001024,0.50969599999999993,,0.121344,0.355072,0,0.337152,0.003328,0.093952,,0.002048,,1.6734719999999998,8516,1338,0,
8517,94.820124100056688,76138272048,1,6.9339992478489876,6.4918,6.464768,2.1929,15763,0.001024,0.50969599999999993,,0.1216,0.35225599999999996,0.000256,0.334592,0.0063999999999999994,0.086272,,0.002048,,2.0736,8517,1339,0,
8518,94.826539895124711,76138336966,1,6.41579506918788,5.8573,6.808832,2.7008,18203,0.001024,0.510464,,0.121088,0.35686399999999996,0,0.33971199999999996,0.003072,0.093952,,0.002304,,2.3083519999999997,8518,1340,0,
8519,94.833385296201811,76138395539,1,6.8454011343419552,7.2244,6.502144,2.7621,15763,0.001024,0.507648,,0.122112,0.36019199999999996,0.000256,0.342528,0.010239999999999999,0.090624,,0.002304,,1.685504,8519,1341,0,
8520,94.840002699829924,76138467783,1,6.6174035891890526,6.6175,6.824704,2.2133,18203,0.001024,0.510464,,0.12339199999999999,0.355328,0,0.337152,0.008192,0.090624,,0.002304,,2.02112,8520,1342,0,
8521,94.8466343962585,76138533958,1,6.6316965967416763,6.2346,6.599168,2.3514,15965,0.001024,0.50892799999999994,,0.1216,0.70451199999999992,0,0.686336,0.009216,0.096512,,0.002816,,2.0369919999999997,8521,1343,0,
8522,94.8536959963152,76138596304,1,7.0616002194583416,6.6891,6.607616,2.53,18203,0.001024,0.510208,,0.122112,0.359168,0,0.34176,0.007936,0.091904,,0.002048,,2.0592639999999998,8522,1344,0,
8523,94.8599794005102,76138663195,1,6.2834043055772781,6.2313,6.99008,2.4116,15815,0.001024,0.50559999999999994,,0.1216,0.35148799999999997,0,0.333312,0.003072,0.094975999999999991,,0.002048,,2.291968,8523,1345,0,
8524,94.867202494331067,76138725508,1,7.2230938822031021,6.9006,6.318336,2.5959,18203,0.001024,0.510464,,0.13312,0.35686399999999996,0,0.338176,0.003328,0.09267199999999999,,0.002304,,2.065664,8524,1346,0,
8525,94.874203295068028,76138794514,1,7.0008006878197193,6.5085,7.2,3.02,15763,0.0012799999999999999,0.51225599999999993,,0.13977599999999998,0.367616,0,0.34815999999999997,0.004352,0.09036799999999999,,0.0025599999999999998,,2.191872,8525,1347,0,
8526,94.880303798185935,76138859599,1,6.1005032621324062,6.5101,6.981888,2.9368,18323,0.001024,0.51072,,0.136192,0.358656,0.000256,0.339456,0.006656,0.091648,,0.002816,,2.3833599999999997,8526,1348,0,
8527,94.887224199263031,76138924700,1,6.920401006937027,8.332,6.086656,2.6507,15763,0.001024,0.508672,,0.1216,0.36096,0,0.34304,0.003328,0.090112,,0.002048,,1.8923519999999998,8527,1349,0,
8528,94.8937209963152,76139008020,1,6.4967968501150608,6.2622,6.895616,2.8324,18203,0.001024,0.624896,,0.444928,0.41472,0,0.394752,0.0076799999999999993,0.087551999999999991,,0.0025599999999999998,,2.5410559999999998,8528,1350,0,
8529,94.900298398526076,76139070642,1,6.5774023532867432,6.216,6.468864,3.0364,15763,0.001024,0.508672,,0.121344,0.357632,0,0.33971199999999996,0.0076799999999999993,0.090112,,0.002304,,2.249984,8529,1351,0,
8530,94.906363499149663,76139132802,1,6.0651004314422607,7.6258,6.341888,2.5543,18574,0.001024,0.511232,,0.12287999999999999,0.685824,0,0.66816,0.0076799999999999993,0.089088,,0.0025599999999999998,,1.966592,8530,1352,0,
8531,94.913482794784571,76139209060,1,7.1192956529557705,5.9095,6.056448,3.0834,15763,0.001024,0.509952,,0.12185599999999999,0.36403199999999997,0,0.346368,0.005888,0.088832,,0.002048,,1.8856959999999998,8531,1353,0,
8532,94.920342800453511,76139268155,1,6.8600056692957878,7.5176,6.281728,2.8478,18203,0.001024,0.50944,,0.122624,0.542208,0,0.31385599999999997,0.023552,0.089343999999999993,,0.0025599999999999998,,2.026496,8532,1354,0,
8533,94.9270464994331,76139343331,1,6.7036990076303482,5.6843,6.830336,2.4101,15763,0.001024,0.505856,,0.132096,0.35814399999999996,0,0.34022399999999997,0.008192,0.088576,,0.002304,,2.069248,8533,1355,0,
8534,94.933660799319725,76139400174,1,6.6142999567091465,6.4775,6.60864,2.3228,18203,0.001024,0.50944,,0.121088,0.541952,0,0.524288,0.0076799999999999993,0.092928,,0.002304,,2.387712,8534,1356,0,
8535,94.940935997732424,76139464949,1,7.2751985862851143,6.6301,6.67136,2.7179,16110,0.001024,0.510976,,0.122112,0.361984,0.000256,0.34431999999999996,0.0038399999999999997,0.092159999999999992,,0.002304,,2.196224,8535,1357,0,
8536,94.948448200113376,76139531250,1,7.5122024863958359,7.016,7.259648,2.7288,18203,0.001024,0.512512,,0.133376,0.361728,0,0.342784,0.0076799999999999993,0.093183999999999989,,0.002048,,2.56512,8536,1358,0,
8537,94.955306398809526,76139601410,1,6.8581989035010338,6.7205,7.503616,3.0678,15763,0.001024,0.50892799999999994,,0.133376,0.35814399999999996,0,0.339456,0.0038399999999999997,0.093183999999999989,,0.002304,,2.366208,8537,1359,0,
8538,94.961574596088425,76139668615,1,6.2681972049176693,6.9822,6.692608,2.967,18203,0.001024,0.505344,,0.121088,0.361984,0,0.343808,0.007936,0.091136,,0.002304,,1.8823679999999998,8538,1360,0,
8539,94.967916794217686,76139738437,1,6.342198234051466,7.7922,6.374656,2.7257,15763,0.000768,0.50816,,0.121344,0.36019199999999996,0,0.34176,0.010239999999999999,0.093183999999999989,,0.002304,,1.9043839999999999,8539,1361,0,
8540,94.97464059665532,76139816359,1,6.7238025367259979,6.3811,6.328064,2.9549,18203,0.001024,0.617984,,0.121344,0.362496,0,0.34483199999999997,0.011519999999999999,0.089343999999999993,,0.002304,,1.896704,8540,1362,0,
8541,94.98119069586167,76139880170,1,6.5500992350280285,7.4035,6.388992,3.0152,15763,0.001024,0.628736,,0.12287999999999999,0.34892799999999996,0,0.33100799999999997,0.003584,0.08806399999999999,,0.002048,,2.2177279999999997,8541,1363,0,
8542,94.988143898809525,76139954205,1,6.9532031193375587,5.4304,6.528512,2.6887,18203,0.001024,0.507904,,0.12467199999999999,0.356352,0.000256,0.33792,0.003584,0.0832,,0.0025599999999999998,,2.0441599999999998,8542,1364,0,
8543,94.994538796768708,76140008509,1,6.3948980532586575,6.7121,6.927872,2.1609,15763,0.001024,0.507648,,0.120832,0.346624,0.000256,0.329216,0.003328,0.087808,,0.002048,,2.018048,8543,1365,0,
8544,95.000983000283441,76140075630,1,6.4442036673426628,6.5321,6.390528,2.6037,18203,0.001024,0.507648,,0.120832,0.346624,0.000256,0.329216,0.003328,0.087808,,0.002048,,2.018048,8544,1366,0,
8545,95.007599000850334,76140140951,1,6.6160005517303944,7.0854,6.423808,2.1461,15763,0.001024,0.507648,,0.121344,0.359168,0,0.34176,0.003328,0.090624,,0.002304,,1.6750079999999998,8545,1367,0,
8546,95.013852600623579,76140211805,1,6.2535996548831463,6.5834,6.603776,3.1634,18203,0.001024,0.505856,,0.301824,0.36531199999999997,0,0.342528,0.003328,0.090624,,0.002304,,2.05824,8546,1368,0,
8547,95.020347696995458,76140277639,1,6.4950962550938129,5.9529,6.227968,2.3379,15763,0.001024,0.506624,,0.12185599999999999,0.53068799999999994,0,0.51225599999999993,0.003072,0.091904,,0.002304,,2.042112,8547,1369,0,
8548,95.027049794501124,76140337168,1,6.7020975984632969,7.6237,6.480896,2.6382,18203,0.001024,0.507136,,0.121344,0.35712,0,0.339456,0.003584,0.090624,,0.002048,,2.020864,8548,1370,0,
8549,95.033977699829933,76140413405,1,6.9279051385819912,5.5148,6.648576,2.26,15883,0.001024,0.508672,,0.12185599999999999,0.365568,0,0.347392,0.003328,0.091136,,0.002048,,2.04032,8549,1371,0,
8550,95.040649900793653,76140468553,1,6.6722007468342781,6.1787,6.95936,2.5145,18405,0.001024,0.506112,,0.120832,0.346112,0,0.328192,0.007424,0.09088,,0.002304,,2.088448,8550,1372,0,
8551,95.0471178004535,76140530340,1,6.4678997732698917,6.2302,6.651136,2.3644,15763,0.001024,0.504576,,0.120832,0.528384,0,0.32255999999999996,0.011519999999999999,0.091904,,0.002816,,1.9061759999999999,8551,1373,0,
8552,95.054147399376419,76140592642,1,7.0295990444719791,7.4547,6.45376,2.9201,18203,0.001024,0.506624,,0.120832,0.35712,0.000256,0.339456,0.003328,0.092159999999999992,,0.002304,,2.076416,8552,1374,0,
8553,95.060985494614513,76140667189,1,6.8380953744053841,7.0778,6.988032,3.1732,43546,0.001024,0.623872,,0.133632,0.36479999999999996,0,0.346624,0.007936,0.092159999999999992,,0.002048,,2.544896,8553,1375,0,
8554,95.067496598639451,76140737967,1,6.5111038275063038,5.9618,6.82624,2.5339,18203,0.001024,0.513792,,0.13414399999999999,0.369152,0,0.349952,0.008192,0.091392,,0.002048,,2.5023999999999997,8554,1376,0,
8555,95.074871995464846,76140797585,1,7.37539678812027,7.5049,6.500864,3.2438,15763,0.001024,0.507648,,0.133376,0.355072,0.000256,0.336896,0.007424,0.093183999999999989,,0.002048,,2.0405759999999997,8555,1377,0,
8556,95.082077295918367,76140872634,1,7.2053004987537861,7.4778,6.919936,3.0002,18203,0.001024,0.522496,,0.1344,0.367104,0,0.348672,0.007936,0.091136,,0.002304,,2.360064,8556,1378,0,
8557,95.088905498866211,76140947412,1,6.8282028660178185,6.287,7.18336,2.7469,15763,0.001024,0.511232,,0.141824,0.360448,0.000256,0.34099199999999996,0.008192,0.093952,,0.0025599999999999998,,2.720512,8557,1379,0,
8558,95.095694494047621,76141010282,1,6.7889951169490814,7.1724,6.812672,2.4023,18203,0.001024,0.510208,,0.133376,0.570368,0,0.335872,0.003328,0.091904,,0.002304,,2.347264,8558,1380,0,
8559,95.102524794501136,76141082006,1,6.83030067011714,7.91,6.756864,2.4644,18855,0.001024,0.508416,,0.1216,0.923904,0,0.905984,0.007936,0.092928,,0.0025599999999999998,,2.074624,8559,1381,0,
8560,95.108572895408159,76141161106,1,6.0481010004878044,5.4543,6.819328,3.0581,18203,0.001024,0.505088,,0.121088,0.356352,0,0.338432,0.0051199999999999996,0.089088,,0.002048,,1.8974719999999998,8560,1382,0,
8561,95.115295500283437,76141215649,1,6.7226048558950424,7.4091,6.032384,2.7429,15763,0.001024,0.50969599999999993,,0.1216,0.351232,0.000256,0.333568,0.003584,0.092416,,0.002048,,2.0605439999999997,8561,1383,0,
8562,95.121778295068026,76141289740,1,6.4827948808670044,6.4337,6.701568,2.9699,18203,0.001024,0.50559999999999994,,0.121344,0.357632,0.000256,0.339456,0.008192,0.0896,,0.002048,,2.039552,8562,1384,0,
8563,95.12817709750567,76141354077,1,6.3988026231527328,6.2339,6.463488,3.1653,15763,0.001024,0.50559999999999994,,0.121344,0.361216,0,0.343296,0.0084479999999999989,0.093952,,0.002304,,2.084352,8563,1385,0,
8564,95.134694897959179,76141416416,1,6.5178005024790764,6.4585,6.373888,2.2615,18203,0.001024,0.507648,,0.1216,0.690688,0,0.67199999999999993,0.003328,0.091392,,0.0025599999999999998,,1.67424,8564,1386,0,
8565,95.141606795634914,76141481001,1,6.9118975661695,6.5951,6.515712,2.6207,16110,0.001024,0.50559999999999994,,0.47564799999999996,0.39424,0.000256,0.37401599999999996,0.009984,0.09036799999999999,,0.0025599999999999998,,1.67424,8565,1387,0,
8566,95.147730094954639,76141546952,1,6.1232992447912693,7.3307,6.892032,2.1481,18203,0.001024,0.50559999999999994,,0.13055999999999998,0.354304,0,0.33536,0.010496,0.091392,,0.0025599999999999998,,2.130944,8566,1388,0,
8567,95.1543672973356,76141620259,1,6.637202575802803,5.0374,6.094848,3.215,15763,0.001024,0.50636799999999993,,0.12032,0.358912,0,0.34099199999999996,0.007936,0.091392,,0.002304,,2.01472,8567,1389,0,
8568,95.160032199546478,76141670633,1,5.6649022735655308,7.3481,6.627328,2.3735,23987,0.001024,0.50944,,0.122112,0.357888,0,0.3392,0.0076799999999999993,0.09472,,0.002304,,1.871872,8568,1390,0,
8569,95.166647498582762,76141744114,1,6.6152992658317089,5.4901,5.63456,2.4696,15763,0.001024,0.504064,,0.120832,0.353792,0,0.335872,0.00896,0.089343999999999993,,0.002048,,1.8744319999999999,8569,1391,0,
8570,95.173679896541941,76141799015,1,7.032398134469986,6.652,6.5856,3.3397,18203,0.001024,0.505856,,0.129792,0.359936,0,0.34176,0.007168,0.091648,,0.0025599999999999998,,2.146816,8570,1392,0,
8571,95.180594897959182,76141865535,1,6.9150011986494064,6.7902,7.03872,3.0032,15763,0.000768,0.61670399999999992,,0.1216,0.70451199999999992,0.000256,0.686336,0.003328,0.092159999999999992,,0.002304,,1.883392,8571,1393,0,
8572,95.187024900793645,76141933437,1,6.430002860724926,5.6955,6.902784,3.1109,18323,0.001024,0.506624,,0.125184,0.360448,0,0.342016,0.003328,0.093696,,0.0025599999999999998,,1.8639359999999998,8572,1394,0,
8573,95.1937755952381,76141990392,1,6.75069447606802,7.8196,6.404352,2.574,21692,0.001024,0.50380799999999992,,0.1216,0.35020799999999996,0,0.3328,0.011007999999999999,0.094208,,0.002048,,1.890304,8573,1395,0,
8574,95.200933496315187,76142068588,1,7.1579013019800186,6.0284,6.712576,2.4347,18203,0.001024,0.50944,,0.12544,0.36940799999999996,0,0.350976,0.003584,0.096,,0.002304,,2.415872,8574,1396,0,
8575,95.207533000283448,76142128872,1,6.59950403496623,6.23,7.154176,2.3488,15763,0.001024,0.511744,,0.141056,0.36607999999999996,0,0.346624,0.007936,0.0896,,0.002816,,2.5392639999999997,8575,1397,0,
8576,95.213820897108846,76142191172,1,6.2878970056772232,7.3051,6.5024,2.7784,18203,0.0012799999999999999,0.510976,,0.13312,0.743424,0,0.52735999999999994,0.009216,0.091648,,0.002304,,2.2592,8576,1398,0,
8577,95.220406398809516,76142264223,1,6.5855016000568867,7.2142,6.31168,2.2563,15763,0.001024,0.51148799999999994,,0.13286399999999998,0.361728,0,0.343808,0.003584,0.092159999999999992,,0.002304,,2.066432,8577,1399,0,
8578,95.22717400085034,76142336365,1,6.7676021717488766,6.6693,6.607872,2.2936,18203,0.001024,0.505344,,0.12287999999999999,0.34892799999999996,0,0.331264,0.003584,0.09088,,0.002048,,1.865216,8578,1400,0,
8579,95.233853798185933,76142403058,1,6.6797975450754166,6.1222,6.746368,2.4901,15763,0.001024,0.50380799999999992,,0.12032,0.532736,0,0.337152,0.003328,0.092416,,0.002048,,2.0392959999999998,8579,1401,0,
8580,95.24050989937642,76142464280,1,6.6561009734869,6.7662,6.67392,3.5492,31799,0.001024,0.50816,,0.120832,0.349184,0.000256,0.331264,0.0076799999999999993,0.09088,,0.002048,,2.1378559999999998,8580,1402,0,
8581,95.247108999433109,76142531942,1,6.5990998409688473,6.4053,6.639616,2.854,15965,0.001024,0.50636799999999993,,0.12185599999999999,0.359168,0,0.341248,0.007936,0.096,,0.002048,,2.381056,8581,1403,0,
8582,95.253695195578231,76142595995,1,6.58619636669755,6.7482,6.581248,2.7941,18203,0.000768,0.50636799999999993,,0.121344,0.359168,0,0.341248,0.003584,0.092416,,0.002048,,2.0454399999999997,8582,1404,0,
8583,95.259864994331068,76142663477,1,6.1697987839579582,6.9591,6.55872,2.396,15763,0.001024,0.510464,,0.12185599999999999,0.736,0.000256,0.717824,0.003328,0.091136,,0.002304,,2.086656,8583,1405,0,
8584,95.266425198412691,76142733068,1,6.5602040849626064,6.1562,6.162176,2.4083,24039,0.001024,0.510464,,0.120832,0.355584,0,0.33766399999999996,0.011264,0.096767999999999993,,0.002048,,1.884672,8584,1406,0,
8585,95.273485799319729,76142794630,1,7.0606009103357792,6.3451,6.532096,2.4352,15763,0.001024,0.51456,,0.129792,0.353024,0,0.33408,0.0038399999999999997,0.089855999999999991,,0.0025599999999999998,,2.160128,8585,1407,0,
8586,95.280766999716548,76142858081,1,7.2812004946172237,6.3285,7.047936,2.7475,18203,0.000768,0.506624,,0.121344,0.731904,0,0.713472,0.0038399999999999997,0.0896,,0.002816,,1.993728,8586,1408,0,
8587,95.287452799036274,76142921366,1,6.685799453407526,7.5559,7.266816,2.3148,15763,0.001024,0.511744,,0.141824,0.359936,0,0.33971199999999996,0.0038399999999999997,0.093183999999999989,,0.0025599999999999998,,2.0490239999999997,8587,1409,0,
8588,95.294369897959186,76142996925,1,6.9170990027487278,6.2141,6.678272,2.4944,18203,0.001024,0.514304,,0.13286399999999998,0.360448,0,0.341504,0.0038399999999999997,0.089855999999999991,,0.002304,,1.8275839999999999,8588,1410,0,
8589,95.301528798185942,76143059066,1,7.1589001454412937,7.9355,6.886144,2.2853,15763,0.001024,0.50944,,0.13286399999999998,0.36147199999999996,0,0.342528,0.003584,0.088576,,0.002304,,2.346752,8589,1411,0,
8590,95.308106894841259,76143138421,1,6.578096654266119,5.9579,7.141632,2.4269,18203,0.001024,0.512512,,0.13286399999999998,0.35968,0.000256,0.34048,0.007936,0.09548799999999999,,0.002304,,1.824768,8590,1412,0,
8591,95.314643197278912,76143198000,1,6.5363026224076748,7.383,6.560512,2.1818,18489,0.001024,0.507136,,0.137984,0.36096,0.000256,0.342016,0.007936,0.09344,,0.002304,,2.252288,8591,1413,0,
8592,95.321165398242627,76143271830,1,6.5222010016441345,6.872,6.512896,2.4301,18203,0.001024,0.51148799999999994,,0.120832,0.358912,0,0.341248,0.0076799999999999993,0.088832,,0.002048,,1.676544,8592,1414,0,
8593,95.327676395975047,76143340550,1,6.5109976567327976,6.6911,6.516992,2.6848,15763,0.191488,0.508416,,0.121088,0.366336,0,0.348416,0.003584,0.096,,0.002304,,2.098432,8593,1415,0,
8594,95.33434720096372,76143407461,1,6.6708051599562168,6.7789,6.499584,2.1376,18203,0.001024,0.505088,,0.12057599999999999,0.358912,0,0.340736,0.003328,0.091392,,0.002048,,2.095104,8594,1416,0,
8595,95.341565299036276,76143475250,1,7.2180982679128647,5.917,6.65344,2.1554,16028,0.001024,0.505344,,0.12057599999999999,0.67865599999999993,0,0.337408,0.00896,0.09548799999999999,,0.002816,,2.1928959999999997,8595,1417,0,
8596,95.34784589710884,76143534420,1,6.2805982306599617,6.6993,7.203072,2.1758,18405,0.001024,0.514048,,0.121088,0.617984,0,0.60006399999999993,0.0076799999999999993,0.091136,,0.002304,,2.05056,8596,1418,0,
8597,95.354541496598642,76143601413,1,6.6955992951989174,6.1698,6.242048,2.5161,15763,0.001024,0.507904,,0.120832,0.352,0,0.333568,0.0076799999999999993,0.088576,,0.002304,,2.0272639999999997,8597,1419,0,
8598,95.3607843962585,76143663111,1,6.2428996898233891,7.5521,6.697472,2.5746,18203,0.001024,0.50432,,0.1216,0.801792,0.000256,0.332032,0.009216,0.121344,,0.002816,,2.2497279999999997,8598,1420,0,
8599,95.367563499149654,76143738632,1,6.7791030742228031,6.4344,6.223616,2.414,15763,0.001024,0.509184,,0.121344,0.35814399999999996,0.000256,0.34048,0.003328,0.089088,,0.002048,,2.057728,8599,1421,0,
8600,95.374493197278909,76143802976,1,6.929697934538126,6.0364,6.759168,3.0859,18203,0.001024,0.50688,,0.126208,0.349696,0,0.33024,0.007936,0.085504,,0.0025599999999999998,,1.886464,8600,1422,0,
8601,95.380849199263039,76143863340,1,6.3560018315911293,6.5831,6.916352,2.7029,15763,0.001024,0.507648,,0.120832,0.855552,0,0.83712,0.003328,0.096512,,0.0025599999999999998,,1.875456,8601,1423,0,
8602,95.386936996882085,76143929171,1,6.0877976939082146,7.4321,6.322176,2.3749,18203,0.001024,0.508672,,0.1216,0.355584,0.000256,0.33792,0.0076799999999999993,0.0896,,0.002304,,1.9228159999999999,8602,1424,0,
8603,95.393749298469388,76144003492,1,6.8123014643788338,7.6067,6.089216,2.5118,15763,0.001024,0.50636799999999993,,0.121344,0.35814399999999996,0,0.340736,0.0076799999999999993,0.086272,,0.002304,,1.67552,8603,1425,0,
8604,95.4004808956916,76144079559,1,6.7315972410142422,5.4113,6.776064,2.9987,18203,0.001024,0.506112,,0.122112,0.34815999999999997,0.000256,0.330752,0.003328,0.090112,,0.002304,,2.503168,8604,1426,0,
8605,95.406586196145128,76144133672,1,6.1053005047142506,8.0231,6.725888,2.5775,16134,0.001024,0.504064,,0.122112,0.66304,0,0.644608,0.003328,0.090112,,0.0025599999999999998,,2.009856,8605,1427,0,
8606,95.413159800170064,76144213903,1,6.5736039541661739,5.3984,6.075904,2.8391,18203,0.001024,0.502784,,0.1216,0.349184,0,0.331264,0.003072,0.084992,,0.002304,,1.696,8606,1428,0,
8607,95.4198375,76144267887,1,6.6776997409760952,7.1187,6.557952,2.6082,15763,0.003328,0.51302399999999992,,0.128512,0.34944,0,0.33177599999999996,0.003072,0.087551999999999991,,0.002048,,1.8744319999999999,8607,1429,0,
8608,95.426219897959186,76144339074,1,6.3823978416621685,5.659,6.625792,3.1948,18203,0.001024,0.6208,,0.12185599999999999,0.469504,0.000256,0.278528,0.049408,0.08806399999999999,,0.002816,,1.898752,8608,1430,0,
8609,95.432867998866215,76144395664,1,6.6481009125709534,6.9707,6.381824,2.5468,15763,0.001024,0.507648,,0.12185599999999999,0.366336,0.000256,0.348672,0.0076799999999999993,0.093183999999999989,,0.002048,,2.363136,8609,1431,0,
8610,95.4399160005669,76144465371,1,7.0480015128850937,6.5553,6.63296,2.6841,18203,0.001024,0.507648,,0.12185599999999999,0.366336,0.000256,0.348672,0.0076799999999999993,0.093183999999999989,,0.002048,,2.363136,8610,1432,0,
8611,95.446122200963714,76144530924,1,6.2062004581093788,6.0841,7.024896,2.4067,16110,0.001024,0.507392,,0.127488,0.361984,0,0.343808,0.006912,0.0896,,0.002304,,2.173184,8611,1433,0,
8612,95.452891595804985,76144591765,1,6.7693949677050114,7.5369,6.019072,3.2207,18203,0.001024,0.50969599999999993,,0.122112,0.726528,0,0.708096,0.005376,0.09088,,0.0025599999999999998,,1.696512,8612,1434,0,
8613,95.45884280045351,76144667134,1,5.9512048028409481,7.0734,6.080768,2.9887,15763,0.001024,0.51968,,0.12236799999999999,0.35712,0,0.3392,0.0038399999999999997,0.091904,,0.002048,,2.076416,8613,1435,0,
8614,95.465429499716549,76144737868,1,6.5866992808878422,5.5309,5.932288,2.763,18255,0.001024,0.50559999999999994,,0.121344,0.353792,0,0.33664,0.003584,0.09036799999999999,,0.002048,,1.677568,8614,1436,0,
8615,95.472275595238088,76144793177,1,6.846095435321331,6.6974,6.56512,2.8936,15763,0.001024,0.507648,,0.12287999999999999,0.354304,0,0.336896,0.007936,0.09088,,0.002304,,2.025728,8615,1437,0,
8616,95.478365100623577,76144860151,1,6.089505273848772,6.3588,6.825472,2.8892,18203,0.001024,0.50969599999999993,,0.1216,0.35737599999999997,0,0.338688,0.003584,0.091648,,0.002048,,2.2763519999999997,8616,1438,0,
8617,95.485166595804984,76144923739,1,6.80149532854557,7.5239,6.06848,2.5232,15763,0.001024,0.510976,,0.122624,0.3584,0,0.341248,0.003584,0.090112,,0.002304,,1.67552,8617,1439,0,
8618,95.491830300453515,76144998978,1,6.6637047566473484,5.1476,6.78528,2.4988,18323,0.001024,0.50559999999999994,,0.12057599999999999,0.91648,0.000256,0.89779199999999992,0.0076799999999999993,0.090624,,0.0025599999999999998,,1.91232,8618,1440,0,
8619,95.498477600623573,76145050454,1,6.6472999751567841,6.178,6.652416,2.8333,15763,0.001024,0.50559999999999994,,0.12057599999999999,0.91648,0.000256,0.89779199999999992,0.0076799999999999993,0.090624,,0.0025599999999999998,,1.91232,8619,1441,0,
8620,95.50508499858276,76145112234,1,6.6073979251086712,7.086,6.613504,2.5795,18203,0.001024,0.62182399999999993,,0.122112,0.552704,0.000256,0.33894399999999997,0.009472,0.089343999999999993,,0.002048,,1.884672,8620,1442,0,
8621,95.5116786989796,76145183094,1,6.593700498342514,5.8336,6.121216,2.9096,15763,0.001024,0.50559999999999994,,0.121088,0.35686399999999996,0.000256,0.338688,0.007936,0.091904,,0.002048,,1.981696,8621,1443,0,
8622,95.518230094954646,76145241430,1,6.5513961017131805,9.1583,6.021888,2.8696,18203,0.001024,0.510208,,0.12236799999999999,0.358656,0,0.34099199999999996,0.007936,0.094975999999999991,,0.002304,,1.886976,8622,1444,0,
8623,95.5239049957483,76145333013,1,5.6749009527266026,5.1823,6.544128,2.768,15763,0.001024,0.508672,,0.121344,0.722688,0,0.704768,0.007936,0.089343999999999993,,0.0025599999999999998,,2.150912,8623,1445,0,
8624,95.53028639455782,76145384836,1,6.3813989982008934,6.6382,5.661184,2.9398,18203,0.001024,0.50688,,0.12185599999999999,0.36403199999999997,0,0.346112,0.003584,0.08832,,0.002048,,1.872896,8624,1446,0,
8625,95.536988796768711,76145451218,1,6.7024021409451962,6.2037,6.361344,2.6343,15763,0.001024,0.51072,,0.126976,0.35942399999999997,0.000256,0.33971199999999996,0.003328,0.092159999999999992,,0.003328,,1.874944,8625,1447,0,
8626,95.5430514951814,76145513255,1,6.0626985505223274,5.6325,6.65472,2.5948,18405,0.001024,0.510464,,0.1216,0.78668799999999994,0,0.76825599999999994,0.005376,0.087296,,0.0025599999999999998,,1.83296,8626,1448,0,
8627,95.549337096088436,76145569580,1,6.2856008298695087,6.7794,5.978624,2.8742,15763,0.001024,0.51456,,0.12287999999999999,0.34944,0,0.331264,0.004096,0.086016,,0.002304,,1.886464,8627,1449,0,
8628,95.555037096088427,76145637374,1,5.70000009611249,7.4998,5.686784,2.5565,18203,0.001024,0.50969599999999993,,0.122624,0.353024,0,0.33536,0.003584,0.087296,,0.002304,,1.6734719999999998,8628,1450,0,
8629,95.560840894274378,76145712372,1,5.8037983253598213,4.6335,5.683456,2.7033,15763,0.001024,0.50816,,0.121088,0.363008,0.000256,0.345088,0.0038399999999999997,0.097024,,0.002048,,1.876224,8629,1451,0,
8630,95.566492594954639,76145758707,1,5.6517007760703564,6.8995,5.653504,2.585,18203,0.001024,0.510976,,0.122112,0.354304,0.000256,0.33638399999999996,0.007936,0.091392,,0.002048,,1.858816,8630,1452,0,
8631,95.572204095804992,76145827702,1,5.7115009985864162,5.9082,5.650432,2.1364,15763,0.001024,0.51148799999999994,,0.122624,0.349952,0,0.332032,0.003584,0.0896,,0.002304,,1.880064,8631,1453,0,
8632,95.578079095804981,76145886784,1,5.8749997988343239,4.9145,5.621504,2.3558,18203,0.000768,0.504576,,0.12185599999999999,0.352,0,0.33408,0.0076799999999999993,0.09036799999999999,,0.002304,,1.67936,8632,1454,0,
8633,95.585262996031744,76145935929,1,7.1839001029729843,5.299,5.913344,2.4142,15763,0.001024,0.50559999999999994,,0.122112,0.35942399999999997,0,0.342016,0.007424,0.091648,,0.002304,,1.8693119999999999,8633,1455,0,
8634,95.591928996598639,76145988919,1,6.6660004667937756,6.0159,7.163904,2.7979,18203,0.001024,0.509184,,0.302848,0.36863999999999997,0,0.340736,0.00896,0.092159999999999992,,0.002304,,2.702336,8634,1456,0,
8635,95.598484297052153,76146049078,1,6.5553006716072559,6.0467,6.647808,2.7154,15763,0.001024,0.506112,,0.121344,0.547584,0,0.529408,0.003328,0.093696,,0.002304,,2.356224,8635,1457,0,
8636,95.60597609835601,76146109545,1,7.4918013997375965,7.6502,6.536704,3.2131,21295,0.002304,0.521728,,0.133376,0.354048,0.000256,0.33536,0.003584,0.089855999999999991,,0.002304,,2.2878719999999997,8636,1458,0,
8637,95.612601594387755,76146186047,1,6.6254958510398865,7.056,7.473664,4.4611,15763,0.0012799999999999999,0.51302399999999992,,0.13747199999999998,0.36403199999999997,0,0.343808,0.0038399999999999997,0.09472,,0.002816,,2.01344,8637,1459,0,
8638,95.619816496598631,76146256607,1,7.2149024344980717,5.8979,6.60864,2.3162,18203,0.001024,0.50969599999999993,,0.133376,0.352512,0,0.333824,0.003584,0.0896,,0.002304,,1.859584,8638,1460,0,
8639,95.626381398809514,76146315586,1,6.5649021416902542,7.8518,7.198976,3.2966,15763,0.001024,0.506112,,0.1216,0.35225599999999996,0,0.33433599999999997,0.0063999999999999994,0.091392,,0.002048,,3.0574079999999997,8639,1461,0,
8640,95.634223100907022,76146394104,1,7.8417025506496429,7.0779,6.545408,2.774,18203,0.001024,0.506112,,0.12287999999999999,0.359168,0,0.341248,0.007936,0.09036799999999999,,0.002304,,2.0907519999999997,8640,1462,0,
8641,95.640291999716553,76146464883,1,6.06889883056283,6.8637,7.708672,2.6791,15763,0.001024,0.50944,,0.122624,1.0647039999999999,0,0.40166399999999997,0.004096,0.08832,,0.0025599999999999998,,1.9978239999999998,8641,1463,0,
8642,95.647294494047614,76146533520,1,7.0024942979216576,6.0093,6.164736,3.3132,18525,0.001024,0.506112,,0.120832,0.349184,0.000256,0.33177599999999996,0.004352,0.089088,,0.002048,,1.69472,8642,1464,0,
8643,95.653627699829926,76146593613,1,6.3332058489322662,8.876,6.33344,3.2365,15763,0.001024,0.508416,,0.12287999999999999,0.358912,0.000256,0.341248,0.0038399999999999997,0.0896,,0.002304,,1.67808,8643,1465,0,
8644,95.660600800736958,76146682373,1,6.9731008261442184,5.2772,6.313728,2.6435,18203,0.001024,0.507904,,0.122624,0.349696,0,0.332032,0.0076799999999999993,0.091648,,0.002304,,2.1311999999999998,8644,1466,0,
8645,95.667305194160988,76146735145,1,6.704393308609724,7.1614,6.96448,2.545,15815,0.001024,0.507648,,0.12185599999999999,0.49151999999999996,0,0.308736,0.031487999999999995,0.09548799999999999,,0.003072,,1.885184,8645,1467,0,
8646,95.674065199829926,76146806759,1,6.7600058391690254,5.7356,6.662656,2.7852,18203,0.001024,0.507392,,0.12544,0.36224,0,0.342528,0.005376,0.082688,,0.004352,,1.8826239999999999,8646,1468,0,
8647,95.680650496031745,76146864115,1,6.585296243429184,6.6315,6.759936,2.4037,15763,0.000768,0.507392,,0.121088,0.35072,0,0.332544,0.0076799999999999993,0.090624,,0.002048,,1.8644479999999999,8647,1469,0,
8648,95.687227799036279,76146930430,1,6.5773031674325466,6.9766,6.571776,2.7788,18203,0.001024,0.507904,,0.122112,0.35712,0,0.3392,0.003584,0.09344,,0.002304,,2.503168,8648,1470,0,
8649,95.6940535005669,76147000196,1,6.8257013335824013,6.8684,6.54592,2.8922,15763,0.001024,0.507392,,0.121344,0.35737599999999997,0,0.3392,0.005376,0.093183999999999989,,0.002304,,2.463232,8649,1471,0,
8650,95.701093594104307,76147068880,1,7.0400936529040337,6.859,6.711552,2.9021,18203,0.001024,0.50944,,0.13312,0.359168,0,0.340736,0.007936,0.091904,,0.002304,,2.074112,8650,1472,0,
8651,95.707745195578227,76147137470,1,6.6516012884676456,6.4712,7.117312,2.9502,15763,0.001024,0.508416,,0.13516799999999998,0.361984,0.000256,0.34304,0.012032,0.08806399999999999,,0.002304,,2.169088,8651,1473,0,
8652,95.7145049957483,76147202182,1,6.7598000168800354,7.3169,6.630912,2.2603,18203,0.001024,0.508672,,0.13312,0.355328,0,0.33664,0.003584,0.089855999999999991,,0.002304,,2.5471999999999997,8652,1474,0,
8653,95.721072696995464,76147275351,1,6.567701231688261,6.4609,6.745088,1.9665,15763,0.001024,0.505856,,0.121344,0.358656,0.000256,0.341248,0.004352,0.093952,,0.002048,,2.546176,8653,1475,0,
8654,95.727694394841265,76147339960,1,6.6216979175806046,6.5991,6.547968,2.3188,18203,0.001024,0.506624,,0.12185599999999999,0.347904,0,0.33024,0.003584,0.090112,,0.002304,,2.2049279999999998,8654,1476,0,
8655,95.7346514951814,76147405951,1,6.9571002386510372,6.752,6.611968,3.4352,15763,0.001024,0.504064,,0.126464,0.36224,0,0.34304,0.003328,0.091904,,0.0025599999999999998,,1.69728,8655,1477,0,
8656,95.7413045989229,76147473471,1,6.6531035117805,6.5153,6.94272,3.1596,18405,0.001024,0.505344,,0.12185599999999999,0.353792,0,0.335872,0.003072,0.088832,,0.002304,,2.198272,8656,1478,0,
8657,95.747480598072556,76147538624,1,6.1759990639984608,7.3026,6.635776,2.3588,15763,0.001024,0.507392,,0.121344,0.35020799999999996,0,0.3328,0.003328,0.09036799999999999,,0.002304,,2.454272,8657,1479,0,
8658,95.754252196712017,76147611650,1,6.7715984769165516,5.6009,6.157056,3.1899,18203,0.001024,0.619008,,0.121088,0.359168,0,0.341248,0.003328,0.089088,,0.002304,,2.0387839999999997,8658,1480,0,
8659,95.761746095521545,76147667659,1,7.4938987381756306,7.8807,6.765056,2.5098,15763,0.000768,0.510208,,0.125696,0.36607999999999996,0,0.346368,0.007936,0.09088,,0.0025599999999999998,,2.29888,8659,1481,0,
8660,95.768835700113371,76147746466,1,7.0896046236157417,5.7301,7.46496,3.222,18203,0.001024,0.504576,,0.607232,0.36863999999999997,0,0.348672,0.003584,0.10009599999999999,,0.0025599999999999998,,1.685504,8660,1482,0,
8661,95.77519179421769,76147803767,1,6.3560940325260162,7.2107,7.078144,2.5327,15763,0.001024,0.50636799999999993,,0.125696,0.35737599999999997,0,0.33792,0.007424,0.086784,,0.0025599999999999998,,2.539776,8661,1483,0,
8662,95.78199559948979,76147875874,1,6.8038054741919041,6.9237,6.334464,2.6385,18203,0.001024,0.507648,,0.120832,0.353024,0,0.33510399999999996,0.003072,0.08806399999999999,,0.002304,,2.28864,8662,1484,0,
8663,95.788744097222221,76147945111,1,6.7484979517757893,7.1932,6.793472,2.1586,15763,0.001024,0.507648,,0.123136,0.356352,0,0.337408,0.014336,0.109568,,0.0025599999999999998,,2.047744,8663,1485,0,
8664,95.795088095238086,76148017043,1,6.34399801492691,6.8218,6.665472,2.9031,18203,0.001024,0.50892799999999994,,0.76416,0.40703999999999996,0.000256,0.38655999999999996,0.003328,0.091392,,0.0025599999999999998,,1.85856,8664,1486,0,
8665,95.8017341978458,76148085261,1,6.6461027599871159,6.0105,6.2976,2.0178,15883,0.001024,0.505344,,0.120832,0.355584,0.000256,0.33766399999999996,0.012799999999999999,0.089855999999999991,,0.002048,,1.8432,8665,1487,0,
8666,95.808561996882077,76148145366,1,6.8277991376817226,6.3124,6.718208,2.4393,18203,0.001024,0.621568,,0.12287999999999999,0.36224,0,0.343296,0.00896,0.089088,,0.0025599999999999998,,2.135808,8666,1488,0,
8667,95.815913499149659,76148208490,1,7.3515023104846478,7.0088,6.82496,3.0575,18489,0.001024,0.505088,,0.120832,0.832,0.000256,0.813568,0.003328,0.09088,,0.0025599999999999998,,1.9240959999999998,8667,1489,0,
8668,95.822820393990924,76148278578,1,6.9068949669599533,7.2706,6.968576,2.2822,18203,0.000768,0.505344,,0.122624,0.355328,0,0.337152,0.007936,0.09036799999999999,,0.002304,,2.043904,8668,1490,0,
8669,95.829570500283438,76148351284,1,6.75010634586215,6.256,6.45504,3.0898,15763,0.001024,0.503552,,0.12236799999999999,0.358656,0.000256,0.339968,0.003584,0.09088,,0.002304,,2.0490239999999997,8669,1491,0,
8670,95.83591079931972,76148413844,1,6.340299267321825,9.4326,6.181376,3.378,18203,0.003072,0.630016,,0.1216,0.35020799999999996,0,0.33177599999999996,0.007936,0.090112,,0.0025599999999999998,,1.8775039999999998,8670,1492,0,
8671,95.842588095238085,76148508170,1,6.6772960126399994,4.9013,6.31808,3.1977,15965,0.000768,0.504064,,0.121344,0.35942399999999997,0,0.341504,0.003328,0.089343999999999993,,0.002048,,2.06464,8671,1493,0,
8672,95.84983969671201,76148557183,1,7.2516016662120819,6.7327,6.616832,2.5764,18203,0.001024,0.51481599999999994,,0.121344,0.350976,0,0.33305599999999996,0.003584,0.090112,,0.002048,,1.687296,8672,1494,0,
8673,95.856099596088427,76148624510,1,6.2598995864391327,6.3584,7.283968,2.0567,15763,0.001024,0.509184,,0.12723199999999998,0.799744,0,0.322304,0.026624,0.091904,,0.002816,,2.0974079999999997,8673,1495,0,
