observation,camera_frame_observed,editor_time_observed,vsm_active_observed,marker,gpu_ns,gpu_sample_count
0,451,8875.7546993,1,VSM.PageOccupancy,60160,1
0,451,8875.7546993,1,VSM.LayoutRemap,0,1
0,451,8875.7546993,1,VSM.ResetFeedback,0,1
0,451,8875.7546993,1,VSM.MarkReceiverPages,607744,1
0,451,8875.7546993,1,VSM.Allocate,222720,1
0,451,8875.7546993,1,VSM.InvalidateStatic,0,0
0,451,8875.7546993,1,VSM.ClearPhysicalPages,377600,1
0,451,8875.7546993,1,VSM.StaticCasterCull,72704,1
0,451,8875.7546993,1,VSM.DynamicCasterCull,0,1
0,451,8875.7546993,1,VSM.PageCull,48384,1
0,451,8875.7546993,1,VSM.StaticRaster,7424,1
0,451,8875.7546993,1,VSM.FinalizePages,2048,1
0,451,8875.7546993,1,VSM.DynamicRaster,12544,1
0,451,8875.7546993,1,VSM.UnityCompatibilityRaster,0,0
0,451,8875.7546993,1,VSM.Resolve,7139584,1
0,451,8875.7546993,1,VSM.ResolveTrace,6915328,1
0,451,8875.7546993,1,VSM.FilterHorizontal,65792,1
0,451,8875.7546993,1,VSM.FilterVertical,0,0
0,451,8875.7546993,1,VSM.FilterTemporalVertical,157184,1
1,452,8875.7726102,1,VSM.PageOccupancy,60928,1
1,452,8875.7726102,1,VSM.LayoutRemap,0,1
1,452,8875.7726102,1,VSM.ResetFeedback,0,1
1,452,8875.7726102,1,VSM.MarkReceiverPages,624384,1
1,452,8875.7726102,1,VSM.Allocate,225280,1
1,452,8875.7726102,1,VSM.InvalidateStatic,0,0
1,452,8875.7726102,1,VSM.ClearPhysicalPages,534016,1
1,452,8875.7726102,1,VSM.StaticCasterCull,70400,1
1,452,8875.7726102,1,VSM.DynamicCasterCull,0,1
1,452,8875.7726102,1,VSM.PageCull,49920,1
1,452,8875.7726102,1,VSM.StaticRaster,3072,1
1,452,8875.7726102,1,VSM.FinalizePages,2048,1
1,452,8875.7726102,1,VSM.DynamicRaster,13824,1
1,452,8875.7726102,1,VSM.UnityCompatibilityRaster,0,0
1,452,8875.7726102,1,VSM.Resolve,7079936,1
1,452,8875.7726102,1,VSM.ResolveTrace,6853376,1
1,452,8875.7726102,1,VSM.FilterHorizontal,67584,1
1,452,8875.7726102,1,VSM.FilterVertical,0,0
1,452,8875.7726102,1,VSM.FilterTemporalVertical,157696,1
2,453,8875.790487100001,1,VSM.PageOccupancy,57856,1
2,453,8875.790487100001,1,VSM.LayoutRemap,0,1
2,453,8875.790487100001,1,VSM.ResetFeedback,0,1
2,453,8875.790487100001,1,VSM.MarkReceiverPages,608768,1
2,453,8875.790487100001,1,VSM.Allocate,228096,1
2,453,8875.790487100001,1,VSM.InvalidateStatic,0,0
2,453,8875.790487100001,1,VSM.ClearPhysicalPages,90624,1
2,453,8875.790487100001,1,VSM.StaticCasterCull,67584,1
2,453,8875.790487100001,1,VSM.DynamicCasterCull,0,1
2,453,8875.790487100001,1,VSM.PageCull,48896,1
2,453,8875.790487100001,1,VSM.StaticRaster,6144,1
2,453,8875.790487100001,1,VSM.FinalizePages,1792,1
2,453,8875.790487100001,1,VSM.DynamicRaster,14336,1
2,453,8875.790487100001,1,VSM.UnityCompatibilityRaster,0,0
2,453,8875.790487100001,1,VSM.Resolve,7883008,1
2,453,8875.790487100001,1,VSM.ResolveTrace,7659520,1
2,453,8875.790487100001,1,VSM.FilterHorizontal,66560,1
2,453,8875.790487100001,1,VSM.FilterVertical,0,0
2,453,8875.790487100001,1,VSM.FilterTemporalVertical,156160,1
3,454,8875.8077679,1,VSM.PageOccupancy,62464,1
3,454,8875.8077679,1,VSM.LayoutRemap,0,1
3,454,8875.8077679,1,VSM.ResetFeedback,0,1
3,454,8875.8077679,1,VSM.MarkReceiverPages,609024,1
3,454,8875.8077679,1,VSM.Allocate,227584,1
3,454,8875.8077679,1,VSM.InvalidateStatic,0,0
3,454,8875.8077679,1,VSM.ClearPhysicalPages,90880,1
3,454,8875.8077679,1,VSM.StaticCasterCull,66816,1
3,454,8875.8077679,1,VSM.DynamicCasterCull,0,1
3,454,8875.8077679,1,VSM.PageCull,48128,1
3,454,8875.8077679,1,VSM.StaticRaster,7680,1
3,454,8875.8077679,1,VSM.FinalizePages,1792,1
3,454,8875.8077679,1,VSM.DynamicRaster,12800,1
3,454,8875.8077679,1,VSM.UnityCompatibilityRaster,0,0
3,454,8875.8077679,1,VSM.Resolve,7569664,1
3,454,8875.8077679,1,VSM.ResolveTrace,7343616,1
3,454,8875.8077679,1,VSM.FilterHorizontal,65792,1
3,454,8875.8077679,1,VSM.FilterVertical,0,0
3,454,8875.8077679,1,VSM.FilterTemporalVertical,158976,1
4,455,8875.8354317000012,1,VSM.PageOccupancy,61184,1
4,455,8875.8354317000012,1,VSM.LayoutRemap,0,1
4,455,8875.8354317000012,1,VSM.ResetFeedback,0,1
4,455,8875.8354317000012,1,VSM.MarkReceiverPages,610304,1
4,455,8875.8354317000012,1,VSM.Allocate,228096,1
4,455,8875.8354317000012,1,VSM.InvalidateStatic,0,0
4,455,8875.8354317000012,1,VSM.ClearPhysicalPages,551680,1
4,455,8875.8354317000012,1,VSM.StaticCasterCull,76288,1
4,455,8875.8354317000012,1,VSM.DynamicCasterCull,0,1
4,455,8875.8354317000012,1,VSM.PageCull,46848,1
4,455,8875.8354317000012,1,VSM.StaticRaster,7168,1
4,455,8875.8354317000012,1,VSM.FinalizePages,2048,1
4,455,8875.8354317000012,1,VSM.DynamicRaster,11520,1
4,455,8875.8354317000012,1,VSM.UnityCompatibilityRaster,0,0
4,455,8875.8354317000012,1,VSM.Resolve,7508480,1
4,455,8875.8354317000012,1,VSM.ResolveTrace,7280640,1
4,455,8875.8354317000012,1,VSM.FilterHorizontal,66560,1
4,455,8875.8354317000012,1,VSM.FilterVertical,0,0
4,455,8875.8354317000012,1,VSM.FilterTemporalVertical,160256,1
5,456,8875.8530160000009,1,VSM.PageOccupancy,61440,1
5,456,8875.8530160000009,1,VSM.LayoutRemap,0,1
5,456,8875.8530160000009,1,VSM.ResetFeedback,0,1
5,456,8875.8530160000009,1,VSM.MarkReceiverPages,609280,1
5,456,8875.8530160000009,1,VSM.Allocate,227072,1
5,456,8875.8530160000009,1,VSM.InvalidateStatic,0,0
5,456,8875.8530160000009,1,VSM.ClearPhysicalPages,90880,1
5,456,8875.8530160000009,1,VSM.StaticCasterCull,68096,1
5,456,8875.8530160000009,1,VSM.DynamicCasterCull,0,1
5,456,8875.8530160000009,1,VSM.PageCull,49664,1
5,456,8875.8530160000009,1,VSM.StaticRaster,7424,1
5,456,8875.8530160000009,1,VSM.FinalizePages,1792,1
5,456,8875.8530160000009,1,VSM.DynamicRaster,13568,1
5,456,8875.8530160000009,1,VSM.UnityCompatibilityRaster,0,0
5,456,8875.8530160000009,1,VSM.Resolve,6969856,1
5,456,8875.8530160000009,1,VSM.ResolveTrace,6746112,1
5,456,8875.8530160000009,1,VSM.FilterHorizontal,66304,1
5,456,8875.8530160000009,1,VSM.FilterVertical,0,0
5,456,8875.8530160000009,1,VSM.FilterTemporalVertical,156160,1
6,457,8875.8704040000011,1,VSM.PageOccupancy,58112,1
6,457,8875.8704040000011,1,VSM.LayoutRemap,0,1
6,457,8875.8704040000011,1,VSM.ResetFeedback,0,1
6,457,8875.8704040000011,1,VSM.MarkReceiverPages,607488,1
6,457,8875.8704040000011,1,VSM.Allocate,226560,1
6,457,8875.8704040000011,1,VSM.InvalidateStatic,0,0
6,457,8875.8704040000011,1,VSM.ClearPhysicalPages,282624,1
6,457,8875.8704040000011,1,VSM.StaticCasterCull,70400,1
6,457,8875.8704040000011,1,VSM.DynamicCasterCull,0,1
6,457,8875.8704040000011,1,VSM.PageCull,49664,1
6,457,8875.8704040000011,1,VSM.StaticRaster,4608,1
6,457,8875.8704040000011,1,VSM.FinalizePages,2048,1
6,457,8875.8704040000011,1,VSM.DynamicRaster,13568,1
6,457,8875.8704040000011,1,VSM.UnityCompatibilityRaster,0,0
6,457,8875.8704040000011,1,VSM.Resolve,8881152,1
6,457,8875.8704040000011,1,VSM.ResolveTrace,8652800,1
6,457,8875.8704040000011,1,VSM.FilterHorizontal,67840,1
6,457,8875.8704040000011,1,VSM.FilterVertical,0,0
6,457,8875.8704040000011,1,VSM.FilterTemporalVertical,158976,1
7,458,8875.8894043,1,VSM.PageOccupancy,58624,1
7,458,8875.8894043,1,VSM.LayoutRemap,0,1
7,458,8875.8894043,1,VSM.ResetFeedback,0,1
7,458,8875.8894043,1,VSM.MarkReceiverPages,606720,1
7,458,8875.8894043,1,VSM.Allocate,223744,1
7,458,8875.8894043,1,VSM.InvalidateStatic,0,0
7,458,8875.8894043,1,VSM.ClearPhysicalPages,89856,1
7,458,8875.8894043,1,VSM.StaticCasterCull,65792,1
7,458,8875.8894043,1,VSM.DynamicCasterCull,0,1
7,458,8875.8894043,1,VSM.PageCull,47616,1
7,458,8875.8894043,1,VSM.StaticRaster,7168,1
7,458,8875.8894043,1,VSM.FinalizePages,1792,1
7,458,8875.8894043,1,VSM.DynamicRaster,13312,1
7,458,8875.8894043,1,VSM.UnityCompatibilityRaster,0,0
7,458,8875.8894043,1,VSM.Resolve,7169024,1
7,458,8875.8894043,1,VSM.ResolveTrace,6947840,1
7,458,8875.8894043,1,VSM.FilterHorizontal,64256,1
7,458,8875.8894043,1,VSM.FilterVertical,0,0
7,458,8875.8894043,1,VSM.FilterTemporalVertical,156160,1
8,459,8875.908074500001,1,VSM.PageOccupancy,60672,1
8,459,8875.908074500001,1,VSM.LayoutRemap,0,1
8,459,8875.908074500001,1,VSM.ResetFeedback,0,1
8,459,8875.908074500001,1,VSM.MarkReceiverPages,608512,1
8,459,8875.908074500001,1,VSM.Allocate,228096,1
8,459,8875.908074500001,1,VSM.InvalidateStatic,0,0
8,459,8875.908074500001,1,VSM.ClearPhysicalPages,90880,1
8,459,8875.908074500001,1,VSM.StaticCasterCull,68096,1
8,459,8875.908074500001,1,VSM.DynamicCasterCull,0,1
8,459,8875.908074500001,1,VSM.PageCull,49664,1
8,459,8875.908074500001,1,VSM.StaticRaster,7424,1
8,459,8875.908074500001,1,VSM.FinalizePages,2048,1
8,459,8875.908074500001,1,VSM.DynamicRaster,14080,1
8,459,8875.908074500001,1,VSM.UnityCompatibilityRaster,0,0
8,459,8875.908074500001,1,VSM.Resolve,7072256,1
8,459,8875.908074500001,1,VSM.ResolveTrace,6516736,1
8,459,8875.908074500001,1,VSM.FilterHorizontal,68608,1
8,459,8875.908074500001,1,VSM.FilterVertical,0,0
8,459,8875.908074500001,1,VSM.FilterTemporalVertical,160000,1
9,460,8875.9257904,1,VSM.PageOccupancy,59648,1
9,460,8875.9257904,1,VSM.LayoutRemap,0,1
9,460,8875.9257904,1,VSM.ResetFeedback,0,1
9,460,8875.9257904,1,VSM.MarkReceiverPages,609792,1
9,460,8875.9257904,1,VSM.Allocate,227840,1
9,460,8875.9257904,1,VSM.InvalidateStatic,0,0
9,460,8875.9257904,1,VSM.ClearPhysicalPages,332800,1
9,460,8875.9257904,1,VSM.StaticCasterCull,69376,1
9,460,8875.9257904,1,VSM.DynamicCasterCull,0,1
9,460,8875.9257904,1,VSM.PageCull,49920,1
9,460,8875.9257904,1,VSM.StaticRaster,4608,1
9,460,8875.9257904,1,VSM.FinalizePages,1536,1
9,460,8875.9257904,1,VSM.DynamicRaster,14336,1
9,460,8875.9257904,1,VSM.UnityCompatibilityRaster,0,0
9,460,8875.9257904,1,VSM.Resolve,8425216,1
9,460,8875.9257904,1,VSM.ResolveTrace,8199936,1
9,460,8875.9257904,1,VSM.FilterHorizontal,67072,1
9,460,8875.9257904,1,VSM.FilterVertical,0,0
9,460,8875.9257904,1,VSM.FilterTemporalVertical,157440,1
10,461,8875.9439006000011,1,VSM.PageOccupancy,61696,1
10,461,8875.9439006000011,1,VSM.LayoutRemap,0,1
10,461,8875.9439006000011,1,VSM.ResetFeedback,0,1
10,461,8875.9439006000011,1,VSM.MarkReceiverPages,608512,1
10,461,8875.9439006000011,1,VSM.Allocate,226560,1
10,461,8875.9439006000011,1,VSM.InvalidateStatic,0,0
10,461,8875.9439006000011,1,VSM.ClearPhysicalPages,89600,1
10,461,8875.9439006000011,1,VSM.StaticCasterCull,72192,1
10,461,8875.9439006000011,1,VSM.DynamicCasterCull,0,1
10,461,8875.9439006000011,1,VSM.PageCull,53504,1
10,461,8875.9439006000011,1,VSM.StaticRaster,7168,1
10,461,8875.9439006000011,1,VSM.FinalizePages,1792,1
10,461,8875.9439006000011,1,VSM.DynamicRaster,16896,1
10,461,8875.9439006000011,1,VSM.UnityCompatibilityRaster,0,0
10,461,8875.9439006000011,1,VSM.Resolve,7401216,1
10,461,8875.9439006000011,1,VSM.ResolveTrace,7176960,1
10,461,8875.9439006000011,1,VSM.FilterHorizontal,65280,1
10,461,8875.9439006000011,1,VSM.FilterVertical,0,0
10,461,8875.9439006000011,1,VSM.FilterTemporalVertical,157696,1
11,462,8875.9616493000012,1,VSM.PageOccupancy,58880,1
11,462,8875.9616493000012,1,VSM.LayoutRemap,0,1
11,462,8875.9616493000012,1,VSM.ResetFeedback,0,1
11,462,8875.9616493000012,1,VSM.MarkReceiverPages,609024,1
11,462,8875.9616493000012,1,VSM.Allocate,223744,1
11,462,8875.9616493000012,1,VSM.InvalidateStatic,0,0
11,462,8875.9616493000012,1,VSM.ClearPhysicalPages,544512,1
11,462,8875.9616493000012,1,VSM.StaticCasterCull,72704,1
11,462,8875.9616493000012,1,VSM.DynamicCasterCull,0,1
11,462,8875.9616493000012,1,VSM.PageCull,47616,1
11,462,8875.9616493000012,1,VSM.StaticRaster,4608,1
11,462,8875.9616493000012,1,VSM.FinalizePages,2048,1
11,462,8875.9616493000012,1,VSM.DynamicRaster,11520,1
11,462,8875.9616493000012,1,VSM.UnityCompatibilityRaster,0,0
11,462,8875.9616493000012,1,VSM.Resolve,7399680,1
11,462,8875.9616493000012,1,VSM.ResolveTrace,7175168,1
11,462,8875.9616493000012,1,VSM.FilterHorizontal,66304,1
11,462,8875.9616493000012,1,VSM.FilterVertical,0,0
11,462,8875.9616493000012,1,VSM.FilterTemporalVertical,157184,1
12,463,8875.9797139,1,VSM.PageOccupancy,61696,1
12,463,8875.9797139,1,VSM.LayoutRemap,0,1
12,463,8875.9797139,1,VSM.ResetFeedback,0,1
12,463,8875.9797139,1,VSM.MarkReceiverPages,607232,1
12,463,8875.9797139,1,VSM.Allocate,225536,1
12,463,8875.9797139,1,VSM.InvalidateStatic,0,0
12,463,8875.9797139,1,VSM.ClearPhysicalPages,280832,1
12,463,8875.9797139,1,VSM.StaticCasterCull,70656,1
12,463,8875.9797139,1,VSM.DynamicCasterCull,0,1
12,463,8875.9797139,1,VSM.PageCull,49152,1
12,463,8875.9797139,1,VSM.StaticRaster,7168,1
12,463,8875.9797139,1,VSM.FinalizePages,1792,1
12,463,8875.9797139,1,VSM.DynamicRaster,13824,1
12,463,8875.9797139,1,VSM.UnityCompatibilityRaster,0,0
12,463,8875.9797139,1,VSM.Resolve,7135488,1
12,463,8875.9797139,1,VSM.ResolveTrace,6909952,1
12,463,8875.9797139,1,VSM.FilterHorizontal,67584,1
12,463,8875.9797139,1,VSM.FilterVertical,0,0
12,463,8875.9797139,1,VSM.FilterTemporalVertical,156928,1
13,464,8875.9971449,1,VSM.PageOccupancy,61440,1
13,464,8875.9971449,1,VSM.LayoutRemap,0,1
13,464,8875.9971449,1,VSM.ResetFeedback,0,1
13,464,8875.9971449,1,VSM.MarkReceiverPages,605952,1
13,464,8875.9971449,1,VSM.Allocate,226560,1
13,464,8875.9971449,1,VSM.InvalidateStatic,0,0
13,464,8875.9971449,1,VSM.ClearPhysicalPages,91136,1
13,464,8875.9971449,1,VSM.StaticCasterCull,71424,1
13,464,8875.9971449,1,VSM.DynamicCasterCull,0,1
13,464,8875.9971449,1,VSM.PageCull,51456,1
13,464,8875.9971449,1,VSM.StaticRaster,6912,1
13,464,8875.9971449,1,VSM.FinalizePages,1792,1
13,464,8875.9971449,1,VSM.DynamicRaster,13056,1
13,464,8875.9971449,1,VSM.UnityCompatibilityRaster,0,0
13,464,8875.9971449,1,VSM.Resolve,8219648,1
13,464,8875.9971449,1,VSM.ResolveTrace,7522560,1
13,464,8875.9971449,1,VSM.FilterHorizontal,67840,1
13,464,8875.9971449,1,VSM.FilterVertical,0,0
13,464,8875.9971449,1,VSM.FilterTemporalVertical,162048,1
14,465,8876.014772,1,VSM.PageOccupancy,61696,1
14,465,8876.014772,1,VSM.LayoutRemap,0,1
14,465,8876.014772,1,VSM.ResetFeedback,0,1
14,465,8876.014772,1,VSM.MarkReceiverPages,607488,1
14,465,8876.014772,1,VSM.Allocate,223488,1
14,465,8876.014772,1,VSM.InvalidateStatic,0,0
14,465,8876.014772,1,VSM.ClearPhysicalPages,444928,1
14,465,8876.014772,1,VSM.StaticCasterCull,73472,1
14,465,8876.014772,1,VSM.DynamicCasterCull,0,1
14,465,8876.014772,1,VSM.PageCull,48896,1
14,465,8876.014772,1,VSM.StaticRaster,4608,1
14,465,8876.014772,1,VSM.FinalizePages,1792,1
14,465,8876.014772,1,VSM.DynamicRaster,11008,1
14,465,8876.014772,1,VSM.UnityCompatibilityRaster,0,0
14,465,8876.014772,1,VSM.Resolve,7070208,1
14,465,8876.014772,1,VSM.ResolveTrace,6834688,1
14,465,8876.014772,1,VSM.FilterHorizontal,66560,1
14,465,8876.014772,1,VSM.FilterVertical,0,0
14,465,8876.014772,1,VSM.FilterTemporalVertical,167680,1
15,466,8876.0335081000012,1,VSM.PageOccupancy,61952,1
15,466,8876.0335081000012,1,VSM.LayoutRemap,0,1
15,466,8876.0335081000012,1,VSM.ResetFeedback,0,1
15,466,8876.0335081000012,1,VSM.MarkReceiverPages,609024,1
15,466,8876.0335081000012,1,VSM.Allocate,225792,1
15,466,8876.0335081000012,1,VSM.InvalidateStatic,0,0
15,466,8876.0335081000012,1,VSM.ClearPhysicalPages,90624,1
15,466,8876.0335081000012,1,VSM.StaticCasterCull,67584,1
15,466,8876.0335081000012,1,VSM.DynamicCasterCull,0,1
15,466,8876.0335081000012,1,VSM.PageCull,49408,1
15,466,8876.0335081000012,1,VSM.StaticRaster,7680,1
15,466,8876.0335081000012,1,VSM.FinalizePages,1792,1
15,466,8876.0335081000012,1,VSM.DynamicRaster,13056,1
15,466,8876.0335081000012,1,VSM.UnityCompatibilityRaster,0,0
15,466,8876.0335081000012,1,VSM.Resolve,7226112,1
15,466,8876.0335081000012,1,VSM.ResolveTrace,7001600,1
15,466,8876.0335081000012,1,VSM.FilterHorizontal,64512,1
15,466,8876.0335081000012,1,VSM.FilterVertical,0,0
15,466,8876.0335081000012,1,VSM.FilterTemporalVertical,158464,1
16,467,8876.054020900001,1,VSM.PageOccupancy,57856,1
16,467,8876.054020900001,1,VSM.LayoutRemap,0,1
16,467,8876.054020900001,1,VSM.ResetFeedback,0,1
16,467,8876.054020900001,1,VSM.MarkReceiverPages,609280,1
16,467,8876.054020900001,1,VSM.Allocate,225280,1
16,467,8876.054020900001,1,VSM.InvalidateStatic,0,0
16,467,8876.054020900001,1,VSM.ClearPhysicalPages,90368,1
16,467,8876.054020900001,1,VSM.StaticCasterCull,67840,1
16,467,8876.054020900001,1,VSM.DynamicCasterCull,0,1
16,467,8876.054020900001,1,VSM.PageCull,49152,1
16,467,8876.054020900001,1,VSM.StaticRaster,6912,1
16,467,8876.054020900001,1,VSM.FinalizePages,1792,1
16,467,8876.054020900001,1,VSM.DynamicRaster,13824,1
16,467,8876.054020900001,1,VSM.UnityCompatibilityRaster,0,0
16,467,8876.054020900001,1,VSM.Resolve,7583488,1
16,467,8876.054020900001,1,VSM.ResolveTrace,7354624,1
16,467,8876.054020900001,1,VSM.FilterHorizontal,67840,1
16,467,8876.054020900001,1,VSM.FilterVertical,0,0
16,467,8876.054020900001,1,VSM.FilterTemporalVertical,159488,1
17,468,8876.0722708000012,1,VSM.PageOccupancy,60928,1
17,468,8876.0722708000012,1,VSM.LayoutRemap,0,1
17,468,8876.0722708000012,1,VSM.ResetFeedback,0,1
17,468,8876.0722708000012,1,VSM.MarkReceiverPages,609792,1
17,468,8876.0722708000012,1,VSM.Allocate,228352,1
17,468,8876.0722708000012,1,VSM.InvalidateStatic,0,0
17,468,8876.0722708000012,1,VSM.ClearPhysicalPages,496384,1
17,468,8876.0722708000012,1,VSM.StaticCasterCull,73728,1
17,468,8876.0722708000012,1,VSM.DynamicCasterCull,0,1
17,468,8876.0722708000012,1,VSM.PageCull,48640,1
17,468,8876.0722708000012,1,VSM.StaticRaster,5120,1
17,468,8876.0722708000012,1,VSM.FinalizePages,2304,1
17,468,8876.0722708000012,1,VSM.DynamicRaster,12544,1
17,468,8876.0722708000012,1,VSM.UnityCompatibilityRaster,0,0
17,468,8876.0722708000012,1,VSM.Resolve,8057088,1
17,468,8876.0722708000012,1,VSM.ResolveTrace,7004928,1
17,468,8876.0722708000012,1,VSM.FilterHorizontal,65280,1
17,468,8876.0722708000012,1,VSM.FilterVertical,0,0
17,468,8876.0722708000012,1,VSM.FilterTemporalVertical,985600,1
18,469,8876.0896514,1,VSM.PageOccupancy,64000,1
18,469,8876.0896514,1,VSM.LayoutRemap,0,1
18,469,8876.0896514,1,VSM.ResetFeedback,0,1
18,469,8876.0896514,1,VSM.MarkReceiverPages,610048,1
18,469,8876.0896514,1,VSM.Allocate,228864,1
18,469,8876.0896514,1,VSM.InvalidateStatic,0,0
18,469,8876.0896514,1,VSM.ClearPhysicalPages,532224,1
18,469,8876.0896514,1,VSM.StaticCasterCull,72704,1
18,469,8876.0896514,1,VSM.DynamicCasterCull,0,1
18,469,8876.0896514,1,VSM.PageCull,48128,1
18,469,8876.0896514,1,VSM.StaticRaster,7168,1
18,469,8876.0896514,1,VSM.FinalizePages,2048,1
18,469,8876.0896514,1,VSM.DynamicRaster,12032,1
18,469,8876.0896514,1,VSM.UnityCompatibilityRaster,0,0
18,469,8876.0896514,1,VSM.Resolve,8015872,1
18,469,8876.0896514,1,VSM.ResolveTrace,7787008,1
18,469,8876.0896514,1,VSM.FilterHorizontal,68096,1
18,469,8876.0896514,1,VSM.FilterVertical,0,0
18,469,8876.0896514,1,VSM.FilterTemporalVertical,159488,1
19,470,8876.1095304000009,1,VSM.PageOccupancy,61184,1
19,470,8876.1095304000009,1,VSM.LayoutRemap,0,1
19,470,8876.1095304000009,1,VSM.ResetFeedback,0,1
19,470,8876.1095304000009,1,VSM.MarkReceiverPages,610304,1
19,470,8876.1095304000009,1,VSM.Allocate,228352,1
19,470,8876.1095304000009,1,VSM.InvalidateStatic,0,0
19,470,8876.1095304000009,1,VSM.ClearPhysicalPages,90368,1
19,470,8876.1095304000009,1,VSM.StaticCasterCull,68096,1
19,470,8876.1095304000009,1,VSM.DynamicCasterCull,0,1
19,470,8876.1095304000009,1,VSM.PageCull,48896,1
19,470,8876.1095304000009,1,VSM.StaticRaster,7680,1
19,470,8876.1095304000009,1,VSM.FinalizePages,2304,1
19,470,8876.1095304000009,1,VSM.DynamicRaster,13312,1
19,470,8876.1095304000009,1,VSM.UnityCompatibilityRaster,0,0
19,470,8876.1095304000009,1,VSM.Resolve,7507456,1
19,470,8876.1095304000009,1,VSM.ResolveTrace,7280896,1
19,470,8876.1095304000009,1,VSM.FilterHorizontal,67072,1
19,470,8876.1095304000009,1,VSM.FilterVertical,0,0
19,470,8876.1095304000009,1,VSM.FilterTemporalVertical,158720,1
20,471,8876.1275979,1,VSM.PageOccupancy,62976,1
20,471,8876.1275979,1,VSM.LayoutRemap,0,1
20,471,8876.1275979,1,VSM.ResetFeedback,0,1
20,471,8876.1275979,1,VSM.MarkReceiverPages,608512,1
20,471,8876.1275979,1,VSM.Allocate,228608,1
20,471,8876.1275979,1,VSM.InvalidateStatic,0,0
20,471,8876.1275979,1,VSM.ClearPhysicalPages,446720,1
20,471,8876.1275979,1,VSM.StaticCasterCull,72960,1
20,471,8876.1275979,1,VSM.DynamicCasterCull,0,1
20,471,8876.1275979,1,VSM.PageCull,48640,1
20,471,8876.1275979,1,VSM.StaticRaster,7168,1
20,471,8876.1275979,1,VSM.FinalizePages,1792,1
20,471,8876.1275979,1,VSM.DynamicRaster,12032,1
20,471,8876.1275979,1,VSM.UnityCompatibilityRaster,0,0
20,471,8876.1275979,1,VSM.Resolve,7197696,1
20,471,8876.1275979,1,VSM.ResolveTrace,6970624,1
20,471,8876.1275979,1,VSM.FilterHorizontal,67328,1
20,471,8876.1275979,1,VSM.FilterVertical,0,0
20,471,8876.1275979,1,VSM.FilterTemporalVertical,158464,1
21,472,8876.1468572000013,1,VSM.PageOccupancy,60160,1
21,472,8876.1468572000013,1,VSM.LayoutRemap,0,1
21,472,8876.1468572000013,1,VSM.ResetFeedback,0,1
21,472,8876.1468572000013,1,VSM.MarkReceiverPages,610048,1
21,472,8876.1468572000013,1,VSM.Allocate,227840,1
21,472,8876.1468572000013,1,VSM.InvalidateStatic,0,0
21,472,8876.1468572000013,1,VSM.ClearPhysicalPages,844544,1
21,472,8876.1468572000013,1,VSM.StaticCasterCull,77824,1
21,472,8876.1468572000013,1,VSM.DynamicCasterCull,0,1
21,472,8876.1468572000013,1,VSM.PageCull,51968,1
21,472,8876.1468572000013,1,VSM.StaticRaster,7168,1
21,472,8876.1468572000013,1,VSM.FinalizePages,1792,1
21,472,8876.1468572000013,1,VSM.DynamicRaster,11776,1
21,472,8876.1468572000013,1,VSM.UnityCompatibilityRaster,0,0
21,472,8876.1468572000013,1,VSM.Resolve,8020480,1
21,472,8876.1468572000013,1,VSM.ResolveTrace,7463936,1
21,472,8876.1468572000013,1,VSM.FilterHorizontal,68352,1
21,472,8876.1468572000013,1,VSM.FilterVertical,0,0
21,472,8876.1468572000013,1,VSM.FilterTemporalVertical,158208,1
22,473,8876.1659742000011,1,VSM.PageOccupancy,60160,1
22,473,8876.1659742000011,1,VSM.LayoutRemap,0,1
22,473,8876.1659742000011,1,VSM.ResetFeedback,0,1
22,473,8876.1659742000011,1,VSM.MarkReceiverPages,608256,1
22,473,8876.1659742000011,1,VSM.Allocate,225792,1
22,473,8876.1659742000011,1,VSM.InvalidateStatic,0,0
22,473,8876.1659742000011,1,VSM.ClearPhysicalPages,435968,1
22,473,8876.1659742000011,1,VSM.StaticCasterCull,74752,1
22,473,8876.1659742000011,1,VSM.DynamicCasterCull,0,1
22,473,8876.1659742000011,1,VSM.PageCull,50176,1
22,473,8876.1659742000011,1,VSM.StaticRaster,7168,1
22,473,8876.1659742000011,1,VSM.FinalizePages,2048,1
22,473,8876.1659742000011,1,VSM.DynamicRaster,11264,1
22,473,8876.1659742000011,1,VSM.UnityCompatibilityRaster,0,0
22,473,8876.1659742000011,1,VSM.Resolve,7132928,1
22,473,8876.1659742000011,1,VSM.ResolveTrace,6908160,1
22,473,8876.1659742000011,1,VSM.FilterHorizontal,66560,1
22,473,8876.1659742000011,1,VSM.FilterVertical,0,0
22,473,8876.1659742000011,1,VSM.FilterTemporalVertical,156928,1
23,474,8876.1837328,1,VSM.PageOccupancy,60928,1
23,474,8876.1837328,1,VSM.LayoutRemap,0,1
23,474,8876.1837328,1,VSM.ResetFeedback,0,1
23,474,8876.1837328,1,VSM.MarkReceiverPages,608256,1
23,474,8876.1837328,1,VSM.Allocate,225280,1
23,474,8876.1837328,1,VSM.InvalidateStatic,0,0
23,474,8876.1837328,1,VSM.ClearPhysicalPages,89856,1
23,474,8876.1837328,1,VSM.StaticCasterCull,67840,1
23,474,8876.1837328,1,VSM.DynamicCasterCull,0,1
23,474,8876.1837328,1,VSM.PageCull,49408,1
23,474,8876.1837328,1,VSM.StaticRaster,11776,1
23,474,8876.1837328,1,VSM.FinalizePages,1536,1
23,474,8876.1837328,1,VSM.DynamicRaster,14336,1
23,474,8876.1837328,1,VSM.UnityCompatibilityRaster,0,0
23,474,8876.1837328,1,VSM.Resolve,7017472,1
23,474,8876.1837328,1,VSM.ResolveTrace,6789632,1
23,474,8876.1837328,1,VSM.FilterHorizontal,68096,1
23,474,8876.1837328,1,VSM.FilterVertical,0,0
23,474,8876.1837328,1,VSM.FilterTemporalVertical,158976,1
24,475,8876.2020908000013,1,VSM.PageOccupancy,57856,1
24,475,8876.2020908000013,1,VSM.LayoutRemap,0,1
24,475,8876.2020908000013,1,VSM.ResetFeedback,0,1
24,475,8876.2020908000013,1,VSM.MarkReceiverPages,606720,1
24,475,8876.2020908000013,1,VSM.Allocate,225536,1
24,475,8876.2020908000013,1,VSM.InvalidateStatic,0,0
24,475,8876.2020908000013,1,VSM.ClearPhysicalPages,89600,1
24,475,8876.2020908000013,1,VSM.StaticCasterCull,67328,1
24,475,8876.2020908000013,1,VSM.DynamicCasterCull,0,1
24,475,8876.2020908000013,1,VSM.PageCull,48384,1
24,475,8876.2020908000013,1,VSM.StaticRaster,3584,1
24,475,8876.2020908000013,1,VSM.FinalizePages,1792,1
24,475,8876.2020908000013,1,VSM.DynamicRaster,14592,1
24,475,8876.2020908000013,1,VSM.UnityCompatibilityRaster,0,0
24,475,8876.2020908000013,1,VSM.Resolve,7686400,1
24,475,8876.2020908000013,1,VSM.ResolveTrace,7460864,1
24,475,8876.2020908000013,1,VSM.FilterHorizontal,65792,1
24,475,8876.2020908000013,1,VSM.FilterVertical,0,0
24,475,8876.2020908000013,1,VSM.FilterTemporalVertical,158208,1
25,476,8876.2206929,1,VSM.PageOccupancy,61696,1
25,476,8876.2206929,1,VSM.LayoutRemap,0,1
25,476,8876.2206929,1,VSM.ResetFeedback,0,1
25,476,8876.2206929,1,VSM.MarkReceiverPages,606720,1
25,476,8876.2206929,1,VSM.Allocate,225536,1
25,476,8876.2206929,1,VSM.InvalidateStatic,0,0
25,476,8876.2206929,1,VSM.ClearPhysicalPages,445696,1
25,476,8876.2206929,1,VSM.StaticCasterCull,73472,1
25,476,8876.2206929,1,VSM.DynamicCasterCull,0,1
25,476,8876.2206929,1,VSM.PageCull,49664,1
25,476,8876.2206929,1,VSM.StaticRaster,7424,1
25,476,8876.2206929,1,VSM.FinalizePages,2048,1
25,476,8876.2206929,1,VSM.DynamicRaster,11776,1
25,476,8876.2206929,1,VSM.UnityCompatibilityRaster,0,0
25,476,8876.2206929,1,VSM.Resolve,7164160,1
25,476,8876.2206929,1,VSM.ResolveTrace,6939904,1
25,476,8876.2206929,1,VSM.FilterHorizontal,66816,1
25,476,8876.2206929,1,VSM.FilterVertical,0,0
25,476,8876.2206929,1,VSM.FilterTemporalVertical,156160,1
26,477,8876.2390063,1,VSM.PageOccupancy,119296,1
26,477,8876.2390063,1,VSM.LayoutRemap,0,1
26,477,8876.2390063,1,VSM.ResetFeedback,0,1
26,477,8876.2390063,1,VSM.MarkReceiverPages,606720,1
26,477,8876.2390063,1,VSM.Allocate,225536,1
26,477,8876.2390063,1,VSM.InvalidateStatic,0,0
26,477,8876.2390063,1,VSM.ClearPhysicalPages,527872,1
26,477,8876.2390063,1,VSM.StaticCasterCull,72704,1
26,477,8876.2390063,1,VSM.DynamicCasterCull,0,1
26,477,8876.2390063,1,VSM.PageCull,48128,1
26,477,8876.2390063,1,VSM.StaticRaster,7168,1
26,477,8876.2390063,1,VSM.FinalizePages,2304,1
26,477,8876.2390063,1,VSM.DynamicRaster,11520,1
26,477,8876.2390063,1,VSM.UnityCompatibilityRaster,0,0
26,477,8876.2390063,1,VSM.Resolve,7574016,1
26,477,8876.2390063,1,VSM.ResolveTrace,7166464,1
26,477,8876.2390063,1,VSM.FilterHorizontal,66304,1
26,477,8876.2390063,1,VSM.FilterVertical,0,0
26,477,8876.2390063,1,VSM.FilterTemporalVertical,157184,1
27,478,8876.2584212,1,VSM.PageOccupancy,58368,1
27,478,8876.2584212,1,VSM.LayoutRemap,0,1
27,478,8876.2584212,1,VSM.ResetFeedback,0,1
27,478,8876.2584212,1,VSM.MarkReceiverPages,606464,1
27,478,8876.2584212,1,VSM.Allocate,225280,1
27,478,8876.2584212,1,VSM.InvalidateStatic,0,0
27,478,8876.2584212,1,VSM.ClearPhysicalPages,261888,1
27,478,8876.2584212,1,VSM.StaticCasterCull,71680,1
27,478,8876.2584212,1,VSM.DynamicCasterCull,0,1
27,478,8876.2584212,1,VSM.PageCull,48384,1
27,478,8876.2584212,1,VSM.StaticRaster,7168,1
27,478,8876.2584212,1,VSM.FinalizePages,1536,1
27,478,8876.2584212,1,VSM.DynamicRaster,13824,1
27,478,8876.2584212,1,VSM.UnityCompatibilityRaster,0,0
27,478,8876.2584212,1,VSM.Resolve,7046144,1
27,478,8876.2584212,1,VSM.ResolveTrace,6491648,1
27,478,8876.2584212,1,VSM.FilterHorizontal,68096,1
27,478,8876.2584212,1,VSM.FilterVertical,0,0
27,478,8876.2584212,1,VSM.FilterTemporalVertical,158464,1
28,479,8876.2791153,1,VSM.PageOccupancy,60160,1
28,479,8876.2791153,1,VSM.LayoutRemap,0,1
28,479,8876.2791153,1,VSM.ResetFeedback,0,1
28,479,8876.2791153,1,VSM.MarkReceiverPages,606976,1
28,479,8876.2791153,1,VSM.Allocate,227584,1
28,479,8876.2791153,1,VSM.InvalidateStatic,0,0
28,479,8876.2791153,1,VSM.ClearPhysicalPages,407808,1
28,479,8876.2791153,1,VSM.StaticCasterCull,70144,1
28,479,8876.2791153,1,VSM.DynamicCasterCull,0,1
28,479,8876.2791153,1,VSM.PageCull,46336,1
28,479,8876.2791153,1,VSM.StaticRaster,7168,1
28,479,8876.2791153,1,VSM.FinalizePages,1792,1
28,479,8876.2791153,1,VSM.DynamicRaster,11776,1
28,479,8876.2791153,1,VSM.UnityCompatibilityRaster,0,0
28,479,8876.2791153,1,VSM.Resolve,7730176,1
28,479,8876.2791153,1,VSM.ResolveTrace,7503872,1
28,479,8876.2791153,1,VSM.FilterHorizontal,67328,1
28,479,8876.2791153,1,VSM.FilterVertical,0,0
28,479,8876.2791153,1,VSM.FilterTemporalVertical,157952,1
29,480,8876.297892300001,1,VSM.PageOccupancy,60672,1
29,480,8876.297892300001,1,VSM.LayoutRemap,0,1
29,480,8876.297892300001,1,VSM.ResetFeedback,0,1
29,480,8876.297892300001,1,VSM.MarkReceiverPages,610304,1
29,480,8876.297892300001,1,VSM.Allocate,225024,1
29,480,8876.297892300001,1,VSM.InvalidateStatic,0,0
29,480,8876.297892300001,1,VSM.ClearPhysicalPages,90880,1
29,480,8876.297892300001,1,VSM.StaticCasterCull,552448,1
29,480,8876.297892300001,1,VSM.DynamicCasterCull,0,1
29,480,8876.297892300001,1,VSM.PageCull,49408,1
29,480,8876.297892300001,1,VSM.StaticRaster,4352,1
29,480,8876.297892300001,1,VSM.FinalizePages,1792,1
29,480,8876.297892300001,1,VSM.DynamicRaster,14336,1
29,480,8876.297892300001,1,VSM.UnityCompatibilityRaster,0,0
29,480,8876.297892300001,1,VSM.Resolve,8073728,1
29,480,8876.297892300001,1,VSM.ResolveTrace,7847168,1
29,480,8876.297892300001,1,VSM.FilterHorizontal,66560,1
29,480,8876.297892300001,1,VSM.FilterVertical,0,0
29,480,8876.297892300001,1,VSM.FilterTemporalVertical,158720,1
30,481,8876.3157214,1,VSM.PageOccupancy,64000,1
30,481,8876.3157214,1,VSM.LayoutRemap,0,1
30,481,8876.3157214,1,VSM.ResetFeedback,0,1
30,481,8876.3157214,1,VSM.MarkReceiverPages,609792,1
30,481,8876.3157214,1,VSM.Allocate,227328,1
30,481,8876.3157214,1,VSM.InvalidateStatic,0,0
30,481,8876.3157214,1,VSM.ClearPhysicalPages,90368,1
30,481,8876.3157214,1,VSM.StaticCasterCull,68864,1
30,481,8876.3157214,1,VSM.DynamicCasterCull,0,1
30,481,8876.3157214,1,VSM.PageCull,49664,1
30,481,8876.3157214,1,VSM.StaticRaster,3328,1
30,481,8876.3157214,1,VSM.FinalizePages,1792,1
30,481,8876.3157214,1,VSM.DynamicRaster,14848,1
30,481,8876.3157214,1,VSM.UnityCompatibilityRaster,0,0
30,481,8876.3157214,1,VSM.Resolve,8652288,1
30,481,8876.3157214,1,VSM.ResolveTrace,8423680,1
30,481,8876.3157214,1,VSM.FilterHorizontal,67840,1
30,481,8876.3157214,1,VSM.FilterVertical,0,0
30,481,8876.3157214,1,VSM.FilterTemporalVertical,159488,1
31,482,8876.3388559000014,1,VSM.PageOccupancy,57856,1
31,482,8876.3388559000014,1,VSM.LayoutRemap,0,1
31,482,8876.3388559000014,1,VSM.ResetFeedback,0,1
31,482,8876.3388559000014,1,VSM.MarkReceiverPages,607488,1
31,482,8876.3388559000014,1,VSM.Allocate,225280,1
31,482,8876.3388559000014,1,VSM.InvalidateStatic,0,0
31,482,8876.3388559000014,1,VSM.ClearPhysicalPages,433152,1
31,482,8876.3388559000014,1,VSM.StaticCasterCull,71424,1
31,482,8876.3388559000014,1,VSM.DynamicCasterCull,0,1
31,482,8876.3388559000014,1,VSM.PageCull,44544,1
31,482,8876.3388559000014,1,VSM.StaticRaster,7424,1
31,482,8876.3388559000014,1,VSM.FinalizePages,2048,1
31,482,8876.3388559000014,1,VSM.DynamicRaster,11264,1
31,482,8876.3388559000014,1,VSM.UnityCompatibilityRaster,0,0
31,482,8876.3388559000014,1,VSM.Resolve,7839744,1
31,482,8876.3388559000014,1,VSM.ResolveTrace,7350528,1
31,482,8876.3388559000014,1,VSM.FilterHorizontal,66048,1
31,482,8876.3388559000014,1,VSM.FilterVertical,0,0
31,482,8876.3388559000014,1,VSM.FilterTemporalVertical,422144,1
32,483,8876.3573034,1,VSM.PageOccupancy,60672,1
32,483,8876.3573034,1,VSM.LayoutRemap,0,1
32,483,8876.3573034,1,VSM.ResetFeedback,0,1
32,483,8876.3573034,1,VSM.MarkReceiverPages,610304,1
32,483,8876.3573034,1,VSM.Allocate,228352,1
32,483,8876.3573034,1,VSM.InvalidateStatic,0,0
32,483,8876.3573034,1,VSM.ClearPhysicalPages,90624,1
32,483,8876.3573034,1,VSM.StaticCasterCull,66560,1
32,483,8876.3573034,1,VSM.DynamicCasterCull,0,1
32,483,8876.3573034,1,VSM.PageCull,48128,1
32,483,8876.3573034,1,VSM.StaticRaster,6912,1
32,483,8876.3573034,1,VSM.FinalizePages,1792,1
32,483,8876.3573034,1,VSM.DynamicRaster,14592,1
32,483,8876.3573034,1,VSM.UnityCompatibilityRaster,0,0
32,483,8876.3573034,1,VSM.Resolve,7486976,1
32,483,8876.3573034,1,VSM.ResolveTrace,7260928,1
32,483,8876.3573034,1,VSM.FilterHorizontal,65536,1
32,483,8876.3573034,1,VSM.FilterVertical,0,0
32,483,8876.3573034,1,VSM.FilterTemporalVertical,158976,1
33,484,8876.3774497000013,1,VSM.PageOccupancy,62208,1
33,484,8876.3774497000013,1,VSM.LayoutRemap,0,1
33,484,8876.3774497000013,1,VSM.ResetFeedback,0,1
33,484,8876.3774497000013,1,VSM.MarkReceiverPages,609536,1
33,484,8876.3774497000013,1,VSM.Allocate,227840,1
33,484,8876.3774497000013,1,VSM.InvalidateStatic,0,0
33,484,8876.3774497000013,1,VSM.ClearPhysicalPages,439552,1
33,484,8876.3774497000013,1,VSM.StaticCasterCull,70912,1
33,484,8876.3774497000013,1,VSM.DynamicCasterCull,0,1
33,484,8876.3774497000013,1,VSM.PageCull,50176,1
33,484,8876.3774497000013,1,VSM.StaticRaster,7424,1
33,484,8876.3774497000013,1,VSM.FinalizePages,2048,1
33,484,8876.3774497000013,1,VSM.DynamicRaster,12288,1
33,484,8876.3774497000013,1,VSM.UnityCompatibilityRaster,0,0
33,484,8876.3774497000013,1,VSM.Resolve,7404544,1
33,484,8876.3774497000013,1,VSM.ResolveTrace,7179520,1
33,484,8876.3774497000013,1,VSM.FilterHorizontal,67072,1
33,484,8876.3774497000013,1,VSM.FilterVertical,0,0
33,484,8876.3774497000013,1,VSM.FilterTemporalVertical,156928,1
34,485,8876.3966846,1,VSM.PageOccupancy,58368,1
34,485,8876.3966846,1,VSM.LayoutRemap,0,1
34,485,8876.3966846,1,VSM.ResetFeedback,0,1
34,485,8876.3966846,1,VSM.MarkReceiverPages,610816,1
34,485,8876.3966846,1,VSM.Allocate,227840,1
34,485,8876.3966846,1,VSM.InvalidateStatic,0,0
34,485,8876.3966846,1,VSM.ClearPhysicalPages,626176,1
34,485,8876.3966846,1,VSM.StaticCasterCull,70656,1
34,485,8876.3966846,1,VSM.DynamicCasterCull,0,1
34,485,8876.3966846,1,VSM.PageCull,46336,1
34,485,8876.3966846,1,VSM.StaticRaster,3328,1
34,485,8876.3966846,1,VSM.FinalizePages,2048,1
34,485,8876.3966846,1,VSM.DynamicRaster,12032,1
34,485,8876.3966846,1,VSM.UnityCompatibilityRaster,0,0
34,485,8876.3966846,1,VSM.Resolve,7261184,1
34,485,8876.3966846,1,VSM.ResolveTrace,7035392,1
34,485,8876.3966846,1,VSM.FilterHorizontal,66048,1
34,485,8876.3966846,1,VSM.FilterVertical,0,0
34,485,8876.3966846,1,VSM.FilterTemporalVertical,158208,1
35,486,8876.4158066,1,VSM.PageOccupancy,58112,1
35,486,8876.4158066,1,VSM.LayoutRemap,0,1
35,486,8876.4158066,1,VSM.ResetFeedback,0,1
35,486,8876.4158066,1,VSM.MarkReceiverPages,608256,1
35,486,8876.4158066,1,VSM.Allocate,226304,1
35,486,8876.4158066,1,VSM.InvalidateStatic,0,0
35,486,8876.4158066,1,VSM.ClearPhysicalPages,305152,1
35,486,8876.4158066,1,VSM.StaticCasterCull,69120,1
35,486,8876.4158066,1,VSM.DynamicCasterCull,0,1
35,486,8876.4158066,1,VSM.PageCull,48896,1
35,486,8876.4158066,1,VSM.StaticRaster,3584,1
35,486,8876.4158066,1,VSM.FinalizePages,1536,1
35,486,8876.4158066,1,VSM.DynamicRaster,13824,1
35,486,8876.4158066,1,VSM.UnityCompatibilityRaster,0,0
35,486,8876.4158066,1,VSM.Resolve,7580160,1
35,486,8876.4158066,1,VSM.ResolveTrace,7356672,1
35,486,8876.4158066,1,VSM.FilterHorizontal,65280,1
35,486,8876.4158066,1,VSM.FilterVertical,0,0
35,486,8876.4158066,1,VSM.FilterTemporalVertical,157440,1
36,487,8876.4356539,1,VSM.PageOccupancy,59904,1
36,487,8876.4356539,1,VSM.LayoutRemap,0,1
36,487,8876.4356539,1,VSM.ResetFeedback,0,1
36,487,8876.4356539,1,VSM.MarkReceiverPages,610816,1
36,487,8876.4356539,1,VSM.Allocate,229120,1
36,487,8876.4356539,1,VSM.InvalidateStatic,0,0
36,487,8876.4356539,1,VSM.ClearPhysicalPages,444416,1
36,487,8876.4356539,1,VSM.StaticCasterCull,68096,1
36,487,8876.4356539,1,VSM.DynamicCasterCull,0,1
36,487,8876.4356539,1,VSM.PageCull,48128,1
36,487,8876.4356539,1,VSM.StaticRaster,3072,1
36,487,8876.4356539,1,VSM.FinalizePages,1792,1
36,487,8876.4356539,1,VSM.DynamicRaster,11264,1
36,487,8876.4356539,1,VSM.UnityCompatibilityRaster,0,0
36,487,8876.4356539,1,VSM.Resolve,7371264,1
36,487,8876.4356539,1,VSM.ResolveTrace,7146240,1
36,487,8876.4356539,1,VSM.FilterHorizontal,65792,1
36,487,8876.4356539,1,VSM.FilterVertical,0,0
36,487,8876.4356539,1,VSM.FilterTemporalVertical,157952,1
37,488,8876.4542655,1,VSM.PageOccupancy,60416,1
37,488,8876.4542655,1,VSM.LayoutRemap,0,1
37,488,8876.4542655,1,VSM.ResetFeedback,0,1
37,488,8876.4542655,1,VSM.MarkReceiverPages,610048,1
37,488,8876.4542655,1,VSM.Allocate,227328,1
37,488,8876.4542655,1,VSM.InvalidateStatic,0,0
37,488,8876.4542655,1,VSM.ClearPhysicalPages,90624,1
37,488,8876.4542655,1,VSM.StaticCasterCull,67328,1
37,488,8876.4542655,1,VSM.DynamicCasterCull,0,1
37,488,8876.4542655,1,VSM.PageCull,48640,1
37,488,8876.4542655,1,VSM.StaticRaster,7424,1
37,488,8876.4542655,1,VSM.FinalizePages,2048,1
37,488,8876.4542655,1,VSM.DynamicRaster,13568,1
37,488,8876.4542655,1,VSM.UnityCompatibilityRaster,0,0
37,488,8876.4542655,1,VSM.Resolve,7905536,1
37,488,8876.4542655,1,VSM.ResolveTrace,7677184,1
37,488,8876.4542655,1,VSM.FilterHorizontal,67840,1
37,488,8876.4542655,1,VSM.FilterVertical,0,0
37,488,8876.4542655,1,VSM.FilterTemporalVertical,159488,1
38,489,8876.472699,1,VSM.PageOccupancy,60928,1
38,489,8876.472699,1,VSM.LayoutRemap,0,1
38,489,8876.472699,1,VSM.ResetFeedback,0,1
38,489,8876.472699,1,VSM.MarkReceiverPages,609536,1
38,489,8876.472699,1,VSM.Allocate,227840,1
38,489,8876.472699,1,VSM.InvalidateStatic,0,0
38,489,8876.472699,1,VSM.ClearPhysicalPages,91136,1
38,489,8876.472699,1,VSM.StaticCasterCull,65792,1
38,489,8876.472699,1,VSM.DynamicCasterCull,0,1
38,489,8876.472699,1,VSM.PageCull,46848,1
38,489,8876.472699,1,VSM.StaticRaster,3072,1
38,489,8876.472699,1,VSM.FinalizePages,2048,1
38,489,8876.472699,1,VSM.DynamicRaster,12544,1
38,489,8876.472699,1,VSM.UnityCompatibilityRaster,0,0
38,489,8876.472699,1,VSM.Resolve,8419584,1
38,489,8876.472699,1,VSM.ResolveTrace,8000512,1
38,489,8876.472699,1,VSM.FilterHorizontal,68352,1
38,489,8876.472699,1,VSM.FilterVertical,0,0
38,489,8876.472699,1,VSM.FilterTemporalVertical,349952,1
39,490,8876.4917473,1,VSM.PageOccupancy,60416,1
39,490,8876.4917473,1,VSM.LayoutRemap,0,1
39,490,8876.4917473,1,VSM.ResetFeedback,0,1
39,490,8876.4917473,1,VSM.MarkReceiverPages,610304,1
39,490,8876.4917473,1,VSM.Allocate,229120,1
39,490,8876.4917473,1,VSM.InvalidateStatic,0,0
39,490,8876.4917473,1,VSM.ClearPhysicalPages,90880,1
39,490,8876.4917473,1,VSM.StaticCasterCull,66816,1
39,490,8876.4917473,1,VSM.DynamicCasterCull,256,1
39,490,8876.4917473,1,VSM.PageCull,47616,1
39,490,8876.4917473,1,VSM.StaticRaster,3072,1
39,490,8876.4917473,1,VSM.FinalizePages,1792,1
39,490,8876.4917473,1,VSM.DynamicRaster,13056,1
39,490,8876.4917473,1,VSM.UnityCompatibilityRaster,0,0
39,490,8876.4917473,1,VSM.Resolve,7419904,1
39,490,8876.4917473,1,VSM.ResolveTrace,6936832,1
39,490,8876.4917473,1,VSM.FilterHorizontal,64768,1
39,490,8876.4917473,1,VSM.FilterVertical,0,0
39,490,8876.4917473,1,VSM.FilterTemporalVertical,417280,1
40,491,8876.5116673000011,1,VSM.PageOccupancy,66304,1
40,491,8876.5116673000011,1,VSM.LayoutRemap,0,1
40,491,8876.5116673000011,1,VSM.ResetFeedback,0,1
40,491,8876.5116673000011,1,VSM.MarkReceiverPages,610304,1
40,491,8876.5116673000011,1,VSM.Allocate,226816,1
40,491,8876.5116673000011,1,VSM.InvalidateStatic,0,0
40,491,8876.5116673000011,1,VSM.ClearPhysicalPages,90624,1
40,491,8876.5116673000011,1,VSM.StaticCasterCull,69888,1
40,491,8876.5116673000011,1,VSM.DynamicCasterCull,0,1
40,491,8876.5116673000011,1,VSM.PageCull,51200,1
40,491,8876.5116673000011,1,VSM.StaticRaster,7680,1
40,491,8876.5116673000011,1,VSM.FinalizePages,2304,1
40,491,8876.5116673000011,1,VSM.DynamicRaster,13312,1
40,491,8876.5116673000011,1,VSM.UnityCompatibilityRaster,0,0
40,491,8876.5116673000011,1,VSM.Resolve,7433984,1
40,491,8876.5116673000011,1,VSM.ResolveTrace,7206912,1
40,491,8876.5116673000011,1,VSM.FilterHorizontal,67072,1
40,491,8876.5116673000011,1,VSM.FilterVertical,0,0
40,491,8876.5116673000011,1,VSM.FilterTemporalVertical,158720,1
41,492,8876.5299999,1,VSM.PageOccupancy,60928,1
41,492,8876.5299999,1,VSM.LayoutRemap,0,1
41,492,8876.5299999,1,VSM.ResetFeedback,0,1
41,492,8876.5299999,1,VSM.MarkReceiverPages,609280,1
41,492,8876.5299999,1,VSM.Allocate,226304,1
41,492,8876.5299999,1,VSM.InvalidateStatic,0,0
41,492,8876.5299999,1,VSM.ClearPhysicalPages,450560,1
41,492,8876.5299999,1,VSM.StaticCasterCull,75008,1
41,492,8876.5299999,1,VSM.DynamicCasterCull,0,1
41,492,8876.5299999,1,VSM.PageCull,50176,1
41,492,8876.5299999,1,VSM.StaticRaster,7424,1
41,492,8876.5299999,1,VSM.FinalizePages,1792,1
41,492,8876.5299999,1,VSM.DynamicRaster,11776,1
41,492,8876.5299999,1,VSM.UnityCompatibilityRaster,0,0
41,492,8876.5299999,1,VSM.Resolve,7388928,1
41,492,8876.5299999,1,VSM.ResolveTrace,7162880,1
41,492,8876.5299999,1,VSM.FilterHorizontal,66560,1
41,492,8876.5299999,1,VSM.FilterVertical,0,0
41,492,8876.5299999,1,VSM.FilterTemporalVertical,158464,1
42,493,8876.5509696,1,VSM.PageOccupancy,62208,1
42,493,8876.5509696,1,VSM.LayoutRemap,0,1
42,493,8876.5509696,1,VSM.ResetFeedback,0,1
42,493,8876.5509696,1,VSM.MarkReceiverPages,607232,1
42,493,8876.5509696,1,VSM.Allocate,228352,1
42,493,8876.5509696,1,VSM.InvalidateStatic,0,0
42,493,8876.5509696,1,VSM.ClearPhysicalPages,89856,1
42,493,8876.5509696,1,VSM.StaticCasterCull,67840,1
42,493,8876.5509696,1,VSM.DynamicCasterCull,0,1
42,493,8876.5509696,1,VSM.PageCull,49152,1
42,493,8876.5509696,1,VSM.StaticRaster,5888,1
42,493,8876.5509696,1,VSM.FinalizePages,1536,1
42,493,8876.5509696,1,VSM.DynamicRaster,13056,1
42,493,8876.5509696,1,VSM.UnityCompatibilityRaster,0,0
42,493,8876.5509696,1,VSM.Resolve,8307456,1
42,493,8876.5509696,1,VSM.ResolveTrace,8082432,1
42,493,8876.5509696,1,VSM.FilterHorizontal,66560,1
42,493,8876.5509696,1,VSM.FilterVertical,0,0
42,493,8876.5509696,1,VSM.FilterTemporalVertical,157184,1
43,494,8876.5707875,1,VSM.PageOccupancy,58112,1
43,494,8876.5707875,1,VSM.LayoutRemap,0,1
43,494,8876.5707875,1,VSM.ResetFeedback,0,1
43,494,8876.5707875,1,VSM.MarkReceiverPages,606208,1
43,494,8876.5707875,1,VSM.Allocate,225280,1
43,494,8876.5707875,1,VSM.InvalidateStatic,0,0
43,494,8876.5707875,1,VSM.ClearPhysicalPages,433152,1
43,494,8876.5707875,1,VSM.StaticCasterCull,67328,1
43,494,8876.5707875,1,VSM.DynamicCasterCull,0,1
43,494,8876.5707875,1,VSM.PageCull,47104,1
43,494,8876.5707875,1,VSM.StaticRaster,7168,1
43,494,8876.5707875,1,VSM.FinalizePages,2048,1
43,494,8876.5707875,1,VSM.DynamicRaster,11264,1
43,494,8876.5707875,1,VSM.UnityCompatibilityRaster,0,0
43,494,8876.5707875,1,VSM.Resolve,7309824,1
43,494,8876.5707875,1,VSM.ResolveTrace,7084288,1
43,494,8876.5707875,1,VSM.FilterHorizontal,66048,1
43,494,8876.5707875,1,VSM.FilterVertical,0,0
43,494,8876.5707875,1,VSM.FilterTemporalVertical,158208,1
44,495,8876.5914278,1,VSM.PageOccupancy,69888,1
44,495,8876.5914278,1,VSM.LayoutRemap,0,1
44,495,8876.5914278,1,VSM.ResetFeedback,0,1
44,495,8876.5914278,1,VSM.MarkReceiverPages,607232,1
44,495,8876.5914278,1,VSM.Allocate,223744,1
44,495,8876.5914278,1,VSM.InvalidateStatic,0,0
44,495,8876.5914278,1,VSM.ClearPhysicalPages,402176,1
44,495,8876.5914278,1,VSM.StaticCasterCull,68608,1
44,495,8876.5914278,1,VSM.DynamicCasterCull,0,1
44,495,8876.5914278,1,VSM.PageCull,44544,1
44,495,8876.5914278,1,VSM.StaticRaster,7424,1
44,495,8876.5914278,1,VSM.FinalizePages,2048,1
44,495,8876.5914278,1,VSM.DynamicRaster,12032,1
44,495,8876.5914278,1,VSM.UnityCompatibilityRaster,0,0
44,495,8876.5914278,1,VSM.Resolve,7752192,1
44,495,8876.5914278,1,VSM.ResolveTrace,7335936,1
44,495,8876.5914278,1,VSM.FilterHorizontal,66304,1
44,495,8876.5914278,1,VSM.FilterVertical,0,0
44,495,8876.5914278,1,VSM.FilterTemporalVertical,348672,1
45,496,8876.610923,1,VSM.PageOccupancy,120832,1
45,496,8876.610923,1,VSM.LayoutRemap,0,1
45,496,8876.610923,1,VSM.ResetFeedback,0,1
45,496,8876.610923,1,VSM.MarkReceiverPages,606720,1
45,496,8876.610923,1,VSM.Allocate,225536,1
45,496,8876.610923,1,VSM.InvalidateStatic,0,0
45,496,8876.610923,1,VSM.ClearPhysicalPages,89344,1
45,496,8876.610923,1,VSM.StaticCasterCull,75520,1
45,496,8876.610923,1,VSM.DynamicCasterCull,0,1
45,496,8876.610923,1,VSM.PageCull,51456,1
45,496,8876.610923,1,VSM.StaticRaster,7168,1
45,496,8876.610923,1,VSM.FinalizePages,1792,1
45,496,8876.610923,1,VSM.DynamicRaster,13568,1
45,496,8876.610923,1,VSM.UnityCompatibilityRaster,0,0
45,496,8876.610923,1,VSM.Resolve,7331840,1
45,496,8876.610923,1,VSM.ResolveTrace,7107072,1
45,496,8876.610923,1,VSM.FilterHorizontal,66048,1
45,496,8876.610923,1,VSM.FilterVertical,0,0
45,496,8876.610923,1,VSM.FilterTemporalVertical,157440,1
46,497,8876.6307212000011,1,VSM.PageOccupancy,60672,1
46,497,8876.6307212000011,1,VSM.LayoutRemap,0,1
46,497,8876.6307212000011,1,VSM.ResetFeedback,0,1
46,497,8876.6307212000011,1,VSM.MarkReceiverPages,606976,1
46,497,8876.6307212000011,1,VSM.Allocate,224256,1
46,497,8876.6307212000011,1,VSM.InvalidateStatic,0,0
46,497,8876.6307212000011,1,VSM.ClearPhysicalPages,90112,1
46,497,8876.6307212000011,1,VSM.StaticCasterCull,66560,1
46,497,8876.6307212000011,1,VSM.DynamicCasterCull,0,1
46,497,8876.6307212000011,1,VSM.PageCull,47872,1
46,497,8876.6307212000011,1,VSM.StaticRaster,7168,1
46,497,8876.6307212000011,1,VSM.FinalizePages,2048,1
46,497,8876.6307212000011,1,VSM.DynamicRaster,11776,1
46,497,8876.6307212000011,1,VSM.UnityCompatibilityRaster,0,0
46,497,8876.6307212000011,1,VSM.Resolve,8479488,1
46,497,8876.6307212000011,1,VSM.ResolveTrace,8257536,1
46,497,8876.6307212000011,1,VSM.FilterHorizontal,65024,1
46,497,8876.6307212000011,1,VSM.FilterVertical,0,0
46,497,8876.6307212000011,1,VSM.FilterTemporalVertical,155904,1
47,498,8876.6505885,1,VSM.PageOccupancy,59904,1
47,498,8876.6505885,1,VSM.LayoutRemap,0,1
47,498,8876.6505885,1,VSM.ResetFeedback,0,1
47,498,8876.6505885,1,VSM.MarkReceiverPages,606720,1
47,498,8876.6505885,1,VSM.Allocate,225536,1
47,498,8876.6505885,1,VSM.InvalidateStatic,0,0
47,498,8876.6505885,1,VSM.ClearPhysicalPages,89856,1
47,498,8876.6505885,1,VSM.StaticCasterCull,68352,1
47,498,8876.6505885,1,VSM.DynamicCasterCull,0,1
47,498,8876.6505885,1,VSM.PageCull,49408,1
47,498,8876.6505885,1,VSM.StaticRaster,6144,1
47,498,8876.6505885,1,VSM.FinalizePages,1792,1
47,498,8876.6505885,1,VSM.DynamicRaster,14080,1
47,498,8876.6505885,1,VSM.UnityCompatibilityRaster,0,0
47,498,8876.6505885,1,VSM.Resolve,7640576,1
47,498,8876.6505885,1,VSM.ResolveTrace,7414784,1
47,498,8876.6505885,1,VSM.FilterHorizontal,67328,1
47,498,8876.6505885,1,VSM.FilterVertical,0,0
47,498,8876.6505885,1,VSM.FilterTemporalVertical,157440,1
48,499,8876.6701353,1,VSM.PageOccupancy,58624,1
48,499,8876.6701353,1,VSM.LayoutRemap,0,1
48,499,8876.6701353,1,VSM.ResetFeedback,0,1
48,499,8876.6701353,1,VSM.MarkReceiverPages,606976,1
48,499,8876.6701353,1,VSM.Allocate,226816,1
48,499,8876.6701353,1,VSM.InvalidateStatic,0,0
48,499,8876.6701353,1,VSM.ClearPhysicalPages,445184,1
48,499,8876.6701353,1,VSM.StaticCasterCull,71936,1
48,499,8876.6701353,1,VSM.DynamicCasterCull,0,1
48,499,8876.6701353,1,VSM.PageCull,47360,1
48,499,8876.6701353,1,VSM.StaticRaster,7168,1
48,499,8876.6701353,1,VSM.FinalizePages,1792,1
48,499,8876.6701353,1,VSM.DynamicRaster,11008,1
48,499,8876.6701353,1,VSM.UnityCompatibilityRaster,0,0
48,499,8876.6701353,1,VSM.Resolve,7436800,1
48,499,8876.6701353,1,VSM.ResolveTrace,7211520,1
48,499,8876.6701353,1,VSM.FilterHorizontal,66560,1
48,499,8876.6701353,1,VSM.FilterVertical,0,0
48,499,8876.6701353,1,VSM.FilterTemporalVertical,157440,1
49,500,8876.690786000001,1,VSM.PageOccupancy,60672,1
49,500,8876.690786000001,1,VSM.LayoutRemap,0,1
49,500,8876.690786000001,1,VSM.ResetFeedback,0,1
49,500,8876.690786000001,1,VSM.MarkReceiverPages,606976,1
49,500,8876.690786000001,1,VSM.Allocate,225536,1
49,500,8876.690786000001,1,VSM.InvalidateStatic,0,0
49,500,8876.690786000001,1,VSM.ClearPhysicalPages,89856,1
49,500,8876.690786000001,1,VSM.StaticCasterCull,68864,1
49,500,8876.690786000001,1,VSM.DynamicCasterCull,0,1
49,500,8876.690786000001,1,VSM.PageCull,50176,1
49,500,8876.690786000001,1,VSM.StaticRaster,10752,1
49,500,8876.690786000001,1,VSM.FinalizePages,2304,1
49,500,8876.690786000001,1,VSM.DynamicRaster,14336,1
49,500,8876.690786000001,1,VSM.UnityCompatibilityRaster,0,0
49,500,8876.690786000001,1,VSM.Resolve,7645184,1
49,500,8876.690786000001,1,VSM.ResolveTrace,7423488,1
49,500,8876.690786000001,1,VSM.FilterHorizontal,64512,1
49,500,8876.690786000001,1,VSM.FilterVertical,0,0
49,500,8876.690786000001,1,VSM.FilterTemporalVertical,156416,1
50,501,8876.7092839,1,VSM.PageOccupancy,60928,1
50,501,8876.7092839,1,VSM.LayoutRemap,0,1
50,501,8876.7092839,1,VSM.ResetFeedback,0,1
50,501,8876.7092839,1,VSM.MarkReceiverPages,605696,1
50,501,8876.7092839,1,VSM.Allocate,225792,1
50,501,8876.7092839,1,VSM.InvalidateStatic,0,0
50,501,8876.7092839,1,VSM.ClearPhysicalPages,232192,1
50,501,8876.7092839,1,VSM.StaticCasterCull,69120,1
50,501,8876.7092839,1,VSM.DynamicCasterCull,0,1
50,501,8876.7092839,1,VSM.PageCull,49664,1
50,501,8876.7092839,1,VSM.StaticRaster,7168,1
50,501,8876.7092839,1,VSM.FinalizePages,1792,1
50,501,8876.7092839,1,VSM.DynamicRaster,14336,1
50,501,8876.7092839,1,VSM.UnityCompatibilityRaster,0,0
50,501,8876.7092839,1,VSM.Resolve,7301120,1
50,501,8876.7092839,1,VSM.ResolveTrace,6887936,1
50,501,8876.7092839,1,VSM.FilterHorizontal,66560,1
50,501,8876.7092839,1,VSM.FilterVertical,0,0
50,501,8876.7092839,1,VSM.FilterTemporalVertical,156928,1
51,502,8876.7288696000014,1,VSM.PageOccupancy,61696,1
51,502,8876.7288696000014,1,VSM.LayoutRemap,0,1
51,502,8876.7288696000014,1,VSM.ResetFeedback,0,1
51,502,8876.7288696000014,1,VSM.MarkReceiverPages,606464,1
51,502,8876.7288696000014,1,VSM.Allocate,226048,1
51,502,8876.7288696000014,1,VSM.InvalidateStatic,0,0
51,502,8876.7288696000014,1,VSM.ClearPhysicalPages,277248,1
51,502,8876.7288696000014,1,VSM.StaticCasterCull,72960,1
51,502,8876.7288696000014,1,VSM.DynamicCasterCull,0,1
51,502,8876.7288696000014,1,VSM.PageCull,48640,1
51,502,8876.7288696000014,1,VSM.StaticRaster,7424,1
51,502,8876.7288696000014,1,VSM.FinalizePages,1536,1
51,502,8876.7288696000014,1,VSM.DynamicRaster,14080,1
51,502,8876.7288696000014,1,VSM.UnityCompatibilityRaster,0,0
51,502,8876.7288696000014,1,VSM.Resolve,8093184,1
51,502,8876.7288696000014,1,VSM.ResolveTrace,7868416,1
51,502,8876.7288696000014,1,VSM.FilterHorizontal,66560,1
51,502,8876.7288696000014,1,VSM.FilterVertical,0,0
51,502,8876.7288696000014,1,VSM.FilterTemporalVertical,157184,1
52,503,8876.7471948,1,VSM.PageOccupancy,58624,1
52,503,8876.7471948,1,VSM.LayoutRemap,0,1
52,503,8876.7471948,1,VSM.ResetFeedback,0,1
52,503,8876.7471948,1,VSM.MarkReceiverPages,606720,1
52,503,8876.7471948,1,VSM.Allocate,223232,1
52,503,8876.7471948,1,VSM.InvalidateStatic,0,0
52,503,8876.7471948,1,VSM.ClearPhysicalPages,253952,1
52,503,8876.7471948,1,VSM.StaticCasterCull,72960,1
52,503,8876.7471948,1,VSM.DynamicCasterCull,0,1
52,503,8876.7471948,1,VSM.PageCull,49152,1
52,503,8876.7471948,1,VSM.StaticRaster,7168,1
52,503,8876.7471948,1,VSM.FinalizePages,2048,1
52,503,8876.7471948,1,VSM.DynamicRaster,13824,1
52,503,8876.7471948,1,VSM.UnityCompatibilityRaster,0,0
52,503,8876.7471948,1,VSM.Resolve,7017728,1
52,503,8876.7471948,1,VSM.ResolveTrace,6795776,1
52,503,8876.7471948,1,VSM.FilterHorizontal,64256,1
52,503,8876.7471948,1,VSM.FilterVertical,0,0
52,503,8876.7471948,1,VSM.FilterTemporalVertical,156928,1
53,504,8876.7649352,1,VSM.PageOccupancy,58624,1
53,504,8876.7649352,1,VSM.LayoutRemap,0,1
53,504,8876.7649352,1,VSM.ResetFeedback,0,1
53,504,8876.7649352,1,VSM.MarkReceiverPages,1049344,1
53,504,8876.7649352,1,VSM.Allocate,229888,1
53,504,8876.7649352,1,VSM.InvalidateStatic,0,0
53,504,8876.7649352,1,VSM.ClearPhysicalPages,90368,1
53,504,8876.7649352,1,VSM.StaticCasterCull,68864,1
53,504,8876.7649352,1,VSM.DynamicCasterCull,0,1
53,504,8876.7649352,1,VSM.PageCull,49664,1
53,504,8876.7649352,1,VSM.StaticRaster,7424,1
53,504,8876.7649352,1,VSM.FinalizePages,1792,1
53,504,8876.7649352,1,VSM.DynamicRaster,12032,1
53,504,8876.7649352,1,VSM.UnityCompatibilityRaster,0,0
53,504,8876.7649352,1,VSM.Resolve,7829248,1
53,504,8876.7649352,1,VSM.ResolveTrace,7604224,1
53,504,8876.7649352,1,VSM.FilterHorizontal,65792,1
53,504,8876.7649352,1,VSM.FilterVertical,0,0
53,504,8876.7649352,1,VSM.FilterTemporalVertical,158208,1
54,505,8876.7835366,1,VSM.PageOccupancy,61952,1
54,505,8876.7835366,1,VSM.LayoutRemap,0,1
54,505,8876.7835366,1,VSM.ResetFeedback,0,1
54,505,8876.7835366,1,VSM.MarkReceiverPages,605440,1
54,505,8876.7835366,1,VSM.Allocate,224512,1
54,505,8876.7835366,1,VSM.InvalidateStatic,0,0
54,505,8876.7835366,1,VSM.ClearPhysicalPages,395520,1
54,505,8876.7835366,1,VSM.StaticCasterCull,69632,1
54,505,8876.7835366,1,VSM.DynamicCasterCull,0,1
54,505,8876.7835366,1,VSM.PageCull,44288,1
54,505,8876.7835366,1,VSM.StaticRaster,7680,1
54,505,8876.7835366,1,VSM.FinalizePages,2048,1
54,505,8876.7835366,1,VSM.DynamicRaster,12288,1
54,505,8876.7835366,1,VSM.UnityCompatibilityRaster,0,0
54,505,8876.7835366,1,VSM.Resolve,7408128,1
54,505,8876.7835366,1,VSM.ResolveTrace,7183104,1
54,505,8876.7835366,1,VSM.FilterHorizontal,65792,1
54,505,8876.7835366,1,VSM.FilterVertical,0,0
54,505,8876.7835366,1,VSM.FilterTemporalVertical,157696,1
55,506,8876.80313,1,VSM.PageOccupancy,62208,1
55,506,8876.80313,1,VSM.LayoutRemap,0,1
55,506,8876.80313,1,VSM.ResetFeedback,0,1
55,506,8876.80313,1,VSM.MarkReceiverPages,606464,1
55,506,8876.80313,1,VSM.Allocate,223488,1
55,506,8876.80313,1,VSM.InvalidateStatic,0,0
55,506,8876.80313,1,VSM.ClearPhysicalPages,89600,1
55,506,8876.80313,1,VSM.StaticCasterCull,69120,1
55,506,8876.80313,1,VSM.DynamicCasterCull,0,1
55,506,8876.80313,1,VSM.PageCull,50432,1
55,506,8876.80313,1,VSM.StaticRaster,7168,1
55,506,8876.80313,1,VSM.FinalizePages,1792,1
55,506,8876.80313,1,VSM.DynamicRaster,15616,1
55,506,8876.80313,1,VSM.UnityCompatibilityRaster,0,0
55,506,8876.80313,1,VSM.Resolve,7142912,1
55,506,8876.80313,1,VSM.ResolveTrace,6920704,1
55,506,8876.80313,1,VSM.FilterHorizontal,64256,1
55,506,8876.80313,1,VSM.FilterVertical,0,0
55,506,8876.80313,1,VSM.FilterTemporalVertical,156672,1
56,507,8876.8208652000012,1,VSM.PageOccupancy,61952,1
56,507,8876.8208652000012,1,VSM.LayoutRemap,0,1
56,507,8876.8208652000012,1,VSM.ResetFeedback,0,1
56,507,8876.8208652000012,1,VSM.MarkReceiverPages,607488,1
56,507,8876.8208652000012,1,VSM.Allocate,225792,1
56,507,8876.8208652000012,1,VSM.InvalidateStatic,0,0
56,507,8876.8208652000012,1,VSM.ClearPhysicalPages,443904,1
56,507,8876.8208652000012,1,VSM.StaticCasterCull,67328,1
56,507,8876.8208652000012,1,VSM.DynamicCasterCull,0,1
56,507,8876.8208652000012,1,VSM.PageCull,47104,1
56,507,8876.8208652000012,1,VSM.StaticRaster,7168,1
56,507,8876.8208652000012,1,VSM.FinalizePages,2048,1
56,507,8876.8208652000012,1,VSM.DynamicRaster,11776,1
56,507,8876.8208652000012,1,VSM.UnityCompatibilityRaster,0,0
56,507,8876.8208652000012,1,VSM.Resolve,7201280,1
56,507,8876.8208652000012,1,VSM.ResolveTrace,6975232,1
56,507,8876.8208652000012,1,VSM.FilterHorizontal,67840,1
56,507,8876.8208652000012,1,VSM.FilterVertical,0,0
56,507,8876.8208652000012,1,VSM.FilterTemporalVertical,157440,1
57,508,8876.8388746,1,VSM.PageOccupancy,60928,1
57,508,8876.8388746,1,VSM.LayoutRemap,0,1
57,508,8876.8388746,1,VSM.ResetFeedback,0,1
57,508,8876.8388746,1,VSM.MarkReceiverPages,607232,1
57,508,8876.8388746,1,VSM.Allocate,225792,1
57,508,8876.8388746,1,VSM.InvalidateStatic,0,0
57,508,8876.8388746,1,VSM.ClearPhysicalPages,567040,1
57,508,8876.8388746,1,VSM.StaticCasterCull,71936,1
57,508,8876.8388746,1,VSM.DynamicCasterCull,0,1
57,508,8876.8388746,1,VSM.PageCull,47104,1
57,508,8876.8388746,1,VSM.StaticRaster,7424,1
57,508,8876.8388746,1,VSM.FinalizePages,2560,1
57,508,8876.8388746,1,VSM.DynamicRaster,12032,1
57,508,8876.8388746,1,VSM.UnityCompatibilityRaster,0,0
57,508,8876.8388746,1,VSM.Resolve,8115456,1
57,508,8876.8388746,1,VSM.ResolveTrace,7889152,1
57,508,8876.8388746,1,VSM.FilterHorizontal,67584,1
57,508,8876.8388746,1,VSM.FilterVertical,0,0
57,508,8876.8388746,1,VSM.FilterTemporalVertical,157696,1
58,509,8876.8576587,1,VSM.PageOccupancy,482816,1
58,509,8876.8576587,1,VSM.LayoutRemap,0,1
58,509,8876.8576587,1,VSM.ResetFeedback,0,1
58,509,8876.8576587,1,VSM.MarkReceiverPages,607232,1
58,509,8876.8576587,1,VSM.Allocate,222976,1
58,509,8876.8576587,1,VSM.InvalidateStatic,0,0
58,509,8876.8576587,1,VSM.ClearPhysicalPages,90368,1
58,509,8876.8576587,1,VSM.StaticCasterCull,67584,1
58,509,8876.8576587,1,VSM.DynamicCasterCull,0,1
58,509,8876.8576587,1,VSM.PageCull,48896,1
58,509,8876.8576587,1,VSM.StaticRaster,7424,1
58,509,8876.8576587,1,VSM.FinalizePages,2048,1
58,509,8876.8576587,1,VSM.DynamicRaster,15104,1
58,509,8876.8576587,1,VSM.UnityCompatibilityRaster,0,0
58,509,8876.8576587,1,VSM.Resolve,7009280,1
58,509,8876.8576587,1,VSM.ResolveTrace,6783488,1
58,509,8876.8576587,1,VSM.FilterHorizontal,67072,1
58,509,8876.8576587,1,VSM.FilterVertical,0,0
58,509,8876.8576587,1,VSM.FilterTemporalVertical,157440,1
59,510,8876.8772501,1,VSM.PageOccupancy,60160,1
59,510,8876.8772501,1,VSM.LayoutRemap,0,1
59,510,8876.8772501,1,VSM.ResetFeedback,0,1
59,510,8876.8772501,1,VSM.MarkReceiverPages,607488,1
59,510,8876.8772501,1,VSM.Allocate,224768,1
59,510,8876.8772501,1,VSM.InvalidateStatic,0,0
59,510,8876.8772501,1,VSM.ClearPhysicalPages,439552,1
59,510,8876.8772501,1,VSM.StaticCasterCull,68864,1
59,510,8876.8772501,1,VSM.DynamicCasterCull,0,1
59,510,8876.8772501,1,VSM.PageCull,48896,1
59,510,8876.8772501,1,VSM.StaticRaster,7168,1
59,510,8876.8772501,1,VSM.FinalizePages,2816,1
59,510,8876.8772501,1,VSM.DynamicRaster,12800,1
59,510,8876.8772501,1,VSM.UnityCompatibilityRaster,0,0
59,510,8876.8772501,1,VSM.Resolve,7276800,1
59,510,8876.8772501,1,VSM.ResolveTrace,7050496,1
59,510,8876.8772501,1,VSM.FilterHorizontal,67584,1
59,510,8876.8772501,1,VSM.FilterVertical,0,0
59,510,8876.8772501,1,VSM.FilterTemporalVertical,157696,1
60,511,8876.8962133,1,VSM.PageOccupancy,59392,1
60,511,8876.8962133,1,VSM.LayoutRemap,0,1
60,511,8876.8962133,1,VSM.ResetFeedback,0,1
60,511,8876.8962133,1,VSM.MarkReceiverPages,622336,1
60,511,8876.8962133,1,VSM.Allocate,228352,1
60,511,8876.8962133,1,VSM.InvalidateStatic,0,0
60,511,8876.8962133,1,VSM.ClearPhysicalPages,90880,1
60,511,8876.8962133,1,VSM.StaticCasterCull,1013760,1
60,511,8876.8962133,1,VSM.DynamicCasterCull,0,1
60,511,8876.8962133,1,VSM.PageCull,48384,1
60,511,8876.8962133,1,VSM.StaticRaster,7168,1
60,511,8876.8962133,1,VSM.FinalizePages,2048,1
60,511,8876.8962133,1,VSM.DynamicRaster,12288,1
60,511,8876.8962133,1,VSM.UnityCompatibilityRaster,0,0
60,511,8876.8962133,1,VSM.Resolve,7419648,1
60,511,8876.8962133,1,VSM.ResolveTrace,7194112,1
60,511,8876.8962133,1,VSM.FilterHorizontal,66048,1
60,511,8876.8962133,1,VSM.FilterVertical,0,0
60,511,8876.8962133,1,VSM.FilterTemporalVertical,158208,1
61,512,8876.9146652,1,VSM.PageOccupancy,60672,1
61,512,8876.9146652,1,VSM.LayoutRemap,0,1
61,512,8876.9146652,1,VSM.ResetFeedback,0,1
61,512,8876.9146652,1,VSM.MarkReceiverPages,609024,1
61,512,8876.9146652,1,VSM.Allocate,228864,1
61,512,8876.9146652,1,VSM.InvalidateStatic,0,0
61,512,8876.9146652,1,VSM.ClearPhysicalPages,90880,1
61,512,8876.9146652,1,VSM.StaticCasterCull,67840,1
61,512,8876.9146652,1,VSM.DynamicCasterCull,0,1
61,512,8876.9146652,1,VSM.PageCull,48896,1
61,512,8876.9146652,1,VSM.StaticRaster,7168,1
61,512,8876.9146652,1,VSM.FinalizePages,1792,1
61,512,8876.9146652,1,VSM.DynamicRaster,13824,1
61,512,8876.9146652,1,VSM.UnityCompatibilityRaster,0,0
61,512,8876.9146652,1,VSM.Resolve,8890368,1
61,512,8876.9146652,1,VSM.ResolveTrace,8663040,1
61,512,8876.9146652,1,VSM.FilterHorizontal,67584,1
61,512,8876.9146652,1,VSM.FilterVertical,0,0
61,512,8876.9146652,1,VSM.FilterTemporalVertical,158720,1
62,513,8876.9340682,1,VSM.PageOccupancy,63232,1
62,513,8876.9340682,1,VSM.LayoutRemap,0,1
62,513,8876.9340682,1,VSM.ResetFeedback,0,1
62,513,8876.9340682,1,VSM.MarkReceiverPages,612864,1
62,513,8876.9340682,1,VSM.Allocate,227328,1
62,513,8876.9340682,1,VSM.InvalidateStatic,0,0
62,513,8876.9340682,1,VSM.ClearPhysicalPages,453120,1
62,513,8876.9340682,1,VSM.StaticCasterCull,72192,1
62,513,8876.9340682,1,VSM.DynamicCasterCull,0,1
62,513,8876.9340682,1,VSM.PageCull,48128,1
62,513,8876.9340682,1,VSM.StaticRaster,7168,1
62,513,8876.9340682,1,VSM.FinalizePages,2048,1
62,513,8876.9340682,1,VSM.DynamicRaster,12800,1
62,513,8876.9340682,1,VSM.UnityCompatibilityRaster,0,0
62,513,8876.9340682,1,VSM.Resolve,7996672,1
62,513,8876.9340682,1,VSM.ResolveTrace,7768576,1
62,513,8876.9340682,1,VSM.FilterHorizontal,68352,1
62,513,8876.9340682,1,VSM.FilterVertical,0,0
62,513,8876.9340682,1,VSM.FilterTemporalVertical,158976,1
63,514,8876.9766146,1,VSM.PageOccupancy,60928,1
63,514,8876.9766146,1,VSM.LayoutRemap,0,1
63,514,8876.9766146,1,VSM.ResetFeedback,0,1
63,514,8876.9766146,1,VSM.MarkReceiverPages,610048,1
63,514,8876.9766146,1,VSM.Allocate,228352,1
63,514,8876.9766146,1,VSM.InvalidateStatic,0,0
63,514,8876.9766146,1,VSM.ClearPhysicalPages,90624,1
63,514,8876.9766146,1,VSM.StaticCasterCull,68864,1
63,514,8876.9766146,1,VSM.DynamicCasterCull,0,1
63,514,8876.9766146,1,VSM.PageCull,49920,1
63,514,8876.9766146,1,VSM.StaticRaster,3328,1
63,514,8876.9766146,1,VSM.FinalizePages,1792,1
63,514,8876.9766146,1,VSM.DynamicRaster,12800,1
63,514,8876.9766146,1,VSM.UnityCompatibilityRaster,0,0
63,514,8876.9766146,1,VSM.Resolve,7843072,1
63,514,8876.9766146,1,VSM.ResolveTrace,7262208,1
63,514,8876.9766146,1,VSM.FilterHorizontal,66048,1
63,514,8876.9766146,1,VSM.FilterVertical,0,0
63,514,8876.9766146,1,VSM.FilterTemporalVertical,513792,1
64,515,8876.9944626,1,VSM.PageOccupancy,59904,1
64,515,8876.9944626,1,VSM.LayoutRemap,0,1
64,515,8876.9944626,1,VSM.ResetFeedback,0,1
64,515,8876.9944626,1,VSM.MarkReceiverPages,610048,1
64,515,8876.9944626,1,VSM.Allocate,226560,1
64,515,8876.9944626,1,VSM.InvalidateStatic,0,0
64,515,8876.9944626,1,VSM.ClearPhysicalPages,90624,1
64,515,8876.9944626,1,VSM.StaticCasterCull,68864,1
64,515,8876.9944626,1,VSM.DynamicCasterCull,0,1
64,515,8876.9944626,1,VSM.PageCull,50432,1
64,515,8876.9944626,1,VSM.StaticRaster,6912,1
64,515,8876.9944626,1,VSM.FinalizePages,1792,1
64,515,8876.9944626,1,VSM.DynamicRaster,13824,1
64,515,8876.9944626,1,VSM.UnityCompatibilityRaster,0,0
64,515,8876.9944626,1,VSM.Resolve,8240640,1
64,515,8876.9944626,1,VSM.ResolveTrace,8012544,1
64,515,8876.9944626,1,VSM.FilterHorizontal,68096,1
64,515,8876.9944626,1,VSM.FilterVertical,0,0
64,515,8876.9944626,1,VSM.FilterTemporalVertical,158976,1
65,516,8877.0120056,1,VSM.PageOccupancy,60928,1
65,516,8877.0120056,1,VSM.LayoutRemap,0,1
65,516,8877.0120056,1,VSM.ResetFeedback,0,1
65,516,8877.0120056,1,VSM.MarkReceiverPages,610304,1
65,516,8877.0120056,1,VSM.Allocate,228352,1
65,516,8877.0120056,1,VSM.InvalidateStatic,0,0
65,516,8877.0120056,1,VSM.ClearPhysicalPages,92160,1
65,516,8877.0120056,1,VSM.StaticCasterCull,66048,1
65,516,8877.0120056,1,VSM.DynamicCasterCull,0,1
65,516,8877.0120056,1,VSM.PageCull,46848,1
65,516,8877.0120056,1,VSM.StaticRaster,7424,1
65,516,8877.0120056,1,VSM.FinalizePages,2048,1
65,516,8877.0120056,1,VSM.DynamicRaster,11264,1
65,516,8877.0120056,1,VSM.UnityCompatibilityRaster,0,0
65,516,8877.0120056,1,VSM.Resolve,7597568,1
65,516,8877.0120056,1,VSM.ResolveTrace,7370752,1
65,516,8877.0120056,1,VSM.FilterHorizontal,67072,1
65,516,8877.0120056,1,VSM.FilterVertical,0,0
65,516,8877.0120056,1,VSM.FilterTemporalVertical,158464,1
66,517,8877.0295412000014,1,VSM.PageOccupancy,58368,1
66,517,8877.0295412000014,1,VSM.LayoutRemap,0,1
66,517,8877.0295412000014,1,VSM.ResetFeedback,0,1
66,517,8877.0295412000014,1,VSM.MarkReceiverPages,1234176,1
66,517,8877.0295412000014,1,VSM.Allocate,230144,1
66,517,8877.0295412000014,1,VSM.InvalidateStatic,0,0
66,517,8877.0295412000014,1,VSM.ClearPhysicalPages,90112,1
66,517,8877.0295412000014,1,VSM.StaticCasterCull,68096,1
66,517,8877.0295412000014,1,VSM.DynamicCasterCull,0,1
66,517,8877.0295412000014,1,VSM.PageCull,49152,1
66,517,8877.0295412000014,1,VSM.StaticRaster,3840,1
66,517,8877.0295412000014,1,VSM.FinalizePages,2048,1
66,517,8877.0295412000014,1,VSM.DynamicRaster,13056,1
66,517,8877.0295412000014,1,VSM.UnityCompatibilityRaster,0,0
66,517,8877.0295412000014,1,VSM.Resolve,7063040,1
66,517,8877.0295412000014,1,VSM.ResolveTrace,6507776,1
66,517,8877.0295412000014,1,VSM.FilterHorizontal,66304,1
66,517,8877.0295412000014,1,VSM.FilterVertical,0,0
66,517,8877.0295412000014,1,VSM.FilterTemporalVertical,487936,1
67,518,8877.0471786,1,VSM.PageOccupancy,61184,1
67,518,8877.0471786,1,VSM.LayoutRemap,0,1
67,518,8877.0471786,1,VSM.ResetFeedback,0,1
67,518,8877.0471786,1,VSM.MarkReceiverPages,1677312,1
67,518,8877.0471786,1,VSM.Allocate,230144,1
67,518,8877.0471786,1,VSM.InvalidateStatic,0,0
67,518,8877.0471786,1,VSM.ClearPhysicalPages,89856,1
67,518,8877.0471786,1,VSM.StaticCasterCull,71680,1
67,518,8877.0471786,1,VSM.DynamicCasterCull,0,1
67,518,8877.0471786,1,VSM.PageCull,52736,1
67,518,8877.0471786,1,VSM.StaticRaster,7168,1
67,518,8877.0471786,1,VSM.FinalizePages,1536,1
67,518,8877.0471786,1,VSM.DynamicRaster,14336,1
67,518,8877.0471786,1,VSM.UnityCompatibilityRaster,0,0
67,518,8877.0471786,1,VSM.Resolve,6820352,1
67,518,8877.0471786,1,VSM.ResolveTrace,6597632,1
67,518,8877.0471786,1,VSM.FilterHorizontal,65024,1
67,518,8877.0471786,1,VSM.FilterVertical,0,0
67,518,8877.0471786,1,VSM.FilterTemporalVertical,156416,1
68,519,8877.065272400001,1,VSM.PageOccupancy,59648,1
68,519,8877.065272400001,1,VSM.LayoutRemap,0,1
68,519,8877.065272400001,1,VSM.ResetFeedback,0,1
68,519,8877.065272400001,1,VSM.MarkReceiverPages,608256,1
68,519,8877.065272400001,1,VSM.Allocate,224768,1
68,519,8877.065272400001,1,VSM.InvalidateStatic,0,0
68,519,8877.065272400001,1,VSM.ClearPhysicalPages,397568,1
68,519,8877.065272400001,1,VSM.StaticCasterCull,69376,1
68,519,8877.065272400001,1,VSM.DynamicCasterCull,0,1
68,519,8877.065272400001,1,VSM.PageCull,45312,1
68,519,8877.065272400001,1,VSM.StaticRaster,7168,1
68,519,8877.065272400001,1,VSM.FinalizePages,1792,1
68,519,8877.065272400001,1,VSM.DynamicRaster,11520,1
68,519,8877.065272400001,1,VSM.UnityCompatibilityRaster,0,0
68,519,8877.065272400001,1,VSM.Resolve,7574528,1
68,519,8877.065272400001,1,VSM.ResolveTrace,7148288,1
68,519,8877.065272400001,1,VSM.FilterHorizontal,66048,1
68,519,8877.065272400001,1,VSM.FilterVertical,0,0
68,519,8877.065272400001,1,VSM.FilterTemporalVertical,359424,1
69,520,8877.0826163,1,VSM.PageOccupancy,61952,1
69,520,8877.0826163,1,VSM.LayoutRemap,0,1
69,520,8877.0826163,1,VSM.ResetFeedback,0,1
69,520,8877.0826163,1,VSM.MarkReceiverPages,606720,1
69,520,8877.0826163,1,VSM.Allocate,225792,1
69,520,8877.0826163,1,VSM.InvalidateStatic,0,0
69,520,8877.0826163,1,VSM.ClearPhysicalPages,89600,1
69,520,8877.0826163,1,VSM.StaticCasterCull,68352,1
69,520,8877.0826163,1,VSM.DynamicCasterCull,0,1
69,520,8877.0826163,1,VSM.PageCull,49408,1
69,520,8877.0826163,1,VSM.StaticRaster,6912,1
69,520,8877.0826163,1,VSM.FinalizePages,1792,1
69,520,8877.0826163,1,VSM.DynamicRaster,14592,1
69,520,8877.0826163,1,VSM.UnityCompatibilityRaster,0,0
69,520,8877.0826163,1,VSM.Resolve,7860992,1
69,520,8877.0826163,1,VSM.ResolveTrace,7282944,1
69,520,8877.0826163,1,VSM.FilterHorizontal,66304,1
69,520,8877.0826163,1,VSM.FilterVertical,0,0
69,520,8877.0826163,1,VSM.FilterTemporalVertical,510208,1
70,521,8877.1092180000014,1,VSM.PageOccupancy,60672,1
70,521,8877.1092180000014,1,VSM.LayoutRemap,0,1
70,521,8877.1092180000014,1,VSM.ResetFeedback,0,1
70,521,8877.1092180000014,1,VSM.MarkReceiverPages,607744,1
70,521,8877.1092180000014,1,VSM.Allocate,224256,1
70,521,8877.1092180000014,1,VSM.InvalidateStatic,0,0
70,521,8877.1092180000014,1,VSM.ClearPhysicalPages,89600,1
70,521,8877.1092180000014,1,VSM.StaticCasterCull,69376,1
70,521,8877.1092180000014,1,VSM.DynamicCasterCull,0,1
70,521,8877.1092180000014,1,VSM.PageCull,50176,1
70,521,8877.1092180000014,1,VSM.StaticRaster,3328,1
70,521,8877.1092180000014,1,VSM.FinalizePages,1792,1
70,521,8877.1092180000014,1,VSM.DynamicRaster,15872,1
70,521,8877.1092180000014,1,VSM.UnityCompatibilityRaster,0,0
70,521,8877.1092180000014,1,VSM.Resolve,7469568,1
70,521,8877.1092180000014,1,VSM.ResolveTrace,7242752,1
70,521,8877.1092180000014,1,VSM.FilterHorizontal,67328,1
70,521,8877.1092180000014,1,VSM.FilterVertical,0,0
70,521,8877.1092180000014,1,VSM.FilterTemporalVertical,158720,1
71,522,8877.1262281,1,VSM.PageOccupancy,60928,1
71,522,8877.1262281,1,VSM.LayoutRemap,0,1
71,522,8877.1262281,1,VSM.ResetFeedback,0,1
71,522,8877.1262281,1,VSM.MarkReceiverPages,607488,1
71,522,8877.1262281,1,VSM.Allocate,225024,1
71,522,8877.1262281,1,VSM.InvalidateStatic,0,0
71,522,8877.1262281,1,VSM.ClearPhysicalPages,516608,1
71,522,8877.1262281,1,VSM.StaticCasterCull,72960,1
71,522,8877.1262281,1,VSM.DynamicCasterCull,0,1
71,522,8877.1262281,1,VSM.PageCull,48384,1
71,522,8877.1262281,1,VSM.StaticRaster,5888,1
71,522,8877.1262281,1,VSM.FinalizePages,2048,1
71,522,8877.1262281,1,VSM.DynamicRaster,12288,1
71,522,8877.1262281,1,VSM.UnityCompatibilityRaster,0,0
71,522,8877.1262281,1,VSM.Resolve,7306240,1
71,522,8877.1262281,1,VSM.ResolveTrace,7080960,1
71,522,8877.1262281,1,VSM.FilterHorizontal,66560,1
71,522,8877.1262281,1,VSM.FilterVertical,0,0
71,522,8877.1262281,1,VSM.FilterTemporalVertical,157952,1
72,523,8877.1433717,1,VSM.PageOccupancy,57344,1
72,523,8877.1433717,1,VSM.LayoutRemap,0,1
72,523,8877.1433717,1,VSM.ResetFeedback,0,1
72,523,8877.1433717,1,VSM.MarkReceiverPages,606720,1
72,523,8877.1433717,1,VSM.Allocate,225024,1
72,523,8877.1433717,1,VSM.InvalidateStatic,0,0
72,523,8877.1433717,1,VSM.ClearPhysicalPages,89856,1
72,523,8877.1433717,1,VSM.StaticCasterCull,517120,1
72,523,8877.1433717,1,VSM.DynamicCasterCull,0,1
72,523,8877.1433717,1,VSM.PageCull,49152,1
72,523,8877.1433717,1,VSM.StaticRaster,12800,1
72,523,8877.1433717,1,VSM.FinalizePages,2048,1
72,523,8877.1433717,1,VSM.DynamicRaster,16896,1
72,523,8877.1433717,1,VSM.UnityCompatibilityRaster,0,0
72,523,8877.1433717,1,VSM.Resolve,8046336,1
72,523,8877.1433717,1,VSM.ResolveTrace,7248640,1
72,523,8877.1433717,1,VSM.FilterHorizontal,67840,1
72,523,8877.1433717,1,VSM.FilterVertical,0,0
72,523,8877.1433717,1,VSM.FilterTemporalVertical,161536,1
73,524,8877.1597775000009,1,VSM.PageOccupancy,58880,1
73,524,8877.1597775000009,1,VSM.LayoutRemap,0,1
73,524,8877.1597775000009,1,VSM.ResetFeedback,0,1
73,524,8877.1597775000009,1,VSM.MarkReceiverPages,606464,1
73,524,8877.1597775000009,1,VSM.Allocate,224000,1
73,524,8877.1597775000009,1,VSM.InvalidateStatic,0,0
73,524,8877.1597775000009,1,VSM.ClearPhysicalPages,89600,1
73,524,8877.1597775000009,1,VSM.StaticCasterCull,67584,1
73,524,8877.1597775000009,1,VSM.DynamicCasterCull,0,1
73,524,8877.1597775000009,1,VSM.PageCull,48640,1
73,524,8877.1597775000009,1,VSM.StaticRaster,7168,1
73,524,8877.1597775000009,1,VSM.FinalizePages,1792,1
73,524,8877.1597775000009,1,VSM.DynamicRaster,13824,1
73,524,8877.1597775000009,1,VSM.UnityCompatibilityRaster,0,0
73,524,8877.1597775000009,1,VSM.Resolve,7459840,1
73,524,8877.1597775000009,1,VSM.ResolveTrace,7234048,1
73,524,8877.1597775000009,1,VSM.FilterHorizontal,67072,1
73,524,8877.1597775000009,1,VSM.FilterVertical,0,0
73,524,8877.1597775000009,1,VSM.FilterTemporalVertical,157696,1
74,525,8877.1780521,1,VSM.PageOccupancy,59648,1
74,525,8877.1780521,1,VSM.LayoutRemap,0,1
74,525,8877.1780521,1,VSM.ResetFeedback,0,1
74,525,8877.1780521,1,VSM.MarkReceiverPages,607488,1
74,525,8877.1780521,1,VSM.Allocate,225792,1
74,525,8877.1780521,1,VSM.InvalidateStatic,0,0
74,525,8877.1780521,1,VSM.ClearPhysicalPages,90112,1
74,525,8877.1780521,1,VSM.StaticCasterCull,68096,1
74,525,8877.1780521,1,VSM.DynamicCasterCull,0,1
74,525,8877.1780521,1,VSM.PageCull,48640,1
74,525,8877.1780521,1,VSM.StaticRaster,7168,1
74,525,8877.1780521,1,VSM.FinalizePages,2304,1
74,525,8877.1780521,1,VSM.DynamicRaster,11520,1
74,525,8877.1780521,1,VSM.UnityCompatibilityRaster,0,0
74,525,8877.1780521,1,VSM.Resolve,7025920,1
74,525,8877.1780521,1,VSM.ResolveTrace,6799872,1
74,525,8877.1780521,1,VSM.FilterHorizontal,66816,1
74,525,8877.1780521,1,VSM.FilterVertical,0,0
74,525,8877.1780521,1,VSM.FilterTemporalVertical,158208,1
75,526,8877.1957696,1,VSM.PageOccupancy,59136,1
75,526,8877.1957696,1,VSM.LayoutRemap,0,1
75,526,8877.1957696,1,VSM.ResetFeedback,0,1
75,526,8877.1957696,1,VSM.MarkReceiverPages,607232,1
75,526,8877.1957696,1,VSM.Allocate,222976,1
75,526,8877.1957696,1,VSM.InvalidateStatic,0,0
75,526,8877.1957696,1,VSM.ClearPhysicalPages,433152,1
75,526,8877.1957696,1,VSM.StaticCasterCull,76544,1
75,526,8877.1957696,1,VSM.DynamicCasterCull,0,1
75,526,8877.1957696,1,VSM.PageCull,51712,1
75,526,8877.1957696,1,VSM.StaticRaster,6912,1
75,526,8877.1957696,1,VSM.FinalizePages,2048,1
75,526,8877.1957696,1,VSM.DynamicRaster,13056,1
75,526,8877.1957696,1,VSM.UnityCompatibilityRaster,0,0
75,526,8877.1957696,1,VSM.Resolve,7085056,1
75,526,8877.1957696,1,VSM.ResolveTrace,6860544,1
75,526,8877.1957696,1,VSM.FilterHorizontal,66560,1
75,526,8877.1957696,1,VSM.FilterVertical,0,0
75,526,8877.1957696,1,VSM.FilterTemporalVertical,156928,1
76,527,8877.2143100000012,1,VSM.PageOccupancy,60416,1
76,527,8877.2143100000012,1,VSM.LayoutRemap,0,1
76,527,8877.2143100000012,1,VSM.ResetFeedback,0,1
76,527,8877.2143100000012,1,VSM.MarkReceiverPages,1045760,1
76,527,8877.2143100000012,1,VSM.Allocate,231168,1
76,527,8877.2143100000012,1,VSM.InvalidateStatic,0,0
76,527,8877.2143100000012,1,VSM.ClearPhysicalPages,90112,1
76,527,8877.2143100000012,1,VSM.StaticCasterCull,64512,1
76,527,8877.2143100000012,1,VSM.DynamicCasterCull,0,1
76,527,8877.2143100000012,1,VSM.PageCull,45568,1
76,527,8877.2143100000012,1,VSM.StaticRaster,6912,1
76,527,8877.2143100000012,1,VSM.FinalizePages,2048,1
76,527,8877.2143100000012,1,VSM.DynamicRaster,11264,1
76,527,8877.2143100000012,1,VSM.UnityCompatibilityRaster,0,0
76,527,8877.2143100000012,1,VSM.Resolve,7718400,1
76,527,8877.2143100000012,1,VSM.ResolveTrace,7493888,1
76,527,8877.2143100000012,1,VSM.FilterHorizontal,65792,1
76,527,8877.2143100000012,1,VSM.FilterVertical,0,0
76,527,8877.2143100000012,1,VSM.FilterTemporalVertical,157440,1
77,528,8877.2327557,1,VSM.PageOccupancy,61440,1
77,528,8877.2327557,1,VSM.LayoutRemap,0,1
77,528,8877.2327557,1,VSM.ResetFeedback,0,1
77,528,8877.2327557,1,VSM.MarkReceiverPages,609536,1
77,528,8877.2327557,1,VSM.Allocate,225536,1
77,528,8877.2327557,1,VSM.InvalidateStatic,0,0
77,528,8877.2327557,1,VSM.ClearPhysicalPages,530688,1
77,528,8877.2327557,1,VSM.StaticCasterCull,74752,1
77,528,8877.2327557,1,VSM.DynamicCasterCull,0,1
77,528,8877.2327557,1,VSM.PageCull,46336,1
77,528,8877.2327557,1,VSM.StaticRaster,7168,1
77,528,8877.2327557,1,VSM.FinalizePages,2304,1
77,528,8877.2327557,1,VSM.DynamicRaster,11264,1
77,528,8877.2327557,1,VSM.UnityCompatibilityRaster,0,0
77,528,8877.2327557,1,VSM.Resolve,7745024,1
77,528,8877.2327557,1,VSM.ResolveTrace,6857728,1
77,528,8877.2327557,1,VSM.FilterHorizontal,66560,1
77,528,8877.2327557,1,VSM.FilterVertical,0,0
77,528,8877.2327557,1,VSM.FilterTemporalVertical,819712,1
78,529,8877.2511937,1,VSM.PageOccupancy,59136,1
78,529,8877.2511937,1,VSM.LayoutRemap,0,1
78,529,8877.2511937,1,VSM.ResetFeedback,0,1
78,529,8877.2511937,1,VSM.MarkReceiverPages,610048,1
78,529,8877.2511937,1,VSM.Allocate,228864,1
78,529,8877.2511937,1,VSM.InvalidateStatic,0,0
78,529,8877.2511937,1,VSM.ClearPhysicalPages,440064,1
78,529,8877.2511937,1,VSM.StaticCasterCull,73472,1
78,529,8877.2511937,1,VSM.DynamicCasterCull,0,1
78,529,8877.2511937,1,VSM.PageCull,47104,1
78,529,8877.2511937,1,VSM.StaticRaster,3584,1
78,529,8877.2511937,1,VSM.FinalizePages,2304,1
78,529,8877.2511937,1,VSM.DynamicRaster,11776,1
78,529,8877.2511937,1,VSM.UnityCompatibilityRaster,0,0
78,529,8877.2511937,1,VSM.Resolve,8407552,1
78,529,8877.2511937,1,VSM.ResolveTrace,8178176,1
78,529,8877.2511937,1,VSM.FilterHorizontal,68096,1
78,529,8877.2511937,1,VSM.FilterVertical,0,0
78,529,8877.2511937,1,VSM.FilterTemporalVertical,160000,1
79,530,8877.2687112,1,VSM.PageOccupancy,60160,1
79,530,8877.2687112,1,VSM.LayoutRemap,0,1
79,530,8877.2687112,1,VSM.ResetFeedback,0,1
79,530,8877.2687112,1,VSM.MarkReceiverPages,610048,1
79,530,8877.2687112,1,VSM.Allocate,226816,1
79,530,8877.2687112,1,VSM.InvalidateStatic,0,0
79,530,8877.2687112,1,VSM.ClearPhysicalPages,91648,1
79,530,8877.2687112,1,VSM.StaticCasterCull,66048,1
79,530,8877.2687112,1,VSM.DynamicCasterCull,0,1
79,530,8877.2687112,1,VSM.PageCull,47104,1
79,530,8877.2687112,1,VSM.StaticRaster,7424,1
79,530,8877.2687112,1,VSM.FinalizePages,1536,1
79,530,8877.2687112,1,VSM.DynamicRaster,12032,1
79,530,8877.2687112,1,VSM.UnityCompatibilityRaster,0,0
79,530,8877.2687112,1,VSM.Resolve,7815680,1
79,530,8877.2687112,1,VSM.ResolveTrace,7232768,1
79,530,8877.2687112,1,VSM.FilterHorizontal,420352,1
79,530,8877.2687112,1,VSM.FilterVertical,0,0
79,530,8877.2687112,1,VSM.FilterTemporalVertical,161280,1
80,531,8877.2859587,1,VSM.PageOccupancy,58624,1
80,531,8877.2859587,1,VSM.LayoutRemap,0,1
80,531,8877.2859587,1,VSM.ResetFeedback,0,1
80,531,8877.2859587,1,VSM.MarkReceiverPages,608768,1
80,531,8877.2859587,1,VSM.Allocate,232448,1
80,531,8877.2859587,1,VSM.InvalidateStatic,0,0
80,531,8877.2859587,1,VSM.ClearPhysicalPages,91136,1
80,531,8877.2859587,1,VSM.StaticCasterCull,66560,1
80,531,8877.2859587,1,VSM.DynamicCasterCull,0,1
80,531,8877.2859587,1,VSM.PageCull,47104,1
80,531,8877.2859587,1,VSM.StaticRaster,3328,1
80,531,8877.2859587,1,VSM.FinalizePages,1792,1
80,531,8877.2859587,1,VSM.DynamicRaster,12032,1
80,531,8877.2859587,1,VSM.UnityCompatibilityRaster,0,0
80,531,8877.2859587,1,VSM.Resolve,7627008,1
80,531,8877.2859587,1,VSM.ResolveTrace,7401728,1
80,531,8877.2859587,1,VSM.FilterHorizontal,66560,1
80,531,8877.2859587,1,VSM.FilterVertical,0,0
80,531,8877.2859587,1,VSM.FilterTemporalVertical,157952,1
81,532,8877.3023736000014,1,VSM.PageOccupancy,59648,1
81,532,8877.3023736000014,1,VSM.LayoutRemap,0,1
81,532,8877.3023736000014,1,VSM.ResetFeedback,0,1
81,532,8877.3023736000014,1,VSM.MarkReceiverPages,605952,1
81,532,8877.3023736000014,1,VSM.Allocate,227584,1
81,532,8877.3023736000014,1,VSM.InvalidateStatic,0,0
81,532,8877.3023736000014,1,VSM.ClearPhysicalPages,954112,1
81,532,8877.3023736000014,1,VSM.StaticCasterCull,75264,1
81,532,8877.3023736000014,1,VSM.DynamicCasterCull,0,1
81,532,8877.3023736000014,1,VSM.PageCull,48128,1
81,532,8877.3023736000014,1,VSM.StaticRaster,7168,1
81,532,8877.3023736000014,1,VSM.FinalizePages,1792,1
81,532,8877.3023736000014,1,VSM.DynamicRaster,12288,1
81,532,8877.3023736000014,1,VSM.UnityCompatibilityRaster,0,0
81,532,8877.3023736000014,1,VSM.Resolve,6722560,1
81,532,8877.3023736000014,1,VSM.ResolveTrace,6497536,1
81,532,8877.3023736000014,1,VSM.FilterHorizontal,66304,1
81,532,8877.3023736000014,1,VSM.FilterVertical,0,0
81,532,8877.3023736000014,1,VSM.FilterTemporalVertical,157952,1
82,533,8877.3204119,1,VSM.PageOccupancy,61184,1
82,533,8877.3204119,1,VSM.LayoutRemap,0,1
82,533,8877.3204119,1,VSM.ResetFeedback,0,1
82,533,8877.3204119,1,VSM.MarkReceiverPages,607232,1
82,533,8877.3204119,1,VSM.Allocate,225792,1
82,533,8877.3204119,1,VSM.InvalidateStatic,0,0
82,533,8877.3204119,1,VSM.ClearPhysicalPages,89856,1
82,533,8877.3204119,1,VSM.StaticCasterCull,66816,1
82,533,8877.3204119,1,VSM.DynamicCasterCull,0,1
82,533,8877.3204119,1,VSM.PageCull,48384,1
82,533,8877.3204119,1,VSM.StaticRaster,7680,1
82,533,8877.3204119,1,VSM.FinalizePages,2048,1
82,533,8877.3204119,1,VSM.DynamicRaster,15360,1
82,533,8877.3204119,1,VSM.UnityCompatibilityRaster,0,0
82,533,8877.3204119,1,VSM.Resolve,8104192,1
82,533,8877.3204119,1,VSM.ResolveTrace,7878656,1
82,533,8877.3204119,1,VSM.FilterHorizontal,66560,1
82,533,8877.3204119,1,VSM.FilterVertical,0,0
82,533,8877.3204119,1,VSM.FilterTemporalVertical,157440,1
83,534,8877.3387391,1,VSM.PageOccupancy,58112,1
83,534,8877.3387391,1,VSM.LayoutRemap,0,1
83,534,8877.3387391,1,VSM.ResetFeedback,0,1
83,534,8877.3387391,1,VSM.MarkReceiverPages,608000,1
83,534,8877.3387391,1,VSM.Allocate,224768,1
83,534,8877.3387391,1,VSM.InvalidateStatic,0,0
83,534,8877.3387391,1,VSM.ClearPhysicalPages,89856,1
83,534,8877.3387391,1,VSM.StaticCasterCull,67072,1
83,534,8877.3387391,1,VSM.DynamicCasterCull,0,1
83,534,8877.3387391,1,VSM.PageCull,48128,1
83,534,8877.3387391,1,VSM.StaticRaster,8192,1
83,534,8877.3387391,1,VSM.FinalizePages,1792,1
83,534,8877.3387391,1,VSM.DynamicRaster,14080,1
83,534,8877.3387391,1,VSM.UnityCompatibilityRaster,0,0
83,534,8877.3387391,1,VSM.Resolve,7076096,1
83,534,8877.3387391,1,VSM.ResolveTrace,6854656,1
83,534,8877.3387391,1,VSM.FilterHorizontal,64000,1
83,534,8877.3387391,1,VSM.FilterVertical,0,0
83,534,8877.3387391,1,VSM.FilterTemporalVertical,155904,1
84,535,8877.3565818,1,VSM.PageOccupancy,57856,1
84,535,8877.3565818,1,VSM.LayoutRemap,0,1
84,535,8877.3565818,1,VSM.ResetFeedback,0,1
84,535,8877.3565818,1,VSM.MarkReceiverPages,606464,1
84,535,8877.3565818,1,VSM.Allocate,224000,1
84,535,8877.3565818,1,VSM.InvalidateStatic,0,0
84,535,8877.3565818,1,VSM.ClearPhysicalPages,279808,1
84,535,8877.3565818,1,VSM.StaticCasterCull,73216,1
84,535,8877.3565818,1,VSM.DynamicCasterCull,0,1
84,535,8877.3565818,1,VSM.PageCull,49664,1
84,535,8877.3565818,1,VSM.StaticRaster,3328,1
84,535,8877.3565818,1,VSM.FinalizePages,1536,1
84,535,8877.3565818,1,VSM.DynamicRaster,14336,1
84,535,8877.3565818,1,VSM.UnityCompatibilityRaster,0,0
84,535,8877.3565818,1,VSM.Resolve,8422400,1
84,535,8877.3565818,1,VSM.ResolveTrace,8193536,1
84,535,8877.3565818,1,VSM.FilterHorizontal,68096,1
84,535,8877.3565818,1,VSM.FilterVertical,0,0
84,535,8877.3565818,1,VSM.FilterTemporalVertical,159232,1
85,536,8877.3755375,1,VSM.PageOccupancy,60416,1
85,536,8877.3755375,1,VSM.LayoutRemap,0,1
85,536,8877.3755375,1,VSM.ResetFeedback,0,1
85,536,8877.3755375,1,VSM.MarkReceiverPages,609792,1
85,536,8877.3755375,1,VSM.Allocate,226816,1
85,536,8877.3755375,1,VSM.InvalidateStatic,0,0
85,536,8877.3755375,1,VSM.ClearPhysicalPages,91136,1
85,536,8877.3755375,1,VSM.StaticCasterCull,67840,1
85,536,8877.3755375,1,VSM.DynamicCasterCull,0,1
85,536,8877.3755375,1,VSM.PageCull,48896,1
85,536,8877.3755375,1,VSM.StaticRaster,7168,1
85,536,8877.3755375,1,VSM.FinalizePages,2048,1
85,536,8877.3755375,1,VSM.DynamicRaster,12032,1
85,536,8877.3755375,1,VSM.UnityCompatibilityRaster,0,0
85,536,8877.3755375,1,VSM.Resolve,6908928,1
85,536,8877.3755375,1,VSM.ResolveTrace,6325248,1
85,536,8877.3755375,1,VSM.FilterHorizontal,66048,1
85,536,8877.3755375,1,VSM.FilterVertical,0,0
85,536,8877.3755375,1,VSM.FilterTemporalVertical,516608,1
86,537,8877.3948403000013,1,VSM.PageOccupancy,61440,1
86,537,8877.3948403000013,1,VSM.LayoutRemap,0,1
86,537,8877.3948403000013,1,VSM.ResetFeedback,0,1
86,537,8877.3948403000013,1,VSM.MarkReceiverPages,610048,1
86,537,8877.3948403000013,1,VSM.Allocate,227584,1
86,537,8877.3948403000013,1,VSM.InvalidateStatic,0,0
86,537,8877.3948403000013,1,VSM.ClearPhysicalPages,90368,1
86,537,8877.3948403000013,1,VSM.StaticCasterCull,73216,1
86,537,8877.3948403000013,1,VSM.DynamicCasterCull,0,1
86,537,8877.3948403000013,1,VSM.PageCull,54528,1
86,537,8877.3948403000013,1,VSM.StaticRaster,6912,1
86,537,8877.3948403000013,1,VSM.FinalizePages,1536,1
86,537,8877.3948403000013,1,VSM.DynamicRaster,20480,1
86,537,8877.3948403000013,1,VSM.UnityCompatibilityRaster,0,0
86,537,8877.3948403000013,1,VSM.Resolve,7096832,1
86,537,8877.3948403000013,1,VSM.ResolveTrace,6867200,1
86,537,8877.3948403000013,1,VSM.FilterHorizontal,68096,1
86,537,8877.3948403000013,1,VSM.FilterVertical,0,0
86,537,8877.3948403000013,1,VSM.FilterTemporalVertical,160512,1
87,538,8877.4133177,1,VSM.PageOccupancy,59648,1
87,538,8877.4133177,1,VSM.LayoutRemap,0,1
87,538,8877.4133177,1,VSM.ResetFeedback,0,1
87,538,8877.4133177,1,VSM.MarkReceiverPages,609536,1
87,538,8877.4133177,1,VSM.Allocate,233216,1
87,538,8877.4133177,1,VSM.InvalidateStatic,0,0
87,538,8877.4133177,1,VSM.ClearPhysicalPages,90880,1
87,538,8877.4133177,1,VSM.StaticCasterCull,65280,1
87,538,8877.4133177,1,VSM.DynamicCasterCull,0,1
87,538,8877.4133177,1,VSM.PageCull,46592,1
87,538,8877.4133177,1,VSM.StaticRaster,3072,1
87,538,8877.4133177,1,VSM.FinalizePages,1536,1
87,538,8877.4133177,1,VSM.DynamicRaster,11520,1
87,538,8877.4133177,1,VSM.UnityCompatibilityRaster,0,0
87,538,8877.4133177,1,VSM.Resolve,7593728,1
87,538,8877.4133177,1,VSM.ResolveTrace,7021568,1
87,538,8877.4133177,1,VSM.FilterHorizontal,68608,1
87,538,8877.4133177,1,VSM.FilterVertical,0,0
87,538,8877.4133177,1,VSM.FilterTemporalVertical,160768,1
88,539,8877.4320305,1,VSM.PageOccupancy,58880,1
88,539,8877.4320305,1,VSM.LayoutRemap,0,1
88,539,8877.4320305,1,VSM.ResetFeedback,0,1
88,539,8877.4320305,1,VSM.MarkReceiverPages,609792,1
88,539,8877.4320305,1,VSM.Allocate,226816,1
88,539,8877.4320305,1,VSM.InvalidateStatic,0,0
88,539,8877.4320305,1,VSM.ClearPhysicalPages,532992,1
88,539,8877.4320305,1,VSM.StaticCasterCull,69632,1
88,539,8877.4320305,1,VSM.DynamicCasterCull,0,1
88,539,8877.4320305,1,VSM.PageCull,49408,1
88,539,8877.4320305,1,VSM.StaticRaster,3328,1
88,539,8877.4320305,1,VSM.FinalizePages,1792,1
88,539,8877.4320305,1,VSM.DynamicRaster,12544,1
88,539,8877.4320305,1,VSM.UnityCompatibilityRaster,0,0
88,539,8877.4320305,1,VSM.Resolve,8050176,1
88,539,8877.4320305,1,VSM.ResolveTrace,7075072,1
88,539,8877.4320305,1,VSM.FilterHorizontal,64768,1
88,539,8877.4320305,1,VSM.FilterVertical,0,0
88,539,8877.4320305,1,VSM.FilterTemporalVertical,908800,1
89,540,8877.4503999,1,VSM.PageOccupancy,60416,1
89,540,8877.4503999,1,VSM.LayoutRemap,0,1
89,540,8877.4503999,1,VSM.ResetFeedback,0,1
89,540,8877.4503999,1,VSM.MarkReceiverPages,609536,1
89,540,8877.4503999,1,VSM.Allocate,226560,1
89,540,8877.4503999,1,VSM.InvalidateStatic,0,0
89,540,8877.4503999,1,VSM.ClearPhysicalPages,283136,1
89,540,8877.4503999,1,VSM.StaticCasterCull,73472,1
89,540,8877.4503999,1,VSM.DynamicCasterCull,0,1
89,540,8877.4503999,1,VSM.PageCull,48896,1
89,540,8877.4503999,1,VSM.StaticRaster,6912,1
89,540,8877.4503999,1,VSM.FinalizePages,1792,1
89,540,8877.4503999,1,VSM.DynamicRaster,14080,1
89,540,8877.4503999,1,VSM.UnityCompatibilityRaster,0,0
89,540,8877.4503999,1,VSM.Resolve,7968256,1
89,540,8877.4503999,1,VSM.ResolveTrace,7740672,1
89,540,8877.4503999,1,VSM.FilterHorizontal,66304,1
89,540,8877.4503999,1,VSM.FilterVertical,0,0
89,540,8877.4503999,1,VSM.FilterTemporalVertical,159744,1
90,541,8877.4681099,1,VSM.PageOccupancy,61440,1
90,541,8877.4681099,1,VSM.LayoutRemap,0,1
90,541,8877.4681099,1,VSM.ResetFeedback,0,1
90,541,8877.4681099,1,VSM.MarkReceiverPages,609536,1
90,541,8877.4681099,1,VSM.Allocate,228864,1
90,541,8877.4681099,1,VSM.InvalidateStatic,0,0
90,541,8877.4681099,1,VSM.ClearPhysicalPages,457728,1
90,541,8877.4681099,1,VSM.StaticCasterCull,72960,1
90,541,8877.4681099,1,VSM.DynamicCasterCull,256,1
90,541,8877.4681099,1,VSM.PageCull,49152,1
90,541,8877.4681099,1,VSM.StaticRaster,7168,1
90,541,8877.4681099,1,VSM.FinalizePages,1792,1
90,541,8877.4681099,1,VSM.DynamicRaster,13312,1
90,541,8877.4681099,1,VSM.UnityCompatibilityRaster,0,0
90,541,8877.4681099,1,VSM.Resolve,7673600,1
90,541,8877.4681099,1,VSM.ResolveTrace,7109632,1
90,541,8877.4681099,1,VSM.FilterHorizontal,68608,1
90,541,8877.4681099,1,VSM.FilterVertical,0,0
90,541,8877.4681099,1,VSM.FilterTemporalVertical,160512,1
91,542,8877.4863528,1,VSM.PageOccupancy,59904,1
91,542,8877.4863528,1,VSM.LayoutRemap,0,1
91,542,8877.4863528,1,VSM.ResetFeedback,0,1
91,542,8877.4863528,1,VSM.MarkReceiverPages,994816,1
91,542,8877.4863528,1,VSM.Allocate,230656,1
91,542,8877.4863528,1,VSM.InvalidateStatic,0,0
91,542,8877.4863528,1,VSM.ClearPhysicalPages,91392,1
91,542,8877.4863528,1,VSM.StaticCasterCull,64512,1
91,542,8877.4863528,1,VSM.DynamicCasterCull,0,1
91,542,8877.4863528,1,VSM.PageCull,45824,1
91,542,8877.4863528,1,VSM.StaticRaster,3328,1
91,542,8877.4863528,1,VSM.FinalizePages,1792,1
91,542,8877.4863528,1,VSM.DynamicRaster,12288,1
91,542,8877.4863528,1,VSM.UnityCompatibilityRaster,0,0
91,542,8877.4863528,1,VSM.Resolve,7853568,1
91,542,8877.4863528,1,VSM.ResolveTrace,7438592,1
91,542,8877.4863528,1,VSM.FilterHorizontal,257280,1
91,542,8877.4863528,1,VSM.FilterVertical,0,0
91,542,8877.4863528,1,VSM.FilterTemporalVertical,156672,1
92,543,8877.504251,1,VSM.PageOccupancy,59392,1
92,543,8877.504251,1,VSM.LayoutRemap,0,1
92,543,8877.504251,1,VSM.ResetFeedback,0,1
92,543,8877.504251,1,VSM.MarkReceiverPages,607232,1
92,543,8877.504251,1,VSM.Allocate,225792,1
92,543,8877.504251,1,VSM.InvalidateStatic,0,0
92,543,8877.504251,1,VSM.ClearPhysicalPages,530944,1
92,543,8877.504251,1,VSM.StaticCasterCull,74752,1
92,543,8877.504251,1,VSM.DynamicCasterCull,0,1
92,543,8877.504251,1,VSM.PageCull,50432,1
92,543,8877.504251,1,VSM.StaticRaster,11264,1
92,543,8877.504251,1,VSM.FinalizePages,2560,1
92,543,8877.504251,1,VSM.DynamicRaster,11520,1
92,543,8877.504251,1,VSM.UnityCompatibilityRaster,0,0
92,543,8877.504251,1,VSM.Resolve,7323136,1
92,543,8877.504251,1,VSM.ResolveTrace,6808064,1
92,543,8877.504251,1,VSM.FilterHorizontal,66304,1
92,543,8877.504251,1,VSM.FilterVertical,0,0
92,543,8877.504251,1,VSM.FilterTemporalVertical,159744,1
93,544,8877.5217317,1,VSM.PageOccupancy,58880,1
93,544,8877.5217317,1,VSM.LayoutRemap,0,1
93,544,8877.5217317,1,VSM.ResetFeedback,0,1
93,544,8877.5217317,1,VSM.MarkReceiverPages,606464,1
93,544,8877.5217317,1,VSM.Allocate,225792,1
93,544,8877.5217317,1,VSM.InvalidateStatic,0,0
93,544,8877.5217317,1,VSM.ClearPhysicalPages,413696,1
93,544,8877.5217317,1,VSM.StaticCasterCull,67840,1
93,544,8877.5217317,1,VSM.DynamicCasterCull,0,1
93,544,8877.5217317,1,VSM.PageCull,43776,1
93,544,8877.5217317,1,VSM.StaticRaster,8960,1
93,544,8877.5217317,1,VSM.FinalizePages,2560,1
93,544,8877.5217317,1,VSM.DynamicRaster,12288,1
93,544,8877.5217317,1,VSM.UnityCompatibilityRaster,0,0
93,544,8877.5217317,1,VSM.Resolve,7761408,1
93,544,8877.5217317,1,VSM.ResolveTrace,7535616,1
93,544,8877.5217317,1,VSM.FilterHorizontal,67072,1
93,544,8877.5217317,1,VSM.FilterVertical,0,0
93,544,8877.5217317,1,VSM.FilterTemporalVertical,157440,1
94,545,8877.539812,1,VSM.PageOccupancy,59904,1
94,545,8877.539812,1,VSM.LayoutRemap,0,1
94,545,8877.539812,1,VSM.ResetFeedback,0,1
94,545,8877.539812,1,VSM.MarkReceiverPages,607744,1
94,545,8877.539812,1,VSM.Allocate,224256,1
94,545,8877.539812,1,VSM.InvalidateStatic,0,0
94,545,8877.539812,1,VSM.ClearPhysicalPages,89856,1
94,545,8877.539812,1,VSM.StaticCasterCull,67328,1
94,545,8877.539812,1,VSM.DynamicCasterCull,0,1
94,545,8877.539812,1,VSM.PageCull,48640,1
94,545,8877.539812,1,VSM.StaticRaster,7424,1
94,545,8877.539812,1,VSM.FinalizePages,2048,1
94,545,8877.539812,1,VSM.DynamicRaster,14848,1
94,545,8877.539812,1,VSM.UnityCompatibilityRaster,0,0
94,545,8877.539812,1,VSM.Resolve,7563008,1
94,545,8877.539812,1,VSM.ResolveTrace,7334144,1
94,545,8877.539812,1,VSM.FilterHorizontal,67584,1
94,545,8877.539812,1,VSM.FilterVertical,0,0
94,545,8877.539812,1,VSM.FilterTemporalVertical,160256,1
95,546,8877.5583263,1,VSM.PageOccupancy,60416,1
95,546,8877.5583263,1,VSM.LayoutRemap,0,1
95,546,8877.5583263,1,VSM.ResetFeedback,0,1
95,546,8877.5583263,1,VSM.MarkReceiverPages,607488,1
95,546,8877.5583263,1,VSM.Allocate,225792,1
95,546,8877.5583263,1,VSM.InvalidateStatic,0,0
95,546,8877.5583263,1,VSM.ClearPhysicalPages,89856,1
95,546,8877.5583263,1,VSM.StaticCasterCull,67328,1
95,546,8877.5583263,1,VSM.DynamicCasterCull,0,1
95,546,8877.5583263,1,VSM.PageCull,48896,1
95,546,8877.5583263,1,VSM.StaticRaster,7168,1
95,546,8877.5583263,1,VSM.FinalizePages,2304,1
95,546,8877.5583263,1,VSM.DynamicRaster,14336,1
95,546,8877.5583263,1,VSM.UnityCompatibilityRaster,0,0
95,546,8877.5583263,1,VSM.Resolve,7441408,1
95,546,8877.5583263,1,VSM.ResolveTrace,7215872,1
95,546,8877.5583263,1,VSM.FilterHorizontal,66560,1
95,546,8877.5583263,1,VSM.FilterVertical,0,0
95,546,8877.5583263,1,VSM.FilterTemporalVertical,157696,1
96,547,8877.5762743000014,1,VSM.PageOccupancy,59904,1
96,547,8877.5762743000014,1,VSM.LayoutRemap,0,1
96,547,8877.5762743000014,1,VSM.ResetFeedback,0,1
96,547,8877.5762743000014,1,VSM.MarkReceiverPages,606720,1
96,547,8877.5762743000014,1,VSM.Allocate,223744,1
96,547,8877.5762743000014,1,VSM.InvalidateStatic,0,0
96,547,8877.5762743000014,1,VSM.ClearPhysicalPages,451072,1
96,547,8877.5762743000014,1,VSM.StaticCasterCull,73216,1
96,547,8877.5762743000014,1,VSM.DynamicCasterCull,0,1
96,547,8877.5762743000014,1,VSM.PageCull,48896,1
96,547,8877.5762743000014,1,VSM.StaticRaster,7168,1
96,547,8877.5762743000014,1,VSM.FinalizePages,2048,1
96,547,8877.5762743000014,1,VSM.DynamicRaster,11008,1
96,547,8877.5762743000014,1,VSM.UnityCompatibilityRaster,0,0
96,547,8877.5762743000014,1,VSM.Resolve,7243264,1
96,547,8877.5762743000014,1,VSM.ResolveTrace,6568192,1
96,547,8877.5762743000014,1,VSM.FilterHorizontal,64256,1
96,547,8877.5762743000014,1,VSM.FilterVertical,0,0
96,547,8877.5762743000014,1,VSM.FilterTemporalVertical,609536,1
97,548,8877.5958683,1,VSM.PageOccupancy,60160,1
97,548,8877.5958683,1,VSM.LayoutRemap,0,1
97,548,8877.5958683,1,VSM.ResetFeedback,0,1
97,548,8877.5958683,1,VSM.MarkReceiverPages,609536,1
97,548,8877.5958683,1,VSM.Allocate,227840,1
97,548,8877.5958683,1,VSM.InvalidateStatic,0,0
97,548,8877.5958683,1,VSM.ClearPhysicalPages,559360,1
97,548,8877.5958683,1,VSM.StaticCasterCull,71680,1
97,548,8877.5958683,1,VSM.DynamicCasterCull,0,1
97,548,8877.5958683,1,VSM.PageCull,46848,1
97,548,8877.5958683,1,VSM.StaticRaster,7168,1
97,548,8877.5958683,1,VSM.FinalizePages,2304,1
97,548,8877.5958683,1,VSM.DynamicRaster,12032,1
97,548,8877.5958683,1,VSM.UnityCompatibilityRaster,0,0
97,548,8877.5958683,1,VSM.Resolve,7685888,1
97,548,8877.5958683,1,VSM.ResolveTrace,7271936,1
97,548,8877.5958683,1,VSM.FilterHorizontal,67072,1
97,548,8877.5958683,1,VSM.FilterVertical,0,0
97,548,8877.5958683,1,VSM.FilterTemporalVertical,158208,1
98,549,8877.6143603,1,VSM.PageOccupancy,60416,1
98,549,8877.6143603,1,VSM.LayoutRemap,0,1
98,549,8877.6143603,1,VSM.ResetFeedback,0,1
98,549,8877.6143603,1,VSM.MarkReceiverPages,609792,1
98,549,8877.6143603,1,VSM.Allocate,228352,1
98,549,8877.6143603,1,VSM.InvalidateStatic,0,0
98,549,8877.6143603,1,VSM.ClearPhysicalPages,527872,1
98,549,8877.6143603,1,VSM.StaticCasterCull,71680,1
98,549,8877.6143603,1,VSM.DynamicCasterCull,0,1
98,549,8877.6143603,1,VSM.PageCull,46080,1
98,549,8877.6143603,1,VSM.StaticRaster,3072,1
98,549,8877.6143603,1,VSM.FinalizePages,2304,1
98,549,8877.6143603,1,VSM.DynamicRaster,11776,1
98,549,8877.6143603,1,VSM.UnityCompatibilityRaster,0,0
98,549,8877.6143603,1,VSM.Resolve,7421952,1
98,549,8877.6143603,1,VSM.ResolveTrace,7193600,1
98,549,8877.6143603,1,VSM.FilterHorizontal,68096,1
98,549,8877.6143603,1,VSM.FilterVertical,0,0
98,549,8877.6143603,1,VSM.FilterTemporalVertical,159488,1
99,550,8877.6325229000013,1,VSM.PageOccupancy,59392,1
99,550,8877.6325229000013,1,VSM.LayoutRemap,0,1
99,550,8877.6325229000013,1,VSM.ResetFeedback,0,1
99,550,8877.6325229000013,1,VSM.MarkReceiverPages,630784,1
99,550,8877.6325229000013,1,VSM.Allocate,229888,1
99,550,8877.6325229000013,1,VSM.InvalidateStatic,0,0
99,550,8877.6325229000013,1,VSM.ClearPhysicalPages,425728,1
99,550,8877.6325229000013,1,VSM.StaticCasterCull,72448,1
99,550,8877.6325229000013,1,VSM.DynamicCasterCull,0,1
99,550,8877.6325229000013,1,VSM.PageCull,48384,1
99,550,8877.6325229000013,1,VSM.StaticRaster,7168,1
99,550,8877.6325229000013,1,VSM.FinalizePages,2560,1
99,550,8877.6325229000013,1,VSM.DynamicRaster,11520,1
99,550,8877.6325229000013,1,VSM.UnityCompatibilityRaster,0,0
99,550,8877.6325229000013,1,VSM.Resolve,8632064,1
99,550,8877.6325229000013,1,VSM.ResolveTrace,8401664,1
99,550,8877.6325229000013,1,VSM.FilterHorizontal,68352,1
99,550,8877.6325229000013,1,VSM.FilterVertical,0,0
99,550,8877.6325229000013,1,VSM.FilterTemporalVertical,161024,1
100,551,8877.6504332,1,VSM.PageOccupancy,60160,1
100,551,8877.6504332,1,VSM.LayoutRemap,0,1
100,551,8877.6504332,1,VSM.ResetFeedback,0,1
100,551,8877.6504332,1,VSM.MarkReceiverPages,609792,1
100,551,8877.6504332,1,VSM.Allocate,227840,1
100,551,8877.6504332,1,VSM.InvalidateStatic,0,0
100,551,8877.6504332,1,VSM.ClearPhysicalPages,90624,1
100,551,8877.6504332,1,VSM.StaticCasterCull,67584,1
100,551,8877.6504332,1,VSM.DynamicCasterCull,0,1
100,551,8877.6504332,1,VSM.PageCull,48640,1
100,551,8877.6504332,1,VSM.StaticRaster,7680,1
100,551,8877.6504332,1,VSM.FinalizePages,1792,1
100,551,8877.6504332,1,VSM.DynamicRaster,13056,1
100,551,8877.6504332,1,VSM.UnityCompatibilityRaster,0,0
100,551,8877.6504332,1,VSM.Resolve,7486720,1
100,551,8877.6504332,1,VSM.ResolveTrace,7261440,1
100,551,8877.6504332,1,VSM.FilterHorizontal,65536,1
100,551,8877.6504332,1,VSM.FilterVertical,0,0
100,551,8877.6504332,1,VSM.FilterTemporalVertical,158720,1
101,552,8877.6685567,1,VSM.PageOccupancy,59648,1
101,552,8877.6685567,1,VSM.LayoutRemap,0,1
101,552,8877.6685567,1,VSM.ResetFeedback,0,1
101,552,8877.6685567,1,VSM.MarkReceiverPages,609536,1
101,552,8877.6685567,1,VSM.Allocate,228352,1
101,552,8877.6685567,1,VSM.InvalidateStatic,0,0
101,552,8877.6685567,1,VSM.ClearPhysicalPages,275712,1
101,552,8877.6685567,1,VSM.StaticCasterCull,74240,1
101,552,8877.6685567,1,VSM.DynamicCasterCull,0,1
101,552,8877.6685567,1,VSM.PageCull,49920,1
101,552,8877.6685567,1,VSM.StaticRaster,7168,1
101,552,8877.6685567,1,VSM.FinalizePages,1536,1
101,552,8877.6685567,1,VSM.DynamicRaster,14592,1
101,552,8877.6685567,1,VSM.UnityCompatibilityRaster,0,0
101,552,8877.6685567,1,VSM.Resolve,8112128,1
101,552,8877.6685567,1,VSM.ResolveTrace,6966016,1
101,552,8877.6685567,1,VSM.FilterHorizontal,65280,1
101,552,8877.6685567,1,VSM.FilterVertical,0,0
101,552,8877.6685567,1,VSM.FilterTemporalVertical,1079552,1
102,553,8877.6857603,1,VSM.PageOccupancy,62464,1
102,553,8877.6857603,1,VSM.LayoutRemap,0,1
102,553,8877.6857603,1,VSM.ResetFeedback,0,1
102,553,8877.6857603,1,VSM.MarkReceiverPages,609536,1
102,553,8877.6857603,1,VSM.Allocate,227840,1
102,553,8877.6857603,1,VSM.InvalidateStatic,0,0
102,553,8877.6857603,1,VSM.ClearPhysicalPages,448256,1
102,553,8877.6857603,1,VSM.StaticCasterCull,73472,1
102,553,8877.6857603,1,VSM.DynamicCasterCull,256,1
102,553,8877.6857603,1,VSM.PageCull,49152,1
102,553,8877.6857603,1,VSM.StaticRaster,6912,1
102,553,8877.6857603,1,VSM.FinalizePages,2048,1
102,553,8877.6857603,1,VSM.DynamicRaster,11520,1
102,553,8877.6857603,1,VSM.UnityCompatibilityRaster,0,0
102,553,8877.6857603,1,VSM.Resolve,8068608,1
102,553,8877.6857603,1,VSM.ResolveTrace,7841792,1
102,553,8877.6857603,1,VSM.FilterHorizontal,67584,1
102,553,8877.6857603,1,VSM.FilterVertical,0,0
102,553,8877.6857603,1,VSM.FilterTemporalVertical,158208,1
103,554,8877.7029403,1,VSM.PageOccupancy,60160,1
103,554,8877.7029403,1,VSM.LayoutRemap,0,1
103,554,8877.7029403,1,VSM.ResetFeedback,0,1
103,554,8877.7029403,1,VSM.MarkReceiverPages,610304,1
103,554,8877.7029403,1,VSM.Allocate,227584,1
103,554,8877.7029403,1,VSM.InvalidateStatic,0,0
103,554,8877.7029403,1,VSM.ClearPhysicalPages,738816,1
103,554,8877.7029403,1,VSM.StaticCasterCull,71936,1
103,554,8877.7029403,1,VSM.DynamicCasterCull,0,1
103,554,8877.7029403,1,VSM.PageCull,46592,1
103,554,8877.7029403,1,VSM.StaticRaster,7168,1
103,554,8877.7029403,1,VSM.FinalizePages,2048,1
103,554,8877.7029403,1,VSM.DynamicRaster,12800,1
103,554,8877.7029403,1,VSM.UnityCompatibilityRaster,0,0
103,554,8877.7029403,1,VSM.Resolve,7291136,1
103,554,8877.7029403,1,VSM.ResolveTrace,7066624,1
103,554,8877.7029403,1,VSM.FilterHorizontal,65792,1
103,554,8877.7029403,1,VSM.FilterVertical,0,0
103,554,8877.7029403,1,VSM.FilterTemporalVertical,157952,1
104,555,8877.7201477,1,VSM.PageOccupancy,59904,1
104,555,8877.7201477,1,VSM.LayoutRemap,0,1
104,555,8877.7201477,1,VSM.ResetFeedback,0,1
104,555,8877.7201477,1,VSM.MarkReceiverPages,607744,1
104,555,8877.7201477,1,VSM.Allocate,226816,1
104,555,8877.7201477,1,VSM.InvalidateStatic,0,0
104,555,8877.7201477,1,VSM.ClearPhysicalPages,89600,1
104,555,8877.7201477,1,VSM.StaticCasterCull,65792,1
104,555,8877.7201477,1,VSM.DynamicCasterCull,0,1
104,555,8877.7201477,1,VSM.PageCull,47360,1
104,555,8877.7201477,1,VSM.StaticRaster,7424,1
104,555,8877.7201477,1,VSM.FinalizePages,1536,1
104,555,8877.7201477,1,VSM.DynamicRaster,13312,1
104,555,8877.7201477,1,VSM.UnityCompatibilityRaster,0,0
104,555,8877.7201477,1,VSM.Resolve,8134912,1
104,555,8877.7201477,1,VSM.ResolveTrace,7423488,1
104,555,8877.7201477,1,VSM.FilterHorizontal,64512,1
104,555,8877.7201477,1,VSM.FilterVertical,0,0
104,555,8877.7201477,1,VSM.FilterTemporalVertical,645632,1
105,556,8877.7385581,1,VSM.PageOccupancy,60928,1
105,556,8877.7385581,1,VSM.LayoutRemap,0,1
105,556,8877.7385581,1,VSM.ResetFeedback,0,1
105,556,8877.7385581,1,VSM.MarkReceiverPages,608256,1
105,556,8877.7385581,1,VSM.Allocate,222720,1
105,556,8877.7385581,1,VSM.InvalidateStatic,0,0
105,556,8877.7385581,1,VSM.ClearPhysicalPages,89856,1
105,556,8877.7385581,1,VSM.StaticCasterCull,68608,1
105,556,8877.7385581,1,VSM.DynamicCasterCull,0,1
105,556,8877.7385581,1,VSM.PageCull,49920,1
105,556,8877.7385581,1,VSM.StaticRaster,7424,1
105,556,8877.7385581,1,VSM.FinalizePages,1536,1
105,556,8877.7385581,1,VSM.DynamicRaster,14080,1
105,556,8877.7385581,1,VSM.UnityCompatibilityRaster,0,0
105,556,8877.7385581,1,VSM.Resolve,7622656,1
105,556,8877.7385581,1,VSM.ResolveTrace,7392768,1
105,556,8877.7385581,1,VSM.FilterHorizontal,67072,1
105,556,8877.7385581,1,VSM.FilterVertical,0,0
105,556,8877.7385581,1,VSM.FilterTemporalVertical,161280,1
106,557,8877.7576764,1,VSM.PageOccupancy,60416,1
106,557,8877.7576764,1,VSM.LayoutRemap,0,1
106,557,8877.7576764,1,VSM.ResetFeedback,0,1
106,557,8877.7576764,1,VSM.MarkReceiverPages,606976,1
106,557,8877.7576764,1,VSM.Allocate,223488,1
106,557,8877.7576764,1,VSM.InvalidateStatic,0,0
106,557,8877.7576764,1,VSM.ClearPhysicalPages,89600,1
106,557,8877.7576764,1,VSM.StaticCasterCull,66816,1
106,557,8877.7576764,1,VSM.DynamicCasterCull,0,1
106,557,8877.7576764,1,VSM.PageCull,48128,1
106,557,8877.7576764,1,VSM.StaticRaster,7424,1
106,557,8877.7576764,1,VSM.FinalizePages,2304,1
106,557,8877.7576764,1,VSM.DynamicRaster,16128,1
106,557,8877.7576764,1,VSM.UnityCompatibilityRaster,0,0
106,557,8877.7576764,1,VSM.Resolve,7329792,1
106,557,8877.7576764,1,VSM.ResolveTrace,7103232,1
106,557,8877.7576764,1,VSM.FilterHorizontal,67328,1
106,557,8877.7576764,1,VSM.FilterVertical,0,0
106,557,8877.7576764,1,VSM.FilterTemporalVertical,157952,1
107,558,8877.7765512,1,VSM.PageOccupancy,60928,1
107,558,8877.7765512,1,VSM.LayoutRemap,0,1
107,558,8877.7765512,1,VSM.ResetFeedback,0,1
107,558,8877.7765512,1,VSM.MarkReceiverPages,610304,1
107,558,8877.7765512,1,VSM.Allocate,226560,1
107,558,8877.7765512,1,VSM.InvalidateStatic,0,0
107,558,8877.7765512,1,VSM.ClearPhysicalPages,262656,1
107,558,8877.7765512,1,VSM.StaticCasterCull,73728,1
107,558,8877.7765512,1,VSM.DynamicCasterCull,0,1
107,558,8877.7765512,1,VSM.PageCull,49920,1
107,558,8877.7765512,1,VSM.StaticRaster,7168,1
107,558,8877.7765512,1,VSM.FinalizePages,1792,1
107,558,8877.7765512,1,VSM.DynamicRaster,14336,1
107,558,8877.7765512,1,VSM.UnityCompatibilityRaster,0,0
107,558,8877.7765512,1,VSM.Resolve,7837952,1
107,558,8877.7765512,1,VSM.ResolveTrace,7264768,1
107,558,8877.7765512,1,VSM.FilterHorizontal,68352,1
107,558,8877.7765512,1,VSM.FilterVertical,0,0
107,558,8877.7765512,1,VSM.FilterTemporalVertical,160512,1
108,559,8877.7937181,1,VSM.PageOccupancy,60672,1
108,559,8877.7937181,1,VSM.LayoutRemap,0,1
108,559,8877.7937181,1,VSM.ResetFeedback,0,1
108,559,8877.7937181,1,VSM.MarkReceiverPages,610304,1
108,559,8877.7937181,1,VSM.Allocate,226816,1
108,559,8877.7937181,1,VSM.InvalidateStatic,0,0
108,559,8877.7937181,1,VSM.ClearPhysicalPages,923392,1
108,559,8877.7937181,1,VSM.StaticCasterCull,73728,1
108,559,8877.7937181,1,VSM.DynamicCasterCull,0,1
108,559,8877.7937181,1,VSM.PageCull,48896,1
108,559,8877.7937181,1,VSM.StaticRaster,6912,1
108,559,8877.7937181,1,VSM.FinalizePages,2048,1
108,559,8877.7937181,1,VSM.DynamicRaster,12800,1
108,559,8877.7937181,1,VSM.UnityCompatibilityRaster,0,0
108,559,8877.7937181,1,VSM.Resolve,7407360,1
108,559,8877.7937181,1,VSM.ResolveTrace,7181824,1
108,559,8877.7937181,1,VSM.FilterHorizontal,66816,1
108,559,8877.7937181,1,VSM.FilterVertical,0,0
108,559,8877.7937181,1,VSM.FilterTemporalVertical,157696,1
109,560,8877.8113779000014,1,VSM.PageOccupancy,57344,1
109,560,8877.8113779000014,1,VSM.LayoutRemap,0,1
109,560,8877.8113779000014,1,VSM.ResetFeedback,0,1
109,560,8877.8113779000014,1,VSM.MarkReceiverPages,608768,1
109,560,8877.8113779000014,1,VSM.Allocate,227840,1
109,560,8877.8113779000014,1,VSM.InvalidateStatic,0,0
109,560,8877.8113779000014,1,VSM.ClearPhysicalPages,90624,1
109,560,8877.8113779000014,1,VSM.StaticCasterCull,70400,1
109,560,8877.8113779000014,1,VSM.DynamicCasterCull,0,1
109,560,8877.8113779000014,1,VSM.PageCull,51200,1
109,560,8877.8113779000014,1,VSM.StaticRaster,3072,1
109,560,8877.8113779000014,1,VSM.FinalizePages,2304,1
109,560,8877.8113779000014,1,VSM.DynamicRaster,15616,1
109,560,8877.8113779000014,1,VSM.UnityCompatibilityRaster,0,0
109,560,8877.8113779000014,1,VSM.Resolve,9059072,1
109,560,8877.8113779000014,1,VSM.ResolveTrace,8828928,1
109,560,8877.8113779000014,1,VSM.FilterHorizontal,67840,1
109,560,8877.8113779000014,1,VSM.FilterVertical,0,0
109,560,8877.8113779000014,1,VSM.FilterTemporalVertical,161024,1
110,561,8877.8291617000014,1,VSM.PageOccupancy,59904,1
110,561,8877.8291617000014,1,VSM.LayoutRemap,0,1
110,561,8877.8291617000014,1,VSM.ResetFeedback,0,1
110,561,8877.8291617000014,1,VSM.MarkReceiverPages,609536,1
110,561,8877.8291617000014,1,VSM.Allocate,228352,1
110,561,8877.8291617000014,1,VSM.InvalidateStatic,0,0
110,561,8877.8291617000014,1,VSM.ClearPhysicalPages,663296,1
110,561,8877.8291617000014,1,VSM.StaticCasterCull,73216,1
110,561,8877.8291617000014,1,VSM.DynamicCasterCull,0,1
110,561,8877.8291617000014,1,VSM.PageCull,48128,1
110,561,8877.8291617000014,1,VSM.StaticRaster,3072,1
110,561,8877.8291617000014,1,VSM.FinalizePages,2304,1
110,561,8877.8291617000014,1,VSM.DynamicRaster,12800,1
110,561,8877.8291617000014,1,VSM.UnityCompatibilityRaster,0,0
110,561,8877.8291617000014,1,VSM.Resolve,6981120,1
110,561,8877.8291617000014,1,VSM.ResolveTrace,6750976,1
110,561,8877.8291617000014,1,VSM.FilterHorizontal,67584,1
110,561,8877.8291617000014,1,VSM.FilterVertical,0,0
110,561,8877.8291617000014,1,VSM.FilterTemporalVertical,161536,1
111,562,8877.8475511,1,VSM.PageOccupancy,59136,1
111,562,8877.8475511,1,VSM.LayoutRemap,0,1
111,562,8877.8475511,1,VSM.ResetFeedback,0,1
111,562,8877.8475511,1,VSM.MarkReceiverPages,610304,1
111,562,8877.8475511,1,VSM.Allocate,228608,1
111,562,8877.8475511,1,VSM.InvalidateStatic,0,0
111,562,8877.8475511,1,VSM.ClearPhysicalPages,442624,1
111,562,8877.8475511,1,VSM.StaticCasterCull,69120,1
111,562,8877.8475511,1,VSM.DynamicCasterCull,0,1
111,562,8877.8475511,1,VSM.PageCull,49152,1
111,562,8877.8475511,1,VSM.StaticRaster,7424,1
111,562,8877.8475511,1,VSM.FinalizePages,2048,1
111,562,8877.8475511,1,VSM.DynamicRaster,12032,1
111,562,8877.8475511,1,VSM.UnityCompatibilityRaster,0,0
111,562,8877.8475511,1,VSM.Resolve,7823616,1
111,562,8877.8475511,1,VSM.ResolveTrace,7401216,1
111,562,8877.8475511,1,VSM.FilterHorizontal,66816,1
111,562,8877.8475511,1,VSM.FilterVertical,0,0
111,562,8877.8475511,1,VSM.FilterTemporalVertical,354560,1
112,563,8877.8656626000011,1,VSM.PageOccupancy,62208,1
112,563,8877.8656626000011,1,VSM.LayoutRemap,0,1
112,563,8877.8656626000011,1,VSM.ResetFeedback,0,1
112,563,8877.8656626000011,1,VSM.MarkReceiverPages,608512,1
112,563,8877.8656626000011,1,VSM.Allocate,225536,1
112,563,8877.8656626000011,1,VSM.InvalidateStatic,0,0
112,563,8877.8656626000011,1,VSM.ClearPhysicalPages,519424,1
112,563,8877.8656626000011,1,VSM.StaticCasterCull,67584,1
112,563,8877.8656626000011,1,VSM.DynamicCasterCull,0,1
112,563,8877.8656626000011,1,VSM.PageCull,46848,1
112,563,8877.8656626000011,1,VSM.StaticRaster,8704,1
112,563,8877.8656626000011,1,VSM.FinalizePages,2304,1
112,563,8877.8656626000011,1,VSM.DynamicRaster,12544,1
112,563,8877.8656626000011,1,VSM.UnityCompatibilityRaster,0,0
112,563,8877.8656626000011,1,VSM.Resolve,7400960,1
112,563,8877.8656626000011,1,VSM.ResolveTrace,6959872,1
112,563,8877.8656626000011,1,VSM.FilterHorizontal,64768,1
112,563,8877.8656626000011,1,VSM.FilterVertical,0,0
112,563,8877.8656626000011,1,VSM.FilterTemporalVertical,375040,1
113,564,8877.883715,1,VSM.PageOccupancy,58368,1
113,564,8877.883715,1,VSM.LayoutRemap,0,1
113,564,8877.883715,1,VSM.ResetFeedback,0,1
113,564,8877.883715,1,VSM.MarkReceiverPages,609792,1
113,564,8877.883715,1,VSM.Allocate,227840,1
113,564,8877.883715,1,VSM.InvalidateStatic,0,0
113,564,8877.883715,1,VSM.ClearPhysicalPages,439808,1
113,564,8877.883715,1,VSM.StaticCasterCull,68352,1
113,564,8877.883715,1,VSM.DynamicCasterCull,0,1
113,564,8877.883715,1,VSM.PageCull,43776,1
113,564,8877.883715,1,VSM.StaticRaster,7168,1
113,564,8877.883715,1,VSM.FinalizePages,1792,1
113,564,8877.883715,1,VSM.DynamicRaster,11008,1
113,564,8877.883715,1,VSM.UnityCompatibilityRaster,0,0
113,564,8877.883715,1,VSM.Resolve,7916800,1
113,564,8877.883715,1,VSM.ResolveTrace,7334144,1
113,564,8877.883715,1,VSM.FilterHorizontal,66048,1
113,564,8877.883715,1,VSM.FilterVertical,0,0
113,564,8877.883715,1,VSM.FilterTemporalVertical,515840,1
114,565,8877.9014207,1,VSM.PageOccupancy,61952,1
114,565,8877.9014207,1,VSM.LayoutRemap,0,1
114,565,8877.9014207,1,VSM.ResetFeedback,0,1
114,565,8877.9014207,1,VSM.MarkReceiverPages,608000,1
114,565,8877.9014207,1,VSM.Allocate,225792,1
114,565,8877.9014207,1,VSM.InvalidateStatic,0,0
114,565,8877.9014207,1,VSM.ClearPhysicalPages,89856,1
114,565,8877.9014207,1,VSM.StaticCasterCull,67328,1
114,565,8877.9014207,1,VSM.DynamicCasterCull,0,1
114,565,8877.9014207,1,VSM.PageCull,48640,1
114,565,8877.9014207,1,VSM.StaticRaster,9728,1
114,565,8877.9014207,1,VSM.FinalizePages,1792,1
114,565,8877.9014207,1,VSM.DynamicRaster,15104,1
114,565,8877.9014207,1,VSM.UnityCompatibilityRaster,0,0
114,565,8877.9014207,1,VSM.Resolve,7697408,1
114,565,8877.9014207,1,VSM.ResolveTrace,7465472,1
114,565,8877.9014207,1,VSM.FilterHorizontal,66048,1
114,565,8877.9014207,1,VSM.FilterVertical,0,0
114,565,8877.9014207,1,VSM.FilterTemporalVertical,164352,1
115,566,8877.9196614000011,1,VSM.PageOccupancy,58368,1
115,566,8877.9196614000011,1,VSM.LayoutRemap,0,1
115,566,8877.9196614000011,1,VSM.ResetFeedback,0,1
115,566,8877.9196614000011,1,VSM.MarkReceiverPages,607232,1
115,566,8877.9196614000011,1,VSM.Allocate,225024,1
115,566,8877.9196614000011,1,VSM.InvalidateStatic,0,0
115,566,8877.9196614000011,1,VSM.ClearPhysicalPages,448256,1
115,566,8877.9196614000011,1,VSM.StaticCasterCull,71936,1
115,566,8877.9196614000011,1,VSM.DynamicCasterCull,0,1
115,566,8877.9196614000011,1,VSM.PageCull,47616,1
115,566,8877.9196614000011,1,VSM.StaticRaster,4352,1
115,566,8877.9196614000011,1,VSM.FinalizePages,2048,1
115,566,8877.9196614000011,1,VSM.DynamicRaster,12032,1
115,566,8877.9196614000011,1,VSM.UnityCompatibilityRaster,0,0
115,566,8877.9196614000011,1,VSM.Resolve,7468288,1
115,566,8877.9196614000011,1,VSM.ResolveTrace,7242752,1
115,566,8877.9196614000011,1,VSM.FilterHorizontal,66816,1
115,566,8877.9196614000011,1,VSM.FilterVertical,0,0
115,566,8877.9196614000011,1,VSM.FilterTemporalVertical,157952,1
116,567,8877.93821,1,VSM.PageOccupancy,59904,1
116,567,8877.93821,1,VSM.LayoutRemap,0,1
116,567,8877.93821,1,VSM.ResetFeedback,0,1
116,567,8877.93821,1,VSM.MarkReceiverPages,608000,1
116,567,8877.93821,1,VSM.Allocate,224512,1
116,567,8877.93821,1,VSM.InvalidateStatic,0,0
116,567,8877.93821,1,VSM.ClearPhysicalPages,606464,1
116,567,8877.93821,1,VSM.StaticCasterCull,71680,1
116,567,8877.93821,1,VSM.DynamicCasterCull,0,1
116,567,8877.93821,1,VSM.PageCull,47104,1
116,567,8877.93821,1,VSM.StaticRaster,6912,1
116,567,8877.93821,1,VSM.FinalizePages,1792,1
116,567,8877.93821,1,VSM.DynamicRaster,11520,1
116,567,8877.93821,1,VSM.UnityCompatibilityRaster,0,0
116,567,8877.93821,1,VSM.Resolve,7434496,1
116,567,8877.93821,1,VSM.ResolveTrace,7209216,1
116,567,8877.93821,1,VSM.FilterHorizontal,66304,1
116,567,8877.93821,1,VSM.FilterVertical,0,0
116,567,8877.93821,1,VSM.FilterTemporalVertical,157440,1
117,568,8877.9567014,1,VSM.PageOccupancy,126720,1
117,568,8877.9567014,1,VSM.LayoutRemap,0,1
117,568,8877.9567014,1,VSM.ResetFeedback,0,1
117,568,8877.9567014,1,VSM.MarkReceiverPages,610048,1
117,568,8877.9567014,1,VSM.Allocate,226816,1
117,568,8877.9567014,1,VSM.InvalidateStatic,0,0
117,568,8877.9567014,1,VSM.ClearPhysicalPages,91136,1
117,568,8877.9567014,1,VSM.StaticCasterCull,1012480,1
117,568,8877.9567014,1,VSM.DynamicCasterCull,0,1
117,568,8877.9567014,1,VSM.PageCull,49152,1
117,568,8877.9567014,1,VSM.StaticRaster,8960,1
117,568,8877.9567014,1,VSM.FinalizePages,2048,1
117,568,8877.9567014,1,VSM.DynamicRaster,15104,1
117,568,8877.9567014,1,VSM.UnityCompatibilityRaster,0,0
117,568,8877.9567014,1,VSM.Resolve,7369984,1
117,568,8877.9567014,1,VSM.ResolveTrace,6936064,1
117,568,8877.9567014,1,VSM.FilterHorizontal,66816,1
117,568,8877.9567014,1,VSM.FilterVertical,0,0
117,568,8877.9567014,1,VSM.FilterTemporalVertical,366080,1
118,569,8877.9748782,1,VSM.PageOccupancy,61184,1
118,569,8877.9748782,1,VSM.LayoutRemap,0,1
118,569,8877.9748782,1,VSM.ResetFeedback,0,1
118,569,8877.9748782,1,VSM.MarkReceiverPages,609024,1
118,569,8877.9748782,1,VSM.Allocate,228352,1
118,569,8877.9748782,1,VSM.InvalidateStatic,0,0
118,569,8877.9748782,1,VSM.ClearPhysicalPages,282112,1
118,569,8877.9748782,1,VSM.StaticCasterCull,73472,1
118,569,8877.9748782,1,VSM.DynamicCasterCull,0,1
118,569,8877.9748782,1,VSM.PageCull,49920,1
118,569,8877.9748782,1,VSM.StaticRaster,7168,1
118,569,8877.9748782,1,VSM.FinalizePages,1792,1
118,569,8877.9748782,1,VSM.DynamicRaster,14336,1
118,569,8877.9748782,1,VSM.UnityCompatibilityRaster,0,0
118,569,8877.9748782,1,VSM.Resolve,7390464,1
118,569,8877.9748782,1,VSM.ResolveTrace,7162624,1
118,569,8877.9748782,1,VSM.FilterHorizontal,67072,1
118,569,8877.9748782,1,VSM.FilterVertical,0,0
118,569,8877.9748782,1,VSM.FilterTemporalVertical,159744,1
119,570,8877.9924488,1,VSM.PageOccupancy,62720,1
119,570,8877.9924488,1,VSM.LayoutRemap,0,1
119,570,8877.9924488,1,VSM.ResetFeedback,0,1
119,570,8877.9924488,1,VSM.MarkReceiverPages,609536,1
119,570,8877.9924488,1,VSM.Allocate,228352,1
119,570,8877.9924488,1,VSM.InvalidateStatic,0,0
119,570,8877.9924488,1,VSM.ClearPhysicalPages,447744,1
119,570,8877.9924488,1,VSM.StaticCasterCull,74240,1
119,570,8877.9924488,1,VSM.DynamicCasterCull,0,1
119,570,8877.9924488,1,VSM.PageCull,49920,1
119,570,8877.9924488,1,VSM.StaticRaster,7168,1
119,570,8877.9924488,1,VSM.FinalizePages,2304,1
119,570,8877.9924488,1,VSM.DynamicRaster,11776,1
119,570,8877.9924488,1,VSM.UnityCompatibilityRaster,0,0
119,570,8877.9924488,1,VSM.Resolve,8185344,1
119,570,8877.9924488,1,VSM.ResolveTrace,7957248,1
119,570,8877.9924488,1,VSM.FilterHorizontal,67584,1
119,570,8877.9924488,1,VSM.FilterVertical,0,0
119,570,8877.9924488,1,VSM.FilterTemporalVertical,158976,1
120,571,8878.0099238,1,VSM.PageOccupancy,59648,1
120,571,8878.0099238,1,VSM.LayoutRemap,0,1
120,571,8878.0099238,1,VSM.ResetFeedback,0,1
120,571,8878.0099238,1,VSM.MarkReceiverPages,611072,1
120,571,8878.0099238,1,VSM.Allocate,227840,1
120,571,8878.0099238,1,VSM.InvalidateStatic,0,0
120,571,8878.0099238,1,VSM.ClearPhysicalPages,850688,1
120,571,8878.0099238,1,VSM.StaticCasterCull,69120,1
120,571,8878.0099238,1,VSM.DynamicCasterCull,0,1
120,571,8878.0099238,1,VSM.PageCull,47104,1
120,571,8878.0099238,1,VSM.StaticRaster,4864,1
120,571,8878.0099238,1,VSM.FinalizePages,2048,1
120,571,8878.0099238,1,VSM.DynamicRaster,11776,1
120,571,8878.0099238,1,VSM.UnityCompatibilityRaster,0,0
120,571,8878.0099238,1,VSM.Resolve,7140352,1
120,571,8878.0099238,1,VSM.ResolveTrace,6913280,1
120,571,8878.0099238,1,VSM.FilterHorizontal,67328,1
120,571,8878.0099238,1,VSM.FilterVertical,0,0
120,571,8878.0099238,1,VSM.FilterTemporalVertical,158720,1
121,572,8878.0276221,1,VSM.PageOccupancy,59648,1
121,572,8878.0276221,1,VSM.LayoutRemap,0,1
121,572,8878.0276221,1,VSM.ResetFeedback,0,1
121,572,8878.0276221,1,VSM.MarkReceiverPages,608512,1
121,572,8878.0276221,1,VSM.Allocate,226048,1
121,572,8878.0276221,1,VSM.InvalidateStatic,0,0
121,572,8878.0276221,1,VSM.ClearPhysicalPages,91136,1
121,572,8878.0276221,1,VSM.StaticCasterCull,65536,1
121,572,8878.0276221,1,VSM.DynamicCasterCull,0,1
121,572,8878.0276221,1,VSM.PageCull,45824,1
121,572,8878.0276221,1,VSM.StaticRaster,5376,1
121,572,8878.0276221,1,VSM.FinalizePages,1792,1
121,572,8878.0276221,1,VSM.DynamicRaster,12032,1
121,572,8878.0276221,1,VSM.UnityCompatibilityRaster,0,0
121,572,8878.0276221,1,VSM.Resolve,7441664,1
121,572,8878.0276221,1,VSM.ResolveTrace,6861824,1
121,572,8878.0276221,1,VSM.FilterHorizontal,66560,1
121,572,8878.0276221,1,VSM.FilterVertical,0,0
121,572,8878.0276221,1,VSM.FilterTemporalVertical,512000,1
122,573,8878.045733500001,1,VSM.PageOccupancy,59136,1
122,573,8878.045733500001,1,VSM.LayoutRemap,0,1
122,573,8878.045733500001,1,VSM.ResetFeedback,0,1
122,573,8878.045733500001,1,VSM.MarkReceiverPages,609792,1
122,573,8878.045733500001,1,VSM.Allocate,228096,1
122,573,8878.045733500001,1,VSM.InvalidateStatic,0,0
122,573,8878.045733500001,1,VSM.ClearPhysicalPages,91136,1
122,573,8878.045733500001,1,VSM.StaticCasterCull,68608,1
122,573,8878.045733500001,1,VSM.DynamicCasterCull,0,1
122,573,8878.045733500001,1,VSM.PageCull,49664,1
122,573,8878.045733500001,1,VSM.StaticRaster,7680,1
122,573,8878.045733500001,1,VSM.FinalizePages,2048,1
122,573,8878.045733500001,1,VSM.DynamicRaster,14336,1
122,573,8878.045733500001,1,VSM.UnityCompatibilityRaster,0,0
122,573,8878.045733500001,1,VSM.Resolve,7837184,1
122,573,8878.045733500001,1,VSM.ResolveTrace,7609088,1
122,573,8878.045733500001,1,VSM.FilterHorizontal,68096,1
122,573,8878.045733500001,1,VSM.FilterVertical,0,0
122,573,8878.045733500001,1,VSM.FilterTemporalVertical,158976,1
123,574,8878.0651188000011,1,VSM.PageOccupancy,61184,1
123,574,8878.0651188000011,1,VSM.LayoutRemap,0,1
123,574,8878.0651188000011,1,VSM.ResetFeedback,0,1
123,574,8878.0651188000011,1,VSM.MarkReceiverPages,610816,1
123,574,8878.0651188000011,1,VSM.Allocate,228608,1
123,574,8878.0651188000011,1,VSM.InvalidateStatic,0,0
123,574,8878.0651188000011,1,VSM.ClearPhysicalPages,456960,1
123,574,8878.0651188000011,1,VSM.StaticCasterCull,72448,1
123,574,8878.0651188000011,1,VSM.DynamicCasterCull,0,1
123,574,8878.0651188000011,1,VSM.PageCull,47616,1
123,574,8878.0651188000011,1,VSM.StaticRaster,7424,1
123,574,8878.0651188000011,1,VSM.FinalizePages,2048,1
123,574,8878.0651188000011,1,VSM.DynamicRaster,11008,1
123,574,8878.0651188000011,1,VSM.UnityCompatibilityRaster,0,0
123,574,8878.0651188000011,1,VSM.Resolve,7203328,1
123,574,8878.0651188000011,1,VSM.ResolveTrace,6978816,1
123,574,8878.0651188000011,1,VSM.FilterHorizontal,66304,1
123,574,8878.0651188000011,1,VSM.FilterVertical,0,0
123,574,8878.0651188000011,1,VSM.FilterTemporalVertical,157184,1
124,575,8878.0838244,1,VSM.PageOccupancy,61184,1
124,575,8878.0838244,1,VSM.LayoutRemap,0,1
124,575,8878.0838244,1,VSM.ResetFeedback,0,1
124,575,8878.0838244,1,VSM.MarkReceiverPages,607488,1
124,575,8878.0838244,1,VSM.Allocate,222720,1
124,575,8878.0838244,1,VSM.InvalidateStatic,0,0
124,575,8878.0838244,1,VSM.ClearPhysicalPages,252672,1
124,575,8878.0838244,1,VSM.StaticCasterCull,73728,1
124,575,8878.0838244,1,VSM.DynamicCasterCull,0,1
124,575,8878.0838244,1,VSM.PageCull,50176,1
124,575,8878.0838244,1,VSM.StaticRaster,11008,1
124,575,8878.0838244,1,VSM.FinalizePages,1792,1
124,575,8878.0838244,1,VSM.DynamicRaster,15104,1
124,575,8878.0838244,1,VSM.UnityCompatibilityRaster,0,0
124,575,8878.0838244,1,VSM.Resolve,7155200,1
124,575,8878.0838244,1,VSM.ResolveTrace,6925824,1
124,575,8878.0838244,1,VSM.FilterHorizontal,67584,1
124,575,8878.0838244,1,VSM.FilterVertical,0,0
124,575,8878.0838244,1,VSM.FilterTemporalVertical,160256,1
125,576,8878.1018398,1,VSM.PageOccupancy,59136,1
125,576,8878.1018398,1,VSM.LayoutRemap,0,1
125,576,8878.1018398,1,VSM.ResetFeedback,0,1
125,576,8878.1018398,1,VSM.MarkReceiverPages,607744,1
125,576,8878.1018398,1,VSM.Allocate,226816,1
125,576,8878.1018398,1,VSM.InvalidateStatic,0,0
125,576,8878.1018398,1,VSM.ClearPhysicalPages,638976,1
125,576,8878.1018398,1,VSM.StaticCasterCull,72960,1
125,576,8878.1018398,1,VSM.DynamicCasterCull,0,1
125,576,8878.1018398,1,VSM.PageCull,48128,1
125,576,8878.1018398,1,VSM.StaticRaster,7168,1
125,576,8878.1018398,1,VSM.FinalizePages,1792,1
125,576,8878.1018398,1,VSM.DynamicRaster,11520,1
125,576,8878.1018398,1,VSM.UnityCompatibilityRaster,0,0
125,576,8878.1018398,1,VSM.Resolve,7916032,1
125,576,8878.1018398,1,VSM.ResolveTrace,7693312,1
125,576,8878.1018398,1,VSM.FilterHorizontal,65792,1
125,576,8878.1018398,1,VSM.FilterVertical,0,0
125,576,8878.1018398,1,VSM.FilterTemporalVertical,155904,1
126,577,8878.1186904,1,VSM.PageOccupancy,61696,1
126,577,8878.1186904,1,VSM.LayoutRemap,0,1
126,577,8878.1186904,1,VSM.ResetFeedback,0,1
126,577,8878.1186904,1,VSM.MarkReceiverPages,607232,1
126,577,8878.1186904,1,VSM.Allocate,224768,1
126,577,8878.1186904,1,VSM.InvalidateStatic,0,0
126,577,8878.1186904,1,VSM.ClearPhysicalPages,450048,1
126,577,8878.1186904,1,VSM.StaticCasterCull,72960,1
126,577,8878.1186904,1,VSM.DynamicCasterCull,0,1
126,577,8878.1186904,1,VSM.PageCull,48640,1
126,577,8878.1186904,1,VSM.StaticRaster,7168,1
126,577,8878.1186904,1,VSM.FinalizePages,2048,1
126,577,8878.1186904,1,VSM.DynamicRaster,12032,1
126,577,8878.1186904,1,VSM.UnityCompatibilityRaster,0,0
126,577,8878.1186904,1,VSM.Resolve,8093952,1
126,577,8878.1186904,1,VSM.ResolveTrace,6982656,1
126,577,8878.1186904,1,VSM.FilterHorizontal,67840,1
126,577,8878.1186904,1,VSM.FilterVertical,0,0
126,577,8878.1186904,1,VSM.FilterTemporalVertical,160512,1
127,578,8878.135897,1,VSM.PageOccupancy,62720,1
127,578,8878.135897,1,VSM.LayoutRemap,0,1
127,578,8878.135897,1,VSM.ResetFeedback,0,1
127,578,8878.135897,1,VSM.MarkReceiverPages,607488,1
127,578,8878.135897,1,VSM.Allocate,224256,1
127,578,8878.135897,1,VSM.InvalidateStatic,0,0
127,578,8878.135897,1,VSM.ClearPhysicalPages,558848,1
127,578,8878.135897,1,VSM.StaticCasterCull,71680,1
127,578,8878.135897,1,VSM.DynamicCasterCull,0,1
127,578,8878.135897,1,VSM.PageCull,48896,1
127,578,8878.135897,1,VSM.StaticRaster,6656,1
127,578,8878.135897,1,VSM.FinalizePages,2048,1
127,578,8878.135897,1,VSM.DynamicRaster,11776,1
127,578,8878.135897,1,VSM.UnityCompatibilityRaster,0,0
127,578,8878.135897,1,VSM.Resolve,7400448,1
127,578,8878.135897,1,VSM.ResolveTrace,7176448,1
127,578,8878.135897,1,VSM.FilterHorizontal,65536,1
127,578,8878.135897,1,VSM.FilterVertical,0,0
127,578,8878.135897,1,VSM.FilterTemporalVertical,157184,1
