observation_frame,unscaled_time,frame_timing_timestamp,segment,"frame_interval_ms","cpu_frame_ms","gpu_frame_ms","cpu_render_thread_ms","gc_allocated_in_editor_frame_bytes","VSM.LayoutRemap_gpu_ms","VSM.Allocate_gpu_ms","VSM.InvalidateStatic_gpu_ms","VSM.ClearPhysicalPages_gpu_ms","VSM.StaticCasterCull_gpu_ms","VSM.DynamicCasterCull_gpu_ms","VSM.PageCull_gpu_ms","VSM.StaticRaster_gpu_ms","VSM.DynamicRaster_gpu_ms","VSM.UnityCompatibilityRaster_gpu_ms","VSM.FinalizePages_gpu_ms","VSM.ResetFeedback_gpu_ms","VSM.ResolveAndFeedback_gpu_ms",observed_camera_frame,observed_camera_serial,window_repaint_count,seconds_since_window_repaint
17456,132.49574270124717,1350908715103,1,6.1707058921456337,5.9674,5.59104,2.1902,14539,0.001024,0.36147199999999996,,0.07039999999999999,0.24447999999999998,0,0.22527999999999998,0.004352,0.0384,,0.003328,,2.196736,17456,829,0,
17457,132.50178120039681,1350908774777,1,6.0384990647435188,5.3072,6.15424,1.9321,14539,0.001024,0.35814399999999996,,0.068352,0.45644799999999996,0,0.22860799999999998,0.009472,0.039936,,0.002304,,2.1826559999999997,17457,830,0,
17458,132.50813259637187,1350908827849,1,6.3513959757983685,5.6468,6.011136,1.9279,14539,0.001024,0.359936,,0.068352,0.24371199999999998,0,0.224512,0.003328,0.039424,,0.004352,,2.431232,17458,831,0,
17459,132.51409029903627,1350908884317,1,5.95770264044404,6.7134,6.334976,1.9323,14539,0.001024,0.36070399999999997,,0.06912,0.23884799999999998,0,0.22067199999999998,0.009472,0.03968,,0.004096,,2.354688,17459,832,0,
17460,132.51999100056688,1350908951451,1,5.9007015079259872,5.5269,5.925376,1.9089,14734,0.001024,0.358912,,0.068608,0.24575999999999998,0.000256,0.22655999999999998,0.007936,0.039168,,0.004096,,2.2248959999999998,17460,833,0,
17461,132.52580729875282,1350909006720,1,5.816298071295023,6.66,5.883648,1.8658,14539,0.001024,0.362496,,0.068096,0.239616,0,0.22092799999999999,0.007936,0.03456,,0.0051199999999999996,,1.721344,17461,834,0,
17462,132.53178560090703,1350909073320,1,5.9783020988106728,5.6666,5.79328,1.8613,14741,0.000768,0.35942399999999997,,0.062464,0.24140799999999998,0.000256,0.223488,0.0076799999999999993,0.038144,,0.003328,,1.7254399999999999,17462,835,0,
17463,132.53758709608843,1350909129986,1,5.8014951646327972,5.9417,5.888256,2.1274,14539,0.000768,0.35712,,0.061695999999999994,0.607744,0,0.219392,0.00896,0.038655999999999996,,0.0051199999999999996,,2.131968,17463,836,0,
17464,132.54350209750567,1350909189403,1,5.9150015003979206,5.7599,5.84576,1.8677,14539,0.001024,0.35584,,0.064767999999999992,0.242944,0,0.223488,0.009216,0.039936,,0.005888,,1.7239039999999999,17464,837,0,
17465,132.54933779761905,1350909247002,1,5.8357003144919872,6.1868,5.902336,2.1227,14591,0.001024,0.356352,,0.38579199999999997,0.253952,0,0.228352,0.008192,0.037376,,0.0051199999999999996,,1.9427839999999998,17465,838,0,
17466,132.55487679988661,1350909308870,1,5.5390023626387119,5.5237,5.816064,2.4432,14539,0.001024,0.359936,,0.062208,0.50636799999999993,0.000256,0.22067199999999998,0.009216,0.03968,,0.0048639999999999994,,1.9832319999999999,17466,839,0,
17467,132.56084859693877,1350909364107,1,5.971797276288271,6.1532,5.521152,1.8814,14539,0.001024,0.35737599999999997,,0.061695999999999994,0.237312,0.000256,0.219392,0.008192,0.039168,,0.004096,,1.7200639999999998,17467,840,0,
17468,132.56710009920636,1350909425639,1,6.2515023164451122,5.7169,5.957376,1.7509,14539,0.001024,0.357888,,0.349696,0.250624,0,0.22630399999999998,0.003584,0.038655999999999996,,0.004352,,2.112,17468,841,0,
17469,132.57336590136055,1350909482808,1,6.2658023089170456,5.5625,6.224896,1.8922,14539,0.001024,0.362496,,0.070656,0.24345599999999998,0.000256,0.22297599999999998,0.0076799999999999993,0.0384,,0.0051199999999999996,,2.217984,17469,842,0,
17470,132.57941539824262,1350909538433,1,6.049497053027153,5.7923,6.247424,1.8925,14539,0.001024,0.36070399999999997,,0.068096,0.24371199999999998,0,0.224512,0.0076799999999999993,0.040959999999999996,,0.0048639999999999994,,2.149632,17470,843,0,
17471,132.58556479591837,1350909596356,1,6.1493976972997189,6.7102,5.936896,2.2505,14539,0.001024,0.3584,,0.068096,0.241664,0,0.22323199999999999,0.0076799999999999993,0.040448,,0.0038399999999999997,,1.861376,17471,844,0,
17472,132.59128499858275,1350909663458,1,5.720202811062336,6.4957,6.227968,1.8403,14539,0.001024,0.36019199999999996,,0.068096,0.530432,0,0.259328,0.0076799999999999993,0.038144,,0.005888,,2.3434239999999997,17472,845,0,
17473,132.59784319727891,1350909728415,1,6.558198481798172,5.4906,5.681408,1.8208,14539,0.001024,0.359936,,0.068096,0.239872,0,0.22092799999999999,0.0076799999999999993,0.0384,,0.004096,,2.174976,17473,846,0,
17474,132.60362379535147,1350909783321,1,5.7805981487035751,6.0927,6.551552,1.9131,14539,0.001024,0.359168,,0.068096,0.24243199999999998,0,0.22323199999999999,0.007936,0.03968,,0.004352,,2.502144,17474,847,0,
17475,132.609077196712,1350909844248,1,5.4534012451767921,5.7922,5.746176,1.8299,14539,0.001024,0.355584,,0.062208,0.237568,0,0.219392,0.0076799999999999993,0.036864,,0.004352,,1.721344,17475,848,0,
17476,132.61488929988661,1350909902170,1,5.8121033944189548,6.4522,5.43232,1.8425,14539,0.001024,0.36096,,0.062208,0.236032,0.000256,0.21836799999999998,0.007424,0.0384,,0.0051199999999999996,,1.724416,17476,849,0,
17477,132.62051809807255,1350909966692,1,5.6287981569767,5.7296,5.788928,1.8447,14539,0.000768,0.36019199999999996,,0.062464,0.23807999999999999,0,0.22016,0.007936,0.039168,,0.003328,,2.30272,17477,850,0,
17478,132.62665899943309,1350910023988,1,6.1409012414515018,5.5367,5.61152,1.8384,14539,0.001024,0.358656,,0.061952,0.42496,0,0.406528,0.010239999999999999,0.036864,,0.0038399999999999997,,2.083328,17478,851,0,
17479,132.6323891014739,1350910079355,1,5.7301018387079239,5.8646,6.114304,2.4205,14741,0.001024,0.358912,,0.062208,0.238336,0,0.219904,0.007936,0.0384,,0.004096,,2.340864,17479,852,0,
17480,132.6382169005102,1350910138001,1,5.8277989737689495,6.3349,5.703168,2.2122,14539,0.001024,0.41958399999999996,,0.06297599999999999,0.236288,0.000256,0.21836799999999998,0.003328,0.038144,,0.005632,,1.711616,17480,853,0,
17481,132.64436019699545,1350910201350,1,6.1432966031134129,5.8686,5.805056,1.894,14539,0.001024,0.36070399999999997,,0.061952,0.55244799999999994,0,0.21862399999999999,0.004352,0.041215999999999996,,0.004352,,2.093568,17481,854,0,
17482,132.65047449688208,1350910260036,1,6.11429987475276,5.3821,6.121728,2.0125,14539,0.001024,0.356352,,0.068096,0.582656,0,0.225536,0.009472,0.043519999999999996,,0.0051199999999999996,,2.15168,17482,855,0,
17483,132.65670160147391,1350910313857,1,6.2271044589579105,5.686,5.69984,1.8433,14539,0.001024,0.36019199999999996,,0.068096,0.24371199999999998,0,0.224512,0.007424,0.037888,,0.0038399999999999997,,2.3114239999999997,17483,856,0,
17484,132.66224270124715,1350910370717,1,5.541099701076746,6.2764,5.826304,1.9807,14539,0.0012799999999999999,0.3584,,0.068096,0.242688,0,0.223744,0.007936,0.038144,,0.003584,,2.088704,17484,857,0,
17485,132.66852169784579,1350910433481,1,6.27899682149291,6.2754,5.523456,2.1884,14539,0.001024,0.358912,,0.061952,0.23577599999999999,0,0.21888,0.003328,0.036864,,0.004608,,1.990656,17485,858,0,
17486,132.67429769699547,1350910496235,1,5.7759992778301239,6.0403,6.256128,2.2971,14734,0.001024,0.356608,,0.062464,0.51148799999999994,0.000256,0.22016,0.009216,0.039424,,0.004096,,1.940224,17486,859,0,
17487,132.67992320011336,1350910556638,1,5.62550313770771,5.4761,5.759744,2.2581,14539,0.001024,0.360448,,0.062208,0.236288,0,0.219136,0.0076799999999999993,0.037888,,0.005376,,1.713152,17487,860,0,
17488,132.685876098356,1350910611399,1,5.9528984129428864,6.3648,5.6064,2.0529,14539,0.001024,0.420608,,0.25779199999999997,0.24601599999999998,0.000256,0.22297599999999998,0.007424,0.040192,,0.0048639999999999994,,1.9898879999999999,17488,861,0,
17489,132.69195530045351,1350910675047,1,6.079202052205801,5.9028,5.930752,2.5439,14539,0.001024,0.358912,,0.06912,0.243968,0.000256,0.224768,0.0097279999999999988,0.03968,,0.004352,,2.0538879999999997,17489,862,0,
17490,132.69744939767574,1350910734075,1,5.4940972477197647,5.6637,6.0672,1.9493,14539,0.489984,0.360448,,0.06272,0.24345599999999998,0,0.223744,0.007424,0.039424,,0.004608,,1.731072,17490,863,0,
17491,132.70378879676869,1350910790712,1,6.3393991440534592,5.8614,5.465088,1.8908,14910,0.001024,0.355072,,0.062208,0.240896,0.000256,0.22272,0.007424,0.035328,,0.003328,,1.71264,17491,864,0,
17492,132.70968269557824,1350910849326,1,5.8938986621797085,6.031,6.318336,1.9584,14539,0.001024,0.358656,,0.061695999999999994,0.436224,0.000256,0.41856,0.0038399999999999997,0.039168,,0.0051199999999999996,,2.1711359999999997,17492,865,0,
17493,132.71590089994331,1350910909636,1,6.2182042747735977,5.4258,5.88416,1.8985,14539,0.001024,0.355072,,0.062208,0.239616,0,0.221184,0.0076799999999999993,0.037888,,0.004096,,1.7139199999999999,17493,866,0,
17494,132.72187169784581,1350910963894,1,5.9707979671657085,6.4662,6.180864,1.8055,14539,0.001024,0.35686399999999996,,0.06912,0.239872,0,0.22144,0.007424,0.039168,,0.005632,,2.4220159999999997,17494,867,0,
17495,132.72770659722221,1350911028556,1,5.8348993770778179,5.6925,5.966336,2.0665,14539,0.001024,0.41881599999999997,,0.061952,0.23936,0,0.221184,0.0076799999999999993,0.038911999999999995,,0.004608,,1.724672,17495,868,0,
17496,132.7336751984127,1350911085481,1,5.9686009772121906,6.3125,5.808128,2.1022,14886,0.001024,0.35584,,0.067583999999999991,0.23936,0,0.22144,0.0076799999999999993,0.0384,,0.004096,,1.71264,17496,869,0,
17497,132.73979730017007,1350911148606,1,6.1221015639603138,6.1466,5.95456,2.12,14539,0.001024,0.35712,,0.062464,0.762624,0.000256,0.745216,0.0076799999999999993,0.039168,,0.004096,,2.008064,17497,870,0,
17498,132.74586590136053,1350911210072,1,6.06860127300024,5.8879,6.0992,1.886,14539,0.001024,0.358912,,0.062208,0.436992,0.000256,0.41881599999999997,0.0076799999999999993,0.036864,,0.0048639999999999994,,2.251264,17498,871,0,
17499,132.75179419642856,1350911268951,1,5.9282951988279819,5.8291,6.06336,1.8896,14591,0.001024,0.35686399999999996,,0.061952,0.42547199999999996,0,0.40755199999999997,0.0076799999999999993,0.038655999999999996,,0.004096,,2.148096,17499,872,0,
17500,132.75786179846938,1350911327242,1,6.0676019638776779,6.0251,5.905152,1.9538,14539,0.001024,0.36019199999999996,,0.062208,0.23910399999999998,0,0.22092799999999999,0.0076799999999999993,0.035584,,0.003584,,2.5210879999999998,17500,873,0,
17501,132.76378719529478,1350911387493,1,5.9253969229757786,6.3744,5.799424,1.9068,67252,0.001024,0.35712,,0.062464,0.236032,0,0.21836799999999998,0.007936,0.039168,,0.003328,,2.25792,17501,874,0,
17502,132.76938079648525,1350911451237,1,5.5936011485755444,5.5314,5.885184,1.911,60450,0.001024,0.359168,,0.061952,0.240896,0,0.22297599999999998,0.0076799999999999993,0.036864,,0.0048639999999999994,,1.920256,17502,875,0,
17503,132.775575,1350911506551,1,6.1942036263644695,6.2489,5.59232,2.0725,14539,0.001024,0.35942399999999997,,0.061952,0.236288,0,0.21862399999999999,0.0076799999999999993,0.036864,,0.0051199999999999996,,1.707776,17503,876,0,
17504,132.78123039965985,1350911569040,1,5.6553995236754417,5.9462,6.169088,1.9589,14539,0.001024,0.356352,,0.061695999999999994,0.600576,0,0.5824,0.0051199999999999996,0.03584,,0.005376,,2.4202239999999997,17504,877,0,
17505,132.78741389597505,1350911628502,1,6.1834962107241154,5.8621,5.636096,2.342,14539,0.001024,0.357888,,0.062208,0.239616,0,0.22195199999999998,0.006912,0.039936,,0.003328,,1.724416,17505,878,0,
17506,132.79300809948978,1350911687123,1,5.5942037142813206,5.9898,6.152704,2.122,32110,0.001024,0.358656,,0.062464,0.489216,0,0.224512,0.009216,0.043264,,0.005888,,2.271744,17506,879,0,
17507,132.79848229875282,1350911747021,1,5.4741990752518177,5.8052,5.579776,2.0872,28924,0.001024,0.357888,,0.062464,0.238592,0,0.219904,0.007936,0.039168,,0.004096,,1.72416,17507,880,0,
17508,132.80486219529479,1350911805073,1,6.3798963092267513,5.7463,5.433088,2.3237,14539,0.001024,0.35712,,0.061952,0.24012799999999998,0.000256,0.222208,0.007424,0.036608,,0.004096,,1.9576319999999998,17508,881,0,
17509,132.81086439909296,1350911862536,1,6.0022040270268917,5.7223,6.388224,2.3991,119965,0.001024,0.357632,,0.06272,0.24115199999999998,0,0.22323199999999999,0.0076799999999999993,0.03712,,0.004352,,2.415104,17509,882,0,
17510,132.81664669784581,1350911919759,1,5.782298743724823,5.4473,5.971968,1.8082,125666,0.001024,0.356608,,0.062464,0.975104,0.000256,0.956672,0.012032,0.009984,,0.0384,,1.730048,17510,883,0,
17511,132.82241519982992,1350911974232,1,5.7685021311044693,6.3976,5.768448,2.079,28924,0.001024,0.35686399999999996,,0.069887999999999992,0.242176,0,0.222464,0.0076799999999999993,0.0384,,0.004608,,1.7067519999999998,17511,884,0,
17512,132.82843319869613,1350912038208,1,6.0179987922310829,6.3273,5.72928,2.0911,14734,0.001024,0.35737599999999997,,0.061952,0.239616,0.000256,0.22092799999999999,0.007424,0.039936,,0.004608,,1.710848,17512,885,0,
17513,132.83439280045351,1350912101481,1,5.9596016071736813,5.5972,6.005504,2.0076,14741,0.001024,0.35712,,0.062208,0.98176,0.000256,0.772864,0.005888,0.016128,,0.048383999999999996,,1.726208,17513,886,0,
17514,132.84089409722222,1350912157453,1,6.5012970007956028,5.881,5.939712,1.9715,14539,0.001024,0.36019199999999996,,0.062208,0.240384,0,0.22272,0.007424,0.039424,,0.004352,,1.714176,17514,887,0,
17515,132.8467709963152,1350912216263,1,5.8768992312252522,6.01,6.498304,1.9316,14539,0.001024,0.3584,,0.07039999999999999,0.24345599999999998,0.000256,0.223744,0.0076799999999999993,0.038655999999999996,,0.004608,,2.162944,17515,888,0,
17516,132.85261559665531,1350912276363,1,5.8446004986763,5.999,5.3504,1.8715,14539,0.001024,0.35814399999999996,,0.062208,0.239616,0.000256,0.22144,0.0076799999999999993,0.03968,,0.004096,,2.202368,17516,889,0,
17517,132.85926089852606,1350912336353,1,6.6453018225729465,6.1296,5.8112,1.8346,14539,0.001024,0.358656,,0.061952,0.239872,0.000256,0.22169599999999998,0.007424,0.040192,,0.0038399999999999997,,1.915392,17517,890,0,
17518,132.86579370039681,1350912397649,1,6.5328017808496952,5.8558,6.635008,1.9672,14539,0.001024,0.35942399999999997,,0.064256,0.48870399999999997,0.000256,0.470528,0.007168,0.037376,,0.005376,,2.2727679999999997,17518,891,0,
17519,132.87176909722223,1350912456207,1,5.97539683803916,5.788,6.513152,1.837,14539,0.001024,0.36070399999999997,,0.068608,0.24140799999999998,0,0.22272,0.007424,0.0384,,0.005632,,2.2430719999999997,17519,892,0,
17520,132.87870669642857,1350912514087,1,6.9375992752611637,7.2918,5.937152,1.82,14539,0.0012799999999999999,0.35737599999999997,,0.068352,0.244224,0,0.226048,0.0076799999999999993,0.03968,,0.004096,,1.8705919999999998,17520,893,0,
17521,132.88487519841269,1350912587005,1,6.1685019172728062,5.8978,6.927616,2.4743,55779,0.001024,0.3584,,0.47897599999999996,0.27776,0.000256,0.25113599999999997,0.012032,0.039424,,0.004096,,2.6844159999999997,17521,894,0,
17522,132.89100960175736,1350912645983,1,6.13440340384841,6.7023,6.141696,1.7901,14539,0.001024,0.35968,,0.068352,0.24192,0,0.22272,0.0076799999999999993,0.036864,,0.0048639999999999994,,2.4926719999999998,17522,895,0,
17523,132.89693120039681,1350912713006,1,5.9215985238552094,6.3131,5.891328,2.4342,14539,0.001024,0.35686399999999996,,0.070656,0.24371199999999998,0,0.22399999999999998,0.007424,0.037376,,0.004608,,2.051584,17523,896,0,
17524,132.90331600056689,1350912776137,1,6.3848001882433891,6.7571,5.880576,1.881,50138,0.001024,0.35814399999999996,,0.061695999999999994,0.242688,0,0.224768,0.0076799999999999993,0.0384,,0.003328,,1.727744,17524,897,0,
17525,132.90958439625851,1350912843708,1,6.2683955766260624,5.592,6.381312,2.3701,14539,0.0012799999999999999,0.41728,,0.48486399999999996,0.277248,0,0.25216,0.004352,0.036608,,0.0048639999999999994,,2.359296,17525,898,0,
17526,132.91553550170067,1350912899628,1,5.9511056169867516,5.8707,6.245632,2.1785,14539,0.001024,0.353792,,0.062208,0.23884799999999998,0.000256,0.22092799999999999,0.003328,0.041728,,0.004352,,2.3180799999999997,17526,899,0,
17527,132.92148579931973,1350912958335,1,5.9502976946532726,7.065,5.935872,2.2265,14539,0.001024,0.36019199999999996,,0.065279999999999991,0.241664,0,0.22297599999999998,0.009216,0.039168,,0.005376,,2.322688,17527,900,0,
17528,132.92796439909296,1350913028985,1,6.478599738329649,5.6463,5.916672,2.027,14539,0.001024,0.35737599999999997,,0.061695999999999994,0.238336,0,0.220416,0.007936,0.037376,,0.0048639999999999994,,1.723136,17528,901,0,
17529,132.93428339710883,1350913085448,1,6.31899805739522,6.0326,6.468352,2.1301,14886,0.001024,0.36019199999999996,,0.06912,0.243968,0.000256,0.225024,0.008192,0.0384,,0.0048639999999999994,,2.18496,17529,902,0,
17530,132.94041129535148,1350913145774,1,6.1278981156647205,5.8463,6.291712,2.196,14539,0.001024,0.356608,,0.061695999999999994,0.242944,0,0.224768,0.011776,0.037888,,0.004096,,2.121728,17530,903,0,
17531,132.94615559807255,1350913204237,1,5.7443026453256607,6.4759,6.10944,1.9759,14539,0.001024,0.35712,,0.062208,0.660992,0,0.21964799999999998,0.004352,0.040704,,0.004608,,2.5326079999999997,17531,904,0,
17532,132.95299659863946,1350913268996,1,6.841000635176897,6.4697,5.723136,1.923,52957,0.001024,0.36070399999999997,,0.063488,0.23884799999999998,0.000256,0.22092799999999999,0.0076799999999999993,0.038655999999999996,,0.004352,,2.357248,17532,905,0,
17533,132.95940449971656,1350913333693,1,6.4079011790454388,6.093,6.822144,2.123,14539,0.001024,0.356608,,0.06912,0.24192,0,0.22323199999999999,0.0076799999999999993,0.0384,,0.004608,,2.186496,17533,906,0,
17534,132.96557989654195,1350913394623,1,6.1753969639539719,6.2351,6.150144,1.8518,14539,0.001024,0.35968,,0.063744,0.236032,0,0.218112,0.009472,0.038655999999999996,,0.004096,,1.721344,17534,907,0,
17535,132.97134229733558,1350913456974,1,5.762400571256876,6.1266,5.950464,1.8149,14539,0.001024,0.357888,,0.064256,0.24192,0.000256,0.22425599999999998,0.007424,0.040959999999999996,,0.004352,,2.33216,17535,908,0,
17536,132.97736019699545,1350913518240,1,6.0178996063768864,6.3642,5.729792,1.8346,14539,0.001024,0.359936,,0.061952,0.239616,0,0.22092799999999999,0.003072,0.038655999999999996,,0.0051199999999999996,,2.31424,17536,909,0,
17537,132.98336629818593,1350913581882,1,6.00610114634037,6.184,5.67552,1.8186,14734,0.001024,0.42112,,0.070912,0.24678399999999998,0.000256,0.227072,0.0038399999999999997,0.037888,,0.0051199999999999996,,1.725952,17537,910,0,
17538,132.98954829931972,1350913643722,1,6.18200097233057,5.8576,5.96736,1.9244,14539,0.001024,0.35737599999999997,,0.062208,0.237312,0,0.219392,0.0076799999999999993,0.039168,,0.003328,,2.44096,17538,911,0,
17539,132.99492629676871,1350913702298,1,5.3779976442456245,6.1306,6.18368,1.8801,14539,0.001024,0.353792,,0.062208,1.060864,0,0.22195199999999998,0.009472,0.040959999999999996,,0.004096,,1.9379199999999999,17539,912,0,
17540,133.000823901644,1350913763604,1,5.8976048603653908,5.992,5.317632,1.82,14539,0.001024,0.358912,,0.062208,0.23807999999999999,0,0.220416,0.007936,0.036351999999999995,,0.004096,,1.7121279999999999,17540,913,0,
17541,133.0068387967687,1350913823524,1,6.0148951597511768,6.2753,5.910784,2.4651,14539,0.001024,0.35737599999999997,,0.061439999999999995,0.71551999999999993,0.000256,0.219136,0.008704,0.040959999999999996,,0.004096,,1.8990079999999998,17541,914,0,
17542,133.01313809523808,1350913886277,1,6.2992982566356659,5.4437,5.981952,1.8272,14539,0.001024,0.357888,,0.065279999999999991,0.239616,0.000256,0.22092799999999999,0.011776,0.0384,,0.004608,,1.730048,17542,915,0,
17543,133.01897120181405,1350913940714,1,5.8331065811216831,5.6305,6.278144,1.7828,20323,0.001024,0.35942399999999997,,0.69888,0.283392,0,0.262144,0.005888,0.020479999999999998,,0.019968,,1.935616,17543,916,0,
17544,133.02529509637188,1350913997019,1,6.3238944858312607,6.0009,5.814528,2.3087,14539,0.001024,0.42009599999999997,,0.062208,0.24012799999999998,0,0.222208,0.003072,0.037632,,0.0038399999999999997,,2.014208,17544,917,0,
17545,133.03161839569159,1350914057028,1,6.3232993707060814,6.5056,6.300416,2.1101,14886,0.001024,0.361728,,0.068608,0.243968,0,0.22527999999999998,0.0076799999999999993,0.03968,,0.004096,,2.70464,17545,918,0,
17546,133.03817419926304,1350914122084,1,6.5558035857975483,5.7151,6.307328,2.0739,14539,0.001024,0.3584,,0.068352,0.241664,0,0.22297599999999998,0.0076799999999999993,0.03712,,0.0051199999999999996,,2.508288,17546,919,0,
17547,133.04359519557823,1350914179235,1,5.4209963418543339,6.4766,6.532096,1.8038,14539,0.0012799999999999999,0.358656,,0.070912,0.24575999999999998,0,0.22527999999999998,0.0076799999999999993,0.039936,,0.005376,,2.5121279999999997,17547,920,0,
17548,133.04974949688207,1350914244001,1,6.1543011106550694,6.0879,5.404416,2.0176,14539,0.001024,0.356608,,0.061695999999999994,0.237312,0,0.219392,0.007424,0.037888,,0.003584,,1.932032,17548,921,0,
17549,133.05577779903626,1350914304880,1,6.028302013874054,6.5056,6.120704,1.9459,14539,0.001024,0.353024,,0.07039999999999999,0.23936,0,0.22016,0.007424,0.040959999999999996,,0.005632,,2.176768,17549,922,0,
17550,133.06237789824263,1350914369936,1,6.60009915009141,5.6042,5.999616,1.9597,32110,0.001024,0.36019199999999996,,0.061695999999999994,0.237568,0,0.21964799999999998,0.0076799999999999993,0.03712,,0.003328,,1.724672,17550,923,0,
17551,133.06745960175738,1350914425978,1,5.0817034207284451,6.0794,6.601472,1.996,28924,0.001024,0.35686399999999996,,0.070144,0.24345599999999998,0,0.22425599999999998,0.012032,0.027136,,0.013056,,1.938432,17551,924,0,
17552,133.07423139880953,1350914486772,1,6.7717968486249447,6.4448,5.066752,2.3922,14539,0.001024,0.360448,,0.062208,0.23936,0,0.22092799999999999,0.0076799999999999993,0.037888,,0.004352,,1.915136,17552,925,0,
17553,133.07975440051021,1350914551220,1,5.5230017751455307,6.3752,6.74176,2.29,14539,0.001024,0.363264,,0.06272,0.242176,0,0.22297599999999998,0.0076799999999999993,0.0384,,0.004096,,2.016256,17553,926,0,
17554,133.08634579790248,1350914614972,1,6.59139733761549,4.9234,5.49888,2.7299,14539,0.001024,0.35686399999999996,,0.061952,0.23679999999999998,0.000256,0.21888,0.003328,0.037376,,0.0048639999999999994,,1.7134079999999998,17554,927,0,
17555,133.09187789824261,1350914664206,1,5.5321003310382366,6.6297,6.560768,1.7745,14539,0.001024,0.35814399999999996,,0.070656,0.241664,0,0.222464,0.008704,0.027392,,0.013312,,2.093056,17555,928,0,
17556,133.09818489937641,1350914730503,1,6.3070012256503105,5.5277,5.517568,2.0272,20323,0.001024,0.36096,,0.061952,0.23936,0.000256,0.22144,0.003584,0.036351999999999995,,0.003328,,1.7154559999999999,17556,929,0,
17557,133.10448409863946,1350914785780,1,6.2991990707814693,6.6593,6.293248,1.8126,14539,0.001024,0.3584,,0.061952,0.42751999999999996,0.000256,0.40959999999999996,0.003584,0.03584,,0.004608,,2.561536,17557,930,0,
17558,133.11073309948978,1350914852373,1,6.2490007840096951,5.5406,6.262784,2.0834,14539,0.001024,0.35712,,0.062208,0.24115199999999998,0.000256,0.222208,0.003328,0.03712,,0.0038399999999999997,,1.728,17558,931,0,
17559,133.11661600056689,1350914907779,1,5.8829011395573616,6.3941,6.228736,1.9245,14539,0.001024,0.36096,,0.07168,0.24140799999999998,0,0.22169599999999998,0.0076799999999999993,0.039168,,0.005376,,2.194432,17559,932,0,
17560,133.12248239795917,1350914971720,1,5.8663971722126007,6.2604,5.882368,1.8169,14539,0.001024,0.35814399999999996,,0.062208,0.241664,0.000256,0.223488,0.007424,0.038144,,0.005376,,1.721088,17560,933,0,
17561,133.12870669642857,1350915034324,1,6.2242983840405941,6.2213,5.828352,1.8283,14539,0.001024,0.35942399999999997,,0.061952,0.239872,0,0.22169599999999998,0.007424,0.038144,,0.005376,,1.731584,17561,934,0,
17562,133.13471399518141,1350915096537,1,6.0072988271713257,5.8295,6.206976,1.7791,15081,0.001024,0.35712,,0.062208,0.23807999999999999,0,0.22067199999999998,0.0076799999999999993,0.03712,,0.0048639999999999994,,1.7203199999999998,17562,935,0,
17563,133.1408764951814,1350915154832,1,6.1625000089406967,5.9616,5.986304,1.8116,14539,0.001024,0.358912,,0.061952,0.98559999999999992,0.000256,0.22067199999999998,0.006656,0.030463999999999998,,0.012288,,2.088704,17563,936,0,
17564,133.14718010204081,1350915214448,1,6.3036070205271244,6.1293,6.147072,2.0443,14539,0.001024,0.35942399999999997,,0.066048,0.241664,0,0.222464,0.0076799999999999993,0.03712,,0.004096,,2.00576,17564,937,0,
17565,133.15351459750568,1350915275741,1,6.3344952650368214,6.0846,6.272768,1.7963,14591,0.001024,0.35712,,0.061952,0.240384,0,0.22195199999999998,0.0076799999999999993,0.039936,,0.004096,,1.715968,17565,938,0,
17566,133.15959000141723,1350915336587,1,6.0754041187465191,6.2897,6.328576,2.0672,14539,0.001024,0.35686399999999996,,0.063744,0.236288,0.000256,0.21836799999999998,0.007424,0.036351999999999995,,0.0048639999999999994,,2.194944,17566,939,0,
17567,133.16547989654194,1350915399484,1,5.8898949064314365,6.0586,6.026496,1.8437,14539,0.000768,0.36019199999999996,,0.062464,0.24012799999999998,0.000256,0.222464,0.0076799999999999993,0.03584,,0.0038399999999999997,,1.723136,17567,940,0,
17568,133.17143449546484,1350915460070,1,5.9545990079641342,6.3714,5.889536,1.8886,14539,0.001024,0.357632,,0.06272,0.434176,0,0.416,0.006656,0.037376,,0.0051199999999999996,,2.504448,17568,941,0,
17569,133.17794350198412,1350915523784,1,6.50900648906827,6.0252,5.931008,2.2511,14539,0.21248,0.41984,,0.062208,0.23679999999999998,0,0.219136,0.0076799999999999993,0.038655999999999996,,0.004352,,2.515968,17569,942,0,
17570,133.18376369756234,1350915584036,1,5.8201956562697887,6.2607,6.49344,1.8955,14539,0.001024,0.42086399999999996,,0.065792,0.240896,0,0.22144,0.0076799999999999993,0.041215999999999996,,0.004352,,1.728,17570,943,0,
17571,133.18978650085035,1350915646643,1,6.0228034853935242,5.9339,5.732608,1.8473,14539,0.001024,0.359168,,0.062464,0.23782399999999998,0,0.21964799999999998,0.007424,0.037888,,0.004608,,1.7200639999999998,17571,944,0,
17572,133.195876098356,1350915705982,1,6.089597474783659,6.2259,6.07232,2.102,14539,0.001024,0.35814399999999996,,0.062208,1.062656,0,1.045248,0.009984,0.026624,,0.014848,,1.7351679999999998,17572,945,0,
17573,133.2023126984127,1350915768241,1,6.4365998841822147,5.8812,6.070528,2.1686,14910,0.001024,0.41958399999999996,,0.261632,0.243968,0,0.221184,0.007424,0.036608,,0.0051199999999999996,,2.185984,17573,946,0,
17574,133.20826680130384,1350915827053,1,5.9541030786931515,6.1313,6.161152,2.2079,14539,0.001024,0.36096,,0.068864,0.243968,0,0.224768,0.003328,0.039168,,0.0051199999999999996,,1.9456,17574,947,0,
17575,133.21419800170068,1350915888366,1,5.9312004595994949,6.0567,5.920512,2.3566,14539,0.000768,0.35814399999999996,,0.062464,0.240896,0,0.222464,0.007936,0.039936,,0.003584,,2.297344,17575,948,0,
17576,133.22013740079365,1350915948933,1,5.939398892223835,6.5285,5.906176,2.1036,14539,0.001024,0.35942399999999997,,0.06272,0.237568,0,0.21964799999999998,0.007424,0.038655999999999996,,0.0051199999999999996,,2.347264,17576,949,0,
17577,133.22627519841268,1350916014218,1,6.1377976089715958,5.8238,5.923072,2.038,14539,0.001024,0.36147199999999996,,0.062208,0.242944,0.000256,0.223744,0.004608,0.040448,,0.003328,,2.338304,17577,950,0,
17578,133.23214640022675,1350916072456,1,5.871201865375042,6.9005,6.057216,2.0475,14886,0.001024,0.35328,,0.06272,0.238336,0.000256,0.219904,0.007424,0.038911999999999995,,0.002048,,1.711616,17578,951,0,
17579,133.2387,1350916141461,1,6.5535996109247208,5.067,5.90848,2.0856,14539,0.001536,0.35353599999999996,,0.062208,0.23577599999999999,0.000256,0.2176,0.003328,0.037888,,0.003328,,1.71264,17579,952,0,
17580,133.24501619897958,1350916192131,1,6.316198967397213,6.2986,6.532096,2.1043,14539,0.001024,0.356352,,0.062464,0.79923199999999994,0,0.78079999999999994,0.003328,0.037888,,0.0038399999999999997,,2.257408,17580,953,0,
17581,133.25169949688208,1350916255117,1,6.6832979209721088,5.5029,6.285312,2.161,14539,0.001024,0.358912,,0.062208,0.23654399999999998,0.000256,0.21888,0.005888,0.037632,,0.004352,,2.121472,17581,954,0,
17582,133.25735999858276,1350916310146,1,5.6605017744004726,6.7426,6.076928,2.2663,14539,0.001024,0.356608,,0.062208,0.24192,0,0.22425599999999998,0.007424,0.037376,,0.004352,,1.9860479999999998,17582,955,0,
17583,133.26366510062357,1350916377572,1,6.3051022589206696,6.3614,5.659136,1.9424,14539,0.001024,0.360448,,0.062208,0.236288,0,0.218112,0.0076799999999999993,0.035328,,0.005376,,1.710848,17583,956,0,
17584,133.26929180130384,1350916441186,1,5.6267008185386658,6.5459,6.282496,2.6008,14539,0.001024,0.41830399999999995,,0.303872,0.26367999999999997,0.000256,0.24371199999999998,0.007424,0.037888,,0.0048639999999999994,,2.205184,17584,957,0,
17585,133.2754519982993,1350916506645,1,6.1601968482136726,5.6283,5.608192,1.9501,14539,0.001024,0.36096,,0.061952,0.240896,0,0.22323199999999999,0.007424,0.03584,,0.0048639999999999994,,1.721344,17585,958,0,
17586,133.28150780187073,1350916562928,1,6.0558035038411617,6.2989,6.13888,1.9205,14539,0.001024,0.355328,,0.062208,0.60339199999999993,0,0.585728,0.0076799999999999993,0.037376,,0.0051199999999999996,,2.267392,17586,959,0,
17587,133.28749499716554,1350916625917,1,5.987195298075676,5.7335,6.048,1.9702,14734,0.1984,0.35814399999999996,,0.062464,0.24192,0,0.223744,0.007424,0.036608,,0.0051199999999999996,,1.709568,17587,960,0,
17588,133.29309190051021,1350916683252,1,5.5969031527638435,6.4386,5.964288,1.9676,14539,0.001024,0.361216,,0.062208,0.236032,0,0.218112,0.0076799999999999993,0.039936,,0.0048639999999999994,,1.722624,17588,961,0,
17589,133.29934919926302,1350916747638,1,6.257298868149519,5.7923,5.570304,2.0373,14539,0.001024,0.35942399999999997,,0.062208,0.2432,0,0.22527999999999998,0.0076799999999999993,0.037888,,0.003328,,1.8995199999999999,17589,962,0,
17590,133.30615600198414,1350916805561,1,6.806802935898304,6.1645,6.231808,2.2137,14539,0.001024,0.359168,,0.066816,0.24115199999999998,0.000256,0.221184,0.007424,0.037632,,0.0038399999999999997,,2.22464,17590,963,0,
17591,133.31226860119048,1350916867206,1,6.1125992797315121,5.498,6.15552,1.9097,14539,0.001024,0.36096,,0.068352,0.240384,0,0.22169599999999998,0.0076799999999999993,0.039936,,0.004096,,2.08512,17591,964,0,
17592,133.31758319869613,1350916922186,1,5.3145973943173885,5.9465,6.109696,1.8971,14539,0.001024,0.36019199999999996,,0.068352,0.242944,0,0.22425599999999998,0.0076799999999999993,0.039936,,0.003584,,2.158592,17592,965,0,
17593,133.32347239937641,1350916981651,1,5.8892006054520607,7.0077,5.283072,2.4824,14539,0.001024,0.360448,,0.068352,0.241664,0,0.22272,0.007936,0.038144,,0.005376,,2.07104,17593,966,0,
17594,133.32967169784581,1350917051728,1,6.1992984265089035,6.3891,5.853696,1.7659,14539,0.001024,0.355072,,0.06272,0.24115199999999998,0,0.22297599999999998,0.003328,0.039168,,0.004352,,2.026496,17594,967,0,
17595,133.3358241000567,1350917115619,1,6.1524021439254284,4.8471,6.194432,1.8948,14741,0.001024,0.35712,,0.07039999999999999,0.240896,0.000256,0.221184,0.007424,0.037376,,0.0051199999999999996,,2.023424,17595,968,0,
17596,133.34234199971655,1350917164090,1,6.5178996883332729,6.2158,6.134272,2.0104,14539,0.001024,0.355328,,0.061952,0.236288,0,0.21836799999999998,0.007424,0.040192,,0.004096,,2.54976,17596,969,0,
17597,133.34880080073697,1350917226248,1,6.4588012173771858,5.9405,6.495488,1.9932,14539,0.001024,0.35968,,0.31744,0.275968,0,0.25088,0.0076799999999999993,0.037376,,0.0048639999999999994,,2.286848,17597,970,0,
17598,133.35487599914964,1350917285653,1,6.0751982964575291,6.1364,6.41792,1.969,14591,0.0012799999999999999,0.360448,,0.068608,0.24473599999999998,0,0.22630399999999998,0.007936,0.036351999999999995,,0.0048639999999999994,,2.087424,17598,971,0,
17599,133.36045620039681,1350917347017,1,5.5802012793719769,6.9143,6.0672,1.8533,14539,0.001024,0.362496,,0.070912,0.24192,0.000256,0.22169599999999998,0.0076799999999999993,0.038911999999999995,,0.004096,,2.2479359999999997,17599,972,0,
17600,133.36630440051019,1350917416160,1,5.8482000604271889,6.23,5.560064,1.8238,14539,0.001024,0.35712,,0.068096,0.244224,0,0.225792,0.0076799999999999993,0.0384,,0.0048639999999999994,,1.7216,17600,973,0,
17601,133.37215520124715,1350917478460,1,5.8508007787168026,5.9997,5.830912,1.8774,14539,0.001024,0.361216,,0.061952,0.23654399999999998,0.000256,0.21888,0.0063999999999999994,0.039936,,0.003328,,1.726208,17601,974,0,
17602,133.37785170068025,1350917538457,1,5.69649925455451,5.4038,5.822464,1.8716,14539,0.001024,0.356352,,0.061952,0.242176,0.000256,0.22399999999999998,0.007424,0.038911999999999995,,0.0048639999999999994,,1.998848,17602,975,0,
17603,133.38412859977325,1350917592495,1,6.276899017393589,5.9042,5.683456,1.773,14539,0.001024,0.35686399999999996,,0.061952,0.240896,0,0.222464,0.0076799999999999993,0.038144,,0.004096,,2.143744,17603,976,0,
17604,133.38989910005668,1350917651537,1,5.7705002836883068,5.7732,5.844224,1.8125,14539,0.001024,0.35968,,0.065536,0.242944,0,0.22399999999999998,0.007424,0.038911999999999995,,0.004608,,2.012416,17604,977,0,
17605,133.39619090136054,1350917709269,1,6.2918011099100113,5.7113,6.1632,1.9696,14539,0.001024,0.35609599999999997,,0.062464,0.238592,0,0.220416,0.0097279999999999988,0.040192,,0.0048639999999999994,,1.7167359999999998,17605,978,0,
17606,133.40212079790248,1350917766382,1,5.9298966079950333,6.5978,6.265856,1.8363,14539,0.001024,0.355584,,0.06784,0.24064,0,0.22297599999999998,0.007936,0.037888,,0.0051199999999999996,,2.144256,17606,979,0,
17607,133.40795189909298,1350917832360,1,5.8311009779572487,5.6976,5.91616,1.9978,14539,0.001024,0.41856,,0.062208,0.23807999999999999,0,0.220416,0.007936,0.038144,,0.0048639999999999994,,2.478592,17607,980,0,
17608,133.41362689909298,1350917889336,1,5.6750001385807991,6.3187,5.801216,1.9576,14539,0.001024,0.35737599999999997,,0.062208,0.23936,0,0.22169599999999998,0.0076799999999999993,0.035584,,0.0038399999999999997,,2.432768,17608,981,0,
17609,133.41991870039681,1350917952523,1,6.2918011099100113,5.763,5.649408,1.8318,14539,0.001024,0.36070399999999997,,0.062208,0.236288,0.000256,0.21836799999999998,0.0038399999999999997,0.03712,,0.004608,,2.288896,17609,982,0,
17610,133.42574059665532,1350918010153,1,5.8218962512910366,6.0506,6.272512,1.9018,14539,0.001024,0.359168,,0.065024,0.241664,0,0.222208,0.007424,0.037376,,0.004096,,2.4099839999999997,17610,983,0,
17611,133.43165520124717,1350918070659,1,5.9146047569811344,5.6354,5.801472,2.1735,14741,0.001024,0.359936,,0.061952,0.23577599999999999,0,0.218112,0.003584,0.03968,,0.003584,,1.710592,17611,984,0,
17612,133.43747009637187,1350918127013,1,5.8148950338363647,6.6923,5.89312,2.2971,14734,0.001024,0.356608,,0.06272,0.24012799999999998,0,0.222464,0.0076799999999999993,0.037376,,0.0048639999999999994,,1.932032,17612,985,0,
17613,133.44360049603173,1350918193936,1,6.1303996481001377,5.2385,5.797632,1.9292,14539,0.001024,0.358656,,0.062208,0.240896,0,0.22297599999999998,0.007424,0.039424,,0.004096,,1.70752,17613,986,0,
17614,133.44920119756236,1350918246321,1,5.6007015518844128,6.2462,6.111488,1.9854,14539,0.001024,0.358656,,0.062208,0.240384,0,0.222464,0.0076799999999999993,0.037888,,0.0038399999999999997,,1.916672,17614,987,0,
17615,133.45489370039681,1350918308783,1,5.6925029493868351,5.7723,5.568768,1.9055,20949,0.001024,0.358656,,0.062208,0.240384,0,0.222464,0.0076799999999999993,0.037888,,0.0038399999999999997,,1.916672,17615,988,0,
17616,133.46041850198412,1350918366506,1,5.5248015560209751,5.7671,5.668352,1.9005,14539,0.001024,0.35686399999999996,,0.065536,0.24243199999999998,0,0.223488,0.003328,0.041215999999999996,,0.005376,,2.027776,17616,989,0,
17617,133.46604749858275,1350918424177,1,5.6289965286850929,6.1225,5.502976,1.8284,14539,0.001024,0.36147199999999996,,0.061952,0.24192,0.000256,0.22425599999999998,0.003072,0.0384,,0.0051199999999999996,,1.7203199999999998,17617,990,0,
17618,133.47154829931972,1350918485402,1,5.5008009076118469,5.2922,5.616384,1.9137,14539,0.001024,0.356608,,0.062208,0.23782399999999998,0,0.220416,0.007424,0.039936,,0.004608,,1.713152,17618,991,0,
17619,133.47739239654194,1350918538324,1,5.84409711882472,5.6222,5.46688,2.1474,14539,0.001024,0.35968,,0.061695999999999994,0.238592,0,0.22067199999999998,0.0076799999999999993,0.036864,,0.004608,,1.712896,17619,992,0,
17620,133.48314640022676,1350918594546,1,5.7540037669241428,5.6442,5.817344,2.0597,14539,0.001024,0.35968,,0.061952,1.189632,0.000256,0.27161599999999997,0.0084479999999999989,0.036095999999999996,,0.005376,,1.7320959999999999,17620,993,0,
17621,133.48922779903629,1350918650988,1,6.0813990421593189,5.4388,5.754624,1.8777,14539,0.001024,0.3584,,0.061952,0.410112,0,0.219904,0.0048639999999999994,0.037376,,0.005632,,2.008832,17621,994,0,
17622,133.4947841978458,1350918705376,1,5.5563990026712418,5.8527,6.05824,1.8787,14539,0.001024,0.35584,,0.06272,0.2432,0,0.22527999999999998,0.007424,0.039424,,0.0048639999999999994,,1.724672,17622,995,0,
17623,133.50078139880952,1350918763903,1,5.9972009621560574,5.7953,5.534208,2.1868,14539,0.001024,0.359936,,0.062208,0.234752,0.000256,0.21734399999999998,0.0084479999999999989,0.03584,,0.0048639999999999994,,1.710848,17623,996,0,
17624,133.50703990221089,1350918821856,1,6.2585035338997841,6.2931,5.96352,2.013,14539,0.001024,0.357632,,0.062464,0.64,0.000256,0.262144,0.004608,0.037632,,0.005376,,2.1396479999999998,17624,997,0,
17625,133.51291680130385,1350918884787,1,5.8768992312252522,5.311,6.235392,1.9013,14539,0.001024,0.36275199999999996,,0.074752,0.242944,0,0.222464,0.007936,0.036864,,0.004096,,2.305024,17625,998,0,
17626,133.5193582979025,1350918937897,1,6.4414967782795429,5.8706,5.852416,2.8358,14539,0.001024,0.359168,,0.068352,0.241664,0.000256,0.22297599999999998,0.0076799999999999993,0.038655999999999996,,0.004352,,2.0810239999999998,17626,999,0,
17627,133.52512709750567,1350918996603,1,5.7687996886670589,6.9773,6.420736,1.8441,14539,0.001024,0.357632,,0.068608,0.43904,0,0.223744,0.009472,0.039424,,0.0048639999999999994,,2.443008,17627,1000,0,
17628,133.53070659722221,1350919066376,1,5.5794995278120041,5.2391,5.749504,1.9322,14741,0.001024,0.41958399999999996,,0.061952,0.237568,0,0.219136,0.007424,0.037376,,0.0051199999999999996,,1.920512,17628,1001,0,
17629,133.53629019982992,1350919118767,1,5.5836024694144726,6.3773,5.56288,1.9537,14539,0.001024,0.358912,,0.061695999999999994,0.235264,0.000256,0.2176,0.007424,0.036351999999999995,,0.005376,,1.918464,17629,1002,0,
17630,133.54163069727892,1350919182540,1,5.340497475117445,6.021,5.558528,1.9507,14539,0.001024,0.35481599999999996,,0.06272,0.23679999999999998,0,0.21836799999999998,0.003328,0.037888,,0.004608,,1.9194879999999999,17630,1003,0,
17631,133.54699689625849,1350919242750,1,5.3661991842091084,5.2415,5.32608,2.0087,14539,0.001024,0.357888,,0.061695999999999994,0.23679999999999998,0,0.219136,0.007424,0.036864,,0.0038399999999999997,,1.710848,17631,1004,0,
17632,133.55233319869615,1350919295165,1,5.33630233258009,5.991,5.358336,1.9233,14539,0.001024,0.35968,,0.061952,0.23551999999999998,0,0.217856,0.0076799999999999993,0.036608,,0.004608,,1.993728,17632,1005,0,
17633,133.55805759637187,1350919355075,1,5.7243974879384041,5.0829,5.31456,1.9337,14591,0.001024,0.357632,,0.061952,0.24012799999999998,0,0.22195199999999998,0.0076799999999999993,0.037376,,0.0048639999999999994,,1.9059199999999998,17633,1006,0,
17634,133.563673901644,1350919405904,1,5.6163053959608078,5.3621,5.70112,2.6529,14539,0.001024,0.35814399999999996,,0.061952,0.425984,0.000256,0.40831999999999996,0.007424,0.03712,,0.004352,,2.1089279999999997,17634,1007,0,
17635,133.5693389951814,1350919459525,1,5.6650936603546143,5.6063,5.5936,1.8697,14539,0.001024,0.36096,,0.068864,0.24140799999999998,0,0.22195199999999998,0.006144,0.039424,,0.0038399999999999997,,2.169088,17635,1008,0,
17636,133.57515499574831,1350919515588,1,5.8160005137324333,5.4595,5.646592,2.0594,14539,0.001024,0.357888,,0.068352,0.239616,0,0.221184,0.007936,0.036864,,0.003584,,2.190848,17636,1009,0,
17637,133.58123239795918,1350919570183,1,6.0774022713303566,5.4352,5.792768,2.4626,14539,0.001024,0.35686399999999996,,0.068096,0.24012799999999998,0,0.22067199999999998,0.0076799999999999993,0.037888,,0.005376,,2.176256,17637,1010,0,
17638,133.58720620039682,1350919624535,1,5.9738024137914181,6.2439,6.05696,2.3003,14539,0.001024,0.3584,,0.068096,0.23936,0.000256,0.220416,0.0076799999999999993,0.036351999999999995,,0.003584,,2.2097919999999998,17638,1011,0,
17639,133.59293789682539,1350919686974,1,5.7316962629556656,5.6585,5.954816,2.4667,14734,0.0012799999999999999,0.35968,,0.068608,0.4416,0,0.42214399999999996,0.0051199999999999996,0.037376,,0.004096,,2.34112,17639,1012,0,
17640,133.59907480158731,1350919743559,1,6.1369049362838268,5.8878,5.691136,2.3411,14539,0.001024,0.358912,,0.068352,0.2432,0,0.224512,0.007424,0.03712,,0.004352,,2.299136,17640,1013,0,
17641,133.6049913973923,1350919802437,1,5.9165959246456623,6.7334,6.118912,2.2978,14539,0.001024,0.35968,,0.068864,0.691712,0,0.22067199999999998,0.009472,0.041471999999999995,,0.004352,,2.320384,17641,1014,0,
17642,133.61065999858275,1350919869771,1,5.6686010211706161,4.8312,5.892608,2.1834,14539,0.001024,0.362496,,0.068352,0.24064,0,0.222208,0.011519999999999999,0.037376,,0.0051199999999999996,,2.0725759999999998,17642,1015,0,
17643,133.61632670068028,1350919918083,1,5.6667020544409752,6.6541,5.645568,1.8736,14539,0.001024,0.360448,,0.070144,0.242688,0,0.223488,0.0076799999999999993,0.038144,,0.0051199999999999996,,1.8826239999999999,17643,1016,0,
17644,133.62203809523808,1350919984624,1,5.7113943621516228,5.3044,5.667584,1.8965,14539,0.0012799999999999999,0.359936,,0.068096,0.608256,0.000256,0.589568,0.008192,0.039936,,0.0038399999999999997,,1.862144,17644,1017,0,
17645,133.62833329790249,1350920037668,1,6.2952027656137943,6.2862,5.676032,2.0127,14539,0.0012799999999999999,0.359168,,0.062208,0.23654399999999998,0,0.21888,0.005376,0.03968,,0.004352,,1.708288,17645,1018,0,
17646,133.63408419784579,1350920100530,1,5.7509001344442368,5.4449,6.273792,1.9225,14741,0.001024,0.357888,,0.067328,0.23679999999999998,0,0.21836799999999998,0.007424,0.037888,,0.004608,,2.087424,17646,1019,0,
17647,133.64046079931973,1350920154979,1,6.3766012899577618,5.4961,5.724928,1.9052,14539,0.001024,0.357632,,0.062208,0.761856,0.000256,0.260608,0.0076799999999999993,0.039424,,0.004352,,1.7287679999999999,17647,1020,0,
17648,133.64636119614511,1350920209940,1,5.900396965444088,6.3336,6.015232,2.0351,14539,0.001024,0.35686399999999996,,0.061695999999999994,0.23910399999999998,0,0.22092799999999999,0.0063999999999999994,0.038144,,0.005376,,2.16192,17648,1021,0,
17649,133.65326150085033,1350920273276,1,6.9003049284219742,5.6883,5.874432,1.8425,14539,0.001024,0.42624,,0.068352,0.246528,0,0.228096,0.0076799999999999993,0.038655999999999996,,0.004096,,1.883392,17649,1022,0,
17650,133.65919360119048,1350920330159,1,5.9321001172065735,6.4291,6.672128,2.1039,14539,0.001024,0.357632,,0.815616,0.30003199999999997,0,0.272128,0.009216,0.03328,,0.009984,,2.473728,17650,1023,0,
17651,133.66542580073695,1350920394450,1,6.2321997247636318,5.833,5.897728,2.4339,14539,0.001024,0.36096,,0.068096,0.24345599999999998,0,0.224768,0.003584,0.040704,,0.003584,,2.427648,17651,1024,0,
17652,133.67130559807256,1350920452780,1,5.8797975070774555,6.8389,6.041856,2.0742,14539,0.001024,0.35737599999999997,,0.062464,0.404736,0.000256,0.386816,0.0076799999999999993,0.039424,,0.004608,,2.329088,17652,1025,0,
17653,133.67783409863944,1350920521169,1,6.5285004675388336,5.8492,5.855488,1.8202,14539,0.001024,0.355328,,0.062208,0.240384,0.000256,0.222464,0.007424,0.037632,,0.003584,,1.720832,17653,1026,0,
17654,133.68408359552154,1350920579661,1,6.2494967132806778,6.3141,6.497024,1.9806,14539,0.001024,0.358656,,0.07039999999999999,0.24371199999999998,0,0.22425599999999998,0.0076799999999999993,0.038655999999999996,,0.0048639999999999994,,1.944832,17654,1027,0,
17655,133.6901116000567,1350920642802,1,6.0280044563114643,6.2454,6.23744,2.196,14539,0.001024,0.356352,,0.061952,0.23807999999999999,0.000256,0.21964799999999998,0.003072,0.038911999999999995,,0.0051199999999999996,,2.2545919999999997,17655,1028,0,
17656,133.69592419926303,1350920705256,1,5.8125993236899376,6.6472,6.009088,1.8451,14539,0.001024,0.358656,,0.062208,0.24345599999999998,0.000256,0.225536,0.007424,0.0384,,0.004608,,1.9430399999999999,17656,1029,0,
17657,133.70267400085032,1350920771728,1,6.7498018033802509,5.7998,5.796864,1.8934,14910,0.001024,0.359168,,0.061952,0.239872,0,0.22195199999999998,0.007424,0.03712,,0.004096,,2.4424959999999998,17657,1030,0,
17658,133.70845279903628,1350920829726,1,5.7787983678281307,6.1578,6.722304,1.9112,14539,0.001024,0.35942399999999997,,0.066816,0.24140799999999998,0,0.222208,0.0076799999999999993,0.036864,,0.0038399999999999997,,2.9153279999999997,17658,1031,0,
17659,133.71440379818594,1350920891304,1,5.9509989805519581,5.825,5.757696,1.753,14539,0.001024,0.3584,,0.062208,0.239872,0.000256,0.22169599999999998,0.007424,0.03712,,0.0048639999999999994,,1.7303039999999998,17659,1032,0,
17660,133.72056780045352,1350920949554,1,6.1640022322535515,6.5814,5.91744,1.8874,14539,0.001024,0.35814399999999996,,0.062464,0.485376,0,0.46771199999999996,0.007168,0.03712,,0.006144,,2.2617599999999998,17660,1033,0,
17661,133.72685089994332,1350921015368,1,6.2830992974340916,6.0123,6.15808,2.0607,14539,0.001024,0.360448,,0.062464,0.242176,0,0.223488,0.0076799999999999993,0.040704,,0.003328,,2.2981119999999997,17661,1034,0,
17662,133.73299839852606,1350921075491,1,6.1474987305700779,5.8061,6.268672,1.9595,14886,0.001024,0.359168,,0.066048,0.23577599999999999,0,0.217088,0.003072,0.039424,,0.004352,,2.4202239999999997,17662,1035,0,
17663,133.73912619756234,1350921133552,1,6.127798929810524,6.3546,6.12736,1.7998,14539,0.001024,0.35737599999999997,,0.062464,0.23782399999999998,0,0.21888,0.011264,0.0384,,0.004096,,2.326272,17663,1036,0,
17664,133.74478650085032,1350921197098,1,5.6603034026920795,6.1348,6.103296,1.8539,14734,0.001024,0.419328,,0.061952,0.234752,0,0.216576,0.003072,0.039168,,0.003328,,1.731328,17664,1037,0,
17665,133.75076129535148,1350921258446,1,5.9747942723333836,5.9699,5.640192,1.8567,14539,0.001024,0.361216,,0.061952,0.235264,0,0.21734399999999998,0.007424,0.035072,,0.004352,,1.722624,17665,1038,0,
17666,133.756602196712,1350921318145,1,5.8409012854099274,6.1636,5.634048,1.8696,14539,0.001024,0.359168,,0.061695999999999994,0.23782399999999998,0,0.219904,0.0076799999999999993,0.03712,,0.003584,,1.93408,17666,1039,0,
17667,133.7619975977891,1350921379781,1,5.395401269197464,5.641,5.8176,1.8094,14591,0.001024,0.35814399999999996,,0.32255999999999996,0.27648,0,0.25216,0.006144,0.037888,,0.0048639999999999994,,1.730048,17667,1040,0,
17668,133.76803759920634,1350921436191,1,6.0400012880563736,5.8959,5.381376,1.9241,14539,0.001024,0.358656,,0.061695999999999994,0.237568,0,0.21964799999999998,0.0076799999999999993,0.03712,,0.004608,,1.9212799999999999,17668,1041,0,
17669,133.77405340136053,1350921495150,1,6.0158022679388523,5.8993,6.009856,1.8488,14539,0.001024,0.357632,,0.062208,0.239872,0.000256,0.222208,0.007424,0.040192,,0.0048639999999999994,,2.3598079999999997,17669,1042,0,
17670,133.77979900085035,1350921554143,1,5.7455995120108128,5.4119,5.623552,1.8541,14539,0.001024,0.35942399999999997,,0.065024,0.242688,0,0.223488,0.007424,0.040192,,0.0051199999999999996,,2.019072,17670,1043,0,
17671,133.7855012967687,1350921608262,1,5.7022958062589169,6.1879,5.72928,1.7864,14539,0.001024,0.35686399999999996,,0.062208,0.23807999999999999,0,0.22067199999999998,0.007424,0.037632,,0.004352,,1.918208,17671,1044,0,
17672,133.79124249574829,1350921670141,1,5.7411990128457546,5.9163,5.661952,1.8386,14539,0.001024,0.356608,,0.061952,0.24473599999999998,0,0.226816,0.008192,0.037888,,0.0038399999999999997,,2.143488,17672,1045,0,
17673,133.79749739937643,1350921729304,1,6.254903506487608,5.6097,5.724672,2.012,14539,0.001024,0.36019199999999996,,0.061695999999999994,0.239872,0.000256,0.222208,0.0076799999999999993,0.038911999999999995,,0.0038399999999999997,,2.0072959999999997,17673,1046,0,
17674,133.80333460175737,1350921785401,1,5.837202537804842,5.7696,6.236672,2.2099,14539,0.001024,0.359168,,0.062208,0.23782399999999998,0.000256,0.22016,0.0076799999999999993,0.038911999999999995,,0.003328,,2.234368,17674,1047,0,
17675,133.80960440051021,1350921843097,1,6.2697986140847206,6.0357,5.817856,1.8143,14539,0.001024,0.357888,,0.061952,0.23936,0,0.22195199999999998,0.007424,0.035584,,0.004352,,1.711104,17675,1048,0,
17676,133.81568110119048,1350921903454,1,6.0767005197703838,6.2248,5.9968,2.4675,14539,0.001024,0.35712,,0.062464,0.42675199999999996,0,0.21964799999999998,0.009216,0.036864,,0.004608,,2.638848,17676,1049,0,
17677,133.82202179705214,1350921965702,1,6.3406960107386112,5.7965,5.952256,1.8588,14539,0.0012799999999999999,0.35686399999999996,,0.062208,0.242176,0,0.22399999999999998,0.007424,0.038655999999999996,,0.004096,,2.573568,17677,1050,0,
17678,133.8273341978458,1350922023667,1,5.3124008700251579,6.0402,6.309888,2.4687,14539,0.000768,0.35712,,0.061952,0.23679999999999998,0.000256,0.21862399999999999,0.004352,0.0384,,0.004352,,2.54336,17678,1051,0,
17679,133.83327509920633,1350922084069,1,5.9409015811979771,7.3191,5.295872,1.8956,14741,0.001024,0.359168,,0.062464,0.24012799999999998,0,0.222208,0.0076799999999999993,0.0384,,0.0038399999999999997,,1.709568,17679,1052,0,
17680,133.83878499858275,1350922157260,1,5.5098994635045528,5.4479,5.92,2.2604,14539,0.001024,0.359168,,0.062464,0.431104,0,0.413184,0.007936,0.036864,,0.0048639999999999994,,2.1777919999999997,17680,1053,0,
17681,133.8450306972789,1350922211739,1,6.2456987798213959,5.6552,5.477888,1.8091,14539,0.001024,0.36019199999999996,,0.062464,0.240896,0,0.222208,0.007424,0.038911999999999995,,0.003584,,1.7218559999999998,17681,1054,0,
17682,133.85085449971655,1350922268291,1,5.8238026686012745,5.2565,6.2336,1.8914,14539,0.001024,0.359936,,0.062208,0.239872,0,0.222208,0.0076799999999999993,0.036608,,0.004352,,1.9176959999999998,17682,1055,0,
17683,133.85687009637186,1350922320856,1,6.0155964456498623,5.58,5.565184,1.9973,14539,0.19686399999999998,0.357632,,0.062208,0.238336,0.000256,0.220416,0.0076799999999999993,0.037632,,0.0051199999999999996,,1.7121279999999999,17683,1056,0,
17684,133.86301559665532,1350922376656,1,6.1455001123249531,6.8497,5.987328,1.8303,14539,0.001024,0.356608,,0.061439999999999995,0.607488,0,0.589056,0.007936,0.03712,,0.004096,,2.120704,17684,1057,0,
17685,133.86877629676871,1350922445153,1,5.7606999762356281,5.1685,6.103808,1.8192,14539,0.001024,0.420352,,0.062208,0.238336,0,0.220416,0.0076799999999999993,0.038144,,0.005376,,1.7236479999999998,17685,1058,0,
17686,133.87467660147391,1350922496838,1,5.900304764509201,5.9814,5.767424,1.7956,14539,0.001024,0.35609599999999997,,0.062208,0.23782399999999998,0,0.21964799999999998,0.007424,0.036351999999999995,,0.004096,,1.920512,17686,1059,0,
17687,133.8806343962585,1350922556652,1,5.9577948413789272,6.2844,5.86752,1.8682,14539,0.001024,0.35814399999999996,,0.062208,0.240384,0,0.22297599999999998,0.0076799999999999993,0.036864,,0.003584,,1.724672,17687,1060,0,
17688,133.88640240221088,1350922619496,1,5.7680057361721992,5.5968,5.948928,1.9341,14539,0.001024,0.3584,,0.062208,0.489728,0.000256,0.47155199999999997,0.0076799999999999993,0.038911999999999995,,0.0051199999999999996,,2.372096,17688,1061,0,
17689,133.89243570011337,1350922675464,1,6.0332980938255787,5.9147,5.73952,1.9216,14539,0.001024,0.35814399999999996,,0.062208,0.236288,0.000256,0.21862399999999999,0.007424,0.037888,,0.004096,,1.711104,17689,1062,0,
17690,133.89813039965986,1350922734611,1,5.6946994736790657,6.122,5.819136,1.7927,14734,0.001024,0.35814399999999996,,0.061952,0.239616,0.000256,0.221184,0.0076799999999999993,0.037376,,0.004352,,2.096384,17690,1063,0,
17691,133.90406529903626,1350922795831,1,5.93489920720458,5.6515,5.6704,2.3929,14539,0.001024,0.356352,,0.062464,0.23782399999999998,0.000256,0.219392,0.007424,0.036864,,0.004608,,2.299648,17691,1064,0,
17692,133.91008359552154,1350922852346,1,6.0182963497936726,6.2112,5.845504,2.143,14539,0.001024,0.358912,,0.062208,0.48486399999999996,0,0.22272,0.009472,0.041984,,0.004096,,2.255616,17692,1065,0,
17693,133.91608039965985,1350922914458,1,5.9968042187392712,5.5095,6.07232,2.0485,14539,0.001024,0.358656,,0.061952,0.242176,0,0.22399999999999998,0.007424,0.03712,,0.004096,,1.9927039999999998,17693,1066,0,
17694,133.92208730158728,1350922969553,1,6.0069020837545395,5.91,5.969664,2.0379,14539,0.001024,0.35814399999999996,,0.062208,0.237568,0,0.219904,0.007424,0.038911999999999995,,0.003328,,1.7216,17694,1067,0,
17695,133.92836889880951,1350923028653,1,6.2815970741212368,6.3459,5.980672,1.7753,14539,0.001024,0.361728,,0.068352,0.241664,0,0.22272,0.003328,0.037376,,0.004096,,2.143232,17695,1068,0,
17696,133.93452629676869,1350923092112,1,6.1573977582156658,6.0379,6.259456,2.0241,14741,0.001024,0.42419199999999996,,0.074752,0.24678399999999998,0.000256,0.22655999999999998,0.009216,0.028928,,0.013824,,1.87648,17696,1069,0,
17697,133.94035659722221,1350923152491,1,5.8303005062043667,5.9792,6.146816,1.7991,14539,0.001024,0.363008,,0.074495999999999993,0.247296,0,0.227328,0.007936,0.038655999999999996,,0.0051199999999999996,,2.180608,17697,1070,0,
17698,133.9462757015306,1350923212283,1,5.9191044420003891,5.9835,5.804544,1.822,14539,0.001024,0.36019199999999996,,0.068352,0.24601599999999998,0.000256,0.227328,0.007424,0.039936,,0.0048639999999999994,,1.726208,17698,1071,0,
17699,133.95193239795918,1350923272118,1,5.6566963903605938,6.1776,5.846016,1.8445,14539,0.001024,0.35328,,0.064256,0.23551999999999998,0,0.217856,0.007424,0.037376,,0.004096,,2.133504,17699,1072,0,
17700,133.95839029903627,1350923333894,1,6.45790109410882,5.8397,5.697024,1.8596,20949,0.001024,0.352512,,0.062208,0.238592,0,0.22092799999999999,0.007424,0.037888,,0.004608,,1.710848,17700,1073,0,
17701,133.96441709892289,1350923392291,1,6.0267997905611992,5.9608,6.428928,2.2187,14591,0.001024,0.359168,,0.061952,0.623104,0,0.22425599999999998,0.012032,0.043775999999999995,,0.005376,,2.110464,17701,1074,0,
17702,133.97011320153061,1350923451899,1,5.6961025111377239,6.0411,6.002176,1.8597,14539,0.001024,0.35737599999999997,,0.062464,0.23884799999999998,0,0.22067199999999998,0.007424,0.035584,,0.005376,,1.7216,17702,1075,0,
17703,133.97611209608843,1350923512310,1,5.9988945722579956,6.1513,5.677568,2.3186,14539,0.001024,0.35942399999999997,,0.062464,0.24012799999999998,0,0.22195199999999998,0.007936,0.040959999999999996,,0.0048639999999999994,,2.2592,17703,1076,0,
17704,133.98193650085034,1350923573823,1,5.8244047686457634,6.2817,5.975808,2.3671,14539,0.000768,0.3584,,0.062208,0.59648,0,0.221184,0.013312,0.038911999999999995,,0.005632,,2.419968,17704,1077,0,
17705,133.987904095805,1350923636640,1,5.9675951488316059,5.7347,5.79456,2.1356,14539,0.001024,0.35968,,0.062464,0.238592,0.000256,0.22016,0.007424,0.037376,,0.004096,,2.09536,17705,1078,0,
17706,133.99360739795918,1350923693987,1,5.7033021003007889,5.6231,5.942016,1.8489,14539,0.001024,0.360448,,0.064767999999999992,0.247552,0,0.228352,0.0076799999999999993,0.039168,,0.004352,,2.18496,17706,1079,0,
17707,133.99997509920635,1350923750218,1,6.3677011057734489,5.7565,5.692416,2.1625,14539,0.001024,0.358912,,0.061952,0.23782399999999998,0,0.22016,0.0076799999999999993,0.039168,,0.005376,,1.72672,17707,1080,0,
17708,134.00556609977323,1350923807783,1,5.5910004302859306,6.1272,6.352896,1.9117,14539,0.001024,0.3584,,0.062208,0.612352,0,0.594432,0.008192,0.037376,,0.0038399999999999997,,2.477312,17708,1081,0,
17709,134.01160340136053,1350923869055,1,6.0373013839125633,5.5786,5.562624,2.092,14539,0.001024,0.358912,,0.061952,0.238336,0,0.22016,0.0076799999999999993,0.039936,,0.005376,,1.7100799999999998,17709,1082,0,
17710,134.01721629818593,1350923924841,1,5.6128967553377151,6.4014,6.008064,2.1663,14539,0.001024,0.3584,,0.068864,0.2496,0.000256,0.230656,0.003328,0.038911999999999995,,0.0048639999999999994,,1.997312,17710,1083,0,
17711,134.02308539540815,1350923988855,1,5.869097076356411,5.5539,5.597952,2.2868,14539,0.001024,0.359168,,0.061952,0.24192,0.000256,0.22399999999999998,0.007936,0.038144,,0.0038399999999999997,,1.910528,17711,1084,0,
17712,134.02933660005669,1350924044394,1,6.2512047588825226,5.9386,5.854464,1.9179,14539,0.001024,0.35609599999999997,,0.47564799999999996,0.26239999999999997,0,0.23654399999999998,0.0076799999999999993,0.0384,,0.0048639999999999994,,2.002944,17712,1085,0,
17713,134.03536439909297,1350924103780,1,6.0277990996837616,6.2338,6.22848,1.9038,14741,0.001024,0.35737599999999997,,0.43596799999999997,0.27622399999999997,0,0.25088,0.0076799999999999993,0.039168,,0.005376,,2.200064,17713,1086,0,
17714,134.04128660005668,1350924166118,1,5.9222010895609856,5.2968,6.016,1.9536,14539,0.001024,0.356352,,0.063488,0.241664,0,0.22323199999999999,0.007424,0.039168,,0.004096,,2.012672,17714,1087,0,
17715,134.0470033021542,1350924219086,1,5.7167019695043564,6.2432,5.906176,1.7859,14539,0.001024,0.357888,,0.061952,0.23807999999999999,0,0.22016,0.007424,0.036608,,0.004352,,1.722368,17715,1088,0,
17716,134.05289519557823,1350924281518,1,5.8918935246765614,6.0681,5.69472,1.8794,14734,0.001024,0.35968,,0.062208,0.240896,0.000256,0.222464,0.0076799999999999993,0.038655999999999996,,0.0038399999999999997,,2.074112,17716,1089,0,
17717,134.05894280045351,1350924342199,1,6.0476050712168217,5.8908,5.867008,1.8367,14539,0.001024,0.35942399999999997,,0.061952,0.242944,0.000256,0.22527999999999998,0.0076799999999999993,0.037376,,0.0038399999999999997,,2.2750719999999998,17717,1090,0,
17718,134.06488129960317,1350924401107,1,5.9384992346167564,5.812,6.030592,1.8174,14539,0.001024,0.359168,,0.061695999999999994,0.23679999999999998,0,0.219392,0.007424,0.03712,,0.004352,,2.180608,17718,1091,0,
17719,134.07076039540817,1350924459227,1,5.8790957555174828,5.7437,5.9072,1.7467,14539,0.0012799999999999999,0.36147199999999996,,0.069887999999999992,0.2432,0,0.223488,0.0076799999999999993,0.038911999999999995,,0.004608,,2.509568,17719,1092,0,
17720,134.07715769557822,1350924516664,1,6.3973003998398781,6.1833,5.845248,1.9488,14539,0.001024,0.361984,,0.06912,0.44646399999999997,0,0.22399999999999998,0.0076799999999999993,0.036864,,0.004352,,2.233088,17720,1093,0,
17721,134.08322230017006,1350924578497,1,6.064604502171278,6.1678,6.400256,1.8589,14539,0.001024,0.361984,,0.068352,0.243968,0,0.22527999999999998,0.0084479999999999989,0.037632,,0.004608,,2.4721919999999997,17721,1094,0,
17722,134.08894959608844,1350924640175,1,5.7272957637906075,5.714,6.037248,1.9248,14539,0.0012799999999999999,0.358656,,0.068352,0.238336,0,0.22016,0.0076799999999999993,0.037632,,0.0038399999999999997,,1.729024,17722,1095,0,
17723,134.09471500141723,1350924697315,1,5.7654054835438728,6.3125,5.715968,2.1095,14539,0.001024,0.36070399999999997,,0.062464,0.23884799999999998,0,0.22067199999999998,0.009216,0.03968,,0.0048639999999999994,,1.71264,17723,1096,0,
17724,134.10129569869613,1350924760440,1,6.5806973725557327,6.7373,5.7408,1.8926,14539,0.001024,0.35712,,0.061952,0.24012799999999998,0,0.22195199999999998,0.011519999999999999,0.038144,,0.0051199999999999996,,2.1928959999999997,17724,1097,0,
17725,134.10780679563493,1350924827813,1,6.5110968425869942,5,6.55616,1.8747,14539,0.001024,0.358656,,0.061439999999999995,0.23936,0,0.221184,0.009216,0.037888,,0.004608,,2.4926719999999998,17725,1098,0,
17726,134.11349620181406,1350924877813,1,5.6894063018262386,6.3371,6.48704,1.9187,14539,0.001024,0.35968,,0.068352,0.244992,0,0.22630399999999998,0.007936,0.036608,,0.003584,,2.65344,17726,1099,0,
17727,134.1197128968254,1350924941184,1,6.2166950665414333,6.1143,5.67552,2.1934,14539,0.001024,0.361216,,0.068352,0.24064,0,0.22195199999999998,0.007424,0.036608,,0.004096,,2.224128,17727,1100,0,
17728,134.1254170989229,1350925002327,1,5.7042022235691547,6.5624,6.195712,2.3974,14539,0.001024,0.36070399999999997,,0.069887999999999992,0.244992,0,0.225024,0.0076799999999999993,0.037376,,0.005888,,2.260992,17728,1101,0,
17729,134.13121209608843,1350925067951,1,5.794997327029705,5.7979,5.669888,2.069,14741,0.001024,0.359168,,0.061695999999999994,0.239616,0.000256,0.221184,0.009984,0.036608,,0.004608,,1.9243519999999998,17729,1102,0,
17730,134.13687559523808,1350925125930,1,5.6634992361068726,6.1178,5.77664,2.3554,14539,0.001024,0.358912,,0.061952,0.24012799999999998,0,0.222208,0.003584,0.0384,,0.003584,,2.153728,17730,1103,0,
17731,134.14293219954649,1350925187108,1,6.056604441255331,5.9168,5.648896,2.2303,14539,0.001024,0.35968,,0.062208,0.240896,0,0.222464,0.0048639999999999994,0.03968,,0.004096,,2.113536,17731,1104,0,
17732,134.14900269982994,1350925246276,1,6.0705002397298813,5.6232,5.952256,1.8721,14539,0.253952,0.3584,,0.062208,0.243968,0.000256,0.224512,0.0076799999999999993,0.040448,,0.004352,,2.3403519999999998,17732,1105,0,
17733,134.154891595805,1350925302508,1,5.8888960629701614,5.4673,6.1248,2.0746,14539,0.001024,0.35737599999999997,,0.42751999999999996,0.28953599999999996,0,0.26367999999999997,0.0076799999999999993,0.040192,,0.005632,,1.935104,17733,1106,0,
17734,134.16040409580498,1350925357181,1,5.5125001817941666,6.3808,5.8688,1.996,14539,0.001024,0.35686399999999996,,0.065279999999999991,0.240384,0.000256,0.22144,0.007424,0.038911999999999995,,0.004096,,2.04672,17734,1107,0,
17735,134.16605229591835,1350925420989,1,5.6481999345123768,6.0681,5.494272,1.9333,14591,0.001024,0.35814399999999996,,0.061952,0.23910399999999998,0,0.22144,0.003328,0.038144,,0.0051199999999999996,,1.714432,17735,1108,0,
17736,134.1716630952381,1350925481670,1,5.6107994168996811,5.7974,5.626112,1.9219,14539,0.001024,0.35737599999999997,,0.062208,0.242688,0,0.224768,0.0076799999999999993,0.037888,,0.005632,,1.719296,17736,1109,0,
17737,134.17757629676871,1350925539644,1,5.9132017195224762,5.4252,5.584896,1.8855,14539,0.001024,0.36019199999999996,,0.061952,0.23884799999999998,0,0.22169599999999998,0.007424,0.036864,,0.0048639999999999994,,1.71136,17737,1110,0,
17738,134.18369859693877,1350925593896,1,6.1223004013299942,5.7415,5.890816,1.9941,14539,0.001024,0.35686399999999996,,0.41497599999999996,0.285184,0,0.260608,0.003584,0.039936,,0.0038399999999999997,,2.105344,17738,1111,0,
17739,134.18941600056689,1350925651311,1,5.7174037210643291,6.4687,6.112256,1.878,14539,0.001024,0.3584,,0.064,0.237312,0.000256,0.22016,0.007936,0.037376,,0.003328,,2.364928,17739,1112,0,
17740,134.19559100056688,1350925715998,1,6.1750002205371857,5.0677,5.688576,1.8742,14539,0.001024,0.358912,,0.061952,0.23884799999999998,0,0.221184,0.010752,0.038911999999999995,,0.0048639999999999994,,1.724672,17740,1113,0,
17741,134.20165379818593,1350925766675,1,6.062797736376524,5.9743,5.730304,1.9602,14539,0.001024,0.419328,,0.062464,0.24115199999999998,0,0.22297599999999998,0.007424,0.039168,,0.004352,,2.132736,17741,1114,0,
17742,134.2071637967687,1350925826418,1,5.5099986493587494,6.0306,6.034432,2.5639,15105,0.001024,0.35712,,0.062464,0.237056,0,0.21888,0.009216,0.040704,,0.004608,,1.9778559999999998,17742,1115,0,
17743,134.21353499858276,1350925886724,1,6.3712019473314285,6.0007,5.476608,1.984,14539,0.001024,0.3584,,0.06272,0.24115199999999998,0.000256,0.22323199999999999,0.007424,0.034304,,0.0051199999999999996,,1.714944,17743,1116,0,
17744,134.21895209750565,1350925946731,1,5.4170987568795681,6.2161,6.355456,2.2562,14539,0.001024,0.357632,,0.061952,0.24140799999999998,0,0.222464,0.262912,0.041984,,0.002816,,2.2999039999999997,17744,1117,0,
17745,134.22501259920634,1350926008892,1,6.0605015605688095,5.9972,5.351936,2.4057,14539,0.001024,0.359936,,0.061952,0.239616,0,0.22195199999999998,0.007936,0.0384,,0.0038399999999999997,,1.9476479999999998,17745,1118,0,
17746,134.23061399518141,1350926068864,1,5.6013958528637886,6.8121,6.092288,2.1023,14886,0.001024,0.3584,,0.06272,0.238592,0,0.220416,0.0076799999999999993,0.036864,,0.003584,,1.990912,17746,1119,0,
17747,134.23608609693878,1350926136985,1,5.4721017368137836,5.0143,5.587968,2.2449,14539,0.001024,0.357632,,0.061952,0.242688,0,0.224768,0.0076799999999999993,0.03712,,0.004352,,1.7103359999999999,17747,1120,0,
17748,134.24349329648527,1350926187128,1,7.4071995913982391,5.3445,5.463552,5.3445,14539,0.001024,0.356352,,0.061439999999999995,0.401152,0,0.382976,0.003072,0.038655999999999996,,0.0048639999999999994,,2.020864,17748,1121,0,
17749,134.24951129535148,1350926240573,1,6.0179987922310829,5.8225,5.696512,1.416,14539,0.001024,0.356608,,0.06272,0.234752,0,0.217856,0.007936,0.036095999999999996,,0.004352,,2.30272,17749,1122,0,
17750,134.25557310090701,1350926298798,1,6.0618054121732712,5.5348,5.993472,1.8962,14539,0.001024,0.359936,,0.061695999999999994,0.244224,0,0.22527999999999998,0.007424,0.039168,,0.002304,,2.1898239999999998,17750,1123,0,
17751,134.26200710034013,1350926354146,1,6.4339996315538883,7.6195,6.040064,2.1688,14539,0.001024,0.36019199999999996,,0.073984,0.242176,0,0.22272,0.0076799999999999993,0.039424,,0.0025599999999999998,,1.997056,17751,1124,0,
17752,134.26805099914966,1350926430341,1,6.0438988730311394,6.3445,6.412544,1.9045,14539,0.001024,0.356352,,0.068352,0.24192,0,0.222464,0.0076799999999999993,0.039168,,0.002304,,2.366208,17752,1125,0,
17753,134.27449620181406,1350926493786,1,6.4452025108039379,5.5877,6.024192,2.2522,14539,0.001024,0.359168,,0.068352,0.244992,0.000256,0.225024,0.0076799999999999993,0.043008,,0.002048,,2.099968,17753,1126,0,
17754,134.2806758999433,1350926549663,1,6.1796982772648335,5.9641,6.4192,1.9537,14539,0.001024,0.36147199999999996,,0.074752,0.24934399999999998,0,0.229376,0.0076799999999999993,0.040192,,0.0025599999999999998,,2.169856,17754,1127,0,
17755,134.28631079931972,1350926609304,1,5.6348992511630058,6.1111,6.161408,1.9233,14539,0.0012799999999999999,0.36070399999999997,,0.068352,0.242688,0,0.22323199999999999,0.0076799999999999993,0.041215999999999996,,0.004608,,2.4322559999999998,17755,1128,0,
17756,134.29222629676869,1350926670415,1,5.9154974296689034,6.2634,5.612032,1.9251,14539,0.001024,0.420352,,0.061695999999999994,0.23884799999999998,0.000256,0.221184,0.007936,0.039936,,0.0048639999999999994,,2.09408,17756,1129,0,
17757,134.29837679988663,1350926733049,1,6.1505031771957874,6.2189,5.894656,1.9286,14539,0.001024,0.35609599999999997,,0.061952,0.236032,0,0.216576,0.0076799999999999993,0.0384,,0.002304,,1.9765759999999999,17757,1130,0,
17758,134.30432310090703,1350926795238,1,5.94630092382431,5.6096,6.122496,1.9441,14539,0.001024,0.361216,,0.063744,0.242688,0,0.224512,0.007424,0.03584,,0.004352,,2.370304,17758,1131,0,
17759,134.31093409863945,1350926851334,1,6.6109979525208473,6.2336,5.934336,1.8931,14539,0.001024,0.361728,,0.068352,0.24115199999999998,0,0.222464,0.007936,0.039424,,0.004096,,2.154496,17759,1132,0,
17760,134.31682140022676,1350926913670,1,5.88730163872242,6.0624,6.587392,1.8168,14539,0.001024,0.36019199999999996,,0.068352,0.62259199999999992,0,0.222464,0.009216,0.039936,,0.0048639999999999994,,2.5689599999999997,17760,1133,0,
17761,134.32270399659865,1350926974294,1,5.8825965970754623,5.7416,5.859584,1.8175,14539,0.001024,0.36147199999999996,,0.068608,0.23910399999999998,0.000256,0.22092799999999999,0.005888,0.040192,,0.005376,,1.8723839999999998,17761,1134,0,
17762,134.32838740079364,1350927031710,1,5.6834043934941292,6.7166,5.865728,1.7762,14539,0.001024,0.357888,,0.062208,0.724224,0,0.22195199999999998,0.00896,0.043519999999999996,,0.0038399999999999997,,1.7269759999999998,17762,1135,0,
17763,134.33460629960317,1350927098876,1,6.2188990414142609,5.7324,5.628672,1.8394,14741,0.001024,0.358912,,0.062464,0.24447999999999998,0.000256,0.22655999999999998,0.007424,0.037376,,0.003328,,1.975552,17763,1136,0,
17764,134.34053210034014,1350927156200,1,5.9258006513118744,5.8378,6.21824,1.7992,14539,0.001024,0.359168,,0.061952,0.238592,0,0.220416,0.003584,0.0384,,0.003328,,2.134784,17764,1137,0,
17765,134.34655449971655,1350927214578,1,6.0223992913961411,5.8226,5.53856,1.9929,14539,0.001024,0.357888,,0.061952,0.23936,0.000256,0.221184,0.007424,0.03968,,0.0051199999999999996,,2.000128,17765,1138,0,
17766,134.35255839710885,1350927272804,1,6.0038971714675426,6.2186,5.9904,2.0233,14539,0.001024,0.356608,,0.061952,0.23807999999999999,0,0.220416,0.007424,0.038144,,0.003328,,1.923584,17766,1139,0,
17767,134.35862619756236,1350927334990,1,6.067800335586071,5.7996,5.942272,1.8217,14734,0.001024,0.35737599999999997,,0.062208,0.44979199999999997,0.000256,0.41497599999999996,0.0076799999999999993,0.039424,,0.004096,,2.2878719999999997,17767,1140,0,
17768,134.36434000141722,1350927392986,1,5.713803693652153,6.2428,6.10304,1.8595,14539,0.001024,0.35584,,0.25779199999999997,0.24064,0,0.22169599999999998,0.003328,0.036351999999999995,,0.005376,,2.153216,17768,1141,0,
17769,134.37060549886621,1350927455414,1,6.265497300773859,5.9258,5.685504,1.8758,14591,0.001024,0.35712,,0.061952,0.235008,0,0.21631999999999998,0.0076799999999999993,0.03712,,0.003328,,1.709312,17769,1142,0,
17770,134.3764128968254,1350927514672,1,5.80739788711071,6.4681,6.244352,1.9696,14539,0.001024,0.359936,,0.062208,0.238592,0,0.220416,0.003584,0.03968,,0.0048639999999999994,,2.689536,17770,1143,0,
17771,134.382298901644,1350927579353,1,5.8860047720372677,5.5162,5.792512,1.8772,59093,0.001024,0.358656,,0.062464,0.235264,0,0.21734399999999998,0.003328,0.040192,,0.0051199999999999996,,2.418176,17771,1144,0,
17772,134.38822179705215,1350927634515,1,5.9228953905403614,5.9973,5.87008,1.8706,14539,0.001024,0.358912,,0.40499199999999996,0.23936,0,0.22016,0.003584,0.036351999999999995,,0.004096,,2.389248,17772,1145,0,
17773,134.39442850056687,1350927694488,1,6.2067033722996712,5.8457,5.895936,2.1781,14539,0.001024,0.358656,,0.071936,0.24012799999999998,0,0.22067199999999998,0.0076799999999999993,0.037888,,0.0051199999999999996,,1.915392,17773,1146,0,
17774,134.4002517998866,1350927752945,1,5.8232992887496948,6.2457,6.173184,2.1404,14539,0.001024,0.36224,,0.062208,0.239872,0,0.22195199999999998,0.007936,0.036608,,0.004096,,2.3034879999999998,17774,1147,0,
17775,134.40635229591837,1350927815402,1,6.1004958115518093,6.0376,5.810176,1.9201,49976,0.001024,0.356352,,0.062208,0.23577599999999999,0,0.218112,0.007424,0.0384,,0.004096,,1.9998719999999999,17775,1148,0,
17776,134.41210160147392,1350927875778,1,5.7493057101964951,5.7878,5.545216,2.2693,14539,0.001024,0.35456,,0.062208,0.24012799999999998,0,0.22297599999999998,0.007424,0.038911999999999995,,0.0048639999999999994,,1.9361279999999998,17776,1149,0,
17777,134.41864409722223,1350927933656,1,6.5424959175288677,6.0022,5.741568,1.8701,14539,0.001024,0.35584,,0.061952,0.23807999999999999,0,0.22016,0.007424,0.0384,,0.0038399999999999997,,2.192128,17777,1150,0,
17778,134.4247637967687,1350927993678,1,6.1196996830403805,6.1455,5.966848,1.9502,14539,0.001024,0.35942399999999997,,0.062208,0.237312,0.000256,0.219392,0.0076799999999999993,0.037376,,0.003584,,1.906432,17778,1151,0,
17779,134.43078939909296,1350928055133,1,6.0256021097302437,5.3455,5.65504,2.4081,14886,0.001024,0.35609599999999997,,0.061952,0.238336,0.000256,0.22067199999999998,0.007424,0.038144,,0.003328,,2.198016,17779,1152,0,
17780,134.43688689767572,1350928108588,1,6.0974988155066967,6.7529,6.000896,1.9612,14539,0.001024,0.3584,,0.062464,0.238592,0.000256,0.22067199999999998,0.007424,0.037632,,0.0051199999999999996,,2.089984,17780,1153,0,
17781,134.4433347009637,1350928176117,1,6.4478032290935516,5.9691,6.070272,1.8796,14539,0.001024,0.355584,,0.061952,0.429056,0,0.220416,0.0048639999999999994,0.036095999999999996,,0.004608,,1.7185279999999998,17781,1154,0,
17782,134.44897320011339,1350928235808,1,5.638499278575182,6.031,6.436352,2.4592,14539,0.001024,0.359168,,0.070144,0.24371199999999998,0,0.224512,0.0076799999999999993,0.037888,,0.004096,,2.125568,17782,1155,0,
17783,134.45506490221089,1350928296118,1,6.09170226380229,6.5637,5.60512,2.5542,14539,0.001024,0.357888,,0.062464,0.24192,0,0.223488,0.005888,0.0384,,0.0048639999999999994,,1.90208,17783,1156,0,
17784,134.46065610119047,1350928361755,1,5.5911988019943237,6.2073,6.077696,1.834,20949,0.001024,0.357888,,0.070144,0.242688,0,0.22323199999999999,0.0076799999999999993,0.039424,,0.0048639999999999994,,1.9463679999999999,17784,1157,0,
17785,134.46714530187074,1350928423828,1,6.48920051753521,5.561,5.573376,1.8405,14539,0.001024,0.36070399999999997,,0.068096,0.24243199999999998,0,0.22323199999999999,0.0076799999999999993,0.037888,,0.0048639999999999994,,1.728,17785,1158,0,
17786,134.47303839994331,1350928479438,1,5.8930981904268265,6.0159,6.458112,1.9764,14539,0.001024,0.358912,,0.061952,0.793088,0.000256,0.775424,0.0076799999999999993,0.038911999999999995,,0.004352,,1.9996159999999998,17786,1159,0,
17787,134.47944779620181,1350928539597,1,6.4093964174389839,5.7053,5.879808,1.9248,14539,0.001024,0.41856,,0.061695999999999994,0.23936,0.000256,0.221184,0.005632,0.040704,,0.004352,,1.987328,17787,1160,0,
17788,134.48553839994329,1350928596650,1,6.090603768825531,6.6449,6.393856,2.3338,14539,0.001024,0.356608,,0.061952,0.822784,0,0.221184,0.0076799999999999993,0.040448,,0.004096,,2.004224,17788,1161,0,
17789,134.4916516014739,1350928663099,1,6.113201379776001,5.7544,6.053632,1.8358,14539,0.001024,0.35942399999999997,,0.061952,0.24012799999999998,0,0.222208,0.004352,0.03712,,0.004352,,2.497792,17789,1162,0,
17790,134.49735520124716,1350928720643,1,5.7035996578633785,6.4487,6.086144,1.9546,14539,0.001024,0.357888,,0.069887999999999992,0.24192,0,0.22272,0.007424,0.040448,,0.005632,,2.294784,17790,1163,0,
17791,134.5032512967687,1350928785130,1,5.8960956521332264,6.3674,5.703168,1.9121,14539,0.001024,0.35942399999999997,,0.061695999999999994,0.24012799999999998,0,0.222464,0.007424,0.036351999999999995,,0.003584,,2.292224,17791,1164,0,
17792,134.50921839569162,1350928848804,1,5.9670987538993359,6.0395,5.8688,2.0035,14734,0.001024,0.355328,,0.062208,0.233728,0.000256,0.215552,0.007424,0.035328,,0.004608,,2.2999039999999997,17792,1165,0,
17793,134.5153554988662,1350928909199,1,6.13710330799222,5.4612,5.944832,1.9426,19191,0.001024,0.354304,,0.062464,0.238336,0.000256,0.21964799999999998,0.003584,0.039424,,0.004608,,1.71776,17793,1166,0,
17794,134.52131429988663,1350928963811,1,5.9588011354207993,5.7674,6.12736,1.8686,15671,0.001024,0.360448,,0.06272,0.42496,0.000256,0.407296,0.007936,0.038144,,0.004352,,2.350848,17794,1167,0,
17795,134.52760600198411,1350929021485,1,6.2917019240558147,5.8929,5.866752,1.9272,14539,0.001024,0.35942399999999997,,0.06784,0.23782399999999998,0,0.22016,0.007424,0.038144,,0.005376,,2.5187839999999997,17795,1168,0,
17796,134.53387279620182,1350929080414,1,6.2667941674590111,6.3034,5.9328,2.2225,14886,0.001024,0.355328,,0.066048,0.242688,0,0.22323199999999999,0.0076799999999999993,0.038655999999999996,,0.0038399999999999997,,2.198528,17796,1169,0,
17797,134.53995970096372,1350929143448,1,6.0869045555591583,6.2115,6.273792,1.9819,14539,0.001024,0.356608,,0.061952,0.23910399999999998,0.000256,0.22169599999999998,0.0076799999999999993,0.03712,,0.0038399999999999997,,2.5738239999999997,17797,1170,0,
17798,134.54582769982991,1350929205563,1,5.8679990470409393,5.9464,6.088704,1.9015,14539,0.001024,0.35737599999999997,,0.062208,0.239616,0,0.221184,0.009216,0.036864,,0.004608,,1.9476479999999998,17798,1171,0,
17799,134.55210629960317,1350929265027,1,6.2785996124148369,6.2906,5.852928,1.8543,14539,0.001024,0.35712,,0.061695999999999994,0.43340799999999996,0,0.221184,0.009216,0.037632,,0.0051199999999999996,,2.1888,17799,1172,0,
17800,134.55833300028345,1350929327933,1,6.2267007306218147,6.04,6.261248,1.8955,14539,0.001024,0.35968,,0.068352,0.239616,0,0.22067199999999998,0.007936,0.037888,,0.0051199999999999996,,2.200832,17800,1173,0,
17801,134.5644670989229,1350929388333,1,6.13409886136651,6.2162,6.196224,1.8812,14539,0.001024,0.36019199999999996,,0.062208,0.24473599999999998,0,0.22655999999999998,0.007424,0.036095999999999996,,0.004096,,2.196736,17801,1174,0,
17802,134.57017570153062,1350929450495,1,5.7086027227342129,5.9024,6.121216,1.9082,14539,0.001024,0.41856,,0.062208,0.427264,0,0.223744,0.007936,0.036864,,0.003328,,2.273024,17802,1175,0,
17803,134.57634360119047,1350929509519,1,6.1678998172283173,6.3343,5.678336,2.0492,14591,0.001024,0.355584,,0.061952,0.24012799999999998,0,0.22195199999999998,0.003328,0.039936,,0.004352,,2.344448,17803,1176,0,
17804,134.5821306972789,1350929572862,1,5.7870959863066673,6.0919,5.911552,1.8163,14539,0.001024,0.36019199999999996,,0.062208,0.242688,0,0.22323199999999999,0.007424,0.03712,,0.004608,,1.723136,17804,1177,0,
17805,134.58842740221087,1350929633781,1,6.2967049889266491,5.9732,5.764608,2.1139,14539,0.001024,0.35609599999999997,,0.06272,0.238592,0.000256,0.22067199999999998,0.011776,0.039168,,0.0038399999999999997,,2.432,17805,1178,0,
17806,134.59385909863946,1350929693513,1,5.4316963069140911,6.4055,6.270464,2.3882,20323,0.001024,0.3584,,0.39244799999999996,0.25574399999999997,0.000256,0.23116799999999998,0.007936,0.036864,,0.0048639999999999994,,2.31552,17806,1179,0,
17807,134.60044270124715,1350929757568,1,6.5836026333272457,5.2333,5.407232,1.8872,14539,0.001024,0.35686399999999996,,0.061952,0.23782399999999998,0,0.21964799999999998,0.007424,0.039168,,0.003584,,1.7100799999999998,17807,1180,0,
17808,134.606164696712,1350929809901,1,5.7219956070184708,6.5289,6.571264,1.9893,14539,0.000768,0.358656,,0.061952,0.83916799999999991,0,0.82073599999999991,0.0051199999999999996,0.037888,,0.004096,,1.933568,17808,1181,0,
17809,134.61274260204081,1350929875190,1,6.5779052674770355,5.3927,5.69344,2.1947,14539,0.001024,0.419328,,0.062208,0.23654399999999998,0.000256,0.21888,0.0076799999999999993,0.037376,,0.004608,,1.7203199999999998,17809,1182,0,
17810,134.61857589994329,1350929929117,1,5.8332979679107666,6.5781,6.560256,2.1841,14539,0.001024,0.35737599999999997,,0.062208,1.018368,0.000256,1.000192,0.010496,0.033024,,0.00896,,1.93152,17810,1183,0,
17811,134.62483660005668,1350929994898,1,6.2607000581920147,5.8825,5.817856,2.037,14539,0.001024,0.35686399999999996,,0.061695999999999994,0.240896,0,0.222208,0.007424,0.03712,,0.004352,,1.711104,17811,1184,0,
17812,134.63082999574829,1350930053723,1,5.9933955781161785,6.2534,6.230528,1.9272,14886,0.001024,0.358656,,0.061695999999999994,0.434176,0,0.219136,0.0076799999999999993,0.038655999999999996,,0.003584,,2.6214399999999998,17812,1185,0,
17813,134.63709029903629,1350930116257,1,6.2603033147752285,5.8452,5.974528,1.9755,14539,0.000768,0.35686399999999996,,0.061952,0.240384,0,0.222208,0.003328,0.036864,,0.003584,,2.164736,17813,1186,0,
17814,134.64295800028344,1350930174709,1,5.8677010238170624,6.2398,6.249216,1.9285,14539,0.001024,0.355328,,0.062208,0.23910399999999998,0,0.22092799999999999,0.007424,0.036608,,0.004096,,1.7139199999999999,17814,1187,0,
17815,134.64865229591837,1350930237107,1,5.69429574534297,5.9264,5.544704,2.1965,14539,0.001024,0.355072,,0.062464,0.23910399999999998,0,0.22067199999999998,0.010496,0.038655999999999996,,0.004352,,1.942272,17815,1188,0,
17816,134.65482689909297,1350930296371,1,6.1746030114591122,6.2646,5.68832,2.4461,14539,0.001024,0.35456,,0.062208,0.236288,0,0.218112,0.0076799999999999993,0.037376,,0.003328,,2.548736,17816,1189,0,
17817,134.66069019982993,1350930359017,1,5.8633005246520042,6.0254,6.153728,1.9427,14734,0.001024,0.357888,,0.47692799999999996,0.256256,0.000256,0.22886399999999998,0.007168,0.038655999999999996,,0.005632,,2.360064,17817,1190,0,
17818,134.66693049886621,1350930419271,1,6.2402989715337753,5.6855,5.840128,2.1703,14539,0.001024,0.35814399999999996,,0.062208,0.239872,0,0.22169599999999998,0.003072,0.039424,,0.004352,,1.712896,17818,1191,0,
17819,134.67256929563493,1350930476126,1,5.6387968361377716,6.1323,6.217216,2.0626,14539,0.001024,0.35584,,0.061695999999999994,0.78464,0,0.22092799999999999,0.006912,0.044031999999999995,,0.004096,,1.998592,17819,1192,0,
17820,134.67943759920635,1350930537449,1,6.8683037534356117,5.7951,5.6256,1.9452,14539,0.001024,0.359168,,0.061952,0.23910399999999998,0,0.22067199999999998,0.0076799999999999993,0.036864,,0.004352,,1.727744,17820,1193,0,
17821,134.68558460175737,1350930595400,1,6.1470023356378078,6.183,6.854144,1.7546,14539,0.001024,0.359936,,0.062464,0.82995199999999991,0.000256,0.812032,0.007424,0.037376,,0.005376,,2.383104,17821,1194,0,
17822,134.69173849914966,1350930657230,1,6.1538973823189735,5.7796,6.118656,1.8464,14539,0.001024,0.35737599999999997,,0.062208,0.24140799999999998,0,0.22272,0.007424,0.0384,,0.002304,,2.422272,17822,1195,0,
17823,134.69744659863946,1350930715026,1,5.7080993428826332,6.8107,6.135808,1.9727,14539,0.001024,0.36147199999999996,,0.069887999999999992,0.24345599999999998,0.000256,0.223744,0.0076799999999999993,0.038911999999999995,,0.004608,,2.100736,17823,1196,0,
17824,134.70337449688208,1350930783133,1,5.9278984554111958,6.3891,5.691136,1.8224,14910,0.001024,0.35609599999999997,,0.061439999999999995,0.239616,0,0.22195199999999998,0.007936,0.038911999999999995,,0.004096,,2.295552,17824,1197,0,
17825,134.70968429705215,1350930847024,1,6.3098003156483173,5.8648,5.90336,2.0694,14539,0.001024,0.357632,,0.067583999999999991,0.23679999999999998,0,0.21862399999999999,0.003584,0.037888,,0.0038399999999999997,,2.2999039999999997,17825,1198,0,
17826,134.71571179846939,1350930905672,1,6.027501542121172,5.8427,6.281984,1.8233,14539,0.001024,0.3584,,0.062208,0.23884799999999998,0,0.22144,0.003072,0.040959999999999996,,0.004608,,1.722368,17826,1199,0,
17827,134.72144949688209,1350930964099,1,5.7376986369490623,6.1347,6.034432,1.8933,14539,0.001024,0.358912,,0.067583999999999991,0.23807999999999999,0,0.220416,0.007424,0.036864,,0.004096,,2.477312,17827,1200,0,
17828,134.72758300028343,1350931025446,1,6.1335032805800438,6.0316,5.7024,1.8963,14539,0.001024,0.35737599999999997,,0.062208,0.24012799999999998,0,0.22195199999999998,0.005376,0.037632,,0.003328,,1.72672,17828,1201,0,
17829,134.73368309948978,1350931085762,1,6.1000990681350231,6.1668,6.066688,1.8177,14886,0.001024,0.3584,,0.061952,0.787712,0,0.21964799999999998,0.008704,0.040704,,0.0051199999999999996,,1.730816,17829,1202,0,
17830,134.73943419784581,1350931147430,1,5.75109850615263,5.7352,6.13504,1.8452,14539,0.001024,0.357888,,0.062208,0.23807999999999999,0,0.22092799999999999,0.0076799999999999993,0.038655999999999996,,0.0048639999999999994,,1.722368,17830,1203,0,
17831,134.74551919642857,1350931204782,1,6.0849986039102077,6.0637,5.722368,1.8826,14539,0.001024,0.35737599999999997,,0.061952,0.238592,0,0.221184,0.007424,0.038655999999999996,,0.004608,,1.721344,17831,1204,0,
17832,134.75152989654194,1350931265419,1,6.0107000172138214,6.0992,6.062848,1.8678,14539,0.001024,0.358912,,0.062208,0.624128,0.000256,0.606208,0.0076799999999999993,0.037888,,0.004608,,1.938176,17832,1205,0,
17833,134.75775620039681,1350931326411,1,6.2263039872050285,5.6502,5.988352,2.5954,14539,0.001024,0.356608,,0.06656,0.243968,0,0.224768,0.007936,0.036608,,0.0048639999999999994,,1.713152,17833,1206,0,
17834,134.76368879676869,1350931382913,1,5.9325965121388435,6.6279,6.199808,1.8218,14539,0.001024,0.41958399999999996,,0.40422399999999997,0.25651199999999996,0,0.229376,0.0076799999999999993,0.040192,,0.004352,,1.9430399999999999,17834,1207,0,
17835,134.7693137967687,1350931449192,1,5.6250002235174179,5.4628,5.891328,1.8114,14539,0.001024,0.357632,,0.062208,0.244224,0.000256,0.226048,0.003584,0.038144,,0.005376,,2.300672,17835,1208,0,
17836,134.77574429563492,1350931503820,1,6.4304987899959087,6.2538,5.627648,2.0552,23339,0.001024,0.359168,,0.061952,0.24064,0,0.222208,0.007424,0.037376,,0.004096,,1.7136639999999999,17836,1209,0,
17837,134.78167159863946,1350931566358,1,5.9273028746247292,5.8898,6.403584,1.876,104432,0.001024,0.35609599999999997,,0.062464,0.4864,0,0.221184,0.008704,0.040959999999999996,,0.004352,,2.572288,17837,1210,0,
17838,134.78779559948978,1350931625256,1,6.1240009963512421,5.6033,5.912064,2.0765,14539,0.001024,0.357632,,0.06272,0.238592,0,0.22067199999999998,0.007424,0.03712,,0.005376,,1.712384,17838,1211,0,
17839,134.79342379535146,1350931681289,1,5.6281960569322109,7.2742,6.101248,1.8408,14539,0.001024,0.356608,,0.061952,0.403968,0.000256,0.38579199999999997,0.007424,0.039168,,0.004608,,2.536704,17839,1212,0,
17840,134.79981739654195,1350931754031,1,6.3936011865735054,5.1317,5.605376,2.3178,14539,0.001024,0.35942399999999997,,0.061952,0.235264,0.000256,0.21734399999999998,0.007424,0.039424,,0.004608,,1.710592,17840,1213,0,
17841,134.80567220096373,1350931805348,1,5.8548045344650745,6.0888,6.378496,1.9588,14539,0.001024,0.3584,,0.061952,1.225984,0,1.208064,0.0076799999999999993,0.03968,,0.0038399999999999997,,1.9993599999999998,17841,1214,0,
17842,134.81221269841268,1350931866236,1,6.5404972992837429,6.2354,5.820416,1.9115,32305,0.001024,0.421376,,0.062208,0.23679999999999998,0,0.21888,0.007424,0.037888,,0.004352,,1.724672,17842,1215,0,
17843,134.81791060090703,1350931928590,1,5.6979022920131683,5.7356,6.529024,2.1842,31044,0.001024,0.359936,,0.065792,0.24243199999999998,0,0.22272,0.007936,0.037888,,0.005632,,1.933568,17843,1216,0,
17844,134.82337459608843,1350931985946,1,5.4639950394630432,6.2586,5.663232,2.0436,137536,0.001024,0.35942399999999997,,0.062208,0.237056,0,0.219392,0.007424,0.037632,,0.004352,,2.002688,17844,1217,0,
17845,134.82854119897959,1350932048532,1,5.1666027866303921,6.6762,5.434368,1.8056,123790,0.001024,0.357888,,0.062464,0.23782399999999998,0,0.21964799999999998,0.0076799999999999993,0.037632,,0.0051199999999999996,,1.925376,17845,1218,0,
17846,134.83466909722222,1350932115294,1,6.1278981156647205,5.1809,5.049856,2.5799,14741,0.001024,0.358656,,0.062208,0.23936,0,0.22144,0.0076799999999999993,0.037888,,0.0051199999999999996,,1.7320959999999999,17846,1219,0,
17847,134.84095250141723,1350932167103,1,6.2834043055772781,7.1084,5.357568,2.1672,14539,0.001024,0.356608,,0.06297599999999999,0.23577599999999999,0,0.217856,0.0076799999999999993,0.03712,,0.004608,,2.000896,17847,1220,0,
17848,134.84680719954648,1350932238187,1,5.8546978980302811,3.9236,6.267392,2.3246,14539,0.001024,0.41984,,0.065024,0.24064,0.000256,0.221184,0.003072,0.038655999999999996,,0.0051199999999999996,,2.267136,17848,1221,0,
17849,134.85292789824263,1350932277423,1,6.1206985265016556,6.0011,5.82656,1.8935,14539,0.001024,0.36224,,0.068352,0.244992,0,0.22655999999999998,0.00896,0.039424,,0.003584,,1.8644479999999999,17849,1222,0,
17850,134.85933370181405,1350932337434,1,6.4058033749461174,6.7128,6.105856,1.9618,14539,0.001024,0.35814399999999996,,0.271104,0.248576,0,0.223488,0.0076799999999999993,0.037376,,0.003584,,2.43584,17850,1223,0,
17851,134.86549209892289,1350932404562,1,6.1583970673382282,5.5549,6.384384,2.0805,14539,0.0012799999999999999,0.36019199999999996,,0.069887999999999992,0.24012799999999998,0.000256,0.22016,0.0076799999999999993,0.039424,,0.002304,,2.3119359999999998,17851,1224,0,
17852,134.87171439909295,1350932460111,1,6.2223002314567566,6.4139,6.129408,1.9315,14539,0.001024,0.356352,,0.062464,0.240384,0,0.22297599999999998,0.003584,0.0384,,0.004352,,1.9880959999999999,17852,1225,0,
17853,134.87811719812925,1350932524250,1,6.4027989283204079,5.8407,6.200064,1.7641,14539,0.20582399999999998,0.361216,,0.062208,0.23884799999999998,0.000256,0.221184,0.007424,0.037888,,0.0048639999999999994,,2.2784,17853,1226,0,
17854,134.88400839710883,1350932582657,1,5.8911987580358982,6.4106,6.37952,1.863,14539,0.001024,0.358656,,0.062208,0.673792,0,0.224512,0.00896,0.041984,,0.0048639999999999994,,1.722368,17854,1227,0,
17855,134.88957979733559,1350932646763,1,5.5714002810418606,6.0066,5.87648,1.8771,14539,0.001024,0.35584,,0.061695999999999994,0.8064,0,0.219392,0.004608,0.041471999999999995,,0.004096,,1.7269759999999998,17855,1228,0,
17856,134.89506989795919,1350932706829,1,5.4901004768908024,6.2456,5.556992,1.8465,14539,0.001024,0.357632,,0.064512,0.505344,0,0.48742399999999997,0.003584,0.038655999999999996,,0.003328,,1.713152,17856,1229,0,
17857,134.9015463010204,1350932769285,1,6.4764032140374184,6.2477,5.4604799999999996,1.8551,14539,0.000768,0.357632,,0.06272,0.23936,0,0.22195199999999998,0.003584,0.0384,,0.003584,,2.121984,17857,1230,0,
17858,134.90743079648524,1350932831762,1,5.8844955638051033,5.3175,6.455552,1.873,14539,0.001024,0.358656,,0.068096,0.44467199999999996,0.000256,0.22195199999999998,0.009472,0.040704,,0.004352,,2.104832,17858,1231,0,
17859,134.91366960034014,1350932884937,1,6.23880373314023,5.434,5.673472,1.9324,14539,0.0012799999999999999,0.42291199999999995,,0.068352,0.242688,0,0.223488,0.0076799999999999993,0.036095999999999996,,0.0051199999999999996,,2.227712,17859,1232,0,
17860,134.9200783021542,1350932939277,1,6.4087016507983208,6.7614,6.210816,2.0574,14539,0.001024,0.357632,,0.48768,0.270592,0,0.24371199999999998,0.0076799999999999993,0.0384,,0.004352,,2.32064,17860,1233,0,
17861,134.92592920209751,1350933006891,1,5.8508999645709991,5.7251,6.147584,2.6538,14539,0.001024,0.42419199999999996,,0.068352,0.547584,0.000256,0.258304,0.0076799999999999993,0.035072,,0.005632,,2.198528,17861,1234,0,
17862,134.93157589994331,1350933064142,1,5.646697711199522,6.6565,5.8112,2.3939,14741,0.001024,0.356608,,0.062464,0.242176,0.000256,0.22425599999999998,0.007936,0.0384,,0.003328,,1.7121279999999999,17862,1235,0,
17863,134.93791659580498,1350933130707,1,6.3406960107386112,6.5528,5.629184,2.2975,14539,0.001024,0.35609599999999997,,0.228352,0.245248,0,0.22195199999999998,0.0051199999999999996,0.036608,,0.005632,,2.0405759999999997,17863,1236,0,
17864,134.9438633999433,1350933196235,1,5.94680430367589,5.731,6.33216,2.0698,14539,0.001024,0.357888,,0.065279999999999991,0.237056,0,0.21888,0.007936,0.038911999999999995,,0.004096,,2.106624,17864,1237,0,
17865,134.95019289965987,1350933253545,1,6.3294996507465839,5.4123,5.617664,1.904,14539,0.001024,0.36096,,0.061952,0.240896,0,0.22272,0.011007999999999999,0.0384,,0.0051199999999999996,,2.076672,17865,1238,0,
17866,134.95618969671202,1350933307668,1,5.9967972338199615,6.0423,6.311168,1.978,14539,0.001024,0.356608,,0.061952,0.55321599999999993,0.000256,0.223488,0.004608,0.044288,,0.004096,,1.8959359999999998,17866,1239,0,
17867,134.96247580073697,1350933368091,1,6.2861042097210884,6.0182,5.972736,1.8827,38715,0.001024,0.35968,,0.062208,0.237056,0,0.219392,0.0076799999999999993,0.037376,,0.0048639999999999994,,2.107136,17867,1240,0,
17868,134.96808619614512,1350933428273,1,5.610395222902298,6.3117,6.268672,1.8072,28924,0.001024,0.35968,,0.062208,0.510976,0,0.22272,0.009472,0.040448,,0.004352,,2.179072,17868,1241,0,
17869,134.97402649518139,1350933491390,1,5.9402990154922009,5.8595,5.585408,2.0986,14539,0.0012799999999999999,0.358656,,0.061952,0.24371199999999998,0.000256,0.226048,0.007424,0.039936,,0.004096,,1.711104,17869,1242,0,
17870,134.98003139880953,1350933549985,1,6.0049034655094147,6.3229,5.916928,1.8167,14539,0.001024,0.358912,,0.063744,0.242176,0.000256,0.224512,0.0076799999999999993,0.041215999999999996,,0.004096,,2.197504,17870,1243,0,
17871,134.98564479875282,1350933613214,1,5.6134001351892948,5.606,5.993472,1.9879,14591,0.001024,0.356608,,0.062464,0.23807999999999999,0,0.219904,0.007424,0.038655999999999996,,0.004096,,1.71904,17871,1244,0,
17872,134.991536401644,1350933669274,1,5.8916029520332813,5.9876,5.584128,1.9804,14539,0.001024,0.355584,,0.064256,0.238336,0.000256,0.219904,0.003072,0.038911999999999995,,0.0038399999999999997,,2.054144,17872,1245,0,
17873,134.99769939767575,1350933729150,1,6.1629959382116795,6.0647,5.867776,1.9953,14539,0.001024,0.360448,,0.065536,0.242688,0,0.22399999999999998,0.0076799999999999993,0.039168,,0.0051199999999999996,,2.126848,17873,1246,0,
17874,135.00371109693876,1350933789797,1,6.0116993263363838,5.8258,6.145536,2.0719,14539,0.001024,0.358912,,0.063488,0.237568,0,0.21964799999999998,0.007424,0.038655999999999996,,0.004608,,2.074624,17874,1247,0,
17875,135.00985469812926,1350933848055,1,6.1436011455953121,5.6099,5.9968,1.9644,14539,0.001024,0.35737599999999997,,0.061952,0.239616,0,0.221184,0.007424,0.038911999999999995,,0.005376,,1.712384,17875,1248,0,
17876,135.0157632015306,1350933904154,1,5.9085031971335411,6.191,6.116608,2.2569,14539,0.001024,0.35712,,0.06272,0.42751999999999996,0,0.408576,0.0076799999999999993,0.040704,,0.002304,,2.272,17876,1249,0,
17877,135.0219251984127,1350933966064,1,6.1619970947504044,6.0004,5.900032,2.0039,14539,0.001024,0.356352,,0.062464,0.238592,0,0.22144,0.0076799999999999993,0.037632,,0.004608,,1.709568,17877,1250,0,
17878,135.0277848993764,1350934026068,1,5.8597009629011154,6.1854,5.948672,1.8284,14539,0.001024,0.35968,,0.070144,0.241664,0.000256,0.22272,0.007424,0.037888,,0.0051199999999999996,,1.919744,17878,1251,0,
17879,135.03343300028345,1350934087922,1,5.64810074865818,5.8278,5.821952,2.0472,14741,0.001024,0.42086399999999996,,0.062208,0.242176,0,0.22425599999999998,0.007424,0.038144,,0.005376,,2.336,17879,1252,0,
17880,135.03939890164398,1350934146200,1,5.9659015387296677,6.4563,5.636096,2.1596,14539,0.001024,0.358656,,0.064,0.242688,0,0.224512,0.005376,0.038655999999999996,,0.0038399999999999997,,2.2527999999999997,17880,1253,0,
17881,135.04537740221087,1350934210763,1,5.9785004705190659,5.6145,5.947392,1.9074,14539,0.001024,0.360448,,0.062208,0.89523199999999992,0.000256,0.225792,0.005888,0.040959999999999996,,0.0048639999999999994,,1.7285119999999998,17881,1254,0,
17882,135.05130559807256,1350934266908,1,5.9281960129737854,5.9188,5.954048,1.9069,14539,0.001024,0.35712,,0.062464,0.23577599999999999,0,0.216576,0.0076799999999999993,0.041471999999999995,,0.002048,,2.30144,17882,1255,0,
17883,135.05682589994331,1350934326096,1,5.52030187100172,5.8524,5.909504,1.9803,14539,0.001024,0.360448,,0.061952,0.601344,0,0.22169599999999998,0.00896,0.040192,,0.005376,,2.3971839999999998,17883,1256,0,
17884,135.06308280187073,1350934384620,1,6.2569021247327328,6.1454,5.494272,2.3989,14539,0.001024,0.35609599999999997,,0.061695999999999994,0.236288,0,0.21836799999999998,0.0076799999999999993,0.036608,,0.0051199999999999996,,1.714432,17884,1257,0,
17885,135.06936629818594,1350934446074,1,6.2834965065121651,5.8012,6.233344,1.9714,32110,0.001024,0.35609599999999997,,0.061695999999999994,0.70374399999999993,0.000256,0.68608,0.0076799999999999993,0.038144,,0.0051199999999999996,,1.9896319999999998,17885,1258,0,
17886,135.07518409863945,1350934504086,1,5.8178002946078777,5.6122,6.266624,2.4667,28924,0.001024,0.3584,,0.062208,0.24192,0,0.223488,0.0076799999999999993,0.038144,,0.004352,,2.496512,17886,1259,0,
17887,135.08115189909296,1350934560208,1,5.9678005054593086,6.0544,5.796864,2.093,14539,0.000768,0.355584,,0.061952,0.237568,0,0.21964799999999998,0.0076799999999999993,0.037632,,0.004096,,2.361088,17887,1260,0,
17888,135.08716739654196,1350934620752,1,6.0154972597956657,6.7318,5.953024,1.9379,14539,0.001024,0.359936,,0.061695999999999994,0.24064,0.000256,0.22323199999999999,0.0076799999999999993,0.035584,,0.004608,,2.549248,17888,1261,0,
17889,135.09668219954648,1350934688070,1,9.5148030668497086,5.4835,5.979392,1.9839,14539,0.001024,0.42624,,0.068608,0.240384,0,0.22144,0.0076799999999999993,0.03968,,0.0051199999999999996,,2.354176,17889,1262,0,
17890,135.10315539965987,1350934742905,1,6.4731999300420284,5.6293,6.614528,2.0919,14539,0.001024,0.423936,,0.068608,0.706816,0.000256,0.688128,0.0076799999999999993,0.036864,,0.0051199999999999996,,2.433024,17890,1263,0,
17891,135.11046659580498,1350934799198,1,7.3111960664391518,9.4496,5.594368,1.9755,14539,0.001024,0.37376,,0.069887999999999992,0.242944,0.000256,0.225024,0.007936,0.0384,,0.0048639999999999994,,2.385408,17891,1264,0,
17892,135.1249172973356,1350934893694,1,14.450701884925365,6.3307,6.1376,1.9299,14734,0.001024,0.35942399999999997,,0.063232,0.23884799999999998,0,0.219392,0.007936,0.03968,,0.002048,,2.3633919999999997,17892,1265,0,
17893,135.12926929563491,1350934957001,1,4.3519982136785984,7.1894,5.771264,1.9687,14539,0.001024,0.355328,,0.06272,0.235008,0.000256,0.21734399999999998,0.0063999999999999994,0.036095999999999996,,0.0051199999999999996,,2.187008,17893,1266,0,
17894,135.13581580215418,1350935028895,1,6.5465066581964493,6.7505,5.845248,2.1736,14741,0.000768,0.356608,,0.06297599999999999,0.24012799999999998,0,0.22195199999999998,0.18201599999999998,0.039168,,0.002304,,1.7121279999999999,17894,1267,0,
17895,135.14170179988662,1350935096400,1,5.8859977871179581,15.2144,5.933312,1.9534,14539,0.001024,0.367616,,0.06297599999999999,0.24575999999999998,0,0.226816,0.007936,0.039168,,0.002048,,2.074624,17895,1268,0,
17896,135.14776289682538,1350935248544,1,6.0610971413552761,3.5529,5.845504,1.8952,14539,0.001024,0.352,,0.062208,0.23782399999999998,0,0.219136,0.007424,0.040448,,0.002048,,1.70752,17896,1269,0,
17897,135.15409469954648,1350935284073,1,6.331802811473608,6.1528,6.05056,1.6851,14539,0.001024,0.355328,,0.064256,0.23910399999999998,0,0.220416,0.0076799999999999993,0.0384,,0.0038399999999999997,,2.330624,17897,1270,0,
17898,135.160426098356,1350935345601,1,6.3313986174762249,6.0474,6.29248,1.8336,14539,0.001024,0.354304,,0.061952,0.23679999999999998,0,0.217856,0.003328,0.03968,,0.002304,,1.721088,17898,1271,0,
17899,135.1665542020975,1350935406075,1,6.1281039379537106,6.1646,6.31424,2.0332,14539,0.001024,0.355072,,0.063488,0.24064,0.000256,0.222208,0.007424,0.043008,,0.002048,,2.471424,17899,1272,0,
17900,135.1727179988662,1350935467721,1,6.1637968756258488,6.1317,6.119424,1.9875,14539,0.001024,0.35276799999999997,,0.062208,0.23807999999999999,0.000256,0.219904,0.007424,0.039168,,0.002304,,1.710848,17900,1273,0,
17901,135.17888629535148,1350935529038,1,6.1682965606451035,6.5679,6.132736,2.0041,14539,0.000768,0.35225599999999996,,0.062464,0.23296,0.000256,0.21606399999999998,0.007424,0.0384,,0.0038399999999999997,,1.72288,17901,1274,0,
17902,135.18543079648526,1350935594717,1,6.5445010550320148,6.2709,6.15168,2.0005,14539,0.001024,0.35942399999999997,,0.061952,0.242176,0,0.224512,0.009472,0.037888,,0.003584,,1.731072,17902,1275,0,
17903,135.191048100907,1350935657426,1,5.6173042394220829,5.8938,6.521856,2.3415,14591,0.001024,0.35942399999999997,,0.061952,0.767744,0,0.74982399999999994,0.007424,0.038911999999999995,,0.0051199999999999996,,1.977088,17903,1276,0,
17904,135.19724180130385,1350935716364,1,6.19370024651289,6.2064,5.58464,1.7965,14539,0.001024,0.358656,,0.061695999999999994,0.24345599999999998,0,0.226048,0.007424,0.038144,,0.004608,,2.209536,17904,1277,0,
17905,135.20348719529477,1350935778428,1,6.2453937716782093,6.6374,6.185472,1.9358,14910,0.001024,0.4224,,0.065024,0.24243199999999998,0,0.223488,0.007424,0.039936,,0.0048639999999999994,,2.340608,17905,1278,0,
17906,135.20964460034014,1350935844802,1,6.1574052087962627,5.3991,6.212352,2.0824,14539,0.001024,0.356608,,0.061952,0.23910399999999998,0.000256,0.22016,0.007424,0.0384,,0.004608,,1.71264,17906,1279,0,
17907,135.21531870039681,1350935898793,1,5.6741000153124332,6.3092,5.934848,1.8349,14539,0.001024,0.360448,,0.064256,0.235264,0.000256,0.21734399999999998,0.007424,0.036864,,0.0051199999999999996,,2.579712,17907,1280,0,
17908,135.22158820153061,1350935961885,1,6.269501056522131,6.235,5.693952,3.1226,14539,0.001024,0.35737599999999997,,0.062208,0.23679999999999998,0.000256,0.21888,0.0076799999999999993,0.040704,,0.0048639999999999994,,2.55488,17908,1281,0,
17909,135.22806889880951,1350936024235,1,6.480697076767683,7.4638,6.016768,2.4466,14539,0.000768,0.36019199999999996,,0.063488,0.24012799999999998,0.000256,0.22195199999999998,0.003584,0.037376,,0.003584,,2.696704,17909,1282,0,
17910,135.23441549744896,1350936098873,1,6.3465987332165241,5.3617,6.465536,2.752,14886,0.19968,0.361216,,0.062464,0.24064,0.000256,0.22297599999999998,0.0076799999999999993,0.038911999999999995,,0.004352,,2.594048,17910,1283,0,
17911,135.24054090136053,1350936152490,1,6.1254040338099,5.8262,6.320384,1.9255,14539,0.001024,0.360448,,0.061952,0.24703999999999998,0,0.228096,0.0076799999999999993,0.040448,,0.002048,,2.038016,17911,1284,0,
17912,135.24694730017006,1350936210752,1,6.406398955732584,6.1344,6.099456,1.881,14539,0.001024,0.359168,,0.496384,0.28083199999999997,0,0.259584,0.007424,0.037376,,0.0038399999999999997,,2.073344,17912,1285,0,
17913,135.25348709608843,1350936272096,1,6.5397960133850574,6.5823,6.38336,2.0049,14539,0.001024,0.358912,,0.064,0.23577599999999999,0.000256,0.216576,0.0097279999999999988,0.040448,,0.002304,,2.19008,17913,1286,0,
17914,135.25975839710884,1350936337919,1,6.2713008373975754,5.8862,6.162944,1.9891,14539,0.001024,0.359168,,0.257024,0.241664,0,0.22195199999999998,0.0076799999999999993,0.040959999999999996,,0.002048,,2.182144,17914,1287,0,
17915,135.26615739795918,1350936396781,1,6.3990009948611259,6.2587,6.240512,2.0595,14539,0.001024,0.356608,,0.29337599999999997,0.260608,0,0.235264,0.007424,0.042752,,0.0025599999999999998,,2.352128,17915,1288,0,
17916,135.27271519982992,1350936459368,1,6.5578017383813858,6.7617,6.378496,2.0631,14734,0.001024,0.35712,,0.062464,0.24140799999999998,0,0.223744,0.007168,0.039168,,0.004352,,1.9345919999999999,17916,1289,0,
17917,135.27899749858275,1350936526985,1,6.28229882568121,6.1291,6.530048,1.9563,14539,0.001024,0.35737599999999997,,0.061952,0.239616,0,0.222208,0.0076799999999999993,0.038144,,0.004608,,2.091776,17917,1290,0,
17918,135.28544460034013,1350936588276,1,6.4471019431948662,6.2368,6.25664,1.9355,14539,0.001024,0.41728,,0.062208,0.24012799999999998,0,0.222208,0.007424,0.0384,,0.004352,,1.99168,17918,1291,0,
17919,135.29133159722221,1350936650644,1,5.8869970962405205,6.6561,6.439936,1.8964,14539,0.001024,0.359168,,0.070144,0.242688,0.000256,0.22272,0.007424,0.037376,,0.0048639999999999994,,2.213888,17919,1292,0,
17920,135.29743759920635,1350936717205,1,6.106001790612936,6.2367,5.861376,2.24,14539,0.001024,0.359168,,0.062208,0.23782399999999998,0.000256,0.219392,0.0076799999999999993,0.037632,,0.004352,,2.482688,17920,1293,0,
17921,135.30333290107708,1350936779572,1,5.8953016996383667,6.7258,6.080512,1.9287,14539,0.001024,0.359936,,0.063744,0.237312,0,0.21964799999999998,0.007424,0.03712,,0.0038399999999999997,,2.265088,17921,1294,0,
17922,135.30963719529478,1350936846830,1,6.3042943365871906,5.8294,5.875968,1.8545,14539,0.001024,0.35609599999999997,,0.061952,0.237056,0,0.219392,0.007424,0.037376,,0.004096,,1.72416,17922,1295,0,
17923,135.31517149943309,1350936905124,1,5.5343043059110641,5.7966,6.197248,1.8863,14539,0.001024,0.41958399999999996,,0.062464,0.240384,0,0.22195199999999998,0.007936,0.040192,,0.004352,,1.7239039999999999,17923,1296,0,
17924,135.32088300028343,1350936963090,1,5.7115009985864162,6.4067,5.492992,1.8717,14539,0.001024,0.35712,,0.062464,0.241664,0.000256,0.22399999999999998,0.007424,0.039168,,0.004352,,1.727488,17924,1297,0,
17925,135.32694370039681,1350937027157,1,6.0606999322772026,5.7526,5.80352,2.0523,14539,0.001024,0.35686399999999996,,0.23116799999999998,0.23679999999999998,0,0.2176,0.009216,0.037888,,0.005632,,1.730048,17925,1298,0,
17926,135.33260800028344,1350937084683,1,5.6642997078597546,5.7072,6.029824,2.0164,14741,0.001024,0.3584,,0.063232,0.23551999999999998,0,0.218112,0.0076799999999999993,0.035584,,0.003328,,2.5023999999999997,17926,1299,0,
17927,135.33836459750566,1350937141755,1,5.75659703463316,6.3791,5.647616,2.0548,14539,0.001024,0.35942399999999997,,0.062208,0.521728,0,0.22399999999999998,0.005376,0.041215999999999996,,0.0051199999999999996,,1.988608,17927,1300,0,
17928,135.34438579931972,1350937205546,1,6.0212016105651855,5.9798,5.729024,2.4823,14539,0.001024,0.358912,,0.06297599999999999,0.237568,0,0.219136,0.007424,0.037888,,0.003328,,1.80992,17928,1301,0,
17929,135.35116259920633,1350937265344,1,6.776799913495779,5.5508,6.00832,2.0214,14539,0.0012799999999999999,0.358912,,0.068608,0.534272,0,0.223744,0.0097279999999999988,0.040448,,0.004608,,2.114816,17929,1302,0,
17930,135.35745070153061,1350937320852,1,6.2881023623049259,5.384,6.763264,2.4531,14539,0.001024,0.359936,,0.0768,0.245504,0.000256,0.225536,0.008192,0.038911999999999995,,0.005632,,2.0671999999999997,17930,1303,0,
17931,135.36347429846938,1350937374692,1,6.0235969722270966,6.3539,6.258176,2.2531,14539,0.001024,0.357632,,0.068352,0.23910399999999998,0,0.22092799999999999,0.007936,0.0384,,0.004608,,2.676736,17931,1304,0,
17932,135.36943300028344,1350937438231,1,5.9587019495666027,6.3345,6.000384,1.9747,14539,0.001024,0.356608,,0.061952,0.23782399999999998,0,0.22016,0.007424,0.037632,,0.0051199999999999996,,1.714688,17932,1305,0,
17933,135.37562729591835,1350937501576,1,6.1942958272993565,6.6429,5.93024,2.6738,14539,0.001024,0.358912,,0.062208,0.237056,0,0.219904,0.0076799999999999993,0.03968,,0.0051199999999999996,,1.9965439999999999,17933,1306,0,
17934,135.38185440051021,1350937568005,1,6.2271044589579105,5.7477,6.184448,2.3994,14539,0.001024,0.35712,,0.061952,0.608256,0.000256,0.22016,0.004608,0.036864,,0.0038399999999999997,,2.370816,17934,1307,0,
17935,135.38824159580497,1350937625482,1,6.3871950842440128,6.3832,6.106368,2.0568,14539,0.001024,0.42009599999999997,,0.061952,0.23910399999999998,0,0.22169599999999998,0.0076799999999999993,0.038655999999999996,,0.003584,,2.529792,17935,1308,0,
17936,135.39431729733559,1350937689314,1,6.0757016763091087,6.0818,6.460672,2.4692,14591,0.001024,0.358912,,0.067583999999999991,0.237568,0,0.219392,0.006144,0.039168,,0.004608,,1.9310079999999998,17936,1309,0,
17937,135.40024720096372,1350937750132,1,5.9299035929143429,6.3222,5.735168,2.2873,14539,0.001024,0.360448,,0.062208,0.238592,0,0.22092799999999999,0.007424,0.0384,,0.0038399999999999997,,1.9194879999999999,17937,1310,0,
17938,135.40644550028344,1350937813354,1,6.1982991173863411,6.0329,5.9136,1.9758,14539,0.001024,0.3584,,0.061952,0.24243199999999998,0.000256,0.22425599999999998,0.007424,0.038144,,0.0048639999999999994,,1.727488,17938,1311,0,
17939,135.41274109977323,1350937873683,1,6.2955995090305805,5.9695,6.173952,2.2474,14539,0.001024,0.36019199999999996,,0.066304,0.24064,0,0.22067199999999998,0.0076799999999999993,0.038144,,0.004608,,1.900288,17939,1312,0,
17940,135.41913120039683,1350937933378,1,6.3901008106768131,6.2542,6.251776,2.4273,14539,0.001024,0.35968,,0.061952,0.24140799999999998,0.000256,0.223488,0.0076799999999999993,0.038655999999999996,,0.004352,,1.715968,17940,1313,0,
17941,135.42508319869614,1350937995920,1,5.9519982896745205,6.1012,6.389248,2.0685,14734,0.002816,0.364288,,0.061952,0.5888,0,0.570624,0.0076799999999999993,0.038144,,0.005376,,2.0152319999999997,17941,1314,0,
17942,135.43086680130384,1350938056932,1,5.7836025953292847,6.2648,5.936896,2.033,14741,0.001024,0.3584,,0.061952,0.24064,0,0.22144,0.007424,0.040704,,0.002304,,1.71136,17942,1315,0,
17943,135.43689839852607,1350938119580,1,6.0315970331430435,6.1532,5.766144,2.3135,14539,0.001024,0.356352,,0.061952,0.611328,0,0.593152,0.003584,0.03584,,0.004608,,2.229504,17943,1316,0,
17944,135.44284489795919,1350938181112,1,5.9464992955327034,5.8002,6.002688,2.0969,14539,0.001024,0.356352,,0.061952,0.23910399999999998,0,0.22144,0.007936,0.038144,,0.0051199999999999996,,2.206976,17944,1317,0,
17945,135.44877949971655,1350938239114,1,5.9346016496419907,6.2757,5.923584,2.0247,14539,0.001024,0.421888,,0.06272,0.60083199999999992,0.000256,0.582656,0.004096,0.036864,,0.004352,,2.115072,17945,1318,0,
17946,135.45463719529477,1350938301871,1,5.857695359736681,5.5894,5.92256,2.5989,14539,0.001024,0.358912,,0.061952,0.237568,0,0.219392,0.003584,0.039168,,0.003584,,2.183936,17946,1319,0,
17947,135.46041600056688,1350938357765,1,5.77880535274744,7.017,5.831424,1.9365,14539,0.001024,0.359168,,0.06656,0.24243199999999998,0.000256,0.22272,0.0076799999999999993,0.037632,,0.0051199999999999996,,2.070528,17947,1320,0,
17948,135.46639569869615,1350938427935,1,5.9796981513500214,4.9463,5.755648,2.0069,20949,0.001024,0.35737599999999997,,0.062208,0.23782399999999998,0,0.22016,0.0076799999999999993,0.037632,,0.004608,,2.116352,17948,1321,0,
17949,135.47217140022676,1350938477398,1,5.7757017202675343,5.7194,5.966336,1.8792,14539,0.001024,0.36019199999999996,,0.061952,0.24115199999999998,0,0.223488,0.007424,0.037632,,0.0038399999999999997,,1.722624,17949,1322,0,
17950,135.47849710175737,1350938534592,1,6.325701717287302,5.9394,5.7482239999999996,1.8157,14539,0.001024,0.35814399999999996,,0.062208,0.238592,0,0.22016,0.008192,0.037632,,0.003584,,1.7254399999999999,17950,1323,0,
17951,135.48384990079364,1350938593986,1,5.3527988493442535,5.8578,6.3232,1.9558,14539,0.001024,0.3584,,0.065792,0.240896,0,0.22169599999999998,0.007424,0.038655999999999996,,0.004608,,2.3820799999999998,17951,1324,0,
17952,135.4891786989796,1350938652564,1,5.3287982009351254,5.8103,5.284352,1.8167,14539,0.001024,0.35942399999999997,,0.061952,0.24012799999999998,0,0.22195199999999998,0.007424,0.03712,,0.004608,,1.7251839999999998,17952,1325,0,
17953,135.4951466978458,1350938710667,1,5.9679988771677017,6.3084,5.355264,2.0511,14539,0.001024,0.359168,,0.064512,0.238592,0,0.22067199999999998,0.0076799999999999993,0.037888,,0.005376,,1.9947519999999999,17953,1326,0,
17954,135.50144849773241,1350938773751,1,6.3017997890710831,5.4516,5.938944,1.9884,14539,0.001024,0.35942399999999997,,0.062208,0.492544,0,0.21862399999999999,0.009472,0.041984,,0.004608,,1.968896,17954,1327,0,
17955,135.50764640022675,1350938828267,1,6.1979023739695549,5.7231,6.276096,1.9024,14539,0.001024,0.36070399999999997,,0.072191999999999992,0.239872,0,0.22092799999999999,0.007936,0.036095999999999996,,0.0038399999999999997,,2.111488,17955,1328,0,
17956,135.5136908021542,1350938885498,1,6.0444017872214317,5.5182,6.173952,2.1682,14539,0.001024,0.357888,,0.068352,0.62591999999999992,0.000256,0.607232,0.0038399999999999997,0.039424,,0.0038399999999999997,,2.592,17956,1329,0,
17957,135.5199433956916,1350938940680,1,6.2525933608412743,6.2632,6.02496,2.0399,14539,0.001024,0.357632,,0.068352,0.24140799999999998,0,0.22272,0.007936,0.037888,,0.005632,,2.407936,17957,1330,0,
17958,135.52600340136053,1350939003312,1,6.0600056312978268,6.4011,6.232576,2.4687,14539,0.001024,0.35942399999999997,,0.068352,0.62591999999999992,0.000256,0.606976,0.011776,0.03584,,0.0038399999999999997,,2.464,17958,1331,0,
17959,135.53195800028345,1350939067323,1,5.9545990079641342,6.2397,6.03776,2.185,14741,0.0012799999999999999,0.36019199999999996,,0.061952,0.237056,0.000256,0.21964799999999998,0.004608,0.038911999999999995,,0.004096,,2.109184,17959,1332,0,
17960,135.53788159722222,1350939129720,1,5.9235971421003342,6.1778,5.930496,2.0138,14539,0.001024,0.358912,,0.062464,0.237056,0,0.219136,0.0076799999999999993,0.038655999999999996,,0.004096,,1.7233919999999998,17960,1333,0,
17961,135.54380629960318,1350939191498,1,5.9247021563351154,6.0022,5.908736,2.1696,14539,0.000768,0.357888,,0.061952,0.62003199999999992,0,0.601856,0.005376,0.037376,,0.0051199999999999996,,2.393088,17961,1334,0,
17962,135.54919900085034,1350939251520,1,5.3927013650536537,5.6576,5.545216,1.8149,14539,0.001024,0.35686399999999996,,0.061695999999999994,0.553728,0.000256,0.21888,0.008704,0.043775999999999995,,0.0048639999999999994,,1.9345919999999999,17962,1335,0,
17963,135.55487169784581,1350939308096,1,5.672696977853775,6.0512,5.363712,2.0886,14539,0.001024,0.35712,,0.062208,0.23884799999999998,0,0.22144,0.007424,0.040192,,0.0051199999999999996,,2.001408,17963,1336,0,
17964,135.56115669642855,1350939368608,1,6.28499872982502,5.7037,5.655552,2.0326,14539,0.001024,0.35609599999999997,,0.062464,0.23910399999999998,0,0.22144,0.0076799999999999993,0.037376,,0.004608,,1.9394559999999998,17964,1337,0,
17965,135.56781819727891,1350939425645,1,6.6615007817745209,5.6671,6.25536,1.9212,14539,0.001024,0.35686399999999996,,0.070144,0.24806399999999998,0.000256,0.22758399999999998,0.007936,0.039168,,0.0048639999999999994,,2.0943359999999998,17965,1338,0,
17966,135.57372769982993,1350939482316,1,5.9095025062561035,5.7499,6.649344,1.927,14539,0.001024,0.3584,,0.070912,0.24678399999999998,0,0.22630399999999998,0.0076799999999999993,0.03968,,0.0038399999999999997,,2.231808,17966,1339,0,
17967,135.579861401644,1350939539815,1,6.1337016522884369,6.1999,5.881856,1.8066,14734,0.001024,0.36070399999999997,,0.068096,0.24447999999999998,0.000256,0.225536,0.003328,0.040448,,0.0051199999999999996,,2.088192,17967,1340,0,
17968,135.58541529903627,1350939601814,1,5.5538974702358246,6.4585,6.119168,1.8668,14539,0.001024,0.35814399999999996,,0.32255999999999996,0.271872,0.000256,0.246272,0.007424,0.038144,,0.004608,,2.231296,17968,1341,0,
17969,135.59174540107711,1350939666399,1,6.33010221645236,5.959,5.524736,1.9707,14539,0.001024,0.357632,,0.061695999999999994,0.238592,0,0.22067199999999998,0.0076799999999999993,0.038655999999999996,,0.0048639999999999994,,1.728,17969,1342,0,
17970,135.59772660147391,1350939725989,1,5.9812003746628761,6.2423,6.302208,1.8298,14591,0.001024,0.35942399999999997,,0.061952,0.72806399999999993,0,0.70963199999999993,0.007936,0.037632,,0.004608,,2.034688,17970,1343,0,
17971,135.60347050028344,1350939788412,1,5.7438989169895649,5.4048,5.94304,1.8854,14539,0.001024,0.35584,,0.061695999999999994,0.23936,0,0.22195199999999998,0.007424,0.038911999999999995,,0.004096,,1.7216,17971,1344,0,
17972,135.60979170209751,1350939842460,1,6.3212020322680473,6.3653,5.7536,2.1247,14539,0.001024,0.356352,,0.061695999999999994,0.23449599999999998,0,0.216576,0.0038399999999999997,0.036351999999999995,,0.003584,,1.715968,17972,1345,0,
17973,135.61571709892289,1350939906113,1,5.9253969229757786,6.5133,6.291968,2.3818,14539,0.001024,0.35712,,0.063744,0.240384,0.000256,0.22195199999999998,0.0076799999999999993,0.037632,,0.0051199999999999996,,2.25664,17973,1346,0,
17974,135.62146919642856,1350939971246,1,5.752097349613905,5.5176,5.8624,2.2444,14539,0.001024,0.35584,,0.06272,0.23910399999999998,0,0.22067199999999998,0.0076799999999999993,0.037376,,0.004352,,1.712896,17974,1347,0,
17975,135.62735409580498,1350940026422,1,5.8848992921411991,6.1481,5.779712,2.3107,14539,0.001024,0.35737599999999997,,0.065536,0.241664,0,0.22195199999999998,0.0076799999999999993,0.037632,,0.004096,,2.244096,17975,1348,0,
17976,135.6329424957483,1350940087903,1,5.5883997119963169,6.5764,5.85472,1.9318,14741,0.001024,0.35712,,0.064767999999999992,0.24575999999999998,0.000256,0.22758399999999998,0.007424,0.03968,,0.003584,,2.04672,17976,1349,0,
17977,135.63905829790249,1350940153667,1,6.1158020980656147,5.1586,5.561344,2.0432,14539,0.001024,0.421376,,0.062208,0.24012799999999998,0.000256,0.222208,0.007424,0.038144,,0.003328,,1.7085439999999998,17977,1350,0,
17978,135.64487269699546,1350940205253,1,5.814399104565382,6.0407,6.098944,1.8458,14539,0.001024,0.35942399999999997,,0.061952,0.23782399999999998,0.002816,0.219392,0.0076799999999999993,0.020735999999999997,,0.0097279999999999988,,2.038528,17978,1351,0,
17979,135.6508503968254,1350940265660,1,5.9776999987661839,5.2273,5.797632,2.0615,14539,0.001024,0.35942399999999997,,0.061952,0.23782399999999998,0.002816,0.219392,0.0076799999999999993,0.020735999999999997,,0.0097279999999999988,,2.038528,17979,1352,0,
17980,135.65675929705216,1350940317933,1,5.9089004062116146,6.2945,5.957632,1.8426,14539,0.001024,0.355584,,0.061952,0.23807999999999999,0,0.220416,0.0076799999999999993,0.037888,,0.003328,,1.714176,17980,1353,0,
17981,135.66299219812925,1350940380878,1,6.2329010106623173,6.289,5.881856,2.0574,14539,0.001024,0.35737599999999997,,0.329216,0.242688,0,0.219904,0.0076799999999999993,0.037888,,0.0051199999999999996,,1.709056,17981,1354,0,
17982,135.66837189625849,1350940443768,1,5.3796982392668724,5.497,6.21952,2.0483,14539,0.001024,0.356608,,0.068864,0.24115199999999998,0,0.22169599999999998,0.007424,0.038144,,0.004096,,2.328064,17982,1355,0,
17983,135.67412599914965,1350940498738,1,5.7541029527783394,5.906,5.36576,2.1489,14539,0.001024,0.359168,,0.061952,0.23910399999999998,0.000256,0.22092799999999999,0.007424,0.037632,,0.004096,,1.9107839999999998,17983,1356,0,
17984,135.67996209608842,1350940557798,1,5.8360970579087734,6.2688,5.720576,2.2713,14539,0.001024,0.358912,,0.062464,0.24064,0.000256,0.22272,0.007424,0.039424,,0.004352,,1.998336,17984,1357,0,
17985,135.68584900085034,1350940620486,1,5.8869048953056335,5.2105,5.626624,2.243,14539,0.001024,0.36070399999999997,,0.062208,0.23782399999999998,0.000256,0.22016,0.0076799999999999993,0.038144,,0.0048639999999999994,,2.227456,17985,1358,0,
17986,135.69201109693876,1350940672591,1,6.1620962806046009,6.268,5.869824,1.9517,14539,0.001024,0.356608,,0.061952,0.239616,0,0.222208,0.004352,0.037376,,0.004608,,1.9996159999999998,17986,1359,0,
17987,135.6979019982993,1350940735271,1,5.8909012004733086,5.3656,5.94432,2.245,14539,0.001024,0.359936,,0.061952,0.238336,0,0.220416,0.003328,0.037888,,0.004608,,2.212352,17987,1360,0,
17988,135.7039514951814,1350940788927,1,6.049497053027153,5.8197,5.869568,2.1084,14910,0.001024,0.358912,,0.061695999999999994,0.23807999999999999,0,0.22016,0.007424,0.03584,,0.0038399999999999997,,1.7136639999999999,17988,1361,0,
17989,135.70995710034012,1350940847124,1,6.0056052170693874,6.3586,6.025984,2.2563,14539,0.001024,0.359936,,0.062208,0.42112,0,0.402688,0.0076799999999999993,0.037888,,0.0038399999999999997,,2.2533119999999998,17989,1362,0,
17990,135.71547220096372,1350940910710,1,5.515100434422493,5.9246,5.982208,2.1764,14539,0.001024,0.356608,,0.061695999999999994,0.235008,0,0.21734399999999998,0.007424,0.037888,,0.004096,,1.936896,17990,1363,0,
17991,135.72140949546485,1350940969956,1,5.9372945688664913,5.892,5.50016,1.7919,14539,0.001024,0.35968,,0.061952,0.23910399999999998,0,0.22144,0.006656,0.038144,,0.004352,,1.7233919999999998,17991,1364,0,
17992,135.72708889597504,1350941028876,1,5.6794006377458572,5.9008,5.874944,1.7942,14539,0.001024,0.359168,,0.061952,0.611584,0,0.59392,0.003072,0.039168,,0.0038399999999999997,,2.339328,17992,1365,0,
17993,135.73297199546485,1350941087884,1,5.8830995112657547,5.6688,5.702656,1.8076,15081,0.0012799999999999999,0.41958399999999996,,0.067328,0.23936,0.000256,0.22195199999999998,0.0076799999999999993,0.038655999999999996,,0.0051199999999999996,,2.011648,17993,1366,0,
17994,135.73864540107709,1350941144572,1,5.6734057143330574,5.8959,5.85728,2.1812,14539,0.001024,0.35609599999999997,,0.062208,0.2432,0,0.225792,0.005632,0.039168,,0.003328,,1.946624,17994,1367,0,
17995,135.74485629960316,1350941203531,1,6.2108985148370266,5.7252,5.646848,2.0377,16757,0.001024,0.358912,,0.062208,0.548352,0,0.218112,0.0048639999999999994,0.043775999999999995,,0.005888,,1.7285119999999998,17995,1368,0,
17996,135.75053660005668,1350941260783,1,5.6803002953529358,5.8636,6.196224,1.8779,14539,0.001024,0.359168,,0.062208,0.60288,0,0.58495999999999992,0.007424,0.037632,,0.005632,,2.1831679999999998,17996,1369,0,
17997,135.75673169642857,1350941319419,1,6.1950962990522385,5.8311,5.662976,2.0165,14539,0.001024,0.41984,,0.061952,0.237312,0,0.21964799999999998,0.0076799999999999993,0.03712,,0.004608,,1.7085439999999998,17997,1370,0,
17998,135.76233809523808,1350941377730,1,5.606398917734623,6.1941,6.174464,1.8907,14539,0.001024,0.355072,,0.061952,0.236032,0.000256,0.21836799999999998,0.0076799999999999993,0.03712,,0.004608,,2.160384,17998,1371,0,
17999,135.7679163973923,1350941439671,1,5.5783023126423359,5.6475,5.573376,1.9302,14539,0.001024,0.356352,,0.062208,0.237312,0,0.219136,0.0076799999999999993,0.038144,,0.004096,,1.7118719999999998,17999,1372,0,
18000,135.77364299886619,1350941496146,1,5.7266014628112316,6.0093,5.3056,2.1432,14539,0.001024,0.3584,,0.062208,0.432896,0,0.41548799999999997,0.007936,0.03968,,0.003328,,1.925632,18000,1373,0,
18001,135.77962580073697,1350941556239,1,5.9828017838299274,5.916,5.694976,1.9787,14539,0.001024,0.35968,,0.06272,0.23936,0,0.22195199999999998,0.007936,0.037376,,0.004608,,1.990144,18001,1374,0,
18002,135.78519769699545,1350941615399,1,5.5718962103128433,5.3639,5.610496,1.8552,14539,0.001024,0.36019199999999996,,0.062464,0.23782399999999998,0,0.219904,0.0076799999999999993,0.038144,,0.0048639999999999994,,2.023168,18002,1375,0,
18003,135.79106659580498,1350941669038,1,5.8688987046480179,5.7595,5.55008,1.9414,14539,0.001024,0.3584,,0.061952,0.238336,0,0.221184,0.007424,0.0384,,0.0051199999999999996,,2.071296,18003,1376,0,
18004,135.79719929846939,1350941726633,1,6.1327028088271618,6.4514,5.850368,1.879,14539,0.001024,0.358912,,0.062464,0.43545599999999995,0.000256,0.22399999999999998,0.009216,0.036864,,0.0038399999999999997,,2.2466559999999998,18004,1377,0,
18005,135.80326659580498,1350941791147,1,6.0672974213957787,5.2726,6.099712,1.9312,14591,0.001024,0.35609599999999997,,0.062208,0.24140799999999998,0.000256,0.22297599999999998,0.006144,0.036864,,0.003328,,2.5308159999999997,18005,1378,0,
18006,135.80904939767572,1350941843873,1,5.7828016579151154,5.5876,6.053632,1.9696,14539,0.001024,0.3584,,0.063744,0.23577599999999999,0,0.21836799999999998,0.0076799999999999993,0.036608,,0.003584,,2.2648319999999997,18006,1379,0,
18007,135.8147676020408,1350941899749,1,5.7182041928172112,6.2513,5.7536,1.9172,14539,0.001024,0.360448,,0.061952,0.23936,0,0.22144,0.006144,0.038144,,0.004352,,1.7205759999999999,18007,1380,0,
18008,135.82094440192742,1350941962262,1,6.17680000141263,6.1552,5.700352,1.8628,14539,0.000768,0.360448,,0.06272,0.42624,0,0.408832,0.009984,0.038655999999999996,,0.004096,,2.33216,18008,1381,0,
18009,135.82779689625849,1350942023814,1,6.852494552731514,5.5578,6.158336,1.8866,14539,0.001024,0.358656,,0.06272,0.42624,0.000256,0.216576,0.012288,0.039424,,0.004352,,2.76736,18009,1382,0,
18010,135.83386989795918,1350942079392,1,6.0730017721652985,5.8934,6.826496,1.9738,14741,0.001024,0.35712,,0.075264,0.242688,0.000256,0.22272,0.012032,0.037632,,0.005888,,2.6239999999999997,18010,1383,0,
18011,135.83999849773241,1350942138326,1,6.1285998672246933,6.4843,6.052096,1.9123,14539,0.001024,0.35737599999999997,,0.068096,0.242176,0,0.223488,0.0076799999999999993,0.038655999999999996,,0.0038399999999999997,,2.154752,18011,1384,0,
18012,135.84635999858276,1350942203169,1,6.3615008257329464,6.5967,6.103296,2.2486,14539,0.001024,0.423168,,0.070144,0.24012799999999998,0,0.22169599999999998,0.0076799999999999993,0.037632,,0.004352,,2.447872,18012,1385,0,
18013,135.85265859552155,1350942269136,1,6.29859697073698,5.9843,6.299136,2.1213,14539,0.001024,0.36019199999999996,,0.068608,0.239872,0,0.221184,0.0076799999999999993,0.038144,,0.0038399999999999997,,2.258432,18013,1386,0,
18014,135.85847249858276,1350942328979,1,5.8139031752943993,6.051,6.319616,1.8959,14539,0.0012799999999999999,0.35942399999999997,,0.069887999999999992,0.500224,0,0.227328,0.007424,0.040704,,0.005632,,2.4304639999999997,18014,1387,0,
18015,135.86407109552152,1350942389489,1,5.5985967628657818,6.9628,5.81376,2.0184,14539,0.001024,0.36070399999999997,,0.073728,0.242688,0,0.22399999999999998,0.0076799999999999993,0.037376,,0.003584,,2.153216,18015,1388,0,
18016,135.8699628968254,1350942459117,1,5.8918013237416744,6.2379,5.56672,2.0196,14539,0.001024,0.35712,,0.062464,0.235008,0.000256,0.217088,0.003328,0.03584,,0.004096,,2.252288,18016,1389,0,
18017,135.87584519557822,1350942521496,1,5.8822985738515854,5.4121,5.865216,2.0247,14539,0.248576,0.361728,,0.062208,0.237056,0,0.217856,0.005632,0.038911999999999995,,0.0051199999999999996,,1.72288,18017,1390,0,
18018,135.88154370039683,1350942575617,1,5.6985048577189445,5.5959,5.86112,2.0399,14539,0.001024,0.35942399999999997,,0.061952,0.46847999999999995,0.000256,0.45055999999999996,0.0076799999999999993,0.037632,,0.0051199999999999996,,2.075392,18018,1391,0,
18019,135.88749049744897,1350942631576,1,5.946796853095293,5.7351,5.687296,1.9507,57983,0.001024,0.35712,,0.062208,0.238592,0.000256,0.22169599999999998,0.005632,0.037376,,0.003328,,1.7118719999999998,18019,1392,0,
18020,135.89317999574828,1350942688927,1,5.6894985027611256,6.691,5.888,2.2352,14539,0.001024,0.3584,,0.062208,0.391424,0.000256,0.22016,0.0076799999999999993,0.037376,,0.0038399999999999997,,1.9210239999999998,18020,1393,0,
18021,135.89907109552155,1350942755837,1,5.8910995721817017,5.1254,5.712896,2.115,14539,0.001024,0.359936,,0.062208,0.23782399999999998,0,0.219904,0.0051199999999999996,0.037888,,0.003328,,1.71136,18021,1394,0,
18022,135.90459270124717,1350942807091,1,5.5216057226061821,5.9956,5.868544,1.9242,49993,0.001024,0.3584,,0.070144,0.2432,0,0.22323199999999999,0.0076799999999999993,0.039424,,0.0038399999999999997,,1.9727359999999998,18022,1395,0,
18023,135.91041459750565,1350942867047,1,5.8218962512910366,5.3509,5.489152,1.9521,14539,0.001024,0.358912,,0.061695999999999994,0.23910399999999998,0,0.22169599999999998,0.0076799999999999993,0.039936,,0.0038399999999999997,,1.9292159999999998,18023,1396,0,
18024,135.91627670068027,1350942920556,1,5.862103309482336,5.78,5.811456,2.1433,14539,0.001024,0.359168,,0.33408,0.24345599999999998,0,0.22067199999999998,0.0076799999999999993,0.040192,,0.004096,,2.17984,18024,1397,0,
18025,135.92210049603173,1350942978356,1,5.8237952180206776,6.138,5.838336,1.8365,14539,0.001024,0.35712,,0.061695999999999994,0.24192,0,0.22399999999999998,0.0076799999999999993,0.037888,,0.0048639999999999994,,1.9865599999999999,18025,1398,0,
18026,135.92774319727891,1350943039736,1,5.642701406031847,5.3302,5.7984,2.0359,14539,0.000768,0.42086399999999996,,0.062208,0.23910399999999998,0,0.22067199999999998,0.004096,0.037632,,0.004608,,1.713152,18026,1399,0,
18027,135.93398079648526,1350943093038,1,6.2375990673899651,6.1239,5.620992,1.9694,14886,0.001024,0.3584,,0.062208,0.23807999999999999,0.000256,0.219392,0.003328,0.03968,,0.004608,,1.7139199999999999,18027,1400,0,
18028,135.93987239937641,1350943154277,1,5.8916029520332813,5.5677,6.136576,1.9347,14539,0.001024,0.35712,,0.071168,0.23910399999999998,0,0.21964799999999998,0.0076799999999999993,0.038655999999999996,,0.004096,,2.267392,18028,1401,0,
18029,135.94591199688207,1350943209954,1,6.0395975597202778,5.6389,5.952768,2.0985,14539,0.001024,0.358656,,0.06272,0.238336,0,0.22016,0.007936,0.0384,,0.0048639999999999994,,1.959168,18029,1402,0,
18030,135.95263120039681,1350943266343,1,6.7192036658525467,6.2147,6.004224,2.0206,14539,0.001024,0.3584,,0.061952,0.238336,0,0.22016,0.007424,0.036608,,0.0038399999999999997,,2.034176,18030,1403,0,
18031,135.95823470096371,1350943328490,1,5.60350064188242,6.1691,6.662912,1.8871,14539,0.001024,0.360448,,0.436224,0.274688,0.000256,0.24934399999999998,0.0076799999999999993,0.036608,,0.004096,,2.1076479999999997,18031,1404,0,
18032,135.964165497449,1350943390181,1,5.9307962656021118,6.2102,5.640704,1.9614,14539,0.001024,0.356352,,0.061952,0.239616,0.000256,0.22169599999999998,0.0076799999999999993,0.036608,,0.0038399999999999997,,1.7121279999999999,18032,1405,0,
18033,135.96995600198412,1350943452283,1,5.79050462692976,6.6773,5.904896,1.8675,20949,0.001024,0.359936,,0.062208,0.33561599999999997,0,0.220416,0.011264,0.038911999999999995,,0.004352,,2.390272,18033,1406,0,
18034,135.97559789540816,1350943519056,1,5.6418934836983681,5.2871,5.770496,1.8592,14539,0.001024,0.3584,,0.062464,0.235264,0.004096,0.217088,0.007168,0.017664,,0.0097279999999999988,,1.71136,18034,1407,0,
18035,135.9819005952381,1350943571927,1,6.3026999123394489,5.8781,5.618688,2.1795,14539,0.001024,0.356352,,0.062208,0.23551999999999998,0,0.2176,0.005376,0.038911999999999995,,0.0038399999999999997,,1.712896,18035,1408,0,
18036,135.98762210175735,1350943630708,1,5.7215066626667976,5.8039,6.201088,1.9048,14539,0.001024,0.35712,,0.062464,0.608768,0.000256,0.590336,0.011519999999999999,0.03968,,0.0048639999999999994,,2.4340479999999998,18036,1409,0,
18037,135.99359429563492,1350943688747,1,5.9721940197050571,5.5896,5.778688,2.1355,14539,0.001024,0.35968,,0.06272,0.23884799999999998,0.000256,0.22016,0.007424,0.03712,,0.004096,,1.714432,18037,1410,0,
18038,135.99904919926303,1350943744643,1,5.4549034684896469,6.885,5.949952,2.4062,14539,0.001024,0.35968,,0.067328,0.238336,0.000256,0.219904,0.007936,0.036608,,0.004608,,2.21696,18038,1411,0,
18039,136.00506649659863,1350943813493,1,6.0172975063323975,5.6179,5.427968,2.257,14591,0.001024,0.356352,,0.061952,0.24012799999999998,0,0.22195199999999998,0.011264,0.037376,,0.004608,,1.709568,18039,1412,0,
18040,136.0109098993764,1350943869672,1,5.8434028178453445,5.5705,5.997056,2.3389,14539,0.001024,0.360448,,0.061952,0.663808,0,0.64614399999999994,0.003328,0.040704,,0.0048639999999999994,,1.9176959999999998,18040,1413,0,
18041,136.01689270124717,1350943925377,1,5.9828017838299274,5.8278,5.82528,2.1879,20571,0.001024,0.35712,,0.062208,0.24012799999999998,0,0.22272,0.0076799999999999993,0.037888,,0.004352,,1.9279359999999999,18041,1414,0,
18042,136.02293509778912,1350943983655,1,6.0423966497182846,5.9747,5.960192,2.2675,14539,0.001024,0.3584,,0.47155199999999997,0.28083199999999997,0,0.257024,0.007936,0.037888,,0.0048639999999999994,,1.719552,18042,1415,0,
18043,136.02891850198412,1350944043402,1,5.9834043495357037,5.436,6.02368,1.976,14539,0.001024,0.35609599999999997,,0.062208,0.66534399999999994,0,0.228096,0.005376,0.04224,,0.005632,,1.728,18043,1416,0,
18044,136.03512859977323,1350944097762,1,6.2100975774228573,6.1803,5.959936,1.8918,14886,0.001024,0.35737599999999997,,0.061695999999999994,0.64767999999999992,0,0.62976,0.003584,0.038144,,0.0051199999999999996,,2.10176,18044,1417,0,
18045,136.04106420068027,1350944159565,1,5.9356009587645531,5.8936,6.185984,1.9798,14734,0.001024,0.356352,,0.063488,0.23910399999999998,0.000256,0.22092799999999999,0.003328,0.0384,,0.0051199999999999996,,2.155264,18045,1418,0,
18046,136.04690229591836,1350944218501,1,5.8380952104926109,6.3644,5.92128,1.8569,14539,0.001024,0.356608,,0.062208,0.42112,0,0.40371199999999996,0.007936,0.036608,,0.0038399999999999997,,1.9694079999999998,18046,1419,0,
18047,136.05284810090703,1350944282145,1,5.9458049945533276,6.0021,5.820928,2.7598,14539,0.001024,0.419072,,0.064,0.237568,0,0.21964799999999998,0.0076799999999999993,0.03968,,0.0048639999999999994,,2.1373439999999997,18047,1420,0,
18048,136.05859789540816,1350944342166,1,5.7497946545481682,5.825,5.923328,1.9924,14539,0.001024,0.3584,,0.064256,0.23782399999999998,0,0.22016,0.0076799999999999993,0.038655999999999996,,0.003584,,2.288128,18048,1421,0,
18049,136.06521209608843,1350944400416,1,6.61420077085495,5.8896,5.723904,1.9258,14539,0.000768,0.359936,,0.064,0.236032,0,0.21862399999999999,0.0076799999999999993,0.036351999999999995,,0.003328,,2.1427199999999997,18049,1422,0,
18050,136.07174800170068,1350944459312,1,6.5359054133296013,5.9942,6.523904,2.0186,14539,0.001024,0.360448,,0.068352,0.24831999999999999,0,0.229376,0.0051199999999999996,0.03968,,0.0038399999999999997,,2.38464,18050,1423,0,
18051,136.07806199688207,1350944519254,1,6.3139949925243855,5.9202,6.208256,1.946,14539,0.001024,0.4224,,0.0768,0.242688,0.000256,0.223488,0.007936,0.0384,,0.0048639999999999994,,2.4570879999999997,18051,1424,0,
18052,136.08427130102041,1350944578456,1,6.2093040905892849,6.5283,6.276608,1.962,14539,0.001024,0.35942399999999997,,0.068096,0.24012799999999998,0,0.22169599999999998,0.0076799999999999993,0.0384,,0.0048639999999999994,,2.6329599999999997,18052,1425,0,
18053,136.09012699829933,1350944643739,1,5.8556972071528435,6.6508,6.200064,1.9062,14539,0.001024,0.35942399999999997,,0.068096,0.2432,0.000256,0.223744,0.0076799999999999993,0.037376,,0.004096,,2.120192,18053,1426,0,
18054,136.09610729875283,1350944710247,1,5.98030025139451,6.2011,5.822976,1.9744,20323,0.001024,0.35942399999999997,,0.06784,0.237568,0,0.219904,0.007168,0.037888,,0.0051199999999999996,,2.016,18054,1427,0,
18055,136.10184139739229,1350944772258,1,5.7340986095368862,6.0192,5.975296,1.8868,14539,0.001024,0.358656,,0.061952,0.23679999999999998,0,0.219136,0.003584,0.036608,,0.0038399999999999997,,1.724672,18055,1428,0,
18056,136.10764399801587,1350944832450,1,5.8026006445288658,5.8542,5.70624,1.9035,14539,0.001024,0.35686399999999996,,0.061952,0.390144,0,0.372992,0.007424,0.037632,,0.004608,,2.411264,18056,1429,0,
18057,136.11384820011338,1350944890992,1,6.2042023055255413,6.0888,5.78048,1.9722,14539,0.001024,0.35712,,0.061952,0.23807999999999999,0.000256,0.219904,0.003328,0.039168,,0.004352,,2.12352,18057,1430,0,
18058,136.1196347009637,1350944951880,1,5.786500871181488,5.7333,6.176256,1.9395,14539,0.001024,0.35609599999999997,,0.061952,0.47615999999999997,0,0.21964799999999998,0.007936,0.04224,,0.0051199999999999996,,1.73568,18058,1431,0,
18059,136.12497179705215,1350945009213,1,5.3370962850749493,5.8847,5.78432,1.9015,14539,0.001024,0.35737599999999997,,0.065536,0.24064,0,0.22144,0.007424,0.034304,,0.004352,,2.1964799999999998,18059,1432,0,
18060,136.13113869756236,1350945068060,1,6.1669005081057549,6.6191,5.309696,1.8407,14539,0.001024,0.358912,,0.061952,0.234752,0.000256,0.21734399999999998,0.007424,0.038144,,0.004096,,1.7151999999999998,18060,1433,0,
18061,136.13694499716553,1350945134251,1,5.8062993921339512,5.0653,6.141184,1.9103,14886,0.001024,0.358912,,0.061952,0.47744,0,0.219904,0.011776,0.039936,,0.005888,,2.5326079999999997,18061,1434,0,
18062,136.14261309523809,1350945184904,1,5.6680981069803238,5.4151,5.791232,2.2982,14539,0.001024,0.35942399999999997,,0.305664,0.271104,0,0.24806399999999998,0.0076799999999999993,0.041215999999999996,,0.0051199999999999996,,1.987072,18062,1435,0,
18063,136.14856449829932,1350945239055,1,5.9514031745493412,6.4015,5.636352,1.8651,14539,0.001024,0.356352,,0.062464,0.237312,0,0.219904,0.007424,0.036351999999999995,,0.0038399999999999997,,1.9279359999999999,18063,1436,0,
18064,136.15449460034014,1350945303070,1,5.930101964622736,5.5848,5.944832,1.9173,14539,0.001024,0.355584,,0.062464,0.480768,0.000256,0.218112,0.006912,0.043264,,0.0048639999999999994,,2.2999039999999997,18064,1437,0,
18065,136.1605457979025,1350945358918,1,6.0511976480484009,5.6794,5.908224,1.8294,14539,0.001024,0.36019199999999996,,0.061695999999999994,0.23884799999999998,0,0.22092799999999999,0.007424,0.039424,,0.004352,,1.998848,18065,1438,0,
18066,136.16626879960316,1350945415712,1,5.7230019010603428,5.8004,6.0224,1.8923,14539,0.001024,0.359168,,0.062208,0.610304,0,0.591872,0.003072,0.041215999999999996,,0.0038399999999999997,,2.125312,18066,1439,0,
18067,136.17223650085035,1350945473716,1,5.9677013196051121,6.1977,5.70624,2.0701,14539,0.001024,0.35942399999999997,,0.062208,0.238592,0,0.22016,0.007424,0.039424,,0.003328,,2.0103679999999997,18067,1440,0,
18068,136.17802899659864,1350945535693,1,5.7924957945942879,5.7943,5.954048,1.8066,14539,0.001024,0.355584,,0.061952,0.23807999999999999,0,0.219904,0.007424,0.039424,,0.003584,,1.721344,18068,1441,0,
18069,136.18411680130384,1350945593636,1,6.0878046788275242,5.7542,5.762048,1.8745,14539,0.001024,0.356352,,0.061952,0.242176,0.000256,0.22399999999999998,0.007424,0.037888,,0.004096,,1.7236479999999998,18069,1442,0,
18070,136.18998020124715,1350945651178,1,5.8633997105062008,6.0102,6.073344,1.8959,14539,0.001024,0.35737599999999997,,0.063744,0.236288,0.000256,0.21836799999999998,0.007424,0.038144,,0.0051199999999999996,,2.296064,18070,1443,0,
18071,136.19584119897959,1350945711280,1,5.8609978295862675,5.7251,5.842176,2.0588,14734,0.001024,0.358912,,0.061952,0.237568,0,0.21964799999999998,0.0076799999999999993,0.039424,,0.004352,,1.711104,18071,1444,0,
18072,136.20190229591836,1350945768531,1,6.0610971413552761,7.1889,5.861888,2.0019,14539,0.001024,0.35968,,0.062208,0.425984,0,0.408064,0.003328,0.038655999999999996,,0.004608,,2.102528,18072,1445,0,
18073,136.20842019557821,1350945840420,1,6.5178996883332729,6.5766,6.022656,1.8961,14962,0.001024,0.358656,,0.068864,0.24601599999999998,0,0.227328,0.0076799999999999993,0.039168,,0.0038399999999999997,,2.47808,18073,1446,0,
18074,136.21420269982994,1350945906186,1,5.7825041003525257,4.1524,6.501888,1.9929,14539,0.001024,0.36224,,0.070144,0.24703999999999998,0,0.22655999999999998,0.0076799999999999993,0.036351999999999995,,0.004608,,2.817024,18074,1447,0,
18075,136.22049339569159,1350945947710,1,6.2906956300139427,6.1564,5.7664,1.9306,14539,0.001024,0.358912,,0.068352,0.436224,0,0.22195199999999998,0.0051199999999999996,0.036608,,0.0048639999999999994,,2.372096,18075,1448,0,
18076,136.22651429988662,1350946009274,1,6.0209040530025959,6.5381,6.260224,2.2635,14539,0.001024,0.35942399999999997,,0.068096,0.619008,0.000256,0.21964799999999998,0.004608,0.040704,,0.005888,,2.19264,18076,1449,0,
18077,136.23281070011336,1350946074655,1,6.29640044644475,5.9215,6.001664,2.4885,14886,0.001024,0.35609599999999997,,0.06272,0.24012799999999998,0,0.22195199999999998,0.0084479999999999989,0.034816,,0.003584,,1.72416,18077,1450,0,
18078,136.23891929563493,1350946133870,1,6.10859552398324,6.9726,6.050816,2.1538,14539,0.001024,0.359936,,0.067071999999999993,0.238336,0,0.21888,0.004352,0.039936,,0.004096,,2.034944,18078,1451,0,
18079,136.24437699829932,1350946203596,1,5.4577025584876537,5.6422,6.072064,2.1651,14539,0.001024,0.35737599999999997,,0.061695999999999994,0.24371199999999998,0,0.225792,0.007424,0.036608,,0.0048639999999999994,,2.11328,18079,1452,0,
18080,136.25054939767574,1350946260018,1,6.1723995022475719,5.8132,5.435648,2.0057,14539,0.001024,0.359168,,0.061952,0.237056,0,0.21964799999999998,0.0076799999999999993,0.037888,,0.004096,,1.9327999999999999,18080,1453,0,
18081,136.25663110119046,1350946318150,1,6.0817035846412182,6.0017,6.152704,2.1302,14539,0.001024,0.357632,,0.070656,0.241664,0,0.222208,0.008192,0.037632,,0.0048639999999999994,,2.112768,18081,1454,0,
18082,136.26254350198411,1350946378167,1,5.9124007821083069,5.918,6.06592,1.8977,14539,0.001024,0.35737599999999997,,0.062208,0.24243199999999998,0.000256,0.224512,0.007424,0.037632,,0.004608,,2.370304,18082,1455,0,
18083,136.26836649659865,1350946437347,1,5.8229947462677956,5.7881,5.883392,2.2529,14539,0.001024,0.35968,,0.062208,0.23577599999999999,0,0.21862399999999999,0.007424,0.037376,,0.005376,,2.346752,18083,1456,0,
18084,136.27423049886622,1350946495228,1,5.864002276211977,6.3097,5.804032,1.983,14539,0.001024,0.358656,,0.065279999999999991,0.24371199999999998,0,0.22399999999999998,0.007424,0.038144,,0.0051199999999999996,,1.9159039999999998,18084,1457,0,
18085,136.28035119756234,1350946558325,1,6.1206985265016556,5.8755,5.842432,2.0346,14539,0.001024,0.356352,,0.061952,0.23782399999999998,0,0.21964799999999998,0.007424,0.039936,,0.003328,,2.33088,18085,1458,0,
18086,136.28618120039681,1350946617080,1,5.830002948641777,5.7847,6.092288,2.3153,14539,0.001024,0.35814399999999996,,0.063488,0.24140799999999998,0.000256,0.22323199999999999,0.007424,0.037376,,0.003584,,2.098688,18086,1459,0,
18087,136.2922001984127,1350946674927,1,6.0189981013536453,5.7325,5.81632,2.1305,14539,0.001024,0.35942399999999997,,0.062208,0.239616,0,0.22144,0.010496,0.038144,,0.004096,,2.0610559999999998,18087,1460,0,
18088,136.29786629818594,1350946732252,1,5.6660999543964863,6.2643,5.9904,2.0012,14539,0.001024,0.358912,,0.067583999999999991,0.233984,0,0.21606399999999998,0.007424,0.036095999999999996,,0.003328,,2.459648,18088,1461,0,
18089,136.30370330215419,1350946794895,1,5.8370041660964489,5.7654,5.636608,1.9987,14539,0.001024,0.357888,,0.061952,0.24115199999999998,0,0.22297599999999998,0.004096,0.039168,,0.0051199999999999996,,1.7103359999999999,18089,1462,0,
18090,136.30965629960318,1350946852549,1,5.9529975987970829,6.0909,5.820672,2.1153,14539,0.001024,0.418048,,0.25216,0.241664,0,0.22297599999999998,0.0076799999999999993,0.039424,,0.004352,,2.0416,18090,1463,0,
18091,136.31538679846938,1350946913458,1,5.7304990477859974,5.8577,5.652992,2.0587,14539,0.001024,0.35942399999999997,,0.061695999999999994,0.23551999999999998,0.000256,0.2176,0.0076799999999999993,0.037888,,0.0048639999999999994,,2.130944,18091,1464,0,
18092,136.3217170989229,1350946972035,1,6.3303005881607533,5.5544,5.809408,2.325,14539,0.001024,0.355584,,0.06272,0.24473599999999998,0.000256,0.22655999999999998,0.007424,0.040192,,0.004096,,2.64064,18092,1465,0,
18093,136.32802519841269,1350947027579,1,6.3080997206270695,6.1528,6.297344,2.4515,14539,0.001024,0.35712,,0.074752,0.246528,0,0.22630399999999998,0.007936,0.039168,,0.0051199999999999996,,2.360832,18093,1466,0,
18094,136.33485309665534,1350947089107,1,6.8278983235359192,5.7308,6.283008,2.0876,14741,0.20992,0.361216,,0.068352,0.24115199999999998,0,0.222208,0.0076799999999999993,0.0384,,0.004096,,2.36544,18094,1467,0,
18095,136.34043449546485,1350947146415,1,5.5813989602029324,6.3692,6.821632,2.002,14539,0.001024,0.36352,,0.068096,0.536064,0,0.259328,0.007936,0.0384,,0.005632,,2.464256,18095,1468,0,
18096,136.34681179846939,1350947210107,1,6.3773030415177345,6.4489,5.54496,2.2863,14539,0.001024,0.36070399999999997,,0.068352,0.244992,0.000256,0.22655999999999998,0.0076799999999999993,0.038911999999999995,,0.005632,,1.710592,18096,1469,0,
18097,136.35263249716553,1350947274596,1,5.8206985704600811,6.9874,6.111744,2.0739,14734,0.001024,0.35968,,0.064256,0.23910399999999998,0,0.221184,0.007424,0.036864,,0.004608,,2.0938239999999997,18097,1470,0,
18098,136.35823339710885,1350947344470,1,5.6008999235928059,5.0973,5.767168,2.4988,14539,0.001024,0.355584,,0.061952,0.2432,0.000256,0.22527999999999998,0.0076799999999999993,0.039168,,0.004352,,2.235904,18098,1471,0,
18099,136.36405870181406,1350947395443,1,5.8253048919141293,6.4807,5.60256,2.761,14539,0.001024,0.357888,,0.063744,0.23936,0,0.22144,0.007424,0.037888,,0.0048639999999999994,,2.050048,18099,1472,0,
18100,136.36962499999998,1350947460250,1,5.56629803031683,6.2788,5.800704,1.9812,14539,0.001024,0.35609599999999997,,0.066048,0.240384,0,0.22169599999999998,0.008192,0.037376,,0.0051199999999999996,,2.20416,18100,1473,0,
18101,136.37556500141721,1350947523038,1,5.9400014579296112,5.3115,5.540352,2.3204,14539,0.001024,0.359936,,0.062208,0.245248,0,0.22655999999999998,0.0076799999999999993,0.0384,,0.002048,,1.711104,18101,1474,0,
18102,136.38122809665532,1350947576153,1,5.6630950421094894,5.6804,5.924608,2.0407,14539,0.001024,0.357888,,0.065279999999999991,0.24243199999999998,0,0.22323199999999999,0.0076799999999999993,0.036608,,0.005376,,2.3270399999999998,18102,1475,0,
18103,136.38727089710883,1350947632957,1,6.04280037805438,5.5447,5.639168,2.0471,14539,0.001024,0.36224,,0.062208,0.242176,0,0.223488,0.003584,0.040959999999999996,,0.002304,,1.7134079999999998,18103,1476,0,
18104,136.39355269982994,1350947688404,1,6.2818028964102268,6.111,6.011136,2.5968,14539,0.001024,0.359168,,0.070144,0.247552,0,0.22784,0.007936,0.041215999999999996,,0.002304,,2.153984,18104,1477,0,
18105,136.39952979733559,1350947749514,1,5.9770974330604076,5.4592,6.27072,2.2652,14539,0.001024,0.359936,,0.061952,0.244224,0,0.225024,0.007936,0.039936,,0.002048,,2.3313919999999997,18105,1478,0,
18106,136.40645459892289,1350947804106,1,6.9248015061020851,6.2911,5.948672,2.2206,14539,0.001024,0.358912,,0.061695999999999994,0.240896,0,0.222464,0.007424,0.0384,,0.004352,,2.081536,18106,1479,0,
18107,136.41232310090703,1350947867017,1,5.8685019612312317,6.2471,6.911232,2.3329,14591,0.001024,0.35737599999999997,,0.075264,0.24703999999999998,0,0.226816,0.008192,0.040192,,0.004352,,2.220288,18107,1480,0,
18108,136.41868259637187,1350947929488,1,6.3594956882297993,5.7952,5.846784,2.4406,14539,0.001024,0.361216,,0.068352,0.52812799999999993,0,0.223744,0.009472,0.040704,,0.004608,,2.076416,18108,1481,0,
18109,136.4248183956916,1350947987440,1,6.1357994563877583,6.8293,6.329856,2.7079,14539,0.0012799999999999999,0.358656,,0.068096,0.63359999999999994,0,0.614912,0.006912,0.039424,,0.0048639999999999994,,2.489344,18109,1482,0,
18110,136.4312343962585,1350948055733,1,6.4160004258155823,6.0779,6.115072,2.3263,14539,0.0012799999999999999,0.35942399999999997,,0.068352,0.24192,0.000256,0.22272,0.0076799999999999993,0.037376,,0.004096,,2.4184319999999997,18110,1483,0,
18111,136.43759499716552,1350948116512,1,6.3606007024645805,6.7765,6.394368,2.5699,14741,0.001024,0.422656,,0.068864,0.245248,0,0.22630399999999998,0.0076799999999999993,0.036351999999999995,,0.0048639999999999994,,2.5410559999999998,18111,1484,0,
18112,136.44356179846937,1350948184277,1,5.9668011963367462,5.8917,6.347264,2.3536,14539,0.001024,0.36070399999999997,,0.068608,0.24012799999999998,0.000256,0.220416,0.007424,0.040959999999999996,,0.002304,,2.3567359999999997,18112,1485,0,
18113,136.44921099773242,1350948243194,1,5.6491992436349392,6.4341,5.94304,2.1099,14539,0.001024,0.36147199999999996,,0.064,0.24140799999999998,0,0.22272,0.007424,0.039168,,0.002048,,2.3101439999999998,18113,1486,0,
18114,136.4554255952381,1350948307535,1,6.2145977281033993,6.0545,5.624064,1.8978,14539,0.001024,0.357888,,0.062208,0.23884799999999998,0.000256,0.221184,0.007424,0.0384,,0.004608,,1.712384,18114,1487,0,
18115,136.46182649518141,1350948368080,1,6.4008999615907669,6.0003,6.187008,2.3666,14539,0.001024,0.3584,,0.066304,0.24831999999999999,0,0.228352,0.0076799999999999993,0.042752,,0.0025599999999999998,,2.0858879999999997,18115,1488,0,
18116,136.46794039824263,1350948428083,1,6.1139031313359737,5.7195,6.031616,1.942,14539,0.001024,0.35686399999999996,,0.062208,0.239872,0,0.22169599999999998,0.0076799999999999993,0.036864,,0.004096,,1.916928,18116,1489,0,
18117,136.47437769982992,1350948485278,1,6.4373016357421875,5.9711,6.08384,2.7458,20949,0.001024,0.356352,,0.061695999999999994,0.23936,0.000256,0.221184,0.0076799999999999993,0.039168,,0.004096,,2.221568,18117,1490,0,
18118,136.48034609552153,1350948544989,1,5.9683956205844879,6.5283,6.423296,2.1617,14539,0.001024,0.419072,,0.07039999999999999,0.242944,0.000256,0.22323199999999999,0.0038399999999999997,0.014591999999999999,,0.05248,,2.126848,18118,1491,0,
18119,136.4862669005102,1350948610272,1,5.920805037021637,5.9802,5.952512,2.5916,14539,0.001024,0.355584,,0.062208,0.23782399999999998,0.000256,0.219904,0.0076799999999999993,0.03712,,0.003584,,1.711104,18119,1492,0,
18120,136.49239959608843,1350948670074,1,6.1326953582465649,6.5833,5.894912,2.1468,14539,0.001024,0.356608,,0.068864,0.243968,0,0.225024,0.0076799999999999993,0.039168,,0.003584,,2.1742079999999997,18120,1493,0,
18121,136.49858120039681,1350948735907,1,6.181604228913784,5.857,6.103552,1.9262,14539,0.0012799999999999999,0.35942399999999997,,0.068352,0.61337599999999992,0.000256,0.22169599999999998,0.009216,0.040959999999999996,,0.004352,,2.3096319999999997,18121,1494,0,
18122,136.50498049886622,1350948794477,1,6.3992985524237156,6.0474,6.16576,2.3187,14734,0.001024,0.36096,,0.068608,0.242688,0,0.22297599999999998,0.007936,0.040448,,0.002048,,2.370816,18122,1495,0,
18123,136.51121039540817,1350948854951,1,6.2298965640366077,6.7002,6.372864,2.0001,14539,0.001024,0.361984,,0.068608,0.636672,0,0.22630399999999998,0.009216,0.038655999999999996,,0.005376,,2.5144319999999998,18123,1496,0,
18124,136.51782619756236,1350948921953,1,6.6158021800220013,5.5407,6.219264,2.1871,14539,0.001024,0.36147199999999996,,0.068352,0.243968,0.000256,0.224768,0.008192,0.037632,,0.0038399999999999997,,2.361088,18124,1497,0,
18125,136.52352269699546,1350948977360,1,5.69649925455451,6.2331,6.593536,2.1149,14539,0.001024,0.36019199999999996,,0.075007999999999991,0.24192,0.000256,0.22169599999999998,0.0076799999999999993,0.039168,,0.004352,,2.42048,18125,1498,0,
18126,136.52991420068025,1350949039691,1,6.3915038481354713,6.2014,5.665024,2.1382,14539,0.001024,0.357632,,0.062208,0.246272,0,0.228096,0.007424,0.039424,,0.004096,,1.948928,18126,1499,0,
18127,136.53651569586168,1350949101705,1,6.6014952026307583,6.542,5.836544,3.648,14741,0.001024,0.356352,,0.064512,0.24371199999999998,0,0.224512,0.007936,0.039168,,0.005376,,2.033152,18127,1500,0,
18128,136.54219919926302,1350949167125,1,5.6835035793483257,8.3718,5.4272,2.3467,14539,0.001024,0.371456,,0.063488,0.244224,0.000256,0.226048,0.010496,0.039168,,0.004352,,2.0157439999999998,18128,1501,0,
18129,136.54878049886619,1350949250843,1,6.5812994726002216,4.6046,5.661696,2.7616,14539,0.001024,0.36019199999999996,,0.068096,0.241664,0,0.22272,0.0076799999999999993,0.03584,,0.003584,,2.161664,18129,1502,0,
18130,136.55506799886621,1350949296889,1,6.28749979659915,6.5415,6.551296,2.0031,15102,0.001024,0.35686399999999996,,0.06912,0.244224,0,0.224512,0.007936,0.036864,,0.0038399999999999997,,2.274048,18130,1503,0,
18131,136.56091150085032,1350949362304,1,5.8435020036995411,5.5172,6.258176,1.8284,48790,0.001024,0.357632,,0.068608,0.535552,0,0.51584,0.0076799999999999993,0.041471999999999995,,0.002816,,2.2968319999999998,18131,1504,0,
18132,136.56719409722223,1350949417476,1,6.2825963832437992,6.1552,5.813504,1.8884,14539,0.001024,0.360448,,0.068096,0.24908799999999998,0,0.22912,0.0076799999999999993,0.038911999999999995,,0.002304,,1.7103359999999999,18132,1505,0,
18133,136.57337949971654,1350949479028,1,6.1854026280343533,6.4199,6.261248,2.0994,14539,0.001024,0.35225599999999996,,0.062208,0.48870399999999997,0,0.469248,0.007424,0.04224,,0.002816,,2.000896,18133,1506,0,
18134,136.57907899659864,1350949543227,1,5.69949671626091,5.6963,5.697024,2.0597,14539,0.001024,0.355584,,0.061952,0.246528,0,0.227072,0.0076799999999999993,0.039936,,0.002048,,1.9714559999999999,18134,1507,0,
18135,136.58494469954647,1350949600190,1,5.8657028712332249,6.3837,5.668864,2.1954,14539,0.001024,0.358656,,0.061695999999999994,0.238336,0.000256,0.22144,0.0076799999999999993,0.0384,,0.004608,,1.97888,18135,1508,0,
18136,136.59133429705216,1350949664027,1,6.3895974308252335,6.3689,5.84576,2.1727,14539,0.001024,0.35968,,0.068608,0.242176,0.000256,0.223744,0.0076799999999999993,0.037376,,0.004096,,2.280192,18136,1509,0,
18137,136.59780589569161,1350949727716,1,6.4715985208749771,5.5624,6.386688,2.0684,14539,0.001024,0.3584,,0.074495999999999993,0.242688,0,0.22399999999999998,0.007936,0.037632,,0.003584,,2.740224,18137,1510,0,
18138,136.60345749716552,1350949783340,1,5.65160159021616,5.8936,6.443264,2.0848,14539,0.001024,0.359168,,0.068096,0.24601599999999998,0,0.227072,0.00896,0.038911999999999995,,0.0038399999999999997,,2.9038079999999997,18138,1511,0,
18139,136.60912959892289,1350949842276,1,5.6721018627285957,6.2738,5.621504,2.171,14539,0.001024,0.359168,,0.061952,0.24012799999999998,0.000256,0.222208,0.007424,0.038911999999999995,,0.004096,,2.2533119999999998,18139,1512,0,
18140,136.61609959608842,1350949905014,1,6.9699971936643124,6.887,5.6448,3.6618,14591,0.001024,0.35942399999999997,,0.06297599999999999,0.23577599999999999,0,0.217856,0.007424,0.038144,,0.0051199999999999996,,2.320128,18140,1513,0,
18141,136.62227750141722,1350949973884,1,6.1779054813086987,6.7447,5.933056,2.3359,14539,0.001024,0.370176,,0.063744,0.23782399999999998,0,0.219904,0.007936,0.037632,,0.004352,,2.113536,18141,1514,0,
18142,136.62846670209751,1350950041331,1,6.1892005614936352,5.1195,6.157056,2.6982,14741,0.001024,0.358912,,0.061952,0.430336,0,0.21862399999999999,0.009216,0.039936,,0.005376,,2.43968,18142,1515,0,
18143,136.63474739937641,1350950092526,1,6.2806974165141582,6.9784,5.805568,2.516,14741,0.001024,0.35968,,0.06272,0.245504,0,0.22655999999999998,0.0076799999999999993,0.03968,,0.002304,,1.7121279999999999,18143,1516,0,
18144,136.64021240079364,1350950162310,1,5.4650013335049152,5.3904,6.068736,2.7303,14539,0.001024,0.360448,,0.064256,0.24192,0,0.22272,0.0076799999999999993,0.041471999999999995,,0.002048,,2.171648,18144,1517,0,
18145,136.64618229875282,1350950216214,1,5.9698978438973427,8.1232,5.436672,2.6747,14539,0.001024,0.362496,,0.063232,0.240384,0,0.22144,0.0084479999999999989,0.038655999999999996,,0.002304,,2.0223999999999998,18145,1518,0,
18146,136.65195,1350950297446,1,5.7677011936903,4.6261,5.94048,2.0617,14539,0.001024,0.355584,,0.066816,0.23936,0.000256,0.22067199999999998,0.0076799999999999993,0.040192,,0.002048,,1.962496,18146,1519,0,
18147,136.65826850198411,1350950343707,1,6.3185021281242371,5.4259,5.747456,2.0245,14734,0.001024,0.359168,,0.06297599999999999,0.23910399999999998,0,0.22016,0.0076799999999999993,0.038655999999999996,,0.002048,,1.727744,18147,1520,0,
18148,136.66441240079365,1350950397966,1,6.1438987031579018,6.2804,6.30144,2.1172,14539,0.001024,0.35968,,0.071168,0.237568,0,0.217856,0.0076799999999999993,0.036351999999999995,,0.003072,,1.884672,18148,1521,0,
18149,136.67062819586167,1350950460770,1,6.2157949432730675,5.3794,6.115328,2.6866,14539,0.0012799999999999999,0.359168,,0.068096,0.24806399999999998,0,0.228096,0.007936,0.041471999999999995,,0.002304,,2.409728,18149,1522,0,
18150,136.67651960034013,1350950514564,1,5.8914045803248882,7.6427,6.20032,2.4376,14539,0.001024,0.372224,,0.069887999999999992,0.2432,0.000256,0.223744,0.007936,0.040704,,0.002304,,2.205696,18150,1523,0,
18151,136.68264800170067,1350950590991,1,6.1284014955163,4.8621,5.8624,2.1985,14539,0.0012799999999999999,0.356608,,0.068096,0.24345599999999998,0,0.223744,0.003584,0.041215999999999996,,0.002048,,2.439168,18151,1524,0,
18152,136.68889209892291,1350950639612,1,6.2440973706543446,6.1091,6.108416,2.237,14539,0.001024,0.36147199999999996,,0.070656,0.245504,0,0.22527999999999998,0.0038399999999999997,0.036351999999999995,,0.0038399999999999997,,2.342144,18152,1525,0,
18153,136.69524710175736,1350950700703,1,6.3550029881298542,6.3266,6.22592,2.0707,14539,0.001024,0.36147199999999996,,0.068608,0.240896,0,0.22092799999999999,0.0076799999999999993,0.040192,,0.002048,,2.0459519999999998,18153,1526,0,
18154,136.70151469671202,1350950763969,1,6.26759510487318,5.5911,6.337792,2.3331,14539,0.001024,0.424448,,0.068096,0.240896,0.000256,0.221184,0.005888,0.039424,,0.002304,,2.068224,18154,1527,0,
18155,136.7073373015873,1350950819880,1,5.822604987770319,6.0826,6.238464,2.1324,14910,0.001024,0.356352,,0.068096,0.242176,0,0.22297599999999998,0.011007999999999999,0.0384,,0.002048,,1.7118719999999998,18155,1528,0,
18156,136.71376960034013,1350950880706,1,6.4322985708713531,6.4923,5.808384,2.6902,14539,0.001024,0.35814399999999996,,0.062208,0.23782399999999998,0.000256,0.21862399999999999,0.0076799999999999993,0.039168,,0.002304,,1.729792,18156,1529,0,
18157,136.72037230017006,1350950945629,1,6.6026998683810234,6.7175,6.407424,2.1347,14539,0.000768,0.36070399999999997,,0.070912,0.239872,0.000256,0.22067199999999998,0.007424,0.0384,,0.005376,,2.476032,18157,1530,0,
18158,136.7263549957483,1350951012804,1,5.9826956130564213,5.3466,6.582528,2.4665,14539,0.001024,0.35737599999999997,,0.062464,0.236032,0,0.21836799999999998,0.007424,0.036864,,0.003328,,2.5405439999999997,18158,1531,0,
18159,136.73237689909297,1350951066270,1,6.0219033621251583,6.5581,5.878528,1.9087,14886,0.001024,0.36019199999999996,,0.068608,0.24012799999999998,0,0.22169599999999998,0.0076799999999999993,0.036608,,0.004352,,2.0858879999999997,18159,1532,0,
18160,136.73819429563491,1350951131851,1,5.8173965662717819,6.27,6.089472,2.0529,14539,0.001024,0.360448,,0.068608,0.24243199999999998,0,0.223744,0.34048,0.040704,,0.006144,,2.09152,18160,1533,0,
18161,136.74431279761905,1350951194551,1,6.118502002209425,5.9848,5.789952,1.8664,14539,0.001024,0.358912,,0.068608,0.241664,0,0.22297599999999998,0.007424,0.037376,,0.005632,,2.066176,18161,1534,0,
18162,136.75047549603175,1350951254399,1,6.16269838064909,6.5134,6.091008,1.9371,14539,0.0012799999999999999,0.361216,,0.075776,0.24345599999999998,0,0.224768,0.0076799999999999993,0.0384,,0.0038399999999999997,,2.488832,18162,1535,0,
18163,136.75629839852607,1350951319533,1,5.8229025453329086,5.3401,5.765632,1.9537,14539,0.0012799999999999999,0.3584,,0.068352,0.245504,0,0.227072,0.007424,0.038144,,0.004352,,2.084608,18163,1536,0,
18164,136.76310160147392,1350951372934,1,6.8032029084861279,5.8649,5.8048,1.9169,14539,0.0012799999999999999,0.35737599999999997,,0.068352,0.402176,0,0.384,0.007936,0.038911999999999995,,0.004608,,2.143744,18164,1537,0,
18165,136.76967889739228,1350951431583,1,6.57729571685195,6.3133,6.769152,1.9453,14539,0.001024,0.36147199999999996,,0.961536,0.281344,0,0.250368,0.007936,0.03712,,0.004352,,2.09792,18165,1538,0,
18166,136.77571209608843,1350951494716,1,6.0331989079713821,5.699,6.569984,2.1035,14539,0.001024,0.358656,,0.068096,0.245504,0,0.227072,0.011007999999999999,0.038144,,0.004352,,2.274816,18166,1539,0,
18167,136.78190070153062,1350951551706,1,6.1886054463684559,6.8432,5.799424,2.387,14539,0.001024,0.36070399999999997,,0.068096,0.238336,0.000256,0.219392,0.007424,0.03712,,0.004096,,2.253568,18167,1540,0,
18168,136.78751809807255,1350951620138,1,5.61739644035697,6.96,6.076416,1.9085,67252,0.001024,0.35968,,0.068608,0.245248,0,0.22630399999999998,0.0076799999999999993,0.0384,,0.004608,,2.5907199999999997,18168,1541,0,
18169,136.79364139739229,1350951689738,1,6.1232992447912693,5.8029,5.656576,2.2236,60467,0.001024,0.36070399999999997,,0.062208,0.23884799999999998,0.000256,0.22067199999999998,0.0076799999999999993,0.03712,,0.0038399999999999997,,1.711104,18169,1542,0,
18170,136.79931349914966,1350951747767,1,5.6721018627285957,5.995,6.119936,2.1147,14539,0.001024,0.35609599999999997,,0.062208,0.239616,0,0.222208,0.007936,0.038911999999999995,,0.004608,,1.9363839999999999,18170,1543,0,
18171,136.80520019841271,1350951807717,1,5.8866990730166435,5.9962,5.649152,2.2815,14539,0.001024,0.358656,,0.061952,0.23936,0,0.22144,0.0076799999999999993,0.037632,,0.004608,,1.7139199999999999,18171,1544,0,
18172,136.81148309948978,1350951867679,1,6.2829009257256985,5.7171,5.863168,2.1349,14734,0.001024,0.35942399999999997,,0.061695999999999994,0.710912,0,0.693248,0.0076799999999999993,0.039424,,0.0038399999999999997,,1.928704,18172,1545,0,
18173,136.81735949546484,1350951924850,1,5.8763958513736725,5.8812,6.256896,1.8344,32162,0.001024,0.35686399999999996,,0.061952,0.244224,0,0.225792,0.007424,0.0384,,0.004096,,2.349824,18173,1546,0,
18174,136.82325229591837,1350951983662,1,5.8928006328642368,5.702,5.86112,1.8676,28924,0.001024,0.355072,,0.061952,0.647936,0.000256,0.219392,0.24678399999999998,0.043008,,0.005888,,1.9159039999999998,18174,1547,0,
18175,136.8291558956916,1350952040682,1,5.9035997837781906,6.2876,5.869056,2.1279,14539,0.001024,0.360448,,0.071168,0.240896,0,0.22144,0.011264,0.040448,,0.005376,,2.042624,18175,1548,0,
18176,136.83479679705215,1350952103558,1,5.6409011594951153,6.4376,5.882624,1.9428,137866,0.001024,0.357888,,0.062464,0.242176,0,0.22425599999999998,0.008192,0.037376,,0.0048639999999999994,,1.724672,18176,1549,0,
18177,136.84053749999998,1350952167934,1,5.7407030835747719,5.4643,5.62432,2.3582,123873,0.000768,0.35712,,0.061952,0.23577599999999999,0,0.217856,0.007936,0.03712,,0.0038399999999999997,,1.710592,18177,1550,0,
18178,136.84627920209749,1350952222577,1,5.741701927036047,6.2482,5.710848,2.0502,14539,0.001024,0.355328,,0.061695999999999994,0.238592,0.000256,0.22067199999999998,0.004096,0.037632,,0.0038399999999999997,,1.713152,18178,1551,0,
18179,136.85192899659864,1350952285059,1,5.6497943587601185,5.4337,5.712384,1.9448,14539,0.001024,0.359168,,0.071424,0.246272,0,0.226816,0.009472,0.028416,,0.013312,,1.7305599999999999,18179,1552,0,
18180,136.8580843962585,1350952339396,1,6.1553996056318283,5.6421,5.639936,2.3111,14539,0.001024,0.3584,,0.062208,0.42803199999999997,0.000256,0.41036799999999996,0.007936,0.039424,,0.0051199999999999996,,2.0587519999999997,18180,1553,0,
18181,136.86405829790249,1350952395817,1,5.9739015996456146,6.1375,6.140928,2.2039,14539,0.000768,0.35712,,0.06272,0.238592,0,0.220416,0.007424,0.03968,,0.003584,,1.724416,18181,1554,0,
18182,136.86996839569161,1350952457192,1,5.9100976213812828,5.2948,5.700608,1.9715,14539,0.001024,0.360448,,0.061952,0.238336,0.000256,0.220416,0.003584,0.039424,,0.003328,,2.178048,18182,1555,0,
18183,136.8755553004535,1350952510140,1,5.5869049392640591,6.258,5.894144,2.1072,14539,0.001024,0.36070399999999997,,0.061952,0.24243199999999998,0,0.22399999999999998,0.0038399999999999997,0.036864,,0.004608,,1.71264,18183,1556,0,
18184,136.88147789824262,1350952572720,1,5.9225978329777718,5.8504,5.554944,2.0517,14539,0.001024,0.35968,,0.062208,0.23577599999999999,0,0.216832,0.003584,0.039424,,0.0038399999999999997,,1.714944,18184,1557,0,
18185,136.88748059807256,1350952631224,1,6.0026999562978745,5.8336,5.908224,1.9502,14539,0.001024,0.359936,,0.061952,0.477952,0.000256,0.221184,0.009216,0.03968,,0.006144,,2.500352,18185,1558,0,
18186,136.89334180130385,1350952689560,1,5.86120318621397,5.713,5.924608,1.9473,14539,0.001024,0.359168,,0.06272,0.238592,0,0.22016,0.011519999999999999,0.0384,,0.004608,,2.2364159999999997,18186,1559,0,
18187,136.89872089710883,1350952746690,1,5.3790956735610962,5.9117,5.865728,2.0569,14539,0.001024,0.35481599999999996,,0.065279999999999991,0.24447999999999998,0,0.225536,0.0076799999999999993,0.041471999999999995,,0.0048639999999999994,,2.226944,18187,1560,0,
18188,136.90460289824262,1350952805807,1,5.8820010162889957,6.0782,5.385472,1.8955,14539,0.001024,0.35584,,0.061695999999999994,0.238592,0.000256,0.22067199999999998,0.0076799999999999993,0.037376,,0.0038399999999999997,,1.7118719999999998,18188,1561,0,
18189,136.91062449688209,1350952866589,1,6.021598819643259,5.7988,5.859072,1.8074,14539,0.001024,0.358656,,0.062208,0.491008,0.000256,0.47359999999999997,0.00896,0.041471999999999995,,0.004608,,2.02624,18189,1562,0,
18190,136.91654519557824,1350952924577,1,5.9206988662481308,5.1235,6.002432,2.0092,14539,0.001024,0.35814399999999996,,0.062208,0.23807999999999999,0,0.219904,0.007424,0.037632,,0.0051199999999999996,,1.729792,18190,1563,0,
18191,136.92236770124717,1350952975812,1,5.8225058019161224,5.8991,5.875712,1.9339,14539,0.001024,0.359168,,0.061952,0.608,0,0.59007999999999994,0.007424,0.039424,,0.005376,,2.1324799999999997,18191,1564,0,
18192,136.92857830215419,1350953034803,1,6.210600957274437,6.1736,5.824768,1.9239,14539,0.001024,0.358912,,0.068352,0.24140799999999998,0,0.222464,0.0076799999999999993,0.036864,,0.004608,,1.8739199999999998,18192,1565,0,
18193,136.934904095805,1350953096539,1,6.3257934525609016,5.9705,5.740288,2.7909,14741,0.001024,0.361216,,0.068608,0.245504,0,0.227072,0.008192,0.038144,,0.004096,,2.062848,18193,1566,0,
18194,136.94070089994329,1350953156244,1,5.7968040928244591,6.7336,6.305024,2.1241,14539,0.001024,0.35968,,0.068864,0.24140799999999998,0,0.22272,0.0076799999999999993,0.037888,,0.005376,,2.28992,18194,1567,0,
18195,136.94628319869614,1350953223580,1,5.5822986178100109,5.6329,5.768704,2.5106,14539,0.001024,0.357888,,0.068352,0.24371199999999998,0,0.225792,0.007424,0.0384,,0.0051199999999999996,,1.709568,18195,1568,0,
18196,136.95210039682539,1350953279909,1,5.8171981945633888,6.238,5.558784,2.1105,14539,0.001024,0.359936,,0.065024,0.239616,0,0.22169599999999998,0.0076799999999999993,0.0384,,0.003328,,2.199296,18196,1569,0,
18197,136.95852369614511,1350953342289,1,6.4232992008328438,5.7947,5.793024,1.9173,14539,0.001024,0.35737599999999997,,0.062208,0.44006399999999996,0,0.42112,0.003328,0.038655999999999996,,0.004096,,2.23872,18197,1570,0,
18198,136.96493429705214,1350953400236,1,6.410601083189249,5.5352,6.418432,2.4168,14734,0.001024,0.358912,,0.062464,0.718592,0,0.700672,0.011519999999999999,0.03584,,0.0051199999999999996,,1.908992,18198,1571,0,
18199,136.97112239937641,1350953455588,1,6.1881025321781635,6.3057,6.12736,2.0537,32110,0.001024,0.359168,,0.06272,0.236288,0,0.21888,0.0076799999999999993,0.037376,,0.004096,,1.71136,18199,1572,0,
18200,136.97725160147391,1350953518645,1,6.1292019672691822,6.4642,6.16192,2.1521,35334,0.001024,0.35712,,0.062208,0.430592,0,0.413184,0.011264,0.036864,,0.0038399999999999997,,2.262528,18200,1573,0,
18201,136.98400269982992,1350953583287,1,6.7510982044041157,5.9305,6.111232,2.2055,14539,0.001024,0.36096,,0.062464,0.23910399999999998,0,0.221184,0.007424,0.03584,,0.005376,,1.711104,18201,1574,0,
18202,136.98984820011339,1350953642592,1,5.8455001562833786,6.031,6.655744,1.9925,14539,0.001024,0.3584,,0.065792,0.241664,0,0.222464,0.007936,0.036608,,0.004352,,2.448896,18202,1575,0,
18203,136.99614000141722,1350953702902,1,6.2918011099100113,6.2255,5.662976,2.4065,14539,0.001024,0.35942399999999997,,0.061952,0.23782399999999998,0,0.220416,0.007936,0.039424,,0.004608,,1.946624,18203,1576,0,
18204,137.00238689767573,1350953765157,1,6.2468964606523514,7.2306,6.25024,2.4216,14539,0.001024,0.356608,,0.06272,0.237312,0,0.219904,0.007424,0.036608,,0.003328,,1.915648,18204,1577,0,
18205,137.00867429846937,1350953837463,1,6.2874006107449532,5.505,6.2336,2.1414,14539,0.001024,0.36147199999999996,,0.068352,0.830208,0,0.812032,0.059392,0.0384,,0.004608,,2.1632,18205,1578,0,
18206,137.01484319727891,1350953892513,1,6.1688986606895924,5.9894,6.282752,2.0574,14539,0.0012799999999999999,0.358912,,0.068352,0.44979199999999997,0,0.430336,0.005888,0.036608,,0.0048639999999999994,,2.429952,18206,1579,0,
18207,137.02089270124716,1350953952407,1,6.0495040379464626,6.4435,6.13504,2.0759,14591,0.001024,0.357888,,0.068096,0.447744,0,0.42931199999999997,0.004096,0.039168,,0.004608,,2.4491519999999998,18207,1580,0,
18208,137.027465497449,1350954016842,1,6.572796031832695,6.1435,6.03008,2.2635,14539,0.0012799999999999999,0.35942399999999997,,0.068608,0.43392,0,0.220416,0.009472,0.036864,,0.004352,,2.4455679999999997,18208,1581,0,
18209,137.03422429846938,1350954078277,1,6.75880117341876,6.8809,5.982976,2.1859,14741,0.001024,0.361216,,0.070656,0.242688,0,0.222208,0.008192,0.038911999999999995,,0.004352,,2.075136,18209,1582,0,
18210,137.03979139739229,1350954147086,1,5.567098967730999,5.8936,6.735872,2.0455,14539,0.0012799999999999999,0.360448,,0.068352,0.24447999999999998,0,0.225792,0.0038399999999999997,0.038911999999999995,,0.004608,,2.300416,18210,1583,0,
18211,137.04513059807255,1350954206022,1,5.3392006084322929,6.0339,5.536,1.9936,14539,0.001024,0.36019199999999996,,0.07039999999999999,0.243968,0,0.224512,0.0076799999999999993,0.038655999999999996,,0.003328,,1.739776,18211,1584,0,
18212,137.05167689909297,1350954266361,1,6.5463008359074593,6.5482,5.32608,1.9794,14539,0.001024,0.357632,,0.06272,0.23679999999999998,0,0.21888,0.0076799999999999993,0.038911999999999995,,0.004352,,1.966592,18212,1585,0,
18213,137.05736240079364,1350954331843,1,5.6855017319321632,5.7253,6.526976,2.4158,14539,0.476672,0.35737599999999997,,0.062208,0.238336,0,0.21862399999999999,0.003328,0.039168,,0.005376,,1.936896,18213,1586,0,
18214,137.06372539682539,1350954389096,1,6.3629960641264915,5.3125,5.660928,2.1421,14539,0.001024,0.358912,,0.061952,0.24064,0.000256,0.22272,0.007424,0.036351999999999995,,0.003584,,1.715712,18214,1587,0,
18215,137.06947269699546,1350954442221,1,5.7473001070320606,6.7352,6.342912,2.2441,14539,0.001024,0.358912,,0.070912,0.23807999999999999,0,0.219136,0.003328,0.037376,,0.004096,,2.5930239999999998,18215,1588,0,
18216,137.07525870181405,1350954509573,1,5.7860049419105053,5.432,5.730816,2.1462,14539,0.001024,0.3584,,0.061952,0.24371199999999998,0,0.226048,0.0051199999999999996,0.036864,,0.003584,,1.93408,18216,1589,0,
18217,137.0810334963152,1350954563893,1,5.7747946120798588,6.9109,5.75872,2.1032,32110,0.001024,0.359936,,0.062464,0.235264,0,0.21734399999999998,0.0076799999999999993,0.037632,,0.0051199999999999996,,2.308096,18217,1590,0,
18218,137.08690729875283,1350954633002,1,5.8738025836646557,5.6209,5.74976,2.4103,28924,0.001024,0.356352,,0.062208,0.239616,0.000256,0.22169599999999998,0.0076799999999999993,0.03712,,0.0038399999999999997,,2.08512,18218,1591,0,
18219,137.09268480017008,1350954689211,1,5.7775015011429787,5.4119,5.862144,2.2005,14539,0.001024,0.360448,,0.062464,0.608256,0,0.590592,0.0076799999999999993,0.039168,,0.004096,,2.107392,18219,1592,0,
18220,137.09905229591837,1350954743330,1,6.3674957491457462,5.7651,5.752832,2.3327,14539,0.001024,0.358912,,0.062464,0.239872,0,0.222208,0.007936,0.036351999999999995,,0.0038399999999999997,,2.186752,18220,1593,0,
18221,137.10536950113379,1350954800981,1,6.317205261439085,6.105,6.348544,2.4051,14539,0.001024,0.358912,,0.06297599999999999,0.23782399999999998,0,0.219904,0.007424,0.0384,,0.004352,,2.2092799999999997,18221,1594,0,
18222,137.11218290107709,1350954862031,1,6.8133999593555927,6.6592,6.288896,2.293,14539,0.001024,0.360448,,0.06912,0.242176,0,0.223488,0.0076799999999999993,0.037376,,0.003584,,2.3905279999999998,18222,1595,0,
18223,137.11862509920635,1350954928623,1,6.4421980641782284,5.2879,6.798848,2.7378999999999998,14734,0.001024,0.361216,,0.068352,0.242688,0,0.222464,0.009984,0.038655999999999996,,0.004096,,2.536448,18223,1596,0,
18224,137.12517660147392,1350954981502,1,6.5515022724866867,6.2668,6.411776,2.088,14539,0.001024,0.36096,,0.252672,0.24806399999999998,0,0.22399999999999998,0.0076799999999999993,0.03712,,0.004096,,2.5738239999999997,18224,1597,0,
18225,137.13131150085033,1350955044170,1,6.1348993331193924,6.9327,6.527744,2.1604,14539,0.001024,0.359936,,0.064767999999999992,0.60415999999999992,0,0.22323199999999999,0.004352,0.040959999999999996,,0.004352,,1.8941439999999998,18225,1598,0,
18226,137.13758409863945,1350955113497,1,6.2725977040827274,6.289,6.132224,2.2479,14741,0.001024,0.35737599999999997,,0.061695999999999994,0.23807999999999999,0.000256,0.220416,0.0076799999999999993,0.038144,,0.004096,,1.7067519999999998,18226,1599,0,
18227,137.14311169926305,1350955176387,1,5.5276006460189819,7.2735,6.248192,1.9853,14539,0.001024,0.3584,,0.062464,0.239616,0,0.221184,0.007424,0.038911999999999995,,0.0048639999999999994,,1.7087999999999999,18227,1600,0,
18228,137.1495889951814,1350955249122,1,6.4772958867251873,5.7871,5.505536,2.296,14539,0.001024,0.355584,,0.062464,0.23884799999999998,0,0.22144,0.007424,0.040192,,0.0038399999999999997,,2.03136,18228,1601,0,
18229,137.15549329648525,1350955306993,1,5.9043015353381634,5.9122,6.44864,2.1262,14539,0.001024,0.357632,,0.061695999999999994,0.24140799999999998,0,0.22195199999999998,0.0076799999999999993,0.04224,,0.004608,,2.487552,18229,1602,0,
18230,137.16192469529477,1350955366115,1,6.4313989132642746,5.6581,5.881344,2.4139,14539,0.001024,0.358656,,0.062208,0.24064,0.000256,0.222464,0.006144,0.0384,,0.003584,,1.97248,18230,1603,0,
18231,137.16802459608843,1350955422696,1,6.09990069642663,7.4053,6.407424,2.4312,14539,0.001024,0.35686399999999996,,0.075264,0.24447999999999998,0.000256,0.224512,0.005888,0.039936,,0.004096,,2.389248,18231,1604,0,
18232,137.17412639597504,1350955496749,1,6.101799663156271,5.0869,6.09024,2.04,14539,0.001024,0.35968,,0.068096,0.242176,0,0.22323199999999999,0.007936,0.036608,,0.0038399999999999997,,2.256896,18232,1605,0,
18233,137.18070309665532,1350955547618,1,6.57670060172677,6.2348,5.880064,2.503,14539,0.001024,0.358656,,0.070144,0.240896,0,0.222464,0.007424,0.038911999999999995,,0.0048639999999999994,,2.1560319999999997,18233,1606,0,
18234,137.18683879676871,1350955609966,1,6.1357002705335617,5.9422,6.546944,2.0349,14539,0.001024,0.357888,,0.068352,0.24012799999999998,0,0.221184,0.0076799999999999993,0.038911999999999995,,0.003584,,2.279424,18234,1607,0,
18235,137.19289849773241,1350955669388,1,6.0597010888159275,6.1489,6.112256,2.0081,14539,0.001024,0.358656,,0.061695999999999994,0.5952,0,0.218112,0.008192,0.039168,,0.004352,,2.174464,18235,1608,0,
18236,137.19901639739228,1350955730877,1,6.1178994365036488,6.4374,6.035456,2.1419,14539,0.001024,0.3584,,0.062208,0.24140799999999998,0,0.223744,0.003328,0.038144,,0.0038399999999999997,,2.526464,18236,1609,0,
18237,137.20493149801587,1350955795251,1,5.9151006862521172,6.4226,6.099456,1.8605,14910,0.001024,0.35942399999999997,,0.061695999999999994,0.237312,0.000256,0.219392,0.004352,0.0384,,0.004096,,2.088704,18237,1610,0,
18238,137.21126729733558,1350955859477,1,6.335799116641283,5.7451,5.901312,2.1004,14539,0.001024,0.35968,,0.061952,0.238592,0,0.220416,0.007936,0.038911999999999995,,0.0051199999999999996,,2.219776,18238,1611,0,
18239,137.21668229875283,1350955916928,1,5.415001418441534,6.3088,6.3168,2.1497,14539,0.001024,0.356352,,0.066304,0.24012799999999998,0.000256,0.22092799999999999,0.0076799999999999993,0.037888,,0.003584,,2.197248,18239,1612,0,
18240,137.22234699546485,1350955980016,1,5.6646969169378281,7.0719,5.388288,1.919,14591,0.001024,0.357632,,0.06272,0.23884799999999998,0,0.221184,0.007936,0.037376,,0.004608,,1.7121279999999999,18240,1613,0,
18241,137.2284329010771,1350956050735,1,6.0859057120978832,5.2217,5.664768,2.5658,14539,0.001024,0.356608,,0.062464,0.239616,0.000256,0.22169599999999998,0.007424,0.037888,,0.003584,,1.7087999999999999,18241,1614,0,
18242,137.2342056972789,1350956102952,1,5.772795993834734,6.384,,2.1713,14886,0.001024,0.356608,,0.062464,0.239616,0.000256,0.22169599999999998,0.007424,0.037888,,0.003584,,1.7087999999999999,18242,1615,0,
18243,137.24332619756234,1350956166792,1,9.1205006465315819,5.8763,5.730304,5.8763,14539,0.001024,0.3584,,0.064,0.24012799999999998,0,0.22169599999999998,0.009216,0.037632,,0.0038399999999999997,,1.7134079999999998,18243,1616,0,
18244,137.24964739937641,1350956225555,1,6.3212020322680473,5.132,5.284864,1.5899,14539,0.0012799999999999999,0.356352,,0.063488,0.23219199999999998,0.000256,0.215808,0.007936,0.036351999999999995,,0.004352,,1.934848,18244,1617,0,
18245,137.25564649943311,1350956276875,1,5.9990999288856983,5.7235,5.93408,2.273,14539,0.001024,0.419328,,0.062208,0.240384,0,0.22272,0.007424,0.039424,,0.004096,,1.911552,18245,1618,0,
18246,137.26220700113379,1350956334110,1,6.5605016425251961,9.1412,5.981952,1.8752,14539,0.001024,0.35814399999999996,,0.062208,0.24064,0.000256,0.22195199999999998,0.007936,0.03968,,0.004096,,2.3150079999999997,18246,1619,0,
18247,137.26856979875282,1350956425522,1,6.3627976924180984,6.2418,6.526976,1.8499,14734,0.001024,0.35686399999999996,,0.065792,0.24243199999999998,0,0.22272,0.0076799999999999993,0.040959999999999996,,0.0025599999999999998,,2.362368,18247,1620,0,
18248,137.27511940192744,1350956487940,1,6.5496033057570457,5.8032,6.34368,2.5002,14539,0.001024,0.35584,,0.061695999999999994,0.242944,0,0.22425599999999998,0.0076799999999999993,0.039168,,0.002304,,1.919744,18248,1621,0,
18249,137.28100749716552,1350956545972,1,5.8880951255559921,6.9577,6.528768,2.1899,14539,0.001024,0.353024,,0.065279999999999991,0.24064,0,0.22144,0.0076799999999999993,0.041215999999999996,,0.002304,,1.710592,18249,1622,0,
18250,137.28683319869614,1350956615549,1,5.8257016353309155,6.0149,5.852672,2.1976,14539,0.0012799999999999999,0.35737599999999997,,0.061952,0.23679999999999998,0,0.21862399999999999,0.007424,0.039424,,0.0051199999999999996,,2.413056,18250,1623,0,
18251,137.29248959750566,1350956675698,1,5.6563988327980042,6.545,5.807872,2.2108,14539,0.001024,0.355328,,0.065536,0.241664,0.000256,0.222464,0.007424,0.03968,,0.005376,,2.20544,18251,1624,0,
18252,137.29869350198413,1350956741148,1,6.2039042823016644,5.8563,5.632256,2.2324,14539,0.001024,0.356608,,0.064512,0.238336,0,0.219392,0.007424,0.037888,,0.0051199999999999996,,1.9276799999999998,18252,1625,0,
18253,137.30511050170068,1350956799711,1,6.4169997349381447,5.9645,6.184448,1.8818,14539,0.001024,0.357888,,0.069632,0.245248,0,0.225792,0.004608,0.03968,,0.005632,,2.24768,18253,1626,0,
18254,137.31147850056689,1350956859356,1,6.3679986633360386,5.522,6.399744,1.9583,14539,0.001024,0.356608,,0.068608,0.242688,0,0.223488,0.0076799999999999993,0.037632,,0.004608,,2.113536,18254,1627,0,
18255,137.31790800028344,1350956914576,1,6.4294999465346336,6.1943,6.336,1.8994,14539,0.001024,0.363008,,0.068096,0.24575999999999998,0.000256,0.225792,0.007424,0.039168,,0.004608,,2.488832,18255,1628,0,
18256,137.32376590136053,1350956976519,1,5.857901182025671,6.5339,6.42048,2.3378,14539,0.001024,0.36096,,0.068352,0.68198399999999992,0,0.66304,0.0076799999999999993,0.038144,,0.005376,,2.296576,18256,1629,0,
18257,137.32999739937642,1350957041858,1,6.2314979732036591,6.1807,5.822208,1.8702,14539,0.001024,0.359168,,0.062208,0.237568,0,0.219392,0.0076799999999999993,0.038911999999999995,,0.0051199999999999996,,2.477312,18257,1630,0,
18258,137.33578650085033,1350957103665,1,5.7891015894711018,6.4638,6.21952,2.1661,14741,0.001024,0.35814399999999996,,0.06784,0.239616,0,0.22144,0.007936,0.03712,,0.004352,,2.0441599999999998,18258,1631,0,
18259,137.34194180130385,1350957168303,1,6.1553004197776318,6.2148,5.782784,1.9082,14539,0.001024,0.358656,,0.061952,0.239616,0,0.222208,0.007424,0.036864,,0.004096,,2.002176,18259,1632,0,
18260,137.3480003968254,1350957230451,1,6.0585956089198589,5.9757,6.122496,1.7933,14539,0.001024,0.35609599999999997,,0.061952,0.760832,0,0.22092799999999999,0.00896,0.0384,,0.005376,,2.18496,18260,1633,0,
18261,137.35415620039683,1350957290208,1,6.1558037996292114,5.687,6.031616,1.8342,14539,0.001024,0.35686399999999996,,0.06912,0.23910399999999998,0,0.219904,0.010239999999999999,0.039936,,0.0048639999999999994,,1.7233919999999998,18261,1634,0,
18262,137.3600097009637,1350957347078,1,5.8535006828606129,6.1238,6.11968,1.8214,14539,0.001024,0.358656,,0.062464,0.519168,0.000256,0.253952,0.007424,0.03968,,0.0051199999999999996,,1.731584,18262,1635,0,
18263,137.36569419642856,1350957408316,1,5.6844954378902912,6.1067,5.865472,1.8474,14539,0.001024,0.357888,,0.062464,0.236288,0,0.21862399999999999,0.007424,0.037376,,0.0038399999999999997,,2.1409279999999997,18263,1636,0,
18264,137.37171279761904,1350957469383,1,6.0186013579368591,6.275,5.501184,1.8769,14539,0.001024,0.356352,,0.061695999999999994,0.543488,0.000256,0.220416,0.012799999999999999,0.040959999999999996,,0.004608,,2.000896,18264,1637,0,
18265,137.37753210034012,1350957532133,1,5.8193025179207325,5.6538,5.998848,1.8298,14539,0.001024,0.35584,,0.062464,0.24140799999999998,0.000256,0.22323199999999999,0.007424,0.0384,,0.004608,,2.281472,18265,1638,0,
18266,137.38319059665531,1350957588671,1,5.6584961712360382,5.7787,5.780992,1.8369,57549,0.001024,0.35609599999999997,,0.062208,0.238592,0,0.221184,0.19686399999999998,0.03712,,0.004608,,2.274304,18266,1639,0,
18267,137.38923920068027,1350957646458,1,6.0486039146780968,5.9065,5.655552,1.8627,14539,0.001024,0.359168,,0.062208,0.436224,0,0.41753599999999996,0.007424,0.038911999999999995,,0.0048639999999999994,,2.056704,18267,1640,0,
18268,137.39575739795919,1350957705523,1,6.5181972458958626,6.1042,6.01984,2.6251,14539,0.001024,0.41830399999999995,,0.061952,0.24064,0,0.222464,0.007424,0.040192,,0.0048639999999999994,,1.71264,18268,1641,0,
18269,137.40162889739227,1350957766565,1,5.8714994229376316,5.7729,6.225408,2.3296,14539,0.001024,0.35814399999999996,,0.069887999999999992,0.23654399999999998,0.000256,0.21862399999999999,0.010752,0.0384,,0.004608,,1.71264,18269,1642,0,
18270,137.40710749716553,1350957824294,1,5.4785995744168758,6.1134,5.829888,2.1937,51426,0.001024,0.358656,,0.062208,0.246528,0,0.228096,0.003328,0.040959999999999996,,0.005376,,2.283776,18270,1643,0,
18271,137.41318740079365,1350957885428,1,6.0799038037657738,6.3398,5.460736,2.536,14539,0.001024,0.358912,,0.061952,0.23551999999999998,0,0.218112,0.012032,0.03584,,0.0048639999999999994,,1.71136,18271,1644,0,
18272,137.41939119897958,1350957948826,1,6.2037981115281582,6.2096,6.060288,2.0161,14734,0.001024,0.35712,,0.062464,0.520192,0.000256,0.251648,0.0076799999999999993,0.037632,,0.003584,,1.91488,18272,1645,0,
18273,137.42547879818594,1350958010922,1,6.0875993221998215,5.4878,5.926912,1.8651,14591,0.001024,0.35712,,0.061952,0.238592,0,0.22016,0.007424,0.0384,,0.005376,,2.503936,18273,1646,0,
18274,137.43164339569159,1350958065800,1,6.1645973473787308,5.4685,6.059264,1.9205,14539,0.001024,0.36019199999999996,,0.068096,0.24601599999999998,0,0.227072,0.0076799999999999993,0.0384,,0.005376,,2.08512,18274,1647,0,
18275,137.43748609693878,1350958120485,1,5.8427010662853718,6.4226,5.890304,1.9732,14886,0.001024,0.358656,,0.068096,0.239616,0,0.220416,0.0063999999999999994,0.036864,,0.0051199999999999996,,2.404864,18275,1648,0,
18276,137.44339069586167,1350958184711,1,5.904599092900753,6.2373,5.74848,2.043,14539,0.001024,0.36275199999999996,,0.068352,0.241664,0,0.223488,0.0076799999999999993,0.038911999999999995,,0.004096,,2.388992,18276,1649,0,
18277,137.44938059807257,1350958247084,1,5.9899021871387959,6.1098,5.970432,2.1075,14539,0.001024,0.35814399999999996,,0.062208,0.74470399999999992,0,0.220416,0.009216,0.042496,,0.0048639999999999994,,1.944064,18277,1650,0,
18278,137.45564900085034,1350958308182,1,6.268402561545372,5.5645,5.9640319999999996,2.215,14539,0.000768,0.358912,,0.062208,0.237056,0.000256,0.219136,0.0076799999999999993,0.03968,,0.003584,,2.154496,18278,1651,0,
18279,137.46138699688208,1350958363827,1,5.737996194511652,6.1556,6.241792,1.8922,14539,0.001024,0.36019199999999996,,0.065792,0.24115199999999998,0.000256,0.22195199999999998,0.0076799999999999993,0.040448,,0.004608,,2.2963199999999997,18279,1652,0,
18280,137.46724039824264,1350958425383,1,5.8534014970064163,5.9132,5.728768,1.8432,14539,0.001024,0.356352,,0.061695999999999994,0.23910399999999998,0,0.221184,0.007424,0.0384,,0.0048639999999999994,,1.719808,18280,1653,0,
18281,137.47304730017007,1350958484515,1,5.8069019578397274,5.9897,5.82656,1.918,14539,0.001024,0.41958399999999996,,0.061952,0.28928,0,0.263168,0.00896,0.037888,,0.0051199999999999996,,1.916416,18281,1654,0,
18282,137.47894119897958,1350958544412,1,5.8938986621797085,6.0231,5.78304,1.8226,20949,0.001024,0.355328,,0.061952,0.237056,0,0.219136,0.0076799999999999993,0.039424,,0.003584,,2.1596159999999998,18282,1655,0,
18283,137.48479900085033,1350958604643,1,5.8578019961714745,5.6792,5.889024,2.2635,14539,0.001024,0.35942399999999997,,0.066816,0.24012799999999998,0,0.22092799999999999,0.007936,0.037632,,0.0048639999999999994,,2.1964799999999998,18283,1656,0,
18284,137.49065639880951,1350958661435,1,5.8573978021740913,5.6848,5.823232,1.784,14539,0.001024,0.355072,,0.062208,0.23679999999999998,0,0.21888,0.003328,0.0384,,0.0051199999999999996,,1.7251839999999998,18284,1657,0,
18285,137.497204095805,1350958718283,1,6.5476968884468079,6.1524,5.84448,1.8577,14539,0.001024,0.358656,,0.061952,0.42214399999999996,0.000256,0.403456,0.0084479999999999989,0.038911999999999995,,0.004352,,2.08384,18285,1658,0,
