observation,camera_frame_observed,editor_time_observed,vsm_active_observed,marker,gpu_ns,gpu_sample_count
0,67,8867.7699992,1,VSM.PageOccupancy,3840,1
0,67,8867.7699992,1,VSM.LayoutRemap,256,1
0,67,8867.7699992,1,VSM.ResetFeedback,0,1
0,67,8867.7699992,1,VSM.MarkReceiverPages,606720,1
0,67,8867.7699992,1,VSM.Allocate,222464,1
0,67,8867.7699992,1,VSM.InvalidateStatic,37376,1
0,67,8867.7699992,1,VSM.ClearPhysicalPages,173568,1
0,67,8867.7699992,1,VSM.StaticCasterCull,58368,1
0,67,8867.7699992,1,VSM.DynamicCasterCull,0,1
0,67,8867.7699992,1,VSM.PageCull,39424,1
0,67,8867.7699992,1,VSM.StaticRaster,8215808,1
0,67,8867.7699992,1,VSM.FinalizePages,2048,1
0,67,8867.7699992,1,VSM.DynamicRaster,4096,1
0,67,8867.7699992,1,VSM.UnityCompatibilityRaster,0,0
0,67,8867.7699992,1,VSM.Resolve,11354880,1
0,67,8867.7699992,1,VSM.ResolveTrace,11128576,1
0,67,8867.7699992,1,VSM.FilterHorizontal,67072,1
0,67,8867.7699992,1,VSM.FilterVertical,0,0
0,67,8867.7699992,1,VSM.FilterTemporalVertical,158208,1
1,68,8867.8021995,1,VSM.PageOccupancy,4864,1
1,68,8867.8021995,1,VSM.LayoutRemap,0,1
1,68,8867.8021995,1,VSM.ResetFeedback,0,1
1,68,8867.8021995,1,VSM.MarkReceiverPages,607232,1
1,68,8867.8021995,1,VSM.Allocate,222464,1
1,68,8867.8021995,1,VSM.InvalidateStatic,37376,1
1,68,8867.8021995,1,VSM.ClearPhysicalPages,486144,1
1,68,8867.8021995,1,VSM.StaticCasterCull,62976,1
1,68,8867.8021995,1,VSM.DynamicCasterCull,0,1
1,68,8867.8021995,1,VSM.PageCull,37632,1
1,68,8867.8021995,1,VSM.StaticRaster,9062400,1
1,68,8867.8021995,1,VSM.FinalizePages,2560,1
1,68,8867.8021995,1,VSM.DynamicRaster,16384,1
1,68,8867.8021995,1,VSM.UnityCompatibilityRaster,0,0
1,68,8867.8021995,1,VSM.Resolve,9598720,1
1,68,8867.8021995,1,VSM.ResolveTrace,9373952,1
1,68,8867.8021995,1,VSM.FilterHorizontal,67584,1
1,68,8867.8021995,1,VSM.FilterVertical,0,0
1,68,8867.8021995,1,VSM.FilterTemporalVertical,155648,1
2,69,8867.8345792,1,VSM.PageOccupancy,4352,1
2,69,8867.8345792,1,VSM.LayoutRemap,0,1
2,69,8867.8345792,1,VSM.ResetFeedback,0,1
2,69,8867.8345792,1,VSM.MarkReceiverPages,606976,1
2,69,8867.8345792,1,VSM.Allocate,226560,1
2,69,8867.8345792,1,VSM.InvalidateStatic,37376,1
2,69,8867.8345792,1,VSM.ClearPhysicalPages,954624,1
2,69,8867.8345792,1,VSM.StaticCasterCull,64000,1
2,69,8867.8345792,1,VSM.DynamicCasterCull,0,1
2,69,8867.8345792,1,VSM.PageCull,39424,1
2,69,8867.8345792,1,VSM.StaticRaster,8435456,1
2,69,8867.8345792,1,VSM.FinalizePages,3072,1
2,69,8867.8345792,1,VSM.DynamicRaster,9728,1
2,69,8867.8345792,1,VSM.UnityCompatibilityRaster,0,0
2,69,8867.8345792,1,VSM.Resolve,10692096,1
2,69,8867.8345792,1,VSM.ResolveTrace,10465536,1
2,69,8867.8345792,1,VSM.FilterHorizontal,66304,1
2,69,8867.8345792,1,VSM.FilterVertical,0,0
2,69,8867.8345792,1,VSM.FilterTemporalVertical,158976,1
3,70,8867.8666118,1,VSM.PageOccupancy,4608,1
3,70,8867.8666118,1,VSM.LayoutRemap,0,1
3,70,8867.8666118,1,VSM.ResetFeedback,0,1
3,70,8867.8666118,1,VSM.MarkReceiverPages,607488,1
3,70,8867.8666118,1,VSM.Allocate,225792,1
3,70,8867.8666118,1,VSM.InvalidateStatic,37376,1
3,70,8867.8666118,1,VSM.ClearPhysicalPages,359424,1
3,70,8867.8666118,1,VSM.StaticCasterCull,61952,1
3,70,8867.8666118,1,VSM.DynamicCasterCull,0,1
3,70,8867.8666118,1,VSM.PageCull,37120,1
3,70,8867.8666118,1,VSM.StaticRaster,8534016,1
3,70,8867.8666118,1,VSM.FinalizePages,4096,1
3,70,8867.8666118,1,VSM.DynamicRaster,16128,1
3,70,8867.8666118,1,VSM.UnityCompatibilityRaster,0,0
3,70,8867.8666118,1,VSM.Resolve,11169792,1
3,70,8867.8666118,1,VSM.ResolveTrace,10940160,1
3,70,8867.8666118,1,VSM.FilterHorizontal,67328,1
3,70,8867.8666118,1,VSM.FilterVertical,0,0
3,70,8867.8666118,1,VSM.FilterTemporalVertical,161280,1
4,71,8867.9095694,1,VSM.PageOccupancy,3840,1
4,71,8867.9095694,1,VSM.LayoutRemap,0,1
4,71,8867.9095694,1,VSM.ResetFeedback,0,1
4,71,8867.9095694,1,VSM.MarkReceiverPages,607232,1
4,71,8867.9095694,1,VSM.Allocate,225280,1
4,71,8867.9095694,1,VSM.InvalidateStatic,37376,1
4,71,8867.9095694,1,VSM.ClearPhysicalPages,173824,1
4,71,8867.9095694,1,VSM.StaticCasterCull,56832,1
4,71,8867.9095694,1,VSM.DynamicCasterCull,0,1
4,71,8867.9095694,1,VSM.PageCull,38656,1
4,71,8867.9095694,1,VSM.StaticRaster,8511488,1
4,71,8867.9095694,1,VSM.FinalizePages,2304,1
4,71,8867.9095694,1,VSM.DynamicRaster,4096,1
4,71,8867.9095694,1,VSM.UnityCompatibilityRaster,0,0
4,71,8867.9095694,1,VSM.Resolve,10875648,1
4,71,8867.9095694,1,VSM.ResolveTrace,10651648,1
4,71,8867.9095694,1,VSM.FilterHorizontal,66816,1
4,71,8867.9095694,1,VSM.FilterVertical,0,0
4,71,8867.9095694,1,VSM.FilterTemporalVertical,155904,1
5,72,8867.9427673000009,1,VSM.PageOccupancy,4608,1
5,72,8867.9427673000009,1,VSM.LayoutRemap,0,1
5,72,8867.9427673000009,1,VSM.ResetFeedback,0,1
5,72,8867.9427673000009,1,VSM.MarkReceiverPages,607488,1
5,72,8867.9427673000009,1,VSM.Allocate,228096,1
5,72,8867.9427673000009,1,VSM.InvalidateStatic,37888,1
5,72,8867.9427673000009,1,VSM.ClearPhysicalPages,174592,1
5,72,8867.9427673000009,1,VSM.StaticCasterCull,57856,1
5,72,8867.9427673000009,1,VSM.DynamicCasterCull,256,1
5,72,8867.9427673000009,1,VSM.PageCull,38656,1
5,72,8867.9427673000009,1,VSM.StaticRaster,8564480,1
5,72,8867.9427673000009,1,VSM.FinalizePages,3072,1
5,72,8867.9427673000009,1,VSM.DynamicRaster,10240,1
5,72,8867.9427673000009,1,VSM.UnityCompatibilityRaster,0,0
5,72,8867.9427673000009,1,VSM.Resolve,10650624,1
5,72,8867.9427673000009,1,VSM.ResolveTrace,10424832,1
5,72,8867.9427673000009,1,VSM.FilterHorizontal,67328,1
5,72,8867.9427673000009,1,VSM.FilterVertical,0,0
5,72,8867.9427673000009,1,VSM.FilterTemporalVertical,157184,1
6,73,8867.9758517000009,1,VSM.PageOccupancy,4096,1
6,73,8867.9758517000009,1,VSM.LayoutRemap,0,1
6,73,8867.9758517000009,1,VSM.ResetFeedback,0,1
6,73,8867.9758517000009,1,VSM.MarkReceiverPages,606720,1
6,73,8867.9758517000009,1,VSM.Allocate,225792,1
6,73,8867.9758517000009,1,VSM.InvalidateStatic,37632,1
6,73,8867.9758517000009,1,VSM.ClearPhysicalPages,526080,1
6,73,8867.9758517000009,1,VSM.StaticCasterCull,63488,1
6,73,8867.9758517000009,1,VSM.DynamicCasterCull,0,1
6,73,8867.9758517000009,1,VSM.PageCull,38656,1
6,73,8867.9758517000009,1,VSM.StaticRaster,8219904,1
6,73,8867.9758517000009,1,VSM.FinalizePages,2304,1
6,73,8867.9758517000009,1,VSM.DynamicRaster,4096,1
6,73,8867.9758517000009,1,VSM.UnityCompatibilityRaster,0,0
6,73,8867.9758517000009,1,VSM.Resolve,11240704,1
6,73,8867.9758517000009,1,VSM.ResolveTrace,11017472,1
6,73,8867.9758517000009,1,VSM.FilterHorizontal,66816,1
6,73,8867.9758517000009,1,VSM.FilterVertical,0,0
6,73,8867.9758517000009,1,VSM.FilterTemporalVertical,155392,1
7,74,8868.0064368,1,VSM.PageOccupancy,3584,1
7,74,8868.0064368,1,VSM.LayoutRemap,0,1
7,74,8868.0064368,1,VSM.ResetFeedback,0,1
7,74,8868.0064368,1,VSM.MarkReceiverPages,606720,1
7,74,8868.0064368,1,VSM.Allocate,225792,1
7,74,8868.0064368,1,VSM.InvalidateStatic,37376,1
7,74,8868.0064368,1,VSM.ClearPhysicalPages,516352,1
7,74,8868.0064368,1,VSM.StaticCasterCull,65280,1
7,74,8868.0064368,1,VSM.DynamicCasterCull,0,1
7,74,8868.0064368,1,VSM.PageCull,39424,1
7,74,8868.0064368,1,VSM.StaticRaster,8268800,1
7,74,8868.0064368,1,VSM.FinalizePages,2304,1
7,74,8868.0064368,1,VSM.DynamicRaster,4096,1
7,74,8868.0064368,1,VSM.UnityCompatibilityRaster,0,0
7,74,8868.0064368,1,VSM.Resolve,10843904,1
7,74,8868.0064368,1,VSM.ResolveTrace,10619136,1
7,74,8868.0064368,1,VSM.FilterHorizontal,67072,1
7,74,8868.0064368,1,VSM.FilterVertical,0,0
7,74,8868.0064368,1,VSM.FilterTemporalVertical,156416,1
8,75,8868.0371361,1,VSM.PageOccupancy,4352,1
8,75,8868.0371361,1,VSM.LayoutRemap,0,1
8,75,8868.0371361,1,VSM.ResetFeedback,0,1
8,75,8868.0371361,1,VSM.MarkReceiverPages,610304,1
8,75,8868.0371361,1,VSM.Allocate,224256,1
8,75,8868.0371361,1,VSM.InvalidateStatic,37376,1
8,75,8868.0371361,1,VSM.ClearPhysicalPages,837376,1
8,75,8868.0371361,1,VSM.StaticCasterCull,66304,1
8,75,8868.0371361,1,VSM.DynamicCasterCull,0,1
8,75,8868.0371361,1,VSM.PageCull,39936,1
8,75,8868.0371361,1,VSM.StaticRaster,8627456,1
8,75,8868.0371361,1,VSM.FinalizePages,3584,1
8,75,8868.0371361,1,VSM.DynamicRaster,16896,1
8,75,8868.0371361,1,VSM.UnityCompatibilityRaster,0,0
8,75,8868.0371361,1,VSM.Resolve,10779136,1
8,75,8868.0371361,1,VSM.ResolveTrace,10549504,1
8,75,8868.0371361,1,VSM.FilterHorizontal,68096,1
8,75,8868.0371361,1,VSM.FilterVertical,0,0
8,75,8868.0371361,1,VSM.FilterTemporalVertical,160000,1
9,76,8868.0697505,1,VSM.PageOccupancy,4352,1
9,76,8868.0697505,1,VSM.LayoutRemap,0,1
9,76,8868.0697505,1,VSM.ResetFeedback,0,1
9,76,8868.0697505,1,VSM.MarkReceiverPages,607488,1
9,76,8868.0697505,1,VSM.Allocate,224000,1
9,76,8868.0697505,1,VSM.InvalidateStatic,40960,1
9,76,8868.0697505,1,VSM.ClearPhysicalPages,173568,1
9,76,8868.0697505,1,VSM.StaticCasterCull,54528,1
9,76,8868.0697505,1,VSM.DynamicCasterCull,0,1
9,76,8868.0697505,1,VSM.PageCull,35584,1
9,76,8868.0697505,1,VSM.StaticRaster,8119296,1
9,76,8868.0697505,1,VSM.FinalizePages,3840,1
9,76,8868.0697505,1,VSM.DynamicRaster,16128,1
9,76,8868.0697505,1,VSM.UnityCompatibilityRaster,0,0
9,76,8868.0697505,1,VSM.Resolve,9647360,1
9,76,8868.0697505,1,VSM.ResolveTrace,8818176,1
9,76,8868.0697505,1,VSM.FilterHorizontal,68864,1
9,76,8868.0697505,1,VSM.FilterVertical,0,0
9,76,8868.0697505,1,VSM.FilterTemporalVertical,162560,1
10,77,8868.1004301000012,1,VSM.PageOccupancy,3840,1
10,77,8868.1004301000012,1,VSM.LayoutRemap,0,1
10,77,8868.1004301000012,1,VSM.ResetFeedback,0,1
10,77,8868.1004301000012,1,VSM.MarkReceiverPages,606976,1
10,77,8868.1004301000012,1,VSM.Allocate,224256,1
10,77,8868.1004301000012,1,VSM.InvalidateStatic,37632,1
10,77,8868.1004301000012,1,VSM.ClearPhysicalPages,366080,1
10,77,8868.1004301000012,1,VSM.StaticCasterCull,62208,1
10,77,8868.1004301000012,1,VSM.DynamicCasterCull,0,1
10,77,8868.1004301000012,1,VSM.PageCull,38656,1
10,77,8868.1004301000012,1,VSM.StaticRaster,8680960,1
10,77,8868.1004301000012,1,VSM.FinalizePages,2048,1
10,77,8868.1004301000012,1,VSM.DynamicRaster,4096,1
10,77,8868.1004301000012,1,VSM.UnityCompatibilityRaster,0,0
10,77,8868.1004301000012,1,VSM.Resolve,9977344,1
10,77,8868.1004301000012,1,VSM.ResolveTrace,9747456,1
10,77,8868.1004301000012,1,VSM.FilterHorizontal,67840,1
10,77,8868.1004301000012,1,VSM.FilterVertical,0,0
10,77,8868.1004301000012,1,VSM.FilterTemporalVertical,161024,1
11,78,8868.1321857,1,VSM.PageOccupancy,3328,1
11,78,8868.1321857,1,VSM.LayoutRemap,0,1
11,78,8868.1321857,1,VSM.ResetFeedback,0,1
11,78,8868.1321857,1,VSM.MarkReceiverPages,609024,1
11,78,8868.1321857,1,VSM.Allocate,227328,1
11,78,8868.1321857,1,VSM.InvalidateStatic,37632,1
11,78,8868.1321857,1,VSM.ClearPhysicalPages,531968,1
11,78,8868.1321857,1,VSM.StaticCasterCull,62976,1
11,78,8868.1321857,1,VSM.DynamicCasterCull,0,1
11,78,8868.1321857,1,VSM.PageCull,38144,1
11,78,8868.1321857,1,VSM.StaticRaster,8192512,1
11,78,8868.1321857,1,VSM.FinalizePages,2560,1
11,78,8868.1321857,1,VSM.DynamicRaster,4352,1
11,78,8868.1321857,1,VSM.UnityCompatibilityRaster,0,0
11,78,8868.1321857,1,VSM.Resolve,10823424,1
11,78,8868.1321857,1,VSM.ResolveTrace,10408448,1
11,78,8868.1321857,1,VSM.FilterHorizontal,257792,1
11,78,8868.1321857,1,VSM.FilterVertical,0,0
11,78,8868.1321857,1,VSM.FilterTemporalVertical,156160,1
12,79,8868.1654801,1,VSM.PageOccupancy,3840,1
12,79,8868.1654801,1,VSM.LayoutRemap,0,1
12,79,8868.1654801,1,VSM.ResetFeedback,0,1
12,79,8868.1654801,1,VSM.MarkReceiverPages,607232,1
12,79,8868.1654801,1,VSM.Allocate,222976,1
12,79,8868.1654801,1,VSM.InvalidateStatic,37376,1
12,79,8868.1654801,1,VSM.ClearPhysicalPages,173056,1
12,79,8868.1654801,1,VSM.StaticCasterCull,56576,1
12,79,8868.1654801,1,VSM.DynamicCasterCull,256,1
12,79,8868.1654801,1,VSM.PageCull,37632,1
12,79,8868.1654801,1,VSM.StaticRaster,8366080,1
12,79,8868.1654801,1,VSM.FinalizePages,4608,1
12,79,8868.1654801,1,VSM.DynamicRaster,15616,1
12,79,8868.1654801,1,VSM.UnityCompatibilityRaster,0,0
12,79,8868.1654801,1,VSM.Resolve,10110720,1
12,79,8868.1654801,1,VSM.ResolveTrace,9883392,1
12,79,8868.1654801,1,VSM.FilterHorizontal,67584,1
12,79,8868.1654801,1,VSM.FilterVertical,0,0
12,79,8868.1654801,1,VSM.FilterTemporalVertical,158208,1
13,80,8868.1965309,1,VSM.PageOccupancy,4352,1
13,80,8868.1965309,1,VSM.LayoutRemap,0,1
13,80,8868.1965309,1,VSM.ResetFeedback,0,1
13,80,8868.1965309,1,VSM.MarkReceiverPages,606208,1
13,80,8868.1965309,1,VSM.Allocate,226304,1
13,80,8868.1965309,1,VSM.InvalidateStatic,37376,1
13,80,8868.1965309,1,VSM.ClearPhysicalPages,173056,1
13,80,8868.1965309,1,VSM.StaticCasterCull,54784,1
13,80,8868.1965309,1,VSM.DynamicCasterCull,0,1
13,80,8868.1965309,1,VSM.PageCull,36608,1
13,80,8868.1965309,1,VSM.StaticRaster,8034304,1
13,80,8868.1965309,1,VSM.FinalizePages,2304,1
13,80,8868.1965309,1,VSM.DynamicRaster,4096,1
13,80,8868.1965309,1,VSM.UnityCompatibilityRaster,0,0
13,80,8868.1965309,1,VSM.Resolve,10226432,1
13,80,8868.1965309,1,VSM.ResolveTrace,10002432,1
13,80,8868.1965309,1,VSM.FilterHorizontal,65280,1
13,80,8868.1965309,1,VSM.FilterVertical,0,0
13,80,8868.1965309,1,VSM.FilterTemporalVertical,157696,1
14,81,8868.2302514,1,VSM.PageOccupancy,3328,1
14,81,8868.2302514,1,VSM.LayoutRemap,0,1
14,81,8868.2302514,1,VSM.ResetFeedback,0,1
14,81,8868.2302514,1,VSM.MarkReceiverPages,627712,1
14,81,8868.2302514,1,VSM.Allocate,223744,1
14,81,8868.2302514,1,VSM.InvalidateStatic,37376,1
14,81,8868.2302514,1,VSM.ClearPhysicalPages,445184,1
14,81,8868.2302514,1,VSM.StaticCasterCull,61952,1
14,81,8868.2302514,1,VSM.DynamicCasterCull,0,1
14,81,8868.2302514,1,VSM.PageCull,37376,1
14,81,8868.2302514,1,VSM.StaticRaster,8437504,1
14,81,8868.2302514,1,VSM.FinalizePages,2048,1
14,81,8868.2302514,1,VSM.DynamicRaster,4352,1
14,81,8868.2302514,1,VSM.UnityCompatibilityRaster,0,0
14,81,8868.2302514,1,VSM.Resolve,11287808,1
14,81,8868.2302514,1,VSM.ResolveTrace,11060992,1
14,81,8868.2302514,1,VSM.FilterHorizontal,67072,1
14,81,8868.2302514,1,VSM.FilterVertical,0,0
14,81,8868.2302514,1,VSM.FilterTemporalVertical,158464,1
15,82,8868.2617815000012,1,VSM.PageOccupancy,4864,1
15,82,8868.2617815000012,1,VSM.LayoutRemap,0,1
15,82,8868.2617815000012,1,VSM.ResetFeedback,0,1
15,82,8868.2617815000012,1,VSM.MarkReceiverPages,606464,1
15,82,8868.2617815000012,1,VSM.Allocate,225536,1
15,82,8868.2617815000012,1,VSM.InvalidateStatic,37376,1
15,82,8868.2617815000012,1,VSM.ClearPhysicalPages,537344,1
15,82,8868.2617815000012,1,VSM.StaticCasterCull,64256,1
15,82,8868.2617815000012,1,VSM.DynamicCasterCull,0,1
15,82,8868.2617815000012,1,VSM.PageCull,39168,1
15,82,8868.2617815000012,1,VSM.StaticRaster,8045568,1
15,82,8868.2617815000012,1,VSM.FinalizePages,3072,1
15,82,8868.2617815000012,1,VSM.DynamicRaster,8704,1
15,82,8868.2617815000012,1,VSM.UnityCompatibilityRaster,0,0
15,82,8868.2617815000012,1,VSM.Resolve,10434560,1
15,82,8868.2617815000012,1,VSM.ResolveTrace,10209536,1
15,82,8868.2617815000012,1,VSM.FilterHorizontal,66304,1
15,82,8868.2617815000012,1,VSM.FilterVertical,0,0
15,82,8868.2617815000012,1,VSM.FilterTemporalVertical,157440,1
16,83,8868.2933751,1,VSM.PageOccupancy,4608,1
16,83,8868.2933751,1,VSM.LayoutRemap,0,1
16,83,8868.2933751,1,VSM.ResetFeedback,0,1
16,83,8868.2933751,1,VSM.MarkReceiverPages,609536,1
16,83,8868.2933751,1,VSM.Allocate,228096,1
16,83,8868.2933751,1,VSM.InvalidateStatic,37632,1
16,83,8868.2933751,1,VSM.ClearPhysicalPages,174336,1
16,83,8868.2933751,1,VSM.StaticCasterCull,56320,1
16,83,8868.2933751,1,VSM.DynamicCasterCull,0,1
16,83,8868.2933751,1,VSM.PageCull,37888,1
16,83,8868.2933751,1,VSM.StaticRaster,8458496,1
16,83,8868.2933751,1,VSM.FinalizePages,3584,1
16,83,8868.2933751,1,VSM.DynamicRaster,15872,1
16,83,8868.2933751,1,VSM.UnityCompatibilityRaster,0,0
16,83,8868.2933751,1,VSM.Resolve,10453504,1
16,83,8868.2933751,1,VSM.ResolveTrace,10228480,1
16,83,8868.2933751,1,VSM.FilterHorizontal,66816,1
16,83,8868.2933751,1,VSM.FilterVertical,0,0
16,83,8868.2933751,1,VSM.FilterTemporalVertical,157440,1
17,84,8868.3245894000011,1,VSM.PageOccupancy,4096,1
17,84,8868.3245894000011,1,VSM.LayoutRemap,0,1
17,84,8868.3245894000011,1,VSM.ResetFeedback,0,1
17,84,8868.3245894000011,1,VSM.MarkReceiverPages,608768,1
17,84,8868.3245894000011,1,VSM.Allocate,225536,1
17,84,8868.3245894000011,1,VSM.InvalidateStatic,37376,1
17,84,8868.3245894000011,1,VSM.ClearPhysicalPages,173056,1
17,84,8868.3245894000011,1,VSM.StaticCasterCull,57856,1
17,84,8868.3245894000011,1,VSM.DynamicCasterCull,0,1
17,84,8868.3245894000011,1,VSM.PageCull,39424,1
17,84,8868.3245894000011,1,VSM.StaticRaster,8188672,1
17,84,8868.3245894000011,1,VSM.FinalizePages,1792,1
17,84,8868.3245894000011,1,VSM.DynamicRaster,4352,1
17,84,8868.3245894000011,1,VSM.UnityCompatibilityRaster,0,0
17,84,8868.3245894000011,1,VSM.Resolve,10643968,1
17,84,8868.3245894000011,1,VSM.ResolveTrace,10416384,1
17,84,8868.3245894000011,1,VSM.FilterHorizontal,67328,1
17,84,8868.3245894000011,1,VSM.FilterVertical,0,0
17,84,8868.3245894000011,1,VSM.FilterTemporalVertical,158976,1
18,85,8868.3569635,1,VSM.PageOccupancy,3840,1
18,85,8868.3569635,1,VSM.LayoutRemap,0,1
18,85,8868.3569635,1,VSM.ResetFeedback,0,1
18,85,8868.3569635,1,VSM.MarkReceiverPages,894976,1
18,85,8868.3569635,1,VSM.Allocate,226048,1
18,85,8868.3569635,1,VSM.InvalidateStatic,37376,1
18,85,8868.3569635,1,VSM.ClearPhysicalPages,172800,1
18,85,8868.3569635,1,VSM.StaticCasterCull,57088,1
18,85,8868.3569635,1,VSM.DynamicCasterCull,0,1
18,85,8868.3569635,1,VSM.PageCull,38912,1
18,85,8868.3569635,1,VSM.StaticRaster,8346624,1
18,85,8868.3569635,1,VSM.FinalizePages,4864,1
18,85,8868.3569635,1,VSM.DynamicRaster,16384,1
18,85,8868.3569635,1,VSM.UnityCompatibilityRaster,0,0
18,85,8868.3569635,1,VSM.Resolve,9811712,1
18,85,8868.3569635,1,VSM.ResolveTrace,9583872,1
18,85,8868.3569635,1,VSM.FilterHorizontal,67584,1
18,85,8868.3569635,1,VSM.FilterVertical,0,0
18,85,8868.3569635,1,VSM.FilterTemporalVertical,158976,1
19,86,8868.3906033,1,VSM.PageOccupancy,4352,1
19,86,8868.3906033,1,VSM.LayoutRemap,0,1
19,86,8868.3906033,1,VSM.ResetFeedback,0,1
19,86,8868.3906033,1,VSM.MarkReceiverPages,607488,1
19,86,8868.3906033,1,VSM.Allocate,224000,1
19,86,8868.3906033,1,VSM.InvalidateStatic,37376,1
19,86,8868.3906033,1,VSM.ClearPhysicalPages,537856,1
19,86,8868.3906033,1,VSM.StaticCasterCull,63232,1
19,86,8868.3906033,1,VSM.DynamicCasterCull,0,1
19,86,8868.3906033,1,VSM.PageCull,38912,1
19,86,8868.3906033,1,VSM.StaticRaster,8041216,1
19,86,8868.3906033,1,VSM.FinalizePages,4608,1
19,86,8868.3906033,1,VSM.DynamicRaster,16640,1
19,86,8868.3906033,1,VSM.UnityCompatibilityRaster,0,0
19,86,8868.3906033,1,VSM.Resolve,10368768,1
19,86,8868.3906033,1,VSM.ResolveTrace,10142976,1
19,86,8868.3906033,1,VSM.FilterHorizontal,67328,1
19,86,8868.3906033,1,VSM.FilterVertical,0,0
19,86,8868.3906033,1,VSM.FilterTemporalVertical,157184,1
20,87,8868.4227384,1,VSM.PageOccupancy,4608,1
20,87,8868.4227384,1,VSM.LayoutRemap,0,1
20,87,8868.4227384,1,VSM.ResetFeedback,0,1
20,87,8868.4227384,1,VSM.MarkReceiverPages,813568,1
20,87,8868.4227384,1,VSM.Allocate,225792,1
20,87,8868.4227384,1,VSM.InvalidateStatic,40704,1
20,87,8868.4227384,1,VSM.ClearPhysicalPages,175360,1
20,87,8868.4227384,1,VSM.StaticCasterCull,55808,1
20,87,8868.4227384,1,VSM.DynamicCasterCull,0,1
20,87,8868.4227384,1,VSM.PageCull,36864,1
20,87,8868.4227384,1,VSM.StaticRaster,8427008,1
20,87,8868.4227384,1,VSM.FinalizePages,4096,1
20,87,8868.4227384,1,VSM.DynamicRaster,16128,1
20,87,8868.4227384,1,VSM.UnityCompatibilityRaster,0,0
20,87,8868.4227384,1,VSM.Resolve,9698816,1
20,87,8868.4227384,1,VSM.ResolveTrace,9469952,1
20,87,8868.4227384,1,VSM.FilterHorizontal,68096,1
20,87,8868.4227384,1,VSM.FilterVertical,0,0
20,87,8868.4227384,1,VSM.FilterTemporalVertical,159488,1
21,88,8868.4532963,1,VSM.PageOccupancy,3584,1
21,88,8868.4532963,1,VSM.LayoutRemap,0,1
21,88,8868.4532963,1,VSM.ResetFeedback,0,1
21,88,8868.4532963,1,VSM.MarkReceiverPages,608768,1
21,88,8868.4532963,1,VSM.Allocate,227840,1
21,88,8868.4532963,1,VSM.InvalidateStatic,37632,1
21,88,8868.4532963,1,VSM.ClearPhysicalPages,174336,1
21,88,8868.4532963,1,VSM.StaticCasterCull,56832,1
21,88,8868.4532963,1,VSM.DynamicCasterCull,0,1
21,88,8868.4532963,1,VSM.PageCull,38144,1
21,88,8868.4532963,1,VSM.StaticRaster,8449536,1
21,88,8868.4532963,1,VSM.FinalizePages,2048,1
21,88,8868.4532963,1,VSM.DynamicRaster,4096,1
21,88,8868.4532963,1,VSM.UnityCompatibilityRaster,0,0
21,88,8868.4532963,1,VSM.Resolve,11397120,1
21,88,8868.4532963,1,VSM.ResolveTrace,11171840,1
21,88,8868.4532963,1,VSM.FilterHorizontal,66560,1
21,88,8868.4532963,1,VSM.FilterVertical,0,0
21,88,8868.4532963,1,VSM.FilterTemporalVertical,157440,1
22,89,8868.4844061,1,VSM.PageOccupancy,4608,1
22,89,8868.4844061,1,VSM.LayoutRemap,0,1
22,89,8868.4844061,1,VSM.ResetFeedback,0,1
22,89,8868.4844061,1,VSM.MarkReceiverPages,606976,1
22,89,8868.4844061,1,VSM.Allocate,223488,1
22,89,8868.4844061,1,VSM.InvalidateStatic,37632,1
22,89,8868.4844061,1,VSM.ClearPhysicalPages,173056,1
22,89,8868.4844061,1,VSM.StaticCasterCull,58112,1
22,89,8868.4844061,1,VSM.DynamicCasterCull,0,1
22,89,8868.4844061,1,VSM.PageCull,39424,1
22,89,8868.4844061,1,VSM.StaticRaster,8404736,1
22,89,8868.4844061,1,VSM.FinalizePages,4096,1
22,89,8868.4844061,1,VSM.DynamicRaster,18176,1
22,89,8868.4844061,1,VSM.UnityCompatibilityRaster,0,0
22,89,8868.4844061,1,VSM.Resolve,10367232,1
22,89,8868.4844061,1,VSM.ResolveTrace,10143232,1
22,89,8868.4844061,1,VSM.FilterHorizontal,65792,1
22,89,8868.4844061,1,VSM.FilterVertical,0,0
22,89,8868.4844061,1,VSM.FilterTemporalVertical,157184,1
23,90,8868.515735,1,VSM.PageOccupancy,4864,1
23,90,8868.515735,1,VSM.LayoutRemap,0,1
23,90,8868.515735,1,VSM.ResetFeedback,0,1
23,90,8868.515735,1,VSM.MarkReceiverPages,608000,1
23,90,8868.515735,1,VSM.Allocate,225280,1
23,90,8868.515735,1,VSM.InvalidateStatic,37376,1
23,90,8868.515735,1,VSM.ClearPhysicalPages,172800,1
23,90,8868.515735,1,VSM.StaticCasterCull,57856,1
23,90,8868.515735,1,VSM.DynamicCasterCull,0,1
23,90,8868.515735,1,VSM.PageCull,38656,1
23,90,8868.515735,1,VSM.StaticRaster,8141568,1
23,90,8868.515735,1,VSM.FinalizePages,3328,1
23,90,8868.515735,1,VSM.DynamicRaster,14848,1
23,90,8868.515735,1,VSM.UnityCompatibilityRaster,0,0
23,90,8868.515735,1,VSM.Resolve,10780928,1
23,90,8868.515735,1,VSM.ResolveTrace,10555136,1
23,90,8868.515735,1,VSM.FilterHorizontal,66560,1
23,90,8868.515735,1,VSM.FilterVertical,0,0
23,90,8868.515735,1,VSM.FilterTemporalVertical,157696,1
24,91,8868.5465315,1,VSM.PageOccupancy,4352,1
24,91,8868.5465315,1,VSM.LayoutRemap,0,1
24,91,8868.5465315,1,VSM.ResetFeedback,0,1
24,91,8868.5465315,1,VSM.MarkReceiverPages,608256,1
24,91,8868.5465315,1,VSM.Allocate,228864,1
24,91,8868.5465315,1,VSM.InvalidateStatic,37888,1
24,91,8868.5465315,1,VSM.ClearPhysicalPages,174592,1
24,91,8868.5465315,1,VSM.StaticCasterCull,55552,1
24,91,8868.5465315,1,VSM.DynamicCasterCull,0,1
24,91,8868.5465315,1,VSM.PageCull,37120,1
24,91,8868.5465315,1,VSM.StaticRaster,8437504,1
24,91,8868.5465315,1,VSM.FinalizePages,3072,1
24,91,8868.5465315,1,VSM.DynamicRaster,15616,1
24,91,8868.5465315,1,VSM.UnityCompatibilityRaster,0,0
24,91,8868.5465315,1,VSM.Resolve,11448576,1
24,91,8868.5465315,1,VSM.ResolveTrace,11225088,1
24,91,8868.5465315,1,VSM.FilterHorizontal,67072,1
24,91,8868.5465315,1,VSM.FilterVertical,0,0
24,91,8868.5465315,1,VSM.FilterTemporalVertical,155392,1
25,92,8868.5786467,1,VSM.PageOccupancy,3584,1
25,92,8868.5786467,1,VSM.LayoutRemap,0,1
25,92,8868.5786467,1,VSM.ResetFeedback,0,1
25,92,8868.5786467,1,VSM.MarkReceiverPages,607232,1
25,92,8868.5786467,1,VSM.Allocate,222976,1
25,92,8868.5786467,1,VSM.InvalidateStatic,37632,1
25,92,8868.5786467,1,VSM.ClearPhysicalPages,527616,1
25,92,8868.5786467,1,VSM.StaticCasterCull,61952,1
25,92,8868.5786467,1,VSM.DynamicCasterCull,0,1
25,92,8868.5786467,1,VSM.PageCull,36608,1
25,92,8868.5786467,1,VSM.StaticRaster,8656896,1
25,92,8868.5786467,1,VSM.FinalizePages,2304,1
25,92,8868.5786467,1,VSM.DynamicRaster,4096,1
25,92,8868.5786467,1,VSM.UnityCompatibilityRaster,0,0
25,92,8868.5786467,1,VSM.Resolve,10619904,1
25,92,8868.5786467,1,VSM.ResolveTrace,10395392,1
25,92,8868.5786467,1,VSM.FilterHorizontal,67584,1
25,92,8868.5786467,1,VSM.FilterVertical,0,0
25,92,8868.5786467,1,VSM.FilterTemporalVertical,156160,1
26,93,8868.608752,1,VSM.PageOccupancy,4096,1
26,93,8868.608752,1,VSM.LayoutRemap,0,1
26,93,8868.608752,1,VSM.ResetFeedback,0,1
26,93,8868.608752,1,VSM.MarkReceiverPages,607744,1
26,93,8868.608752,1,VSM.Allocate,225536,1
26,93,8868.608752,1,VSM.InvalidateStatic,37632,1
26,93,8868.608752,1,VSM.ClearPhysicalPages,517376,1
26,93,8868.608752,1,VSM.StaticCasterCull,63232,1
26,93,8868.608752,1,VSM.DynamicCasterCull,0,1
26,93,8868.608752,1,VSM.PageCull,38656,1
26,93,8868.608752,1,VSM.StaticRaster,8134656,1
26,93,8868.608752,1,VSM.FinalizePages,3584,1
26,93,8868.608752,1,VSM.DynamicRaster,15616,1
26,93,8868.608752,1,VSM.UnityCompatibilityRaster,0,0
26,93,8868.608752,1,VSM.Resolve,10840320,1
26,93,8868.608752,1,VSM.ResolveTrace,10615040,1
26,93,8868.608752,1,VSM.FilterHorizontal,67584,1
26,93,8868.608752,1,VSM.FilterVertical,0,0
26,93,8868.608752,1,VSM.FilterTemporalVertical,156672,1
27,94,8868.6411098,1,VSM.PageOccupancy,3584,1
27,94,8868.6411098,1,VSM.LayoutRemap,0,1
27,94,8868.6411098,1,VSM.ResetFeedback,0,1
27,94,8868.6411098,1,VSM.MarkReceiverPages,606976,1
27,94,8868.6411098,1,VSM.Allocate,223488,1
27,94,8868.6411098,1,VSM.InvalidateStatic,37120,1
27,94,8868.6411098,1,VSM.ClearPhysicalPages,173056,1
27,94,8868.6411098,1,VSM.StaticCasterCull,57088,1
27,94,8868.6411098,1,VSM.DynamicCasterCull,0,1
27,94,8868.6411098,1,VSM.PageCull,38144,1
27,94,8868.6411098,1,VSM.StaticRaster,8432384,1
27,94,8868.6411098,1,VSM.FinalizePages,2560,1
27,94,8868.6411098,1,VSM.DynamicRaster,4096,1
27,94,8868.6411098,1,VSM.UnityCompatibilityRaster,0,0
27,94,8868.6411098,1,VSM.Resolve,10401536,1
27,94,8868.6411098,1,VSM.ResolveTrace,10177792,1
27,94,8868.6411098,1,VSM.FilterHorizontal,65792,1
27,94,8868.6411098,1,VSM.FilterVertical,0,0
27,94,8868.6411098,1,VSM.FilterTemporalVertical,156672,1
28,95,8868.674136,1,VSM.PageOccupancy,3840,1
28,95,8868.674136,1,VSM.LayoutRemap,0,1
28,95,8868.674136,1,VSM.ResetFeedback,0,1
28,95,8868.674136,1,VSM.MarkReceiverPages,610304,1
28,95,8868.674136,1,VSM.Allocate,228352,1
28,95,8868.674136,1,VSM.InvalidateStatic,37632,1
28,95,8868.674136,1,VSM.ClearPhysicalPages,174592,1
28,95,8868.674136,1,VSM.StaticCasterCull,56832,1
28,95,8868.674136,1,VSM.DynamicCasterCull,0,1
28,95,8868.674136,1,VSM.PageCull,37632,1
28,95,8868.674136,1,VSM.StaticRaster,8038400,1
28,95,8868.674136,1,VSM.FinalizePages,2048,1
28,95,8868.674136,1,VSM.DynamicRaster,4096,1
28,95,8868.674136,1,VSM.UnityCompatibilityRaster,0,0
28,95,8868.674136,1,VSM.Resolve,9281536,1
28,95,8868.674136,1,VSM.ResolveTrace,8826624,1
28,95,8868.674136,1,VSM.FilterHorizontal,65792,1
28,95,8868.674136,1,VSM.FilterVertical,0,0
28,95,8868.674136,1,VSM.FilterTemporalVertical,157184,1
29,96,8868.7057947000012,1,VSM.PageOccupancy,3584,1
29,96,8868.7057947000012,1,VSM.LayoutRemap,0,1
29,96,8868.7057947000012,1,VSM.ResetFeedback,0,1
29,96,8868.7057947000012,1,VSM.MarkReceiverPages,608000,1
29,96,8868.7057947000012,1,VSM.Allocate,226816,1
29,96,8868.7057947000012,1,VSM.InvalidateStatic,37632,1
29,96,8868.7057947000012,1,VSM.ClearPhysicalPages,173056,1
29,96,8868.7057947000012,1,VSM.StaticCasterCull,55552,1
29,96,8868.7057947000012,1,VSM.DynamicCasterCull,0,1
29,96,8868.7057947000012,1,VSM.PageCull,36864,1
29,96,8868.7057947000012,1,VSM.StaticRaster,8842496,1
29,96,8868.7057947000012,1,VSM.FinalizePages,2560,1
29,96,8868.7057947000012,1,VSM.DynamicRaster,4352,1
29,96,8868.7057947000012,1,VSM.UnityCompatibilityRaster,0,0
29,96,8868.7057947000012,1,VSM.Resolve,10317824,1
29,96,8868.7057947000012,1,VSM.ResolveTrace,10094848,1
29,96,8868.7057947000012,1,VSM.FilterHorizontal,66048,1
29,96,8868.7057947000012,1,VSM.FilterVertical,0,0
29,96,8868.7057947000012,1,VSM.FilterTemporalVertical,155904,1
30,97,8868.7375640000009,1,VSM.PageOccupancy,4352,1
30,97,8868.7375640000009,1,VSM.LayoutRemap,0,1
30,97,8868.7375640000009,1,VSM.ResetFeedback,0,1
30,97,8868.7375640000009,1,VSM.MarkReceiverPages,609536,1
30,97,8868.7375640000009,1,VSM.Allocate,227328,1
30,97,8868.7375640000009,1,VSM.InvalidateStatic,40960,1
30,97,8868.7375640000009,1,VSM.ClearPhysicalPages,175104,1
30,97,8868.7375640000009,1,VSM.StaticCasterCull,57600,1
30,97,8868.7375640000009,1,VSM.DynamicCasterCull,0,1
30,97,8868.7375640000009,1,VSM.PageCull,37888,1
30,97,8868.7375640000009,1,VSM.StaticRaster,8872448,1
30,97,8868.7375640000009,1,VSM.FinalizePages,2304,1
30,97,8868.7375640000009,1,VSM.DynamicRaster,4352,1
30,97,8868.7375640000009,1,VSM.UnityCompatibilityRaster,0,0
30,97,8868.7375640000009,1,VSM.Resolve,10607104,1
30,97,8868.7375640000009,1,VSM.ResolveTrace,10380032,1
30,97,8868.7375640000009,1,VSM.FilterHorizontal,66816,1
30,97,8868.7375640000009,1,VSM.FilterVertical,0,0
30,97,8868.7375640000009,1,VSM.FilterTemporalVertical,158976,1
31,98,8868.7604649,1,VSM.PageOccupancy,3584,1
31,98,8868.7604649,1,VSM.LayoutRemap,0,1
31,98,8868.7604649,1,VSM.ResetFeedback,0,1
31,98,8868.7604649,1,VSM.MarkReceiverPages,608768,1
31,98,8868.7604649,1,VSM.Allocate,226816,1
31,98,8868.7604649,1,VSM.InvalidateStatic,37632,1
31,98,8868.7604649,1,VSM.ClearPhysicalPages,174592,1
31,98,8868.7604649,1,VSM.StaticCasterCull,56320,1
31,98,8868.7604649,1,VSM.DynamicCasterCull,0,1
31,98,8868.7604649,1,VSM.PageCull,37632,1
31,98,8868.7604649,1,VSM.StaticRaster,8754944,1
31,98,8868.7604649,1,VSM.FinalizePages,2048,1
31,98,8868.7604649,1,VSM.DynamicRaster,4096,1
31,98,8868.7604649,1,VSM.UnityCompatibilityRaster,0,0
31,98,8868.7604649,1,VSM.Resolve,10603264,1
31,98,8868.7604649,1,VSM.ResolveTrace,10377216,1
31,98,8868.7604649,1,VSM.FilterHorizontal,67584,1
31,98,8868.7604649,1,VSM.FilterVertical,0,0
31,98,8868.7604649,1,VSM.FilterTemporalVertical,157184,1
32,99,8868.7841141,1,VSM.PageOccupancy,3584,1
32,99,8868.7841141,1,VSM.LayoutRemap,0,1
32,99,8868.7841141,1,VSM.ResetFeedback,0,1
32,99,8868.7841141,1,VSM.MarkReceiverPages,607232,1
32,99,8868.7841141,1,VSM.Allocate,223744,1
32,99,8868.7841141,1,VSM.InvalidateStatic,37632,1
32,99,8868.7841141,1,VSM.ClearPhysicalPages,173056,1
32,99,8868.7841141,1,VSM.StaticCasterCull,57344,1
32,99,8868.7841141,1,VSM.DynamicCasterCull,0,1
32,99,8868.7841141,1,VSM.PageCull,38656,1
32,99,8868.7841141,1,VSM.StaticRaster,8789760,1
32,99,8868.7841141,1,VSM.FinalizePages,2048,1
32,99,8868.7841141,1,VSM.DynamicRaster,4096,1
32,99,8868.7841141,1,VSM.UnityCompatibilityRaster,0,0
32,99,8868.7841141,1,VSM.Resolve,10892544,1
32,99,8868.7841141,1,VSM.ResolveTrace,10669056,1
32,99,8868.7841141,1,VSM.FilterHorizontal,66048,1
32,99,8868.7841141,1,VSM.FilterVertical,0,0
32,99,8868.7841141,1,VSM.FilterTemporalVertical,156160,1
33,100,8868.806364,1,VSM.PageOccupancy,3072,1
33,100,8868.806364,1,VSM.LayoutRemap,0,1
33,100,8868.806364,1,VSM.ResetFeedback,0,1
33,100,8868.806364,1,VSM.MarkReceiverPages,608000,1
33,100,8868.806364,1,VSM.Allocate,223488,1
33,100,8868.806364,1,VSM.InvalidateStatic,0,0
33,100,8868.806364,1,VSM.ClearPhysicalPages,90624,1
33,100,8868.806364,1,VSM.StaticCasterCull,67072,1
33,100,8868.806364,1,VSM.DynamicCasterCull,0,1
33,100,8868.806364,1,VSM.PageCull,48128,1
33,100,8868.806364,1,VSM.StaticRaster,3328,1
33,100,8868.806364,1,VSM.FinalizePages,4352,1
33,100,8868.806364,1,VSM.DynamicRaster,12032,1
33,100,8868.806364,1,VSM.UnityCompatibilityRaster,0,0
33,100,8868.806364,1,VSM.Resolve,9388800,1
33,100,8868.806364,1,VSM.ResolveTrace,9161984,1
33,100,8868.806364,1,VSM.FilterHorizontal,67072,1
33,100,8868.806364,1,VSM.FilterVertical,0,0
33,100,8868.806364,1,VSM.FilterTemporalVertical,158208,1
34,101,8868.8287239,1,VSM.PageOccupancy,2304,1
34,101,8868.8287239,1,VSM.LayoutRemap,0,1
34,101,8868.8287239,1,VSM.ResetFeedback,0,1
34,101,8868.8287239,1,VSM.MarkReceiverPages,607488,1
34,101,8868.8287239,1,VSM.Allocate,223744,1
34,101,8868.8287239,1,VSM.InvalidateStatic,0,0
34,101,8868.8287239,1,VSM.ClearPhysicalPages,483840,1
34,101,8868.8287239,1,VSM.StaticCasterCull,74240,1
34,101,8868.8287239,1,VSM.DynamicCasterCull,0,1
34,101,8868.8287239,1,VSM.PageCull,48128,1
34,101,8868.8287239,1,VSM.StaticRaster,7680,1
34,101,8868.8287239,1,VSM.FinalizePages,4352,1
34,101,8868.8287239,1,VSM.DynamicRaster,12288,1
34,101,8868.8287239,1,VSM.UnityCompatibilityRaster,0,0
34,101,8868.8287239,1,VSM.Resolve,11163136,1
34,101,8868.8287239,1,VSM.ResolveTrace,10576640,1
34,101,8868.8287239,1,VSM.FilterHorizontal,68352,1
34,101,8868.8287239,1,VSM.FilterVertical,0,0
34,101,8868.8287239,1,VSM.FilterTemporalVertical,158464,1
35,102,8868.8510647,1,VSM.PageOccupancy,3072,1
35,102,8868.8510647,1,VSM.LayoutRemap,0,1
35,102,8868.8510647,1,VSM.ResetFeedback,0,1
35,102,8868.8510647,1,VSM.MarkReceiverPages,607232,1
35,102,8868.8510647,1,VSM.Allocate,225792,1
35,102,8868.8510647,1,VSM.InvalidateStatic,0,0
35,102,8868.8510647,1,VSM.ClearPhysicalPages,90112,1
35,102,8868.8510647,1,VSM.StaticCasterCull,67840,1
35,102,8868.8510647,1,VSM.DynamicCasterCull,256,1
35,102,8868.8510647,1,VSM.PageCull,49408,1
35,102,8868.8510647,1,VSM.StaticRaster,7168,1
35,102,8868.8510647,1,VSM.FinalizePages,2304,1
35,102,8868.8510647,1,VSM.DynamicRaster,14080,1
35,102,8868.8510647,1,VSM.UnityCompatibilityRaster,0,0
35,102,8868.8510647,1,VSM.Resolve,10568448,1
35,102,8868.8510647,1,VSM.ResolveTrace,10151680,1
35,102,8868.8510647,1,VSM.FilterHorizontal,66560,1
35,102,8868.8510647,1,VSM.FilterVertical,0,0
35,102,8868.8510647,1,VSM.FilterTemporalVertical,156416,1
36,103,8868.8739085,1,VSM.PageOccupancy,2816,1
36,103,8868.8739085,1,VSM.LayoutRemap,0,1
36,103,8868.8739085,1,VSM.ResetFeedback,0,1
36,103,8868.8739085,1,VSM.MarkReceiverPages,607232,1
36,103,8868.8739085,1,VSM.Allocate,224768,1
36,103,8868.8739085,1,VSM.InvalidateStatic,0,0
36,103,8868.8739085,1,VSM.ClearPhysicalPages,794368,1
36,103,8868.8739085,1,VSM.StaticCasterCull,72448,1
36,103,8868.8739085,1,VSM.DynamicCasterCull,0,1
36,103,8868.8739085,1,VSM.PageCull,47616,1
36,103,8868.8739085,1,VSM.StaticRaster,7168,1
36,103,8868.8739085,1,VSM.FinalizePages,2816,1
36,103,8868.8739085,1,VSM.DynamicRaster,13568,1
36,103,8868.8739085,1,VSM.UnityCompatibilityRaster,0,0
36,103,8868.8739085,1,VSM.Resolve,10287616,1
36,103,8868.8739085,1,VSM.ResolveTrace,10061824,1
36,103,8868.8739085,1,VSM.FilterHorizontal,67584,1
36,103,8868.8739085,1,VSM.FilterVertical,0,0
36,103,8868.8739085,1,VSM.FilterTemporalVertical,156928,1
37,104,8868.8964581,1,VSM.PageOccupancy,3840,1
37,104,8868.8964581,1,VSM.LayoutRemap,0,1
37,104,8868.8964581,1,VSM.ResetFeedback,0,1
37,104,8868.8964581,1,VSM.MarkReceiverPages,606464,1
37,104,8868.8964581,1,VSM.Allocate,225024,1
37,104,8868.8964581,1,VSM.InvalidateStatic,0,0
37,104,8868.8964581,1,VSM.ClearPhysicalPages,90368,1
37,104,8868.8964581,1,VSM.StaticCasterCull,68096,1
37,104,8868.8964581,1,VSM.DynamicCasterCull,0,1
37,104,8868.8964581,1,VSM.PageCull,49664,1
37,104,8868.8964581,1,VSM.StaticRaster,7168,1
37,104,8868.8964581,1,VSM.FinalizePages,3072,1
37,104,8868.8964581,1,VSM.DynamicRaster,13568,1
37,104,8868.8964581,1,VSM.UnityCompatibilityRaster,0,0
37,104,8868.8964581,1,VSM.Resolve,10280960,1
37,104,8868.8964581,1,VSM.ResolveTrace,10055168,1
37,104,8868.8964581,1,VSM.FilterHorizontal,67328,1
37,104,8868.8964581,1,VSM.FilterVertical,0,0
37,104,8868.8964581,1,VSM.FilterTemporalVertical,157184,1
38,105,8868.9173886,1,VSM.PageOccupancy,2816,1
38,105,8868.9173886,1,VSM.LayoutRemap,0,1
38,105,8868.9173886,1,VSM.ResetFeedback,0,1
38,105,8868.9173886,1,VSM.MarkReceiverPages,606464,1
38,105,8868.9173886,1,VSM.Allocate,225024,1
38,105,8868.9173886,1,VSM.InvalidateStatic,0,0
38,105,8868.9173886,1,VSM.ClearPhysicalPages,421376,1
38,105,8868.9173886,1,VSM.StaticCasterCull,72192,1
38,105,8868.9173886,1,VSM.DynamicCasterCull,0,1
38,105,8868.9173886,1,VSM.PageCull,47104,1
38,105,8868.9173886,1,VSM.StaticRaster,7424,1
38,105,8868.9173886,1,VSM.FinalizePages,4352,1
38,105,8868.9173886,1,VSM.DynamicRaster,11520,1
38,105,8868.9173886,1,VSM.UnityCompatibilityRaster,0,0
38,105,8868.9173886,1,VSM.Resolve,11200768,1
38,105,8868.9173886,1,VSM.ResolveTrace,10975232,1
38,105,8868.9173886,1,VSM.FilterHorizontal,68352,1
38,105,8868.9173886,1,VSM.FilterVertical,0,0
38,105,8868.9173886,1,VSM.FilterTemporalVertical,155904,1
39,106,8868.9392872,1,VSM.PageOccupancy,2816,1
39,106,8868.9392872,1,VSM.LayoutRemap,0,1
39,106,8868.9392872,1,VSM.ResetFeedback,0,1
39,106,8868.9392872,1,VSM.MarkReceiverPages,606464,1
39,106,8868.9392872,1,VSM.Allocate,225792,1
39,106,8868.9392872,1,VSM.InvalidateStatic,0,0
39,106,8868.9392872,1,VSM.ClearPhysicalPages,89600,1
39,106,8868.9392872,1,VSM.StaticCasterCull,67072,1
39,106,8868.9392872,1,VSM.DynamicCasterCull,0,1
39,106,8868.9392872,1,VSM.PageCull,48640,1
39,106,8868.9392872,1,VSM.StaticRaster,7168,1
39,106,8868.9392872,1,VSM.FinalizePages,3584,1
39,106,8868.9392872,1,VSM.DynamicRaster,14592,1
39,106,8868.9392872,1,VSM.UnityCompatibilityRaster,0,0
39,106,8868.9392872,1,VSM.Resolve,11361792,1
39,106,8868.9392872,1,VSM.ResolveTrace,11136256,1
39,106,8868.9392872,1,VSM.FilterHorizontal,67584,1
39,106,8868.9392872,1,VSM.FilterVertical,0,0
39,106,8868.9392872,1,VSM.FilterTemporalVertical,156672,1
40,107,8868.9623374,1,VSM.PageOccupancy,2560,1
40,107,8868.9623374,1,VSM.LayoutRemap,0,1
40,107,8868.9623374,1,VSM.ResetFeedback,0,1
40,107,8868.9623374,1,VSM.MarkReceiverPages,607488,1
40,107,8868.9623374,1,VSM.Allocate,226048,1
40,107,8868.9623374,1,VSM.InvalidateStatic,0,0
40,107,8868.9623374,1,VSM.ClearPhysicalPages,90112,1
40,107,8868.9623374,1,VSM.StaticCasterCull,67072,1
40,107,8868.9623374,1,VSM.DynamicCasterCull,0,1
40,107,8868.9623374,1,VSM.PageCull,48128,1
40,107,8868.9623374,1,VSM.StaticRaster,7680,1
40,107,8868.9623374,1,VSM.FinalizePages,3840,1
40,107,8868.9623374,1,VSM.DynamicRaster,13824,1
40,107,8868.9623374,1,VSM.UnityCompatibilityRaster,0,0
40,107,8868.9623374,1,VSM.Resolve,10208768,1
40,107,8868.9623374,1,VSM.ResolveTrace,9803264,1
40,107,8868.9623374,1,VSM.FilterHorizontal,66048,1
40,107,8868.9623374,1,VSM.FilterVertical,0,0
40,107,8868.9623374,1,VSM.FilterTemporalVertical,161024,1
41,108,8868.9828338,1,VSM.PageOccupancy,3584,1
41,108,8868.9828338,1,VSM.LayoutRemap,0,1
41,108,8868.9828338,1,VSM.ResetFeedback,0,1
41,108,8868.9828338,1,VSM.MarkReceiverPages,607488,1
41,108,8868.9828338,1,VSM.Allocate,223488,1
41,108,8868.9828338,1,VSM.InvalidateStatic,0,0
41,108,8868.9828338,1,VSM.ClearPhysicalPages,404992,1
41,108,8868.9828338,1,VSM.StaticCasterCull,70912,1
41,108,8868.9828338,1,VSM.DynamicCasterCull,0,1
41,108,8868.9828338,1,VSM.PageCull,43520,1
41,108,8868.9828338,1,VSM.StaticRaster,7168,1
41,108,8868.9828338,1,VSM.FinalizePages,3840,1
41,108,8868.9828338,1,VSM.DynamicRaster,10752,1
41,108,8868.9828338,1,VSM.UnityCompatibilityRaster,0,0
41,108,8868.9828338,1,VSM.Resolve,10803456,1
41,108,8868.9828338,1,VSM.ResolveTrace,10577408,1
41,108,8868.9828338,1,VSM.FilterHorizontal,67840,1
41,108,8868.9828338,1,VSM.FilterVertical,0,0
41,108,8868.9828338,1,VSM.FilterTemporalVertical,156928,1
42,109,8869.0055349000013,1,VSM.PageOccupancy,3584,1
42,109,8869.0055349000013,1,VSM.LayoutRemap,0,1
42,109,8869.0055349000013,1,VSM.ResetFeedback,0,1
42,109,8869.0055349000013,1,VSM.MarkReceiverPages,607232,1
42,109,8869.0055349000013,1,VSM.Allocate,225792,1
42,109,8869.0055349000013,1,VSM.InvalidateStatic,0,0
42,109,8869.0055349000013,1,VSM.ClearPhysicalPages,546048,1
42,109,8869.0055349000013,1,VSM.StaticCasterCull,68864,1
42,109,8869.0055349000013,1,VSM.DynamicCasterCull,256,1
42,109,8869.0055349000013,1,VSM.PageCull,48128,1
42,109,8869.0055349000013,1,VSM.StaticRaster,7424,1
42,109,8869.0055349000013,1,VSM.FinalizePages,3840,1
42,109,8869.0055349000013,1,VSM.DynamicRaster,11264,1
42,109,8869.0055349000013,1,VSM.UnityCompatibilityRaster,0,0
42,109,8869.0055349000013,1,VSM.Resolve,10776832,1
42,109,8869.0055349000013,1,VSM.ResolveTrace,10551296,1
42,109,8869.0055349000013,1,VSM.FilterHorizontal,67072,1
42,109,8869.0055349000013,1,VSM.FilterVertical,0,0
42,109,8869.0055349000013,1,VSM.FilterTemporalVertical,157696,1
43,110,8869.0273766000009,1,VSM.PageOccupancy,3072,1
43,110,8869.0273766000009,1,VSM.LayoutRemap,0,1
43,110,8869.0273766000009,1,VSM.ResetFeedback,0,1
43,110,8869.0273766000009,1,VSM.MarkReceiverPages,607232,1
43,110,8869.0273766000009,1,VSM.Allocate,225280,1
43,110,8869.0273766000009,1,VSM.InvalidateStatic,0,0
43,110,8869.0273766000009,1,VSM.ClearPhysicalPages,389888,1
43,110,8869.0273766000009,1,VSM.StaticCasterCull,67840,1
43,110,8869.0273766000009,1,VSM.DynamicCasterCull,0,1
43,110,8869.0273766000009,1,VSM.PageCull,43776,1
43,110,8869.0273766000009,1,VSM.StaticRaster,7168,1
43,110,8869.0273766000009,1,VSM.FinalizePages,3328,1
43,110,8869.0273766000009,1,VSM.DynamicRaster,12544,1
43,110,8869.0273766000009,1,VSM.UnityCompatibilityRaster,0,0
43,110,8869.0273766000009,1,VSM.Resolve,11203840,1
43,110,8869.0273766000009,1,VSM.ResolveTrace,10975744,1
43,110,8869.0273766000009,1,VSM.FilterHorizontal,66304,1
43,110,8869.0273766000009,1,VSM.FilterVertical,0,0
43,110,8869.0273766000009,1,VSM.FilterTemporalVertical,160512,1
44,111,8869.0520275,1,VSM.PageOccupancy,3072,1
44,111,8869.0520275,1,VSM.LayoutRemap,0,1
44,111,8869.0520275,1,VSM.ResetFeedback,0,1
44,111,8869.0520275,1,VSM.MarkReceiverPages,606208,1
44,111,8869.0520275,1,VSM.Allocate,226048,1
44,111,8869.0520275,1,VSM.InvalidateStatic,0,0
44,111,8869.0520275,1,VSM.ClearPhysicalPages,526336,1
44,111,8869.0520275,1,VSM.StaticCasterCull,72704,1
44,111,8869.0520275,1,VSM.DynamicCasterCull,0,1
44,111,8869.0520275,1,VSM.PageCull,48128,1
44,111,8869.0520275,1,VSM.StaticRaster,7168,1
44,111,8869.0520275,1,VSM.FinalizePages,3840,1
44,111,8869.0520275,1,VSM.DynamicRaster,12288,1
44,111,8869.0520275,1,VSM.UnityCompatibilityRaster,0,0
44,111,8869.0520275,1,VSM.Resolve,11077120,1
44,111,8869.0520275,1,VSM.ResolveTrace,10850560,1
44,111,8869.0520275,1,VSM.FilterHorizontal,67328,1
44,111,8869.0520275,1,VSM.FilterVertical,0,0
44,111,8869.0520275,1,VSM.FilterTemporalVertical,157952,1
45,112,8869.0738571,1,VSM.PageOccupancy,2560,1
45,112,8869.0738571,1,VSM.LayoutRemap,0,1
45,112,8869.0738571,1,VSM.ResetFeedback,0,1
45,112,8869.0738571,1,VSM.MarkReceiverPages,606720,1
45,112,8869.0738571,1,VSM.Allocate,226560,1
45,112,8869.0738571,1,VSM.InvalidateStatic,0,0
45,112,8869.0738571,1,VSM.ClearPhysicalPages,400640,1
45,112,8869.0738571,1,VSM.StaticCasterCull,68096,1
45,112,8869.0738571,1,VSM.DynamicCasterCull,0,1
45,112,8869.0738571,1,VSM.PageCull,44032,1
45,112,8869.0738571,1,VSM.StaticRaster,7424,1
45,112,8869.0738571,1,VSM.FinalizePages,4352,1
45,112,8869.0738571,1,VSM.DynamicRaster,11008,1
45,112,8869.0738571,1,VSM.UnityCompatibilityRaster,0,0
45,112,8869.0738571,1,VSM.Resolve,10419712,1
45,112,8869.0738571,1,VSM.ResolveTrace,10194944,1
45,112,8869.0738571,1,VSM.FilterHorizontal,67072,1
45,112,8869.0738571,1,VSM.FilterVertical,0,0
45,112,8869.0738571,1,VSM.FilterTemporalVertical,156672,1
46,113,8869.0955309,1,VSM.PageOccupancy,2816,1
46,113,8869.0955309,1,VSM.LayoutRemap,0,1
46,113,8869.0955309,1,VSM.ResetFeedback,0,1
46,113,8869.0955309,1,VSM.MarkReceiverPages,607488,1
46,113,8869.0955309,1,VSM.Allocate,225280,1
46,113,8869.0955309,1,VSM.InvalidateStatic,0,0
46,113,8869.0955309,1,VSM.ClearPhysicalPages,89600,1
46,113,8869.0955309,1,VSM.StaticCasterCull,67072,1
46,113,8869.0955309,1,VSM.DynamicCasterCull,0,1
46,113,8869.0955309,1,VSM.PageCull,48128,1
46,113,8869.0955309,1,VSM.StaticRaster,6912,1
46,113,8869.0955309,1,VSM.FinalizePages,3840,1
46,113,8869.0955309,1,VSM.DynamicRaster,14592,1
46,113,8869.0955309,1,VSM.UnityCompatibilityRaster,0,0
46,113,8869.0955309,1,VSM.Resolve,10900736,1
46,113,8869.0955309,1,VSM.ResolveTrace,10378496,1
46,113,8869.0955309,1,VSM.FilterHorizontal,66304,1
46,113,8869.0955309,1,VSM.FilterVertical,0,0
46,113,8869.0955309,1,VSM.FilterTemporalVertical,156160,1
47,114,8869.1162972,1,VSM.PageOccupancy,2816,1
47,114,8869.1162972,1,VSM.LayoutRemap,0,1
47,114,8869.1162972,1,VSM.ResetFeedback,0,1
47,114,8869.1162972,1,VSM.MarkReceiverPages,606720,1
47,114,8869.1162972,1,VSM.Allocate,226304,1
47,114,8869.1162972,1,VSM.InvalidateStatic,0,0
47,114,8869.1162972,1,VSM.ClearPhysicalPages,89856,1
47,114,8869.1162972,1,VSM.StaticCasterCull,62208,1
47,114,8869.1162972,1,VSM.DynamicCasterCull,0,1
47,114,8869.1162972,1,VSM.PageCull,43776,1
47,114,8869.1162972,1,VSM.StaticRaster,7680,1
47,114,8869.1162972,1,VSM.FinalizePages,3328,1
47,114,8869.1162972,1,VSM.DynamicRaster,11008,1
47,114,8869.1162972,1,VSM.UnityCompatibilityRaster,0,0
47,114,8869.1162972,1,VSM.Resolve,10390784,1
47,114,8869.1162972,1,VSM.ResolveTrace,9968896,1
47,114,8869.1162972,1,VSM.FilterHorizontal,65792,1
47,114,8869.1162972,1,VSM.FilterVertical,0,0
47,114,8869.1162972,1,VSM.FilterTemporalVertical,157696,1
48,115,8869.137007700001,1,VSM.PageOccupancy,3328,1
48,115,8869.137007700001,1,VSM.LayoutRemap,0,1
48,115,8869.137007700001,1,VSM.ResetFeedback,0,1
48,115,8869.137007700001,1,VSM.MarkReceiverPages,608256,1
48,115,8869.137007700001,1,VSM.Allocate,225792,1
48,115,8869.137007700001,1,VSM.InvalidateStatic,0,0
48,115,8869.137007700001,1,VSM.ClearPhysicalPages,89856,1
48,115,8869.137007700001,1,VSM.StaticCasterCull,66816,1
48,115,8869.137007700001,1,VSM.DynamicCasterCull,0,1
48,115,8869.137007700001,1,VSM.PageCull,48128,1
48,115,8869.137007700001,1,VSM.StaticRaster,7680,1
48,115,8869.137007700001,1,VSM.FinalizePages,2816,1
48,115,8869.137007700001,1,VSM.DynamicRaster,12288,1
48,115,8869.137007700001,1,VSM.UnityCompatibilityRaster,0,0
48,115,8869.137007700001,1,VSM.Resolve,11045632,1
48,115,8869.137007700001,1,VSM.ResolveTrace,10823680,1
48,115,8869.137007700001,1,VSM.FilterHorizontal,65024,1
48,115,8869.137007700001,1,VSM.FilterVertical,0,0
48,115,8869.137007700001,1,VSM.FilterTemporalVertical,155904,1
49,116,8869.1584606,1,VSM.PageOccupancy,2816,1
49,116,8869.1584606,1,VSM.LayoutRemap,0,1
49,116,8869.1584606,1,VSM.ResetFeedback,0,1
49,116,8869.1584606,1,VSM.MarkReceiverPages,608000,1
49,116,8869.1584606,1,VSM.Allocate,222720,1
49,116,8869.1584606,1,VSM.InvalidateStatic,0,0
49,116,8869.1584606,1,VSM.ClearPhysicalPages,89088,1
49,116,8869.1584606,1,VSM.StaticCasterCull,67584,1
49,116,8869.1584606,1,VSM.DynamicCasterCull,0,1
49,116,8869.1584606,1,VSM.PageCull,48384,1
49,116,8869.1584606,1,VSM.StaticRaster,8960,1
49,116,8869.1584606,1,VSM.FinalizePages,3328,1
49,116,8869.1584606,1,VSM.DynamicRaster,14592,1
49,116,8869.1584606,1,VSM.UnityCompatibilityRaster,0,0
49,116,8869.1584606,1,VSM.Resolve,9497600,1
49,116,8869.1584606,1,VSM.ResolveTrace,9275904,1
49,116,8869.1584606,1,VSM.FilterHorizontal,64768,1
49,116,8869.1584606,1,VSM.FilterVertical,0,0
49,116,8869.1584606,1,VSM.FilterTemporalVertical,155904,1
50,117,8869.1808534000011,1,VSM.PageOccupancy,3328,1
50,117,8869.1808534000011,1,VSM.LayoutRemap,0,1
50,117,8869.1808534000011,1,VSM.ResetFeedback,0,1
50,117,8869.1808534000011,1,VSM.MarkReceiverPages,607232,1
50,117,8869.1808534000011,1,VSM.Allocate,223744,1
50,117,8869.1808534000011,1,VSM.InvalidateStatic,0,0
50,117,8869.1808534000011,1,VSM.ClearPhysicalPages,566272,1
50,117,8869.1808534000011,1,VSM.StaticCasterCull,69632,1
50,117,8869.1808534000011,1,VSM.DynamicCasterCull,0,1
50,117,8869.1808534000011,1,VSM.PageCull,49152,1
50,117,8869.1808534000011,1,VSM.StaticRaster,7168,1
50,117,8869.1808534000011,1,VSM.FinalizePages,3584,1
50,117,8869.1808534000011,1,VSM.DynamicRaster,12032,1
50,117,8869.1808534000011,1,VSM.UnityCompatibilityRaster,0,0
50,117,8869.1808534000011,1,VSM.Resolve,9974528,1
50,117,8869.1808534000011,1,VSM.ResolveTrace,9296896,1
50,117,8869.1808534000011,1,VSM.FilterHorizontal,67840,1
50,117,8869.1808534000011,1,VSM.FilterVertical,0,0
50,117,8869.1808534000011,1,VSM.FilterTemporalVertical,177408,1
51,118,8869.2035229000012,1,VSM.PageOccupancy,2560,1
51,118,8869.2035229000012,1,VSM.LayoutRemap,0,1
51,118,8869.2035229000012,1,VSM.ResetFeedback,0,1
51,118,8869.2035229000012,1,VSM.MarkReceiverPages,606464,1
51,118,8869.2035229000012,1,VSM.Allocate,225792,1
51,118,8869.2035229000012,1,VSM.InvalidateStatic,0,0
51,118,8869.2035229000012,1,VSM.ClearPhysicalPages,89856,1
51,118,8869.2035229000012,1,VSM.StaticCasterCull,69888,1
51,118,8869.2035229000012,1,VSM.DynamicCasterCull,0,1
51,118,8869.2035229000012,1,VSM.PageCull,50944,1
51,118,8869.2035229000012,1,VSM.StaticRaster,7424,1
51,118,8869.2035229000012,1,VSM.FinalizePages,3584,1
51,118,8869.2035229000012,1,VSM.DynamicRaster,12544,1
51,118,8869.2035229000012,1,VSM.UnityCompatibilityRaster,0,0
51,118,8869.2035229000012,1,VSM.Resolve,10287360,1
51,118,8869.2035229000012,1,VSM.ResolveTrace,10062336,1
51,118,8869.2035229000012,1,VSM.FilterHorizontal,67328,1
51,118,8869.2035229000012,1,VSM.FilterVertical,0,0
51,118,8869.2035229000012,1,VSM.FilterTemporalVertical,156160,1
52,119,8869.2266044,1,VSM.PageOccupancy,2816,1
52,119,8869.2266044,1,VSM.LayoutRemap,0,1
52,119,8869.2266044,1,VSM.ResetFeedback,0,1
52,119,8869.2266044,1,VSM.MarkReceiverPages,607232,1
52,119,8869.2266044,1,VSM.Allocate,225536,1
52,119,8869.2266044,1,VSM.InvalidateStatic,0,0
52,119,8869.2266044,1,VSM.ClearPhysicalPages,485888,1
52,119,8869.2266044,1,VSM.StaticCasterCull,67072,1
52,119,8869.2266044,1,VSM.DynamicCasterCull,0,1
52,119,8869.2266044,1,VSM.PageCull,46336,1
52,119,8869.2266044,1,VSM.StaticRaster,7168,1
52,119,8869.2266044,1,VSM.FinalizePages,4096,1
52,119,8869.2266044,1,VSM.DynamicRaster,12032,1
52,119,8869.2266044,1,VSM.UnityCompatibilityRaster,0,0
52,119,8869.2266044,1,VSM.Resolve,10621696,1
52,119,8869.2266044,1,VSM.ResolveTrace,10395136,1
52,119,8869.2266044,1,VSM.FilterHorizontal,67840,1
52,119,8869.2266044,1,VSM.FilterVertical,0,0
52,119,8869.2266044,1,VSM.FilterTemporalVertical,157952,1
53,120,8869.2478836000009,1,VSM.PageOccupancy,2560,1
53,120,8869.2478836000009,1,VSM.LayoutRemap,0,1
53,120,8869.2478836000009,1,VSM.ResetFeedback,0,1
53,120,8869.2478836000009,1,VSM.MarkReceiverPages,622080,1
53,120,8869.2478836000009,1,VSM.Allocate,226048,1
53,120,8869.2478836000009,1,VSM.InvalidateStatic,0,0
53,120,8869.2478836000009,1,VSM.ClearPhysicalPages,90112,1
53,120,8869.2478836000009,1,VSM.StaticCasterCull,60928,1
53,120,8869.2478836000009,1,VSM.DynamicCasterCull,0,1
53,120,8869.2478836000009,1,VSM.PageCull,42240,1
53,120,8869.2478836000009,1,VSM.StaticRaster,7168,1
53,120,8869.2478836000009,1,VSM.FinalizePages,3840,1
53,120,8869.2478836000009,1,VSM.DynamicRaster,11008,1
53,120,8869.2478836000009,1,VSM.UnityCompatibilityRaster,0,0
53,120,8869.2478836000009,1,VSM.Resolve,11744000,1
53,120,8869.2478836000009,1,VSM.ResolveTrace,11516672,1
53,120,8869.2478836000009,1,VSM.FilterHorizontal,68096,1
53,120,8869.2478836000009,1,VSM.FilterVertical,0,0
53,120,8869.2478836000009,1,VSM.FilterTemporalVertical,157952,1
54,121,8869.26937,1,VSM.PageOccupancy,3072,1
54,121,8869.26937,1,VSM.LayoutRemap,0,1
54,121,8869.26937,1,VSM.ResetFeedback,0,1
54,121,8869.26937,1,VSM.MarkReceiverPages,607744,1
54,121,8869.26937,1,VSM.Allocate,225792,1
54,121,8869.26937,1,VSM.InvalidateStatic,0,0
54,121,8869.26937,1,VSM.ClearPhysicalPages,89088,1
54,121,8869.26937,1,VSM.StaticCasterCull,72192,1
54,121,8869.26937,1,VSM.DynamicCasterCull,0,1
54,121,8869.26937,1,VSM.PageCull,53248,1
54,121,8869.26937,1,VSM.StaticRaster,7168,1
54,121,8869.26937,1,VSM.FinalizePages,2304,1
54,121,8869.26937,1,VSM.DynamicRaster,22272,1
54,121,8869.26937,1,VSM.UnityCompatibilityRaster,0,0
54,121,8869.26937,1,VSM.Resolve,10926592,1
54,121,8869.26937,1,VSM.ResolveTrace,10702080,1
54,121,8869.26937,1,VSM.FilterHorizontal,66816,1
54,121,8869.26937,1,VSM.FilterVertical,0,0
54,121,8869.26937,1,VSM.FilterTemporalVertical,156672,1
55,122,8869.2897351000011,1,VSM.PageOccupancy,3072,1
55,122,8869.2897351000011,1,VSM.LayoutRemap,0,1
55,122,8869.2897351000011,1,VSM.ResetFeedback,0,1
55,122,8869.2897351000011,1,VSM.MarkReceiverPages,1511936,1
55,122,8869.2897351000011,1,VSM.Allocate,228864,1
55,122,8869.2897351000011,1,VSM.InvalidateStatic,0,0
55,122,8869.2897351000011,1,VSM.ClearPhysicalPages,89600,1
55,122,8869.2897351000011,1,VSM.StaticCasterCull,68864,1
55,122,8869.2897351000011,1,VSM.DynamicCasterCull,0,1
55,122,8869.2897351000011,1,VSM.PageCull,50176,1
55,122,8869.2897351000011,1,VSM.StaticRaster,7168,1
55,122,8869.2897351000011,1,VSM.FinalizePages,3840,1
55,122,8869.2897351000011,1,VSM.DynamicRaster,14080,1
55,122,8869.2897351000011,1,VSM.UnityCompatibilityRaster,0,0
55,122,8869.2897351000011,1,VSM.Resolve,10385152,1
55,122,8869.2897351000011,1,VSM.ResolveTrace,9265920,1
55,122,8869.2897351000011,1,VSM.FilterHorizontal,66304,1
55,122,8869.2897351000011,1,VSM.FilterVertical,0,0
55,122,8869.2897351000011,1,VSM.FilterTemporalVertical,1051904,1
56,123,8869.3107373,1,VSM.PageOccupancy,2560,1
56,123,8869.3107373,1,VSM.LayoutRemap,0,1
56,123,8869.3107373,1,VSM.ResetFeedback,0,1
56,123,8869.3107373,1,VSM.MarkReceiverPages,606976,1
56,123,8869.3107373,1,VSM.Allocate,223744,1
56,123,8869.3107373,1,VSM.InvalidateStatic,0,0
56,123,8869.3107373,1,VSM.ClearPhysicalPages,449024,1
56,123,8869.3107373,1,VSM.StaticCasterCull,72192,1
56,123,8869.3107373,1,VSM.DynamicCasterCull,0,1
56,123,8869.3107373,1,VSM.PageCull,47616,1
56,123,8869.3107373,1,VSM.StaticRaster,7168,1
56,123,8869.3107373,1,VSM.FinalizePages,4096,1
56,123,8869.3107373,1,VSM.DynamicRaster,11264,1
56,123,8869.3107373,1,VSM.UnityCompatibilityRaster,0,0
56,123,8869.3107373,1,VSM.Resolve,10921728,1
56,123,8869.3107373,1,VSM.ResolveTrace,10440448,1
56,123,8869.3107373,1,VSM.FilterHorizontal,66560,1
56,123,8869.3107373,1,VSM.FilterVertical,0,0
56,123,8869.3107373,1,VSM.FilterTemporalVertical,413440,1
57,124,8869.332122400001,1,VSM.PageOccupancy,2816,1
57,124,8869.332122400001,1,VSM.LayoutRemap,0,1
57,124,8869.332122400001,1,VSM.ResetFeedback,0,1
57,124,8869.332122400001,1,VSM.MarkReceiverPages,607232,1
57,124,8869.332122400001,1,VSM.Allocate,223488,1
57,124,8869.332122400001,1,VSM.InvalidateStatic,0,0
57,124,8869.332122400001,1,VSM.ClearPhysicalPages,504576,1
57,124,8869.332122400001,1,VSM.StaticCasterCull,67072,1
57,124,8869.332122400001,1,VSM.DynamicCasterCull,0,1
57,124,8869.332122400001,1,VSM.PageCull,46848,1
57,124,8869.332122400001,1,VSM.StaticRaster,4096,1
57,124,8869.332122400001,1,VSM.FinalizePages,4608,1
57,124,8869.332122400001,1,VSM.DynamicRaster,11520,1
57,124,8869.332122400001,1,VSM.UnityCompatibilityRaster,0,0
57,124,8869.332122400001,1,VSM.Resolve,10077952,1
57,124,8869.332122400001,1,VSM.ResolveTrace,9855232,1
57,124,8869.332122400001,1,VSM.FilterHorizontal,66048,1
57,124,8869.332122400001,1,VSM.FilterVertical,0,0
57,124,8869.332122400001,1,VSM.FilterTemporalVertical,155648,1
58,125,8869.3514621000013,1,VSM.PageOccupancy,2816,1
58,125,8869.3514621000013,1,VSM.LayoutRemap,0,1
58,125,8869.3514621000013,1,VSM.ResetFeedback,0,1
58,125,8869.3514621000013,1,VSM.MarkReceiverPages,606976,1
58,125,8869.3514621000013,1,VSM.Allocate,226048,1
58,125,8869.3514621000013,1,VSM.InvalidateStatic,0,0
58,125,8869.3514621000013,1,VSM.ClearPhysicalPages,89600,1
58,125,8869.3514621000013,1,VSM.StaticCasterCull,61184,1
58,125,8869.3514621000013,1,VSM.DynamicCasterCull,0,1
58,125,8869.3514621000013,1,VSM.PageCull,42752,1
58,125,8869.3514621000013,1,VSM.StaticRaster,7168,1
58,125,8869.3514621000013,1,VSM.FinalizePages,2560,1
58,125,8869.3514621000013,1,VSM.DynamicRaster,11008,1
58,125,8869.3514621000013,1,VSM.UnityCompatibilityRaster,0,0
58,125,8869.3514621000013,1,VSM.Resolve,9671680,1
58,125,8869.3514621000013,1,VSM.ResolveTrace,9444864,1
58,125,8869.3514621000013,1,VSM.FilterHorizontal,67328,1
58,125,8869.3514621000013,1,VSM.FilterVertical,0,0
58,125,8869.3514621000013,1,VSM.FilterTemporalVertical,158464,1
59,126,8869.3734579000011,1,VSM.PageOccupancy,3328,1
59,126,8869.3734579000011,1,VSM.LayoutRemap,0,1
59,126,8869.3734579000011,1,VSM.ResetFeedback,0,1
59,126,8869.3734579000011,1,VSM.MarkReceiverPages,606208,1
59,126,8869.3734579000011,1,VSM.Allocate,226304,1
59,126,8869.3734579000011,1,VSM.InvalidateStatic,0,0
59,126,8869.3734579000011,1,VSM.ClearPhysicalPages,548096,1
59,126,8869.3734579000011,1,VSM.StaticCasterCull,69376,1
59,126,8869.3734579000011,1,VSM.DynamicCasterCull,0,1
59,126,8869.3734579000011,1,VSM.PageCull,47872,1
59,126,8869.3734579000011,1,VSM.StaticRaster,7168,1
59,126,8869.3734579000011,1,VSM.FinalizePages,3840,1
59,126,8869.3734579000011,1,VSM.DynamicRaster,12288,1
59,126,8869.3734579000011,1,VSM.UnityCompatibilityRaster,0,0
59,126,8869.3734579000011,1,VSM.Resolve,9660928,1
59,126,8869.3734579000011,1,VSM.ResolveTrace,9436160,1
59,126,8869.3734579000011,1,VSM.FilterHorizontal,65792,1
59,126,8869.3734579000011,1,VSM.FilterVertical,0,0
59,126,8869.3734579000011,1,VSM.FilterTemporalVertical,157696,1
60,127,8869.3951284000013,1,VSM.PageOccupancy,2816,1
60,127,8869.3951284000013,1,VSM.LayoutRemap,0,1
60,127,8869.3951284000013,1,VSM.ResetFeedback,0,1
60,127,8869.3951284000013,1,VSM.MarkReceiverPages,607744,1
60,127,8869.3951284000013,1,VSM.Allocate,225792,1
60,127,8869.3951284000013,1,VSM.InvalidateStatic,0,0
60,127,8869.3951284000013,1,VSM.ClearPhysicalPages,274944,1
60,127,8869.3951284000013,1,VSM.StaticCasterCull,73472,1
60,127,8869.3951284000013,1,VSM.DynamicCasterCull,0,1
60,127,8869.3951284000013,1,VSM.PageCull,49408,1
60,127,8869.3951284000013,1,VSM.StaticRaster,7424,1
60,127,8869.3951284000013,1,VSM.FinalizePages,3584,1
60,127,8869.3951284000013,1,VSM.DynamicRaster,14336,1
60,127,8869.3951284000013,1,VSM.UnityCompatibilityRaster,0,0
60,127,8869.3951284000013,1,VSM.Resolve,10449152,1
60,127,8869.3951284000013,1,VSM.ResolveTrace,9797632,1
60,127,8869.3951284000013,1,VSM.FilterHorizontal,67840,1
60,127,8869.3951284000013,1,VSM.FilterVertical,0,0
60,127,8869.3951284000013,1,VSM.FilterTemporalVertical,161536,1
61,128,8869.4167264,1,VSM.PageOccupancy,3072,1
61,128,8869.4167264,1,VSM.LayoutRemap,0,1
61,128,8869.4167264,1,VSM.ResetFeedback,0,1
61,128,8869.4167264,1,VSM.MarkReceiverPages,610048,1
61,128,8869.4167264,1,VSM.Allocate,225280,1
61,128,8869.4167264,1,VSM.InvalidateStatic,0,0
61,128,8869.4167264,1,VSM.ClearPhysicalPages,91136,1
61,128,8869.4167264,1,VSM.StaticCasterCull,67072,1
61,128,8869.4167264,1,VSM.DynamicCasterCull,0,1
61,128,8869.4167264,1,VSM.PageCull,48128,1
61,128,8869.4167264,1,VSM.StaticRaster,7680,1
61,128,8869.4167264,1,VSM.FinalizePages,3072,1
61,128,8869.4167264,1,VSM.DynamicRaster,13824,1
61,128,8869.4167264,1,VSM.UnityCompatibilityRaster,0,0
61,128,8869.4167264,1,VSM.Resolve,10733056,1
61,128,8869.4167264,1,VSM.ResolveTrace,10506496,1
61,128,8869.4167264,1,VSM.FilterHorizontal,66560,1
61,128,8869.4167264,1,VSM.FilterVertical,0,0
61,128,8869.4167264,1,VSM.FilterTemporalVertical,158720,1
62,129,8869.4400043,1,VSM.PageOccupancy,3072,1
62,129,8869.4400043,1,VSM.LayoutRemap,0,1
62,129,8869.4400043,1,VSM.ResetFeedback,0,1
62,129,8869.4400043,1,VSM.MarkReceiverPages,609792,1
62,129,8869.4400043,1,VSM.Allocate,226560,1
62,129,8869.4400043,1,VSM.InvalidateStatic,0,0
62,129,8869.4400043,1,VSM.ClearPhysicalPages,90880,1
62,129,8869.4400043,1,VSM.StaticCasterCull,68608,1
62,129,8869.4400043,1,VSM.DynamicCasterCull,0,1
62,129,8869.4400043,1,VSM.PageCull,50432,1
62,129,8869.4400043,1,VSM.StaticRaster,3072,1
62,129,8869.4400043,1,VSM.FinalizePages,4608,1
62,129,8869.4400043,1,VSM.DynamicRaster,13568,1
62,129,8869.4400043,1,VSM.UnityCompatibilityRaster,0,0
62,129,8869.4400043,1,VSM.Resolve,11442688,1
62,129,8869.4400043,1,VSM.ResolveTrace,11213056,1
62,129,8869.4400043,1,VSM.FilterHorizontal,68608,1
62,129,8869.4400043,1,VSM.FilterVertical,0,0
62,129,8869.4400043,1,VSM.FilterTemporalVertical,160256,1
63,130,8869.4635173,1,VSM.PageOccupancy,2816,1
63,130,8869.4635173,1,VSM.LayoutRemap,0,1
63,130,8869.4635173,1,VSM.ResetFeedback,0,1
63,130,8869.4635173,1,VSM.MarkReceiverPages,609280,1
63,130,8869.4635173,1,VSM.Allocate,227840,1
63,130,8869.4635173,1,VSM.InvalidateStatic,0,0
63,130,8869.4635173,1,VSM.ClearPhysicalPages,670464,1
63,130,8869.4635173,1,VSM.StaticCasterCull,71168,1
63,130,8869.4635173,1,VSM.DynamicCasterCull,0,1
63,130,8869.4635173,1,VSM.PageCull,46336,1
63,130,8869.4635173,1,VSM.StaticRaster,7168,1
63,130,8869.4635173,1,VSM.FinalizePages,3840,1
63,130,8869.4635173,1,VSM.DynamicRaster,12032,1
63,130,8869.4635173,1,VSM.UnityCompatibilityRaster,0,0
63,130,8869.4635173,1,VSM.Resolve,9880832,1
63,130,8869.4635173,1,VSM.ResolveTrace,9492224,1
63,130,8869.4635173,1,VSM.FilterHorizontal,66048,1
63,130,8869.4635173,1,VSM.FilterVertical,0,0
63,130,8869.4635173,1,VSM.FilterTemporalVertical,321280,1
64,131,8869.4852926,1,VSM.PageOccupancy,2816,1
64,131,8869.4852926,1,VSM.LayoutRemap,0,1
64,131,8869.4852926,1,VSM.ResetFeedback,0,1
64,131,8869.4852926,1,VSM.MarkReceiverPages,607232,1
64,131,8869.4852926,1,VSM.Allocate,225792,1
64,131,8869.4852926,1,VSM.InvalidateStatic,0,0
64,131,8869.4852926,1,VSM.ClearPhysicalPages,550912,1
64,131,8869.4852926,1,VSM.StaticCasterCull,66304,1
64,131,8869.4852926,1,VSM.DynamicCasterCull,0,1
64,131,8869.4852926,1,VSM.PageCull,45824,1
64,131,8869.4852926,1,VSM.StaticRaster,8448,1
64,131,8869.4852926,1,VSM.FinalizePages,4352,1
64,131,8869.4852926,1,VSM.DynamicRaster,18944,1
64,131,8869.4852926,1,VSM.UnityCompatibilityRaster,0,0
64,131,8869.4852926,1,VSM.Resolve,11196928,1
64,131,8869.4852926,1,VSM.ResolveTrace,10616064,1
64,131,8869.4852926,1,VSM.FilterHorizontal,68096,1
64,131,8869.4852926,1,VSM.FilterVertical,0,0
64,131,8869.4852926,1,VSM.FilterTemporalVertical,159232,1
65,132,8869.5065084,1,VSM.PageOccupancy,3072,1
65,132,8869.5065084,1,VSM.LayoutRemap,0,1
65,132,8869.5065084,1,VSM.ResetFeedback,0,1
65,132,8869.5065084,1,VSM.MarkReceiverPages,607488,1
65,132,8869.5065084,1,VSM.Allocate,226304,1
65,132,8869.5065084,1,VSM.InvalidateStatic,0,0
65,132,8869.5065084,1,VSM.ClearPhysicalPages,90112,1
65,132,8869.5065084,1,VSM.StaticCasterCull,66560,1
65,132,8869.5065084,1,VSM.DynamicCasterCull,0,1
65,132,8869.5065084,1,VSM.PageCull,47616,1
65,132,8869.5065084,1,VSM.StaticRaster,7424,1
65,132,8869.5065084,1,VSM.FinalizePages,2304,1
65,132,8869.5065084,1,VSM.DynamicRaster,13568,1
65,132,8869.5065084,1,VSM.UnityCompatibilityRaster,0,0
65,132,8869.5065084,1,VSM.Resolve,9997312,1
65,132,8869.5065084,1,VSM.ResolveTrace,9771520,1
65,132,8869.5065084,1,VSM.FilterHorizontal,67328,1
65,132,8869.5065084,1,VSM.FilterVertical,0,0
65,132,8869.5065084,1,VSM.FilterTemporalVertical,157440,1
66,133,8869.5277115,1,VSM.PageOccupancy,2560,1
66,133,8869.5277115,1,VSM.LayoutRemap,0,1
66,133,8869.5277115,1,VSM.ResetFeedback,0,1
66,133,8869.5277115,1,VSM.MarkReceiverPages,607232,1
66,133,8869.5277115,1,VSM.Allocate,225792,1
66,133,8869.5277115,1,VSM.InvalidateStatic,0,0
66,133,8869.5277115,1,VSM.ClearPhysicalPages,633088,1
66,133,8869.5277115,1,VSM.StaticCasterCull,69632,1
66,133,8869.5277115,1,VSM.DynamicCasterCull,0,1
66,133,8869.5277115,1,VSM.PageCull,49152,1
66,133,8869.5277115,1,VSM.StaticRaster,7680,1
66,133,8869.5277115,1,VSM.FinalizePages,4096,1
66,133,8869.5277115,1,VSM.DynamicRaster,12800,1
66,133,8869.5277115,1,VSM.UnityCompatibilityRaster,0,0
66,133,8869.5277115,1,VSM.Resolve,9981184,1
66,133,8869.5277115,1,VSM.ResolveTrace,9759232,1
66,133,8869.5277115,1,VSM.FilterHorizontal,66048,1
66,133,8869.5277115,1,VSM.FilterVertical,0,0
66,133,8869.5277115,1,VSM.FilterTemporalVertical,154880,1
67,134,8869.5521584,1,VSM.PageOccupancy,2816,1
67,134,8869.5521584,1,VSM.LayoutRemap,0,1
67,134,8869.5521584,1,VSM.ResetFeedback,0,1
67,134,8869.5521584,1,VSM.MarkReceiverPages,606720,1
67,134,8869.5521584,1,VSM.Allocate,223488,1
67,134,8869.5521584,1,VSM.InvalidateStatic,0,0
67,134,8869.5521584,1,VSM.ClearPhysicalPages,89600,1
67,134,8869.5521584,1,VSM.StaticCasterCull,68352,1
67,134,8869.5521584,1,VSM.DynamicCasterCull,0,1
67,134,8869.5521584,1,VSM.PageCull,49920,1
67,134,8869.5521584,1,VSM.StaticRaster,7168,1
67,134,8869.5521584,1,VSM.FinalizePages,2304,1
67,134,8869.5521584,1,VSM.DynamicRaster,13568,1
67,134,8869.5521584,1,VSM.UnityCompatibilityRaster,0,0
67,134,8869.5521584,1,VSM.Resolve,10182144,1
67,134,8869.5521584,1,VSM.ResolveTrace,9810688,1
67,134,8869.5521584,1,VSM.FilterHorizontal,67072,1
67,134,8869.5521584,1,VSM.FilterVertical,0,0
67,134,8869.5521584,1,VSM.FilterTemporalVertical,303360,1
68,135,8869.5742238,1,VSM.PageOccupancy,2816,1
68,135,8869.5742238,1,VSM.LayoutRemap,0,1
68,135,8869.5742238,1,VSM.ResetFeedback,0,1
68,135,8869.5742238,1,VSM.MarkReceiverPages,605952,1
68,135,8869.5742238,1,VSM.Allocate,237568,1
68,135,8869.5742238,1,VSM.InvalidateStatic,0,0
68,135,8869.5742238,1,VSM.ClearPhysicalPages,982272,1
68,135,8869.5742238,1,VSM.StaticCasterCull,75008,1
68,135,8869.5742238,1,VSM.DynamicCasterCull,0,1
68,135,8869.5742238,1,VSM.PageCull,50432,1
68,135,8869.5742238,1,VSM.StaticRaster,7168,1
68,135,8869.5742238,1,VSM.FinalizePages,4864,1
68,135,8869.5742238,1,VSM.DynamicRaster,12288,1
68,135,8869.5742238,1,VSM.UnityCompatibilityRaster,0,0
68,135,8869.5742238,1,VSM.Resolve,10322944,1
68,135,8869.5742238,1,VSM.ResolveTrace,10096384,1
68,135,8869.5742238,1,VSM.FilterHorizontal,67584,1
68,135,8869.5742238,1,VSM.FilterVertical,0,0
68,135,8869.5742238,1,VSM.FilterTemporalVertical,157696,1
69,136,8869.5955292,1,VSM.PageOccupancy,2560,1
69,136,8869.5955292,1,VSM.LayoutRemap,0,1
69,136,8869.5955292,1,VSM.ResetFeedback,0,1
69,136,8869.5955292,1,VSM.MarkReceiverPages,605440,1
69,136,8869.5955292,1,VSM.Allocate,224256,1
69,136,8869.5955292,1,VSM.InvalidateStatic,0,0
69,136,8869.5955292,1,VSM.ClearPhysicalPages,89856,1
69,136,8869.5955292,1,VSM.StaticCasterCull,67584,1
69,136,8869.5955292,1,VSM.DynamicCasterCull,0,1
69,136,8869.5955292,1,VSM.PageCull,49664,1
69,136,8869.5955292,1,VSM.StaticRaster,7424,1
69,136,8869.5955292,1,VSM.FinalizePages,3840,1
69,136,8869.5955292,1,VSM.DynamicRaster,13056,1
69,136,8869.5955292,1,VSM.UnityCompatibilityRaster,0,0
69,136,8869.5955292,1,VSM.Resolve,11399680,1
69,136,8869.5955292,1,VSM.ResolveTrace,11173376,1
69,136,8869.5955292,1,VSM.FilterHorizontal,67584,1
69,136,8869.5955292,1,VSM.FilterVertical,0,0
69,136,8869.5955292,1,VSM.FilterTemporalVertical,157952,1
70,137,8869.6179228,1,VSM.PageOccupancy,2560,1
70,137,8869.6179228,1,VSM.LayoutRemap,0,1
70,137,8869.6179228,1,VSM.ResetFeedback,0,1
70,137,8869.6179228,1,VSM.MarkReceiverPages,607488,1
70,137,8869.6179228,1,VSM.Allocate,223488,1
70,137,8869.6179228,1,VSM.InvalidateStatic,0,0
70,137,8869.6179228,1,VSM.ClearPhysicalPages,488960,1
70,137,8869.6179228,1,VSM.StaticCasterCull,72960,1
70,137,8869.6179228,1,VSM.DynamicCasterCull,0,1
70,137,8869.6179228,1,VSM.PageCull,48128,1
70,137,8869.6179228,1,VSM.StaticRaster,7424,1
70,137,8869.6179228,1,VSM.FinalizePages,3584,1
70,137,8869.6179228,1,VSM.DynamicRaster,12544,1
70,137,8869.6179228,1,VSM.UnityCompatibilityRaster,0,0
70,137,8869.6179228,1,VSM.Resolve,9825024,1
70,137,8869.6179228,1,VSM.ResolveTrace,9599232,1
70,137,8869.6179228,1,VSM.FilterHorizontal,67584,1
70,137,8869.6179228,1,VSM.FilterVertical,0,0
70,137,8869.6179228,1,VSM.FilterTemporalVertical,157184,1
71,138,8869.639739100001,1,VSM.PageOccupancy,3072,1
71,138,8869.639739100001,1,VSM.LayoutRemap,0,1
71,138,8869.639739100001,1,VSM.ResetFeedback,0,1
71,138,8869.639739100001,1,VSM.MarkReceiverPages,606720,1
71,138,8869.639739100001,1,VSM.Allocate,228352,1
71,138,8869.639739100001,1,VSM.InvalidateStatic,0,0
71,138,8869.639739100001,1,VSM.ClearPhysicalPages,90624,1
71,138,8869.639739100001,1,VSM.StaticCasterCull,68864,1
71,138,8869.639739100001,1,VSM.DynamicCasterCull,0,1
71,138,8869.639739100001,1,VSM.PageCull,49408,1
71,138,8869.639739100001,1,VSM.StaticRaster,7424,1
71,138,8869.639739100001,1,VSM.FinalizePages,2816,1
71,138,8869.639739100001,1,VSM.DynamicRaster,14336,1
71,138,8869.639739100001,1,VSM.UnityCompatibilityRaster,0,0
71,138,8869.639739100001,1,VSM.Resolve,10797824,1
71,138,8869.639739100001,1,VSM.ResolveTrace,10573056,1
71,138,8869.639739100001,1,VSM.FilterHorizontal,66560,1
71,138,8869.639739100001,1,VSM.FilterVertical,0,0
71,138,8869.639739100001,1,VSM.FilterTemporalVertical,157440,1
72,139,8869.6648131,1,VSM.PageOccupancy,3072,1
72,139,8869.6648131,1,VSM.LayoutRemap,0,1
72,139,8869.6648131,1,VSM.ResetFeedback,0,1
72,139,8869.6648131,1,VSM.MarkReceiverPages,606976,1
72,139,8869.6648131,1,VSM.Allocate,226048,1
72,139,8869.6648131,1,VSM.InvalidateStatic,0,0
72,139,8869.6648131,1,VSM.ClearPhysicalPages,964864,1
72,139,8869.6648131,1,VSM.StaticCasterCull,74496,1
72,139,8869.6648131,1,VSM.DynamicCasterCull,0,1
72,139,8869.6648131,1,VSM.PageCull,47616,1
72,139,8869.6648131,1,VSM.StaticRaster,7424,1
72,139,8869.6648131,1,VSM.FinalizePages,3840,1
72,139,8869.6648131,1,VSM.DynamicRaster,11776,1
72,139,8869.6648131,1,VSM.UnityCompatibilityRaster,0,0
72,139,8869.6648131,1,VSM.Resolve,10684928,1
72,139,8869.6648131,1,VSM.ResolveTrace,9988608,1
72,139,8869.6648131,1,VSM.FilterHorizontal,68096,1
72,139,8869.6648131,1,VSM.FilterVertical,0,0
72,139,8869.6648131,1,VSM.FilterTemporalVertical,160256,1
73,140,8869.6862996,1,VSM.PageOccupancy,3072,1
73,140,8869.6862996,1,VSM.LayoutRemap,0,1
73,140,8869.6862996,1,VSM.ResetFeedback,0,1
73,140,8869.6862996,1,VSM.MarkReceiverPages,607232,1
73,140,8869.6862996,1,VSM.Allocate,222976,1
73,140,8869.6862996,1,VSM.InvalidateStatic,0,0
73,140,8869.6862996,1,VSM.ClearPhysicalPages,90112,1
73,140,8869.6862996,1,VSM.StaticCasterCull,373504,1
73,140,8869.6862996,1,VSM.DynamicCasterCull,0,1
73,140,8869.6862996,1,VSM.PageCull,45312,1
73,140,8869.6862996,1,VSM.StaticRaster,3072,1
73,140,8869.6862996,1,VSM.FinalizePages,3840,1
73,140,8869.6862996,1,VSM.DynamicRaster,12544,1
73,140,8869.6862996,1,VSM.UnityCompatibilityRaster,0,0
73,140,8869.6862996,1,VSM.Resolve,10892032,1
73,140,8869.6862996,1,VSM.ResolveTrace,10062080,1
73,140,8869.6862996,1,VSM.FilterHorizontal,67072,1
73,140,8869.6862996,1,VSM.FilterVertical,0,0
73,140,8869.6862996,1,VSM.FilterTemporalVertical,761856,1
74,141,8869.7097246000012,1,VSM.PageOccupancy,3328,1
74,141,8869.7097246000012,1,VSM.LayoutRemap,0,1
74,141,8869.7097246000012,1,VSM.ResetFeedback,0,1
74,141,8869.7097246000012,1,VSM.MarkReceiverPages,607232,1
74,141,8869.7097246000012,1,VSM.Allocate,226048,1
74,141,8869.7097246000012,1,VSM.InvalidateStatic,0,0
74,141,8869.7097246000012,1,VSM.ClearPhysicalPages,446976,1
74,141,8869.7097246000012,1,VSM.StaticCasterCull,74752,1
74,141,8869.7097246000012,1,VSM.DynamicCasterCull,0,1
74,141,8869.7097246000012,1,VSM.PageCull,48384,1
74,141,8869.7097246000012,1,VSM.StaticRaster,8448,1
74,141,8869.7097246000012,1,VSM.FinalizePages,3328,1
74,141,8869.7097246000012,1,VSM.DynamicRaster,11264,1
74,141,8869.7097246000012,1,VSM.UnityCompatibilityRaster,0,0
74,141,8869.7097246000012,1,VSM.Resolve,11454720,1
74,141,8869.7097246000012,1,VSM.ResolveTrace,11228672,1
74,141,8869.7097246000012,1,VSM.FilterHorizontal,67584,1
74,141,8869.7097246000012,1,VSM.FilterVertical,0,0
74,141,8869.7097246000012,1,VSM.FilterTemporalVertical,157440,1
75,142,8869.7318481,1,VSM.PageOccupancy,2560,1
75,142,8869.7318481,1,VSM.LayoutRemap,0,1
75,142,8869.7318481,1,VSM.ResetFeedback,0,1
75,142,8869.7318481,1,VSM.MarkReceiverPages,608000,1
75,142,8869.7318481,1,VSM.Allocate,225536,1
75,142,8869.7318481,1,VSM.InvalidateStatic,0,0
75,142,8869.7318481,1,VSM.ClearPhysicalPages,435712,1
75,142,8869.7318481,1,VSM.StaticCasterCull,69376,1
75,142,8869.7318481,1,VSM.DynamicCasterCull,0,1
75,142,8869.7318481,1,VSM.PageCull,47872,1
75,142,8869.7318481,1,VSM.StaticRaster,7680,1
75,142,8869.7318481,1,VSM.FinalizePages,4608,1
75,142,8869.7318481,1,VSM.DynamicRaster,11520,1
75,142,8869.7318481,1,VSM.UnityCompatibilityRaster,0,0
75,142,8869.7318481,1,VSM.Resolve,9333760,1
75,142,8869.7318481,1,VSM.ResolveTrace,8945152,1
75,142,8869.7318481,1,VSM.FilterHorizontal,65792,1
75,142,8869.7318481,1,VSM.FilterVertical,0,0
75,142,8869.7318481,1,VSM.FilterTemporalVertical,322048,1
76,143,8869.7534031000014,1,VSM.PageOccupancy,2560,1
76,143,8869.7534031000014,1,VSM.LayoutRemap,0,1
76,143,8869.7534031000014,1,VSM.ResetFeedback,0,1
76,143,8869.7534031000014,1,VSM.MarkReceiverPages,605696,1
76,143,8869.7534031000014,1,VSM.Allocate,224000,1
76,143,8869.7534031000014,1,VSM.InvalidateStatic,0,0
76,143,8869.7534031000014,1,VSM.ClearPhysicalPages,89600,1
76,143,8869.7534031000014,1,VSM.StaticCasterCull,66560,1
76,143,8869.7534031000014,1,VSM.DynamicCasterCull,0,1
76,143,8869.7534031000014,1,VSM.PageCull,47872,1
76,143,8869.7534031000014,1,VSM.StaticRaster,7680,1
76,143,8869.7534031000014,1,VSM.FinalizePages,4096,1
76,143,8869.7534031000014,1,VSM.DynamicRaster,13568,1
76,143,8869.7534031000014,1,VSM.UnityCompatibilityRaster,0,0
76,143,8869.7534031000014,1,VSM.Resolve,10812160,1
76,143,8869.7534031000014,1,VSM.ResolveTrace,10586368,1
76,143,8869.7534031000014,1,VSM.FilterHorizontal,66816,1
76,143,8869.7534031000014,1,VSM.FilterVertical,0,0
76,143,8869.7534031000014,1,VSM.FilterTemporalVertical,157696,1
77,144,8869.7756804,1,VSM.PageOccupancy,2816,1
77,144,8869.7756804,1,VSM.LayoutRemap,0,1
77,144,8869.7756804,1,VSM.ResetFeedback,0,1
77,144,8869.7756804,1,VSM.MarkReceiverPages,607232,1
77,144,8869.7756804,1,VSM.Allocate,226304,1
77,144,8869.7756804,1,VSM.InvalidateStatic,0,0
77,144,8869.7756804,1,VSM.ClearPhysicalPages,439552,1
77,144,8869.7756804,1,VSM.StaticCasterCull,70144,1
77,144,8869.7756804,1,VSM.DynamicCasterCull,0,1
77,144,8869.7756804,1,VSM.PageCull,46336,1
77,144,8869.7756804,1,VSM.StaticRaster,7168,1
77,144,8869.7756804,1,VSM.FinalizePages,4352,1
77,144,8869.7756804,1,VSM.DynamicRaster,11520,1
77,144,8869.7756804,1,VSM.UnityCompatibilityRaster,0,0
77,144,8869.7756804,1,VSM.Resolve,9683968,1
77,144,8869.7756804,1,VSM.ResolveTrace,9446144,1
77,144,8869.7756804,1,VSM.FilterHorizontal,66048,1
77,144,8869.7756804,1,VSM.FilterVertical,0,0
77,144,8869.7756804,1,VSM.FilterTemporalVertical,170752,1
78,145,8869.7977536,1,VSM.PageOccupancy,2816,1
78,145,8869.7977536,1,VSM.LayoutRemap,0,1
78,145,8869.7977536,1,VSM.ResetFeedback,0,1
78,145,8869.7977536,1,VSM.MarkReceiverPages,608000,1
78,145,8869.7977536,1,VSM.Allocate,225536,1
78,145,8869.7977536,1,VSM.InvalidateStatic,0,0
78,145,8869.7977536,1,VSM.ClearPhysicalPages,450048,1
78,145,8869.7977536,1,VSM.StaticCasterCull,73984,1
78,145,8869.7977536,1,VSM.DynamicCasterCull,0,1
78,145,8869.7977536,1,VSM.PageCull,48896,1
78,145,8869.7977536,1,VSM.StaticRaster,7424,1
78,145,8869.7977536,1,VSM.FinalizePages,4096,1
78,145,8869.7977536,1,VSM.DynamicRaster,11776,1
78,145,8869.7977536,1,VSM.UnityCompatibilityRaster,0,0
78,145,8869.7977536,1,VSM.Resolve,10866432,1
78,145,8869.7977536,1,VSM.ResolveTrace,10377472,1
78,145,8869.7977536,1,VSM.FilterHorizontal,327936,1
78,145,8869.7977536,1,VSM.FilterVertical,0,0
78,145,8869.7977536,1,VSM.FilterTemporalVertical,159744,1
79,146,8869.8210147,1,VSM.PageOccupancy,2816,1
79,146,8869.8210147,1,VSM.LayoutRemap,0,1
79,146,8869.8210147,1,VSM.ResetFeedback,0,1
79,146,8869.8210147,1,VSM.MarkReceiverPages,608512,1
79,146,8869.8210147,1,VSM.Allocate,227584,1
79,146,8869.8210147,1,VSM.InvalidateStatic,0,0
79,146,8869.8210147,1,VSM.ClearPhysicalPages,90368,1
79,146,8869.8210147,1,VSM.StaticCasterCull,68608,1
79,146,8869.8210147,1,VSM.DynamicCasterCull,0,1
79,146,8869.8210147,1,VSM.PageCull,49664,1
79,146,8869.8210147,1,VSM.StaticRaster,7424,1
79,146,8869.8210147,1,VSM.FinalizePages,3840,1
79,146,8869.8210147,1,VSM.DynamicRaster,14080,1
79,146,8869.8210147,1,VSM.UnityCompatibilityRaster,0,0
79,146,8869.8210147,1,VSM.Resolve,10339584,1
79,146,8869.8210147,1,VSM.ResolveTrace,10112000,1
79,146,8869.8210147,1,VSM.FilterHorizontal,66560,1
79,146,8869.8210147,1,VSM.FilterVertical,0,0
79,146,8869.8210147,1,VSM.FilterTemporalVertical,160256,1
80,147,8869.8434912000012,1,VSM.PageOccupancy,3328,1
80,147,8869.8434912000012,1,VSM.LayoutRemap,0,1
80,147,8869.8434912000012,1,VSM.ResetFeedback,0,1
80,147,8869.8434912000012,1,VSM.MarkReceiverPages,607488,1
80,147,8869.8434912000012,1,VSM.Allocate,224256,1
80,147,8869.8434912000012,1,VSM.InvalidateStatic,0,0
80,147,8869.8434912000012,1,VSM.ClearPhysicalPages,90624,1
80,147,8869.8434912000012,1,VSM.StaticCasterCull,65536,1
80,147,8869.8434912000012,1,VSM.DynamicCasterCull,0,1
80,147,8869.8434912000012,1,VSM.PageCull,46592,1
80,147,8869.8434912000012,1,VSM.StaticRaster,7424,1
80,147,8869.8434912000012,1,VSM.FinalizePages,4352,1
80,147,8869.8434912000012,1,VSM.DynamicRaster,12544,1
80,147,8869.8434912000012,1,VSM.UnityCompatibilityRaster,0,0
80,147,8869.8434912000012,1,VSM.Resolve,9867776,1
80,147,8869.8434912000012,1,VSM.ResolveTrace,9643008,1
80,147,8869.8434912000012,1,VSM.FilterHorizontal,65536,1
80,147,8869.8434912000012,1,VSM.FilterVertical,0,0
80,147,8869.8434912000012,1,VSM.FilterTemporalVertical,157696,1
81,148,8869.8654329,1,VSM.PageOccupancy,2816,1
81,148,8869.8654329,1,VSM.LayoutRemap,0,1
81,148,8869.8654329,1,VSM.ResetFeedback,0,1
81,148,8869.8654329,1,VSM.MarkReceiverPages,607744,1
81,148,8869.8654329,1,VSM.Allocate,226048,1
81,148,8869.8654329,1,VSM.InvalidateStatic,0,0
81,148,8869.8654329,1,VSM.ClearPhysicalPages,451072,1
81,148,8869.8654329,1,VSM.StaticCasterCull,72960,1
81,148,8869.8654329,1,VSM.DynamicCasterCull,0,1
81,148,8869.8654329,1,VSM.PageCull,47872,1
81,148,8869.8654329,1,VSM.StaticRaster,7424,1
81,148,8869.8654329,1,VSM.FinalizePages,4608,1
81,148,8869.8654329,1,VSM.DynamicRaster,12032,1
81,148,8869.8654329,1,VSM.UnityCompatibilityRaster,0,0
81,148,8869.8654329,1,VSM.Resolve,11241216,1
81,148,8869.8654329,1,VSM.ResolveTrace,11013632,1
81,148,8869.8654329,1,VSM.FilterHorizontal,67584,1
81,148,8869.8654329,1,VSM.FilterVertical,0,0
81,148,8869.8654329,1,VSM.FilterTemporalVertical,158720,1
82,149,8869.8878549,1,VSM.PageOccupancy,2560,1
82,149,8869.8878549,1,VSM.LayoutRemap,0,1
82,149,8869.8878549,1,VSM.ResetFeedback,0,1
82,149,8869.8878549,1,VSM.MarkReceiverPages,607744,1
82,149,8869.8878549,1,VSM.Allocate,226816,1
82,149,8869.8878549,1,VSM.InvalidateStatic,0,0
82,149,8869.8878549,1,VSM.ClearPhysicalPages,799488,1
82,149,8869.8878549,1,VSM.StaticCasterCull,73216,1
82,149,8869.8878549,1,VSM.DynamicCasterCull,0,1
82,149,8869.8878549,1,VSM.PageCull,48128,1
82,149,8869.8878549,1,VSM.StaticRaster,7168,1
82,149,8869.8878549,1,VSM.FinalizePages,4096,1
82,149,8869.8878549,1,VSM.DynamicRaster,13824,1
82,149,8869.8878549,1,VSM.UnityCompatibilityRaster,0,0
82,149,8869.8878549,1,VSM.Resolve,10244352,1
82,149,8869.8878549,1,VSM.ResolveTrace,10016000,1
82,149,8869.8878549,1,VSM.FilterHorizontal,67328,1
82,149,8869.8878549,1,VSM.FilterVertical,0,0
82,149,8869.8878549,1,VSM.FilterTemporalVertical,159488,1
83,150,8869.9118873,1,VSM.PageOccupancy,2560,1
83,150,8869.9118873,1,VSM.LayoutRemap,0,1
83,150,8869.9118873,1,VSM.ResetFeedback,0,1
83,150,8869.9118873,1,VSM.MarkReceiverPages,606976,1
83,150,8869.9118873,1,VSM.Allocate,226560,1
83,150,8869.9118873,1,VSM.InvalidateStatic,0,0
83,150,8869.9118873,1,VSM.ClearPhysicalPages,452096,1
83,150,8869.9118873,1,VSM.StaticCasterCull,70912,1
83,150,8869.9118873,1,VSM.DynamicCasterCull,0,1
83,150,8869.9118873,1,VSM.PageCull,49408,1
83,150,8869.9118873,1,VSM.StaticRaster,7168,1
83,150,8869.9118873,1,VSM.FinalizePages,4352,1
83,150,8869.9118873,1,VSM.DynamicRaster,11520,1
83,150,8869.9118873,1,VSM.UnityCompatibilityRaster,0,0
83,150,8869.9118873,1,VSM.Resolve,10855936,1
83,150,8869.9118873,1,VSM.ResolveTrace,10631424,1
83,150,8869.9118873,1,VSM.FilterHorizontal,66304,1
83,150,8869.9118873,1,VSM.FilterVertical,0,0
83,150,8869.9118873,1,VSM.FilterTemporalVertical,156928,1
84,151,8869.9358382000009,1,VSM.PageOccupancy,3072,1
84,151,8869.9358382000009,1,VSM.LayoutRemap,0,1
84,151,8869.9358382000009,1,VSM.ResetFeedback,0,1
84,151,8869.9358382000009,1,VSM.MarkReceiverPages,607232,1
84,151,8869.9358382000009,1,VSM.Allocate,226048,1
84,151,8869.9358382000009,1,VSM.InvalidateStatic,0,0
84,151,8869.9358382000009,1,VSM.ClearPhysicalPages,452608,1
84,151,8869.9358382000009,1,VSM.StaticCasterCull,69632,1
84,151,8869.9358382000009,1,VSM.DynamicCasterCull,0,1
84,151,8869.9358382000009,1,VSM.PageCull,45056,1
84,151,8869.9358382000009,1,VSM.StaticRaster,7168,1
84,151,8869.9358382000009,1,VSM.FinalizePages,3840,1
84,151,8869.9358382000009,1,VSM.DynamicRaster,11264,1
84,151,8869.9358382000009,1,VSM.UnityCompatibilityRaster,0,0
84,151,8869.9358382000009,1,VSM.Resolve,9891584,1
84,151,8869.9358382000009,1,VSM.ResolveTrace,9665792,1
84,151,8869.9358382000009,1,VSM.FilterHorizontal,67840,1
84,151,8869.9358382000009,1,VSM.FilterVertical,0,0
84,151,8869.9358382000009,1,VSM.FilterTemporalVertical,156928,1
85,152,8869.9578063,1,VSM.PageOccupancy,2816,1
85,152,8869.9578063,1,VSM.LayoutRemap,0,1
85,152,8869.9578063,1,VSM.ResetFeedback,0,1
85,152,8869.9578063,1,VSM.MarkReceiverPages,607232,1
85,152,8869.9578063,1,VSM.Allocate,226304,1
85,152,8869.9578063,1,VSM.InvalidateStatic,0,0
85,152,8869.9578063,1,VSM.ClearPhysicalPages,434176,1
85,152,8869.9578063,1,VSM.StaticCasterCull,72448,1
85,152,8869.9578063,1,VSM.DynamicCasterCull,0,1
85,152,8869.9578063,1,VSM.PageCull,47616,1
85,152,8869.9578063,1,VSM.StaticRaster,7168,1
85,152,8869.9578063,1,VSM.FinalizePages,4864,1
85,152,8869.9578063,1,VSM.DynamicRaster,11008,1
85,152,8869.9578063,1,VSM.UnityCompatibilityRaster,0,0
85,152,8869.9578063,1,VSM.Resolve,10883328,1
85,152,8869.9578063,1,VSM.ResolveTrace,10656512,1
85,152,8869.9578063,1,VSM.FilterHorizontal,66048,1
85,152,8869.9578063,1,VSM.FilterVertical,0,0
85,152,8869.9578063,1,VSM.FilterTemporalVertical,159488,1
86,153,8869.980802600001,1,VSM.PageOccupancy,2816,1
86,153,8869.980802600001,1,VSM.LayoutRemap,0,1
86,153,8869.980802600001,1,VSM.ResetFeedback,0,1
86,153,8869.980802600001,1,VSM.MarkReceiverPages,605952,1
86,153,8869.980802600001,1,VSM.Allocate,224256,1
86,153,8869.980802600001,1,VSM.InvalidateStatic,0,0
86,153,8869.980802600001,1,VSM.ClearPhysicalPages,423680,1
86,153,8869.980802600001,1,VSM.StaticCasterCull,69632,1
86,153,8869.980802600001,1,VSM.DynamicCasterCull,0,1
86,153,8869.980802600001,1,VSM.PageCull,44288,1
86,153,8869.980802600001,1,VSM.StaticRaster,7424,1
86,153,8869.980802600001,1,VSM.FinalizePages,3840,1
86,153,8869.980802600001,1,VSM.DynamicRaster,11520,1
86,153,8869.980802600001,1,VSM.UnityCompatibilityRaster,0,0
86,153,8869.980802600001,1,VSM.Resolve,10713088,1
86,153,8869.980802600001,1,VSM.ResolveTrace,10486784,1
86,153,8869.980802600001,1,VSM.FilterHorizontal,67328,1
86,153,8869.980802600001,1,VSM.FilterVertical,0,0
86,153,8869.980802600001,1,VSM.FilterTemporalVertical,157696,1
87,154,8870.002153200001,1,VSM.PageOccupancy,3072,1
87,154,8870.002153200001,1,VSM.LayoutRemap,0,1
87,154,8870.002153200001,1,VSM.ResetFeedback,0,1
87,154,8870.002153200001,1,VSM.MarkReceiverPages,608512,1
87,154,8870.002153200001,1,VSM.Allocate,228096,1
87,154,8870.002153200001,1,VSM.InvalidateStatic,0,0
87,154,8870.002153200001,1,VSM.ClearPhysicalPages,90368,1
87,154,8870.002153200001,1,VSM.StaticCasterCull,67328,1
87,154,8870.002153200001,1,VSM.DynamicCasterCull,0,1
87,154,8870.002153200001,1,VSM.PageCull,48896,1
87,154,8870.002153200001,1,VSM.StaticRaster,3328,1
87,154,8870.002153200001,1,VSM.FinalizePages,2304,1
87,154,8870.002153200001,1,VSM.DynamicRaster,14336,1
87,154,8870.002153200001,1,VSM.UnityCompatibilityRaster,0,0
87,154,8870.002153200001,1,VSM.Resolve,10599680,1
87,154,8870.002153200001,1,VSM.ResolveTrace,10368256,1
87,154,8870.002153200001,1,VSM.FilterHorizontal,67328,1
87,154,8870.002153200001,1,VSM.FilterVertical,0,0
87,154,8870.002153200001,1,VSM.FilterTemporalVertical,163328,1
88,155,8870.023438,1,VSM.PageOccupancy,2560,1
88,155,8870.023438,1,VSM.LayoutRemap,0,1
88,155,8870.023438,1,VSM.ResetFeedback,0,1
88,155,8870.023438,1,VSM.MarkReceiverPages,607232,1
88,155,8870.023438,1,VSM.Allocate,223744,1
88,155,8870.023438,1,VSM.InvalidateStatic,0,0
88,155,8870.023438,1,VSM.ClearPhysicalPages,89856,1
88,155,8870.023438,1,VSM.StaticCasterCull,68608,1
88,155,8870.023438,1,VSM.DynamicCasterCull,0,1
88,155,8870.023438,1,VSM.PageCull,49920,1
88,155,8870.023438,1,VSM.StaticRaster,3328,1
88,155,8870.023438,1,VSM.FinalizePages,4096,1
88,155,8870.023438,1,VSM.DynamicRaster,14336,1
88,155,8870.023438,1,VSM.UnityCompatibilityRaster,0,0
88,155,8870.023438,1,VSM.Resolve,10725632,1
88,155,8870.023438,1,VSM.ResolveTrace,10499840,1
88,155,8870.023438,1,VSM.FilterHorizontal,65792,1
88,155,8870.023438,1,VSM.FilterVertical,0,0
88,155,8870.023438,1,VSM.FilterTemporalVertical,158464,1
89,156,8870.045406700001,1,VSM.PageOccupancy,3584,1
89,156,8870.045406700001,1,VSM.LayoutRemap,0,1
89,156,8870.045406700001,1,VSM.ResetFeedback,0,1
89,156,8870.045406700001,1,VSM.MarkReceiverPages,607232,1
89,156,8870.045406700001,1,VSM.Allocate,226048,1
89,156,8870.045406700001,1,VSM.InvalidateStatic,0,0
89,156,8870.045406700001,1,VSM.ClearPhysicalPages,89600,1
89,156,8870.045406700001,1,VSM.StaticCasterCull,68352,1
89,156,8870.045406700001,1,VSM.DynamicCasterCull,0,1
89,156,8870.045406700001,1,VSM.PageCull,49664,1
89,156,8870.045406700001,1,VSM.StaticRaster,7424,1
89,156,8870.045406700001,1,VSM.FinalizePages,2816,1
89,156,8870.045406700001,1,VSM.DynamicRaster,14080,1
89,156,8870.045406700001,1,VSM.UnityCompatibilityRaster,0,0
89,156,8870.045406700001,1,VSM.Resolve,11094784,1
89,156,8870.045406700001,1,VSM.ResolveTrace,10868224,1
89,156,8870.045406700001,1,VSM.FilterHorizontal,67584,1
89,156,8870.045406700001,1,VSM.FilterVertical,0,0
89,156,8870.045406700001,1,VSM.FilterTemporalVertical,157696,1
90,157,8870.0697526,1,VSM.PageOccupancy,2816,1
90,157,8870.0697526,1,VSM.LayoutRemap,0,1
90,157,8870.0697526,1,VSM.ResetFeedback,0,1
90,157,8870.0697526,1,VSM.MarkReceiverPages,607488,1
90,157,8870.0697526,1,VSM.Allocate,225024,1
90,157,8870.0697526,1,VSM.InvalidateStatic,0,0
90,157,8870.0697526,1,VSM.ClearPhysicalPages,89856,1
90,157,8870.0697526,1,VSM.StaticCasterCull,67584,1
90,157,8870.0697526,1,VSM.DynamicCasterCull,0,1
90,157,8870.0697526,1,VSM.PageCull,48640,1
90,157,8870.0697526,1,VSM.StaticRaster,3328,1
90,157,8870.0697526,1,VSM.FinalizePages,4096,1
90,157,8870.0697526,1,VSM.DynamicRaster,13568,1
90,157,8870.0697526,1,VSM.UnityCompatibilityRaster,0,0
90,157,8870.0697526,1,VSM.Resolve,10059776,1
90,157,8870.0697526,1,VSM.ResolveTrace,9832704,1
90,157,8870.0697526,1,VSM.FilterHorizontal,67840,1
90,157,8870.0697526,1,VSM.FilterVertical,0,0
90,157,8870.0697526,1,VSM.FilterTemporalVertical,157952,1
91,158,8870.0921745000014,1,VSM.PageOccupancy,3584,1
91,158,8870.0921745000014,1,VSM.LayoutRemap,0,1
91,158,8870.0921745000014,1,VSM.ResetFeedback,0,1
91,158,8870.0921745000014,1,VSM.MarkReceiverPages,607488,1
91,158,8870.0921745000014,1,VSM.Allocate,226560,1
91,158,8870.0921745000014,1,VSM.InvalidateStatic,0,0
91,158,8870.0921745000014,1,VSM.ClearPhysicalPages,396544,1
91,158,8870.0921745000014,1,VSM.StaticCasterCull,66816,1
91,158,8870.0921745000014,1,VSM.DynamicCasterCull,0,1
91,158,8870.0921745000014,1,VSM.PageCull,42752,1
91,158,8870.0921745000014,1,VSM.StaticRaster,3328,1
91,158,8870.0921745000014,1,VSM.FinalizePages,3328,1
91,158,8870.0921745000014,1,VSM.DynamicRaster,10752,1
91,158,8870.0921745000014,1,VSM.UnityCompatibilityRaster,0,0
91,158,8870.0921745000014,1,VSM.Resolve,10812416,1
91,158,8870.0921745000014,1,VSM.ResolveTrace,10588672,1
91,158,8870.0921745000014,1,VSM.FilterHorizontal,66048,1
91,158,8870.0921745000014,1,VSM.FilterVertical,0,0
91,158,8870.0921745000014,1,VSM.FilterTemporalVertical,156160,1
92,159,8870.1148220000014,1,VSM.PageOccupancy,3072,1
92,159,8870.1148220000014,1,VSM.LayoutRemap,0,1
92,159,8870.1148220000014,1,VSM.ResetFeedback,0,1
92,159,8870.1148220000014,1,VSM.MarkReceiverPages,606720,1
92,159,8870.1148220000014,1,VSM.Allocate,224512,1
92,159,8870.1148220000014,1,VSM.InvalidateStatic,0,0
92,159,8870.1148220000014,1,VSM.ClearPhysicalPages,89600,1
92,159,8870.1148220000014,1,VSM.StaticCasterCull,67840,1
92,159,8870.1148220000014,1,VSM.DynamicCasterCull,0,1
92,159,8870.1148220000014,1,VSM.PageCull,49152,1
92,159,8870.1148220000014,1,VSM.StaticRaster,7424,1
92,159,8870.1148220000014,1,VSM.FinalizePages,4864,1
92,159,8870.1148220000014,1,VSM.DynamicRaster,13056,1
92,159,8870.1148220000014,1,VSM.UnityCompatibilityRaster,0,0
92,159,8870.1148220000014,1,VSM.Resolve,11134464,1
92,159,8870.1148220000014,1,VSM.ResolveTrace,10910464,1
92,159,8870.1148220000014,1,VSM.FilterHorizontal,65792,1
92,159,8870.1148220000014,1,VSM.FilterVertical,0,0
92,159,8870.1148220000014,1,VSM.FilterTemporalVertical,156928,1
93,160,8870.1372598,1,VSM.PageOccupancy,2560,1
93,160,8870.1372598,1,VSM.LayoutRemap,0,1
93,160,8870.1372598,1,VSM.ResetFeedback,0,1
93,160,8870.1372598,1,VSM.MarkReceiverPages,607488,1
93,160,8870.1372598,1,VSM.Allocate,224256,1
93,160,8870.1372598,1,VSM.InvalidateStatic,0,0
93,160,8870.1372598,1,VSM.ClearPhysicalPages,91136,1
93,160,8870.1372598,1,VSM.StaticCasterCull,65792,1
93,160,8870.1372598,1,VSM.DynamicCasterCull,0,1
93,160,8870.1372598,1,VSM.PageCull,47104,1
93,160,8870.1372598,1,VSM.StaticRaster,7168,1
93,160,8870.1372598,1,VSM.FinalizePages,4864,1
93,160,8870.1372598,1,VSM.DynamicRaster,12544,1
93,160,8870.1372598,1,VSM.UnityCompatibilityRaster,0,0
93,160,8870.1372598,1,VSM.Resolve,10103808,1
93,160,8870.1372598,1,VSM.ResolveTrace,9877760,1
93,160,8870.1372598,1,VSM.FilterHorizontal,67328,1
93,160,8870.1372598,1,VSM.FilterVertical,0,0
93,160,8870.1372598,1,VSM.FilterTemporalVertical,157696,1
94,161,8870.158540800001,1,VSM.PageOccupancy,3072,1
94,161,8870.158540800001,1,VSM.LayoutRemap,0,1
94,161,8870.158540800001,1,VSM.ResetFeedback,0,1
94,161,8870.158540800001,1,VSM.MarkReceiverPages,607744,1
94,161,8870.158540800001,1,VSM.Allocate,226304,1
94,161,8870.158540800001,1,VSM.InvalidateStatic,0,0
94,161,8870.158540800001,1,VSM.ClearPhysicalPages,424960,1
94,161,8870.158540800001,1,VSM.StaticCasterCull,72192,1
94,161,8870.158540800001,1,VSM.DynamicCasterCull,0,1
94,161,8870.158540800001,1,VSM.PageCull,48128,1
94,161,8870.158540800001,1,VSM.StaticRaster,7680,1
94,161,8870.158540800001,1,VSM.FinalizePages,4352,1
94,161,8870.158540800001,1,VSM.DynamicRaster,35328,1
94,161,8870.158540800001,1,VSM.UnityCompatibilityRaster,0,0
94,161,8870.158540800001,1,VSM.Resolve,11307008,1
94,161,8870.158540800001,1,VSM.ResolveTrace,11082496,1
94,161,8870.158540800001,1,VSM.FilterHorizontal,66560,1
94,161,8870.158540800001,1,VSM.FilterVertical,0,0
94,161,8870.158540800001,1,VSM.FilterTemporalVertical,156672,1
95,162,8870.1798111,1,VSM.PageOccupancy,2816,1
95,162,8870.1798111,1,VSM.LayoutRemap,0,1
95,162,8870.1798111,1,VSM.ResetFeedback,0,1
95,162,8870.1798111,1,VSM.MarkReceiverPages,607744,1
95,162,8870.1798111,1,VSM.Allocate,225024,1
95,162,8870.1798111,1,VSM.InvalidateStatic,0,0
95,162,8870.1798111,1,VSM.ClearPhysicalPages,440576,1
95,162,8870.1798111,1,VSM.StaticCasterCull,68608,1
95,162,8870.1798111,1,VSM.DynamicCasterCull,0,1
95,162,8870.1798111,1,VSM.PageCull,48640,1
95,162,8870.1798111,1,VSM.StaticRaster,3072,1
95,162,8870.1798111,1,VSM.FinalizePages,4352,1
95,162,8870.1798111,1,VSM.DynamicRaster,11776,1
95,162,8870.1798111,1,VSM.UnityCompatibilityRaster,0,0
95,162,8870.1798111,1,VSM.Resolve,9530624,1
95,162,8870.1798111,1,VSM.ResolveTrace,9061888,1
95,162,8870.1798111,1,VSM.FilterHorizontal,67328,1
95,162,8870.1798111,1,VSM.FilterVertical,0,0
95,162,8870.1798111,1,VSM.FilterTemporalVertical,158208,1
96,163,8870.2013556,1,VSM.PageOccupancy,3072,1
96,163,8870.2013556,1,VSM.LayoutRemap,0,1
96,163,8870.2013556,1,VSM.ResetFeedback,0,1
96,163,8870.2013556,1,VSM.MarkReceiverPages,610560,1
96,163,8870.2013556,1,VSM.Allocate,224512,1
96,163,8870.2013556,1,VSM.InvalidateStatic,0,0
96,163,8870.2013556,1,VSM.ClearPhysicalPages,91392,1
96,163,8870.2013556,1,VSM.StaticCasterCull,66048,1
96,163,8870.2013556,1,VSM.DynamicCasterCull,0,1
96,163,8870.2013556,1,VSM.PageCull,47616,1
96,163,8870.2013556,1,VSM.StaticRaster,7424,1
96,163,8870.2013556,1,VSM.FinalizePages,4864,1
96,163,8870.2013556,1,VSM.DynamicRaster,11520,1
96,163,8870.2013556,1,VSM.UnityCompatibilityRaster,0,0
96,163,8870.2013556,1,VSM.Resolve,9170432,1
96,163,8870.2013556,1,VSM.ResolveTrace,8947456,1
96,163,8870.2013556,1,VSM.FilterHorizontal,66560,1
96,163,8870.2013556,1,VSM.FilterVertical,0,0
96,163,8870.2013556,1,VSM.FilterTemporalVertical,155136,1
97,164,8870.2232755,1,VSM.PageOccupancy,2560,1
97,164,8870.2232755,1,VSM.LayoutRemap,0,1
97,164,8870.2232755,1,VSM.ResetFeedback,0,1
97,164,8870.2232755,1,VSM.MarkReceiverPages,607232,1
97,164,8870.2232755,1,VSM.Allocate,222464,1
97,164,8870.2232755,1,VSM.InvalidateStatic,0,0
97,164,8870.2232755,1,VSM.ClearPhysicalPages,89600,1
97,164,8870.2232755,1,VSM.StaticCasterCull,69632,1
97,164,8870.2232755,1,VSM.DynamicCasterCull,0,1
97,164,8870.2232755,1,VSM.PageCull,51200,1
97,164,8870.2232755,1,VSM.StaticRaster,7168,1
97,164,8870.2232755,1,VSM.FinalizePages,4608,1
97,164,8870.2232755,1,VSM.DynamicRaster,14080,1
97,164,8870.2232755,1,VSM.UnityCompatibilityRaster,0,0
97,164,8870.2232755,1,VSM.Resolve,10218496,1
97,164,8870.2232755,1,VSM.ResolveTrace,9810688,1
97,164,8870.2232755,1,VSM.FilterHorizontal,66304,1
97,164,8870.2232755,1,VSM.FilterVertical,0,0
97,164,8870.2232755,1,VSM.FilterTemporalVertical,158976,1
98,165,8870.244710500001,1,VSM.PageOccupancy,3328,1
98,165,8870.244710500001,1,VSM.LayoutRemap,0,1
98,165,8870.244710500001,1,VSM.ResetFeedback,0,1
98,165,8870.244710500001,1,VSM.MarkReceiverPages,606976,1
98,165,8870.244710500001,1,VSM.Allocate,224256,1
98,165,8870.244710500001,1,VSM.InvalidateStatic,0,0
98,165,8870.244710500001,1,VSM.ClearPhysicalPages,89856,1
98,165,8870.244710500001,1,VSM.StaticCasterCull,67072,1
98,165,8870.244710500001,1,VSM.DynamicCasterCull,0,1
98,165,8870.244710500001,1,VSM.PageCull,48128,1
98,165,8870.244710500001,1,VSM.StaticRaster,7424,1
98,165,8870.244710500001,1,VSM.FinalizePages,3328,1
98,165,8870.244710500001,1,VSM.DynamicRaster,13568,1
98,165,8870.244710500001,1,VSM.UnityCompatibilityRaster,0,0
98,165,8870.244710500001,1,VSM.Resolve,10845440,1
98,165,8870.244710500001,1,VSM.ResolveTrace,10620416,1
98,165,8870.244710500001,1,VSM.FilterHorizontal,66560,1
98,165,8870.244710500001,1,VSM.FilterVertical,0,0
98,165,8870.244710500001,1,VSM.FilterTemporalVertical,157184,1
99,166,8870.2675941,1,VSM.PageOccupancy,3072,1
99,166,8870.2675941,1,VSM.LayoutRemap,0,1
99,166,8870.2675941,1,VSM.ResetFeedback,256,1
99,166,8870.2675941,1,VSM.MarkReceiverPages,607488,1
99,166,8870.2675941,1,VSM.Allocate,225792,1
99,166,8870.2675941,1,VSM.InvalidateStatic,0,0
99,166,8870.2675941,1,VSM.ClearPhysicalPages,89600,1
99,166,8870.2675941,1,VSM.StaticCasterCull,67584,1
99,166,8870.2675941,1,VSM.DynamicCasterCull,0,1
99,166,8870.2675941,1,VSM.PageCull,49152,1
99,166,8870.2675941,1,VSM.StaticRaster,3328,1
99,166,8870.2675941,1,VSM.FinalizePages,3840,1
99,166,8870.2675941,1,VSM.DynamicRaster,13312,1
99,166,8870.2675941,1,VSM.UnityCompatibilityRaster,0,0
99,166,8870.2675941,1,VSM.Resolve,10025984,1
99,166,8870.2675941,1,VSM.ResolveTrace,9427712,1
99,166,8870.2675941,1,VSM.FilterHorizontal,67840,1
99,166,8870.2675941,1,VSM.FilterVertical,0,0
99,166,8870.2675941,1,VSM.FilterTemporalVertical,159232,1
100,167,8870.2901941,1,VSM.PageOccupancy,2304,1
100,167,8870.2901941,1,VSM.LayoutRemap,0,1
100,167,8870.2901941,1,VSM.ResetFeedback,0,1
100,167,8870.2901941,1,VSM.MarkReceiverPages,607744,1
100,167,8870.2901941,1,VSM.Allocate,224512,1
100,167,8870.2901941,1,VSM.InvalidateStatic,0,0
100,167,8870.2901941,1,VSM.ClearPhysicalPages,432384,1
100,167,8870.2901941,1,VSM.StaticCasterCull,68096,1
100,167,8870.2901941,1,VSM.DynamicCasterCull,0,1
100,167,8870.2901941,1,VSM.PageCull,44800,1
100,167,8870.2901941,1,VSM.StaticRaster,7168,1
100,167,8870.2901941,1,VSM.FinalizePages,3584,1
100,167,8870.2901941,1,VSM.DynamicRaster,11776,1
100,167,8870.2901941,1,VSM.UnityCompatibilityRaster,0,0
100,167,8870.2901941,1,VSM.Resolve,9997056,1
100,167,8870.2901941,1,VSM.ResolveTrace,9773312,1
100,167,8870.2901941,1,VSM.FilterHorizontal,65536,1
100,167,8870.2901941,1,VSM.FilterVertical,0,0
100,167,8870.2901941,1,VSM.FilterTemporalVertical,156928,1
101,168,8870.3123679,1,VSM.PageOccupancy,3072,1
101,168,8870.3123679,1,VSM.LayoutRemap,0,1
101,168,8870.3123679,1,VSM.ResetFeedback,0,1
101,168,8870.3123679,1,VSM.MarkReceiverPages,607232,1
101,168,8870.3123679,1,VSM.Allocate,223488,1
101,168,8870.3123679,1,VSM.InvalidateStatic,0,0
101,168,8870.3123679,1,VSM.ClearPhysicalPages,90112,1
101,168,8870.3123679,1,VSM.StaticCasterCull,506624,1
101,168,8870.3123679,1,VSM.DynamicCasterCull,0,1
101,168,8870.3123679,1,VSM.PageCull,48896,1
101,168,8870.3123679,1,VSM.StaticRaster,7168,1
101,168,8870.3123679,1,VSM.FinalizePages,3584,1
101,168,8870.3123679,1,VSM.DynamicRaster,11264,1
101,168,8870.3123679,1,VSM.UnityCompatibilityRaster,0,0
101,168,8870.3123679,1,VSM.Resolve,11444736,1
101,168,8870.3123679,1,VSM.ResolveTrace,10619136,1
101,168,8870.3123679,1,VSM.FilterHorizontal,68096,1
101,168,8870.3123679,1,VSM.FilterVertical,0,0
101,168,8870.3123679,1,VSM.FilterTemporalVertical,160000,1
102,169,8870.3349998000012,1,VSM.PageOccupancy,3072,1
102,169,8870.3349998000012,1,VSM.LayoutRemap,0,1
102,169,8870.3349998000012,1,VSM.ResetFeedback,0,1
102,169,8870.3349998000012,1,VSM.MarkReceiverPages,606720,1
102,169,8870.3349998000012,1,VSM.Allocate,226304,1
102,169,8870.3349998000012,1,VSM.InvalidateStatic,0,0
102,169,8870.3349998000012,1,VSM.ClearPhysicalPages,431616,1
102,169,8870.3349998000012,1,VSM.StaticCasterCull,67072,1
102,169,8870.3349998000012,1,VSM.DynamicCasterCull,0,1
102,169,8870.3349998000012,1,VSM.PageCull,43264,1
102,169,8870.3349998000012,1,VSM.StaticRaster,7424,1
102,169,8870.3349998000012,1,VSM.FinalizePages,4608,1
102,169,8870.3349998000012,1,VSM.DynamicRaster,11008,1
102,169,8870.3349998000012,1,VSM.UnityCompatibilityRaster,0,0
102,169,8870.3349998000012,1,VSM.Resolve,11246848,1
102,169,8870.3349998000012,1,VSM.ResolveTrace,11019520,1
102,169,8870.3349998000012,1,VSM.FilterHorizontal,67840,1
102,169,8870.3349998000012,1,VSM.FilterVertical,0,0
102,169,8870.3349998000012,1,VSM.FilterTemporalVertical,158464,1
103,170,8870.3562176000014,1,VSM.PageOccupancy,2816,1
103,170,8870.3562176000014,1,VSM.LayoutRemap,0,1
103,170,8870.3562176000014,1,VSM.ResetFeedback,0,1
103,170,8870.3562176000014,1,VSM.MarkReceiverPages,607744,1
103,170,8870.3562176000014,1,VSM.Allocate,224768,1
103,170,8870.3562176000014,1,VSM.InvalidateStatic,0,0
103,170,8870.3562176000014,1,VSM.ClearPhysicalPages,89088,1
103,170,8870.3562176000014,1,VSM.StaticCasterCull,67072,1
103,170,8870.3562176000014,1,VSM.DynamicCasterCull,0,1
103,170,8870.3562176000014,1,VSM.PageCull,48640,1
103,170,8870.3562176000014,1,VSM.StaticRaster,7168,1
103,170,8870.3562176000014,1,VSM.FinalizePages,3072,1
103,170,8870.3562176000014,1,VSM.DynamicRaster,13312,1
103,170,8870.3562176000014,1,VSM.UnityCompatibilityRaster,0,0
103,170,8870.3562176000014,1,VSM.Resolve,10004736,1
103,170,8870.3562176000014,1,VSM.ResolveTrace,9591040,1
103,170,8870.3562176000014,1,VSM.FilterHorizontal,65536,1
103,170,8870.3562176000014,1,VSM.FilterVertical,0,0
103,170,8870.3562176000014,1,VSM.FilterTemporalVertical,160768,1
104,171,8870.3771694,1,VSM.PageOccupancy,2560,1
104,171,8870.3771694,1,VSM.LayoutRemap,0,1
104,171,8870.3771694,1,VSM.ResetFeedback,0,1
104,171,8870.3771694,1,VSM.MarkReceiverPages,1097472,1
104,171,8870.3771694,1,VSM.Allocate,230656,1
104,171,8870.3771694,1,VSM.InvalidateStatic,0,0
104,171,8870.3771694,1,VSM.ClearPhysicalPages,89856,1
104,171,8870.3771694,1,VSM.StaticCasterCull,69376,1
104,171,8870.3771694,1,VSM.DynamicCasterCull,0,1
104,171,8870.3771694,1,VSM.PageCull,50432,1
104,171,8870.3771694,1,VSM.StaticRaster,7168,1
104,171,8870.3771694,1,VSM.FinalizePages,3328,1
104,171,8870.3771694,1,VSM.DynamicRaster,12800,1
104,171,8870.3771694,1,VSM.UnityCompatibilityRaster,0,0
104,171,8870.3771694,1,VSM.Resolve,10413312,1
104,171,8870.3771694,1,VSM.ResolveTrace,10189056,1
104,171,8870.3771694,1,VSM.FilterHorizontal,67072,1
104,171,8870.3771694,1,VSM.FilterVertical,0,0
104,171,8870.3771694,1,VSM.FilterTemporalVertical,156160,1
105,172,8870.3998474,1,VSM.PageOccupancy,3328,1
105,172,8870.3998474,1,VSM.LayoutRemap,0,1
105,172,8870.3998474,1,VSM.ResetFeedback,0,1
105,172,8870.3998474,1,VSM.MarkReceiverPages,606976,1
105,172,8870.3998474,1,VSM.Allocate,225024,1
105,172,8870.3998474,1,VSM.InvalidateStatic,0,0
105,172,8870.3998474,1,VSM.ClearPhysicalPages,89088,1
105,172,8870.3998474,1,VSM.StaticCasterCull,68608,1
105,172,8870.3998474,1,VSM.DynamicCasterCull,0,1
105,172,8870.3998474,1,VSM.PageCull,49408,1
105,172,8870.3998474,1,VSM.StaticRaster,7680,1
105,172,8870.3998474,1,VSM.FinalizePages,2304,1
105,172,8870.3998474,1,VSM.DynamicRaster,14848,1
105,172,8870.3998474,1,VSM.UnityCompatibilityRaster,0,0
105,172,8870.3998474,1,VSM.Resolve,9977600,1
105,172,8870.3998474,1,VSM.ResolveTrace,9752832,1
105,172,8870.3998474,1,VSM.FilterHorizontal,67584,1
105,172,8870.3998474,1,VSM.FilterVertical,0,0
105,172,8870.3998474,1,VSM.FilterTemporalVertical,155904,1
106,173,8870.4244215,1,VSM.PageOccupancy,2560,1
106,173,8870.4244215,1,VSM.LayoutRemap,0,1
106,173,8870.4244215,1,VSM.ResetFeedback,0,1
106,173,8870.4244215,1,VSM.MarkReceiverPages,606720,1
106,173,8870.4244215,1,VSM.Allocate,225280,1
106,173,8870.4244215,1,VSM.InvalidateStatic,0,0
106,173,8870.4244215,1,VSM.ClearPhysicalPages,89600,1
106,173,8870.4244215,1,VSM.StaticCasterCull,66560,1
106,173,8870.4244215,1,VSM.DynamicCasterCull,0,1
106,173,8870.4244215,1,VSM.PageCull,48128,1
106,173,8870.4244215,1,VSM.StaticRaster,7680,1
106,173,8870.4244215,1,VSM.FinalizePages,4096,1
106,173,8870.4244215,1,VSM.DynamicRaster,13056,1
106,173,8870.4244215,1,VSM.UnityCompatibilityRaster,0,0
106,173,8870.4244215,1,VSM.Resolve,10834688,1
106,173,8870.4244215,1,VSM.ResolveTrace,10608640,1
106,173,8870.4244215,1,VSM.FilterHorizontal,67840,1
106,173,8870.4244215,1,VSM.FilterVertical,0,0
106,173,8870.4244215,1,VSM.FilterTemporalVertical,157184,1
107,174,8870.4497912,1,VSM.PageOccupancy,3584,1
107,174,8870.4497912,1,VSM.LayoutRemap,0,1
107,174,8870.4497912,1,VSM.ResetFeedback,0,1
107,174,8870.4497912,1,VSM.MarkReceiverPages,607488,1
107,174,8870.4497912,1,VSM.Allocate,226560,1
107,174,8870.4497912,1,VSM.InvalidateStatic,0,0
107,174,8870.4497912,1,VSM.ClearPhysicalPages,89600,1
107,174,8870.4497912,1,VSM.StaticCasterCull,66816,1
107,174,8870.4497912,1,VSM.DynamicCasterCull,0,1
107,174,8870.4497912,1,VSM.PageCull,48384,1
107,174,8870.4497912,1,VSM.StaticRaster,6912,1
107,174,8870.4497912,1,VSM.FinalizePages,3072,1
107,174,8870.4497912,1,VSM.DynamicRaster,13056,1
107,174,8870.4497912,1,VSM.UnityCompatibilityRaster,0,0
107,174,8870.4497912,1,VSM.Resolve,9967872,1
107,174,8870.4497912,1,VSM.ResolveTrace,9375744,1
107,174,8870.4497912,1,VSM.FilterHorizontal,68608,1
107,174,8870.4497912,1,VSM.FilterVertical,0,0
107,174,8870.4497912,1,VSM.FilterTemporalVertical,160256,1
108,175,8870.4758429000012,1,VSM.PageOccupancy,2560,1
108,175,8870.4758429000012,1,VSM.LayoutRemap,0,1
108,175,8870.4758429000012,1,VSM.ResetFeedback,0,1
108,175,8870.4758429000012,1,VSM.MarkReceiverPages,607488,1
108,175,8870.4758429000012,1,VSM.Allocate,225792,1
108,175,8870.4758429000012,1,VSM.InvalidateStatic,0,0
108,175,8870.4758429000012,1,VSM.ClearPhysicalPages,480512,1
108,175,8870.4758429000012,1,VSM.StaticCasterCull,68864,1
108,175,8870.4758429000012,1,VSM.DynamicCasterCull,0,1
108,175,8870.4758429000012,1,VSM.PageCull,44544,1
108,175,8870.4758429000012,1,VSM.StaticRaster,3072,1
108,175,8870.4758429000012,1,VSM.FinalizePages,3328,1
108,175,8870.4758429000012,1,VSM.DynamicRaster,11008,1
108,175,8870.4758429000012,1,VSM.UnityCompatibilityRaster,0,0
108,175,8870.4758429000012,1,VSM.Resolve,10973696,1
108,175,8870.4758429000012,1,VSM.ResolveTrace,10401536,1
108,175,8870.4758429000012,1,VSM.FilterHorizontal,68608,1
108,175,8870.4758429000012,1,VSM.FilterVertical,0,0
108,175,8870.4758429000012,1,VSM.FilterTemporalVertical,161792,1
109,176,8870.4997832,1,VSM.PageOccupancy,2560,1
109,176,8870.4997832,1,VSM.LayoutRemap,0,1
109,176,8870.4997832,1,VSM.ResetFeedback,0,1
109,176,8870.4997832,1,VSM.MarkReceiverPages,606464,1
109,176,8870.4997832,1,VSM.Allocate,226048,1
109,176,8870.4997832,1,VSM.InvalidateStatic,0,0
109,176,8870.4997832,1,VSM.ClearPhysicalPages,417024,1
109,176,8870.4997832,1,VSM.StaticCasterCull,71680,1
109,176,8870.4997832,1,VSM.DynamicCasterCull,0,1
109,176,8870.4997832,1,VSM.PageCull,46080,1
109,176,8870.4997832,1,VSM.StaticRaster,8448,1
109,176,8870.4997832,1,VSM.FinalizePages,3584,1
109,176,8870.4997832,1,VSM.DynamicRaster,12800,1
109,176,8870.4997832,1,VSM.UnityCompatibilityRaster,0,0
109,176,8870.4997832,1,VSM.Resolve,10201088,1
109,176,8870.4997832,1,VSM.ResolveTrace,9974528,1
109,176,8870.4997832,1,VSM.FilterHorizontal,67840,1
109,176,8870.4997832,1,VSM.FilterVertical,0,0
109,176,8870.4997832,1,VSM.FilterTemporalVertical,157696,1
110,177,8870.5228266000013,1,VSM.PageOccupancy,2816,1
110,177,8870.5228266000013,1,VSM.LayoutRemap,0,1
110,177,8870.5228266000013,1,VSM.ResetFeedback,0,1
110,177,8870.5228266000013,1,VSM.MarkReceiverPages,621824,1
110,177,8870.5228266000013,1,VSM.Allocate,224000,1
110,177,8870.5228266000013,1,VSM.InvalidateStatic,0,0
110,177,8870.5228266000013,1,VSM.ClearPhysicalPages,417280,1
110,177,8870.5228266000013,1,VSM.StaticCasterCull,72192,1
110,177,8870.5228266000013,1,VSM.DynamicCasterCull,0,1
110,177,8870.5228266000013,1,VSM.PageCull,47872,1
110,177,8870.5228266000013,1,VSM.StaticRaster,7424,1
110,177,8870.5228266000013,1,VSM.FinalizePages,4352,1
110,177,8870.5228266000013,1,VSM.DynamicRaster,11008,1
110,177,8870.5228266000013,1,VSM.UnityCompatibilityRaster,0,0
110,177,8870.5228266000013,1,VSM.Resolve,11656960,1
110,177,8870.5228266000013,1,VSM.ResolveTrace,11253504,1
110,177,8870.5228266000013,1,VSM.FilterHorizontal,67840,1
110,177,8870.5228266000013,1,VSM.FilterVertical,0,0
110,177,8870.5228266000013,1,VSM.FilterTemporalVertical,334848,1
111,178,8870.5455618,1,VSM.PageOccupancy,2816,1
111,178,8870.5455618,1,VSM.LayoutRemap,0,1
111,178,8870.5455618,1,VSM.ResetFeedback,0,1
111,178,8870.5455618,1,VSM.MarkReceiverPages,606720,1
111,178,8870.5455618,1,VSM.Allocate,222976,1
111,178,8870.5455618,1,VSM.InvalidateStatic,0,0
111,178,8870.5455618,1,VSM.ClearPhysicalPages,450560,1
111,178,8870.5455618,1,VSM.StaticCasterCull,73728,1
111,178,8870.5455618,1,VSM.DynamicCasterCull,0,1
111,178,8870.5455618,1,VSM.PageCull,48640,1
111,178,8870.5455618,1,VSM.StaticRaster,3328,1
111,178,8870.5455618,1,VSM.FinalizePages,4864,1
111,178,8870.5455618,1,VSM.DynamicRaster,11520,1
111,178,8870.5455618,1,VSM.UnityCompatibilityRaster,0,0
111,178,8870.5455618,1,VSM.Resolve,11533056,1
111,178,8870.5455618,1,VSM.ResolveTrace,10528768,1
111,178,8870.5455618,1,VSM.FilterHorizontal,68096,1
111,178,8870.5455618,1,VSM.FilterVertical,0,0
111,178,8870.5455618,1,VSM.FilterTemporalVertical,161024,1
112,179,8870.5680973,1,VSM.PageOccupancy,3072,1
112,179,8870.5680973,1,VSM.LayoutRemap,0,1
112,179,8870.5680973,1,VSM.ResetFeedback,0,1
112,179,8870.5680973,1,VSM.MarkReceiverPages,607488,1
112,179,8870.5680973,1,VSM.Allocate,226304,1
112,179,8870.5680973,1,VSM.InvalidateStatic,0,0
112,179,8870.5680973,1,VSM.ClearPhysicalPages,434176,1
112,179,8870.5680973,1,VSM.StaticCasterCull,72192,1
112,179,8870.5680973,1,VSM.DynamicCasterCull,0,1
112,179,8870.5680973,1,VSM.PageCull,47616,1
112,179,8870.5680973,1,VSM.StaticRaster,7424,1
112,179,8870.5680973,1,VSM.FinalizePages,3840,1
112,179,8870.5680973,1,VSM.DynamicRaster,11520,1
112,179,8870.5680973,1,VSM.UnityCompatibilityRaster,0,0
112,179,8870.5680973,1,VSM.Resolve,10655232,1
112,179,8870.5680973,1,VSM.ResolveTrace,10430208,1
112,179,8870.5680973,1,VSM.FilterHorizontal,67328,1
112,179,8870.5680973,1,VSM.FilterVertical,0,0
112,179,8870.5680973,1,VSM.FilterTemporalVertical,156416,1
113,180,8870.5899812,1,VSM.PageOccupancy,3584,1
113,180,8870.5899812,1,VSM.LayoutRemap,0,1
113,180,8870.5899812,1,VSM.ResetFeedback,0,1
113,180,8870.5899812,1,VSM.MarkReceiverPages,607744,1
113,180,8870.5899812,1,VSM.Allocate,223488,1
113,180,8870.5899812,1,VSM.InvalidateStatic,0,0
113,180,8870.5899812,1,VSM.ClearPhysicalPages,89344,1
113,180,8870.5899812,1,VSM.StaticCasterCull,67840,1
113,180,8870.5899812,1,VSM.DynamicCasterCull,0,1
113,180,8870.5899812,1,VSM.PageCull,49408,1
113,180,8870.5899812,1,VSM.StaticRaster,7424,1
113,180,8870.5899812,1,VSM.FinalizePages,2304,1
113,180,8870.5899812,1,VSM.DynamicRaster,13824,1
113,180,8870.5899812,1,VSM.UnityCompatibilityRaster,0,0
113,180,8870.5899812,1,VSM.Resolve,10316288,1
113,180,8870.5899812,1,VSM.ResolveTrace,10089984,1
113,180,8870.5899812,1,VSM.FilterHorizontal,67584,1
113,180,8870.5899812,1,VSM.FilterVertical,0,0
113,180,8870.5899812,1,VSM.FilterTemporalVertical,157696,1
114,181,8870.6105664,1,VSM.PageOccupancy,2560,1
114,181,8870.6105664,1,VSM.LayoutRemap,0,1
114,181,8870.6105664,1,VSM.ResetFeedback,0,1
114,181,8870.6105664,1,VSM.MarkReceiverPages,607232,1
114,181,8870.6105664,1,VSM.Allocate,226304,1
114,181,8870.6105664,1,VSM.InvalidateStatic,0,0
114,181,8870.6105664,1,VSM.ClearPhysicalPages,89856,1
114,181,8870.6105664,1,VSM.StaticCasterCull,67840,1
114,181,8870.6105664,1,VSM.DynamicCasterCull,0,1
114,181,8870.6105664,1,VSM.PageCull,49152,1
114,181,8870.6105664,1,VSM.StaticRaster,7168,1
114,181,8870.6105664,1,VSM.FinalizePages,3328,1
114,181,8870.6105664,1,VSM.DynamicRaster,14080,1
114,181,8870.6105664,1,VSM.UnityCompatibilityRaster,0,0
114,181,8870.6105664,1,VSM.Resolve,9585152,1
114,181,8870.6105664,1,VSM.ResolveTrace,9182464,1
114,181,8870.6105664,1,VSM.FilterHorizontal,65536,1
114,181,8870.6105664,1,VSM.FilterVertical,0,0
114,181,8870.6105664,1,VSM.FilterTemporalVertical,156416,1
115,182,8870.6324578,1,VSM.PageOccupancy,2304,1
115,182,8870.6324578,1,VSM.LayoutRemap,0,1
115,182,8870.6324578,1,VSM.ResetFeedback,0,1
115,182,8870.6324578,1,VSM.MarkReceiverPages,606208,1
115,182,8870.6324578,1,VSM.Allocate,225792,1
115,182,8870.6324578,1,VSM.InvalidateStatic,0,0
115,182,8870.6324578,1,VSM.ClearPhysicalPages,236544,1
115,182,8870.6324578,1,VSM.StaticCasterCull,68096,1
115,182,8870.6324578,1,VSM.DynamicCasterCull,0,1
115,182,8870.6324578,1,VSM.PageCull,48640,1
115,182,8870.6324578,1,VSM.StaticRaster,7168,1
115,182,8870.6324578,1,VSM.FinalizePages,3072,1
115,182,8870.6324578,1,VSM.DynamicRaster,14336,1
115,182,8870.6324578,1,VSM.UnityCompatibilityRaster,0,0
115,182,8870.6324578,1,VSM.Resolve,10281984,1
115,182,8870.6324578,1,VSM.ResolveTrace,10056192,1
115,182,8870.6324578,1,VSM.FilterHorizontal,67840,1
115,182,8870.6324578,1,VSM.FilterVertical,0,0
115,182,8870.6324578,1,VSM.FilterTemporalVertical,156672,1
116,183,8870.6559395,1,VSM.PageOccupancy,2816,1
116,183,8870.6559395,1,VSM.LayoutRemap,0,1
116,183,8870.6559395,1,VSM.ResetFeedback,0,1
116,183,8870.6559395,1,VSM.MarkReceiverPages,606720,1
116,183,8870.6559395,1,VSM.Allocate,226048,1
116,183,8870.6559395,1,VSM.InvalidateStatic,0,0
116,183,8870.6559395,1,VSM.ClearPhysicalPages,550912,1
116,183,8870.6559395,1,VSM.StaticCasterCull,74752,1
116,183,8870.6559395,1,VSM.DynamicCasterCull,0,1
116,183,8870.6559395,1,VSM.PageCull,46336,1
116,183,8870.6559395,1,VSM.StaticRaster,7424,1
116,183,8870.6559395,1,VSM.FinalizePages,3328,1
116,183,8870.6559395,1,VSM.DynamicRaster,11008,1
116,183,8870.6559395,1,VSM.UnityCompatibilityRaster,0,0
116,183,8870.6559395,1,VSM.Resolve,9493760,1
116,183,8870.6559395,1,VSM.ResolveTrace,9269248,1
116,183,8870.6559395,1,VSM.FilterHorizontal,66048,1
116,183,8870.6559395,1,VSM.FilterVertical,0,0
116,183,8870.6559395,1,VSM.FilterTemporalVertical,156928,1
117,184,8870.6770497,1,VSM.PageOccupancy,2560,1
117,184,8870.6770497,1,VSM.LayoutRemap,0,1
117,184,8870.6770497,1,VSM.ResetFeedback,0,1
117,184,8870.6770497,1,VSM.MarkReceiverPages,627456,1
117,184,8870.6770497,1,VSM.Allocate,226304,1
117,184,8870.6770497,1,VSM.InvalidateStatic,0,0
117,184,8870.6770497,1,VSM.ClearPhysicalPages,613632,1
117,184,8870.6770497,1,VSM.StaticCasterCull,75008,1
117,184,8870.6770497,1,VSM.DynamicCasterCull,0,1
117,184,8870.6770497,1,VSM.PageCull,50688,1
117,184,8870.6770497,1,VSM.StaticRaster,7424,1
117,184,8870.6770497,1,VSM.FinalizePages,3840,1
117,184,8870.6770497,1,VSM.DynamicRaster,12544,1
117,184,8870.6770497,1,VSM.UnityCompatibilityRaster,0,0
117,184,8870.6770497,1,VSM.Resolve,9632000,1
117,184,8870.6770497,1,VSM.ResolveTrace,9406976,1
117,184,8870.6770497,1,VSM.FilterHorizontal,66048,1
117,184,8870.6770497,1,VSM.FilterVertical,0,0
117,184,8870.6770497,1,VSM.FilterTemporalVertical,157952,1
118,185,8870.6986423,1,VSM.PageOccupancy,3072,1
118,185,8870.6986423,1,VSM.LayoutRemap,0,1
118,185,8870.6986423,1,VSM.ResetFeedback,0,1
118,185,8870.6986423,1,VSM.MarkReceiverPages,627456,1
118,185,8870.6986423,1,VSM.Allocate,226560,1
118,185,8870.6986423,1,VSM.InvalidateStatic,0,0
118,185,8870.6986423,1,VSM.ClearPhysicalPages,425216,1
118,185,8870.6986423,1,VSM.StaticCasterCull,71680,1
118,185,8870.6986423,1,VSM.DynamicCasterCull,0,1
118,185,8870.6986423,1,VSM.PageCull,47104,1
118,185,8870.6986423,1,VSM.StaticRaster,7168,1
118,185,8870.6986423,1,VSM.FinalizePages,5632,1
118,185,8870.6986423,1,VSM.DynamicRaster,11776,1
118,185,8870.6986423,1,VSM.UnityCompatibilityRaster,0,0
118,185,8870.6986423,1,VSM.Resolve,10931200,1
118,185,8870.6986423,1,VSM.ResolveTrace,10704896,1
118,185,8870.6986423,1,VSM.FilterHorizontal,67584,1
118,185,8870.6986423,1,VSM.FilterVertical,0,0
118,185,8870.6986423,1,VSM.FilterTemporalVertical,157440,1
119,186,8870.7209092000012,1,VSM.PageOccupancy,3584,1
119,186,8870.7209092000012,1,VSM.LayoutRemap,0,1
119,186,8870.7209092000012,1,VSM.ResetFeedback,0,1
119,186,8870.7209092000012,1,VSM.MarkReceiverPages,607232,1
119,186,8870.7209092000012,1,VSM.Allocate,224768,1
119,186,8870.7209092000012,1,VSM.InvalidateStatic,0,0
119,186,8870.7209092000012,1,VSM.ClearPhysicalPages,292096,1
119,186,8870.7209092000012,1,VSM.StaticCasterCull,72192,1
119,186,8870.7209092000012,1,VSM.DynamicCasterCull,0,1
119,186,8870.7209092000012,1,VSM.PageCull,48128,1
119,186,8870.7209092000012,1,VSM.StaticRaster,3072,1
119,186,8870.7209092000012,1,VSM.FinalizePages,2048,1
119,186,8870.7209092000012,1,VSM.DynamicRaster,14592,1
119,186,8870.7209092000012,1,VSM.UnityCompatibilityRaster,0,0
119,186,8870.7209092000012,1,VSM.Resolve,10783232,1
119,186,8870.7209092000012,1,VSM.ResolveTrace,10557184,1
119,186,8870.7209092000012,1,VSM.FilterHorizontal,67328,1
119,186,8870.7209092000012,1,VSM.FilterVertical,0,0
119,186,8870.7209092000012,1,VSM.FilterTemporalVertical,157696,1
120,187,8870.7436057000014,1,VSM.PageOccupancy,3072,1
120,187,8870.7436057000014,1,VSM.LayoutRemap,0,1
120,187,8870.7436057000014,1,VSM.ResetFeedback,0,1
120,187,8870.7436057000014,1,VSM.MarkReceiverPages,607744,1
120,187,8870.7436057000014,1,VSM.Allocate,223744,1
120,187,8870.7436057000014,1,VSM.InvalidateStatic,0,0
120,187,8870.7436057000014,1,VSM.ClearPhysicalPages,91136,1
120,187,8870.7436057000014,1,VSM.StaticCasterCull,64768,1
120,187,8870.7436057000014,1,VSM.DynamicCasterCull,0,1
120,187,8870.7436057000014,1,VSM.PageCull,45312,1
120,187,8870.7436057000014,1,VSM.StaticRaster,7936,1
120,187,8870.7436057000014,1,VSM.FinalizePages,4864,1
120,187,8870.7436057000014,1,VSM.DynamicRaster,11520,1
120,187,8870.7436057000014,1,VSM.UnityCompatibilityRaster,0,0
120,187,8870.7436057000014,1,VSM.Resolve,9878784,1
120,187,8870.7436057000014,1,VSM.ResolveTrace,9656064,1
120,187,8870.7436057000014,1,VSM.FilterHorizontal,66304,1
120,187,8870.7436057000014,1,VSM.FilterVertical,0,0
120,187,8870.7436057000014,1,VSM.FilterTemporalVertical,155392,1
121,188,8870.7657273,1,VSM.PageOccupancy,3328,1
121,188,8870.7657273,1,VSM.LayoutRemap,0,1
121,188,8870.7657273,1,VSM.ResetFeedback,0,1
121,188,8870.7657273,1,VSM.MarkReceiverPages,608000,1
121,188,8870.7657273,1,VSM.Allocate,223488,1
121,188,8870.7657273,1,VSM.InvalidateStatic,0,0
121,188,8870.7657273,1,VSM.ClearPhysicalPages,89600,1
121,188,8870.7657273,1,VSM.StaticCasterCull,491008,1
121,188,8870.7657273,1,VSM.DynamicCasterCull,0,1
121,188,8870.7657273,1,VSM.PageCull,48128,1
121,188,8870.7657273,1,VSM.StaticRaster,7168,1
121,188,8870.7657273,1,VSM.FinalizePages,3840,1
121,188,8870.7657273,1,VSM.DynamicRaster,12032,1
121,188,8870.7657273,1,VSM.UnityCompatibilityRaster,0,0
121,188,8870.7657273,1,VSM.Resolve,11116032,1
121,188,8870.7657273,1,VSM.ResolveTrace,10888704,1
121,188,8870.7657273,1,VSM.FilterHorizontal,67840,1
121,188,8870.7657273,1,VSM.FilterVertical,0,0
121,188,8870.7657273,1,VSM.FilterTemporalVertical,158208,1
122,189,8870.7879092,1,VSM.PageOccupancy,3072,1
122,189,8870.7879092,1,VSM.LayoutRemap,0,1
122,189,8870.7879092,1,VSM.ResetFeedback,0,1
122,189,8870.7879092,1,VSM.MarkReceiverPages,607488,1
122,189,8870.7879092,1,VSM.Allocate,224768,1
122,189,8870.7879092,1,VSM.InvalidateStatic,0,0
122,189,8870.7879092,1,VSM.ClearPhysicalPages,450048,1
122,189,8870.7879092,1,VSM.StaticCasterCull,72704,1
122,189,8870.7879092,1,VSM.DynamicCasterCull,0,1
122,189,8870.7879092,1,VSM.PageCull,48128,1
122,189,8870.7879092,1,VSM.StaticRaster,7168,1
122,189,8870.7879092,1,VSM.FinalizePages,4352,1
122,189,8870.7879092,1,VSM.DynamicRaster,12544,1
122,189,8870.7879092,1,VSM.UnityCompatibilityRaster,0,0
122,189,8870.7879092,1,VSM.Resolve,10728704,1
122,189,8870.7879092,1,VSM.ResolveTrace,10505472,1
122,189,8870.7879092,1,VSM.FilterHorizontal,65024,1
122,189,8870.7879092,1,VSM.FilterVertical,0,0
122,189,8870.7879092,1,VSM.FilterTemporalVertical,157184,1
123,190,8870.8118589,1,VSM.PageOccupancy,3072,1
123,190,8870.8118589,1,VSM.LayoutRemap,0,1
123,190,8870.8118589,1,VSM.ResetFeedback,0,1
123,190,8870.8118589,1,VSM.MarkReceiverPages,606464,1
123,190,8870.8118589,1,VSM.Allocate,225280,1
123,190,8870.8118589,1,VSM.InvalidateStatic,0,0
123,190,8870.8118589,1,VSM.ClearPhysicalPages,1017344,1
123,190,8870.8118589,1,VSM.StaticCasterCull,71168,1
123,190,8870.8118589,1,VSM.DynamicCasterCull,0,1
123,190,8870.8118589,1,VSM.PageCull,47104,1
123,190,8870.8118589,1,VSM.StaticRaster,7168,1
123,190,8870.8118589,1,VSM.FinalizePages,3840,1
123,190,8870.8118589,1,VSM.DynamicRaster,12288,1
123,190,8870.8118589,1,VSM.UnityCompatibilityRaster,0,0
123,190,8870.8118589,1,VSM.Resolve,9069568,1
123,190,8870.8118589,1,VSM.ResolveTrace,8846848,1
123,190,8870.8118589,1,VSM.FilterHorizontal,65792,1
123,190,8870.8118589,1,VSM.FilterVertical,0,0
123,190,8870.8118589,1,VSM.FilterTemporalVertical,155648,1
124,191,8870.8344217000013,1,VSM.PageOccupancy,3072,1
124,191,8870.8344217000013,1,VSM.LayoutRemap,0,1
124,191,8870.8344217000013,1,VSM.ResetFeedback,0,1
124,191,8870.8344217000013,1,VSM.MarkReceiverPages,606720,1
124,191,8870.8344217000013,1,VSM.Allocate,226048,1
124,191,8870.8344217000013,1,VSM.InvalidateStatic,0,0
124,191,8870.8344217000013,1,VSM.ClearPhysicalPages,434944,1
124,191,8870.8344217000013,1,VSM.StaticCasterCull,74496,1
124,191,8870.8344217000013,1,VSM.DynamicCasterCull,0,1
124,191,8870.8344217000013,1,VSM.PageCull,49408,1
124,191,8870.8344217000013,1,VSM.StaticRaster,7424,1
124,191,8870.8344217000013,1,VSM.FinalizePages,4096,1
124,191,8870.8344217000013,1,VSM.DynamicRaster,12544,1
124,191,8870.8344217000013,1,VSM.UnityCompatibilityRaster,0,0
124,191,8870.8344217000013,1,VSM.Resolve,10569728,1
124,191,8870.8344217000013,1,VSM.ResolveTrace,10342400,1
124,191,8870.8344217000013,1,VSM.FilterHorizontal,66304,1
124,191,8870.8344217000013,1,VSM.FilterVertical,0,0
124,191,8870.8344217000013,1,VSM.FilterTemporalVertical,159488,1
125,192,8870.8569866,1,VSM.PageOccupancy,2816,1
125,192,8870.8569866,1,VSM.LayoutRemap,0,1
125,192,8870.8569866,1,VSM.ResetFeedback,0,1
125,192,8870.8569866,1,VSM.MarkReceiverPages,606208,1
125,192,8870.8569866,1,VSM.Allocate,225792,1
125,192,8870.8569866,1,VSM.InvalidateStatic,0,0
125,192,8870.8569866,1,VSM.ClearPhysicalPages,91136,1
125,192,8870.8569866,1,VSM.StaticCasterCull,65280,1
125,192,8870.8569866,1,VSM.DynamicCasterCull,0,1
125,192,8870.8569866,1,VSM.PageCull,46848,1
125,192,8870.8569866,1,VSM.StaticRaster,3840,1
125,192,8870.8569866,1,VSM.FinalizePages,3840,1
125,192,8870.8569866,1,VSM.DynamicRaster,12032,1
125,192,8870.8569866,1,VSM.UnityCompatibilityRaster,0,0
125,192,8870.8569866,1,VSM.Resolve,10982400,1
125,192,8870.8569866,1,VSM.ResolveTrace,10417920,1
125,192,8870.8569866,1,VSM.FilterHorizontal,66816,1
125,192,8870.8569866,1,VSM.FilterVertical,0,0
125,192,8870.8569866,1,VSM.FilterTemporalVertical,496896,1
126,193,8870.8792919,1,VSM.PageOccupancy,2560,1
126,193,8870.8792919,1,VSM.LayoutRemap,0,1
126,193,8870.8792919,1,VSM.ResetFeedback,0,1
126,193,8870.8792919,1,VSM.MarkReceiverPages,606976,1
126,193,8870.8792919,1,VSM.Allocate,226048,1
126,193,8870.8792919,1,VSM.InvalidateStatic,0,0
126,193,8870.8792919,1,VSM.ClearPhysicalPages,90112,1
126,193,8870.8792919,1,VSM.StaticCasterCull,68608,1
126,193,8870.8792919,1,VSM.DynamicCasterCull,0,1
126,193,8870.8792919,1,VSM.PageCull,49664,1
126,193,8870.8792919,1,VSM.StaticRaster,7424,1
126,193,8870.8792919,1,VSM.FinalizePages,3584,1
126,193,8870.8792919,1,VSM.DynamicRaster,14080,1
126,193,8870.8792919,1,VSM.UnityCompatibilityRaster,0,0
126,193,8870.8792919,1,VSM.Resolve,11196416,1
126,193,8870.8792919,1,VSM.ResolveTrace,10805248,1
126,193,8870.8792919,1,VSM.FilterHorizontal,67072,1
126,193,8870.8792919,1,VSM.FilterVertical,0,0
126,193,8870.8792919,1,VSM.FilterTemporalVertical,155392,1
127,194,8870.9026531,1,VSM.PageOccupancy,2816,1
127,194,8870.9026531,1,VSM.LayoutRemap,0,1
127,194,8870.9026531,1,VSM.ResetFeedback,0,1
127,194,8870.9026531,1,VSM.MarkReceiverPages,606976,1
127,194,8870.9026531,1,VSM.Allocate,224256,1
127,194,8870.9026531,1,VSM.InvalidateStatic,0,0
127,194,8870.9026531,1,VSM.ClearPhysicalPages,560128,1
127,194,8870.9026531,1,VSM.StaticCasterCull,73216,1
127,194,8870.9026531,1,VSM.DynamicCasterCull,0,1
127,194,8870.9026531,1,VSM.PageCull,50176,1
127,194,8870.9026531,1,VSM.StaticRaster,6912,1
127,194,8870.9026531,1,VSM.FinalizePages,4608,1
127,194,8870.9026531,1,VSM.DynamicRaster,12032,1
127,194,8870.9026531,1,VSM.UnityCompatibilityRaster,0,0
127,194,8870.9026531,1,VSM.Resolve,9647360,1
127,194,8870.9026531,1,VSM.ResolveTrace,9420544,1
127,194,8870.9026531,1,VSM.FilterHorizontal,67840,1
127,194,8870.9026531,1,VSM.FilterVertical,0,0
127,194,8870.9026531,1,VSM.FilterTemporalVertical,157952,1
