observation,camera_frame_observed,editor_time_observed,vsm_active_observed,marker,gpu_ns,gpu_sample_count
0,12091,3774.9589398,1,VSM.LayoutRemap,0,1
0,12091,3774.9589398,1,VSM.ResetFeedback,0,1
0,12091,3774.9589398,1,VSM.MarkReceiverPages,613376,1
0,12091,3774.9589398,1,VSM.Allocate,221440,1
0,12091,3774.9589398,1,VSM.InvalidateStatic,0,0
0,12091,3774.9589398,1,VSM.ClearPhysicalPages,89600,1
0,12091,3774.9589398,1,VSM.StaticCasterCull,67072,1
0,12091,3774.9589398,1,VSM.DynamicCasterCull,41728,1
0,12091,3774.9589398,1,VSM.PageCull,75520,2
0,12091,3774.9589398,1,VSM.StaticRaster,3072,1
0,12091,3774.9589398,1,VSM.FinalizePages,2048,1
0,12091,3774.9589398,1,VSM.DynamicRaster,35072,1
0,12091,3774.9589398,1,VSM.UnityCompatibilityRaster,0,0
0,12091,3774.9589398,1,VSM.Resolve,10885120,1
0,12091,3774.9589398,1,VSM.ResolveTrace,10662400,1
0,12091,3774.9589398,1,VSM.FilterHorizontal,65536,1
0,12091,3774.9589398,1,VSM.FilterVertical,0,0
0,12091,3774.9589398,1,VSM.FilterTemporalVertical,156160,1
1,12092,3774.9826731999997,1,VSM.LayoutRemap,0,1
1,12092,3774.9826731999997,1,VSM.ResetFeedback,0,1
1,12092,3774.9826731999997,1,VSM.MarkReceiverPages,615936,1
1,12092,3774.9826731999997,1,VSM.Allocate,223744,1
1,12092,3774.9826731999997,1,VSM.InvalidateStatic,0,0
1,12092,3774.9826731999997,1,VSM.ClearPhysicalPages,370432,1
1,12092,3774.9826731999997,1,VSM.StaticCasterCull,66560,1
1,12092,3774.9826731999997,1,VSM.DynamicCasterCull,40960,1
1,12092,3774.9826731999997,1,VSM.PageCull,74496,2
1,12092,3774.9826731999997,1,VSM.StaticRaster,6912,1
1,12092,3774.9826731999997,1,VSM.FinalizePages,2048,1
1,12092,3774.9826731999997,1,VSM.DynamicRaster,35072,1
1,12092,3774.9826731999997,1,VSM.UnityCompatibilityRaster,0,0
1,12092,3774.9826731999997,1,VSM.Resolve,11220224,1
1,12092,3774.9826731999997,1,VSM.ResolveTrace,10994176,1
1,12092,3774.9826731999997,1,VSM.FilterHorizontal,67072,1
1,12092,3774.9826731999997,1,VSM.FilterVertical,0,0
1,12092,3774.9826731999997,1,VSM.FilterTemporalVertical,157696,1
2,12093,3775.0055394,1,VSM.LayoutRemap,0,1
2,12093,3775.0055394,1,VSM.ResetFeedback,0,1
2,12093,3775.0055394,1,VSM.MarkReceiverPages,617728,1
2,12093,3775.0055394,1,VSM.Allocate,221696,1
2,12093,3775.0055394,1,VSM.InvalidateStatic,0,0
2,12093,3775.0055394,1,VSM.ClearPhysicalPages,89600,1
2,12093,3775.0055394,1,VSM.StaticCasterCull,68608,1
2,12093,3775.0055394,1,VSM.DynamicCasterCull,43520,1
2,12093,3775.0055394,1,VSM.PageCull,78336,2
2,12093,3775.0055394,1,VSM.StaticRaster,7424,1
2,12093,3775.0055394,1,VSM.FinalizePages,2048,1
2,12093,3775.0055394,1,VSM.DynamicRaster,33792,1
2,12093,3775.0055394,1,VSM.UnityCompatibilityRaster,0,0
2,12093,3775.0055394,1,VSM.Resolve,11699968,1
2,12093,3775.0055394,1,VSM.ResolveTrace,11473408,1
2,12093,3775.0055394,1,VSM.FilterHorizontal,66816,1
2,12093,3775.0055394,1,VSM.FilterVertical,0,0
2,12093,3775.0055394,1,VSM.FilterTemporalVertical,158720,1
3,12094,3775.0285473,1,VSM.LayoutRemap,0,1
3,12094,3775.0285473,1,VSM.ResetFeedback,0,1
3,12094,3775.0285473,1,VSM.MarkReceiverPages,622592,1
3,12094,3775.0285473,1,VSM.Allocate,262400,1
3,12094,3775.0285473,1,VSM.InvalidateStatic,0,0
3,12094,3775.0285473,1,VSM.ClearPhysicalPages,90112,1
3,12094,3775.0285473,1,VSM.StaticCasterCull,67072,1
3,12094,3775.0285473,1,VSM.DynamicCasterCull,46592,1
3,12094,3775.0285473,1,VSM.PageCull,80128,2
3,12094,3775.0285473,1,VSM.StaticRaster,30720,1
3,12094,3775.0285473,1,VSM.FinalizePages,2048,1
3,12094,3775.0285473,1,VSM.DynamicRaster,32256,1
3,12094,3775.0285473,1,VSM.UnityCompatibilityRaster,0,0
3,12094,3775.0285473,1,VSM.Resolve,11649536,1
3,12094,3775.0285473,1,VSM.ResolveTrace,11430400,1
3,12094,3775.0285473,1,VSM.FilterHorizontal,65280,1
3,12094,3775.0285473,1,VSM.FilterVertical,0,0
3,12094,3775.0285473,1,VSM.FilterTemporalVertical,152576,1
4,12095,3775.0502618,1,VSM.LayoutRemap,0,1
4,12095,3775.0502618,1,VSM.ResetFeedback,0,1
4,12095,3775.0502618,1,VSM.MarkReceiverPages,625152,1
4,12095,3775.0502618,1,VSM.Allocate,225792,1
4,12095,3775.0502618,1,VSM.InvalidateStatic,0,0
4,12095,3775.0502618,1,VSM.ClearPhysicalPages,279552,1
4,12095,3775.0502618,1,VSM.StaticCasterCull,68352,1
4,12095,3775.0502618,1,VSM.DynamicCasterCull,44032,1
4,12095,3775.0502618,1,VSM.PageCull,78336,2
4,12095,3775.0502618,1,VSM.StaticRaster,7168,1
4,12095,3775.0502618,1,VSM.FinalizePages,2304,1
4,12095,3775.0502618,1,VSM.DynamicRaster,34304,1
4,12095,3775.0502618,1,VSM.UnityCompatibilityRaster,0,0
4,12095,3775.0502618,1,VSM.Resolve,11763456,1
4,12095,3775.0502618,1,VSM.ResolveTrace,11381248,1
4,12095,3775.0502618,1,VSM.FilterHorizontal,66560,1
4,12095,3775.0502618,1,VSM.FilterVertical,0,0
4,12095,3775.0502618,1,VSM.FilterTemporalVertical,314624,1
5,12096,3775.0728183,1,VSM.LayoutRemap,0,1
5,12096,3775.0728183,1,VSM.ResetFeedback,0,1
5,12096,3775.0728183,1,VSM.MarkReceiverPages,622336,1
5,12096,3775.0728183,1,VSM.Allocate,223744,1
5,12096,3775.0728183,1,VSM.InvalidateStatic,0,0
5,12096,3775.0728183,1,VSM.ClearPhysicalPages,89600,1
5,12096,3775.0728183,1,VSM.StaticCasterCull,69376,1
5,12096,3775.0728183,1,VSM.DynamicCasterCull,44288,1
5,12096,3775.0728183,1,VSM.PageCull,80384,2
5,12096,3775.0728183,1,VSM.StaticRaster,3328,1
5,12096,3775.0728183,1,VSM.FinalizePages,1792,1
5,12096,3775.0728183,1,VSM.DynamicRaster,34048,1
5,12096,3775.0728183,1,VSM.UnityCompatibilityRaster,0,0
5,12096,3775.0728183,1,VSM.Resolve,12624384,1
5,12096,3775.0728183,1,VSM.ResolveTrace,12399872,1
5,12096,3775.0728183,1,VSM.FilterHorizontal,65280,1
5,12096,3775.0728183,1,VSM.FilterVertical,0,0
5,12096,3775.0728183,1,VSM.FilterTemporalVertical,157696,1
6,12097,3775.0951153,1,VSM.LayoutRemap,0,1
6,12097,3775.0951153,1,VSM.ResetFeedback,0,1
6,12097,3775.0951153,1,VSM.MarkReceiverPages,624640,1
6,12097,3775.0951153,1,VSM.Allocate,226048,1
6,12097,3775.0951153,1,VSM.InvalidateStatic,0,0
6,12097,3775.0951153,1,VSM.ClearPhysicalPages,258048,1
6,12097,3775.0951153,1,VSM.StaticCasterCull,75008,1
6,12097,3775.0951153,1,VSM.DynamicCasterCull,45568,1
6,12097,3775.0951153,1,VSM.PageCull,82176,2
6,12097,3775.0951153,1,VSM.StaticRaster,6912,1
6,12097,3775.0951153,1,VSM.FinalizePages,2048,1
6,12097,3775.0951153,1,VSM.DynamicRaster,34048,1
6,12097,3775.0951153,1,VSM.UnityCompatibilityRaster,0,0
6,12097,3775.0951153,1,VSM.Resolve,10910464,1
6,12097,3775.0951153,1,VSM.ResolveTrace,10685952,1
6,12097,3775.0951153,1,VSM.FilterHorizontal,65792,1
6,12097,3775.0951153,1,VSM.FilterVertical,0,0
6,12097,3775.0951153,1,VSM.FilterTemporalVertical,157440,1
7,12098,3775.1170271,1,VSM.LayoutRemap,0,1
7,12098,3775.1170271,1,VSM.ResetFeedback,0,1
7,12098,3775.1170271,1,VSM.MarkReceiverPages,623872,1
7,12098,3775.1170271,1,VSM.Allocate,226048,1
7,12098,3775.1170271,1,VSM.InvalidateStatic,0,0
7,12098,3775.1170271,1,VSM.ClearPhysicalPages,89344,1
7,12098,3775.1170271,1,VSM.StaticCasterCull,69632,1
7,12098,3775.1170271,1,VSM.DynamicCasterCull,44032,1
7,12098,3775.1170271,1,VSM.PageCull,80640,2
7,12098,3775.1170271,1,VSM.StaticRaster,3328,1
7,12098,3775.1170271,1,VSM.FinalizePages,2048,1
7,12098,3775.1170271,1,VSM.DynamicRaster,33536,1
7,12098,3775.1170271,1,VSM.UnityCompatibilityRaster,0,0
7,12098,3775.1170271,1,VSM.Resolve,11590400,1
7,12098,3775.1170271,1,VSM.ResolveTrace,11206656,1
7,12098,3775.1170271,1,VSM.FilterHorizontal,65792,1
7,12098,3775.1170271,1,VSM.FilterVertical,0,0
7,12098,3775.1170271,1,VSM.FilterTemporalVertical,156672,1
8,12099,3775.1392264,1,VSM.LayoutRemap,0,1
8,12099,3775.1392264,1,VSM.ResetFeedback,0,1
8,12099,3775.1392264,1,VSM.MarkReceiverPages,623872,1
8,12099,3775.1392264,1,VSM.Allocate,226304,1
8,12099,3775.1392264,1,VSM.InvalidateStatic,0,0
8,12099,3775.1392264,1,VSM.ClearPhysicalPages,254208,1
8,12099,3775.1392264,1,VSM.StaticCasterCull,70400,1
8,12099,3775.1392264,1,VSM.DynamicCasterCull,45824,1
8,12099,3775.1392264,1,VSM.PageCull,82176,2
8,12099,3775.1392264,1,VSM.StaticRaster,4352,1
8,12099,3775.1392264,1,VSM.FinalizePages,2048,1
8,12099,3775.1392264,1,VSM.DynamicRaster,33792,1
8,12099,3775.1392264,1,VSM.UnityCompatibilityRaster,0,0
8,12099,3775.1392264,1,VSM.Resolve,11552256,1
8,12099,3775.1392264,1,VSM.ResolveTrace,11332352,1
8,12099,3775.1392264,1,VSM.FilterHorizontal,65280,1
8,12099,3775.1392264,1,VSM.FilterVertical,0,0
8,12099,3775.1392264,1,VSM.FilterTemporalVertical,153600,1
9,12100,3775.161757,1,VSM.LayoutRemap,256,1
9,12100,3775.161757,1,VSM.ResetFeedback,0,1
9,12100,3775.161757,1,VSM.MarkReceiverPages,627200,1
9,12100,3775.161757,1,VSM.Allocate,226560,1
9,12100,3775.161757,1,VSM.InvalidateStatic,0,0
9,12100,3775.161757,1,VSM.ClearPhysicalPages,280320,1
9,12100,3775.161757,1,VSM.StaticCasterCull,71424,1
9,12100,3775.161757,1,VSM.DynamicCasterCull,44288,1
9,12100,3775.161757,1,VSM.PageCull,80640,2
9,12100,3775.161757,1,VSM.StaticRaster,7424,1
9,12100,3775.161757,1,VSM.FinalizePages,2048,1
9,12100,3775.161757,1,VSM.DynamicRaster,34048,1
9,12100,3775.161757,1,VSM.UnityCompatibilityRaster,0,0
9,12100,3775.161757,1,VSM.Resolve,11214336,1
9,12100,3775.161757,1,VSM.ResolveTrace,10994944,1
9,12100,3775.161757,1,VSM.FilterHorizontal,65280,1
9,12100,3775.161757,1,VSM.FilterVertical,0,0
9,12100,3775.161757,1,VSM.FilterTemporalVertical,152832,1
10,12101,3775.1838253,1,VSM.LayoutRemap,0,1
10,12101,3775.1838253,1,VSM.ResetFeedback,0,1
10,12101,3775.1838253,1,VSM.MarkReceiverPages,627456,1
10,12101,3775.1838253,1,VSM.Allocate,224256,1
10,12101,3775.1838253,1,VSM.InvalidateStatic,0,0
10,12101,3775.1838253,1,VSM.ClearPhysicalPages,269056,1
10,12101,3775.1838253,1,VSM.StaticCasterCull,67840,1
10,12101,3775.1838253,1,VSM.DynamicCasterCull,43776,1
10,12101,3775.1838253,1,VSM.PageCull,77824,2
10,12101,3775.1838253,1,VSM.StaticRaster,3072,1
10,12101,3775.1838253,1,VSM.FinalizePages,2048,1
10,12101,3775.1838253,1,VSM.DynamicRaster,33280,1
10,12101,3775.1838253,1,VSM.UnityCompatibilityRaster,0,0
10,12101,3775.1838253,1,VSM.Resolve,11795200,1
10,12101,3775.1838253,1,VSM.ResolveTrace,11573504,1
10,12101,3775.1838253,1,VSM.FilterHorizontal,66304,1
10,12101,3775.1838253,1,VSM.FilterVertical,0,0
10,12101,3775.1838253,1,VSM.FilterTemporalVertical,154112,1
11,12102,3775.2073585,1,VSM.LayoutRemap,0,1
11,12102,3775.2073585,1,VSM.ResetFeedback,0,1
11,12102,3775.2073585,1,VSM.MarkReceiverPages,827136,1
11,12102,3775.2073585,1,VSM.Allocate,226560,1
11,12102,3775.2073585,1,VSM.InvalidateStatic,0,0
11,12102,3775.2073585,1,VSM.ClearPhysicalPages,251392,1
11,12102,3775.2073585,1,VSM.StaticCasterCull,70400,1
11,12102,3775.2073585,1,VSM.DynamicCasterCull,43776,1
11,12102,3775.2073585,1,VSM.PageCull,80128,2
11,12102,3775.2073585,1,VSM.StaticRaster,3328,1
11,12102,3775.2073585,1,VSM.FinalizePages,2048,1
11,12102,3775.2073585,1,VSM.DynamicRaster,32768,1
11,12102,3775.2073585,1,VSM.UnityCompatibilityRaster,0,0
11,12102,3775.2073585,1,VSM.Resolve,10948608,1
11,12102,3775.2073585,1,VSM.ResolveTrace,10558464,1
11,12102,3775.2073585,1,VSM.FilterHorizontal,66816,1
11,12102,3775.2073585,1,VSM.FilterVertical,0,0
11,12102,3775.2073585,1,VSM.FilterTemporalVertical,155136,1
12,12103,3775.2301726,1,VSM.LayoutRemap,0,1
12,12103,3775.2301726,1,VSM.ResetFeedback,0,1
12,12103,3775.2301726,1,VSM.MarkReceiverPages,627968,1
12,12103,3775.2301726,1,VSM.Allocate,223232,1
12,12103,3775.2301726,1,VSM.InvalidateStatic,0,0
12,12103,3775.2301726,1,VSM.ClearPhysicalPages,271872,1
12,12103,3775.2301726,1,VSM.StaticCasterCull,77312,1
12,12103,3775.2301726,1,VSM.DynamicCasterCull,46848,1
12,12103,3775.2301726,1,VSM.PageCull,83200,2
12,12103,3775.2301726,1,VSM.StaticRaster,3328,1
12,12103,3775.2301726,1,VSM.FinalizePages,2304,1
12,12103,3775.2301726,1,VSM.DynamicRaster,32256,1
12,12103,3775.2301726,1,VSM.UnityCompatibilityRaster,0,0
12,12103,3775.2301726,1,VSM.Resolve,11718144,1
12,12103,3775.2301726,1,VSM.ResolveTrace,11492608,1
12,12103,3775.2301726,1,VSM.FilterHorizontal,65024,1
12,12103,3775.2301726,1,VSM.FilterVertical,0,0
12,12103,3775.2301726,1,VSM.FilterTemporalVertical,159232,1
13,12104,3775.2526027999997,1,VSM.LayoutRemap,0,1
13,12104,3775.2526027999997,1,VSM.ResetFeedback,256,1
13,12104,3775.2526027999997,1,VSM.MarkReceiverPages,627200,1
13,12104,3775.2526027999997,1,VSM.Allocate,226816,1
13,12104,3775.2526027999997,1,VSM.InvalidateStatic,0,0
13,12104,3775.2526027999997,1,VSM.ClearPhysicalPages,89600,1
13,12104,3775.2526027999997,1,VSM.StaticCasterCull,70400,1
13,12104,3775.2526027999997,1,VSM.DynamicCasterCull,44032,1
13,12104,3775.2526027999997,1,VSM.PageCull,80384,2
13,12104,3775.2526027999997,1,VSM.StaticRaster,3328,1
13,12104,3775.2526027999997,1,VSM.FinalizePages,2048,1
13,12104,3775.2526027999997,1,VSM.DynamicRaster,32768,1
13,12104,3775.2526027999997,1,VSM.UnityCompatibilityRaster,0,0
13,12104,3775.2526027999997,1,VSM.Resolve,11750144,1
13,12104,3775.2526027999997,1,VSM.ResolveTrace,11528192,1
13,12104,3775.2526027999997,1,VSM.FilterHorizontal,66048,1
13,12104,3775.2526027999997,1,VSM.FilterVertical,0,0
13,12104,3775.2526027999997,1,VSM.FilterTemporalVertical,154624,1
14,12105,3775.2754858,1,VSM.LayoutRemap,0,1
14,12105,3775.2754858,1,VSM.ResetFeedback,0,1
14,12105,3775.2754858,1,VSM.MarkReceiverPages,627968,1
14,12105,3775.2754858,1,VSM.Allocate,226048,1
14,12105,3775.2754858,1,VSM.InvalidateStatic,0,0
14,12105,3775.2754858,1,VSM.ClearPhysicalPages,387584,1
14,12105,3775.2754858,1,VSM.StaticCasterCull,78848,1
14,12105,3775.2754858,1,VSM.DynamicCasterCull,43008,1
14,12105,3775.2754858,1,VSM.PageCull,80128,2
14,12105,3775.2754858,1,VSM.StaticRaster,3328,1
14,12105,3775.2754858,1,VSM.FinalizePages,2048,1
14,12105,3775.2754858,1,VSM.DynamicRaster,35072,1
14,12105,3775.2754858,1,VSM.UnityCompatibilityRaster,0,0
14,12105,3775.2754858,1,VSM.Resolve,11591424,1
14,12105,3775.2754858,1,VSM.ResolveTrace,11371776,1
14,12105,3775.2754858,1,VSM.FilterHorizontal,65536,1
14,12105,3775.2754858,1,VSM.FilterVertical,0,0
14,12105,3775.2754858,1,VSM.FilterTemporalVertical,153088,1
15,12106,3775.2978043999997,1,VSM.LayoutRemap,256,1
15,12106,3775.2978043999997,1,VSM.ResetFeedback,0,1
15,12106,3775.2978043999997,1,VSM.MarkReceiverPages,626688,1
15,12106,3775.2978043999997,1,VSM.Allocate,261120,1
15,12106,3775.2978043999997,1,VSM.InvalidateStatic,0,0
15,12106,3775.2978043999997,1,VSM.ClearPhysicalPages,345088,1
15,12106,3775.2978043999997,1,VSM.StaticCasterCull,68864,1
15,12106,3775.2978043999997,1,VSM.DynamicCasterCull,45312,1
15,12106,3775.2978043999997,1,VSM.PageCull,79104,2
15,12106,3775.2978043999997,1,VSM.StaticRaster,22528,1
15,12106,3775.2978043999997,1,VSM.FinalizePages,2304,1
15,12106,3775.2978043999997,1,VSM.DynamicRaster,32000,1
15,12106,3775.2978043999997,1,VSM.UnityCompatibilityRaster,0,0
15,12106,3775.2978043999997,1,VSM.Resolve,11837952,1
15,12106,3775.2978043999997,1,VSM.ResolveTrace,11616768,1
15,12106,3775.2978043999997,1,VSM.FilterHorizontal,66560,1
15,12106,3775.2978043999997,1,VSM.FilterVertical,0,0
15,12106,3775.2978043999997,1,VSM.FilterTemporalVertical,153600,1
16,12107,3775.320737,1,VSM.LayoutRemap,0,1
16,12107,3775.320737,1,VSM.ResetFeedback,0,1
16,12107,3775.320737,1,VSM.MarkReceiverPages,632064,1
16,12107,3775.320737,1,VSM.Allocate,262656,1
16,12107,3775.320737,1,VSM.InvalidateStatic,0,0
16,12107,3775.320737,1,VSM.ClearPhysicalPages,678912,1
16,12107,3775.320737,1,VSM.StaticCasterCull,68096,1
16,12107,3775.320737,1,VSM.DynamicCasterCull,43776,1
16,12107,3775.320737,1,VSM.PageCull,75008,2
16,12107,3775.320737,1,VSM.StaticRaster,30976,1
16,12107,3775.320737,1,VSM.FinalizePages,2304,1
16,12107,3775.320737,1,VSM.DynamicRaster,32512,1
16,12107,3775.320737,1,VSM.UnityCompatibilityRaster,0,0
16,12107,3775.320737,1,VSM.Resolve,11321600,1
16,12107,3775.320737,1,VSM.ResolveTrace,10920192,1
16,12107,3775.320737,1,VSM.FilterHorizontal,65024,1
16,12107,3775.320737,1,VSM.FilterVertical,0,0
16,12107,3775.320737,1,VSM.FilterTemporalVertical,154880,1
17,12108,3775.3437424999997,1,VSM.LayoutRemap,0,1
17,12108,3775.3437424999997,1,VSM.ResetFeedback,0,1
17,12108,3775.3437424999997,1,VSM.MarkReceiverPages,626944,1
17,12108,3775.3437424999997,1,VSM.Allocate,223232,1
17,12108,3775.3437424999997,1,VSM.InvalidateStatic,0,0
17,12108,3775.3437424999997,1,VSM.ClearPhysicalPages,89856,1
17,12108,3775.3437424999997,1,VSM.StaticCasterCull,68352,1
17,12108,3775.3437424999997,1,VSM.DynamicCasterCull,45568,1
17,12108,3775.3437424999997,1,VSM.PageCull,80384,2
17,12108,3775.3437424999997,1,VSM.StaticRaster,6912,1
17,12108,3775.3437424999997,1,VSM.FinalizePages,2304,1
17,12108,3775.3437424999997,1,VSM.DynamicRaster,242176,1
17,12108,3775.3437424999997,1,VSM.UnityCompatibilityRaster,0,0
17,12108,3775.3437424999997,1,VSM.Resolve,10610176,1
17,12108,3775.3437424999997,1,VSM.ResolveTrace,10387968,1
17,12108,3775.3437424999997,1,VSM.FilterHorizontal,66560,1
17,12108,3775.3437424999997,1,VSM.FilterVertical,0,0
17,12108,3775.3437424999997,1,VSM.FilterTemporalVertical,154624,1
18,12109,3775.3661377,1,VSM.LayoutRemap,0,1
18,12109,3775.3661377,1,VSM.ResetFeedback,0,1
18,12109,3775.3661377,1,VSM.MarkReceiverPages,626432,1
18,12109,3775.3661377,1,VSM.Allocate,225280,1
18,12109,3775.3661377,1,VSM.InvalidateStatic,0,0
18,12109,3775.3661377,1,VSM.ClearPhysicalPages,89600,1
18,12109,3775.3661377,1,VSM.StaticCasterCull,66816,1
18,12109,3775.3661377,1,VSM.DynamicCasterCull,44288,1
18,12109,3775.3661377,1,VSM.PageCull,78080,2
18,12109,3775.3661377,1,VSM.StaticRaster,7680,1
18,12109,3775.3661377,1,VSM.FinalizePages,2048,1
18,12109,3775.3661377,1,VSM.DynamicRaster,34048,1
18,12109,3775.3661377,1,VSM.UnityCompatibilityRaster,0,0
18,12109,3775.3661377,1,VSM.Resolve,11565568,1
18,12109,3775.3661377,1,VSM.ResolveTrace,11342592,1
18,12109,3775.3661377,1,VSM.FilterHorizontal,65024,1
18,12109,3775.3661377,1,VSM.FilterVertical,0,0
18,12109,3775.3661377,1,VSM.FilterTemporalVertical,156672,1
19,12110,3775.3884998,1,VSM.LayoutRemap,0,1
19,12110,3775.3884998,1,VSM.ResetFeedback,0,1
19,12110,3775.3884998,1,VSM.MarkReceiverPages,627200,1
19,12110,3775.3884998,1,VSM.Allocate,225280,1
19,12110,3775.3884998,1,VSM.InvalidateStatic,0,0
19,12110,3775.3884998,1,VSM.ClearPhysicalPages,89856,1
19,12110,3775.3884998,1,VSM.StaticCasterCull,69376,1
19,12110,3775.3884998,1,VSM.DynamicCasterCull,43520,1
19,12110,3775.3884998,1,VSM.PageCull,80640,2
19,12110,3775.3884998,1,VSM.StaticRaster,6912,1
19,12110,3775.3884998,1,VSM.FinalizePages,2048,1
19,12110,3775.3884998,1,VSM.DynamicRaster,34048,1
19,12110,3775.3884998,1,VSM.UnityCompatibilityRaster,0,0
19,12110,3775.3884998,1,VSM.Resolve,11097344,1
19,12110,3775.3884998,1,VSM.ResolveTrace,10876928,1
19,12110,3775.3884998,1,VSM.FilterHorizontal,65280,1
19,12110,3775.3884998,1,VSM.FilterVertical,0,0
19,12110,3775.3884998,1,VSM.FilterTemporalVertical,154112,1
20,12111,3775.4108966999997,1,VSM.LayoutRemap,0,1
20,12111,3775.4108966999997,1,VSM.ResetFeedback,0,1
20,12111,3775.4108966999997,1,VSM.MarkReceiverPages,624640,1
20,12111,3775.4108966999997,1,VSM.Allocate,227584,1
20,12111,3775.4108966999997,1,VSM.InvalidateStatic,0,0
20,12111,3775.4108966999997,1,VSM.ClearPhysicalPages,89600,1
20,12111,3775.4108966999997,1,VSM.StaticCasterCull,65536,1
20,12111,3775.4108966999997,1,VSM.DynamicCasterCull,43264,1
20,12111,3775.4108966999997,1,VSM.PageCull,76032,2
20,12111,3775.4108966999997,1,VSM.StaticRaster,7680,1
20,12111,3775.4108966999997,1,VSM.FinalizePages,2048,1
20,12111,3775.4108966999997,1,VSM.DynamicRaster,33792,1
20,12111,3775.4108966999997,1,VSM.UnityCompatibilityRaster,0,0
20,12111,3775.4108966999997,1,VSM.Resolve,11286016,1
20,12111,3775.4108966999997,1,VSM.ResolveTrace,10891264,1
20,12111,3775.4108966999997,1,VSM.FilterHorizontal,65024,1
20,12111,3775.4108966999997,1,VSM.FilterVertical,0,0
20,12111,3775.4108966999997,1,VSM.FilterTemporalVertical,328704,1
21,12112,3775.4340315,1,VSM.LayoutRemap,0,1
21,12112,3775.4340315,1,VSM.ResetFeedback,0,1
21,12112,3775.4340315,1,VSM.MarkReceiverPages,623360,1
21,12112,3775.4340315,1,VSM.Allocate,261632,1
21,12112,3775.4340315,1,VSM.InvalidateStatic,0,0
21,12112,3775.4340315,1,VSM.ClearPhysicalPages,274944,1
21,12112,3775.4340315,1,VSM.StaticCasterCull,72448,1
21,12112,3775.4340315,1,VSM.DynamicCasterCull,46848,1
21,12112,3775.4340315,1,VSM.PageCull,80384,2
21,12112,3775.4340315,1,VSM.StaticRaster,43776,1
21,12112,3775.4340315,1,VSM.FinalizePages,2304,1
21,12112,3775.4340315,1,VSM.DynamicRaster,33792,1
21,12112,3775.4340315,1,VSM.UnityCompatibilityRaster,0,0
21,12112,3775.4340315,1,VSM.Resolve,11185920,1
21,12112,3775.4340315,1,VSM.ResolveTrace,10964992,1
21,12112,3775.4340315,1,VSM.FilterHorizontal,65792,1
21,12112,3775.4340315,1,VSM.FilterVertical,0,0
21,12112,3775.4340315,1,VSM.FilterTemporalVertical,154112,1
22,12113,3775.4567179,1,VSM.LayoutRemap,0,1
22,12113,3775.4567179,1,VSM.ResetFeedback,0,1
22,12113,3775.4567179,1,VSM.MarkReceiverPages,623360,1
22,12113,3775.4567179,1,VSM.Allocate,225024,1
22,12113,3775.4567179,1,VSM.InvalidateStatic,0,0
22,12113,3775.4567179,1,VSM.ClearPhysicalPages,89344,1
22,12113,3775.4567179,1,VSM.StaticCasterCull,65792,1
22,12113,3775.4567179,1,VSM.DynamicCasterCull,41728,1
22,12113,3775.4567179,1,VSM.PageCull,73984,2
22,12113,3775.4567179,1,VSM.StaticRaster,7168,1
22,12113,3775.4567179,1,VSM.FinalizePages,2560,1
22,12113,3775.4567179,1,VSM.DynamicRaster,34560,1
22,12113,3775.4567179,1,VSM.UnityCompatibilityRaster,0,0
22,12113,3775.4567179,1,VSM.Resolve,11380736,1
22,12113,3775.4567179,1,VSM.ResolveTrace,11160832,1
22,12113,3775.4567179,1,VSM.FilterHorizontal,65792,1
22,12113,3775.4567179,1,VSM.FilterVertical,0,0
22,12113,3775.4567179,1,VSM.FilterTemporalVertical,153088,1
23,12114,3775.4799276,1,VSM.LayoutRemap,0,1
23,12114,3775.4799276,1,VSM.ResetFeedback,0,1
23,12114,3775.4799276,1,VSM.MarkReceiverPages,619264,1
23,12114,3775.4799276,1,VSM.Allocate,223744,1
23,12114,3775.4799276,1,VSM.InvalidateStatic,0,0
23,12114,3775.4799276,1,VSM.ClearPhysicalPages,266496,1
23,12114,3775.4799276,1,VSM.StaticCasterCull,72448,1
23,12114,3775.4799276,1,VSM.DynamicCasterCull,43008,1
23,12114,3775.4799276,1,VSM.PageCull,77568,2
23,12114,3775.4799276,1,VSM.StaticRaster,4608,1
23,12114,3775.4799276,1,VSM.FinalizePages,2048,1
23,12114,3775.4799276,1,VSM.DynamicRaster,34048,1
23,12114,3775.4799276,1,VSM.UnityCompatibilityRaster,0,0
23,12114,3775.4799276,1,VSM.Resolve,11931136,1
23,12114,3775.4799276,1,VSM.ResolveTrace,11710976,1
23,12114,3775.4799276,1,VSM.FilterHorizontal,65024,1
23,12114,3775.4799276,1,VSM.FilterVertical,0,0
23,12114,3775.4799276,1,VSM.FilterTemporalVertical,154112,1
24,12115,3775.5038228999997,1,VSM.LayoutRemap,0,1
24,12115,3775.5038228999997,1,VSM.ResetFeedback,0,1
24,12115,3775.5038228999997,1,VSM.MarkReceiverPages,618752,1
24,12115,3775.5038228999997,1,VSM.Allocate,225536,1
24,12115,3775.5038228999997,1,VSM.InvalidateStatic,0,0
24,12115,3775.5038228999997,1,VSM.ClearPhysicalPages,89856,1
24,12115,3775.5038228999997,1,VSM.StaticCasterCull,68096,1
24,12115,3775.5038228999997,1,VSM.DynamicCasterCull,42496,1
24,12115,3775.5038228999997,1,VSM.PageCull,77824,2
24,12115,3775.5038228999997,1,VSM.StaticRaster,7168,1
24,12115,3775.5038228999997,1,VSM.FinalizePages,2048,1
24,12115,3775.5038228999997,1,VSM.DynamicRaster,34816,1
24,12115,3775.5038228999997,1,VSM.UnityCompatibilityRaster,0,0
24,12115,3775.5038228999997,1,VSM.Resolve,10763520,1
24,12115,3775.5038228999997,1,VSM.ResolveTrace,10543104,1
24,12115,3775.5038228999997,1,VSM.FilterHorizontal,65536,1
24,12115,3775.5038228999997,1,VSM.FilterVertical,0,0
24,12115,3775.5038228999997,1,VSM.FilterTemporalVertical,153344,1
25,12116,3775.5263071,1,VSM.LayoutRemap,0,1
25,12116,3775.5263071,1,VSM.ResetFeedback,0,1
25,12116,3775.5263071,1,VSM.MarkReceiverPages,619008,1
25,12116,3775.5263071,1,VSM.Allocate,260608,1
25,12116,3775.5263071,1,VSM.InvalidateStatic,0,0
25,12116,3775.5263071,1,VSM.ClearPhysicalPages,272128,1
25,12116,3775.5263071,1,VSM.StaticCasterCull,70912,1
25,12116,3775.5263071,1,VSM.DynamicCasterCull,44544,1
25,12116,3775.5263071,1,VSM.PageCull,76800,2
25,12116,3775.5263071,1,VSM.StaticRaster,30720,1
25,12116,3775.5263071,1,VSM.FinalizePages,2304,1
25,12116,3775.5263071,1,VSM.DynamicRaster,33536,1
25,12116,3775.5263071,1,VSM.UnityCompatibilityRaster,0,0
25,12116,3775.5263071,1,VSM.Resolve,11250944,1
25,12116,3775.5263071,1,VSM.ResolveTrace,11031808,1
25,12116,3775.5263071,1,VSM.FilterHorizontal,65280,1
25,12116,3775.5263071,1,VSM.FilterVertical,0,0
25,12116,3775.5263071,1,VSM.FilterTemporalVertical,152832,1
26,12117,3775.5489874,1,VSM.LayoutRemap,0,1
26,12117,3775.5489874,1,VSM.ResetFeedback,0,1
26,12117,3775.5489874,1,VSM.MarkReceiverPages,618752,1
26,12117,3775.5489874,1,VSM.Allocate,223488,1
26,12117,3775.5489874,1,VSM.InvalidateStatic,0,0
26,12117,3775.5489874,1,VSM.ClearPhysicalPages,351232,1
26,12117,3775.5489874,1,VSM.StaticCasterCull,74240,1
26,12117,3775.5489874,1,VSM.DynamicCasterCull,42496,1
26,12117,3775.5489874,1,VSM.PageCull,78080,2
26,12117,3775.5489874,1,VSM.StaticRaster,3328,1
26,12117,3775.5489874,1,VSM.FinalizePages,2048,1
26,12117,3775.5489874,1,VSM.DynamicRaster,34560,1
26,12117,3775.5489874,1,VSM.UnityCompatibilityRaster,0,0
26,12117,3775.5489874,1,VSM.Resolve,12282112,1
26,12117,3775.5489874,1,VSM.ResolveTrace,12057600,1
26,12117,3775.5489874,1,VSM.FilterHorizontal,66816,1
26,12117,3775.5489874,1,VSM.FilterVertical,0,0
26,12117,3775.5489874,1,VSM.FilterTemporalVertical,156672,1
27,12118,3775.5716505,1,VSM.LayoutRemap,0,1
27,12118,3775.5716505,1,VSM.ResetFeedback,0,1
27,12118,3775.5716505,1,VSM.MarkReceiverPages,617984,1
27,12118,3775.5716505,1,VSM.Allocate,260864,1
27,12118,3775.5716505,1,VSM.InvalidateStatic,0,0
27,12118,3775.5716505,1,VSM.ClearPhysicalPages,89856,1
27,12118,3775.5716505,1,VSM.StaticCasterCull,69120,1
27,12118,3775.5716505,1,VSM.DynamicCasterCull,44544,1
27,12118,3775.5716505,1,VSM.PageCull,80384,2
27,12118,3775.5716505,1,VSM.StaticRaster,26880,1
27,12118,3775.5716505,1,VSM.FinalizePages,2048,1
27,12118,3775.5716505,1,VSM.DynamicRaster,32768,1
27,12118,3775.5716505,1,VSM.UnityCompatibilityRaster,0,0
27,12118,3775.5716505,1,VSM.Resolve,11849728,1
27,12118,3775.5716505,1,VSM.ResolveTrace,11454720,1
27,12118,3775.5716505,1,VSM.FilterHorizontal,65280,1
27,12118,3775.5716505,1,VSM.FilterVertical,0,0
27,12118,3775.5716505,1,VSM.FilterTemporalVertical,328704,1
28,12119,3775.5953329,1,VSM.LayoutRemap,0,1
28,12119,3775.5953329,1,VSM.ResetFeedback,0,1
28,12119,3775.5953329,1,VSM.MarkReceiverPages,615168,1
28,12119,3775.5953329,1,VSM.Allocate,224000,1
28,12119,3775.5953329,1,VSM.InvalidateStatic,0,0
28,12119,3775.5953329,1,VSM.ClearPhysicalPages,90112,1
28,12119,3775.5953329,1,VSM.StaticCasterCull,68096,1
28,12119,3775.5953329,1,VSM.DynamicCasterCull,41984,1
28,12119,3775.5953329,1,VSM.PageCull,77312,2
28,12119,3775.5953329,1,VSM.StaticRaster,7168,1
28,12119,3775.5953329,1,VSM.FinalizePages,2048,1
28,12119,3775.5953329,1,VSM.DynamicRaster,34048,1
28,12119,3775.5953329,1,VSM.UnityCompatibilityRaster,0,0
28,12119,3775.5953329,1,VSM.Resolve,10861824,1
28,12119,3775.5953329,1,VSM.ResolveTrace,10442240,1
28,12119,3775.5953329,1,VSM.FilterHorizontal,66560,1
28,12119,3775.5953329,1,VSM.FilterVertical,0,0
28,12119,3775.5953329,1,VSM.FilterTemporalVertical,152832,1
29,12120,3775.6190552,1,VSM.LayoutRemap,0,1
29,12120,3775.6190552,1,VSM.ResetFeedback,0,1
29,12120,3775.6190552,1,VSM.MarkReceiverPages,615936,1
29,12120,3775.6190552,1,VSM.Allocate,222208,1
29,12120,3775.6190552,1,VSM.InvalidateStatic,0,0
29,12120,3775.6190552,1,VSM.ClearPhysicalPages,89856,1
29,12120,3775.6190552,1,VSM.StaticCasterCull,65792,1
29,12120,3775.6190552,1,VSM.DynamicCasterCull,43008,1
29,12120,3775.6190552,1,VSM.PageCull,76032,2
29,12120,3775.6190552,1,VSM.StaticRaster,7168,1
29,12120,3775.6190552,1,VSM.FinalizePages,2048,1
29,12120,3775.6190552,1,VSM.DynamicRaster,33792,1
29,12120,3775.6190552,1,VSM.UnityCompatibilityRaster,0,0
29,12120,3775.6190552,1,VSM.Resolve,11604992,1
29,12120,3775.6190552,1,VSM.ResolveTrace,11387392,1
29,12120,3775.6190552,1,VSM.FilterHorizontal,64256,1
29,12120,3775.6190552,1,VSM.FilterVertical,0,0
29,12120,3775.6190552,1,VSM.FilterTemporalVertical,152576,1
30,12121,3775.6427077999997,1,VSM.LayoutRemap,0,1
30,12121,3775.6427077999997,1,VSM.ResetFeedback,0,1
30,12121,3775.6427077999997,1,VSM.MarkReceiverPages,616960,1
30,12121,3775.6427077999997,1,VSM.Allocate,224256,1
30,12121,3775.6427077999997,1,VSM.InvalidateStatic,0,0
30,12121,3775.6427077999997,1,VSM.ClearPhysicalPages,89856,1
30,12121,3775.6427077999997,1,VSM.StaticCasterCull,68096,1
30,12121,3775.6427077999997,1,VSM.DynamicCasterCull,41216,1
30,12121,3775.6427077999997,1,VSM.PageCull,76800,2
30,12121,3775.6427077999997,1,VSM.StaticRaster,6912,1
30,12121,3775.6427077999997,1,VSM.FinalizePages,2304,1
30,12121,3775.6427077999997,1,VSM.DynamicRaster,33792,1
30,12121,3775.6427077999997,1,VSM.UnityCompatibilityRaster,0,0
30,12121,3775.6427077999997,1,VSM.Resolve,11801600,1
30,12121,3775.6427077999997,1,VSM.ResolveTrace,11400448,1
30,12121,3775.6427077999997,1,VSM.FilterHorizontal,65024,1
30,12121,3775.6427077999997,1,VSM.FilterVertical,0,0
30,12121,3775.6427077999997,1,VSM.FilterTemporalVertical,155136,1
31,12122,3775.6660363,1,VSM.LayoutRemap,0,1
31,12122,3775.6660363,1,VSM.ResetFeedback,0,1
31,12122,3775.6660363,1,VSM.MarkReceiverPages,827648,1
31,12122,3775.6660363,1,VSM.Allocate,223232,1
31,12122,3775.6660363,1,VSM.InvalidateStatic,0,0
31,12122,3775.6660363,1,VSM.ClearPhysicalPages,89856,1
31,12122,3775.6660363,1,VSM.StaticCasterCull,67584,1
31,12122,3775.6660363,1,VSM.DynamicCasterCull,42496,1
31,12122,3775.6660363,1,VSM.PageCull,77056,2
31,12122,3775.6660363,1,VSM.StaticRaster,3584,1
31,12122,3775.6660363,1,VSM.FinalizePages,2048,1
31,12122,3775.6660363,1,VSM.DynamicRaster,34560,1
31,12122,3775.6660363,1,VSM.UnityCompatibilityRaster,0,0
31,12122,3775.6660363,1,VSM.Resolve,11728896,1
31,12122,3775.6660363,1,VSM.ResolveTrace,11500544,1
31,12122,3775.6660363,1,VSM.FilterHorizontal,66304,1
31,12122,3775.6660363,1,VSM.FilterVertical,0,0
31,12122,3775.6660363,1,VSM.FilterTemporalVertical,161024,1
32,12123,3775.687922,1,VSM.LayoutRemap,0,1
32,12123,3775.687922,1,VSM.ResetFeedback,0,1
32,12123,3775.687922,1,VSM.MarkReceiverPages,616704,1
32,12123,3775.687922,1,VSM.Allocate,221952,1
32,12123,3775.687922,1,VSM.InvalidateStatic,0,0
32,12123,3775.687922,1,VSM.ClearPhysicalPages,89856,1
32,12123,3775.687922,1,VSM.StaticCasterCull,66048,1
32,12123,3775.687922,1,VSM.DynamicCasterCull,41472,1
32,12123,3775.687922,1,VSM.PageCull,73216,2
32,12123,3775.687922,1,VSM.StaticRaster,6912,1
32,12123,3775.687922,1,VSM.FinalizePages,2304,1
32,12123,3775.687922,1,VSM.DynamicRaster,33792,1
32,12123,3775.687922,1,VSM.UnityCompatibilityRaster,0,0
32,12123,3775.687922,1,VSM.Resolve,11479808,1
32,12123,3775.687922,1,VSM.ResolveTrace,11255040,1
32,12123,3775.687922,1,VSM.FilterHorizontal,65536,1
32,12123,3775.687922,1,VSM.FilterVertical,0,0
32,12123,3775.687922,1,VSM.FilterTemporalVertical,158208,1
33,12124,3775.7114094999997,1,VSM.LayoutRemap,0,1
33,12124,3775.7114094999997,1,VSM.ResetFeedback,0,1
33,12124,3775.7114094999997,1,VSM.MarkReceiverPages,827136,1
33,12124,3775.7114094999997,1,VSM.Allocate,224256,1
33,12124,3775.7114094999997,1,VSM.InvalidateStatic,0,0
33,12124,3775.7114094999997,1,VSM.ClearPhysicalPages,90112,1
33,12124,3775.7114094999997,1,VSM.StaticCasterCull,67584,1
33,12124,3775.7114094999997,1,VSM.DynamicCasterCull,43008,1
33,12124,3775.7114094999997,1,VSM.PageCull,77312,2
33,12124,3775.7114094999997,1,VSM.StaticRaster,11520,1
33,12124,3775.7114094999997,1,VSM.FinalizePages,2048,1
33,12124,3775.7114094999997,1,VSM.DynamicRaster,34560,1
33,12124,3775.7114094999997,1,VSM.UnityCompatibilityRaster,0,0
33,12124,3775.7114094999997,1,VSM.Resolve,11609600,1
33,12124,3775.7114094999997,1,VSM.ResolveTrace,11382272,1
33,12124,3775.7114094999997,1,VSM.FilterHorizontal,65792,1
33,12124,3775.7114094999997,1,VSM.FilterVertical,0,0
33,12124,3775.7114094999997,1,VSM.FilterTemporalVertical,160512,1
34,12125,3775.7343424,1,VSM.LayoutRemap,0,1
34,12125,3775.7343424,1,VSM.ResetFeedback,0,1
34,12125,3775.7343424,1,VSM.MarkReceiverPages,615936,1
34,12125,3775.7343424,1,VSM.Allocate,222208,1
34,12125,3775.7343424,1,VSM.InvalidateStatic,0,0
34,12125,3775.7343424,1,VSM.ClearPhysicalPages,89856,1
34,12125,3775.7343424,1,VSM.StaticCasterCull,68352,1
34,12125,3775.7343424,1,VSM.DynamicCasterCull,42752,1
34,12125,3775.7343424,1,VSM.PageCull,78336,2
34,12125,3775.7343424,1,VSM.StaticRaster,6912,1
34,12125,3775.7343424,1,VSM.FinalizePages,2048,1
34,12125,3775.7343424,1,VSM.DynamicRaster,34048,1
34,12125,3775.7343424,1,VSM.UnityCompatibilityRaster,0,0
34,12125,3775.7343424,1,VSM.Resolve,10507776,1
34,12125,3775.7343424,1,VSM.ResolveTrace,10283264,1
34,12125,3775.7343424,1,VSM.FilterHorizontal,65280,1
34,12125,3775.7343424,1,VSM.FilterVertical,0,0
34,12125,3775.7343424,1,VSM.FilterTemporalVertical,157952,1
35,12126,3775.7558051,1,VSM.LayoutRemap,0,1
35,12126,3775.7558051,1,VSM.ResetFeedback,0,1
35,12126,3775.7558051,1,VSM.MarkReceiverPages,621568,1
35,12126,3775.7558051,1,VSM.Allocate,262656,1
35,12126,3775.7558051,1,VSM.InvalidateStatic,0,0
35,12126,3775.7558051,1,VSM.ClearPhysicalPages,90112,1
35,12126,3775.7558051,1,VSM.StaticCasterCull,68352,1
35,12126,3775.7558051,1,VSM.DynamicCasterCull,47360,1
35,12126,3775.7558051,1,VSM.PageCull,82944,2
35,12126,3775.7558051,1,VSM.StaticRaster,29440,1
35,12126,3775.7558051,1,VSM.FinalizePages,1792,1
35,12126,3775.7558051,1,VSM.DynamicRaster,33024,1
35,12126,3775.7558051,1,VSM.UnityCompatibilityRaster,0,0
35,12126,3775.7558051,1,VSM.Resolve,12387840,1
35,12126,3775.7558051,1,VSM.ResolveTrace,12167168,1
35,12126,3775.7558051,1,VSM.FilterHorizontal,66304,1
35,12126,3775.7558051,1,VSM.FilterVertical,0,0
35,12126,3775.7558051,1,VSM.FilterTemporalVertical,153600,1
36,12127,3775.7798417999998,1,VSM.LayoutRemap,0,1
36,12127,3775.7798417999998,1,VSM.ResetFeedback,0,1
36,12127,3775.7798417999998,1,VSM.MarkReceiverPages,622080,1
36,12127,3775.7798417999998,1,VSM.Allocate,226304,1
36,12127,3775.7798417999998,1,VSM.InvalidateStatic,0,0
36,12127,3775.7798417999998,1,VSM.ClearPhysicalPages,89344,1
36,12127,3775.7798417999998,1,VSM.StaticCasterCull,68096,1
36,12127,3775.7798417999998,1,VSM.DynamicCasterCull,45312,1
36,12127,3775.7798417999998,1,VSM.PageCull,80896,2
36,12127,3775.7798417999998,1,VSM.StaticRaster,7424,1
36,12127,3775.7798417999998,1,VSM.FinalizePages,2048,1
36,12127,3775.7798417999998,1,VSM.DynamicRaster,33024,1
36,12127,3775.7798417999998,1,VSM.UnityCompatibilityRaster,0,0
36,12127,3775.7798417999998,1,VSM.Resolve,12250368,1
36,12127,3775.7798417999998,1,VSM.ResolveTrace,11811840,1
36,12127,3775.7798417999998,1,VSM.FilterHorizontal,65280,1
36,12127,3775.7798417999998,1,VSM.FilterVertical,0,0
36,12127,3775.7798417999998,1,VSM.FilterTemporalVertical,371712,1
37,12128,3775.8033265999998,1,VSM.LayoutRemap,0,1
37,12128,3775.8033265999998,1,VSM.ResetFeedback,0,1
37,12128,3775.8033265999998,1,VSM.MarkReceiverPages,624640,1
37,12128,3775.8033265999998,1,VSM.Allocate,226048,1
37,12128,3775.8033265999998,1,VSM.InvalidateStatic,0,0
37,12128,3775.8033265999998,1,VSM.ClearPhysicalPages,271360,1
37,12128,3775.8033265999998,1,VSM.StaticCasterCull,238336,1
37,12128,3775.8033265999998,1,VSM.DynamicCasterCull,45312,1
37,12128,3775.8033265999998,1,VSM.PageCull,80128,2
37,12128,3775.8033265999998,1,VSM.StaticRaster,3072,1
37,12128,3775.8033265999998,1,VSM.FinalizePages,1792,1
37,12128,3775.8033265999998,1,VSM.DynamicRaster,33280,1
37,12128,3775.8033265999998,1,VSM.UnityCompatibilityRaster,0,0
37,12128,3775.8033265999998,1,VSM.Resolve,11046400,1
37,12128,3775.8033265999998,1,VSM.ResolveTrace,10821120,1
37,12128,3775.8033265999998,1,VSM.FilterHorizontal,65792,1
37,12128,3775.8033265999998,1,VSM.FilterVertical,0,0
37,12128,3775.8033265999998,1,VSM.FilterTemporalVertical,158208,1
38,12129,3775.8270164,1,VSM.LayoutRemap,0,1
38,12129,3775.8270164,1,VSM.ResetFeedback,0,1
38,12129,3775.8270164,1,VSM.MarkReceiverPages,624128,1
38,12129,3775.8270164,1,VSM.Allocate,226048,1
38,12129,3775.8270164,1,VSM.InvalidateStatic,0,0
38,12129,3775.8270164,1,VSM.ClearPhysicalPages,89856,1
38,12129,3775.8270164,1,VSM.StaticCasterCull,68864,1
38,12129,3775.8270164,1,VSM.DynamicCasterCull,43264,1
38,12129,3775.8270164,1,VSM.PageCull,78592,2
38,12129,3775.8270164,1,VSM.StaticRaster,6912,1
38,12129,3775.8270164,1,VSM.FinalizePages,2048,1
38,12129,3775.8270164,1,VSM.DynamicRaster,33792,1
38,12129,3775.8270164,1,VSM.UnityCompatibilityRaster,0,0
38,12129,3775.8270164,1,VSM.Resolve,12758528,1
38,12129,3775.8270164,1,VSM.ResolveTrace,12535040,1
38,12129,3775.8270164,1,VSM.FilterHorizontal,65280,1
38,12129,3775.8270164,1,VSM.FilterVertical,0,0
38,12129,3775.8270164,1,VSM.FilterTemporalVertical,157184,1
39,12130,3775.8500961,1,VSM.LayoutRemap,0,1
39,12130,3775.8500961,1,VSM.ResetFeedback,0,1
39,12130,3775.8500961,1,VSM.MarkReceiverPages,623872,1
39,12130,3775.8500961,1,VSM.Allocate,222720,1
39,12130,3775.8500961,1,VSM.InvalidateStatic,0,0
39,12130,3775.8500961,1,VSM.ClearPhysicalPages,386048,1
39,12130,3775.8500961,1,VSM.StaticCasterCull,70656,1
39,12130,3775.8500961,1,VSM.DynamicCasterCull,42496,1
39,12130,3775.8500961,1,VSM.PageCull,78848,2
39,12130,3775.8500961,1,VSM.StaticRaster,7424,1
39,12130,3775.8500961,1,VSM.FinalizePages,2304,1
39,12130,3775.8500961,1,VSM.DynamicRaster,35584,1
39,12130,3775.8500961,1,VSM.UnityCompatibilityRaster,0,0
39,12130,3775.8500961,1,VSM.Resolve,11892224,1
39,12130,3775.8500961,1,VSM.ResolveTrace,11666944,1
39,12130,3775.8500961,1,VSM.FilterHorizontal,67072,1
39,12130,3775.8500961,1,VSM.FilterVertical,0,0
39,12130,3775.8500961,1,VSM.FilterTemporalVertical,157440,1
40,12131,3775.8729479,1,VSM.LayoutRemap,0,1
40,12131,3775.8729479,1,VSM.ResetFeedback,0,1
40,12131,3775.8729479,1,VSM.MarkReceiverPages,624384,1
40,12131,3775.8729479,1,VSM.Allocate,225536,1
40,12131,3775.8729479,1,VSM.InvalidateStatic,0,0
40,12131,3775.8729479,1,VSM.ClearPhysicalPages,369664,1
40,12131,3775.8729479,1,VSM.StaticCasterCull,73728,1
40,12131,3775.8729479,1,VSM.DynamicCasterCull,43520,1
40,12131,3775.8729479,1,VSM.PageCull,78080,2
40,12131,3775.8729479,1,VSM.StaticRaster,7168,1
40,12131,3775.8729479,1,VSM.FinalizePages,2048,1
40,12131,3775.8729479,1,VSM.DynamicRaster,33792,1
40,12131,3775.8729479,1,VSM.UnityCompatibilityRaster,0,0
40,12131,3775.8729479,1,VSM.Resolve,11787520,1
40,12131,3775.8729479,1,VSM.ResolveTrace,11565824,1
40,12131,3775.8729479,1,VSM.FilterHorizontal,66304,1
40,12131,3775.8729479,1,VSM.FilterVertical,0,0
40,12131,3775.8729479,1,VSM.FilterTemporalVertical,154368,1
41,12132,3775.8980004,1,VSM.LayoutRemap,0,1
41,12132,3775.8980004,1,VSM.ResetFeedback,0,1
41,12132,3775.8980004,1,VSM.MarkReceiverPages,623104,1
41,12132,3775.8980004,1,VSM.Allocate,223232,1
41,12132,3775.8980004,1,VSM.InvalidateStatic,0,0
41,12132,3775.8980004,1,VSM.ClearPhysicalPages,241920,1
41,12132,3775.8980004,1,VSM.StaticCasterCull,68352,1
41,12132,3775.8980004,1,VSM.DynamicCasterCull,43776,1
41,12132,3775.8980004,1,VSM.PageCull,78336,2
41,12132,3775.8980004,1,VSM.StaticRaster,6912,1
41,12132,3775.8980004,1,VSM.FinalizePages,1792,1
41,12132,3775.8980004,1,VSM.DynamicRaster,33280,1
41,12132,3775.8980004,1,VSM.UnityCompatibilityRaster,0,0
41,12132,3775.8980004,1,VSM.Resolve,11562752,1
41,12132,3775.8980004,1,VSM.ResolveTrace,11160832,1
41,12132,3775.8980004,1,VSM.FilterHorizontal,65536,1
41,12132,3775.8980004,1,VSM.FilterVertical,0,0
41,12132,3775.8980004,1,VSM.FilterTemporalVertical,153600,1
42,12133,3775.9218760999997,1,VSM.LayoutRemap,0,1
42,12133,3775.9218760999997,1,VSM.ResetFeedback,0,1
42,12133,3775.9218760999997,1,VSM.MarkReceiverPages,627456,1
42,12133,3775.9218760999997,1,VSM.Allocate,224768,1
42,12133,3775.9218760999997,1,VSM.InvalidateStatic,0,0
42,12133,3775.9218760999997,1,VSM.ClearPhysicalPages,250368,1
42,12133,3775.9218760999997,1,VSM.StaticCasterCull,69888,1
42,12133,3775.9218760999997,1,VSM.DynamicCasterCull,45312,1
42,12133,3775.9218760999997,1,VSM.PageCull,81408,2
42,12133,3775.9218760999997,1,VSM.StaticRaster,3072,1
42,12133,3775.9218760999997,1,VSM.FinalizePages,2304,1
42,12133,3775.9218760999997,1,VSM.DynamicRaster,33792,1
42,12133,3775.9218760999997,1,VSM.UnityCompatibilityRaster,0,0
42,12133,3775.9218760999997,1,VSM.Resolve,11146496,1
42,12133,3775.9218760999997,1,VSM.ResolveTrace,10925056,1
42,12133,3775.9218760999997,1,VSM.FilterHorizontal,65536,1
42,12133,3775.9218760999997,1,VSM.FilterVertical,0,0
42,12133,3775.9218760999997,1,VSM.FilterTemporalVertical,154880,1
43,12134,3775.9470693,1,VSM.LayoutRemap,0,1
43,12134,3775.9470693,1,VSM.ResetFeedback,0,1
43,12134,3775.9470693,1,VSM.MarkReceiverPages,628224,1
43,12134,3775.9470693,1,VSM.Allocate,226816,1
43,12134,3775.9470693,1,VSM.InvalidateStatic,0,0
43,12134,3775.9470693,1,VSM.ClearPhysicalPages,388864,1
43,12134,3775.9470693,1,VSM.StaticCasterCull,70400,1
43,12134,3775.9470693,1,VSM.DynamicCasterCull,42240,1
43,12134,3775.9470693,1,VSM.PageCull,74752,2
43,12134,3775.9470693,1,VSM.StaticRaster,7168,1
43,12134,3775.9470693,1,VSM.FinalizePages,2560,1
43,12134,3775.9470693,1,VSM.DynamicRaster,34048,1
43,12134,3775.9470693,1,VSM.UnityCompatibilityRaster,0,0
43,12134,3775.9470693,1,VSM.Resolve,12723968,1
43,12134,3775.9470693,1,VSM.ResolveTrace,12500992,1
43,12134,3775.9470693,1,VSM.FilterHorizontal,67072,1
43,12134,3775.9470693,1,VSM.FilterVertical,0,0
43,12134,3775.9470693,1,VSM.FilterTemporalVertical,154624,1
44,12135,3775.9714461999997,1,VSM.LayoutRemap,0,1
44,12135,3775.9714461999997,1,VSM.ResetFeedback,0,1
44,12135,3775.9714461999997,1,VSM.MarkReceiverPages,628480,1
44,12135,3775.9714461999997,1,VSM.Allocate,223488,1
44,12135,3775.9714461999997,1,VSM.InvalidateStatic,0,0
44,12135,3775.9714461999997,1,VSM.ClearPhysicalPages,89856,1
44,12135,3775.9714461999997,1,VSM.StaticCasterCull,66560,1
44,12135,3775.9714461999997,1,VSM.DynamicCasterCull,43776,1
44,12135,3775.9714461999997,1,VSM.PageCull,77056,2
44,12135,3775.9714461999997,1,VSM.StaticRaster,7168,1
44,12135,3775.9714461999997,1,VSM.FinalizePages,1792,1
44,12135,3775.9714461999997,1,VSM.DynamicRaster,32512,1
44,12135,3775.9714461999997,1,VSM.UnityCompatibilityRaster,0,0
44,12135,3775.9714461999997,1,VSM.Resolve,11954176,1
44,12135,3775.9714461999997,1,VSM.ResolveTrace,11731968,1
44,12135,3775.9714461999997,1,VSM.FilterHorizontal,65280,1
44,12135,3775.9714461999997,1,VSM.FilterVertical,0,0
44,12135,3775.9714461999997,1,VSM.FilterTemporalVertical,155392,1
45,12136,3775.9954865,1,VSM.LayoutRemap,0,1
45,12136,3775.9954865,1,VSM.ResetFeedback,0,1
45,12136,3775.9954865,1,VSM.MarkReceiverPages,627200,1
45,12136,3775.9954865,1,VSM.Allocate,223232,1
45,12136,3775.9954865,1,VSM.InvalidateStatic,0,0
45,12136,3775.9954865,1,VSM.ClearPhysicalPages,248832,1
45,12136,3775.9954865,1,VSM.StaticCasterCull,69888,1
45,12136,3775.9954865,1,VSM.DynamicCasterCull,45056,1
45,12136,3775.9954865,1,VSM.PageCull,80896,2
45,12136,3775.9954865,1,VSM.StaticRaster,7168,1
45,12136,3775.9954865,1,VSM.FinalizePages,2048,1
45,12136,3775.9954865,1,VSM.DynamicRaster,33280,1
45,12136,3775.9954865,1,VSM.UnityCompatibilityRaster,0,0
45,12136,3775.9954865,1,VSM.Resolve,11706368,1
45,12136,3775.9954865,1,VSM.ResolveTrace,11484672,1
45,12136,3775.9954865,1,VSM.FilterHorizontal,65024,1
45,12136,3775.9954865,1,VSM.FilterVertical,0,0
45,12136,3775.9954865,1,VSM.FilterTemporalVertical,155648,1
46,12137,3776.0192689,1,VSM.LayoutRemap,0,1
46,12137,3776.0192689,1,VSM.ResetFeedback,0,1
46,12137,3776.0192689,1,VSM.MarkReceiverPages,626688,1
46,12137,3776.0192689,1,VSM.Allocate,224512,1
46,12137,3776.0192689,1,VSM.InvalidateStatic,0,0
46,12137,3776.0192689,1,VSM.ClearPhysicalPages,390144,1
46,12137,3776.0192689,1,VSM.StaticCasterCull,71936,1
46,12137,3776.0192689,1,VSM.DynamicCasterCull,43008,1
46,12137,3776.0192689,1,VSM.PageCull,75776,2
46,12137,3776.0192689,1,VSM.StaticRaster,7168,1
46,12137,3776.0192689,1,VSM.FinalizePages,2304,1
46,12137,3776.0192689,1,VSM.DynamicRaster,33024,1
46,12137,3776.0192689,1,VSM.UnityCompatibilityRaster,0,0
46,12137,3776.0192689,1,VSM.Resolve,11774976,1
46,12137,3776.0192689,1,VSM.ResolveTrace,11553024,1
46,12137,3776.0192689,1,VSM.FilterHorizontal,67328,1
46,12137,3776.0192689,1,VSM.FilterVertical,0,0
46,12137,3776.0192689,1,VSM.FilterTemporalVertical,153344,1
47,12138,3776.0429415999997,1,VSM.LayoutRemap,0,1
47,12138,3776.0429415999997,1,VSM.ResetFeedback,0,1
47,12138,3776.0429415999997,1,VSM.MarkReceiverPages,628480,1
47,12138,3776.0429415999997,1,VSM.Allocate,264704,1
47,12138,3776.0429415999997,1,VSM.InvalidateStatic,0,0
47,12138,3776.0429415999997,1,VSM.ClearPhysicalPages,282880,1
47,12138,3776.0429415999997,1,VSM.StaticCasterCull,72960,1
47,12138,3776.0429415999997,1,VSM.DynamicCasterCull,46080,1
47,12138,3776.0429415999997,1,VSM.PageCull,80128,2
47,12138,3776.0429415999997,1,VSM.StaticRaster,23040,1
47,12138,3776.0429415999997,1,VSM.FinalizePages,1792,1
47,12138,3776.0429415999997,1,VSM.DynamicRaster,30464,1
47,12138,3776.0429415999997,1,VSM.UnityCompatibilityRaster,0,0
47,12138,3776.0429415999997,1,VSM.Resolve,12850688,1
47,12138,3776.0429415999997,1,VSM.ResolveTrace,12627968,1
47,12138,3776.0429415999997,1,VSM.FilterHorizontal,66048,1
47,12138,3776.0429415999997,1,VSM.FilterVertical,0,0
47,12138,3776.0429415999997,1,VSM.FilterTemporalVertical,155648,1
48,12139,3776.0660686,1,VSM.LayoutRemap,0,1
48,12139,3776.0660686,1,VSM.ResetFeedback,0,1
48,12139,3776.0660686,1,VSM.MarkReceiverPages,628992,1
48,12139,3776.0660686,1,VSM.Allocate,261632,1
48,12139,3776.0660686,1,VSM.InvalidateStatic,0,0
48,12139,3776.0660686,1,VSM.ClearPhysicalPages,487168,1
48,12139,3776.0660686,1,VSM.StaticCasterCull,72448,1
48,12139,3776.0660686,1,VSM.DynamicCasterCull,45312,1
48,12139,3776.0660686,1,VSM.PageCull,79360,2
48,12139,3776.0660686,1,VSM.StaticRaster,28672,1
48,12139,3776.0660686,1,VSM.FinalizePages,2048,1
48,12139,3776.0660686,1,VSM.DynamicRaster,31488,1
48,12139,3776.0660686,1,VSM.UnityCompatibilityRaster,0,0
48,12139,3776.0660686,1,VSM.Resolve,11809280,1
48,12139,3776.0660686,1,VSM.ResolveTrace,11586304,1
48,12139,3776.0660686,1,VSM.FilterHorizontal,65536,1
48,12139,3776.0660686,1,VSM.FilterVertical,0,0
48,12139,3776.0660686,1,VSM.FilterTemporalVertical,156160,1
49,12140,3776.0882681,1,VSM.LayoutRemap,0,1
49,12140,3776.0882681,1,VSM.ResetFeedback,0,1
49,12140,3776.0882681,1,VSM.MarkReceiverPages,628480,1
49,12140,3776.0882681,1,VSM.Allocate,224000,1
49,12140,3776.0882681,1,VSM.InvalidateStatic,0,0
49,12140,3776.0882681,1,VSM.ClearPhysicalPages,385792,1
49,12140,3776.0882681,1,VSM.StaticCasterCull,74240,1
49,12140,3776.0882681,1,VSM.DynamicCasterCull,43776,1
49,12140,3776.0882681,1,VSM.PageCull,78336,2
49,12140,3776.0882681,1,VSM.StaticRaster,3072,1
49,12140,3776.0882681,1,VSM.FinalizePages,2560,1
49,12140,3776.0882681,1,VSM.DynamicRaster,34048,1
49,12140,3776.0882681,1,VSM.UnityCompatibilityRaster,0,0
49,12140,3776.0882681,1,VSM.Resolve,11950080,1
49,12140,3776.0882681,1,VSM.ResolveTrace,11724544,1
49,12140,3776.0882681,1,VSM.FilterHorizontal,65280,1
49,12140,3776.0882681,1,VSM.FilterVertical,0,0
49,12140,3776.0882681,1,VSM.FilterTemporalVertical,158720,1
50,12141,3776.1117391,1,VSM.LayoutRemap,0,1
50,12141,3776.1117391,1,VSM.ResetFeedback,0,1
50,12141,3776.1117391,1,VSM.MarkReceiverPages,622848,1
50,12141,3776.1117391,1,VSM.Allocate,223488,1
50,12141,3776.1117391,1,VSM.InvalidateStatic,0,0
50,12141,3776.1117391,1,VSM.ClearPhysicalPages,89600,1
50,12141,3776.1117391,1,VSM.StaticCasterCull,66816,1
50,12141,3776.1117391,1,VSM.DynamicCasterCull,43264,1
50,12141,3776.1117391,1,VSM.PageCull,77056,2
50,12141,3776.1117391,1,VSM.StaticRaster,6912,1
50,12141,3776.1117391,1,VSM.FinalizePages,2048,1
50,12141,3776.1117391,1,VSM.DynamicRaster,34048,1
50,12141,3776.1117391,1,VSM.UnityCompatibilityRaster,0,0
50,12141,3776.1117391,1,VSM.Resolve,12417280,1
50,12141,3776.1117391,1,VSM.ResolveTrace,12197120,1
50,12141,3776.1117391,1,VSM.FilterHorizontal,66048,1
50,12141,3776.1117391,1,VSM.FilterVertical,0,0
50,12141,3776.1117391,1,VSM.FilterTemporalVertical,153088,1
51,12142,3776.1349685,1,VSM.LayoutRemap,0,1
51,12142,3776.1349685,1,VSM.ResetFeedback,256,1
51,12142,3776.1349685,1,VSM.MarkReceiverPages,626432,1
51,12142,3776.1349685,1,VSM.Allocate,224512,1
51,12142,3776.1349685,1,VSM.InvalidateStatic,0,0
51,12142,3776.1349685,1,VSM.ClearPhysicalPages,89600,1
51,12142,3776.1349685,1,VSM.StaticCasterCull,68096,1
51,12142,3776.1349685,1,VSM.DynamicCasterCull,43520,1
51,12142,3776.1349685,1,VSM.PageCull,78848,2
51,12142,3776.1349685,1,VSM.StaticRaster,7168,1
51,12142,3776.1349685,1,VSM.FinalizePages,1792,1
51,12142,3776.1349685,1,VSM.DynamicRaster,34560,1
51,12142,3776.1349685,1,VSM.UnityCompatibilityRaster,0,0
51,12142,3776.1349685,1,VSM.Resolve,10988032,1
51,12142,3776.1349685,1,VSM.ResolveTrace,10768640,1
51,12142,3776.1349685,1,VSM.FilterHorizontal,65536,1
51,12142,3776.1349685,1,VSM.FilterVertical,0,0
51,12142,3776.1349685,1,VSM.FilterTemporalVertical,152320,1
52,12143,3776.1565492,1,VSM.LayoutRemap,0,1
52,12143,3776.1565492,1,VSM.ResetFeedback,0,1
52,12143,3776.1565492,1,VSM.MarkReceiverPages,627712,1
52,12143,3776.1565492,1,VSM.Allocate,225792,1
52,12143,3776.1565492,1,VSM.InvalidateStatic,0,0
52,12143,3776.1565492,1,VSM.ClearPhysicalPages,89600,1
52,12143,3776.1565492,1,VSM.StaticCasterCull,251648,1
52,12143,3776.1565492,1,VSM.DynamicCasterCull,49408,1
52,12143,3776.1565492,1,VSM.PageCull,84224,2
52,12143,3776.1565492,1,VSM.StaticRaster,9216,1
52,12143,3776.1565492,1,VSM.FinalizePages,2048,1
52,12143,3776.1565492,1,VSM.DynamicRaster,33024,1
52,12143,3776.1565492,1,VSM.UnityCompatibilityRaster,0,0
52,12143,3776.1565492,1,VSM.Resolve,12192256,1
52,12143,3776.1565492,1,VSM.ResolveTrace,11969024,1
52,12143,3776.1565492,1,VSM.FilterHorizontal,66304,1
52,12143,3776.1565492,1,VSM.FilterVertical,0,0
52,12143,3776.1565492,1,VSM.FilterTemporalVertical,155904,1
53,12144,3776.1797936,1,VSM.LayoutRemap,0,1
53,12144,3776.1797936,1,VSM.ResetFeedback,0,1
53,12144,3776.1797936,1,VSM.MarkReceiverPages,623360,1
53,12144,3776.1797936,1,VSM.Allocate,261376,1
53,12144,3776.1797936,1,VSM.InvalidateStatic,0,0
53,12144,3776.1797936,1,VSM.ClearPhysicalPages,357632,1
53,12144,3776.1797936,1,VSM.StaticCasterCull,73472,1
53,12144,3776.1797936,1,VSM.DynamicCasterCull,47104,1
53,12144,3776.1797936,1,VSM.PageCull,80384,2
53,12144,3776.1797936,1,VSM.StaticRaster,43264,1
53,12144,3776.1797936,1,VSM.FinalizePages,1792,1
53,12144,3776.1797936,1,VSM.DynamicRaster,33536,1
53,12144,3776.1797936,1,VSM.UnityCompatibilityRaster,0,0
53,12144,3776.1797936,1,VSM.Resolve,11141888,1
53,12144,3776.1797936,1,VSM.ResolveTrace,10921216,1
53,12144,3776.1797936,1,VSM.FilterHorizontal,64512,1
53,12144,3776.1797936,1,VSM.FilterVertical,0,0
53,12144,3776.1797936,1,VSM.FilterTemporalVertical,154624,1
54,12145,3776.2021036,1,VSM.LayoutRemap,0,1
54,12145,3776.2021036,1,VSM.ResetFeedback,0,1
54,12145,3776.2021036,1,VSM.MarkReceiverPages,625152,1
54,12145,3776.2021036,1,VSM.Allocate,225024,1
54,12145,3776.2021036,1,VSM.InvalidateStatic,0,0
54,12145,3776.2021036,1,VSM.ClearPhysicalPages,256768,1
54,12145,3776.2021036,1,VSM.StaticCasterCull,71168,1
54,12145,3776.2021036,1,VSM.DynamicCasterCull,44544,1
54,12145,3776.2021036,1,VSM.PageCull,81664,2
54,12145,3776.2021036,1,VSM.StaticRaster,7168,1
54,12145,3776.2021036,1,VSM.FinalizePages,1792,1
54,12145,3776.2021036,1,VSM.DynamicRaster,34816,1
54,12145,3776.2021036,1,VSM.UnityCompatibilityRaster,0,0
54,12145,3776.2021036,1,VSM.Resolve,10612480,1
54,12145,3776.2021036,1,VSM.ResolveTrace,10389760,1
54,12145,3776.2021036,1,VSM.FilterHorizontal,66048,1
54,12145,3776.2021036,1,VSM.FilterVertical,0,0
54,12145,3776.2021036,1,VSM.FilterTemporalVertical,155392,1
55,12146,3776.2255986,1,VSM.LayoutRemap,0,1
55,12146,3776.2255986,1,VSM.ResetFeedback,0,1
55,12146,3776.2255986,1,VSM.MarkReceiverPages,621312,1
55,12146,3776.2255986,1,VSM.Allocate,222976,1
55,12146,3776.2255986,1,VSM.InvalidateStatic,0,0
55,12146,3776.2255986,1,VSM.ClearPhysicalPages,359168,1
55,12146,3776.2255986,1,VSM.StaticCasterCull,73472,1
55,12146,3776.2255986,1,VSM.DynamicCasterCull,43520,1
55,12146,3776.2255986,1,VSM.PageCull,78080,2
55,12146,3776.2255986,1,VSM.StaticRaster,6912,1
55,12146,3776.2255986,1,VSM.FinalizePages,2048,1
55,12146,3776.2255986,1,VSM.DynamicRaster,35072,1
55,12146,3776.2255986,1,VSM.UnityCompatibilityRaster,0,0
55,12146,3776.2255986,1,VSM.Resolve,11293952,1
55,12146,3776.2255986,1,VSM.ResolveTrace,11074048,1
55,12146,3776.2255986,1,VSM.FilterHorizontal,65024,1
55,12146,3776.2255986,1,VSM.FilterVertical,0,0
55,12146,3776.2255986,1,VSM.FilterTemporalVertical,153344,1
56,12147,3776.2501013,1,VSM.LayoutRemap,0,1
56,12147,3776.2501013,1,VSM.ResetFeedback,0,1
56,12147,3776.2501013,1,VSM.MarkReceiverPages,619776,1
56,12147,3776.2501013,1,VSM.Allocate,223232,1
56,12147,3776.2501013,1,VSM.InvalidateStatic,0,0
56,12147,3776.2501013,1,VSM.ClearPhysicalPages,89600,1
56,12147,3776.2501013,1,VSM.StaticCasterCull,67840,1
56,12147,3776.2501013,1,VSM.DynamicCasterCull,41984,1
56,12147,3776.2501013,1,VSM.PageCull,77056,2
56,12147,3776.2501013,1,VSM.StaticRaster,3584,1
56,12147,3776.2501013,1,VSM.FinalizePages,2048,1
56,12147,3776.2501013,1,VSM.DynamicRaster,34560,1
56,12147,3776.2501013,1,VSM.UnityCompatibilityRaster,0,0
56,12147,3776.2501013,1,VSM.Resolve,11395072,1
56,12147,3776.2501013,1,VSM.ResolveTrace,10797312,1
56,12147,3776.2501013,1,VSM.FilterHorizontal,65024,1
56,12147,3776.2501013,1,VSM.FilterVertical,0,0
56,12147,3776.2501013,1,VSM.FilterTemporalVertical,531968,1
57,12148,3776.2724955999997,1,VSM.LayoutRemap,0,1
57,12148,3776.2724955999997,1,VSM.ResetFeedback,0,1
57,12148,3776.2724955999997,1,VSM.MarkReceiverPages,620032,1
57,12148,3776.2724955999997,1,VSM.Allocate,261376,1
57,12148,3776.2724955999997,1,VSM.InvalidateStatic,0,0
57,12148,3776.2724955999997,1,VSM.ClearPhysicalPages,671232,1
57,12148,3776.2724955999997,1,VSM.StaticCasterCull,71424,1
57,12148,3776.2724955999997,1,VSM.DynamicCasterCull,43520,1
57,12148,3776.2724955999997,1,VSM.PageCull,76032,2
57,12148,3776.2724955999997,1,VSM.StaticRaster,30720,1
57,12148,3776.2724955999997,1,VSM.FinalizePages,2304,1
57,12148,3776.2724955999997,1,VSM.DynamicRaster,33024,1
57,12148,3776.2724955999997,1,VSM.UnityCompatibilityRaster,0,0
57,12148,3776.2724955999997,1,VSM.Resolve,11518720,1
57,12148,3776.2724955999997,1,VSM.ResolveTrace,11296256,1
57,12148,3776.2724955999997,1,VSM.FilterHorizontal,65536,1
57,12148,3776.2724955999997,1,VSM.FilterVertical,0,0
57,12148,3776.2724955999997,1,VSM.FilterTemporalVertical,155392,1
58,12149,3776.2943118,1,VSM.LayoutRemap,0,1
58,12149,3776.2943118,1,VSM.ResetFeedback,0,1
58,12149,3776.2943118,1,VSM.MarkReceiverPages,616960,1
58,12149,3776.2943118,1,VSM.Allocate,224000,1
58,12149,3776.2943118,1,VSM.InvalidateStatic,0,0
58,12149,3776.2943118,1,VSM.ClearPhysicalPages,389632,1
58,12149,3776.2943118,1,VSM.StaticCasterCull,70656,1
58,12149,3776.2943118,1,VSM.DynamicCasterCull,41984,1
58,12149,3776.2943118,1,VSM.PageCull,73472,2
58,12149,3776.2943118,1,VSM.StaticRaster,7168,1
58,12149,3776.2943118,1,VSM.FinalizePages,2560,1
58,12149,3776.2943118,1,VSM.DynamicRaster,34304,1
58,12149,3776.2943118,1,VSM.UnityCompatibilityRaster,0,0
58,12149,3776.2943118,1,VSM.Resolve,12238848,1
58,12149,3776.2943118,1,VSM.ResolveTrace,12013824,1
58,12149,3776.2943118,1,VSM.FilterHorizontal,66560,1
58,12149,3776.2943118,1,VSM.FilterVertical,0,0
58,12149,3776.2943118,1,VSM.FilterTemporalVertical,157184,1
59,12150,3776.3159336999997,1,VSM.LayoutRemap,0,1
59,12150,3776.3159336999997,1,VSM.ResetFeedback,0,1
59,12150,3776.3159336999997,1,VSM.MarkReceiverPages,617728,1
59,12150,3776.3159336999997,1,VSM.Allocate,258816,1
59,12150,3776.3159336999997,1,VSM.InvalidateStatic,0,0
59,12150,3776.3159336999997,1,VSM.ClearPhysicalPages,254464,1
59,12150,3776.3159336999997,1,VSM.StaticCasterCull,71424,1
59,12150,3776.3159336999997,1,VSM.DynamicCasterCull,45568,1
59,12150,3776.3159336999997,1,VSM.PageCull,82176,2
59,12150,3776.3159336999997,1,VSM.StaticRaster,29184,1
59,12150,3776.3159336999997,1,VSM.FinalizePages,2048,1
59,12150,3776.3159336999997,1,VSM.DynamicRaster,33024,1
59,12150,3776.3159336999997,1,VSM.UnityCompatibilityRaster,0,0
59,12150,3776.3159336999997,1,VSM.Resolve,10730240,1
59,12150,3776.3159336999997,1,VSM.ResolveTrace,10508544,1
59,12150,3776.3159336999997,1,VSM.FilterHorizontal,65536,1
59,12150,3776.3159336999997,1,VSM.FilterVertical,0,0
59,12150,3776.3159336999997,1,VSM.FilterTemporalVertical,154624,1
60,12151,3776.3370239,1,VSM.LayoutRemap,0,1
60,12151,3776.3370239,1,VSM.ResetFeedback,0,1
60,12151,3776.3370239,1,VSM.MarkReceiverPages,616960,1
60,12151,3776.3370239,1,VSM.Allocate,224000,1
60,12151,3776.3370239,1,VSM.InvalidateStatic,0,0
60,12151,3776.3370239,1,VSM.ClearPhysicalPages,246784,1
60,12151,3776.3370239,1,VSM.StaticCasterCull,70912,1
60,12151,3776.3370239,1,VSM.DynamicCasterCull,44800,1
60,12151,3776.3370239,1,VSM.PageCull,81152,2
60,12151,3776.3370239,1,VSM.StaticRaster,10752,1
60,12151,3776.3370239,1,VSM.FinalizePages,2048,1
60,12151,3776.3370239,1,VSM.DynamicRaster,34816,1
60,12151,3776.3370239,1,VSM.UnityCompatibilityRaster,0,0
60,12151,3776.3370239,1,VSM.Resolve,11597056,1
60,12151,3776.3370239,1,VSM.ResolveTrace,11206144,1
60,12151,3776.3370239,1,VSM.FilterHorizontal,65792,1
60,12151,3776.3370239,1,VSM.FilterVertical,0,0
60,12151,3776.3370239,1,VSM.FilterTemporalVertical,324096,1
61,12152,3776.3581818,1,VSM.LayoutRemap,0,1
61,12152,3776.3581818,1,VSM.ResetFeedback,0,1
61,12152,3776.3581818,1,VSM.MarkReceiverPages,613888,1
61,12152,3776.3581818,1,VSM.Allocate,222976,1
61,12152,3776.3581818,1,VSM.InvalidateStatic,0,0
61,12152,3776.3581818,1,VSM.ClearPhysicalPages,89344,1
61,12152,3776.3581818,1,VSM.StaticCasterCull,67072,1
61,12152,3776.3581818,1,VSM.DynamicCasterCull,42752,1
61,12152,3776.3581818,1,VSM.PageCull,77568,2
61,12152,3776.3581818,1,VSM.StaticRaster,3072,1
61,12152,3776.3581818,1,VSM.FinalizePages,2048,1
61,12152,3776.3581818,1,VSM.DynamicRaster,35072,1
61,12152,3776.3581818,1,VSM.UnityCompatibilityRaster,0,0
61,12152,3776.3581818,1,VSM.Resolve,11075072,1
61,12152,3776.3581818,1,VSM.ResolveTrace,10853888,1
61,12152,3776.3581818,1,VSM.FilterHorizontal,65792,1
61,12152,3776.3581818,1,VSM.FilterVertical,0,0
61,12152,3776.3581818,1,VSM.FilterTemporalVertical,154112,1
62,12153,3776.3790927,1,VSM.LayoutRemap,0,1
62,12153,3776.3790927,1,VSM.ResetFeedback,0,1
62,12153,3776.3790927,1,VSM.MarkReceiverPages,616192,1
62,12153,3776.3790927,1,VSM.Allocate,223232,1
62,12153,3776.3790927,1,VSM.InvalidateStatic,0,0
62,12153,3776.3790927,1,VSM.ClearPhysicalPages,90112,1
62,12153,3776.3790927,1,VSM.StaticCasterCull,68608,1
62,12153,3776.3790927,1,VSM.DynamicCasterCull,42496,1
62,12153,3776.3790927,1,VSM.PageCull,78336,2
62,12153,3776.3790927,1,VSM.StaticRaster,3328,1
62,12153,3776.3790927,1,VSM.FinalizePages,2048,1
62,12153,3776.3790927,1,VSM.DynamicRaster,34560,1
62,12153,3776.3790927,1,VSM.UnityCompatibilityRaster,0,0
62,12153,3776.3790927,1,VSM.Resolve,10619136,1
62,12153,3776.3790927,1,VSM.ResolveTrace,10397184,1
62,12153,3776.3790927,1,VSM.FilterHorizontal,66560,1
62,12153,3776.3790927,1,VSM.FilterVertical,0,0
62,12153,3776.3790927,1,VSM.FilterTemporalVertical,154624,1
63,12154,3776.3995222999997,1,VSM.LayoutRemap,0,1
63,12154,3776.3995222999997,1,VSM.ResetFeedback,0,1
63,12154,3776.3995222999997,1,VSM.MarkReceiverPages,615168,1
63,12154,3776.3995222999997,1,VSM.Allocate,223744,1
63,12154,3776.3995222999997,1,VSM.InvalidateStatic,0,0
63,12154,3776.3995222999997,1,VSM.ClearPhysicalPages,89856,1
63,12154,3776.3995222999997,1,VSM.StaticCasterCull,67840,1
63,12154,3776.3995222999997,1,VSM.DynamicCasterCull,41472,1
63,12154,3776.3995222999997,1,VSM.PageCull,76288,2
63,12154,3776.3995222999997,1,VSM.StaticRaster,3072,1
63,12154,3776.3995222999997,1,VSM.FinalizePages,2304,1
63,12154,3776.3995222999997,1,VSM.DynamicRaster,35072,1
63,12154,3776.3995222999997,1,VSM.UnityCompatibilityRaster,0,0
63,12154,3776.3995222999997,1,VSM.Resolve,11311872,1
63,12154,3776.3995222999997,1,VSM.ResolveTrace,11086592,1
63,12154,3776.3995222999997,1,VSM.FilterHorizontal,66560,1
63,12154,3776.3995222999997,1,VSM.FilterVertical,0,0
63,12154,3776.3995222999997,1,VSM.FilterTemporalVertical,157696,1
64,12155,3776.4199737999998,1,VSM.LayoutRemap,0,1
64,12155,3776.4199737999998,1,VSM.ResetFeedback,0,1
64,12155,3776.4199737999998,1,VSM.MarkReceiverPages,618752,1
64,12155,3776.4199737999998,1,VSM.Allocate,223232,1
64,12155,3776.4199737999998,1,VSM.InvalidateStatic,0,0
64,12155,3776.4199737999998,1,VSM.ClearPhysicalPages,643584,1
64,12155,3776.4199737999998,1,VSM.StaticCasterCull,71424,1
64,12155,3776.4199737999998,1,VSM.DynamicCasterCull,41216,1
64,12155,3776.4199737999998,1,VSM.PageCull,73472,2
64,12155,3776.4199737999998,1,VSM.StaticRaster,6912,1
64,12155,3776.4199737999998,1,VSM.FinalizePages,2304,1
64,12155,3776.4199737999998,1,VSM.DynamicRaster,36864,1
64,12155,3776.4199737999998,1,VSM.UnityCompatibilityRaster,0,0
64,12155,3776.4199737999998,1,VSM.Resolve,10507520,1
64,12155,3776.4199737999998,1,VSM.ResolveTrace,10285568,1
64,12155,3776.4199737999998,1,VSM.FilterHorizontal,65024,1
64,12155,3776.4199737999998,1,VSM.FilterVertical,0,0
64,12155,3776.4199737999998,1,VSM.FilterTemporalVertical,155648,1
65,12156,3776.4411983,1,VSM.LayoutRemap,0,1
65,12156,3776.4411983,1,VSM.ResetFeedback,0,1
65,12156,3776.4411983,1,VSM.MarkReceiverPages,613376,1
65,12156,3776.4411983,1,VSM.Allocate,224256,1
65,12156,3776.4411983,1,VSM.InvalidateStatic,0,0
65,12156,3776.4411983,1,VSM.ClearPhysicalPages,90624,1
65,12156,3776.4411983,1,VSM.StaticCasterCull,67840,1
65,12156,3776.4411983,1,VSM.DynamicCasterCull,43776,1
65,12156,3776.4411983,1,VSM.PageCull,79360,2
65,12156,3776.4411983,1,VSM.StaticRaster,3072,1
65,12156,3776.4411983,1,VSM.FinalizePages,2048,1
65,12156,3776.4411983,1,VSM.DynamicRaster,34048,1
65,12156,3776.4411983,1,VSM.UnityCompatibilityRaster,0,0
65,12156,3776.4411983,1,VSM.Resolve,10959872,1
65,12156,3776.4411983,1,VSM.ResolveTrace,10736640,1
65,12156,3776.4411983,1,VSM.FilterHorizontal,66048,1
65,12156,3776.4411983,1,VSM.FilterVertical,0,0
65,12156,3776.4411983,1,VSM.FilterTemporalVertical,156416,1
66,12157,3776.4616544,1,VSM.LayoutRemap,0,1
66,12157,3776.4616544,1,VSM.ResetFeedback,0,1
66,12157,3776.4616544,1,VSM.MarkReceiverPages,616192,1
66,12157,3776.4616544,1,VSM.Allocate,224256,1
66,12157,3776.4616544,1,VSM.InvalidateStatic,0,0
66,12157,3776.4616544,1,VSM.ClearPhysicalPages,89600,1
66,12157,3776.4616544,1,VSM.StaticCasterCull,66816,1
66,12157,3776.4616544,1,VSM.DynamicCasterCull,42496,1
66,12157,3776.4616544,1,VSM.PageCull,76288,2
66,12157,3776.4616544,1,VSM.StaticRaster,7424,1
66,12157,3776.4616544,1,VSM.FinalizePages,2048,1
66,12157,3776.4616544,1,VSM.DynamicRaster,34304,1
66,12157,3776.4616544,1,VSM.UnityCompatibilityRaster,0,0
66,12157,3776.4616544,1,VSM.Resolve,11266560,1
66,12157,3776.4616544,1,VSM.ResolveTrace,11042304,1
66,12157,3776.4616544,1,VSM.FilterHorizontal,65536,1
66,12157,3776.4616544,1,VSM.FilterVertical,0,0
66,12157,3776.4616544,1,VSM.FilterTemporalVertical,157184,1
67,12158,3776.4826401,1,VSM.LayoutRemap,0,1
67,12158,3776.4826401,1,VSM.ResetFeedback,0,1
67,12158,3776.4826401,1,VSM.MarkReceiverPages,624384,1
67,12158,3776.4826401,1,VSM.Allocate,262656,1
67,12158,3776.4826401,1,VSM.InvalidateStatic,0,0
67,12158,3776.4826401,1,VSM.ClearPhysicalPages,90112,1
67,12158,3776.4826401,1,VSM.StaticCasterCull,65792,1
67,12158,3776.4826401,1,VSM.DynamicCasterCull,46080,1
67,12158,3776.4826401,1,VSM.PageCull,78848,2
67,12158,3776.4826401,1,VSM.StaticRaster,30208,1
67,12158,3776.4826401,1,VSM.FinalizePages,1792,1
67,12158,3776.4826401,1,VSM.DynamicRaster,32768,1
67,12158,3776.4826401,1,VSM.UnityCompatibilityRaster,0,0
67,12158,3776.4826401,1,VSM.Resolve,11870208,1
67,12158,3776.4826401,1,VSM.ResolveTrace,11644160,1
67,12158,3776.4826401,1,VSM.FilterHorizontal,66816,1
67,12158,3776.4826401,1,VSM.FilterVertical,0,0
67,12158,3776.4826401,1,VSM.FilterTemporalVertical,157952,1
68,12159,3776.5027889999997,1,VSM.LayoutRemap,0,1
68,12159,3776.5027889999997,1,VSM.ResetFeedback,0,1
68,12159,3776.5027889999997,1,VSM.MarkReceiverPages,624128,1
68,12159,3776.5027889999997,1,VSM.Allocate,226048,1
68,12159,3776.5027889999997,1,VSM.InvalidateStatic,0,0
68,12159,3776.5027889999997,1,VSM.ClearPhysicalPages,494080,1
68,12159,3776.5027889999997,1,VSM.StaticCasterCull,72704,1
68,12159,3776.5027889999997,1,VSM.DynamicCasterCull,43008,1
68,12159,3776.5027889999997,1,VSM.PageCull,76800,2
68,12159,3776.5027889999997,1,VSM.StaticRaster,3328,1
68,12159,3776.5027889999997,1,VSM.FinalizePages,2304,1
68,12159,3776.5027889999997,1,VSM.DynamicRaster,34048,1
68,12159,3776.5027889999997,1,VSM.UnityCompatibilityRaster,0,0
68,12159,3776.5027889999997,1,VSM.Resolve,11225344,1
68,12159,3776.5027889999997,1,VSM.ResolveTrace,11000832,1
68,12159,3776.5027889999997,1,VSM.FilterHorizontal,66304,1
68,12159,3776.5027889999997,1,VSM.FilterVertical,0,0
68,12159,3776.5027889999997,1,VSM.FilterTemporalVertical,156928,1
69,12160,3776.523259,1,VSM.LayoutRemap,0,1
69,12160,3776.523259,1,VSM.ResetFeedback,0,1
69,12160,3776.523259,1,VSM.MarkReceiverPages,623360,1
69,12160,3776.523259,1,VSM.Allocate,224768,1
69,12160,3776.523259,1,VSM.InvalidateStatic,0,0
69,12160,3776.523259,1,VSM.ClearPhysicalPages,89600,1
69,12160,3776.523259,1,VSM.StaticCasterCull,66560,1
69,12160,3776.523259,1,VSM.DynamicCasterCull,45312,1
69,12160,3776.523259,1,VSM.PageCull,78848,2
69,12160,3776.523259,1,VSM.StaticRaster,6400,1
69,12160,3776.523259,1,VSM.FinalizePages,2048,1
69,12160,3776.523259,1,VSM.DynamicRaster,33792,1
69,12160,3776.523259,1,VSM.UnityCompatibilityRaster,0,0
69,12160,3776.523259,1,VSM.Resolve,12540416,1
69,12160,3776.523259,1,VSM.ResolveTrace,12314368,1
69,12160,3776.523259,1,VSM.FilterHorizontal,67072,1
69,12160,3776.523259,1,VSM.FilterVertical,0,0
69,12160,3776.523259,1,VSM.FilterTemporalVertical,158208,1
70,12161,3776.5439413,1,VSM.LayoutRemap,0,1
70,12161,3776.5439413,1,VSM.ResetFeedback,0,1
70,12161,3776.5439413,1,VSM.MarkReceiverPages,625408,1
70,12161,3776.5439413,1,VSM.Allocate,226304,1
70,12161,3776.5439413,1,VSM.InvalidateStatic,0,0
70,12161,3776.5439413,1,VSM.ClearPhysicalPages,90368,1
70,12161,3776.5439413,1,VSM.StaticCasterCull,66304,1
70,12161,3776.5439413,1,VSM.DynamicCasterCull,43008,1
70,12161,3776.5439413,1,VSM.PageCull,76032,2
70,12161,3776.5439413,1,VSM.StaticRaster,6912,1
70,12161,3776.5439413,1,VSM.FinalizePages,2048,1
70,12161,3776.5439413,1,VSM.DynamicRaster,33536,1
70,12161,3776.5439413,1,VSM.UnityCompatibilityRaster,0,0
70,12161,3776.5439413,1,VSM.Resolve,11356672,1
70,12161,3776.5439413,1,VSM.ResolveTrace,11133952,1
70,12161,3776.5439413,1,VSM.FilterHorizontal,65792,1
70,12161,3776.5439413,1,VSM.FilterVertical,0,0
70,12161,3776.5439413,1,VSM.FilterTemporalVertical,155904,1
71,12162,3776.5641883,1,VSM.LayoutRemap,0,1
71,12162,3776.5641883,1,VSM.ResetFeedback,0,1
71,12162,3776.5641883,1,VSM.MarkReceiverPages,625408,1
71,12162,3776.5641883,1,VSM.Allocate,226048,1
71,12162,3776.5641883,1,VSM.InvalidateStatic,0,0
71,12162,3776.5641883,1,VSM.ClearPhysicalPages,89856,1
71,12162,3776.5641883,1,VSM.StaticCasterCull,659456,1
71,12162,3776.5641883,1,VSM.DynamicCasterCull,43520,1
71,12162,3776.5641883,1,VSM.PageCull,668672,2
71,12162,3776.5641883,1,VSM.StaticRaster,6912,1
71,12162,3776.5641883,1,VSM.FinalizePages,2560,1
71,12162,3776.5641883,1,VSM.DynamicRaster,36096,1
71,12162,3776.5641883,1,VSM.UnityCompatibilityRaster,0,0
71,12162,3776.5641883,1,VSM.Resolve,11810304,1
71,12162,3776.5641883,1,VSM.ResolveTrace,11584000,1
71,12162,3776.5641883,1,VSM.FilterHorizontal,66816,1
71,12162,3776.5641883,1,VSM.FilterVertical,0,0
71,12162,3776.5641883,1,VSM.FilterTemporalVertical,158208,1
72,12163,3776.5861298,1,VSM.LayoutRemap,0,1
72,12163,3776.5861298,1,VSM.ResetFeedback,0,1
72,12163,3776.5861298,1,VSM.MarkReceiverPages,621056,1
72,12163,3776.5861298,1,VSM.Allocate,225792,1
72,12163,3776.5861298,1,VSM.InvalidateStatic,0,0
72,12163,3776.5861298,1,VSM.ClearPhysicalPages,89600,1
72,12163,3776.5861298,1,VSM.StaticCasterCull,68864,1
72,12163,3776.5861298,1,VSM.DynamicCasterCull,319232,1
72,12163,3776.5861298,1,VSM.PageCull,80384,2
72,12163,3776.5861298,1,VSM.StaticRaster,6912,1
72,12163,3776.5861298,1,VSM.FinalizePages,2048,1
72,12163,3776.5861298,1,VSM.DynamicRaster,34304,1
72,12163,3776.5861298,1,VSM.UnityCompatibilityRaster,0,0
72,12163,3776.5861298,1,VSM.Resolve,10814208,1
72,12163,3776.5861298,1,VSM.ResolveTrace,10594048,1
72,12163,3776.5861298,1,VSM.FilterHorizontal,64768,1
72,12163,3776.5861298,1,VSM.FilterVertical,0,0
72,12163,3776.5861298,1,VSM.FilterTemporalVertical,154112,1
73,12164,3776.6070713,1,VSM.LayoutRemap,0,1
73,12164,3776.6070713,1,VSM.ResetFeedback,0,1
73,12164,3776.6070713,1,VSM.MarkReceiverPages,624128,1
73,12164,3776.6070713,1,VSM.Allocate,226048,1
73,12164,3776.6070713,1,VSM.InvalidateStatic,0,0
73,12164,3776.6070713,1,VSM.ClearPhysicalPages,89088,1
73,12164,3776.6070713,1,VSM.StaticCasterCull,65792,1
73,12164,3776.6070713,1,VSM.DynamicCasterCull,42752,1
73,12164,3776.6070713,1,VSM.PageCull,75776,2
73,12164,3776.6070713,1,VSM.StaticRaster,8960,1
73,12164,3776.6070713,1,VSM.FinalizePages,2304,1
73,12164,3776.6070713,1,VSM.DynamicRaster,32768,1
73,12164,3776.6070713,1,VSM.UnityCompatibilityRaster,0,0
73,12164,3776.6070713,1,VSM.Resolve,11252736,1
73,12164,3776.6070713,1,VSM.ResolveTrace,10858240,1
73,12164,3776.6070713,1,VSM.FilterHorizontal,65024,1
73,12164,3776.6070713,1,VSM.FilterVertical,0,0
73,12164,3776.6070713,1,VSM.FilterTemporalVertical,328448,1
74,12165,3776.6275124,1,VSM.LayoutRemap,0,1
74,12165,3776.6275124,1,VSM.ResetFeedback,0,1
74,12165,3776.6275124,1,VSM.MarkReceiverPages,628736,1
74,12165,3776.6275124,1,VSM.Allocate,226560,1
74,12165,3776.6275124,1,VSM.InvalidateStatic,0,0
74,12165,3776.6275124,1,VSM.ClearPhysicalPages,368896,1
74,12165,3776.6275124,1,VSM.StaticCasterCull,71936,1
74,12165,3776.6275124,1,VSM.DynamicCasterCull,43776,1
74,12165,3776.6275124,1,VSM.PageCull,77568,2
74,12165,3776.6275124,1,VSM.StaticRaster,4096,1
74,12165,3776.6275124,1,VSM.FinalizePages,1792,1
74,12165,3776.6275124,1,VSM.DynamicRaster,34048,1
74,12165,3776.6275124,1,VSM.UnityCompatibilityRaster,0,0
74,12165,3776.6275124,1,VSM.Resolve,12027648,1
74,12165,3776.6275124,1,VSM.ResolveTrace,11804672,1
74,12165,3776.6275124,1,VSM.FilterHorizontal,67072,1
74,12165,3776.6275124,1,VSM.FilterVertical,0,0
74,12165,3776.6275124,1,VSM.FilterTemporalVertical,154624,1
75,12166,3776.6485158,1,VSM.LayoutRemap,0,1
75,12166,3776.6485158,1,VSM.ResetFeedback,0,1
75,12166,3776.6485158,1,VSM.MarkReceiverPages,628992,1
75,12166,3776.6485158,1,VSM.Allocate,223488,1
75,12166,3776.6485158,1,VSM.InvalidateStatic,0,0
75,12166,3776.6485158,1,VSM.ClearPhysicalPages,435968,1
75,12166,3776.6485158,1,VSM.StaticCasterCull,70912,1
75,12166,3776.6485158,1,VSM.DynamicCasterCull,43008,1
75,12166,3776.6485158,1,VSM.PageCull,79616,2
75,12166,3776.6485158,1,VSM.StaticRaster,7168,1
75,12166,3776.6485158,1,VSM.FinalizePages,2560,1
75,12166,3776.6485158,1,VSM.DynamicRaster,35328,1
75,12166,3776.6485158,1,VSM.UnityCompatibilityRaster,0,0
75,12166,3776.6485158,1,VSM.Resolve,11495680,1
75,12166,3776.6485158,1,VSM.ResolveTrace,11274240,1
75,12166,3776.6485158,1,VSM.FilterHorizontal,66048,1
75,12166,3776.6485158,1,VSM.FilterVertical,0,0
75,12166,3776.6485158,1,VSM.FilterTemporalVertical,154112,1
76,12167,3776.6699496,1,VSM.LayoutRemap,0,1
76,12167,3776.6699496,1,VSM.ResetFeedback,0,1
76,12167,3776.6699496,1,VSM.MarkReceiverPages,629248,1
76,12167,3776.6699496,1,VSM.Allocate,222976,1
76,12167,3776.6699496,1,VSM.InvalidateStatic,0,0
76,12167,3776.6699496,1,VSM.ClearPhysicalPages,359936,1
76,12167,3776.6699496,1,VSM.StaticCasterCull,70912,1
76,12167,3776.6699496,1,VSM.DynamicCasterCull,44032,1
76,12167,3776.6699496,1,VSM.PageCull,78592,2
76,12167,3776.6699496,1,VSM.StaticRaster,6912,1
76,12167,3776.6699496,1,VSM.FinalizePages,2048,1
76,12167,3776.6699496,1,VSM.DynamicRaster,33536,1
76,12167,3776.6699496,1,VSM.UnityCompatibilityRaster,0,0
76,12167,3776.6699496,1,VSM.Resolve,11300864,1
76,12167,3776.6699496,1,VSM.ResolveTrace,11079936,1
76,12167,3776.6699496,1,VSM.FilterHorizontal,64768,1
76,12167,3776.6699496,1,VSM.FilterVertical,0,0
76,12167,3776.6699496,1,VSM.FilterTemporalVertical,154880,1
77,12168,3776.69146,1,VSM.LayoutRemap,0,1
77,12168,3776.69146,1,VSM.ResetFeedback,0,1
77,12168,3776.69146,1,VSM.MarkReceiverPages,626944,1
77,12168,3776.69146,1,VSM.Allocate,224768,1
77,12168,3776.69146,1,VSM.InvalidateStatic,0,0
77,12168,3776.69146,1,VSM.ClearPhysicalPages,89600,1
77,12168,3776.69146,1,VSM.StaticCasterCull,280576,1
77,12168,3776.69146,1,VSM.DynamicCasterCull,45568,1
77,12168,3776.69146,1,VSM.PageCull,79360,2
77,12168,3776.69146,1,VSM.StaticRaster,4608,1
77,12168,3776.69146,1,VSM.FinalizePages,2048,1
77,12168,3776.69146,1,VSM.DynamicRaster,31232,1
77,12168,3776.69146,1,VSM.UnityCompatibilityRaster,0,0
77,12168,3776.69146,1,VSM.Resolve,11427072,1
77,12168,3776.69146,1,VSM.ResolveTrace,11024128,1
77,12168,3776.69146,1,VSM.FilterHorizontal,65280,1
77,12168,3776.69146,1,VSM.FilterVertical,0,0
77,12168,3776.69146,1,VSM.FilterTemporalVertical,152576,1
78,12169,3776.7115842,1,VSM.LayoutRemap,0,1
78,12169,3776.7115842,1,VSM.ResetFeedback,0,1
78,12169,3776.7115842,1,VSM.MarkReceiverPages,627712,1
78,12169,3776.7115842,1,VSM.Allocate,227328,1
78,12169,3776.7115842,1,VSM.InvalidateStatic,0,0
78,12169,3776.7115842,1,VSM.ClearPhysicalPages,89856,1
78,12169,3776.7115842,1,VSM.StaticCasterCull,68864,1
78,12169,3776.7115842,1,VSM.DynamicCasterCull,43776,1
78,12169,3776.7115842,1,VSM.PageCull,78848,2
78,12169,3776.7115842,1,VSM.StaticRaster,6912,1
78,12169,3776.7115842,1,VSM.FinalizePages,2048,1
78,12169,3776.7115842,1,VSM.DynamicRaster,32768,1
78,12169,3776.7115842,1,VSM.UnityCompatibilityRaster,0,0
78,12169,3776.7115842,1,VSM.Resolve,11948800,1
78,12169,3776.7115842,1,VSM.ResolveTrace,11726592,1
78,12169,3776.7115842,1,VSM.FilterHorizontal,66304,1
78,12169,3776.7115842,1,VSM.FilterVertical,0,0
78,12169,3776.7115842,1,VSM.FilterTemporalVertical,154880,1
79,12170,3776.7327993999997,1,VSM.LayoutRemap,0,1
79,12170,3776.7327993999997,1,VSM.ResetFeedback,0,1
79,12170,3776.7327993999997,1,VSM.MarkReceiverPages,627968,1
79,12170,3776.7327993999997,1,VSM.Allocate,263936,1
79,12170,3776.7327993999997,1,VSM.InvalidateStatic,0,0
79,12170,3776.7327993999997,1,VSM.ClearPhysicalPages,91136,1
79,12170,3776.7327993999997,1,VSM.StaticCasterCull,69376,1
79,12170,3776.7327993999997,1,VSM.DynamicCasterCull,46336,1
79,12170,3776.7327993999997,1,VSM.PageCull,82432,2
79,12170,3776.7327993999997,1,VSM.StaticRaster,22784,1
79,12170,3776.7327993999997,1,VSM.FinalizePages,2048,1
79,12170,3776.7327993999997,1,VSM.DynamicRaster,32000,1
79,12170,3776.7327993999997,1,VSM.UnityCompatibilityRaster,0,0
79,12170,3776.7327993999997,1,VSM.Resolve,11952128,1
79,12170,3776.7327993999997,1,VSM.ResolveTrace,11545088,1
79,12170,3776.7327993999997,1,VSM.FilterHorizontal,66304,1
79,12170,3776.7327993999997,1,VSM.FilterVertical,0,0
79,12170,3776.7327993999997,1,VSM.FilterTemporalVertical,156672,1
80,12171,3776.7536996,1,VSM.LayoutRemap,0,1
80,12171,3776.7536996,1,VSM.ResetFeedback,0,1
80,12171,3776.7536996,1,VSM.MarkReceiverPages,629248,1
80,12171,3776.7536996,1,VSM.Allocate,262400,1
80,12171,3776.7536996,1,VSM.InvalidateStatic,0,0
80,12171,3776.7536996,1,VSM.ClearPhysicalPages,392192,1
80,12171,3776.7536996,1,VSM.StaticCasterCull,67328,1
80,12171,3776.7536996,1,VSM.DynamicCasterCull,44032,1
80,12171,3776.7536996,1,VSM.PageCull,77824,2
80,12171,3776.7536996,1,VSM.StaticRaster,29696,1
80,12171,3776.7536996,1,VSM.FinalizePages,2304,1
80,12171,3776.7536996,1,VSM.DynamicRaster,32000,1
80,12171,3776.7536996,1,VSM.UnityCompatibilityRaster,0,0
80,12171,3776.7536996,1,VSM.Resolve,10974464,1
80,12171,3776.7536996,1,VSM.ResolveTrace,10578176,1
80,12171,3776.7536996,1,VSM.FilterHorizontal,66560,1
80,12171,3776.7536996,1,VSM.FilterVertical,0,0
80,12171,3776.7536996,1,VSM.FilterTemporalVertical,328192,1
81,12172,3776.7738385,1,VSM.LayoutRemap,0,1
81,12172,3776.7738385,1,VSM.ResetFeedback,0,1
81,12172,3776.7738385,1,VSM.MarkReceiverPages,624128,1
81,12172,3776.7738385,1,VSM.Allocate,224768,1
81,12172,3776.7738385,1,VSM.InvalidateStatic,0,0
81,12172,3776.7738385,1,VSM.ClearPhysicalPages,89856,1
81,12172,3776.7738385,1,VSM.StaticCasterCull,67840,1
81,12172,3776.7738385,1,VSM.DynamicCasterCull,43776,1
81,12172,3776.7738385,1,VSM.PageCull,78848,2
81,12172,3776.7738385,1,VSM.StaticRaster,7168,1
81,12172,3776.7738385,1,VSM.FinalizePages,2048,1
81,12172,3776.7738385,1,VSM.DynamicRaster,32768,1
81,12172,3776.7738385,1,VSM.UnityCompatibilityRaster,0,0
81,12172,3776.7738385,1,VSM.Resolve,12081408,1
81,12172,3776.7738385,1,VSM.ResolveTrace,11860224,1
81,12172,3776.7738385,1,VSM.FilterHorizontal,64768,1
81,12172,3776.7738385,1,VSM.FilterVertical,0,0
81,12172,3776.7738385,1,VSM.FilterTemporalVertical,155392,1
82,12173,3776.7949389,1,VSM.LayoutRemap,0,1
82,12173,3776.7949389,1,VSM.ResetFeedback,0,1
82,12173,3776.7949389,1,VSM.MarkReceiverPages,624896,1
82,12173,3776.7949389,1,VSM.Allocate,224512,1
82,12173,3776.7949389,1,VSM.InvalidateStatic,0,0
82,12173,3776.7949389,1,VSM.ClearPhysicalPages,90112,1
82,12173,3776.7949389,1,VSM.StaticCasterCull,67584,1
82,12173,3776.7949389,1,VSM.DynamicCasterCull,44032,1
82,12173,3776.7949389,1,VSM.PageCull,78080,2
82,12173,3776.7949389,1,VSM.StaticRaster,7168,1
82,12173,3776.7949389,1,VSM.FinalizePages,2048,1
82,12173,3776.7949389,1,VSM.DynamicRaster,33792,1
82,12173,3776.7949389,1,VSM.UnityCompatibilityRaster,0,0
82,12173,3776.7949389,1,VSM.Resolve,11623424,1
82,12173,3776.7949389,1,VSM.ResolveTrace,11402240,1
82,12173,3776.7949389,1,VSM.FilterHorizontal,65536,1
82,12173,3776.7949389,1,VSM.FilterVertical,0,0
82,12173,3776.7949389,1,VSM.FilterTemporalVertical,154368,1
83,12174,3776.8153985,1,VSM.LayoutRemap,0,1
83,12174,3776.8153985,1,VSM.ResetFeedback,0,1
83,12174,3776.8153985,1,VSM.MarkReceiverPages,625920,1
83,12174,3776.8153985,1,VSM.Allocate,224000,1
83,12174,3776.8153985,1,VSM.InvalidateStatic,0,0
83,12174,3776.8153985,1,VSM.ClearPhysicalPages,89600,1
83,12174,3776.8153985,1,VSM.StaticCasterCull,69376,1
83,12174,3776.8153985,1,VSM.DynamicCasterCull,45056,1
83,12174,3776.8153985,1,VSM.PageCull,81920,2
83,12174,3776.8153985,1,VSM.StaticRaster,3072,1
83,12174,3776.8153985,1,VSM.FinalizePages,2048,1
83,12174,3776.8153985,1,VSM.DynamicRaster,33536,1
83,12174,3776.8153985,1,VSM.UnityCompatibilityRaster,0,0
83,12174,3776.8153985,1,VSM.Resolve,10927104,1
83,12174,3776.8153985,1,VSM.ResolveTrace,10555904,1
83,12174,3776.8153985,1,VSM.FilterHorizontal,66048,1
83,12174,3776.8153985,1,VSM.FilterVertical,0,0
83,12174,3776.8153985,1,VSM.FilterTemporalVertical,154368,1
84,12175,3776.8349503,1,VSM.LayoutRemap,0,1
84,12175,3776.8349503,1,VSM.ResetFeedback,0,1
84,12175,3776.8349503,1,VSM.MarkReceiverPages,624128,1
84,12175,3776.8349503,1,VSM.Allocate,226560,1
84,12175,3776.8349503,1,VSM.InvalidateStatic,0,0
84,12175,3776.8349503,1,VSM.ClearPhysicalPages,438016,1
84,12175,3776.8349503,1,VSM.StaticCasterCull,70912,1
84,12175,3776.8349503,1,VSM.DynamicCasterCull,42496,1
84,12175,3776.8349503,1,VSM.PageCull,74496,2
84,12175,3776.8349503,1,VSM.StaticRaster,7424,1
84,12175,3776.8349503,1,VSM.FinalizePages,2304,1
84,12175,3776.8349503,1,VSM.DynamicRaster,34304,1
84,12175,3776.8349503,1,VSM.UnityCompatibilityRaster,0,0
84,12175,3776.8349503,1,VSM.Resolve,11642880,1
84,12175,3776.8349503,1,VSM.ResolveTrace,11419904,1
84,12175,3776.8349503,1,VSM.FilterHorizontal,66560,1
84,12175,3776.8349503,1,VSM.FilterVertical,0,0
84,12175,3776.8349503,1,VSM.FilterTemporalVertical,155392,1
85,12176,3776.8568722,1,VSM.LayoutRemap,0,1
85,12176,3776.8568722,1,VSM.ResetFeedback,0,1
85,12176,3776.8568722,1,VSM.MarkReceiverPages,621824,1
85,12176,3776.8568722,1,VSM.Allocate,262656,1
85,12176,3776.8568722,1,VSM.InvalidateStatic,0,0
85,12176,3776.8568722,1,VSM.ClearPhysicalPages,90368,1
85,12176,3776.8568722,1,VSM.StaticCasterCull,246272,1
85,12176,3776.8568722,1,VSM.DynamicCasterCull,47104,1
85,12176,3776.8568722,1,VSM.PageCull,259584,2
85,12176,3776.8568722,1,VSM.StaticRaster,44800,1
85,12176,3776.8568722,1,VSM.FinalizePages,2048,1
85,12176,3776.8568722,1,VSM.DynamicRaster,33280,1
85,12176,3776.8568722,1,VSM.UnityCompatibilityRaster,0,0
85,12176,3776.8568722,1,VSM.Resolve,11537664,1
85,12176,3776.8568722,1,VSM.ResolveTrace,11315968,1
85,12176,3776.8568722,1,VSM.FilterHorizontal,66048,1
85,12176,3776.8568722,1,VSM.FilterVertical,0,0
85,12176,3776.8568722,1,VSM.FilterTemporalVertical,154368,1
86,12177,3776.8778245,1,VSM.LayoutRemap,0,1
86,12177,3776.8778245,1,VSM.ResetFeedback,0,1
86,12177,3776.8778245,1,VSM.MarkReceiverPages,931584,1
86,12177,3776.8778245,1,VSM.Allocate,221440,1
86,12177,3776.8778245,1,VSM.InvalidateStatic,0,0
86,12177,3776.8778245,1,VSM.ClearPhysicalPages,90368,1
86,12177,3776.8778245,1,VSM.StaticCasterCull,66816,1
86,12177,3776.8778245,1,VSM.DynamicCasterCull,43264,1
86,12177,3776.8778245,1,VSM.PageCull,77568,2
86,12177,3776.8778245,1,VSM.StaticRaster,7168,1
86,12177,3776.8778245,1,VSM.FinalizePages,2048,1
86,12177,3776.8778245,1,VSM.DynamicRaster,34560,1
86,12177,3776.8778245,1,VSM.UnityCompatibilityRaster,0,0
86,12177,3776.8778245,1,VSM.Resolve,10942208,1
86,12177,3776.8778245,1,VSM.ResolveTrace,10716672,1
86,12177,3776.8778245,1,VSM.FilterHorizontal,66816,1
86,12177,3776.8778245,1,VSM.FilterVertical,0,0
86,12177,3776.8778245,1,VSM.FilterTemporalVertical,157440,1
87,12178,3776.898644,1,VSM.LayoutRemap,0,1
87,12178,3776.898644,1,VSM.ResetFeedback,0,1
87,12178,3776.898644,1,VSM.MarkReceiverPages,621056,1
87,12178,3776.898644,1,VSM.Allocate,225792,1
87,12178,3776.898644,1,VSM.InvalidateStatic,0,0
87,12178,3776.898644,1,VSM.ClearPhysicalPages,434432,1
87,12178,3776.898644,1,VSM.StaticCasterCull,71936,1
87,12178,3776.898644,1,VSM.DynamicCasterCull,41984,1
87,12178,3776.898644,1,VSM.PageCull,75776,2
87,12178,3776.898644,1,VSM.StaticRaster,6912,1
87,12178,3776.898644,1,VSM.FinalizePages,2560,1
87,12178,3776.898644,1,VSM.DynamicRaster,34816,1
87,12178,3776.898644,1,VSM.UnityCompatibilityRaster,0,0
87,12178,3776.898644,1,VSM.Resolve,11305984,1
87,12178,3776.898644,1,VSM.ResolveTrace,11085312,1
87,12178,3776.898644,1,VSM.FilterHorizontal,65280,1
87,12178,3776.898644,1,VSM.FilterVertical,0,0
87,12178,3776.898644,1,VSM.FilterTemporalVertical,154368,1
88,12179,3776.9198031,1,VSM.LayoutRemap,0,1
88,12179,3776.9198031,1,VSM.ResetFeedback,0,1
88,12179,3776.9198031,1,VSM.MarkReceiverPages,621312,1
88,12179,3776.9198031,1,VSM.Allocate,226048,1
88,12179,3776.9198031,1,VSM.InvalidateStatic,0,0
88,12179,3776.9198031,1,VSM.ClearPhysicalPages,89856,1
88,12179,3776.9198031,1,VSM.StaticCasterCull,67072,1
88,12179,3776.9198031,1,VSM.DynamicCasterCull,42752,1
88,12179,3776.9198031,1,VSM.PageCull,77056,2
88,12179,3776.9198031,1,VSM.StaticRaster,7168,1
88,12179,3776.9198031,1,VSM.FinalizePages,2048,1
88,12179,3776.9198031,1,VSM.DynamicRaster,34560,1
88,12179,3776.9198031,1,VSM.UnityCompatibilityRaster,0,0
88,12179,3776.9198031,1,VSM.Resolve,11913472,1
88,12179,3776.9198031,1,VSM.ResolveTrace,11690752,1
88,12179,3776.9198031,1,VSM.FilterHorizontal,64000,1
88,12179,3776.9198031,1,VSM.FilterVertical,0,0
88,12179,3776.9198031,1,VSM.FilterTemporalVertical,157184,1
89,12180,3776.9397971,1,VSM.LayoutRemap,0,1
89,12180,3776.9397971,1,VSM.ResetFeedback,0,1
89,12180,3776.9397971,1,VSM.MarkReceiverPages,620288,1
89,12180,3776.9397971,1,VSM.Allocate,261120,1
89,12180,3776.9397971,1,VSM.InvalidateStatic,0,0
89,12180,3776.9397971,1,VSM.ClearPhysicalPages,288512,1
89,12180,3776.9397971,1,VSM.StaticCasterCull,67584,1
89,12180,3776.9397971,1,VSM.DynamicCasterCull,47104,1
89,12180,3776.9397971,1,VSM.PageCull,81152,2
89,12180,3776.9397971,1,VSM.StaticRaster,30976,1
89,12180,3776.9397971,1,VSM.FinalizePages,2048,1
89,12180,3776.9397971,1,VSM.DynamicRaster,32256,1
89,12180,3776.9397971,1,VSM.UnityCompatibilityRaster,0,0
89,12180,3776.9397971,1,VSM.Resolve,11688192,1
89,12180,3776.9397971,1,VSM.ResolveTrace,11463936,1
89,12180,3776.9397971,1,VSM.FilterHorizontal,66048,1
89,12180,3776.9397971,1,VSM.FilterVertical,0,0
89,12180,3776.9397971,1,VSM.FilterTemporalVertical,157184,1
90,12181,3776.9594873,1,VSM.LayoutRemap,0,1
90,12181,3776.9594873,1,VSM.ResetFeedback,0,1
90,12181,3776.9594873,1,VSM.MarkReceiverPages,613120,1
90,12181,3776.9594873,1,VSM.Allocate,225024,1
90,12181,3776.9594873,1,VSM.InvalidateStatic,0,0
90,12181,3776.9594873,1,VSM.ClearPhysicalPages,89856,1
90,12181,3776.9594873,1,VSM.StaticCasterCull,67072,1
90,12181,3776.9594873,1,VSM.DynamicCasterCull,42496,1
90,12181,3776.9594873,1,VSM.PageCull,76288,2
90,12181,3776.9594873,1,VSM.StaticRaster,7424,1
90,12181,3776.9594873,1,VSM.FinalizePages,2048,1
90,12181,3776.9594873,1,VSM.DynamicRaster,34560,1
90,12181,3776.9594873,1,VSM.UnityCompatibilityRaster,0,0
90,12181,3776.9594873,1,VSM.Resolve,11760896,1
90,12181,3776.9594873,1,VSM.ResolveTrace,11533824,1
90,12181,3776.9594873,1,VSM.FilterHorizontal,66304,1
90,12181,3776.9594873,1,VSM.FilterVertical,0,0
90,12181,3776.9594873,1,VSM.FilterTemporalVertical,159744,1
91,12182,3776.9790754,1,VSM.LayoutRemap,0,1
91,12182,3776.9790754,1,VSM.ResetFeedback,0,1
91,12182,3776.9790754,1,VSM.MarkReceiverPages,620544,1
91,12182,3776.9790754,1,VSM.Allocate,260352,1
91,12182,3776.9790754,1,VSM.InvalidateStatic,0,0
91,12182,3776.9790754,1,VSM.ClearPhysicalPages,390656,1
91,12182,3776.9790754,1,VSM.StaticCasterCull,75008,1
91,12182,3776.9790754,1,VSM.DynamicCasterCull,44544,1
91,12182,3776.9790754,1,VSM.PageCull,80896,2
91,12182,3776.9790754,1,VSM.StaticRaster,30208,1
91,12182,3776.9790754,1,VSM.FinalizePages,2304,1
91,12182,3776.9790754,1,VSM.DynamicRaster,33280,1
91,12182,3776.9790754,1,VSM.UnityCompatibilityRaster,0,0
91,12182,3776.9790754,1,VSM.Resolve,11223552,1
91,12182,3776.9790754,1,VSM.ResolveTrace,11002368,1
91,12182,3776.9790754,1,VSM.FilterHorizontal,65536,1
91,12182,3776.9790754,1,VSM.FilterVertical,0,0
91,12182,3776.9790754,1,VSM.FilterTemporalVertical,154368,1
92,12183,3776.9994991,1,VSM.LayoutRemap,0,1
92,12183,3776.9994991,1,VSM.ResetFeedback,0,1
92,12183,3776.9994991,1,VSM.MarkReceiverPages,818176,1
92,12183,3776.9994991,1,VSM.Allocate,224512,1
92,12183,3776.9994991,1,VSM.InvalidateStatic,0,0
92,12183,3776.9994991,1,VSM.ClearPhysicalPages,260608,1
92,12183,3776.9994991,1,VSM.StaticCasterCull,69888,1
92,12183,3776.9994991,1,VSM.DynamicCasterCull,45312,1
92,12183,3776.9994991,1,VSM.PageCull,80896,2
92,12183,3776.9994991,1,VSM.StaticRaster,9984,1
92,12183,3776.9994991,1,VSM.FinalizePages,2048,1
92,12183,3776.9994991,1,VSM.DynamicRaster,34048,1
92,12183,3776.9994991,1,VSM.UnityCompatibilityRaster,0,0
92,12183,3776.9994991,1,VSM.Resolve,10768384,1
92,12183,3776.9994991,1,VSM.ResolveTrace,10548480,1
92,12183,3776.9994991,1,VSM.FilterHorizontal,65792,1
92,12183,3776.9994991,1,VSM.FilterVertical,0,0
92,12183,3776.9994991,1,VSM.FilterTemporalVertical,152832,1
93,12184,3777.0202959,1,VSM.LayoutRemap,0,1
93,12184,3777.0202959,1,VSM.ResetFeedback,0,1
93,12184,3777.0202959,1,VSM.MarkReceiverPages,615424,1
93,12184,3777.0202959,1,VSM.Allocate,224256,1
93,12184,3777.0202959,1,VSM.InvalidateStatic,0,0
93,12184,3777.0202959,1,VSM.ClearPhysicalPages,273408,1
93,12184,3777.0202959,1,VSM.StaticCasterCull,69376,1
93,12184,3777.0202959,1,VSM.DynamicCasterCull,41728,1
93,12184,3777.0202959,1,VSM.PageCull,76288,2
93,12184,3777.0202959,1,VSM.StaticRaster,6912,1
93,12184,3777.0202959,1,VSM.FinalizePages,2304,1
93,12184,3777.0202959,1,VSM.DynamicRaster,34048,1
93,12184,3777.0202959,1,VSM.UnityCompatibilityRaster,0,0
93,12184,3777.0202959,1,VSM.Resolve,10887424,1
93,12184,3777.0202959,1,VSM.ResolveTrace,10487040,1
93,12184,3777.0202959,1,VSM.FilterHorizontal,64768,1
93,12184,3777.0202959,1,VSM.FilterVertical,0,0
93,12184,3777.0202959,1,VSM.FilterTemporalVertical,154368,1
94,12185,3777.0405203,1,VSM.LayoutRemap,0,1
94,12185,3777.0405203,1,VSM.ResetFeedback,0,1
94,12185,3777.0405203,1,VSM.MarkReceiverPages,613888,1
94,12185,3777.0405203,1,VSM.Allocate,224768,1
94,12185,3777.0405203,1,VSM.InvalidateStatic,0,0
94,12185,3777.0405203,1,VSM.ClearPhysicalPages,89856,1
94,12185,3777.0405203,1,VSM.StaticCasterCull,66560,1
94,12185,3777.0405203,1,VSM.DynamicCasterCull,41984,1
94,12185,3777.0405203,1,VSM.PageCull,75264,2
94,12185,3777.0405203,1,VSM.StaticRaster,7168,1
94,12185,3777.0405203,1,VSM.FinalizePages,2048,1
94,12185,3777.0405203,1,VSM.DynamicRaster,34304,1
94,12185,3777.0405203,1,VSM.UnityCompatibilityRaster,0,0
94,12185,3777.0405203,1,VSM.Resolve,10893568,1
94,12185,3777.0405203,1,VSM.ResolveTrace,10673408,1
94,12185,3777.0405203,1,VSM.FilterHorizontal,65280,1
94,12185,3777.0405203,1,VSM.FilterVertical,0,0
94,12185,3777.0405203,1,VSM.FilterTemporalVertical,153856,1
95,12186,3777.061848,1,VSM.LayoutRemap,0,1
95,12186,3777.061848,1,VSM.ResetFeedback,0,1
95,12186,3777.061848,1,VSM.MarkReceiverPages,614912,1
95,12186,3777.061848,1,VSM.Allocate,224512,1
95,12186,3777.061848,1,VSM.InvalidateStatic,0,0
95,12186,3777.061848,1,VSM.ClearPhysicalPages,89856,1
95,12186,3777.061848,1,VSM.StaticCasterCull,66560,1
95,12186,3777.061848,1,VSM.DynamicCasterCull,41984,1
95,12186,3777.061848,1,VSM.PageCull,75008,2
95,12186,3777.061848,1,VSM.StaticRaster,7168,1
95,12186,3777.061848,1,VSM.FinalizePages,2048,1
95,12186,3777.061848,1,VSM.DynamicRaster,34816,1
95,12186,3777.061848,1,VSM.UnityCompatibilityRaster,0,0
95,12186,3777.061848,1,VSM.Resolve,11700736,1
95,12186,3777.061848,1,VSM.ResolveTrace,11477504,1
95,12186,3777.061848,1,VSM.FilterHorizontal,65792,1
95,12186,3777.061848,1,VSM.FilterVertical,0,0
95,12186,3777.061848,1,VSM.FilterTemporalVertical,156160,1
96,12187,3777.0825049,1,VSM.LayoutRemap,0,1
96,12187,3777.0825049,1,VSM.ResetFeedback,0,1
96,12187,3777.0825049,1,VSM.MarkReceiverPages,812032,1
96,12187,3777.0825049,1,VSM.Allocate,224000,1
96,12187,3777.0825049,1,VSM.InvalidateStatic,0,0
96,12187,3777.0825049,1,VSM.ClearPhysicalPages,89600,1
96,12187,3777.0825049,1,VSM.StaticCasterCull,67328,1
96,12187,3777.0825049,1,VSM.DynamicCasterCull,41472,1
96,12187,3777.0825049,1,VSM.PageCull,76032,2
96,12187,3777.0825049,1,VSM.StaticRaster,7168,1
96,12187,3777.0825049,1,VSM.FinalizePages,2048,1
96,12187,3777.0825049,1,VSM.DynamicRaster,34304,1
96,12187,3777.0825049,1,VSM.UnityCompatibilityRaster,0,0
96,12187,3777.0825049,1,VSM.Resolve,11386624,1
96,12187,3777.0825049,1,VSM.ResolveTrace,11161856,1
96,12187,3777.0825049,1,VSM.FilterHorizontal,66048,1
96,12187,3777.0825049,1,VSM.FilterVertical,0,0
96,12187,3777.0825049,1,VSM.FilterTemporalVertical,157952,1
97,12188,3777.1027194,1,VSM.LayoutRemap,0,1
97,12188,3777.1027194,1,VSM.ResetFeedback,0,1
97,12188,3777.1027194,1,VSM.MarkReceiverPages,614144,1
97,12188,3777.1027194,1,VSM.Allocate,223744,1
97,12188,3777.1027194,1,VSM.InvalidateStatic,0,0
97,12188,3777.1027194,1,VSM.ClearPhysicalPages,90880,1
97,12188,3777.1027194,1,VSM.StaticCasterCull,64768,1
97,12188,3777.1027194,1,VSM.DynamicCasterCull,41472,1
97,12188,3777.1027194,1,VSM.PageCull,72960,2
97,12188,3777.1027194,1,VSM.StaticRaster,7168,1
97,12188,3777.1027194,1,VSM.FinalizePages,2304,1
97,12188,3777.1027194,1,VSM.DynamicRaster,34560,1
97,12188,3777.1027194,1,VSM.UnityCompatibilityRaster,0,0
97,12188,3777.1027194,1,VSM.Resolve,11645696,1
97,12188,3777.1027194,1,VSM.ResolveTrace,11421696,1
97,12188,3777.1027194,1,VSM.FilterHorizontal,65024,1
97,12188,3777.1027194,1,VSM.FilterVertical,0,0
97,12188,3777.1027194,1,VSM.FilterTemporalVertical,157696,1
98,12189,3777.12387,1,VSM.LayoutRemap,0,1
98,12189,3777.12387,1,VSM.ResetFeedback,0,1
98,12189,3777.12387,1,VSM.MarkReceiverPages,614144,1
98,12189,3777.12387,1,VSM.Allocate,224256,1
98,12189,3777.12387,1,VSM.InvalidateStatic,0,0
98,12189,3777.12387,1,VSM.ClearPhysicalPages,89344,1
98,12189,3777.12387,1,VSM.StaticCasterCull,67584,1
98,12189,3777.12387,1,VSM.DynamicCasterCull,43008,1
98,12189,3777.12387,1,VSM.PageCull,77824,2
98,12189,3777.12387,1,VSM.StaticRaster,6912,1
98,12189,3777.12387,1,VSM.FinalizePages,2048,1
98,12189,3777.12387,1,VSM.DynamicRaster,33536,1
98,12189,3777.12387,1,VSM.UnityCompatibilityRaster,0,0
98,12189,3777.12387,1,VSM.Resolve,12020224,1
98,12189,3777.12387,1,VSM.ResolveTrace,11519744,1
98,12189,3777.12387,1,VSM.FilterHorizontal,67328,1
98,12189,3777.12387,1,VSM.FilterVertical,0,0
98,12189,3777.12387,1,VSM.FilterTemporalVertical,158464,1
99,12190,3777.1438272,1,VSM.LayoutRemap,0,1
99,12190,3777.1438272,1,VSM.ResetFeedback,256,1
99,12190,3777.1438272,1,VSM.MarkReceiverPages,622080,1
99,12190,3777.1438272,1,VSM.Allocate,263424,1
99,12190,3777.1438272,1,VSM.InvalidateStatic,0,0
99,12190,3777.1438272,1,VSM.ClearPhysicalPages,90112,1
99,12190,3777.1438272,1,VSM.StaticCasterCull,252160,1
99,12190,3777.1438272,1,VSM.DynamicCasterCull,47872,1
99,12190,3777.1438272,1,VSM.PageCull,83456,2
99,12190,3777.1438272,1,VSM.StaticRaster,35840,1
99,12190,3777.1438272,1,VSM.FinalizePages,2048,1
99,12190,3777.1438272,1,VSM.DynamicRaster,32512,1
99,12190,3777.1438272,1,VSM.UnityCompatibilityRaster,0,0
99,12190,3777.1438272,1,VSM.Resolve,10820608,1
99,12190,3777.1438272,1,VSM.ResolveTrace,10597632,1
99,12190,3777.1438272,1,VSM.FilterHorizontal,67328,1
99,12190,3777.1438272,1,VSM.FilterVertical,0,0
99,12190,3777.1438272,1,VSM.FilterTemporalVertical,154624,1
100,12191,3777.1642979,1,VSM.LayoutRemap,0,1
100,12191,3777.1642979,1,VSM.ResetFeedback,0,1
100,12191,3777.1642979,1,VSM.MarkReceiverPages,625152,1
100,12191,3777.1642979,1,VSM.Allocate,224512,1
100,12191,3777.1642979,1,VSM.InvalidateStatic,0,0
100,12191,3777.1642979,1,VSM.ClearPhysicalPages,89344,1
100,12191,3777.1642979,1,VSM.StaticCasterCull,66816,1
100,12191,3777.1642979,1,VSM.DynamicCasterCull,42752,1
100,12191,3777.1642979,1,VSM.PageCull,76544,2
100,12191,3777.1642979,1,VSM.StaticRaster,3328,1
100,12191,3777.1642979,1,VSM.FinalizePages,2048,1
100,12191,3777.1642979,1,VSM.DynamicRaster,33280,1
100,12191,3777.1642979,1,VSM.UnityCompatibilityRaster,0,0
100,12191,3777.1642979,1,VSM.Resolve,11309568,1
100,12191,3777.1642979,1,VSM.ResolveTrace,10904576,1
100,12191,3777.1642979,1,VSM.FilterHorizontal,65024,1
100,12191,3777.1642979,1,VSM.FilterVertical,0,0
100,12191,3777.1642979,1,VSM.FilterTemporalVertical,156928,1
101,12192,3777.1847703999997,1,VSM.LayoutRemap,0,1
101,12192,3777.1847703999997,1,VSM.ResetFeedback,0,1
101,12192,3777.1847703999997,1,VSM.MarkReceiverPages,623872,1
101,12192,3777.1847703999997,1,VSM.Allocate,226560,1
101,12192,3777.1847703999997,1,VSM.InvalidateStatic,0,0
101,12192,3777.1847703999997,1,VSM.ClearPhysicalPages,91392,1
101,12192,3777.1847703999997,1,VSM.StaticCasterCull,65536,1
101,12192,3777.1847703999997,1,VSM.DynamicCasterCull,43008,1
101,12192,3777.1847703999997,1,VSM.PageCull,76032,2
101,12192,3777.1847703999997,1,VSM.StaticRaster,7168,1
101,12192,3777.1847703999997,1,VSM.FinalizePages,2304,1
101,12192,3777.1847703999997,1,VSM.DynamicRaster,33536,1
101,12192,3777.1847703999997,1,VSM.UnityCompatibilityRaster,0,0
101,12192,3777.1847703999997,1,VSM.Resolve,10938880,1
101,12192,3777.1847703999997,1,VSM.ResolveTrace,10715904,1
101,12192,3777.1847703999997,1,VSM.FilterHorizontal,65024,1
101,12192,3777.1847703999997,1,VSM.FilterVertical,0,0
101,12192,3777.1847703999997,1,VSM.FilterTemporalVertical,156928,1
102,12193,3777.2064305,1,VSM.LayoutRemap,0,1
102,12193,3777.2064305,1,VSM.ResetFeedback,0,1
102,12193,3777.2064305,1,VSM.MarkReceiverPages,622848,1
102,12193,3777.2064305,1,VSM.Allocate,226816,1
102,12193,3777.2064305,1,VSM.InvalidateStatic,0,0
102,12193,3777.2064305,1,VSM.ClearPhysicalPages,89600,1
102,12193,3777.2064305,1,VSM.StaticCasterCull,68608,1
102,12193,3777.2064305,1,VSM.DynamicCasterCull,42752,1
102,12193,3777.2064305,1,VSM.PageCull,78080,2
102,12193,3777.2064305,1,VSM.StaticRaster,3072,1
102,12193,3777.2064305,1,VSM.FinalizePages,2048,1
102,12193,3777.2064305,1,VSM.DynamicRaster,33280,1
102,12193,3777.2064305,1,VSM.UnityCompatibilityRaster,0,0
102,12193,3777.2064305,1,VSM.Resolve,11652864,1
102,12193,3777.2064305,1,VSM.ResolveTrace,11428352,1
102,12193,3777.2064305,1,VSM.FilterHorizontal,66048,1
102,12193,3777.2064305,1,VSM.FilterVertical,0,0
102,12193,3777.2064305,1,VSM.FilterTemporalVertical,157696,1
103,12194,3777.2287351,1,VSM.LayoutRemap,0,1
103,12194,3777.2287351,1,VSM.ResetFeedback,0,1
103,12194,3777.2287351,1,VSM.MarkReceiverPages,626432,1
103,12194,3777.2287351,1,VSM.Allocate,226048,1
103,12194,3777.2287351,1,VSM.InvalidateStatic,0,0
103,12194,3777.2287351,1,VSM.ClearPhysicalPages,600064,1
103,12194,3777.2287351,1,VSM.StaticCasterCull,70400,1
103,12194,3777.2287351,1,VSM.DynamicCasterCull,44288,1
103,12194,3777.2287351,1,VSM.PageCull,76288,2
103,12194,3777.2287351,1,VSM.StaticRaster,6912,1
103,12194,3777.2287351,1,VSM.FinalizePages,2048,1
103,12194,3777.2287351,1,VSM.DynamicRaster,33536,1
103,12194,3777.2287351,1,VSM.UnityCompatibilityRaster,0,0
103,12194,3777.2287351,1,VSM.Resolve,10592512,1
103,12194,3777.2287351,1,VSM.ResolveTrace,10366464,1
103,12194,3777.2287351,1,VSM.FilterHorizontal,66816,1
103,12194,3777.2287351,1,VSM.FilterVertical,0,0
103,12194,3777.2287351,1,VSM.FilterTemporalVertical,158208,1
104,12195,3777.2491467,1,VSM.LayoutRemap,0,1
104,12195,3777.2491467,1,VSM.ResetFeedback,0,1
104,12195,3777.2491467,1,VSM.MarkReceiverPages,627712,1
104,12195,3777.2491467,1,VSM.Allocate,226048,1
104,12195,3777.2491467,1,VSM.InvalidateStatic,0,0
104,12195,3777.2491467,1,VSM.ClearPhysicalPages,404480,1
104,12195,3777.2491467,1,VSM.StaticCasterCull,72448,1
104,12195,3777.2491467,1,VSM.DynamicCasterCull,43264,1
104,12195,3777.2491467,1,VSM.PageCull,77568,2
104,12195,3777.2491467,1,VSM.StaticRaster,6912,1
104,12195,3777.2491467,1,VSM.FinalizePages,2304,1
104,12195,3777.2491467,1,VSM.DynamicRaster,33280,1
104,12195,3777.2491467,1,VSM.UnityCompatibilityRaster,0,0
104,12195,3777.2491467,1,VSM.Resolve,11974912,1
104,12195,3777.2491467,1,VSM.ResolveTrace,11465216,1
104,12195,3777.2491467,1,VSM.FilterHorizontal,354816,1
104,12195,3777.2491467,1,VSM.FilterVertical,0,0
104,12195,3777.2491467,1,VSM.FilterTemporalVertical,154112,1
105,12196,3777.2708015,1,VSM.LayoutRemap,0,1
105,12196,3777.2708015,1,VSM.ResetFeedback,0,1
105,12196,3777.2708015,1,VSM.MarkReceiverPages,626176,1
105,12196,3777.2708015,1,VSM.Allocate,226048,1
105,12196,3777.2708015,1,VSM.InvalidateStatic,0,0
105,12196,3777.2708015,1,VSM.ClearPhysicalPages,89344,1
105,12196,3777.2708015,1,VSM.StaticCasterCull,68352,1
105,12196,3777.2708015,1,VSM.DynamicCasterCull,44544,1
105,12196,3777.2708015,1,VSM.PageCull,79616,2
105,12196,3777.2708015,1,VSM.StaticRaster,7424,1
105,12196,3777.2708015,1,VSM.FinalizePages,2048,1
105,12196,3777.2708015,1,VSM.DynamicRaster,36352,1
105,12196,3777.2708015,1,VSM.UnityCompatibilityRaster,0,0
105,12196,3777.2708015,1,VSM.Resolve,12743936,1
105,12196,3777.2708015,1,VSM.ResolveTrace,12522496,1
105,12196,3777.2708015,1,VSM.FilterHorizontal,65280,1
105,12196,3777.2708015,1,VSM.FilterVertical,0,0
105,12196,3777.2708015,1,VSM.FilterTemporalVertical,154880,1
106,12197,3777.292144,1,VSM.LayoutRemap,0,1
106,12197,3777.292144,1,VSM.ResetFeedback,0,1
106,12197,3777.292144,1,VSM.MarkReceiverPages,809984,1
106,12197,3777.292144,1,VSM.Allocate,226304,1
106,12197,3777.292144,1,VSM.InvalidateStatic,0,0
106,12197,3777.292144,1,VSM.ClearPhysicalPages,89856,1
106,12197,3777.292144,1,VSM.StaticCasterCull,67840,1
106,12197,3777.292144,1,VSM.DynamicCasterCull,338176,1
106,12197,3777.292144,1,VSM.PageCull,79360,2
106,12197,3777.292144,1,VSM.StaticRaster,6912,1
106,12197,3777.292144,1,VSM.FinalizePages,2048,1
106,12197,3777.292144,1,VSM.DynamicRaster,40192,1
106,12197,3777.292144,1,VSM.UnityCompatibilityRaster,0,0
106,12197,3777.292144,1,VSM.Resolve,10624768,1
106,12197,3777.292144,1,VSM.ResolveTrace,10402560,1
106,12197,3777.292144,1,VSM.FilterHorizontal,65024,1
106,12197,3777.292144,1,VSM.FilterVertical,0,0
106,12197,3777.292144,1,VSM.FilterTemporalVertical,156160,1
107,12198,3777.3147341,1,VSM.LayoutRemap,0,1
107,12198,3777.3147341,1,VSM.ResetFeedback,0,1
107,12198,3777.3147341,1,VSM.MarkReceiverPages,624384,1
107,12198,3777.3147341,1,VSM.Allocate,224256,1
107,12198,3777.3147341,1,VSM.InvalidateStatic,0,0
107,12198,3777.3147341,1,VSM.ClearPhysicalPages,278272,1
107,12198,3777.3147341,1,VSM.StaticCasterCull,72192,1
107,12198,3777.3147341,1,VSM.DynamicCasterCull,43264,1
107,12198,3777.3147341,1,VSM.PageCull,77312,2
107,12198,3777.3147341,1,VSM.StaticRaster,3840,1
107,12198,3777.3147341,1,VSM.FinalizePages,2048,1
107,12198,3777.3147341,1,VSM.DynamicRaster,33024,1
107,12198,3777.3147341,1,VSM.UnityCompatibilityRaster,0,0
107,12198,3777.3147341,1,VSM.Resolve,11912960,1
107,12198,3777.3147341,1,VSM.ResolveTrace,11691520,1
107,12198,3777.3147341,1,VSM.FilterHorizontal,66304,1
107,12198,3777.3147341,1,VSM.FilterVertical,0,0
107,12198,3777.3147341,1,VSM.FilterTemporalVertical,154112,1
108,12199,3777.3356286999997,1,VSM.LayoutRemap,0,1
108,12199,3777.3356286999997,1,VSM.ResetFeedback,0,1
108,12199,3777.3356286999997,1,VSM.MarkReceiverPages,626432,1
108,12199,3777.3356286999997,1,VSM.Allocate,226560,1
108,12199,3777.3356286999997,1,VSM.InvalidateStatic,0,0
108,12199,3777.3356286999997,1,VSM.ClearPhysicalPages,460544,1
108,12199,3777.3356286999997,1,VSM.StaticCasterCull,72192,1
108,12199,3777.3356286999997,1,VSM.DynamicCasterCull,43264,1
108,12199,3777.3356286999997,1,VSM.PageCull,77568,2
108,12199,3777.3356286999997,1,VSM.StaticRaster,11264,1
108,12199,3777.3356286999997,1,VSM.FinalizePages,2048,1
108,12199,3777.3356286999997,1,VSM.DynamicRaster,32000,1
108,12199,3777.3356286999997,1,VSM.UnityCompatibilityRaster,0,0
108,12199,3777.3356286999997,1,VSM.Resolve,11523584,1
108,12199,3777.3356286999997,1,VSM.ResolveTrace,11116288,1
108,12199,3777.3356286999997,1,VSM.FilterHorizontal,65280,1
108,12199,3777.3356286999997,1,VSM.FilterVertical,0,0
108,12199,3777.3356286999997,1,VSM.FilterTemporalVertical,155648,1
109,12200,3777.3581913999997,1,VSM.LayoutRemap,0,1
109,12200,3777.3581913999997,1,VSM.ResetFeedback,0,1
109,12200,3777.3581913999997,1,VSM.MarkReceiverPages,628992,1
109,12200,3777.3581913999997,1,VSM.Allocate,224256,1
109,12200,3777.3581913999997,1,VSM.InvalidateStatic,0,0
109,12200,3777.3581913999997,1,VSM.ClearPhysicalPages,378624,1
109,12200,3777.3581913999997,1,VSM.StaticCasterCull,71168,1
109,12200,3777.3581913999997,1,VSM.DynamicCasterCull,42496,1
109,12200,3777.3581913999997,1,VSM.PageCull,75520,2
109,12200,3777.3581913999997,1,VSM.StaticRaster,4096,1
109,12200,3777.3581913999997,1,VSM.FinalizePages,2304,1
109,12200,3777.3581913999997,1,VSM.DynamicRaster,32256,1
109,12200,3777.3581913999997,1,VSM.UnityCompatibilityRaster,0,0
109,12200,3777.3581913999997,1,VSM.Resolve,12204032,1
109,12200,3777.3581913999997,1,VSM.ResolveTrace,11981312,1
109,12200,3777.3581913999997,1,VSM.FilterHorizontal,66048,1
109,12200,3777.3581913999997,1,VSM.FilterVertical,0,0
109,12200,3777.3581913999997,1,VSM.FilterTemporalVertical,155392,1
110,12201,3777.3797952,1,VSM.LayoutRemap,0,1
110,12201,3777.3797952,1,VSM.ResetFeedback,0,1
110,12201,3777.3797952,1,VSM.MarkReceiverPages,626688,1
110,12201,3777.3797952,1,VSM.Allocate,226048,1
110,12201,3777.3797952,1,VSM.InvalidateStatic,0,0
110,12201,3777.3797952,1,VSM.ClearPhysicalPages,90624,1
110,12201,3777.3797952,1,VSM.StaticCasterCull,67584,1
110,12201,3777.3797952,1,VSM.DynamicCasterCull,43520,1
110,12201,3777.3797952,1,VSM.PageCull,77824,2
110,12201,3777.3797952,1,VSM.StaticRaster,7168,1
110,12201,3777.3797952,1,VSM.FinalizePages,2048,1
110,12201,3777.3797952,1,VSM.DynamicRaster,33024,1
110,12201,3777.3797952,1,VSM.UnityCompatibilityRaster,0,0
110,12201,3777.3797952,1,VSM.Resolve,11521536,1
110,12201,3777.3797952,1,VSM.ResolveTrace,11109376,1
110,12201,3777.3797952,1,VSM.FilterHorizontal,256512,1
110,12201,3777.3797952,1,VSM.FilterVertical,0,0
110,12201,3777.3797952,1,VSM.FilterTemporalVertical,154624,1
111,12202,3777.4018824,1,VSM.LayoutRemap,0,1
111,12202,3777.4018824,1,VSM.ResetFeedback,0,1
111,12202,3777.4018824,1,VSM.MarkReceiverPages,627968,1
111,12202,3777.4018824,1,VSM.Allocate,264448,1
111,12202,3777.4018824,1,VSM.InvalidateStatic,0,0
111,12202,3777.4018824,1,VSM.ClearPhysicalPages,437504,1
111,12202,3777.4018824,1,VSM.StaticCasterCull,71680,1
111,12202,3777.4018824,1,VSM.DynamicCasterCull,43520,1
111,12202,3777.4018824,1,VSM.PageCull,77568,2
111,12202,3777.4018824,1,VSM.StaticRaster,23040,1
111,12202,3777.4018824,1,VSM.FinalizePages,2560,1
111,12202,3777.4018824,1,VSM.DynamicRaster,32000,1
111,12202,3777.4018824,1,VSM.UnityCompatibilityRaster,0,0
111,12202,3777.4018824,1,VSM.Resolve,12587264,1
111,12202,3777.4018824,1,VSM.ResolveTrace,12365056,1
111,12202,3777.4018824,1,VSM.FilterHorizontal,66304,1
111,12202,3777.4018824,1,VSM.FilterVertical,0,0
111,12202,3777.4018824,1,VSM.FilterTemporalVertical,155136,1
112,12203,3777.4228582,1,VSM.LayoutRemap,0,1
112,12203,3777.4228582,1,VSM.ResetFeedback,0,1
112,12203,3777.4228582,1,VSM.MarkReceiverPages,630784,1
112,12203,3777.4228582,1,VSM.Allocate,259840,1
112,12203,3777.4228582,1,VSM.InvalidateStatic,0,0
112,12203,3777.4228582,1,VSM.ClearPhysicalPages,440064,1
112,12203,3777.4228582,1,VSM.StaticCasterCull,71936,1
112,12203,3777.4228582,1,VSM.DynamicCasterCull,314624,1
112,12203,3777.4228582,1,VSM.PageCull,75776,2
112,12203,3777.4228582,1,VSM.StaticRaster,33024,1
112,12203,3777.4228582,1,VSM.FinalizePages,2560,1
112,12203,3777.4228582,1,VSM.DynamicRaster,37120,1
112,12203,3777.4228582,1,VSM.UnityCompatibilityRaster,0,0
112,12203,3777.4228582,1,VSM.Resolve,11763456,1
112,12203,3777.4228582,1,VSM.ResolveTrace,11541760,1
112,12203,3777.4228582,1,VSM.FilterHorizontal,65280,1
112,12203,3777.4228582,1,VSM.FilterVertical,0,0
112,12203,3777.4228582,1,VSM.FilterTemporalVertical,155648,1
113,12204,3777.4439433,1,VSM.LayoutRemap,0,1
113,12204,3777.4439433,1,VSM.ResetFeedback,0,1
113,12204,3777.4439433,1,VSM.MarkReceiverPages,626176,1
113,12204,3777.4439433,1,VSM.Allocate,226048,1
113,12204,3777.4439433,1,VSM.InvalidateStatic,0,0
113,12204,3777.4439433,1,VSM.ClearPhysicalPages,388608,1
113,12204,3777.4439433,1,VSM.StaticCasterCull,67840,1
113,12204,3777.4439433,1,VSM.DynamicCasterCull,43008,1
113,12204,3777.4439433,1,VSM.PageCull,75776,2
113,12204,3777.4439433,1,VSM.StaticRaster,3328,1
113,12204,3777.4439433,1,VSM.FinalizePages,2304,1
113,12204,3777.4439433,1,VSM.DynamicRaster,33280,1
113,12204,3777.4439433,1,VSM.UnityCompatibilityRaster,0,0
113,12204,3777.4439433,1,VSM.Resolve,12636160,1
113,12204,3777.4439433,1,VSM.ResolveTrace,12411904,1
113,12204,3777.4439433,1,VSM.FilterHorizontal,67328,1
113,12204,3777.4439433,1,VSM.FilterVertical,0,0
113,12204,3777.4439433,1,VSM.FilterTemporalVertical,156160,1
114,12205,3777.4641966,1,VSM.LayoutRemap,0,1
114,12205,3777.4641966,1,VSM.ResetFeedback,0,1
114,12205,3777.4641966,1,VSM.MarkReceiverPages,626432,1
114,12205,3777.4641966,1,VSM.Allocate,224256,1
114,12205,3777.4641966,1,VSM.InvalidateStatic,0,0
114,12205,3777.4641966,1,VSM.ClearPhysicalPages,776960,1
114,12205,3777.4641966,1,VSM.StaticCasterCull,72704,1
114,12205,3777.4641966,1,VSM.DynamicCasterCull,43008,1
114,12205,3777.4641966,1,VSM.PageCull,77312,2
114,12205,3777.4641966,1,VSM.StaticRaster,7168,1
114,12205,3777.4641966,1,VSM.FinalizePages,2304,1
114,12205,3777.4641966,1,VSM.DynamicRaster,34048,1
114,12205,3777.4641966,1,VSM.UnityCompatibilityRaster,0,0
114,12205,3777.4641966,1,VSM.Resolve,10916352,1
114,12205,3777.4641966,1,VSM.ResolveTrace,10695424,1
114,12205,3777.4641966,1,VSM.FilterHorizontal,65536,1
114,12205,3777.4641966,1,VSM.FilterVertical,0,0
114,12205,3777.4641966,1,VSM.FilterTemporalVertical,154624,1
115,12206,3777.4851017,1,VSM.LayoutRemap,0,1
115,12206,3777.4851017,1,VSM.ResetFeedback,0,1
115,12206,3777.4851017,1,VSM.MarkReceiverPages,626176,1
115,12206,3777.4851017,1,VSM.Allocate,225792,1
115,12206,3777.4851017,1,VSM.InvalidateStatic,0,0
115,12206,3777.4851017,1,VSM.ClearPhysicalPages,274688,1
115,12206,3777.4851017,1,VSM.StaticCasterCull,73984,1
115,12206,3777.4851017,1,VSM.DynamicCasterCull,43776,1
115,12206,3777.4851017,1,VSM.PageCull,79616,2
115,12206,3777.4851017,1,VSM.StaticRaster,7168,1
115,12206,3777.4851017,1,VSM.FinalizePages,2048,1
115,12206,3777.4851017,1,VSM.DynamicRaster,34304,1
115,12206,3777.4851017,1,VSM.UnityCompatibilityRaster,0,0
115,12206,3777.4851017,1,VSM.Resolve,11582976,1
115,12206,3777.4851017,1,VSM.ResolveTrace,11362560,1
115,12206,3777.4851017,1,VSM.FilterHorizontal,65024,1
115,12206,3777.4851017,1,VSM.FilterVertical,0,0
115,12206,3777.4851017,1,VSM.FilterTemporalVertical,154112,1
116,12207,3777.5062196999997,1,VSM.LayoutRemap,0,1
116,12207,3777.5062196999997,1,VSM.ResetFeedback,0,1
116,12207,3777.5062196999997,1,VSM.MarkReceiverPages,620288,1
116,12207,3777.5062196999997,1,VSM.Allocate,223232,1
116,12207,3777.5062196999997,1,VSM.InvalidateStatic,0,0
116,12207,3777.5062196999997,1,VSM.ClearPhysicalPages,89856,1
116,12207,3777.5062196999997,1,VSM.StaticCasterCull,68352,1
116,12207,3777.5062196999997,1,VSM.DynamicCasterCull,43776,1
116,12207,3777.5062196999997,1,VSM.PageCull,79616,2
116,12207,3777.5062196999997,1,VSM.StaticRaster,7424,1
116,12207,3777.5062196999997,1,VSM.FinalizePages,2048,1
116,12207,3777.5062196999997,1,VSM.DynamicRaster,34816,1
116,12207,3777.5062196999997,1,VSM.UnityCompatibilityRaster,0,0
116,12207,3777.5062196999997,1,VSM.Resolve,11950080,1
116,12207,3777.5062196999997,1,VSM.ResolveTrace,11728384,1
116,12207,3777.5062196999997,1,VSM.FilterHorizontal,66048,1
116,12207,3777.5062196999997,1,VSM.FilterVertical,0,0
116,12207,3777.5062196999997,1,VSM.FilterTemporalVertical,154368,1
117,12208,3777.5279309,1,VSM.LayoutRemap,0,1
117,12208,3777.5279309,1,VSM.ResetFeedback,0,1
117,12208,3777.5279309,1,VSM.MarkReceiverPages,624896,1
117,12208,3777.5279309,1,VSM.Allocate,262144,1
117,12208,3777.5279309,1,VSM.InvalidateStatic,0,0
117,12208,3777.5279309,1,VSM.ClearPhysicalPages,90112,1
117,12208,3777.5279309,1,VSM.StaticCasterCull,64768,1
117,12208,3777.5279309,1,VSM.DynamicCasterCull,45824,1
117,12208,3777.5279309,1,VSM.PageCull,78080,2
117,12208,3777.5279309,1,VSM.StaticRaster,43264,1
117,12208,3777.5279309,1,VSM.FinalizePages,2048,1
117,12208,3777.5279309,1,VSM.DynamicRaster,33024,1
117,12208,3777.5279309,1,VSM.UnityCompatibilityRaster,0,0
117,12208,3777.5279309,1,VSM.Resolve,10978816,1
117,12208,3777.5279309,1,VSM.ResolveTrace,10757120,1
117,12208,3777.5279309,1,VSM.FilterHorizontal,66560,1
117,12208,3777.5279309,1,VSM.FilterVertical,0,0
117,12208,3777.5279309,1,VSM.FilterTemporalVertical,154112,1
118,12209,3777.5484211,1,VSM.LayoutRemap,0,1
118,12209,3777.5484211,1,VSM.ResetFeedback,0,1
118,12209,3777.5484211,1,VSM.MarkReceiverPages,623872,1
118,12209,3777.5484211,1,VSM.Allocate,225536,1
118,12209,3777.5484211,1,VSM.InvalidateStatic,0,0
118,12209,3777.5484211,1,VSM.ClearPhysicalPages,386560,1
118,12209,3777.5484211,1,VSM.StaticCasterCull,71680,1
118,12209,3777.5484211,1,VSM.DynamicCasterCull,42240,1
118,12209,3777.5484211,1,VSM.PageCull,75264,2
118,12209,3777.5484211,1,VSM.StaticRaster,7424,1
118,12209,3777.5484211,1,VSM.FinalizePages,2304,1
118,12209,3777.5484211,1,VSM.DynamicRaster,35840,1
118,12209,3777.5484211,1,VSM.UnityCompatibilityRaster,0,0
118,12209,3777.5484211,1,VSM.Resolve,12058624,1
118,12209,3777.5484211,1,VSM.ResolveTrace,11645952,1
118,12209,3777.5484211,1,VSM.FilterHorizontal,256256,1
118,12209,3777.5484211,1,VSM.FilterVertical,0,0
118,12209,3777.5484211,1,VSM.FilterTemporalVertical,155392,1
119,12210,3777.5697706,1,VSM.LayoutRemap,0,1
119,12210,3777.5697706,1,VSM.ResetFeedback,0,1
119,12210,3777.5697706,1,VSM.MarkReceiverPages,619008,1
119,12210,3777.5697706,1,VSM.Allocate,224768,1
119,12210,3777.5697706,1,VSM.InvalidateStatic,0,0
119,12210,3777.5697706,1,VSM.ClearPhysicalPages,89600,1
119,12210,3777.5697706,1,VSM.StaticCasterCull,68608,1
119,12210,3777.5697706,1,VSM.DynamicCasterCull,42752,1
119,12210,3777.5697706,1,VSM.PageCull,79872,2
119,12210,3777.5697706,1,VSM.StaticRaster,3328,1
119,12210,3777.5697706,1,VSM.FinalizePages,2048,1
119,12210,3777.5697706,1,VSM.DynamicRaster,34816,1
119,12210,3777.5697706,1,VSM.UnityCompatibilityRaster,0,0
119,12210,3777.5697706,1,VSM.Resolve,12865536,1
119,12210,3777.5697706,1,VSM.ResolveTrace,12642816,1
119,12210,3777.5697706,1,VSM.FilterHorizontal,66048,1
119,12210,3777.5697706,1,VSM.FilterVertical,0,0
119,12210,3777.5697706,1,VSM.FilterTemporalVertical,155392,1
120,12211,3777.5906759,1,VSM.LayoutRemap,0,1
120,12211,3777.5906759,1,VSM.ResetFeedback,0,1
120,12211,3777.5906759,1,VSM.MarkReceiverPages,616960,1
120,12211,3777.5906759,1,VSM.Allocate,222976,1
120,12211,3777.5906759,1,VSM.InvalidateStatic,0,0
120,12211,3777.5906759,1,VSM.ClearPhysicalPages,285696,1
120,12211,3777.5906759,1,VSM.StaticCasterCull,71424,1
120,12211,3777.5906759,1,VSM.DynamicCasterCull,198912,1
120,12211,3777.5906759,1,VSM.PageCull,77568,2
120,12211,3777.5906759,1,VSM.StaticRaster,4864,1
120,12211,3777.5906759,1,VSM.FinalizePages,1792,1
120,12211,3777.5906759,1,VSM.DynamicRaster,34304,1
120,12211,3777.5906759,1,VSM.UnityCompatibilityRaster,0,0
120,12211,3777.5906759,1,VSM.Resolve,11483392,1
120,12211,3777.5906759,1,VSM.ResolveTrace,11258368,1
120,12211,3777.5906759,1,VSM.FilterHorizontal,65536,1
120,12211,3777.5906759,1,VSM.FilterVertical,0,0
120,12211,3777.5906759,1,VSM.FilterTemporalVertical,157952,1
121,12212,3777.6117271999997,1,VSM.LayoutRemap,0,1
121,12212,3777.6117271999997,1,VSM.ResetFeedback,0,1
121,12212,3777.6117271999997,1,VSM.MarkReceiverPages,617216,1
121,12212,3777.6117271999997,1,VSM.Allocate,258560,1
121,12212,3777.6117271999997,1,VSM.InvalidateStatic,0,0
121,12212,3777.6117271999997,1,VSM.ClearPhysicalPages,239616,1
121,12212,3777.6117271999997,1,VSM.StaticCasterCull,67328,1
121,12212,3777.6117271999997,1,VSM.DynamicCasterCull,45056,1
121,12212,3777.6117271999997,1,VSM.PageCull,78848,2
121,12212,3777.6117271999997,1,VSM.StaticRaster,29440,1
121,12212,3777.6117271999997,1,VSM.FinalizePages,2048,1
121,12212,3777.6117271999997,1,VSM.DynamicRaster,32768,1
121,12212,3777.6117271999997,1,VSM.UnityCompatibilityRaster,0,0
121,12212,3777.6117271999997,1,VSM.Resolve,12392448,1
121,12212,3777.6117271999997,1,VSM.ResolveTrace,12168704,1
121,12212,3777.6117271999997,1,VSM.FilterHorizontal,66560,1
121,12212,3777.6117271999997,1,VSM.FilterVertical,0,0
121,12212,3777.6117271999997,1,VSM.FilterTemporalVertical,156416,1
122,12213,3777.6334056,1,VSM.LayoutRemap,0,1
122,12213,3777.6334056,1,VSM.ResetFeedback,0,1
122,12213,3777.6334056,1,VSM.MarkReceiverPages,616448,1
122,12213,3777.6334056,1,VSM.Allocate,222976,1
122,12213,3777.6334056,1,VSM.InvalidateStatic,0,0
122,12213,3777.6334056,1,VSM.ClearPhysicalPages,507904,1
122,12213,3777.6334056,1,VSM.StaticCasterCull,68352,1
122,12213,3777.6334056,1,VSM.DynamicCasterCull,42496,1
122,12213,3777.6334056,1,VSM.PageCull,76032,2
122,12213,3777.6334056,1,VSM.StaticRaster,7168,1
122,12213,3777.6334056,1,VSM.FinalizePages,2304,1
122,12213,3777.6334056,1,VSM.DynamicRaster,36352,1
122,12213,3777.6334056,1,VSM.UnityCompatibilityRaster,0,0
122,12213,3777.6334056,1,VSM.Resolve,11492864,1
122,12213,3777.6334056,1,VSM.ResolveTrace,11270656,1
122,12213,3777.6334056,1,VSM.FilterHorizontal,66048,1
122,12213,3777.6334056,1,VSM.FilterVertical,0,0
122,12213,3777.6334056,1,VSM.FilterTemporalVertical,155136,1
123,12214,3777.6540504,1,VSM.LayoutRemap,0,1
123,12214,3777.6540504,1,VSM.ResetFeedback,0,1
123,12214,3777.6540504,1,VSM.MarkReceiverPages,614400,1
123,12214,3777.6540504,1,VSM.Allocate,260096,1
123,12214,3777.6540504,1,VSM.InvalidateStatic,0,0
123,12214,3777.6540504,1,VSM.ClearPhysicalPages,394496,1
123,12214,3777.6540504,1,VSM.StaticCasterCull,65024,1
123,12214,3777.6540504,1,VSM.DynamicCasterCull,41984,1
123,12214,3777.6540504,1,VSM.PageCull,73728,2
123,12214,3777.6540504,1,VSM.StaticRaster,30976,1
123,12214,3777.6540504,1,VSM.FinalizePages,255488,1
123,12214,3777.6540504,1,VSM.DynamicRaster,33024,1
123,12214,3777.6540504,1,VSM.UnityCompatibilityRaster,0,0
123,12214,3777.6540504,1,VSM.Resolve,11756544,1
123,12214,3777.6540504,1,VSM.ResolveTrace,11532544,1
123,12214,3777.6540504,1,VSM.FilterHorizontal,67072,1
123,12214,3777.6540504,1,VSM.FilterVertical,0,0
123,12214,3777.6540504,1,VSM.FilterTemporalVertical,155904,1
124,12215,3777.6741158,1,VSM.LayoutRemap,0,1
124,12215,3777.6741158,1,VSM.ResetFeedback,0,1
124,12215,3777.6741158,1,VSM.MarkReceiverPages,614400,1
124,12215,3777.6741158,1,VSM.Allocate,221952,1
124,12215,3777.6741158,1,VSM.InvalidateStatic,0,0
124,12215,3777.6741158,1,VSM.ClearPhysicalPages,89344,1
124,12215,3777.6741158,1,VSM.StaticCasterCull,66560,1
124,12215,3777.6741158,1,VSM.DynamicCasterCull,42240,1
124,12215,3777.6741158,1,VSM.PageCull,75776,2
124,12215,3777.6741158,1,VSM.StaticRaster,10240,1
124,12215,3777.6741158,1,VSM.FinalizePages,2048,1
124,12215,3777.6741158,1,VSM.DynamicRaster,33792,1
124,12215,3777.6741158,1,VSM.UnityCompatibilityRaster,0,0
124,12215,3777.6741158,1,VSM.Resolve,12785152,1
124,12215,3777.6741158,1,VSM.ResolveTrace,12558592,1
124,12215,3777.6741158,1,VSM.FilterHorizontal,67584,1
124,12215,3777.6741158,1,VSM.FilterVertical,0,0
124,12215,3777.6741158,1,VSM.FilterTemporalVertical,157952,1
125,12216,3777.6946368999998,1,VSM.LayoutRemap,0,1
125,12216,3777.6946368999998,1,VSM.ResetFeedback,0,1
125,12216,3777.6946368999998,1,VSM.MarkReceiverPages,826368,1
125,12216,3777.6946368999998,1,VSM.Allocate,224000,1
125,12216,3777.6946368999998,1,VSM.InvalidateStatic,0,0
125,12216,3777.6946368999998,1,VSM.ClearPhysicalPages,90368,1
125,12216,3777.6946368999998,1,VSM.StaticCasterCull,69376,1
125,12216,3777.6946368999998,1,VSM.DynamicCasterCull,43776,1
125,12216,3777.6946368999998,1,VSM.PageCull,80128,2
125,12216,3777.6946368999998,1,VSM.StaticRaster,6912,1
125,12216,3777.6946368999998,1,VSM.FinalizePages,2048,1
125,12216,3777.6946368999998,1,VSM.DynamicRaster,33536,1
125,12216,3777.6946368999998,1,VSM.UnityCompatibilityRaster,0,0
125,12216,3777.6946368999998,1,VSM.Resolve,11457024,1
125,12216,3777.6946368999998,1,VSM.ResolveTrace,11059712,1
125,12216,3777.6946368999998,1,VSM.FilterHorizontal,65536,1
125,12216,3777.6946368999998,1,VSM.FilterVertical,0,0
125,12216,3777.6946368999998,1,VSM.FilterTemporalVertical,155392,1
126,12217,3777.7150337999997,1,VSM.LayoutRemap,0,1
126,12217,3777.7150337999997,1,VSM.ResetFeedback,0,1
126,12217,3777.7150337999997,1,VSM.MarkReceiverPages,615168,1
126,12217,3777.7150337999997,1,VSM.Allocate,223488,1
126,12217,3777.7150337999997,1,VSM.InvalidateStatic,0,0
126,12217,3777.7150337999997,1,VSM.ClearPhysicalPages,89600,1
126,12217,3777.7150337999997,1,VSM.StaticCasterCull,68096,1
126,12217,3777.7150337999997,1,VSM.DynamicCasterCull,43264,1
126,12217,3777.7150337999997,1,VSM.PageCull,78336,2
126,12217,3777.7150337999997,1,VSM.StaticRaster,10752,1
126,12217,3777.7150337999997,1,VSM.FinalizePages,2304,1
126,12217,3777.7150337999997,1,VSM.DynamicRaster,34304,1
126,12217,3777.7150337999997,1,VSM.UnityCompatibilityRaster,0,0
126,12217,3777.7150337999997,1,VSM.Resolve,10882048,1
126,12217,3777.7150337999997,1,VSM.ResolveTrace,10469120,1
126,12217,3777.7150337999997,1,VSM.FilterHorizontal,64512,1
126,12217,3777.7150337999997,1,VSM.FilterVertical,0,0
126,12217,3777.7150337999997,1,VSM.FilterTemporalVertical,154112,1
127,12218,3777.7349764,1,VSM.LayoutRemap,0,1
127,12218,3777.7349764,1,VSM.ResetFeedback,0,1
127,12218,3777.7349764,1,VSM.MarkReceiverPages,618240,1
127,12218,3777.7349764,1,VSM.Allocate,223744,1
127,12218,3777.7349764,1,VSM.InvalidateStatic,0,0
127,12218,3777.7349764,1,VSM.ClearPhysicalPages,435712,1
127,12218,3777.7349764,1,VSM.StaticCasterCull,71168,1
127,12218,3777.7349764,1,VSM.DynamicCasterCull,41984,1
127,12218,3777.7349764,1,VSM.PageCull,76032,2
127,12218,3777.7349764,1,VSM.StaticRaster,6912,1
127,12218,3777.7349764,1,VSM.FinalizePages,2560,1
127,12218,3777.7349764,1,VSM.DynamicRaster,37376,1
127,12218,3777.7349764,1,VSM.UnityCompatibilityRaster,0,0
127,12218,3777.7349764,1,VSM.Resolve,11787008,1
127,12218,3777.7349764,1,VSM.ResolveTrace,11560448,1
127,12218,3777.7349764,1,VSM.FilterHorizontal,67328,1
127,12218,3777.7349764,1,VSM.FilterVertical,0,0
127,12218,3777.7349764,1,VSM.FilterTemporalVertical,158208,1
