observation,camera_frame_observed,editor_time_observed,vsm_active_observed,marker,gpu_ns,gpu_sample_count
0,13442,3810.8331543,1,VSM.LayoutRemap,0,1
0,13442,3810.8331543,1,VSM.ResetFeedback,0,1
0,13442,3810.8331543,1,VSM.MarkReceiverPages,649728,1
0,13442,3810.8331543,1,VSM.Allocate,229888,1
0,13442,3810.8331543,1,VSM.InvalidateStatic,0,0
0,13442,3810.8331543,1,VSM.ClearPhysicalPages,89856,1
0,13442,3810.8331543,1,VSM.StaticCasterCull,60672,1
0,13442,3810.8331543,1,VSM.DynamicCasterCull,34048,1
0,13442,3810.8331543,1,VSM.PageCull,62464,2
0,13442,3810.8331543,1,VSM.StaticRaster,7424,1
0,13442,3810.8331543,1,VSM.FinalizePages,2048,1
0,13442,3810.8331543,1,VSM.DynamicRaster,62464,1
0,13442,3810.8331543,1,VSM.UnityCompatibilityRaster,0,0
0,13442,3810.8331543,1,VSM.Resolve,10502144,1
0,13442,3810.8331543,1,VSM.ResolveTrace,10280192,1
0,13442,3810.8331543,1,VSM.FilterHorizontal,64512,1
0,13442,3810.8331543,1,VSM.FilterVertical,0,0
0,13442,3810.8331543,1,VSM.FilterTemporalVertical,156672,1
1,13443,3810.8545817,1,VSM.LayoutRemap,0,1
1,13443,3810.8545817,1,VSM.ResetFeedback,0,1
1,13443,3810.8545817,1,VSM.MarkReceiverPages,644608,1
1,13443,3810.8545817,1,VSM.Allocate,231424,1
1,13443,3810.8545817,1,VSM.InvalidateStatic,0,0
1,13443,3810.8545817,1,VSM.ClearPhysicalPages,461056,1
1,13443,3810.8545817,1,VSM.StaticCasterCull,72192,1
1,13443,3810.8545817,1,VSM.DynamicCasterCull,34560,1
1,13443,3810.8545817,1,VSM.PageCull,67840,2
1,13443,3810.8545817,1,VSM.StaticRaster,6912,1
1,13443,3810.8545817,1,VSM.FinalizePages,2304,1
1,13443,3810.8545817,1,VSM.DynamicRaster,61696,1
1,13443,3810.8545817,1,VSM.UnityCompatibilityRaster,0,0
1,13443,3810.8545817,1,VSM.Resolve,10670592,1
1,13443,3810.8545817,1,VSM.ResolveTrace,10445056,1
1,13443,3810.8545817,1,VSM.FilterHorizontal,66816,1
1,13443,3810.8545817,1,VSM.FilterVertical,0,0
1,13443,3810.8545817,1,VSM.FilterTemporalVertical,157696,1
2,13444,3810.8771449,1,VSM.LayoutRemap,0,1
2,13444,3810.8771449,1,VSM.ResetFeedback,0,1
2,13444,3810.8771449,1,VSM.MarkReceiverPages,643328,1
2,13444,3810.8771449,1,VSM.Allocate,232192,1
2,13444,3810.8771449,1,VSM.InvalidateStatic,0,0
2,13444,3810.8771449,1,VSM.ClearPhysicalPages,89856,1
2,13444,3810.8771449,1,VSM.StaticCasterCull,67072,1
2,13444,3810.8771449,1,VSM.DynamicCasterCull,33792,1
2,13444,3810.8771449,1,VSM.PageCull,67840,2
2,13444,3810.8771449,1,VSM.StaticRaster,3072,1
2,13444,3810.8771449,1,VSM.FinalizePages,2304,1
2,13444,3810.8771449,1,VSM.DynamicRaster,62464,1
2,13444,3810.8771449,1,VSM.UnityCompatibilityRaster,0,0
2,13444,3810.8771449,1,VSM.Resolve,9839872,1
2,13444,3810.8771449,1,VSM.ResolveTrace,9442816,1
2,13444,3810.8771449,1,VSM.FilterHorizontal,64256,1
2,13444,3810.8771449,1,VSM.FilterVertical,0,0
2,13444,3810.8771449,1,VSM.FilterTemporalVertical,156928,1
3,13445,3810.9040225,1,VSM.LayoutRemap,0,1
3,13445,3810.9040225,1,VSM.ResetFeedback,0,1
3,13445,3810.9040225,1,VSM.MarkReceiverPages,644864,1
3,13445,3810.9040225,1,VSM.Allocate,231424,1
3,13445,3810.9040225,1,VSM.InvalidateStatic,0,0
3,13445,3810.9040225,1,VSM.ClearPhysicalPages,279040,1
3,13445,3810.9040225,1,VSM.StaticCasterCull,71424,1
3,13445,3810.9040225,1,VSM.DynamicCasterCull,35328,1
3,13445,3810.9040225,1,VSM.PageCull,68096,2
3,13445,3810.9040225,1,VSM.StaticRaster,7168,1
3,13445,3810.9040225,1,VSM.FinalizePages,2048,1
3,13445,3810.9040225,1,VSM.DynamicRaster,62208,1
3,13445,3810.9040225,1,VSM.UnityCompatibilityRaster,0,0
3,13445,3810.9040225,1,VSM.Resolve,9586688,1
3,13445,3810.9040225,1,VSM.ResolveTrace,9361920,1
3,13445,3810.9040225,1,VSM.FilterHorizontal,65280,1
3,13445,3810.9040225,1,VSM.FilterVertical,0,0
3,13445,3810.9040225,1,VSM.FilterTemporalVertical,157440,1
4,13446,3810.9261039999997,1,VSM.LayoutRemap,0,1
4,13446,3810.9261039999997,1,VSM.ResetFeedback,0,1
4,13446,3810.9261039999997,1,VSM.MarkReceiverPages,646912,1
4,13446,3810.9261039999997,1,VSM.Allocate,232448,1
4,13446,3810.9261039999997,1,VSM.InvalidateStatic,0,0
4,13446,3810.9261039999997,1,VSM.ClearPhysicalPages,89856,1
4,13446,3810.9261039999997,1,VSM.StaticCasterCull,67072,1
4,13446,3810.9261039999997,1,VSM.DynamicCasterCull,35328,1
4,13446,3810.9261039999997,1,VSM.PageCull,69888,2
4,13446,3810.9261039999997,1,VSM.StaticRaster,7680,1
4,13446,3810.9261039999997,1,VSM.FinalizePages,2048,1
4,13446,3810.9261039999997,1,VSM.DynamicRaster,62464,1
4,13446,3810.9261039999997,1,VSM.UnityCompatibilityRaster,0,0
4,13446,3810.9261039999997,1,VSM.Resolve,10253056,1
4,13446,3810.9261039999997,1,VSM.ResolveTrace,10024960,1
4,13446,3810.9261039999997,1,VSM.FilterHorizontal,68096,1
4,13446,3810.9261039999997,1,VSM.FilterVertical,0,0
4,13446,3810.9261039999997,1,VSM.FilterTemporalVertical,158720,1
5,13447,3810.9497552,1,VSM.LayoutRemap,0,1
5,13447,3810.9497552,1,VSM.ResetFeedback,0,1
5,13447,3810.9497552,1,VSM.MarkReceiverPages,647424,1
5,13447,3810.9497552,1,VSM.Allocate,229376,1
5,13447,3810.9497552,1,VSM.InvalidateStatic,0,0
5,13447,3810.9497552,1,VSM.ClearPhysicalPages,89856,1
5,13447,3810.9497552,1,VSM.StaticCasterCull,60672,1
5,13447,3810.9497552,1,VSM.DynamicCasterCull,34048,1
5,13447,3810.9497552,1,VSM.PageCull,61952,2
5,13447,3810.9497552,1,VSM.StaticRaster,6912,1
5,13447,3810.9497552,1,VSM.FinalizePages,2048,1
5,13447,3810.9497552,1,VSM.DynamicRaster,63488,1
5,13447,3810.9497552,1,VSM.UnityCompatibilityRaster,0,0
5,13447,3810.9497552,1,VSM.Resolve,12786432,1
5,13447,3810.9497552,1,VSM.ResolveTrace,12392960,1
5,13447,3810.9497552,1,VSM.FilterHorizontal,67840,1
5,13447,3810.9497552,1,VSM.FilterVertical,0,0
5,13447,3810.9497552,1,VSM.FilterTemporalVertical,324352,1
6,13448,3810.9723311,1,VSM.LayoutRemap,0,1
6,13448,3810.9723311,1,VSM.ResetFeedback,0,1
6,13448,3810.9723311,1,VSM.MarkReceiverPages,644096,1
6,13448,3810.9723311,1,VSM.Allocate,231168,1
6,13448,3810.9723311,1,VSM.InvalidateStatic,0,0
6,13448,3810.9723311,1,VSM.ClearPhysicalPages,89600,1
6,13448,3810.9723311,1,VSM.StaticCasterCull,68352,1
6,13448,3810.9723311,1,VSM.DynamicCasterCull,33792,1
6,13448,3810.9723311,1,VSM.PageCull,68864,2
6,13448,3810.9723311,1,VSM.StaticRaster,7680,1
6,13448,3810.9723311,1,VSM.FinalizePages,2048,1
6,13448,3810.9723311,1,VSM.DynamicRaster,62464,1
6,13448,3810.9723311,1,VSM.UnityCompatibilityRaster,0,0
6,13448,3810.9723311,1,VSM.Resolve,10087424,1
6,13448,3810.9723311,1,VSM.ResolveTrace,9675008,1
6,13448,3810.9723311,1,VSM.FilterHorizontal,67584,1
6,13448,3810.9723311,1,VSM.FilterVertical,0,0
6,13448,3810.9723311,1,VSM.FilterTemporalVertical,344064,1
7,13449,3810.9964892,1,VSM.LayoutRemap,0,1
7,13449,3810.9964892,1,VSM.ResetFeedback,0,1
7,13449,3810.9964892,1,VSM.MarkReceiverPages,643840,1
7,13449,3810.9964892,1,VSM.Allocate,233728,1
7,13449,3810.9964892,1,VSM.InvalidateStatic,0,0
7,13449,3810.9964892,1,VSM.ClearPhysicalPages,89856,1
7,13449,3810.9964892,1,VSM.StaticCasterCull,66560,1
7,13449,3810.9964892,1,VSM.DynamicCasterCull,36352,1
7,13449,3810.9964892,1,VSM.PageCull,69632,2
7,13449,3810.9964892,1,VSM.StaticRaster,7680,1
7,13449,3810.9964892,1,VSM.FinalizePages,2048,1
7,13449,3810.9964892,1,VSM.DynamicRaster,61952,1
7,13449,3810.9964892,1,VSM.UnityCompatibilityRaster,0,0
7,13449,3810.9964892,1,VSM.Resolve,9906688,1
7,13449,3810.9964892,1,VSM.ResolveTrace,9683200,1
7,13449,3810.9964892,1,VSM.FilterHorizontal,65280,1
7,13449,3810.9964892,1,VSM.FilterVertical,0,0
7,13449,3810.9964892,1,VSM.FilterTemporalVertical,156672,1
8,13450,3811.0187938,1,VSM.LayoutRemap,0,1
8,13450,3811.0187938,1,VSM.ResetFeedback,0,1
8,13450,3811.0187938,1,VSM.MarkReceiverPages,646912,1
8,13450,3811.0187938,1,VSM.Allocate,232448,1
8,13450,3811.0187938,1,VSM.InvalidateStatic,0,0
8,13450,3811.0187938,1,VSM.ClearPhysicalPages,89088,1
8,13450,3811.0187938,1,VSM.StaticCasterCull,68096,1
8,13450,3811.0187938,1,VSM.DynamicCasterCull,34560,1
8,13450,3811.0187938,1,VSM.PageCull,69632,2
8,13450,3811.0187938,1,VSM.StaticRaster,7168,1
8,13450,3811.0187938,1,VSM.FinalizePages,2048,1
8,13450,3811.0187938,1,VSM.DynamicRaster,44544,1
8,13450,3811.0187938,1,VSM.UnityCompatibilityRaster,0,0
8,13450,3811.0187938,1,VSM.Resolve,11152384,1
8,13450,3811.0187938,1,VSM.ResolveTrace,10580224,1
8,13450,3811.0187938,1,VSM.FilterHorizontal,68096,1
8,13450,3811.0187938,1,VSM.FilterVertical,0,0
8,13450,3811.0187938,1,VSM.FilterTemporalVertical,157952,1
9,13451,3811.0415686,1,VSM.LayoutRemap,0,1
9,13451,3811.0415686,1,VSM.ResetFeedback,0,1
9,13451,3811.0415686,1,VSM.MarkReceiverPages,646912,1
9,13451,3811.0415686,1,VSM.Allocate,233472,1
9,13451,3811.0415686,1,VSM.InvalidateStatic,0,0
9,13451,3811.0415686,1,VSM.ClearPhysicalPages,89856,1
9,13451,3811.0415686,1,VSM.StaticCasterCull,68608,1
9,13451,3811.0415686,1,VSM.DynamicCasterCull,35840,1
9,13451,3811.0415686,1,VSM.PageCull,71168,2
9,13451,3811.0415686,1,VSM.StaticRaster,3328,1
9,13451,3811.0415686,1,VSM.FinalizePages,2048,1
9,13451,3811.0415686,1,VSM.DynamicRaster,44288,1
9,13451,3811.0415686,1,VSM.UnityCompatibilityRaster,0,0
9,13451,3811.0415686,1,VSM.Resolve,10904576,1
9,13451,3811.0415686,1,VSM.ResolveTrace,10489344,1
9,13451,3811.0415686,1,VSM.FilterHorizontal,66816,1
9,13451,3811.0415686,1,VSM.FilterVertical,0,0
9,13451,3811.0415686,1,VSM.FilterTemporalVertical,158464,1
10,13452,3811.0647808,1,VSM.LayoutRemap,0,1
10,13452,3811.0647808,1,VSM.ResetFeedback,0,1
10,13452,3811.0647808,1,VSM.MarkReceiverPages,651264,1
10,13452,3811.0647808,1,VSM.Allocate,229632,1
10,13452,3811.0647808,1,VSM.InvalidateStatic,0,0
10,13452,3811.0647808,1,VSM.ClearPhysicalPages,280576,1
10,13452,3811.0647808,1,VSM.StaticCasterCull,71936,1
10,13452,3811.0647808,1,VSM.DynamicCasterCull,34048,1
10,13452,3811.0647808,1,VSM.PageCull,67840,2
10,13452,3811.0647808,1,VSM.StaticRaster,6912,1
10,13452,3811.0647808,1,VSM.FinalizePages,2304,1
10,13452,3811.0647808,1,VSM.DynamicRaster,45056,1
10,13452,3811.0647808,1,VSM.UnityCompatibilityRaster,0,0
10,13452,3811.0647808,1,VSM.Resolve,9904640,1
10,13452,3811.0647808,1,VSM.ResolveTrace,9684224,1
10,13452,3811.0647808,1,VSM.FilterHorizontal,64512,1
10,13452,3811.0647808,1,VSM.FilterVertical,0,0
10,13452,3811.0647808,1,VSM.FilterTemporalVertical,154624,1
11,13453,3811.0873305,1,VSM.LayoutRemap,0,1
11,13453,3811.0873305,1,VSM.ResetFeedback,0,1
11,13453,3811.0873305,1,VSM.MarkReceiverPages,654080,1
11,13453,3811.0873305,1,VSM.Allocate,232192,1
11,13453,3811.0873305,1,VSM.InvalidateStatic,0,0
11,13453,3811.0873305,1,VSM.ClearPhysicalPages,89344,1
11,13453,3811.0873305,1,VSM.StaticCasterCull,67840,1
11,13453,3811.0873305,1,VSM.DynamicCasterCull,34816,1
11,13453,3811.0873305,1,VSM.PageCull,69632,2
11,13453,3811.0873305,1,VSM.StaticRaster,4608,1
11,13453,3811.0873305,1,VSM.FinalizePages,2304,1
11,13453,3811.0873305,1,VSM.DynamicRaster,44288,1
11,13453,3811.0873305,1,VSM.UnityCompatibilityRaster,0,0
11,13453,3811.0873305,1,VSM.Resolve,10345216,1
11,13453,3811.0873305,1,VSM.ResolveTrace,10122752,1
11,13453,3811.0873305,1,VSM.FilterHorizontal,65280,1
11,13453,3811.0873305,1,VSM.FilterVertical,0,0
11,13453,3811.0873305,1,VSM.FilterTemporalVertical,155904,1
12,13454,3811.1098815,1,VSM.LayoutRemap,0,1
12,13454,3811.1098815,1,VSM.ResetFeedback,0,1
12,13454,3811.1098815,1,VSM.MarkReceiverPages,649216,1
12,13454,3811.1098815,1,VSM.Allocate,266240,1
12,13454,3811.1098815,1,VSM.InvalidateStatic,0,0
12,13454,3811.1098815,1,VSM.ClearPhysicalPages,90368,1
12,13454,3811.1098815,1,VSM.StaticCasterCull,67840,1
12,13454,3811.1098815,1,VSM.DynamicCasterCull,36864,1
12,13454,3811.1098815,1,VSM.PageCull,72192,2
12,13454,3811.1098815,1,VSM.StaticRaster,35584,1
12,13454,3811.1098815,1,VSM.FinalizePages,2048,1
12,13454,3811.1098815,1,VSM.DynamicRaster,49152,1
12,13454,3811.1098815,1,VSM.UnityCompatibilityRaster,0,0
12,13454,3811.1098815,1,VSM.Resolve,9998592,1
12,13454,3811.1098815,1,VSM.ResolveTrace,9591296,1
12,13454,3811.1098815,1,VSM.FilterHorizontal,64512,1
12,13454,3811.1098815,1,VSM.FilterVertical,0,0
12,13454,3811.1098815,1,VSM.FilterTemporalVertical,341760,1
13,13455,3811.1332005,1,VSM.LayoutRemap,0,1
13,13455,3811.1332005,1,VSM.ResetFeedback,0,1
13,13455,3811.1332005,1,VSM.MarkReceiverPages,650496,1
13,13455,3811.1332005,1,VSM.Allocate,268800,1
13,13455,3811.1332005,1,VSM.InvalidateStatic,0,0
13,13455,3811.1332005,1,VSM.ClearPhysicalPages,90624,1
13,13455,3811.1332005,1,VSM.StaticCasterCull,64256,1
13,13455,3811.1332005,1,VSM.DynamicCasterCull,39168,1
13,13455,3811.1332005,1,VSM.PageCull,70400,2
13,13455,3811.1332005,1,VSM.StaticRaster,23808,1
13,13455,3811.1332005,1,VSM.FinalizePages,2048,1
13,13455,3811.1332005,1,VSM.DynamicRaster,60928,1
13,13455,3811.1332005,1,VSM.UnityCompatibilityRaster,0,0
13,13455,3811.1332005,1,VSM.Resolve,9601792,1
13,13455,3811.1332005,1,VSM.ResolveTrace,9198848,1
13,13455,3811.1332005,1,VSM.FilterHorizontal,65536,1
13,13455,3811.1332005,1,VSM.FilterVertical,0,0
13,13455,3811.1332005,1,VSM.FilterTemporalVertical,154624,1
14,13456,3811.1565926,1,VSM.LayoutRemap,0,1
14,13456,3811.1565926,1,VSM.ResetFeedback,0,1
14,13456,3811.1565926,1,VSM.MarkReceiverPages,648448,1
14,13456,3811.1565926,1,VSM.Allocate,231680,1
14,13456,3811.1565926,1,VSM.InvalidateStatic,0,0
14,13456,3811.1565926,1,VSM.ClearPhysicalPages,90112,1
14,13456,3811.1565926,1,VSM.StaticCasterCull,70400,1
14,13456,3811.1565926,1,VSM.DynamicCasterCull,35072,1
14,13456,3811.1565926,1,VSM.PageCull,72704,2
14,13456,3811.1565926,1,VSM.StaticRaster,3072,1
14,13456,3811.1565926,1,VSM.FinalizePages,2048,1
14,13456,3811.1565926,1,VSM.DynamicRaster,62464,1
14,13456,3811.1565926,1,VSM.UnityCompatibilityRaster,0,0
14,13456,3811.1565926,1,VSM.Resolve,10225408,1
14,13456,3811.1565926,1,VSM.ResolveTrace,10002944,1
14,13456,3811.1565926,1,VSM.FilterHorizontal,64256,1
14,13456,3811.1565926,1,VSM.FilterVertical,0,0
14,13456,3811.1565926,1,VSM.FilterTemporalVertical,156672,1
15,13457,3811.1806131999997,1,VSM.LayoutRemap,0,1
15,13457,3811.1806131999997,1,VSM.ResetFeedback,0,1
15,13457,3811.1806131999997,1,VSM.MarkReceiverPages,649984,1
15,13457,3811.1806131999997,1,VSM.Allocate,231168,1
15,13457,3811.1806131999997,1,VSM.InvalidateStatic,0,0
15,13457,3811.1806131999997,1,VSM.ClearPhysicalPages,90368,1
15,13457,3811.1806131999997,1,VSM.StaticCasterCull,69888,1
15,13457,3811.1806131999997,1,VSM.DynamicCasterCull,35584,1
15,13457,3811.1806131999997,1,VSM.PageCull,72448,2
15,13457,3811.1806131999997,1,VSM.StaticRaster,6912,1
15,13457,3811.1806131999997,1,VSM.FinalizePages,2048,1
15,13457,3811.1806131999997,1,VSM.DynamicRaster,270592,1
15,13457,3811.1806131999997,1,VSM.UnityCompatibilityRaster,0,0
15,13457,3811.1806131999997,1,VSM.Resolve,10318336,1
15,13457,3811.1806131999997,1,VSM.ResolveTrace,9902848,1
15,13457,3811.1806131999997,1,VSM.FilterHorizontal,64512,1
15,13457,3811.1806131999997,1,VSM.FilterVertical,0,0
15,13457,3811.1806131999997,1,VSM.FilterTemporalVertical,349696,1
16,13458,3811.2055219999997,1,VSM.LayoutRemap,0,1
16,13458,3811.2055219999997,1,VSM.ResetFeedback,0,1
16,13458,3811.2055219999997,1,VSM.MarkReceiverPages,649472,1
16,13458,3811.2055219999997,1,VSM.Allocate,232448,1
16,13458,3811.2055219999997,1,VSM.InvalidateStatic,0,0
16,13458,3811.2055219999997,1,VSM.ClearPhysicalPages,280576,1
16,13458,3811.2055219999997,1,VSM.StaticCasterCull,82432,1
16,13458,3811.2055219999997,1,VSM.DynamicCasterCull,34560,1
16,13458,3811.2055219999997,1,VSM.PageCull,79872,2
16,13458,3811.2055219999997,1,VSM.StaticRaster,3328,1
16,13458,3811.2055219999997,1,VSM.FinalizePages,2048,1
16,13458,3811.2055219999997,1,VSM.DynamicRaster,62208,1
16,13458,3811.2055219999997,1,VSM.UnityCompatibilityRaster,0,0
16,13458,3811.2055219999997,1,VSM.Resolve,10980096,1
16,13458,3811.2055219999997,1,VSM.ResolveTrace,10754048,1
16,13458,3811.2055219999997,1,VSM.FilterHorizontal,67840,1
16,13458,3811.2055219999997,1,VSM.FilterVertical,0,0
16,13458,3811.2055219999997,1,VSM.FilterTemporalVertical,157184,1
17,13459,3811.2319477,1,VSM.LayoutRemap,0,1
17,13459,3811.2319477,1,VSM.ResetFeedback,0,1
17,13459,3811.2319477,1,VSM.MarkReceiverPages,650240,1
17,13459,3811.2319477,1,VSM.Allocate,231680,1
17,13459,3811.2319477,1,VSM.InvalidateStatic,0,0
17,13459,3811.2319477,1,VSM.ClearPhysicalPages,89600,1
17,13459,3811.2319477,1,VSM.StaticCasterCull,69120,1
17,13459,3811.2319477,1,VSM.DynamicCasterCull,34560,1
17,13459,3811.2319477,1,VSM.PageCull,71680,2
17,13459,3811.2319477,1,VSM.StaticRaster,7424,1
17,13459,3811.2319477,1,VSM.FinalizePages,2048,1
17,13459,3811.2319477,1,VSM.DynamicRaster,62720,1
17,13459,3811.2319477,1,VSM.UnityCompatibilityRaster,0,0
17,13459,3811.2319477,1,VSM.Resolve,11793152,1
17,13459,3811.2319477,1,VSM.ResolveTrace,11571200,1
17,13459,3811.2319477,1,VSM.FilterHorizontal,65280,1
17,13459,3811.2319477,1,VSM.FilterVertical,0,0
17,13459,3811.2319477,1,VSM.FilterTemporalVertical,155136,1
18,13460,3811.2554367,1,VSM.LayoutRemap,0,1
18,13460,3811.2554367,1,VSM.ResetFeedback,0,1
18,13460,3811.2554367,1,VSM.MarkReceiverPages,652288,1
18,13460,3811.2554367,1,VSM.Allocate,228608,1
18,13460,3811.2554367,1,VSM.InvalidateStatic,0,0
18,13460,3811.2554367,1,VSM.ClearPhysicalPages,448768,1
18,13460,3811.2554367,1,VSM.StaticCasterCull,67328,1
18,13460,3811.2554367,1,VSM.DynamicCasterCull,34816,1
18,13460,3811.2554367,1,VSM.PageCull,68864,2
18,13460,3811.2554367,1,VSM.StaticRaster,7936,1
18,13460,3811.2554367,1,VSM.FinalizePages,2560,1
18,13460,3811.2554367,1,VSM.DynamicRaster,62976,1
18,13460,3811.2554367,1,VSM.UnityCompatibilityRaster,0,0
18,13460,3811.2554367,1,VSM.Resolve,11421440,1
18,13460,3811.2554367,1,VSM.ResolveTrace,10838784,1
18,13460,3811.2554367,1,VSM.FilterHorizontal,68608,1
18,13460,3811.2554367,1,VSM.FilterVertical,0,0
18,13460,3811.2554367,1,VSM.FilterTemporalVertical,157952,1
19,13461,3811.2837176,1,VSM.LayoutRemap,0,1
19,13461,3811.2837176,1,VSM.ResetFeedback,0,1
19,13461,3811.2837176,1,VSM.MarkReceiverPages,649728,1
19,13461,3811.2837176,1,VSM.Allocate,232192,1
19,13461,3811.2837176,1,VSM.InvalidateStatic,0,0
19,13461,3811.2837176,1,VSM.ClearPhysicalPages,89600,1
19,13461,3811.2837176,1,VSM.StaticCasterCull,67584,1
19,13461,3811.2837176,1,VSM.DynamicCasterCull,33792,1
19,13461,3811.2837176,1,VSM.PageCull,68352,2
19,13461,3811.2837176,1,VSM.StaticRaster,7680,1
19,13461,3811.2837176,1,VSM.FinalizePages,2048,1
19,13461,3811.2837176,1,VSM.DynamicRaster,44800,1
19,13461,3811.2837176,1,VSM.UnityCompatibilityRaster,0,0
19,13461,3811.2837176,1,VSM.Resolve,12161792,1
19,13461,3811.2837176,1,VSM.ResolveTrace,11390464,1
19,13461,3811.2837176,1,VSM.FilterHorizontal,609792,1
19,13461,3811.2837176,1,VSM.FilterVertical,0,0
19,13461,3811.2837176,1,VSM.FilterTemporalVertical,160256,1
20,13462,3811.3110815,1,VSM.LayoutRemap,0,1
20,13462,3811.3110815,1,VSM.ResetFeedback,0,1
20,13462,3811.3110815,1,VSM.MarkReceiverPages,650496,1
20,13462,3811.3110815,1,VSM.Allocate,230656,1
20,13462,3811.3110815,1,VSM.InvalidateStatic,0,0
20,13462,3811.3110815,1,VSM.ClearPhysicalPages,89600,1
20,13462,3811.3110815,1,VSM.StaticCasterCull,68864,1
20,13462,3811.3110815,1,VSM.DynamicCasterCull,36096,1
20,13462,3811.3110815,1,VSM.PageCull,71424,2
20,13462,3811.3110815,1,VSM.StaticRaster,7168,1
20,13462,3811.3110815,1,VSM.FinalizePages,2048,1
20,13462,3811.3110815,1,VSM.DynamicRaster,44544,1
20,13462,3811.3110815,1,VSM.UnityCompatibilityRaster,0,0
20,13462,3811.3110815,1,VSM.Resolve,11052800,1
20,13462,3811.3110815,1,VSM.ResolveTrace,10829312,1
20,13462,3811.3110815,1,VSM.FilterHorizontal,65792,1
20,13462,3811.3110815,1,VSM.FilterVertical,0,0
20,13462,3811.3110815,1,VSM.FilterTemporalVertical,156160,1
21,13463,3811.3381909,1,VSM.LayoutRemap,0,1
21,13463,3811.3381909,1,VSM.ResetFeedback,0,1
21,13463,3811.3381909,1,VSM.MarkReceiverPages,651264,1
21,13463,3811.3381909,1,VSM.Allocate,230656,1
21,13463,3811.3381909,1,VSM.InvalidateStatic,0,0
21,13463,3811.3381909,1,VSM.ClearPhysicalPages,89600,1
21,13463,3811.3381909,1,VSM.StaticCasterCull,67328,1
21,13463,3811.3381909,1,VSM.DynamicCasterCull,34816,1
21,13463,3811.3381909,1,VSM.PageCull,68864,2
21,13463,3811.3381909,1,VSM.StaticRaster,7424,1
21,13463,3811.3381909,1,VSM.FinalizePages,2048,1
21,13463,3811.3381909,1,VSM.DynamicRaster,49664,1
21,13463,3811.3381909,1,VSM.UnityCompatibilityRaster,0,0
21,13463,3811.3381909,1,VSM.Resolve,11489792,1
21,13463,3811.3381909,1,VSM.ResolveTrace,11267072,1
21,13463,3811.3381909,1,VSM.FilterHorizontal,66816,1
21,13463,3811.3381909,1,VSM.FilterVertical,0,0
21,13463,3811.3381909,1,VSM.FilterTemporalVertical,154624,1
22,13464,3811.3630706999998,1,VSM.LayoutRemap,0,1
22,13464,3811.3630706999998,1,VSM.ResetFeedback,0,1
22,13464,3811.3630706999998,1,VSM.MarkReceiverPages,648448,1
22,13464,3811.3630706999998,1,VSM.Allocate,231680,1
22,13464,3811.3630706999998,1,VSM.InvalidateStatic,0,0
22,13464,3811.3630706999998,1,VSM.ClearPhysicalPages,89856,1
22,13464,3811.3630706999998,1,VSM.StaticCasterCull,69888,1
22,13464,3811.3630706999998,1,VSM.DynamicCasterCull,321280,1
22,13464,3811.3630706999998,1,VSM.PageCull,357632,2
22,13464,3811.3630706999998,1,VSM.StaticRaster,3072,1
22,13464,3811.3630706999998,1,VSM.FinalizePages,1792,1
22,13464,3811.3630706999998,1,VSM.DynamicRaster,44288,1
22,13464,3811.3630706999998,1,VSM.UnityCompatibilityRaster,0,0
22,13464,3811.3630706999998,1,VSM.Resolve,12374016,1
22,13464,3811.3630706999998,1,VSM.ResolveTrace,12149760,1
22,13464,3811.3630706999998,1,VSM.FilterHorizontal,67584,1
22,13464,3811.3630706999998,1,VSM.FilterVertical,0,0
22,13464,3811.3630706999998,1,VSM.FilterTemporalVertical,155904,1
23,13465,3811.3869844,1,VSM.LayoutRemap,0,1
23,13465,3811.3869844,1,VSM.ResetFeedback,0,1
23,13465,3811.3869844,1,VSM.MarkReceiverPages,665856,1
23,13465,3811.3869844,1,VSM.Allocate,233728,1
23,13465,3811.3869844,1,VSM.InvalidateStatic,0,0
23,13465,3811.3869844,1,VSM.ClearPhysicalPages,89856,1
23,13465,3811.3869844,1,VSM.StaticCasterCull,61184,1
23,13465,3811.3869844,1,VSM.DynamicCasterCull,34560,1
23,13465,3811.3869844,1,VSM.PageCull,62720,2
23,13465,3811.3869844,1,VSM.StaticRaster,6912,1
23,13465,3811.3869844,1,VSM.FinalizePages,2048,1
23,13465,3811.3869844,1,VSM.DynamicRaster,55040,1
23,13465,3811.3869844,1,VSM.UnityCompatibilityRaster,0,0
23,13465,3811.3869844,1,VSM.Resolve,11880960,1
23,13465,3811.3869844,1,VSM.ResolveTrace,11659520,1
23,13465,3811.3869844,1,VSM.FilterHorizontal,65536,1
23,13465,3811.3869844,1,VSM.FilterVertical,0,0
23,13465,3811.3869844,1,VSM.FilterTemporalVertical,154880,1
24,13466,3811.4111052,1,VSM.LayoutRemap,0,1
24,13466,3811.4111052,1,VSM.ResetFeedback,0,1
24,13466,3811.4111052,1,VSM.MarkReceiverPages,651264,1
24,13466,3811.4111052,1,VSM.Allocate,234752,1
24,13466,3811.4111052,1,VSM.InvalidateStatic,0,0
24,13466,3811.4111052,1,VSM.ClearPhysicalPages,89856,1
24,13466,3811.4111052,1,VSM.StaticCasterCull,68096,1
24,13466,3811.4111052,1,VSM.DynamicCasterCull,33792,1
24,13466,3811.4111052,1,VSM.PageCull,69632,2
24,13466,3811.4111052,1,VSM.StaticRaster,11776,1
24,13466,3811.4111052,1,VSM.FinalizePages,1792,1
24,13466,3811.4111052,1,VSM.DynamicRaster,50944,1
24,13466,3811.4111052,1,VSM.UnityCompatibilityRaster,0,0
24,13466,3811.4111052,1,VSM.Resolve,10886912,1
24,13466,3811.4111052,1,VSM.ResolveTrace,10665216,1
24,13466,3811.4111052,1,VSM.FilterHorizontal,64512,1
24,13466,3811.4111052,1,VSM.FilterVertical,0,0
24,13466,3811.4111052,1,VSM.FilterTemporalVertical,156160,1
25,13467,3811.434179,1,VSM.LayoutRemap,0,1
25,13467,3811.434179,1,VSM.ResetFeedback,0,1
25,13467,3811.434179,1,VSM.MarkReceiverPages,656640,1
25,13467,3811.434179,1,VSM.Allocate,232704,1
25,13467,3811.434179,1,VSM.InvalidateStatic,0,0
25,13467,3811.434179,1,VSM.ClearPhysicalPages,456192,1
25,13467,3811.434179,1,VSM.StaticCasterCull,70656,1
25,13467,3811.434179,1,VSM.DynamicCasterCull,35072,1
25,13467,3811.434179,1,VSM.PageCull,66048,2
25,13467,3811.434179,1,VSM.StaticRaster,7168,1
25,13467,3811.434179,1,VSM.FinalizePages,2304,1
25,13467,3811.434179,1,VSM.DynamicRaster,68608,1
25,13467,3811.434179,1,VSM.UnityCompatibilityRaster,0,0
25,13467,3811.434179,1,VSM.Resolve,11727360,1
25,13467,3811.434179,1,VSM.ResolveTrace,11501312,1
25,13467,3811.434179,1,VSM.FilterHorizontal,68352,1
25,13467,3811.434179,1,VSM.FilterVertical,0,0
25,13467,3811.434179,1,VSM.FilterTemporalVertical,156416,1
26,13468,3811.457613,1,VSM.LayoutRemap,0,1
26,13468,3811.457613,1,VSM.ResetFeedback,0,1
26,13468,3811.457613,1,VSM.MarkReceiverPages,652288,1
26,13468,3811.457613,1,VSM.Allocate,232960,1
26,13468,3811.457613,1,VSM.InvalidateStatic,0,0
26,13468,3811.457613,1,VSM.ClearPhysicalPages,90624,1
26,13468,3811.457613,1,VSM.StaticCasterCull,65792,1
26,13468,3811.457613,1,VSM.DynamicCasterCull,35840,1
26,13468,3811.457613,1,VSM.PageCull,68864,2
26,13468,3811.457613,1,VSM.StaticRaster,6912,1
26,13468,3811.457613,1,VSM.FinalizePages,2304,1
26,13468,3811.457613,1,VSM.DynamicRaster,61696,1
26,13468,3811.457613,1,VSM.UnityCompatibilityRaster,0,0
26,13468,3811.457613,1,VSM.Resolve,11884544,1
26,13468,3811.457613,1,VSM.ResolveTrace,11210240,1
26,13468,3811.457613,1,VSM.FilterHorizontal,68096,1
26,13468,3811.457613,1,VSM.FilterVertical,0,0
26,13468,3811.457613,1,VSM.FilterTemporalVertical,158464,1
27,13469,3811.4809098,1,VSM.LayoutRemap,0,1
27,13469,3811.4809098,1,VSM.ResetFeedback,0,1
27,13469,3811.4809098,1,VSM.MarkReceiverPages,647936,1
27,13469,3811.4809098,1,VSM.Allocate,231168,1
27,13469,3811.4809098,1,VSM.InvalidateStatic,0,0
27,13469,3811.4809098,1,VSM.ClearPhysicalPages,89600,1
27,13469,3811.4809098,1,VSM.StaticCasterCull,67328,1
27,13469,3811.4809098,1,VSM.DynamicCasterCull,34304,1
27,13469,3811.4809098,1,VSM.PageCull,68864,2
27,13469,3811.4809098,1,VSM.StaticRaster,6912,1
27,13469,3811.4809098,1,VSM.FinalizePages,2304,1
27,13469,3811.4809098,1,VSM.DynamicRaster,62208,1
27,13469,3811.4809098,1,VSM.UnityCompatibilityRaster,0,0
27,13469,3811.4809098,1,VSM.Resolve,10780160,1
27,13469,3811.4809098,1,VSM.ResolveTrace,10555648,1
27,13469,3811.4809098,1,VSM.FilterHorizontal,66304,1
27,13469,3811.4809098,1,VSM.FilterVertical,0,0
27,13469,3811.4809098,1,VSM.FilterTemporalVertical,156928,1
28,13470,3811.5071582,1,VSM.LayoutRemap,0,1
28,13470,3811.5071582,1,VSM.ResetFeedback,0,1
28,13470,3811.5071582,1,VSM.MarkReceiverPages,651776,1
28,13470,3811.5071582,1,VSM.Allocate,231680,1
28,13470,3811.5071582,1,VSM.InvalidateStatic,0,0
28,13470,3811.5071582,1,VSM.ClearPhysicalPages,89856,1
28,13470,3811.5071582,1,VSM.StaticCasterCull,61184,1
28,13470,3811.5071582,1,VSM.DynamicCasterCull,34048,1
28,13470,3811.5071582,1,VSM.PageCull,62208,2
28,13470,3811.5071582,1,VSM.StaticRaster,3072,1
28,13470,3811.5071582,1,VSM.FinalizePages,2048,1
28,13470,3811.5071582,1,VSM.DynamicRaster,62208,1
28,13470,3811.5071582,1,VSM.UnityCompatibilityRaster,0,0
28,13470,3811.5071582,1,VSM.Resolve,10840320,1
28,13470,3811.5071582,1,VSM.ResolveTrace,10103552,1
28,13470,3811.5071582,1,VSM.FilterHorizontal,67328,1
28,13470,3811.5071582,1,VSM.FilterVertical,0,0
28,13470,3811.5071582,1,VSM.FilterTemporalVertical,668416,1
29,13471,3811.5312761,1,VSM.LayoutRemap,0,1
29,13471,3811.5312761,1,VSM.ResetFeedback,0,1
29,13471,3811.5312761,1,VSM.MarkReceiverPages,645120,1
29,13471,3811.5312761,1,VSM.Allocate,232960,1
29,13471,3811.5312761,1,VSM.InvalidateStatic,0,0
29,13471,3811.5312761,1,VSM.ClearPhysicalPages,460544,1
29,13471,3811.5312761,1,VSM.StaticCasterCull,73984,1
29,13471,3811.5312761,1,VSM.DynamicCasterCull,35072,1
29,13471,3811.5312761,1,VSM.PageCull,69632,2
29,13471,3811.5312761,1,VSM.StaticRaster,3328,1
29,13471,3811.5312761,1,VSM.FinalizePages,2304,1
29,13471,3811.5312761,1,VSM.DynamicRaster,62208,1
29,13471,3811.5312761,1,VSM.UnityCompatibilityRaster,0,0
29,13471,3811.5312761,1,VSM.Resolve,11117824,1
29,13471,3811.5312761,1,VSM.ResolveTrace,10891776,1
29,13471,3811.5312761,1,VSM.FilterHorizontal,68096,1
29,13471,3811.5312761,1,VSM.FilterVertical,0,0
29,13471,3811.5312761,1,VSM.FilterTemporalVertical,156672,1
30,13472,3811.5552499,1,VSM.LayoutRemap,0,1
30,13472,3811.5552499,1,VSM.ResetFeedback,0,1
30,13472,3811.5552499,1,VSM.MarkReceiverPages,643584,1
30,13472,3811.5552499,1,VSM.Allocate,232192,1
30,13472,3811.5552499,1,VSM.InvalidateStatic,0,0
30,13472,3811.5552499,1,VSM.ClearPhysicalPages,451328,1
30,13472,3811.5552499,1,VSM.StaticCasterCull,71424,1
30,13472,3811.5552499,1,VSM.DynamicCasterCull,35328,1
30,13472,3811.5552499,1,VSM.PageCull,67840,2
30,13472,3811.5552499,1,VSM.StaticRaster,7168,1
30,13472,3811.5552499,1,VSM.FinalizePages,2304,1
30,13472,3811.5552499,1,VSM.DynamicRaster,62464,1
30,13472,3811.5552499,1,VSM.UnityCompatibilityRaster,0,0
30,13472,3811.5552499,1,VSM.Resolve,11152128,1
30,13472,3811.5552499,1,VSM.ResolveTrace,10557440,1
30,13472,3811.5552499,1,VSM.FilterHorizontal,434944,1
30,13472,3811.5552499,1,VSM.FilterVertical,0,0
30,13472,3811.5552499,1,VSM.FilterTemporalVertical,158720,1
31,13473,3811.5802774,1,VSM.LayoutRemap,0,1
31,13473,3811.5802774,1,VSM.ResetFeedback,0,1
31,13473,3811.5802774,1,VSM.MarkReceiverPages,646912,1
31,13473,3811.5802774,1,VSM.Allocate,231936,1
31,13473,3811.5802774,1,VSM.InvalidateStatic,0,0
31,13473,3811.5802774,1,VSM.ClearPhysicalPages,90880,1
31,13473,3811.5802774,1,VSM.StaticCasterCull,67584,1
31,13473,3811.5802774,1,VSM.DynamicCasterCull,35328,1
31,13473,3811.5802774,1,VSM.PageCull,69632,2
31,13473,3811.5802774,1,VSM.StaticRaster,3072,1
31,13473,3811.5802774,1,VSM.FinalizePages,2048,1
31,13473,3811.5802774,1,VSM.DynamicRaster,66048,1
31,13473,3811.5802774,1,VSM.UnityCompatibilityRaster,0,0
31,13473,3811.5802774,1,VSM.Resolve,11497984,1
31,13473,3811.5802774,1,VSM.ResolveTrace,11271168,1
31,13473,3811.5802774,1,VSM.FilterHorizontal,68096,1
31,13473,3811.5802774,1,VSM.FilterVertical,0,0
31,13473,3811.5802774,1,VSM.FilterTemporalVertical,157696,1
32,13474,3811.6047378999997,1,VSM.LayoutRemap,0,1
32,13474,3811.6047378999997,1,VSM.ResetFeedback,0,1
32,13474,3811.6047378999997,1,VSM.MarkReceiverPages,645376,1
32,13474,3811.6047378999997,1,VSM.Allocate,232192,1
32,13474,3811.6047378999997,1,VSM.InvalidateStatic,0,0
32,13474,3811.6047378999997,1,VSM.ClearPhysicalPages,457216,1
32,13474,3811.6047378999997,1,VSM.StaticCasterCull,71680,1
32,13474,3811.6047378999997,1,VSM.DynamicCasterCull,34560,1
32,13474,3811.6047378999997,1,VSM.PageCull,67584,2
32,13474,3811.6047378999997,1,VSM.StaticRaster,9728,1
32,13474,3811.6047378999997,1,VSM.FinalizePages,2304,1
32,13474,3811.6047378999997,1,VSM.DynamicRaster,62208,1
32,13474,3811.6047378999997,1,VSM.UnityCompatibilityRaster,0,0
32,13474,3811.6047378999997,1,VSM.Resolve,11608320,1
32,13474,3811.6047378999997,1,VSM.ResolveTrace,11381504,1
32,13474,3811.6047378999997,1,VSM.FilterHorizontal,67584,1
32,13474,3811.6047378999997,1,VSM.FilterVertical,0,0
32,13474,3811.6047378999997,1,VSM.FilterTemporalVertical,158208,1
33,13475,3811.6316223,1,VSM.LayoutRemap,0,1
33,13475,3811.6316223,1,VSM.ResetFeedback,0,1
33,13475,3811.6316223,1,VSM.MarkReceiverPages,647168,1
33,13475,3811.6316223,1,VSM.Allocate,231168,1
33,13475,3811.6316223,1,VSM.InvalidateStatic,0,0
33,13475,3811.6316223,1,VSM.ClearPhysicalPages,89600,1
33,13475,3811.6316223,1,VSM.StaticCasterCull,68608,1
33,13475,3811.6316223,1,VSM.DynamicCasterCull,34048,1
33,13475,3811.6316223,1,VSM.PageCull,69632,2
33,13475,3811.6316223,1,VSM.StaticRaster,3072,1
33,13475,3811.6316223,1,VSM.FinalizePages,2048,1
33,13475,3811.6316223,1,VSM.DynamicRaster,61696,1
33,13475,3811.6316223,1,VSM.UnityCompatibilityRaster,0,0
33,13475,3811.6316223,1,VSM.Resolve,11870720,1
33,13475,3811.6316223,1,VSM.ResolveTrace,11166464,1
33,13475,3811.6316223,1,VSM.FilterHorizontal,67840,1
33,13475,3811.6316223,1,VSM.FilterVertical,0,0
33,13475,3811.6316223,1,VSM.FilterTemporalVertical,635392,1
34,13476,3811.656743,1,VSM.LayoutRemap,0,1
34,13476,3811.656743,1,VSM.ResetFeedback,0,1
34,13476,3811.656743,1,VSM.MarkReceiverPages,647680,1
34,13476,3811.656743,1,VSM.Allocate,231936,1
34,13476,3811.656743,1,VSM.InvalidateStatic,0,0
34,13476,3811.656743,1,VSM.ClearPhysicalPages,91136,1
34,13476,3811.656743,1,VSM.StaticCasterCull,65792,1
34,13476,3811.656743,1,VSM.DynamicCasterCull,35584,1
34,13476,3811.656743,1,VSM.PageCull,68096,2
34,13476,3811.656743,1,VSM.StaticRaster,7168,1
34,13476,3811.656743,1,VSM.FinalizePages,2304,1
34,13476,3811.656743,1,VSM.DynamicRaster,61696,1
34,13476,3811.656743,1,VSM.UnityCompatibilityRaster,0,0
34,13476,3811.656743,1,VSM.Resolve,10479872,1
34,13476,3811.656743,1,VSM.ResolveTrace,10254848,1
34,13476,3811.656743,1,VSM.FilterHorizontal,65536,1
34,13476,3811.656743,1,VSM.FilterVertical,0,0
34,13476,3811.656743,1,VSM.FilterTemporalVertical,158208,1
35,13477,3811.6908496,1,VSM.LayoutRemap,0,1
35,13477,3811.6908496,1,VSM.ResetFeedback,0,1
35,13477,3811.6908496,1,VSM.MarkReceiverPages,646144,1
35,13477,3811.6908496,1,VSM.Allocate,231936,1
35,13477,3811.6908496,1,VSM.InvalidateStatic,0,0
35,13477,3811.6908496,1,VSM.ClearPhysicalPages,90880,1
35,13477,3811.6908496,1,VSM.StaticCasterCull,66048,1
35,13477,3811.6908496,1,VSM.DynamicCasterCull,34304,1
35,13477,3811.6908496,1,VSM.PageCull,67072,2
35,13477,3811.6908496,1,VSM.StaticRaster,7168,1
35,13477,3811.6908496,1,VSM.FinalizePages,2560,1
35,13477,3811.6908496,1,VSM.DynamicRaster,62208,1
35,13477,3811.6908496,1,VSM.UnityCompatibilityRaster,0,0
35,13477,3811.6908496,1,VSM.Resolve,12266496,1
35,13477,3811.6908496,1,VSM.ResolveTrace,12039936,1
35,13477,3811.6908496,1,VSM.FilterHorizontal,68096,1
35,13477,3811.6908496,1,VSM.FilterVertical,0,0
35,13477,3811.6908496,1,VSM.FilterTemporalVertical,157184,1
36,13478,3811.7153648999997,1,VSM.LayoutRemap,0,1
36,13478,3811.7153648999997,1,VSM.ResetFeedback,0,1
36,13478,3811.7153648999997,1,VSM.MarkReceiverPages,646656,1
36,13478,3811.7153648999997,1,VSM.Allocate,232192,1
36,13478,3811.7153648999997,1,VSM.InvalidateStatic,0,0
36,13478,3811.7153648999997,1,VSM.ClearPhysicalPages,89344,1
36,13478,3811.7153648999997,1,VSM.StaticCasterCull,67840,1
36,13478,3811.7153648999997,1,VSM.DynamicCasterCull,34048,1
36,13478,3811.7153648999997,1,VSM.PageCull,69888,2
36,13478,3811.7153648999997,1,VSM.StaticRaster,7680,1
36,13478,3811.7153648999997,1,VSM.FinalizePages,2048,1
36,13478,3811.7153648999997,1,VSM.DynamicRaster,61952,1
36,13478,3811.7153648999997,1,VSM.UnityCompatibilityRaster,0,0
36,13478,3811.7153648999997,1,VSM.Resolve,11816448,1
36,13478,3811.7153648999997,1,VSM.ResolveTrace,11589632,1
36,13478,3811.7153648999997,1,VSM.FilterHorizontal,67584,1
36,13478,3811.7153648999997,1,VSM.FilterVertical,0,0
36,13478,3811.7153648999997,1,VSM.FilterTemporalVertical,158464,1
37,13479,3811.7416086999997,1,VSM.LayoutRemap,0,1
37,13479,3811.7416086999997,1,VSM.ResetFeedback,0,1
37,13479,3811.7416086999997,1,VSM.MarkReceiverPages,647936,1
37,13479,3811.7416086999997,1,VSM.Allocate,232960,1
37,13479,3811.7416086999997,1,VSM.InvalidateStatic,0,0
37,13479,3811.7416086999997,1,VSM.ClearPhysicalPages,89600,1
37,13479,3811.7416086999997,1,VSM.StaticCasterCull,67840,1
37,13479,3811.7416086999997,1,VSM.DynamicCasterCull,35072,1
37,13479,3811.7416086999997,1,VSM.PageCull,69632,2
37,13479,3811.7416086999997,1,VSM.StaticRaster,7168,1
37,13479,3811.7416086999997,1,VSM.FinalizePages,2048,1
37,13479,3811.7416086999997,1,VSM.DynamicRaster,61696,1
37,13479,3811.7416086999997,1,VSM.UnityCompatibilityRaster,0,0
37,13479,3811.7416086999997,1,VSM.Resolve,10641408,1
37,13479,3811.7416086999997,1,VSM.ResolveTrace,10414848,1
37,13479,3811.7416086999997,1,VSM.FilterHorizontal,68096,1
37,13479,3811.7416086999997,1,VSM.FilterVertical,0,0
37,13479,3811.7416086999997,1,VSM.FilterTemporalVertical,156928,1
38,13480,3811.7653477,1,VSM.LayoutRemap,0,1
38,13480,3811.7653477,1,VSM.ResetFeedback,0,1
38,13480,3811.7653477,1,VSM.MarkReceiverPages,650496,1
38,13480,3811.7653477,1,VSM.Allocate,231680,1
38,13480,3811.7653477,1,VSM.InvalidateStatic,0,0
38,13480,3811.7653477,1,VSM.ClearPhysicalPages,89856,1
38,13480,3811.7653477,1,VSM.StaticCasterCull,67840,1
38,13480,3811.7653477,1,VSM.DynamicCasterCull,35072,1
38,13480,3811.7653477,1,VSM.PageCull,69632,2
38,13480,3811.7653477,1,VSM.StaticRaster,6912,1
38,13480,3811.7653477,1,VSM.FinalizePages,2048,1
38,13480,3811.7653477,1,VSM.DynamicRaster,61952,1
38,13480,3811.7653477,1,VSM.UnityCompatibilityRaster,0,0
38,13480,3811.7653477,1,VSM.Resolve,12121600,1
38,13480,3811.7653477,1,VSM.ResolveTrace,11399936,1
38,13480,3811.7653477,1,VSM.FilterHorizontal,68352,1
38,13480,3811.7653477,1,VSM.FilterVertical,0,0
38,13480,3811.7653477,1,VSM.FilterTemporalVertical,161536,1
39,13481,3811.7902055,1,VSM.LayoutRemap,0,1
39,13481,3811.7902055,1,VSM.ResetFeedback,0,1
39,13481,3811.7902055,1,VSM.MarkReceiverPages,645376,1
39,13481,3811.7902055,1,VSM.Allocate,232960,1
39,13481,3811.7902055,1,VSM.InvalidateStatic,0,0
39,13481,3811.7902055,1,VSM.ClearPhysicalPages,284160,1
39,13481,3811.7902055,1,VSM.StaticCasterCull,71936,1
39,13481,3811.7902055,1,VSM.DynamicCasterCull,36096,1
39,13481,3811.7902055,1,VSM.PageCull,70656,2
39,13481,3811.7902055,1,VSM.StaticRaster,7680,1
39,13481,3811.7902055,1,VSM.FinalizePages,2048,1
39,13481,3811.7902055,1,VSM.DynamicRaster,66560,1
39,13481,3811.7902055,1,VSM.UnityCompatibilityRaster,0,0
39,13481,3811.7902055,1,VSM.Resolve,11106048,1
39,13481,3811.7902055,1,VSM.ResolveTrace,10880768,1
39,13481,3811.7902055,1,VSM.FilterHorizontal,67840,1
39,13481,3811.7902055,1,VSM.FilterVertical,0,0
39,13481,3811.7902055,1,VSM.FilterTemporalVertical,156160,1
40,13482,3811.8153407,1,VSM.LayoutRemap,0,1
40,13482,3811.8153407,1,VSM.ResetFeedback,0,1
40,13482,3811.8153407,1,VSM.MarkReceiverPages,646144,1
40,13482,3811.8153407,1,VSM.Allocate,232192,1
40,13482,3811.8153407,1,VSM.InvalidateStatic,0,0
40,13482,3811.8153407,1,VSM.ClearPhysicalPages,470016,1
40,13482,3811.8153407,1,VSM.StaticCasterCull,73472,1
40,13482,3811.8153407,1,VSM.DynamicCasterCull,33280,1
40,13482,3811.8153407,1,VSM.PageCull,67328,2
40,13482,3811.8153407,1,VSM.StaticRaster,3328,1
40,13482,3811.8153407,1,VSM.FinalizePages,2304,1
40,13482,3811.8153407,1,VSM.DynamicRaster,44032,1
40,13482,3811.8153407,1,VSM.UnityCompatibilityRaster,0,0
40,13482,3811.8153407,1,VSM.Resolve,11175680,1
40,13482,3811.8153407,1,VSM.ResolveTrace,10951424,1
40,13482,3811.8153407,1,VSM.FilterHorizontal,67840,1
40,13482,3811.8153407,1,VSM.FilterVertical,0,0
40,13482,3811.8153407,1,VSM.FilterTemporalVertical,155392,1
41,13483,3811.8394134,1,VSM.LayoutRemap,0,1
41,13483,3811.8394134,1,VSM.ResetFeedback,0,1
41,13483,3811.8394134,1,VSM.MarkReceiverPages,650752,1
41,13483,3811.8394134,1,VSM.Allocate,232448,1
41,13483,3811.8394134,1,VSM.InvalidateStatic,0,0
41,13483,3811.8394134,1,VSM.ClearPhysicalPages,91136,1
41,13483,3811.8394134,1,VSM.StaticCasterCull,63744,1
41,13483,3811.8394134,1,VSM.DynamicCasterCull,36352,1
41,13483,3811.8394134,1,VSM.PageCull,67072,2
41,13483,3811.8394134,1,VSM.StaticRaster,4608,1
41,13483,3811.8394134,1,VSM.FinalizePages,2304,1
41,13483,3811.8394134,1,VSM.DynamicRaster,45568,1
41,13483,3811.8394134,1,VSM.UnityCompatibilityRaster,0,0
41,13483,3811.8394134,1,VSM.Resolve,11500800,1
41,13483,3811.8394134,1,VSM.ResolveTrace,11096832,1
41,13483,3811.8394134,1,VSM.FilterHorizontal,67072,1
41,13483,3811.8394134,1,VSM.FilterVertical,0,0
41,13483,3811.8394134,1,VSM.FilterTemporalVertical,155904,1
42,13484,3811.8627807,1,VSM.LayoutRemap,0,1
42,13484,3811.8627807,1,VSM.ResetFeedback,0,1
42,13484,3811.8627807,1,VSM.MarkReceiverPages,671488,1
42,13484,3811.8627807,1,VSM.Allocate,232192,1
42,13484,3811.8627807,1,VSM.InvalidateStatic,0,0
42,13484,3811.8627807,1,VSM.ClearPhysicalPages,89856,1
42,13484,3811.8627807,1,VSM.StaticCasterCull,61184,1
42,13484,3811.8627807,1,VSM.DynamicCasterCull,34048,1
42,13484,3811.8627807,1,VSM.PageCull,61952,2
42,13484,3811.8627807,1,VSM.StaticRaster,6912,1
42,13484,3811.8627807,1,VSM.FinalizePages,2048,1
42,13484,3811.8627807,1,VSM.DynamicRaster,45312,1
42,13484,3811.8627807,1,VSM.UnityCompatibilityRaster,0,0
42,13484,3811.8627807,1,VSM.Resolve,12559872,1
42,13484,3811.8627807,1,VSM.ResolveTrace,12333312,1
42,13484,3811.8627807,1,VSM.FilterHorizontal,67840,1
42,13484,3811.8627807,1,VSM.FilterVertical,0,0
42,13484,3811.8627807,1,VSM.FilterTemporalVertical,157440,1
43,13485,3811.8857749,1,VSM.LayoutRemap,0,1
43,13485,3811.8857749,1,VSM.ResetFeedback,0,1
43,13485,3811.8857749,1,VSM.MarkReceiverPages,651264,1
43,13485,3811.8857749,1,VSM.Allocate,231424,1
43,13485,3811.8857749,1,VSM.InvalidateStatic,0,0
43,13485,3811.8857749,1,VSM.ClearPhysicalPages,89856,1
43,13485,3811.8857749,1,VSM.StaticCasterCull,73984,1
43,13485,3811.8857749,1,VSM.DynamicCasterCull,41728,1
43,13485,3811.8857749,1,VSM.PageCull,81920,2
43,13485,3811.8857749,1,VSM.StaticRaster,6912,1
43,13485,3811.8857749,1,VSM.FinalizePages,2048,1
43,13485,3811.8857749,1,VSM.DynamicRaster,47360,1
43,13485,3811.8857749,1,VSM.UnityCompatibilityRaster,0,0
43,13485,3811.8857749,1,VSM.Resolve,12008704,1
43,13485,3811.8857749,1,VSM.ResolveTrace,11782400,1
43,13485,3811.8857749,1,VSM.FilterHorizontal,67328,1
43,13485,3811.8857749,1,VSM.FilterVertical,0,0
43,13485,3811.8857749,1,VSM.FilterTemporalVertical,157696,1
44,13486,3811.909343,1,VSM.LayoutRemap,0,1
44,13486,3811.909343,1,VSM.ResetFeedback,0,1
44,13486,3811.909343,1,VSM.MarkReceiverPages,649216,1
44,13486,3811.909343,1,VSM.Allocate,268032,1
44,13486,3811.909343,1,VSM.InvalidateStatic,0,0
44,13486,3811.909343,1,VSM.ClearPhysicalPages,91904,1
44,13486,3811.909343,1,VSM.StaticCasterCull,66560,1
44,13486,3811.909343,1,VSM.DynamicCasterCull,37888,1
44,13486,3811.909343,1,VSM.PageCull,71680,2
44,13486,3811.909343,1,VSM.StaticRaster,36864,1
44,13486,3811.909343,1,VSM.FinalizePages,2048,1
44,13486,3811.909343,1,VSM.DynamicRaster,49408,1
44,13486,3811.909343,1,VSM.UnityCompatibilityRaster,0,0
44,13486,3811.909343,1,VSM.Resolve,10946560,1
44,13486,3811.909343,1,VSM.ResolveTrace,10722560,1
44,13486,3811.909343,1,VSM.FilterHorizontal,66560,1
44,13486,3811.909343,1,VSM.FilterVertical,0,0
44,13486,3811.909343,1,VSM.FilterTemporalVertical,156416,1
45,13487,3811.9329687,1,VSM.LayoutRemap,0,1
45,13487,3811.9329687,1,VSM.ResetFeedback,0,1
45,13487,3811.9329687,1,VSM.MarkReceiverPages,650496,1
45,13487,3811.9329687,1,VSM.Allocate,269312,1
45,13487,3811.9329687,1,VSM.InvalidateStatic,0,0
45,13487,3811.9329687,1,VSM.ClearPhysicalPages,89856,1
45,13487,3811.9329687,1,VSM.StaticCasterCull,68864,1
45,13487,3811.9329687,1,VSM.DynamicCasterCull,38912,1
45,13487,3811.9329687,1,VSM.PageCull,74752,2
45,13487,3811.9329687,1,VSM.StaticRaster,25344,1
45,13487,3811.9329687,1,VSM.FinalizePages,1792,1
45,13487,3811.9329687,1,VSM.DynamicRaster,68864,1
45,13487,3811.9329687,1,VSM.UnityCompatibilityRaster,0,0
45,13487,3811.9329687,1,VSM.Resolve,11678208,1
45,13487,3811.9329687,1,VSM.ResolveTrace,10623744,1
45,13487,3811.9329687,1,VSM.FilterHorizontal,66560,1
45,13487,3811.9329687,1,VSM.FilterVertical,0,0
45,13487,3811.9329687,1,VSM.FilterTemporalVertical,987136,1
46,13488,3811.9550538,1,VSM.LayoutRemap,0,1
46,13488,3811.9550538,1,VSM.ResetFeedback,0,1
46,13488,3811.9550538,1,VSM.MarkReceiverPages,649984,1
46,13488,3811.9550538,1,VSM.Allocate,231424,1
46,13488,3811.9550538,1,VSM.InvalidateStatic,0,0
46,13488,3811.9550538,1,VSM.ClearPhysicalPages,447744,1
46,13488,3811.9550538,1,VSM.StaticCasterCull,71168,1
46,13488,3811.9550538,1,VSM.DynamicCasterCull,34304,1
46,13488,3811.9550538,1,VSM.PageCull,66560,2
46,13488,3811.9550538,1,VSM.StaticRaster,3328,1
46,13488,3811.9550538,1,VSM.FinalizePages,2560,1
46,13488,3811.9550538,1,VSM.DynamicRaster,62464,1
46,13488,3811.9550538,1,VSM.UnityCompatibilityRaster,0,0
46,13488,3811.9550538,1,VSM.Resolve,11005440,1
46,13488,3811.9550538,1,VSM.ResolveTrace,10781440,1
46,13488,3811.9550538,1,VSM.FilterHorizontal,67072,1
46,13488,3811.9550538,1,VSM.FilterVertical,0,0
46,13488,3811.9550538,1,VSM.FilterTemporalVertical,155392,1
47,13489,3811.9787953,1,VSM.LayoutRemap,0,1
47,13489,3811.9787953,1,VSM.ResetFeedback,0,1
47,13489,3811.9787953,1,VSM.MarkReceiverPages,650240,1
47,13489,3811.9787953,1,VSM.Allocate,229888,1
47,13489,3811.9787953,1,VSM.InvalidateStatic,0,0
47,13489,3811.9787953,1,VSM.ClearPhysicalPages,827904,1
47,13489,3811.9787953,1,VSM.StaticCasterCull,70656,1
47,13489,3811.9787953,1,VSM.DynamicCasterCull,33536,1
47,13489,3811.9787953,1,VSM.PageCull,66304,2
47,13489,3811.9787953,1,VSM.StaticRaster,6912,1
47,13489,3811.9787953,1,VSM.FinalizePages,2304,1
47,13489,3811.9787953,1,VSM.DynamicRaster,67584,1
47,13489,3811.9787953,1,VSM.UnityCompatibilityRaster,0,0
47,13489,3811.9787953,1,VSM.Resolve,11876608,1
47,13489,3811.9787953,1,VSM.ResolveTrace,11648512,1
47,13489,3811.9787953,1,VSM.FilterHorizontal,68608,1
47,13489,3811.9787953,1,VSM.FilterVertical,0,0
47,13489,3811.9787953,1,VSM.FilterTemporalVertical,158208,1
48,13490,3812.0030632,1,VSM.LayoutRemap,0,1
48,13490,3812.0030632,1,VSM.ResetFeedback,0,1
48,13490,3812.0030632,1,VSM.MarkReceiverPages,650752,1
48,13490,3812.0030632,1,VSM.Allocate,231680,1
48,13490,3812.0030632,1,VSM.InvalidateStatic,0,0
48,13490,3812.0030632,1,VSM.ClearPhysicalPages,89344,1
48,13490,3812.0030632,1,VSM.StaticCasterCull,68096,1
48,13490,3812.0030632,1,VSM.DynamicCasterCull,36864,1
48,13490,3812.0030632,1,VSM.PageCull,72192,2
48,13490,3812.0030632,1,VSM.StaticRaster,7168,1
48,13490,3812.0030632,1,VSM.FinalizePages,2048,1
48,13490,3812.0030632,1,VSM.DynamicRaster,61952,1
48,13490,3812.0030632,1,VSM.UnityCompatibilityRaster,0,0
48,13490,3812.0030632,1,VSM.Resolve,10916864,1
48,13490,3812.0030632,1,VSM.ResolveTrace,10691072,1
48,13490,3812.0030632,1,VSM.FilterHorizontal,67072,1
48,13490,3812.0030632,1,VSM.FilterVertical,0,0
48,13490,3812.0030632,1,VSM.FilterTemporalVertical,157440,1
49,13491,3812.0282993,1,VSM.LayoutRemap,0,1
49,13491,3812.0282993,1,VSM.ResetFeedback,0,1
49,13491,3812.0282993,1,VSM.MarkReceiverPages,653056,1
49,13491,3812.0282993,1,VSM.Allocate,231424,1
49,13491,3812.0282993,1,VSM.InvalidateStatic,0,0
49,13491,3812.0282993,1,VSM.ClearPhysicalPages,461824,1
49,13491,3812.0282993,1,VSM.StaticCasterCull,74496,1
49,13491,3812.0282993,1,VSM.DynamicCasterCull,34048,1
49,13491,3812.0282993,1,VSM.PageCull,69120,2
49,13491,3812.0282993,1,VSM.StaticRaster,7424,1
49,13491,3812.0282993,1,VSM.FinalizePages,2304,1
49,13491,3812.0282993,1,VSM.DynamicRaster,66048,1
49,13491,3812.0282993,1,VSM.UnityCompatibilityRaster,0,0
49,13491,3812.0282993,1,VSM.Resolve,11963392,1
49,13491,3812.0282993,1,VSM.ResolveTrace,11737856,1
49,13491,3812.0282993,1,VSM.FilterHorizontal,67584,1
49,13491,3812.0282993,1,VSM.FilterVertical,0,0
49,13491,3812.0282993,1,VSM.FilterTemporalVertical,156672,1
50,13492,3812.0517098,1,VSM.LayoutRemap,0,1
50,13492,3812.0517098,1,VSM.ResetFeedback,0,1
50,13492,3812.0517098,1,VSM.MarkReceiverPages,848384,1
50,13492,3812.0517098,1,VSM.Allocate,229120,1
50,13492,3812.0517098,1,VSM.InvalidateStatic,0,0
50,13492,3812.0517098,1,VSM.ClearPhysicalPages,89344,1
50,13492,3812.0517098,1,VSM.StaticCasterCull,71168,1
50,13492,3812.0517098,1,VSM.DynamicCasterCull,38656,1
50,13492,3812.0517098,1,VSM.PageCull,76288,2
50,13492,3812.0517098,1,VSM.StaticRaster,7168,1
50,13492,3812.0517098,1,VSM.FinalizePages,2048,1
50,13492,3812.0517098,1,VSM.DynamicRaster,63232,1
50,13492,3812.0517098,1,VSM.UnityCompatibilityRaster,0,0
50,13492,3812.0517098,1,VSM.Resolve,11748864,1
50,13492,3812.0517098,1,VSM.ResolveTrace,11523584,1
50,13492,3812.0517098,1,VSM.FilterHorizontal,66816,1
50,13492,3812.0517098,1,VSM.FilterVertical,0,0
50,13492,3812.0517098,1,VSM.FilterTemporalVertical,157184,1
51,13493,3812.0756859999997,1,VSM.LayoutRemap,0,1
51,13493,3812.0756859999997,1,VSM.ResetFeedback,0,1
51,13493,3812.0756859999997,1,VSM.MarkReceiverPages,652544,1
51,13493,3812.0756859999997,1,VSM.Allocate,230656,1
51,13493,3812.0756859999997,1,VSM.InvalidateStatic,0,0
51,13493,3812.0756859999997,1,VSM.ClearPhysicalPages,456960,1
51,13493,3812.0756859999997,1,VSM.StaticCasterCull,67584,1
51,13493,3812.0756859999997,1,VSM.DynamicCasterCull,33536,1
51,13493,3812.0756859999997,1,VSM.PageCull,66304,2
51,13493,3812.0756859999997,1,VSM.StaticRaster,6912,1
51,13493,3812.0756859999997,1,VSM.FinalizePages,2304,1
51,13493,3812.0756859999997,1,VSM.DynamicRaster,49152,1
51,13493,3812.0756859999997,1,VSM.UnityCompatibilityRaster,0,0
51,13493,3812.0756859999997,1,VSM.Resolve,12224512,1
51,13493,3812.0756859999997,1,VSM.ResolveTrace,11997184,1
51,13493,3812.0756859999997,1,VSM.FilterHorizontal,68352,1
51,13493,3812.0756859999997,1,VSM.FilterVertical,0,0
51,13493,3812.0756859999997,1,VSM.FilterTemporalVertical,157696,1
52,13494,3812.0991731999998,1,VSM.LayoutRemap,0,1
52,13494,3812.0991731999998,1,VSM.ResetFeedback,0,1
52,13494,3812.0991731999998,1,VSM.MarkReceiverPages,652032,1
52,13494,3812.0991731999998,1,VSM.Allocate,231424,1
52,13494,3812.0991731999998,1,VSM.InvalidateStatic,0,0
52,13494,3812.0991731999998,1,VSM.ClearPhysicalPages,416256,1
52,13494,3812.0991731999998,1,VSM.StaticCasterCull,72448,1
52,13494,3812.0991731999998,1,VSM.DynamicCasterCull,33536,1
52,13494,3812.0991731999998,1,VSM.PageCull,67072,2
52,13494,3812.0991731999998,1,VSM.StaticRaster,10496,1
52,13494,3812.0991731999998,1,VSM.FinalizePages,2304,1
52,13494,3812.0991731999998,1,VSM.DynamicRaster,44544,1
52,13494,3812.0991731999998,1,VSM.UnityCompatibilityRaster,0,0
52,13494,3812.0991731999998,1,VSM.Resolve,10430976,1
52,13494,3812.0991731999998,1,VSM.ResolveTrace,10208768,1
52,13494,3812.0991731999998,1,VSM.FilterHorizontal,65792,1
52,13494,3812.0991731999998,1,VSM.FilterVertical,0,0
52,13494,3812.0991731999998,1,VSM.FilterTemporalVertical,155392,1
53,13495,3812.1218657,1,VSM.LayoutRemap,0,1
53,13495,3812.1218657,1,VSM.ResetFeedback,0,1
53,13495,3812.1218657,1,VSM.MarkReceiverPages,648960,1
53,13495,3812.1218657,1,VSM.Allocate,233216,1
53,13495,3812.1218657,1,VSM.InvalidateStatic,0,0
53,13495,3812.1218657,1,VSM.ClearPhysicalPages,89600,1
53,13495,3812.1218657,1,VSM.StaticCasterCull,67328,1
53,13495,3812.1218657,1,VSM.DynamicCasterCull,35072,1
53,13495,3812.1218657,1,VSM.PageCull,70144,2
53,13495,3812.1218657,1,VSM.StaticRaster,7168,1
53,13495,3812.1218657,1,VSM.FinalizePages,1792,1
53,13495,3812.1218657,1,VSM.DynamicRaster,45312,1
53,13495,3812.1218657,1,VSM.UnityCompatibilityRaster,0,0
53,13495,3812.1218657,1,VSM.Resolve,12296192,1
53,13495,3812.1218657,1,VSM.ResolveTrace,12069632,1
53,13495,3812.1218657,1,VSM.FilterHorizontal,68352,1
53,13495,3812.1218657,1,VSM.FilterVertical,0,0
53,13495,3812.1218657,1,VSM.FilterTemporalVertical,157184,1
54,13496,3812.1447881,1,VSM.LayoutRemap,0,1
54,13496,3812.1447881,1,VSM.ResetFeedback,0,1
54,13496,3812.1447881,1,VSM.MarkReceiverPages,650496,1
54,13496,3812.1447881,1,VSM.Allocate,232960,1
54,13496,3812.1447881,1,VSM.InvalidateStatic,0,0
54,13496,3812.1447881,1,VSM.ClearPhysicalPages,440832,1
54,13496,3812.1447881,1,VSM.StaticCasterCull,71680,1
54,13496,3812.1447881,1,VSM.DynamicCasterCull,33536,1
54,13496,3812.1447881,1,VSM.PageCull,66048,2
54,13496,3812.1447881,1,VSM.StaticRaster,11520,1
54,13496,3812.1447881,1,VSM.FinalizePages,2304,1
54,13496,3812.1447881,1,VSM.DynamicRaster,44544,1
54,13496,3812.1447881,1,VSM.UnityCompatibilityRaster,0,0
54,13496,3812.1447881,1,VSM.Resolve,11927552,1
54,13496,3812.1447881,1,VSM.ResolveTrace,11703040,1
54,13496,3812.1447881,1,VSM.FilterHorizontal,67328,1
54,13496,3812.1447881,1,VSM.FilterVertical,0,0
54,13496,3812.1447881,1,VSM.FilterTemporalVertical,155904,1
55,13497,3812.1688484,1,VSM.LayoutRemap,0,1
55,13497,3812.1688484,1,VSM.ResetFeedback,0,1
55,13497,3812.1688484,1,VSM.MarkReceiverPages,654080,1
55,13497,3812.1688484,1,VSM.Allocate,231936,1
55,13497,3812.1688484,1,VSM.InvalidateStatic,0,0
55,13497,3812.1688484,1,VSM.ClearPhysicalPages,89600,1
55,13497,3812.1688484,1,VSM.StaticCasterCull,68608,1
55,13497,3812.1688484,1,VSM.DynamicCasterCull,34304,1
55,13497,3812.1688484,1,VSM.PageCull,69888,2
55,13497,3812.1688484,1,VSM.StaticRaster,7424,1
55,13497,3812.1688484,1,VSM.FinalizePages,2048,1
55,13497,3812.1688484,1,VSM.DynamicRaster,55296,1
55,13497,3812.1688484,1,VSM.UnityCompatibilityRaster,0,0
55,13497,3812.1688484,1,VSM.Resolve,10921472,1
55,13497,3812.1688484,1,VSM.ResolveTrace,10496256,1
55,13497,3812.1688484,1,VSM.FilterHorizontal,66304,1
55,13497,3812.1688484,1,VSM.FilterVertical,0,0
55,13497,3812.1688484,1,VSM.FilterTemporalVertical,357632,1
56,13498,3812.1921701,1,VSM.LayoutRemap,0,1
56,13498,3812.1921701,1,VSM.ResetFeedback,0,1
56,13498,3812.1921701,1,VSM.MarkReceiverPages,1151488,1
56,13498,3812.1921701,1,VSM.Allocate,239872,1
56,13498,3812.1921701,1,VSM.InvalidateStatic,0,0
56,13498,3812.1921701,1,VSM.ClearPhysicalPages,90368,1
56,13498,3812.1921701,1,VSM.StaticCasterCull,65280,1
56,13498,3812.1921701,1,VSM.DynamicCasterCull,33280,1
56,13498,3812.1921701,1,VSM.PageCull,65792,2
56,13498,3812.1921701,1,VSM.StaticRaster,6912,1
56,13498,3812.1921701,1,VSM.FinalizePages,2048,1
56,13498,3812.1921701,1,VSM.DynamicRaster,51200,1
56,13498,3812.1921701,1,VSM.UnityCompatibilityRaster,0,0
56,13498,3812.1921701,1,VSM.Resolve,11638272,1
56,13498,3812.1921701,1,VSM.ResolveTrace,10986240,1
56,13498,3812.1921701,1,VSM.FilterHorizontal,67840,1
56,13498,3812.1921701,1,VSM.FilterVertical,0,0
56,13498,3812.1921701,1,VSM.FilterTemporalVertical,161280,1
57,13499,3812.2144608,1,VSM.LayoutRemap,0,1
57,13499,3812.2144608,1,VSM.ResetFeedback,0,1
57,13499,3812.2144608,1,VSM.MarkReceiverPages,654592,1
57,13499,3812.2144608,1,VSM.Allocate,228864,1
57,13499,3812.2144608,1,VSM.InvalidateStatic,0,0
57,13499,3812.2144608,1,VSM.ClearPhysicalPages,89600,1
57,13499,3812.2144608,1,VSM.StaticCasterCull,67584,1
57,13499,3812.2144608,1,VSM.DynamicCasterCull,34304,1
57,13499,3812.2144608,1,VSM.PageCull,69120,2
57,13499,3812.2144608,1,VSM.StaticRaster,7168,1
57,13499,3812.2144608,1,VSM.FinalizePages,2048,1
57,13499,3812.2144608,1,VSM.DynamicRaster,66048,1
57,13499,3812.2144608,1,VSM.UnityCompatibilityRaster,0,0
57,13499,3812.2144608,1,VSM.Resolve,11854336,1
57,13499,3812.2144608,1,VSM.ResolveTrace,11629824,1
57,13499,3812.2144608,1,VSM.FilterHorizontal,67072,1
57,13499,3812.2144608,1,VSM.FilterVertical,0,0
57,13499,3812.2144608,1,VSM.FilterTemporalVertical,156416,1
58,13500,3812.2366819999997,1,VSM.LayoutRemap,0,1
58,13500,3812.2366819999997,1,VSM.ResetFeedback,0,1
58,13500,3812.2366819999997,1,VSM.MarkReceiverPages,653056,1
58,13500,3812.2366819999997,1,VSM.Allocate,233216,1
58,13500,3812.2366819999997,1,VSM.InvalidateStatic,0,0
58,13500,3812.2366819999997,1,VSM.ClearPhysicalPages,90112,1
58,13500,3812.2366819999997,1,VSM.StaticCasterCull,68864,1
58,13500,3812.2366819999997,1,VSM.DynamicCasterCull,35584,1
58,13500,3812.2366819999997,1,VSM.PageCull,71424,2
58,13500,3812.2366819999997,1,VSM.StaticRaster,7680,1
58,13500,3812.2366819999997,1,VSM.FinalizePages,2048,1
58,13500,3812.2366819999997,1,VSM.DynamicRaster,62464,1
58,13500,3812.2366819999997,1,VSM.UnityCompatibilityRaster,0,0
58,13500,3812.2366819999997,1,VSM.Resolve,11837440,1
58,13500,3812.2366819999997,1,VSM.ResolveTrace,11610624,1
58,13500,3812.2366819999997,1,VSM.FilterHorizontal,67584,1
58,13500,3812.2366819999997,1,VSM.FilterVertical,0,0
58,13500,3812.2366819999997,1,VSM.FilterTemporalVertical,157952,1
59,13501,3812.2604825,1,VSM.LayoutRemap,0,1
59,13501,3812.2604825,1,VSM.ResetFeedback,0,1
59,13501,3812.2604825,1,VSM.MarkReceiverPages,646912,1
59,13501,3812.2604825,1,VSM.Allocate,232448,1
59,13501,3812.2604825,1,VSM.InvalidateStatic,0,0
59,13501,3812.2604825,1,VSM.ClearPhysicalPages,90624,1
59,13501,3812.2604825,1,VSM.StaticCasterCull,66816,1
59,13501,3812.2604825,1,VSM.DynamicCasterCull,33792,1
59,13501,3812.2604825,1,VSM.PageCull,67328,2
59,13501,3812.2604825,1,VSM.StaticRaster,7168,1
59,13501,3812.2604825,1,VSM.FinalizePages,2304,1
59,13501,3812.2604825,1,VSM.DynamicRaster,61952,1
59,13501,3812.2604825,1,VSM.UnityCompatibilityRaster,0,0
59,13501,3812.2604825,1,VSM.Resolve,10834432,1
59,13501,3812.2604825,1,VSM.ResolveTrace,10610432,1
59,13501,3812.2604825,1,VSM.FilterHorizontal,67072,1
59,13501,3812.2604825,1,VSM.FilterVertical,0,0
59,13501,3812.2604825,1,VSM.FilterTemporalVertical,155904,1
60,13502,3812.2843949999997,1,VSM.LayoutRemap,0,1
60,13502,3812.2843949999997,1,VSM.ResetFeedback,0,1
60,13502,3812.2843949999997,1,VSM.MarkReceiverPages,645632,1
60,13502,3812.2843949999997,1,VSM.Allocate,230400,1
60,13502,3812.2843949999997,1,VSM.InvalidateStatic,0,0
60,13502,3812.2843949999997,1,VSM.ClearPhysicalPages,463872,1
60,13502,3812.2843949999997,1,VSM.StaticCasterCull,76288,1
60,13502,3812.2843949999997,1,VSM.DynamicCasterCull,33536,1
60,13502,3812.2843949999997,1,VSM.PageCull,67584,2
60,13502,3812.2843949999997,1,VSM.StaticRaster,6912,1
60,13502,3812.2843949999997,1,VSM.FinalizePages,2304,1
60,13502,3812.2843949999997,1,VSM.DynamicRaster,61440,1
60,13502,3812.2843949999997,1,VSM.UnityCompatibilityRaster,0,0
60,13502,3812.2843949999997,1,VSM.Resolve,10904576,1
60,13502,3812.2843949999997,1,VSM.ResolveTrace,10678784,1
60,13502,3812.2843949999997,1,VSM.FilterHorizontal,67840,1
60,13502,3812.2843949999997,1,VSM.FilterVertical,0,0
60,13502,3812.2843949999997,1,VSM.FilterTemporalVertical,157184,1
61,13503,3812.3093716,1,VSM.LayoutRemap,0,1
61,13503,3812.3093716,1,VSM.ResetFeedback,0,1
61,13503,3812.3093716,1,VSM.MarkReceiverPages,644096,1
61,13503,3812.3093716,1,VSM.Allocate,232704,1
61,13503,3812.3093716,1,VSM.InvalidateStatic,0,0
61,13503,3812.3093716,1,VSM.ClearPhysicalPages,89856,1
61,13503,3812.3093716,1,VSM.StaticCasterCull,69120,1
61,13503,3812.3093716,1,VSM.DynamicCasterCull,34048,1
61,13503,3812.3093716,1,VSM.PageCull,70656,2
61,13503,3812.3093716,1,VSM.StaticRaster,7424,1
61,13503,3812.3093716,1,VSM.FinalizePages,2304,1
61,13503,3812.3093716,1,VSM.DynamicRaster,62720,1
61,13503,3812.3093716,1,VSM.UnityCompatibilityRaster,0,0
61,13503,3812.3093716,1,VSM.Resolve,10692864,1
61,13503,3812.3093716,1,VSM.ResolveTrace,10469120,1
61,13503,3812.3093716,1,VSM.FilterHorizontal,67840,1
61,13503,3812.3093716,1,VSM.FilterVertical,0,0
61,13503,3812.3093716,1,VSM.FilterTemporalVertical,155136,1
62,13504,3812.3340131,1,VSM.LayoutRemap,0,1
62,13504,3812.3340131,1,VSM.ResetFeedback,0,1
62,13504,3812.3340131,1,VSM.MarkReceiverPages,645120,1
62,13504,3812.3340131,1,VSM.Allocate,230144,1
62,13504,3812.3340131,1,VSM.InvalidateStatic,0,0
62,13504,3812.3340131,1,VSM.ClearPhysicalPages,89600,1
62,13504,3812.3340131,1,VSM.StaticCasterCull,66560,1
62,13504,3812.3340131,1,VSM.DynamicCasterCull,35584,1
62,13504,3812.3340131,1,VSM.PageCull,69888,2
62,13504,3812.3340131,1,VSM.StaticRaster,7168,1
62,13504,3812.3340131,1,VSM.FinalizePages,2304,1
62,13504,3812.3340131,1,VSM.DynamicRaster,62464,1
62,13504,3812.3340131,1,VSM.UnityCompatibilityRaster,0,0
62,13504,3812.3340131,1,VSM.Resolve,11299072,1
62,13504,3812.3340131,1,VSM.ResolveTrace,11074560,1
62,13504,3812.3340131,1,VSM.FilterHorizontal,66304,1
62,13504,3812.3340131,1,VSM.FilterVertical,0,0
62,13504,3812.3340131,1,VSM.FilterTemporalVertical,156928,1
63,13505,3812.3594792,1,VSM.LayoutRemap,0,1
63,13505,3812.3594792,1,VSM.ResetFeedback,0,1
63,13505,3812.3594792,1,VSM.MarkReceiverPages,644864,1
63,13505,3812.3594792,1,VSM.Allocate,231680,1
63,13505,3812.3594792,1,VSM.InvalidateStatic,0,0
63,13505,3812.3594792,1,VSM.ClearPhysicalPages,91392,1
63,13505,3812.3594792,1,VSM.StaticCasterCull,68352,1
63,13505,3812.3594792,1,VSM.DynamicCasterCull,33792,1
63,13505,3812.3594792,1,VSM.PageCull,69120,2
63,13505,3812.3594792,1,VSM.StaticRaster,6912,1
63,13505,3812.3594792,1,VSM.FinalizePages,2560,1
63,13505,3812.3594792,1,VSM.DynamicRaster,67328,1
63,13505,3812.3594792,1,VSM.UnityCompatibilityRaster,0,0
63,13505,3812.3594792,1,VSM.Resolve,11619584,1
63,13505,3812.3594792,1,VSM.ResolveTrace,10905600,1
63,13505,3812.3594792,1,VSM.FilterHorizontal,68608,1
63,13505,3812.3594792,1,VSM.FilterVertical,0,0
63,13505,3812.3594792,1,VSM.FilterTemporalVertical,161024,1
64,13506,3812.3831379,1,VSM.LayoutRemap,0,1
64,13506,3812.3831379,1,VSM.ResetFeedback,0,1
64,13506,3812.3831379,1,VSM.MarkReceiverPages,647936,1
64,13506,3812.3831379,1,VSM.Allocate,231936,1
64,13506,3812.3831379,1,VSM.InvalidateStatic,0,0
64,13506,3812.3831379,1,VSM.ClearPhysicalPages,91136,1
64,13506,3812.3831379,1,VSM.StaticCasterCull,66304,1
64,13506,3812.3831379,1,VSM.DynamicCasterCull,34560,1
64,13506,3812.3831379,1,VSM.PageCull,67584,2
64,13506,3812.3831379,1,VSM.StaticRaster,6912,1
64,13506,3812.3831379,1,VSM.FinalizePages,2560,1
64,13506,3812.3831379,1,VSM.DynamicRaster,62464,1
64,13506,3812.3831379,1,VSM.UnityCompatibilityRaster,0,0
64,13506,3812.3831379,1,VSM.Resolve,12102144,1
64,13506,3812.3831379,1,VSM.ResolveTrace,11872768,1
64,13506,3812.3831379,1,VSM.FilterHorizontal,67840,1
64,13506,3812.3831379,1,VSM.FilterVertical,0,0
64,13506,3812.3831379,1,VSM.FilterTemporalVertical,160512,1
65,13507,3812.4067195,1,VSM.LayoutRemap,0,1
65,13507,3812.4067195,1,VSM.ResetFeedback,0,1
65,13507,3812.4067195,1,VSM.MarkReceiverPages,646400,1
65,13507,3812.4067195,1,VSM.Allocate,230656,1
65,13507,3812.4067195,1,VSM.InvalidateStatic,0,0
65,13507,3812.4067195,1,VSM.ClearPhysicalPages,91136,1
65,13507,3812.4067195,1,VSM.StaticCasterCull,67840,1
65,13507,3812.4067195,1,VSM.DynamicCasterCull,35840,1
65,13507,3812.4067195,1,VSM.PageCull,69888,2
65,13507,3812.4067195,1,VSM.StaticRaster,3072,1
65,13507,3812.4067195,1,VSM.FinalizePages,2048,1
65,13507,3812.4067195,1,VSM.DynamicRaster,66816,1
65,13507,3812.4067195,1,VSM.UnityCompatibilityRaster,0,0
65,13507,3812.4067195,1,VSM.Resolve,11272448,1
65,13507,3812.4067195,1,VSM.ResolveTrace,11047680,1
65,13507,3812.4067195,1,VSM.FilterHorizontal,66560,1
65,13507,3812.4067195,1,VSM.FilterVertical,0,0
65,13507,3812.4067195,1,VSM.FilterTemporalVertical,157184,1
66,13508,3812.4299303,1,VSM.LayoutRemap,0,1
66,13508,3812.4299303,1,VSM.ResetFeedback,0,1
66,13508,3812.4299303,1,VSM.MarkReceiverPages,1169152,1
66,13508,3812.4299303,1,VSM.Allocate,238848,1
66,13508,3812.4299303,1,VSM.InvalidateStatic,0,0
66,13508,3812.4299303,1,VSM.ClearPhysicalPages,90368,1
66,13508,3812.4299303,1,VSM.StaticCasterCull,69632,1
66,13508,3812.4299303,1,VSM.DynamicCasterCull,35584,1
66,13508,3812.4299303,1,VSM.PageCull,72192,2
66,13508,3812.4299303,1,VSM.StaticRaster,6912,1
66,13508,3812.4299303,1,VSM.FinalizePages,2048,1
66,13508,3812.4299303,1,VSM.DynamicRaster,61952,1
66,13508,3812.4299303,1,VSM.UnityCompatibilityRaster,0,0
66,13508,3812.4299303,1,VSM.Resolve,10980352,1
66,13508,3812.4299303,1,VSM.ResolveTrace,10326016,1
66,13508,3812.4299303,1,VSM.FilterHorizontal,68352,1
66,13508,3812.4299303,1,VSM.FilterVertical,0,0
66,13508,3812.4299303,1,VSM.FilterTemporalVertical,161024,1
67,13509,3812.4536494,1,VSM.LayoutRemap,0,1
67,13509,3812.4536494,1,VSM.ResetFeedback,0,1
67,13509,3812.4536494,1,VSM.MarkReceiverPages,1133568,1
67,13509,3812.4536494,1,VSM.Allocate,238848,1
67,13509,3812.4536494,1,VSM.InvalidateStatic,0,0
67,13509,3812.4536494,1,VSM.ClearPhysicalPages,90624,1
67,13509,3812.4536494,1,VSM.StaticCasterCull,68352,1
67,13509,3812.4536494,1,VSM.DynamicCasterCull,36608,1
67,13509,3812.4536494,1,VSM.PageCull,72192,2
67,13509,3812.4536494,1,VSM.StaticRaster,6400,1
67,13509,3812.4536494,1,VSM.FinalizePages,2048,1
67,13509,3812.4536494,1,VSM.DynamicRaster,62208,1
67,13509,3812.4536494,1,VSM.UnityCompatibilityRaster,0,0
67,13509,3812.4536494,1,VSM.Resolve,10280704,1
67,13509,3812.4536494,1,VSM.ResolveTrace,10057472,1
67,13509,3812.4536494,1,VSM.FilterHorizontal,65792,1
67,13509,3812.4536494,1,VSM.FilterVertical,0,0
67,13509,3812.4536494,1,VSM.FilterTemporalVertical,156672,1
68,13510,3812.4787407999997,1,VSM.LayoutRemap,0,1
68,13510,3812.4787407999997,1,VSM.ResetFeedback,0,1
68,13510,3812.4787407999997,1,VSM.MarkReceiverPages,646912,1
68,13510,3812.4787407999997,1,VSM.Allocate,231168,1
68,13510,3812.4787407999997,1,VSM.InvalidateStatic,0,0
68,13510,3812.4787407999997,1,VSM.ClearPhysicalPages,89600,1
68,13510,3812.4787407999997,1,VSM.StaticCasterCull,66560,1
68,13510,3812.4787407999997,1,VSM.DynamicCasterCull,34816,1
68,13510,3812.4787407999997,1,VSM.PageCull,68352,2
68,13510,3812.4787407999997,1,VSM.StaticRaster,7680,1
68,13510,3812.4787407999997,1,VSM.FinalizePages,2048,1
68,13510,3812.4787407999997,1,VSM.DynamicRaster,62208,1
68,13510,3812.4787407999997,1,VSM.UnityCompatibilityRaster,0,0
68,13510,3812.4787407999997,1,VSM.Resolve,11499008,1
68,13510,3812.4787407999997,1,VSM.ResolveTrace,11272192,1
68,13510,3812.4787407999997,1,VSM.FilterHorizontal,67584,1
68,13510,3812.4787407999997,1,VSM.FilterVertical,0,0
68,13510,3812.4787407999997,1,VSM.FilterTemporalVertical,158464,1
69,13511,3812.5030905999997,1,VSM.LayoutRemap,0,1
69,13511,3812.5030905999997,1,VSM.ResetFeedback,0,1
69,13511,3812.5030905999997,1,VSM.MarkReceiverPages,647424,1
69,13511,3812.5030905999997,1,VSM.Allocate,232704,1
69,13511,3812.5030905999997,1,VSM.InvalidateStatic,0,0
69,13511,3812.5030905999997,1,VSM.ClearPhysicalPages,90624,1
69,13511,3812.5030905999997,1,VSM.StaticCasterCull,65536,1
69,13511,3812.5030905999997,1,VSM.DynamicCasterCull,34816,1
69,13511,3812.5030905999997,1,VSM.PageCull,67584,2
69,13511,3812.5030905999997,1,VSM.StaticRaster,6912,1
69,13511,3812.5030905999997,1,VSM.FinalizePages,2304,1
69,13511,3812.5030905999997,1,VSM.DynamicRaster,61952,1
69,13511,3812.5030905999997,1,VSM.UnityCompatibilityRaster,0,0
69,13511,3812.5030905999997,1,VSM.Resolve,10682880,1
69,13511,3812.5030905999997,1,VSM.ResolveTrace,10459136,1
69,13511,3812.5030905999997,1,VSM.FilterHorizontal,65792,1
69,13511,3812.5030905999997,1,VSM.FilterVertical,0,0
69,13511,3812.5030905999997,1,VSM.FilterTemporalVertical,156672,1
70,13512,3812.525753,1,VSM.LayoutRemap,0,1
70,13512,3812.525753,1,VSM.ResetFeedback,0,1
70,13512,3812.525753,1,VSM.MarkReceiverPages,646912,1
70,13512,3812.525753,1,VSM.Allocate,231424,1
70,13512,3812.525753,1,VSM.InvalidateStatic,0,0
70,13512,3812.525753,1,VSM.ClearPhysicalPages,458496,1
70,13512,3812.525753,1,VSM.StaticCasterCull,71168,1
70,13512,3812.525753,1,VSM.DynamicCasterCull,35584,1
70,13512,3812.525753,1,VSM.PageCull,68608,2
70,13512,3812.525753,1,VSM.StaticRaster,7168,1
70,13512,3812.525753,1,VSM.FinalizePages,2560,1
70,13512,3812.525753,1,VSM.DynamicRaster,62464,1
70,13512,3812.525753,1,VSM.UnityCompatibilityRaster,0,0
70,13512,3812.525753,1,VSM.Resolve,12505600,1
70,13512,3812.525753,1,VSM.ResolveTrace,12280576,1
70,13512,3812.525753,1,VSM.FilterHorizontal,67328,1
70,13512,3812.525753,1,VSM.FilterVertical,0,0
70,13512,3812.525753,1,VSM.FilterTemporalVertical,156672,1
71,13513,3812.5509357,1,VSM.LayoutRemap,0,1
71,13513,3812.5509357,1,VSM.ResetFeedback,0,1
71,13513,3812.5509357,1,VSM.MarkReceiverPages,644608,1
71,13513,3812.5509357,1,VSM.Allocate,232192,1
71,13513,3812.5509357,1,VSM.InvalidateStatic,0,0
71,13513,3812.5509357,1,VSM.ClearPhysicalPages,274432,1
71,13513,3812.5509357,1,VSM.StaticCasterCull,492288,1
71,13513,3812.5509357,1,VSM.DynamicCasterCull,43776,1
71,13513,3812.5509357,1,VSM.PageCull,76288,2
71,13513,3812.5509357,1,VSM.StaticRaster,8960,1
71,13513,3812.5509357,1,VSM.FinalizePages,2560,1
71,13513,3812.5509357,1,VSM.DynamicRaster,66304,1
71,13513,3812.5509357,1,VSM.UnityCompatibilityRaster,0,0
71,13513,3812.5509357,1,VSM.Resolve,12420352,1
71,13513,3812.5509357,1,VSM.ResolveTrace,12190976,1
71,13513,3812.5509357,1,VSM.FilterHorizontal,68096,1
71,13513,3812.5509357,1,VSM.FilterVertical,0,0
71,13513,3812.5509357,1,VSM.FilterTemporalVertical,159744,1
72,13514,3812.5734368,1,VSM.LayoutRemap,0,1
72,13514,3812.5734368,1,VSM.ResetFeedback,0,1
72,13514,3812.5734368,1,VSM.MarkReceiverPages,647168,1
72,13514,3812.5734368,1,VSM.Allocate,232704,1
72,13514,3812.5734368,1,VSM.InvalidateStatic,0,0
72,13514,3812.5734368,1,VSM.ClearPhysicalPages,880128,1
72,13514,3812.5734368,1,VSM.StaticCasterCull,74240,1
72,13514,3812.5734368,1,VSM.DynamicCasterCull,34816,1
72,13514,3812.5734368,1,VSM.PageCull,70656,2
72,13514,3812.5734368,1,VSM.StaticRaster,7168,1
72,13514,3812.5734368,1,VSM.FinalizePages,2304,1
72,13514,3812.5734368,1,VSM.DynamicRaster,44032,1
72,13514,3812.5734368,1,VSM.UnityCompatibilityRaster,0,0
72,13514,3812.5734368,1,VSM.Resolve,10363392,1
72,13514,3812.5734368,1,VSM.ResolveTrace,10137600,1
72,13514,3812.5734368,1,VSM.FilterHorizontal,67328,1
72,13514,3812.5734368,1,VSM.FilterVertical,0,0
72,13514,3812.5734368,1,VSM.FilterTemporalVertical,157184,1
73,13515,3812.5976861,1,VSM.LayoutRemap,0,1
73,13515,3812.5976861,1,VSM.ResetFeedback,0,1
73,13515,3812.5976861,1,VSM.MarkReceiverPages,647936,1
73,13515,3812.5976861,1,VSM.Allocate,228096,1
73,13515,3812.5976861,1,VSM.InvalidateStatic,0,0
73,13515,3812.5976861,1,VSM.ClearPhysicalPages,459520,1
73,13515,3812.5976861,1,VSM.StaticCasterCull,65024,1
73,13515,3812.5976861,1,VSM.DynamicCasterCull,34048,1
73,13515,3812.5976861,1,VSM.PageCull,65792,2
73,13515,3812.5976861,1,VSM.StaticRaster,5632,1
73,13515,3812.5976861,1,VSM.FinalizePages,2304,1
73,13515,3812.5976861,1,VSM.DynamicRaster,50176,1
73,13515,3812.5976861,1,VSM.UnityCompatibilityRaster,0,0
73,13515,3812.5976861,1,VSM.Resolve,12170240,1
73,13515,3812.5976861,1,VSM.ResolveTrace,11943936,1
73,13515,3812.5976861,1,VSM.FilterHorizontal,68096,1
73,13515,3812.5976861,1,VSM.FilterVertical,0,0
73,13515,3812.5976861,1,VSM.FilterTemporalVertical,156928,1
74,13516,3812.6213721,1,VSM.LayoutRemap,0,1
74,13516,3812.6213721,1,VSM.ResetFeedback,0,1
74,13516,3812.6213721,1,VSM.MarkReceiverPages,645888,1
74,13516,3812.6213721,1,VSM.Allocate,232448,1
74,13516,3812.6213721,1,VSM.InvalidateStatic,0,0
74,13516,3812.6213721,1,VSM.ClearPhysicalPages,89856,1
74,13516,3812.6213721,1,VSM.StaticCasterCull,65792,1
74,13516,3812.6213721,1,VSM.DynamicCasterCull,33792,1
74,13516,3812.6213721,1,VSM.PageCull,66560,2
74,13516,3812.6213721,1,VSM.StaticRaster,9472,1
74,13516,3812.6213721,1,VSM.FinalizePages,2048,1
74,13516,3812.6213721,1,VSM.DynamicRaster,45056,1
74,13516,3812.6213721,1,VSM.UnityCompatibilityRaster,0,0
74,13516,3812.6213721,1,VSM.Resolve,10599936,1
74,13516,3812.6213721,1,VSM.ResolveTrace,10378240,1
74,13516,3812.6213721,1,VSM.FilterHorizontal,65024,1
74,13516,3812.6213721,1,VSM.FilterVertical,0,0
74,13516,3812.6213721,1,VSM.FilterTemporalVertical,155136,1
75,13517,3812.6445294,1,VSM.LayoutRemap,0,1
75,13517,3812.6445294,1,VSM.ResetFeedback,0,1
75,13517,3812.6445294,1,VSM.MarkReceiverPages,649472,1
75,13517,3812.6445294,1,VSM.Allocate,232192,1
75,13517,3812.6445294,1,VSM.InvalidateStatic,0,0
75,13517,3812.6445294,1,VSM.ClearPhysicalPages,90112,1
75,13517,3812.6445294,1,VSM.StaticCasterCull,442880,1
75,13517,3812.6445294,1,VSM.DynamicCasterCull,39936,1
75,13517,3812.6445294,1,VSM.PageCull,74240,2
75,13517,3812.6445294,1,VSM.StaticRaster,8448,1
75,13517,3812.6445294,1,VSM.FinalizePages,2304,1
75,13517,3812.6445294,1,VSM.DynamicRaster,44544,1
75,13517,3812.6445294,1,VSM.UnityCompatibilityRaster,0,0
75,13517,3812.6445294,1,VSM.Resolve,11544320,1
75,13517,3812.6445294,1,VSM.ResolveTrace,11315968,1
75,13517,3812.6445294,1,VSM.FilterHorizontal,68608,1
75,13517,3812.6445294,1,VSM.FilterVertical,0,0
75,13517,3812.6445294,1,VSM.FilterTemporalVertical,158720,1
76,13518,3812.6675167999997,1,VSM.LayoutRemap,0,1
76,13518,3812.6675167999997,1,VSM.ResetFeedback,0,1
76,13518,3812.6675167999997,1,VSM.MarkReceiverPages,650752,1
76,13518,3812.6675167999997,1,VSM.Allocate,268288,1
76,13518,3812.6675167999997,1,VSM.InvalidateStatic,0,0
76,13518,3812.6675167999997,1,VSM.ClearPhysicalPages,90880,1
76,13518,3812.6675167999997,1,VSM.StaticCasterCull,65792,1
76,13518,3812.6675167999997,1,VSM.DynamicCasterCull,37632,1
76,13518,3812.6675167999997,1,VSM.PageCull,70656,2
76,13518,3812.6675167999997,1,VSM.StaticRaster,36096,1
76,13518,3812.6675167999997,1,VSM.FinalizePages,2048,1
76,13518,3812.6675167999997,1,VSM.DynamicRaster,48896,1
76,13518,3812.6675167999997,1,VSM.UnityCompatibilityRaster,0,0
76,13518,3812.6675167999997,1,VSM.Resolve,10614784,1
76,13518,3812.6675167999997,1,VSM.ResolveTrace,10388224,1
76,13518,3812.6675167999997,1,VSM.FilterHorizontal,67072,1
76,13518,3812.6675167999997,1,VSM.FilterVertical,0,0
76,13518,3812.6675167999997,1,VSM.FilterTemporalVertical,158208,1
77,13519,3812.6901103,1,VSM.LayoutRemap,0,1
77,13519,3812.6901103,1,VSM.ResetFeedback,0,1
77,13519,3812.6901103,1,VSM.MarkReceiverPages,649728,1
77,13519,3812.6901103,1,VSM.Allocate,268032,1
77,13519,3812.6901103,1,VSM.InvalidateStatic,0,0
77,13519,3812.6901103,1,VSM.ClearPhysicalPages,468992,1
77,13519,3812.6901103,1,VSM.StaticCasterCull,73216,1
77,13519,3812.6901103,1,VSM.DynamicCasterCull,37376,1
77,13519,3812.6901103,1,VSM.PageCull,71936,2
77,13519,3812.6901103,1,VSM.StaticRaster,24320,1
77,13519,3812.6901103,1,VSM.FinalizePages,2048,1
77,13519,3812.6901103,1,VSM.DynamicRaster,60928,1
77,13519,3812.6901103,1,VSM.UnityCompatibilityRaster,0,0
77,13519,3812.6901103,1,VSM.Resolve,11275776,1
77,13519,3812.6901103,1,VSM.ResolveTrace,11051264,1
77,13519,3812.6901103,1,VSM.FilterHorizontal,67584,1
77,13519,3812.6901103,1,VSM.FilterVertical,0,0
77,13519,3812.6901103,1,VSM.FilterTemporalVertical,156160,1
78,13520,3812.7120738,1,VSM.LayoutRemap,0,1
78,13520,3812.7120738,1,VSM.ResetFeedback,0,1
78,13520,3812.7120738,1,VSM.MarkReceiverPages,653056,1
78,13520,3812.7120738,1,VSM.Allocate,231168,1
78,13520,3812.7120738,1,VSM.InvalidateStatic,0,0
78,13520,3812.7120738,1,VSM.ClearPhysicalPages,89856,1
78,13520,3812.7120738,1,VSM.StaticCasterCull,67072,1
78,13520,3812.7120738,1,VSM.DynamicCasterCull,34048,1
78,13520,3812.7120738,1,VSM.PageCull,68352,2
78,13520,3812.7120738,1,VSM.StaticRaster,10752,1
78,13520,3812.7120738,1,VSM.FinalizePages,2048,1
78,13520,3812.7120738,1,VSM.DynamicRaster,61952,1
78,13520,3812.7120738,1,VSM.UnityCompatibilityRaster,0,0
78,13520,3812.7120738,1,VSM.Resolve,11425280,1
78,13520,3812.7120738,1,VSM.ResolveTrace,11201536,1
78,13520,3812.7120738,1,VSM.FilterHorizontal,66048,1
78,13520,3812.7120738,1,VSM.FilterVertical,0,0
78,13520,3812.7120738,1,VSM.FilterTemporalVertical,156672,1
79,13521,3812.7362794,1,VSM.LayoutRemap,0,1
79,13521,3812.7362794,1,VSM.ResetFeedback,0,1
79,13521,3812.7362794,1,VSM.MarkReceiverPages,652800,1
79,13521,3812.7362794,1,VSM.Allocate,232192,1
79,13521,3812.7362794,1,VSM.InvalidateStatic,0,0
79,13521,3812.7362794,1,VSM.ClearPhysicalPages,90112,1
79,13521,3812.7362794,1,VSM.StaticCasterCull,65792,1
79,13521,3812.7362794,1,VSM.DynamicCasterCull,34304,1
79,13521,3812.7362794,1,VSM.PageCull,67584,2
79,13521,3812.7362794,1,VSM.StaticRaster,5888,1
79,13521,3812.7362794,1,VSM.FinalizePages,2048,1
79,13521,3812.7362794,1,VSM.DynamicRaster,62720,1
79,13521,3812.7362794,1,VSM.UnityCompatibilityRaster,0,0
79,13521,3812.7362794,1,VSM.Resolve,11051008,1
79,13521,3812.7362794,1,VSM.ResolveTrace,10827264,1
79,13521,3812.7362794,1,VSM.FilterHorizontal,68096,1
79,13521,3812.7362794,1,VSM.FilterVertical,0,0
79,13521,3812.7362794,1,VSM.FilterTemporalVertical,154368,1
80,13522,3812.7587753,1,VSM.LayoutRemap,0,1
80,13522,3812.7587753,1,VSM.ResetFeedback,0,1
80,13522,3812.7587753,1,VSM.MarkReceiverPages,1134592,1
80,13522,3812.7587753,1,VSM.Allocate,237568,1
80,13522,3812.7587753,1,VSM.InvalidateStatic,0,0
80,13522,3812.7587753,1,VSM.ClearPhysicalPages,90880,1
80,13522,3812.7587753,1,VSM.StaticCasterCull,66304,1
80,13522,3812.7587753,1,VSM.DynamicCasterCull,33536,1
80,13522,3812.7587753,1,VSM.PageCull,66560,2
80,13522,3812.7587753,1,VSM.StaticRaster,6912,1
80,13522,3812.7587753,1,VSM.FinalizePages,2304,1
80,13522,3812.7587753,1,VSM.DynamicRaster,62464,1
80,13522,3812.7587753,1,VSM.UnityCompatibilityRaster,0,0
80,13522,3812.7587753,1,VSM.Resolve,9584128,1
80,13522,3812.7587753,1,VSM.ResolveTrace,9362432,1
80,13522,3812.7587753,1,VSM.FilterHorizontal,65536,1
80,13522,3812.7587753,1,VSM.FilterVertical,0,0
80,13522,3812.7587753,1,VSM.FilterTemporalVertical,155136,1
81,13523,3812.7835250999997,1,VSM.LayoutRemap,0,1
81,13523,3812.7835250999997,1,VSM.ResetFeedback,0,1
81,13523,3812.7835250999997,1,VSM.MarkReceiverPages,649216,1
81,13523,3812.7835250999997,1,VSM.Allocate,232192,1
81,13523,3812.7835250999997,1,VSM.InvalidateStatic,0,0
81,13523,3812.7835250999997,1,VSM.ClearPhysicalPages,89344,1
81,13523,3812.7835250999997,1,VSM.StaticCasterCull,67584,1
81,13523,3812.7835250999997,1,VSM.DynamicCasterCull,34560,1
81,13523,3812.7835250999997,1,VSM.PageCull,68608,2
81,13523,3812.7835250999997,1,VSM.StaticRaster,7168,1
81,13523,3812.7835250999997,1,VSM.FinalizePages,2304,1
81,13523,3812.7835250999997,1,VSM.DynamicRaster,62720,1
81,13523,3812.7835250999997,1,VSM.UnityCompatibilityRaster,0,0
81,13523,3812.7835250999997,1,VSM.Resolve,11213056,1
81,13523,3812.7835250999997,1,VSM.ResolveTrace,10817024,1
81,13523,3812.7835250999997,1,VSM.FilterHorizontal,67584,1
81,13523,3812.7835250999997,1,VSM.FilterVertical,0,0
81,13523,3812.7835250999997,1,VSM.FilterTemporalVertical,156416,1
82,13524,3812.8065687999997,1,VSM.LayoutRemap,0,1
82,13524,3812.8065687999997,1,VSM.ResetFeedback,0,1
82,13524,3812.8065687999997,1,VSM.MarkReceiverPages,649472,1
82,13524,3812.8065687999997,1,VSM.Allocate,230144,1
82,13524,3812.8065687999997,1,VSM.InvalidateStatic,0,0
82,13524,3812.8065687999997,1,VSM.ClearPhysicalPages,90880,1
82,13524,3812.8065687999997,1,VSM.StaticCasterCull,68608,1
82,13524,3812.8065687999997,1,VSM.DynamicCasterCull,34816,1
82,13524,3812.8065687999997,1,VSM.PageCull,69632,2
82,13524,3812.8065687999997,1,VSM.StaticRaster,6912,1
82,13524,3812.8065687999997,1,VSM.FinalizePages,2304,1
82,13524,3812.8065687999997,1,VSM.DynamicRaster,61952,1
82,13524,3812.8065687999997,1,VSM.UnityCompatibilityRaster,0,0
82,13524,3812.8065687999997,1,VSM.Resolve,10535424,1
82,13524,3812.8065687999997,1,VSM.ResolveTrace,10311168,1
82,13524,3812.8065687999997,1,VSM.FilterHorizontal,67584,1
82,13524,3812.8065687999997,1,VSM.FilterVertical,0,0
82,13524,3812.8065687999997,1,VSM.FilterTemporalVertical,155392,1
83,13525,3812.829314,1,VSM.LayoutRemap,0,1
83,13525,3812.829314,1,VSM.ResetFeedback,0,1
83,13525,3812.829314,1,VSM.MarkReceiverPages,653312,1
83,13525,3812.829314,1,VSM.Allocate,231936,1
83,13525,3812.829314,1,VSM.InvalidateStatic,0,0
83,13525,3812.829314,1,VSM.ClearPhysicalPages,90624,1
83,13525,3812.829314,1,VSM.StaticCasterCull,65536,1
83,13525,3812.829314,1,VSM.DynamicCasterCull,34304,1
83,13525,3812.829314,1,VSM.PageCull,66816,2
83,13525,3812.829314,1,VSM.StaticRaster,3328,1
83,13525,3812.829314,1,VSM.FinalizePages,2304,1
83,13525,3812.829314,1,VSM.DynamicRaster,44800,1
83,13525,3812.829314,1,VSM.UnityCompatibilityRaster,0,0
83,13525,3812.829314,1,VSM.Resolve,11843072,1
83,13525,3812.829314,1,VSM.ResolveTrace,11438080,1
83,13525,3812.829314,1,VSM.FilterHorizontal,66048,1
83,13525,3812.829314,1,VSM.FilterVertical,0,0
83,13525,3812.829314,1,VSM.FilterTemporalVertical,156160,1
84,13526,3812.8511694,1,VSM.LayoutRemap,0,1
84,13526,3812.8511694,1,VSM.ResetFeedback,0,1
84,13526,3812.8511694,1,VSM.MarkReceiverPages,650496,1
84,13526,3812.8511694,1,VSM.Allocate,231936,1
84,13526,3812.8511694,1,VSM.InvalidateStatic,0,0
84,13526,3812.8511694,1,VSM.ClearPhysicalPages,463616,1
84,13526,3812.8511694,1,VSM.StaticCasterCull,76800,1
84,13526,3812.8511694,1,VSM.DynamicCasterCull,35584,1
84,13526,3812.8511694,1,VSM.PageCull,69120,2
84,13526,3812.8511694,1,VSM.StaticRaster,6912,1
84,13526,3812.8511694,1,VSM.FinalizePages,2560,1
84,13526,3812.8511694,1,VSM.DynamicRaster,44800,1
84,13526,3812.8511694,1,VSM.UnityCompatibilityRaster,0,0
84,13526,3812.8511694,1,VSM.Resolve,10985728,1
84,13526,3812.8511694,1,VSM.ResolveTrace,10764288,1
84,13526,3812.8511694,1,VSM.FilterHorizontal,65792,1
84,13526,3812.8511694,1,VSM.FilterVertical,0,0
84,13526,3812.8511694,1,VSM.FilterTemporalVertical,154624,1
85,13527,3812.8746419,1,VSM.LayoutRemap,0,1
85,13527,3812.8746419,1,VSM.ResetFeedback,0,1
85,13527,3812.8746419,1,VSM.MarkReceiverPages,651776,1
85,13527,3812.8746419,1,VSM.Allocate,231168,1
85,13527,3812.8746419,1,VSM.InvalidateStatic,0,0
85,13527,3812.8746419,1,VSM.ClearPhysicalPages,89088,1
85,13527,3812.8746419,1,VSM.StaticCasterCull,68864,1
85,13527,3812.8746419,1,VSM.DynamicCasterCull,36864,1
85,13527,3812.8746419,1,VSM.PageCull,72192,2
85,13527,3812.8746419,1,VSM.StaticRaster,9472,1
85,13527,3812.8746419,1,VSM.FinalizePages,2048,1
85,13527,3812.8746419,1,VSM.DynamicRaster,45056,1
85,13527,3812.8746419,1,VSM.UnityCompatibilityRaster,0,0
85,13527,3812.8746419,1,VSM.Resolve,11234816,1
85,13527,3812.8746419,1,VSM.ResolveTrace,11010048,1
85,13527,3812.8746419,1,VSM.FilterHorizontal,67840,1
85,13527,3812.8746419,1,VSM.FilterVertical,0,0
85,13527,3812.8746419,1,VSM.FilterTemporalVertical,155904,1
86,13528,3812.897828,1,VSM.LayoutRemap,0,1
86,13528,3812.897828,1,VSM.ResetFeedback,0,1
86,13528,3812.897828,1,VSM.MarkReceiverPages,653568,1
86,13528,3812.897828,1,VSM.Allocate,232960,1
86,13528,3812.897828,1,VSM.InvalidateStatic,0,0
86,13528,3812.897828,1,VSM.ClearPhysicalPages,91392,1
86,13528,3812.897828,1,VSM.StaticCasterCull,69120,1
86,13528,3812.897828,1,VSM.DynamicCasterCull,34048,1
86,13528,3812.897828,1,VSM.PageCull,69888,2
86,13528,3812.897828,1,VSM.StaticRaster,5632,1
86,13528,3812.897828,1,VSM.FinalizePages,2304,1
86,13528,3812.897828,1,VSM.DynamicRaster,43776,1
86,13528,3812.897828,1,VSM.UnityCompatibilityRaster,0,0
86,13528,3812.897828,1,VSM.Resolve,10858496,1
86,13528,3812.897828,1,VSM.ResolveTrace,10631936,1
86,13528,3812.897828,1,VSM.FilterHorizontal,67840,1
86,13528,3812.897828,1,VSM.FilterVertical,0,0
86,13528,3812.897828,1,VSM.FilterTemporalVertical,157696,1
87,13529,3812.9217281,1,VSM.LayoutRemap,0,1
87,13529,3812.9217281,1,VSM.ResetFeedback,0,1
87,13529,3812.9217281,1,VSM.MarkReceiverPages,652032,1
87,13529,3812.9217281,1,VSM.Allocate,233728,1
87,13529,3812.9217281,1,VSM.InvalidateStatic,0,0
87,13529,3812.9217281,1,VSM.ClearPhysicalPages,89856,1
87,13529,3812.9217281,1,VSM.StaticCasterCull,67072,1
87,13529,3812.9217281,1,VSM.DynamicCasterCull,34304,1
87,13529,3812.9217281,1,VSM.PageCull,68608,2
87,13529,3812.9217281,1,VSM.StaticRaster,7424,1
87,13529,3812.9217281,1,VSM.FinalizePages,2048,1
87,13529,3812.9217281,1,VSM.DynamicRaster,51456,1
87,13529,3812.9217281,1,VSM.UnityCompatibilityRaster,0,0
87,13529,3812.9217281,1,VSM.Resolve,11927808,1
87,13529,3812.9217281,1,VSM.ResolveTrace,11323904,1
87,13529,3812.9217281,1,VSM.FilterHorizontal,66816,1
87,13529,3812.9217281,1,VSM.FilterVertical,0,0
87,13529,3812.9217281,1,VSM.FilterTemporalVertical,535808,1
88,13530,3812.9466499,1,VSM.LayoutRemap,0,1
88,13530,3812.9466499,1,VSM.ResetFeedback,0,1
88,13530,3812.9466499,1,VSM.MarkReceiverPages,653824,1
88,13530,3812.9466499,1,VSM.Allocate,230144,1
88,13530,3812.9466499,1,VSM.InvalidateStatic,0,0
88,13530,3812.9466499,1,VSM.ClearPhysicalPages,464128,1
88,13530,3812.9466499,1,VSM.StaticCasterCull,75008,1
88,13530,3812.9466499,1,VSM.DynamicCasterCull,34816,1
88,13530,3812.9466499,1,VSM.PageCull,69632,2
88,13530,3812.9466499,1,VSM.StaticRaster,6912,1
88,13530,3812.9466499,1,VSM.FinalizePages,2048,1
88,13530,3812.9466499,1,VSM.DynamicRaster,49920,1
88,13530,3812.9466499,1,VSM.UnityCompatibilityRaster,0,0
88,13530,3812.9466499,1,VSM.Resolve,11789824,1
88,13530,3812.9466499,1,VSM.ResolveTrace,11564544,1
88,13530,3812.9466499,1,VSM.FilterHorizontal,67072,1
88,13530,3812.9466499,1,VSM.FilterVertical,0,0
88,13530,3812.9466499,1,VSM.FilterTemporalVertical,157184,1
89,13531,3812.9713017999998,1,VSM.LayoutRemap,0,1
89,13531,3812.9713017999998,1,VSM.ResetFeedback,0,1
89,13531,3812.9713017999998,1,VSM.MarkReceiverPages,652800,1
89,13531,3812.9713017999998,1,VSM.Allocate,232704,1
89,13531,3812.9713017999998,1,VSM.InvalidateStatic,0,0
89,13531,3812.9713017999998,1,VSM.ClearPhysicalPages,89600,1
89,13531,3812.9713017999998,1,VSM.StaticCasterCull,68096,1
89,13531,3812.9713017999998,1,VSM.DynamicCasterCull,35072,1
89,13531,3812.9713017999998,1,VSM.PageCull,70144,2
89,13531,3812.9713017999998,1,VSM.StaticRaster,7424,1
89,13531,3812.9713017999998,1,VSM.FinalizePages,2048,1
89,13531,3812.9713017999998,1,VSM.DynamicRaster,62720,1
89,13531,3812.9713017999998,1,VSM.UnityCompatibilityRaster,0,0
89,13531,3812.9713017999998,1,VSM.Resolve,10784512,1
89,13531,3812.9713017999998,1,VSM.ResolveTrace,10559744,1
89,13531,3812.9713017999998,1,VSM.FilterHorizontal,67584,1
89,13531,3812.9713017999998,1,VSM.FilterVertical,0,0
89,13531,3812.9713017999998,1,VSM.FilterTemporalVertical,155904,1
90,13532,3812.9959335999997,1,VSM.LayoutRemap,0,1
90,13532,3812.9959335999997,1,VSM.ResetFeedback,0,1
90,13532,3812.9959335999997,1,VSM.MarkReceiverPages,653312,1
90,13532,3812.9959335999997,1,VSM.Allocate,232960,1
90,13532,3812.9959335999997,1,VSM.InvalidateStatic,0,0
90,13532,3812.9959335999997,1,VSM.ClearPhysicalPages,273664,1
90,13532,3812.9959335999997,1,VSM.StaticCasterCull,437504,1
90,13532,3812.9959335999997,1,VSM.DynamicCasterCull,43520,1
90,13532,3812.9959335999997,1,VSM.PageCull,79360,2
90,13532,3812.9959335999997,1,VSM.StaticRaster,8704,1
90,13532,3812.9959335999997,1,VSM.FinalizePages,2560,1
90,13532,3812.9959335999997,1,VSM.DynamicRaster,62208,1
90,13532,3812.9959335999997,1,VSM.UnityCompatibilityRaster,0,0
90,13532,3812.9959335999997,1,VSM.Resolve,11966208,1
90,13532,3812.9959335999997,1,VSM.ResolveTrace,11741696,1
90,13532,3812.9959335999997,1,VSM.FilterHorizontal,67840,1
90,13532,3812.9959335999997,1,VSM.FilterVertical,0,0
90,13532,3812.9959335999997,1,VSM.FilterTemporalVertical,155392,1
91,13533,3813.0190665,1,VSM.LayoutRemap,256,1
91,13533,3813.0190665,1,VSM.ResetFeedback,0,1
91,13533,3813.0190665,1,VSM.MarkReceiverPages,857856,1
91,13533,3813.0190665,1,VSM.Allocate,232960,1
91,13533,3813.0190665,1,VSM.InvalidateStatic,0,0
91,13533,3813.0190665,1,VSM.ClearPhysicalPages,91136,1
91,13533,3813.0190665,1,VSM.StaticCasterCull,64768,1
91,13533,3813.0190665,1,VSM.DynamicCasterCull,33792,1
91,13533,3813.0190665,1,VSM.PageCull,65792,2
91,13533,3813.0190665,1,VSM.StaticRaster,5632,1
91,13533,3813.0190665,1,VSM.FinalizePages,2560,1
91,13533,3813.0190665,1,VSM.DynamicRaster,61952,1
91,13533,3813.0190665,1,VSM.UnityCompatibilityRaster,0,0
91,13533,3813.0190665,1,VSM.Resolve,11950080,1
91,13533,3813.0190665,1,VSM.ResolveTrace,11721984,1
91,13533,3813.0190665,1,VSM.FilterHorizontal,68352,1
91,13533,3813.0190665,1,VSM.FilterVertical,0,0
91,13533,3813.0190665,1,VSM.FilterTemporalVertical,158464,1
92,13534,3813.0419048,1,VSM.LayoutRemap,0,1
92,13534,3813.0419048,1,VSM.ResetFeedback,0,1
92,13534,3813.0419048,1,VSM.MarkReceiverPages,843776,1
92,13534,3813.0419048,1,VSM.Allocate,232192,1
92,13534,3813.0419048,1,VSM.InvalidateStatic,0,0
92,13534,3813.0419048,1,VSM.ClearPhysicalPages,90112,1
92,13534,3813.0419048,1,VSM.StaticCasterCull,68864,1
92,13534,3813.0419048,1,VSM.DynamicCasterCull,36608,1
92,13534,3813.0419048,1,VSM.PageCull,72704,2
92,13534,3813.0419048,1,VSM.StaticRaster,9472,1
92,13534,3813.0419048,1,VSM.FinalizePages,151296,1
92,13534,3813.0419048,1,VSM.DynamicRaster,62208,1
92,13534,3813.0419048,1,VSM.UnityCompatibilityRaster,0,0
92,13534,3813.0419048,1,VSM.Resolve,11880192,1
92,13534,3813.0419048,1,VSM.ResolveTrace,11468288,1
92,13534,3813.0419048,1,VSM.FilterHorizontal,254464,1
92,13534,3813.0419048,1,VSM.FilterVertical,0,0
92,13534,3813.0419048,1,VSM.FilterTemporalVertical,156160,1
93,13535,3813.0662803,1,VSM.LayoutRemap,0,1
93,13535,3813.0662803,1,VSM.ResetFeedback,0,1
93,13535,3813.0662803,1,VSM.MarkReceiverPages,642048,1
93,13535,3813.0662803,1,VSM.Allocate,232960,1
93,13535,3813.0662803,1,VSM.InvalidateStatic,0,0
93,13535,3813.0662803,1,VSM.ClearPhysicalPages,89600,1
93,13535,3813.0662803,1,VSM.StaticCasterCull,67328,1
93,13535,3813.0662803,1,VSM.DynamicCasterCull,34816,1
93,13535,3813.0662803,1,VSM.PageCull,69120,2
93,13535,3813.0662803,1,VSM.StaticRaster,7168,1
93,13535,3813.0662803,1,VSM.FinalizePages,2048,1
93,13535,3813.0662803,1,VSM.DynamicRaster,62208,1
93,13535,3813.0662803,1,VSM.UnityCompatibilityRaster,0,0
93,13535,3813.0662803,1,VSM.Resolve,12182528,1
93,13535,3813.0662803,1,VSM.ResolveTrace,11607040,1
93,13535,3813.0662803,1,VSM.FilterHorizontal,414208,1
93,13535,3813.0662803,1,VSM.FilterVertical,0,0
93,13535,3813.0662803,1,VSM.FilterTemporalVertical,160000,1
94,13536,3813.0898859,1,VSM.LayoutRemap,0,1
94,13536,3813.0898859,1,VSM.ResetFeedback,0,1
94,13536,3813.0898859,1,VSM.MarkReceiverPages,648448,1
94,13536,3813.0898859,1,VSM.Allocate,231168,1
94,13536,3813.0898859,1,VSM.InvalidateStatic,0,0
94,13536,3813.0898859,1,VSM.ClearPhysicalPages,89856,1
94,13536,3813.0898859,1,VSM.StaticCasterCull,68352,1
94,13536,3813.0898859,1,VSM.DynamicCasterCull,36864,1
94,13536,3813.0898859,1,VSM.PageCull,72448,2
94,13536,3813.0898859,1,VSM.StaticRaster,7680,1
94,13536,3813.0898859,1,VSM.FinalizePages,2048,1
94,13536,3813.0898859,1,VSM.DynamicRaster,61440,1
94,13536,3813.0898859,1,VSM.UnityCompatibilityRaster,0,0
94,13536,3813.0898859,1,VSM.Resolve,11524352,1
94,13536,3813.0898859,1,VSM.ResolveTrace,10945792,1
94,13536,3813.0898859,1,VSM.FilterHorizontal,68096,1
94,13536,3813.0898859,1,VSM.FilterVertical,0,0
94,13536,3813.0898859,1,VSM.FilterTemporalVertical,156928,1
95,13537,3813.1163815,1,VSM.LayoutRemap,0,1
95,13537,3813.1163815,1,VSM.ResetFeedback,0,1
95,13537,3813.1163815,1,VSM.MarkReceiverPages,648192,1
95,13537,3813.1163815,1,VSM.Allocate,232448,1
95,13537,3813.1163815,1,VSM.InvalidateStatic,0,0
95,13537,3813.1163815,1,VSM.ClearPhysicalPages,91136,1
95,13537,3813.1163815,1,VSM.StaticCasterCull,66816,1
95,13537,3813.1163815,1,VSM.DynamicCasterCull,34816,1
95,13537,3813.1163815,1,VSM.PageCull,68864,2
95,13537,3813.1163815,1,VSM.StaticRaster,7424,1
95,13537,3813.1163815,1,VSM.FinalizePages,2304,1
95,13537,3813.1163815,1,VSM.DynamicRaster,61440,1
95,13537,3813.1163815,1,VSM.UnityCompatibilityRaster,0,0
95,13537,3813.1163815,1,VSM.Resolve,11134976,1
95,13537,3813.1163815,1,VSM.ResolveTrace,10908672,1
95,13537,3813.1163815,1,VSM.FilterHorizontal,67840,1
95,13537,3813.1163815,1,VSM.FilterVertical,0,0
95,13537,3813.1163815,1,VSM.FilterTemporalVertical,157440,1
96,13538,3813.1409137,1,VSM.LayoutRemap,0,1
96,13538,3813.1409137,1,VSM.ResetFeedback,0,1
96,13538,3813.1409137,1,VSM.MarkReceiverPages,841984,1
96,13538,3813.1409137,1,VSM.Allocate,231936,1
96,13538,3813.1409137,1,VSM.InvalidateStatic,0,0
96,13538,3813.1409137,1,VSM.ClearPhysicalPages,90624,1
96,13538,3813.1409137,1,VSM.StaticCasterCull,68864,1
96,13538,3813.1409137,1,VSM.DynamicCasterCull,34816,1
96,13538,3813.1409137,1,VSM.PageCull,69632,2
96,13538,3813.1409137,1,VSM.StaticRaster,3328,1
96,13538,3813.1409137,1,VSM.FinalizePages,2048,1
96,13538,3813.1409137,1,VSM.DynamicRaster,62976,1
96,13538,3813.1409137,1,VSM.UnityCompatibilityRaster,0,0
96,13538,3813.1409137,1,VSM.Resolve,11500288,1
96,13538,3813.1409137,1,VSM.ResolveTrace,11273472,1
96,13538,3813.1409137,1,VSM.FilterHorizontal,67072,1
96,13538,3813.1409137,1,VSM.FilterVertical,0,0
96,13538,3813.1409137,1,VSM.FilterTemporalVertical,158208,1
97,13539,3813.1646284999997,1,VSM.LayoutRemap,0,1
97,13539,3813.1646284999997,1,VSM.ResetFeedback,0,1
97,13539,3813.1646284999997,1,VSM.MarkReceiverPages,645120,1
97,13539,3813.1646284999997,1,VSM.Allocate,232448,1
97,13539,3813.1646284999997,1,VSM.InvalidateStatic,0,0
97,13539,3813.1646284999997,1,VSM.ClearPhysicalPages,89600,1
97,13539,3813.1646284999997,1,VSM.StaticCasterCull,70144,1
97,13539,3813.1646284999997,1,VSM.DynamicCasterCull,36352,1
97,13539,3813.1646284999997,1,VSM.PageCull,72448,2
97,13539,3813.1646284999997,1,VSM.StaticRaster,6912,1
97,13539,3813.1646284999997,1,VSM.FinalizePages,2048,1
97,13539,3813.1646284999997,1,VSM.DynamicRaster,269056,1
97,13539,3813.1646284999997,1,VSM.UnityCompatibilityRaster,0,0
97,13539,3813.1646284999997,1,VSM.Resolve,11627520,1
97,13539,3813.1646284999997,1,VSM.ResolveTrace,11400960,1
97,13539,3813.1646284999997,1,VSM.FilterHorizontal,68352,1
97,13539,3813.1646284999997,1,VSM.FilterVertical,0,0
97,13539,3813.1646284999997,1,VSM.FilterTemporalVertical,157440,1
98,13540,3813.1890432,1,VSM.LayoutRemap,0,1
98,13540,3813.1890432,1,VSM.ResetFeedback,0,1
98,13540,3813.1890432,1,VSM.MarkReceiverPages,644096,1
98,13540,3813.1890432,1,VSM.Allocate,232704,1
98,13540,3813.1890432,1,VSM.InvalidateStatic,0,0
98,13540,3813.1890432,1,VSM.ClearPhysicalPages,91392,1
98,13540,3813.1890432,1,VSM.StaticCasterCull,67328,1
98,13540,3813.1890432,1,VSM.DynamicCasterCull,35840,1
98,13540,3813.1890432,1,VSM.PageCull,70400,2
98,13540,3813.1890432,1,VSM.StaticRaster,7168,1
98,13540,3813.1890432,1,VSM.FinalizePages,2304,1
98,13540,3813.1890432,1,VSM.DynamicRaster,61952,1
98,13540,3813.1890432,1,VSM.UnityCompatibilityRaster,0,0
98,13540,3813.1890432,1,VSM.Resolve,10358272,1
98,13540,3813.1890432,1,VSM.ResolveTrace,10134016,1
98,13540,3813.1890432,1,VSM.FilterHorizontal,67328,1
98,13540,3813.1890432,1,VSM.FilterVertical,0,0
98,13540,3813.1890432,1,VSM.FilterTemporalVertical,155904,1
99,13541,3813.2128909999997,1,VSM.LayoutRemap,0,1
99,13541,3813.2128909999997,1,VSM.ResetFeedback,0,1
99,13541,3813.2128909999997,1,VSM.MarkReceiverPages,646144,1
99,13541,3813.2128909999997,1,VSM.Allocate,230400,1
99,13541,3813.2128909999997,1,VSM.InvalidateStatic,0,0
99,13541,3813.2128909999997,1,VSM.ClearPhysicalPages,909312,1
99,13541,3813.2128909999997,1,VSM.StaticCasterCull,72704,1
99,13541,3813.2128909999997,1,VSM.DynamicCasterCull,33792,1
99,13541,3813.2128909999997,1,VSM.PageCull,68864,2
99,13541,3813.2128909999997,1,VSM.StaticRaster,7424,1
99,13541,3813.2128909999997,1,VSM.FinalizePages,2304,1
99,13541,3813.2128909999997,1,VSM.DynamicRaster,61952,1
99,13541,3813.2128909999997,1,VSM.UnityCompatibilityRaster,0,0
99,13541,3813.2128909999997,1,VSM.Resolve,10974464,1
99,13541,3813.2128909999997,1,VSM.ResolveTrace,10745856,1
99,13541,3813.2128909999997,1,VSM.FilterHorizontal,68096,1
99,13541,3813.2128909999997,1,VSM.FilterVertical,0,0
99,13541,3813.2128909999997,1,VSM.FilterTemporalVertical,159744,1
100,13542,3813.2370831999997,1,VSM.LayoutRemap,0,1
100,13542,3813.2370831999997,1,VSM.ResetFeedback,0,1
100,13542,3813.2370831999997,1,VSM.MarkReceiverPages,646656,1
100,13542,3813.2370831999997,1,VSM.Allocate,230912,1
100,13542,3813.2370831999997,1,VSM.InvalidateStatic,0,0
100,13542,3813.2370831999997,1,VSM.ClearPhysicalPages,90624,1
100,13542,3813.2370831999997,1,VSM.StaticCasterCull,65280,1
100,13542,3813.2370831999997,1,VSM.DynamicCasterCull,33280,1
100,13542,3813.2370831999997,1,VSM.PageCull,66048,2
100,13542,3813.2370831999997,1,VSM.StaticRaster,6656,1
100,13542,3813.2370831999997,1,VSM.FinalizePages,2304,1
100,13542,3813.2370831999997,1,VSM.DynamicRaster,62464,1
100,13542,3813.2370831999997,1,VSM.UnityCompatibilityRaster,0,0
100,13542,3813.2370831999997,1,VSM.Resolve,11378944,1
100,13542,3813.2370831999997,1,VSM.ResolveTrace,11152384,1
100,13542,3813.2370831999997,1,VSM.FilterHorizontal,67840,1
100,13542,3813.2370831999997,1,VSM.FilterVertical,0,0
100,13542,3813.2370831999997,1,VSM.FilterTemporalVertical,157696,1
101,13543,3813.2621707999997,1,VSM.LayoutRemap,0,1
101,13543,3813.2621707999997,1,VSM.ResetFeedback,0,1
101,13543,3813.2621707999997,1,VSM.MarkReceiverPages,642304,1
101,13543,3813.2621707999997,1,VSM.Allocate,231424,1
101,13543,3813.2621707999997,1,VSM.InvalidateStatic,0,0
101,13543,3813.2621707999997,1,VSM.ClearPhysicalPages,89856,1
101,13543,3813.2621707999997,1,VSM.StaticCasterCull,68352,1
101,13543,3813.2621707999997,1,VSM.DynamicCasterCull,34560,1
101,13543,3813.2621707999997,1,VSM.PageCull,69888,2
101,13543,3813.2621707999997,1,VSM.StaticRaster,7680,1
101,13543,3813.2621707999997,1,VSM.FinalizePages,2048,1
101,13543,3813.2621707999997,1,VSM.DynamicRaster,62720,1
101,13543,3813.2621707999997,1,VSM.UnityCompatibilityRaster,0,0
101,13543,3813.2621707999997,1,VSM.Resolve,11283712,1
101,13543,3813.2621707999997,1,VSM.ResolveTrace,10696192,1
101,13543,3813.2621707999997,1,VSM.FilterHorizontal,66048,1
101,13543,3813.2621707999997,1,VSM.FilterVertical,0,0
101,13543,3813.2621707999997,1,VSM.FilterTemporalVertical,520192,1
102,13544,3813.2869038,1,VSM.LayoutRemap,0,1
102,13544,3813.2869038,1,VSM.ResetFeedback,0,1
102,13544,3813.2869038,1,VSM.MarkReceiverPages,648192,1
102,13544,3813.2869038,1,VSM.Allocate,233472,1
102,13544,3813.2869038,1,VSM.InvalidateStatic,0,0
102,13544,3813.2869038,1,VSM.ClearPhysicalPages,90624,1
102,13544,3813.2869038,1,VSM.StaticCasterCull,67840,1
102,13544,3813.2869038,1,VSM.DynamicCasterCull,35072,1
102,13544,3813.2869038,1,VSM.PageCull,69632,2
102,13544,3813.2869038,1,VSM.StaticRaster,3328,1
102,13544,3813.2869038,1,VSM.FinalizePages,2304,1
102,13544,3813.2869038,1,VSM.DynamicRaster,62464,1
102,13544,3813.2869038,1,VSM.UnityCompatibilityRaster,0,0
102,13544,3813.2869038,1,VSM.Resolve,11714560,1
102,13544,3813.2869038,1,VSM.ResolveTrace,11487744,1
102,13544,3813.2869038,1,VSM.FilterHorizontal,67584,1
102,13544,3813.2869038,1,VSM.FilterVertical,0,0
102,13544,3813.2869038,1,VSM.FilterTemporalVertical,158208,1
103,13545,3813.3110418,1,VSM.LayoutRemap,0,1
103,13545,3813.3110418,1,VSM.ResetFeedback,0,1
103,13545,3813.3110418,1,VSM.MarkReceiverPages,647424,1
103,13545,3813.3110418,1,VSM.Allocate,233216,1
103,13545,3813.3110418,1,VSM.InvalidateStatic,0,0
103,13545,3813.3110418,1,VSM.ClearPhysicalPages,89856,1
103,13545,3813.3110418,1,VSM.StaticCasterCull,68352,1
103,13545,3813.3110418,1,VSM.DynamicCasterCull,35840,1
103,13545,3813.3110418,1,VSM.PageCull,71168,2
103,13545,3813.3110418,1,VSM.StaticRaster,7424,1
103,13545,3813.3110418,1,VSM.FinalizePages,1792,1
103,13545,3813.3110418,1,VSM.DynamicRaster,61952,1
103,13545,3813.3110418,1,VSM.UnityCompatibilityRaster,0,0
103,13545,3813.3110418,1,VSM.Resolve,11288576,1
103,13545,3813.3110418,1,VSM.ResolveTrace,10874880,1
103,13545,3813.3110418,1,VSM.FilterHorizontal,67072,1
103,13545,3813.3110418,1,VSM.FilterVertical,0,0
103,13545,3813.3110418,1,VSM.FilterTemporalVertical,345344,1
104,13546,3813.3364244,1,VSM.LayoutRemap,0,1
104,13546,3813.3364244,1,VSM.ResetFeedback,0,1
104,13546,3813.3364244,1,VSM.MarkReceiverPages,645632,1
104,13546,3813.3364244,1,VSM.Allocate,229888,1
104,13546,3813.3364244,1,VSM.InvalidateStatic,0,0
104,13546,3813.3364244,1,VSM.ClearPhysicalPages,89088,1
104,13546,3813.3364244,1,VSM.StaticCasterCull,60672,1
104,13546,3813.3364244,1,VSM.DynamicCasterCull,33792,1
104,13546,3813.3364244,1,VSM.PageCull,61440,2
104,13546,3813.3364244,1,VSM.StaticRaster,3328,1
104,13546,3813.3364244,1,VSM.FinalizePages,2048,1
104,13546,3813.3364244,1,VSM.DynamicRaster,44032,1
104,13546,3813.3364244,1,VSM.UnityCompatibilityRaster,0,0
104,13546,3813.3364244,1,VSM.Resolve,11145728,1
104,13546,3813.3364244,1,VSM.ResolveTrace,10924800,1
104,13546,3813.3364244,1,VSM.FilterHorizontal,65536,1
104,13546,3813.3364244,1,VSM.FilterVertical,0,0
104,13546,3813.3364244,1,VSM.FilterTemporalVertical,154624,1
105,13547,3813.3609696,1,VSM.LayoutRemap,0,1
105,13547,3813.3609696,1,VSM.ResetFeedback,0,1
105,13547,3813.3609696,1,VSM.MarkReceiverPages,650496,1
105,13547,3813.3609696,1,VSM.Allocate,232192,1
105,13547,3813.3609696,1,VSM.InvalidateStatic,0,0
105,13547,3813.3609696,1,VSM.ClearPhysicalPages,89600,1
105,13547,3813.3609696,1,VSM.StaticCasterCull,68352,1
105,13547,3813.3609696,1,VSM.DynamicCasterCull,34304,1
105,13547,3813.3609696,1,VSM.PageCull,70144,2
105,13547,3813.3609696,1,VSM.StaticRaster,7680,1
105,13547,3813.3609696,1,VSM.FinalizePages,1792,1
105,13547,3813.3609696,1,VSM.DynamicRaster,45056,1
105,13547,3813.3609696,1,VSM.UnityCompatibilityRaster,0,0
105,13547,3813.3609696,1,VSM.Resolve,10955264,1
105,13547,3813.3609696,1,VSM.ResolveTrace,10729472,1
105,13547,3813.3609696,1,VSM.FilterHorizontal,68096,1
105,13547,3813.3609696,1,VSM.FilterVertical,0,0
105,13547,3813.3609696,1,VSM.FilterTemporalVertical,156416,1
106,13548,3813.3865014999997,1,VSM.LayoutRemap,256,1
106,13548,3813.3865014999997,1,VSM.ResetFeedback,0,1
106,13548,3813.3865014999997,1,VSM.MarkReceiverPages,645632,1
106,13548,3813.3865014999997,1,VSM.Allocate,232448,1
106,13548,3813.3865014999997,1,VSM.InvalidateStatic,0,0
106,13548,3813.3865014999997,1,VSM.ClearPhysicalPages,89856,1
106,13548,3813.3865014999997,1,VSM.StaticCasterCull,66816,1
106,13548,3813.3865014999997,1,VSM.DynamicCasterCull,34304,1
106,13548,3813.3865014999997,1,VSM.PageCull,67840,2
106,13548,3813.3865014999997,1,VSM.StaticRaster,8192,1
106,13548,3813.3865014999997,1,VSM.FinalizePages,2048,1
106,13548,3813.3865014999997,1,VSM.DynamicRaster,45056,1
106,13548,3813.3865014999997,1,VSM.UnityCompatibilityRaster,0,0
106,13548,3813.3865014999997,1,VSM.Resolve,11268352,1
106,13548,3813.3865014999997,1,VSM.ResolveTrace,10680064,1
106,13548,3813.3865014999997,1,VSM.FilterHorizontal,68352,1
106,13548,3813.3865014999997,1,VSM.FilterVertical,0,0
106,13548,3813.3865014999997,1,VSM.FilterTemporalVertical,159744,1
107,13549,3813.4115586,1,VSM.LayoutRemap,0,1
107,13549,3813.4115586,1,VSM.ResetFeedback,0,1
107,13549,3813.4115586,1,VSM.MarkReceiverPages,650496,1
107,13549,3813.4115586,1,VSM.Allocate,232960,1
107,13549,3813.4115586,1,VSM.InvalidateStatic,0,0
107,13549,3813.4115586,1,VSM.ClearPhysicalPages,461568,1
107,13549,3813.4115586,1,VSM.StaticCasterCull,66816,1
107,13549,3813.4115586,1,VSM.DynamicCasterCull,34048,1
107,13549,3813.4115586,1,VSM.PageCull,66560,2
107,13549,3813.4115586,1,VSM.StaticRaster,7424,1
107,13549,3813.4115586,1,VSM.FinalizePages,2304,1
107,13549,3813.4115586,1,VSM.DynamicRaster,44800,1
107,13549,3813.4115586,1,VSM.UnityCompatibilityRaster,0,0
107,13549,3813.4115586,1,VSM.Resolve,10269184,1
107,13549,3813.4115586,1,VSM.ResolveTrace,10048256,1
107,13549,3813.4115586,1,VSM.FilterHorizontal,65024,1
107,13549,3813.4115586,1,VSM.FilterVertical,0,0
107,13549,3813.4115586,1,VSM.FilterTemporalVertical,154880,1
108,13550,3813.4355737,1,VSM.LayoutRemap,0,1
108,13550,3813.4355737,1,VSM.ResetFeedback,0,1
108,13550,3813.4355737,1,VSM.MarkReceiverPages,649728,1
108,13550,3813.4355737,1,VSM.Allocate,268288,1
108,13550,3813.4355737,1,VSM.InvalidateStatic,0,0
108,13550,3813.4355737,1,VSM.ClearPhysicalPages,90368,1
108,13550,3813.4355737,1,VSM.StaticCasterCull,67328,1
108,13550,3813.4355737,1,VSM.DynamicCasterCull,39424,1
108,13550,3813.4355737,1,VSM.PageCull,73728,2
108,13550,3813.4355737,1,VSM.StaticRaster,36608,1
108,13550,3813.4355737,1,VSM.FinalizePages,2048,1
108,13550,3813.4355737,1,VSM.DynamicRaster,49152,1
108,13550,3813.4355737,1,VSM.UnityCompatibilityRaster,0,0
108,13550,3813.4355737,1,VSM.Resolve,10701312,1
108,13550,3813.4355737,1,VSM.ResolveTrace,10478592,1
108,13550,3813.4355737,1,VSM.FilterHorizontal,65536,1
108,13550,3813.4355737,1,VSM.FilterVertical,0,0
108,13550,3813.4355737,1,VSM.FilterTemporalVertical,155904,1
109,13551,3813.4637712,1,VSM.LayoutRemap,0,1
109,13551,3813.4637712,1,VSM.ResetFeedback,0,1
109,13551,3813.4637712,1,VSM.MarkReceiverPages,649984,1
109,13551,3813.4637712,1,VSM.Allocate,268544,1
109,13551,3813.4637712,1,VSM.InvalidateStatic,0,0
109,13551,3813.4637712,1,VSM.ClearPhysicalPages,91392,1
109,13551,3813.4637712,1,VSM.StaticCasterCull,64256,1
109,13551,3813.4637712,1,VSM.DynamicCasterCull,36864,1
109,13551,3813.4637712,1,VSM.PageCull,67840,2
109,13551,3813.4637712,1,VSM.StaticRaster,25600,1
109,13551,3813.4637712,1,VSM.FinalizePages,2048,1
109,13551,3813.4637712,1,VSM.DynamicRaster,60416,1
109,13551,3813.4637712,1,VSM.UnityCompatibilityRaster,0,0
109,13551,3813.4637712,1,VSM.Resolve,11706880,1
109,13551,3813.4637712,1,VSM.ResolveTrace,10923264,1
109,13551,3813.4637712,1,VSM.FilterHorizontal,67840,1
109,13551,3813.4637712,1,VSM.FilterVertical,0,0
109,13551,3813.4637712,1,VSM.FilterTemporalVertical,714496,1
110,13552,3813.4875315,1,VSM.LayoutRemap,0,1
110,13552,3813.4875315,1,VSM.ResetFeedback,0,1
110,13552,3813.4875315,1,VSM.MarkReceiverPages,649472,1
110,13552,3813.4875315,1,VSM.Allocate,231424,1
110,13552,3813.4875315,1,VSM.InvalidateStatic,0,0
110,13552,3813.4875315,1,VSM.ClearPhysicalPages,89088,1
110,13552,3813.4875315,1,VSM.StaticCasterCull,69120,1
110,13552,3813.4875315,1,VSM.DynamicCasterCull,35840,1
110,13552,3813.4875315,1,VSM.PageCull,72192,2
110,13552,3813.4875315,1,VSM.StaticRaster,6912,1
110,13552,3813.4875315,1,VSM.FinalizePages,2048,1
110,13552,3813.4875315,1,VSM.DynamicRaster,62720,1
110,13552,3813.4875315,1,VSM.UnityCompatibilityRaster,0,0
110,13552,3813.4875315,1,VSM.Resolve,10831616,1
110,13552,3813.4875315,1,VSM.ResolveTrace,10609408,1
110,13552,3813.4875315,1,VSM.FilterHorizontal,65280,1
110,13552,3813.4875315,1,VSM.FilterVertical,0,0
110,13552,3813.4875315,1,VSM.FilterTemporalVertical,155904,1
111,13553,3813.5127473,1,VSM.LayoutRemap,0,1
111,13553,3813.5127473,1,VSM.ResetFeedback,0,1
111,13553,3813.5127473,1,VSM.MarkReceiverPages,654336,1
111,13553,3813.5127473,1,VSM.Allocate,231168,1
111,13553,3813.5127473,1,VSM.InvalidateStatic,0,0
111,13553,3813.5127473,1,VSM.ClearPhysicalPages,91136,1
111,13553,3813.5127473,1,VSM.StaticCasterCull,65792,1
111,13553,3813.5127473,1,VSM.DynamicCasterCull,34048,1
111,13553,3813.5127473,1,VSM.PageCull,66304,2
111,13553,3813.5127473,1,VSM.StaticRaster,7168,1
111,13553,3813.5127473,1,VSM.FinalizePages,2560,1
111,13553,3813.5127473,1,VSM.DynamicRaster,62464,1
111,13553,3813.5127473,1,VSM.UnityCompatibilityRaster,0,0
111,13553,3813.5127473,1,VSM.Resolve,10688000,1
111,13553,3813.5127473,1,VSM.ResolveTrace,10465536,1
111,13553,3813.5127473,1,VSM.FilterHorizontal,65792,1
111,13553,3813.5127473,1,VSM.FilterVertical,0,0
111,13553,3813.5127473,1,VSM.FilterTemporalVertical,155392,1
112,13554,3813.5392437,1,VSM.LayoutRemap,0,1
112,13554,3813.5392437,1,VSM.ResetFeedback,0,1
112,13554,3813.5392437,1,VSM.MarkReceiverPages,650752,1
112,13554,3813.5392437,1,VSM.Allocate,232704,1
112,13554,3813.5392437,1,VSM.InvalidateStatic,0,0
112,13554,3813.5392437,1,VSM.ClearPhysicalPages,454912,1
112,13554,3813.5392437,1,VSM.StaticCasterCull,67328,1
112,13554,3813.5392437,1,VSM.DynamicCasterCull,34560,1
112,13554,3813.5392437,1,VSM.PageCull,67584,2
112,13554,3813.5392437,1,VSM.StaticRaster,7168,1
112,13554,3813.5392437,1,VSM.FinalizePages,2304,1
112,13554,3813.5392437,1,VSM.DynamicRaster,61696,1
112,13554,3813.5392437,1,VSM.UnityCompatibilityRaster,0,0
112,13554,3813.5392437,1,VSM.Resolve,11702784,1
112,13554,3813.5392437,1,VSM.ResolveTrace,11477248,1
112,13554,3813.5392437,1,VSM.FilterHorizontal,67328,1
112,13554,3813.5392437,1,VSM.FilterVertical,0,0
112,13554,3813.5392437,1,VSM.FilterTemporalVertical,157184,1
113,13555,3813.5666827,1,VSM.LayoutRemap,0,1
113,13555,3813.5666827,1,VSM.ResetFeedback,0,1
113,13555,3813.5666827,1,VSM.MarkReceiverPages,652032,1
113,13555,3813.5666827,1,VSM.Allocate,231424,1
113,13555,3813.5666827,1,VSM.InvalidateStatic,0,0
113,13555,3813.5666827,1,VSM.ClearPhysicalPages,89600,1
113,13555,3813.5666827,1,VSM.StaticCasterCull,67840,1
113,13555,3813.5666827,1,VSM.DynamicCasterCull,34048,1
113,13555,3813.5666827,1,VSM.PageCull,69120,2
113,13555,3813.5666827,1,VSM.StaticRaster,7424,1
113,13555,3813.5666827,1,VSM.FinalizePages,2304,1
113,13555,3813.5666827,1,VSM.DynamicRaster,62976,1
113,13555,3813.5666827,1,VSM.UnityCompatibilityRaster,0,0
113,13555,3813.5666827,1,VSM.Resolve,10792192,1
113,13555,3813.5666827,1,VSM.ResolveTrace,10566912,1
113,13555,3813.5666827,1,VSM.FilterHorizontal,67840,1
113,13555,3813.5666827,1,VSM.FilterVertical,0,0
113,13555,3813.5666827,1,VSM.FilterTemporalVertical,155904,1
114,13556,3813.5930396,1,VSM.LayoutRemap,0,1
114,13556,3813.5930396,1,VSM.ResetFeedback,0,1
114,13556,3813.5930396,1,VSM.MarkReceiverPages,650240,1
114,13556,3813.5930396,1,VSM.Allocate,230144,1
114,13556,3813.5930396,1,VSM.InvalidateStatic,0,0
114,13556,3813.5930396,1,VSM.ClearPhysicalPages,460800,1
114,13556,3813.5930396,1,VSM.StaticCasterCull,67328,1
114,13556,3813.5930396,1,VSM.DynamicCasterCull,34048,1
114,13556,3813.5930396,1,VSM.PageCull,67072,2
114,13556,3813.5930396,1,VSM.StaticRaster,7424,1
114,13556,3813.5930396,1,VSM.FinalizePages,2304,1
114,13556,3813.5930396,1,VSM.DynamicRaster,62464,1
114,13556,3813.5930396,1,VSM.UnityCompatibilityRaster,0,0
114,13556,3813.5930396,1,VSM.Resolve,11957248,1
114,13556,3813.5930396,1,VSM.ResolveTrace,11731200,1
114,13556,3813.5930396,1,VSM.FilterHorizontal,67328,1
114,13556,3813.5930396,1,VSM.FilterVertical,0,0
114,13556,3813.5930396,1,VSM.FilterTemporalVertical,157440,1
115,13557,3813.6191206,1,VSM.LayoutRemap,0,1
115,13557,3813.6191206,1,VSM.ResetFeedback,0,1
115,13557,3813.6191206,1,VSM.MarkReceiverPages,649216,1
115,13557,3813.6191206,1,VSM.Allocate,231680,1
115,13557,3813.6191206,1,VSM.InvalidateStatic,0,0
115,13557,3813.6191206,1,VSM.ClearPhysicalPages,89856,1
115,13557,3813.6191206,1,VSM.StaticCasterCull,333056,1
115,13557,3813.6191206,1,VSM.DynamicCasterCull,34560,1
115,13557,3813.6191206,1,VSM.PageCull,57344,2
115,13557,3813.6191206,1,VSM.StaticRaster,20480,1
115,13557,3813.6191206,1,VSM.FinalizePages,2048,1
115,13557,3813.6191206,1,VSM.DynamicRaster,45056,1
115,13557,3813.6191206,1,VSM.UnityCompatibilityRaster,0,0
115,13557,3813.6191206,1,VSM.Resolve,11960576,1
115,13557,3813.6191206,1,VSM.ResolveTrace,11737088,1
115,13557,3813.6191206,1,VSM.FilterHorizontal,66560,1
115,13557,3813.6191206,1,VSM.FilterVertical,0,0
115,13557,3813.6191206,1,VSM.FilterTemporalVertical,155904,1
116,13558,3813.6513695999997,1,VSM.LayoutRemap,0,1
116,13558,3813.6513695999997,1,VSM.ResetFeedback,0,1
116,13558,3813.6513695999997,1,VSM.MarkReceiverPages,670976,1
116,13558,3813.6513695999997,1,VSM.Allocate,232448,1
116,13558,3813.6513695999997,1,VSM.InvalidateStatic,0,0
116,13558,3813.6513695999997,1,VSM.ClearPhysicalPages,90624,1
116,13558,3813.6513695999997,1,VSM.StaticCasterCull,67072,1
116,13558,3813.6513695999997,1,VSM.DynamicCasterCull,33792,1
116,13558,3813.6513695999997,1,VSM.PageCull,67328,2
116,13558,3813.6513695999997,1,VSM.StaticRaster,6912,1
116,13558,3813.6513695999997,1,VSM.FinalizePages,2048,1
116,13558,3813.6513695999997,1,VSM.DynamicRaster,44544,1
116,13558,3813.6513695999997,1,VSM.UnityCompatibilityRaster,0,0
116,13558,3813.6513695999997,1,VSM.Resolve,11421440,1
116,13558,3813.6513695999997,1,VSM.ResolveTrace,11188992,1
116,13558,3813.6513695999997,1,VSM.FilterHorizontal,65280,1
116,13558,3813.6513695999997,1,VSM.FilterVertical,0,0
116,13558,3813.6513695999997,1,VSM.FilterTemporalVertical,165888,1
117,13559,3813.676899,1,VSM.LayoutRemap,0,1
117,13559,3813.676899,1,VSM.ResetFeedback,0,1
117,13559,3813.676899,1,VSM.MarkReceiverPages,652288,1
117,13559,3813.676899,1,VSM.Allocate,234752,1
117,13559,3813.676899,1,VSM.InvalidateStatic,0,0
117,13559,3813.676899,1,VSM.ClearPhysicalPages,90880,1
117,13559,3813.676899,1,VSM.StaticCasterCull,64512,1
117,13559,3813.676899,1,VSM.DynamicCasterCull,35072,1
117,13559,3813.676899,1,VSM.PageCull,66048,2
117,13559,3813.676899,1,VSM.StaticRaster,7168,1
117,13559,3813.676899,1,VSM.FinalizePages,2304,1
117,13559,3813.676899,1,VSM.DynamicRaster,44288,1
117,13559,3813.676899,1,VSM.UnityCompatibilityRaster,0,0
117,13559,3813.676899,1,VSM.Resolve,11118080,1
117,13559,3813.676899,1,VSM.ResolveTrace,10892032,1
117,13559,3813.676899,1,VSM.FilterHorizontal,67840,1
117,13559,3813.676899,1,VSM.FilterVertical,0,0
117,13559,3813.676899,1,VSM.FilterTemporalVertical,157184,1
118,13560,3813.7021737,1,VSM.LayoutRemap,0,1
118,13560,3813.7021737,1,VSM.ResetFeedback,0,1
118,13560,3813.7021737,1,VSM.MarkReceiverPages,653824,1
118,13560,3813.7021737,1,VSM.Allocate,229376,1
118,13560,3813.7021737,1,VSM.InvalidateStatic,0,0
118,13560,3813.7021737,1,VSM.ClearPhysicalPages,89856,1
118,13560,3813.7021737,1,VSM.StaticCasterCull,68096,1
118,13560,3813.7021737,1,VSM.DynamicCasterCull,34816,1
118,13560,3813.7021737,1,VSM.PageCull,70656,2
118,13560,3813.7021737,1,VSM.StaticRaster,6912,1
118,13560,3813.7021737,1,VSM.FinalizePages,2304,1
118,13560,3813.7021737,1,VSM.DynamicRaster,44288,1
118,13560,3813.7021737,1,VSM.UnityCompatibilityRaster,0,0
118,13560,3813.7021737,1,VSM.Resolve,12154112,1
118,13560,3813.7021737,1,VSM.ResolveTrace,11925248,1
118,13560,3813.7021737,1,VSM.FilterHorizontal,67584,1
118,13560,3813.7021737,1,VSM.FilterVertical,0,0
118,13560,3813.7021737,1,VSM.FilterTemporalVertical,160000,1
119,13561,3813.7271788999997,1,VSM.LayoutRemap,0,1
119,13561,3813.7271788999997,1,VSM.ResetFeedback,0,1
119,13561,3813.7271788999997,1,VSM.MarkReceiverPages,649472,1
119,13561,3813.7271788999997,1,VSM.Allocate,230400,1
119,13561,3813.7271788999997,1,VSM.InvalidateStatic,0,0
119,13561,3813.7271788999997,1,VSM.ClearPhysicalPages,89856,1
119,13561,3813.7271788999997,1,VSM.StaticCasterCull,68096,1
119,13561,3813.7271788999997,1,VSM.DynamicCasterCull,36096,1
119,13561,3813.7271788999997,1,VSM.PageCull,71424,2
119,13561,3813.7271788999997,1,VSM.StaticRaster,7680,1
119,13561,3813.7271788999997,1,VSM.FinalizePages,2048,1
119,13561,3813.7271788999997,1,VSM.DynamicRaster,50944,1
119,13561,3813.7271788999997,1,VSM.UnityCompatibilityRaster,0,0
119,13561,3813.7271788999997,1,VSM.Resolve,10333440,1
119,13561,3813.7271788999997,1,VSM.ResolveTrace,10111744,1
119,13561,3813.7271788999997,1,VSM.FilterHorizontal,65536,1
119,13561,3813.7271788999997,1,VSM.FilterVertical,0,0
119,13561,3813.7271788999997,1,VSM.FilterTemporalVertical,154880,1
120,13562,3813.7526069,1,VSM.LayoutRemap,0,1
120,13562,3813.7526069,1,VSM.ResetFeedback,0,1
120,13562,3813.7526069,1,VSM.MarkReceiverPages,866816,1
120,13562,3813.7526069,1,VSM.Allocate,231936,1
120,13562,3813.7526069,1,VSM.InvalidateStatic,0,0
120,13562,3813.7526069,1,VSM.ClearPhysicalPages,90368,1
120,13562,3813.7526069,1,VSM.StaticCasterCull,60416,1
120,13562,3813.7526069,1,VSM.DynamicCasterCull,33024,1
120,13562,3813.7526069,1,VSM.PageCull,60416,2
120,13562,3813.7526069,1,VSM.StaticRaster,7424,1
120,13562,3813.7526069,1,VSM.FinalizePages,2304,1
120,13562,3813.7526069,1,VSM.DynamicRaster,50944,1
120,13562,3813.7526069,1,VSM.UnityCompatibilityRaster,0,0
120,13562,3813.7526069,1,VSM.Resolve,11427328,1
120,13562,3813.7526069,1,VSM.ResolveTrace,10855936,1
120,13562,3813.7526069,1,VSM.FilterHorizontal,68096,1
120,13562,3813.7526069,1,VSM.FilterVertical,0,0
120,13562,3813.7526069,1,VSM.FilterTemporalVertical,157952,1
121,13563,3813.7780694,1,VSM.LayoutRemap,0,1
121,13563,3813.7780694,1,VSM.ResetFeedback,0,1
121,13563,3813.7780694,1,VSM.MarkReceiverPages,654848,1
121,13563,3813.7780694,1,VSM.Allocate,239104,1
121,13563,3813.7780694,1,VSM.InvalidateStatic,0,0
121,13563,3813.7780694,1,VSM.ClearPhysicalPages,448768,1
121,13563,3813.7780694,1,VSM.StaticCasterCull,67072,1
121,13563,3813.7780694,1,VSM.DynamicCasterCull,35328,1
121,13563,3813.7780694,1,VSM.PageCull,68864,2
121,13563,3813.7780694,1,VSM.StaticRaster,7424,1
121,13563,3813.7780694,1,VSM.FinalizePages,2304,1
121,13563,3813.7780694,1,VSM.DynamicRaster,61952,1
121,13563,3813.7780694,1,VSM.UnityCompatibilityRaster,0,0
121,13563,3813.7780694,1,VSM.Resolve,11184896,1
121,13563,3813.7780694,1,VSM.ResolveTrace,10956544,1
121,13563,3813.7780694,1,VSM.FilterHorizontal,68608,1
121,13563,3813.7780694,1,VSM.FilterVertical,0,0
121,13563,3813.7780694,1,VSM.FilterTemporalVertical,158464,1
122,13564,3813.8021716,1,VSM.LayoutRemap,0,1
122,13564,3813.8021716,1,VSM.ResetFeedback,0,1
122,13564,3813.8021716,1,VSM.MarkReceiverPages,652032,1
122,13564,3813.8021716,1,VSM.Allocate,232960,1
122,13564,3813.8021716,1,VSM.InvalidateStatic,0,0
122,13564,3813.8021716,1,VSM.ClearPhysicalPages,90368,1
122,13564,3813.8021716,1,VSM.StaticCasterCull,60416,1
122,13564,3813.8021716,1,VSM.DynamicCasterCull,34816,1
122,13564,3813.8021716,1,VSM.PageCull,62976,2
122,13564,3813.8021716,1,VSM.StaticRaster,6912,1
122,13564,3813.8021716,1,VSM.FinalizePages,2048,1
122,13564,3813.8021716,1,VSM.DynamicRaster,62464,1
122,13564,3813.8021716,1,VSM.UnityCompatibilityRaster,0,0
122,13564,3813.8021716,1,VSM.Resolve,10456320,1
122,13564,3813.8021716,1,VSM.ResolveTrace,10232064,1
122,13564,3813.8021716,1,VSM.FilterHorizontal,67072,1
122,13564,3813.8021716,1,VSM.FilterVertical,0,0
122,13564,3813.8021716,1,VSM.FilterTemporalVertical,156160,1
123,13565,3813.8259101,1,VSM.LayoutRemap,0,1
123,13565,3813.8259101,1,VSM.ResetFeedback,0,1
123,13565,3813.8259101,1,VSM.MarkReceiverPages,652288,1
123,13565,3813.8259101,1,VSM.Allocate,233472,1
123,13565,3813.8259101,1,VSM.InvalidateStatic,0,0
123,13565,3813.8259101,1,VSM.ClearPhysicalPages,480000,1
123,13565,3813.8259101,1,VSM.StaticCasterCull,63232,1
123,13565,3813.8259101,1,VSM.DynamicCasterCull,33792,1
123,13565,3813.8259101,1,VSM.PageCull,63232,2
123,13565,3813.8259101,1,VSM.StaticRaster,6912,1
123,13565,3813.8259101,1,VSM.FinalizePages,2304,1
123,13565,3813.8259101,1,VSM.DynamicRaster,62208,1
123,13565,3813.8259101,1,VSM.UnityCompatibilityRaster,0,0
123,13565,3813.8259101,1,VSM.Resolve,11405056,1
123,13565,3813.8259101,1,VSM.ResolveTrace,10984704,1
123,13565,3813.8259101,1,VSM.FilterHorizontal,67584,1
123,13565,3813.8259101,1,VSM.FilterVertical,0,0
123,13565,3813.8259101,1,VSM.FilterTemporalVertical,156672,1
124,13566,3813.848962,1,VSM.LayoutRemap,0,1
124,13566,3813.848962,1,VSM.ResetFeedback,0,1
124,13566,3813.848962,1,VSM.MarkReceiverPages,650752,1
124,13566,3813.848962,1,VSM.Allocate,242176,1
124,13566,3813.848962,1,VSM.InvalidateStatic,0,0
124,13566,3813.848962,1,VSM.ClearPhysicalPages,90112,1
124,13566,3813.848962,1,VSM.StaticCasterCull,61184,1
124,13566,3813.848962,1,VSM.DynamicCasterCull,33536,1
124,13566,3813.848962,1,VSM.PageCull,61952,2
124,13566,3813.848962,1,VSM.StaticRaster,6912,1
124,13566,3813.848962,1,VSM.FinalizePages,2048,1
124,13566,3813.848962,1,VSM.DynamicRaster,62720,1
124,13566,3813.848962,1,VSM.UnityCompatibilityRaster,0,0
124,13566,3813.848962,1,VSM.Resolve,10402560,1
124,13566,3813.848962,1,VSM.ResolveTrace,10178560,1
124,13566,3813.848962,1,VSM.FilterHorizontal,66816,1
124,13566,3813.848962,1,VSM.FilterVertical,0,0
124,13566,3813.848962,1,VSM.FilterTemporalVertical,155904,1
125,13567,3813.8738548,1,VSM.LayoutRemap,0,1
125,13567,3813.8738548,1,VSM.ResetFeedback,0,1
125,13567,3813.8738548,1,VSM.MarkReceiverPages,839680,1
125,13567,3813.8738548,1,VSM.Allocate,230656,1
125,13567,3813.8738548,1,VSM.InvalidateStatic,0,0
125,13567,3813.8738548,1,VSM.ClearPhysicalPages,89600,1
125,13567,3813.8738548,1,VSM.StaticCasterCull,68352,1
125,13567,3813.8738548,1,VSM.DynamicCasterCull,36864,1
125,13567,3813.8738548,1,VSM.PageCull,71680,2
125,13567,3813.8738548,1,VSM.StaticRaster,6912,1
125,13567,3813.8738548,1,VSM.FinalizePages,2048,1
125,13567,3813.8738548,1,VSM.DynamicRaster,61696,1
125,13567,3813.8738548,1,VSM.UnityCompatibilityRaster,0,0
125,13567,3813.8738548,1,VSM.Resolve,9417984,1
125,13567,3813.8738548,1,VSM.ResolveTrace,9195008,1
125,13567,3813.8738548,1,VSM.FilterHorizontal,65536,1
125,13567,3813.8738548,1,VSM.FilterVertical,0,0
125,13567,3813.8738548,1,VSM.FilterTemporalVertical,156160,1
126,13568,3813.8980558,1,VSM.LayoutRemap,0,1
126,13568,3813.8980558,1,VSM.ResetFeedback,0,1
126,13568,3813.8980558,1,VSM.MarkReceiverPages,646656,1
126,13568,3813.8980558,1,VSM.Allocate,232448,1
126,13568,3813.8980558,1,VSM.InvalidateStatic,0,0
126,13568,3813.8980558,1,VSM.ClearPhysicalPages,449792,1
126,13568,3813.8980558,1,VSM.StaticCasterCull,68096,1
126,13568,3813.8980558,1,VSM.DynamicCasterCull,34304,1
126,13568,3813.8980558,1,VSM.PageCull,67584,2
126,13568,3813.8980558,1,VSM.StaticRaster,9984,1
126,13568,3813.8980558,1,VSM.FinalizePages,2304,1
126,13568,3813.8980558,1,VSM.DynamicRaster,62720,1
126,13568,3813.8980558,1,VSM.UnityCompatibilityRaster,0,0
126,13568,3813.8980558,1,VSM.Resolve,10455296,1
126,13568,3813.8980558,1,VSM.ResolveTrace,10233344,1
126,13568,3813.8980558,1,VSM.FilterHorizontal,64768,1
126,13568,3813.8980558,1,VSM.FilterVertical,0,0
126,13568,3813.8980558,1,VSM.FilterTemporalVertical,155904,1
127,13569,3813.9223348,1,VSM.LayoutRemap,0,1
127,13569,3813.9223348,1,VSM.ResetFeedback,0,1
127,13569,3813.9223348,1,VSM.MarkReceiverPages,644352,1
127,13569,3813.9223348,1,VSM.Allocate,229376,1
127,13569,3813.9223348,1,VSM.InvalidateStatic,0,0
127,13569,3813.9223348,1,VSM.ClearPhysicalPages,89344,1
127,13569,3813.9223348,1,VSM.StaticCasterCull,66048,1
127,13569,3813.9223348,1,VSM.DynamicCasterCull,34560,1
127,13569,3813.9223348,1,VSM.PageCull,67584,2
127,13569,3813.9223348,1,VSM.StaticRaster,3584,1
127,13569,3813.9223348,1,VSM.FinalizePages,2304,1
127,13569,3813.9223348,1,VSM.DynamicRaster,62976,1
127,13569,3813.9223348,1,VSM.UnityCompatibilityRaster,0,0
127,13569,3813.9223348,1,VSM.Resolve,10961408,1
127,13569,3813.9223348,1,VSM.ResolveTrace,10737664,1
127,13569,3813.9223348,1,VSM.FilterHorizontal,65792,1
127,13569,3813.9223348,1,VSM.FilterVertical,0,0
127,13569,3813.9223348,1,VSM.FilterTemporalVertical,156672,1
